# Blender 5.0.1
# www.blender.org
mtllib TD_Player.mtl
o 球.001
v 0.000000 1.000000 0.000000
v 0.000000 0.831470 -0.555570
v 0.000000 0.555570 -0.831470
v 0.000000 0.195090 -0.980785
v 0.000000 0.000000 -1.000000
v 0.000000 -0.195090 -0.980785
v 0.000000 -0.555570 -0.831470
v 0.000000 -1.000000 0.000000
v 0.038060 0.980785 -0.191342
v 0.074658 0.923880 -0.375330
v 0.108386 0.831470 -0.544895
v 0.137950 0.707107 -0.693520
v 0.162212 0.555570 -0.815493
v 0.180240 0.382683 -0.906127
v 0.191342 0.195090 -0.961940
v 0.195090 0.000000 -0.980785
v 0.191342 -0.195090 -0.961940
v 0.180240 -0.382683 -0.906127
v 0.162212 -0.555570 -0.815493
v 0.137950 -0.707107 -0.693520
v 0.108386 -0.831470 -0.544895
v 0.074658 -0.923880 -0.375330
v 0.038060 -0.980785 -0.191342
v 0.074658 0.980785 -0.180240
v 0.146447 0.923880 -0.353553
v 0.212608 0.831470 -0.513280
v 0.270598 0.707107 -0.653281
v 0.318190 0.555570 -0.768178
v 0.353553 0.382683 -0.853553
v 0.375330 0.195090 -0.906127
v 0.382683 0.000000 -0.923879
v 0.375330 -0.195090 -0.906127
v 0.353553 -0.382683 -0.853553
v 0.318190 -0.555570 -0.768178
v 0.270598 -0.707107 -0.653281
v 0.212608 -0.831470 -0.513280
v 0.146447 -0.923880 -0.353553
v 0.074658 -0.980785 -0.180240
v 0.108386 0.980785 -0.162212
v 0.212608 0.923880 -0.318190
v 0.308658 0.831470 -0.461940
v 0.392847 0.707107 -0.587938
v 0.461940 0.555570 -0.691342
v 0.513280 0.382683 -0.768178
v 0.544895 0.195090 -0.815493
v 0.555570 0.000000 -0.831469
v 0.544895 -0.195090 -0.815493
v 0.513280 -0.382683 -0.768178
v 0.461940 -0.555570 -0.691342
v 0.392847 -0.707107 -0.587938
v 0.308658 -0.831470 -0.461940
v 0.212608 -0.923880 -0.318190
v 0.108386 -0.980785 -0.162212
v 0.137950 0.980785 -0.137950
v 0.270598 0.923880 -0.270598
v 0.392847 0.831470 -0.392847
v 0.500000 0.707107 -0.500000
v 0.587938 0.555570 -0.587938
v 0.653281 0.382683 -0.653281
v 0.693520 0.195090 -0.693520
v 0.707107 0.000000 -0.707107
v 0.693520 -0.195090 -0.693520
v 0.653281 -0.382683 -0.653281
v 0.587938 -0.555570 -0.587938
v 0.500000 -0.707107 -0.500000
v 0.392847 -0.831470 -0.392847
v 0.270598 -0.923880 -0.270598
v 0.137950 -0.980785 -0.137950
v 0.162212 0.980785 -0.108386
v 0.318190 0.923880 -0.212608
v 0.461940 0.831470 -0.308658
v 0.587938 0.707107 -0.392847
v 0.691342 0.555570 -0.461940
v 0.768178 0.382683 -0.513280
v 0.815493 0.195090 -0.544895
v 0.831470 0.000000 -0.555570
v 0.815493 -0.195090 -0.544895
v 0.768178 -0.382683 -0.513280
v 0.691342 -0.555570 -0.461940
v 0.587938 -0.707107 -0.392847
v 0.461940 -0.831470 -0.308658
v 0.318190 -0.923880 -0.212608
v 0.162212 -0.980785 -0.108386
v 0.180240 0.980785 -0.074658
v 0.353553 0.923880 -0.146447
v 0.513280 0.831470 -0.212607
v 0.653281 0.707107 -0.270598
v 0.768178 0.555570 -0.318190
v 0.853553 0.382683 -0.353553
v 0.906127 0.195090 -0.375330
v 0.923879 0.000000 -0.382683
v 0.906127 -0.195090 -0.375330
v 0.853553 -0.382683 -0.353553
v 0.768178 -0.555570 -0.318190
v 0.653281 -0.707107 -0.270598
v 0.513280 -0.831470 -0.212607
v 0.353553 -0.923880 -0.146447
v 0.180240 -0.980785 -0.074658
v 0.191342 0.980785 -0.038060
v 0.375330 0.923880 -0.074658
v 0.544895 0.831470 -0.108386
v 0.693520 0.707107 -0.137950
v 0.815493 0.555570 -0.162212
v 0.906127 0.382683 -0.180240
v 0.961940 0.195090 -0.191342
v 0.980785 0.000000 -0.195090
v 0.961940 -0.195090 -0.191342
v 0.906127 -0.382683 -0.180240
v 0.815493 -0.555570 -0.162212
v 0.693520 -0.707107 -0.137950
v 0.544895 -0.831470 -0.108386
v 0.375330 -0.923880 -0.074658
v 0.191342 -0.980785 -0.038060
v 0.195090 0.980785 0.000000
v 0.382683 0.923880 0.000000
v 0.555570 0.831470 0.000000
v 0.707107 0.707107 -0.000000
v 0.831469 0.555570 0.000000
v 0.923879 0.382683 -0.000000
v 0.980785 0.195090 0.000000
v 1.000000 0.000000 0.000000
v 0.980785 -0.195090 0.000000
v 0.923879 -0.382683 -0.000000
v 0.831469 -0.555570 0.000000
v 0.707107 -0.707107 -0.000000
v 0.555570 -0.831470 0.000000
v 0.382683 -0.923880 0.000000
v 0.195090 -0.980785 0.000000
v 0.191342 0.980785 0.038060
v 0.375330 0.923880 0.074658
v 0.544895 0.831470 0.108386
v 0.693520 0.707107 0.137950
v 0.815493 0.555570 0.162212
v 0.906127 0.382683 0.180240
v 0.961940 0.195090 0.191342
v 0.980785 0.000000 0.195090
v 0.961940 -0.195090 0.191342
v 0.906127 -0.382683 0.180240
v 0.815493 -0.555570 0.162212
v 0.693520 -0.707107 0.137950
v 0.544895 -0.831470 0.108386
v 0.375330 -0.923880 0.074658
v 0.191342 -0.980785 0.038060
v 0.180240 0.980785 0.074658
v 0.353553 0.923880 0.146447
v 0.513280 0.831470 0.212608
v 0.653281 0.707107 0.270598
v 0.768178 0.555570 0.318190
v 0.853553 0.382683 0.353553
v 0.906127 0.195090 0.375330
v 0.923879 0.000000 0.382683
v 0.906127 -0.195090 0.375330
v 0.853553 -0.382683 0.353553
v 0.768178 -0.555570 0.318190
v 0.653281 -0.707107 0.270598
v 0.513280 -0.831470 0.212608
v 0.353553 -0.923880 0.146447
v 0.180240 -0.980785 0.074658
v 0.162212 0.980785 0.108386
v 0.318190 0.923880 0.212608
v 0.461940 0.831470 0.308658
v 0.587938 0.707107 0.392847
v 0.691341 0.555570 0.461940
v 0.768178 0.382683 0.513280
v 0.815493 0.195090 0.544895
v 0.831469 0.000000 0.555570
v 0.815493 -0.195090 0.544895
v 0.768178 -0.382683 0.513280
v 0.691341 -0.555570 0.461940
v 0.587938 -0.707107 0.392847
v 0.461940 -0.831470 0.308658
v 0.318190 -0.923880 0.212608
v 0.162212 -0.980785 0.108386
v 0.137950 0.980785 0.137950
v 0.270598 0.923880 0.270598
v 0.392847 0.831470 0.392847
v 0.500000 0.707107 0.500000
v 0.587938 0.555570 0.587938
v 0.653281 0.382683 0.653281
v 0.693520 0.195090 0.693520
v 0.707106 0.000000 0.707107
v 0.693520 -0.195090 0.693520
v 0.653281 -0.382683 0.653281
v 0.587938 -0.555570 0.587938
v 0.500000 -0.707107 0.500000
v 0.392847 -0.831470 0.392847
v 0.270598 -0.923880 0.270598
v 0.137950 -0.980785 0.137950
v 0.108386 0.980785 0.162212
v 0.212607 0.923880 0.318190
v 0.308658 0.831470 0.461940
v 0.392847 0.707107 0.587938
v 0.461940 0.555570 0.691342
v 0.513280 0.382683 0.768178
v 0.544895 0.195090 0.815493
v 0.555570 0.000000 0.831469
v 0.544895 -0.195090 0.815493
v 0.513280 -0.382683 0.768178
v 0.461940 -0.555570 0.691342
v 0.392847 -0.707107 0.587938
v 0.308658 -0.831470 0.461940
v 0.212607 -0.923880 0.318190
v 0.108386 -0.980785 0.162212
v 0.074658 0.980785 0.180240
v 0.146447 0.923880 0.353553
v 0.212607 0.831470 0.513280
v 0.270598 0.707107 0.653281
v 0.318189 0.555570 0.768178
v 0.353553 0.382683 0.853553
v 0.375330 0.195090 0.906127
v 0.382683 0.000000 0.923879
v 0.375330 -0.195090 0.906127
v 0.353553 -0.382683 0.853553
v 0.318189 -0.555570 0.768178
v 0.270598 -0.707107 0.653281
v 0.212607 -0.831470 0.513280
v 0.146447 -0.923880 0.353553
v 0.074658 -0.980785 0.180240
v 0.038060 0.980785 0.191342
v 0.074658 0.923880 0.375330
v 0.108386 0.831470 0.544895
v 0.137950 0.707107 0.693520
v 0.162212 0.555570 0.815493
v 0.180240 0.382683 0.906127
v 0.191342 0.195090 0.961939
v 0.195090 0.000000 0.980785
v 0.191342 -0.195090 0.961939
v 0.180240 -0.382683 0.906127
v 0.162212 -0.555570 0.815493
v 0.137950 -0.707107 0.693520
v 0.108386 -0.831470 0.544895
v 0.074658 -0.923880 0.375330
v 0.038060 -0.980785 0.191342
v -0.000000 0.980785 0.195090
v -0.000000 0.923880 0.382683
v -0.000000 0.831470 0.555570
v -0.000000 0.707107 0.707107
v -0.000000 0.555570 0.831469
v 0.000000 0.382683 0.923879
v -0.000000 0.195090 0.980785
v -0.000000 0.000000 0.999999
v -0.000000 -0.195090 0.980785
v 0.000000 -0.382683 0.923879
v -0.000000 -0.555570 0.831469
v -0.000000 -0.707107 0.707107
v -0.000000 -0.831470 0.555570
v -0.000000 -0.923880 0.382683
v -0.000000 -0.980785 0.195090
v -0.038060 0.980785 0.191342
v -0.074658 0.923880 0.375330
v -0.108386 0.831470 0.544895
v -0.137950 0.707107 0.693520
v -0.162212 0.555570 0.815493
v -0.180240 0.382683 0.906127
v -0.191342 0.195090 0.961939
v -0.195091 0.000000 0.980785
v -0.191342 -0.195090 0.961939
v -0.180240 -0.382683 0.906127
v -0.162212 -0.555570 0.815493
v -0.137950 -0.707107 0.693520
v -0.108386 -0.831470 0.544895
v -0.074658 -0.923880 0.375330
v -0.038060 -0.980785 0.191342
v -0.074658 0.980785 0.180240
v -0.146447 0.923880 0.353553
v -0.212608 0.831470 0.513280
v -0.270598 0.707107 0.653281
v -0.318190 0.555570 0.768177
v -0.353553 0.382683 0.853553
v -0.375330 0.195090 0.906127
v -0.382683 0.000000 0.923879
v -0.375330 -0.195090 0.906127
v -0.353553 -0.382683 0.853553
v -0.318190 -0.555570 0.768177
v -0.270598 -0.707107 0.653281
v -0.212608 -0.831470 0.513280
v -0.146447 -0.923880 0.353553
v -0.074658 -0.980785 0.180240
v -0.108386 0.980785 0.162212
v -0.212608 0.923880 0.318190
v -0.308658 0.831470 0.461939
v -0.392847 0.707107 0.587938
v -0.461940 0.555570 0.691341
v -0.513280 0.382683 0.768178
v -0.544895 0.195090 0.815493
v -0.555570 0.000000 0.831469
v -0.544895 -0.195090 0.815493
v -0.513280 -0.382683 0.768178
v -0.461940 -0.555570 0.691341
v -0.392847 -0.707107 0.587938
v -0.308658 -0.831470 0.461939
v -0.212608 -0.923880 0.318190
v -0.108386 -0.980785 0.162212
v -0.137950 0.980785 0.137950
v -0.270598 0.923880 0.270598
v -0.392847 0.831470 0.392847
v -0.500000 0.707107 0.500000
v -0.587938 0.555570 0.587937
v -0.653281 0.382683 0.653281
v -0.693520 0.195090 0.693520
v -0.707106 0.000000 0.707106
v -0.693520 -0.195090 0.693520
v -0.653281 -0.382683 0.653281
v -0.587938 -0.555570 0.587937
v -0.500000 -0.707107 0.500000
v -0.392847 -0.831470 0.392847
v -0.270598 -0.923880 0.270598
v -0.137950 -0.980785 0.137950
v -0.162212 0.980785 0.108386
v -0.318190 0.923880 0.212607
v -0.461940 0.831470 0.308658
v -0.587938 0.707107 0.392847
v -0.691341 0.555570 0.461939
v -0.768177 0.382683 0.513280
v -0.815493 0.195090 0.544895
v -0.831469 0.000000 0.555569
v -0.815493 -0.195090 0.544895
v -0.768177 -0.382683 0.513280
v -0.691341 -0.555570 0.461939
v -0.587938 -0.707107 0.392847
v -0.461940 -0.831470 0.308658
v -0.318190 -0.923880 0.212607
v -0.162212 -0.980785 0.108386
v -0.180240 0.980785 0.074658
v -0.353553 0.923880 0.146447
v -0.513280 0.831470 0.212607
v -0.653281 0.707107 0.270598
v -0.768177 0.555570 0.318189
v -0.853553 0.382683 0.353553
v -0.906127 0.195090 0.375330
v -0.923879 0.000000 0.382683
v -0.906127 -0.195090 0.375330
v -0.853553 -0.382683 0.353553
v -0.768177 -0.555570 0.318189
v -0.653281 -0.707107 0.270598
v -0.513280 -0.831470 0.212607
v -0.353553 -0.923880 0.146447
v -0.180240 -0.980785 0.074658
v -0.191342 0.980785 0.038060
v -0.375330 0.923880 0.074658
v -0.544895 0.831470 0.108386
v -0.693520 0.707107 0.137950
v -0.815493 0.555570 0.162211
v -0.906127 0.382683 0.180240
v -0.961939 0.195090 0.191341
v -0.980784 0.000000 0.195090
v -0.961939 -0.195090 0.191341
v -0.906127 -0.382683 0.180240
v -0.815493 -0.555570 0.162211
v -0.693520 -0.707107 0.137950
v -0.544895 -0.831470 0.108386
v -0.375330 -0.923880 0.074658
v -0.191342 -0.980785 0.038060
v -0.195090 0.980785 -0.000000
v -0.382683 0.923880 -0.000000
v -0.555570 0.831470 -0.000000
v -0.707107 0.707107 -0.000000
v -0.831469 0.555570 -0.000000
v -0.923879 0.382683 -0.000000
v -0.980785 0.195090 -0.000000
v -0.999999 0.000000 -0.000000
v -0.980785 -0.195090 -0.000000
v -0.923879 -0.382683 -0.000000
v -0.831469 -0.555570 -0.000000
v -0.707107 -0.707107 -0.000000
v -0.555570 -0.831470 -0.000000
v -0.382683 -0.923880 -0.000000
v -0.195090 -0.980785 -0.000000
v -0.191342 0.980785 -0.038060
v -0.375330 0.923880 -0.074658
v -0.544895 0.831470 -0.108386
v -0.693520 0.707107 -0.137950
v -0.815493 0.555570 -0.162212
v -0.906127 0.382683 -0.180240
v -0.961939 0.195090 -0.191342
v -0.980784 0.000000 -0.195091
v -0.961939 -0.195090 -0.191342
v -0.906127 -0.382683 -0.180240
v -0.815493 -0.555570 -0.162212
v -0.693520 -0.707107 -0.137950
v -0.544895 -0.831470 -0.108386
v -0.375330 -0.923880 -0.074658
v -0.191342 -0.980785 -0.038060
v -0.180240 0.980785 -0.074658
v -0.353553 0.923880 -0.146447
v -0.513279 0.831470 -0.212607
v -0.653281 0.707107 -0.270598
v -0.768177 0.555570 -0.318190
v -0.853553 0.382683 -0.353553
v -0.906127 0.195090 -0.375330
v -0.923878 0.000000 -0.382683
v -0.906127 -0.195090 -0.375330
v -0.853553 -0.382683 -0.353553
v -0.768177 -0.555570 -0.318190
v -0.653281 -0.707107 -0.270598
v -0.513279 -0.831470 -0.212607
v -0.353553 -0.923880 -0.146447
v -0.180240 -0.980785 -0.074658
v -0.162212 0.980785 -0.108386
v -0.318189 0.923880 -0.212607
v -0.461939 0.831470 -0.308658
v -0.587938 0.707107 -0.392847
v -0.691341 0.555570 -0.461940
v -0.768177 0.382683 -0.513280
v -0.815493 0.195090 -0.544895
v -0.831468 0.000000 -0.555570
v -0.815493 -0.195090 -0.544895
v -0.768177 -0.382683 -0.513280
v -0.691341 -0.555570 -0.461940
v -0.587938 -0.707107 -0.392847
v -0.461939 -0.831470 -0.308658
v -0.318189 -0.923880 -0.212607
v -0.162212 -0.980785 -0.108386
v -0.137950 0.980785 -0.137950
v -0.270598 0.923880 -0.270598
v -0.392847 0.831470 -0.392847
v -0.500000 0.707107 -0.500000
v -0.587937 0.555570 -0.587938
v -0.653281 0.382683 -0.653281
v -0.693519 0.195090 -0.693520
v -0.707106 0.000000 -0.707106
v -0.693519 -0.195090 -0.693520
v -0.653281 -0.382683 -0.653281
v -0.587937 -0.555570 -0.587938
v -0.500000 -0.707107 -0.500000
v -0.392847 -0.831470 -0.392847
v -0.270598 -0.923880 -0.270598
v -0.137950 -0.980785 -0.137950
v -0.108386 0.980785 -0.162212
v -0.212607 0.923880 -0.318190
v -0.308658 0.831470 -0.461939
v -0.392847 0.707107 -0.587938
v -0.461939 0.555570 -0.691341
v -0.513280 0.382683 -0.768177
v -0.544895 0.195090 -0.815493
v -0.555569 0.000000 -0.831469
v -0.544895 -0.195090 -0.815493
v -0.513280 -0.382683 -0.768177
v -0.461939 -0.555570 -0.691341
v -0.392847 -0.707107 -0.587938
v -0.308658 -0.831470 -0.461939
v -0.212607 -0.923880 -0.318190
v -0.108386 -0.980785 -0.162212
v -0.074658 0.980785 -0.180240
v -0.146446 0.923880 -0.353553
v -0.212607 0.831470 -0.513279
v -0.270598 0.707107 -0.653281
v -0.318189 0.555570 -0.768177
v -0.353553 0.382683 -0.853553
v -0.375330 0.195090 -0.906127
v -0.382683 0.000000 -0.923879
v -0.375330 -0.195090 -0.906127
v -0.353553 -0.382683 -0.853553
v -0.318189 -0.555570 -0.768177
v -0.270598 -0.707107 -0.653281
v -0.212607 -0.831470 -0.513279
v -0.146446 -0.923880 -0.353553
v -0.074658 -0.980785 -0.180240
v -0.038060 0.980785 -0.191342
v -0.074658 0.923880 -0.375330
v -0.108386 0.831470 -0.544895
v -0.137950 0.707107 -0.693520
v -0.162211 0.555570 -0.815493
v -0.180240 0.382683 -0.906127
v -0.191341 0.195090 -0.961939
v -0.195090 0.000000 -0.980784
v -0.191341 -0.195090 -0.961939
v -0.180240 -0.382683 -0.906127
v -0.162211 -0.555570 -0.815493
v -0.137950 -0.707107 -0.693520
v -0.108386 -0.831470 -0.544895
v -0.074658 -0.923880 -0.375330
v -0.038060 -0.980785 -0.191342
v 0.000000 0.980785 -0.195090
v 0.000000 0.923880 -0.382683
v 0.000000 0.707107 -0.707107
v 0.000000 0.382683 -0.923879
v 0.000000 -0.382683 -0.923879
v 0.000000 -0.707107 -0.707107
v 0.000000 -0.831470 -0.555570
v 0.000000 -0.923880 -0.382683
v 0.000000 -0.980785 -0.195090
vn 0.0624 0.7715 -0.6332
vn 0.0759 -0.6326 -0.7708
vn 0.0759 0.6326 -0.7708
vn 0.0624 -0.7715 -0.6332
vn 0.0865 0.4696 -0.8786
vn 0.0464 -0.8810 -0.4709
vn 0.0938 0.2890 -0.9527
vn 0.0286 -0.9565 -0.2902
vn 0.0975 0.0975 -0.9904
vn 0.0097 0.9951 -0.0980
vn 0.0097 -0.9951 -0.0980
vn 0.0975 -0.0976 -0.9904
vn 0.0286 0.9565 -0.2902
vn 0.0938 -0.2890 -0.9527
vn 0.0464 0.8810 -0.4709
vn 0.0865 -0.4696 -0.8786
vn 0.2779 -0.2890 -0.9161
vn 0.1374 0.8810 -0.4528
vn 0.2563 -0.4696 -0.8448
vn 0.1847 0.7715 -0.6088
vn 0.2248 -0.6326 -0.7412
vn 0.2248 0.6326 -0.7412
vn 0.1847 -0.7715 -0.6088
vn 0.2563 0.4696 -0.8448
vn 0.1374 -0.8810 -0.4528
vn 0.2779 0.2890 -0.9161
vn 0.0846 -0.9565 -0.2790
vn 0.2889 0.0976 -0.9524
vn 0.0286 0.9951 -0.0942
vn 0.0286 -0.9951 -0.0942
vn 0.2889 -0.0976 -0.9524
vn 0.0846 0.9565 -0.2790
vn 0.2230 -0.8810 -0.4173
vn 0.4513 0.2890 -0.8443
vn 0.1374 -0.9565 -0.2571
vn 0.4691 0.0975 -0.8777
vn 0.0464 0.9951 -0.0869
vn 0.0464 -0.9951 -0.0869
vn 0.4691 -0.0975 -0.8777
vn 0.1374 0.9565 -0.2571
vn 0.4513 -0.2890 -0.8443
vn 0.2231 0.8810 -0.4173
vn 0.4162 -0.4696 -0.7786
vn 0.2999 0.7715 -0.5611
vn 0.3651 -0.6326 -0.6831
vn 0.3651 0.6326 -0.6831
vn 0.2999 -0.7715 -0.5611
vn 0.4162 0.4696 -0.7786
vn 0.5601 -0.4696 -0.6825
vn 0.4036 0.7715 -0.4918
vn 0.4913 -0.6326 -0.5987
vn 0.4913 0.6326 -0.5987
vn 0.4036 -0.7715 -0.4918
vn 0.5601 0.4696 -0.6825
vn 0.3002 -0.8810 -0.3658
vn 0.6073 0.2890 -0.7400
vn 0.1850 -0.9565 -0.2254
vn 0.6314 0.0975 -0.7693
vn 0.0625 0.9951 -0.0761
vn 0.0625 -0.9951 -0.0761
vn 0.6314 -0.0975 -0.7693
vn 0.1850 0.9565 -0.2254
vn 0.6073 -0.2890 -0.7400
vn 0.3002 0.8810 -0.3658
vn 0.2254 -0.9566 -0.1850
vn 0.7693 0.0975 -0.6314
vn 0.0761 0.9951 -0.0625
vn 0.0761 -0.9951 -0.0625
vn 0.7693 -0.0975 -0.6314
vn 0.2254 0.9565 -0.1850
vn 0.7400 -0.2890 -0.6073
vn 0.3658 0.8810 -0.3002
vn 0.6825 -0.4696 -0.5601
vn 0.4918 0.7715 -0.4036
vn 0.5987 -0.6326 -0.4913
vn 0.5987 0.6326 -0.4913
vn 0.4918 -0.7715 -0.4036
vn 0.6825 0.4696 -0.5601
vn 0.3658 -0.8810 -0.3002
vn 0.7400 0.2890 -0.6073
vn 0.5611 0.7715 -0.2999
vn 0.6831 -0.6326 -0.3651
vn 0.6831 0.6326 -0.3651
vn 0.5611 -0.7715 -0.2999
vn 0.7786 0.4696 -0.4162
vn 0.4173 -0.8810 -0.2230
vn 0.8443 0.2890 -0.4513
vn 0.2571 -0.9565 -0.1374
vn 0.8777 0.0975 -0.4691
vn 0.0869 0.9951 -0.0464
vn 0.0869 -0.9951 -0.0464
vn 0.8777 -0.0975 -0.4691
vn 0.2571 0.9565 -0.1374
vn 0.8443 -0.2890 -0.4513
vn 0.4173 0.8810 -0.2230
vn 0.7786 -0.4696 -0.4162
vn 0.9524 0.0975 -0.2889
vn 0.0942 0.9951 -0.0286
vn 0.0942 -0.9951 -0.0286
vn 0.9524 -0.0975 -0.2889
vn 0.2790 0.9565 -0.0846
vn 0.9161 -0.2890 -0.2779
vn 0.4528 0.8810 -0.1374
vn 0.8448 -0.4696 -0.2563
vn 0.6088 0.7715 -0.1847
vn 0.7412 -0.6326 -0.2248
vn 0.7412 0.6326 -0.2248
vn 0.6088 -0.7715 -0.1847
vn 0.8448 0.4696 -0.2563
vn 0.4528 -0.8810 -0.1374
vn 0.9161 0.2890 -0.2779
vn 0.2790 -0.9565 -0.0846
vn 0.7708 -0.6326 -0.0759
vn 0.7708 0.6326 -0.0759
vn 0.6332 -0.7715 -0.0624
vn 0.8786 0.4696 -0.0865
vn 0.4709 -0.8810 -0.0464
vn 0.9527 0.2890 -0.0938
vn 0.2902 -0.9565 -0.0286
vn 0.9904 0.0975 -0.0975
vn 0.0980 0.9951 -0.0097
vn 0.0980 -0.9951 -0.0097
vn 0.9904 -0.0975 -0.0975
vn 0.2902 0.9565 -0.0286
vn 0.9527 -0.2890 -0.0938
vn 0.4709 0.8810 -0.0464
vn 0.8786 -0.4696 -0.0865
vn 0.6332 0.7715 -0.0624
vn 0.0980 0.9951 0.0097
vn 0.0980 -0.9951 0.0097
vn 0.9904 -0.0975 0.0976
vn 0.2902 0.9565 0.0286
vn 0.9527 -0.2890 0.0938
vn 0.4709 0.8810 0.0464
vn 0.8786 -0.4696 0.0865
vn 0.6332 0.7715 0.0624
vn 0.7708 -0.6326 0.0759
vn 0.7708 0.6326 0.0759
vn 0.6332 -0.7715 0.0624
vn 0.8786 0.4696 0.0865
vn 0.4709 -0.8810 0.0464
vn 0.9527 0.2890 0.0938
vn 0.2902 -0.9565 0.0286
vn 0.9904 0.0975 0.0976
vn 0.7412 0.6326 0.2248
vn 0.6088 -0.7715 0.1847
vn 0.8448 0.4696 0.2563
vn 0.4528 -0.8810 0.1374
vn 0.9161 0.2890 0.2779
vn 0.2790 -0.9565 0.0846
vn 0.9524 0.0975 0.2889
vn 0.0942 0.9951 0.0286
vn 0.0942 -0.9951 0.0286
vn 0.9524 -0.0975 0.2889
vn 0.2790 0.9565 0.0846
vn 0.9161 -0.2890 0.2779
vn 0.4528 0.8810 0.1374
vn 0.8448 -0.4696 0.2563
vn 0.6088 0.7715 0.1847
vn 0.7412 -0.6326 0.2248
vn 0.8777 -0.0975 0.4691
vn 0.2571 0.9565 0.1374
vn 0.8443 -0.2890 0.4513
vn 0.4173 0.8810 0.2231
vn 0.7786 -0.4696 0.4162
vn 0.5611 0.7715 0.2999
vn 0.6831 -0.6326 0.3651
vn 0.6831 0.6326 0.3651
vn 0.5611 -0.7715 0.2999
vn 0.7786 0.4696 0.4162
vn 0.4173 -0.8810 0.2230
vn 0.8443 0.2890 0.4513
vn 0.2571 -0.9565 0.1374
vn 0.8777 0.0975 0.4691
vn 0.0869 0.9951 0.0464
vn 0.0869 -0.9951 0.0464
vn 0.4918 -0.7715 0.4036
vn 0.6825 0.4696 0.5601
vn 0.3658 -0.8810 0.3002
vn 0.7400 0.2890 0.6073
vn 0.2254 -0.9565 0.1850
vn 0.7693 0.0975 0.6314
vn 0.0761 0.9951 0.0625
vn 0.0761 -0.9951 0.0625
vn 0.7693 -0.0975 0.6314
vn 0.2254 0.9565 0.1850
vn 0.7400 -0.2890 0.6073
vn 0.3658 0.8810 0.3002
vn 0.6825 -0.4696 0.5601
vn 0.4918 0.7715 0.4036
vn 0.5987 -0.6326 0.4913
vn 0.5987 0.6326 0.4913
vn 0.6073 -0.2890 0.7400
vn 0.3002 0.8810 0.3658
vn 0.5601 -0.4696 0.6825
vn 0.4036 0.7715 0.4918
vn 0.4913 -0.6326 0.5987
vn 0.4913 0.6326 0.5987
vn 0.4036 -0.7715 0.4918
vn 0.5601 0.4696 0.6825
vn 0.3002 -0.8810 0.3658
vn 0.6073 0.2890 0.7400
vn 0.1850 -0.9565 0.2254
vn 0.6314 0.0975 0.7693
vn 0.0625 0.9951 0.0761
vn 0.0625 -0.9951 0.0761
vn 0.6314 -0.0975 0.7693
vn 0.1850 0.9565 0.2254
vn 0.2230 -0.8810 0.4173
vn 0.4513 0.2890 0.8443
vn 0.1374 -0.9565 0.2571
vn 0.4691 0.0975 0.8777
vn 0.0464 0.9951 0.0869
vn 0.0464 -0.9951 0.0869
vn 0.4691 -0.0975 0.8777
vn 0.1374 0.9565 0.2571
vn 0.4513 -0.2890 0.8443
vn 0.2230 0.8810 0.4173
vn 0.4162 -0.4696 0.7786
vn 0.2999 0.7715 0.5611
vn 0.3651 -0.6326 0.6831
vn 0.3651 0.6326 0.6831
vn 0.2999 -0.7715 0.5611
vn 0.4162 0.4696 0.7786
vn 0.1374 0.8810 0.4528
vn 0.2563 -0.4696 0.8448
vn 0.1847 0.7715 0.6088
vn 0.2248 -0.6326 0.7412
vn 0.2248 0.6326 0.7412
vn 0.1847 -0.7715 0.6088
vn 0.2563 0.4696 0.8448
vn 0.1374 -0.8810 0.4528
vn 0.2779 0.2890 0.9161
vn 0.0846 -0.9565 0.2790
vn 0.2889 0.0975 0.9524
vn 0.0286 0.9951 0.0942
vn 0.0286 -0.9951 0.0942
vn 0.2889 -0.0975 0.9524
vn 0.0846 0.9565 0.2790
vn 0.2779 -0.2890 0.9161
vn 0.0938 0.2890 0.9527
vn 0.0286 -0.9565 0.2902
vn 0.0975 0.0975 0.9904
vn 0.0097 0.9951 0.0980
vn 0.0097 -0.9951 0.0980
vn 0.0975 -0.0975 0.9904
vn 0.0286 0.9565 0.2902
vn 0.0938 -0.2890 0.9527
vn 0.0464 0.8810 0.4709
vn 0.0865 -0.4696 0.8786
vn 0.0624 0.7715 0.6332
vn 0.0759 -0.6326 0.7708
vn 0.0759 0.6326 0.7708
vn 0.0624 -0.7715 0.6332
vn 0.0865 0.4696 0.8786
vn 0.0464 -0.8810 0.4709
vn -0.0865 -0.4696 0.8786
vn -0.0624 0.7715 0.6332
vn -0.0759 -0.6326 0.7708
vn -0.0759 0.6326 0.7708
vn -0.0624 -0.7715 0.6332
vn -0.0865 0.4696 0.8786
vn -0.0464 -0.8810 0.4709
vn -0.0938 0.2890 0.9527
vn -0.0286 -0.9565 0.2902
vn -0.0976 0.0975 0.9904
vn -0.0097 0.9951 0.0980
vn -0.0097 -0.9951 0.0980
vn -0.0975 -0.0975 0.9904
vn -0.0286 0.9565 0.2902
vn -0.0938 -0.2890 0.9527
vn -0.0464 0.8810 0.4709
vn -0.0846 -0.9565 0.2790
vn -0.2889 0.0975 0.9524
vn -0.0286 0.9951 0.0942
vn -0.0286 -0.9951 0.0942
vn -0.2889 -0.0975 0.9524
vn -0.0846 0.9565 0.2790
vn -0.2779 -0.2890 0.9161
vn -0.1374 0.8810 0.4528
vn -0.2563 -0.4696 0.8448
vn -0.1847 0.7715 0.6088
vn -0.2248 -0.6326 0.7412
vn -0.2248 0.6326 0.7412
vn -0.1847 -0.7715 0.6088
vn -0.2563 0.4696 0.8448
vn -0.1374 -0.8810 0.4528
vn -0.2779 0.2890 0.9161
vn -0.2999 0.7715 0.5611
vn -0.3651 -0.6326 0.6831
vn -0.3651 0.6326 0.6831
vn -0.2999 -0.7715 0.5611
vn -0.4162 0.4696 0.7786
vn -0.2230 -0.8810 0.4173
vn -0.4513 0.2890 0.8443
vn -0.1374 -0.9565 0.2571
vn -0.4691 0.0975 0.8777
vn -0.0464 0.9951 0.0869
vn -0.0464 -0.9951 0.0869
vn -0.4691 -0.0975 0.8777
vn -0.1374 0.9565 0.2571
vn -0.4513 -0.2890 0.8443
vn -0.2230 0.8810 0.4173
vn -0.4162 -0.4696 0.7786
vn -0.6314 0.0975 0.7693
vn -0.0625 0.9951 0.0761
vn -0.0625 -0.9951 0.0761
vn -0.6314 -0.0975 0.7693
vn -0.1850 0.9565 0.2254
vn -0.6073 -0.2890 0.7400
vn -0.3002 0.8810 0.3658
vn -0.5601 -0.4696 0.6825
vn -0.4036 0.7715 0.4918
vn -0.4913 -0.6326 0.5987
vn -0.4913 0.6326 0.5987
vn -0.4036 -0.7715 0.4918
vn -0.5601 0.4696 0.6825
vn -0.3002 -0.8810 0.3658
vn -0.6073 0.2890 0.7400
vn -0.1850 -0.9565 0.2254
vn -0.5987 -0.6326 0.4913
vn -0.5987 0.6326 0.4913
vn -0.4918 -0.7715 0.4036
vn -0.6825 0.4696 0.5601
vn -0.3658 -0.8810 0.3002
vn -0.7400 0.2890 0.6073
vn -0.2254 -0.9566 0.1850
vn -0.7693 0.0975 0.6314
vn -0.0761 0.9951 0.0625
vn -0.0761 -0.9951 0.0625
vn -0.7693 -0.0975 0.6314
vn -0.2254 0.9565 0.1850
vn -0.7400 -0.2890 0.6073
vn -0.3658 0.8810 0.3002
vn -0.6825 -0.4696 0.5601
vn -0.4918 0.7715 0.4036
vn -0.0869 -0.9951 0.0464
vn -0.8777 -0.0975 0.4691
vn -0.2571 0.9565 0.1374
vn -0.8443 -0.2890 0.4513
vn -0.4173 0.8810 0.2230
vn -0.7786 -0.4696 0.4162
vn -0.5611 0.7715 0.2999
vn -0.6831 -0.6326 0.3651
vn -0.6831 0.6326 0.3651
vn -0.5611 -0.7715 0.2999
vn -0.7786 0.4696 0.4162
vn -0.4173 -0.8810 0.2231
vn -0.8443 0.2890 0.4513
vn -0.2571 -0.9565 0.1374
vn -0.8777 0.0975 0.4691
vn -0.0869 0.9951 0.0464
vn -0.6088 -0.7715 0.1847
vn -0.8448 0.4696 0.2563
vn -0.4528 -0.8810 0.1374
vn -0.9161 0.2890 0.2779
vn -0.2790 -0.9565 0.0846
vn -0.9524 0.0975 0.2889
vn -0.0942 0.9951 0.0286
vn -0.0942 -0.9951 0.0286
vn -0.9524 -0.0975 0.2889
vn -0.2790 0.9565 0.0846
vn -0.9161 -0.2890 0.2779
vn -0.4528 0.8810 0.1374
vn -0.8448 -0.4696 0.2563
vn -0.6088 0.7715 0.1847
vn -0.7412 -0.6326 0.2248
vn -0.7412 0.6326 0.2248
vn -0.2902 0.9565 0.0286
vn -0.9527 -0.2890 0.0938
vn -0.4709 0.8810 0.0464
vn -0.8786 -0.4696 0.0865
vn -0.6332 0.7715 0.0624
vn -0.7708 -0.6326 0.0759
vn -0.7708 0.6326 0.0759
vn -0.6332 -0.7715 0.0624
vn -0.8786 0.4696 0.0865
vn -0.4709 -0.8810 0.0464
vn -0.9527 0.2890 0.0938
vn -0.2902 -0.9565 0.0286
vn -0.9904 0.0975 0.0975
vn -0.0980 0.9951 0.0097
vn -0.0980 -0.9951 0.0097
vn -0.9904 -0.0975 0.0976
vn -0.8786 0.4696 -0.0865
vn -0.4709 -0.8810 -0.0464
vn -0.9527 0.2890 -0.0938
vn -0.2902 -0.9565 -0.0286
vn -0.9904 0.0975 -0.0975
vn -0.0980 0.9951 -0.0097
vn -0.0980 -0.9951 -0.0097
vn -0.9904 -0.0975 -0.0976
vn -0.2902 0.9565 -0.0286
vn -0.9527 -0.2890 -0.0938
vn -0.4709 0.8810 -0.0464
vn -0.8786 -0.4696 -0.0865
vn -0.6332 0.7715 -0.0624
vn -0.7708 -0.6326 -0.0759
vn -0.7708 0.6326 -0.0759
vn -0.6332 -0.7715 -0.0624
vn -0.9161 -0.2890 -0.2779
vn -0.4528 0.8810 -0.1374
vn -0.8448 -0.4696 -0.2563
vn -0.6088 0.7715 -0.1847
vn -0.7412 -0.6326 -0.2248
vn -0.7412 0.6326 -0.2248
vn -0.6088 -0.7715 -0.1847
vn -0.8448 0.4696 -0.2563
vn -0.4528 -0.8810 -0.1374
vn -0.9161 0.2890 -0.2779
vn -0.2790 -0.9565 -0.0846
vn -0.9524 0.0975 -0.2889
vn -0.0942 0.9951 -0.0286
vn -0.0942 -0.9951 -0.0286
vn -0.9524 -0.0975 -0.2889
vn -0.2790 0.9565 -0.0846
vn -0.4173 -0.8810 -0.2231
vn -0.8443 0.2890 -0.4513
vn -0.2571 -0.9565 -0.1374
vn -0.8777 0.0975 -0.4691
vn -0.0869 0.9951 -0.0464
vn -0.0869 -0.9951 -0.0464
vn -0.8777 -0.0975 -0.4691
vn -0.2571 0.9565 -0.1374
vn -0.8443 -0.2890 -0.4513
vn -0.4173 0.8810 -0.2231
vn -0.7786 -0.4696 -0.4162
vn -0.5611 0.7715 -0.2999
vn -0.6831 -0.6326 -0.3651
vn -0.6831 0.6326 -0.3651
vn -0.5611 -0.7715 -0.2999
vn -0.7786 0.4696 -0.4162
vn -0.3658 0.8810 -0.3002
vn -0.6825 -0.4696 -0.5601
vn -0.4918 0.7715 -0.4036
vn -0.5987 -0.6326 -0.4913
vn -0.5987 0.6326 -0.4913
vn -0.4918 -0.7715 -0.4036
vn -0.6825 0.4696 -0.5601
vn -0.3658 -0.8810 -0.3002
vn -0.7400 0.2890 -0.6073
vn -0.2254 -0.9565 -0.1850
vn -0.7693 0.0975 -0.6314
vn -0.0761 0.9951 -0.0625
vn -0.0761 -0.9951 -0.0625
vn -0.7693 -0.0975 -0.6314
vn -0.2254 0.9565 -0.1850
vn -0.7400 -0.2890 -0.6073
vn -0.6073 0.2890 -0.7400
vn -0.1850 -0.9565 -0.2254
vn -0.6314 0.0975 -0.7693
vn -0.0625 0.9951 -0.0761
vn -0.0625 -0.9951 -0.0761
vn -0.6314 -0.0975 -0.7693
vn -0.1850 0.9565 -0.2254
vn -0.6073 -0.2890 -0.7400
vn -0.3002 0.8810 -0.3658
vn -0.5601 -0.4696 -0.6825
vn -0.4036 0.7715 -0.4918
vn -0.4913 -0.6326 -0.5987
vn -0.4913 0.6326 -0.5987
vn -0.4036 -0.7715 -0.4918
vn -0.5601 0.4696 -0.6825
vn -0.3002 -0.8810 -0.3658
vn -0.4162 -0.4696 -0.7786
vn -0.2999 0.7715 -0.5611
vn -0.3651 -0.6326 -0.6831
vn -0.3651 0.6326 -0.6831
vn -0.2999 -0.7715 -0.5611
vn -0.4162 0.4696 -0.7786
vn -0.2230 -0.8810 -0.4173
vn -0.4513 0.2890 -0.8443
vn -0.1374 -0.9565 -0.2571
vn -0.4691 0.0975 -0.8777
vn -0.0464 0.9951 -0.0869
vn -0.0464 -0.9951 -0.0869
vn -0.4691 -0.0975 -0.8777
vn -0.1374 0.9565 -0.2571
vn -0.4513 -0.2890 -0.8443
vn -0.2230 0.8810 -0.4173
vn -0.0846 -0.9565 -0.2790
vn -0.2889 0.0975 -0.9524
vn -0.0286 0.9951 -0.0942
vn -0.0286 -0.9951 -0.0942
vn -0.2889 -0.0975 -0.9524
vn -0.0846 0.9565 -0.2790
vn -0.2779 -0.2890 -0.9161
vn -0.1374 0.8810 -0.4528
vn -0.2563 -0.4696 -0.8448
vn -0.1847 0.7715 -0.6088
vn -0.2248 -0.6326 -0.7412
vn -0.2248 0.6326 -0.7412
vn -0.1847 -0.7715 -0.6088
vn -0.2563 0.4696 -0.8448
vn -0.1374 -0.8810 -0.4528
vn -0.2779 0.2890 -0.9161
vn -0.0759 -0.6326 -0.7708
vn -0.0759 0.6326 -0.7708
vn -0.0624 -0.7715 -0.6332
vn -0.0865 0.4696 -0.8786
vn -0.0464 -0.8810 -0.4709
vn -0.0938 0.2890 -0.9527
vn -0.0286 -0.9565 -0.2902
vn -0.0976 0.0975 -0.9904
vn -0.0097 0.9951 -0.0980
vn -0.0097 -0.9951 -0.0980
vn -0.0976 -0.0975 -0.9904
vn -0.0286 0.9565 -0.2902
vn -0.0938 -0.2890 -0.9527
vn -0.0464 0.8810 -0.4709
vn -0.0865 -0.4696 -0.8786
vn -0.0624 0.7715 -0.6332
vn 0.0975 0.0976 -0.9904
vn 0.0975 -0.0975 -0.9904
vn 0.2231 -0.8810 -0.4173
vn 0.2230 0.8810 -0.4173
vn 0.2254 -0.9565 -0.1850
vn 0.4173 0.8810 0.2230
vn 0.4173 -0.8810 0.2231
vn 0.2231 -0.8810 0.4173
vn -0.0975 0.0975 0.9904
vn -0.0976 -0.0975 0.9904
vn -0.2231 -0.8810 0.4173
vn -0.2231 0.8810 0.4173
vn -0.2254 -0.9565 0.1850
vn -0.4173 -0.8810 0.2230
vn -0.9904 0.0975 0.0976
vn -0.9904 -0.0975 0.0975
vn -0.9904 0.0975 -0.0976
vn -0.9904 -0.0975 -0.0975
vt 0.750000 0.750000
vt 0.718750 0.812500
vt 0.718750 0.750000
vt 0.750000 0.312500
vt 0.718750 0.250000
vt 0.750000 0.250000
vt 0.750000 0.687500
vt 0.718750 0.687500
vt 0.718750 0.187500
vt 0.750000 0.187500
vt 0.750000 0.625000
vt 0.718750 0.625000
vt 0.718750 0.125000
vt 0.750000 0.125000
vt 0.750000 0.562500
vt 0.718750 0.562500
vt 0.718750 0.062500
vt 0.750000 0.062500
vt 0.718750 0.500000
vt 0.750000 0.500000
vt 0.750000 0.937500
vt 0.734375 1.000000
vt 0.718750 0.937500
vt 0.734375 0.000000
vt 0.718750 0.437500
vt 0.750000 0.437500
vt 0.750000 0.875000
vt 0.718750 0.875000
vt 0.718750 0.375000
vt 0.750000 0.375000
vt 0.750000 0.812500
vt 0.718750 0.312500
vt 0.687500 0.375000
vt 0.687500 0.812500
vt 0.687500 0.312500
vt 0.687500 0.750000
vt 0.687500 0.250000
vt 0.687500 0.687500
vt 0.687500 0.187500
vt 0.687500 0.625000
vt 0.687500 0.125000
vt 0.687500 0.562500
vt 0.687500 0.062500
vt 0.687500 0.500000
vt 0.703125 1.000000
vt 0.687500 0.937500
vt 0.703125 0.000000
vt 0.687500 0.437500
vt 0.687500 0.875000
vt 0.656250 0.125000
vt 0.656250 0.562500
vt 0.656250 0.062500
vt 0.656250 0.500000
vt 0.671875 1.000000
vt 0.656250 0.937500
vt 0.671875 0.000000
vt 0.656250 0.437500
vt 0.656250 0.875000
vt 0.656250 0.375000
vt 0.656250 0.812500
vt 0.656250 0.312500
vt 0.656250 0.750000
vt 0.656250 0.250000
vt 0.656250 0.687500
vt 0.656250 0.187500
vt 0.656250 0.625000
vt 0.625000 0.375000
vt 0.625000 0.312500
vt 0.625000 0.750000
vt 0.625000 0.250000
vt 0.625000 0.687500
vt 0.625000 0.187500
vt 0.625000 0.625000
vt 0.625000 0.125000
vt 0.625000 0.562500
vt 0.625000 0.062500
vt 0.625000 0.500000
vt 0.640625 1.000000
vt 0.625000 0.937500
vt 0.640625 0.000000
vt 0.625000 0.437500
vt 0.625000 0.875000
vt 0.625000 0.812500
vt 0.593750 0.062500
vt 0.593750 0.562500
vt 0.593750 0.500000
vt 0.609375 1.000000
vt 0.593750 0.937500
vt 0.609375 0.000000
vt 0.593750 0.437500
vt 0.593750 0.875000
vt 0.593750 0.375000
vt 0.593750 0.812500
vt 0.593750 0.312500
vt 0.593750 0.750000
vt 0.593750 0.250000
vt 0.593750 0.687500
vt 0.593750 0.187500
vt 0.593750 0.625000
vt 0.593750 0.125000
vt 0.562500 0.750000
vt 0.562500 0.250000
vt 0.562500 0.687500
vt 0.562500 0.187500
vt 0.562500 0.625000
vt 0.562500 0.125000
vt 0.562500 0.562500
vt 0.562500 0.062500
vt 0.562500 0.500000
vt 0.578125 1.000000
vt 0.562500 0.937500
vt 0.578125 0.000000
vt 0.562500 0.437500
vt 0.562500 0.875000
vt 0.562500 0.375000
vt 0.562500 0.812500
vt 0.562500 0.312500
vt 0.531250 0.562500
vt 0.531250 0.500000
vt 0.546875 1.000000
vt 0.531250 0.937500
vt 0.546875 0.000000
vt 0.531250 0.062500
vt 0.531250 0.437500
vt 0.531250 0.875000
vt 0.531250 0.375000
vt 0.531250 0.812500
vt 0.531250 0.312500
vt 0.531250 0.750000
vt 0.531250 0.250000
vt 0.531250 0.687500
vt 0.531250 0.187500
vt 0.531250 0.625000
vt 0.531250 0.125000
vt 0.500000 0.250000
vt 0.500000 0.750000
vt 0.500000 0.687500
vt 0.500000 0.187500
vt 0.500000 0.625000
vt 0.500000 0.125000
vt 0.500000 0.562500
vt 0.500000 0.062500
vt 0.500000 0.500000
vt 0.515625 1.000000
vt 0.500000 0.937500
vt 0.515625 0.000000
vt 0.500000 0.437500
vt 0.500000 0.875000
vt 0.500000 0.375000
vt 0.500000 0.812500
vt 0.500000 0.312500
vt 0.484375 1.000000
vt 0.468750 0.937500
vt 0.484375 0.000000
vt 0.468750 0.062500
vt 0.468750 0.437500
vt 0.468750 0.875000
vt 0.468750 0.375000
vt 0.468750 0.812500
vt 0.468750 0.312500
vt 0.468750 0.750000
vt 0.468750 0.250000
vt 0.468750 0.687500
vt 0.468750 0.187500
vt 0.468750 0.625000
vt 0.468750 0.125000
vt 0.468750 0.562500
vt 0.468750 0.500000
vt 0.437500 0.750000
vt 0.437500 0.687500
vt 0.437500 0.250000
vt 0.437500 0.187500
vt 0.437500 0.625000
vt 0.437500 0.125000
vt 0.437500 0.562500
vt 0.437500 0.062500
vt 0.437500 0.500000
vt 0.453125 1.000000
vt 0.437500 0.937500
vt 0.453125 0.000000
vt 0.437500 0.437500
vt 0.437500 0.875000
vt 0.437500 0.375000
vt 0.437500 0.812500
vt 0.437500 0.312500
vt 0.406250 0.437500
vt 0.406250 0.875000
vt 0.406250 0.375000
vt 0.406250 0.812500
vt 0.406250 0.312500
vt 0.406250 0.750000
vt 0.406250 0.250000
vt 0.406250 0.687500
vt 0.406250 0.187500
vt 0.406250 0.625000
vt 0.406250 0.125000
vt 0.406250 0.562500
vt 0.406250 0.062500
vt 0.406250 0.500000
vt 0.421875 1.000000
vt 0.406250 0.937500
vt 0.421875 0.000000
vt 0.375000 0.187500
vt 0.375000 0.625000
vt 0.375000 0.125000
vt 0.375000 0.562500
vt 0.375000 0.062500
vt 0.375000 0.500000
vt 0.390625 1.000000
vt 0.375000 0.937500
vt 0.390625 0.000000
vt 0.375000 0.437500
vt 0.375000 0.875000
vt 0.375000 0.375000
vt 0.375000 0.812500
vt 0.375000 0.312500
vt 0.375000 0.750000
vt 0.375000 0.250000
vt 0.375000 0.687500
vt 0.343750 0.375000
vt 0.343750 0.875000
vt 0.343750 0.812500
vt 0.343750 0.312500
vt 0.343750 0.750000
vt 0.343750 0.250000
vt 0.343750 0.687500
vt 0.343750 0.187500
vt 0.343750 0.625000
vt 0.343750 0.125000
vt 0.343750 0.562500
vt 0.343750 0.062500
vt 0.343750 0.500000
vt 0.359375 1.000000
vt 0.343750 0.937500
vt 0.359375 0.000000
vt 0.343750 0.437500
vt 0.312500 0.125000
vt 0.312500 0.625000
vt 0.312500 0.562500
vt 0.312500 0.062500
vt 0.312500 0.500000
vt 0.328125 1.000000
vt 0.312500 0.937500
vt 0.328125 0.000000
vt 0.312500 0.437500
vt 0.312500 0.875000
vt 0.312500 0.375000
vt 0.312500 0.812500
vt 0.312500 0.312500
vt 0.312500 0.750000
vt 0.312500 0.250000
vt 0.312500 0.687500
vt 0.312500 0.187500
vt 0.281250 0.812500
vt 0.281250 0.375000
vt 0.281250 0.312500
vt 0.281250 0.750000
vt 0.281250 0.250000
vt 0.281250 0.687500
vt 0.281250 0.187500
vt 0.281250 0.625000
vt 0.281250 0.125000
vt 0.281250 0.562500
vt 0.281250 0.062500
vt 0.281250 0.500000
vt 0.296875 1.000000
vt 0.281250 0.937500
vt 0.296875 0.000000
vt 0.281250 0.437500
vt 0.281250 0.875000
vt 0.250000 0.625000
vt 0.250000 0.562500
vt 0.250000 0.125000
vt 0.250000 0.062500
vt 0.250000 0.500000
vt 0.265625 1.000000
vt 0.250000 0.937500
vt 0.265625 0.000000
vt 0.250000 0.437500
vt 0.250000 0.875000
vt 0.250000 0.375000
vt 0.250000 0.812500
vt 0.250000 0.312500
vt 0.250000 0.750000
vt 0.250000 0.250000
vt 0.250000 0.687500
vt 0.250000 0.187500
vt 0.218750 0.375000
vt 0.218750 0.312500
vt 0.218750 0.750000
vt 0.218750 0.250000
vt 0.218750 0.687500
vt 0.218750 0.187500
vt 0.218750 0.625000
vt 0.218750 0.125000
vt 0.218750 0.562500
vt 0.218750 0.062500
vt 0.218750 0.500000
vt 0.234375 1.000000
vt 0.218750 0.937500
vt 0.234375 0.000000
vt 0.218750 0.437500
vt 0.218750 0.875000
vt 0.218750 0.812500
vt 0.187500 0.062500
vt 0.187500 0.562500
vt 0.187500 0.500000
vt 0.203125 1.000000
vt 0.187500 0.937500
vt 0.203125 0.000000
vt 0.187500 0.437500
vt 0.187500 0.875000
vt 0.187500 0.375000
vt 0.187500 0.812500
vt 0.187500 0.312500
vt 0.187500 0.750000
vt 0.187500 0.250000
vt 0.187500 0.687500
vt 0.187500 0.187500
vt 0.187500 0.625000
vt 0.187500 0.125000
vt 0.156250 0.750000
vt 0.156250 0.250000
vt 0.156250 0.687500
vt 0.156250 0.187500
vt 0.156250 0.625000
vt 0.156250 0.125000
vt 0.156250 0.562500
vt 0.156250 0.062500
vt 0.156250 0.500000
vt 0.171875 1.000000
vt 0.156250 0.937500
vt 0.171875 0.000000
vt 0.156250 0.437500
vt 0.156250 0.875000
vt 0.156250 0.375000
vt 0.156250 0.812500
vt 0.156250 0.312500
vt 0.125000 0.562500
vt 0.125000 0.500000
vt 0.140625 1.000000
vt 0.125000 0.937500
vt 0.140625 0.000000
vt 0.125000 0.062500
vt 0.125000 0.437500
vt 0.125000 0.875000
vt 0.125000 0.375000
vt 0.125000 0.812500
vt 0.125000 0.312500
vt 0.125000 0.750000
vt 0.125000 0.250000
vt 0.125000 0.687500
vt 0.125000 0.187500
vt 0.125000 0.625000
vt 0.125000 0.125000
vt 0.093750 0.250000
vt 0.093750 0.750000
vt 0.093750 0.687500
vt 0.093750 0.187500
vt 0.093750 0.625000
vt 0.093750 0.125000
vt 0.093750 0.562500
vt 0.093750 0.062500
vt 0.093750 0.500000
vt 0.109375 1.000000
vt 0.093750 0.937500
vt 0.109375 0.000000
vt 0.093750 0.437500
vt 0.093750 0.875000
vt 0.093750 0.375000
vt 0.093750 0.812500
vt 0.093750 0.312500
vt 0.078125 0.000000
vt 0.062500 0.062500
vt 0.062500 0.437500
vt 0.062500 0.875000
vt 0.062500 0.375000
vt 0.062500 0.812500
vt 0.062500 0.312500
vt 0.062500 0.750000
vt 0.062500 0.250000
vt 0.062500 0.687500
vt 0.062500 0.187500
vt 0.062500 0.625000
vt 0.062500 0.125000
vt 0.062500 0.562500
vt 0.062500 0.500000
vt 0.078125 1.000000
vt 0.062500 0.937500
vt 0.031250 0.250000
vt 0.031250 0.187500
vt 0.031250 0.625000
vt 0.031250 0.125000
vt 0.031250 0.562500
vt 0.031250 0.062500
vt 0.031250 0.500000
vt 0.046875 1.000000
vt 0.031250 0.937500
vt 0.046875 0.000000
vt 0.031250 0.437500
vt 0.031250 0.875000
vt 0.031250 0.375000
vt 0.031250 0.812500
vt 0.031250 0.312500
vt 0.031250 0.750000
vt 0.031250 0.687500
vt 0.000000 0.875000
vt 0.000000 0.375000
vt 0.000000 0.812500
vt 0.000000 0.312500
vt 0.000000 0.750000
vt 0.000000 0.250000
vt 0.000000 0.687500
vt 0.000000 0.187500
vt 0.000000 0.625000
vt 0.000000 0.125000
vt 0.000000 0.562500
vt 0.000000 0.062500
vt 0.000000 0.500000
vt 0.015625 1.000000
vt 0.000000 0.937500
vt 0.015625 0.000000
vt 0.000000 0.437500
vt 1.000000 0.687500
vt 0.968750 0.625000
vt 1.000000 0.625000
vt 1.000000 0.187500
vt 0.968750 0.125000
vt 1.000000 0.125000
vt 1.000000 0.562500
vt 0.968750 0.562500
vt 0.968750 0.062500
vt 1.000000 0.062500
vt 1.000000 0.500000
vt 0.968750 0.500000
vt 1.000000 0.937500
vt 0.984375 1.000000
vt 0.968750 0.937500
vt 0.984375 0.000000
vt 0.968750 0.437500
vt 1.000000 0.437500
vt 0.968750 0.875000
vt 1.000000 0.875000
vt 0.968750 0.375000
vt 1.000000 0.375000
vt 1.000000 0.812500
vt 0.968750 0.812500
vt 1.000000 0.312500
vt 0.968750 0.312500
vt 0.968750 0.750000
vt 1.000000 0.750000
vt 0.968750 0.250000
vt 1.000000 0.250000
vt 0.968750 0.687500
vt 0.968750 0.187500
vt 0.937500 0.375000
vt 0.937500 0.875000
vt 0.937500 0.812500
vt 0.937500 0.312500
vt 0.937500 0.750000
vt 0.937500 0.250000
vt 0.937500 0.687500
vt 0.937500 0.187500
vt 0.937500 0.625000
vt 0.937500 0.125000
vt 0.937500 0.562500
vt 0.937500 0.062500
vt 0.937500 0.500000
vt 0.953125 1.000000
vt 0.937500 0.937500
vt 0.953125 0.000000
vt 0.937500 0.437500
vt 0.906250 0.187500
vt 0.906250 0.125000
vt 0.906250 0.625000
vt 0.906250 0.562500
vt 0.906250 0.062500
vt 0.906250 0.500000
vt 0.921875 1.000000
vt 0.906250 0.937500
vt 0.921875 0.000000
vt 0.906250 0.437500
vt 0.906250 0.875000
vt 0.906250 0.375000
vt 0.906250 0.812500
vt 0.906250 0.312500
vt 0.906250 0.750000
vt 0.906250 0.250000
vt 0.906250 0.687500
vt 0.875000 0.875000
vt 0.875000 0.812500
vt 0.875000 0.375000
vt 0.875000 0.312500
vt 0.875000 0.750000
vt 0.875000 0.250000
vt 0.875000 0.687500
vt 0.875000 0.187500
vt 0.875000 0.625000
vt 0.875000 0.125000
vt 0.875000 0.562500
vt 0.875000 0.062500
vt 0.875000 0.500000
vt 0.890625 1.000000
vt 0.875000 0.937500
vt 0.890625 0.000000
vt 0.875000 0.437500
vt 0.843750 0.625000
vt 0.843750 0.562500
vt 0.843750 0.062500
vt 0.843750 0.500000
vt 0.859375 1.000000
vt 0.843750 0.937500
vt 0.859375 0.000000
vt 0.843750 0.437500
vt 0.843750 0.875000
vt 0.843750 0.375000
vt 0.843750 0.812500
vt 0.843750 0.312500
vt 0.843750 0.750000
vt 0.843750 0.250000
vt 0.843750 0.687500
vt 0.843750 0.187500
vt 0.843750 0.125000
vt 0.812500 0.375000
vt 0.812500 0.312500
vt 0.812500 0.750000
vt 0.812500 0.250000
vt 0.812500 0.687500
vt 0.812500 0.187500
vt 0.812500 0.625000
vt 0.812500 0.125000
vt 0.812500 0.562500
vt 0.812500 0.062500
vt 0.812500 0.500000
vt 0.828125 1.000000
vt 0.812500 0.937500
vt 0.828125 0.000000
vt 0.812500 0.437500
vt 0.812500 0.875000
vt 0.812500 0.812500
vt 0.781250 0.125000
vt 0.781250 0.062500
vt 0.781250 0.562500
vt 0.781250 0.500000
vt 0.796875 1.000000
vt 0.781250 0.937500
vt 0.796875 0.000000
vt 0.781250 0.437500
vt 0.781250 0.875000
vt 0.781250 0.375000
vt 0.781250 0.812500
vt 0.781250 0.312500
vt 0.781250 0.750000
vt 0.781250 0.250000
vt 0.781250 0.687500
vt 0.781250 0.187500
vt 0.781250 0.625000
vt 0.765625 1.000000
vt 0.765625 0.000000
s 0
usemtl マテリアル.004
f 476/1/1 11/2/1 12/3/1
f 7/4/2 20/5/2 479/6/2
f 3/7/3 12/3/3 13/8/3
f 479/6/4 21/9/4 480/10/4
f 477/11/5 13/8/5 14/12/5
f 480/10/6 22/13/6 481/14/6
f 4/15/7 14/12/7 15/16/7
f 481/14/8 23/17/8 482/18/8
f 4/15/9 16/19/9 5/20/9
f 474/21/10 1/22/10 9/23/10
f 8/24/11 482/18/11 23/17/11
f 5/20/12 17/25/12 6/26/12
f 475/27/13 9/23/13 10/28/13
f 6/26/14 18/29/14 478/30/14
f 2/31/15 10/28/15 11/2/15
f 478/30/16 19/32/16 7/4/16
f 17/25/17 33/33/17 18/29/17
f 10/28/18 26/34/18 11/2/18
f 18/29/19 34/35/19 19/32/19
f 11/2/20 27/36/20 12/3/20
f 19/32/21 35/37/21 20/5/21
f 12/3/22 28/38/22 13/8/22
f 21/9/23 35/37/23 36/39/23
f 13/8/24 29/40/24 14/12/24
f 22/13/25 36/39/25 37/41/25
f 15/16/26 29/40/26 30/42/26
f 22/13/27 38/43/27 23/17/27
f 15/16/28 31/44/28 16/19/28
f 9/23/29 1/45/29 24/46/29
f 8/47/30 23/17/30 38/43/30
f 16/19/31 32/48/31 17/25/31
f 9/23/32 25/49/32 10/28/32
f 36/39/33 52/50/33 37/41/33
f 29/40/34 45/51/34 30/42/34
f 37/41/35 53/52/35 38/43/35
f 30/42/36 46/53/36 31/44/36
f 24/46/37 1/54/37 39/55/37
f 8/56/38 38/43/38 53/52/38
f 32/48/39 46/53/39 47/57/39
f 24/46/40 40/58/40 25/49/40
f 32/48/41 48/59/41 33/33/41
f 25/49/42 41/60/42 26/34/42
f 34/35/43 48/59/43 49/61/43
f 26/34/44 42/62/44 27/36/44
f 35/37/45 49/61/45 50/63/45
f 27/36/46 43/64/46 28/38/46
f 36/39/47 50/63/47 51/65/47
f 28/38/48 44/66/48 29/40/48
f 49/61/49 63/67/49 64/68/49
f 41/60/50 57/69/50 42/62/50
f 49/61/51 65/70/51 50/63/51
f 42/62/52 58/71/52 43/64/52
f 50/63/53 66/72/53 51/65/53
f 43/64/54 59/73/54 44/66/54
f 51/65/55 67/74/55 52/50/55
f 45/51/56 59/73/56 60/75/56
f 52/50/57 68/76/57 53/52/57
f 46/53/58 60/75/58 61/77/58
f 39/55/59 1/78/59 54/79/59
f 8/80/60 53/52/60 68/76/60
f 46/53/61 62/81/61 47/57/61
f 39/55/62 55/82/62 40/58/62
f 47/57/63 63/67/63 48/59/63
f 40/58/64 56/83/64 41/60/64
f 67/74/65 83/84/65 68/76/65
f 61/77/66 75/85/66 76/86/66
f 54/79/67 1/87/67 69/88/67
f 8/89/68 68/76/68 83/84/68
f 61/77/69 77/90/69 62/81/69
f 54/79/70 70/91/70 55/82/70
f 62/81/71 78/92/71 63/67/71
f 55/82/72 71/93/72 56/83/72
f 64/68/73 78/92/73 79/94/73
f 56/83/74 72/95/74 57/69/74
f 64/68/75 80/96/75 65/70/75
f 58/71/76 72/95/76 73/97/76
f 65/70/77 81/98/77 66/72/77
f 58/71/78 74/99/78 59/73/78
f 67/74/79 81/98/79 82/100/79
f 60/75/80 74/99/80 75/85/80
f 71/93/81 87/101/81 72/95/81
f 79/94/82 95/102/82 80/96/82
f 73/97/83 87/101/83 88/103/83
f 80/96/84 96/104/84 81/98/84
f 73/97/85 89/105/85 74/99/85
f 81/98/86 97/106/86 82/100/86
f 75/85/87 89/105/87 90/107/87
f 83/84/88 97/106/88 98/108/88
f 76/86/89 90/107/89 91/109/89
f 69/88/90 1/110/90 84/111/90
f 8/112/91 83/84/91 98/108/91
f 76/86/92 92/113/92 77/90/92
f 69/88/93 85/114/93 70/91/93
f 77/90/94 93/115/94 78/92/94
f 70/91/95 86/116/95 71/93/95
f 79/94/96 93/115/96 94/117/96
f 91/109/97 105/118/97 106/119/97
f 84/111/98 1/120/98 99/121/98
f 8/122/99 98/108/99 113/123/99
f 91/109/100 107/124/100 92/113/100
f 85/114/101 99/121/101 100/125/101
f 92/113/102 108/126/102 93/115/102
f 85/114/103 101/127/103 86/116/103
f 94/117/104 108/126/104 109/128/104
f 86/116/105 102/129/105 87/101/105
f 94/117/106 110/130/106 95/102/106
f 88/103/107 102/129/107 103/131/107
f 96/104/108 110/130/108 111/132/108
f 88/103/109 104/133/109 89/105/109
f 97/106/110 111/132/110 112/134/110
f 90/107/111 104/133/111 105/118/111
f 97/106/112 113/123/112 98/108/112
f 109/128/113 125/135/113 110/130/113
f 103/131/114 117/136/114 118/137/114
f 111/132/115 125/135/115 126/138/115
f 103/131/116 119/139/116 104/133/116
f 111/132/117 127/140/117 112/134/117
f 105/118/118 119/139/118 120/141/118
f 112/134/119 128/142/119 113/123/119
f 106/119/120 120/141/120 121/143/120
f 99/121/121 1/144/121 114/145/121
f 8/146/122 113/123/122 128/142/122
f 106/119/123 122/147/123 107/124/123
f 100/125/124 114/145/124 115/148/124
f 107/124/125 123/149/125 108/126/125
f 100/125/126 116/150/126 101/127/126
f 109/128/127 123/149/127 124/151/127
f 101/127/128 117/136/128 102/129/128
f 114/145/129 1/152/129 129/153/129
f 8/154/130 128/142/130 143/155/130
f 121/143/131 137/156/131 122/147/131
f 114/145/132 130/157/132 115/148/132
f 122/147/133 138/158/133 123/149/133
f 115/148/134 131/159/134 116/150/134
f 124/151/135 138/158/135 139/160/135
f 116/150/136 132/161/136 117/136/136
f 124/151/137 140/162/137 125/135/137
f 118/137/138 132/161/138 133/163/138
f 126/138/139 140/162/139 141/164/139
f 118/137/140 134/165/140 119/139/140
f 126/138/141 142/166/141 127/140/141
f 120/141/142 134/165/142 135/167/142
f 127/140/143 143/155/143 128/142/143
f 121/143/144 135/167/144 136/168/144
f 133/163/145 147/169/145 148/170/145
f 141/164/146 155/171/146 156/172/146
f 133/163/147 149/173/147 134/165/147
f 141/164/148 157/174/148 142/166/148
f 135/167/149 149/173/149 150/175/149
f 143/155/150 157/174/150 158/176/150
f 136/168/151 150/175/151 151/177/151
f 129/153/152 1/178/152 144/179/152
f 8/180/153 143/155/153 158/176/153
f 136/168/154 152/181/154 137/156/154
f 129/153/155 145/182/155 130/157/155
f 137/156/156 153/183/156 138/158/156
f 131/159/157 145/182/157 146/184/157
f 139/160/158 153/183/158 154/185/158
f 131/159/159 147/169/159 132/161/159
f 139/160/160 155/171/160 140/162/160
f 151/177/161 167/186/161 152/181/161
f 144/179/162 160/187/162 145/182/162
f 152/181/163 168/188/163 153/183/163
f 146/184/164 160/187/164 161/189/164
f 154/185/165 168/188/165 169/190/165
f 146/184/166 162/191/166 147/169/166
f 154/185/167 170/192/167 155/171/167
f 148/170/168 162/191/168 163/193/168
f 156/172/169 170/192/169 171/194/169
f 148/170/170 164/195/170 149/173/170
f 156/172/171 172/196/171 157/174/171
f 150/175/172 164/195/172 165/197/172
f 157/174/173 173/198/173 158/176/173
f 151/177/174 165/197/174 166/199/174
f 144/179/175 1/200/175 159/201/175
f 8/202/176 158/176/176 173/198/176
f 170/192/177 186/203/177 171/194/177
f 163/193/178 179/204/178 164/195/178
f 172/196/179 186/203/179 187/205/179
f 165/197/180 179/204/180 180/206/180
f 173/198/181 187/205/181 188/207/181
f 166/199/182 180/206/182 181/208/182
f 159/201/183 1/209/183 174/210/183
f 8/211/184 173/198/184 188/207/184
f 166/199/185 182/212/185 167/186/185
f 159/201/186 175/213/186 160/187/186
f 167/186/187 183/214/187 168/188/187
f 160/187/188 176/215/188 161/189/188
f 169/190/189 183/214/189 184/216/189
f 161/189/190 177/217/190 162/191/190
f 169/190/191 185/218/191 170/192/191
f 163/193/192 177/217/192 178/219/192
f 182/212/193 198/220/193 183/214/193
f 176/215/194 190/221/194 191/222/194
f 184/216/195 198/220/195 199/223/195
f 176/215/196 192/224/196 177/217/196
f 184/216/197 200/225/197 185/218/197
f 178/219/198 192/224/198 193/226/198
f 186/203/199 200/225/199 201/227/199
f 178/219/200 194/228/200 179/204/200
f 186/203/201 202/229/201 187/205/201
f 180/206/202 194/228/202 195/230/202
f 187/205/203 203/231/203 188/207/203
f 181/208/204 195/230/204 196/232/204
f 174/210/205 1/233/205 189/234/205
f 8/235/206 188/207/206 203/231/206
f 181/208/207 197/236/207 182/212/207
f 175/213/208 189/234/208 190/221/208
f 201/227/209 217/237/209 202/229/209
f 195/230/210 209/238/210 210/239/210
f 202/229/211 218/240/211 203/231/211
f 196/232/212 210/239/212 211/241/212
f 189/234/213 1/242/213 204/243/213
f 8/244/214 203/231/214 218/240/214
f 196/232/215 212/245/215 197/236/215
f 189/234/216 205/246/216 190/221/216
f 197/236/217 213/247/217 198/220/217
f 190/221/218 206/248/218 191/222/218
f 199/223/219 213/247/219 214/249/219
f 191/222/220 207/250/220 192/224/220
f 199/223/221 215/251/221 200/225/221
f 193/226/222 207/250/222 208/252/222
f 201/227/223 215/251/223 216/253/223
f 193/226/224 209/238/224 194/228/224
f 205/246/225 221/254/225 206/248/225
f 214/249/226 228/255/226 229/256/226
f 206/248/227 222/257/227 207/250/227
f 214/249/228 230/258/228 215/251/228
f 208/252/229 222/257/229 223/259/229
f 216/253/230 230/258/230 231/260/230
f 208/252/231 224/261/231 209/238/231
f 216/253/232 232/262/232 217/237/232
f 210/239/233 224/261/233 225/263/233
f 217/237/234 233/264/234 218/240/234
f 211/241/235 225/263/235 226/265/235
f 204/243/236 1/266/236 219/267/236
f 8/268/237 218/240/237 233/264/237
f 211/241/238 227/269/238 212/245/238
f 204/243/239 220/270/239 205/246/239
f 212/245/240 228/255/240 213/247/240
f 225/263/241 239/271/241 240/272/241
f 233/264/242 247/273/242 248/274/242
f 226/265/243 240/272/243 241/275/243
f 219/267/244 1/276/244 234/277/244
f 8/278/245 233/264/245 248/274/245
f 226/265/246 242/279/246 227/269/246
f 219/267/247 235/280/247 220/270/247
f 227/269/248 243/281/248 228/255/248
f 221/254/249 235/280/249 236/282/249
f 229/256/250 243/281/250 244/283/250
f 221/254/251 237/284/251 222/257/251
f 229/256/252 245/285/252 230/258/252
f 223/259/253 237/284/253 238/286/253
f 231/260/254 245/285/254 246/287/254
f 223/259/255 239/271/255 224/261/255
f 231/260/256 247/273/256 232/262/256
f 244/283/257 258/288/257 259/289/257
f 236/282/258 252/290/258 237/284/258
f 244/283/259 260/291/259 245/285/259
f 238/286/260 252/290/260 253/292/260
f 246/287/261 260/291/261 261/293/261
f 238/286/262 254/294/262 239/271/262
f 246/287/263 262/295/263 247/273/263
f 240/272/264 254/294/264 255/296/264
f 247/273/265 263/297/265 248/274/265
f 241/275/266 255/296/266 256/298/266
f 234/277/267 1/299/267 249/300/267
f 8/301/268 248/274/268 263/297/268
f 241/275/269 257/302/269 242/279/269
f 234/277/270 250/303/270 235/280/270
f 242/279/271 258/288/271 243/281/271
f 235/280/272 251/304/272 236/282/272
f 262/295/273 278/305/273 263/297/273
f 256/298/274 270/306/274 271/307/274
f 249/300/275 1/308/275 264/309/275
f 8/310/276 263/297/276 278/305/276
f 256/298/277 272/311/277 257/302/277
f 250/303/278 264/309/278 265/312/278
f 257/302/279 273/313/279 258/288/279
f 250/303/280 266/314/280 251/304/280
f 259/289/281 273/313/281 274/315/281
f 251/304/282 267/316/282 252/290/282
f 259/289/283 275/317/283 260/291/283
f 253/292/284 267/316/284 268/318/284
f 261/293/285 275/317/285 276/319/285
f 253/292/286 269/320/286 254/294/286
f 261/293/287 277/321/287 262/295/287
f 255/296/288 269/320/288 270/306/288
f 266/314/289 282/322/289 267/316/289
f 274/315/290 290/323/290 275/317/290
f 268/318/291 282/322/291 283/324/291
f 276/319/292 290/323/292 291/325/292
f 268/318/293 284/326/293 269/320/293
f 276/319/294 292/327/294 277/321/294
f 270/306/295 284/326/295 285/328/295
f 278/305/296 292/327/296 293/329/296
f 271/307/297 285/328/297 286/330/297
f 264/309/298 1/331/298 279/332/298
f 8/333/299 278/305/299 293/329/299
f 271/307/300 287/334/300 272/311/300
f 265/312/301 279/332/301 280/335/301
f 272/311/302 288/336/302 273/313/302
f 265/312/303 281/337/303 266/314/303
f 274/315/304 288/336/304 289/338/304
f 286/330/305 300/339/305 301/340/305
f 279/332/306 1/341/306 294/342/306
f 8/343/307 293/329/307 308/344/307
f 286/330/308 302/345/308 287/334/308
f 279/332/309 295/346/309 280/335/309
f 287/334/310 303/347/310 288/336/310
f 280/335/311 296/348/311 281/337/311
f 289/338/312 303/347/312 304/349/312
f 281/337/313 297/350/313 282/322/313
f 289/338/314 305/351/314 290/323/314
f 283/324/315 297/350/315 298/352/315
f 291/325/316 305/351/316 306/353/316
f 283/324/317 299/354/317 284/326/317
f 291/325/318 307/355/318 292/327/318
f 285/328/319 299/354/319 300/339/319
f 293/329/320 307/355/320 308/344/320
f 304/349/321 320/356/321 305/351/321
f 298/352/322 312/357/322 313/358/322
f 306/353/323 320/356/323 321/359/323
f 298/352/324 314/360/324 299/354/324
f 306/353/325 322/361/325 307/355/325
f 300/339/326 314/360/326 315/362/326
f 307/355/327 323/363/327 308/344/327
f 301/340/328 315/362/328 316/364/328
f 294/342/329 1/365/329 309/366/329
f 8/367/330 308/344/330 323/363/330
f 301/340/331 317/368/331 302/345/331
f 294/342/332 310/369/332 295/346/332
f 302/345/333 318/370/333 303/347/333
f 295/346/334 311/371/334 296/348/334
f 304/349/335 318/370/335 319/372/335
f 296/348/336 312/357/336 297/350/336
f 8/373/337 323/363/337 338/374/337
f 316/364/338 332/375/338 317/368/338
f 309/366/339 325/376/339 310/369/339
f 317/368/340 333/377/340 318/370/340
f 310/369/341 326/378/341 311/371/341
f 319/372/342 333/377/342 334/379/342
f 311/371/343 327/380/343 312/357/343
f 319/372/344 335/381/344 320/356/344
f 312/357/345 328/382/345 313/358/345
f 321/359/346 335/381/346 336/383/346
f 313/358/347 329/384/347 314/360/347
f 321/359/348 337/385/348 322/361/348
f 315/362/349 329/384/349 330/386/349
f 322/361/350 338/374/350 323/363/350
f 316/364/351 330/386/351 331/387/351
f 309/366/352 1/388/352 324/389/352
f 336/383/353 350/390/353 351/391/353
f 328/382/354 344/392/354 329/384/354
f 336/383/355 352/393/355 337/385/355
f 330/386/356 344/392/356 345/394/356
f 337/385/357 353/395/357 338/374/357
f 331/387/358 345/394/358 346/396/358
f 324/389/359 1/397/359 339/398/359
f 8/399/360 338/374/360 353/395/360
f 331/387/361 347/400/361 332/375/361
f 324/389/362 340/401/362 325/376/362
f 332/375/363 348/402/363 333/377/363
f 325/376/364 341/403/364 326/378/364
f 334/379/365 348/402/365 349/404/365
f 326/378/366 342/405/366 327/380/366
f 334/379/367 350/390/367 335/381/367
f 328/382/368 342/405/368 343/406/368
f 339/398/369 355/407/369 340/401/369
f 347/400/370 363/408/370 348/402/370
f 341/403/371 355/407/371 356/409/371
f 349/404/372 363/408/372 364/410/372
f 341/403/373 357/411/373 342/405/373
f 349/404/374 365/412/374 350/390/374
f 343/406/375 357/411/375 358/413/375
f 351/391/376 365/412/376 366/414/376
f 343/406/377 359/415/377 344/392/377
f 351/391/378 367/416/378 352/393/378
f 345/394/379 359/415/379 360/417/379
f 352/393/380 368/418/380 353/395/380
f 346/396/381 360/417/381 361/419/381
f 339/398/382 1/420/382 354/421/382
f 8/422/383 353/395/383 368/418/383
f 346/396/384 362/423/384 347/400/384
f 358/424/385 374/425/385 359/426/385
f 366/427/386 382/428/386 367/429/386
f 360/430/387 374/425/387 375/431/387
f 367/429/388 383/432/388 368/433/388
f 361/434/389 375/431/389 376/435/389
f 354/436/390 1/437/390 369/438/390
f 8/439/391 368/433/391 383/432/391
f 361/434/392 377/440/392 362/441/392
f 354/436/393 370/442/393 355/443/393
f 362/441/394 378/444/394 363/445/394
f 356/446/395 370/442/395 371/447/395
f 364/448/396 378/444/396 379/449/396
f 356/446/397 372/450/397 357/451/397
f 364/448/398 380/452/398 365/453/398
f 358/424/399 372/450/399 373/454/399
f 366/427/400 380/452/400 381/455/400
f 377/440/401 393/456/401 378/444/401
f 371/447/402 385/457/402 386/458/402
f 379/449/403 393/456/403 394/459/403
f 371/447/404 387/460/404 372/450/404
f 379/449/405 395/461/405 380/452/405
f 373/454/406 387/460/406 388/462/406
f 381/455/407 395/461/407 396/463/407
f 373/454/408 389/464/408 374/425/408
f 381/455/409 397/465/409 382/428/409
f 375/431/410 389/464/410 390/466/410
f 382/428/411 398/467/411 383/432/411
f 376/435/412 390/466/412 391/468/412
f 369/438/413 1/469/413 384/470/413
f 8/471/414 383/432/414 398/467/414
f 376/435/415 392/472/415 377/440/415
f 369/438/416 385/457/416 370/442/416
f 397/465/417 411/473/417 412/474/417
f 390/466/418 404/475/418 405/476/418
f 397/465/419 413/477/419 398/467/419
f 391/468/420 405/476/420 406/478/420
f 384/470/421 1/479/421 399/480/421
f 8/481/422 398/467/422 413/477/422
f 391/468/423 407/482/423 392/472/423
f 385/457/424 399/480/424 400/483/424
f 392/472/425 408/484/425 393/456/425
f 385/457/426 401/485/426 386/458/426
f 394/459/427 408/484/427 409/486/427
f 386/458/428 402/487/428 387/460/428
f 394/459/429 410/488/429 395/461/429
f 388/462/430 402/487/430 403/489/430
f 396/463/431 410/488/431 411/473/431
f 388/462/432 404/475/432 389/464/432
f 401/485/433 415/490/433 416/491/433
f 409/486/434 423/492/434 424/493/434
f 401/485/435 417/494/435 402/487/435
f 409/486/436 425/495/436 410/488/436
f 403/489/437 417/494/437 418/496/437
f 411/473/438 425/495/438 426/497/438
f 403/489/439 419/498/439 404/475/439
f 411/473/440 427/499/440 412/474/440
f 405/476/441 419/498/441 420/500/441
f 412/474/442 428/501/442 413/477/442
f 406/478/443 420/500/443 421/502/443
f 399/480/444 1/503/444 414/504/444
f 8/505/445 413/477/445 428/501/445
f 406/478/446 422/506/446 407/482/446
f 399/480/447 415/490/447 400/483/447
f 407/482/448 423/492/448 408/484/448
f 420/500/449 434/507/449 435/508/449
f 427/499/450 443/509/450 428/501/450
f 421/502/451 435/508/451 436/510/451
f 414/504/452 1/511/452 429/512/452
f 8/513/453 428/501/453 443/509/453
f 421/502/454 437/514/454 422/506/454
f 414/504/455 430/515/455 415/490/455
f 422/506/456 438/516/456 423/492/456
f 416/491/457 430/515/457 431/517/457
f 424/493/458 438/516/458 439/518/458
f 416/491/459 432/519/459 417/494/459
f 424/493/460 440/520/460 425/495/460
f 418/496/461 432/519/461 433/521/461
f 426/497/462 440/520/462 441/522/462
f 418/496/463 434/507/463 419/498/463
f 426/497/464 442/523/464 427/499/464
f 439/518/465 453/524/465 454/525/465
f 431/517/466 447/526/466 432/519/466
f 439/518/467 455/527/467 440/520/467
f 433/521/468 447/526/468 448/528/468
f 441/522/469 455/527/469 456/529/469
f 433/521/470 449/530/470 434/507/470
f 441/522/471 457/531/471 442/523/471
f 435/508/472 449/530/472 450/532/472
f 442/523/473 458/533/473 443/509/473
f 436/510/474 450/532/474 451/534/474
f 429/512/475 1/535/475 444/536/475
f 8/537/476 443/509/476 458/533/476
f 436/510/477 452/538/477 437/514/477
f 430/515/478 444/536/478 445/539/478
f 437/514/479 453/524/479 438/516/479
f 430/515/480 446/540/480 431/517/480
f 458/533/481 472/541/481 473/542/481
f 451/534/482 465/543/482 466/544/482
f 444/536/483 1/545/483 459/546/483
f 8/547/484 458/533/484 473/542/484
f 451/534/485 467/548/485 452/538/485
f 444/536/486 460/549/486 445/539/486
f 452/538/487 468/550/487 453/524/487
f 446/540/488 460/549/488 461/551/488
f 454/525/489 468/550/489 469/552/489
f 446/540/490 462/553/490 447/526/490
f 454/525/491 470/554/491 455/527/491
f 448/528/492 462/553/492 463/555/492
f 456/529/493 470/554/493 471/556/493
f 448/528/494 464/557/494 449/530/494
f 456/529/495 472/541/495 457/531/495
f 450/532/496 464/557/496 465/543/496
f 469/552/497 479/6/497 470/554/497
f 463/555/498 476/1/498 3/7/498
f 471/556/499 479/6/499 480/10/499
f 464/557/500 3/7/500 477/11/500
f 471/556/501 481/14/501 472/541/501
f 465/543/502 477/11/502 4/15/502
f 472/541/503 482/18/503 473/542/503
f 466/544/504 4/15/504 5/20/504
f 459/546/505 1/558/505 474/21/505
f 8/559/506 473/542/506 482/18/506
f 466/544/507 6/26/507 467/548/507
f 460/549/508 474/21/508 475/27/508
f 467/548/509 478/30/509 468/550/509
f 461/551/510 475/27/510 2/31/510
f 468/550/511 7/4/511 469/552/511
f 462/553/512 2/31/512 476/1/512
f 476/1/1 2/31/1 11/2/1
f 7/4/2 19/32/2 20/5/2
f 3/7/3 476/1/3 12/3/3
f 479/6/4 20/5/4 21/9/4
f 477/11/5 3/7/5 13/8/5
f 480/10/6 21/9/6 22/13/6
f 4/15/7 477/11/7 14/12/7
f 481/14/8 22/13/8 23/17/8
f 4/15/513 15/16/513 16/19/513
f 5/20/514 16/19/514 17/25/514
f 475/27/13 474/21/13 9/23/13
f 6/26/14 17/25/14 18/29/14
f 2/31/15 475/27/15 10/28/15
f 478/30/16 18/29/16 19/32/16
f 17/25/17 32/48/17 33/33/17
f 10/28/18 25/49/18 26/34/18
f 18/29/19 33/33/19 34/35/19
f 11/2/20 26/34/20 27/36/20
f 19/32/21 34/35/21 35/37/21
f 12/3/22 27/36/22 28/38/22
f 21/9/23 20/5/23 35/37/23
f 13/8/24 28/38/24 29/40/24
f 22/13/25 21/9/25 36/39/25
f 15/16/26 14/12/26 29/40/26
f 22/13/27 37/41/27 38/43/27
f 15/16/28 30/42/28 31/44/28
f 16/19/31 31/44/31 32/48/31
f 9/23/32 24/46/32 25/49/32
f 36/39/515 51/65/515 52/50/515
f 29/40/34 44/66/34 45/51/34
f 37/41/35 52/50/35 53/52/35
f 30/42/36 45/51/36 46/53/36
f 32/48/39 31/44/39 46/53/39
f 24/46/40 39/55/40 40/58/40
f 32/48/41 47/57/41 48/59/41
f 25/49/516 40/58/516 41/60/516
f 34/35/43 33/33/43 48/59/43
f 26/34/44 41/60/44 42/62/44
f 35/37/45 34/35/45 49/61/45
f 27/36/46 42/62/46 43/64/46
f 36/39/47 35/37/47 50/63/47
f 28/38/48 43/64/48 44/66/48
f 49/61/49 48/59/49 63/67/49
f 41/60/50 56/83/50 57/69/50
f 49/61/51 64/68/51 65/70/51
f 42/62/52 57/69/52 58/71/52
f 50/63/53 65/70/53 66/72/53
f 43/64/54 58/71/54 59/73/54
f 51/65/55 66/72/55 67/74/55
f 45/51/56 44/66/56 59/73/56
f 52/50/57 67/74/57 68/76/57
f 46/53/58 45/51/58 60/75/58
f 46/53/61 61/77/61 62/81/61
f 39/55/62 54/79/62 55/82/62
f 47/57/63 62/81/63 63/67/63
f 40/58/64 55/82/64 56/83/64
f 67/74/517 82/100/517 83/84/517
f 61/77/66 60/75/66 75/85/66
f 61/77/69 76/86/69 77/90/69
f 54/79/70 69/88/70 70/91/70
f 62/81/71 77/90/71 78/92/71
f 55/82/72 70/91/72 71/93/72
f 64/68/73 63/67/73 78/92/73
f 56/83/74 71/93/74 72/95/74
f 64/68/75 79/94/75 80/96/75
f 58/71/76 57/69/76 72/95/76
f 65/70/77 80/96/77 81/98/77
f 58/71/78 73/97/78 74/99/78
f 67/74/79 66/72/79 81/98/79
f 60/75/80 59/73/80 74/99/80
f 71/93/81 86/116/81 87/101/81
f 79/94/82 94/117/82 95/102/82
f 73/97/83 72/95/83 87/101/83
f 80/96/84 95/102/84 96/104/84
f 73/97/85 88/103/85 89/105/85
f 81/98/86 96/104/86 97/106/86
f 75/85/87 74/99/87 89/105/87
f 83/84/88 82/100/88 97/106/88
f 76/86/89 75/85/89 90/107/89
f 76/86/92 91/109/92 92/113/92
f 69/88/93 84/111/93 85/114/93
f 77/90/94 92/113/94 93/115/94
f 70/91/95 85/114/95 86/116/95
f 79/94/96 78/92/96 93/115/96
f 91/109/97 90/107/97 105/118/97
f 91/109/100 106/119/100 107/124/100
f 85/114/101 84/111/101 99/121/101
f 92/113/102 107/124/102 108/126/102
f 85/114/103 100/125/103 101/127/103
f 94/117/104 93/115/104 108/126/104
f 86/116/105 101/127/105 102/129/105
f 94/117/106 109/128/106 110/130/106
f 88/103/107 87/101/107 102/129/107
f 96/104/108 95/102/108 110/130/108
f 88/103/109 103/131/109 104/133/109
f 97/106/110 96/104/110 111/132/110
f 90/107/111 89/105/111 104/133/111
f 97/106/112 112/134/112 113/123/112
f 109/128/113 124/151/113 125/135/113
f 103/131/114 102/129/114 117/136/114
f 111/132/115 110/130/115 125/135/115
f 103/131/116 118/137/116 119/139/116
f 111/132/117 126/138/117 127/140/117
f 105/118/118 104/133/118 119/139/118
f 112/134/119 127/140/119 128/142/119
f 106/119/120 105/118/120 120/141/120
f 106/119/123 121/143/123 122/147/123
f 100/125/124 99/121/124 114/145/124
f 107/124/125 122/147/125 123/149/125
f 100/125/126 115/148/126 116/150/126
f 109/128/127 108/126/127 123/149/127
f 101/127/128 116/150/128 117/136/128
f 121/143/131 136/168/131 137/156/131
f 114/145/132 129/153/132 130/157/132
f 122/147/133 137/156/133 138/158/133
f 115/148/134 130/157/134 131/159/134
f 124/151/135 123/149/135 138/158/135
f 116/150/136 131/159/136 132/161/136
f 124/151/137 139/160/137 140/162/137
f 118/137/138 117/136/138 132/161/138
f 126/138/139 125/135/139 140/162/139
f 118/137/140 133/163/140 134/165/140
f 126/138/141 141/164/141 142/166/141
f 120/141/142 119/139/142 134/165/142
f 127/140/143 142/166/143 143/155/143
f 121/143/144 120/141/144 135/167/144
f 133/163/145 132/161/145 147/169/145
f 141/164/146 140/162/146 155/171/146
f 133/163/147 148/170/147 149/173/147
f 141/164/148 156/172/148 157/174/148
f 135/167/149 134/165/149 149/173/149
f 143/155/150 142/166/150 157/174/150
f 136/168/151 135/167/151 150/175/151
f 136/168/154 151/177/154 152/181/154
f 129/153/155 144/179/155 145/182/155
f 137/156/156 152/181/156 153/183/156
f 131/159/157 130/157/157 145/182/157
f 139/160/158 138/158/158 153/183/158
f 131/159/159 146/184/159 147/169/159
f 139/160/160 154/185/160 155/171/160
f 151/177/161 166/199/161 167/186/161
f 144/179/162 159/201/162 160/187/162
f 152/181/163 167/186/163 168/188/163
f 146/184/518 145/182/518 160/187/518
f 154/185/165 153/183/165 168/188/165
f 146/184/166 161/189/166 162/191/166
f 154/185/167 169/190/167 170/192/167
f 148/170/168 147/169/168 162/191/168
f 156/172/169 155/171/169 170/192/169
f 148/170/170 163/193/170 164/195/170
f 156/172/519 171/194/519 172/196/519
f 150/175/172 149/173/172 164/195/172
f 157/174/173 172/196/173 173/198/173
f 151/177/174 150/175/174 165/197/174
f 170/192/177 185/218/177 186/203/177
f 163/193/178 178/219/178 179/204/178
f 172/196/179 171/194/179 186/203/179
f 165/197/180 164/195/180 179/204/180
f 173/198/181 172/196/181 187/205/181
f 166/199/182 165/197/182 180/206/182
f 166/199/185 181/208/185 182/212/185
f 159/201/186 174/210/186 175/213/186
f 167/186/187 182/212/187 183/214/187
f 160/187/188 175/213/188 176/215/188
f 169/190/189 168/188/189 183/214/189
f 161/189/190 176/215/190 177/217/190
f 169/190/191 184/216/191 185/218/191
f 163/193/192 162/191/192 177/217/192
f 182/212/193 197/236/193 198/220/193
f 176/215/194 175/213/194 190/221/194
f 184/216/195 183/214/195 198/220/195
f 176/215/196 191/222/196 192/224/196
f 184/216/197 199/223/197 200/225/197
f 178/219/198 177/217/198 192/224/198
f 186/203/199 185/218/199 200/225/199
f 178/219/200 193/226/200 194/228/200
f 186/203/201 201/227/201 202/229/201
f 180/206/202 179/204/202 194/228/202
f 187/205/203 202/229/203 203/231/203
f 181/208/204 180/206/204 195/230/204
f 181/208/207 196/232/207 197/236/207
f 175/213/208 174/210/208 189/234/208
f 201/227/520 216/253/520 217/237/520
f 195/230/210 194/228/210 209/238/210
f 202/229/211 217/237/211 218/240/211
f 196/232/212 195/230/212 210/239/212
f 196/232/215 211/241/215 212/245/215
f 189/234/216 204/243/216 205/246/216
f 197/236/217 212/245/217 213/247/217
f 190/221/218 205/246/218 206/248/218
f 199/223/219 198/220/219 213/247/219
f 191/222/220 206/248/220 207/250/220
f 199/223/221 214/249/221 215/251/221
f 193/226/222 192/224/222 207/250/222
f 201/227/223 200/225/223 215/251/223
f 193/226/224 208/252/224 209/238/224
f 205/246/225 220/270/225 221/254/225
f 214/249/226 213/247/226 228/255/226
f 206/248/227 221/254/227 222/257/227
f 214/249/228 229/256/228 230/258/228
f 208/252/229 207/250/229 222/257/229
f 216/253/230 215/251/230 230/258/230
f 208/252/231 223/259/231 224/261/231
f 216/253/232 231/260/232 232/262/232
f 210/239/233 209/238/233 224/261/233
f 217/237/234 232/262/234 233/264/234
f 211/241/235 210/239/235 225/263/235
f 211/241/238 226/265/238 227/269/238
f 204/243/239 219/267/239 220/270/239
f 212/245/240 227/269/240 228/255/240
f 225/263/241 224/261/241 239/271/241
f 233/264/242 232/262/242 247/273/242
f 226/265/243 225/263/243 240/272/243
f 226/265/246 241/275/246 242/279/246
f 219/267/247 234/277/247 235/280/247
f 227/269/248 242/279/248 243/281/248
f 221/254/249 220/270/249 235/280/249
f 229/256/250 228/255/250 243/281/250
f 221/254/251 236/282/251 237/284/251
f 229/256/252 244/283/252 245/285/252
f 223/259/253 222/257/253 237/284/253
f 231/260/254 230/258/254 245/285/254
f 223/259/255 238/286/255 239/271/255
f 231/260/256 246/287/256 247/273/256
f 244/283/257 243/281/257 258/288/257
f 236/282/258 251/304/258 252/290/258
f 244/283/259 259/289/259 260/291/259
f 238/286/260 237/284/260 252/290/260
f 246/287/261 245/285/261 260/291/261
f 238/286/262 253/292/262 254/294/262
f 246/287/263 261/293/263 262/295/263
f 240/272/264 239/271/264 254/294/264
f 247/273/265 262/295/265 263/297/265
f 241/275/521 240/272/521 255/296/521
f 241/275/522 256/298/522 257/302/522
f 234/277/270 249/300/270 250/303/270
f 242/279/271 257/302/271 258/288/271
f 235/280/272 250/303/272 251/304/272
f 262/295/273 277/321/273 278/305/273
f 256/298/274 255/296/274 270/306/274
f 256/298/277 271/307/277 272/311/277
f 250/303/278 249/300/278 264/309/278
f 257/302/279 272/311/279 273/313/279
f 250/303/280 265/312/280 266/314/280
f 259/289/281 258/288/281 273/313/281
f 251/304/282 266/314/282 267/316/282
f 259/289/283 274/315/283 275/317/283
f 253/292/284 252/290/284 267/316/284
f 261/293/285 260/291/285 275/317/285
f 253/292/286 268/318/286 269/320/286
f 261/293/287 276/319/287 277/321/287
f 255/296/288 254/294/288 269/320/288
f 266/314/289 281/337/289 282/322/289
f 274/315/290 289/338/290 290/323/290
f 268/318/291 267/316/291 282/322/291
f 276/319/292 275/317/292 290/323/292
f 268/318/293 283/324/293 284/326/293
f 276/319/523 291/325/523 292/327/523
f 270/306/295 269/320/295 284/326/295
f 278/305/296 277/321/296 292/327/296
f 271/307/297 270/306/297 285/328/297
f 271/307/300 286/330/300 287/334/300
f 265/312/301 264/309/301 279/332/301
f 272/311/302 287/334/302 288/336/302
f 265/312/524 280/335/524 281/337/524
f 274/315/304 273/313/304 288/336/304
f 286/330/305 285/328/305 300/339/305
f 286/330/308 301/340/308 302/345/308
f 279/332/309 294/342/309 295/346/309
f 287/334/310 302/345/310 303/347/310
f 280/335/311 295/346/311 296/348/311
f 289/338/312 288/336/312 303/347/312
f 281/337/313 296/348/313 297/350/313
f 289/338/314 304/349/314 305/351/314
f 283/324/315 282/322/315 297/350/315
f 291/325/316 290/323/316 305/351/316
f 283/324/317 298/352/317 299/354/317
f 291/325/318 306/353/318 307/355/318
f 285/328/319 284/326/319 299/354/319
f 293/329/320 292/327/320 307/355/320
f 304/349/321 319/372/321 320/356/321
f 298/352/322 297/350/322 312/357/322
f 306/353/323 305/351/323 320/356/323
f 298/352/324 313/358/324 314/360/324
f 306/353/325 321/359/325 322/361/325
f 300/339/326 299/354/326 314/360/326
f 307/355/525 322/361/525 323/363/525
f 301/340/328 300/339/328 315/362/328
f 301/340/331 316/364/331 317/368/331
f 294/342/332 309/366/332 310/369/332
f 302/345/333 317/368/333 318/370/333
f 295/346/334 310/369/334 311/371/334
f 304/349/335 303/347/335 318/370/335
f 296/348/336 311/371/336 312/357/336
f 316/364/338 331/387/338 332/375/338
f 309/366/339 324/389/339 325/376/339
f 317/368/340 332/375/340 333/377/340
f 310/369/341 325/376/341 326/378/341
f 319/372/342 318/370/342 333/377/342
f 311/371/343 326/378/343 327/380/343
f 319/372/344 334/379/344 335/381/344
f 312/357/345 327/380/345 328/382/345
f 321/359/346 320/356/346 335/381/346
f 313/358/347 328/382/347 329/384/347
f 321/359/526 336/383/526 337/385/526
f 315/362/349 314/360/349 329/384/349
f 322/361/350 337/385/350 338/374/350
f 316/364/351 315/362/351 330/386/351
f 336/383/353 335/381/353 350/390/353
f 328/382/354 343/406/354 344/392/354
f 336/383/355 351/391/355 352/393/355
f 330/386/356 329/384/356 344/392/356
f 337/385/357 352/393/357 353/395/357
f 331/387/358 330/386/358 345/394/358
f 331/387/361 346/396/361 347/400/361
f 324/389/362 339/398/362 340/401/362
f 332/375/363 347/400/363 348/402/363
f 325/376/364 340/401/364 341/403/364
f 334/379/365 333/377/365 348/402/365
f 326/378/366 341/403/366 342/405/366
f 334/379/367 349/404/367 350/390/367
f 328/382/368 327/380/368 342/405/368
f 339/398/369 354/421/369 355/407/369
f 347/400/370 362/423/370 363/408/370
f 341/403/371 340/401/371 355/407/371
f 349/404/372 348/402/372 363/408/372
f 341/403/373 356/409/373 357/411/373
f 349/404/374 364/410/374 365/412/374
f 343/406/375 342/405/375 357/411/375
f 351/391/376 350/390/376 365/412/376
f 343/406/377 358/413/377 359/415/377
f 351/391/378 366/414/378 367/416/378
f 345/394/379 344/392/379 359/415/379
f 352/393/380 367/416/380 368/418/380
f 346/396/527 345/394/527 360/417/527
f 346/396/528 361/419/528 362/423/528
f 358/424/385 373/454/385 374/425/385
f 366/427/386 381/455/386 382/428/386
f 360/430/387 359/426/387 374/425/387
f 367/429/388 382/428/388 383/432/388
f 361/434/529 360/430/529 375/431/529
f 361/434/530 376/435/530 377/440/530
f 354/436/393 369/438/393 370/442/393
f 362/441/394 377/440/394 378/444/394
f 356/446/395 355/443/395 370/442/395
f 364/448/396 363/445/396 378/444/396
f 356/446/397 371/447/397 372/450/397
f 364/448/398 379/449/398 380/452/398
f 358/424/399 357/451/399 372/450/399
f 366/427/400 365/453/400 380/452/400
f 377/440/401 392/472/401 393/456/401
f 371/447/402 370/442/402 385/457/402
f 379/449/403 378/444/403 393/456/403
f 371/447/404 386/458/404 387/460/404
f 379/449/405 394/459/405 395/461/405
f 373/454/406 372/450/406 387/460/406
f 381/455/407 380/452/407 395/461/407
f 373/454/408 388/462/408 389/464/408
f 381/455/409 396/463/409 397/465/409
f 375/431/410 374/425/410 389/464/410
f 382/428/411 397/465/411 398/467/411
f 376/435/412 375/431/412 390/466/412
f 376/435/415 391/468/415 392/472/415
f 369/438/416 384/470/416 385/457/416
f 397/465/417 396/463/417 411/473/417
f 390/466/418 389/464/418 404/475/418
f 397/465/419 412/474/419 413/477/419
f 391/468/420 390/466/420 405/476/420
f 391/468/423 406/478/423 407/482/423
f 385/457/424 384/470/424 399/480/424
f 392/472/425 407/482/425 408/484/425
f 385/457/426 400/483/426 401/485/426
f 394/459/427 393/456/427 408/484/427
f 386/458/428 401/485/428 402/487/428
f 394/459/429 409/486/429 410/488/429
f 388/462/430 387/460/430 402/487/430
f 396/463/431 395/461/431 410/488/431
f 388/462/432 403/489/432 404/475/432
f 401/485/433 400/483/433 415/490/433
f 409/486/434 408/484/434 423/492/434
f 401/485/435 416/491/435 417/494/435
f 409/486/436 424/493/436 425/495/436
f 403/489/437 402/487/437 417/494/437
f 411/473/438 410/488/438 425/495/438
f 403/489/439 418/496/439 419/498/439
f 411/473/440 426/497/440 427/499/440
f 405/476/441 404/475/441 419/498/441
f 412/474/442 427/499/442 428/501/442
f 406/478/443 405/476/443 420/500/443
f 406/478/446 421/502/446 422/506/446
f 399/480/447 414/504/447 415/490/447
f 407/482/448 422/506/448 423/492/448
f 420/500/449 419/498/449 434/507/449
f 427/499/450 442/523/450 443/509/450
f 421/502/451 420/500/451 435/508/451
f 421/502/454 436/510/454 437/514/454
f 414/504/455 429/512/455 430/515/455
f 422/506/456 437/514/456 438/516/456
f 416/491/457 415/490/457 430/515/457
f 424/493/458 423/492/458 438/516/458
f 416/491/459 431/517/459 432/519/459
f 424/493/460 439/518/460 440/520/460
f 418/496/461 417/494/461 432/519/461
f 426/497/462 425/495/462 440/520/462
f 418/496/463 433/521/463 434/507/463
f 426/497/464 441/522/464 442/523/464
f 439/518/465 438/516/465 453/524/465
f 431/517/466 446/540/466 447/526/466
f 439/518/467 454/525/467 455/527/467
f 433/521/468 432/519/468 447/526/468
f 441/522/469 440/520/469 455/527/469
f 433/521/470 448/528/470 449/530/470
f 441/522/471 456/529/471 457/531/471
f 435/508/472 434/507/472 449/530/472
f 442/523/473 457/531/473 458/533/473
f 436/510/474 435/508/474 450/532/474
f 436/510/477 451/534/477 452/538/477
f 430/515/478 429/512/478 444/536/478
f 437/514/479 452/538/479 453/524/479
f 430/515/480 445/539/480 446/540/480
f 458/533/481 457/531/481 472/541/481
f 451/534/482 450/532/482 465/543/482
f 451/534/485 466/544/485 467/548/485
f 444/536/486 459/546/486 460/549/486
f 452/538/487 467/548/487 468/550/487
f 446/540/488 445/539/488 460/549/488
f 454/525/489 453/524/489 468/550/489
f 446/540/490 461/551/490 462/553/490
f 454/525/491 469/552/491 470/554/491
f 448/528/492 447/526/492 462/553/492
f 456/529/493 455/527/493 470/554/493
f 448/528/494 463/555/494 464/557/494
f 456/529/495 471/556/495 472/541/495
f 450/532/496 449/530/496 464/557/496
f 469/552/497 7/4/497 479/6/497
f 463/555/498 462/553/498 476/1/498
f 471/556/499 470/554/499 479/6/499
f 464/557/500 463/555/500 3/7/500
f 471/556/501 480/10/501 481/14/501
f 465/543/502 464/557/502 477/11/502
f 472/541/503 481/14/503 482/18/503
f 466/544/504 465/543/504 4/15/504
f 466/544/507 5/20/507 6/26/507
f 460/549/508 459/546/508 474/21/508
f 467/548/509 6/26/509 478/30/509
f 461/551/510 460/549/510 475/27/510
f 468/550/511 478/30/511 7/4/511
f 462/553/512 461/551/512 2/31/512
o 球.002
v -1.493904 1.037587 0.000000
v -1.493904 1.002560 -0.115467
v -1.493904 0.945219 -0.172809
v -1.493904 0.870298 -0.203842
v -1.493904 0.829751 -0.207836
v -1.493904 0.789205 -0.203842
v -1.493904 0.714284 -0.172809
v -1.493904 0.621916 0.000000
v -1.485994 1.033593 -0.039768
v -1.478387 1.021766 -0.078007
v -1.471377 1.002560 -0.113249
v -1.465233 0.976713 -0.144138
v -1.460191 0.945219 -0.169489
v -1.456444 0.909287 -0.188326
v -1.454136 0.870298 -0.199925
v -1.453357 0.829751 -0.203842
v -1.454136 0.789205 -0.199925
v -1.456444 0.750216 -0.188326
v -1.460191 0.714284 -0.169489
v -1.465233 0.682789 -0.144138
v -1.471377 0.656942 -0.113249
v -1.478387 0.637736 -0.078007
v -1.485994 0.625909 -0.039768
v -1.478387 1.033593 -0.037460
v -1.463467 1.021766 -0.073481
v -1.449716 1.002560 -0.106678
v -1.437664 0.976713 -0.135775
v -1.427773 0.945219 -0.159655
v -1.420423 0.909287 -0.177399
v -1.415897 0.870298 -0.188326
v -1.414369 0.829751 -0.192015
v -1.415897 0.789205 -0.188326
v -1.420423 0.750216 -0.177399
v -1.427773 0.714284 -0.159655
v -1.437664 0.682789 -0.135775
v -1.449716 0.656942 -0.106678
v -1.463467 0.637736 -0.073481
v -1.478387 0.625909 -0.037460
v -1.471377 1.033593 -0.033713
v -1.449716 1.021766 -0.066131
v -1.429754 1.002560 -0.096008
v -1.412256 0.976713 -0.122194
v -1.397896 0.945219 -0.143685
v -1.387226 0.909287 -0.159655
v -1.380655 0.870298 -0.169489
v -1.378437 0.829751 -0.172809
v -1.380655 0.789205 -0.169489
v -1.387226 0.750216 -0.159655
v -1.397896 0.714284 -0.143685
v -1.412256 0.682789 -0.122194
v -1.429754 0.656942 -0.096008
v -1.449716 0.637736 -0.066131
v -1.471377 0.625909 -0.033713
v -1.465233 1.033593 -0.028671
v -1.437664 1.021766 -0.056240
v -1.412256 1.002560 -0.081648
v -1.389986 0.976713 -0.103918
v -1.371709 0.945219 -0.122194
v -1.358129 0.909287 -0.135775
v -1.349766 0.870298 -0.144138
v -1.346942 0.829751 -0.146962
v -1.349766 0.789205 -0.144138
v -1.358129 0.750216 -0.135775
v -1.371709 0.714284 -0.122194
v -1.389986 0.682789 -0.103918
v -1.412256 0.656942 -0.081648
v -1.437664 0.637736 -0.056240
v -1.465233 0.625909 -0.028671
v -1.460191 1.033593 -0.022527
v -1.427773 1.021766 -0.044187
v -1.397896 1.002560 -0.064150
v -1.371709 0.976713 -0.081648
v -1.350218 0.945219 -0.096008
v -1.334249 0.909287 -0.106678
v -1.324415 0.870298 -0.113249
v -1.321095 0.829751 -0.115467
v -1.324415 0.789205 -0.113249
v -1.334249 0.750216 -0.106678
v -1.350218 0.714284 -0.096008
v -1.371709 0.682789 -0.081648
v -1.397896 0.656942 -0.064150
v -1.427773 0.637736 -0.044187
v -1.460191 0.625909 -0.022527
v -1.456444 1.033593 -0.015517
v -1.420423 1.021766 -0.030437
v -1.387226 1.002560 -0.044187
v -1.358129 0.976713 -0.056240
v -1.334249 0.945219 -0.066131
v -1.316505 0.909287 -0.073481
v -1.305578 0.870298 -0.078007
v -1.301889 0.829751 -0.079535
v -1.305578 0.789205 -0.078007
v -1.316505 0.750216 -0.073481
v -1.334249 0.714284 -0.066131
v -1.358129 0.682789 -0.056240
v -1.387226 0.656942 -0.044187
v -1.420423 0.637736 -0.030437
v -1.456444 0.625909 -0.015517
v -1.454136 1.033593 -0.007910
v -1.415897 1.021766 -0.015517
v -1.380655 1.002560 -0.022527
v -1.349766 0.976713 -0.028671
v -1.324415 0.945219 -0.033713
v -1.305578 0.909287 -0.037460
v -1.293979 0.870298 -0.039768
v -1.290062 0.829751 -0.040547
v -1.293979 0.789205 -0.039768
v -1.305578 0.750216 -0.037460
v -1.324415 0.714284 -0.033713
v -1.349766 0.682789 -0.028671
v -1.380655 0.656942 -0.022527
v -1.415897 0.637736 -0.015517
v -1.454136 0.625909 -0.007910
v -1.453357 1.033593 0.000000
v -1.414369 1.021766 0.000000
v -1.378437 1.002560 0.000000
v -1.346942 0.976713 -0.000000
v -1.321095 0.945219 0.000000
v -1.301889 0.909287 -0.000000
v -1.290062 0.870298 0.000000
v -1.286068 0.829751 0.000000
v -1.290062 0.789205 0.000000
v -1.301889 0.750216 -0.000000
v -1.321095 0.714284 0.000000
v -1.346942 0.682789 -0.000000
v -1.378437 0.656942 0.000000
v -1.414369 0.637736 0.000000
v -1.453357 0.625909 0.000000
v -1.454136 1.033593 0.007910
v -1.415897 1.021766 0.015517
v -1.380655 1.002560 0.022527
v -1.349766 0.976713 0.028671
v -1.324415 0.945219 0.033713
v -1.305578 0.909287 0.037460
v -1.293979 0.870298 0.039768
v -1.290062 0.829751 0.040547
v -1.293979 0.789205 0.039768
v -1.305578 0.750216 0.037460
v -1.324415 0.714284 0.033713
v -1.349766 0.682789 0.028671
v -1.380655 0.656942 0.022527
v -1.415897 0.637736 0.015517
v -1.454136 0.625909 0.007910
v -1.456444 1.033593 0.015517
v -1.420423 1.021766 0.030437
v -1.387226 1.002560 0.044187
v -1.358129 0.976713 0.056240
v -1.334249 0.945219 0.066131
v -1.316505 0.909287 0.073481
v -1.305578 0.870298 0.078007
v -1.301889 0.829751 0.079535
v -1.305578 0.789205 0.078007
v -1.316505 0.750216 0.073481
v -1.334249 0.714284 0.066131
v -1.358129 0.682789 0.056240
v -1.387226 0.656942 0.044187
v -1.420423 0.637736 0.030437
v -1.456444 0.625909 0.015517
v -1.460191 1.033593 0.022527
v -1.427773 1.021766 0.044187
v -1.397896 1.002560 0.064150
v -1.371709 0.976713 0.081648
v -1.350219 0.945219 0.096008
v -1.334249 0.909287 0.106678
v -1.324415 0.870298 0.113249
v -1.321095 0.829751 0.115467
v -1.324415 0.789205 0.113249
v -1.334249 0.750216 0.106678
v -1.350219 0.714284 0.096008
v -1.371709 0.682789 0.081648
v -1.397896 0.656942 0.064150
v -1.427773 0.637736 0.044187
v -1.460191 0.625909 0.022527
v -1.465233 1.033593 0.028671
v -1.437664 1.021766 0.056240
v -1.412256 1.002560 0.081648
v -1.389986 0.976713 0.103918
v -1.371709 0.945219 0.122194
v -1.358129 0.909287 0.135775
v -1.349766 0.870298 0.144138
v -1.346942 0.829751 0.146962
v -1.349766 0.789205 0.144138
v -1.358129 0.750216 0.135775
v -1.371709 0.714284 0.122194
v -1.389986 0.682789 0.103918
v -1.412256 0.656942 0.081648
v -1.437664 0.637736 0.056240
v -1.465233 0.625909 0.028671
v -1.471377 1.033593 0.033713
v -1.449716 1.021766 0.066131
v -1.429754 1.002560 0.096008
v -1.412256 0.976713 0.122194
v -1.397896 0.945219 0.143685
v -1.387226 0.909287 0.159655
v -1.380655 0.870298 0.169489
v -1.378437 0.829751 0.172809
v -1.380655 0.789205 0.169489
v -1.387226 0.750216 0.159655
v -1.397896 0.714284 0.143685
v -1.412256 0.682789 0.122194
v -1.429754 0.656942 0.096008
v -1.449716 0.637736 0.066131
v -1.471377 0.625909 0.033713
v -1.478387 1.033593 0.037460
v -1.463467 1.021766 0.073481
v -1.449716 1.002560 0.106678
v -1.437664 0.976713 0.135775
v -1.427773 0.945219 0.159655
v -1.420423 0.909287 0.177399
v -1.415897 0.870298 0.188326
v -1.414369 0.829751 0.192015
v -1.415897 0.789205 0.188326
v -1.420423 0.750216 0.177399
v -1.427773 0.714284 0.159655
v -1.437664 0.682789 0.135775
v -1.449716 0.656942 0.106678
v -1.463467 0.637736 0.073481
v -1.478387 0.625909 0.037460
v -1.485994 1.033593 0.039768
v -1.478387 1.021766 0.078007
v -1.471377 1.002560 0.113249
v -1.465233 0.976713 0.144138
v -1.460191 0.945219 0.169488
v -1.456444 0.909287 0.188326
v -1.454136 0.870298 0.199925
v -1.453357 0.829751 0.203842
v -1.454136 0.789205 0.199925
v -1.456444 0.750216 0.188326
v -1.460191 0.714284 0.169488
v -1.465233 0.682789 0.144138
v -1.471377 0.656942 0.113249
v -1.478387 0.637736 0.078007
v -1.485994 0.625909 0.039768
v -1.493904 1.033593 0.040547
v -1.493904 1.021766 0.079535
v -1.493904 1.002560 0.115467
v -1.493904 0.976713 0.146962
v -1.493904 0.945219 0.172809
v -1.493904 0.909287 0.192015
v -1.493904 0.870298 0.203842
v -1.493904 0.829751 0.207836
v -1.493904 0.789205 0.203842
v -1.493904 0.750216 0.192015
v -1.493904 0.714284 0.172809
v -1.493904 0.682789 0.146962
v -1.493904 0.656942 0.115467
v -1.493904 0.637736 0.079535
v -1.493904 0.625909 0.040547
v -1.501814 1.033593 0.039768
v -1.509420 1.021766 0.078007
v -1.516430 1.002560 0.113249
v -1.522575 0.976713 0.144138
v -1.527617 0.945219 0.169488
v -1.531364 0.909287 0.188326
v -1.533671 0.870298 0.199925
v -1.534451 0.829751 0.203842
v -1.533671 0.789205 0.199925
v -1.531364 0.750216 0.188326
v -1.527617 0.714284 0.169488
v -1.522575 0.682789 0.144138
v -1.516430 0.656942 0.113249
v -1.509420 0.637736 0.078007
v -1.501814 0.625909 0.039768
v -1.509420 1.033593 0.037460
v -1.524341 1.021766 0.073481
v -1.538091 1.002560 0.106678
v -1.550144 0.976713 0.135775
v -1.560035 0.945219 0.159655
v -1.567385 0.909287 0.177399
v -1.571911 0.870298 0.188325
v -1.573439 0.829751 0.192015
v -1.571911 0.789205 0.188325
v -1.567385 0.750216 0.177399
v -1.560035 0.714284 0.159655
v -1.550144 0.682789 0.135775
v -1.538091 0.656942 0.106678
v -1.524341 0.637736 0.073481
v -1.509420 0.625909 0.037460
v -1.516430 1.033593 0.033713
v -1.538091 1.021766 0.066131
v -1.558054 1.002560 0.096007
v -1.575552 0.976713 0.122194
v -1.589911 0.945219 0.143685
v -1.600582 0.909287 0.159655
v -1.607152 0.870298 0.169488
v -1.609371 0.829751 0.172809
v -1.607152 0.789205 0.169488
v -1.600582 0.750216 0.159655
v -1.589911 0.714284 0.143685
v -1.575552 0.682789 0.122194
v -1.558054 0.656942 0.096007
v -1.538091 0.637736 0.066131
v -1.516430 0.625909 0.033713
v -1.522575 1.033593 0.028671
v -1.550144 1.021766 0.056240
v -1.575552 1.002560 0.081648
v -1.597822 0.976713 0.103918
v -1.616098 0.945219 0.122194
v -1.629679 0.909287 0.135775
v -1.638042 0.870298 0.144138
v -1.640866 0.829751 0.146962
v -1.638042 0.789205 0.144138
v -1.629679 0.750216 0.135775
v -1.616098 0.714284 0.122194
v -1.597822 0.682789 0.103918
v -1.575552 0.656942 0.081648
v -1.550144 0.637736 0.056240
v -1.522575 0.625909 0.028671
v -1.527617 1.033593 0.022527
v -1.560035 1.021766 0.044187
v -1.589911 1.002560 0.064150
v -1.616098 0.976713 0.081648
v -1.637589 0.945219 0.096007
v -1.653558 0.909287 0.106678
v -1.663392 0.870298 0.113249
v -1.666713 0.829751 0.115467
v -1.663392 0.789205 0.113249
v -1.653558 0.750216 0.106678
v -1.637589 0.714284 0.096007
v -1.616098 0.682789 0.081648
v -1.589911 0.656942 0.064150
v -1.560035 0.637736 0.044187
v -1.527617 0.625909 0.022527
v -1.531364 1.033593 0.015517
v -1.567385 1.021766 0.030437
v -1.600582 1.002560 0.044187
v -1.629679 0.976713 0.056240
v -1.653558 0.945219 0.066131
v -1.671303 0.909287 0.073481
v -1.682229 0.870298 0.078007
v -1.685919 0.829751 0.079535
v -1.682229 0.789205 0.078007
v -1.671303 0.750216 0.073481
v -1.653558 0.714284 0.066131
v -1.629679 0.682789 0.056240
v -1.600582 0.656942 0.044187
v -1.567385 0.637736 0.030437
v -1.531364 0.625909 0.015517
v -1.533671 1.033593 0.007910
v -1.571911 1.021766 0.015517
v -1.607152 1.002560 0.022527
v -1.638042 0.976713 0.028671
v -1.663392 0.945219 0.033713
v -1.682229 0.909287 0.037460
v -1.693829 0.870298 0.039768
v -1.697746 0.829751 0.040547
v -1.693829 0.789205 0.039768
v -1.682229 0.750216 0.037460
v -1.663392 0.714284 0.033713
v -1.638042 0.682789 0.028671
v -1.607152 0.656942 0.022527
v -1.571911 0.637736 0.015517
v -1.533671 0.625909 0.007910
v -1.534451 1.033593 -0.000000
v -1.573439 1.021766 -0.000000
v -1.609371 1.002560 -0.000000
v -1.640866 0.976713 -0.000000
v -1.666713 0.945219 -0.000000
v -1.685919 0.909287 -0.000000
v -1.697746 0.870298 -0.000000
v -1.701739 0.829751 -0.000000
v -1.697746 0.789205 -0.000000
v -1.685919 0.750216 -0.000000
v -1.666713 0.714284 -0.000000
v -1.640866 0.682789 -0.000000
v -1.609371 0.656942 -0.000000
v -1.573439 0.637736 -0.000000
v -1.534451 0.625909 -0.000000
v -1.533671 1.033593 -0.007910
v -1.571911 1.021766 -0.015517
v -1.607152 1.002560 -0.022527
v -1.638042 0.976713 -0.028671
v -1.663392 0.945219 -0.033713
v -1.682229 0.909287 -0.037460
v -1.693829 0.870298 -0.039768
v -1.697746 0.829751 -0.040547
v -1.693829 0.789205 -0.039768
v -1.682229 0.750216 -0.037460
v -1.663392 0.714284 -0.033713
v -1.638042 0.682789 -0.028671
v -1.607152 0.656942 -0.022527
v -1.571911 0.637736 -0.015517
v -1.533671 0.625909 -0.007910
v -1.531364 1.033593 -0.015517
v -1.567385 1.021766 -0.030437
v -1.600582 1.002560 -0.044187
v -1.629679 0.976713 -0.056240
v -1.653558 0.945219 -0.066131
v -1.671303 0.909287 -0.073481
v -1.682229 0.870298 -0.078007
v -1.685919 0.829751 -0.079535
v -1.682229 0.789205 -0.078007
v -1.671303 0.750216 -0.073481
v -1.653558 0.714284 -0.066131
v -1.629679 0.682789 -0.056240
v -1.600582 0.656942 -0.044187
v -1.567385 0.637736 -0.030437
v -1.531364 0.625909 -0.015517
v -1.527617 1.033593 -0.022527
v -1.560035 1.021766 -0.044187
v -1.589911 1.002560 -0.064150
v -1.616098 0.976713 -0.081648
v -1.637589 0.945219 -0.096008
v -1.653558 0.909287 -0.106678
v -1.663392 0.870298 -0.113249
v -1.666713 0.829751 -0.115467
v -1.663392 0.789205 -0.113249
v -1.653558 0.750216 -0.106678
v -1.637589 0.714284 -0.096008
v -1.616098 0.682789 -0.081648
v -1.589911 0.656942 -0.064150
v -1.560035 0.637736 -0.044187
v -1.527617 0.625909 -0.022527
v -1.522575 1.033593 -0.028671
v -1.550144 1.021766 -0.056240
v -1.575552 1.002560 -0.081648
v -1.597822 0.976713 -0.103918
v -1.616098 0.945219 -0.122194
v -1.629679 0.909287 -0.135775
v -1.638042 0.870298 -0.144138
v -1.640866 0.829751 -0.146962
v -1.638042 0.789205 -0.144138
v -1.629679 0.750216 -0.135775
v -1.616098 0.714284 -0.122194
v -1.597822 0.682789 -0.103918
v -1.575552 0.656942 -0.081648
v -1.550144 0.637736 -0.056240
v -1.522575 0.625909 -0.028671
v -1.516430 1.033593 -0.033713
v -1.538091 1.021766 -0.066131
v -1.558054 1.002560 -0.096007
v -1.575552 0.976713 -0.122194
v -1.589911 0.945219 -0.143685
v -1.600582 0.909287 -0.159655
v -1.607152 0.870298 -0.169488
v -1.609371 0.829751 -0.172809
v -1.607152 0.789205 -0.169488
v -1.600582 0.750216 -0.159655
v -1.589911 0.714284 -0.143685
v -1.575552 0.682789 -0.122194
v -1.558054 0.656942 -0.096007
v -1.538091 0.637736 -0.066131
v -1.516430 0.625909 -0.033713
v -1.509420 1.033593 -0.037460
v -1.524341 1.021766 -0.073481
v -1.538091 1.002560 -0.106678
v -1.550144 0.976713 -0.135775
v -1.560035 0.945219 -0.159655
v -1.567385 0.909287 -0.177399
v -1.571911 0.870298 -0.188325
v -1.573439 0.829751 -0.192015
v -1.571911 0.789205 -0.188325
v -1.567385 0.750216 -0.177399
v -1.560035 0.714284 -0.159655
v -1.550144 0.682789 -0.135775
v -1.538091 0.656942 -0.106678
v -1.524341 0.637736 -0.073481
v -1.509420 0.625909 -0.037460
v -1.501814 1.033593 -0.039768
v -1.509420 1.021766 -0.078007
v -1.516430 1.002560 -0.113249
v -1.522575 0.976713 -0.144138
v -1.527617 0.945219 -0.169488
v -1.531364 0.909287 -0.188325
v -1.533671 0.870298 -0.199925
v -1.534450 0.829751 -0.203842
v -1.533671 0.789205 -0.199925
v -1.531364 0.750216 -0.188325
v -1.527617 0.714284 -0.169488
v -1.522575 0.682789 -0.144138
v -1.516430 0.656942 -0.113249
v -1.509420 0.637736 -0.078007
v -1.501814 0.625909 -0.039768
v -1.493904 1.033593 -0.040547
v -1.493904 1.021766 -0.079535
v -1.493904 0.976713 -0.146962
v -1.493904 0.909287 -0.192015
v -1.493904 0.750216 -0.192015
v -1.493904 0.682789 -0.146962
v -1.493904 0.656942 -0.115467
v -1.493904 0.637736 -0.079535
v -1.493904 0.625909 -0.040547
vn 0.0624 0.7715 -0.6332
vn 0.0759 -0.6326 -0.7708
vn 0.0759 0.6326 -0.7708
vn 0.0624 -0.7715 -0.6332
vn 0.0865 0.4696 -0.8786
vn 0.0464 -0.8810 -0.4709
vn 0.0938 0.2890 -0.9527
vn 0.0286 -0.9565 -0.2902
vn 0.0975 0.0975 -0.9904
vn 0.0097 0.9951 -0.0980
vn 0.0097 -0.9951 -0.0980
vn 0.0975 -0.0976 -0.9904
vn 0.0286 0.9565 -0.2902
vn 0.0938 -0.2890 -0.9527
vn 0.0464 0.8810 -0.4709
vn 0.0865 -0.4696 -0.8786
vn 0.2779 -0.2890 -0.9161
vn 0.1374 0.8810 -0.4528
vn 0.2563 -0.4696 -0.8448
vn 0.1847 0.7715 -0.6088
vn 0.2248 -0.6326 -0.7412
vn 0.2248 0.6326 -0.7412
vn 0.1847 -0.7715 -0.6088
vn 0.2563 0.4696 -0.8448
vn 0.1374 -0.8810 -0.4528
vn 0.2779 0.2890 -0.9161
vn 0.0846 -0.9565 -0.2790
vn 0.2889 0.0976 -0.9524
vn 0.0286 0.9951 -0.0942
vn 0.0286 -0.9951 -0.0942
vn 0.2889 -0.0976 -0.9524
vn 0.0846 0.9565 -0.2790
vn 0.2230 -0.8810 -0.4173
vn 0.4513 0.2890 -0.8443
vn 0.1374 -0.9565 -0.2571
vn 0.4691 0.0975 -0.8777
vn 0.0464 0.9951 -0.0869
vn 0.0464 -0.9951 -0.0869
vn 0.4691 -0.0975 -0.8777
vn 0.1374 0.9565 -0.2571
vn 0.4513 -0.2890 -0.8443
vn 0.2231 0.8810 -0.4173
vn 0.4162 -0.4696 -0.7786
vn 0.2999 0.7715 -0.5611
vn 0.3651 -0.6326 -0.6831
vn 0.3651 0.6326 -0.6831
vn 0.2999 -0.7715 -0.5611
vn 0.4162 0.4696 -0.7786
vn 0.5601 -0.4696 -0.6825
vn 0.4036 0.7715 -0.4918
vn 0.4913 -0.6326 -0.5987
vn 0.4913 0.6326 -0.5987
vn 0.4036 -0.7715 -0.4918
vn 0.5601 0.4696 -0.6825
vn 0.3002 -0.8810 -0.3658
vn 0.6073 0.2890 -0.7400
vn 0.1850 -0.9565 -0.2254
vn 0.6314 0.0975 -0.7693
vn 0.0625 0.9951 -0.0761
vn 0.0625 -0.9951 -0.0761
vn 0.6314 -0.0975 -0.7693
vn 0.1850 0.9565 -0.2254
vn 0.6073 -0.2890 -0.7400
vn 0.3002 0.8810 -0.3658
vn 0.2254 -0.9565 -0.1850
vn 0.7693 0.0975 -0.6314
vn 0.0761 0.9951 -0.0625
vn 0.0761 -0.9951 -0.0625
vn 0.7693 -0.0975 -0.6314
vn 0.2254 0.9565 -0.1850
vn 0.7400 -0.2890 -0.6073
vn 0.3658 0.8810 -0.3002
vn 0.6825 -0.4696 -0.5601
vn 0.4918 0.7715 -0.4036
vn 0.5987 -0.6326 -0.4913
vn 0.5987 0.6326 -0.4913
vn 0.4918 -0.7715 -0.4036
vn 0.6825 0.4696 -0.5601
vn 0.3658 -0.8810 -0.3002
vn 0.7400 0.2890 -0.6073
vn 0.5611 0.7715 -0.2999
vn 0.6831 -0.6326 -0.3651
vn 0.6831 0.6326 -0.3651
vn 0.5611 -0.7715 -0.2999
vn 0.7786 0.4696 -0.4162
vn 0.4173 -0.8810 -0.2230
vn 0.8443 0.2890 -0.4513
vn 0.2571 -0.9565 -0.1374
vn 0.8777 0.0975 -0.4691
vn 0.0869 0.9951 -0.0464
vn 0.0869 -0.9951 -0.0464
vn 0.8777 -0.0975 -0.4691
vn 0.2571 0.9565 -0.1374
vn 0.8443 -0.2890 -0.4513
vn 0.4173 0.8810 -0.2230
vn 0.7786 -0.4696 -0.4162
vn 0.9524 0.0975 -0.2889
vn 0.0942 0.9951 -0.0286
vn 0.0942 -0.9951 -0.0286
vn 0.9524 -0.0975 -0.2889
vn 0.2790 0.9565 -0.0846
vn 0.9161 -0.2890 -0.2779
vn 0.4528 0.8810 -0.1374
vn 0.8448 -0.4696 -0.2563
vn 0.6088 0.7715 -0.1847
vn 0.7412 -0.6326 -0.2248
vn 0.7412 0.6326 -0.2248
vn 0.6088 -0.7715 -0.1847
vn 0.8448 0.4696 -0.2563
vn 0.4528 -0.8810 -0.1374
vn 0.9161 0.2890 -0.2779
vn 0.2790 -0.9565 -0.0846
vn 0.7708 -0.6326 -0.0759
vn 0.7708 0.6326 -0.0759
vn 0.6332 -0.7715 -0.0624
vn 0.8786 0.4696 -0.0865
vn 0.4709 -0.8810 -0.0464
vn 0.9527 0.2890 -0.0938
vn 0.2902 -0.9565 -0.0286
vn 0.9904 0.0975 -0.0975
vn 0.0980 0.9951 -0.0097
vn 0.0980 -0.9951 -0.0097
vn 0.9904 -0.0975 -0.0975
vn 0.2902 0.9565 -0.0286
vn 0.9527 -0.2890 -0.0938
vn 0.4709 0.8810 -0.0464
vn 0.8786 -0.4696 -0.0865
vn 0.6332 0.7715 -0.0624
vn 0.0980 0.9951 0.0097
vn 0.0980 -0.9951 0.0097
vn 0.9904 -0.0975 0.0976
vn 0.2902 0.9565 0.0286
vn 0.9527 -0.2890 0.0938
vn 0.4709 0.8810 0.0464
vn 0.8786 -0.4696 0.0865
vn 0.6332 0.7715 0.0624
vn 0.7708 -0.6326 0.0759
vn 0.7708 0.6326 0.0759
vn 0.6332 -0.7715 0.0624
vn 0.8786 0.4696 0.0865
vn 0.4709 -0.8810 0.0464
vn 0.9527 0.2890 0.0938
vn 0.2902 -0.9565 0.0286
vn 0.9904 0.0975 0.0976
vn 0.7412 0.6326 0.2248
vn 0.6088 -0.7715 0.1847
vn 0.8448 0.4696 0.2563
vn 0.4528 -0.8810 0.1374
vn 0.9161 0.2890 0.2779
vn 0.2790 -0.9565 0.0846
vn 0.9524 0.0975 0.2889
vn 0.0942 0.9951 0.0286
vn 0.0942 -0.9951 0.0286
vn 0.9524 -0.0975 0.2889
vn 0.2790 0.9565 0.0846
vn 0.9161 -0.2890 0.2779
vn 0.4528 0.8810 0.1374
vn 0.8448 -0.4696 0.2563
vn 0.6088 0.7715 0.1847
vn 0.7412 -0.6326 0.2248
vn 0.8777 -0.0975 0.4691
vn 0.2571 0.9565 0.1374
vn 0.8443 -0.2890 0.4513
vn 0.4173 0.8810 0.2231
vn 0.7786 -0.4696 0.4162
vn 0.5611 0.7715 0.2999
vn 0.6831 -0.6326 0.3651
vn 0.6831 0.6326 0.3651
vn 0.5611 -0.7715 0.2999
vn 0.7786 0.4696 0.4162
vn 0.4173 -0.8810 0.2230
vn 0.8443 0.2890 0.4513
vn 0.2571 -0.9565 0.1374
vn 0.8777 0.0975 0.4691
vn 0.0869 0.9951 0.0464
vn 0.0869 -0.9951 0.0464
vn 0.4918 -0.7715 0.4036
vn 0.6825 0.4696 0.5601
vn 0.3658 -0.8810 0.3002
vn 0.7400 0.2890 0.6073
vn 0.2254 -0.9565 0.1850
vn 0.7693 0.0975 0.6314
vn 0.0761 0.9951 0.0625
vn 0.0761 -0.9951 0.0625
vn 0.7693 -0.0975 0.6314
vn 0.2254 0.9565 0.1850
vn 0.7400 -0.2890 0.6073
vn 0.3658 0.8810 0.3002
vn 0.6825 -0.4696 0.5601
vn 0.4918 0.7715 0.4036
vn 0.5987 -0.6326 0.4913
vn 0.5987 0.6326 0.4913
vn 0.6073 -0.2890 0.7400
vn 0.3002 0.8810 0.3658
vn 0.5601 -0.4696 0.6825
vn 0.4036 0.7715 0.4918
vn 0.4913 -0.6326 0.5987
vn 0.4913 0.6326 0.5987
vn 0.4036 -0.7715 0.4918
vn 0.5601 0.4696 0.6825
vn 0.3002 -0.8810 0.3658
vn 0.6073 0.2890 0.7400
vn 0.1850 -0.9565 0.2254
vn 0.6314 0.0975 0.7693
vn 0.0625 0.9951 0.0761
vn 0.0625 -0.9951 0.0761
vn 0.6314 -0.0975 0.7693
vn 0.1850 0.9565 0.2254
vn 0.2230 -0.8810 0.4173
vn 0.4513 0.2890 0.8443
vn 0.1374 -0.9565 0.2571
vn 0.4691 0.0975 0.8777
vn 0.0464 0.9951 0.0869
vn 0.0464 -0.9951 0.0869
vn 0.4691 -0.0975 0.8777
vn 0.1374 0.9565 0.2571
vn 0.4513 -0.2890 0.8443
vn 0.2230 0.8810 0.4173
vn 0.4162 -0.4696 0.7786
vn 0.2999 0.7715 0.5611
vn 0.3651 -0.6326 0.6831
vn 0.3651 0.6326 0.6831
vn 0.2999 -0.7715 0.5611
vn 0.4162 0.4696 0.7786
vn 0.1374 0.8810 0.4528
vn 0.2563 -0.4696 0.8448
vn 0.1847 0.7715 0.6088
vn 0.2248 -0.6326 0.7412
vn 0.2248 0.6326 0.7412
vn 0.1847 -0.7715 0.6088
vn 0.2563 0.4696 0.8448
vn 0.1374 -0.8810 0.4528
vn 0.2779 0.2890 0.9161
vn 0.0846 -0.9565 0.2790
vn 0.2889 0.0975 0.9524
vn 0.0286 0.9951 0.0942
vn 0.0286 -0.9951 0.0942
vn 0.2889 -0.0975 0.9524
vn 0.0846 0.9565 0.2790
vn 0.2779 -0.2890 0.9161
vn 0.0938 0.2890 0.9527
vn 0.0286 -0.9565 0.2902
vn 0.0975 0.0975 0.9904
vn 0.0097 0.9951 0.0980
vn 0.0097 -0.9951 0.0980
vn 0.0975 -0.0975 0.9904
vn 0.0286 0.9565 0.2902
vn 0.0938 -0.2890 0.9527
vn 0.0464 0.8810 0.4709
vn 0.0865 -0.4696 0.8786
vn 0.0624 0.7715 0.6332
vn 0.0759 -0.6326 0.7708
vn 0.0759 0.6326 0.7708
vn 0.0624 -0.7715 0.6332
vn 0.0865 0.4696 0.8786
vn 0.0464 -0.8810 0.4709
vn -0.0865 -0.4696 0.8786
vn -0.0624 0.7715 0.6332
vn -0.0759 -0.6326 0.7708
vn -0.0759 0.6326 0.7708
vn -0.0624 -0.7715 0.6332
vn -0.0865 0.4696 0.8786
vn -0.0464 -0.8810 0.4709
vn -0.0938 0.2890 0.9527
vn -0.0286 -0.9565 0.2902
vn -0.0976 0.0975 0.9904
vn -0.0097 0.9951 0.0980
vn -0.0097 -0.9951 0.0980
vn -0.0975 -0.0975 0.9904
vn -0.0286 0.9565 0.2902
vn -0.0938 -0.2890 0.9527
vn -0.0464 0.8810 0.4709
vn -0.0846 -0.9565 0.2790
vn -0.2889 0.0975 0.9524
vn -0.0286 0.9951 0.0942
vn -0.0286 -0.9951 0.0942
vn -0.2889 -0.0975 0.9524
vn -0.0846 0.9565 0.2790
vn -0.2779 -0.2890 0.9161
vn -0.1374 0.8810 0.4528
vn -0.2563 -0.4696 0.8448
vn -0.1847 0.7715 0.6088
vn -0.2248 -0.6326 0.7412
vn -0.2248 0.6326 0.7412
vn -0.1847 -0.7715 0.6088
vn -0.2563 0.4696 0.8448
vn -0.1374 -0.8810 0.4528
vn -0.2779 0.2890 0.9161
vn -0.2999 0.7715 0.5611
vn -0.3651 -0.6326 0.6831
vn -0.3651 0.6326 0.6831
vn -0.2999 -0.7715 0.5611
vn -0.4162 0.4696 0.7786
vn -0.2230 -0.8810 0.4173
vn -0.4513 0.2890 0.8443
vn -0.1374 -0.9565 0.2571
vn -0.4691 0.0975 0.8777
vn -0.0464 0.9951 0.0869
vn -0.0464 -0.9951 0.0869
vn -0.4691 -0.0975 0.8777
vn -0.1374 0.9565 0.2571
vn -0.4513 -0.2890 0.8443
vn -0.2230 0.8810 0.4173
vn -0.4162 -0.4696 0.7786
vn -0.6314 0.0975 0.7693
vn -0.0625 0.9951 0.0761
vn -0.0625 -0.9951 0.0761
vn -0.6314 -0.0975 0.7693
vn -0.1850 0.9565 0.2254
vn -0.6073 -0.2890 0.7400
vn -0.3002 0.8810 0.3658
vn -0.5601 -0.4696 0.6825
vn -0.4036 0.7715 0.4918
vn -0.4913 -0.6326 0.5987
vn -0.4913 0.6326 0.5987
vn -0.4036 -0.7715 0.4918
vn -0.5601 0.4696 0.6825
vn -0.3002 -0.8810 0.3658
vn -0.6073 0.2890 0.7400
vn -0.1850 -0.9565 0.2254
vn -0.5987 -0.6326 0.4913
vn -0.5987 0.6326 0.4913
vn -0.4918 -0.7715 0.4036
vn -0.6825 0.4696 0.5601
vn -0.3658 -0.8810 0.3002
vn -0.7400 0.2890 0.6073
vn -0.2254 -0.9566 0.1850
vn -0.7693 0.0975 0.6314
vn -0.0761 0.9951 0.0625
vn -0.0761 -0.9951 0.0625
vn -0.7693 -0.0975 0.6314
vn -0.2254 0.9565 0.1850
vn -0.7400 -0.2890 0.6073
vn -0.3658 0.8810 0.3002
vn -0.6825 -0.4696 0.5601
vn -0.4918 0.7715 0.4036
vn -0.0869 -0.9951 0.0464
vn -0.8777 -0.0975 0.4691
vn -0.2571 0.9565 0.1374
vn -0.8443 -0.2890 0.4513
vn -0.4173 0.8810 0.2230
vn -0.7786 -0.4696 0.4162
vn -0.5611 0.7715 0.2999
vn -0.6831 -0.6326 0.3651
vn -0.6831 0.6326 0.3651
vn -0.5611 -0.7715 0.2999
vn -0.7786 0.4696 0.4162
vn -0.4173 -0.8810 0.2231
vn -0.8443 0.2890 0.4513
vn -0.2571 -0.9565 0.1374
vn -0.8777 0.0975 0.4691
vn -0.0869 0.9951 0.0464
vn -0.6088 -0.7715 0.1847
vn -0.8448 0.4696 0.2563
vn -0.4528 -0.8810 0.1374
vn -0.9161 0.2890 0.2779
vn -0.2790 -0.9565 0.0846
vn -0.9524 0.0975 0.2889
vn -0.0942 0.9951 0.0286
vn -0.0942 -0.9951 0.0286
vn -0.9524 -0.0975 0.2889
vn -0.2790 0.9565 0.0846
vn -0.9161 -0.2890 0.2779
vn -0.4528 0.8810 0.1374
vn -0.8448 -0.4696 0.2563
vn -0.6088 0.7715 0.1847
vn -0.7412 -0.6326 0.2248
vn -0.7412 0.6326 0.2248
vn -0.2902 0.9565 0.0286
vn -0.9527 -0.2890 0.0938
vn -0.4709 0.8810 0.0464
vn -0.8786 -0.4696 0.0865
vn -0.6332 0.7715 0.0624
vn -0.7708 -0.6326 0.0759
vn -0.7708 0.6326 0.0759
vn -0.6332 -0.7715 0.0624
vn -0.8786 0.4696 0.0865
vn -0.4709 -0.8810 0.0464
vn -0.9527 0.2890 0.0938
vn -0.2902 -0.9565 0.0286
vn -0.9904 0.0975 0.0975
vn -0.0980 0.9951 0.0097
vn -0.0980 -0.9951 0.0097
vn -0.9904 -0.0975 0.0976
vn -0.8786 0.4696 -0.0865
vn -0.4709 -0.8810 -0.0464
vn -0.9527 0.2890 -0.0938
vn -0.2902 -0.9565 -0.0286
vn -0.9904 0.0975 -0.0975
vn -0.0980 0.9951 -0.0097
vn -0.0980 -0.9951 -0.0097
vn -0.9904 -0.0975 -0.0976
vn -0.2902 0.9565 -0.0286
vn -0.9527 -0.2890 -0.0938
vn -0.4709 0.8810 -0.0464
vn -0.8786 -0.4696 -0.0865
vn -0.6332 0.7715 -0.0624
vn -0.7708 -0.6326 -0.0759
vn -0.7708 0.6326 -0.0759
vn -0.6332 -0.7715 -0.0624
vn -0.9161 -0.2890 -0.2779
vn -0.4528 0.8810 -0.1374
vn -0.8448 -0.4696 -0.2563
vn -0.6088 0.7715 -0.1847
vn -0.7412 -0.6326 -0.2248
vn -0.7412 0.6326 -0.2248
vn -0.6088 -0.7715 -0.1847
vn -0.8448 0.4696 -0.2563
vn -0.4528 -0.8810 -0.1374
vn -0.9161 0.2890 -0.2779
vn -0.2790 -0.9565 -0.0846
vn -0.9524 0.0975 -0.2889
vn -0.0942 0.9951 -0.0286
vn -0.0942 -0.9951 -0.0286
vn -0.9524 -0.0975 -0.2889
vn -0.2790 0.9565 -0.0846
vn -0.4173 -0.8810 -0.2231
vn -0.8443 0.2890 -0.4513
vn -0.2571 -0.9565 -0.1374
vn -0.8777 0.0975 -0.4691
vn -0.0869 0.9951 -0.0464
vn -0.0869 -0.9951 -0.0464
vn -0.8777 -0.0975 -0.4691
vn -0.2571 0.9565 -0.1374
vn -0.8443 -0.2890 -0.4513
vn -0.4173 0.8810 -0.2231
vn -0.7786 -0.4696 -0.4162
vn -0.5611 0.7715 -0.2999
vn -0.6831 -0.6326 -0.3651
vn -0.6831 0.6326 -0.3651
vn -0.5611 -0.7715 -0.2999
vn -0.7786 0.4696 -0.4162
vn -0.3658 0.8810 -0.3002
vn -0.6825 -0.4696 -0.5601
vn -0.4918 0.7715 -0.4036
vn -0.5987 -0.6326 -0.4913
vn -0.5987 0.6326 -0.4913
vn -0.4918 -0.7715 -0.4036
vn -0.6825 0.4696 -0.5601
vn -0.3658 -0.8810 -0.3002
vn -0.7400 0.2890 -0.6073
vn -0.2254 -0.9565 -0.1850
vn -0.7693 0.0975 -0.6314
vn -0.0761 0.9951 -0.0625
vn -0.0761 -0.9951 -0.0625
vn -0.7693 -0.0975 -0.6314
vn -0.2254 0.9565 -0.1850
vn -0.7400 -0.2890 -0.6073
vn -0.6073 0.2890 -0.7400
vn -0.1850 -0.9565 -0.2254
vn -0.6314 0.0975 -0.7693
vn -0.0625 0.9951 -0.0761
vn -0.0625 -0.9951 -0.0761
vn -0.6314 -0.0975 -0.7693
vn -0.1850 0.9565 -0.2254
vn -0.6073 -0.2890 -0.7400
vn -0.3002 0.8810 -0.3658
vn -0.5601 -0.4696 -0.6825
vn -0.4036 0.7715 -0.4918
vn -0.4913 -0.6326 -0.5987
vn -0.4913 0.6326 -0.5987
vn -0.4036 -0.7715 -0.4918
vn -0.5601 0.4696 -0.6825
vn -0.3002 -0.8810 -0.3658
vn -0.4162 -0.4696 -0.7786
vn -0.2999 0.7715 -0.5611
vn -0.3651 -0.6326 -0.6831
vn -0.3651 0.6326 -0.6831
vn -0.2999 -0.7715 -0.5611
vn -0.4162 0.4696 -0.7786
vn -0.2230 -0.8810 -0.4173
vn -0.4513 0.2890 -0.8443
vn -0.1374 -0.9565 -0.2571
vn -0.4691 0.0975 -0.8777
vn -0.0464 0.9951 -0.0869
vn -0.0464 -0.9951 -0.0869
vn -0.4691 -0.0975 -0.8777
vn -0.1374 0.9565 -0.2571
vn -0.4513 -0.2890 -0.8443
vn -0.2230 0.8810 -0.4173
vn -0.0846 -0.9565 -0.2790
vn -0.2889 0.0975 -0.9524
vn -0.0286 0.9951 -0.0942
vn -0.0286 -0.9951 -0.0942
vn -0.2889 -0.0975 -0.9524
vn -0.0846 0.9565 -0.2790
vn -0.2779 -0.2890 -0.9161
vn -0.1374 0.8810 -0.4528
vn -0.2563 -0.4696 -0.8448
vn -0.1847 0.7715 -0.6088
vn -0.2248 -0.6326 -0.7412
vn -0.2248 0.6326 -0.7412
vn -0.1847 -0.7715 -0.6088
vn -0.2563 0.4696 -0.8448
vn -0.1374 -0.8810 -0.4528
vn -0.2779 0.2890 -0.9161
vn -0.0759 -0.6326 -0.7708
vn -0.0759 0.6326 -0.7708
vn -0.0624 -0.7715 -0.6332
vn -0.0865 0.4696 -0.8786
vn -0.0464 -0.8810 -0.4709
vn -0.0938 0.2890 -0.9527
vn -0.0286 -0.9565 -0.2902
vn -0.0976 0.0975 -0.9904
vn -0.0097 0.9951 -0.0980
vn -0.0097 -0.9951 -0.0980
vn -0.0976 -0.0975 -0.9904
vn -0.0286 0.9565 -0.2902
vn -0.0938 -0.2890 -0.9527
vn -0.0464 0.8810 -0.4709
vn -0.0865 -0.4696 -0.8786
vn -0.0624 0.7715 -0.6332
vn 0.0975 0.0976 -0.9904
vn 0.0975 -0.0975 -0.9904
vn 0.2231 -0.8810 -0.4173
vn 0.2230 0.8810 -0.4173
vn 0.2571 0.9566 0.1374
vn 0.4173 0.8810 0.2230
vn 0.4173 -0.8810 0.2231
vn 0.2231 -0.8810 0.4173
vn -0.0975 0.0975 0.9904
vn -0.0976 -0.0975 0.9904
vn -0.2231 -0.8810 0.4173
vn -0.2231 0.8810 0.4173
vn -0.2254 -0.9565 0.1850
vn -0.4173 -0.8810 0.2230
vn -0.9904 0.0975 0.0976
vn -0.9904 -0.0975 0.0975
vn -0.9904 0.0975 -0.0976
vn -0.9904 -0.0975 -0.0975
vt 0.750000 0.750000
vt 0.718750 0.812500
vt 0.718750 0.750000
vt 0.750000 0.312500
vt 0.718750 0.250000
vt 0.750000 0.250000
vt 0.750000 0.687500
vt 0.718750 0.687500
vt 0.718750 0.187500
vt 0.750000 0.187500
vt 0.750000 0.625000
vt 0.718750 0.625000
vt 0.718750 0.125000
vt 0.750000 0.125000
vt 0.750000 0.562500
vt 0.718750 0.562500
vt 0.718750 0.062500
vt 0.750000 0.062500
vt 0.718750 0.500000
vt 0.750000 0.500000
vt 0.750000 0.937500
vt 0.734375 1.000000
vt 0.718750 0.937500
vt 0.734375 0.000000
vt 0.718750 0.437500
vt 0.750000 0.437500
vt 0.750000 0.875000
vt 0.718750 0.875000
vt 0.718750 0.375000
vt 0.750000 0.375000
vt 0.750000 0.812500
vt 0.718750 0.312500
vt 0.687500 0.375000
vt 0.687500 0.812500
vt 0.687500 0.312500
vt 0.687500 0.750000
vt 0.687500 0.250000
vt 0.687500 0.687500
vt 0.687500 0.187500
vt 0.687500 0.625000
vt 0.687500 0.125000
vt 0.687500 0.562500
vt 0.687500 0.062500
vt 0.687500 0.500000
vt 0.703125 1.000000
vt 0.687500 0.937500
vt 0.703125 0.000000
vt 0.687500 0.437500
vt 0.687500 0.875000
vt 0.656250 0.125000
vt 0.656250 0.562500
vt 0.656250 0.062500
vt 0.656250 0.500000
vt 0.671875 1.000000
vt 0.656250 0.937500
vt 0.671875 0.000000
vt 0.656250 0.437500
vt 0.656250 0.875000
vt 0.656250 0.375000
vt 0.656250 0.812500
vt 0.656250 0.312500
vt 0.656250 0.750000
vt 0.656250 0.250000
vt 0.656250 0.687500
vt 0.656250 0.187500
vt 0.656250 0.625000
vt 0.625000 0.375000
vt 0.625000 0.312500
vt 0.625000 0.750000
vt 0.625000 0.250000
vt 0.625000 0.687500
vt 0.625000 0.187500
vt 0.625000 0.625000
vt 0.625000 0.125000
vt 0.625000 0.562500
vt 0.625000 0.062500
vt 0.625000 0.500000
vt 0.640625 1.000000
vt 0.625000 0.937500
vt 0.640625 0.000000
vt 0.625000 0.437500
vt 0.625000 0.875000
vt 0.625000 0.812500
vt 0.593750 0.062500
vt 0.593750 0.562500
vt 0.593750 0.500000
vt 0.609375 1.000000
vt 0.593750 0.937500
vt 0.609375 0.000000
vt 0.593750 0.437500
vt 0.593750 0.875000
vt 0.593750 0.375000
vt 0.593750 0.812500
vt 0.593750 0.312500
vt 0.593750 0.750000
vt 0.593750 0.250000
vt 0.593750 0.687500
vt 0.593750 0.187500
vt 0.593750 0.625000
vt 0.593750 0.125000
vt 0.562500 0.750000
vt 0.562500 0.250000
vt 0.562500 0.687500
vt 0.562500 0.187500
vt 0.562500 0.625000
vt 0.562500 0.125000
vt 0.562500 0.562500
vt 0.562500 0.062500
vt 0.562500 0.500000
vt 0.578125 1.000000
vt 0.562500 0.937500
vt 0.578125 0.000000
vt 0.562500 0.437500
vt 0.562500 0.875000
vt 0.562500 0.375000
vt 0.562500 0.812500
vt 0.562500 0.312500
vt 0.531250 0.562500
vt 0.531250 0.500000
vt 0.546875 1.000000
vt 0.531250 0.937500
vt 0.546875 0.000000
vt 0.531250 0.062500
vt 0.531250 0.437500
vt 0.531250 0.875000
vt 0.531250 0.375000
vt 0.531250 0.812500
vt 0.531250 0.312500
vt 0.531250 0.750000
vt 0.531250 0.250000
vt 0.531250 0.687500
vt 0.531250 0.187500
vt 0.531250 0.625000
vt 0.531250 0.125000
vt 0.500000 0.250000
vt 0.500000 0.750000
vt 0.500000 0.687500
vt 0.500000 0.187500
vt 0.500000 0.625000
vt 0.500000 0.125000
vt 0.500000 0.562500
vt 0.500000 0.062500
vt 0.500000 0.500000
vt 0.515625 1.000000
vt 0.500000 0.937500
vt 0.515625 0.000000
vt 0.500000 0.437500
vt 0.500000 0.875000
vt 0.500000 0.375000
vt 0.500000 0.812500
vt 0.500000 0.312500
vt 0.484375 1.000000
vt 0.468750 0.937500
vt 0.484375 0.000000
vt 0.468750 0.062500
vt 0.468750 0.437500
vt 0.468750 0.875000
vt 0.468750 0.375000
vt 0.468750 0.812500
vt 0.468750 0.312500
vt 0.468750 0.750000
vt 0.468750 0.250000
vt 0.468750 0.687500
vt 0.468750 0.187500
vt 0.468750 0.625000
vt 0.468750 0.125000
vt 0.468750 0.562500
vt 0.468750 0.500000
vt 0.437500 0.750000
vt 0.437500 0.687500
vt 0.437500 0.250000
vt 0.437500 0.187500
vt 0.437500 0.625000
vt 0.437500 0.125000
vt 0.437500 0.562500
vt 0.437500 0.062500
vt 0.437500 0.500000
vt 0.453125 1.000000
vt 0.437500 0.937500
vt 0.453125 0.000000
vt 0.437500 0.437500
vt 0.437500 0.875000
vt 0.437500 0.375000
vt 0.437500 0.812500
vt 0.437500 0.312500
vt 0.406250 0.437500
vt 0.406250 0.875000
vt 0.406250 0.375000
vt 0.406250 0.812500
vt 0.406250 0.312500
vt 0.406250 0.750000
vt 0.406250 0.250000
vt 0.406250 0.687500
vt 0.406250 0.187500
vt 0.406250 0.625000
vt 0.406250 0.125000
vt 0.406250 0.562500
vt 0.406250 0.062500
vt 0.406250 0.500000
vt 0.421875 1.000000
vt 0.406250 0.937500
vt 0.421875 0.000000
vt 0.375000 0.187500
vt 0.375000 0.625000
vt 0.375000 0.125000
vt 0.375000 0.562500
vt 0.375000 0.062500
vt 0.375000 0.500000
vt 0.390625 1.000000
vt 0.375000 0.937500
vt 0.390625 0.000000
vt 0.375000 0.437500
vt 0.375000 0.875000
vt 0.375000 0.375000
vt 0.375000 0.812500
vt 0.375000 0.312500
vt 0.375000 0.750000
vt 0.375000 0.250000
vt 0.375000 0.687500
vt 0.343750 0.375000
vt 0.343750 0.875000
vt 0.343750 0.812500
vt 0.343750 0.312500
vt 0.343750 0.750000
vt 0.343750 0.250000
vt 0.343750 0.687500
vt 0.343750 0.187500
vt 0.343750 0.625000
vt 0.343750 0.125000
vt 0.343750 0.562500
vt 0.343750 0.062500
vt 0.343750 0.500000
vt 0.359375 1.000000
vt 0.343750 0.937500
vt 0.359375 0.000000
vt 0.343750 0.437500
vt 0.312500 0.125000
vt 0.312500 0.625000
vt 0.312500 0.562500
vt 0.312500 0.062500
vt 0.312500 0.500000
vt 0.328125 1.000000
vt 0.312500 0.937500
vt 0.328125 0.000000
vt 0.312500 0.437500
vt 0.312500 0.875000
vt 0.312500 0.375000
vt 0.312500 0.812500
vt 0.312500 0.312500
vt 0.312500 0.750000
vt 0.312500 0.250000
vt 0.312500 0.687500
vt 0.312500 0.187500
vt 0.281250 0.812500
vt 0.281250 0.375000
vt 0.281250 0.312500
vt 0.281250 0.750000
vt 0.281250 0.250000
vt 0.281250 0.687500
vt 0.281250 0.187500
vt 0.281250 0.625000
vt 0.281250 0.125000
vt 0.281250 0.562500
vt 0.281250 0.062500
vt 0.281250 0.500000
vt 0.296875 1.000000
vt 0.281250 0.937500
vt 0.296875 0.000000
vt 0.281250 0.437500
vt 0.281250 0.875000
vt 0.250000 0.625000
vt 0.250000 0.562500
vt 0.250000 0.125000
vt 0.250000 0.062500
vt 0.250000 0.500000
vt 0.265625 1.000000
vt 0.250000 0.937500
vt 0.265625 0.000000
vt 0.250000 0.437500
vt 0.250000 0.875000
vt 0.250000 0.375000
vt 0.250000 0.812500
vt 0.250000 0.312500
vt 0.250000 0.750000
vt 0.250000 0.250000
vt 0.250000 0.687500
vt 0.250000 0.187500
vt 0.218750 0.375000
vt 0.218750 0.312500
vt 0.218750 0.750000
vt 0.218750 0.250000
vt 0.218750 0.687500
vt 0.218750 0.187500
vt 0.218750 0.625000
vt 0.218750 0.125000
vt 0.218750 0.562500
vt 0.218750 0.062500
vt 0.218750 0.500000
vt 0.234375 1.000000
vt 0.218750 0.937500
vt 0.234375 0.000000
vt 0.218750 0.437500
vt 0.218750 0.875000
vt 0.218750 0.812500
vt 0.187500 0.062500
vt 0.187500 0.562500
vt 0.187500 0.500000
vt 0.203125 1.000000
vt 0.187500 0.937500
vt 0.203125 0.000000
vt 0.187500 0.437500
vt 0.187500 0.875000
vt 0.187500 0.375000
vt 0.187500 0.812500
vt 0.187500 0.312500
vt 0.187500 0.750000
vt 0.187500 0.250000
vt 0.187500 0.687500
vt 0.187500 0.187500
vt 0.187500 0.625000
vt 0.187500 0.125000
vt 0.156250 0.750000
vt 0.156250 0.250000
vt 0.156250 0.687500
vt 0.156250 0.187500
vt 0.156250 0.625000
vt 0.156250 0.125000
vt 0.156250 0.562500
vt 0.156250 0.062500
vt 0.156250 0.500000
vt 0.171875 1.000000
vt 0.156250 0.937500
vt 0.171875 0.000000
vt 0.156250 0.437500
vt 0.156250 0.875000
vt 0.156250 0.375000
vt 0.156250 0.812500
vt 0.156250 0.312500
vt 0.125000 0.562500
vt 0.125000 0.500000
vt 0.140625 1.000000
vt 0.125000 0.937500
vt 0.140625 0.000000
vt 0.125000 0.062500
vt 0.125000 0.437500
vt 0.125000 0.875000
vt 0.125000 0.375000
vt 0.125000 0.812500
vt 0.125000 0.312500
vt 0.125000 0.750000
vt 0.125000 0.250000
vt 0.125000 0.687500
vt 0.125000 0.187500
vt 0.125000 0.625000
vt 0.125000 0.125000
vt 0.093750 0.250000
vt 0.093750 0.750000
vt 0.093750 0.687500
vt 0.093750 0.187500
vt 0.093750 0.625000
vt 0.093750 0.125000
vt 0.093750 0.562500
vt 0.093750 0.062500
vt 0.093750 0.500000
vt 0.109375 1.000000
vt 0.093750 0.937500
vt 0.109375 0.000000
vt 0.093750 0.437500
vt 0.093750 0.875000
vt 0.093750 0.375000
vt 0.093750 0.812500
vt 0.093750 0.312500
vt 0.078125 0.000000
vt 0.062500 0.062500
vt 0.062500 0.437500
vt 0.062500 0.875000
vt 0.062500 0.375000
vt 0.062500 0.812500
vt 0.062500 0.312500
vt 0.062500 0.750000
vt 0.062500 0.250000
vt 0.062500 0.687500
vt 0.062500 0.187500
vt 0.062500 0.625000
vt 0.062500 0.125000
vt 0.062500 0.562500
vt 0.062500 0.500000
vt 0.078125 1.000000
vt 0.062500 0.937500
vt 0.031250 0.250000
vt 0.031250 0.187500
vt 0.031250 0.625000
vt 0.031250 0.125000
vt 0.031250 0.562500
vt 0.031250 0.062500
vt 0.031250 0.500000
vt 0.046875 1.000000
vt 0.031250 0.937500
vt 0.046875 0.000000
vt 0.031250 0.437500
vt 0.031250 0.875000
vt 0.031250 0.375000
vt 0.031250 0.812500
vt 0.031250 0.312500
vt 0.031250 0.750000
vt 0.031250 0.687500
vt 0.000000 0.875000
vt 0.000000 0.375000
vt 0.000000 0.812500
vt 0.000000 0.312500
vt 0.000000 0.750000
vt 0.000000 0.250000
vt 0.000000 0.687500
vt 0.000000 0.187500
vt 0.000000 0.625000
vt 0.000000 0.125000
vt 0.000000 0.562500
vt 0.000000 0.062500
vt 0.000000 0.500000
vt 0.015625 1.000000
vt 0.000000 0.937500
vt 0.015625 0.000000
vt 0.000000 0.437500
vt 1.000000 0.687500
vt 0.968750 0.625000
vt 1.000000 0.625000
vt 1.000000 0.187500
vt 0.968750 0.125000
vt 1.000000 0.125000
vt 1.000000 0.562500
vt 0.968750 0.562500
vt 0.968750 0.062500
vt 1.000000 0.062500
vt 1.000000 0.500000
vt 0.968750 0.500000
vt 1.000000 0.937500
vt 0.984375 1.000000
vt 0.968750 0.937500
vt 0.984375 0.000000
vt 0.968750 0.437500
vt 1.000000 0.437500
vt 0.968750 0.875000
vt 1.000000 0.875000
vt 0.968750 0.375000
vt 1.000000 0.375000
vt 1.000000 0.812500
vt 0.968750 0.812500
vt 1.000000 0.312500
vt 0.968750 0.312500
vt 0.968750 0.750000
vt 1.000000 0.750000
vt 0.968750 0.250000
vt 1.000000 0.250000
vt 0.968750 0.687500
vt 0.968750 0.187500
vt 0.937500 0.375000
vt 0.937500 0.875000
vt 0.937500 0.812500
vt 0.937500 0.312500
vt 0.937500 0.750000
vt 0.937500 0.250000
vt 0.937500 0.687500
vt 0.937500 0.187500
vt 0.937500 0.625000
vt 0.937500 0.125000
vt 0.937500 0.562500
vt 0.937500 0.062500
vt 0.937500 0.500000
vt 0.953125 1.000000
vt 0.937500 0.937500
vt 0.953125 0.000000
vt 0.937500 0.437500
vt 0.906250 0.187500
vt 0.906250 0.125000
vt 0.906250 0.625000
vt 0.906250 0.562500
vt 0.906250 0.062500
vt 0.906250 0.500000
vt 0.921875 1.000000
vt 0.906250 0.937500
vt 0.921875 0.000000
vt 0.906250 0.437500
vt 0.906250 0.875000
vt 0.906250 0.375000
vt 0.906250 0.812500
vt 0.906250 0.312500
vt 0.906250 0.750000
vt 0.906250 0.250000
vt 0.906250 0.687500
vt 0.875000 0.875000
vt 0.875000 0.812500
vt 0.875000 0.375000
vt 0.875000 0.312500
vt 0.875000 0.750000
vt 0.875000 0.250000
vt 0.875000 0.687500
vt 0.875000 0.187500
vt 0.875000 0.625000
vt 0.875000 0.125000
vt 0.875000 0.562500
vt 0.875000 0.062500
vt 0.875000 0.500000
vt 0.890625 1.000000
vt 0.875000 0.937500
vt 0.890625 0.000000
vt 0.875000 0.437500
vt 0.843750 0.625000
vt 0.843750 0.562500
vt 0.843750 0.062500
vt 0.843750 0.500000
vt 0.859375 1.000000
vt 0.843750 0.937500
vt 0.859375 0.000000
vt 0.843750 0.437500
vt 0.843750 0.875000
vt 0.843750 0.375000
vt 0.843750 0.812500
vt 0.843750 0.312500
vt 0.843750 0.750000
vt 0.843750 0.250000
vt 0.843750 0.687500
vt 0.843750 0.187500
vt 0.843750 0.125000
vt 0.812500 0.375000
vt 0.812500 0.312500
vt 0.812500 0.750000
vt 0.812500 0.250000
vt 0.812500 0.687500
vt 0.812500 0.187500
vt 0.812500 0.625000
vt 0.812500 0.125000
vt 0.812500 0.562500
vt 0.812500 0.062500
vt 0.812500 0.500000
vt 0.828125 1.000000
vt 0.812500 0.937500
vt 0.828125 0.000000
vt 0.812500 0.437500
vt 0.812500 0.875000
vt 0.812500 0.812500
vt 0.781250 0.125000
vt 0.781250 0.062500
vt 0.781250 0.562500
vt 0.781250 0.500000
vt 0.796875 1.000000
vt 0.781250 0.937500
vt 0.796875 0.000000
vt 0.781250 0.437500
vt 0.781250 0.875000
vt 0.781250 0.375000
vt 0.781250 0.812500
vt 0.781250 0.312500
vt 0.781250 0.750000
vt 0.781250 0.250000
vt 0.781250 0.687500
vt 0.781250 0.187500
vt 0.781250 0.625000
vt 0.765625 1.000000
vt 0.765625 0.000000
s 0
usemtl マテリアル.005
f 958/560/531 493/561/531 494/562/531
f 489/563/532 502/564/532 961/565/532
f 485/566/533 494/562/533 495/567/533
f 961/565/534 503/568/534 962/569/534
f 959/570/535 495/567/535 496/571/535
f 962/569/536 504/572/536 963/573/536
f 486/574/537 496/571/537 497/575/537
f 963/573/538 505/576/538 964/577/538
f 486/574/539 498/578/539 487/579/539
f 956/580/540 483/581/540 491/582/540
f 490/583/541 964/577/541 505/576/541
f 487/579/542 499/584/542 488/585/542
f 957/586/543 491/582/543 492/587/543
f 488/585/544 500/588/544 960/589/544
f 484/590/545 492/587/545 493/561/545
f 960/589/546 501/591/546 489/563/546
f 499/584/547 515/592/547 500/588/547
f 492/587/548 508/593/548 493/561/548
f 500/588/549 516/594/549 501/591/549
f 493/561/550 509/595/550 494/562/550
f 501/591/551 517/596/551 502/564/551
f 494/562/552 510/597/552 495/567/552
f 503/568/553 517/596/553 518/598/553
f 495/567/554 511/599/554 496/571/554
f 504/572/555 518/598/555 519/600/555
f 497/575/556 511/599/556 512/601/556
f 504/572/557 520/602/557 505/576/557
f 497/575/558 513/603/558 498/578/558
f 491/582/559 483/604/559 506/605/559
f 490/606/560 505/576/560 520/602/560
f 498/578/561 514/607/561 499/584/561
f 491/582/562 507/608/562 492/587/562
f 518/598/563 534/609/563 519/600/563
f 511/599/564 527/610/564 512/601/564
f 519/600/565 535/611/565 520/602/565
f 512/601/566 528/612/566 513/603/566
f 506/605/567 483/613/567 521/614/567
f 490/615/568 520/602/568 535/611/568
f 514/607/569 528/612/569 529/616/569
f 506/605/570 522/617/570 507/608/570
f 514/607/571 530/618/571 515/592/571
f 507/608/572 523/619/572 508/593/572
f 516/594/573 530/618/573 531/620/573
f 508/593/574 524/621/574 509/595/574
f 517/596/575 531/620/575 532/622/575
f 509/595/576 525/623/576 510/597/576
f 518/598/577 532/622/577 533/624/577
f 510/597/578 526/625/578 511/599/578
f 531/620/579 545/626/579 546/627/579
f 523/619/580 539/628/580 524/621/580
f 531/620/581 547/629/581 532/622/581
f 524/621/582 540/630/582 525/623/582
f 532/622/583 548/631/583 533/624/583
f 525/623/584 541/632/584 526/625/584
f 533/624/585 549/633/585 534/609/585
f 527/610/586 541/632/586 542/634/586
f 534/609/587 550/635/587 535/611/587
f 528/612/588 542/634/588 543/636/588
f 521/614/589 483/637/589 536/638/589
f 490/639/590 535/611/590 550/635/590
f 528/612/591 544/640/591 529/616/591
f 521/614/592 537/641/592 522/617/592
f 529/616/593 545/626/593 530/618/593
f 522/617/594 538/642/594 523/619/594
f 549/633/595 565/643/595 550/635/595
f 543/636/596 557/644/596 558/645/596
f 536/638/597 483/646/597 551/647/597
f 490/648/598 550/635/598 565/643/598
f 543/636/599 559/649/599 544/640/599
f 536/638/600 552/650/600 537/641/600
f 544/640/601 560/651/601 545/626/601
f 537/641/602 553/652/602 538/642/602
f 546/627/603 560/651/603 561/653/603
f 538/642/604 554/654/604 539/628/604
f 546/627/605 562/655/605 547/629/605
f 540/630/606 554/654/606 555/656/606
f 547/629/607 563/657/607 548/631/607
f 540/630/608 556/658/608 541/632/608
f 549/633/609 563/657/609 564/659/609
f 542/634/610 556/658/610 557/644/610
f 553/652/611 569/660/611 554/654/611
f 561/653/612 577/661/612 562/655/612
f 555/656/613 569/660/613 570/662/613
f 562/655/614 578/663/614 563/657/614
f 555/656/615 571/664/615 556/658/615
f 563/657/616 579/665/616 564/659/616
f 557/644/617 571/664/617 572/666/617
f 565/643/618 579/665/618 580/667/618
f 558/645/619 572/666/619 573/668/619
f 551/647/620 483/669/620 566/670/620
f 490/671/621 565/643/621 580/667/621
f 558/645/622 574/672/622 559/649/622
f 551/647/623 567/673/623 552/650/623
f 559/649/624 575/674/624 560/651/624
f 552/650/625 568/675/625 553/652/625
f 561/653/626 575/674/626 576/676/626
f 573/668/627 587/677/627 588/678/627
f 566/670/628 483/679/628 581/680/628
f 490/681/629 580/667/629 595/682/629
f 573/668/630 589/683/630 574/672/630
f 567/673/631 581/680/631 582/684/631
f 574/672/632 590/685/632 575/674/632
f 567/673/633 583/686/633 568/675/633
f 576/676/634 590/685/634 591/687/634
f 568/675/635 584/688/635 569/660/635
f 576/676/636 592/689/636 577/661/636
f 570/662/637 584/688/637 585/690/637
f 578/663/638 592/689/638 593/691/638
f 570/662/639 586/692/639 571/664/639
f 579/665/640 593/691/640 594/693/640
f 572/666/641 586/692/641 587/677/641
f 579/665/642 595/682/642 580/667/642
f 591/687/643 607/694/643 592/689/643
f 585/690/644 599/695/644 600/696/644
f 593/691/645 607/694/645 608/697/645
f 585/690/646 601/698/646 586/692/646
f 593/691/647 609/699/647 594/693/647
f 587/677/648 601/698/648 602/700/648
f 594/693/649 610/701/649 595/682/649
f 588/678/650 602/700/650 603/702/650
f 581/680/651 483/703/651 596/704/651
f 490/705/652 595/682/652 610/701/652
f 588/678/653 604/706/653 589/683/653
f 582/684/654 596/704/654 597/707/654
f 589/683/655 605/708/655 590/685/655
f 582/684/656 598/709/656 583/686/656
f 591/687/657 605/708/657 606/710/657
f 583/686/658 599/695/658 584/688/658
f 596/704/659 483/711/659 611/712/659
f 490/713/660 610/701/660 625/714/660
f 603/702/661 619/715/661 604/706/661
f 596/704/662 612/716/662 597/707/662
f 604/706/663 620/717/663 605/708/663
f 597/707/664 613/718/664 598/709/664
f 606/710/665 620/717/665 621/719/665
f 598/709/666 614/720/666 599/695/666
f 606/710/667 622/721/667 607/694/667
f 600/696/668 614/720/668 615/722/668
f 608/697/669 622/721/669 623/723/669
f 600/696/670 616/724/670 601/698/670
f 608/697/671 624/725/671 609/699/671
f 602/700/672 616/724/672 617/726/672
f 609/699/673 625/714/673 610/701/673
f 603/702/674 617/726/674 618/727/674
f 615/722/675 629/728/675 630/729/675
f 623/723/676 637/730/676 638/731/676
f 615/722/677 631/732/677 616/724/677
f 623/723/678 639/733/678 624/725/678
f 617/726/679 631/732/679 632/734/679
f 625/714/680 639/733/680 640/735/680
f 618/727/681 632/734/681 633/736/681
f 611/712/682 483/737/682 626/738/682
f 490/739/683 625/714/683 640/735/683
f 618/727/684 634/740/684 619/715/684
f 611/712/685 627/741/685 612/716/685
f 619/715/686 635/742/686 620/717/686
f 613/718/687 627/741/687 628/743/687
f 621/719/688 635/742/688 636/744/688
f 613/718/689 629/728/689 614/720/689
f 621/719/690 637/730/690 622/721/690
f 633/736/691 649/745/691 634/740/691
f 626/738/692 642/746/692 627/741/692
f 634/740/693 650/747/693 635/742/693
f 628/743/694 642/746/694 643/748/694
f 636/744/695 650/747/695 651/749/695
f 628/743/696 644/750/696 629/728/696
f 636/744/697 652/751/697 637/730/697
f 630/729/698 644/750/698 645/752/698
f 638/731/699 652/751/699 653/753/699
f 630/729/700 646/754/700 631/732/700
f 638/731/701 654/755/701 639/733/701
f 632/734/702 646/754/702 647/756/702
f 639/733/703 655/757/703 640/735/703
f 633/736/704 647/756/704 648/758/704
f 626/738/705 483/759/705 641/760/705
f 490/761/706 640/735/706 655/757/706
f 652/751/707 668/762/707 653/753/707
f 645/752/708 661/763/708 646/754/708
f 654/755/709 668/762/709 669/764/709
f 647/756/710 661/763/710 662/765/710
f 655/757/711 669/764/711 670/766/711
f 648/758/712 662/765/712 663/767/712
f 641/760/713 483/768/713 656/769/713
f 490/770/714 655/757/714 670/766/714
f 648/758/715 664/771/715 649/745/715
f 641/760/716 657/772/716 642/746/716
f 649/745/717 665/773/717 650/747/717
f 642/746/718 658/774/718 643/748/718
f 651/749/719 665/773/719 666/775/719
f 643/748/720 659/776/720 644/750/720
f 651/749/721 667/777/721 652/751/721
f 645/752/722 659/776/722 660/778/722
f 664/771/723 680/779/723 665/773/723
f 658/774/724 672/780/724 673/781/724
f 666/775/725 680/779/725 681/782/725
f 658/774/726 674/783/726 659/776/726
f 666/775/727 682/784/727 667/777/727
f 660/778/728 674/783/728 675/785/728
f 668/762/729 682/784/729 683/786/729
f 660/778/730 676/787/730 661/763/730
f 668/762/731 684/788/731 669/764/731
f 662/765/732 676/787/732 677/789/732
f 669/764/733 685/790/733 670/766/733
f 663/767/734 677/789/734 678/791/734
f 656/769/735 483/792/735 671/793/735
f 490/794/736 670/766/736 685/790/736
f 663/767/737 679/795/737 664/771/737
f 657/772/738 671/793/738 672/780/738
f 683/786/739 699/796/739 684/788/739
f 677/789/740 691/797/740 692/798/740
f 684/788/741 700/799/741 685/790/741
f 678/791/742 692/798/742 693/800/742
f 671/793/743 483/801/743 686/802/743
f 490/803/744 685/790/744 700/799/744
f 678/791/745 694/804/745 679/795/745
f 671/793/746 687/805/746 672/780/746
f 679/795/747 695/806/747 680/779/747
f 672/780/748 688/807/748 673/781/748
f 681/782/749 695/806/749 696/808/749
f 673/781/750 689/809/750 674/783/750
f 681/782/751 697/810/751 682/784/751
f 675/785/752 689/809/752 690/811/752
f 683/786/753 697/810/753 698/812/753
f 675/785/754 691/797/754 676/787/754
f 687/805/755 703/813/755 688/807/755
f 696/808/756 710/814/756 711/815/756
f 688/807/757 704/816/757 689/809/757
f 696/808/758 712/817/758 697/810/758
f 690/811/759 704/816/759 705/818/759
f 698/812/760 712/817/760 713/819/760
f 690/811/761 706/820/761 691/797/761
f 698/812/762 714/821/762 699/796/762
f 692/798/763 706/820/763 707/822/763
f 699/796/764 715/823/764 700/799/764
f 693/800/765 707/822/765 708/824/765
f 686/802/766 483/825/766 701/826/766
f 490/827/767 700/799/767 715/823/767
f 693/800/768 709/828/768 694/804/768
f 686/802/769 702/829/769 687/805/769
f 694/804/770 710/814/770 695/806/770
f 707/822/771 721/830/771 722/831/771
f 715/823/772 729/832/772 730/833/772
f 708/824/773 722/831/773 723/834/773
f 701/826/774 483/835/774 716/836/774
f 490/837/775 715/823/775 730/833/775
f 708/824/776 724/838/776 709/828/776
f 701/826/777 717/839/777 702/829/777
f 709/828/778 725/840/778 710/814/778
f 703/813/779 717/839/779 718/841/779
f 711/815/780 725/840/780 726/842/780
f 703/813/781 719/843/781 704/816/781
f 711/815/782 727/844/782 712/817/782
f 705/818/783 719/843/783 720/845/783
f 713/819/784 727/844/784 728/846/784
f 705/818/785 721/830/785 706/820/785
f 713/819/786 729/832/786 714/821/786
f 726/842/787 740/847/787 741/848/787
f 718/841/788 734/849/788 719/843/788
f 726/842/789 742/850/789 727/844/789
f 720/845/790 734/849/790 735/851/790
f 728/846/791 742/850/791 743/852/791
f 720/845/792 736/853/792 721/830/792
f 728/846/793 744/854/793 729/832/793
f 722/831/794 736/853/794 737/855/794
f 729/832/795 745/856/795 730/833/795
f 723/834/796 737/855/796 738/857/796
f 716/836/797 483/858/797 731/859/797
f 490/860/798 730/833/798 745/856/798
f 723/834/799 739/861/799 724/838/799
f 716/836/800 732/862/800 717/839/800
f 724/838/801 740/847/801 725/840/801
f 717/839/802 733/863/802 718/841/802
f 744/854/803 760/864/803 745/856/803
f 738/857/804 752/865/804 753/866/804
f 731/859/805 483/867/805 746/868/805
f 490/869/806 745/856/806 760/864/806
f 738/857/807 754/870/807 739/861/807
f 732/862/808 746/868/808 747/871/808
f 739/861/809 755/872/809 740/847/809
f 732/862/810 748/873/810 733/863/810
f 741/848/811 755/872/811 756/874/811
f 733/863/812 749/875/812 734/849/812
f 741/848/813 757/876/813 742/850/813
f 735/851/814 749/875/814 750/877/814
f 743/852/815 757/876/815 758/878/815
f 735/851/816 751/879/816 736/853/816
f 743/852/817 759/880/817 744/854/817
f 737/855/818 751/879/818 752/865/818
f 748/873/819 764/881/819 749/875/819
f 756/874/820 772/882/820 757/876/820
f 750/877/821 764/881/821 765/883/821
f 758/878/822 772/882/822 773/884/822
f 750/877/823 766/885/823 751/879/823
f 758/878/824 774/886/824 759/880/824
f 752/865/825 766/885/825 767/887/825
f 760/864/826 774/886/826 775/888/826
f 753/866/827 767/887/827 768/889/827
f 746/868/828 483/890/828 761/891/828
f 490/892/829 760/864/829 775/888/829
f 753/866/830 769/893/830 754/870/830
f 747/871/831 761/891/831 762/894/831
f 754/870/832 770/895/832 755/872/832
f 747/871/833 763/896/833 748/873/833
f 756/874/834 770/895/834 771/897/834
f 768/889/835 782/898/835 783/899/835
f 761/891/836 483/900/836 776/901/836
f 490/902/837 775/888/837 790/903/837
f 768/889/838 784/904/838 769/893/838
f 761/891/839 777/905/839 762/894/839
f 769/893/840 785/906/840 770/895/840
f 762/894/841 778/907/841 763/896/841
f 771/897/842 785/906/842 786/908/842
f 763/896/843 779/909/843 764/881/843
f 771/897/844 787/910/844 772/882/844
f 765/883/845 779/909/845 780/911/845
f 773/884/846 787/910/846 788/912/846
f 765/883/847 781/913/847 766/885/847
f 773/884/848 789/914/848 774/886/848
f 767/887/849 781/913/849 782/898/849
f 775/888/850 789/914/850 790/903/850
f 786/908/851 802/915/851 787/910/851
f 780/911/852 794/916/852 795/917/852
f 788/912/853 802/915/853 803/918/853
f 780/911/854 796/919/854 781/913/854
f 788/912/855 804/920/855 789/914/855
f 782/898/856 796/919/856 797/921/856
f 789/914/857 805/922/857 790/903/857
f 783/899/858 797/921/858 798/923/858
f 776/901/859 483/924/859 791/925/859
f 490/926/860 790/903/860 805/922/860
f 783/899/861 799/927/861 784/904/861
f 776/901/862 792/928/862 777/905/862
f 784/904/863 800/929/863 785/906/863
f 777/905/864 793/930/864 778/907/864
f 786/908/865 800/929/865 801/931/865
f 778/907/866 794/916/866 779/909/866
f 490/932/867 805/922/867 820/933/867
f 798/923/868 814/934/868 799/927/868
f 791/925/869 807/935/869 792/928/869
f 799/927/870 815/936/870 800/929/870
f 792/928/871 808/937/871 793/930/871
f 801/931/872 815/936/872 816/938/872
f 793/930/873 809/939/873 794/916/873
f 801/931/874 817/940/874 802/915/874
f 794/916/875 810/941/875 795/917/875
f 803/918/876 817/940/876 818/942/876
f 795/917/877 811/943/877 796/919/877
f 803/918/878 819/944/878 804/920/878
f 797/921/879 811/943/879 812/945/879
f 804/920/880 820/933/880 805/922/880
f 798/923/881 812/945/881 813/946/881
f 791/925/882 483/947/882 806/948/882
f 818/942/883 832/949/883 833/950/883
f 810/941/884 826/951/884 811/943/884
f 818/942/885 834/952/885 819/944/885
f 812/945/886 826/951/886 827/953/886
f 819/944/887 835/954/887 820/933/887
f 813/946/888 827/953/888 828/955/888
f 806/948/889 483/956/889 821/957/889
f 490/958/890 820/933/890 835/954/890
f 813/946/891 829/959/891 814/934/891
f 806/948/892 822/960/892 807/935/892
f 814/934/893 830/961/893 815/936/893
f 807/935/894 823/962/894 808/937/894
f 816/938/895 830/961/895 831/963/895
f 808/937/896 824/964/896 809/939/896
f 816/938/897 832/949/897 817/940/897
f 810/941/898 824/964/898 825/965/898
f 821/957/899 837/966/899 822/960/899
f 829/959/900 845/967/900 830/961/900
f 823/962/901 837/966/901 838/968/901
f 831/963/902 845/967/902 846/969/902
f 823/962/903 839/970/903 824/964/903
f 831/963/904 847/971/904 832/949/904
f 825/965/905 839/970/905 840/972/905
f 833/950/906 847/971/906 848/973/906
f 825/965/907 841/974/907 826/951/907
f 833/950/908 849/975/908 834/952/908
f 827/953/909 841/974/909 842/976/909
f 834/952/910 850/977/910 835/954/910
f 828/955/911 842/976/911 843/978/911
f 821/957/912 483/979/912 836/980/912
f 490/981/913 835/954/913 850/977/913
f 828/955/914 844/982/914 829/959/914
f 840/983/915 856/984/915 841/985/915
f 848/986/916 864/987/916 849/988/916
f 842/989/917 856/984/917 857/990/917
f 849/988/918 865/991/918 850/992/918
f 843/993/919 857/990/919 858/994/919
f 836/995/920 483/996/920 851/997/920
f 490/998/921 850/992/921 865/991/921
f 843/993/922 859/999/922 844/1000/922
f 836/995/923 852/1001/923 837/1002/923
f 844/1000/924 860/1003/924 845/1004/924
f 838/1005/925 852/1001/925 853/1006/925
f 846/1007/926 860/1003/926 861/1008/926
f 838/1005/927 854/1009/927 839/1010/927
f 846/1007/928 862/1011/928 847/1012/928
f 840/983/929 854/1009/929 855/1013/929
f 848/986/930 862/1011/930 863/1014/930
f 859/999/931 875/1015/931 860/1003/931
f 853/1006/932 867/1016/932 868/1017/932
f 861/1008/933 875/1015/933 876/1018/933
f 853/1006/934 869/1019/934 854/1009/934
f 861/1008/935 877/1020/935 862/1011/935
f 855/1013/936 869/1019/936 870/1021/936
f 863/1014/937 877/1020/937 878/1022/937
f 855/1013/938 871/1023/938 856/984/938
f 863/1014/939 879/1024/939 864/987/939
f 857/990/940 871/1023/940 872/1025/940
f 864/987/941 880/1026/941 865/991/941
f 858/994/942 872/1025/942 873/1027/942
f 851/997/943 483/1028/943 866/1029/943
f 490/1030/944 865/991/944 880/1026/944
f 858/994/945 874/1031/945 859/999/945
f 851/997/946 867/1016/946 852/1001/946
f 879/1024/947 893/1032/947 894/1033/947
f 872/1025/948 886/1034/948 887/1035/948
f 879/1024/949 895/1036/949 880/1026/949
f 873/1027/950 887/1035/950 888/1037/950
f 866/1029/951 483/1038/951 881/1039/951
f 490/1040/952 880/1026/952 895/1036/952
f 873/1027/953 889/1041/953 874/1031/953
f 867/1016/954 881/1039/954 882/1042/954
f 874/1031/955 890/1043/955 875/1015/955
f 867/1016/956 883/1044/956 868/1017/956
f 876/1018/957 890/1043/957 891/1045/957
f 868/1017/958 884/1046/958 869/1019/958
f 876/1018/959 892/1047/959 877/1020/959
f 870/1021/960 884/1046/960 885/1048/960
f 878/1022/961 892/1047/961 893/1032/961
f 870/1021/962 886/1034/962 871/1023/962
f 883/1044/963 897/1049/963 898/1050/963
f 891/1045/964 905/1051/964 906/1052/964
f 883/1044/965 899/1053/965 884/1046/965
f 891/1045/966 907/1054/966 892/1047/966
f 885/1048/967 899/1053/967 900/1055/967
f 893/1032/968 907/1054/968 908/1056/968
f 885/1048/969 901/1057/969 886/1034/969
f 893/1032/970 909/1058/970 894/1033/970
f 887/1035/971 901/1057/971 902/1059/971
f 894/1033/972 910/1060/972 895/1036/972
f 888/1037/973 902/1059/973 903/1061/973
f 881/1039/974 483/1062/974 896/1063/974
f 490/1064/975 895/1036/975 910/1060/975
f 888/1037/976 904/1065/976 889/1041/976
f 881/1039/977 897/1049/977 882/1042/977
f 889/1041/978 905/1051/978 890/1043/978
f 902/1059/979 916/1066/979 917/1067/979
f 909/1058/980 925/1068/980 910/1060/980
f 903/1061/981 917/1067/981 918/1069/981
f 896/1063/982 483/1070/982 911/1071/982
f 490/1072/983 910/1060/983 925/1068/983
f 903/1061/984 919/1073/984 904/1065/984
f 896/1063/985 912/1074/985 897/1049/985
f 904/1065/986 920/1075/986 905/1051/986
f 898/1050/987 912/1074/987 913/1076/987
f 906/1052/988 920/1075/988 921/1077/988
f 898/1050/989 914/1078/989 899/1053/989
f 906/1052/990 922/1079/990 907/1054/990
f 900/1055/991 914/1078/991 915/1080/991
f 908/1056/992 922/1079/992 923/1081/992
f 900/1055/993 916/1066/993 901/1057/993
f 908/1056/994 924/1082/994 909/1058/994
f 921/1077/995 935/1083/995 936/1084/995
f 913/1076/996 929/1085/996 914/1078/996
f 921/1077/997 937/1086/997 922/1079/997
f 915/1080/998 929/1085/998 930/1087/998
f 923/1081/999 937/1086/999 938/1088/999
f 915/1080/1000 931/1089/1000 916/1066/1000
f 923/1081/1001 939/1090/1001 924/1082/1001
f 917/1067/1002 931/1089/1002 932/1091/1002
f 924/1082/1003 940/1092/1003 925/1068/1003
f 918/1069/1004 932/1091/1004 933/1093/1004
f 911/1071/1005 483/1094/1005 926/1095/1005
f 490/1096/1006 925/1068/1006 940/1092/1006
f 918/1069/1007 934/1097/1007 919/1073/1007
f 912/1074/1008 926/1095/1008 927/1098/1008
f 919/1073/1009 935/1083/1009 920/1075/1009
f 912/1074/1010 928/1099/1010 913/1076/1010
f 940/1092/1011 954/1100/1011 955/1101/1011
f 933/1093/1012 947/1102/1012 948/1103/1012
f 926/1095/1013 483/1104/1013 941/1105/1013
f 490/1106/1014 940/1092/1014 955/1101/1014
f 933/1093/1015 949/1107/1015 934/1097/1015
f 926/1095/1016 942/1108/1016 927/1098/1016
f 934/1097/1017 950/1109/1017 935/1083/1017
f 928/1099/1018 942/1108/1018 943/1110/1018
f 936/1084/1019 950/1109/1019 951/1111/1019
f 928/1099/1020 944/1112/1020 929/1085/1020
f 936/1084/1021 952/1113/1021 937/1086/1021
f 930/1087/1022 944/1112/1022 945/1114/1022
f 938/1088/1023 952/1113/1023 953/1115/1023
f 930/1087/1024 946/1116/1024 931/1089/1024
f 938/1088/1025 954/1100/1025 939/1090/1025
f 932/1091/1026 946/1116/1026 947/1102/1026
f 951/1111/1027 961/565/1027 952/1113/1027
f 945/1114/1028 958/560/1028 485/566/1028
f 953/1115/1029 961/565/1029 962/569/1029
f 946/1116/1030 485/566/1030 959/570/1030
f 953/1115/1031 963/573/1031 954/1100/1031
f 947/1102/1032 959/570/1032 486/574/1032
f 954/1100/1033 964/577/1033 955/1101/1033
f 948/1103/1034 486/574/1034 487/579/1034
f 941/1105/1035 483/1117/1035 956/580/1035
f 490/1118/1036 955/1101/1036 964/577/1036
f 948/1103/1037 488/585/1037 949/1107/1037
f 942/1108/1038 956/580/1038 957/586/1038
f 949/1107/1039 960/589/1039 950/1109/1039
f 943/1110/1040 957/586/1040 484/590/1040
f 950/1109/1041 489/563/1041 951/1111/1041
f 944/1112/1042 484/590/1042 958/560/1042
f 958/560/531 484/590/531 493/561/531
f 489/563/532 501/591/532 502/564/532
f 485/566/533 958/560/533 494/562/533
f 961/565/534 502/564/534 503/568/534
f 959/570/535 485/566/535 495/567/535
f 962/569/536 503/568/536 504/572/536
f 486/574/537 959/570/537 496/571/537
f 963/573/538 504/572/538 505/576/538
f 486/574/1043 497/575/1043 498/578/1043
f 487/579/1044 498/578/1044 499/584/1044
f 957/586/543 956/580/543 491/582/543
f 488/585/544 499/584/544 500/588/544
f 484/590/545 957/586/545 492/587/545
f 960/589/546 500/588/546 501/591/546
f 499/584/547 514/607/547 515/592/547
f 492/587/548 507/608/548 508/593/548
f 500/588/549 515/592/549 516/594/549
f 493/561/550 508/593/550 509/595/550
f 501/591/551 516/594/551 517/596/551
f 494/562/552 509/595/552 510/597/552
f 503/568/553 502/564/553 517/596/553
f 495/567/554 510/597/554 511/599/554
f 504/572/555 503/568/555 518/598/555
f 497/575/556 496/571/556 511/599/556
f 504/572/557 519/600/557 520/602/557
f 497/575/558 512/601/558 513/603/558
f 498/578/561 513/603/561 514/607/561
f 491/582/562 506/605/562 507/608/562
f 518/598/1045 533/624/1045 534/609/1045
f 511/599/564 526/625/564 527/610/564
f 519/600/565 534/609/565 535/611/565
f 512/601/566 527/610/566 528/612/566
f 514/607/569 513/603/569 528/612/569
f 506/605/570 521/614/570 522/617/570
f 514/607/571 529/616/571 530/618/571
f 507/608/1046 522/617/1046 523/619/1046
f 516/594/573 515/592/573 530/618/573
f 508/593/574 523/619/574 524/621/574
f 517/596/575 516/594/575 531/620/575
f 509/595/576 524/621/576 525/623/576
f 518/598/577 517/596/577 532/622/577
f 510/597/578 525/623/578 526/625/578
f 531/620/579 530/618/579 545/626/579
f 523/619/580 538/642/580 539/628/580
f 531/620/581 546/627/581 547/629/581
f 524/621/582 539/628/582 540/630/582
f 532/622/583 547/629/583 548/631/583
f 525/623/584 540/630/584 541/632/584
f 533/624/585 548/631/585 549/633/585
f 527/610/586 526/625/586 541/632/586
f 534/609/587 549/633/587 550/635/587
f 528/612/588 527/610/588 542/634/588
f 528/612/591 543/636/591 544/640/591
f 521/614/592 536/638/592 537/641/592
f 529/616/593 544/640/593 545/626/593
f 522/617/594 537/641/594 538/642/594
f 549/633/595 564/659/595 565/643/595
f 543/636/596 542/634/596 557/644/596
f 543/636/599 558/645/599 559/649/599
f 536/638/600 551/647/600 552/650/600
f 544/640/601 559/649/601 560/651/601
f 537/641/602 552/650/602 553/652/602
f 546/627/603 545/626/603 560/651/603
f 538/642/604 553/652/604 554/654/604
f 546/627/605 561/653/605 562/655/605
f 540/630/606 539/628/606 554/654/606
f 547/629/607 562/655/607 563/657/607
f 540/630/608 555/656/608 556/658/608
f 549/633/609 548/631/609 563/657/609
f 542/634/610 541/632/610 556/658/610
f 553/652/611 568/675/611 569/660/611
f 561/653/612 576/676/612 577/661/612
f 555/656/613 554/654/613 569/660/613
f 562/655/614 577/661/614 578/663/614
f 555/656/615 570/662/615 571/664/615
f 563/657/616 578/663/616 579/665/616
f 557/644/617 556/658/617 571/664/617
f 565/643/618 564/659/618 579/665/618
f 558/645/619 557/644/619 572/666/619
f 558/645/622 573/668/622 574/672/622
f 551/647/623 566/670/623 567/673/623
f 559/649/624 574/672/624 575/674/624
f 552/650/625 567/673/625 568/675/625
f 561/653/626 560/651/626 575/674/626
f 573/668/627 572/666/627 587/677/627
f 573/668/630 588/678/630 589/683/630
f 567/673/631 566/670/631 581/680/631
f 574/672/632 589/683/632 590/685/632
f 567/673/633 582/684/633 583/686/633
f 576/676/634 575/674/634 590/685/634
f 568/675/635 583/686/635 584/688/635
f 576/676/636 591/687/636 592/689/636
f 570/662/637 569/660/637 584/688/637
f 578/663/638 577/661/638 592/689/638
f 570/662/639 585/690/639 586/692/639
f 579/665/640 578/663/640 593/691/640
f 572/666/641 571/664/641 586/692/641
f 579/665/642 594/693/642 595/682/642
f 591/687/643 606/710/643 607/694/643
f 585/690/644 584/688/644 599/695/644
f 593/691/645 592/689/645 607/694/645
f 585/690/646 600/696/646 601/698/646
f 593/691/647 608/697/647 609/699/647
f 587/677/648 586/692/648 601/698/648
f 594/693/649 609/699/649 610/701/649
f 588/678/650 587/677/650 602/700/650
f 588/678/653 603/702/653 604/706/653
f 582/684/654 581/680/654 596/704/654
f 589/683/655 604/706/655 605/708/655
f 582/684/656 597/707/656 598/709/656
f 591/687/657 590/685/657 605/708/657
f 583/686/658 598/709/658 599/695/658
f 603/702/661 618/727/661 619/715/661
f 596/704/662 611/712/662 612/716/662
f 604/706/663 619/715/663 620/717/663
f 597/707/664 612/716/664 613/718/664
f 606/710/665 605/708/665 620/717/665
f 598/709/666 613/718/666 614/720/666
f 606/710/667 621/719/667 622/721/667
f 600/696/668 599/695/668 614/720/668
f 608/697/669 607/694/669 622/721/669
f 600/696/670 615/722/670 616/724/670
f 608/697/671 623/723/671 624/725/671
f 602/700/672 601/698/672 616/724/672
f 609/699/673 624/725/673 625/714/673
f 603/702/674 602/700/674 617/726/674
f 615/722/675 614/720/675 629/728/675
f 623/723/676 622/721/676 637/730/676
f 615/722/677 630/729/677 631/732/677
f 623/723/678 638/731/678 639/733/678
f 617/726/679 616/724/679 631/732/679
f 625/714/680 624/725/680 639/733/680
f 618/727/681 617/726/681 632/734/681
f 618/727/684 633/736/684 634/740/684
f 611/712/685 626/738/685 627/741/685
f 619/715/686 634/740/686 635/742/686
f 613/718/687 612/716/687 627/741/687
f 621/719/688 620/717/688 635/742/688
f 613/718/689 628/743/689 629/728/689
f 621/719/690 636/744/690 637/730/690
f 633/736/691 648/758/691 649/745/691
f 626/738/1047 641/760/1047 642/746/1047
f 634/740/693 649/745/693 650/747/693
f 628/743/1048 627/741/1048 642/746/1048
f 636/744/695 635/742/695 650/747/695
f 628/743/696 643/748/696 644/750/696
f 636/744/697 651/749/697 652/751/697
f 630/729/698 629/728/698 644/750/698
f 638/731/699 637/730/699 652/751/699
f 630/729/700 645/752/700 646/754/700
f 638/731/1049 653/753/1049 654/755/1049
f 632/734/702 631/732/702 646/754/702
f 639/733/703 654/755/703 655/757/703
f 633/736/704 632/734/704 647/756/704
f 652/751/707 667/777/707 668/762/707
f 645/752/708 660/778/708 661/763/708
f 654/755/709 653/753/709 668/762/709
f 647/756/710 646/754/710 661/763/710
f 655/757/711 654/755/711 669/764/711
f 648/758/712 647/756/712 662/765/712
f 648/758/715 663/767/715 664/771/715
f 641/760/716 656/769/716 657/772/716
f 649/745/717 664/771/717 665/773/717
f 642/746/718 657/772/718 658/774/718
f 651/749/719 650/747/719 665/773/719
f 643/748/720 658/774/720 659/776/720
f 651/749/721 666/775/721 667/777/721
f 645/752/722 644/750/722 659/776/722
f 664/771/723 679/795/723 680/779/723
f 658/774/724 657/772/724 672/780/724
f 666/775/725 665/773/725 680/779/725
f 658/774/726 673/781/726 674/783/726
f 666/775/727 681/782/727 682/784/727
f 660/778/728 659/776/728 674/783/728
f 668/762/729 667/777/729 682/784/729
f 660/778/730 675/785/730 676/787/730
f 668/762/731 683/786/731 684/788/731
f 662/765/732 661/763/732 676/787/732
f 669/764/733 684/788/733 685/790/733
f 663/767/734 662/765/734 677/789/734
f 663/767/737 678/791/737 679/795/737
f 657/772/738 656/769/738 671/793/738
f 683/786/1050 698/812/1050 699/796/1050
f 677/789/740 676/787/740 691/797/740
f 684/788/741 699/796/741 700/799/741
f 678/791/742 677/789/742 692/798/742
f 678/791/745 693/800/745 694/804/745
f 671/793/746 686/802/746 687/805/746
f 679/795/747 694/804/747 695/806/747
f 672/780/748 687/805/748 688/807/748
f 681/782/749 680/779/749 695/806/749
f 673/781/750 688/807/750 689/809/750
f 681/782/751 696/808/751 697/810/751
f 675/785/752 674/783/752 689/809/752
f 683/786/753 682/784/753 697/810/753
f 675/785/754 690/811/754 691/797/754
f 687/805/755 702/829/755 703/813/755
f 696/808/756 695/806/756 710/814/756
f 688/807/757 703/813/757 704/816/757
f 696/808/758 711/815/758 712/817/758
f 690/811/759 689/809/759 704/816/759
f 698/812/760 697/810/760 712/817/760
f 690/811/761 705/818/761 706/820/761
f 698/812/762 713/819/762 714/821/762
f 692/798/763 691/797/763 706/820/763
f 699/796/764 714/821/764 715/823/764
f 693/800/765 692/798/765 707/822/765
f 693/800/768 708/824/768 709/828/768
f 686/802/769 701/826/769 702/829/769
f 694/804/770 709/828/770 710/814/770
f 707/822/771 706/820/771 721/830/771
f 715/823/772 714/821/772 729/832/772
f 708/824/773 707/822/773 722/831/773
f 708/824/776 723/834/776 724/838/776
f 701/826/777 716/836/777 717/839/777
f 709/828/778 724/838/778 725/840/778
f 703/813/779 702/829/779 717/839/779
f 711/815/780 710/814/780 725/840/780
f 703/813/781 718/841/781 719/843/781
f 711/815/782 726/842/782 727/844/782
f 705/818/783 704/816/783 719/843/783
f 713/819/784 712/817/784 727/844/784
f 705/818/785 720/845/785 721/830/785
f 713/819/786 728/846/786 729/832/786
f 726/842/787 725/840/787 740/847/787
f 718/841/788 733/863/788 734/849/788
f 726/842/789 741/848/789 742/850/789
f 720/845/790 719/843/790 734/849/790
f 728/846/791 727/844/791 742/850/791
f 720/845/792 735/851/792 736/853/792
f 728/846/793 743/852/793 744/854/793
f 722/831/794 721/830/794 736/853/794
f 729/832/795 744/854/795 745/856/795
f 723/834/1051 722/831/1051 737/855/1051
f 723/834/1052 738/857/1052 739/861/1052
f 716/836/800 731/859/800 732/862/800
f 724/838/801 739/861/801 740/847/801
f 717/839/802 732/862/802 733/863/802
f 744/854/803 759/880/803 760/864/803
f 738/857/804 737/855/804 752/865/804
f 738/857/807 753/866/807 754/870/807
f 732/862/808 731/859/808 746/868/808
f 739/861/809 754/870/809 755/872/809
f 732/862/810 747/871/810 748/873/810
f 741/848/811 740/847/811 755/872/811
f 733/863/812 748/873/812 749/875/812
f 741/848/813 756/874/813 757/876/813
f 735/851/814 734/849/814 749/875/814
f 743/852/815 742/850/815 757/876/815
f 735/851/816 750/877/816 751/879/816
f 743/852/817 758/878/817 759/880/817
f 737/855/818 736/853/818 751/879/818
f 748/873/819 763/896/819 764/881/819
f 756/874/820 771/897/820 772/882/820
f 750/877/821 749/875/821 764/881/821
f 758/878/822 757/876/822 772/882/822
f 750/877/823 765/883/823 766/885/823
f 758/878/1053 773/884/1053 774/886/1053
f 752/865/825 751/879/825 766/885/825
f 760/864/826 759/880/826 774/886/826
f 753/866/827 752/865/827 767/887/827
f 753/866/830 768/889/830 769/893/830
f 747/871/831 746/868/831 761/891/831
f 754/870/832 769/893/832 770/895/832
f 747/871/1054 762/894/1054 763/896/1054
f 756/874/834 755/872/834 770/895/834
f 768/889/835 767/887/835 782/898/835
f 768/889/838 783/899/838 784/904/838
f 761/891/839 776/901/839 777/905/839
f 769/893/840 784/904/840 785/906/840
f 762/894/841 777/905/841 778/907/841
f 771/897/842 770/895/842 785/906/842
f 763/896/843 778/907/843 779/909/843
f 771/897/844 786/908/844 787/910/844
f 765/883/845 764/881/845 779/909/845
f 773/884/846 772/882/846 787/910/846
f 765/883/847 780/911/847 781/913/847
f 773/884/848 788/912/848 789/914/848
f 767/887/849 766/885/849 781/913/849
f 775/888/850 774/886/850 789/914/850
f 786/908/851 801/931/851 802/915/851
f 780/911/852 779/909/852 794/916/852
f 788/912/853 787/910/853 802/915/853
f 780/911/854 795/917/854 796/919/854
f 788/912/855 803/918/855 804/920/855
f 782/898/856 781/913/856 796/919/856
f 789/914/1055 804/920/1055 805/922/1055
f 783/899/858 782/898/858 797/921/858
f 783/899/861 798/923/861 799/927/861
f 776/901/862 791/925/862 792/928/862
f 784/904/863 799/927/863 800/929/863
f 777/905/864 792/928/864 793/930/864
f 786/908/865 785/906/865 800/929/865
f 778/907/866 793/930/866 794/916/866
f 798/923/868 813/946/868 814/934/868
f 791/925/869 806/948/869 807/935/869
f 799/927/870 814/934/870 815/936/870
f 792/928/871 807/935/871 808/937/871
f 801/931/872 800/929/872 815/936/872
f 793/930/873 808/937/873 809/939/873
f 801/931/874 816/938/874 817/940/874
f 794/916/875 809/939/875 810/941/875
f 803/918/876 802/915/876 817/940/876
f 795/917/877 810/941/877 811/943/877
f 803/918/1056 818/942/1056 819/944/1056
f 797/921/879 796/919/879 811/943/879
f 804/920/880 819/944/880 820/933/880
f 798/923/881 797/921/881 812/945/881
f 818/942/883 817/940/883 832/949/883
f 810/941/884 825/965/884 826/951/884
f 818/942/885 833/950/885 834/952/885
f 812/945/886 811/943/886 826/951/886
f 819/944/887 834/952/887 835/954/887
f 813/946/888 812/945/888 827/953/888
f 813/946/891 828/955/891 829/959/891
f 806/948/892 821/957/892 822/960/892
f 814/934/893 829/959/893 830/961/893
f 807/935/894 822/960/894 823/962/894
f 816/938/895 815/936/895 830/961/895
f 808/937/896 823/962/896 824/964/896
f 816/938/897 831/963/897 832/949/897
f 810/941/898 809/939/898 824/964/898
f 821/957/899 836/980/899 837/966/899
f 829/959/900 844/982/900 845/967/900
f 823/962/901 822/960/901 837/966/901
f 831/963/902 830/961/902 845/967/902
f 823/962/903 838/968/903 839/970/903
f 831/963/904 846/969/904 847/971/904
f 825/965/905 824/964/905 839/970/905
f 833/950/906 832/949/906 847/971/906
f 825/965/907 840/972/907 841/974/907
f 833/950/908 848/973/908 849/975/908
f 827/953/909 826/951/909 841/974/909
f 834/952/910 849/975/910 850/977/910
f 828/955/1057 827/953/1057 842/976/1057
f 828/955/1058 843/978/1058 844/982/1058
f 840/983/915 855/1013/915 856/984/915
f 848/986/916 863/1014/916 864/987/916
f 842/989/917 841/985/917 856/984/917
f 849/988/918 864/987/918 865/991/918
f 843/993/1059 842/989/1059 857/990/1059
f 843/993/1060 858/994/1060 859/999/1060
f 836/995/923 851/997/923 852/1001/923
f 844/1000/924 859/999/924 860/1003/924
f 838/1005/925 837/1002/925 852/1001/925
f 846/1007/926 845/1004/926 860/1003/926
f 838/1005/927 853/1006/927 854/1009/927
f 846/1007/928 861/1008/928 862/1011/928
f 840/983/929 839/1010/929 854/1009/929
f 848/986/930 847/1012/930 862/1011/930
f 859/999/931 874/1031/931 875/1015/931
f 853/1006/932 852/1001/932 867/1016/932
f 861/1008/933 860/1003/933 875/1015/933
f 853/1006/934 868/1017/934 869/1019/934
f 861/1008/935 876/1018/935 877/1020/935
f 855/1013/936 854/1009/936 869/1019/936
f 863/1014/937 862/1011/937 877/1020/937
f 855/1013/938 870/1021/938 871/1023/938
f 863/1014/939 878/1022/939 879/1024/939
f 857/990/940 856/984/940 871/1023/940
f 864/987/941 879/1024/941 880/1026/941
f 858/994/942 857/990/942 872/1025/942
f 858/994/945 873/1027/945 874/1031/945
f 851/997/946 866/1029/946 867/1016/946
f 879/1024/947 878/1022/947 893/1032/947
f 872/1025/948 871/1023/948 886/1034/948
f 879/1024/949 894/1033/949 895/1036/949
f 873/1027/950 872/1025/950 887/1035/950
f 873/1027/953 888/1037/953 889/1041/953
f 867/1016/954 866/1029/954 881/1039/954
f 874/1031/955 889/1041/955 890/1043/955
f 867/1016/956 882/1042/956 883/1044/956
f 876/1018/957 875/1015/957 890/1043/957
f 868/1017/958 883/1044/958 884/1046/958
f 876/1018/959 891/1045/959 892/1047/959
f 870/1021/960 869/1019/960 884/1046/960
f 878/1022/961 877/1020/961 892/1047/961
f 870/1021/962 885/1048/962 886/1034/962
f 883/1044/963 882/1042/963 897/1049/963
f 891/1045/964 890/1043/964 905/1051/964
f 883/1044/965 898/1050/965 899/1053/965
f 891/1045/966 906/1052/966 907/1054/966
f 885/1048/967 884/1046/967 899/1053/967
f 893/1032/968 892/1047/968 907/1054/968
f 885/1048/969 900/1055/969 901/1057/969
f 893/1032/970 908/1056/970 909/1058/970
f 887/1035/971 886/1034/971 901/1057/971
f 894/1033/972 909/1058/972 910/1060/972
f 888/1037/973 887/1035/973 902/1059/973
f 888/1037/976 903/1061/976 904/1065/976
f 881/1039/977 896/1063/977 897/1049/977
f 889/1041/978 904/1065/978 905/1051/978
f 902/1059/979 901/1057/979 916/1066/979
f 909/1058/980 924/1082/980 925/1068/980
f 903/1061/981 902/1059/981 917/1067/981
f 903/1061/984 918/1069/984 919/1073/984
f 896/1063/985 911/1071/985 912/1074/985
f 904/1065/986 919/1073/986 920/1075/986
f 898/1050/987 897/1049/987 912/1074/987
f 906/1052/988 905/1051/988 920/1075/988
f 898/1050/989 913/1076/989 914/1078/989
f 906/1052/990 921/1077/990 922/1079/990
f 900/1055/991 899/1053/991 914/1078/991
f 908/1056/992 907/1054/992 922/1079/992
f 900/1055/993 915/1080/993 916/1066/993
f 908/1056/994 923/1081/994 924/1082/994
f 921/1077/995 920/1075/995 935/1083/995
f 913/1076/996 928/1099/996 929/1085/996
f 921/1077/997 936/1084/997 937/1086/997
f 915/1080/998 914/1078/998 929/1085/998
f 923/1081/999 922/1079/999 937/1086/999
f 915/1080/1000 930/1087/1000 931/1089/1000
f 923/1081/1001 938/1088/1001 939/1090/1001
f 917/1067/1002 916/1066/1002 931/1089/1002
f 924/1082/1003 939/1090/1003 940/1092/1003
f 918/1069/1004 917/1067/1004 932/1091/1004
f 918/1069/1007 933/1093/1007 934/1097/1007
f 912/1074/1008 911/1071/1008 926/1095/1008
f 919/1073/1009 934/1097/1009 935/1083/1009
f 912/1074/1010 927/1098/1010 928/1099/1010
f 940/1092/1011 939/1090/1011 954/1100/1011
f 933/1093/1012 932/1091/1012 947/1102/1012
f 933/1093/1015 948/1103/1015 949/1107/1015
f 926/1095/1016 941/1105/1016 942/1108/1016
f 934/1097/1017 949/1107/1017 950/1109/1017
f 928/1099/1018 927/1098/1018 942/1108/1018
f 936/1084/1019 935/1083/1019 950/1109/1019
f 928/1099/1020 943/1110/1020 944/1112/1020
f 936/1084/1021 951/1111/1021 952/1113/1021
f 930/1087/1022 929/1085/1022 944/1112/1022
f 938/1088/1023 937/1086/1023 952/1113/1023
f 930/1087/1024 945/1114/1024 946/1116/1024
f 938/1088/1025 953/1115/1025 954/1100/1025
f 932/1091/1026 931/1089/1026 946/1116/1026
f 951/1111/1027 489/563/1027 961/565/1027
f 945/1114/1028 944/1112/1028 958/560/1028
f 953/1115/1029 952/1113/1029 961/565/1029
f 946/1116/1030 945/1114/1030 485/566/1030
f 953/1115/1031 962/569/1031 963/573/1031
f 947/1102/1032 946/1116/1032 959/570/1032
f 954/1100/1033 963/573/1033 964/577/1033
f 948/1103/1034 947/1102/1034 486/574/1034
f 948/1103/1037 487/579/1037 488/585/1037
f 942/1108/1038 941/1105/1038 956/580/1038
f 949/1107/1039 488/585/1039 960/589/1039
f 943/1110/1040 942/1108/1040 957/586/1040
f 950/1109/1041 960/589/1041 489/563/1041
f 944/1112/1042 943/1110/1042 484/590/1042
o 立方体
v -1.972811 1.032490 0.705008
v -1.972811 1.170325 0.705008
v -1.849970 1.032490 -0.802153
v -1.849970 1.170325 -0.802153
v -1.014352 1.032490 0.705008
v -1.014352 1.170325 0.705008
v -1.137193 1.032490 -0.802153
v -1.137193 1.170325 -0.802153
v -1.493581 1.032490 -0.802153
v -1.493581 1.170325 -0.802153
v -1.493581 1.032490 0.705008
v -1.493581 1.170325 0.705008
v -2.096408 1.032490 0.000000
v -2.096408 1.170325 0.000000
v -0.890754 1.032490 0.000000
v -0.890754 1.170325 0.000000
v -1.493581 1.170325 0.000000
v -1.493581 1.032490 0.000000
v -2.096408 1.032490 0.352504
v -0.890754 1.170325 0.352504
v -1.493581 1.170325 0.352504
v -1.493581 1.032490 0.352504
v -2.096408 1.170325 0.352504
v -0.890754 1.032490 0.352504
v -1.141078 1.170325 -0.802153
v -1.141078 1.032490 0.705008
v -1.141078 1.032490 -0.802153
v -1.141078 1.170325 0.705008
v -1.141078 1.170325 0.000000
v -1.141078 1.032490 0.000000
v -1.141078 1.170325 0.352504
v -1.141078 1.032490 0.352504
v -2.096408 1.170325 -0.352504
v -0.890754 1.032490 -0.352504
v -2.096408 1.032490 -0.352504
v -0.890754 1.170325 -0.352504
v -1.493581 1.170325 -0.352504
v -1.493581 1.032490 -0.352504
v -1.141078 1.032490 -0.352504
v -1.141078 1.170325 -0.352504
v -1.846085 1.032490 -0.802153
v -1.846085 1.170325 0.705008
v -1.846085 1.170325 -0.802153
v -1.846085 1.032490 0.705008
v -1.846085 1.032490 0.000000
v -1.846085 1.170325 0.000000
v -1.846085 1.032490 0.352504
v -1.846085 1.170325 0.352504
v -1.846085 1.170325 -0.352504
v -1.846085 1.032490 -0.352504
v -2.096408 1.032490 0.528756
v -0.890754 1.170325 0.528756
v -1.493581 1.170325 0.528756
v -1.493581 1.032490 0.528756
v -2.096408 1.170325 0.528756
v -0.890754 1.032490 0.528756
v -1.141078 1.170325 0.528756
v -1.141078 1.032490 0.528756
v -1.846085 1.032490 0.528756
v -1.846085 1.170325 0.528756
v -1.139135 1.170325 -0.802153
v -1.015916 1.032490 0.705008
v -1.015916 1.170325 0.000000
v -1.015916 1.170325 0.352504
v -1.139135 1.032490 -0.802153
v -1.015916 1.170325 0.705008
v -1.015916 1.032490 0.000000
v -1.015916 1.032490 0.352504
v -1.015916 1.170325 -0.352504
v -1.015916 1.032490 -0.352504
v -1.015916 1.170325 0.528756
v -1.015916 1.032490 0.528756
v -1.848028 1.032490 -0.802153
v -1.971247 1.170325 0.705008
v -1.971247 1.032490 0.000000
v -1.971247 1.032490 0.352504
v -1.971247 1.032490 -0.352504
v -1.848028 1.170325 -0.802153
v -1.971247 1.032490 0.705008
v -1.971247 1.170325 0.000000
v -1.971247 1.170325 0.352504
v -1.971247 1.170325 -0.352504
v -1.971247 1.032490 0.528756
v -1.971247 1.170325 0.528756
vn -0.8769 -0.0000 -0.4806
vn -0.0000 -0.0000 -1.0000
vn 0.8187 -0.0000 0.5742
vn -0.0000 -0.0000 1.0000
vn -0.0000 -1.0000 -0.0000
vn -0.0000 1.0000 -0.0000
vn 1.0000 -0.0000 -0.0000
vn -1.0000 -0.0000 -0.0000
vn 0.8769 -0.0000 -0.4806
vn -0.8187 -0.0000 0.5742
vt 0.625000 0.187500
vt 0.375000 0.250000
vt 0.375000 0.187500
vt 0.625000 0.468750
vt 0.375000 0.500000
vt 0.375000 0.468750
vt 0.625000 0.718750
vt 0.375000 0.750000
vt 0.375000 0.718750
vt 0.625000 0.968750
vt 0.375000 1.000000
vt 0.375000 0.968750
vt 0.343750 0.718750
vt 0.343750 0.750000
vt 0.843750 0.718750
vt 0.875000 0.750000
vt 0.843750 0.750000
vt 0.750000 0.718750
vt 0.687500 0.750000
vt 0.687500 0.718750
vt 0.250000 0.718750
vt 0.187500 0.750000
vt 0.187500 0.718750
vt 0.625000 0.812500
vt 0.375000 0.875000
vt 0.375000 0.812500
vt 0.625000 0.312500
vt 0.375000 0.375000
vt 0.375000 0.312500
vt 0.250000 0.562500
vt 0.187500 0.625000
vt 0.187500 0.562500
vt 0.750000 0.562500
vt 0.687500 0.625000
vt 0.687500 0.562500
vt 0.875000 0.562500
vt 0.843750 0.625000
vt 0.843750 0.562500
vt 0.375000 0.562500
vt 0.343750 0.625000
vt 0.343750 0.562500
vt 0.625000 0.562500
vt 0.375000 0.625000
vt 0.625000 0.062500
vt 0.375000 0.125000
vt 0.375000 0.062500
vt 0.625000 0.031250
vt 0.375000 0.031250
vt 0.250000 0.625000
vt 0.187500 0.687500
vt 0.750000 0.625000
vt 0.687500 0.687500
vt 0.875000 0.625000
vt 0.843750 0.687500
vt 0.343750 0.687500
vt 0.625000 0.625000
vt 0.375000 0.687500
vt 0.312500 0.625000
vt 0.250000 0.687500
vt 0.656250 0.687500
vt 0.656250 0.625000
vt 0.312500 0.562500
vt 0.656250 0.562500
vt 0.625000 0.781250
vt 0.375000 0.781250
vt 0.656250 0.750000
vt 0.656250 0.718750
vt 0.312500 0.718750
vt 0.250000 0.750000
vt 0.625000 0.375000
vt 0.375000 0.437500
vt 0.656250 0.500000
vt 0.312500 0.500000
vt 0.250000 0.500000
vt 0.625000 0.500000
vt 0.343750 0.500000
vt 0.875000 0.500000
vt 0.843750 0.500000
vt 0.750000 0.500000
vt 0.687500 0.500000
vt 0.187500 0.500000
vt 0.625000 0.125000
vt 0.156250 0.500000
vt 0.156250 0.562500
vt 0.812500 0.500000
vt 0.812500 0.625000
vt 0.750000 0.687500
vt 0.156250 0.687500
vt 0.156250 0.625000
vt 0.812500 0.562500
vt 0.625000 0.281250
vt 0.375000 0.281250
vt 0.156250 0.750000
vt 0.156250 0.718750
vt 0.812500 0.718750
vt 0.750000 0.750000
vt 0.625000 0.875000
vt 0.375000 0.937500
vt 0.812500 0.687500
vt 0.312500 0.687500
vt 0.625000 0.000000
vt 0.375000 0.000000
vt 0.875000 0.718750
vt 0.625000 0.687500
vt 0.625000 0.750000
vt 0.312500 0.750000
vt 0.625000 0.437500
vt 0.125000 0.718750
vt 0.125000 0.687500
vt 0.125000 0.750000
vt 0.625000 0.250000
vt 0.125000 0.625000
vt 0.125000 0.562500
vt 0.125000 0.500000
vt 0.812500 0.750000
vt 0.625000 0.937500
vt 0.625000 1.000000
vt 0.875000 0.687500
s 0
usemtl マテリアル.002
f 997/1119/1061 967/1120/1061 999/1121/1061
f 1025/1122/1062 971/1123/1062 1029/1124/1062
f 1016/1125/1063 969/1126/1063 1020/1127/1063
f 1038/1128/1064 965/1129/1064 1043/1130/1064
f 1036/1131/1065 969/1126/1065 1026/1132/1065
f 1048/1133/1066 966/1134/1066 1038/1135/1066
f 1017/1136/1066 992/1137/1066 1021/1138/1066
f 1018/1139/1065 1008/1140/1065 1023/1141/1065
f 992/1142/1064 975/1143/1064 990/1144/1064
f 1007/1145/1062 973/1146/1062 1005/1147/1062
f 1002/1148/1065 1009/1149/1065 1014/1150/1065
f 1001/1151/1066 993/1152/1066 1004/1153/1066
f 997/1154/1066 1044/1155/1066 1046/1156/1066
f 998/1157/1065 1031/1158/1065 1034/1159/1065
f 1000/1160/1067 979/1161/1067 998/1157/1067
f 987/1162/1068 977/1163/1068 983/1164/1068
f 1019/1165/1068 983/1164/1068 1015/1166/1068
f 982/1167/1065 1011/1168/1065 1009/1149/1065
f 981/1169/1066 995/1170/1066 993/1152/1066
f 978/1171/1066 1045/1172/1066 1044/1155/1066
f 979/1161/1065 1032/1173/1065 1031/1158/1065
f 980/1174/1067 988/1175/1067 979/1161/1067
f 994/1176/1065 986/1177/1065 982/1167/1065
f 993/1152/1066 1028/1178/1066 1027/1179/1066
f 1003/1180/1065 982/1167/1065 1002/1148/1065
f 1004/1153/1066 1027/1179/1066 1033/1181/1066
f 1030/1182/1064 990/1144/1064 1026/1183/1064
f 1021/1138/1066 1030/1184/1066 1035/1185/1066
f 1022/1186/1065 975/1187/1065 1018/1139/1065
f 974/1188/1062 991/1189/1062 973/1146/1062
f 1025/1190/1066 1004/1153/1066 1033/1181/1066
f 991/1191/1065 1002/1148/1065 973/1192/1065
f 972/1193/1069 998/1157/1069 971/1123/1069
f 971/1123/1065 1034/1159/1065 1029/1194/1065
f 968/1195/1066 1046/1156/1066 1042/1196/1066
f 974/1197/1066 1004/1153/1066 989/1198/1066
f 973/1192/1065 1014/1150/1065 1005/1199/1065
f 978/1200/1068 999/1121/1068 977/1163/1068
f 1037/1201/1065 1014/1150/1065 1041/1202/1065
f 1007/1203/1066 1001/1151/1066 974/1197/1066
f 1010/1204/1066 985/1205/1066 981/1169/1066
f 1009/1149/1065 1040/1206/1065 1039/1207/1065
f 1013/1208/1066 981/1169/1066 1001/1151/1066
f 1014/1150/1065 1039/1207/1065 1041/1202/1065
f 1042/1209/1062 1005/1147/1062 1037/1210/1062
f 1023/1141/1065 1043/1211/1065 1047/1212/1065
f 1024/1213/1066 976/1214/1066 1017/1136/1066
f 976/1215/1064 1008/1216/1064 975/1143/1064
f 1012/1217/1066 1017/1136/1066 985/1205/1066
f 1011/1168/1065 1047/1212/1065 1040/1206/1065
f 996/1218/1065 1018/1139/1065 986/1177/1065
f 995/1170/1066 1035/1185/1066 1028/1178/1066
f 966/1219/1070 1015/1166/1070 965/1220/1070
f 986/1177/1065 1023/1141/1065 1011/1168/1065
f 985/1205/1066 1021/1138/1066 995/1170/1066
f 1045/1172/1066 1019/1221/1066 1048/1133/1066
f 1032/1173/1065 1020/1127/1065 1036/1131/1065
f 984/1222/1067 1020/1127/1067 988/1175/1067
f 1032/1173/1065 1022/1186/1065 996/1218/1065
f 1028/1178/1066 1016/1125/1066 984/1222/1066
f 1029/1194/1065 1003/1180/1065 991/1191/1065
f 972/1193/1066 1033/1181/1066 1000/1160/1066
f 1035/1185/1066 970/1223/1066 1016/1125/1066
f 970/1223/1064 1026/1183/1064 969/1126/1064
f 1033/1181/1066 980/1174/1066 1000/1160/1066
f 1027/1179/1066 984/1222/1066 980/1174/1066
f 1031/1158/1065 996/1218/1065 994/1176/1065
f 1034/1159/1065 994/1176/1065 1003/1180/1065
f 1036/1131/1065 990/1224/1065 1022/1186/1065
f 989/1225/1062 1029/1124/1062 991/1189/1062
f 1045/1172/1066 1024/1213/1066 1012/1217/1066
f 1040/1206/1065 1015/1226/1065 983/1227/1065
f 1047/1212/1065 965/1228/1065 1015/1226/1065
f 968/1229/1062 1037/1210/1062 967/1120/1062
f 1041/1202/1065 977/1230/1065 999/1231/1065
f 1039/1207/1065 983/1227/1065 977/1230/1065
f 967/1232/1065 1041/1202/1065 999/1231/1065
f 1042/1196/1066 1013/1208/1066 1007/1203/1066
f 1044/1155/1066 1012/1217/1066 1010/1204/1066
f 1046/1156/1066 1010/1204/1066 1013/1208/1066
f 1048/1133/1066 1006/1233/1066 1024/1213/1066
f 1006/1234/1064 1043/1130/1064 1008/1216/1064
f 997/1119/1061 968/1229/1061 967/1120/1061
f 1025/1122/1062 972/1193/1062 971/1123/1062
f 1016/1125/1063 970/1223/1063 969/1126/1063
f 1038/1128/1064 966/1235/1064 965/1129/1064
f 1036/1131/1065 1020/1127/1065 969/1126/1065
f 1048/1133/1066 1019/1221/1066 966/1134/1066
f 1017/1136/1066 976/1214/1066 992/1137/1066
f 1018/1139/1065 975/1187/1065 1008/1140/1065
f 992/1142/1064 976/1215/1064 975/1143/1064
f 1007/1145/1062 974/1188/1062 973/1146/1062
f 1002/1148/1065 982/1167/1065 1009/1149/1065
f 1001/1151/1066 981/1169/1066 993/1152/1066
f 997/1154/1066 978/1171/1066 1044/1155/1066
f 998/1157/1065 979/1161/1065 1031/1158/1065
f 1000/1160/1067 980/1174/1067 979/1161/1067
f 987/1162/1068 978/1200/1068 977/1163/1068
f 1019/1165/1068 987/1162/1068 983/1164/1068
f 982/1167/1065 986/1177/1065 1011/1168/1065
f 981/1169/1066 985/1205/1066 995/1170/1066
f 978/1171/1066 987/1236/1066 1045/1172/1066
f 979/1161/1065 988/1175/1065 1032/1173/1065
f 980/1174/1067 984/1222/1067 988/1175/1067
f 994/1176/1065 996/1218/1065 986/1177/1065
f 993/1152/1066 995/1170/1066 1028/1178/1066
f 1003/1180/1065 994/1176/1065 982/1167/1065
f 1004/1153/1066 993/1152/1066 1027/1179/1066
f 1030/1182/1064 992/1142/1064 990/1144/1064
f 1021/1138/1066 992/1137/1066 1030/1184/1066
f 1022/1186/1065 990/1224/1065 975/1187/1065
f 974/1188/1062 989/1225/1062 991/1189/1062
f 1025/1190/1066 989/1198/1066 1004/1153/1066
f 991/1191/1065 1003/1180/1065 1002/1148/1065
f 972/1193/1069 1000/1160/1069 998/1157/1069
f 971/1123/1065 998/1157/1065 1034/1159/1065
f 968/1195/1066 997/1154/1066 1046/1156/1066
f 974/1197/1066 1001/1151/1066 1004/1153/1066
f 973/1192/1065 1002/1148/1065 1014/1150/1065
f 978/1200/1068 997/1119/1068 999/1121/1068
f 1037/1201/1065 1005/1199/1065 1014/1150/1065
f 1007/1203/1066 1013/1208/1066 1001/1151/1066
f 1010/1204/1066 1012/1217/1066 985/1205/1066
f 1009/1149/1065 1011/1168/1065 1040/1206/1065
f 1013/1208/1066 1010/1204/1066 981/1169/1066
f 1014/1150/1065 1009/1149/1065 1039/1207/1065
f 1042/1209/1062 1007/1145/1062 1005/1147/1062
f 1023/1141/1065 1008/1140/1065 1043/1211/1065
f 1024/1213/1066 1006/1233/1066 976/1214/1066
f 976/1215/1064 1006/1234/1064 1008/1216/1064
f 1012/1217/1066 1024/1213/1066 1017/1136/1066
f 1011/1168/1065 1023/1141/1065 1047/1212/1065
f 996/1218/1065 1022/1186/1065 1018/1139/1065
f 995/1170/1066 1021/1138/1066 1035/1185/1066
f 966/1219/1070 1019/1165/1070 1015/1166/1070
f 986/1177/1065 1018/1139/1065 1023/1141/1065
f 985/1205/1066 1017/1136/1066 1021/1138/1066
f 1045/1172/1066 987/1236/1066 1019/1221/1066
f 1032/1173/1065 988/1175/1065 1020/1127/1065
f 984/1222/1067 1016/1125/1067 1020/1127/1067
f 1032/1173/1065 1036/1131/1065 1022/1186/1065
f 1028/1178/1066 1035/1185/1066 1016/1125/1066
f 1029/1194/1065 1034/1159/1065 1003/1180/1065
f 972/1193/1066 1025/1190/1066 1033/1181/1066
f 1035/1185/1066 1030/1184/1066 970/1223/1066
f 970/1223/1064 1030/1182/1064 1026/1183/1064
f 1033/1181/1066 1027/1179/1066 980/1174/1066
f 1027/1179/1066 1028/1178/1066 984/1222/1066
f 1031/1158/1065 1032/1173/1065 996/1218/1065
f 1034/1159/1065 1031/1158/1065 994/1176/1065
f 1036/1131/1065 1026/1132/1065 990/1224/1065
f 989/1225/1062 1025/1122/1062 1029/1124/1062
f 1045/1172/1066 1048/1133/1066 1024/1213/1066
f 1040/1206/1065 1047/1212/1065 1015/1226/1065
f 1047/1212/1065 1043/1211/1065 965/1228/1065
f 968/1229/1062 1042/1209/1062 1037/1210/1062
f 1041/1202/1065 1039/1207/1065 977/1230/1065
f 1039/1207/1065 1040/1206/1065 983/1227/1065
f 967/1232/1065 1037/1201/1065 1041/1202/1065
f 1042/1196/1066 1046/1156/1066 1013/1208/1066
f 1044/1155/1066 1045/1172/1066 1012/1217/1066
f 1046/1156/1066 1044/1155/1066 1010/1204/1066
f 1048/1133/1066 1038/1135/1066 1006/1233/1066
f 1006/1234/1064 1038/1128/1064 1043/1130/1064
o 立方体.001
v -1.887081 1.133505 0.578889
v -1.887081 1.246683 0.578889
v -1.786216 1.133505 -0.658656
v -1.786216 1.246683 -0.658656
v -1.100081 1.133505 0.578889
v -1.100081 1.246683 0.578889
v -1.200947 1.133505 -0.658656
v -1.200947 1.246683 -0.658656
v -1.493581 1.133505 -0.658656
v -1.493581 1.246683 -0.658656
v -1.493581 1.133505 0.578889
v -1.493581 1.246683 0.578889
v -1.988569 1.133505 0.000000
v -1.988569 1.246683 0.000000
v -0.998594 1.133505 0.000000
v -0.998594 1.246683 0.000000
v -1.493581 1.246683 0.000000
v -1.493581 1.133505 0.000000
v -1.988569 1.133505 0.289444
v -0.998594 1.246683 0.289444
v -1.493581 1.246683 0.289444
v -1.493581 1.133505 0.289444
v -1.988569 1.246683 0.289444
v -0.998594 1.133505 0.289444
v -1.204137 1.246683 -0.658656
v -1.204137 1.133505 0.578889
v -1.204137 1.133505 -0.658656
v -1.204137 1.246683 0.578889
v -1.204137 1.246683 0.000000
v -1.204137 1.133505 0.000000
v -1.204137 1.246683 0.289444
v -1.204137 1.133505 0.289444
v -1.988569 1.246683 -0.289444
v -0.998594 1.133505 -0.289444
v -1.988569 1.133505 -0.289444
v -0.998594 1.246683 -0.289444
v -1.493581 1.246683 -0.289444
v -1.493581 1.133505 -0.289444
v -1.204137 1.133505 -0.289444
v -1.204137 1.246683 -0.289444
v -1.783026 1.133505 -0.658656
v -1.783026 1.246683 0.578889
v -1.783026 1.246683 -0.658656
v -1.783026 1.133505 0.578889
v -1.783026 1.133505 0.000000
v -1.783026 1.246683 0.000000
v -1.783026 1.133505 0.289444
v -1.783026 1.246683 0.289444
v -1.783026 1.246683 -0.289444
v -1.783026 1.133505 -0.289444
v -1.988569 1.133505 0.434167
v -0.998594 1.246683 0.434167
v -1.493581 1.246683 0.434167
v -1.493581 1.133505 0.434167
v -1.988569 1.246683 0.434167
v -0.998594 1.133505 0.434167
v -1.204137 1.246683 0.434167
v -1.204137 1.133505 0.434167
v -1.783026 1.133505 0.434167
v -1.783026 1.246683 0.434167
v -1.202542 1.246683 -0.658656
v -1.101366 1.133505 0.578889
v -1.101366 1.246683 0.000000
v -1.101366 1.246683 0.289444
v -1.202542 1.133505 -0.658656
v -1.101366 1.246683 0.578889
v -1.101366 1.133505 0.000000
v -1.101366 1.133505 0.289444
v -1.101366 1.246683 -0.289444
v -1.101366 1.133505 -0.289444
v -1.101366 1.246683 0.434167
v -1.101366 1.133505 0.434167
v -1.784621 1.133505 -0.658656
v -1.885797 1.246683 0.578889
v -1.885797 1.133505 0.000000
v -1.885797 1.133505 0.289444
v -1.885797 1.133505 -0.289444
v -1.784621 1.246683 -0.658656
v -1.885797 1.133505 0.578889
v -1.885797 1.246683 0.000000
v -1.885797 1.246683 0.289444
v -1.885797 1.246683 -0.289444
v -1.885797 1.133505 0.434167
v -1.885797 1.246683 0.434167
vn -0.8769 -0.0000 -0.4806
vn -0.0000 -0.0000 -1.0000
vn 0.8187 -0.0000 0.5742
vn -0.0000 -0.0000 1.0000
vn -0.0000 -1.0000 -0.0000
vn -0.0000 1.0000 -0.0000
vn 1.0000 -0.0000 -0.0000
vn -1.0000 -0.0000 -0.0000
vn 0.8769 -0.0000 -0.4806
vn -0.8187 -0.0000 0.5742
vt 0.625000 0.187500
vt 0.375000 0.250000
vt 0.375000 0.187500
vt 0.625000 0.468750
vt 0.375000 0.500000
vt 0.375000 0.468750
vt 0.625000 0.718750
vt 0.375000 0.750000
vt 0.375000 0.718750
vt 0.625000 0.968750
vt 0.375000 1.000000
vt 0.375000 0.968750
vt 0.343750 0.718750
vt 0.343750 0.750000
vt 0.843750 0.718750
vt 0.875000 0.750000
vt 0.843750 0.750000
vt 0.750000 0.718750
vt 0.687500 0.750000
vt 0.687500 0.718750
vt 0.250000 0.718750
vt 0.187500 0.750000
vt 0.187500 0.718750
vt 0.625000 0.812500
vt 0.375000 0.875000
vt 0.375000 0.812500
vt 0.625000 0.312500
vt 0.375000 0.375000
vt 0.375000 0.312500
vt 0.250000 0.562500
vt 0.187500 0.625000
vt 0.187500 0.562500
vt 0.750000 0.562500
vt 0.687500 0.625000
vt 0.687500 0.562500
vt 0.875000 0.562500
vt 0.843750 0.625000
vt 0.843750 0.562500
vt 0.375000 0.562500
vt 0.343750 0.625000
vt 0.343750 0.562500
vt 0.625000 0.562500
vt 0.375000 0.625000
vt 0.625000 0.062500
vt 0.375000 0.125000
vt 0.375000 0.062500
vt 0.625000 0.031250
vt 0.375000 0.031250
vt 0.250000 0.625000
vt 0.187500 0.687500
vt 0.750000 0.625000
vt 0.687500 0.687500
vt 0.875000 0.625000
vt 0.843750 0.687500
vt 0.343750 0.687500
vt 0.625000 0.625000
vt 0.375000 0.687500
vt 0.312500 0.625000
vt 0.250000 0.687500
vt 0.656250 0.687500
vt 0.656250 0.625000
vt 0.312500 0.562500
vt 0.656250 0.562500
vt 0.625000 0.781250
vt 0.375000 0.781250
vt 0.656250 0.750000
vt 0.656250 0.718750
vt 0.312500 0.718750
vt 0.250000 0.750000
vt 0.625000 0.375000
vt 0.375000 0.437500
vt 0.656250 0.500000
vt 0.312500 0.500000
vt 0.250000 0.500000
vt 0.625000 0.500000
vt 0.343750 0.500000
vt 0.875000 0.500000
vt 0.843750 0.500000
vt 0.750000 0.500000
vt 0.687500 0.500000
vt 0.187500 0.500000
vt 0.625000 0.125000
vt 0.156250 0.500000
vt 0.156250 0.562500
vt 0.812500 0.500000
vt 0.812500 0.625000
vt 0.750000 0.687500
vt 0.156250 0.687500
vt 0.156250 0.625000
vt 0.812500 0.562500
vt 0.625000 0.281250
vt 0.375000 0.281250
vt 0.156250 0.750000
vt 0.156250 0.718750
vt 0.812500 0.718750
vt 0.750000 0.750000
vt 0.625000 0.875000
vt 0.375000 0.937500
vt 0.812500 0.687500
vt 0.312500 0.687500
vt 0.625000 0.000000
vt 0.375000 0.000000
vt 0.875000 0.718750
vt 0.625000 0.687500
vt 0.625000 0.750000
vt 0.312500 0.750000
vt 0.625000 0.437500
vt 0.125000 0.718750
vt 0.125000 0.687500
vt 0.125000 0.750000
vt 0.625000 0.250000
vt 0.125000 0.625000
vt 0.125000 0.562500
vt 0.125000 0.500000
vt 0.812500 0.750000
vt 0.625000 0.937500
vt 0.625000 1.000000
vt 0.875000 0.687500
s 0
usemtl マテリアル.003
f 1081/1237/1071 1051/1238/1071 1083/1239/1071
f 1109/1240/1072 1055/1241/1072 1113/1242/1072
f 1100/1243/1073 1053/1244/1073 1104/1245/1073
f 1122/1246/1074 1049/1247/1074 1127/1248/1074
f 1120/1249/1075 1053/1244/1075 1110/1250/1075
f 1132/1251/1076 1050/1252/1076 1122/1253/1076
f 1101/1254/1076 1076/1255/1076 1105/1256/1076
f 1102/1257/1075 1092/1258/1075 1107/1259/1075
f 1076/1260/1074 1059/1261/1074 1074/1262/1074
f 1091/1263/1072 1057/1264/1072 1089/1265/1072
f 1086/1266/1075 1093/1267/1075 1098/1268/1075
f 1085/1269/1076 1077/1270/1076 1088/1271/1076
f 1081/1272/1076 1128/1273/1076 1130/1274/1076
f 1082/1275/1075 1115/1276/1075 1118/1277/1075
f 1084/1278/1077 1063/1279/1077 1082/1275/1077
f 1071/1280/1078 1061/1281/1078 1067/1282/1078
f 1103/1283/1078 1067/1282/1078 1099/1284/1078
f 1066/1285/1075 1095/1286/1075 1093/1267/1075
f 1065/1287/1076 1079/1288/1076 1077/1270/1076
f 1062/1289/1076 1129/1290/1076 1128/1273/1076
f 1063/1279/1075 1116/1291/1075 1115/1276/1075
f 1064/1292/1077 1072/1293/1077 1063/1279/1077
f 1078/1294/1075 1070/1295/1075 1066/1285/1075
f 1077/1270/1076 1112/1296/1076 1111/1297/1076
f 1087/1298/1075 1066/1285/1075 1086/1266/1075
f 1088/1271/1076 1111/1297/1076 1117/1299/1076
f 1114/1300/1074 1074/1262/1074 1110/1301/1074
f 1105/1256/1076 1114/1302/1076 1119/1303/1076
f 1106/1304/1075 1059/1305/1075 1102/1257/1075
f 1058/1306/1072 1075/1307/1072 1057/1264/1072
f 1109/1308/1076 1088/1271/1076 1117/1299/1076
f 1075/1309/1075 1086/1266/1075 1057/1310/1075
f 1056/1311/1079 1082/1275/1079 1055/1241/1079
f 1055/1241/1075 1118/1277/1075 1113/1312/1075
f 1052/1313/1076 1130/1274/1076 1126/1314/1076
f 1058/1315/1076 1088/1271/1076 1073/1316/1076
f 1057/1310/1075 1098/1268/1075 1089/1317/1075
f 1062/1318/1078 1083/1239/1078 1061/1281/1078
f 1121/1319/1075 1098/1268/1075 1125/1320/1075
f 1091/1321/1076 1085/1269/1076 1058/1315/1076
f 1094/1322/1076 1069/1323/1076 1065/1287/1076
f 1093/1267/1075 1124/1324/1075 1123/1325/1075
f 1097/1326/1076 1065/1287/1076 1085/1269/1076
f 1098/1268/1075 1123/1325/1075 1125/1320/1075
f 1126/1327/1072 1089/1265/1072 1121/1328/1072
f 1107/1259/1075 1127/1329/1075 1131/1330/1075
f 1108/1331/1076 1060/1332/1076 1101/1254/1076
f 1060/1333/1074 1092/1334/1074 1059/1261/1074
f 1096/1335/1076 1101/1254/1076 1069/1323/1076
f 1095/1286/1075 1131/1330/1075 1124/1324/1075
f 1080/1336/1075 1102/1257/1075 1070/1295/1075
f 1079/1288/1076 1119/1303/1076 1112/1296/1076
f 1050/1337/1080 1099/1284/1080 1049/1338/1080
f 1070/1295/1075 1107/1259/1075 1095/1286/1075
f 1069/1323/1076 1105/1256/1076 1079/1288/1076
f 1129/1290/1076 1103/1339/1076 1132/1251/1076
f 1116/1291/1075 1104/1245/1075 1120/1249/1075
f 1068/1340/1077 1104/1245/1077 1072/1293/1077
f 1116/1291/1075 1106/1304/1075 1080/1336/1075
f 1112/1296/1076 1100/1243/1076 1068/1340/1076
f 1113/1312/1075 1087/1298/1075 1075/1309/1075
f 1056/1311/1076 1117/1299/1076 1084/1278/1076
f 1119/1303/1076 1054/1341/1076 1100/1243/1076
f 1054/1341/1074 1110/1301/1074 1053/1244/1074
f 1117/1299/1076 1064/1292/1076 1084/1278/1076
f 1111/1297/1076 1068/1340/1076 1064/1292/1076
f 1115/1276/1075 1080/1336/1075 1078/1294/1075
f 1118/1277/1075 1078/1294/1075 1087/1298/1075
f 1120/1249/1075 1074/1342/1075 1106/1304/1075
f 1073/1343/1072 1113/1242/1072 1075/1307/1072
f 1129/1290/1076 1108/1331/1076 1096/1335/1076
f 1124/1324/1075 1099/1344/1075 1067/1345/1075
f 1131/1330/1075 1049/1346/1075 1099/1344/1075
f 1052/1347/1072 1121/1328/1072 1051/1238/1072
f 1125/1320/1075 1061/1348/1075 1083/1349/1075
f 1123/1325/1075 1067/1345/1075 1061/1348/1075
f 1051/1350/1075 1125/1320/1075 1083/1349/1075
f 1126/1314/1076 1097/1326/1076 1091/1321/1076
f 1128/1273/1076 1096/1335/1076 1094/1322/1076
f 1130/1274/1076 1094/1322/1076 1097/1326/1076
f 1132/1251/1076 1090/1351/1076 1108/1331/1076
f 1090/1352/1074 1127/1248/1074 1092/1334/1074
f 1081/1237/1071 1052/1347/1071 1051/1238/1071
f 1109/1240/1072 1056/1311/1072 1055/1241/1072
f 1100/1243/1073 1054/1341/1073 1053/1244/1073
f 1122/1246/1074 1050/1353/1074 1049/1247/1074
f 1120/1249/1075 1104/1245/1075 1053/1244/1075
f 1132/1251/1076 1103/1339/1076 1050/1252/1076
f 1101/1254/1076 1060/1332/1076 1076/1255/1076
f 1102/1257/1075 1059/1305/1075 1092/1258/1075
f 1076/1260/1074 1060/1333/1074 1059/1261/1074
f 1091/1263/1072 1058/1306/1072 1057/1264/1072
f 1086/1266/1075 1066/1285/1075 1093/1267/1075
f 1085/1269/1076 1065/1287/1076 1077/1270/1076
f 1081/1272/1076 1062/1289/1076 1128/1273/1076
f 1082/1275/1075 1063/1279/1075 1115/1276/1075
f 1084/1278/1077 1064/1292/1077 1063/1279/1077
f 1071/1280/1078 1062/1318/1078 1061/1281/1078
f 1103/1283/1078 1071/1280/1078 1067/1282/1078
f 1066/1285/1075 1070/1295/1075 1095/1286/1075
f 1065/1287/1076 1069/1323/1076 1079/1288/1076
f 1062/1289/1076 1071/1354/1076 1129/1290/1076
f 1063/1279/1075 1072/1293/1075 1116/1291/1075
f 1064/1292/1077 1068/1340/1077 1072/1293/1077
f 1078/1294/1075 1080/1336/1075 1070/1295/1075
f 1077/1270/1076 1079/1288/1076 1112/1296/1076
f 1087/1298/1075 1078/1294/1075 1066/1285/1075
f 1088/1271/1076 1077/1270/1076 1111/1297/1076
f 1114/1300/1074 1076/1260/1074 1074/1262/1074
f 1105/1256/1076 1076/1255/1076 1114/1302/1076
f 1106/1304/1075 1074/1342/1075 1059/1305/1075
f 1058/1306/1072 1073/1343/1072 1075/1307/1072
f 1109/1308/1076 1073/1316/1076 1088/1271/1076
f 1075/1309/1075 1087/1298/1075 1086/1266/1075
f 1056/1311/1079 1084/1278/1079 1082/1275/1079
f 1055/1241/1075 1082/1275/1075 1118/1277/1075
f 1052/1313/1076 1081/1272/1076 1130/1274/1076
f 1058/1315/1076 1085/1269/1076 1088/1271/1076
f 1057/1310/1075 1086/1266/1075 1098/1268/1075
f 1062/1318/1078 1081/1237/1078 1083/1239/1078
f 1121/1319/1075 1089/1317/1075 1098/1268/1075
f 1091/1321/1076 1097/1326/1076 1085/1269/1076
f 1094/1322/1076 1096/1335/1076 1069/1323/1076
f 1093/1267/1075 1095/1286/1075 1124/1324/1075
f 1097/1326/1076 1094/1322/1076 1065/1287/1076
f 1098/1268/1075 1093/1267/1075 1123/1325/1075
f 1126/1327/1072 1091/1263/1072 1089/1265/1072
f 1107/1259/1075 1092/1258/1075 1127/1329/1075
f 1108/1331/1076 1090/1351/1076 1060/1332/1076
f 1060/1333/1074 1090/1352/1074 1092/1334/1074
f 1096/1335/1076 1108/1331/1076 1101/1254/1076
f 1095/1286/1075 1107/1259/1075 1131/1330/1075
f 1080/1336/1075 1106/1304/1075 1102/1257/1075
f 1079/1288/1076 1105/1256/1076 1119/1303/1076
f 1050/1337/1080 1103/1283/1080 1099/1284/1080
f 1070/1295/1075 1102/1257/1075 1107/1259/1075
f 1069/1323/1076 1101/1254/1076 1105/1256/1076
f 1129/1290/1076 1071/1354/1076 1103/1339/1076
f 1116/1291/1075 1072/1293/1075 1104/1245/1075
f 1068/1340/1077 1100/1243/1077 1104/1245/1077
f 1116/1291/1075 1120/1249/1075 1106/1304/1075
f 1112/1296/1076 1119/1303/1076 1100/1243/1076
f 1113/1312/1075 1118/1277/1075 1087/1298/1075
f 1056/1311/1076 1109/1308/1076 1117/1299/1076
f 1119/1303/1076 1114/1302/1076 1054/1341/1076
f 1054/1341/1074 1114/1300/1074 1110/1301/1074
f 1117/1299/1076 1111/1297/1076 1064/1292/1076
f 1111/1297/1076 1112/1296/1076 1068/1340/1076
f 1115/1276/1075 1116/1291/1075 1080/1336/1075
f 1118/1277/1075 1115/1276/1075 1078/1294/1075
f 1120/1249/1075 1110/1250/1075 1074/1342/1075
f 1073/1343/1072 1109/1240/1072 1113/1242/1072
f 1129/1290/1076 1132/1251/1076 1108/1331/1076
f 1124/1324/1075 1131/1330/1075 1099/1344/1075
f 1131/1330/1075 1127/1329/1075 1049/1346/1075
f 1052/1347/1072 1126/1327/1072 1121/1328/1072
f 1125/1320/1075 1123/1325/1075 1061/1348/1075
f 1123/1325/1075 1124/1324/1075 1067/1345/1075
f 1051/1350/1075 1121/1319/1075 1125/1320/1075
f 1126/1314/1076 1130/1274/1076 1097/1326/1076
f 1128/1273/1076 1129/1290/1076 1096/1335/1076
f 1130/1274/1076 1128/1273/1076 1094/1322/1076
f 1132/1251/1076 1122/1253/1076 1090/1351/1076
f 1090/1352/1074 1122/1246/1074 1127/1248/1074
