# Blender 5.0.1
# www.blender.org
mtllib TD_Sword.mtl
o Cube.001
v 0.100000 -0.400000 0.079000
v 0.100000 -0.400000 -0.079000
v -0.100000 -0.400000 0.079000
v -0.100000 -0.400000 -0.079000
v 0.000246 1.600000 0.000000
v 0.000000 1.600000 0.000000
v -0.000246 1.600000 -0.000000
v -0.280000 -0.248285 -0.079000
v 0.280000 -0.248285 0.079000
v 0.280000 -0.248653 -0.079000
v -0.280000 -0.248653 0.079000
v 0.168832 0.847889 -0.050000
v -0.168832 0.848095 0.050000
v -0.168832 0.848073 -0.050000
v 0.168832 0.848279 0.050000
v -0.180000 -0.015424 -0.075000
v 0.180000 -0.015115 0.069081
v 0.180000 -0.015701 -0.080919
v -0.180000 -0.015392 0.075000
v 0.168212 0.416094 -0.065459
v -0.168212 0.416352 0.062500
v -0.168212 0.416324 -0.062500
v 0.168212 0.416582 0.059541
v -0.000000 -0.015718 -0.077963
v -0.000151 -0.015563 -0.077957
v 0.000151 -0.015563 -0.077962
v -0.000451 -0.015254 0.072048
v -0.000000 -0.015718 0.072045
v 0.000452 -0.015253 0.072033
v 0.020154 0.232615 -0.069516
v 0.035475 0.189054 -0.071308
v 0.100862 0.088192 -0.075947
v -0.000000 0.289916 -0.067666
v -0.100862 0.088192 -0.072670
v -0.035475 0.189054 -0.070299
v 0.020082 0.232820 0.066117
v 0.035475 0.189054 0.066851
v 0.100862 0.088192 0.068051
v -0.000000 0.289916 0.064654
v -0.100862 0.088192 0.071331
v -0.035475 0.189054 0.067861
v 0.016727 -0.120146 -0.078428
v 0.061135 -0.204583 -0.078804
v 0.144212 -0.157681 -0.078595
v 0.135475 -0.128276 -0.078464
v 0.070402 -0.074076 -0.078222
v 0.114960 -0.015651 -0.079849
v 0.076817 -0.068570 -0.078412
v 0.121656 -0.081771 -0.078948
v 0.118223 -0.015654 -0.079903
v 0.076817 -0.068570 0.071352
v 0.078033 -0.066883 0.071280
v 0.121656 -0.081771 0.071914
v 0.119783 -0.045687 0.070380
v 0.061135 -0.204583 0.077135
v 0.016727 -0.120146 0.073543
v 0.144212 -0.157681 0.075143
v 0.115310 -0.015165 0.070145
v 0.118198 -0.015163 0.070097
v 0.118004 -0.011428 -0.079750
v 0.118004 -0.011428 0.070016
v -0.114629 -0.015475 -0.076075
v -0.118247 -0.015472 -0.076015
v -0.076817 -0.067933 -0.077967
v -0.121657 -0.081135 -0.077550
v -0.134451 -0.162555 -0.079313
v -0.144213 -0.157044 -0.079019
v -0.034895 -0.103916 -0.079527
v -0.016727 -0.119510 -0.078884
v -0.111493 -0.175516 -0.078675
v -0.026991 -0.139025 -0.078513
v -0.061135 -0.203947 -0.078802
v -0.114725 -0.015341 0.073927
v -0.121657 -0.081135 0.074705
v -0.076817 -0.067933 0.073835
v -0.118241 -0.015344 0.073985
v -0.144213 -0.157044 0.075843
v -0.123069 -0.168981 0.075616
v -0.020034 -0.116671 0.073394
v -0.016727 -0.119510 0.073515
v -0.061135 -0.203947 0.077105
v -0.118004 -0.010791 -0.075855
v -0.118004 -0.010791 0.073877
v -0.000000 -0.615312 0.000000
v -0.076394 -0.534986 0.105149
v -0.123609 -0.534986 -0.040162
v -0.000000 -0.534986 -0.129971
v 0.123609 -0.534986 -0.040162
v 0.076394 -0.534986 0.105149
v -0.123609 -0.405014 0.040162
v -0.076394 -0.405014 -0.105149
v 0.076394 -0.405014 -0.105149
v 0.123609 -0.405014 0.040162
v -0.000000 -0.405014 0.129971
v -0.000000 -0.324688 0.000000
v -0.072655 -0.593610 -0.023607
v -0.044903 -0.593610 0.061804
v -0.117559 -0.546396 0.038198
v -0.000000 -0.546396 0.123609
v 0.044903 -0.593610 0.061804
v -0.000000 -0.593610 -0.076395
v -0.072655 -0.546396 -0.100002
v 0.072655 -0.593610 -0.023607
v 0.072655 -0.546396 -0.100002
v 0.117559 -0.546396 0.038198
v -0.044903 -0.470000 0.138200
v 0.044903 -0.470000 0.138200
v -0.145312 -0.470000 0.000000
v -0.117560 -0.470000 0.085412
v -0.044903 -0.470000 -0.138200
v -0.117560 -0.470000 -0.085412
v 0.117560 -0.470000 -0.085412
v 0.044903 -0.470000 -0.138200
v 0.117560 -0.470000 0.085412
v 0.145312 -0.470000 0.000000
v -0.072655 -0.393604 0.100002
v -0.117559 -0.393604 -0.038198
v -0.000000 -0.393604 -0.123609
v 0.117559 -0.393604 -0.038198
v 0.072655 -0.393604 0.100002
v -0.072655 -0.346390 0.023607
v -0.000000 -0.346390 0.076395
v -0.044903 -0.346390 -0.061804
v 0.044903 -0.346390 -0.061804
v 0.072655 -0.346390 0.023607
v 0.086055 -0.999708 0.000000
v 0.086055 -0.459062 0.000000
v 0.084402 -0.999708 0.016789
v 0.084402 -0.459062 0.016789
v 0.079505 -0.999708 0.032932
v 0.079505 -0.459062 0.032932
v 0.071552 -0.999708 0.047810
v 0.071552 -0.459062 0.047810
v 0.060850 -0.999708 0.060850
v 0.060850 -0.459062 0.060850
v 0.047810 -0.999708 0.071553
v 0.047810 -0.459062 0.071553
v 0.032932 -0.999708 0.079505
v 0.032932 -0.459062 0.079505
v 0.016789 -0.999708 0.084402
v 0.016789 -0.459062 0.084402
v -0.000000 -0.999708 0.086055
v -0.000000 -0.459062 0.086055
v -0.016789 -0.999708 0.084402
v -0.016789 -0.459062 0.084402
v -0.032932 -0.999708 0.079505
v -0.032932 -0.459062 0.079505
v -0.047810 -0.999708 0.071553
v -0.047810 -0.459062 0.071553
v -0.060850 -0.999708 0.060850
v -0.060850 -0.459062 0.060850
v -0.071553 -0.999708 0.047810
v -0.071552 -0.459062 0.047810
v -0.079505 -0.999708 0.032932
v -0.079505 -0.459062 0.032932
v -0.084402 -0.999708 0.016789
v -0.084402 -0.459062 0.016789
v -0.086055 -0.999708 0.000000
v -0.086055 -0.459062 0.000000
v -0.084402 -0.999708 -0.016789
v -0.084402 -0.459062 -0.016789
v -0.079505 -0.999708 -0.032932
v -0.079505 -0.459062 -0.032932
v -0.071553 -0.999708 -0.047810
v -0.071552 -0.459062 -0.047810
v -0.060850 -0.999708 -0.060850
v -0.060850 -0.459062 -0.060850
v -0.047810 -0.999708 -0.071552
v -0.047810 -0.459062 -0.071552
v -0.032932 -0.999708 -0.079505
v -0.032932 -0.459062 -0.079505
v -0.016789 -0.999708 -0.084402
v -0.016789 -0.459062 -0.084402
v -0.000000 -0.999708 -0.086055
v -0.000000 -0.459062 -0.086055
v 0.016789 -0.999708 -0.084402
v 0.016789 -0.459062 -0.084402
v 0.032932 -0.999708 -0.079505
v 0.032932 -0.459062 -0.079505
v 0.047810 -0.999708 -0.071552
v 0.047810 -0.459062 -0.071552
v 0.060850 -0.999708 -0.060850
v 0.060850 -0.459062 -0.060850
v 0.071552 -0.999708 -0.047810
v 0.071552 -0.459062 -0.047810
v 0.079505 -0.999708 -0.032932
v 0.079505 -0.459062 -0.032932
v 0.084402 -0.999708 -0.016789
v 0.084402 -0.459062 -0.016789
v -0.087920 -0.837872 -0.087920
v -0.087920 -0.662032 -0.087920
v 0.087920 -0.837872 -0.087920
v 0.087920 -0.662032 -0.087920
v -0.087920 -0.837872 0.087920
v -0.087920 -0.662032 0.087920
v 0.087920 -0.837872 0.087920
v 0.087920 -0.662032 0.087920
v 0.413192 -0.576298 0.050000
v -0.000000 -0.380000 0.050000
v 0.201037 -0.576389 0.050000
v 0.413192 -0.576298 -0.050000
v 0.513368 -0.538868 0.050000
v 0.474179 -0.228474 0.023784
v -0.000000 -0.580000 0.050000
v 0.473186 -0.261255 0.023784
v 0.474179 -0.228474 -0.026197
v -0.000000 -0.380000 -0.050000
v 0.201037 -0.576389 -0.050000
v 0.473186 -0.261255 -0.026197
v -0.000000 -0.580000 -0.050000
v 0.430053 -0.355259 -0.035334
v 0.426744 -0.354276 -0.035340
v 0.513368 -0.538868 -0.050000
v 0.500000 -0.380000 0.050000
v 0.432343 -0.357148 -0.035408
v 0.523396 -0.269058 0.050000
v 0.422546 -0.354237 -0.035426
v 0.433529 -0.359870 -0.035560
v 0.500000 -0.580000 0.050000
v 0.433563 -0.363321 -0.035782
v 0.572972 -0.280807 0.050000
v 0.417618 -0.355143 -0.035588
v 0.523396 -0.269058 -0.050000
v 0.572972 -0.280807 -0.050000
v 0.412151 -0.356960 -0.035821
v 0.432444 -0.367368 -0.036068
v 0.594297 -0.380268 0.050000
v 0.430216 -0.371856 -0.036405
v 0.462692 -0.388033 -0.050000
v 0.594297 -0.380268 -0.050000
v 0.426964 -0.376612 -0.036782
v 0.388814 -0.538990 -0.050000
v 0.422814 -0.381453 -0.037182
v 0.406354 -0.359617 -0.036115
v 0.552016 -0.461133 -0.050000
v 0.400450 -0.363013 -0.036459
v 0.552016 -0.461133 0.050000
v 0.567336 -0.433486 0.050000
v 0.394666 -0.367017 -0.036840
v 0.389224 -0.371475 -0.037243
v 0.386911 -0.424829 -0.050000
v 0.371813 -0.521988 -0.050000
v 0.371813 -0.564435 -0.050000
v 0.567336 -0.433486 -0.050000
v 0.386911 -0.424829 0.050000
v 0.554596 -0.246776 -0.050000
v 0.375872 -0.563203 -0.050000
v 0.554596 -0.246776 0.050000
v 0.379613 -0.561204 -0.050000
v 0.522076 -0.382066 0.050000
v 0.415614 -0.388086 -0.037763
v 0.522076 -0.382066 -0.050000
v 0.417924 -0.386194 -0.037592
v 0.437991 -0.453227 -0.050000
v 0.363369 -0.564435 -0.050000
v 0.412482 -0.390652 -0.037995
v 0.406699 -0.394656 -0.038376
v 0.549361 -0.273525 0.050000
v 0.400795 -0.398052 -0.038720
v 0.363369 -0.521988 -0.050000
v 0.558186 -0.382442 0.050000
v 0.384335 -0.376216 -0.037653
v 0.359310 -0.563203 -0.050000
v 0.558186 -0.382442 -0.050000
v 0.430053 -0.355259 0.032249
v 0.359310 -0.523220 -0.050000
v 0.426745 -0.354276 0.032256
v 0.345952 -0.543212 -0.050000
v 0.432343 -0.357148 0.032339
v 0.522230 -0.431322 0.050000
v 0.422546 -0.354237 0.032360
v 0.346368 -0.538990 -0.050000
v 0.433529 -0.359870 0.032522
v 0.522230 -0.431322 -0.050000
v 0.346368 -0.547433 -0.050000
v 0.433563 -0.363321 0.032792
v 0.549361 -0.273525 -0.050000
v 0.417618 -0.355143 0.032557
v 0.473683 -0.455701 -0.050000
v 0.412151 -0.356960 0.032838
v 0.432444 -0.367368 0.033137
v 0.347599 -0.534931 -0.050000
v 0.430216 -0.371856 0.033546
v 0.517881 -0.435452 -0.050000
v 0.349599 -0.555234 -0.050000
v 0.426964 -0.376612 0.034001
v 0.422814 -0.381453 0.034486
v 0.498196 -0.444471 -0.050000
v 0.406354 -0.359617 0.033194
v 0.347599 -0.551492 -0.050000
v 0.400450 -0.363013 0.033611
v 0.349599 -0.531190 -0.050000
v 0.517882 -0.435452 0.050000
v 0.394666 -0.367017 0.034072
v 0.389224 -0.371475 0.034560
v 0.498196 -0.444471 0.050000
v 0.352290 -0.527910 -0.050000
v 0.473683 -0.455701 0.050000
v 0.367591 -0.564851 -0.050000
v 0.413939 -0.529627 -0.050000
v 0.355569 -0.561204 -0.050000
v 0.463302 -0.460458 -0.050000
v 0.352290 -0.558513 -0.050000
v 0.458926 -0.527742 -0.050000
v 0.355569 -0.525219 -0.050000
v 0.417924 -0.386194 0.034982
v 0.367591 -0.521572 -0.050000
v 0.438620 -0.495042 -0.050000
v 0.412482 -0.390652 0.035470
v 0.463302 -0.460458 0.050000
v 0.406699 -0.394656 0.035931
v 0.387583 -0.534931 0.050000
v 0.384335 -0.376216 0.035056
v 0.438620 -0.495042 0.050000
v 0.385583 -0.531189 0.050000
v 0.382892 -0.527910 0.050000
v 0.379613 -0.525219 0.050000
v 0.529877 -0.476694 0.050000
v 0.371813 -0.521988 0.050000
v 0.363369 -0.521988 0.050000
v 0.358760 -0.476694 -0.044696
v 0.531011 -0.459676 0.050000
v 0.266501 -0.528635 -0.050000
v 0.355547 -0.504988 -0.046596
v 0.359310 -0.523220 0.050000
v 0.367591 -0.521572 0.050000
v 0.299184 -0.527265 -0.049224
v 0.526664 -0.524904 0.050000
v 0.533090 -0.428484 -0.050000
v 0.266501 -0.528635 0.050000
v 0.375872 -0.523220 0.050000
v 0.389230 -0.543212 0.050000
v 0.532867 -0.431832 -0.050000
v 0.388814 -0.547433 0.050000
v 0.358760 -0.476694 0.043581
v 0.526454 -0.431525 -0.050000
v 0.388814 -0.538990 0.050000
v 0.355547 -0.504988 0.045880
v 0.470301 -0.527265 -0.050000
v 0.299184 -0.527265 0.049061
v 0.385583 -0.555234 0.050000
v 0.375872 -0.563203 -0.049937
v 0.529877 -0.476694 -0.050000
v 0.387583 -0.551492 0.050000
v 0.531011 -0.459676 -0.050000
v 0.526664 -0.524904 -0.050000
v 0.375872 -0.563203 0.050000
v 0.532867 -0.431832 0.050000
v 0.363369 -0.564435 0.050000
v 0.367591 -0.564851 0.050000
v 0.387583 -0.551492 -0.048933
v 0.526454 -0.431525 0.050000
v 0.533090 -0.428484 0.050000
v 0.388814 -0.547433 -0.048644
v 0.371813 -0.564435 0.050000
v 0.459373 -0.411324 -0.050000
v 0.379613 -0.525219 -0.047399
v 0.379613 -0.561204 0.050000
v 0.382892 -0.558513 0.050000
v 0.387583 -0.534931 -0.047860
v 0.388814 -0.538990 -0.048097
v 0.455198 -0.428105 -0.050000
v 0.457290 -0.421536 -0.050000
v 0.374331 -0.563671 0.050000
v 0.355569 -0.525219 0.050000
v 0.345952 -0.543212 0.050000
v 0.488661 -0.417071 -0.050000
v 0.480071 -0.415385 -0.050000
v 0.367591 -0.521572 0.046873
v 0.346368 -0.547433 0.050000
v 0.363369 -0.521988 0.047013
v 0.346368 -0.538990 0.050000
v 0.455198 -0.428105 0.050000
v 0.359310 -0.523220 0.047213
v 0.347599 -0.551492 0.050000
v 0.347599 -0.534931 0.050000
v 0.349599 -0.531189 0.048084
v 0.355569 -0.525219 0.047465
v 0.355569 -0.561204 0.050000
v 0.347599 -0.534931 0.048429
v 0.480071 -0.415385 0.050000
v 0.488661 -0.417071 0.050000
v 0.345952 -0.543212 0.049119
v 0.346368 -0.538990 0.048778
v 0.352290 -0.558513 0.050000
v 0.349599 -0.555234 0.050000
v 0.457290 -0.421536 0.050000
v 0.349599 -0.531189 0.050000
v 0.352290 -0.527910 0.050000
v 0.453323 -0.433995 -0.050000
v 0.359310 -0.563203 0.050000
v 0.465790 -0.436128 -0.050000
v 0.485128 -0.437922 -0.050000
v 0.491458 -0.429845 -0.050000
v 0.469226 -0.436716 -0.050000
v 0.500769 -0.419447 0.050000
v 0.429265 -0.569334 -0.050000
v 0.461529 -0.574990 -0.050000
v 0.435902 -0.571667 -0.050000
v 0.442705 -0.573455 -0.050000
v 0.380198 -0.525699 -0.047418
v 0.382892 -0.527910 -0.047505
v 0.455769 -0.575150 -0.050000
v 0.384662 -0.530067 -0.047607
v 0.500769 -0.419447 -0.050000
v 0.383518 -0.528673 -0.047541
v 0.449413 -0.574631 -0.050000
v 0.491728 -0.429500 -0.050000
v 0.385583 -0.531189 -0.047660
v 0.495405 -0.336311 -0.050000
v 0.375140 -0.563426 -0.049967
v 0.507155 -0.375494 -0.050000
v 0.374331 -0.563671 -0.050000
v 0.471273 -0.383598 -0.050000
v 0.376466 -0.562886 -0.049904
v 0.483339 -0.359955 -0.050000
v 0.536156 -0.323492 -0.050000
v 0.379613 -0.561204 -0.049729
v 0.382892 -0.558513 -0.049486
v 0.523094 -0.348164 -0.050000
v 0.473723 -0.561861 -0.050000
v 0.533360 -0.335122 -0.050000
v 0.495405 -0.336311 0.050000
v 0.350048 -0.555781 0.050000
v 0.467664 -0.554981 -0.050000
v 0.533360 -0.335122 0.050000
v 0.523094 -0.348164 0.050000
v 0.462983 -0.551621 -0.050000
v 0.457429 -0.548488 -0.050000
v 0.536156 -0.323492 0.050000
v 0.346368 -0.547433 0.049440
v 0.451214 -0.545701 -0.050000
v 0.346149 -0.545211 0.049271
v 0.444578 -0.543369 -0.050000
v 0.483339 -0.359955 0.050000
v 0.371813 -0.521988 0.046798
v 0.507155 -0.375494 0.050000
v 0.372682 -0.522252 0.046796
v 0.431066 -0.540405 -0.050000
v 0.418951 -0.540045 -0.050000
v 0.544609 -0.320833 0.050000
v 0.544609 -0.320833 -0.050000
v 0.414010 -0.540876 -0.050000
v 0.526859 -0.378635 0.050000
v 0.424710 -0.539886 -0.050000
v 0.553123 -0.376768 0.050000
v 0.542138 -0.338279 0.050000
v 0.551918 -0.305085 0.050000
v 0.379613 -0.561204 0.049672
v 0.405795 -0.546957 -0.050000
v 0.406757 -0.553175 -0.050000
v 0.557684 -0.376244 0.050000
v 0.526859 -0.378635 -0.050000
v 0.407303 -0.544399 -0.050000
v 0.437775 -0.541581 -0.050000
v 0.553123 -0.376768 -0.050000
v 0.542138 -0.338279 -0.050000
v 0.410077 -0.542346 -0.050000
v 0.551918 -0.305085 -0.050000
v 0.467029 -0.573951 0.050000
v 0.557684 -0.376244 -0.050000
v 0.421298 -0.565560 0.050000
v 0.554398 -0.296667 -0.050000
v 0.417496 -0.563415 0.050000
v 0.580830 -0.373587 -0.050000
v 0.474685 -0.568079 0.050000
v 0.355569 -0.525219 0.022337
v 0.572572 -0.298680 -0.050000
v 0.474869 -0.565116 0.050000
v 0.359310 -0.523220 0.035605
v 0.563485 -0.295836 -0.050000
v 0.473177 -0.570636 0.050000
v 0.577489 -0.336790 -0.050000
v 0.371813 -0.521988 0.017285
v 0.473723 -0.561861 0.050000
v 0.563485 -0.295836 0.050000
v 0.471290 -0.558438 0.050000
v 0.554398 -0.296667 0.050000
v 0.470403 -0.572690 0.050000
v 0.572572 -0.298680 0.050000
v 0.467664 -0.554981 0.050000
v 0.462983 -0.551621 0.050000
v 0.577489 -0.336790 0.050000
v 0.580830 -0.373587 0.050000
v 0.420102 -0.540014 -0.047259
v 0.457429 -0.548488 0.050000
v 0.451214 -0.545701 0.050000
v 0.543535 -0.292794 -0.050000
v 0.540500 -0.288379 -0.050000
v 0.444578 -0.543369 0.050000
v 0.418951 -0.540045 -0.047532
v 0.424710 -0.539886 0.050000
v 0.535939 -0.281743 -0.050000
v 0.431066 -0.540405 0.050000
v 0.537499 -0.306101 -0.050000
v 0.541880 -0.299677 -0.050000
v 0.414010 -0.540876 0.050000
v 0.525194 -0.286309 -0.050000
v 0.418951 -0.540045 0.050000
v 0.420102 -0.540014 0.046981
v 0.405610 -0.549920 0.050000
v 0.522004 -0.316561 -0.050000
v 0.413058 -0.541232 0.047256
v 0.514448 -0.309213 -0.050000
v 0.405795 -0.546957 0.050000
v 0.410077 -0.542346 0.047419
v 0.406757 -0.553175 0.050000
v 0.529559 -0.317187 -0.050000
v 0.407303 -0.544399 0.047650
v 0.409190 -0.556597 0.050000
v 0.405795 -0.546957 0.047889
v 0.543535 -0.292794 0.050000
v 0.407303 -0.544399 0.050000
v 0.535939 -0.281743 0.050000
v 0.540500 -0.288379 0.050000
v 0.414010 -0.540876 0.047203
v 0.410077 -0.542346 0.050000
v 0.418951 -0.540045 0.047013
v 0.421963 -0.529291 -0.046534
v 0.537499 -0.306101 0.050000
v 0.412816 -0.560055 0.050000
v 0.422145 -0.529283 -0.046448
v 0.437775 -0.541581 0.050000
v 0.541880 -0.299677 0.050000
v 0.466470 -0.574160 0.050000
v 0.525194 -0.286309 0.050000
v 0.423050 -0.566548 0.050000
v 0.416195 -0.529532 -0.046909
v 0.422145 -0.529283 0.046088
v 0.529559 -0.317187 0.050000
v 0.429265 -0.569334 0.050000
v 0.522004 -0.316561 0.050000
v 0.461529 -0.574990 0.050000
v 0.514448 -0.309213 0.050000
v 0.435902 -0.571667 0.050000
v 0.545061 -0.295014 0.050000
v 0.442705 -0.573455 0.050000
v 0.545061 -0.295014 -0.050000
v 0.455769 -0.575150 0.050000
v 0.449967 -0.545263 -0.050000
v 0.449413 -0.574631 0.050000
v 0.444578 -0.543369 -0.050000
v 0.342831 -0.434734 -0.050000
v 0.437775 -0.541581 -0.050000
v 0.309168 -0.445459 -0.050000
v 0.431066 -0.540405 -0.050000
v 0.401462 -0.428484 -0.050000
v 0.424710 -0.539886 -0.050000
v 0.418951 -0.540045 -0.050000
v 0.414010 -0.540876 -0.050000
v 0.358760 -0.476694 -0.050000
v 0.410077 -0.542346 -0.050000
v 0.242822 -0.529627 -0.050000
v 0.267503 -0.495042 -0.050000
v 0.423247 -0.566636 -0.050000
v 0.423050 -0.566548 -0.050000
v 0.299184 -0.527265 -0.050000
v 0.407303 -0.544399 -0.050000
v 0.344402 -0.509393 -0.050000
v 0.342831 -0.434734 0.050000
v 0.409190 -0.556597 -0.050000
v 0.406757 -0.553175 -0.050000
v 0.309168 -0.445459 0.050000
v 0.405610 -0.549920 -0.050000
v 0.401462 -0.428484 0.050000
v 0.355547 -0.504988 0.050000
v 0.417496 -0.563415 -0.050000
v 0.358760 -0.476694 0.050000
v 0.412816 -0.560055 -0.050000
v 0.405795 -0.546957 -0.050000
v 0.242822 -0.529627 0.050000
v 0.267503 -0.495042 0.050000
v 0.299184 -0.527265 0.050000
v 0.310329 -0.522860 0.050000
v 0.315261 -0.400637 -0.050000
v 0.206244 -0.402237 -0.050000
v 0.260752 -0.401437 -0.050000
v 0.293529 -0.417901 -0.050000
v 0.285095 -0.425516 -0.050000
v 0.277856 -0.432053 -0.050000
v 0.409190 -0.556597 0.050000
v 0.202625 -0.417506 -0.050000
v 0.412816 -0.560055 0.050000
v 0.236313 -0.435405 -0.050000
v 0.194503 -0.436591 -0.050000
v 0.315261 -0.400637 0.050000
v 0.423050 -0.566548 0.050000
v 0.260752 -0.401437 0.050000
v 0.423247 -0.566636 0.050000
v 0.417496 -0.563415 0.050000
v 0.206244 -0.402237 0.050000
v 0.293529 -0.417901 0.050000
v 0.285095 -0.425516 0.050000
v 0.466427 -0.574167 0.050000
v 0.277856 -0.432053 0.050000
v 0.466427 -0.574167 -0.050000
v 0.202625 -0.417506 0.050000
v 0.236313 -0.435405 0.050000
v 0.194503 -0.436591 0.050000
v 0.213046 -0.545961 -0.050000
v 0.159875 -0.558902 -0.050000
v 0.205228 -0.558930 -0.050000
v 0.182682 -0.559980 -0.050000
v 0.224011 -0.530280 -0.050000
v 0.194236 -0.528146 -0.050000
v 0.473177 -0.570636 0.050000
v 0.466470 -0.574160 0.050000
v 0.163297 -0.540717 -0.050000
v 0.470403 -0.572689 0.050000
v 0.164461 -0.526013 -0.050000
v 0.205228 -0.558930 0.050000
v 0.474685 -0.568079 0.050000
v 0.451214 -0.545701 -0.050000
v 0.182682 -0.559980 0.050000
v 0.159875 -0.558902 0.050000
v 0.473723 -0.561860 -0.050000
v 0.213046 -0.545961 0.050000
v 0.471290 -0.558438 -0.050000
v 0.215848 -0.541954 0.050000
v 0.474869 -0.565116 -0.050000
v 0.224011 -0.530280 0.050000
v 0.467664 -0.554981 -0.050000
v 0.194236 -0.528146 0.050000
v 0.473177 -0.570636 -0.050000
v 0.164461 -0.526013 0.050000
v 0.466470 -0.574160 -0.050000
v 0.163297 -0.540717 0.050000
v 0.470403 -0.572689 -0.050000
v 0.474685 -0.568079 -0.050000
v 0.500000 -0.420302 -0.050000
v 0.457429 -0.548488 -0.050000
v 0.485128 -0.437922 -0.050000
v 0.462983 -0.551621 -0.050000
v 0.491728 -0.429500 -0.050000
v 0.453323 -0.433995 -0.050000
v 0.350884 -0.556799 -0.050000
v 0.381340 -0.526636 0.050000
v 0.457290 -0.421536 -0.050000
v 0.379613 -0.525219 0.050000
v 0.469226 -0.436716 -0.050000
v 0.500000 -0.420302 0.050000
v 0.500000 -0.419296 0.050000
v 0.485128 -0.437922 0.050000
v 0.491728 -0.429500 0.050000
v 0.480071 -0.415385 0.050000
v 0.459373 -0.411324 0.050000
v 0.453323 -0.433995 0.050000
v 0.457290 -0.421536 0.050000
v 0.469226 -0.436716 0.050000
v 0.381090 -0.380000 0.050000
v 0.424060 -0.380000 0.050000
v 0.424060 -0.380000 -0.050000
v 0.381090 -0.380000 -0.050000
v 0.349599 -0.531189 -0.050000
v 0.346368 -0.538990 -0.050000
v 0.412482 -0.390652 -0.050000
v 0.347599 -0.534931 -0.050000
v 0.406699 -0.394656 -0.050000
v 0.394998 -0.400709 -0.050000
v 0.349599 -0.555234 -0.050000
v 0.347599 -0.551492 -0.050000
v 0.400795 -0.398052 -0.050000
v 0.346368 -0.547433 -0.050000
v 0.380404 -0.403393 -0.050000
v 0.377096 -0.402410 -0.050000
v 0.345952 -0.543212 -0.050000
v 0.373586 -0.394348 -0.050000
v 0.381340 -0.526636 -0.050000
v 0.373620 -0.397799 -0.050000
v 0.379613 -0.525219 -0.050000
v 0.375872 -0.523220 -0.050000
v 0.374805 -0.400522 -0.050000
v 0.371813 -0.521988 -0.050000
v 0.389530 -0.402526 -0.050000
v 0.367591 -0.521572 -0.050000
v 0.384603 -0.403432 -0.050000
v 0.359310 -0.523220 -0.050000
v 0.422814 -0.381453 -0.050000
v 0.363369 -0.521988 -0.050000
v 0.417924 -0.386194 -0.050000
v 0.352290 -0.527910 -0.050000
v 0.374704 -0.390301 -0.050000
v 0.376932 -0.385813 -0.050000
v 0.355569 -0.525219 -0.050000
v 0.381575 -0.559593 -0.050000
v 0.380184 -0.381057 -0.050000
v 0.412482 -0.390652 0.050000
v 0.382892 -0.558513 -0.050000
v 0.385583 -0.531189 -0.050000
v 0.406699 -0.394656 0.050000
v 0.382892 -0.527910 -0.050000
v 0.389530 -0.402526 0.050000
v 0.394998 -0.400709 0.050000
v 0.387583 -0.534931 -0.050000
v 0.400795 -0.398052 0.050000
v 0.388814 -0.538990 -0.050000
v 0.385583 -0.555234 -0.050000
v 0.380404 -0.403393 0.050000
v 0.377096 -0.402410 0.050000
v 0.387583 -0.551492 -0.050000
v 0.389230 -0.543212 -0.050000
v 0.373586 -0.394348 0.050000
v 0.388814 -0.547433 -0.050000
v 0.373620 -0.397799 0.050000
v 0.381575 -0.559593 0.050000
v 0.374805 -0.400522 0.050000
v 0.385583 -0.531189 0.050000
v 0.384603 -0.403432 0.050000
v 0.382892 -0.527910 0.050000
v 0.422814 -0.381453 0.050000
v 0.417924 -0.386194 0.050000
v 0.382892 -0.558513 0.050000
v 0.374704 -0.390301 0.050000
v 0.387583 -0.534931 0.050000
v 0.376932 -0.385813 0.050000
v 0.380184 -0.381057 0.050000
v 0.389230 -0.543212 0.050000
v 0.388814 -0.547433 0.050000
v 0.498196 -0.444471 -0.050000
v 0.500000 -0.526021 -0.050000
v 0.385583 -0.555234 0.050000
v 0.387583 -0.551492 0.050000
v 0.500000 -0.443644 -0.050000
v 0.382928 -0.449409 0.050000
v 0.463302 -0.460458 -0.050000
v 0.470301 -0.527265 -0.050000
v 0.358760 -0.476694 0.050000
v 0.299184 -0.527265 0.050000
v 0.244980 -0.529537 0.050000
v 0.500000 -0.526021 0.050000
v 0.500000 -0.443644 0.050000
v 0.244980 -0.529537 -0.050000
v 0.498196 -0.444471 0.050000
v 0.358760 -0.476694 -0.050000
v 0.463302 -0.460458 0.050000
v 0.382928 -0.449409 -0.050000
v 0.470301 -0.527265 0.050000
v 0.355547 -0.504988 -0.050000
v 0.438620 -0.495042 0.050000
v 0.299184 -0.527265 -0.050000
v 0.413939 -0.529627 0.050000
v 0.363133 -0.432570 0.050000
v 0.401462 -0.428484 0.050000
v 0.363133 -0.432570 -0.050000
v 0.401462 -0.428484 -0.050000
v 0.487204 -0.380000 -0.050000
v 0.500000 -0.380000 0.050000
v 0.473109 -0.380000 -0.050000
v 0.466791 -0.380000 -0.050000
v 0.487204 -0.380000 0.050000
v 0.473109 -0.380000 0.050000
v 0.466791 -0.380000 0.050000
v 0.466427 -0.574167 -0.050000
v 0.423247 -0.566636 -0.050000
v 0.381575 -0.559593 -0.050000
v 0.474869 -0.565116 -0.050000
v 0.474869 -0.565116 -0.050000
v 0.500000 -0.526021 -0.050000
v 0.471518 -0.558759 -0.050000
v 0.473723 -0.561860 -0.050000
v 0.457429 -0.548488 -0.050000
v 0.451214 -0.545701 -0.050000
v 0.444578 -0.543369 -0.050000
v 0.437775 -0.541581 -0.050000
v 0.471290 -0.558438 -0.050000
v 0.471290 -0.558438 -0.050000
v 0.467664 -0.554981 -0.050000
v 0.462983 -0.551621 -0.050000
v 0.470301 -0.527265 -0.050000
v 0.414010 -0.540876 -0.050000
v 0.405610 -0.549920 -0.050000
v 0.405795 -0.546957 -0.050000
v 0.407303 -0.544399 -0.050000
v 0.388831 -0.539156 -0.050000
v 0.410077 -0.542346 -0.050000
v 0.407114 -0.553678 -0.050000
v 0.405986 -0.550987 -0.050000
v 0.406757 -0.553175 -0.050000
v 0.388548 -0.538111 -0.050000
v 0.388814 -0.538990 -0.050000
v 0.413939 -0.529627 -0.050000
v 0.418951 -0.540045 -0.050000
v 0.424710 -0.539886 -0.050000
v 0.413939 -0.529627 -0.050000
v 0.431066 -0.540405 -0.050000
v 0.471273 -0.383598 -0.050000
v 0.500000 -0.384284 0.050000
v 0.500000 -0.419296 0.050000
v 0.500000 -0.405193 0.050000
v 0.500000 -0.430255 0.050000
v 0.500000 -0.420302 0.050000
v 0.500000 -0.420302 -0.050000
v 0.500000 -0.443644 0.050000
v 0.500000 -0.443484 -0.050000
v 0.500000 -0.435277 -0.050000
v 0.500000 -0.430255 -0.050000
v 0.500000 -0.580000 0.050000
v 0.500000 -0.526021 0.050000
v 0.499356 -0.580000 0.050000
v 0.499356 -0.580000 -0.050000
v 0.236796 -0.538262 0.050000
v 0.244980 -0.529537 0.050000
v 0.214120 -0.562439 0.050000
v 0.388814 -0.547433 0.050000
v 0.389230 -0.543212 0.050000
v 0.387583 -0.551492 0.050000
v 0.385583 -0.555234 0.050000
v 0.382892 -0.558513 0.050000
v 0.381575 -0.559593 0.050000
v 0.375872 -0.523220 0.050000
v 0.375872 -0.523220 -0.050000
v 0.375872 -0.523220 0.050000
v 0.379613 -0.525219 0.050000
v 0.382892 -0.527910 0.050000
v 0.381340 -0.526636 0.050000
v 0.385583 -0.531189 0.050000
v 0.387583 -0.534931 0.050000
v 0.388548 -0.538111 0.050000
v 0.388831 -0.539156 0.050000
v 0.473177 -0.570636 0.050000
v 0.474685 -0.568079 0.050000
v 0.470403 -0.572690 0.050000
v 0.466470 -0.574160 0.050000
v 0.466427 -0.574167 0.050000
v 0.423247 -0.566636 0.050000
v 0.423050 -0.566548 0.050000
v 0.417496 -0.563415 0.050000
v 0.412816 -0.560055 0.050000
v 0.409190 -0.556597 0.050000
v 0.407114 -0.553678 0.050000
v 0.405986 -0.550987 0.050000
v 0.405610 -0.549920 0.050000
v 0.405610 -0.549920 0.050000
v 0.471290 -0.558438 0.050000
v 0.471290 -0.558438 0.050000
v 0.471518 -0.558759 0.050000
v 0.474869 -0.565116 0.050000
v 0.474869 -0.565116 0.050000
v 0.358760 -0.476694 -0.050000
v 0.382928 -0.449409 -0.050000
v 0.358760 -0.476694 0.050000
v 0.299184 -0.527265 0.050000
v 0.244980 -0.529537 -0.050000
v 0.355547 -0.504988 0.050000
v 0.355547 -0.504988 -0.050000
v 0.355547 -0.504988 -0.050000
v 0.355547 -0.504988 0.050000
v 0.401462 -0.428484 -0.050000
v 0.401462 -0.428484 0.050000
v 0.355546 -0.504988 -0.050000
v 0.458389 -0.416144 -0.050000
v 0.457290 -0.421536 0.050000
v 0.459373 -0.411324 0.050000
v 0.458389 -0.416144 0.050000
v 0.459373 -0.411324 0.050000
v 0.453323 -0.433995 -0.050000
v 0.453323 -0.433995 0.050000
v 0.453323 -0.433995 0.050000
v 0.480071 -0.415385 0.050000
v 0.488661 -0.417071 0.050000
v 0.455198 -0.428105 -0.050000
v 0.455198 -0.428105 0.050000
v 0.438620 -0.495042 0.050000
v 0.463302 -0.460458 -0.050000
v 0.463302 -0.460458 0.050000
v 0.413939 -0.529627 0.050000
v 0.413939 -0.529627 0.050000
v 0.473683 -0.455701 -0.050000
v 0.498196 -0.444471 -0.050000
v 0.473683 -0.455701 0.050000
v 0.498196 -0.444471 0.050000
v 0.462692 -0.388033 -0.050000
v 0.350884 -0.556799 -0.050000
v 0.422293 -0.418235 -0.050000
v 0.229405 -0.546142 -0.050000
v 0.201258 -0.576152 -0.050000
v 0.214120 -0.562439 -0.050000
v 0.344667 -0.510015 -0.050000
v 0.201560 -0.576147 -0.050000
v 0.212141 -0.571257 -0.050000
v 0.212962 -0.570878 -0.050000
v 0.214968 -0.569951 -0.050000
v 0.218180 -0.568467 -0.050000
v 0.222603 -0.566423 -0.050000
v 0.228206 -0.563833 -0.050000
v 0.234913 -0.560734 -0.050000
v 0.242578 -0.557192 -0.050000
v 0.246004 -0.555609 -0.050000
v 0.282938 -0.538541 -0.050000
v 0.289050 -0.535716 -0.050000
v 0.491728 -0.429500 -0.050000
v 0.469226 -0.436716 -0.050000
v 0.469226 -0.436716 -0.050000
v 0.485128 -0.437922 -0.050000
v 0.349599 -0.555234 -0.050000
v 0.347599 -0.551492 -0.050000
v 0.347599 -0.551492 -0.050000
v 0.346368 -0.547433 -0.050000
v 0.345952 -0.543212 -0.050000
v 0.346368 -0.538990 -0.050000
v 0.347599 -0.534931 -0.050000
v 0.349599 -0.531189 -0.050000
v 0.352290 -0.527910 -0.050000
v 0.355569 -0.525219 -0.050000
v 0.352290 -0.527910 -0.050000
v 0.359310 -0.523220 -0.050000
v 0.363369 -0.521988 -0.050000
v 0.367591 -0.521572 -0.050000
v 0.371813 -0.521988 -0.050000
v 0.375872 -0.523220 -0.050000
v 0.401462 -0.428484 0.050000
v 0.491728 -0.429500 -0.050000
v 0.479978 -0.439595 -0.050000
v 0.456818 -0.421595 -0.050000
v 0.451070 -0.454133 -0.050000
v 0.461181 -0.454834 -0.050000
v 0.407737 -0.427703 -0.050000
v 0.410051 -0.425939 -0.050000
v 0.406938 -0.425790 -0.050000
v 0.404076 -0.427198 -0.050000
v 0.499828 -0.443578 -0.050000
v 0.283706 -0.535012 -0.050000
v 0.211213 -0.571295 -0.050000
v 0.211962 -0.570920 -0.050000
v 0.225778 -0.564005 -0.050000
v 0.220719 -0.566538 -0.050000
v 0.216710 -0.568544 -0.050000
v 0.213789 -0.570006 -0.050000
v 0.241884 -0.555944 -0.050000
v 0.238654 -0.557561 -0.050000
v 0.278030 -0.537853 -0.050000
v 0.456323 -0.441951 -0.050000
v 0.443163 -0.450046 -0.050000
v 0.401462 -0.428484 -0.050000
v 0.441297 -0.449080 -0.050000
v 0.401462 -0.428484 -0.050000
v 0.401462 -0.428484 -0.050000
v 0.401462 -0.428484 -0.050000
v 0.401462 -0.428484 -0.050000
v 0.430897 -0.431612 -0.050000
v 0.485128 -0.437922 -0.050000
v 0.467496 -0.443647 -0.050000
v 0.469226 -0.436716 -0.050000
v 0.459401 -0.450113 -0.050000
v 0.458111 -0.446694 -0.050000
v 0.466127 -0.449135 -0.050000
v 0.456821 -0.443273 -0.050000
v 0.498196 -0.444471 -0.050000
v 0.450573 -0.380000 0.033666
v 0.424060 -0.380000 -0.037062
v 0.424060 -0.380000 0.034341
v 0.450573 -0.380000 -0.035169
v 0.444995 -0.380000 -0.036622
v 0.447877 -0.380000 -0.036441
v 0.381090 -0.380000 0.035435
v 0.381090 -0.380000 -0.037966
v 0.380227 -0.380000 0.035488
v 0.358188 -0.380000 0.037277
v 0.358948 -0.380000 0.037185
v 0.358188 -0.380000 -0.038448
v 0.380227 -0.380000 -0.037984
v 0.374331 -0.563671 -0.050000
v 0.287781 -0.535549 -0.050000
v 0.266501 -0.528635 -0.050000
v 0.288739 -0.535860 -0.050000
v 0.266501 -0.528635 0.050000
v 0.275263 -0.531482 0.050000
v 0.339016 -0.552196 0.050000
v 0.381575 -0.559593 0.049496
v 0.381575 -0.559593 -0.049584
v 0.379613 -0.561204 -0.049729
v 0.375872 -0.563203 -0.049937
v 0.375872 -0.563203 -0.000007
v 0.376652 -0.562786 0.001298
v 0.376881 -0.562664 -0.005140
v 0.374331 -0.563671 -0.011563
v 0.374801 -0.563528 -0.008126
v 0.374801 -0.563528 -0.009071
v 0.346368 -0.547433 0.034947
v 0.346530 -0.547969 0.037352
v 0.346516 -0.547922 0.037487
v 0.346368 -0.547433 0.027740
v 0.346646 -0.548352 0.049504
v 0.346368 -0.547433 0.049440
v 0.345952 -0.543212 0.014429
v 0.346078 -0.544490 0.015335
v 0.346205 -0.545783 0.023845
v 0.346078 -0.544490 0.013727
v 0.345952 -0.543212 0.049119
v 0.346368 -0.538990 0.026697
v 0.346368 -0.538990 0.048778
v 0.345952 -0.543212 0.021013
v 0.345959 -0.543144 0.021538
v 0.346046 -0.542258 0.026961
v 0.346368 -0.538990 0.031326
v 0.354885 -0.525781 0.018173
v 0.355569 -0.525219 -0.007729
v 0.355569 -0.525219 -0.000680
v 0.355569 -0.525219 0.047465
v 0.354544 -0.526060 0.028301
v 0.352939 -0.527378 0.047701
v 0.357709 -0.524076 -0.000140
v 0.359310 -0.523220 -0.003365
v 0.359310 -0.523220 0.007879
v 0.357188 -0.524354 0.021101
v 0.357025 -0.524441 0.021321
v 0.359310 -0.523220 0.047213
v 0.356522 -0.524710 0.018740
v 0.361784 -0.522469 -0.000726
v 0.363369 -0.521988 0.009935
v 0.363369 -0.521988 0.004410
v 0.363369 -0.521988 0.047013
v 0.359772 -0.523080 -0.000627
v 0.359699 -0.523102 0.000263
v 0.365272 -0.521801 0.004463
v 0.370595 -0.521868 -0.015066
v 0.371813 -0.521988 0.006727
v 0.371813 -0.521988 -0.047354
v 0.371813 -0.521988 -0.047354
v 0.372931 -0.522327 0.046796
v 0.372542 -0.522209 -0.047353
v 0.388548 -0.538111 0.001311
v 0.388548 -0.538111 -0.048046
v 0.388814 -0.538990 -0.048097
v 0.388814 -0.538990 -0.008857
v 0.388814 -0.538990 -0.012829
v 0.388831 -0.539156 -0.048108
v 0.388831 -0.539156 -0.019505
v 0.405610 -0.549920 0.043316
v 0.405610 -0.549920 0.048126
v 0.405795 -0.546957 -0.018534
v 0.405795 -0.546957 -0.002519
v 0.405795 -0.546957 0.047889
v 0.407303 -0.544399 -0.002714
v 0.407303 -0.544399 0.020248
v 0.407303 -0.544399 0.047650
v 0.410077 -0.542346 -0.001837
v 0.410077 -0.542346 0.013991
v 0.410077 -0.542346 0.047419
v 0.414010 -0.540876 0.047203
v 0.411977 -0.541636 -0.001941
v 0.413759 -0.540970 -0.018338
v 0.414010 -0.540876 -0.001849
v 0.414010 -0.540876 -0.019610
v 0.413058 -0.541232 0.047256
v 0.412227 -0.541543 0.020737
v 0.416934 -0.540384 -0.047596
v 0.418951 -0.540045 -0.047532
v 0.418951 -0.540045 -0.047532
v 0.418951 -0.540045 0.047013
v 0.420102 -0.540014 -0.047259
v 0.420102 -0.540014 0.046981
v 0.358760 -0.476694 0.043581
v 0.358760 -0.476694 -0.044696
v 0.358760 -0.476694 -0.044696
v 0.358760 -0.476694 0.043581
v 0.266501 -0.528635 0.050000
v 0.355547 -0.504988 0.045880
v 0.355547 -0.504988 -0.046596
v 0.401462 -0.428484 -0.040677
v 0.401462 -0.428484 0.038715
v 0.401462 -0.428484 -0.040677
v 0.401462 -0.428484 0.038715
v 0.422814 -0.381453 -0.037182
v 0.422814 -0.381453 0.034486
v 0.417924 -0.386194 -0.037592
v 0.417924 -0.386194 0.034982
v 0.412482 -0.390652 -0.037995
v 0.415614 -0.388086 -0.037763
v 0.412482 -0.390652 0.035470
v 0.406699 -0.394656 -0.038376
v 0.406699 -0.394656 0.035931
v 0.412482 -0.390652 0.035470
v 0.400795 -0.398052 -0.038720
v 0.400795 -0.398052 0.027695
v 0.403102 -0.396724 0.036185
v 0.394998 -0.400709 -0.039014
v 0.394998 -0.400709 -0.019722
v 0.396475 -0.400032 -0.019813
v 0.400795 -0.398052 0.021411
v 0.392769 -0.401449 -0.039109
v 0.394998 -0.400709 -0.039014
v 0.389530 -0.402526 -0.039247
v 0.389530 -0.402526 0.005913
v 0.389530 -0.402526 -0.039247
v 0.422145 -0.529283 -0.046448
v 0.422145 -0.529283 -0.046448
v 0.422145 -0.529283 -0.046448
v 0.421963 -0.529291 -0.046534
v 0.416195 -0.529533 -0.046909
v 0.413939 -0.529627 -0.046963
v 0.413939 -0.529627 0.046324
v 0.422145 -0.529283 0.046088
v 0.266501 -0.528635 0.050000
v 0.266501 -0.528635 0.050000
v 0.266501 -0.528635 -0.050000
v 0.381575 -0.559593 -0.049584
v 0.381575 -0.559593 -0.020825
v 0.413939 -0.529627 -0.046963
v 0.413939 -0.529627 0.046324
v 0.405610 -0.549920 0.048126
v 0.389230 -0.543212 -0.048362
v 0.389230 -0.543212 -0.048362
v 0.389230 -0.543212 -0.046804
v 0.384517 -0.556533 -0.049324
v 0.382892 -0.558513 -0.049486
v 0.382892 -0.558513 -0.012271
v 0.382892 -0.558513 -0.016252
v 0.379613 -0.525219 -0.047399
v 0.378109 -0.524415 -0.047379
v 0.379613 -0.525219 -0.040997
v 0.379613 -0.525219 -0.034358
v 0.382892 -0.527910 -0.047505
v 0.382349 -0.527464 0.014991
v 0.382892 -0.527910 0.014960
v 0.379841 -0.525407 -0.036771
v 0.379969 -0.525511 -0.037155
v 0.381276 -0.526584 -0.001000
v 0.381254 -0.526566 -0.030973
v 0.380354 -0.525827 -0.032945
v 0.384821 -0.530261 -0.031236
v 0.384803 -0.530239 -0.032468
v 0.382892 -0.527910 0.009014
v 0.383210 -0.528297 0.004818
v 0.382934 -0.527961 0.009836
v 0.388927 -0.540133 -0.027191
v 0.388904 -0.539898 -0.027434
v 0.358760 -0.476694 -0.044696
v 0.358760 -0.476694 0.043581
v 0.299184 -0.527265 -0.049224
v 0.299184 -0.527265 0.049061
v 0.306841 -0.572400 -0.050000
v 0.284295 -0.568496 -0.050000
v 0.313282 -0.561715 -0.050000
v 0.272872 -0.567538 -0.050000
v 0.272573 -0.567037 -0.050000
v 0.259158 -0.546471 -0.050000
v 0.260855 -0.548746 -0.050000
v 0.281657 -0.539133 -0.050000
v 0.253949 -0.539482 -0.050000
v 0.315238 -0.554147 0.050000
v 0.264910 -0.554186 0.050000
v 0.267234 -0.558083 0.050000
v 0.304427 -0.540958 0.050000
v 0.316262 -0.544803 0.050000
v 0.295849 -0.538954 0.050000
v 0.253949 -0.539482 0.050000
v 0.316377 -0.543749 0.050000
v 0.291433 -0.569732 0.050000
v 0.306841 -0.572400 0.050000
v 0.309240 -0.568421 0.050000
v 0.284295 -0.568496 0.050000
v 0.272872 -0.567538 0.050000
v 0.314659 -0.559431 0.050000
v 0.313282 -0.561715 -0.050000
v 0.272573 -0.567037 -0.050000
v 0.295849 -0.538954 -0.050000
v 0.314659 -0.559431 -0.050000
v 0.264910 -0.554186 -0.050000
v 0.316377 -0.543749 -0.050000
v 0.235722 -0.576662 0.050000
v 0.236805 -0.571713 -0.050000
v 0.242895 -0.571713 -0.050000
v 0.235792 -0.573829 0.050000
v 0.247226 -0.576662 -0.050000
v 0.299584 -0.580000 0.050000
v 0.296653 -0.580000 -0.050000
v 0.255344 -0.569751 -0.050000
v 0.255498 -0.572067 -0.050000
v 0.256606 -0.572600 0.050000
v 0.256521 -0.572303 0.050000
v 0.291289 -0.380730 -0.050000
v 0.306897 -0.380730 0.050000
v 0.321952 -0.384561 -0.050000
v 0.328667 -0.384596 0.050000
v 0.145645 -0.354367 -0.050000
v 0.153448 -0.354367 0.050000
v 0.500000 -0.553010 0.050000
v 0.504619 -0.525827 0.050000
v 0.501702 -0.580416 -0.050000
v 0.492560 -0.526333 -0.050000
v 0.504374 -0.580889 0.050000
v 0.542686 -0.523608 0.062130
v 0.542686 -0.523608 -0.037870
v 0.157928 -0.480260 -0.074397
v 0.157928 -0.480260 0.113581
v 0.157512 -0.484482 -0.074397
v 0.157512 -0.484482 0.113581
v 0.156280 -0.488541 -0.074397
v 0.156280 -0.488541 0.113581
v 0.154281 -0.492283 -0.074397
v 0.154281 -0.492283 0.113581
v 0.151590 -0.495562 -0.074397
v 0.151590 -0.495562 0.113581
v 0.148311 -0.498253 -0.074397
v 0.148311 -0.498253 0.113581
v 0.144569 -0.500252 -0.074397
v 0.144569 -0.500252 0.113581
v 0.140510 -0.501484 -0.074397
v 0.140510 -0.501484 0.113581
v 0.136289 -0.501900 -0.074397
v 0.136289 -0.501900 0.113581
v 0.132067 -0.501484 -0.074397
v 0.132067 -0.501484 0.113581
v 0.128008 -0.500252 -0.074397
v 0.128008 -0.500252 0.113581
v 0.124266 -0.498253 -0.074397
v 0.124266 -0.498253 0.113581
v 0.120987 -0.495562 -0.074397
v 0.120987 -0.495562 0.113581
v 0.118296 -0.492283 -0.074397
v 0.118296 -0.492283 0.113581
v 0.116297 -0.488541 -0.074397
v 0.116297 -0.488541 0.113581
v 0.115065 -0.484482 -0.074397
v 0.115065 -0.484482 0.113581
v 0.114649 -0.480260 -0.074397
v 0.114649 -0.480260 0.113581
v 0.115065 -0.476039 -0.074397
v 0.115065 -0.476039 0.113581
v 0.116297 -0.471979 -0.074397
v 0.116297 -0.471979 0.113581
v 0.118296 -0.468238 -0.074397
v 0.118296 -0.468238 0.113581
v 0.120987 -0.464959 -0.074397
v 0.120987 -0.464959 0.113581
v 0.124266 -0.462268 -0.074397
v 0.124266 -0.462268 0.113581
v 0.128008 -0.460268 -0.074397
v 0.128008 -0.460268 0.113581
v 0.132067 -0.459037 -0.074397
v 0.132067 -0.459037 0.113581
v 0.136289 -0.458621 -0.074397
v 0.136289 -0.458621 0.113581
v 0.140510 -0.459037 -0.074397
v 0.140510 -0.459037 0.113581
v 0.144569 -0.460268 -0.074397
v 0.144569 -0.460268 0.113581
v 0.148311 -0.462268 -0.074397
v 0.148311 -0.462268 0.113581
v 0.151590 -0.464959 -0.074397
v 0.151590 -0.464959 0.113581
v 0.154281 -0.468238 -0.074397
v 0.154281 -0.468238 0.113581
v 0.156280 -0.471979 -0.074397
v 0.156280 -0.471979 0.113581
v 0.157512 -0.476039 -0.074397
v 0.157512 -0.476039 0.113581
v -0.413192 -0.576298 -0.050000
v -0.000000 -0.380000 -0.050000
v -0.201037 -0.576389 -0.050000
v -0.413192 -0.576298 0.050000
v -0.513368 -0.538868 -0.050000
v -0.474179 -0.228474 -0.023784
v -0.000000 -0.580000 -0.050000
v -0.473186 -0.261255 -0.023784
v -0.474179 -0.228474 0.026197
v -0.000000 -0.380000 0.050000
v -0.201037 -0.576389 0.050000
v -0.473186 -0.261255 0.026197
v -0.000000 -0.580000 0.050000
v -0.430053 -0.355259 0.035334
v -0.426745 -0.354276 0.035340
v -0.513368 -0.538868 0.050000
v -0.500000 -0.380000 -0.050000
v -0.432344 -0.357148 0.035408
v -0.523396 -0.269058 -0.050000
v -0.422546 -0.354237 0.035426
v -0.433529 -0.359870 0.035560
v -0.500000 -0.580000 -0.050000
v -0.433563 -0.363321 0.035782
v -0.572972 -0.280807 -0.050000
v -0.417618 -0.355143 0.035588
v -0.523396 -0.269058 0.050000
v -0.572972 -0.280807 0.050000
v -0.412151 -0.356960 0.035821
v -0.432444 -0.367368 0.036068
v -0.594297 -0.380268 -0.050000
v -0.430216 -0.371856 0.036405
v -0.462692 -0.388033 0.050000
v -0.594297 -0.380268 0.050000
v -0.426965 -0.376612 0.036782
v -0.388814 -0.538990 0.050000
v -0.422814 -0.381453 0.037183
v -0.406354 -0.359617 0.036115
v -0.552016 -0.461133 0.050000
v -0.400450 -0.363013 0.036459
v -0.552016 -0.461133 -0.050000
v -0.567337 -0.433486 -0.050000
v -0.394666 -0.367017 0.036840
v -0.389225 -0.371475 0.037243
v -0.386911 -0.424829 0.050000
v -0.371813 -0.521988 0.050000
v -0.371813 -0.564435 0.050000
v -0.567337 -0.433486 0.050000
v -0.386911 -0.424829 -0.050000
v -0.554596 -0.246776 0.050000
v -0.375872 -0.563203 0.050000
v -0.554596 -0.246776 -0.050000
v -0.379613 -0.561204 0.050000
v -0.522076 -0.382066 -0.050000
v -0.415614 -0.388086 0.037763
v -0.522076 -0.382066 0.050000
v -0.417924 -0.386194 0.037592
v -0.437992 -0.453227 0.050000
v -0.363369 -0.564435 0.050000
v -0.412482 -0.390652 0.037995
v -0.406699 -0.394656 0.038376
v -0.549361 -0.273525 -0.050000
v -0.400795 -0.398052 0.038720
v -0.363369 -0.521988 0.050000
v -0.558187 -0.382442 -0.050000
v -0.384335 -0.376216 0.037653
v -0.359310 -0.563203 0.050000
v -0.558187 -0.382442 0.050000
v -0.430053 -0.355259 -0.032249
v -0.359310 -0.523220 0.050000
v -0.426745 -0.354276 -0.032256
v -0.345952 -0.543212 0.050000
v -0.432344 -0.357148 -0.032339
v -0.522230 -0.431322 -0.050000
v -0.422546 -0.354237 -0.032360
v -0.346368 -0.538990 0.050000
v -0.433529 -0.359870 -0.032522
v -0.522230 -0.431322 0.050000
v -0.346368 -0.547433 0.050000
v -0.433563 -0.363321 -0.032792
v -0.549361 -0.273525 0.050000
v -0.417618 -0.355143 -0.032557
v -0.473684 -0.455701 0.050000
v -0.412151 -0.356960 -0.032838
v -0.432444 -0.367368 -0.033137
v -0.347599 -0.534931 0.050000
v -0.430216 -0.371856 -0.033546
v -0.517882 -0.435452 0.050000
v -0.349599 -0.555234 0.050000
v -0.426965 -0.376612 -0.034001
v -0.422814 -0.381453 -0.034486
v -0.498196 -0.444471 0.050000
v -0.406354 -0.359617 -0.033194
v -0.347599 -0.551492 0.050000
v -0.400450 -0.363013 -0.033611
v -0.349599 -0.531189 0.050000
v -0.517882 -0.435452 -0.050000
v -0.394666 -0.367017 -0.034072
v -0.389225 -0.371475 -0.034560
v -0.498196 -0.444471 -0.050000
v -0.352290 -0.527910 0.050000
v -0.473684 -0.455701 -0.050000
v -0.367591 -0.564851 0.050000
v -0.413939 -0.529627 0.050000
v -0.355569 -0.561204 0.050000
v -0.463302 -0.460458 0.050000
v -0.352290 -0.558513 0.050000
v -0.458926 -0.527742 0.050000
v -0.355569 -0.525219 0.050000
v -0.417924 -0.386194 -0.034982
v -0.367591 -0.521572 0.050000
v -0.438620 -0.495042 0.050000
v -0.412483 -0.390652 -0.035470
v -0.463302 -0.460458 -0.050000
v -0.406699 -0.394656 -0.035931
v -0.387583 -0.534931 -0.050000
v -0.384335 -0.376216 -0.035056
v -0.438620 -0.495042 -0.050000
v -0.385583 -0.531190 -0.050000
v -0.382892 -0.527910 -0.050000
v -0.379613 -0.525219 -0.050000
v -0.529877 -0.476694 -0.050000
v -0.371813 -0.521988 -0.050000
v -0.363369 -0.521988 -0.050000
v -0.358760 -0.476694 0.044696
v -0.531011 -0.459676 -0.050000
v -0.266501 -0.528635 0.050000
v -0.355547 -0.504988 0.046596
v -0.359310 -0.523220 -0.050000
v -0.367591 -0.521572 -0.050000
v -0.299184 -0.527265 0.049224
v -0.526664 -0.524904 -0.050000
v -0.533090 -0.428484 0.050000
v -0.266501 -0.528635 -0.050000
v -0.375872 -0.523220 -0.050000
v -0.389230 -0.543212 -0.050000
v -0.532867 -0.431832 0.050000
v -0.388814 -0.547433 -0.050000
v -0.358760 -0.476694 -0.043581
v -0.526454 -0.431525 0.050000
v -0.388814 -0.538990 -0.050000
v -0.355547 -0.504988 -0.045880
v -0.470301 -0.527265 0.050000
v -0.299184 -0.527265 -0.049060
v -0.385583 -0.555234 -0.050000
v -0.375872 -0.563203 0.049937
v -0.529877 -0.476694 0.050000
v -0.387583 -0.551492 -0.050000
v -0.531011 -0.459676 0.050000
v -0.526664 -0.524904 0.050000
v -0.375872 -0.563203 -0.050000
v -0.532867 -0.431832 -0.050000
v -0.363369 -0.564435 -0.050000
v -0.367591 -0.564851 -0.050000
v -0.387583 -0.551492 0.048933
v -0.526454 -0.431525 -0.050000
v -0.533090 -0.428484 -0.050000
v -0.388814 -0.547433 0.048644
v -0.371813 -0.564435 -0.050000
v -0.459373 -0.411324 0.050000
v -0.379613 -0.525219 0.047399
v -0.379613 -0.561204 -0.050000
v -0.382892 -0.558513 -0.050000
v -0.387583 -0.534931 0.047860
v -0.388814 -0.538990 0.048097
v -0.455198 -0.428105 0.050000
v -0.457290 -0.421536 0.050000
v -0.374331 -0.563671 -0.050000
v -0.355569 -0.525219 -0.050000
v -0.345952 -0.543212 -0.050000
v -0.488661 -0.417071 0.050000
v -0.480071 -0.415385 0.050000
v -0.367591 -0.521572 -0.046873
v -0.346368 -0.547433 -0.050000
v -0.363369 -0.521988 -0.047013
v -0.346368 -0.538990 -0.050000
v -0.455198 -0.428105 -0.050000
v -0.359310 -0.523220 -0.047212
v -0.347599 -0.551492 -0.050000
v -0.347599 -0.534931 -0.050000
v -0.349599 -0.531190 -0.048084
v -0.355569 -0.525219 -0.047464
v -0.355569 -0.561204 -0.050000
v -0.347599 -0.534931 -0.048428
v -0.480071 -0.415385 -0.050000
v -0.488661 -0.417071 -0.050000
v -0.345952 -0.543212 -0.049119
v -0.346368 -0.538990 -0.048778
v -0.352290 -0.558513 -0.050000
v -0.349599 -0.555234 -0.050000
v -0.457290 -0.421536 -0.050000
v -0.349599 -0.531190 -0.050000
v -0.352290 -0.527910 -0.050000
v -0.453323 -0.433995 0.050000
v -0.359310 -0.563203 -0.050000
v -0.465790 -0.436128 0.050000
v -0.485128 -0.437922 0.050000
v -0.491458 -0.429845 0.050000
v -0.469226 -0.436716 0.050000
v -0.500769 -0.419447 -0.050000
v -0.429265 -0.569334 0.050000
v -0.461529 -0.574990 0.050000
v -0.435902 -0.571667 0.050000
v -0.442705 -0.573455 0.050000
v -0.380198 -0.525699 0.047418
v -0.382892 -0.527910 0.047505
v -0.455770 -0.575150 0.050000
v -0.384662 -0.530067 0.047607
v -0.500769 -0.419447 0.050000
v -0.383518 -0.528673 0.047541
v -0.449414 -0.574631 0.050000
v -0.491728 -0.429500 0.050000
v -0.385583 -0.531189 0.047660
v -0.495405 -0.336311 0.050000
v -0.375140 -0.563426 0.049967
v -0.507155 -0.375494 0.050000
v -0.374331 -0.563671 0.050000
v -0.471273 -0.383598 0.050000
v -0.376466 -0.562886 0.049904
v -0.483339 -0.359955 0.050000
v -0.536156 -0.323492 0.050000
v -0.379613 -0.561204 0.049729
v -0.382892 -0.558513 0.049486
v -0.523094 -0.348164 0.050000
v -0.473723 -0.561861 0.050000
v -0.533360 -0.335122 0.050000
v -0.495405 -0.336311 -0.050000
v -0.350048 -0.555781 -0.050000
v -0.467664 -0.554981 0.050000
v -0.533360 -0.335122 -0.050000
v -0.523094 -0.348164 -0.050000
v -0.462984 -0.551621 0.050000
v -0.457429 -0.548488 0.050000
v -0.536156 -0.323492 -0.050000
v -0.346368 -0.547433 -0.049439
v -0.451215 -0.545701 0.050000
v -0.346149 -0.545211 -0.049271
v -0.444578 -0.543369 0.050000
v -0.483339 -0.359955 -0.050000
v -0.371813 -0.521988 -0.046798
v -0.507155 -0.375494 -0.050000
v -0.372682 -0.522252 -0.046796
v -0.431066 -0.540405 0.050000
v -0.418951 -0.540045 0.050000
v -0.544609 -0.320833 -0.050000
v -0.544609 -0.320833 0.050000
v -0.414010 -0.540876 0.050000
v -0.526859 -0.378635 -0.050000
v -0.424710 -0.539886 0.050000
v -0.553123 -0.376768 -0.050000
v -0.542138 -0.338279 -0.050000
v -0.551918 -0.305085 -0.050000
v -0.379613 -0.561204 -0.049672
v -0.405795 -0.546957 0.050000
v -0.406757 -0.553175 0.050000
v -0.557684 -0.376244 -0.050000
v -0.526859 -0.378635 0.050000
v -0.407303 -0.544399 0.050000
v -0.437775 -0.541581 0.050000
v -0.553123 -0.376768 0.050000
v -0.542138 -0.338279 0.050000
v -0.410077 -0.542346 0.050000
v -0.551918 -0.305085 0.050000
v -0.467029 -0.573951 -0.050000
v -0.557684 -0.376244 0.050000
v -0.421298 -0.565560 -0.050000
v -0.554398 -0.296667 0.050000
v -0.417496 -0.563415 -0.050000
v -0.580830 -0.373587 0.050000
v -0.474685 -0.568079 -0.050000
v -0.355569 -0.525219 -0.022337
v -0.572572 -0.298680 0.050000
v -0.474869 -0.565116 -0.050000
v -0.359310 -0.523220 -0.035605
v -0.563485 -0.295836 0.050000
v -0.473177 -0.570636 -0.050000
v -0.577489 -0.336790 0.050000
v -0.371813 -0.521988 -0.017285
v -0.473723 -0.561861 -0.050000
v -0.563485 -0.295836 -0.050000
v -0.471290 -0.558438 -0.050000
v -0.554398 -0.296667 -0.050000
v -0.470403 -0.572690 -0.050000
v -0.572572 -0.298680 -0.050000
v -0.467664 -0.554981 -0.050000
v -0.462984 -0.551621 -0.050000
v -0.577489 -0.336790 -0.050000
v -0.580830 -0.373587 -0.050000
v -0.420102 -0.540014 0.047259
v -0.457429 -0.548488 -0.050000
v -0.451215 -0.545701 -0.050000
v -0.543535 -0.292794 0.050000
v -0.540500 -0.288379 0.050000
v -0.444578 -0.543369 -0.050000
v -0.418951 -0.540045 0.047532
v -0.424710 -0.539886 -0.050000
v -0.535940 -0.281743 0.050000
v -0.431066 -0.540405 -0.050000
v -0.537499 -0.306101 0.050000
v -0.541880 -0.299677 0.050000
v -0.414010 -0.540876 -0.050000
v -0.525194 -0.286309 0.050000
v -0.418951 -0.540045 -0.050000
v -0.420102 -0.540014 -0.046981
v -0.405610 -0.549920 -0.050000
v -0.522004 -0.316561 0.050000
v -0.413058 -0.541232 -0.047255
v -0.514448 -0.309213 0.050000
v -0.405795 -0.546957 -0.050000
v -0.410077 -0.542346 -0.047419
v -0.406757 -0.553175 -0.050000
v -0.529559 -0.317187 0.050000
v -0.407303 -0.544399 -0.047650
v -0.409190 -0.556597 -0.050000
v -0.405795 -0.546957 -0.047889
v -0.543535 -0.292794 -0.050000
v -0.407303 -0.544399 -0.050000
v -0.535940 -0.281743 -0.050000
v -0.540500 -0.288379 -0.050000
v -0.414010 -0.540876 -0.047203
v -0.410077 -0.542346 -0.050000
v -0.418951 -0.540045 -0.047012
v -0.421963 -0.529291 0.046534
v -0.537499 -0.306101 -0.050000
v -0.412816 -0.560055 -0.050000
v -0.422145 -0.529283 0.046448
v -0.437775 -0.541581 -0.050000
v -0.541880 -0.299677 -0.050000
v -0.466470 -0.574160 -0.050000
v -0.525194 -0.286309 -0.050000
v -0.423050 -0.566548 -0.050000
v -0.416195 -0.529532 0.046909
v -0.422145 -0.529283 -0.046088
v -0.529559 -0.317187 -0.050000
v -0.429265 -0.569334 -0.050000
v -0.522004 -0.316561 -0.050000
v -0.461529 -0.574990 -0.050000
v -0.514448 -0.309213 -0.050000
v -0.435902 -0.571667 -0.050000
v -0.545061 -0.295014 -0.050000
v -0.442705 -0.573455 -0.050000
v -0.545061 -0.295014 0.050000
v -0.455770 -0.575150 -0.050000
v -0.449967 -0.545263 0.050000
v -0.449414 -0.574631 -0.050000
v -0.444578 -0.543369 0.050000
v -0.342832 -0.434734 0.050000
v -0.437775 -0.541581 0.050000
v -0.309169 -0.445459 0.050000
v -0.431066 -0.540405 0.050000
v -0.401462 -0.428484 0.050000
v -0.424710 -0.539886 0.050000
v -0.418951 -0.540045 0.050000
v -0.414010 -0.540876 0.050000
v -0.358760 -0.476694 0.050000
v -0.410077 -0.542346 0.050000
v -0.242822 -0.529627 0.050000
v -0.267503 -0.495042 0.050000
v -0.423247 -0.566636 0.050000
v -0.423050 -0.566548 0.050000
v -0.299184 -0.527265 0.050000
v -0.407303 -0.544399 0.050000
v -0.344402 -0.509393 0.050000
v -0.342832 -0.434734 -0.050000
v -0.409190 -0.556597 0.050000
v -0.406757 -0.553175 0.050000
v -0.309169 -0.445459 -0.050000
v -0.405610 -0.549920 0.050000
v -0.401462 -0.428484 -0.050000
v -0.355547 -0.504988 -0.050000
v -0.417496 -0.563415 0.050000
v -0.358760 -0.476694 -0.050000
v -0.412816 -0.560055 0.050000
v -0.405795 -0.546957 0.050000
v -0.242822 -0.529627 -0.050000
v -0.267503 -0.495042 -0.050000
v -0.299184 -0.527265 -0.050000
v -0.310329 -0.522860 -0.050000
v -0.315261 -0.400637 0.050000
v -0.206244 -0.402237 0.050000
v -0.260752 -0.401437 0.050000
v -0.293529 -0.417901 0.050000
v -0.285095 -0.425516 0.050000
v -0.277856 -0.432053 0.050000
v -0.409190 -0.556597 -0.050000
v -0.202625 -0.417506 0.050000
v -0.412816 -0.560055 -0.050000
v -0.236313 -0.435405 0.050000
v -0.194503 -0.436591 0.050000
v -0.315261 -0.400637 -0.050000
v -0.423050 -0.566548 -0.050000
v -0.260752 -0.401437 -0.050000
v -0.423247 -0.566636 -0.050000
v -0.417496 -0.563415 -0.050000
v -0.206244 -0.402237 -0.050000
v -0.293529 -0.417901 -0.050000
v -0.285095 -0.425516 -0.050000
v -0.466427 -0.574167 -0.050000
v -0.277856 -0.432053 -0.050000
v -0.466427 -0.574167 0.050000
v -0.202625 -0.417506 -0.050000
v -0.236313 -0.435405 -0.050000
v -0.194503 -0.436591 -0.050000
v -0.213046 -0.545961 0.050000
v -0.159875 -0.558902 0.050000
v -0.205229 -0.558930 0.050000
v -0.182682 -0.559980 0.050000
v -0.224011 -0.530280 0.050000
v -0.194236 -0.528146 0.050000
v -0.473177 -0.570636 -0.050000
v -0.466470 -0.574160 -0.050000
v -0.163298 -0.540717 0.050000
v -0.470403 -0.572689 -0.050000
v -0.164461 -0.526013 0.050000
v -0.205229 -0.558930 -0.050000
v -0.474685 -0.568079 -0.050000
v -0.451215 -0.545701 0.050000
v -0.182682 -0.559980 -0.050000
v -0.159875 -0.558902 -0.050000
v -0.473723 -0.561860 0.050000
v -0.213046 -0.545961 -0.050000
v -0.471290 -0.558438 0.050000
v -0.215848 -0.541954 -0.050000
v -0.474869 -0.565116 0.050000
v -0.224011 -0.530280 -0.050000
v -0.467664 -0.554981 0.050000
v -0.194236 -0.528146 -0.050000
v -0.473177 -0.570636 0.050000
v -0.164461 -0.526013 -0.050000
v -0.466470 -0.574160 0.050000
v -0.163298 -0.540717 -0.050000
v -0.470403 -0.572689 0.050000
v -0.474685 -0.568079 0.050000
v -0.500000 -0.420302 0.050000
v -0.457429 -0.548488 0.050000
v -0.485128 -0.437922 0.050000
v -0.462984 -0.551621 0.050000
v -0.491728 -0.429500 0.050000
v -0.453323 -0.433995 0.050000
v -0.350884 -0.556799 0.050000
v -0.381340 -0.526636 -0.050000
v -0.457290 -0.421536 0.050000
v -0.379613 -0.525219 -0.050000
v -0.469226 -0.436716 0.050000
v -0.500000 -0.420302 -0.050000
v -0.500000 -0.419296 -0.050000
v -0.485128 -0.437922 -0.050000
v -0.491728 -0.429500 -0.050000
v -0.480071 -0.415385 -0.050000
v -0.459373 -0.411324 -0.050000
v -0.453323 -0.433995 -0.050000
v -0.457290 -0.421536 -0.050000
v -0.469226 -0.436716 -0.050000
v -0.381090 -0.380000 -0.050000
v -0.424060 -0.380000 -0.050000
v -0.424060 -0.380000 0.050000
v -0.381090 -0.380000 0.050000
v -0.349599 -0.531189 0.050000
v -0.346368 -0.538990 0.050000
v -0.412483 -0.390652 0.050000
v -0.347599 -0.534931 0.050000
v -0.406699 -0.394656 0.050000
v -0.394998 -0.400709 0.050000
v -0.349599 -0.555234 0.050000
v -0.347599 -0.551492 0.050000
v -0.400795 -0.398052 0.050000
v -0.346368 -0.547433 0.050000
v -0.380404 -0.403393 0.050000
v -0.377096 -0.402410 0.050000
v -0.345952 -0.543212 0.050000
v -0.373586 -0.394348 0.050000
v -0.381340 -0.526636 0.050000
v -0.373620 -0.397799 0.050000
v -0.379613 -0.525219 0.050000
v -0.375872 -0.523220 0.050000
v -0.374805 -0.400522 0.050000
v -0.371813 -0.521988 0.050000
v -0.389530 -0.402526 0.050000
v -0.367591 -0.521572 0.050000
v -0.384603 -0.403432 0.050000
v -0.359310 -0.523220 0.050000
v -0.422814 -0.381453 0.050000
v -0.363369 -0.521988 0.050000
v -0.417924 -0.386194 0.050000
v -0.352290 -0.527910 0.050000
v -0.374704 -0.390301 0.050000
v -0.376932 -0.385813 0.050000
v -0.355569 -0.525219 0.050000
v -0.381575 -0.559593 0.050000
v -0.380184 -0.381057 0.050000
v -0.412483 -0.390652 -0.050000
v -0.382892 -0.558513 0.050000
v -0.385583 -0.531189 0.050000
v -0.406699 -0.394656 -0.050000
v -0.382892 -0.527910 0.050000
v -0.389530 -0.402526 -0.050000
v -0.394998 -0.400709 -0.050000
v -0.387583 -0.534931 0.050000
v -0.400795 -0.398052 -0.050000
v -0.388814 -0.538990 0.050000
v -0.385583 -0.555234 0.050000
v -0.380404 -0.403393 -0.050000
v -0.377096 -0.402410 -0.050000
v -0.387583 -0.551492 0.050000
v -0.389230 -0.543212 0.050000
v -0.373586 -0.394348 -0.050000
v -0.388814 -0.547433 0.050000
v -0.373620 -0.397799 -0.050000
v -0.381575 -0.559593 -0.050000
v -0.374805 -0.400522 -0.050000
v -0.385583 -0.531189 -0.050000
v -0.384603 -0.403432 -0.050000
v -0.382892 -0.527910 -0.050000
v -0.422814 -0.381453 -0.050000
v -0.417924 -0.386194 -0.050000
v -0.382892 -0.558513 -0.050000
v -0.374704 -0.390301 -0.050000
v -0.387583 -0.534931 -0.050000
v -0.376932 -0.385813 -0.050000
v -0.380184 -0.381057 -0.050000
v -0.389230 -0.543212 -0.050000
v -0.388814 -0.547433 -0.050000
v -0.498196 -0.444471 0.050000
v -0.500000 -0.526021 0.050000
v -0.385583 -0.555234 -0.050000
v -0.387583 -0.551492 -0.050000
v -0.500000 -0.443644 0.050000
v -0.382928 -0.449409 -0.050000
v -0.463302 -0.460458 0.050000
v -0.470301 -0.527265 0.050000
v -0.358760 -0.476694 -0.050000
v -0.299184 -0.527265 -0.050000
v -0.244980 -0.529537 -0.050000
v -0.500000 -0.526021 -0.050000
v -0.500000 -0.443644 -0.050000
v -0.244980 -0.529537 0.050000
v -0.498196 -0.444471 -0.050000
v -0.358760 -0.476694 0.050000
v -0.463302 -0.460458 -0.050000
v -0.382928 -0.449409 0.050000
v -0.470301 -0.527265 -0.050000
v -0.355547 -0.504988 0.050000
v -0.438620 -0.495042 -0.050000
v -0.299184 -0.527265 0.050000
v -0.413939 -0.529627 -0.050000
v -0.363133 -0.432570 -0.050000
v -0.401462 -0.428484 -0.050000
v -0.363133 -0.432570 0.050000
v -0.401462 -0.428484 0.050000
v -0.487204 -0.380000 0.050000
v -0.500000 -0.380000 -0.050000
v -0.473109 -0.380000 0.050000
v -0.466791 -0.380000 0.050000
v -0.487204 -0.380000 -0.050000
v -0.473109 -0.380000 -0.050000
v -0.466791 -0.380000 -0.050000
v -0.466427 -0.574167 0.050000
v -0.423247 -0.566636 0.050000
v -0.381575 -0.559593 0.050000
v -0.474869 -0.565116 0.050000
v -0.474869 -0.565116 0.050000
v -0.500000 -0.526021 0.050000
v -0.471518 -0.558759 0.050000
v -0.473723 -0.561860 0.050000
v -0.457429 -0.548488 0.050000
v -0.451215 -0.545701 0.050000
v -0.444578 -0.543369 0.050000
v -0.437775 -0.541581 0.050000
v -0.471290 -0.558438 0.050000
v -0.471290 -0.558438 0.050000
v -0.467664 -0.554981 0.050000
v -0.462984 -0.551621 0.050000
v -0.470301 -0.527265 0.050000
v -0.414010 -0.540876 0.050000
v -0.405610 -0.549920 0.050000
v -0.405795 -0.546957 0.050000
v -0.407303 -0.544399 0.050000
v -0.388831 -0.539156 0.050000
v -0.410077 -0.542346 0.050000
v -0.407114 -0.553678 0.050000
v -0.405986 -0.550987 0.050000
v -0.406757 -0.553175 0.050000
v -0.388548 -0.538111 0.050000
v -0.388814 -0.538990 0.050000
v -0.413939 -0.529627 0.050000
v -0.418951 -0.540045 0.050000
v -0.424710 -0.539886 0.050000
v -0.413939 -0.529627 0.050000
v -0.431066 -0.540405 0.050000
v -0.471273 -0.383598 0.050000
v -0.500000 -0.384284 -0.050000
v -0.500000 -0.419296 -0.050000
v -0.500000 -0.405193 -0.050000
v -0.500000 -0.430255 -0.050000
v -0.500000 -0.420302 -0.050000
v -0.500000 -0.420302 0.050000
v -0.500000 -0.443644 -0.050000
v -0.500000 -0.443484 0.050000
v -0.500000 -0.435277 0.050000
v -0.500000 -0.430255 0.050000
v -0.500000 -0.580000 -0.050000
v -0.500000 -0.526021 -0.050000
v -0.499356 -0.580000 -0.050000
v -0.499356 -0.580000 0.050000
v -0.236796 -0.538262 -0.050000
v -0.244980 -0.529537 -0.050000
v -0.214120 -0.562439 -0.050000
v -0.388814 -0.547433 -0.050000
v -0.389230 -0.543212 -0.050000
v -0.387583 -0.551492 -0.050000
v -0.385583 -0.555234 -0.050000
v -0.382892 -0.558513 -0.050000
v -0.381575 -0.559593 -0.050000
v -0.375872 -0.523220 -0.050000
v -0.375872 -0.523220 0.050000
v -0.375872 -0.523220 -0.050000
v -0.379613 -0.525219 -0.050000
v -0.382892 -0.527910 -0.050000
v -0.381340 -0.526636 -0.050000
v -0.385583 -0.531190 -0.050000
v -0.387583 -0.534931 -0.050000
v -0.388548 -0.538111 -0.050000
v -0.388831 -0.539156 -0.050000
v -0.473177 -0.570636 -0.050000
v -0.474685 -0.568079 -0.050000
v -0.470403 -0.572690 -0.050000
v -0.466470 -0.574160 -0.050000
v -0.466427 -0.574167 -0.050000
v -0.423247 -0.566636 -0.050000
v -0.423050 -0.566548 -0.050000
v -0.417496 -0.563415 -0.050000
v -0.412816 -0.560055 -0.050000
v -0.409190 -0.556597 -0.050000
v -0.407114 -0.553678 -0.050000
v -0.405986 -0.550987 -0.050000
v -0.405610 -0.549920 -0.050000
v -0.405610 -0.549920 -0.050000
v -0.471290 -0.558438 -0.050000
v -0.471290 -0.558438 -0.050000
v -0.471518 -0.558759 -0.050000
v -0.474869 -0.565116 -0.050000
v -0.474869 -0.565116 -0.050000
v -0.358760 -0.476694 0.050000
v -0.382928 -0.449409 0.050000
v -0.358760 -0.476694 -0.050000
v -0.299184 -0.527265 -0.050000
v -0.244980 -0.529537 0.050000
v -0.355547 -0.504988 -0.050000
v -0.355547 -0.504988 0.050000
v -0.355547 -0.504988 0.050000
v -0.355547 -0.504988 -0.050000
v -0.401462 -0.428484 0.050000
v -0.401462 -0.428484 -0.050000
v -0.355546 -0.504988 0.050000
v -0.458390 -0.416144 0.050000
v -0.457290 -0.421536 -0.050000
v -0.459373 -0.411324 -0.050000
v -0.458390 -0.416144 -0.050000
v -0.459373 -0.411324 -0.050000
v -0.453323 -0.433995 0.050000
v -0.453323 -0.433995 -0.050000
v -0.453323 -0.433995 -0.050000
v -0.480071 -0.415385 -0.050000
v -0.488661 -0.417071 -0.050000
v -0.455198 -0.428105 0.050000
v -0.455198 -0.428105 -0.050000
v -0.438620 -0.495042 -0.050000
v -0.463302 -0.460458 0.050000
v -0.463302 -0.460458 -0.050000
v -0.413939 -0.529627 -0.050000
v -0.413939 -0.529627 -0.050000
v -0.473683 -0.455701 0.050000
v -0.498196 -0.444471 0.050000
v -0.473683 -0.455701 -0.050000
v -0.498196 -0.444471 -0.050000
v -0.462692 -0.388033 0.050000
v -0.350884 -0.556799 0.050000
v -0.422293 -0.418235 0.050000
v -0.229405 -0.546142 0.050000
v -0.201258 -0.576152 0.050000
v -0.214120 -0.562439 0.050000
v -0.344667 -0.510015 0.050000
v -0.201561 -0.576147 0.050000
v -0.212141 -0.571257 0.050000
v -0.212963 -0.570878 0.050000
v -0.214968 -0.569951 0.050000
v -0.218180 -0.568467 0.050000
v -0.222603 -0.566423 0.050000
v -0.228206 -0.563833 0.050000
v -0.234913 -0.560734 0.050000
v -0.242578 -0.557192 0.050000
v -0.246004 -0.555609 0.050000
v -0.282938 -0.538541 0.050000
v -0.289051 -0.535716 0.050000
v -0.491728 -0.429500 0.050000
v -0.469226 -0.436716 0.050000
v -0.469226 -0.436716 0.050000
v -0.485128 -0.437922 0.050000
v -0.349599 -0.555234 0.050000
v -0.347599 -0.551492 0.050000
v -0.347599 -0.551492 0.050000
v -0.346368 -0.547433 0.050000
v -0.345952 -0.543212 0.050000
v -0.346368 -0.538990 0.050000
v -0.347599 -0.534931 0.050000
v -0.349599 -0.531189 0.050000
v -0.352290 -0.527910 0.050000
v -0.355569 -0.525219 0.050000
v -0.352290 -0.527910 0.050000
v -0.359310 -0.523220 0.050000
v -0.363369 -0.521988 0.050000
v -0.367591 -0.521572 0.050000
v -0.371813 -0.521988 0.050000
v -0.375872 -0.523220 0.050000
v -0.401462 -0.428484 -0.050000
v -0.491728 -0.429500 0.050000
v -0.479978 -0.439595 0.050000
v -0.456818 -0.421595 0.050000
v -0.451070 -0.454133 0.050000
v -0.461181 -0.454834 0.050000
v -0.407737 -0.427703 0.050000
v -0.410051 -0.425939 0.050000
v -0.406938 -0.425790 0.050000
v -0.404076 -0.427198 0.050000
v -0.499828 -0.443578 0.050000
v -0.283706 -0.535012 0.050000
v -0.211213 -0.571295 0.050000
v -0.211962 -0.570920 0.050000
v -0.225778 -0.564005 0.050000
v -0.220719 -0.566538 0.050000
v -0.216710 -0.568544 0.050000
v -0.213789 -0.570006 0.050000
v -0.241884 -0.555944 0.050000
v -0.238655 -0.557561 0.050000
v -0.278031 -0.537853 0.050000
v -0.456323 -0.441951 0.050000
v -0.443163 -0.450045 0.050000
v -0.401462 -0.428484 0.050000
v -0.441297 -0.449080 0.050000
v -0.401462 -0.428484 0.050000
v -0.401462 -0.428484 0.050000
v -0.401462 -0.428484 0.050000
v -0.401462 -0.428484 0.050000
v -0.430897 -0.431612 0.050000
v -0.485128 -0.437922 0.050000
v -0.467496 -0.443647 0.050000
v -0.469226 -0.436716 0.050000
v -0.459401 -0.450113 0.050000
v -0.458112 -0.446694 0.050000
v -0.466127 -0.449135 0.050000
v -0.456822 -0.443273 0.050000
v -0.498196 -0.444471 0.050000
v -0.450573 -0.380000 -0.033665
v -0.424060 -0.380000 0.037062
v -0.424060 -0.380000 -0.034341
v -0.450573 -0.380000 0.035169
v -0.444995 -0.380000 0.036622
v -0.447877 -0.380000 0.036441
v -0.381090 -0.380000 -0.035435
v -0.381090 -0.380000 0.037966
v -0.380227 -0.380000 -0.035488
v -0.358188 -0.380000 -0.037277
v -0.358948 -0.380000 -0.037185
v -0.358188 -0.380000 0.038448
v -0.380227 -0.380000 0.037984
v -0.374331 -0.563671 0.050000
v -0.287781 -0.535549 0.050000
v -0.266501 -0.528635 0.050000
v -0.288739 -0.535860 0.050000
v -0.266501 -0.528635 -0.050000
v -0.275263 -0.531482 -0.050000
v -0.339016 -0.552196 -0.050000
v -0.381575 -0.559593 -0.049496
v -0.381575 -0.559593 0.049584
v -0.379613 -0.561204 0.049729
v -0.375872 -0.563203 0.049937
v -0.375872 -0.563203 0.000007
v -0.376652 -0.562786 -0.001298
v -0.376881 -0.562664 0.005140
v -0.374331 -0.563671 0.011563
v -0.374801 -0.563528 0.008126
v -0.374801 -0.563528 0.009071
v -0.346368 -0.547433 -0.034947
v -0.346530 -0.547969 -0.037352
v -0.346516 -0.547922 -0.037487
v -0.346368 -0.547433 -0.027740
v -0.346646 -0.548352 -0.049504
v -0.346368 -0.547433 -0.049439
v -0.345952 -0.543212 -0.014429
v -0.346078 -0.544490 -0.015335
v -0.346205 -0.545783 -0.023845
v -0.346078 -0.544490 -0.013727
v -0.345952 -0.543212 -0.049119
v -0.346368 -0.538990 -0.026697
v -0.346368 -0.538990 -0.048778
v -0.345952 -0.543212 -0.021013
v -0.345959 -0.543144 -0.021538
v -0.346046 -0.542258 -0.026961
v -0.346368 -0.538990 -0.031326
v -0.354885 -0.525781 -0.018173
v -0.355569 -0.525219 0.007729
v -0.355569 -0.525219 0.000680
v -0.355569 -0.525219 -0.047464
v -0.354544 -0.526060 -0.028301
v -0.352939 -0.527378 -0.047701
v -0.357709 -0.524076 0.000140
v -0.359310 -0.523220 0.003366
v -0.359310 -0.523220 -0.007879
v -0.357188 -0.524354 -0.021101
v -0.357025 -0.524441 -0.021321
v -0.359310 -0.523220 -0.047212
v -0.356523 -0.524710 -0.018740
v -0.361784 -0.522469 0.000726
v -0.363369 -0.521988 -0.009934
v -0.363369 -0.521988 -0.004410
v -0.363369 -0.521988 -0.047013
v -0.359772 -0.523080 0.000627
v -0.359699 -0.523102 -0.000263
v -0.365272 -0.521801 -0.004463
v -0.370595 -0.521868 0.015066
v -0.371813 -0.521988 -0.006727
v -0.371813 -0.521988 0.047354
v -0.371813 -0.521988 0.047354
v -0.372931 -0.522327 -0.046796
v -0.372542 -0.522209 0.047353
v -0.388548 -0.538111 -0.001311
v -0.388548 -0.538111 0.048046
v -0.388814 -0.538990 0.048097
v -0.388814 -0.538990 0.008857
v -0.388814 -0.538990 0.012829
v -0.388831 -0.539156 0.048108
v -0.388831 -0.539156 0.019505
v -0.405610 -0.549920 -0.043316
v -0.405610 -0.549920 -0.048126
v -0.405795 -0.546957 0.018535
v -0.405795 -0.546957 0.002519
v -0.405795 -0.546957 -0.047889
v -0.407303 -0.544399 0.002715
v -0.407303 -0.544399 -0.020248
v -0.407303 -0.544399 -0.047650
v -0.410077 -0.542346 0.001837
v -0.410077 -0.542346 -0.013990
v -0.410077 -0.542346 -0.047419
v -0.414010 -0.540876 -0.047203
v -0.411977 -0.541636 0.001941
v -0.413759 -0.540970 0.018338
v -0.414010 -0.540876 0.001849
v -0.414010 -0.540876 0.019610
v -0.413058 -0.541232 -0.047255
v -0.412227 -0.541543 -0.020737
v -0.416934 -0.540384 0.047596
v -0.418951 -0.540045 0.047532
v -0.418951 -0.540045 0.047532
v -0.418951 -0.540045 -0.047012
v -0.420102 -0.540014 0.047259
v -0.420102 -0.540014 -0.046981
v -0.358760 -0.476694 -0.043581
v -0.358760 -0.476694 0.044696
v -0.358760 -0.476694 0.044696
v -0.358760 -0.476694 -0.043581
v -0.266501 -0.528635 -0.050000
v -0.355547 -0.504988 -0.045880
v -0.355547 -0.504988 0.046596
v -0.401462 -0.428484 0.040677
v -0.401462 -0.428484 -0.038715
v -0.401462 -0.428484 0.040677
v -0.401462 -0.428484 -0.038715
v -0.422814 -0.381453 0.037183
v -0.422814 -0.381453 -0.034486
v -0.417924 -0.386194 0.037592
v -0.417924 -0.386194 -0.034982
v -0.412483 -0.390652 0.037995
v -0.415614 -0.388086 0.037763
v -0.412483 -0.390652 -0.035470
v -0.406699 -0.394656 0.038376
v -0.406699 -0.394656 -0.035931
v -0.412483 -0.390652 -0.035470
v -0.400795 -0.398052 0.038720
v -0.400795 -0.398052 -0.027695
v -0.403102 -0.396724 -0.036185
v -0.394998 -0.400709 0.039014
v -0.394998 -0.400709 0.019722
v -0.396475 -0.400032 0.019813
v -0.400795 -0.398052 -0.021411
v -0.392769 -0.401449 0.039109
v -0.394998 -0.400709 0.039014
v -0.389530 -0.402526 0.039247
v -0.389530 -0.402526 -0.005913
v -0.389530 -0.402526 0.039247
v -0.422145 -0.529283 0.046448
v -0.422145 -0.529283 0.046448
v -0.422145 -0.529283 0.046448
v -0.421963 -0.529291 0.046534
v -0.416195 -0.529533 0.046909
v -0.413939 -0.529627 0.046963
v -0.413939 -0.529627 -0.046324
v -0.422145 -0.529283 -0.046088
v -0.266501 -0.528635 -0.050000
v -0.266501 -0.528635 -0.050000
v -0.266501 -0.528635 0.050000
v -0.381575 -0.559593 0.049584
v -0.381575 -0.559593 0.020825
v -0.413939 -0.529627 0.046963
v -0.413939 -0.529627 -0.046324
v -0.405610 -0.549920 -0.048126
v -0.389230 -0.543212 0.048362
v -0.389230 -0.543212 0.048362
v -0.389230 -0.543212 0.046805
v -0.384517 -0.556533 0.049324
v -0.382892 -0.558513 0.049486
v -0.382892 -0.558513 0.012271
v -0.382892 -0.558513 0.016252
v -0.379613 -0.525219 0.047399
v -0.378109 -0.524415 0.047379
v -0.379613 -0.525219 0.040997
v -0.379613 -0.525219 0.034358
v -0.382892 -0.527910 0.047505
v -0.382349 -0.527464 -0.014991
v -0.382892 -0.527910 -0.014960
v -0.379842 -0.525407 0.036771
v -0.379969 -0.525511 0.037155
v -0.381276 -0.526584 0.001000
v -0.381254 -0.526566 0.030973
v -0.380354 -0.525827 0.032946
v -0.384821 -0.530261 0.031236
v -0.384803 -0.530239 0.032469
v -0.382892 -0.527910 -0.009014
v -0.383210 -0.528297 -0.004817
v -0.382934 -0.527961 -0.009836
v -0.388927 -0.540133 0.027191
v -0.388904 -0.539898 0.027434
v -0.358760 -0.476694 0.044696
v -0.358760 -0.476694 -0.043581
v -0.299184 -0.527265 0.049224
v -0.299184 -0.527265 -0.049060
v -0.306841 -0.572400 0.050000
v -0.284295 -0.568496 0.050000
v -0.313282 -0.561715 0.050000
v -0.272872 -0.567538 0.050000
v -0.272573 -0.567037 0.050000
v -0.259158 -0.546471 0.050000
v -0.260855 -0.548746 0.050000
v -0.281657 -0.539133 0.050000
v -0.253949 -0.539482 0.050000
v -0.315238 -0.554147 -0.050000
v -0.264910 -0.554186 -0.050000
v -0.267234 -0.558083 -0.050000
v -0.304427 -0.540958 -0.050000
v -0.316262 -0.544803 -0.050000
v -0.295849 -0.538954 -0.050000
v -0.253949 -0.539482 -0.050000
v -0.316377 -0.543749 -0.050000
v -0.291434 -0.569732 -0.050000
v -0.306841 -0.572400 -0.050000
v -0.309240 -0.568421 -0.050000
v -0.284295 -0.568496 -0.050000
v -0.272872 -0.567538 -0.050000
v -0.314659 -0.559431 -0.050000
v -0.313282 -0.561715 0.050000
v -0.272573 -0.567037 0.050000
v -0.295849 -0.538954 0.050000
v -0.314659 -0.559431 0.050000
v -0.264910 -0.554186 0.050000
v -0.316377 -0.543749 0.050000
v -0.235722 -0.576662 -0.050000
v -0.236805 -0.571713 0.050000
v -0.242895 -0.571713 0.050000
v -0.235792 -0.573829 -0.050000
v -0.247226 -0.576662 0.050000
v -0.299585 -0.580000 -0.050000
v -0.296653 -0.580000 0.050000
v -0.255344 -0.569751 0.050000
v -0.255498 -0.572067 0.050000
v -0.256607 -0.572600 -0.050000
v -0.256521 -0.572303 -0.050000
v -0.291289 -0.380730 0.050000
v -0.306897 -0.380730 -0.050000
v -0.321952 -0.384561 0.050000
v -0.328667 -0.384596 -0.050000
v -0.145645 -0.354367 0.050000
v -0.153448 -0.354367 -0.050000
v -0.500000 -0.553010 -0.050000
v -0.504619 -0.525827 -0.050000
v -0.501702 -0.580416 0.050000
v -0.492560 -0.526333 0.050000
v -0.504374 -0.580889 -0.050000
v -0.542686 -0.523608 -0.062130
v -0.542686 -0.523608 0.037870
v -0.114650 -0.480260 -0.074397
v -0.114650 -0.480260 0.113581
v -0.115066 -0.484482 -0.074397
v -0.115066 -0.484482 0.113581
v -0.116297 -0.488541 -0.074397
v -0.116297 -0.488541 0.113581
v -0.118297 -0.492283 -0.074397
v -0.118297 -0.492283 0.113581
v -0.120988 -0.495562 -0.074397
v -0.120988 -0.495562 0.113581
v -0.124267 -0.498253 -0.074397
v -0.124267 -0.498253 0.113581
v -0.128008 -0.500252 -0.074397
v -0.128008 -0.500252 0.113581
v -0.132067 -0.501484 -0.074397
v -0.132067 -0.501484 0.113581
v -0.136289 -0.501900 -0.074397
v -0.136289 -0.501900 0.113581
v -0.140511 -0.501484 -0.074397
v -0.140511 -0.501484 0.113581
v -0.144570 -0.500252 -0.074397
v -0.144570 -0.500252 0.113581
v -0.148311 -0.498253 -0.074397
v -0.148311 -0.498253 0.113581
v -0.151590 -0.495562 -0.074397
v -0.151590 -0.495562 0.113581
v -0.154281 -0.492283 -0.074397
v -0.154281 -0.492283 0.113581
v -0.156281 -0.488541 -0.074397
v -0.156281 -0.488541 0.113581
v -0.157512 -0.484482 -0.074397
v -0.157512 -0.484482 0.113581
v -0.157928 -0.480260 -0.074397
v -0.157928 -0.480260 0.113581
v -0.157512 -0.476039 -0.074397
v -0.157512 -0.476039 0.113581
v -0.156281 -0.471979 -0.074397
v -0.156281 -0.471979 0.113581
v -0.154281 -0.468238 -0.074397
v -0.154281 -0.468238 0.113581
v -0.151590 -0.464959 -0.074397
v -0.151590 -0.464959 0.113581
v -0.148311 -0.462268 -0.074397
v -0.148311 -0.462268 0.113581
v -0.144570 -0.460268 -0.074397
v -0.144570 -0.460268 0.113581
v -0.140511 -0.459037 -0.074397
v -0.140511 -0.459037 0.113581
v -0.136289 -0.458621 -0.074397
v -0.136289 -0.458621 0.113581
v -0.132067 -0.459037 -0.074397
v -0.132067 -0.459037 0.113581
v -0.128008 -0.460268 -0.074397
v -0.128008 -0.460268 0.113581
v -0.124267 -0.462268 -0.074397
v -0.124267 -0.462268 0.113581
v -0.120988 -0.464959 -0.074397
v -0.120988 -0.464959 0.113581
v -0.118297 -0.468238 -0.074397
v -0.118297 -0.468238 0.113581
v -0.116297 -0.471979 -0.074397
v -0.116297 -0.471979 0.113581
v -0.115066 -0.476039 -0.074397
v -0.115066 -0.476039 0.113581
vn -0.0000 -0.0000 1.0000
vn -0.6440 -0.7650 -0.0009
vn -0.0069 0.0047 -1.0000
vn -0.0000 -1.0000 -0.0000
vn 0.9190 0.3943 -0.0012
vn -0.0000 0.0664 0.9978
vn 0.6440 -0.7650 0.0009
vn -0.0000 -0.0000 -1.0000
vn -0.9757 0.2189 -0.0024
vn -1.0000 -0.0014 -0.0000
vn 0.0044 0.0255 0.9997
vn 0.9757 0.2189 -0.0033
vn -0.0000 0.0663 -0.9978
vn 0.0065 0.0297 0.9995
vn -0.9190 0.3943 0.0004
vn 0.9996 0.0273 -0.0001
vn -0.0121 0.0319 -0.9994
vn -0.0044 0.0324 -0.9995
vn 1.0000 -0.0014 -0.0000
vn 0.0121 0.0260 0.9996
vn -0.9996 0.0273 -0.0000
vn 0.8391 -0.5440 -0.0000
vn -0.8391 -0.5440 -0.0000
vn -0.7176 0.6965 -0.0000
vn 0.7176 0.6965 -0.0000
vn -0.9434 -0.3318 -0.0000
vn 0.9434 -0.3318 -0.0000
vn 0.6513 -0.7588 -0.0000
vn -0.9586 -0.2848 -0.0000
vn -0.4916 0.8708 -0.0000
vn 0.8851 0.4655 -0.0000
vn -0.9987 -0.0519 -0.0000
vn 0.8112 -0.5847 -0.0000
vn 0.9586 -0.2848 -0.0000
vn -0.6513 -0.7588 -0.0000
vn -0.8851 0.4655 -0.0000
vn 0.4916 0.8708 -0.0000
vn -0.8112 -0.5847 -0.0000
vn 0.9987 -0.0519 -0.0000
vn -0.3151 -0.9435 0.1024
vn -0.2680 -0.6617 0.7002
vn -0.1947 -0.9435 -0.2680
vn 0.1947 -0.9435 -0.2680
vn 0.3151 -0.9435 0.1024
vn -0.2680 -0.3304 0.9050
vn -0.9435 -0.3304 0.0247
vn -0.3151 -0.3304 -0.8897
vn 0.7488 -0.3304 -0.5746
vn 0.7779 -0.3304 0.5346
vn -0.5831 -0.1256 0.8026
vn -0.9435 -0.1256 -0.3066
vn -0.0000 -0.1256 -0.9921
vn 0.9435 -0.1256 -0.3066
vn 0.5831 -0.1256 0.8026
vn -0.6284 0.6617 0.4089
vn -0.5831 0.6617 -0.4713
vn 0.2680 0.6617 -0.7002
vn 0.7488 0.6617 0.0385
vn 0.1947 0.6617 0.7240
vn 0.1947 0.9435 0.2680
vn 0.3568 0.7947 0.4911
vn 0.6284 0.6617 0.4089
vn 0.3151 0.9435 -0.1024
vn 0.5773 0.7947 -0.1876
vn 0.5831 0.6617 -0.4713
vn -0.0000 0.9435 -0.3313
vn -0.0000 0.7947 -0.6071
vn -0.2680 0.6617 -0.7002
vn -0.3151 0.9435 -0.1024
vn -0.5773 0.7947 -0.1876
vn -0.7488 0.6617 0.0385
vn -0.1947 0.9435 0.2680
vn -0.3568 0.7947 0.4911
vn -0.1947 0.6617 0.7240
vn 0.3151 0.3304 0.8897
vn 0.5773 0.1876 0.7947
vn 0.7488 0.3304 0.5746
vn 0.9435 0.3304 -0.0247
vn 0.9342 0.1876 -0.3035
vn 0.7779 0.3304 -0.5346
vn 0.2680 0.3304 -0.9050
vn -0.0000 0.1876 -0.9822
vn -0.2680 0.3304 -0.9050
vn -0.7779 0.3304 -0.5346
vn -0.9342 0.1876 -0.3035
vn -0.9435 0.3304 -0.0247
vn -0.7488 0.3304 0.5746
vn -0.5773 0.1876 0.7947
vn -0.3151 0.3304 0.8897
vn 0.9435 0.1256 0.3066
vn 0.9342 -0.1876 0.3035
vn 0.9435 -0.3304 0.0247
vn 0.5831 0.1256 -0.8026
vn 0.5773 -0.1876 -0.7947
vn 0.3151 -0.3304 -0.8897
vn -0.5831 0.1256 -0.8026
vn -0.5773 -0.1876 -0.7947
vn -0.7488 -0.3304 -0.5746
vn -0.9435 0.1256 0.3066
vn -0.9342 -0.1876 0.3035
vn -0.7779 -0.3304 0.5346
vn -0.0000 0.1256 0.9921
vn -0.0000 -0.1876 0.9822
vn 0.2680 -0.3304 0.9050
vn 0.5831 -0.6617 0.4713
vn 0.5773 -0.7947 0.1876
vn 0.7488 -0.6617 -0.0385
vn 0.6284 -0.6617 -0.4089
vn 0.3568 -0.7947 -0.4911
vn 0.1947 -0.6617 -0.7240
vn -0.1947 -0.6617 -0.7240
vn -0.3568 -0.7947 -0.4911
vn -0.6284 -0.6617 -0.4089
vn 0.2680 -0.6617 0.7002
vn -0.0000 -0.7947 0.6071
vn -0.0000 -0.9435 0.3313
vn -0.7488 -0.6617 -0.0385
vn -0.5773 -0.7947 0.1876
vn -0.5831 -0.6617 0.4713
vn 0.9952 -0.0000 0.0980
vn 0.9569 -0.0000 0.2903
vn 0.8819 -0.0000 0.4714
vn 0.7730 -0.0000 0.6344
vn 0.6344 -0.0000 0.7730
vn 0.4714 -0.0000 0.8819
vn 0.2903 -0.0000 0.9569
vn 0.0980 -0.0000 0.9952
vn -0.0980 -0.0000 0.9952
vn -0.2903 -0.0000 0.9569
vn -0.4714 -0.0000 0.8819
vn -0.6344 -0.0000 0.7730
vn -0.7730 -0.0000 0.6344
vn -0.8819 -0.0000 0.4714
vn -0.9569 -0.0000 0.2903
vn -0.9952 -0.0000 0.0980
vn -0.9952 -0.0000 -0.0980
vn -0.9569 -0.0000 -0.2903
vn -0.8819 -0.0000 -0.4714
vn -0.7730 -0.0000 -0.6344
vn -0.6344 -0.0000 -0.7730
vn -0.4714 -0.0000 -0.8819
vn -0.2903 -0.0000 -0.9569
vn -0.0980 -0.0000 -0.9952
vn 0.0980 -0.0000 -0.9952
vn 0.2903 -0.0000 -0.9569
vn 0.4714 -0.0000 -0.8819
vn 0.6344 -0.0000 -0.7730
vn 0.7730 -0.0000 -0.6344
vn 0.8819 -0.0000 -0.4714
vn -0.0000 1.0000 -0.0000
vn 0.9569 -0.0000 -0.2903
vn 0.9952 -0.0000 -0.0980
vn 1.0000 -0.0000 -0.0000
vn -1.0000 -0.0000 -0.0000
vn -0.0002 1.0000 -0.0000
vn -0.1228 0.9924 0.0044
vn -0.0000 -0.0499 -0.9988
vn 0.0004 0.0614 -0.9981
vn -0.0000 -0.1772 -0.9842
vn -0.0000 0.9545 -0.2983
vn -0.0000 -0.0375 -0.9993
vn -0.0000 -0.0620 -0.9981
vn -0.0000 -0.0143 -0.9999
vn 0.9995 -0.0000 -0.0312
vn -0.0154 -0.0000 0.9999
vn -0.9957 0.0921 -0.0000
vn -0.9333 0.3592 -0.0000
vn -0.7675 0.6411 -0.0000
vn -0.7239 0.6899 -0.0000
vn -0.6344 0.7730 -0.0000
vn -0.6344 0.7730 -0.0001
vn -0.4714 0.8819 -0.0000
vn -0.4715 0.8819 -0.0000
vn -0.2903 0.9569 -0.0000
vn -0.0980 0.9952 -0.0000
vn 0.0980 0.9952 -0.0000
vn 0.2903 0.9569 -0.0000
vn 0.4714 0.8819 -0.0000
vn 0.6344 0.7730 -0.0000
vn 0.7730 0.6344 -0.0000
vn 0.8819 0.4714 -0.0000
vn 0.9569 0.2903 -0.0000
vn 0.9952 0.0980 -0.0000
vn 0.9952 -0.0980 -0.0000
vn 0.9569 -0.2903 -0.0000
vn 0.8819 -0.4714 -0.0000
vn 0.7730 -0.6344 -0.0000
vn 0.6344 -0.7730 -0.0000
vn 0.4714 -0.8819 -0.0000
vn 0.2903 -0.9569 -0.0000
vn 0.2902 -0.9570 -0.0000
vn 0.0980 -0.9952 -0.0000
vn -0.0980 -0.9952 -0.0000
vn -0.0982 -0.9952 -0.0000
vn -0.2903 -0.9569 -0.0000
vn -0.9569 -0.2903 -0.0000
vn -0.9952 -0.0981 -0.0000
vn -0.9952 -0.0980 -0.0000
vn -0.8533 0.5214 -0.0000
vn -0.5491 0.8357 -0.0000
vn -0.1454 0.6181 0.7726
vn -0.1658 0.9862 -0.0000
vn -0.0276 0.9996 -0.0000
vn 0.0813 0.9967 -0.0000
vn 0.1727 0.9850 -0.0000
vn 0.2542 0.9671 -0.0000
vn 0.3315 0.9434 -0.0000
vn 0.4091 0.9125 -0.0000
vn 0.2287 0.6081 0.7602
vn 0.5826 0.8128 -0.0000
vn 0.5936 0.8048 -0.0000
vn 0.8149 0.5795 -0.0000
vn 0.9432 0.3322 -0.0000
vn 0.9981 -0.0621 -0.0000
vn 0.8614 -0.5080 -0.0000
vn 0.5949 -0.8038 -0.0000
vn 0.5950 -0.8038 -0.0000
vn 0.3501 -0.9367 -0.0000
vn 0.1658 -0.9862 -0.0000
vn 0.0276 -0.9996 -0.0000
vn 0.0278 -0.9996 -0.0000
vn -0.0813 -0.9967 -0.0000
vn -0.1727 -0.9850 -0.0000
vn -0.2542 -0.9671 -0.0000
vn -0.3316 -0.9434 -0.0000
vn -0.4091 -0.9125 -0.0000
vn -0.4913 -0.8710 -0.0000
vn -0.5832 -0.8123 -0.0000
vn -0.6900 -0.7238 -0.0000
vn -0.8150 -0.5794 -0.0000
vn -0.9432 -0.3322 -0.0000
vn -0.9978 0.0658 -0.0000
vn -0.3419 0.9397 -0.0000
vn -0.9429 0.3330 -0.0000
vn 0.7656 -0.6433 -0.0000
vn -0.0419 0.9991 -0.0000
vn 0.3036 -0.9528 -0.0000
vn 0.8140 -0.5809 -0.0000
vn -0.9936 0.1128 -0.0000
vn 0.1060 -0.9944 -0.0000
vn -0.6293 -0.7772 -0.0000
vn -0.0888 -0.0000 0.9961
vn -0.6220 0.7830 -0.0000
vn 0.9730 -0.2306 -0.0000
vn -0.0284 0.9996 -0.0000
vn 0.0147 -0.9999 -0.0000
vn -0.0804 0.9968 -0.0000
vn 0.9201 -0.3916 -0.0000
vn -0.6702 0.7422 -0.0000
vn -0.8195 0.5730 -0.0000
vn 0.9969 -0.0789 -0.0000
vn 0.0472 0.9989 -0.0000
vn -0.0715 -0.9974 -0.0000
vn -0.0465 0.9989 -0.0000
vn 0.9827 -0.1850 -0.0000
vn -0.8564 0.5162 -0.0000
vn -0.7436 0.6687 -0.0000
vn 0.9798 -0.1998 -0.0000
vn 0.1687 0.9857 -0.0000
vn 0.0756 0.9971 -0.0000
vn 0.1852 -0.0000 -0.9827
vn -0.7871 0.6168 -0.0000
vn -0.7592 0.6508 -0.0000
vn -0.6961 0.7180 -0.0000
vn -0.6337 0.7735 -0.0000
vn -0.5692 0.8222 -0.0000
vn -0.4986 0.8668 -0.0000
vn -0.4167 0.9090 -0.0000
vn -0.3153 0.9490 -0.0000
vn -0.1809 0.9835 -0.0000
vn 0.0093 1.0000 -0.0000
vn 0.2848 0.9586 -0.0000
vn 0.6362 0.7716 -0.0000
vn 0.9169 0.3992 -0.0000
vn 1.0000 0.0098 -0.0000
vn 0.9639 -0.2664 -0.0000
vn 0.8957 -0.4447 -0.0000
vn 0.8255 -0.5644 -0.0000
vn 0.7592 -0.6508 -0.0000
vn 0.8104 -0.5858 -0.0000
vn 0.1106 -0.2561 0.9603
vn 0.4676 -0.8840 -0.0000
vn -0.8908 0.4545 -0.0000
vn -0.5812 0.8138 -0.0000
vn 0.4617 -0.8870 -0.0000
vn -0.0000 -0.0002 1.0000
vn 0.9778 0.2096 -0.0000
vn -0.0000 0.0003 -1.0000
vn 0.8747 -0.4847 -0.0000
vn 0.8921 -0.4519 -0.0000
vn -0.0000 0.0062 1.0000
vn -0.0000 -0.0412 0.9992
vn -0.0000 0.0499 0.9988
vn -0.5885 -0.8079 -0.0306
vn 0.9814 -0.1921 -0.0000
vn 0.2947 0.9556 -0.0000
vn -0.1744 -0.9847 -0.0000
vn -0.0000 -0.0073 1.0000
vn 0.2259 -0.1123 -0.9677
vn -0.9978 0.0665 -0.0000
vn -0.0068 -0.0000 -1.0000
vn 0.4165 -0.9091 -0.0000
vn 0.9830 -0.1834 -0.0000
vn -0.1926 -0.9813 -0.0000
vn -0.1925 -0.9813 -0.0000
vn 0.9529 -0.3034 -0.0000
vn -0.7857 0.6186 -0.0000
vn 0.8907 -0.4546 -0.0000
vn -0.2203 0.9754 -0.0000
vn 0.3001 -0.9539 -0.0000
vn -0.8638 0.5038 -0.0000
vn -0.9918 -0.1280 -0.0000
vn 0.9592 -0.2826 -0.0000
vn -0.0709 0.9975 -0.0000
vn 0.0911 -0.9958 -0.0000
vn 0.9352 -0.3541 -0.0000
vn -0.9959 -0.0904 -0.0000
vn -0.2987 -0.9544 -0.0000
vn -0.1140 0.9935 -0.0000
vn -0.8241 -0.5664 -0.0000
vn 0.6972 0.7169 -0.0000
vn -0.8130 0.5822 -0.0000
vn 0.9053 -0.4247 -0.0000
vn 0.3910 -0.9204 -0.0000
vn -0.8261 0.5635 -0.0000
vn 0.0826 0.9966 -0.0000
vn -0.8614 0.5080 -0.0000
vn -0.5949 0.8038 -0.0000
vn -0.3501 0.9367 -0.0000
vn -0.1678 0.9858 -0.0000
vn 0.4094 0.9123 -0.0000
vn 0.4913 0.8710 -0.0000
vn 0.5832 0.8123 -0.0000
vn 0.6901 0.7237 -0.0000
vn 0.8150 0.5795 -0.0000
vn 0.9432 0.3321 -0.0000
vn 0.9978 -0.0658 -0.0000
vn 0.8533 -0.5214 -0.0000
vn 0.5491 -0.8358 -0.0000
vn 0.2290 -0.9734 -0.0000
vn 0.1317 -0.9913 -0.0000
vn -0.0414 -0.9991 -0.0000
vn -0.0247 -0.1321 0.9909
vn -0.4072 -0.9133 -0.0000
vn -0.4482 -0.8940 -0.0000
vn -0.4735 -0.8808 -0.0000
vn -0.6386 -0.7696 -0.0000
vn -0.9524 -0.3048 -0.0000
vn -0.9981 0.0621 -0.0000
vn -0.9952 0.0980 -0.0000
vn -0.9569 0.2903 -0.0000
vn -0.8819 0.4714 -0.0000
vn -0.7730 0.6344 -0.0000
vn -0.6345 0.7730 -0.0000
vn 0.7079 0.7064 -0.0000
vn 0.9333 0.3592 -0.0000
vn 0.9333 -0.3592 -0.0000
vn 0.7239 -0.6899 -0.0000
vn 0.3047 -0.9524 -0.0000
vn 0.1933 -0.9811 -0.0000
vn 0.0664 -0.9978 -0.0000
vn -0.0664 -0.9978 -0.0000
vn -0.1933 -0.9811 -0.0000
vn -0.4714 -0.8819 -0.0000
vn -0.4713 -0.8820 -0.0000
vn -0.6344 -0.7730 -0.0000
vn -0.7730 -0.6344 -0.0000
vn -0.8819 -0.4714 -0.0000
vn -0.7486 0.6631 -0.0000
vn -0.3676 0.9300 -0.0000
vn -0.7941 0.6078 -0.0000
vn 0.1209 0.0466 -0.9916
vn 0.0192 0.0585 -0.9981
vn 0.0210 0.0646 -0.9977
vn -0.2325 -0.2847 -0.9300
vn -0.1630 -0.1304 0.9780
vn -0.0624 0.0094 0.9980
vn -0.1516 0.3638 -0.9190
vn 0.9995 -0.0303 -0.0000
vn 0.9823 -0.1871 -0.0000
vn 0.0767 0.0352 0.9964
vn 0.2420 0.0635 -0.9682
vn -0.0020 -0.0499 -0.9988
vn 0.0254 0.0781 0.9966
vn -0.0254 -0.0781 -0.9966
vn -0.0000 0.0363 0.9993
vn -0.4472 -0.0000 0.8944
vn -0.0000 0.1580 0.9874
vn -0.9169 -0.3992 -0.0000
vn -1.0000 -0.0098 -0.0000
vn -0.9639 0.2664 -0.0000
vn -0.8957 0.4447 -0.0000
vn -0.8255 0.5644 -0.0000
vn -0.7592 0.6509 -0.0000
vn 0.7592 -0.6509 -0.0000
vn 0.6961 -0.7180 -0.0000
vn 0.6337 -0.7735 -0.0000
vn 0.5692 -0.8222 -0.0000
vn 0.4986 -0.8668 -0.0000
vn 0.4167 -0.9090 -0.0000
vn 0.3153 -0.9490 -0.0000
vn 0.1809 -0.9835 -0.0000
vn -0.0093 -1.0000 -0.0000
vn -0.2847 -0.9586 -0.0000
vn -0.6362 -0.7716 -0.0000
vn -0.0985 -0.9951 -0.0000
vn -0.2904 -0.9569 -0.0000
vn -0.2902 0.9570 -0.0000
vn 0.2907 -0.9568 -0.0000
vn -0.7731 -0.6343 -0.0000
vn 0.3502 -0.9367 -0.0000
vn -0.9940 0.1090 -0.0000
vn 0.8017 0.5977 -0.0000
vn 0.0836 0.9965 -0.0000
vn 0.0126 -0.9999 -0.0000
vn -0.2275 -0.9738 -0.0000
vn 0.1706 0.9853 -0.0000
vn 0.8589 0.5122 -0.0000
vn 0.0138 -0.9999 0.0008
vn -0.1793 -0.9838 0.0010
vn 0.1736 0.9846 -0.0203
vn 0.2846 -0.9586 0.0122
vn -0.1689 0.9856 0.0066
vn 0.1452 0.9893 -0.0160
vn 0.9890 -0.1477 -0.0000
vn -0.2684 0.1334 0.9540
vn 0.9707 -0.2400 -0.0135
vn 0.0015 1.0000 -0.0000
vn 0.1228 0.9924 -0.0044
vn -0.0000 -0.0614 0.9981
vn -0.0000 0.1446 0.9895
vn -0.0000 0.0125 0.9999
vn -0.0000 -0.0995 0.9950
vn -0.9999 -0.0000 0.0156
vn 0.0073 -0.0000 -1.0000
vn 0.9957 0.0921 -0.0000
vn 0.9820 0.1890 -0.0000
vn 0.9228 0.3854 -0.0000
vn 0.7239 0.6899 -0.0000
vn 0.6344 0.7730 0.0001
vn -0.2902 -0.9570 -0.0000
vn 0.0981 -0.9952 -0.0000
vn 0.5390 -0.8423 -0.0000
vn 0.3955 -0.9185 -0.0000
vn 0.9227 -0.3854 -0.0000
vn 0.9570 -0.2902 -0.0000
vn 0.9952 -0.0981 -0.0000
vn 0.8533 0.5214 -0.0000
vn 0.7958 0.6056 -0.0000
vn 0.1721 0.3658 -0.9146
vn 0.1658 0.9862 -0.0000
vn 0.0276 0.9996 -0.0000
vn -0.0813 0.9967 -0.0000
vn -0.1727 0.9850 -0.0000
vn -0.2542 0.9671 -0.0000
vn -0.3315 0.9434 -0.0000
vn -0.4091 0.9125 -0.0000
vn -0.1690 0.3660 -0.9151
vn -0.7322 0.6810 -0.0000
vn -0.7419 0.6705 -0.0000
vn -0.8149 0.5795 -0.0000
vn -0.9432 0.3322 -0.0000
vn -0.9981 -0.0621 -0.0000
vn -0.8614 -0.5080 -0.0000
vn -0.5950 -0.8038 -0.0000
vn -0.5949 -0.8038 -0.0000
vn -0.3502 -0.9367 -0.0000
vn -0.3501 -0.9367 -0.0000
vn -0.1657 -0.9862 -0.0000
vn -0.1658 -0.9862 -0.0000
vn -0.0276 -0.9996 -0.0000
vn -0.0278 -0.9996 -0.0000
vn 0.0813 -0.9967 -0.0000
vn 0.1727 -0.9850 -0.0000
vn 0.2542 -0.9671 -0.0000
vn 0.3316 -0.9434 -0.0000
vn 0.4091 -0.9125 -0.0000
vn 0.4913 -0.8710 -0.0000
vn 0.5832 -0.8123 -0.0000
vn 0.6900 -0.7238 -0.0000
vn 0.8150 -0.5794 -0.0000
vn 0.9432 -0.3322 -0.0000
vn 0.9978 0.0658 -0.0000
vn 0.9469 0.3214 -0.0000
vn -0.1984 0.9801 -0.0000
vn 0.9429 0.3330 -0.0000
vn -0.7656 -0.6433 -0.0000
vn 0.0419 0.9991 -0.0000
vn -0.3036 -0.9528 -0.0000
vn -0.8140 -0.5809 -0.0000
vn 0.9936 0.1128 -0.0000
vn -0.1060 -0.9944 -0.0000
vn 0.6293 -0.7772 -0.0000
vn 0.1325 -0.0000 -0.9912
vn 0.6220 0.7830 -0.0000
vn -0.9730 -0.2306 -0.0000
vn 0.0284 0.9996 -0.0000
vn -0.0147 -0.9999 -0.0000
vn 0.0804 0.9968 -0.0000
vn -0.9201 -0.3916 -0.0000
vn 0.6702 0.7422 -0.0000
vn 0.8195 0.5730 -0.0000
vn -0.9969 -0.0789 -0.0000
vn -0.0472 0.9989 -0.0000
vn 0.0715 -0.9974 -0.0000
vn 0.0465 0.9989 -0.0000
vn -0.9827 -0.1850 -0.0000
vn 0.8564 0.5162 -0.0000
vn 0.7436 0.6687 -0.0000
vn -0.9798 -0.1998 -0.0000
vn -0.1687 0.9857 -0.0000
vn 0.1604 -0.9871 -0.0000
vn 0.0786 -0.1955 -0.9776
vn -0.0756 0.9971 -0.0000
vn -0.9700 -0.2433 -0.0000
vn 0.7871 0.6168 -0.0000
vn 0.7592 0.6508 -0.0000
vn 0.7592 0.6509 -0.0000
vn 0.6961 0.7180 -0.0000
vn 0.6337 0.7735 -0.0000
vn 0.5692 0.8222 -0.0000
vn 0.4986 0.8668 -0.0000
vn 0.4167 0.9090 -0.0000
vn 0.3153 0.9490 -0.0000
vn 0.1809 0.9835 -0.0000
vn -0.0093 1.0000 -0.0000
vn -0.2848 0.9586 -0.0000
vn -0.6362 0.7716 -0.0000
vn -0.9169 0.3992 -0.0000
vn -1.0000 0.0098 -0.0000
vn -0.9639 -0.2664 -0.0000
vn -0.8957 -0.4447 -0.0000
vn -0.8255 -0.5644 -0.0000
vn -0.7592 -0.6508 -0.0000
vn -0.8104 -0.5858 -0.0000
vn -0.2142 -0.5025 -0.8376
vn -0.4676 -0.8840 -0.0000
vn 0.8908 0.4545 -0.0000
vn 0.5812 0.8138 -0.0000
vn -0.4617 -0.8870 -0.0000
vn -0.0978 -0.9952 -0.0000
vn -0.0000 0.0001 -1.0000
vn -0.9778 0.2096 -0.0000
vn -0.8747 -0.4847 -0.0000
vn -0.8921 -0.4519 -0.0000
vn -0.0000 -0.0312 -0.9995
vn -0.0000 -0.0215 -0.9998
vn 0.5080 -0.8607 0.0336
vn -0.9814 -0.1921 -0.0000
vn -0.2947 0.9556 -0.0000
vn 0.1744 -0.9847 -0.0000
vn -0.0000 -0.0062 -1.0000
vn -0.2259 -0.1123 0.9677
vn 0.9978 0.0665 -0.0000
vn 0.0087 0.3048 0.9524
vn -0.4165 -0.9091 -0.0000
vn -0.9830 -0.1834 -0.0000
vn 0.1925 -0.9813 -0.0000
vn -0.9529 -0.3034 -0.0000
vn 0.7857 0.6186 -0.0000
vn -0.8907 -0.4546 -0.0000
vn 0.2203 0.9754 -0.0000
vn -0.3001 -0.9539 -0.0000
vn 0.8638 0.5038 -0.0000
vn 0.9918 -0.1280 -0.0000
vn -0.9592 -0.2826 -0.0000
vn 0.0709 0.9975 -0.0000
vn -0.0911 -0.9958 -0.0000
vn -0.9352 -0.3541 -0.0000
vn 0.9959 -0.0904 -0.0000
vn 0.2987 -0.9544 -0.0000
vn 0.1140 0.9935 -0.0000
vn 0.8241 -0.5664 -0.0000
vn -0.6972 0.7169 -0.0000
vn 0.8130 0.5822 -0.0000
vn -0.9053 -0.4247 -0.0000
vn -0.3910 -0.9204 -0.0000
vn 0.8261 0.5635 -0.0000
vn -0.0826 0.9966 -0.0000
vn 0.8614 0.5080 -0.0000
vn 0.5949 0.8038 -0.0000
vn 0.3501 0.9367 -0.0000
vn 0.1678 0.9858 -0.0000
vn -0.4094 0.9123 -0.0000
vn -0.4913 0.8710 -0.0000
vn -0.5832 0.8123 -0.0000
vn -0.6901 0.7237 -0.0000
vn -0.8150 0.5795 -0.0000
vn -0.9432 0.3321 -0.0000
vn 0.5557 -0.8314 -0.0000
vn 0.5826 -0.8128 -0.0000
vn 0.7419 -0.6705 -0.0000
vn 0.9409 -0.3387 -0.0000
vn 0.9981 0.0621 -0.0000
vn 0.6345 0.7730 -0.0000
vn -0.8948 0.4465 -0.0000
vn -0.9228 0.3854 -0.0000
vn -0.8660 0.5000 -0.0000
vn -0.9957 -0.0921 -0.0000
vn -0.9820 -0.1890 -0.0000
vn -0.7675 -0.6411 -0.0000
vn -0.7239 -0.6899 -0.0000
vn -0.6525 -0.7578 -0.0000
vn -0.5390 -0.8423 -0.0000
vn -0.1319 -0.9913 -0.0000
vn 0.1319 -0.9913 -0.0000
vn 0.4713 -0.8820 -0.0000
vn 0.7486 0.6631 -0.0000
vn 0.3676 0.9300 -0.0000
vn 0.7941 0.6078 -0.0000
vn -0.1209 0.0466 0.9916
vn -0.0192 0.0576 0.9982
vn -0.0210 0.0646 0.9977
vn 0.2415 0.0907 0.9661
vn 0.1630 -0.1304 -0.9780
vn -0.0624 0.0031 -0.9980
vn -0.1575 0.2520 0.9548
vn -0.9995 -0.0303 -0.0000
vn -0.9823 -0.1871 -0.0000
vn -0.0767 0.0352 -0.9964
vn -0.0000 -0.0995 -0.9950
vn -0.2409 -0.1174 0.9634
vn 0.7809 0.6247 -0.0000
vn 0.0010 -0.0250 0.9997
vn -0.0254 0.0781 -0.9966
vn 0.0254 -0.0781 0.9966
vn 0.2182 -0.8729 -0.4364
vn 0.9169 -0.3992 -0.0000
vn 1.0000 -0.0098 -0.0000
vn 0.9639 0.2664 -0.0000
vn 0.8957 0.4447 -0.0000
vn 0.8255 0.5644 -0.0000
vn -0.7592 -0.6509 -0.0000
vn -0.6961 -0.7180 -0.0000
vn -0.6337 -0.7735 -0.0000
vn -0.5692 -0.8222 -0.0000
vn -0.4986 -0.8668 -0.0000
vn -0.4167 -0.9090 -0.0000
vn -0.3153 -0.9490 -0.0000
vn -0.1809 -0.9835 -0.0000
vn 0.0093 -1.0000 -0.0000
vn 0.2847 -0.9586 -0.0000
vn 0.6362 -0.7716 -0.0000
vn 0.4715 0.8819 -0.0000
vn 0.0983 -0.9952 -0.0000
vn 0.7729 -0.6345 -0.0000
vn -0.2911 -0.9567 -0.0000
vn 0.0977 -0.9952 -0.0000
vn 0.2904 -0.9569 -0.0000
vn 0.7731 -0.6342 -0.0000
vn 0.7731 -0.6343 -0.0000
vn 0.9940 0.1090 -0.0000
vn -0.8017 0.5977 -0.0000
vn -0.0836 0.9965 -0.0000
vn -0.0126 -0.9999 -0.0000
vn 0.2275 -0.9738 -0.0000
vn -0.1706 0.9853 -0.0000
vn -0.8589 0.5122 -0.0000
vn -0.0138 -0.9999 -0.0008
vn 0.1793 -0.9838 -0.0010
vn -0.1736 0.9846 0.0203
vn -0.2846 -0.9586 -0.0122
vn 0.1689 0.9856 -0.0066
vn -0.1452 0.9893 0.0160
vn -0.9890 -0.1477 -0.0000
vn 0.2684 0.1334 -0.9540
vn -0.9707 -0.2400 0.0135
vt 0.625000 0.500000
vt 0.639304 0.500000
vt 0.639437 0.750000
vt 0.625000 0.750000
vt 0.375000 0.750000
vt 0.625000 0.764437
vt 0.375000 0.764432
vt 0.315084 0.674018
vt 0.301707 0.704603
vt 0.301760 0.625105
vt 0.301800 0.625000
vt 0.301761 0.624895
vt 0.301815 0.545167
vt 0.315105 0.575960
vt 0.316484 0.580466
vt 0.328205 0.615248
vt 0.349572 0.594859
vt 0.337646 0.546702
vt 0.330180 0.547154
vt 0.318458 0.549050
vt 0.301816 0.542901
vt 0.301845 0.500000
vt 0.360793 0.500000
vt 0.360568 0.750000
vt 0.301676 0.750000
vt 0.301705 0.707116
vt 0.318410 0.700914
vt 0.337688 0.703195
vt 0.339104 0.697119
vt 0.342270 0.683346
vt 0.349427 0.655175
vt 0.333014 0.640193
vt 0.328131 0.634753
vt 0.324298 0.645905
vt 0.375000 0.500000
vt 0.375000 0.426845
vt 0.625000 0.426772
vt 0.625000 0.485696
vt 0.375000 0.485793
vt 0.757219 0.750000
vt 0.757152 0.500000
vt 0.875000 0.500000
vt 0.875000 0.750000
vt 0.375000 0.882216
vt 0.625000 0.882219
vt 0.625000 1.000000
vt 0.375000 1.000000
vt 0.375000 0.852770
vt 0.625000 0.852773
vt 0.727773 0.750000
vt 0.727690 0.500000
vt 0.375000 0.250000
vt 0.625000 0.250000
vt 0.625000 0.367848
vt 0.375000 0.367897
vt 0.125000 0.750000
vt 0.242897 0.500000
vt 0.242784 0.750000
vt 0.698245 0.542918
vt 0.691117 0.545404
vt 0.681885 0.548906
vt 0.662400 0.546733
vt 0.650682 0.594812
vt 0.672795 0.615179
vt 0.685668 0.575722
vt 0.686091 0.574802
vt 0.698246 0.544923
vt 0.698278 0.624686
vt 0.698167 0.625000
vt 0.698278 0.625313
vt 0.698310 0.704670
vt 0.685514 0.674205
vt 0.673907 0.636847
vt 0.673141 0.634838
vt 0.651150 0.655315
vt 0.660652 0.690892
vt 0.663445 0.703874
vt 0.682190 0.701216
vt 0.698311 0.707111
vt 0.698328 0.750000
vt 0.698228 0.500000
vt 0.625000 0.823328
vt 0.375000 0.823324
vt 0.375000 0.397371
vt 0.625000 0.397310
vt 0.294697 0.553798
vt 0.287718 0.599544
vt 0.284705 0.610439
vt 0.280837 0.625002
vt 0.287669 0.650461
vt 0.294549 0.696213
vt 0.301381 0.707009
vt 0.272230 0.750000
vt 0.272371 0.500000
vt 0.301527 0.542998
vt 0.705294 0.696187
vt 0.712133 0.650452
vt 0.719032 0.625005
vt 0.715090 0.610503
vt 0.712127 0.599560
vt 0.705282 0.553813
vt 0.698500 0.543005
vt 0.698618 0.707006
vt 0.000000 0.000000
vt 0.837030 0.539148
vt 0.837030 0.500000
vt 0.868602 0.500000
vt 0.868602 0.750000
vt 0.861555 0.750000
vt 0.861555 0.500000
vt 0.858396 0.500000
vt 0.858396 0.750000
vt 0.837030 0.750000
vt 0.837030 0.717656
vt 0.847498 0.716554
vt 0.848939 0.716103
vt 0.850287 0.712923
vt 0.850287 0.540836
vt 0.815545 0.536413
vt 0.815545 0.750000
vt 0.815113 0.719961
vt 0.815545 0.719915
vt 0.804474 0.532038
vt 0.804094 0.531808
vt 0.815545 0.500000
vt 0.815113 0.536279
vt 0.804094 0.721120
vt 0.785976 0.750000
vt 0.789334 0.500000
vt 0.410634 0.923800
vt 0.405958 0.924799
vt 0.401859 0.926145
vt 0.398495 0.927785
vt 0.395996 0.929655
vt 0.394456 0.931685
vt 0.393937 0.933795
vt 0.394456 0.935906
vt 0.395411 0.937165
vt 0.379628 0.956596
vt 0.381711 0.974707
vt 0.381063 0.977885
vt 0.381262 0.980764
vt 0.382291 0.983214
vt 0.375000 0.999678
vt 0.375000 0.902430
vt 0.384500 0.903421
vt 0.397856 0.906641
vt 0.404001 0.925442
vt 0.383181 0.971353
vt 0.395996 0.937936
vt 0.398495 0.939807
vt 0.400508 0.940788
vt 0.391705 0.961623
vt 0.388332 0.964633
vt 0.385417 0.967951
vt 0.395208 0.864103
vt 0.391972 0.861301
vt 0.394993 0.862889
vt 0.389417 0.859090
vt 0.391828 0.860360
vt 0.387561 0.857484
vt 0.389320 0.858355
vt 0.386403 0.856481
vt 0.387492 0.856894
vt 0.386349 0.855981
vt 0.385881 0.855607
vt 0.385929 0.856071
vt 0.379817 0.850780
vt 0.379810 0.850629
vt 0.396951 0.857060
vt 0.399082 0.867456
vt 0.379514 0.850518
vt 0.397674 0.986862
vt 0.393605 0.987434
vt 0.401552 0.985759
vt 0.552597 0.992564
vt 0.563125 0.995864
vt 0.574622 1.000000
vt 0.574622 1.000000
vt 0.563125 0.995864
vt 0.562694 0.995729
vt 0.554105 0.984613
vt 0.554840 0.982895
vt 0.557506 0.976662
vt 0.401952 0.985645
vt 0.406274 0.983832
vt 0.410474 0.981492
vt 0.414390 0.978714
vt 0.417873 0.975607
vt 0.420789 0.972289
vt 0.423024 0.968887
vt 0.424494 0.965533
vt 0.425142 0.962355
vt 0.424943 0.959476
vt 0.423905 0.957005
vt 0.422067 0.955039
vt 0.419501 0.953651
vt 0.416304 0.952897
vt 0.412600 0.952805
vt 0.416304 0.952897
vt 0.423905 0.957005
vt 0.437966 0.956969
vt 0.440918 0.985151
vt 0.442474 1.000000
vt 0.426263 0.944407
vt 0.427361 0.944274
vt 0.426055 0.944415
vt 0.445976 0.937936
vt 0.447515 0.935906
vt 0.448034 0.933796
vt 0.447515 0.931685
vt 0.445976 0.929655
vt 0.443476 0.927784
vt 0.440112 0.926145
vt 0.440112 0.926145
vt 0.408531 0.953378
vt 0.411266 0.952993
vt 0.408531 0.953378
vt 0.407903 0.953557
vt 0.468765 0.927773
vt 0.504133 0.929380
vt 0.545645 1.000000
vt 0.545445 1.000000
vt 0.545527 0.999914
vt 0.562181 1.000000
vt 0.555904 1.000000
vt 0.541633 0.979056
vt 0.538581 0.983063
vt 0.537359 0.979701
vt 0.531457 0.980590
vt 0.532333 0.975535
vt 0.537443 0.971582
vt 0.547561 0.978161
vt 0.545909 0.978410
vt 0.545441 0.983748
vt 0.530373 0.986841
vt 0.524428 0.981650
vt 0.533467 0.968996
vt 0.544411 0.999098
vt 0.550507 0.989989
vt 0.462481 0.922333
vt 0.463259 0.922201
vt 0.468765 0.927773
vt 0.538239 0.941464
vt 0.538650 0.970648
vt 0.560485 0.965448
vt 0.564395 0.950731
vt 0.564395 0.950731
vt 0.573007 0.978409
vt 0.573080 0.978645
vt 0.564868 0.977599
vt 0.567576 0.955025
vt 0.567763 0.953469
vt 0.577207 0.961146
vt 0.585845 0.979687
vt 0.579819 0.979195
vt 0.566003 0.952038
vt 0.565371 0.953868
vt 0.538239 0.941464
vt 0.559288 0.931567
vt 0.556583 0.921416
vt 0.568105 0.892547
vt 0.577623 0.896764
vt 0.599204 0.907631
vt 0.598204 0.880376
vt 0.597204 0.853122
vt 0.578117 0.851312
vt 0.554261 0.847252
vt 0.555744 0.868156
vt 0.559934 0.888928
vt 0.543177 0.904584
vt 0.481197 0.883752
vt 0.437966 0.871411
vt 0.437150 0.862005
vt 0.439817 0.847118
vt 0.442484 0.832230
vt 0.424104 0.831649
vt 0.401372 0.829938
vt 0.400025 0.841341
vt 0.401337 0.852614
vt 0.417548 0.856523
vt 0.417322 0.864703
vt 0.625000 0.822822
vt 0.625000 0.895645
vt 0.625000 0.910976
vt 0.625000 0.940545
vt 0.623678 0.940092
vt 0.617733 0.938466
vt 0.612123 0.937352
vt 0.607064 0.936793
vt 0.602751 0.936810
vt 0.599348 0.937402
vt 0.596987 0.938548
vt 0.595759 0.940202
vt 0.595710 0.942302
vt 0.596843 0.944765
vt 0.599114 0.947499
vt 0.602436 0.950397
vt 0.606680 0.953349
vt 0.611685 0.956241
vt 0.617258 0.958962
vt 0.623184 0.961407
vt 0.625000 0.962030
vt 0.625000 0.983396
vt 0.614958 0.981346
vt 0.568964 0.943456
vt 0.625000 0.986555
vt 0.625000 0.993602
vt 0.620503 0.985637
vt 0.415709 0.923184
vt 0.403049 0.869327
vt 0.403510 0.871289
vt 0.416912 0.879579
vt 0.414067 0.880427
vt 0.405489 0.873002
vt 0.405070 0.870942
vt 0.438079 0.872490
vt 0.436013 0.924799
vt 0.431337 0.923800
vt 0.426263 0.923184
vt 0.420986 0.922976
vt 0.430564 0.893890
vt 0.439206 0.883250
vt 0.440918 0.899592
vt 0.430355 0.894525
vt 0.431235 0.891853
vt 0.427684 0.889015
vt 0.426824 0.891469
vt 0.426084 0.890829
vt 0.425647 0.876974
vt 0.430175 0.894369
vt 0.625000 0.250000
vt 0.575880 0.250000
vt 0.593509 0.250000
vt 0.619644 0.250000
vt 0.574622 0.000000
vt 0.574622 0.250000
vt 0.545445 0.250000
vt 0.562181 0.250000
vt 0.442474 0.000000
vt 0.442474 0.250000
vt 0.408737 0.250000
vt 0.442474 0.000000
vt 0.125000 0.500000
vt 0.221104 0.500000
vt 0.222570 0.750000
vt 0.125322 0.750000
vt 0.125322 0.500000
vt 0.544411 0.250902
vt 0.563125 0.254136
vt 0.552597 0.257436
vt 0.554105 0.265387
vt 0.557506 0.273339
vt 0.573080 0.271355
vt 0.585845 0.270314
vt 0.580768 0.259965
vt 0.564395 0.299269
vt 0.504133 0.320620
vt 0.468765 0.322227
vt 0.446425 0.344835
vt 0.440112 0.323855
vt 0.443476 0.322215
vt 0.445976 0.320345
vt 0.447515 0.318315
vt 0.448035 0.316204
vt 0.447515 0.314094
vt 0.445975 0.312064
vt 0.443476 0.310193
vt 0.440112 0.308554
vt 0.436013 0.307208
vt 0.431337 0.306209
vt 0.426263 0.305593
vt 0.420986 0.305385
vt 0.415709 0.305593
vt 0.410634 0.306209
vt 0.405958 0.307208
vt 0.401859 0.308554
vt 0.393051 0.289351
vt 0.395732 0.291252
vt 0.399931 0.293592
vt 0.404253 0.295405
vt 0.408531 0.296622
vt 0.412600 0.297195
vt 0.416304 0.297103
vt 0.419501 0.296349
vt 0.422067 0.294962
vt 0.423905 0.292995
vt 0.424943 0.290525
vt 0.425142 0.287645
vt 0.424494 0.284467
vt 0.423024 0.281113
vt 0.420789 0.277711
vt 0.417873 0.274393
vt 0.414390 0.271285
vt 0.410474 0.268508
vt 0.406274 0.266168
vt 0.401952 0.264355
vt 0.397674 0.263138
vt 0.393605 0.262565
vt 0.389901 0.262658
vt 0.386705 0.263412
vt 0.384138 0.264799
vt 0.382562 0.266485
vt 0.440918 0.264849
vt 0.437966 0.293031
vt 0.481197 0.280690
vt 0.524427 0.268349
vt 0.438079 0.377510
vt 0.427172 0.381602
vt 0.435648 0.362369
vt 0.439206 0.366750
vt 0.440918 0.350408
vt 0.437966 0.378589
vt 0.437150 0.387995
vt 0.422557 0.392076
vt 0.556583 0.328584
vt 0.559288 0.318433
vt 0.625000 0.287970
vt 0.623184 0.288593
vt 0.617258 0.291038
vt 0.611685 0.293759
vt 0.606680 0.296651
vt 0.602436 0.299603
vt 0.599114 0.302501
vt 0.596843 0.305235
vt 0.595710 0.307699
vt 0.595759 0.309798
vt 0.596987 0.311452
vt 0.599348 0.312597
vt 0.602751 0.313190
vt 0.607065 0.313207
vt 0.612123 0.312648
vt 0.617733 0.311534
vt 0.623678 0.309908
vt 0.625000 0.309455
vt 0.625000 0.335666
vt 0.625000 0.346552
vt 0.625000 0.423276
vt 0.396951 0.392940
vt 0.417548 0.393477
vt 0.401337 0.397386
vt 0.400025 0.408659
vt 0.401372 0.420062
vt 0.424104 0.418351
vt 0.442484 0.417770
vt 0.439817 0.402882
vt 0.481197 0.366248
vt 0.543177 0.345416
vt 0.559934 0.361072
vt 0.555744 0.381844
vt 0.554261 0.402748
vt 0.578117 0.398688
vt 0.597204 0.396878
vt 0.598204 0.369624
vt 0.599203 0.342370
vt 0.577623 0.353235
vt 0.568105 0.357452
vt 0.568964 0.306544
vt 0.407317 0.342381
vt 0.409754 0.330492
vt 0.418996 0.341869
vt 0.426307 0.352076
vt 0.423803 0.347786
vt 0.402396 0.366383
vt 0.407267 0.367545
vt 0.425647 0.373026
vt 0.410634 0.326200
vt 0.415709 0.326816
vt 0.420986 0.327024
vt 0.426263 0.326816
vt 0.431337 0.326200
vt 0.436013 0.325201
vt 0.420313 0.341811
vt 0.398495 0.310193
vt 0.395996 0.312064
vt 0.395411 0.312835
vt 0.379628 0.293404
vt 0.381063 0.272115
vt 0.381711 0.275293
vt 0.383181 0.278647
vt 0.385417 0.282049
vt 0.388332 0.285367
vt 0.391815 0.288475
vt 0.394456 0.314094
vt 0.393937 0.316204
vt 0.394456 0.318315
vt 0.389474 0.345380
vt 0.384500 0.346579
vt 0.375000 0.346104
vt 0.382300 0.266765
vt 0.381262 0.269236
vt 0.395996 0.320345
vt 0.398495 0.322215
vt 0.401859 0.323855
vt 0.405958 0.325201
vt 0.405274 0.324976
vt 0.400711 0.342671
vt 0.379514 0.399482
vt 0.382713 0.382104
vt 0.384621 0.371739
vt 0.387835 0.354283
vt 0.389380 0.357852
vt 0.390577 0.363564
vt 0.750000 0.750000
vt 0.758440 0.750000
vt 0.758440 0.500000
vt 0.500000 0.875000
vt 0.625000 0.875000
vt 0.500000 1.000000
vt 0.500000 0.957482
vt 0.514716 0.963490
vt 0.539982 0.973345
vt 0.578005 0.974550
vt 0.582206 0.952027
vt 0.547865 0.940626
vt 0.524298 0.937496
vt 0.509023 0.946217
vt 0.500000 0.951123
vt 0.500000 0.929119
vt 0.605098 0.927100
vt 0.607460 0.902877
vt 0.609876 0.878667
vt 0.536686 0.882928
vt 0.517565 0.907573
vt 0.500000 0.918373
vt 0.500000 0.000000
vt 0.625000 0.000000
vt 0.500000 0.250000
vt 0.344122 0.500000
vt 0.344122 0.750000
vt 0.506323 0.750000
vt 0.536103 0.750000
vt 0.596672 0.750000
vt 0.568344 0.750000
vt 0.584789 0.750000
vt 0.560364 0.438243
vt 0.560871 0.452627
vt 0.540472 0.468117
vt 0.575845 0.478798
vt 0.605484 0.478271
vt 0.605484 0.478271
vt 0.625000 0.477924
vt 0.605484 0.478271
vt 0.507592 0.480054
vt 0.502644 0.481487
vt 0.500000 0.482460
vt 0.625000 0.366560
vt 0.609509 0.367649
vt 0.607460 0.347123
vt 0.605098 0.322900
vt 0.500000 0.320881
vt 0.500000 0.298877
vt 0.509023 0.303783
vt 0.524298 0.312504
vt 0.547865 0.309374
vt 0.582206 0.297973
vt 0.578005 0.275450
vt 0.539982 0.276655
vt 0.514716 0.286509
vt 0.500000 0.292518
vt 0.549510 0.370729
vt 0.546470 0.375000
vt 0.500000 0.375000
vt 0.500000 0.331627
vt 0.517565 0.342427
vt 0.536686 0.367072
vt 0.577381 0.369441
vt 0.250000 0.500000
vt 0.250000 0.750000
vt 0.549833 0.852056
vt 0.539931 0.848083
vt 0.530381 0.843378
vt 0.539931 0.848083
vt 0.595700 0.849673
vt 0.625000 0.843378
vt 0.500000 0.851494
vt 0.517026 0.852681
vt 0.558686 0.855608
vt 0.718378 0.750000
vt 0.647076 0.500000
vt 0.647076 0.500000
vt 0.647076 0.750000
vt 0.560871 0.797373
vt 0.560364 0.811757
vt 0.500000 0.811757
vt 0.500000 0.767540
vt 0.502644 0.768513
vt 0.507592 0.769946
vt 0.512280 0.770908
vt 0.516523 0.771363
vt 0.520151 0.771302
vt 0.523016 0.770731
vt 0.525003 0.769679
vt 0.526036 0.768184
vt 0.526081 0.766300
vt 0.525147 0.764090
vt 0.523284 0.761628
vt 0.520574 0.759001
vt 0.517132 0.756301
vt 0.513092 0.753629
vt 0.508605 0.751093
vt 0.536656 0.751240
vt 0.547136 0.760532
vt 0.569722 0.764552
vt 0.582734 0.765171
vt 0.582038 0.765431
vt 0.578802 0.766679
vt 0.578628 0.766746
vt 0.546720 0.779402
vt 0.540473 0.781883
vt 0.547467 0.779771
vt 0.575845 0.771202
vt 0.605484 0.771729
vt 0.575845 0.771202
vt 0.540472 0.781883
vt 0.624731 0.750094
vt 0.619291 0.752000
vt 0.618868 0.752148
vt 0.617836 0.752510
vt 0.616181 0.753091
vt 0.613901 0.753893
vt 0.611009 0.754911
vt 0.607540 0.756136
vt 0.603561 0.757547
vt 0.601777 0.758182
vt 0.593957 0.761004
vt 0.585728 0.757767
vt 0.625000 0.772076
vt 0.625000 0.772076
vt 0.596361 0.410405
vt 0.519795 0.413963
vt 0.530380 0.406622
vt 0.281622 0.500000
vt 0.313243 0.500000
vt 0.313243 0.750000
vt 0.281622 0.750000
vt 0.500000 0.390530
vt 0.539931 0.401917
vt 0.549833 0.397945
vt 0.558686 0.394393
vt 0.517026 0.397319
vt 0.500000 0.398506
vt 0.500000 0.398506
vt 0.517026 0.397319
vt 0.519795 0.836037
vt 0.596361 0.839595
vt 0.437500 0.843378
vt 0.437500 0.838328
vt 0.449402 0.826609
vt 0.460873 0.811757
vt 0.448312 0.827683
vt 0.448517 0.827869
vt 0.460234 0.837447
vt 0.468303 0.843378
vt 0.479709 0.399735
vt 0.479748 0.400301
vt 0.468303 0.406622
vt 0.437500 0.406622
vt 0.437500 0.375000
vt 0.480998 0.399657
vt 0.460873 0.438243
vt 0.449402 0.423391
vt 0.437500 0.411672
vt 0.448312 0.422317
vt 0.468352 0.808699
vt 0.469953 0.788495
vt 0.471907 0.768342
vt 0.437500 0.772818
vt 0.437500 0.763150
vt 0.442329 0.763678
vt 0.448219 0.764042
vt 0.453838 0.764106
vt 0.458936 0.763864
vt 0.463288 0.763320
vt 0.466701 0.762492
vt 0.469028 0.761409
vt 0.470179 0.760112
vt 0.470132 0.758655
vt 0.468922 0.757099
vt 0.466628 0.755507
vt 0.463363 0.753946
vt 0.459263 0.752476
vt 0.454481 0.751154
vt 0.449190 0.750028
vt 0.449013 0.750000
vt 0.482016 0.750000
vt 0.481573 0.750679
vt 0.481162 0.752624
vt 0.481470 0.754751
vt 0.482518 0.756983
vt 0.484308 0.759240
vt 0.486815 0.761442
vt 0.489984 0.763511
vt 0.493727 0.765371
vt 0.497912 0.766954
vt 0.468352 0.808699
vt 0.479709 0.850265
vt 0.437500 0.875000
vt 0.479748 0.849699
vt 0.482101 0.288687
vt 0.467704 0.310663
vt 0.437500 0.367887
vt 0.445704 0.368637
vt 0.492041 0.371332
vt 0.470294 0.329040
vt 0.437500 0.286220
vt 0.437500 0.250000
vt 0.484308 0.490760
vt 0.486716 0.488645
vt 0.482518 0.493017
vt 0.481470 0.495249
vt 0.481162 0.497376
vt 0.481573 0.499321
vt 0.482016 0.500000
vt 0.468922 0.492901
vt 0.468170 0.493423
vt 0.449013 0.500000
vt 0.449190 0.499972
vt 0.454481 0.498846
vt 0.459263 0.497524
vt 0.463363 0.496054
vt 0.466149 0.494722
vt 0.463363 0.496054
vt 0.459262 0.497524
vt 0.454481 0.498846
vt 0.449190 0.499972
vt 0.497912 0.483046
vt 0.493727 0.484629
vt 0.489984 0.486489
vt 0.487501 0.488110
vt 0.471907 0.481658
vt 0.469953 0.461505
vt 0.468352 0.441301
vt 0.449013 0.750000
vt 0.482016 0.748959
vt 0.482016 0.677063
vt 0.482016 0.501260
vt 0.437500 0.000000
vt 0.445704 0.881363
vt 0.437500 0.882113
vt 0.467704 0.939336
vt 0.482101 0.961313
vt 0.437500 1.000000
vt 0.437500 0.963780
vt 0.470294 0.920959
vt 0.492041 0.878668
vt 0.429274 0.974432
vt 0.375000 0.875000
vt 0.395780 0.884201
vt 0.389596 0.929416
vt 0.384824 0.976726
vt 0.405762 0.978126
vt 0.375000 0.000000
vt 0.412487 0.500000
vt 0.412487 0.500000
vt 0.412487 0.750000
vt 0.381683 0.750000
vt 0.379349 0.500000
vt 0.383731 0.500000
vt 0.383731 0.750000
vt 0.413679 0.491882
vt 0.413380 0.492021
vt 0.383205 0.499945
vt 0.396846 0.473107
vt 0.400911 0.473529
vt 0.392058 0.486737
vt 0.408457 0.494862
vt 0.407654 0.496325
vt 0.408080 0.497700
vt 0.409703 0.498938
vt 0.412454 0.499993
vt 0.395780 0.365799
vt 0.375000 0.375000
vt 0.429274 0.275568
vt 0.405762 0.271874
vt 0.384824 0.273274
vt 0.389596 0.320584
vt 0.425272 0.845404
vt 0.431648 0.843378
vt 0.375000 0.843378
vt 0.422761 0.843378
vt 0.398027 0.811757
vt 0.375000 0.811757
vt 0.375000 0.780878
vt 0.407457 0.775793
vt 0.377448 0.778902
vt 0.391310 0.802910
vt 0.431648 0.406622
vt 0.375000 0.406622
vt 0.422761 0.406622
vt 0.398027 0.438243
vt 0.375000 0.438243
vt 0.425272 0.404596
vt 0.746332 0.500000
vt 0.746332 0.750000
vt 0.481634 0.884739
vt 0.477025 0.886873
vt 0.467506 0.891930
vt 0.459669 0.896828
vt 0.454158 0.901345
vt 0.451569 0.905273
vt 0.452371 0.908424
vt 0.456827 0.910650
vt 0.464901 0.911853
vt 0.476193 0.911995
vt 0.375000 0.905770
vt 0.389842 0.903919
vt 0.399641 0.902572
vt 0.465154 0.893400
vt 0.375000 0.778793
vt 0.378968 0.778066
vt 0.385087 0.777019
vt 0.378968 0.778066
vt 0.394112 0.784425
vt 0.400995 0.783469
vt 0.394112 0.784425
vt 0.375679 0.787150
vt 0.375000 0.787308
vt 0.375679 0.787150
vt 0.581122 0.877809
vt 0.625000 0.871332
vt 0.489921 0.911103
vt 0.505010 0.909264
vt 0.520292 0.906604
vt 0.534734 0.903266
vt 0.547587 0.899397
vt 0.558414 0.895142
vt 0.567029 0.890641
vt 0.573410 0.886038
vt 0.577631 0.881480
vt 0.579333 0.878070
vt 0.509868 0.872850
vt 0.498698 0.877139
vt 0.487604 0.881874
vt 0.520788 0.869164
vt 0.434102 0.750000
vt 0.434102 0.750000
vt 0.433230 0.750357
vt 0.432441 0.750679
vt 0.431893 0.751038
vt 0.428992 0.752937
vt 0.426577 0.755579
vt 0.425795 0.757345
vt 0.427547 0.754518
vt 0.427547 0.754518
vt 0.431836 0.770704
vt 0.436235 0.773276
vt 0.432788 0.771261
vt 0.431836 0.770704
vt 0.431704 0.770591
vt 0.428466 0.767824
vt 0.441514 0.775439
vt 0.443556 0.776011
vt 0.446092 0.776721
vt 0.447480 0.777109
vt 0.452756 0.778024
vt 0.453901 0.778222
vt 0.456561 0.778429
vt 0.453901 0.778222
vt 0.531222 0.866205
vt 0.525041 0.867958
vt 0.558676 0.758237
vt 0.503507 0.786527
vt 0.522535 0.806802
vt 0.485649 0.851835
vt 0.485649 0.851835
vt 0.598095 0.750000
vt 0.465872 0.778655
vt 0.467045 0.778636
vt 0.346207 0.500000
vt 0.346207 0.750000
vt 0.346207 0.500000
vt 0.337692 0.750000
vt 0.337692 0.500000
vt 0.337692 0.750000
vt 0.219230 0.750000
vt 0.219229 0.500000
vt 0.434102 0.653907
vt 0.598095 0.500000
vt 0.581794 0.371199
vt 0.580137 0.370912
vt 0.578461 0.367477
vt 0.574262 0.362887
vt 0.567884 0.358253
vt 0.559250 0.353722
vt 0.548374 0.349440
vt 0.535437 0.345549
vt 0.520875 0.342192
vt 0.505445 0.339518
vt 0.490193 0.337670
vt 0.476309 0.336777
vt 0.464887 0.336924
vt 0.625000 0.378668
vt 0.623360 0.378398
vt 0.487743 0.367114
vt 0.498905 0.371879
vt 0.505749 0.374508
vt 0.498905 0.371879
vt 0.487743 0.367114
vt 0.402266 0.482986
vt 0.403881 0.480826
vt 0.403280 0.478629
vt 0.400348 0.476465
vt 0.396295 0.474900
vt 0.486555 0.397447
vt 0.521957 0.442674
vt 0.503441 0.463166
vt 0.558472 0.491675
vt 0.598095 0.500000
vt 0.598095 0.500000
vt 0.521957 0.442674
vt 0.486555 0.397447
vt 0.467545 0.471182
vt 0.466176 0.471163
vt 0.465784 0.471158
vt 0.485726 0.492105
vt 0.482006 0.494975
vt 0.480959 0.495556
vt 0.489892 0.485914
vt 0.488390 0.489045
vt 0.483964 0.493464
vt 0.485726 0.492105
vt 0.488390 0.489045
vt 0.488714 0.479383
vt 0.486906 0.477259
vt 0.483459 0.474984
vt 0.478947 0.473168
vt 0.473563 0.471883
vt 0.456724 0.338138
vt 0.452223 0.340383
vt 0.451416 0.343558
vt 0.454034 0.347513
vt 0.459597 0.352061
vt 0.467500 0.356992
vt 0.477092 0.362082
vt 0.477092 0.362082
vt 0.467500 0.356992
vt 0.465128 0.355512
vt 0.375000 0.344230
vt 0.393544 0.474265
vt 0.378595 0.471692
vt 0.375000 0.471207
vt 0.400464 0.466224
vt 0.375000 0.462692
vt 0.375000 0.462692
vt 0.400464 0.466224
vt 0.385359 0.868402
vt 0.375000 0.874839
vt 0.250161 0.750000
vt 0.255913 0.500000
vt 0.375000 0.380913
vt 0.375000 0.879457
vt 0.387811 0.875904
vt 0.391204 0.886287
vt 0.390577 0.886436
vt 0.389380 0.892148
vt 0.244529 0.500000
vt 0.245543 0.750000
vt 0.375000 0.369529
vt 0.778448 0.500000
vt 0.770645 0.750000
vt 0.697822 0.750000
vt 0.701724 0.500000
vt 0.412454 0.750007
vt 0.409703 0.751062
vt 0.408080 0.752300
vt 0.407654 0.753675
vt 0.408457 0.755138
vt 0.410480 0.756635
vt 0.413680 0.758118
vt 0.417982 0.759539
vt 0.423285 0.760857
vt 0.429436 0.762030
vt 0.436187 0.763012
vt 0.427044 0.773764
vt 0.375000 0.469122
vt 0.391310 0.447090
vt 0.377448 0.471098
s 0
usemtl Material.001
f 1/1/1 9/2/1 11/3/1 3/4/1
f 4/5/2 3/4/2 11/6/2 8/7/2
f 64/8/3 62/9/3 25/10/3 24/11/3 26/12/3 47/13/3 48/14/3 46/15/3 42/16/3 43/17/3 44/18/3 45/19/3 49/20/3 50/21/3 18/22/3 10/23/3 8/24/3 16/25/3 63/26/3 65/27/3 67/28/3 66/29/3 70/30/3 72/31/3 71/32/3 69/33/3 68/34/3
f 2/35/4 1/1/4 3/4/4 4/5/4
f 18/36/5 17/37/5 9/38/5 10/39/5
f 13/40/6 15/41/6 5/42/6 7/43/6
f 10/39/7 9/38/7 1/1/7 2/35/7
f 8/24/8 10/23/8 2/35/8 4/5/8
f 14/44/9 13/45/9 7/46/9 6/47/9
f 22/48/10 21/49/10 13/45/10 14/44/10
f 21/50/11 23/51/11 15/41/11 13/40/11
f 6/52/12 5/53/12 15/54/12 12/55/12
f 6/56/13 12/57/13 14/58/13
f 59/59/14 54/60/14 53/61/14 57/62/14 55/63/14 56/64/14 51/65/14 52/66/14 58/67/14 29/68/14 28/69/14 27/70/14 73/71/14 75/72/14 79/73/14 80/74/14 81/75/14 78/76/14 77/77/14 74/78/14 76/79/14 19/80/14 11/3/14 9/2/14 17/81/14
f 8/7/15 11/6/15 19/82/15 16/83/15
f 20/84/16 23/85/16 17/37/16 18/36/16
f 47/13/17 26/12/17 32/86/17 31/87/17 30/88/17 33/89/17 35/90/17 34/91/17 25/10/17 62/9/17 82/92/17 63/26/17 16/25/17 22/93/17 20/94/17 18/22/17 50/21/17 60/95/17
f 12/57/18 20/94/18 22/93/18 14/58/18
f 12/55/19 15/54/19 23/85/19 20/84/19
f 27/70/20 40/96/20 41/97/20 39/98/20 36/99/20 37/100/20 38/101/20 29/68/20 58/67/20 61/102/20 59/59/20 17/81/20 23/51/20 21/50/20 19/80/20 76/79/20 83/103/20 73/71/20
f 16/83/21 19/82/21 21/49/21 22/48/21
f 40/104/22 34/104/22 35/104/22 41/104/22
f 37/104/23 31/104/23 32/104/23 38/104/23
f 32/104/24 26/104/24 24/104/24 28/104/24 29/104/24 38/104/24
f 25/104/25 34/104/25 40/104/25 27/104/25 28/104/25 24/104/25
f 39/104/26 33/104/26 30/104/26 31/104/26 37/104/26 36/104/26
f 41/104/27 35/104/27 33/104/27 39/104/27
f 51/104/28 56/104/28 42/104/28 46/104/28 48/104/28
f 57/104/29 53/104/29 49/104/29 45/104/29 44/104/29
f 44/104/30 43/104/30 55/104/30 57/104/30
f 43/104/31 42/104/31 56/104/31 55/104/31
f 60/104/32 50/104/32 49/104/32 53/104/32 54/104/32 59/104/32 61/104/32
f 52/104/33 51/104/33 48/104/33 47/104/33 60/104/33 61/104/33 58/104/33
f 77/104/34 67/104/34 65/104/34 74/104/34
f 75/104/35 64/104/35 68/104/35 69/104/35 80/104/35 79/104/35
f 69/104/36 71/104/36 72/104/36 81/104/36 80/104/36
f 72/104/37 70/104/37 66/104/37 67/104/37 77/104/37 78/104/37 81/104/37
f 62/104/38 64/104/38 75/104/38 73/104/38 83/104/38 82/104/38
f 74/104/39 65/104/39 63/104/39 82/104/39 83/104/39 76/104/39
usemtl 
f 84/104/40 97/104/40 96/104/40
f 85/104/41 97/104/41 99/104/41
f 84/104/42 96/104/42 101/104/42
f 84/104/43 101/104/43 103/104/43
f 84/104/44 103/104/44 100/104/44
f 85/104/45 99/104/45 106/104/45
f 86/104/46 98/104/46 108/104/46
f 87/104/47 102/104/47 110/104/47
f 88/104/48 104/104/48 112/104/48
f 89/104/49 105/104/49 114/104/49
f 85/104/50 106/104/50 109/104/50
f 86/104/51 108/104/51 111/104/51
f 87/104/52 110/104/52 113/104/52
f 88/104/53 112/104/53 115/104/53
f 89/104/54 114/104/54 107/104/54
f 90/104/55 116/104/55 121/104/55
f 91/104/56 117/104/56 123/104/56
f 92/104/57 118/104/57 124/104/57
f 93/104/58 119/104/58 125/104/58
f 94/104/59 120/104/59 122/104/59
f 122/104/60 125/104/60 95/104/60
f 122/104/61 120/104/61 125/104/61
f 120/104/62 93/104/62 125/104/62
f 125/104/63 124/104/63 95/104/63
f 125/104/64 119/104/64 124/104/64
f 119/104/65 92/104/65 124/104/65
f 124/104/66 123/104/66 95/104/66
f 124/104/67 118/104/67 123/104/67
f 118/104/68 91/104/68 123/104/68
f 123/104/69 121/104/69 95/104/69
f 123/104/70 117/104/70 121/104/70
f 117/104/71 90/104/71 121/104/71
f 121/104/72 122/104/72 95/104/72
f 121/104/73 116/104/73 122/104/73
f 116/104/74 94/104/74 122/104/74
f 107/104/75 120/104/75 94/104/75
f 107/104/76 114/104/76 120/104/76
f 114/104/77 93/104/77 120/104/77
f 115/104/78 119/104/78 93/104/78
f 115/104/79 112/104/79 119/104/79
f 112/104/80 92/104/80 119/104/80
f 113/104/81 118/104/81 92/104/81
f 113/104/82 110/104/82 118/104/82
f 110/104/83 91/104/83 118/104/83
f 111/104/84 117/104/84 91/104/84
f 111/104/85 108/104/85 117/104/85
f 108/104/86 90/104/86 117/104/86
f 109/104/87 116/104/87 90/104/87
f 109/104/88 106/104/88 116/104/88
f 106/104/89 94/104/89 116/104/89
f 114/104/90 115/104/90 93/104/90
f 114/104/91 105/104/91 115/104/91
f 105/104/92 88/104/92 115/104/92
f 112/104/93 113/104/93 92/104/93
f 112/104/94 104/104/94 113/104/94
f 104/104/95 87/104/95 113/104/95
f 110/104/96 111/104/96 91/104/96
f 110/104/97 102/104/97 111/104/97
f 102/104/98 86/104/98 111/104/98
f 108/104/99 109/104/99 90/104/99
f 108/104/100 98/104/100 109/104/100
f 98/104/101 85/104/101 109/104/101
f 106/104/102 107/104/102 94/104/102
f 106/104/103 99/104/103 107/104/103
f 99/104/104 89/104/104 107/104/104
f 100/104/105 105/104/105 89/104/105
f 100/104/106 103/104/106 105/104/106
f 103/104/107 88/104/107 105/104/107
f 103/104/108 104/104/108 88/104/108
f 103/104/109 101/104/109 104/104/109
f 101/104/110 87/104/110 104/104/110
f 101/104/111 102/104/111 87/104/111
f 101/104/112 96/104/112 102/104/112
f 96/104/113 86/104/113 102/104/113
f 99/104/114 100/104/114 89/104/114
f 99/104/115 97/104/115 100/104/115
f 97/104/116 84/104/116 100/104/116
f 96/104/117 98/104/117 86/104/117
f 96/104/118 97/104/118 98/104/118
f 97/104/119 85/104/119 98/104/119
f 126/104/120 127/104/120 129/104/120 128/104/120
f 128/104/121 129/104/121 131/104/121 130/104/121
f 130/104/122 131/104/122 133/104/122 132/104/122
f 132/104/123 133/104/123 135/104/123 134/104/123
f 134/104/124 135/104/124 137/104/124 136/104/124
f 136/104/125 137/104/125 139/104/125 138/104/125
f 138/104/126 139/104/126 141/104/126 140/104/126
f 140/104/127 141/104/127 143/104/127 142/104/127
f 142/104/128 143/104/128 145/104/128 144/104/128
f 144/104/129 145/104/129 147/104/129 146/104/129
f 146/104/130 147/104/130 149/104/130 148/104/130
f 148/104/131 149/104/131 151/104/131 150/104/131
f 150/104/132 151/104/132 153/104/132 152/104/132
f 152/104/133 153/104/133 155/104/133 154/104/133
f 154/104/134 155/104/134 157/104/134 156/104/134
f 156/104/135 157/104/135 159/104/135 158/104/135
f 158/104/136 159/104/136 161/104/136 160/104/136
f 160/104/137 161/104/137 163/104/137 162/104/137
f 162/104/138 163/104/138 165/104/138 164/104/138
f 164/104/139 165/104/139 167/104/139 166/104/139
f 166/104/140 167/104/140 169/104/140 168/104/140
f 168/104/141 169/104/141 171/104/141 170/104/141
f 170/104/142 171/104/142 173/104/142 172/104/142
f 172/104/143 173/104/143 175/104/143 174/104/143
f 174/104/144 175/104/144 177/104/144 176/104/144
f 176/104/145 177/104/145 179/104/145 178/104/145
f 178/104/146 179/104/146 181/104/146 180/104/146
f 180/104/147 181/104/147 183/104/147 182/104/147
f 182/104/148 183/104/148 185/104/148 184/104/148
f 184/104/149 185/104/149 187/104/149 186/104/149
f 129/104/150 127/104/150 189/104/150 187/104/150 185/104/150 183/104/150 181/104/150 179/104/150 177/104/150 175/104/150 173/104/150 171/104/150 169/104/150 167/104/150 165/104/150 163/104/150 161/104/150 159/104/150 157/104/150 155/104/150 153/104/150 151/104/150 149/104/150 147/104/150 145/104/150 143/104/150 141/104/150 139/104/150 137/104/150 135/104/150 133/104/150 131/104/150
f 186/104/151 187/104/151 189/104/151 188/104/151
f 188/104/152 189/104/152 127/104/152 126/104/152
f 126/104/4 128/104/4 130/104/4 132/104/4 134/104/4 136/104/4 138/104/4 140/104/4 142/104/4 144/104/4 146/104/4 148/104/4 150/104/4 152/104/4 154/104/4 156/104/4 158/104/4 160/104/4 162/104/4 164/104/4 166/104/4 168/104/4 170/104/4 172/104/4 174/104/4 176/104/4 178/104/4 180/104/4 182/104/4 184/104/4 186/104/4 188/104/4
f 190/104/8 191/104/8 193/104/8 192/104/8
f 192/104/153 193/104/153 197/104/153 196/104/153
f 196/104/1 197/104/1 195/104/1 194/104/1
f 194/104/154 195/104/154 191/104/154 190/104/154
f 192/104/4 196/104/4 194/104/4 190/104/4
f 197/104/150 193/104/150 191/104/150 195/104/150
f 1185/104/184 1186/104/184 1188/104/184 1187/104/184
f 1187/104/185 1188/104/185 1190/104/185 1189/104/185
f 1189/104/186 1190/104/186 1192/104/186 1191/104/186
f 1191/104/187 1192/104/187 1194/104/187 1193/104/187
f 1193/104/188 1194/104/188 1196/104/188 1195/104/188
f 1195/104/189 1196/104/189 1198/104/189 1197/104/189
f 1197/104/190 1198/104/190 1200/104/190 1199/104/190
f 1199/104/192 1200/104/192 1202/104/192 1201/104/192
f 1201/104/193 1202/104/193 1204/104/193 1203/104/193
f 1203/104/195 1204/104/195 1206/104/195 1205/104/195
f 1205/104/364 1206/104/364 1208/104/364 1207/104/364
f 1207/104/366 1208/104/366 1210/104/366 1209/104/366
f 1209/104/367 1210/104/367 1212/104/367 1211/104/367
f 1211/104/368 1212/104/368 1214/104/368 1213/104/368
f 1213/104/196 1214/104/196 1216/104/196 1215/104/196
f 1215/104/198 1216/104/198 1218/104/198 1217/104/198
f 1217/104/350 1218/104/350 1220/104/350 1219/104/350
f 1219/104/351 1220/104/351 1222/104/351 1221/104/351
f 1221/104/352 1222/104/352 1224/104/352 1223/104/352
f 1223/104/353 1224/104/353 1226/104/353 1225/104/353
f 1225/104/170 1226/104/170 1228/104/170 1227/104/170
f 1227/104/172 1228/104/172 1230/104/172 1229/104/172
f 1229/104/174 1230/104/174 1232/104/174 1231/104/174
f 1231/104/175 1232/104/175 1234/104/175 1233/104/175
f 1233/104/176 1234/104/176 1236/104/176 1235/104/176
f 1235/104/177 1236/104/177 1238/104/177 1237/104/177
f 1237/104/178 1238/104/178 1240/104/178 1239/104/178
f 1239/104/179 1240/104/179 1242/104/179 1241/104/179
f 1241/104/180 1242/104/180 1244/104/180 1243/104/180
f 1243/104/181 1244/104/181 1246/104/181 1245/104/181
f 1188/104/1 1186/104/1 1248/104/1 1246/104/1 1244/104/1 1242/104/1 1240/104/1 1238/104/1 1236/104/1 1234/104/1 1232/104/1 1230/104/1 1228/104/1 1226/104/1 1224/104/1 1222/104/1 1220/104/1 1218/104/1 1216/104/1 1214/104/1 1212/104/1 1210/104/1 1208/104/1 1206/104/1 1204/104/1 1202/104/1 1200/104/1 1198/104/1 1196/104/1 1194/104/1 1192/104/1 1190/104/1
f 1245/104/182 1246/104/182 1248/104/182 1247/104/182
f 1247/104/183 1248/104/183 1186/104/183 1185/104/183
f 1185/104/8 1187/104/8 1189/104/8 1191/104/8 1193/104/8 1195/104/8 1197/104/8 1199/104/8 1201/104/8 1203/104/8 1205/104/8 1207/104/8 1209/104/8 1211/104/8 1213/104/8 1215/104/8 1217/104/8 1219/104/8 1221/104/8 1223/104/8 1225/104/8 1227/104/8 1229/104/8 1231/104/8 1233/104/8 1235/104/8 1237/104/8 1239/104/8 1241/104/8 1243/104/8 1245/104/8 1247/104/8
f 2236/104/184 2237/104/184 2239/104/184 2238/104/184
f 2238/104/185 2239/104/185 2241/104/185 2240/104/185
f 2240/104/186 2241/104/186 2243/104/186 2242/104/186
f 2242/104/187 2243/104/187 2245/104/187 2244/104/187
f 2244/104/188 2245/104/188 2247/104/188 2246/104/188
f 2246/104/189 2247/104/189 2249/104/189 2248/104/189
f 2248/104/190 2249/104/190 2251/104/190 2250/104/190
f 2250/104/192 2251/104/192 2253/104/192 2252/104/192
f 2252/104/193 2253/104/193 2255/104/193 2254/104/193
f 2254/104/195 2255/104/195 2257/104/195 2256/104/195
f 2256/104/364 2257/104/364 2259/104/364 2258/104/364
f 2258/104/366 2259/104/366 2261/104/366 2260/104/366
f 2260/104/367 2261/104/367 2263/104/367 2262/104/367
f 2262/104/368 2263/104/368 2265/104/368 2264/104/368
f 2264/104/196 2265/104/196 2267/104/196 2266/104/196
f 2266/104/198 2267/104/198 2269/104/198 2268/104/198
f 2268/104/350 2269/104/350 2271/104/350 2270/104/350
f 2270/104/351 2271/104/351 2273/104/351 2272/104/351
f 2272/104/352 2273/104/352 2275/104/352 2274/104/352
f 2274/104/353 2275/104/353 2277/104/353 2276/104/353
f 2276/104/170 2277/104/170 2279/104/170 2278/104/170
f 2278/104/172 2279/104/172 2281/104/172 2280/104/172
f 2280/104/174 2281/104/174 2283/104/174 2282/104/174
f 2282/104/175 2283/104/175 2285/104/175 2284/104/175
f 2284/104/176 2285/104/176 2287/104/176 2286/104/176
f 2286/104/177 2287/104/177 2289/104/177 2288/104/177
f 2288/104/178 2289/104/178 2291/104/178 2290/104/178
f 2290/104/179 2291/104/179 2293/104/179 2292/104/179
f 2292/104/180 2293/104/180 2295/104/180 2294/104/180
f 2294/104/181 2295/104/181 2297/104/181 2296/104/181
f 2239/104/1 2237/104/1 2299/104/1 2297/104/1 2295/104/1 2293/104/1 2291/104/1 2289/104/1 2287/104/1 2285/104/1 2283/104/1 2281/104/1 2279/104/1 2277/104/1 2275/104/1 2273/104/1 2271/104/1 2269/104/1 2267/104/1 2265/104/1 2263/104/1 2261/104/1 2259/104/1 2257/104/1 2255/104/1 2253/104/1 2251/104/1 2249/104/1 2247/104/1 2245/104/1 2243/104/1 2241/104/1
f 2296/104/182 2297/104/182 2299/104/182 2298/104/182
f 2298/104/183 2299/104/183 2237/104/183 2236/104/183
f 2236/104/8 2238/104/8 2240/104/8 2242/104/8 2244/104/8 2246/104/8 2248/104/8 2250/104/8 2252/104/8 2254/104/8 2256/104/8 2258/104/8 2260/104/8 2262/104/8 2264/104/8 2266/104/8 2268/104/8 2270/104/8 2272/104/8 2274/104/8 2276/104/8 2278/104/8 2280/104/8 2282/104/8 2284/104/8 2286/104/8 2288/104/8 2290/104/8 2292/104/8 2294/104/8 2296/104/8 2298/104/8
usemtl Material.005
f 951/105/150 651/106/150 214/42/150 747/42/150 750/107/150 746/108/150 748/109/150 751/110/150 752/111/150 749/112/150 652/113/150 950/114/150 953/115/150 954/116/150 952/117/150 949/118/150
f 953/115/150 950/114/150 951/105/150 949/118/150 952/117/150 954/116/150
f 955/119/155 653/120/155 961/121/155 956/122/155
f 959/123/150 958/124/150 650/125/150 955/119/150 957/126/150
f 960/127/156 961/121/156 653/120/156 1174/128/156 1175/129/156 650/125/156 958/124/156
f 897/130/8 290/130/8 285/131/8 303/132/8 301/133/8 263/134/8 255/135/8 299/136/8 243/137/8 962/138/8 201/139/8 407/140/8 403/141/8 398/142/8 753/143/8 800/144/8 1167/145/8 1132/146/8 1134/147/8 873/148/8 895/131/8
f 400/149/8 407/140/8 201/139/8 962/138/8 247/150/8 249/151/8 755/152/8 754/153/8 397/154/8 399/155/8
f 885/156/8 884/157/8 925/158/8
f 884/157/8 883/159/8 926/160/8
f 883/159/8 882/161/8 927/162/8
f 882/161/8 881/163/8 928/164/8
f 928/164/8 881/163/8 924/165/8 923/166/8 880/167/8 879/168/8 876/169/8 877/170/8 886/171/8 885/156/8 925/158/8 884/157/8 926/160/8 883/159/8 927/162/8 882/161/8
f 923/166/8 924/165/8 881/163/8 880/167/8
f 879/168/8 208/172/8 876/169/8
f 760/173/157 756/174/157 757/174/157 421/173/157 759/175/157
f 632/176/158 634/177/158 630/178/158 792/179/158 891/180/158 408/180/158 394/181/158 894/176/158 393/176/158 893/182/158 395/182/158 892/182/158 392/183/158 390/184/158 856/184/158 640/182/158
f 765/185/159 425/186/159 428/187/159 429/188/159 432/189/159 434/190/159 455/191/159 439/192/159 445/193/159 440/194/159 443/195/159 458/196/159 454/197/159 450/198/159 771/199/159 772/200/159 773/197/159 775/196/159 770/201/159 782/194/159 783/193/159 785/192/159 764/191/159 763/190/159 762/189/159 761/188/159 768/187/159 767/186/159
f 765/185/1 766/185/1 425/186/1
f 784/202/160 726/203/160 720/204/160 758/204/160 769/203/160 781/202/160
f 232/205/161 779/206/161 780/205/161 774/207/161
f 910/208/162 811/208/162 242/209/162 307/210/162 260/211/162 266/212/162 305/213/162 297/214/162 905/215/162 904/213/162 906/212/162 907/211/162 908/210/162 909/209/162
f 778/216/150 777/217/150 451/218/150 776/219/150
f 738/220/8 846/220/8 551/221/8 839/221/8
f 794/222/8 723/223/8 921/224/8
f 894/176/8 394/181/8 796/225/8 795/226/8 941/176/8
f 408/180/1 891/180/1 912/180/1
f 792/179/8 796/225/8 394/181/8 408/180/8 912/180/8 891/180/8
f 945/227/8 946/228/8 944/229/8 916/230/8 915/231/8 933/232/8 932/233/8 947/234/8 942/235/8
f 868/236/8 725/237/8 864/237/8 254/238/8 915/231/8 916/230/8
f 719/239/8 869/239/8 948/239/8
f 395/182/8 893/182/8 913/240/8 393/176/8 894/176/8 941/176/8 795/226/8 794/222/8 921/224/8 723/223/8 719/239/8 948/239/8 869/239/8 868/236/8 916/230/8 944/229/8 946/228/8 945/227/8 942/235/8 947/234/8 932/233/8 392/183/8 892/182/8 943/182/8
f 892/182/1 395/182/1 943/182/1
f 893/182/8 393/176/8 913/240/8
f 878/241/8 559/242/8 850/243/8
f 845/220/1 846/220/1 738/220/1
f 839/221/8 840/244/8 738/220/8
f 933/232/8 254/238/8 935/245/8
f 915/231/8 254/238/8 933/232/8
f 635/184/8 856/184/8 390/184/8 940/246/8
f 547/247/8 937/247/8 939/247/8 934/248/8
f 914/249/8 638/250/8 861/251/8 918/252/8 919/253/8 874/254/8 356/255/8 851/256/8
f 938/247/8 936/247/8 920/257/8 917/258/8 918/252/8 861/251/8 635/184/8 940/246/8 390/184/8 392/183/8 932/233/8 933/232/8 935/245/8 254/238/8 736/259/8 547/247/8 934/248/8 939/247/8
f 851/256/8 638/250/8 914/249/8
f 918/252/8 917/258/8 920/257/8 919/253/8
f 937/247/1 936/247/1 938/247/1 939/247/1
f 744/260/8 745/247/8 848/247/8 543/261/8 579/262/8 578/263/8 575/264/8 577/265/8 576/266/8 582/267/8 585/268/8 584/269/8 580/270/8 545/271/8 554/272/8 553/273/8 604/274/8 605/275/8 610/276/8 608/277/8 601/278/8 603/279/8 602/280/8 600/281/8 875/282/8 877/170/8 210/5/8 207/4/8 1176/283/8 1172/284/8 1174/285/8 653/286/8 686/287/8 683/288/8 682/289/8 667/290/8 669/291/8 672/292/8 665/293/8 664/294/8 676/295/8 674/296/8 659/297/8 662/298/8 658/299/8 656/300/8 680/301/8 678/302/8 652/303/8 749/304/8 872/305/8 241/306/8
f 748/307/8 746/308/8 786/309/8
f 275/310/8 290/130/8 897/130/8 896/130/8 898/310/8
f 241/306/8 874/254/8 919/253/8
f 937/247/8 547/247/8 848/247/8 745/247/8 744/260/8 241/306/8 919/253/8 920/257/8 936/247/8
f 930/311/8 887/312/8 886/171/8 877/170/8 875/282/8 1137/313/8 1138/314/8 888/315/8 929/316/8
f 888/315/8 887/312/8 930/311/8 929/316/8
f 875/282/8 600/281/8 604/274/8 553/273/8 843/317/8
f 905/215/163 297/214/163 292/318/163 282/319/163 272/320/163 268/321/163 275/310/163 898/310/163 899/321/163 900/320/163 901/319/163 902/318/163 903/215/163
f 963/322/8 964/323/8 557/324/8 559/242/8 878/241/8 890/325/8
f 964/323/8 963/322/8 922/326/8 931/327/8 889/328/8 1139/329/8 1140/330/8 1137/313/8 875/282/8 843/317/8
f 890/325/8 965/331/8 963/322/8
f 965/331/8 889/328/8 931/327/8 922/326/8 963/322/8
f 579/262/8 543/261/8 545/271/8 580/270/8
f 747/332/153 214/53/153 642/333/153 788/333/153 789/334/153 787/335/153
f 630/336/164 641/337/164 731/338/164 793/338/164 790/339/164 791/337/164 792/336/164
f 720/340/1 730/341/1 219/52/1 797/52/1 1178/342/1 798/341/1 758/343/1
f 219/344/4 1166/345/4 1167/346/4 800/347/4 799/348/4 797/344/4
f 204/35/154 199/1/154 207/4/154 210/5/154
f 733/349/1 731/338/1 641/337/1 644/350/1 643/351/1 649/352/1 647/353/1 648/354/1 646/355/1 645/356/1 642/333/1 214/53/1 565/357/1 568/358/1 566/359/1 574/360/1 389/361/1 365/362/1 325/363/1 320/364/1 326/365/1 319/366/1 331/367/1 317/368/1 316/369/1 315/370/1 312/371/1 337/372/1 332/373/1 334/374/1 344/375/1 341/376/1 359/377/1 462/378/1 464/379/1 521/380/1 510/381/1 507/382/1 501/383/1 505/384/1 513/385/1 517/386/1 497/387/1 499/388/1 492/389/1 494/390/1 523/391/1 490/392/1 487/393/1 486/394/1 482/395/1 481/396/1 477/397/1 475/398/1 469/399/1 466/400/1 472/401/1 479/402/1 460/403/1 219/52/1 730/341/1 737/404/1 741/405/1 739/406/1 735/407/1
f 802/408/1 801/409/1 967/410/1 966/411/1
f 573/412/1 966/411/1 967/410/1
f 801/409/1 802/408/1 571/413/1 621/414/1 619/415/1
f 560/416/165 565/357/165 911/357/165 742/417/165
f 743/357/1 911/357/1 565/357/1 214/53/1 651/418/1 710/419/1 711/420/1 687/421/1 690/422/1 695/423/1 693/424/1 692/425/1 708/426/1 698/427/1 699/428/1 706/429/1 704/430/1 702/431/1 713/432/1 715/433/1 716/434/1 650/435/1 1175/436/1 1173/437/1 1177/438/1 199/1/1 204/35/1 803/439/1 801/409/1 619/415/1 617/440/1 611/441/1 614/442/1 615/443/1 627/444/1 625/445/1 623/446/1 621/414/1 571/413/1 572/447/1 563/448/1 595/449/1 598/450/1 599/451/1 597/452/1 591/453/1 588/454/1 586/455/1 592/456/1 593/457/1 560/416/1 742/417/1 245/458/1
f 1141/459/1 968/460/1 1145/461/1
f 1146/462/1 1144/463/1 967/410/1 801/409/1 803/439/1 1143/464/1 1142/465/1 1147/466/1
f 968/460/1 375/467/1 370/468/1 366/469/1 372/470/1 376/471/1 388/472/1 389/361/1 574/360/1 573/412/1 967/410/1 1144/463/1 1148/473/1 1145/461/1
f 245/458/1 742/417/1 911/357/1 743/357/1
f 595/449/1 563/448/1 560/416/1 593/457/1
f 462/378/1 359/377/1 358/474/1 347/475/1 364/476/1 198/477/1 539/478/1 541/479/1 537/480/1 535/481/1 531/482/1 527/483/1
f 364/476/1 347/475/1 355/484/1 350/485/1 349/486/1 1151/487/1 1150/488/1 1166/489/1 219/52/1 460/403/1 525/490/1 533/491/1 539/478/1 198/477/1
f 391/492/1 379/493/1 385/494/1 386/495/1 424/496/1 968/460/1 1141/459/1 1154/497/1 1151/487/1 349/486/1
f 803/439/1 200/498/1 1164/499/1 1171/500/1 1149/501/1 1152/502/1 1153/503/1 1143/464/1
f 424/496/1 386/495/1 375/467/1 968/460/1
f 804/104/166 334/104/166 332/104/166 805/104/166
f 806/104/167 344/104/167 334/104/167 804/104/167
f 807/104/168 341/104/168 344/104/168 806/104/168
f 808/104/169 359/104/169 341/104/169 807/104/169
f 755/104/170 249/104/170 971/104/170 970/104/170
f 969/104/171 449/104/171 358/104/171 359/104/171 808/104/171 809/104/171
f 969/104/170 970/104/170 971/104/170 449/104/170
f 249/104/172 247/104/172 972/104/172 971/104/172
f 974/104/173 973/104/173 347/104/173 358/104/173 449/104/173 975/104/173
f 975/104/172 449/104/172 971/104/172 972/104/172 973/104/172 974/104/172
f 977/104/174 978/104/174 976/104/174 962/104/174 243/104/174 355/104/174 347/104/174 973/104/174
f 972/104/174 247/104/174 962/104/174
f 978/104/174 977/104/174 973/104/174 972/104/174 962/104/174 976/104/174
f 355/104/175 243/104/175 299/104/175 350/104/175
f 350/104/176 299/104/176 255/104/176 349/104/176
f 349/104/177 255/104/177 263/104/177 391/104/177
f 301/104/178 379/104/178 391/104/178 263/104/178
f 303/104/179 385/104/179 379/104/179 301/104/179
f 285/104/180 386/104/180 385/104/180 303/104/180
f 290/104/181 375/104/181 386/104/181 285/104/181
f 983/104/182 984/104/182 370/104/182 375/104/182 290/104/182 275/104/182 982/104/182 979/104/182 981/104/182 980/104/182
f 983/104/182 980/104/182 981/104/182 979/104/182 982/104/182 984/104/182
f 987/104/183 982/104/183 275/104/183 268/104/183 985/104/183 986/104/183 988/104/183
f 989/104/183 366/104/183 370/104/183 984/104/183
f 987/104/183 988/104/183 986/104/183 985/104/183 989/104/183 984/104/183 982/104/183
f 992/104/184 985/104/184 268/104/184 272/104/184 990/104/184 994/104/184 993/104/184
f 991/104/184 372/104/184 366/104/184 989/104/184
f 990/104/184 991/104/184 989/104/184 985/104/184 992/104/184 993/104/184 994/104/184
f 282/104/185 380/104/185 995/104/185 990/104/185 272/104/185
f 380/104/185 376/104/185 372/104/185 991/104/185
f 991/104/185 990/104/185 995/104/185 380/104/185
f 380/104/186 282/104/186 292/104/186 377/104/186
f 377/104/186 388/104/186 376/104/186 380/104/186
f 389/104/187 388/104/187 377/104/187 292/104/187 297/104/187
f 1001/104/188 999/104/188 365/104/188 389/104/188 297/104/188 305/104/188 997/104/188 998/104/188 996/104/188 1000/104/188
f 1000/104/188 996/104/188 998/104/188 997/104/188 999/104/188 1001/104/188
f 1007/104/189 325/104/189 365/104/189 999/104/189
f 1003/104/189 1004/104/189 1002/104/189 1005/104/189 1006/104/189 1008/104/189 997/104/189 305/104/189 266/104/189
f 1004/104/189 1003/104/189 1007/104/189 999/104/189 997/104/189 1008/104/189 1006/104/189 1005/104/189 1002/104/189
f 320/104/190 325/104/190 1007/104/190 1012/104/190
f 1013/104/191 1014/104/191 1003/104/191 266/104/191 260/104/191 1011/104/191 1010/104/191 1009/104/191
f 1013/104/190 1009/104/190 1010/104/190 1011/104/190 1012/104/190 1007/104/190 1003/104/190 1014/104/190
f 326/104/192 320/104/192 1012/104/192 369/104/192
f 1011/104/192 260/104/192 307/104/192 369/104/192 1015/104/192
f 1012/104/192 1011/104/192 1015/104/192 369/104/192
f 1018/104/193 1017/104/193 1016/104/193 436/104/193 319/104/193 326/104/193 369/104/193 307/104/193 242/104/193 1019/104/193
f 436/104/194 1016/104/194 1017/104/194 1018/104/194 1019/104/194
f 331/104/195 319/104/195 436/104/195 1020/104/195 1021/104/195 1019/104/195 242/104/195 811/104/195 812/104/195 810/104/195
f 436/104/195 1019/104/195 1021/104/195 1020/104/195
f 813/104/1 317/104/1 331/104/1 810/104/1
f 815/104/1 814/104/1 316/104/1 317/104/1 813/104/1
f 816/104/1 315/104/1 316/104/1 814/104/1
f 817/104/154 312/104/154 315/104/154 816/104/154
f 1022/104/196 1026/104/196 1025/104/196 337/104/196 312/104/196 817/104/196 818/104/196
f 779/104/196 232/104/196 1024/104/196 1023/104/196
f 1026/104/196 1022/104/196 1023/104/196 1024/104/196 1025/104/196
f 332/104/197 337/104/197 1025/104/197 1028/104/197 819/104/197 805/104/197
f 232/104/198 774/104/198 1027/104/198 1024/104/198
f 1028/104/198 1025/104/198 1024/104/198 1027/104/198
f 820/104/199 472/104/199 466/104/199 821/104/199
f 822/104/200 479/104/200 472/104/200 820/104/200
f 460/104/201 479/104/201 822/104/201 823/104/201 525/104/201
f 398/104/202 533/104/202 525/104/202 823/104/202 824/104/202 753/104/202
f 533/104/203 398/104/203 403/104/203 539/104/203
f 539/104/204 403/104/204 407/104/204 541/104/204
f 541/104/205 407/104/205 400/104/205 537/104/205
f 399/104/206 535/104/206 537/104/206 400/104/206
f 535/104/207 399/104/207 397/104/207 531/104/207
f 527/104/208 531/104/208 397/104/208 754/104/208 825/104/208 826/104/208
f 462/104/209 527/104/209 826/104/209 827/104/209 464/104/209
f 521/104/210 464/104/210 827/104/210 828/104/210
f 829/104/211 510/104/211 521/104/211 828/104/211
f 451/104/212 507/104/212 510/104/212 829/104/212 830/104/212 776/104/212
f 501/104/213 507/104/213 451/104/213 777/104/213 831/104/213 832/104/213
f 1030/104/214 1033/104/214 505/104/214 501/104/214 832/104/214 833/104/214
f 1032/104/214 1029/104/214 771/104/214 450/104/214 1031/104/214
f 1033/104/214 1030/104/214 1029/104/214 1032/104/214 1031/104/214
f 1036/104/215 513/104/215 505/104/215 1033/104/215
f 1034/104/215 1035/104/215 1031/104/215 450/104/215 454/104/215
f 1036/104/215 1033/104/215 1031/104/215 1035/104/215 1034/104/215
f 1037/104/216 1038/104/216 1034/104/216 454/104/216 458/104/216
f 1039/104/216 517/104/216 513/104/216 1036/104/216
f 1039/104/217 1036/104/217 1034/104/217 1038/104/217 1037/104/217
f 1041/104/218 1046/104/218 1037/104/218 458/104/218 443/104/218 1044/104/218 1043/104/218 1042/104/218
f 497/104/218 517/104/218 1039/104/218 1045/104/218 1040/104/218
f 1043/104/218 1044/104/218 1040/104/218 1045/104/218 1039/104/218 1037/104/218 1046/104/218 1041/104/218 1042/104/218
f 1047/104/219 1044/104/219 443/104/219 440/104/219 1049/104/219 1048/104/219
f 499/104/219 497/104/219 1040/104/219 1050/104/219
f 1049/104/219 1050/104/219 1040/104/219 1044/104/219 1047/104/219 1048/104/219
f 1051/104/220 1049/104/220 440/104/220 445/104/220 492/104/220 499/104/220 1050/104/220 1052/104/220
f 1051/104/221 1052/104/221 1050/104/221 1049/104/221
f 445/104/222 439/104/222 494/104/222 492/104/222
f 439/104/223 455/104/223 523/104/223 494/104/223
f 455/104/224 434/104/224 490/104/224 523/104/224
f 434/104/225 432/104/225 487/104/225 490/104/225
f 432/104/226 429/104/226 486/104/226 487/104/226
f 429/104/227 428/104/227 482/104/227 486/104/227
f 428/104/228 425/104/228 481/104/228 482/104/228
f 477/104/229 481/104/229 425/104/229 766/104/229 835/104/229 834/104/229
f 759/104/230 421/104/230 475/104/230 477/104/230 834/104/230 836/104/230
f 469/104/231 475/104/231 421/104/231 757/104/231 838/104/231 837/104/231
f 821/104/232 466/104/232 469/104/232 837/104/232
f 1054/104/150 839/104/150 551/104/150 1055/104/150
f 841/104/233 1053/104/233 1056/104/233 568/104/233 565/104/233 724/104/233
f 1053/104/234 1054/104/234 1055/104/234 1056/104/234
f 572/104/235 554/104/235 545/104/235 563/104/235
f 843/104/236 553/104/236 571/104/236 802/104/236
f 573/104/1 842/104/1 1057/104/1
f 545/104/237 543/104/237 560/104/237 563/104/237
f 571/104/238 553/104/238 554/104/238 572/104/238
f 566/104/239 568/104/239 1056/104/239 1058/104/239 847/104/239 844/104/239
f 551/104/239 846/104/239 1059/104/239 1055/104/239
f 1058/104/239 1056/104/239 1055/104/239 1059/104/239
f 849/104/240 560/104/240 543/104/240 848/104/240 1062/104/240 1060/104/240 1061/104/240 1063/104/240
f 1060/104/241 1062/104/241 1063/104/241 1061/104/241
f 574/104/242 566/104/242 844/104/242 842/104/242 573/104/242
f 575/104/243 578/104/243 592/104/243 586/104/243
f 597/104/244 582/104/244 576/104/244 591/104/244
f 598/104/245 584/104/245 585/104/245 599/104/245
f 576/104/246 577/104/246 588/104/246 591/104/246
f 577/104/246 575/104/246 586/104/246 588/104/246
f 595/104/247 580/104/247 584/104/247 598/104/247
f 599/104/248 585/104/248 582/104/248 597/104/248
f 593/104/249 592/104/249 578/104/249 579/104/249 580/104/249 595/104/249
f 619/104/250 621/104/250 604/104/250 600/104/250 617/104/250
f 627/104/251 608/104/251 610/104/251 625/104/251
f 614/104/252 603/104/252 601/104/252 615/104/252
f 610/104/253 605/104/253 623/104/253 625/104/253
f 605/104/253 604/104/253 621/104/253 623/104/253
f 611/104/254 602/104/254 603/104/254 614/104/254
f 615/104/255 601/104/255 608/104/255 627/104/255
f 600/104/256 602/104/256 611/104/256 617/104/256
f 630/104/257 634/104/257 644/104/257 641/104/257
f 853/104/258 646/104/258 648/104/258 852/104/258 854/104/258 851/104/258 356/104/258 855/104/258
f 858/104/259 857/104/259 647/104/259 649/104/259 640/104/259 856/104/259
f 859/104/1 645/104/1 646/104/1 853/104/1
f 642/104/1 645/104/1 859/104/1 860/104/1 788/104/1
f 643/104/260 632/104/260 640/104/260 649/104/260
f 648/104/261 647/104/261 857/104/261 862/104/261 852/104/261
f 634/104/262 632/104/262 643/104/262 644/104/262
f 1065/104/263 710/104/263 651/104/263 951/104/263
f 652/104/263 678/104/263 1064/104/263 950/104/263
f 951/104/263 950/104/263 1064/104/263 1065/104/263
f 1067/104/264 711/104/264 710/104/264 1065/104/264
f 1064/104/264 678/104/264 680/104/264 1066/104/264
f 1065/104/264 1064/104/264 1066/104/264 1067/104/264
f 1069/104/265 1066/104/265 680/104/265 656/104/265 1068/104/265
f 1070/104/265 687/104/265 711/104/265 1067/104/265
f 1070/104/265 1067/104/265 1066/104/265 1069/104/265 1068/104/265
f 656/104/266 658/104/266 1071/104/266 1068/104/266
f 1073/104/266 1072/104/266 690/104/266 687/104/266 1070/104/266
f 1073/104/266 1070/104/266 1068/104/266 1071/104/266 1072/104/266
f 1071/104/267 658/104/267 662/104/267 1074/104/267
f 1075/104/267 695/104/267 690/104/267 1072/104/267 1076/104/267
f 1076/104/267 1072/104/267 1071/104/267 1074/104/267 1075/104/267
f 1074/104/268 662/104/268 659/104/268 1077/104/268
f 1079/104/268 1078/104/268 693/104/268 695/104/268 1075/104/268 1080/104/268
f 1080/104/268 1075/104/268 1074/104/268 1077/104/268 1078/104/268 1079/104/268
f 1082/104/269 1077/104/269 659/104/269 674/104/269 1083/104/269 1081/104/269 1084/104/269 692/104/269 693/104/269 1078/104/269
f 1078/104/150 1077/104/150 1082/104/150
f 1083/104/269 1084/104/269 1081/104/269
f 1083/104/270 674/104/270 676/104/270 708/104/270 692/104/270 1084/104/270 1085/104/270
f 1084/104/153 1083/104/153 1085/104/153
f 708/104/271 676/104/271 664/104/271 698/104/271
f 698/104/272 664/104/272 665/104/272 699/104/272
f 672/104/273 706/104/273 699/104/273 665/104/273
f 669/104/274 704/104/274 706/104/274 672/104/274
f 667/104/275 702/104/275 704/104/275 669/104/275
f 682/104/276 713/104/276 702/104/276 667/104/276
f 683/104/277 715/104/277 713/104/277 682/104/277
f 686/104/278 716/104/278 715/104/278 683/104/278
f 650/104/279 716/104/279 686/104/279 653/104/279
f 735/104/280 739/104/280 863/104/280 865/104/280
f 866/104/236 741/104/236 737/104/236 726/104/236 784/104/236 1091/104/236 1090/104/236 1089/104/236 1087/104/236 1088/104/236 1086/104/236 1093/104/236 1092/104/236 867/104/236
f 1092/104/236 1093/104/236 1086/104/236 1088/104/236 1087/104/236 1089/104/236 1090/104/236 1091/104/236
f 733/104/281 735/104/281 865/104/281 870/104/281 871/104/281
f 863/104/280 739/104/280 741/104/280 866/104/280
f 793/104/282 731/104/282 733/104/282 871/104/282
f 730/104/236 720/104/236 726/104/236 737/104/236
f 223/43/283 229/504/283 872/504/283 749/505/283 752/506/283 216/42/283
f 252/507/8 229/508/8 223/46/8 246/509/8 488/510/8 489/511/8 493/512/8 498/513/8 504/514/8 502/515/8 508/516/8 495/517/8 496/518/8 417/519/8 410/520/8 416/521/8 414/522/8 412/523/8 420/524/8 422/525/8
f 246/526/284 223/527/284 216/53/284 248/528/284
f 1183/529/285 202/35/285 213/5/285 1184/530/285
f 873/531/153 1134/532/153 1155/532/153 636/531/153
f 208/4/8 1162/533/8 1156/534/8 1136/534/8 1168/535/8 1163/533/8
f 724/536/1 727/537/1 841/537/1
f 847/538/1 728/539/1 1095/540/1 1057/541/1 842/539/1 844/538/1
f 729/542/286 802/542/286 966/540/286 1094/543/286
f 1095/540/1 1094/543/1 966/540/1 1057/541/1
f 810/544/1 812/544/1 639/545/1 637/546/1 815/546/1 813/545/1
f 248/528/1 216/53/1 752/547/1 751/548/1 435/549/1 423/550/1 430/551/1 524/552/1 520/553/1 530/554/1 532/555/1 534/556/1 526/557/1 514/558/1 515/559/1 512/560/1
f 747/561/1 787/562/1 250/563/1 426/564/1 427/565/1 437/566/1 750/567/1
f 221/344/287 227/568/287 230/569/287 224/56/287
f 851/570/1 363/571/1 362/572/1 861/572/1 638/573/1
f 874/574/8 241/575/8 229/508/8 252/507/8 367/576/8 368/577/8 356/578/8
f 229/504/154 241/579/154 872/504/154
f 802/580/150 729/581/150 732/582/150 843/582/150
f 839/583/8 734/583/8 736/584/8 254/585/8 668/586/8 670/587/8 671/588/8 673/589/8 675/590/8 679/591/8 677/592/8 684/593/8 681/594/8 654/595/8 657/596/8 655/597/8 666/598/8 663/599/8 661/600/8 660/601/8 636/531/8 1155/532/8 1158/602/8 1160/603/8 1157/604/8 1139/605/8 889/606/8 965/607/8 890/608/8 878/609/8 850/610/8 559/611/8 557/612/8 964/613/8 1096/613/8 740/614/8 846/615/8 845/615/8 738/615/8 840/584/8
f 208/4/8 879/616/8 880/617/8 881/618/8 882/619/8 883/620/8 884/621/8 885/622/8 886/623/8 887/624/8 888/625/8 1138/626/8 1159/627/8 1156/534/8 1162/533/8
f 843/628/288 732/629/288 1096/613/288 964/613/288
f 849/630/1 724/536/1 565/630/1
f 857/631/1 858/631/1 373/632/1 862/632/1
f 238/633/289 237/634/289 235/635/289 244/636/289
f 227/568/290 238/633/290 244/636/290 230/569/290
f 250/563/1 787/562/1 789/637/1
f 373/632/1 387/638/1 854/639/1 852/638/1 862/632/1
f 855/640/150 381/641/150 382/642/150 860/643/150 859/644/150 853/640/150
f 362/572/1 856/645/1 635/645/1 861/572/1
f 848/646/1 547/646/1 736/584/1
f 274/647/8 284/648/8 288/649/8 279/650/8 868/650/8 869/649/8 719/649/8 723/651/8 794/652/8 795/653/8 796/654/8
f 382/642/1 396/655/1 791/656/1 790/657/1 270/658/1 261/659/1 250/563/1 789/637/1 788/660/1 860/643/1
f 298/661/1 296/662/1 293/663/1 270/658/1 790/657/1 793/664/1 871/662/1 870/661/1
f 868/650/8 279/650/8 302/665/8 308/666/8 300/667/8 304/668/8 540/669/8 542/670/8 544/671/8 546/672/8 548/673/8 549/674/8 550/675/8 552/676/8 558/677/8 570/678/8 564/679/8 562/680/8 561/681/8 569/682/8 567/683/8 556/684/8 555/685/8 685/686/8 688/687/8 697/688/8 700/689/8 703/690/8 701/691/8 696/692/8 694/693/8 689/694/8 691/695/8 668/586/8 254/585/8 864/665/8 725/696/8
f 405/697/8 367/576/8 252/507/8 264/698/8 274/647/8 796/654/8 792/699/8
f 536/700/1 524/552/1 430/551/1 441/701/1 426/564/1 250/563/1 261/659/1 452/702/1 446/703/1 444/704/1 447/705/1 448/706/1 258/707/1 248/528/1 512/560/1
f 805/708/291 819/709/291 717/708/291 718/710/291 722/711/291 721/712/291 712/713/291 705/714/291 809/714/291 808/713/291 807/712/291 806/711/291 804/710/291
f 832/715/1 831/716/1 833/715/1
f 589/717/292 587/718/292 590/719/292 583/720/292 581/721/292 830/722/292 829/723/292 828/724/292 827/725/292 826/726/292 825/717/292
f 709/727/1 707/728/1 714/729/1 818/730/1 817/729/1 816/728/1 814/727/1 815/546/1 637/546/1
f 867/731/293 314/732/293 310/733/293 298/661/293 870/661/293 865/733/293 863/732/293 866/731/293
f 685/686/294 555/685/294 589/717/294 825/717/294 754/734/294 755/686/294 970/735/294 1097/735/294
f 809/714/4 705/714/4 1098/736/4 969/737/4
f 1097/735/4 970/735/4 969/737/4 1098/736/4
f 277/738/295 246/526/295 248/528/295 258/707/295
f 456/739/8 461/740/8 264/698/8 252/507/8 422/525/8 442/741/8 417/519/8 496/518/8 538/742/8 488/510/8 246/509/8 277/743/8 459/744/8 457/745/8 453/746/8
f 463/747/8 459/744/8 277/743/8 224/47/8 230/748/8 264/698/8 461/740/8 465/749/8 473/750/8 468/751/8 471/752/8
f 224/753/296 277/738/296 258/707/296 221/52/296
f 824/754/297 594/755/297 596/756/297 1180/757/297 1182/758/297 799/759/297 800/760/297 753/756/297
f 834/761/1 835/761/1 836/762/1
f 797/763/1 799/759/1 1182/758/1 1179/764/1 798/765/1 1178/766/1
f 838/767/298 612/768/298 606/769/298 609/770/298 607/771/298 594/755/298 824/754/298 823/771/298 822/770/298 820/769/298 821/768/298 837/767/298
f 484/772/1 452/702/1 261/659/1 227/773/1 221/52/1 258/707/1 448/706/1 478/774/1 476/775/1 480/776/1 483/777/1
f 329/778/8 336/779/8 274/647/8 264/698/8 230/748/8 244/780/8 333/781/8
f 345/782/299 235/783/299 1184/784/299 213/5/299 1180/757/299 1181/785/299 346/786/299 343/787/299
f 352/788/1 270/658/1 293/663/1
f 238/789/1 348/790/1 322/791/1 237/792/1
f 353/793/1 348/790/1 238/789/1 227/773/1 261/659/1 270/658/1 352/788/1
f 284/648/8 274/647/8 336/779/8
f 333/781/8 244/780/8 235/783/8 345/782/8
f 348/104/300 353/104/300 329/104/300 333/104/300 345/104/300 343/104/300 318/104/300 322/104/300
f 308/104/238 302/104/238 310/104/238 314/104/238
f 769/104/301 339/104/301 304/104/301 300/104/301 781/104/301
f 279/104/302 288/104/302 296/104/302 298/104/302 310/104/302 302/104/302
f 781/104/238 300/104/238 308/104/238 314/104/238 867/104/238 1092/104/238 1100/104/238 1099/104/238 1091/104/238 784/104/238
f 1099/104/303 1100/104/303 1092/104/303 1091/104/303
f 346/104/300 328/104/300 318/104/300 343/104/300
f 284/104/302 336/104/302 329/104/302 353/104/302 352/104/302 293/104/302 296/104/302 288/104/302
f 328/104/236 346/104/236 1181/104/236 339/104/236 769/104/236 758/104/236 798/104/236 1179/104/236
f 791/104/257 396/104/257 405/104/257 792/104/257
f 387/104/258 363/104/258 851/104/258 854/104/258
f 356/104/304 368/104/304 381/104/304 855/104/304
f 382/104/305 381/104/305 368/104/305 367/104/305 405/104/305 396/104/305
f 362/104/306 363/104/306 387/104/306 373/104/306 858/104/306 856/104/306
f 426/104/307 441/104/307 442/104/307 422/104/307 420/104/307 427/104/307
f 435/104/308 416/104/308 410/104/308 423/104/308
f 437/104/309 412/104/309 414/104/309 786/104/309 746/104/309 750/104/309
f 430/104/310 423/104/310 410/104/310 417/104/310 442/104/310 441/104/310
f 414/104/308 416/104/308 435/104/308 751/104/308 748/104/308 786/104/308
f 427/104/311 420/104/311 412/104/311 437/104/311
f 468/104/312 473/104/312 483/104/312 480/104/312
f 448/104/313 447/104/313 457/104/313 459/104/313 463/104/313 478/104/313
f 446/104/314 456/104/314 453/104/314 444/104/314
f 463/104/315 471/104/315 476/104/315 478/104/315
f 457/104/316 447/104/316 444/104/316 453/104/316
f 483/104/317 473/104/317 465/104/317 484/104/317
f 476/104/318 471/104/318 468/104/318 480/104/318
f 461/104/319 456/104/319 446/104/319 452/104/319 484/104/319 465/104/319
f 493/104/320 489/104/320 515/104/320 514/104/320
f 532/104/321 502/104/321 504/104/321 534/104/321
f 520/104/322 495/104/322 508/104/322 530/104/322
f 498/104/323 526/104/323 534/104/323 504/104/323
f 498/104/324 493/104/324 514/104/324 526/104/324
f 536/104/325 538/104/325 496/104/325 495/104/325 520/104/325 524/104/325
f 530/104/326 508/104/326 502/104/326 532/104/326
f 512/104/320 515/104/320 489/104/320 488/104/320 538/104/320 536/104/320
f 606/104/327 612/104/327 629/104/327 624/104/327
f 628/104/328 609/104/328 606/104/328 624/104/328
f 626/104/329 607/104/329 609/104/329 628/104/329
f 626/104/330 596/104/330 594/104/330 607/104/330
f 556/104/331 587/104/331 589/104/331 555/104/331
f 567/104/332 590/104/332 587/104/332 556/104/332
f 569/104/333 583/104/333 590/104/333 567/104/333
f 561/104/334 581/104/334 583/104/334 569/104/334
f 581/104/335 561/104/335 562/104/335 778/104/335 776/104/335 830/104/335
f 778/104/336 562/104/336 564/104/336 771/104/336 1029/104/336 1101/104/336 1030/104/336 833/104/336 831/104/336 777/104/336
f 1030/104/1 1101/104/1 1029/104/1
f 564/104/337 570/104/337 772/104/337 771/104/337
f 570/104/338 558/104/338 773/104/338 772/104/338
f 558/104/339 552/104/339 775/104/339 773/104/339
f 552/104/340 550/104/340 770/104/340 775/104/340
f 550/104/341 549/104/341 782/104/341 770/104/341
f 549/104/153 548/104/153 783/104/153 782/104/153
f 548/104/342 546/104/342 785/104/342 783/104/342
f 546/104/154 544/104/154 764/104/154 785/104/154
f 544/104/154 542/104/154 763/104/154 764/104/154
f 540/104/343 613/104/343 762/104/343 763/104/343 542/104/343
f 762/104/344 613/104/344 631/104/344 761/104/344
f 631/104/345 633/104/345 768/104/345 761/104/345
f 768/104/346 633/104/346 622/104/346 767/104/346
f 622/104/347 618/104/347 765/104/347 767/104/347
f 766/104/230 765/104/230 618/104/230 616/104/230 760/104/230 759/104/230 836/104/230 835/104/230
f 616/104/348 620/104/348 756/104/348 760/104/348
f 620/104/349 629/104/349 612/104/349 838/104/349 757/104/349 756/104/349
f 701/104/350 703/104/350 354/104/350 718/104/350 717/104/350 1104/104/350 1102/104/350 1103/104/350
f 1103/104/1 1102/104/1 1104/104/1
f 703/104/351 700/104/351 351/104/351 354/104/351
f 351/104/351 722/104/351 718/104/351 354/104/351
f 697/104/352 721/104/352 722/104/352 351/104/352 700/104/352
f 1105/104/353 1107/104/353 712/104/353 721/104/353 697/104/353 688/104/353 1106/104/353
f 1105/104/353 1106/104/353 1107/104/353
f 1106/104/170 688/104/170 685/104/170 1097/104/170
f 1108/104/170 1098/104/170 705/104/170 712/104/170 1107/104/170
f 1106/104/354 1097/104/354 1098/104/354 1108/104/354 1107/104/354
f 636/104/355 660/104/355 895/104/355 873/104/355
f 895/104/153 660/104/153 661/104/153 896/104/153 897/104/153
f 661/104/356 663/104/356 898/104/356 896/104/356
f 666/104/153 899/104/153 898/104/153 663/104/153
f 666/104/153 655/104/153 900/104/153 899/104/153
f 655/104/357 657/104/357 901/104/357 900/104/357
f 657/104/153 654/104/153 902/104/153 901/104/153
f 654/104/358 681/104/358 903/104/358 902/104/358
f 903/104/153 681/104/153 684/104/153 904/104/153 905/104/153
f 684/104/359 677/104/359 906/104/359 904/104/359
f 677/104/360 679/104/360 907/104/360 906/104/360
f 679/104/361 675/104/361 908/104/361 907/104/361
f 675/104/362 673/104/362 909/104/362 908/104/362
f 673/104/363 671/104/363 910/104/363 909/104/363
f 811/104/364 910/104/364 671/104/364 670/104/364 1109/104/364 1110/104/364 1111/104/364 1112/104/364 639/104/364 812/104/364
f 1110/104/365 1109/104/365 1112/104/365 1111/104/365
f 1113/104/366 1109/104/366 670/104/366 668/104/366 691/104/366
f 1120/104/366 1119/104/366 1118/104/366 1114/104/366 1115/104/366 709/104/366 637/104/366 639/104/366 1112/104/366 1116/104/366 1117/104/366
f 1119/104/366 1120/104/366 1117/104/366 1116/104/366 1112/104/366 1109/104/366 1113/104/366 1115/104/366 1114/104/366 1118/104/366
f 1113/104/367 691/104/367 689/104/367 409/104/367
f 1121/104/367 409/104/367 707/104/367 709/104/367 1115/104/367 1123/104/367 1125/104/367 1124/104/367 1122/104/367
f 1123/104/367 1115/104/367 1113/104/367 409/104/367 1121/104/367 1122/104/367 1124/104/367 1125/104/367
f 409/104/368 689/104/368 694/104/368 360/104/368 714/104/368 707/104/368
f 1023/104/196 360/104/196 694/104/196 696/104/196 780/104/196 779/104/196
f 818/104/196 714/104/196 360/104/196 1022/104/196
f 360/104/196 1023/104/196 1022/104/196
f 1104/104/198 717/104/198 819/104/198 1028/104/198 1127/104/198 1126/104/198
f 696/104/198 701/104/198 1103/104/198 1027/104/198 774/104/198 780/104/198
f 1127/104/198 1028/104/198 1027/104/198 1103/104/198 1104/104/198 1126/104/198
f 1062/104/369 848/104/369 736/104/369 734/104/369 1128/104/369
f 1063/104/369 1129/104/369 727/104/369 724/104/369 849/104/369
f 1063/104/369 1062/104/369 1128/104/369 1129/104/369
f 1130/104/236 740/104/236 1096/104/236
f 1095/104/236 728/104/236 1131/104/236
f 1096/104/236 732/104/236 729/104/236 1094/104/236
f 1130/104/236 1096/104/236 1094/104/236 1095/104/236 1131/104/236
f 734/104/1 839/104/1 1054/104/1 1128/104/1
f 1053/104/1 841/104/1 727/104/1 1129/104/1
f 1129/104/1 1128/104/1 1054/104/1 1053/104/1
f 1131/104/370 728/104/370 847/104/370 1058/104/370
f 1059/104/370 846/104/370 740/104/370 1130/104/370
f 1058/104/370 1059/104/370 1130/104/370 1131/104/370
f 958/794/371 203/42/371 206/43/371 960/795/371
f 1069/796/372 251/796/372 253/797/372 233/798/372 231/799/372 228/800/372 226/801/372 220/802/372 218/803/372 215/804/372 211/805/372 206/46/372 209/47/372 952/806/372 954/807/372 953/808/372 950/809/372 1064/798/372 1066/797/372
f 1051/810/153 485/810/153 491/811/153 1047/812/153 1048/811/153 1049/813/153
f 1090/814/373 1091/815/373 1099/815/373 528/816/373 519/817/373 522/818/373 1086/818/373 1088/818/373 1087/818/373 1089/819/373
f 961/820/374 960/821/374 206/46/374 211/805/374 212/822/374 217/823/374 222/824/374 225/825/374 234/826/374 236/827/374 239/828/374 240/829/374 262/830/374 956/831/374
f 259/832/375 257/833/375 256/834/375 251/796/375 1069/796/375 1068/834/375 1071/833/375 1074/832/375 1077/835/375 1082/835/375
f 962/836/376 413/837/376 411/838/376 342/839/376 415/840/376 418/841/376 419/842/376 1105/843/376 1106/842/376 1097/844/376 970/845/376 971/841/376 972/839/376
f 361/846/377 360/847/377 1023/848/377 1024/849/377 1027/850/377 1103/851/377 1102/851/377
f 409/852/153 404/853/153 406/854/153 402/855/153 401/856/153 357/857/153 1110/858/153 1109/859/153 1113/855/153
f 1083/860/1 1085/860/1 1081/861/1
f 327/862/378 324/863/378 321/864/378 1060/865/378 1062/866/378 1128/864/378 1054/864/378 1055/864/378 1059/863/378 1130/862/378 1096/867/378 323/867/378
f 1021/868/150 1018/869/150 1019/869/150
f 209/753/379 206/527/379 203/53/379 205/52/379
f 500/870/1 485/871/1 1051/871/1 1052/872/1
f 522/873/153 529/874/153 1093/874/153 1086/875/153
f 952/876/380 209/56/380 205/344/380 949/877/380
f 976/878/4 413/837/4 962/836/4
f 1096/867/4 1094/879/4 330/879/4 323/867/4
f 957/880/381 955/881/381 313/882/381 295/883/381 294/884/381 291/885/381 289/886/381 280/887/381 278/888/381 271/889/381 267/890/381 265/891/381 269/892/381 205/52/381 203/53/381 958/893/381 959/894/381
f 309/895/1 311/896/1 1076/897/1 1072/898/1 1073/899/1
f 1101/900/382 511/901/382 509/902/382 506/903/382 503/904/382 1045/904/382 1039/903/382 1036/902/382 1033/901/382 1030/900/382
f 1061/905/1 335/906/1 338/907/1 340/908/1 330/879/1 966/879/1 1057/909/1 1095/910/1 1131/908/1 1058/907/1 1056/906/1 1053/911/1 1129/911/1 1063/912/1
f 436/913/383 438/914/383 1020/915/383
f 989/916/384 984/917/384 983/918/384 380/919/384 991/920/384
f 433/921/385 383/922/385 384/923/385 380/919/385 983/918/385 431/917/385
f 1001/924/386 378/925/386 374/926/386 371/927/386 369/928/386 1012/927/386 1007/926/386 999/925/386
f 205/52/384 269/892/384 273/929/384 276/930/384 281/931/384 283/932/384 286/933/384 287/934/384 306/935/384 309/895/384 1073/899/384 1070/895/384 1067/936/384 1065/937/384 951/938/384 949/939/384
f 503/904/387 516/940/387 518/941/387 500/942/387 1052/942/387 1050/941/387 1040/940/387 1045/904/387
f 1092/943/388 1093/944/388 529/945/388 1100/946/388
f 215/104/389 218/104/389 273/104/389 269/104/389
f 273/104/390 218/104/390 220/104/390 276/104/390
f 276/104/391 220/104/391 226/104/391 281/104/391
f 281/104/392 226/104/392 228/104/392 283/104/392
f 283/104/393 228/104/393 231/104/393 286/104/393
f 286/104/394 231/104/394 233/104/394 287/104/394
f 253/104/264 306/104/264 287/104/264 233/104/264
f 306/104/265 253/104/265 251/104/265 256/104/265 309/104/265
f 257/104/266 311/104/266 309/104/266 256/104/266
f 1080/104/267 1075/104/267 1076/104/267 311/104/267 257/104/267 259/104/267
f 1079/104/268 1080/104/268 259/104/268 1082/104/268 1078/104/268
f 1084/104/269 1081/104/269 1085/104/269
f 956/104/395 262/104/395 313/104/395 955/104/395
f 313/104/396 262/104/396 240/104/396 295/104/396
f 295/104/397 240/104/397 239/104/397 294/104/397
f 294/104/398 239/104/398 236/104/398 291/104/398
f 291/104/399 236/104/399 234/104/399 289/104/399
f 289/104/400 234/104/400 225/104/400 280/104/400
f 280/104/401 225/104/401 222/104/401 278/104/401
f 278/104/402 222/104/402 217/104/402 271/104/402
f 271/104/403 217/104/403 212/104/403 267/104/403
f 212/104/404 211/104/404 265/104/404 267/104/404
f 211/104/405 215/104/405 269/104/405 265/104/405
f 1060/104/369 321/104/369 335/104/369 1061/104/369
f 330/104/236 340/104/236 327/104/236 323/104/236
f 335/104/239 321/104/239 324/104/239 338/104/239
f 327/104/370 340/104/370 338/104/370 324/104/370
f 975/104/173 415/104/173 342/104/173 973/104/173 974/104/173
f 973/104/174 342/104/174 411/104/174 978/104/174 977/104/174
f 992/104/183 383/104/183 433/104/183 986/104/183 985/104/183
f 995/104/184 384/104/184 383/104/184 992/104/184 993/104/184 994/104/184 990/104/184
f 380/104/185 384/104/185 995/104/185
f 1000/104/188 996/104/188 467/104/188 378/104/188 1001/104/188
f 470/104/189 374/104/189 378/104/189 467/104/189 1008/104/189 1006/104/189 1005/104/189
f 1014/104/190 1013/104/190 1009/104/190 1010/104/190 371/104/190 374/104/190 470/104/190
f 369/104/192 371/104/192 1010/104/192 1011/104/192 1015/104/192
f 474/104/406 1016/104/406 1017/104/406
f 1021/104/407 1020/104/407 438/104/407 474/104/407 1017/104/407 1018/104/407
f 1110/104/364 357/104/364 1111/104/364
f 1116/104/366 1112/104/366 1111/104/366 357/104/366 401/104/366 1120/104/366 1117/104/366
f 406/104/367 404/104/367 1122/104/367 1124/104/367
f 360/104/196 361/104/196 1026/104/196 1022/104/196
f 1028/104/198 1025/104/198 1026/104/198 361/104/198 1102/104/198 1104/104/198 1126/104/198 1127/104/198
f 1105/104/353 419/104/353 1108/104/353 1107/104/353
f 1098/104/170 1108/104/170 419/104/170 418/104/170 449/104/170 969/104/170
f 418/104/172 415/104/172 975/104/172 449/104/172
f 978/104/408 411/104/408 413/104/408 976/104/408
f 981/104/182 979/104/182 431/104/182 983/104/182 980/104/182
f 988/104/183 986/104/183 433/104/183 431/104/183 979/104/183 982/104/183 987/104/183
f 998/104/188 467/104/188 996/104/188
f 1004/104/189 470/104/189 1005/104/189 1002/104/189
f 467/104/189 998/104/189 997/104/189 1008/104/189
f 1004/104/409 1003/104/409 1014/104/409 470/104/409
f 436/104/194 1016/104/194 474/104/194
f 436/104/407 474/104/407 438/104/407
f 1123/104/366 1115/104/366 1114/104/366 1118/104/366 1119/104/366 1120/104/366 401/104/366 402/104/366
f 1125/104/410 1123/104/410 402/104/410 406/104/410 1124/104/410
f 1122/104/410 404/104/410 409/104/410 1121/104/410
f 1032/104/214 511/104/214 1101/104/214 1029/104/214
f 1031/104/215 1035/104/215 509/104/215 511/104/215 1032/104/215
f 1035/104/217 1034/104/217 1038/104/217 506/104/217 509/104/217
f 1046/104/411 1041/104/411 1042/104/411 1043/104/411 516/104/411 503/104/411 506/104/411 1038/104/411 1037/104/411
f 1047/104/219 491/104/219 518/104/219 516/104/219 1043/104/219 1044/104/219
f 485/104/221 500/104/221 518/104/221 491/104/221
f 1100/104/236 529/104/236 522/104/236 519/104/236 528/104/236 1099/104/236
f 1158/104/412 1154/104/412 1141/104/412 1145/104/412 1148/104/412 1160/104/412
f 1138/104/413 1137/104/413 1140/104/413 1147/104/413 1142/104/413 1159/104/413
f 1152/104/414 1133/104/414 1135/104/414 1153/104/414
f 1146/104/415 1147/104/415 1140/104/415 1139/104/415 1157/104/415
f 1148/104/416 1144/104/416 1146/104/416 1157/104/416 1160/104/416
f 1150/104/417 1132/104/417 1133/104/417 1152/104/417 1149/104/417
f 1159/104/418 1142/104/418 1143/104/418 1153/104/418 1135/104/418 1136/104/418 1156/104/418
f 1155/104/256 1134/104/256 1132/104/256 1150/104/256 1151/104/256 1154/104/256 1158/104/256
f 1163/947/8 1165/948/8 210/5/8 877/170/8 876/169/8 208/172/8
f 1165/949/419 1161/950/419 204/35/419 210/5/419
f 1161/951/1 1164/499/1 200/498/1 803/439/1 204/35/1
f 1132/146/8 1167/145/8 1169/952/8 1168/953/8 1136/954/8 1135/955/8 1133/956/8
f 1167/346/420 1166/345/420 1170/957/420 1169/958/420
f 1166/489/1 1150/488/1 1149/501/1 1171/500/1 1170/959/1
f 1173/960/421 1172/961/421 1176/962/421 1177/963/421
f 1169/958/422 1170/957/422 1161/950/422 1165/949/422
f 1170/959/1 1171/500/1 1164/499/1 1161/951/1
f 1168/953/8 1169/952/8 1165/948/8 1163/947/8
f 1177/963/423 1176/962/423 207/4/423 199/1/423
f 1175/129/424 1174/128/424 1172/961/424 1173/960/424
f 237/634/425 1183/529/425 1184/530/425 235/635/425
f 1181/785/8 1180/757/8 596/756/8 626/964/8 628/965/8 624/966/8 629/967/8 620/968/8 616/969/8 618/970/8 622/971/8 633/972/8 631/973/8 613/974/8 540/669/8 304/668/8 339/975/8
f 1179/764/426 1182/758/426 202/35/426 1183/976/426 237/792/426 322/791/426 318/977/426 328/978/426
f 1182/758/427 1180/757/427 213/5/427 202/35/427
usemtl Material.007
f 2002/105/150 1702/106/150 1265/42/150 1798/42/150 1801/107/150 1797/108/150 1799/109/150 1802/110/150 1803/111/150 1800/112/150 1703/113/150 2001/114/150 2004/115/150 2005/116/150 2003/117/150 2000/118/150
f 2004/115/150 2001/114/150 2002/105/150 2000/118/150 2003/117/150 2005/116/150
f 2006/119/428 1704/120/428 2012/121/428 2007/122/428
f 2010/123/150 2009/124/150 1701/125/150 2006/119/150 2008/126/150
f 2011/127/429 2012/121/429 1704/120/429 2225/128/429 2226/129/429 1701/125/429 2009/124/429
f 1948/130/1 1341/130/1 1336/131/1 1354/132/1 1352/133/1 1314/134/1 1306/135/1 1350/136/1 1294/137/1 2013/138/1 1252/139/1 1458/140/1 1454/141/1 1449/142/1 1804/143/1 1851/144/1 2218/145/1 2183/146/1 2185/147/1 1924/148/1 1946/131/1
f 1451/149/1 1458/140/1 1252/139/1 2013/138/1 1298/150/1 1300/151/1 1806/152/1 1805/153/1 1448/154/1 1450/155/1
f 1936/156/1 1935/157/1 1976/158/1
f 1935/157/1 1934/159/1 1977/160/1
f 1934/159/1 1933/161/1 1978/162/1
f 1933/161/1 1932/163/1 1979/164/1
f 1979/164/1 1932/163/1 1975/165/1 1974/166/1 1931/167/1 1930/168/1 1927/169/1 1928/170/1 1937/171/1 1936/156/1 1976/158/1 1935/157/1 1977/160/1 1934/159/1 1978/162/1 1933/161/1
f 1974/166/1 1975/165/1 1932/163/1 1931/167/1
f 1930/168/1 1259/172/1 1927/169/1
f 1811/173/1 1807/174/1 1808/174/1 1472/173/1 1810/175/1
f 1683/176/430 1685/177/430 1681/178/430 1843/179/430 1942/180/430 1459/180/430 1445/181/430 1945/176/430 1444/176/430 1944/182/430 1446/182/430 1943/182/430 1443/183/430 1441/184/430 1907/184/430 1691/182/430
f 1816/185/431 1476/186/431 1479/187/431 1480/188/431 1483/189/431 1485/190/431 1506/191/431 1490/192/431 1496/193/431 1491/194/431 1494/195/431 1509/196/431 1505/197/431 1501/198/431 1822/199/431 1823/200/431 1824/197/431 1826/196/431 1821/201/431 1833/194/431 1834/193/431 1836/192/431 1815/191/431 1814/190/431 1813/189/431 1812/188/431 1819/187/431 1818/186/431
f 1816/185/8 1817/185/8 1476/186/8
f 1835/202/1 1777/203/1 1771/204/1 1809/204/1 1820/203/1 1832/202/1
f 1283/205/432 1830/206/432 1831/205/432 1825/207/432
f 1961/208/1 1862/208/1 1293/209/1 1358/210/1 1311/211/1 1317/212/1 1356/213/1 1348/214/1 1956/215/1 1955/213/1 1957/212/1 1958/211/1 1959/210/1 1960/209/1
f 1829/216/4 1828/217/4 1502/218/4 1827/219/4
f 1789/220/1 1897/220/1 1602/221/1 1890/221/1
f 1845/222/1 1774/223/1 1972/224/1
f 1945/176/1 1445/181/1 1847/225/1 1846/226/1 1992/176/1
f 1459/180/1 1942/180/1 1963/180/1
f 1843/179/1 1847/225/1 1445/181/1 1459/180/1 1963/180/1 1942/180/1
f 1996/227/1 1997/228/1 1995/229/1 1967/230/1 1966/231/1 1984/232/1 1983/233/1 1998/234/1 1993/235/1
f 1919/236/1 1776/237/1 1915/237/1 1305/238/1 1966/231/1 1967/230/1
f 1770/239/433 1920/239/433 1999/239/433
f 1446/182/1 1944/182/1 1964/240/1 1444/176/1 1945/176/1 1992/176/1 1846/226/1 1845/222/1 1972/224/1 1774/223/1 1770/239/1 1999/239/1 1920/239/1 1919/236/1 1967/230/1 1995/229/1 1997/228/1 1996/227/1 1993/235/1 1998/234/1 1983/233/1 1443/183/1 1943/182/1 1994/182/1
f 1943/182/1 1446/182/1 1994/182/1
f 1944/182/1 1444/176/1 1964/240/1
f 1929/241/1 1610/242/1 1901/243/1
f 1896/220/1 1897/220/1 1789/220/1
f 1890/221/1 1891/244/1 1789/220/1
f 1984/232/1 1305/238/1 1986/245/1
f 1966/231/1 1305/238/1 1984/232/1
f 1686/184/1 1907/184/1 1441/184/1 1991/246/1
f 1598/247/1 1988/247/1 1990/247/1 1985/248/1
f 1965/249/1 1689/250/1 1912/251/1 1969/252/1 1970/253/1 1925/254/1 1407/255/1 1902/256/1
f 1989/247/1 1987/247/1 1971/257/1 1968/258/1 1969/252/1 1912/251/1 1686/184/1 1991/246/1 1441/184/1 1443/183/1 1983/233/1 1984/232/1 1986/245/1 1305/238/1 1787/259/1 1598/247/1 1985/248/1 1990/247/1
f 1902/256/1 1689/250/1 1965/249/1
f 1969/252/1 1968/258/1 1971/257/1 1970/253/1
f 1988/247/1 1987/247/1 1989/247/1 1990/247/1
f 1795/260/1 1796/247/1 1899/247/1 1594/261/1 1630/262/1 1629/263/1 1626/264/1 1628/265/1 1627/266/1 1633/267/1 1636/268/1 1635/269/1 1631/270/1 1596/271/1 1605/272/1 1604/273/1 1655/274/1 1656/275/1 1661/276/1 1659/277/1 1652/278/1 1654/279/1 1653/280/1 1651/281/1 1926/282/1 1928/170/1 1261/5/1 1258/4/1 2227/283/1 2223/284/1 2225/285/1 1704/286/1 1737/287/1 1734/288/1 1733/289/1 1718/290/1 1720/291/1 1723/292/1 1716/293/1 1715/294/1 1727/295/1 1725/296/1 1710/297/1 1713/298/1 1709/299/1 1707/300/1 1731/301/1 1729/302/1 1703/303/1 1800/304/1 1923/305/1 1292/306/1
f 1799/307/1 1797/308/1 1837/309/1
f 1326/310/1 1341/130/1 1948/130/1 1947/130/1 1949/310/1
f 1292/306/1 1925/254/1 1970/253/1
f 1988/247/1 1598/247/1 1899/247/1 1796/247/1 1795/260/1 1292/306/1 1970/253/1 1971/257/1 1987/247/1
f 1981/311/1 1938/312/1 1937/171/1 1928/170/1 1926/282/1 2188/313/1 2189/314/1 1939/315/1 1980/316/1
f 1939/315/1 1938/312/1 1981/311/1 1980/316/1
f 1926/282/1 1651/281/1 1655/274/1 1604/273/1 1894/317/1
f 1956/215/1 1348/214/1 1343/318/1 1333/319/1 1323/320/1 1319/321/1 1326/310/1 1949/310/1 1950/321/1 1951/320/1 1952/319/1 1953/318/1 1954/215/1
f 2014/322/1 2015/323/1 1608/324/1 1610/242/1 1929/241/1 1941/325/1
f 2015/323/1 2014/322/1 1973/326/1 1982/327/1 1940/328/1 2190/329/1 2191/330/1 2188/313/1 1926/282/1 1894/317/1
f 1941/325/1 2016/331/1 2014/322/1
f 2016/331/1 1940/328/1 1982/327/1 1973/326/1 2014/322/1
f 1630/262/1 1594/261/1 1596/271/1 1631/270/1
f 1798/332/154 1265/53/154 1693/333/154 1839/333/154 1840/334/154 1838/335/154
f 1681/336/434 1692/337/434 1782/338/434 1844/338/434 1841/339/434 1842/337/434 1843/336/434
f 1771/340/1 1781/341/1 1270/52/1 1848/52/1 2229/342/1 1849/341/1 1809/343/1
f 1270/344/4 2217/345/4 2218/346/4 1851/347/4 1850/348/4 1848/344/4
f 1255/35/153 1250/1/153 1258/4/153 1261/5/153
f 1784/349/8 1782/338/8 1692/337/8 1695/350/8 1694/351/8 1700/352/8 1698/353/8 1699/354/8 1697/355/8 1696/356/8 1693/333/8 1265/53/8 1616/357/8 1619/358/8 1617/359/8 1625/360/8 1440/361/8 1416/362/8 1376/363/8 1371/364/8 1377/365/8 1370/366/8 1382/367/8 1368/368/8 1367/369/8 1366/370/8 1363/371/8 1388/372/8 1383/373/8 1385/374/8 1395/375/8 1392/376/8 1410/377/8 1513/378/8 1515/379/8 1572/380/8 1561/381/8 1558/382/8 1552/383/8 1556/384/8 1564/385/8 1568/386/8 1548/387/8 1550/388/8 1543/389/8 1545/390/8 1574/391/8 1541/392/8 1538/393/8 1537/394/8 1533/395/8 1532/396/8 1528/397/8 1526/398/8 1520/399/8 1517/400/8 1523/401/8 1530/402/8 1511/403/8 1270/52/8 1781/341/8 1788/404/8 1792/405/8 1790/406/8 1786/407/8
f 1853/408/8 1852/409/8 2018/410/8 2017/411/8
f 1624/412/8 2017/411/8 2018/410/8
f 1852/409/8 1853/408/8 1622/413/8 1672/414/8 1670/415/8
f 1611/416/435 1616/357/435 1962/357/435 1793/417/435
f 1794/357/8 1962/357/8 1616/357/8 1265/53/8 1702/418/8 1761/419/8 1762/420/8 1738/421/8 1741/422/8 1746/423/8 1744/424/8 1743/425/8 1759/426/8 1749/427/8 1750/428/8 1757/429/8 1755/430/8 1753/431/8 1764/432/8 1766/433/8 1767/434/8 1701/435/8 2226/436/8 2224/437/8 2228/438/8 1250/1/8 1255/35/8 1854/439/8 1852/409/8 1670/415/8 1668/440/8 1662/441/8 1665/442/8 1666/443/8 1678/444/8 1676/445/8 1674/446/8 1672/414/8 1622/413/8 1623/447/8 1614/448/8 1646/449/8 1649/450/8 1650/451/8 1648/452/8 1642/453/8 1639/454/8 1637/455/8 1643/456/8 1644/457/8 1611/416/8 1793/417/8 1296/458/8
f 2192/459/8 2019/460/8 2196/461/8
f 2197/462/8 2195/463/8 2018/410/8 1852/409/8 1854/439/8 2194/464/8 2193/465/8 2198/466/8
f 2019/460/8 1426/467/8 1421/468/8 1417/469/8 1423/470/8 1427/471/8 1439/472/8 1440/361/8 1625/360/8 1624/412/8 2018/410/8 2195/463/8 2199/473/8 2196/461/8
f 1296/458/8 1793/417/8 1962/357/8 1794/357/8
f 1646/449/8 1614/448/8 1611/416/8 1644/457/8
f 1513/378/8 1410/377/8 1409/474/8 1398/475/8 1415/476/8 1249/477/8 1590/478/8 1592/479/8 1588/480/8 1586/481/8 1582/482/8 1578/483/8
f 1415/476/8 1398/475/8 1406/484/8 1401/485/8 1400/486/8 2202/487/8 2201/488/8 2217/489/8 1270/52/8 1511/403/8 1576/490/8 1584/491/8 1590/478/8 1249/477/8
f 1442/492/8 1430/493/8 1436/494/8 1437/495/8 1475/496/8 2019/460/8 2192/459/8 2205/497/8 2202/487/8 1400/486/8
f 1854/439/8 1251/498/8 2215/499/8 2222/500/8 2200/501/8 2203/502/8 2204/503/8 2194/464/8
f 1475/496/8 1437/495/8 1426/467/8 2019/460/8
f 1855/104/436 1385/104/436 1383/104/436 1856/104/436
f 1857/104/437 1395/104/437 1385/104/437 1855/104/437
f 1858/104/438 1392/104/438 1395/104/438 1857/104/438
f 1859/104/439 1410/104/439 1392/104/439 1858/104/439
f 1806/104/179 1300/104/179 2022/104/179 2021/104/179
f 2020/104/440 1500/104/440 1409/104/440 1410/104/440 1859/104/440 1860/104/440
f 2020/104/179 2021/104/179 2022/104/179 1500/104/179
f 1300/104/178 1298/104/178 2023/104/178 2022/104/178
f 2025/104/178 2024/104/178 1398/104/178 1409/104/178 1500/104/178 2026/104/178
f 2026/104/178 1500/104/178 2022/104/178 2023/104/178 2024/104/178 2025/104/178
f 2028/104/177 2029/104/177 2027/104/177 2013/104/177 1294/104/177 1406/104/177 1398/104/177 2024/104/177
f 2023/104/177 1298/104/177 2013/104/177
f 2029/104/177 2028/104/177 2024/104/177 2023/104/177 2013/104/177 2027/104/177
f 1406/104/176 1294/104/176 1350/104/176 1401/104/176
f 1401/104/175 1350/104/175 1306/104/175 1400/104/175
f 1400/104/174 1306/104/174 1314/104/174 1442/104/174
f 1352/104/172 1430/104/172 1442/104/172 1314/104/172
f 1354/104/170 1436/104/170 1430/104/170 1352/104/170
f 1336/104/353 1437/104/353 1436/104/353 1354/104/353
f 1341/104/352 1426/104/352 1437/104/352 1336/104/352
f 2034/104/351 2035/104/351 1421/104/351 1426/104/351 1341/104/351 1326/104/351 2033/104/351 2030/104/351 2032/104/351 2031/104/351
f 2034/104/351 2031/104/351 2032/104/351 2030/104/351 2033/104/351 2035/104/351
f 2038/104/350 2033/104/350 1326/104/350 1319/104/350 2036/104/350 2037/104/350 2039/104/350
f 2040/104/350 1417/104/350 1421/104/350 2035/104/350
f 2038/104/350 2039/104/350 2037/104/350 2036/104/350 2040/104/350 2035/104/350 2033/104/350
f 2043/104/198 2036/104/198 1319/104/198 1323/104/198 2041/104/198 2045/104/198 2044/104/198
f 2042/104/198 1423/104/198 1417/104/198 2040/104/198
f 2041/104/198 2042/104/198 2040/104/198 2036/104/198 2043/104/198 2044/104/198 2045/104/198
f 1333/104/196 1431/104/196 2046/104/196 2041/104/196 1323/104/196
f 1431/104/196 1427/104/196 1423/104/196 2042/104/196
f 2042/104/196 2041/104/196 2046/104/196 1431/104/196
f 1431/104/368 1333/104/368 1343/104/368 1428/104/368
f 1428/104/368 1439/104/368 1427/104/368 1431/104/368
f 1440/104/367 1439/104/367 1428/104/367 1343/104/367 1348/104/367
f 2052/104/366 2050/104/366 1416/104/366 1440/104/366 1348/104/366 1356/104/366 2048/104/366 2049/104/366 2047/104/366 2051/104/366
f 2051/104/366 2047/104/366 2049/104/366 2048/104/366 2050/104/366 2052/104/366
f 2058/104/364 1376/104/364 1416/104/364 2050/104/364
f 2054/104/364 2055/104/364 2053/104/364 2056/104/364 2057/104/364 2059/104/364 2048/104/364 1356/104/364 1317/104/364
f 2055/104/364 2054/104/364 2058/104/364 2050/104/364 2048/104/364 2059/104/364 2057/104/364 2056/104/364 2053/104/364
f 1371/104/195 1376/104/195 2058/104/195 2063/104/195
f 2064/104/441 2065/104/441 2054/104/441 1317/104/441 1311/104/441 2062/104/441 2061/104/441 2060/104/441
f 2064/104/195 2060/104/195 2061/104/195 2062/104/195 2063/104/195 2058/104/195 2054/104/195 2065/104/195
f 1377/104/193 1371/104/193 2063/104/193 1420/104/193
f 2062/104/193 1311/104/193 1358/104/193 1420/104/193 2066/104/193
f 2063/104/193 2062/104/193 2066/104/193 1420/104/193
f 2069/104/442 2068/104/442 2067/104/442 1487/104/442 1370/104/442 1377/104/442 1420/104/442 1358/104/442 1293/104/442 2070/104/442
f 1487/104/192 2067/104/192 2068/104/192 2069/104/192 2070/104/192
f 1382/104/190 1370/104/190 1487/104/190 2071/104/190 2072/104/190 2070/104/190 1293/104/190 1862/104/190 1863/104/190 1861/104/190
f 1487/104/190 2070/104/190 2072/104/190 2071/104/190
f 1864/104/443 1368/104/443 1382/104/443 1861/104/443
f 1866/104/444 1865/104/444 1367/104/444 1368/104/444 1864/104/444
f 1867/104/358 1366/104/358 1367/104/358 1865/104/358
f 1868/104/445 1363/104/445 1366/104/445 1867/104/445
f 2073/104/446 2077/104/446 2076/104/446 1388/104/446 1363/104/446 1868/104/446 1869/104/446
f 1830/104/185 1283/104/185 2075/104/185 2074/104/185
f 2077/104/185 2073/104/185 2074/104/185 2075/104/185 2076/104/185
f 1383/104/447 1388/104/447 2076/104/447 2079/104/447 1870/104/447 1856/104/447
f 1283/104/184 1825/104/184 2078/104/184 2075/104/184
f 2079/104/447 2076/104/447 2075/104/447 2078/104/447
f 1871/104/448 1523/104/448 1517/104/448 1872/104/448
f 1873/104/449 1530/104/449 1523/104/449 1871/104/449
f 1511/104/450 1530/104/450 1873/104/450 1874/104/450 1576/104/450
f 1449/104/451 1584/104/451 1576/104/451 1874/104/451 1875/104/451 1804/104/451
f 1584/104/452 1449/104/452 1454/104/452 1590/104/452
f 1590/104/453 1454/104/453 1458/104/453 1592/104/453
f 1592/104/454 1458/104/454 1451/104/454 1588/104/454
f 1450/104/455 1586/104/455 1588/104/455 1451/104/455
f 1586/104/456 1450/104/456 1448/104/456 1582/104/456
f 1578/104/457 1582/104/457 1448/104/457 1805/104/457 1876/104/457 1877/104/457
f 1513/104/458 1578/104/458 1877/104/458 1878/104/458 1515/104/458
f 1572/104/459 1515/104/459 1878/104/459 1879/104/459
f 1880/104/460 1561/104/460 1572/104/460 1879/104/460
f 1502/104/461 1558/104/461 1561/104/461 1880/104/461 1881/104/461 1827/104/461
f 1552/104/462 1558/104/462 1502/104/462 1828/104/462 1882/104/462 1883/104/462
f 2081/104/463 2084/104/463 1556/104/463 1552/104/463 1883/104/463 1884/104/463
f 2083/104/463 2080/104/463 1822/104/463 1501/104/463 2082/104/463
f 2084/104/463 2081/104/463 2080/104/463 2083/104/463 2082/104/463
f 2087/104/464 1564/104/464 1556/104/464 2084/104/464
f 2085/104/464 2086/104/464 2082/104/464 1501/104/464 1505/104/464
f 2087/104/464 2084/104/464 2082/104/464 2086/104/464 2085/104/464
f 2088/104/465 2089/104/465 2085/104/465 1505/104/465 1509/104/465
f 2090/104/466 1568/104/466 1564/104/466 2087/104/466
f 2090/104/466 2087/104/466 2085/104/466 2089/104/466 2088/104/466
f 2092/104/467 2097/104/467 2088/104/467 1509/104/467 1494/104/467 2095/104/467 2094/104/467 2093/104/467
f 1548/104/468 1568/104/468 2090/104/468 2096/104/468 2091/104/468
f 2094/104/467 2095/104/467 2091/104/467 2096/104/467 2090/104/467 2088/104/467 2097/104/467 2092/104/467 2093/104/467
f 2098/104/469 2095/104/469 1494/104/469 1491/104/469 2100/104/469 2099/104/469
f 1550/104/470 1548/104/470 2091/104/470 2101/104/470
f 2100/104/470 2101/104/470 2091/104/470 2095/104/470 2098/104/470 2099/104/470
f 2102/104/471 2100/104/471 1491/104/471 1496/104/471 1543/104/471 1550/104/471 2101/104/471 2103/104/471
f 2102/104/472 2103/104/472 2101/104/472 2100/104/472
f 1496/104/473 1490/104/473 1545/104/473 1543/104/473
f 1490/104/474 1506/104/474 1574/104/474 1545/104/474
f 1506/104/475 1485/104/475 1541/104/475 1574/104/475
f 1485/104/476 1483/104/476 1538/104/476 1541/104/476
f 1483/104/477 1480/104/477 1537/104/477 1538/104/477
f 1480/104/478 1479/104/478 1533/104/478 1537/104/478
f 1479/104/479 1476/104/479 1532/104/479 1533/104/479
f 1528/104/480 1532/104/480 1476/104/480 1817/104/480 1886/104/480 1885/104/480
f 1810/104/481 1472/104/481 1526/104/481 1528/104/481 1885/104/481 1887/104/481
f 1520/104/482 1526/104/482 1472/104/482 1808/104/482 1889/104/482 1888/104/482
f 1872/104/483 1517/104/483 1520/104/483 1888/104/483
f 2105/104/484 1890/104/484 1602/104/484 2106/104/484
f 1892/104/485 2104/104/485 2107/104/485 1619/104/485 1616/104/485 1775/104/485
f 2104/104/486 2105/104/486 2106/104/486 2107/104/486
f 1623/104/487 1605/104/487 1596/104/487 1614/104/487
f 1894/104/488 1604/104/488 1622/104/488 1853/104/488
f 1624/104/153 1893/104/153 2108/104/153
f 1596/104/489 1594/104/489 1611/104/489 1614/104/489
f 1622/104/490 1604/104/490 1605/104/490 1623/104/490
f 1617/104/491 1619/104/491 2107/104/491 2109/104/491 1898/104/491 1895/104/491
f 1602/104/491 1897/104/491 2110/104/491 2106/104/491
f 2109/104/491 2107/104/491 2106/104/491 2110/104/491
f 1900/104/492 1611/104/492 1594/104/492 1899/104/492 2113/104/492 2111/104/492 2112/104/492 2114/104/492
f 2111/104/493 2113/104/493 2114/104/493 2112/104/493
f 1625/104/494 1617/104/494 1895/104/494 1893/104/494 1624/104/494
f 1626/104/495 1629/104/495 1643/104/495 1637/104/495
f 1648/104/496 1633/104/496 1627/104/496 1642/104/496
f 1649/104/497 1635/104/497 1636/104/497 1650/104/497
f 1627/104/498 1628/104/498 1639/104/498 1642/104/498
f 1628/104/498 1626/104/498 1637/104/498 1639/104/498
f 1646/104/499 1631/104/499 1635/104/499 1649/104/499
f 1650/104/500 1636/104/500 1633/104/500 1648/104/500
f 1644/104/501 1643/104/501 1629/104/501 1630/104/501 1631/104/501 1646/104/501
f 1670/104/502 1672/104/502 1655/104/502 1651/104/502 1668/104/502
f 1678/104/503 1659/104/503 1661/104/503 1676/104/503
f 1665/104/504 1654/104/504 1652/104/504 1666/104/504
f 1661/104/505 1656/104/505 1674/104/505 1676/104/505
f 1656/104/505 1655/104/505 1672/104/505 1674/104/505
f 1662/104/506 1653/104/506 1654/104/506 1665/104/506
f 1666/104/507 1652/104/507 1659/104/507 1678/104/507
f 1651/104/508 1653/104/508 1662/104/508 1668/104/508
f 1681/104/509 1685/104/509 1695/104/509 1692/104/509
f 1904/104/510 1697/104/510 1699/104/510 1903/104/510 1905/104/510 1902/104/510 1407/104/510 1906/104/510
f 1909/104/511 1908/104/511 1698/104/511 1700/104/511 1691/104/511 1907/104/511
f 1910/104/512 1696/104/512 1697/104/512 1904/104/512
f 1693/104/513 1696/104/513 1910/104/513 1911/104/513 1839/104/513
f 1694/104/514 1683/104/514 1691/104/514 1700/104/514
f 1699/104/515 1698/104/515 1908/104/515 1913/104/515 1903/104/515
f 1685/104/516 1683/104/516 1694/104/516 1695/104/516
f 2116/104/517 1761/104/517 1702/104/517 2002/104/517
f 1703/104/518 1729/104/518 2115/104/518 2001/104/518
f 2002/104/517 2001/104/517 2115/104/517 2116/104/517
f 2118/104/519 1762/104/519 1761/104/519 2116/104/519
f 2115/104/519 1729/104/519 1731/104/519 2117/104/519
f 2116/104/519 2115/104/519 2117/104/519 2118/104/519
f 2120/104/520 2117/104/520 1731/104/520 1707/104/520 2119/104/520
f 2121/104/520 1738/104/520 1762/104/520 2118/104/520
f 2121/104/520 2118/104/520 2117/104/520 2120/104/520 2119/104/520
f 1707/104/521 1709/104/521 2122/104/521 2119/104/521
f 2124/104/521 2123/104/521 1741/104/521 1738/104/521 2121/104/521
f 2124/104/521 2121/104/521 2119/104/521 2122/104/521 2123/104/521
f 2122/104/522 1709/104/522 1713/104/522 2125/104/522
f 2126/104/522 1746/104/522 1741/104/522 2123/104/522 2127/104/522
f 2127/104/522 2123/104/522 2122/104/522 2125/104/522 2126/104/522
f 2125/104/523 1713/104/523 1710/104/523 2128/104/523
f 2130/104/523 2129/104/523 1744/104/523 1746/104/523 2126/104/523 2131/104/523
f 2131/104/523 2126/104/523 2125/104/523 2128/104/523 2129/104/523 2130/104/523
f 2133/104/524 2128/104/524 1710/104/524 1725/104/524 2134/104/524 2132/104/524 2135/104/524 1743/104/524 1744/104/524 2129/104/524
f 2129/104/150 2128/104/150 2133/104/150
f 2134/104/524 2135/104/524 2132/104/524
f 2134/104/525 1725/104/525 1727/104/525 1759/104/525 1743/104/525 2135/104/525 2136/104/525
f 2135/104/154 2134/104/154 2136/104/154
f 1759/104/526 1727/104/526 1715/104/526 1749/104/526
f 1749/104/527 1715/104/527 1716/104/527 1750/104/527
f 1723/104/528 1757/104/528 1750/104/528 1716/104/528
f 1720/104/529 1755/104/529 1757/104/529 1723/104/529
f 1718/104/530 1753/104/530 1755/104/530 1720/104/530
f 1733/104/531 1764/104/531 1753/104/531 1718/104/531
f 1734/104/532 1766/104/532 1764/104/532 1733/104/532
f 1737/104/533 1767/104/533 1766/104/533 1734/104/533
f 1701/104/534 1767/104/534 1737/104/534 1704/104/534
f 1786/104/535 1790/104/535 1914/104/535 1916/104/535
f 1917/104/488 1792/104/488 1788/104/488 1777/104/488 1835/104/488 2142/104/488 2141/104/488 2140/104/488 2138/104/488 2139/104/488 2137/104/488 2144/104/488 2143/104/488 1918/104/488
f 2143/104/488 2144/104/488 2137/104/488 2139/104/488 2138/104/488 2140/104/488 2141/104/488 2142/104/488
f 1784/104/536 1786/104/536 1916/104/536 1921/104/536 1922/104/536
f 1914/104/535 1790/104/535 1792/104/535 1917/104/535
f 1844/104/537 1782/104/537 1784/104/537 1922/104/537
f 1781/104/488 1771/104/488 1777/104/488 1788/104/488
f 1274/43/538 1280/504/538 1923/504/538 1800/505/538 1803/506/538 1267/42/538
f 1303/507/1 1280/508/1 1274/46/1 1297/509/1 1539/510/1 1540/511/1 1544/512/1 1549/513/1 1555/514/1 1553/515/1 1559/516/1 1546/517/1 1547/518/1 1468/519/1 1461/520/1 1467/521/1 1465/522/1 1463/523/1 1471/524/1 1473/525/1
f 1297/526/539 1274/527/539 1267/53/539 1299/528/539
f 2234/529/540 1253/35/540 1264/5/540 2235/530/540
f 1924/531/541 2185/532/541 2206/532/541 1687/531/541
f 1259/4/1 2213/533/1 2207/534/1 2187/534/1 2219/535/1 2214/533/1
f 1775/536/1 1778/537/1 1892/537/1
f 1898/538/1 1779/539/1 2146/540/1 2108/541/1 1893/539/1 1895/538/1
f 1780/542/542 1853/542/542 2017/540/542 2145/543/542
f 2146/540/150 2145/543/150 2017/540/150 2108/541/150
f 1861/544/1 1863/544/1 1690/545/1 1688/546/1 1866/546/1 1864/545/1
f 1299/528/8 1267/53/8 1803/547/8 1802/548/8 1486/549/8 1474/550/8 1481/551/8 1575/552/8 1571/553/8 1581/554/8 1583/555/8 1585/556/8 1577/557/8 1565/558/8 1566/559/8 1563/560/8
f 1798/561/8 1838/562/8 1301/563/8 1477/564/8 1478/565/8 1488/566/8 1801/567/8
f 1272/344/543 1278/568/543 1281/569/543 1275/56/543
f 1902/570/1 1414/571/1 1413/572/1 1912/572/1 1689/573/1
f 1925/574/1 1292/575/1 1280/508/1 1303/507/1 1418/576/1 1419/577/1 1407/578/1
f 1280/504/525 1292/579/525 1923/504/525
f 1853/580/150 1780/581/150 1783/582/150 1894/582/150
f 1890/583/1 1785/583/1 1787/584/1 1305/585/1 1719/586/1 1721/587/1 1722/588/1 1724/589/1 1726/590/1 1730/591/1 1728/592/1 1735/593/1 1732/594/1 1705/595/1 1708/596/1 1706/597/1 1717/598/1 1714/599/1 1712/600/1 1711/601/1 1687/531/1 2206/532/1 2209/602/1 2211/603/1 2208/604/1 2190/605/1 1940/606/1 2016/607/1 1941/608/1 1929/609/1 1901/610/1 1610/611/1 1608/612/1 2015/613/1 2147/613/1 1791/614/1 1897/615/1 1896/615/1 1789/615/1 1891/584/1
f 1259/4/1 1930/616/1 1931/617/1 1932/618/1 1933/619/1 1934/620/1 1935/621/1 1936/622/1 1937/623/1 1938/624/1 1939/625/1 2189/626/1 2210/627/1 2207/534/1 2213/533/1
f 1894/628/286 1783/629/286 2147/613/286 2015/613/286
f 1900/630/1 1775/536/1 1616/630/1
f 1908/631/1 1909/631/1 1424/632/1 1913/632/1
f 1289/633/544 1288/634/544 1286/635/544 1295/636/544
f 1278/568/545 1289/633/545 1295/636/545 1281/569/545
f 1301/563/8 1838/562/8 1840/637/8
f 1424/632/8 1438/638/8 1905/639/8 1903/638/8 1913/632/8
f 1906/640/1 1432/641/1 1433/642/1 1911/643/1 1910/644/1 1904/640/1
f 1413/572/1 1907/645/1 1686/645/1 1912/572/1
f 1899/646/1 1598/646/1 1787/584/1
f 1325/647/1 1335/648/1 1339/649/1 1330/650/1 1919/650/1 1920/649/1 1770/649/1 1774/651/1 1845/652/1 1846/653/1 1847/654/1
f 1433/642/8 1447/655/8 1842/656/8 1841/657/8 1321/658/8 1312/659/8 1301/563/8 1840/637/8 1839/660/8 1911/643/8
f 1349/661/8 1347/662/8 1344/663/8 1321/658/8 1841/657/8 1844/664/8 1922/662/8 1921/661/8
f 1919/650/1 1330/650/1 1353/665/1 1359/666/1 1351/667/1 1355/668/1 1591/669/1 1593/670/1 1595/671/1 1597/672/1 1599/673/1 1600/674/1 1601/675/1 1603/676/1 1609/677/1 1621/678/1 1615/679/1 1613/680/1 1612/681/1 1620/682/1 1618/683/1 1607/684/1 1606/685/1 1736/686/1 1739/687/1 1748/688/1 1751/689/1 1754/690/1 1752/691/1 1747/692/1 1745/693/1 1740/694/1 1742/695/1 1719/586/1 1305/585/1 1915/665/1 1776/696/1
f 1456/697/1 1418/576/1 1303/507/1 1315/698/1 1325/647/1 1847/654/1 1843/699/1
f 1587/700/8 1575/552/8 1481/551/8 1492/701/8 1477/564/8 1301/563/8 1312/659/8 1503/702/8 1497/703/8 1495/704/8 1498/705/8 1499/706/8 1309/707/8 1299/528/8 1563/560/8
f 1856/708/546 1870/709/546 1768/708/546 1769/710/546 1773/711/546 1772/712/546 1763/713/546 1756/714/546 1860/714/546 1859/713/546 1858/712/546 1857/711/546 1855/710/546
f 1883/715/1 1882/716/1 1884/715/1
f 1640/717/547 1638/718/547 1641/719/547 1634/720/547 1632/721/547 1881/722/547 1880/723/547 1879/724/547 1878/725/547 1877/726/547 1876/717/547
f 1760/727/8 1758/728/8 1765/729/8 1869/730/8 1868/729/8 1867/728/8 1865/727/8 1866/546/8 1688/546/8
f 1918/731/1 1365/732/1 1361/733/1 1349/661/1 1921/661/1 1916/733/1 1914/732/1 1917/731/1
f 1736/686/548 1606/685/548 1640/717/548 1876/717/548 1805/734/548 1806/686/548 2021/735/548 2148/735/548
f 1860/714/4 1756/714/4 2149/736/4 2020/737/4
f 2148/735/4 2021/735/4 2020/737/4 2149/736/4
f 1328/738/549 1297/526/549 1299/528/549 1309/707/549
f 1507/739/1 1512/740/1 1315/698/1 1303/507/1 1473/525/1 1493/741/1 1468/519/1 1547/518/1 1589/742/1 1539/510/1 1297/509/1 1328/743/1 1510/744/1 1508/745/1 1504/746/1
f 1514/747/1 1510/744/1 1328/743/1 1275/47/1 1281/748/1 1315/698/1 1512/740/1 1516/749/1 1524/750/1 1519/751/1 1522/752/1
f 1275/753/550 1328/738/550 1309/707/550 1272/52/550
f 1875/754/551 1645/755/551 1647/756/551 2231/757/551 2233/758/551 1850/759/551 1851/760/551 1804/756/551
f 1885/761/1 1886/761/1 1887/762/1
f 1848/763/8 1850/759/8 2233/758/8 2230/764/8 1849/765/8 2229/766/8
f 1889/767/552 1663/768/552 1657/769/552 1660/770/552 1658/771/552 1645/755/552 1875/754/552 1874/771/552 1873/770/552 1871/769/552 1872/768/552 1888/767/552
f 1535/772/8 1503/702/8 1312/659/8 1278/773/8 1272/52/8 1309/707/8 1499/706/8 1529/774/8 1527/775/8 1531/776/8 1534/777/8
f 1380/778/1 1387/779/1 1325/647/1 1315/698/1 1281/748/1 1295/780/1 1384/781/1
f 1396/782/553 1286/783/553 2235/784/553 1264/5/553 2231/757/553 2232/785/553 1397/786/553 1394/787/553
f 1403/788/8 1321/658/8 1344/663/8
f 1289/789/8 1399/790/8 1373/791/8 1288/792/8
f 1404/793/8 1399/790/8 1289/789/8 1278/773/8 1312/659/8 1321/658/8 1403/788/8
f 1335/648/1 1325/647/1 1387/779/1
f 1384/781/1 1295/780/1 1286/783/1 1396/782/1
f 1399/104/554 1404/104/554 1380/104/554 1384/104/554 1396/104/554 1394/104/554 1369/104/554 1373/104/554
f 1359/104/490 1353/104/490 1361/104/490 1365/104/490
f 1820/104/555 1390/104/555 1355/104/555 1351/104/555 1832/104/555
f 1330/104/556 1339/104/556 1347/104/556 1349/104/556 1361/104/556 1353/104/556
f 1832/104/490 1351/104/490 1359/104/490 1365/104/490 1918/104/490 2143/104/490 2151/104/490 2150/104/490 2142/104/490 1835/104/490
f 2150/104/557 2151/104/557 2143/104/557 2142/104/557
f 1397/104/554 1379/104/554 1369/104/554 1394/104/554
f 1335/104/556 1387/104/556 1380/104/556 1404/104/556 1403/104/556 1344/104/556 1347/104/556 1339/104/556
f 1379/104/488 1397/104/488 2232/104/488 1390/104/488 1820/104/488 1809/104/488 1849/104/488 2230/104/488
f 1842/104/509 1447/104/509 1456/104/509 1843/104/509
f 1438/104/510 1414/104/510 1902/104/510 1905/104/510
f 1407/104/558 1419/104/558 1432/104/558 1906/104/558
f 1433/104/558 1432/104/558 1419/104/558 1418/104/558 1456/104/558 1447/104/558
f 1413/104/559 1414/104/559 1438/104/559 1424/104/559 1909/104/559 1907/104/559
f 1477/104/560 1492/104/560 1493/104/560 1473/104/560 1471/104/560 1478/104/560
f 1486/104/561 1467/104/561 1461/104/561 1474/104/561
f 1488/104/562 1463/104/562 1465/104/562 1837/104/562 1797/104/562 1801/104/562
f 1481/104/563 1474/104/563 1461/104/563 1468/104/563 1493/104/563 1492/104/563
f 1465/104/561 1467/104/561 1486/104/561 1802/104/561 1799/104/561 1837/104/561
f 1478/104/564 1471/104/564 1463/104/564 1488/104/564
f 1519/104/565 1524/104/565 1534/104/565 1531/104/565
f 1499/104/566 1498/104/566 1508/104/566 1510/104/566 1514/104/566 1529/104/566
f 1497/104/567 1507/104/567 1504/104/567 1495/104/567
f 1514/104/568 1522/104/568 1527/104/568 1529/104/568
f 1508/104/569 1498/104/569 1495/104/569 1504/104/569
f 1534/104/570 1524/104/570 1516/104/570 1535/104/570
f 1527/104/571 1522/104/571 1519/104/571 1531/104/571
f 1512/104/572 1507/104/572 1497/104/572 1503/104/572 1535/104/572 1516/104/572
f 1544/104/573 1540/104/573 1566/104/573 1565/104/573
f 1583/104/574 1553/104/574 1555/104/574 1585/104/574
f 1571/104/575 1546/104/575 1559/104/575 1581/104/575
f 1549/104/576 1577/104/576 1585/104/576 1555/104/576
f 1549/104/577 1544/104/577 1565/104/577 1577/104/577
f 1587/104/578 1589/104/578 1547/104/578 1546/104/578 1571/104/578 1575/104/578
f 1581/104/579 1559/104/579 1553/104/579 1583/104/579
f 1563/104/573 1566/104/573 1540/104/573 1539/104/573 1589/104/573 1587/104/573
f 1657/104/580 1663/104/580 1680/104/580 1675/104/580
f 1679/104/581 1660/104/581 1657/104/581 1675/104/581
f 1677/104/582 1658/104/582 1660/104/582 1679/104/582
f 1677/104/583 1647/104/583 1645/104/583 1658/104/583
f 1607/104/584 1638/104/584 1640/104/584 1606/104/584
f 1618/104/585 1641/104/585 1638/104/585 1607/104/585
f 1620/104/586 1634/104/586 1641/104/586 1618/104/586
f 1612/104/587 1632/104/587 1634/104/587 1620/104/587
f 1632/104/588 1612/104/588 1613/104/588 1829/104/588 1827/104/588 1881/104/588
f 1829/104/589 1613/104/589 1615/104/589 1822/104/589 2080/104/589 2152/104/589 2081/104/589 1884/104/589 1882/104/589 1828/104/589
f 2081/104/1 2152/104/1 2080/104/1
f 1615/104/1 1621/104/1 1823/104/1 1822/104/1
f 1621/104/1 1609/104/1 1824/104/1 1823/104/1
f 1609/104/1 1603/104/1 1826/104/1 1824/104/1
f 1603/104/1 1601/104/1 1821/104/1 1826/104/1
f 1601/104/1 1600/104/1 1833/104/1 1821/104/1
f 1600/104/1 1599/104/1 1834/104/1 1833/104/1
f 1599/104/1 1597/104/1 1836/104/1 1834/104/1
f 1597/104/1 1595/104/1 1815/104/1 1836/104/1
f 1595/104/1 1593/104/1 1814/104/1 1815/104/1
f 1591/104/8 1664/104/8 1813/104/8 1814/104/8 1593/104/8
f 1813/104/153 1664/104/153 1682/104/153 1812/104/153
f 1682/104/590 1684/104/590 1819/104/590 1812/104/590
f 1819/104/591 1684/104/591 1673/104/591 1818/104/591
f 1673/104/592 1669/104/592 1816/104/592 1818/104/592
f 1817/104/481 1816/104/481 1669/104/481 1667/104/481 1811/104/481 1810/104/481 1887/104/481 1886/104/481
f 1667/104/593 1671/104/593 1807/104/593 1811/104/593
f 1671/104/594 1680/104/594 1663/104/594 1889/104/594 1808/104/594 1807/104/594
f 1752/104/183 1754/104/183 1405/104/183 1769/104/183 1768/104/183 2155/104/183 2153/104/183 2154/104/183
f 2154/104/1 2153/104/1 2155/104/1
f 1754/104/182 1751/104/182 1402/104/182 1405/104/182
f 1402/104/182 1773/104/182 1769/104/182 1405/104/182
f 1748/104/181 1772/104/181 1773/104/181 1402/104/181 1751/104/181
f 2156/104/180 2158/104/180 1763/104/180 1772/104/180 1748/104/180 1739/104/180 2157/104/180
f 2156/104/180 2157/104/180 2158/104/180
f 2157/104/179 1739/104/179 1736/104/179 2148/104/179
f 2159/104/179 2149/104/179 1756/104/179 1763/104/179 2158/104/179
f 2157/104/595 2148/104/595 2149/104/595 2159/104/595 2158/104/595
f 1687/104/596 1711/104/596 1946/104/596 1924/104/596
f 1946/104/597 1711/104/597 1712/104/597 1947/104/597 1948/104/597
f 1712/104/598 1714/104/598 1949/104/598 1947/104/598
f 1717/104/166 1950/104/166 1949/104/166 1714/104/166
f 1717/104/599 1706/104/599 1951/104/599 1950/104/599
f 1706/104/600 1708/104/600 1952/104/600 1951/104/600
f 1708/104/601 1705/104/601 1953/104/601 1952/104/601
f 1705/104/602 1732/104/602 1954/104/602 1953/104/602
f 1954/104/603 1732/104/603 1735/104/603 1955/104/603 1956/104/603
f 1735/104/604 1728/104/604 1957/104/604 1955/104/604
f 1728/104/363 1730/104/363 1958/104/363 1957/104/363
f 1730/104/605 1726/104/605 1959/104/605 1958/104/605
f 1726/104/606 1724/104/606 1960/104/606 1959/104/606
f 1724/104/360 1722/104/360 1961/104/360 1960/104/360
f 1862/104/189 1961/104/189 1722/104/189 1721/104/189 2160/104/189 2161/104/189 2162/104/189 2163/104/189 1690/104/189 1863/104/189
f 2161/104/607 2160/104/607 2163/104/607 2162/104/607
f 2164/104/188 2160/104/188 1721/104/188 1719/104/188 1742/104/188
f 2171/104/188 2170/104/188 2169/104/188 2165/104/188 2166/104/188 1760/104/188 1688/104/188 1690/104/188 2163/104/188 2167/104/188 2168/104/188
f 2170/104/188 2171/104/188 2168/104/188 2167/104/188 2163/104/188 2160/104/188 2164/104/188 2166/104/188 2165/104/188 2169/104/188
f 2164/104/187 1742/104/187 1740/104/187 1460/104/187
f 2172/104/187 1460/104/187 1758/104/187 1760/104/187 2166/104/187 2174/104/187 2176/104/187 2175/104/187 2173/104/187
f 2174/104/187 2166/104/187 2164/104/187 1460/104/187 2172/104/187 2173/104/187 2175/104/187 2176/104/187
f 1460/104/186 1740/104/186 1745/104/186 1411/104/186 1765/104/186 1758/104/186
f 2074/104/185 1411/104/185 1745/104/185 1747/104/185 1831/104/185 1830/104/185
f 1869/104/185 1765/104/185 1411/104/185 2073/104/185
f 1411/104/185 2074/104/185 2073/104/185
f 2155/104/184 1768/104/184 1870/104/184 2079/104/184 2178/104/184 2177/104/184
f 1747/104/184 1752/104/184 2154/104/184 2078/104/184 1825/104/184 1831/104/184
f 2178/104/184 2079/104/184 2078/104/184 2154/104/184 2155/104/184 2177/104/184
f 2113/104/608 1899/104/608 1787/104/608 1785/104/608 2179/104/608
f 2114/104/608 2180/104/608 1778/104/608 1775/104/608 1900/104/608
f 2114/104/608 2113/104/608 2179/104/608 2180/104/608
f 2181/104/488 1791/104/488 2147/104/488
f 2146/104/488 1779/104/488 2182/104/488
f 2147/104/488 1783/104/488 1780/104/488 2145/104/488
f 2181/104/488 2147/104/488 2145/104/488 2146/104/488 2182/104/488
f 1785/104/1 1890/104/1 2105/104/1 2179/104/1
f 2104/104/1 1892/104/1 1778/104/1 2180/104/1
f 2180/104/1 2179/104/1 2105/104/1 2104/104/1
f 2182/104/609 1779/104/609 1898/104/609 2109/104/609
f 2110/104/609 1897/104/609 1791/104/609 2181/104/609
f 2109/104/609 2110/104/609 2181/104/609 2182/104/609
f 2009/794/610 1254/42/610 1257/43/610 2011/795/610
f 2120/796/611 1302/796/611 1304/797/611 1284/798/611 1282/799/611 1279/800/611 1277/801/611 1271/802/611 1269/803/611 1266/804/611 1262/805/611 1257/46/611 1260/47/611 2003/806/611 2005/807/611 2004/808/611 2001/809/611 2115/798/611 2117/797/611
f 2102/810/154 1536/810/154 1542/811/154 2098/812/154 2099/811/154 2100/813/154
f 2141/814/612 2142/815/612 2150/815/612 1579/816/612 1570/817/612 1573/818/612 2137/818/612 2139/818/612 2138/818/612 2140/819/612
f 2012/820/613 2011/821/613 1257/46/613 1262/805/613 1263/822/613 1268/823/613 1273/824/613 1276/825/613 1285/826/613 1287/827/613 1290/828/613 1291/829/613 1313/830/613 2007/831/613
f 1310/832/614 1308/833/614 1307/834/614 1302/796/614 2120/796/614 2119/834/614 2122/833/614 2125/832/614 2128/835/614 2133/835/614
f 2013/836/615 1464/837/615 1462/838/615 1393/839/615 1466/840/615 1469/841/615 1470/842/615 2156/843/615 2157/842/615 2148/844/615 2021/845/615 2022/841/615 2023/839/615
f 1412/846/616 1411/847/616 2074/848/616 2075/849/616 2078/850/616 2154/851/616 2153/851/616
f 1460/852/154 1455/853/154 1457/854/154 1453/855/154 1452/856/154 1408/857/154 2161/858/154 2160/859/154 2164/855/154
f 2134/860/1 2136/860/1 2132/861/1
f 1378/862/617 1375/863/617 1372/864/617 2111/865/617 2113/866/617 2179/864/617 2105/864/617 2106/864/617 2110/863/617 2181/862/617 2147/867/617 1374/867/617
f 2072/868/4 2069/869/4 2070/869/4
f 1260/753/618 1257/527/618 1254/53/618 1256/52/618
f 1551/870/1 1536/871/1 2102/871/1 2103/872/1
f 1573/873/154 1580/874/154 2144/874/154 2137/875/154
f 2003/876/619 1260/56/619 1256/344/619 2000/877/619
f 2027/878/4 1464/837/4 2013/836/4
f 2147/867/4 2145/879/4 1381/879/4 1374/867/4
f 2008/880/620 2006/881/620 1364/882/620 1346/883/620 1345/884/620 1342/885/620 1340/886/620 1331/887/620 1329/888/620 1322/889/620 1318/890/620 1316/891/620 1320/892/620 1256/52/620 1254/53/620 2009/893/620 2010/894/620
f 1360/895/621 1362/896/621 2127/897/621 2123/898/621 2124/899/621
f 2152/900/622 1562/901/622 1560/902/622 1557/903/622 1554/904/622 2096/904/622 2090/903/622 2087/902/622 2084/901/622 2081/900/622
f 2112/905/623 1386/906/623 1389/907/623 1391/908/623 1381/879/623 2017/879/623 2108/909/623 2146/910/623 2182/908/623 2109/907/623 2107/906/623 2104/911/623 2180/911/623 2114/912/623
f 1487/913/624 1489/914/624 2071/915/624
f 2040/916/625 2035/917/625 2034/918/625 1431/919/625 2042/920/625
f 1484/921/626 1434/922/626 1435/923/626 1431/919/626 2034/918/626 1482/917/626
f 2052/924/150 1429/925/150 1425/926/150 1422/927/150 1420/928/150 2063/927/150 2058/926/150 2050/925/150
f 1256/52/625 1320/892/625 1324/929/625 1327/930/625 1332/931/625 1334/932/625 1337/933/625 1338/934/625 1357/935/625 1360/895/625 2124/899/625 2121/895/625 2118/936/625 2116/937/625 2002/938/625 2000/939/625
f 1554/904/627 1567/940/627 1569/941/627 1551/942/627 2103/942/627 2101/941/627 2091/940/627 2096/904/627
f 2143/943/8 2144/944/8 1580/945/8 2151/946/8
f 1266/104/628 1269/104/628 1324/104/628 1320/104/628
f 1324/104/629 1269/104/629 1271/104/629 1327/104/629
f 1327/104/630 1271/104/630 1277/104/630 1332/104/630
f 1332/104/631 1277/104/631 1279/104/631 1334/104/631
f 1334/104/632 1279/104/632 1282/104/632 1337/104/632
f 1337/104/518 1282/104/518 1284/104/518 1338/104/518
f 1304/104/519 1357/104/519 1338/104/519 1284/104/519
f 1357/104/520 1304/104/520 1302/104/520 1307/104/520 1360/104/520
f 1308/104/521 1362/104/521 1360/104/521 1307/104/521
f 2131/104/522 2126/104/522 2127/104/522 1362/104/522 1308/104/522 1310/104/522
f 2130/104/523 2131/104/523 1310/104/523 2133/104/523 2129/104/523
f 2135/104/524 2132/104/524 2136/104/524
f 2007/104/633 1313/104/633 1364/104/633 2006/104/633
f 1364/104/634 1313/104/634 1291/104/634 1346/104/634
f 1346/104/635 1291/104/635 1290/104/635 1345/104/635
f 1345/104/636 1290/104/636 1287/104/636 1342/104/636
f 1342/104/637 1287/104/637 1285/104/637 1340/104/637
f 1340/104/638 1285/104/638 1276/104/638 1331/104/638
f 1331/104/639 1276/104/639 1273/104/639 1329/104/639
f 1329/104/640 1273/104/640 1268/104/640 1322/104/640
f 1322/104/641 1268/104/641 1263/104/641 1318/104/641
f 1263/104/642 1262/104/642 1316/104/642 1318/104/642
f 1262/104/643 1266/104/643 1320/104/643 1316/104/643
f 2111/104/608 1372/104/608 1386/104/608 2112/104/608
f 1381/104/488 1391/104/488 1378/104/488 1374/104/488
f 1386/104/491 1372/104/491 1375/104/491 1389/104/491
f 1378/104/609 1391/104/609 1389/104/609 1375/104/609
f 2026/104/644 1466/104/644 1393/104/644 2024/104/644 2025/104/644
f 2024/104/177 1393/104/177 1462/104/177 2029/104/177 2028/104/177
f 2043/104/350 1434/104/350 1484/104/350 2037/104/350 2036/104/350
f 2046/104/198 1435/104/198 1434/104/198 2043/104/198 2044/104/198 2045/104/198 2041/104/198
f 1431/104/196 1435/104/196 2046/104/196
f 2051/104/366 2047/104/366 1518/104/366 1429/104/366 2052/104/366
f 1521/104/364 1425/104/364 1429/104/364 1518/104/364 2059/104/364 2057/104/364 2056/104/364
f 2065/104/195 2064/104/195 2060/104/195 2061/104/195 1422/104/195 1425/104/195 1521/104/195
f 1420/104/193 1422/104/193 2061/104/193 2062/104/193 2066/104/193
f 1525/104/645 2067/104/645 2068/104/645
f 2072/104/190 2071/104/190 1489/104/190 1525/104/190 2068/104/190 2069/104/190
f 2161/104/189 1408/104/189 2162/104/189
f 2167/104/188 2163/104/188 2162/104/188 1408/104/188 1452/104/188 2171/104/188 2168/104/188
f 1457/104/646 1455/104/646 2173/104/646 2175/104/646
f 1411/104/185 1412/104/185 2077/104/185 2073/104/185
f 2079/104/184 2076/104/184 2077/104/184 1412/104/184 2153/104/184 2155/104/184 2177/104/184 2178/104/184
f 2156/104/180 1470/104/180 2159/104/180 2158/104/180
f 2149/104/179 2159/104/179 1470/104/179 1469/104/179 1500/104/179 2020/104/179
f 1469/104/178 1466/104/178 2026/104/178 1500/104/178
f 2029/104/177 1462/104/177 1464/104/177 2027/104/177
f 2032/104/351 2030/104/351 1482/104/351 2034/104/351 2031/104/351
f 2039/104/350 2037/104/350 1484/104/350 1482/104/350 2030/104/350 2033/104/350 2038/104/350
f 2049/104/366 1518/104/366 2047/104/366
f 2055/104/364 1521/104/364 2056/104/364 2053/104/364
f 1518/104/364 2049/104/364 2048/104/364 2059/104/364
f 2055/104/647 2054/104/647 2065/104/647 1521/104/647
f 1487/104/648 2067/104/648 1525/104/648
f 1487/104/649 1525/104/649 1489/104/649
f 2174/104/188 2166/104/188 2165/104/188 2169/104/188 2170/104/188 2171/104/188 1452/104/188 1453/104/188
f 2176/104/650 2174/104/650 1453/104/650 1457/104/650 2175/104/650
f 2173/104/651 1455/104/651 1460/104/651 2172/104/651
f 2083/104/463 1562/104/463 2152/104/463 2080/104/463
f 2082/104/464 2086/104/464 1560/104/464 1562/104/464 2083/104/464
f 2086/104/466 2085/104/466 2089/104/466 1557/104/466 1560/104/466
f 2097/104/468 2092/104/468 2093/104/468 2094/104/468 1567/104/468 1554/104/468 1557/104/468 2089/104/468 2088/104/468
f 2098/104/470 1542/104/470 1569/104/470 1567/104/470 2094/104/470 2095/104/470
f 1536/104/472 1551/104/472 1569/104/472 1542/104/472
f 2151/104/488 1580/104/488 1573/104/488 1570/104/488 1579/104/488 2150/104/488
f 2209/104/652 2205/104/652 2192/104/652 2196/104/652 2199/104/652 2211/104/652
f 2189/104/653 2188/104/653 2191/104/653 2198/104/653 2193/104/653 2210/104/653
f 2203/104/654 2184/104/654 2186/104/654 2204/104/654
f 2197/104/655 2198/104/655 2191/104/655 2190/104/655 2208/104/655
f 2199/104/656 2195/104/656 2197/104/656 2208/104/656 2211/104/656
f 2201/104/657 2183/104/657 2184/104/657 2203/104/657 2200/104/657
f 2210/104/658 2193/104/658 2194/104/658 2204/104/658 2186/104/658 2187/104/658 2207/104/658
f 2206/104/508 2185/104/508 2183/104/508 2201/104/508 2202/104/508 2205/104/508 2209/104/508
f 2214/947/1 2216/948/1 1261/5/1 1928/170/1 1927/169/1 1259/172/1
f 2216/949/659 2212/950/659 1255/35/659 1261/5/659
f 2212/951/8 2215/499/8 1251/498/8 1854/439/8 1255/35/8
f 2183/146/1 2218/145/1 2220/952/1 2219/953/1 2187/954/1 2186/955/1 2184/956/1
f 2218/346/660 2217/345/660 2221/957/660 2220/958/660
f 2217/489/8 2201/488/8 2200/501/8 2222/500/8 2221/959/8
f 2224/960/661 2223/961/661 2227/962/661 2228/963/661
f 2220/958/662 2221/957/662 2212/950/662 2216/949/662
f 2221/959/8 2222/500/8 2215/499/8 2212/951/8
f 2219/953/1 2220/952/1 2216/948/1 2214/947/1
f 2228/963/663 2227/962/663 1258/4/663 1250/1/663
f 2226/129/664 2225/128/664 2223/961/664 2224/960/664
f 1288/634/665 2234/529/665 2235/530/665 1286/635/665
f 2232/785/1 2231/757/1 1647/756/1 1677/964/1 1679/965/1 1675/966/1 1680/967/1 1671/968/1 1667/969/1 1669/970/1 1673/971/1 1684/972/1 1682/973/1 1664/974/1 1591/669/1 1355/668/1 1390/975/1
f 2230/764/666 2233/758/666 1253/35/666 2234/976/666 1288/792/666 1373/791/666 1369/977/666 1379/978/666
f 2233/758/667 2231/757/667 1264/5/667 1253/35/667
