# Blender 4.4.3
# www.blender.org
mtllib player.mtl
o 立方体.001
v -0.400000 -0.500000 -0.400000
v 0.750000 0.083147 -0.055557
v 0.125000 -0.234705 -0.525000
v 0.125000 -0.193863 -0.525000
v -0.500000 -0.400000 -0.400000
v 0.750000 0.055557 -0.083147
v -0.400000 -0.400000 -0.500000
v -0.449934 -0.486640 -0.400000
v 0.750000 0.019509 -0.098079
v -0.125000 -0.234705 -0.525000
v 0.750000 0.000000 -0.100000
v -0.400000 -0.486640 -0.449934
v -0.125000 -0.193863 -0.525000
v 0.721651 0.917844 0.099103
v -0.447821 -0.473663 -0.447821
v 0.750000 -0.019509 -0.098079
v -0.486640 -0.400000 -0.449934
v 0.678349 0.917844 0.074103
v 0.750000 -0.055557 -0.083147
v -0.486640 -0.449934 -0.400000
v -0.473663 -0.447821 -0.447821
v 0.778349 0.917844 -0.099103
v -0.400000 -0.449934 -0.486640
v 0.821651 0.917844 -0.074103
v -0.449934 -0.400000 -0.486640
v 0.750000 1.080000 0.000000
v 0.760839 0.083147 -0.054490
v -0.000000 -0.264010 -0.525000
v 0.763795 0.070711 -0.069352
v -0.000000 -0.225000 -0.525000
v -0.447821 -0.447821 -0.473663
v 0.766221 0.055557 -0.081549
v -0.400000 0.500000 -0.400000
v 0.768024 0.038268 -0.090613
v -0.400000 0.400000 -0.500000
v 0.769134 0.019509 -0.096194
v -0.500000 0.400000 -0.400000
v 0.769509 0.000000 -0.098079
v 0.769134 -0.019509 -0.096194
v -0.400000 0.486640 -0.449934
v -0.449934 0.486640 -0.400000
v 0.768024 -0.038268 -0.090613
v 0.766221 -0.055557 -0.081549
v -0.447821 0.473663 -0.447821
v 0.763795 -0.070711 -0.069352
v -0.449934 0.400000 -0.486640
v -0.400000 0.449934 -0.486640
v 0.760839 -0.083147 -0.054490
v 0.757466 -0.092388 -0.037533
v -0.447821 0.447821 -0.473663
v 0.753806 -0.098079 -0.019134
v -0.486640 0.449934 -0.400000
v -0.486640 0.400000 -0.449934
v 0.771261 0.083147 -0.051328
v -0.473663 0.447821 -0.447821
v 0.777060 0.070711 -0.065328
v -0.400000 -0.500000 0.400000
v 0.781819 0.055557 -0.076818
v -0.400000 -0.400000 0.500000
v 0.785355 0.038268 -0.085355
v -0.500000 -0.400000 0.400000
v 0.787533 0.019509 -0.090613
v -0.400000 -0.486640 0.449934
v 0.788268 0.000000 -0.092388
v -0.449934 -0.486640 0.400000
v 0.787533 -0.019509 -0.090613
v -0.447821 -0.473663 0.447821
v 0.785355 -0.038268 -0.085355
v -0.449934 -0.400000 0.486640
v 0.781819 -0.055557 -0.076818
v -0.400000 -0.449934 0.486640
v 0.777060 -0.070711 -0.065328
v -0.447821 -0.447821 0.473663
v 0.771261 -0.083147 -0.051328
v -0.486640 -0.449934 0.400000
v 0.764645 -0.092388 -0.035355
v -0.486640 -0.400000 0.449934
v 0.757466 -0.098079 -0.018024
v -0.473663 -0.447821 0.447821
v 0.780866 0.083147 -0.046194
v 0.789285 0.070711 -0.058794
v -0.400000 0.500000 0.400000
v -0.500000 0.400000 0.400000
v 0.796194 0.055557 -0.069134
v 0.801328 0.038268 -0.076818
v -0.400000 0.400000 0.500000
v 0.804490 0.019509 -0.081549
v -0.449934 0.486640 0.400000
v 0.805557 0.000000 -0.083147
v -0.400000 0.486640 0.449934
v 0.804490 -0.019509 -0.081549
v -0.447821 0.473663 0.447821
v 0.801328 -0.038268 -0.076818
v -0.486640 0.400000 0.449934
v 0.796194 -0.055557 -0.069134
v -0.486640 0.449934 0.400000
v 0.789285 -0.070711 -0.058794
v -0.473663 0.447821 0.447821
v -0.400000 0.449934 0.486640
v 0.780866 -0.083147 -0.046194
v -0.449934 0.400000 0.486640
v 0.771261 -0.092388 -0.031819
v 0.760839 -0.098079 -0.016221
v -0.447821 0.447821 0.473663
v 0.000000 -0.500000 0.400000
v 0.789285 0.083147 -0.039285
v 0.000000 -0.486640 0.449934
v 0.800000 0.070711 -0.050000
v 0.000000 -0.449934 0.486640
v 0.808794 0.055557 -0.058794
v 0.000000 -0.400000 0.500000
v 0.815328 0.038268 -0.065328
v 0.000000 0.500000 0.400000
v 0.819352 0.019509 -0.069352
v 0.000000 0.486640 0.449934
v 0.820711 0.000000 -0.070711
v 0.000000 0.449934 0.486640
v 0.819352 -0.019509 -0.069352
v 0.815328 -0.038268 -0.065328
v 0.000000 0.400000 0.500000
v 0.808794 -0.055557 -0.058794
v -0.000000 -0.500000 -0.400000
v -0.000000 -0.486640 -0.449934
v 0.800000 -0.070711 -0.050000
v 0.789285 -0.083147 -0.039285
v -0.000000 -0.449934 -0.486640
v 0.777060 -0.092388 -0.027060
v -0.000000 -0.400000 -0.500000
v 0.763795 -0.098079 -0.013795
v -0.000000 0.500000 -0.400000
v -0.000000 0.486640 -0.449934
v 0.796194 0.083147 -0.030866
v -0.000000 0.449934 -0.486640
v 0.808794 0.070711 -0.039285
v -0.000000 0.400000 -0.500000
v 0.819134 0.055557 -0.046194
v 0.826818 0.038268 -0.051328
v -0.200000 0.250000 -0.500000
v 0.831549 0.019509 -0.054490
v -0.219509 0.248079 -0.500000
v 0.833147 0.000000 -0.055557
v -0.238268 0.242388 -0.500000
v -0.255557 0.233147 -0.500000
v 0.831549 -0.019509 -0.054490
v -0.270711 0.220711 -0.500000
v 0.826818 -0.038268 -0.051328
v -0.283147 0.205557 -0.500000
v 0.819134 -0.055557 -0.046194
v -0.292388 0.188268 -0.500000
v 0.808794 -0.070711 -0.039285
v -0.298079 0.169509 -0.500000
v 0.796194 -0.083147 -0.030866
v -0.300000 0.150000 -0.500000
v 0.781819 -0.092388 -0.021261
v 0.766221 -0.098079 -0.010839
v -0.298079 0.130491 -0.500000
v -0.292388 0.111732 -0.500000
v 0.801328 0.083147 -0.021261
v -0.283147 0.094443 -0.500000
v 0.815328 0.070711 -0.027060
v 0.826818 0.055557 -0.031819
v -0.270711 0.079289 -0.500000
v 0.835355 0.038268 -0.035355
v -0.255557 0.066853 -0.500000
v 0.840613 0.019509 -0.037533
v -0.238268 0.057612 -0.500000
v 0.842388 0.000000 -0.038268
v -0.219509 0.051921 -0.500000
v 0.840613 -0.019509 -0.037533
v -0.219134 0.248079 -0.503806
v -0.237533 0.242388 -0.507466
v 0.835355 -0.038268 -0.035355
v -0.254490 0.233147 -0.510839
v 0.826818 -0.055557 -0.031819
v -0.269352 0.220711 -0.513795
v 0.815328 -0.070711 -0.027060
v 0.801328 -0.083147 -0.021261
v -0.281549 0.205557 -0.516221
v 0.785355 -0.092388 -0.014645
v -0.290613 0.188268 -0.518024
v 0.768024 -0.098079 -0.007466
v -0.296194 0.169509 -0.519134
v -0.298079 0.150000 -0.519509
v 0.787533 0.092388 -0.007466
v -0.296194 0.130491 -0.519134
v 0.804490 0.083147 -0.010839
v 0.819352 0.070711 -0.013795
v -0.290613 0.111732 -0.518024
v -0.281549 0.094443 -0.516221
v 0.831549 0.055557 -0.016221
v -0.269352 0.079289 -0.513795
v 0.840613 0.038268 -0.018024
v -0.254490 0.066853 -0.510839
v 0.846194 0.019509 -0.019134
v -0.237533 0.057612 -0.507466
v 0.848079 0.000000 -0.019509
v 0.846194 -0.019509 -0.019134
v -0.219134 0.051921 -0.503806
v 0.840613 -0.038268 -0.018024
v -0.218024 0.248079 -0.507466
v -0.235355 0.242388 -0.514645
v 0.831549 -0.055557 -0.016221
v 0.819352 -0.070711 -0.013795
v -0.251328 0.233147 -0.521261
v -0.265328 0.220711 -0.527060
v 0.804490 -0.083147 -0.010839
v 0.787533 -0.092388 -0.007466
v -0.276818 0.205557 -0.531819
v 0.769134 -0.098079 -0.003806
v -0.285355 0.188268 -0.535355
v 0.788268 0.092388 -0.000000
v -0.290613 0.169509 -0.537533
v 0.805557 0.083147 0.000000
v -0.292388 0.150000 -0.538268
v 0.820711 0.070711 -0.000000
v -0.290613 0.130491 -0.537533
v 0.833147 0.055557 0.000000
v -0.285355 0.111732 -0.535355
v 0.842388 0.038268 -0.000000
v -0.276818 0.094443 -0.531819
v 0.848079 0.019509 0.000000
v -0.265328 0.079289 -0.527060
v 0.850000 0.000000 0.000000
v -0.251328 0.066853 -0.521261
v 0.848079 -0.019509 0.000000
v -0.235355 0.057612 -0.514645
v 0.842388 -0.038268 -0.000000
v -0.218024 0.051921 -0.507466
v -0.216221 0.248079 -0.510839
v 0.833147 -0.055557 0.000000
v -0.231819 0.242388 -0.521261
v 0.820711 -0.070711 -0.000000
v 0.805557 -0.083147 0.000000
v -0.246194 0.233147 -0.530866
v -0.258794 0.220711 -0.539285
v 0.788268 -0.092388 -0.000000
v 0.769509 -0.098079 -0.000000
v -0.269134 0.205557 -0.546194
v 0.787533 0.092388 0.007466
v -0.276818 0.188268 -0.551328
v 0.804490 0.083147 0.010839
v -0.281549 0.169509 -0.554489
v 0.819352 0.070711 0.013795
v -0.283147 0.150000 -0.555557
v 0.831549 0.055557 0.016221
v -0.281549 0.130491 -0.554489
v 0.840613 0.038268 0.018024
v -0.276818 0.111732 -0.551328
v 0.846194 0.019509 0.019134
v -0.269134 0.094443 -0.546194
v -0.258794 0.079289 -0.539285
v 0.848079 0.000000 0.019509
v 0.846194 -0.019509 0.019134
v -0.246194 0.066853 -0.530866
v 0.840613 -0.038268 0.018024
v -0.231819 0.057612 -0.521261
v 0.831549 -0.055557 0.016221
v -0.216221 0.051921 -0.510839
v 0.819352 -0.070711 0.013795
v -0.213795 0.248079 -0.513795
v -0.227060 0.242388 -0.527060
v 0.804490 -0.083147 0.010839
v -0.239285 0.233147 -0.539285
v 0.787533 -0.092388 0.007466
v -0.250000 0.220711 -0.550000
v 0.769134 -0.098079 0.003806
v -0.258794 0.205557 -0.558794
v 0.785355 0.092388 0.014645
v -0.265328 0.188268 -0.565328
v 0.801328 0.083147 0.021261
v 0.815328 0.070711 0.027060
v -0.269352 0.169509 -0.569352
v -0.270711 0.150000 -0.570711
v 0.826818 0.055557 0.031819
v 0.835355 0.038268 0.035355
v -0.269352 0.130491 -0.569352
v -0.265328 0.111732 -0.565328
v 0.840613 0.019509 0.037533
v -0.258794 0.094443 -0.558794
v 0.842388 0.000000 0.038268
v -0.250000 0.079289 -0.550000
v 0.840613 -0.019509 0.037533
v -0.239285 0.066853 -0.539285
v 0.835355 -0.038268 0.035355
v -0.227060 0.057612 -0.527060
v 0.826818 -0.055557 0.031819
v 0.815328 -0.070711 0.027060
v -0.213795 0.051921 -0.513795
v -0.210839 0.248079 -0.516221
v 0.801328 -0.083147 0.021261
v -0.221261 0.242388 -0.531819
v 0.785355 -0.092388 0.014645
v 0.768024 -0.098079 0.007466
v -0.230866 0.233147 -0.546194
v -0.239285 0.220711 -0.558794
v 0.781819 0.092388 0.021261
v -0.246194 0.205557 -0.569134
v 0.796194 0.083147 0.030866
v -0.251328 0.188268 -0.576818
v 0.808794 0.070711 0.039285
v -0.254490 0.169509 -0.581549
v 0.819134 0.055557 0.046194
v -0.255557 0.150000 -0.583147
v 0.826818 0.038268 0.051328
v -0.254490 0.130491 -0.581549
v 0.831549 0.019509 0.054490
v -0.251328 0.111732 -0.576818
v 0.833147 0.000000 0.055557
v -0.246194 0.094443 -0.569134
v 0.831549 -0.019509 0.054490
v 0.826818 -0.038268 0.051328
v -0.239285 0.079289 -0.558794
v -0.230866 0.066853 -0.546194
v 0.819134 -0.055557 0.046194
v 0.808794 -0.070711 0.039285
v -0.221261 0.057612 -0.531819
v 0.796194 -0.083147 0.030866
v -0.210839 0.051921 -0.516221
v 0.781819 -0.092388 0.021261
v -0.207466 0.248079 -0.518024
v 0.766221 -0.098079 0.010839
v -0.214645 0.242388 -0.535355
v -0.221261 0.233147 -0.551328
v 0.777060 0.092388 0.027060
v -0.227060 0.220711 -0.565328
v 0.789285 0.083147 0.039285
v 0.800000 0.070711 0.050000
v -0.231819 0.205557 -0.576818
v -0.235355 0.188268 -0.585355
v 0.808794 0.055557 0.058794
v 0.815328 0.038268 0.065328
v -0.237533 0.169509 -0.590613
v -0.238268 0.150000 -0.592388
v 0.819352 0.019509 0.069352
v -0.237533 0.130491 -0.590613
v 0.820711 0.000000 0.070711
v -0.235355 0.111732 -0.585355
v 0.819352 -0.019509 0.069352
v 0.815328 -0.038268 0.065328
v -0.231819 0.094443 -0.576818
v 0.808794 -0.055557 0.058794
v -0.227060 0.079289 -0.565328
v 0.800000 -0.070711 0.050000
v -0.221261 0.066853 -0.551328
v -0.214645 0.057612 -0.535355
v 0.789285 -0.083147 0.039285
v -0.207466 0.051921 -0.518024
v 0.777060 -0.092388 0.027060
v -0.203806 0.248079 -0.519134
v 0.763795 -0.098079 0.013795
v 0.771261 0.092388 0.031819
v -0.207466 0.242388 -0.537533
v 0.780866 0.083147 0.046194
v -0.210839 0.233147 -0.554489
v 0.789285 0.070711 0.058794
v -0.213795 0.220711 -0.569352
v -0.216221 0.205557 -0.581549
v 0.796194 0.055557 0.069134
v 0.801328 0.038268 0.076818
v -0.218024 0.188268 -0.590613
v -0.219134 0.169509 -0.596194
v 0.804489 0.019509 0.081549
v -0.219509 0.150000 -0.598078
v 0.805557 0.000000 0.083147
v 0.804489 -0.019509 0.081549
v -0.219134 0.130491 -0.596194
v 0.801328 -0.038268 0.076818
v -0.218024 0.111732 -0.590613
v 0.796194 -0.055557 0.069134
v -0.216221 0.094443 -0.581549
v 0.789285 -0.070711 0.058794
v -0.213795 0.079289 -0.569352
v 0.780866 -0.083147 0.046194
v -0.210839 0.066853 -0.554489
v -0.207466 0.057612 -0.537533
v 0.771261 -0.092388 0.031819
v -0.203806 0.051921 -0.519134
v 0.760839 -0.098079 0.016221
v 0.764645 0.092388 0.035355
v -0.200000 0.248079 -0.519509
v -0.200000 0.242388 -0.538268
v 0.771261 0.083147 0.051328
v -0.200000 0.233147 -0.555557
v 0.777060 0.070711 0.065328
v -0.200000 0.220711 -0.570711
v 0.781819 0.055557 0.076818
v 0.785355 0.038268 0.085355
v -0.200000 0.205557 -0.583147
v 0.787533 0.019509 0.090613
v -0.200000 0.188268 -0.592388
v 0.788268 0.000000 0.092388
v -0.200000 0.169509 -0.598078
v -0.200000 0.150000 -0.600000
v 0.787533 -0.019509 0.090613
v -0.200000 0.130491 -0.598078
v 0.785355 -0.038268 0.085355
v 0.781819 -0.055557 0.076818
v -0.200000 0.111732 -0.592388
v 0.777060 -0.070711 0.065328
v -0.200000 0.094443 -0.583147
v 0.771261 -0.083147 0.051328
v -0.200000 0.079289 -0.570711
v 0.764645 -0.092388 0.035355
v -0.200000 0.066853 -0.555557
v 0.757466 -0.098079 0.018024
v -0.200000 0.057612 -0.538268
v -0.200000 0.051921 -0.519509
v 0.757466 0.092388 0.037533
v 0.760839 0.083147 0.054490
v -0.196194 0.248079 -0.519134
v 0.763795 0.070711 0.069352
v -0.192534 0.242388 -0.537533
v 0.766221 0.055557 0.081549
v -0.189161 0.233147 -0.554489
v 0.768024 0.038268 0.090613
v -0.186205 0.220711 -0.569352
v -0.183779 0.205557 -0.581549
v 0.769134 0.019509 0.096194
v -0.181976 0.188268 -0.590613
v 0.769509 0.000000 0.098079
v 0.769134 -0.019509 0.096194
v -0.180866 0.169509 -0.596194
v 0.768024 -0.038268 0.090613
v -0.180491 0.150000 -0.598078
v -0.180866 0.130491 -0.596194
v 0.766221 -0.055557 0.081549
v -0.181976 0.111732 -0.590613
v 0.763795 -0.070711 0.069352
v -0.183779 0.094443 -0.581549
v 0.760839 -0.083147 0.054490
v -0.186205 0.079289 -0.569352
v 0.757466 -0.092388 0.037533
v 0.753806 -0.098079 0.019134
v -0.189161 0.066853 -0.554489
v 0.750000 0.083147 0.055557
v -0.192534 0.057612 -0.537533
v 0.750000 0.070711 0.070711
v -0.196194 0.051921 -0.519134
v -0.192534 0.248079 -0.518024
v 0.750000 0.055557 0.083147
v 0.750000 0.038268 0.092388
v -0.185355 0.242388 -0.535355
v -0.178739 0.233147 -0.551328
v 0.750000 0.019509 0.098079
v -0.172940 0.220711 -0.565328
v 0.750000 0.000000 0.100000
v 0.750000 -0.019509 0.098079
v -0.168181 0.205557 -0.576818
v 0.750000 -0.038268 0.092388
v -0.164645 0.188268 -0.585355
v 0.750000 -0.055557 0.083147
v -0.162467 0.169509 -0.590613
v 0.750000 -0.070711 0.070711
v -0.161732 0.150000 -0.592388
v 0.750000 -0.083147 0.055557
v -0.162467 0.130491 -0.590613
v 0.750000 -0.092388 0.038268
v -0.164645 0.111732 -0.585355
v 0.750000 -0.098079 0.019509
v -0.168181 0.094443 -0.576818
v 0.739161 0.083147 0.054489
v -0.172940 0.079289 -0.565328
v 0.736205 0.070711 0.069352
v -0.178739 0.066853 -0.551328
v -0.185355 0.057612 -0.535355
v 0.733779 0.055557 0.081549
v -0.192534 0.051921 -0.518024
v 0.731976 0.038268 0.090613
v 0.730866 0.019509 0.096194
v -0.189161 0.248079 -0.516221
v 0.730491 0.000000 0.098078
v -0.178739 0.242388 -0.531819
v 0.730866 -0.019509 0.096194
v -0.169134 0.233147 -0.546194
v 0.731976 -0.038268 0.090613
v -0.160715 0.220711 -0.558794
v 0.733779 -0.055557 0.081549
v -0.153806 0.205557 -0.569134
v 0.736205 -0.070711 0.069352
v -0.148672 0.188268 -0.576818
v 0.739161 -0.083147 0.054489
v -0.145511 0.169509 -0.581549
v 0.742534 -0.092388 0.037533
v -0.144443 0.150000 -0.583147
v -0.145511 0.130491 -0.581549
v 0.746194 -0.098079 0.019134
v -0.148672 0.111732 -0.576818
v 0.728739 0.083147 0.051328
v -0.153806 0.094443 -0.569134
v 0.722940 0.070711 0.065328
v -0.160715 0.079289 -0.558794
v 0.718181 0.055557 0.076818
v -0.169134 0.066853 -0.546194
v 0.714645 0.038268 0.085355
v -0.178739 0.057612 -0.531819
v 0.712467 0.019509 0.090613
v 0.711732 0.000000 0.092388
v -0.189161 0.051921 -0.516221
v -0.186205 0.248079 -0.513795
v 0.712467 -0.019509 0.090613
v -0.172940 0.242388 -0.527060
v 0.714645 -0.038268 0.085355
v -0.160715 0.233147 -0.539285
v 0.718181 -0.055557 0.076818
v -0.150000 0.220711 -0.550000
v 0.722940 -0.070711 0.065328
v -0.141206 0.205557 -0.558794
v 0.728739 -0.083147 0.051328
v 0.735355 -0.092388 0.035355
v -0.134672 0.188268 -0.565328
v -0.130648 0.169509 -0.569352
v 0.742534 -0.098079 0.018024
v -0.129289 0.150000 -0.570711
v 0.719134 0.083147 0.046194
v -0.130648 0.130491 -0.569352
v 0.710715 0.070711 0.058794
v -0.134672 0.111732 -0.565328
v 0.703806 0.055557 0.069134
v -0.141206 0.094443 -0.558794
v 0.698672 0.038268 0.076818
v -0.150000 0.079289 -0.550000
v 0.695510 0.019509 0.081549
v -0.160715 0.066853 -0.539285
v 0.694443 0.000000 0.083147
v -0.172940 0.057612 -0.527060
v 0.695510 -0.019509 0.081549
v -0.186205 0.051921 -0.513795
v 0.698672 -0.038268 0.076818
v 0.703806 -0.055557 0.069134
v -0.200000 0.050000 -0.500000
v -0.183779 0.248079 -0.510839
v 0.710715 -0.070711 0.058794
v -0.168181 0.242388 -0.521261
v 0.719134 -0.083147 0.046194
v 0.728739 -0.092388 0.031819
v -0.153806 0.233147 -0.530866
v -0.141206 0.220711 -0.539285
v 0.739161 -0.098079 0.016221
v -0.130866 0.205557 -0.546194
v 0.710715 0.083147 0.039285
v 0.700000 0.070711 0.050000
v -0.123182 0.188268 -0.551328
v 0.691206 0.055557 0.058794
v -0.118451 0.169509 -0.554489
v 0.684672 0.038268 0.065328
v -0.116853 0.150000 -0.555557
v -0.118451 0.130491 -0.554489
v 0.680648 0.019509 0.069352
v -0.123182 0.111732 -0.551328
v 0.679289 0.000000 0.070711
v -0.130866 0.094443 -0.546194
v 0.680648 -0.019509 0.069352
v -0.141206 0.079289 -0.539285
v 0.684672 -0.038268 0.065328
v 0.691206 -0.055557 0.058794
v -0.153806 0.066853 -0.530866
v -0.168181 0.057612 -0.521261
v 0.700000 -0.070711 0.050000
v 0.710715 -0.083147 0.039285
v -0.183779 0.051921 -0.510839
v -0.181976 0.248079 -0.507466
v 0.722940 -0.092388 0.027060
v -0.164645 0.242388 -0.514645
v 0.736205 -0.098079 0.013795
v 0.750000 -0.100000 0.000000
v -0.148672 0.233147 -0.521261
v 0.703806 0.083147 0.030866
v -0.134672 0.220711 -0.527060
v -0.123182 0.205557 -0.531819
v 0.691206 0.070711 0.039285
v -0.114645 0.188268 -0.535355
v 0.680866 0.055557 0.046194
v -0.109387 0.169509 -0.537533
v 0.673182 0.038268 0.051328
v 0.668451 0.019509 0.054489
v -0.107612 0.150000 -0.538268
v 0.666853 0.000000 0.055557
v -0.109387 0.130491 -0.537533
v -0.114645 0.111732 -0.535355
v 0.668451 -0.019509 0.054489
v 0.673182 -0.038268 0.051328
v -0.123182 0.094443 -0.531819
v 0.680866 -0.055557 0.046194
v -0.134672 0.079289 -0.527060
v -0.148672 0.066853 -0.521261
v 0.691206 -0.070711 0.039285
v -0.164645 0.057612 -0.514645
v 0.703806 -0.083147 0.030866
v -0.181976 0.051921 -0.507466
v 0.718181 -0.092388 0.021261
v -0.180866 0.248079 -0.503806
v 0.733779 -0.098079 0.010839
v -0.162467 0.242388 -0.507466
v 0.698672 0.083147 0.021261
v 0.684672 0.070711 0.027060
v -0.145511 0.233147 -0.510839
v 0.673182 0.055557 0.031819
v -0.130648 0.220711 -0.513795
v 0.673182 -0.055557 0.031819
v -0.118451 0.205557 -0.516221
v 0.684672 -0.070711 0.027060
v -0.109387 0.188268 -0.518024
v -0.103806 0.169509 -0.519134
v 0.698672 -0.083147 0.021261
v -0.101922 0.150000 -0.519509
v 0.714645 -0.092388 0.014645
v -0.103806 0.130491 -0.519134
v 0.731976 -0.098079 0.007466
v -0.109387 0.111732 -0.518024
v 0.712467 0.092388 0.007466
v 0.695511 0.083147 0.010839
v -0.118451 0.094443 -0.516221
v 0.680648 0.070711 0.013795
v -0.130648 0.079289 -0.513795
v 0.668451 0.055557 0.016221
v -0.145511 0.066853 -0.510839
v 0.668451 -0.055557 0.016221
v -0.162467 0.057612 -0.507466
v -0.180866 0.051921 -0.503806
v 0.680648 -0.070711 0.013795
v 0.695511 -0.083147 0.010839
v -0.180491 0.248079 -0.500000
v -0.161732 0.242388 -0.500000
v 0.712467 -0.092388 0.007466
v -0.144443 0.233147 -0.500000
v 0.730866 -0.098079 0.003806
v 0.711732 0.092388 -0.000000
v -0.129289 0.220711 -0.500000
v 0.694443 0.083147 -0.000000
v -0.107612 0.188268 -0.500000
v 0.679289 0.070711 0.000000
v -0.107612 0.111732 -0.500000
v 0.666853 0.055557 -0.000000
v -0.129289 0.079289 -0.500000
v 0.666853 -0.055557 -0.000000
v -0.144443 0.066853 -0.500000
v 0.679289 -0.070711 0.000000
v -0.161732 0.057612 -0.500000
v 0.694443 -0.083147 -0.000000
v -0.180491 0.051921 -0.500000
v -0.116853 0.205557 -0.500000
v 0.711732 -0.092388 -0.000000
v 0.730491 -0.098079 0.000000
v -0.100000 0.150000 -0.500000
v -0.101922 0.130491 -0.500000
v 0.712467 0.092388 -0.007466
v -0.101922 0.169509 -0.500000
v 0.695511 0.083147 -0.010839
v 0.680648 0.070711 -0.013795
v -0.116853 0.094443 -0.500000
v 0.400000 -0.500000 -0.400000
v 0.668451 0.055557 -0.016221
v 0.668451 -0.055557 -0.016221
v 0.500000 -0.400000 -0.400000
v 0.400000 -0.400000 -0.500000
v 0.680648 -0.070711 -0.013795
v 0.695511 -0.083147 -0.010839
v 0.449934 -0.486640 -0.400000
v 0.400000 -0.486640 -0.449934
v 0.712467 -0.092388 -0.007466
v 0.730866 -0.098079 -0.003806
v 0.447821 -0.473663 -0.447821
v 0.714645 0.092388 -0.014645
v 0.486640 -0.400000 -0.449934
v 0.486640 -0.449934 -0.400000
v 0.698672 0.083147 -0.021261
v 0.684672 0.070711 -0.027060
v 0.473663 -0.447821 -0.447821
v 0.400000 -0.449934 -0.486640
v 0.673182 0.055557 -0.031819
v 0.449934 -0.400000 -0.486640
v 0.673182 -0.055557 -0.031819
v 0.447821 -0.447821 -0.473663
v 0.684672 -0.070711 -0.027060
v 0.698672 -0.083147 -0.021261
v 0.400000 0.500000 -0.400000
v 0.714645 -0.092388 -0.014645
v 0.400000 0.400000 -0.500000
v 0.731976 -0.098079 -0.007466
v 0.500000 0.400000 -0.400000
v 0.718181 0.092388 -0.021261
v 0.400000 0.486640 -0.449934
v 0.449934 0.486640 -0.400000
v 0.703806 0.083147 -0.030866
v 0.447821 0.473663 -0.447821
v 0.691206 0.070711 -0.039285
v 0.449934 0.400000 -0.486640
v 0.680866 0.055557 -0.046194
v 0.673182 0.038268 -0.051328
v 0.400000 0.449934 -0.486640
v 0.668451 0.019509 -0.054490
v 0.447821 0.447821 -0.473663
v 0.666853 0.000000 -0.055557
v 0.486640 0.449934 -0.400000
v 0.668451 -0.019509 -0.054490
v 0.486640 0.400000 -0.449934
v 0.673182 -0.038268 -0.051328
v 0.473663 0.447821 -0.447821
v 0.680866 -0.055557 -0.046194
v 0.400000 -0.500000 0.400000
v 0.400000 -0.400000 0.500000
v 0.691206 -0.070711 -0.039285
v 0.500000 -0.400000 0.400000
v 0.703806 -0.083147 -0.030866
v 0.718181 -0.092388 -0.021261
v 0.400000 -0.486640 0.449934
v 0.733779 -0.098079 -0.010839
v 0.449934 -0.486640 0.400000
v 0.722940 0.092388 -0.027060
v 0.447821 -0.473663 0.447821
v 0.449934 -0.400000 0.486640
v 0.710715 0.083147 -0.039285
v 0.700000 0.070711 -0.050000
v 0.400000 -0.449934 0.486640
v 0.691206 0.055557 -0.058794
v 0.447821 -0.447821 0.473663
v 0.684672 0.038268 -0.065328
v 0.486640 -0.449934 0.400000
v 0.680648 0.019509 -0.069352
v 0.486640 -0.400000 0.449934
v 0.679289 0.000000 -0.070711
v 0.473663 -0.447821 0.447821
v 0.680648 -0.019509 -0.069352
v 0.400000 0.500000 0.400000
v 0.500000 0.400000 0.400000
v 0.684672 -0.038268 -0.065328
v 0.691206 -0.055557 -0.058794
v 0.400000 0.400000 0.500000
v 0.700000 -0.070711 -0.050000
v 0.449934 0.486640 0.400000
v 0.710715 -0.083147 -0.039285
v 0.400000 0.486640 0.449934
v 0.722940 -0.092388 -0.027060
v 0.447821 0.473663 0.447821
v 0.736205 -0.098079 -0.013795
v 0.486640 0.400000 0.449934
v 0.728739 0.092388 -0.031819
v 0.486640 0.449934 0.400000
v 0.719134 0.083147 -0.046194
v 0.473663 0.447821 0.447821
v 0.400000 0.449934 0.486640
v 0.710715 0.070711 -0.058794
v 0.449934 0.400000 0.486640
v 0.703806 0.055557 -0.069134
v 0.698672 0.038268 -0.076818
v 0.447821 0.447821 0.473663
v 0.200000 0.250000 -0.500000
v 0.695511 0.019509 -0.081549
v 0.219509 0.248079 -0.500000
v 0.694443 0.000000 -0.083147
v 0.238268 0.242388 -0.500000
v 0.695511 -0.019509 -0.081549
v 0.698672 -0.038268 -0.076818
v 0.255557 0.233147 -0.500000
v 0.703806 -0.055557 -0.069134
v 0.270711 0.220711 -0.500000
v 0.710715 -0.070711 -0.058794
v 0.283147 0.205557 -0.500000
v 0.719134 -0.083147 -0.046194
v 0.292388 0.188268 -0.500000
v 0.728739 -0.092388 -0.031819
v 0.298078 0.169509 -0.500000
v 0.739161 -0.098079 -0.016221
v 0.300000 0.150000 -0.500000
v 0.298078 0.130491 -0.500000
v 0.735355 0.092388 -0.035355
v 0.728739 0.083147 -0.051328
v 0.292388 0.111732 -0.500000
v 0.722940 0.070711 -0.065328
v 0.283147 0.094443 -0.500000
v 0.270711 0.079289 -0.500000
v 0.718181 0.055557 -0.076818
v 0.714645 0.038268 -0.085355
v 0.255557 0.066853 -0.500000
v 0.238268 0.057612 -0.500000
v 0.712467 0.019509 -0.090613
v 0.219509 0.051921 -0.500000
v 0.711732 0.000000 -0.092388
v 0.219134 0.248079 -0.503806
v 0.712467 -0.019509 -0.090613
v 0.714645 -0.038268 -0.085355
v 0.237533 0.242388 -0.507466
v 0.718181 -0.055557 -0.076818
v 0.254489 0.233147 -0.510839
v 0.722940 -0.070711 -0.065328
v 0.269352 0.220711 -0.513795
v 0.281549 0.205557 -0.516221
v 0.728739 -0.083147 -0.051328
v 0.290613 0.188268 -0.518024
v 0.735355 -0.092388 -0.035355
v 0.296194 0.169509 -0.519134
v 0.742534 -0.098079 -0.018024
v 0.298078 0.150000 -0.519509
v 0.742534 0.092388 -0.037533
v 0.296194 0.130491 -0.519134
v 0.739161 0.083147 -0.054489
v 0.736205 0.070711 -0.069352
v 0.290613 0.111732 -0.518024
v 0.281549 0.094443 -0.516221
v 0.733779 0.055557 -0.081549
v 0.269352 0.079289 -0.513795
v 0.731976 0.038268 -0.090613
v 0.254489 0.066853 -0.510839
v 0.730866 0.019509 -0.096194
v 0.237533 0.057612 -0.507466
v 0.730491 0.000000 -0.098078
v 0.219134 0.051921 -0.503806
v 0.730866 -0.019509 -0.096194
v 0.218024 0.248079 -0.507466
v 0.731976 -0.038268 -0.090613
v 0.235355 0.242388 -0.514645
v 0.733779 -0.055557 -0.081549
v 0.251328 0.233147 -0.521261
v 0.736205 -0.070711 -0.069352
v 0.265328 0.220711 -0.527060
v 0.739161 -0.083147 -0.054489
v 0.276818 0.205557 -0.531819
v 0.742534 -0.092388 -0.037533
v 0.746194 -0.098079 -0.019134
v 0.285355 0.188268 -0.535355
v 0.750000 0.070711 -0.070711
v 0.290613 0.169509 -0.537533
v 0.750000 0.038268 -0.092388
v 0.292388 0.150000 -0.538268
v 0.290613 0.130491 -0.537533
v 0.750000 -0.038268 -0.092388
v 0.285355 0.111732 -0.535355
v 0.750000 -0.070711 -0.070711
v 0.276818 0.094443 -0.531819
v 0.750000 -0.083147 -0.055557
v 0.750000 -0.092388 -0.038268
v 0.265328 0.079289 -0.527060
v 0.750000 -0.098079 -0.019509
v 0.251328 0.066853 -0.521261
v 0.235355 0.057612 -0.514645
v 0.795195 0.084274 -0.028281
v 0.750000 0.086117 0.050000
v 0.218024 0.051921 -0.507466
v 0.748106 0.084264 0.053280
v 0.216221 0.248079 -0.510839
v 0.231819 0.242388 -0.521261
v 0.757182 0.092388 0.037561
v 0.765486 0.095541 0.023177
v 0.246194 0.233147 -0.530866
v 0.762059 0.094438 0.029113
v 0.258794 0.220711 -0.539285
v 0.757397 0.092495 0.037188
v 0.269134 0.205557 -0.546194
v 0.773296 0.096347 0.009650
v 0.276818 0.188268 -0.551328
v 0.281549 0.169509 -0.554489
v 0.770831 0.096397 0.013919
v 0.787941 0.090892 -0.015716
v 0.283147 0.150000 -0.555557
v 0.281549 0.130491 -0.554489
v 0.786033 0.092388 -0.012411
v 0.276818 0.111732 -0.551328
v 0.778867 0.095240 0.000000
v 0.782613 0.093910 -0.006487
v 0.269134 0.094443 -0.546194
v 0.258794 0.079289 -0.539285
v 0.775894 0.095988 0.005151
v 0.246194 0.066853 -0.530866
v 0.768301 0.096145 0.018301
v 0.231819 0.057612 -0.521261
v 0.751894 0.084264 -0.053280
v 0.216221 0.051921 -0.510839
v 0.784585 0.086700 -0.034585
v 0.793684 0.084760 -0.029189
v 0.213795 0.248079 -0.513795
v 0.227060 0.242388 -0.527060
v 0.759727 0.086194 -0.048899
v 0.768251 0.087350 -0.044062
v 0.239285 0.233147 -0.539285
v 0.250000 0.220711 -0.550000
v 0.776332 0.087509 -0.039409
v 0.258794 0.205557 -0.558794
v 0.704805 0.084274 0.028281
v 0.265328 0.188268 -0.565328
v 0.712059 0.090892 0.015716
v 0.721133 0.095240 -0.000000
v 0.269352 0.169509 -0.569352
v 0.270711 0.150000 -0.570711
v 0.717387 0.093910 0.006487
v 0.269352 0.130491 -0.569352
v 0.713967 0.092388 0.012411
v 0.724106 0.095988 -0.005151
v 0.265328 0.111732 -0.565328
v 0.729169 0.096397 -0.013919
v 0.258794 0.094443 -0.558794
v 0.726704 0.096347 -0.009650
v 0.250000 0.079289 -0.550000
v 0.734514 0.095541 -0.023177
v 0.239285 0.066853 -0.539285
v 0.742818 0.092388 -0.037561
v 0.227060 0.057612 -0.527060
v 0.213795 0.051921 -0.513795
v 0.750000 0.086117 -0.050000
v 0.737941 0.094438 -0.029113
v 0.210839 0.248079 -0.516221
v 0.221261 0.242388 -0.531819
v 0.742603 0.092495 -0.037188
v 0.731699 0.096145 -0.018301
v 0.230866 0.233147 -0.546194
v 0.239285 0.220711 -0.558794
v 0.740273 0.086194 0.048899
v 0.731749 0.087350 0.044062
v 0.246194 0.205557 -0.569134
v 0.715415 0.086700 0.034585
v 0.251328 0.188268 -0.576818
v 0.706316 0.084760 0.029189
v 0.254489 0.169509 -0.581549
v 0.723668 0.087509 0.039409
v 0.255557 0.150000 -0.583147
v 0.254489 0.130491 -0.581549
v 0.678396 0.050000 0.047844
v 0.251328 0.111732 -0.576818
v 0.680165 0.050000 0.050000
v 0.675170 0.042740 0.050000
v 0.246194 0.094443 -0.569134
v 0.239285 0.079289 -0.558794
v 0.678396 -0.050000 0.047844
v 0.680165 -0.050000 0.050000
v 0.230866 0.066853 -0.546194
v 0.221261 0.057612 -0.531819
v 0.675170 -0.042740 0.050000
v 0.210839 0.051921 -0.516221
v 0.663883 0.000000 0.050000
v 0.666051 -0.019509 0.050000
v 0.207466 0.248079 -0.518024
v 0.214645 0.242388 -0.535355
v 0.672472 -0.038268 0.050000
v 0.221261 0.233147 -0.551328
v 0.670438 -0.050000 0.032956
v 0.672472 0.038268 0.050000
v 0.227060 0.220711 -0.565328
v 0.670438 0.050000 0.032956
v 0.231819 0.205557 -0.576818
v 0.235355 0.188268 -0.585355
v 0.666051 0.019509 0.050000
v 0.237533 0.169509 -0.590613
v 0.665537 0.050000 0.016801
v 0.665537 -0.050000 0.016801
v 0.238268 0.150000 -0.592388
v 0.237533 0.130491 -0.590613
v 0.663883 -0.050000 -0.000000
v 0.663883 0.050000 -0.000000
v 0.235355 0.111732 -0.585355
v 0.231819 0.094443 -0.576818
v 0.665537 -0.050000 -0.016801
v 0.665537 0.050000 -0.016801
v 0.227060 0.079289 -0.565328
v 0.670438 -0.050000 -0.032956
v 0.221261 0.066853 -0.551328
v 0.214645 0.057612 -0.535355
v 0.670438 0.050000 -0.032956
v 0.207466 0.051921 -0.518024
v 0.672472 0.038268 -0.050000
v 0.203806 0.248079 -0.519134
v 0.666051 0.019509 -0.050000
v 0.207466 0.242388 -0.537533
v 0.663883 0.000000 -0.050000
v 0.210839 0.233147 -0.554489
v 0.666051 -0.019509 -0.050000
v 0.213795 0.220711 -0.569352
v 0.672472 -0.038268 -0.050000
v 0.216221 0.205557 -0.581549
v 0.678396 -0.050000 -0.047844
v 0.218024 0.188268 -0.590613
v 0.675170 -0.042740 -0.050000
v 0.219134 0.169509 -0.596194
v 0.678396 0.050000 -0.047844
v 0.219509 0.150000 -0.598078
v 0.675170 0.042740 -0.050000
v 0.219134 0.130491 -0.596194
v 0.680165 -0.050000 -0.050000
v 0.218024 0.111732 -0.590613
v 0.680165 0.050000 -0.050000
v 0.216221 0.094443 -0.581549
v 0.213795 0.079289 -0.569352
v 0.210839 0.066853 -0.554489
v 0.207466 0.057612 -0.537533
v 0.203806 0.051921 -0.519134
v 0.200000 0.248079 -0.519509
v 0.200000 0.242388 -0.538268
v 0.200000 0.233147 -0.555557
v 0.200000 0.220711 -0.570711
v 0.200000 0.205557 -0.583147
v 0.200000 0.188268 -0.592388
v 0.200000 0.169509 -0.598078
v 0.200000 0.150000 -0.600000
v 0.200000 0.130491 -0.598078
v 0.200000 0.111732 -0.592388
v 0.200000 0.094443 -0.583147
v 0.200000 0.079289 -0.570711
v 0.200000 0.066853 -0.555557
v 0.200000 0.057612 -0.538268
v 0.200000 0.051921 -0.519509
v 0.196194 0.248079 -0.519134
v 0.192534 0.242388 -0.537533
v 0.189161 0.233147 -0.554489
v 0.186205 0.220711 -0.569352
v 0.183779 0.205557 -0.581549
v 0.181976 0.188268 -0.590613
v 0.180866 0.169509 -0.596194
v 0.180491 0.150000 -0.598078
v 0.180866 0.130491 -0.596194
v 0.181976 0.111732 -0.590613
v 0.183779 0.094443 -0.581549
v 0.186205 0.079289 -0.569352
v 0.189161 0.066853 -0.554489
v 0.192534 0.057612 -0.537533
v 0.196194 0.051921 -0.519134
v 0.192534 0.248079 -0.518024
v 0.185355 0.242388 -0.535355
v 0.178739 0.233147 -0.551328
v 0.172940 0.220711 -0.565328
v 0.168181 0.205557 -0.576818
v 0.164645 0.188268 -0.585355
v 0.162467 0.169509 -0.590613
v 0.161732 0.150000 -0.592388
v 0.162467 0.130491 -0.590613
v 0.164645 0.111732 -0.585355
v 0.168181 0.094443 -0.576818
v 0.172940 0.079289 -0.565328
v 0.178739 0.066853 -0.551328
v 0.185355 0.057612 -0.535355
v 0.192534 0.051921 -0.518024
v 0.189161 0.248079 -0.516221
v 0.178739 0.242388 -0.531819
v 0.169134 0.233147 -0.546194
v 0.160715 0.220711 -0.558794
v 0.153806 0.205557 -0.569134
v 0.148672 0.188268 -0.576818
v 0.145510 0.169509 -0.581549
v 0.144443 0.150000 -0.583147
v 0.145510 0.130491 -0.581549
v 0.148672 0.111732 -0.576818
v 0.153806 0.094443 -0.569134
v 0.160715 0.079289 -0.558794
v 0.169134 0.066853 -0.546194
v 0.178739 0.057612 -0.531819
v 0.189161 0.051921 -0.516221
v 0.186205 0.248079 -0.513795
v 0.172940 0.242388 -0.527060
v 0.160715 0.233147 -0.539285
v 0.150000 0.220711 -0.550000
v 0.141206 0.205557 -0.558794
v 0.134672 0.188268 -0.565328
v 0.130648 0.169509 -0.569352
v 0.129289 0.150000 -0.570711
v 0.130648 0.130491 -0.569352
v 0.134672 0.111732 -0.565328
v 0.141206 0.094443 -0.558794
v 0.150000 0.079289 -0.550000
v 0.160715 0.066853 -0.539285
v 0.172940 0.057612 -0.527060
v 0.186205 0.051921 -0.513795
v 0.200000 0.050000 -0.500000
v 0.183779 0.248079 -0.510839
v 0.168181 0.242388 -0.521261
v 0.153806 0.233147 -0.530866
v 0.141206 0.220711 -0.539285
v 0.130866 0.205557 -0.546194
v 0.123182 0.188268 -0.551328
v 0.118451 0.169509 -0.554489
v 0.116853 0.150000 -0.555557
v 0.118451 0.130491 -0.554489
v 0.123182 0.111732 -0.551328
v 0.130866 0.094443 -0.546194
v 0.141206 0.079289 -0.539285
v 0.153806 0.066853 -0.530866
v 0.168181 0.057612 -0.521261
v 0.183779 0.051921 -0.510839
v 0.181976 0.248079 -0.507466
v 0.164645 0.242388 -0.514645
v 0.148672 0.233147 -0.521261
v 0.134672 0.220711 -0.527060
v 0.123182 0.205557 -0.531819
v 0.114645 0.188268 -0.535355
v 0.109387 0.169509 -0.537533
v 0.107612 0.150000 -0.538268
v 0.109387 0.130491 -0.537533
v 0.114645 0.111732 -0.535355
v 0.123182 0.094443 -0.531819
v 0.134672 0.079289 -0.527060
v 0.148672 0.066853 -0.521261
v 0.164645 0.057612 -0.514645
v 0.181976 0.051921 -0.507466
v 0.180866 0.248079 -0.503806
v 0.162467 0.242388 -0.507466
v 0.145510 0.233147 -0.510839
v 0.130648 0.220711 -0.513795
v 0.118451 0.205557 -0.516221
v 0.109387 0.188268 -0.518024
v 0.103806 0.169509 -0.519134
v 0.101922 0.150000 -0.519509
v 0.103806 0.130491 -0.519134
v 0.109387 0.111732 -0.518024
v 0.118451 0.094443 -0.516221
v 0.130648 0.079289 -0.513795
v 0.145510 0.066853 -0.510839
v 0.162467 0.057612 -0.507466
v 0.180866 0.051921 -0.503806
v 0.180491 0.248079 -0.500000
v 0.161732 0.242388 -0.500000
v 0.144443 0.233147 -0.500000
v 0.129289 0.220711 -0.500000
v 0.107612 0.188268 -0.500000
v 0.107612 0.111732 -0.500000
v 0.129289 0.079289 -0.500000
v 0.144443 0.066853 -0.500000
v 0.161732 0.057612 -0.500000
v 0.180491 0.051921 -0.500000
v 0.116853 0.205557 -0.500000
v 0.100000 0.150000 -0.500000
v 0.101921 0.130491 -0.500000
v 0.101921 0.169509 -0.500000
v 0.116853 0.094443 -0.500000
v -0.000000 -0.264010 -0.500000
v -0.000000 -0.225000 -0.500000
v -0.125000 -0.193863 -0.500000
v -0.125000 -0.234705 -0.500000
v 0.125000 -0.234705 -0.500000
v 0.125000 -0.193863 -0.500000
v 0.500000 -0.050000 -0.050000
v 0.500000 -0.050000 0.050000
v 0.500000 0.050000 0.050000
v 0.500000 0.050000 -0.050000
vn -1.0000 -0.0000 -0.0000
vn -0.0000 -0.0000 1.0000
vn -0.2502 -0.9353 -0.2502
vn -0.6901 -0.6901 -0.2178
vn -0.9353 -0.2502 -0.2502
vn -0.6901 -0.2178 -0.6901
vn -0.2502 -0.2502 -0.9353
vn -0.2178 -0.6901 -0.6901
vn -0.5774 -0.5774 -0.5774
vn -0.2502 0.9353 -0.2502
vn -0.2178 0.6901 -0.6901
vn -0.2502 0.2502 -0.9353
vn -0.6901 0.2178 -0.6901
vn -0.9353 0.2502 -0.2502
vn -0.6901 0.6901 -0.2178
vn -0.5774 0.5774 -0.5774
vn -0.2502 -0.9353 0.2502
vn -0.2178 -0.6901 0.6901
vn -0.2502 -0.2502 0.9353
vn -0.6901 -0.2178 0.6901
vn -0.9353 -0.2502 0.2502
vn -0.6901 -0.6901 0.2178
vn -0.5774 -0.5774 0.5774
vn -0.2502 0.9353 0.2502
vn -0.6901 0.6901 0.2178
vn -0.9353 0.2502 0.2502
vn -0.6901 0.2178 0.6901
vn -0.2502 0.2502 0.9353
vn -0.2178 0.6901 0.6901
vn -0.5774 0.5774 0.5774
vn -0.0000 0.9660 0.2585
vn -0.0000 0.7071 0.7071
vn -0.0000 0.2585 0.9660
vn -0.9660 -0.0000 0.2585
vn -0.7071 -0.0000 0.7071
vn -0.2585 -0.0000 0.9660
vn -0.2585 -0.9660 -0.0000
vn -0.7071 -0.7071 -0.0000
vn -0.9660 -0.2585 -0.0000
vn -0.2585 0.9660 -0.0000
vn -0.7071 0.7071 -0.0000
vn -0.9660 0.2585 -0.0000
vn -0.2585 -0.0000 -0.9660
vn -0.7071 -0.0000 -0.7071
vn -0.9660 -0.0000 -0.2585
vn -0.0000 -0.9660 -0.2585
vn -0.0000 -0.7071 -0.7071
vn -0.0000 -0.2585 -0.9660
vn -0.0000 -1.0000 -0.0000
vn -0.0000 0.2585 -0.9660
vn -0.0000 0.7071 -0.7071
vn -0.0000 0.9660 -0.2585
vn -0.0000 -0.2585 0.9660
vn -0.0000 -0.7071 0.7071
vn -0.0000 -0.9660 0.2585
vn -0.0000 1.0000 -0.0000
vn -0.0000 -0.0000 -1.0000
vn -0.6332 -0.7715 -0.0624
vn -0.8786 0.4696 -0.0865
vn -0.4709 -0.8810 -0.0464
vn -0.9527 0.2890 -0.0938
vn -0.2902 -0.9566 -0.0286
vn -0.9904 0.0975 -0.0975
vn -0.0980 0.9951 -0.0097
vn -0.0980 -0.9951 -0.0097
vn -0.9904 -0.0976 -0.0975
vn -0.2902 0.9565 -0.0286
vn -0.9527 -0.2890 -0.0938
vn -0.4709 0.8810 -0.0464
vn -0.8786 -0.4696 -0.0865
vn -0.6332 0.7715 -0.0624
vn -0.7708 -0.6326 -0.0759
vn -0.7708 0.6326 -0.0759
vn -0.9161 -0.2890 -0.2779
vn -0.4528 0.8810 -0.1374
vn -0.8448 -0.4696 -0.2563
vn -0.6088 0.7715 -0.1847
vn -0.7412 -0.6326 -0.2248
vn -0.7412 0.6326 -0.2248
vn -0.6088 -0.7715 -0.1847
vn -0.8448 0.4696 -0.2563
vn -0.4528 -0.8810 -0.1374
vn -0.9161 0.2890 -0.2779
vn -0.2790 -0.9566 -0.0846
vn -0.9524 0.0975 -0.2889
vn -0.0942 0.9951 -0.0286
vn -0.0942 -0.9951 -0.0286
vn -0.9524 -0.0975 -0.2889
vn -0.2790 0.9565 -0.0846
vn -0.4173 -0.8810 -0.2231
vn -0.8443 0.2890 -0.4513
vn -0.2571 -0.9565 -0.1374
vn -0.8777 0.0975 -0.4691
vn -0.0869 0.9951 -0.0464
vn -0.0869 -0.9951 -0.0464
vn -0.8777 -0.0975 -0.4691
vn -0.2571 0.9565 -0.1374
vn -0.8443 -0.2890 -0.4513
vn -0.4173 0.8810 -0.2230
vn -0.7786 -0.4696 -0.4162
vn -0.5611 0.7715 -0.2999
vn -0.6831 -0.6326 -0.3651
vn -0.6831 0.6326 -0.3651
vn -0.5611 -0.7715 -0.2999
vn -0.7786 0.4696 -0.4162
vn -0.3658 0.8810 -0.3002
vn -0.6825 -0.4696 -0.5601
vn -0.4918 0.7715 -0.4036
vn -0.5987 -0.6326 -0.4913
vn -0.5987 0.6326 -0.4913
vn -0.4918 -0.7715 -0.4036
vn -0.6825 0.4696 -0.5601
vn -0.3658 -0.8810 -0.3002
vn -0.7400 0.2890 -0.6073
vn -0.2254 -0.9565 -0.1850
vn -0.7693 0.0976 -0.6314
vn -0.0761 0.9951 -0.0625
vn -0.0761 -0.9951 -0.0625
vn -0.7693 -0.0975 -0.6314
vn -0.2254 0.9566 -0.1850
vn -0.7400 -0.2890 -0.6073
vn -0.6073 0.2890 -0.7400
vn -0.1850 -0.9565 -0.2254
vn -0.6314 0.0975 -0.7693
vn -0.0625 0.9951 -0.0761
vn -0.0625 -0.9951 -0.0761
vn -0.6314 -0.0975 -0.7693
vn -0.1850 0.9566 -0.2254
vn -0.6073 -0.2890 -0.7400
vn -0.3002 0.8810 -0.3658
vn -0.5601 -0.4696 -0.6825
vn -0.4036 0.7715 -0.4918
vn -0.4913 -0.6326 -0.5987
vn -0.4913 0.6326 -0.5987
vn -0.4036 -0.7715 -0.4918
vn -0.5601 0.4696 -0.6825
vn -0.3002 -0.8810 -0.3658
vn -0.4162 -0.4696 -0.7786
vn -0.2999 0.7715 -0.5611
vn -0.3651 -0.6326 -0.6831
vn -0.3651 0.6326 -0.6831
vn -0.2999 -0.7715 -0.5611
vn -0.4162 0.4696 -0.7786
vn -0.2231 -0.8810 -0.4173
vn -0.4513 0.2890 -0.8443
vn -0.1374 -0.9565 -0.2571
vn -0.4691 0.0975 -0.8777
vn -0.0464 0.9951 -0.0869
vn -0.0464 -0.9951 -0.0869
vn -0.4691 -0.0976 -0.8777
vn -0.1374 0.9565 -0.2571
vn -0.4513 -0.2890 -0.8443
vn -0.2231 0.8810 -0.4173
vn -0.0846 -0.9566 -0.2790
vn -0.2889 0.0976 -0.9524
vn -0.0286 0.9951 -0.0942
vn -0.0286 -0.9951 -0.0942
vn -0.2889 -0.0976 -0.9524
vn -0.0846 0.9565 -0.2790
vn -0.2779 -0.2890 -0.9161
vn -0.1374 0.8810 -0.4528
vn -0.2563 -0.4696 -0.8449
vn -0.1847 0.7715 -0.6088
vn -0.2248 -0.6326 -0.7412
vn -0.2248 0.6326 -0.7412
vn -0.1847 -0.7715 -0.6088
vn -0.2563 0.4696 -0.8448
vn -0.1374 -0.8810 -0.4528
vn -0.2779 0.2890 -0.9161
vn -0.0624 0.7715 -0.6332
vn -0.0759 -0.6326 -0.7708
vn -0.0759 0.6326 -0.7708
vn -0.0624 -0.7715 -0.6332
vn -0.0865 0.4696 -0.8786
vn -0.0464 -0.8810 -0.4709
vn -0.0938 0.2890 -0.9527
vn -0.0286 -0.9565 -0.2902
vn -0.0975 0.0975 -0.9904
vn -0.0097 0.9951 -0.0980
vn -0.0097 -0.9951 -0.0980
vn -0.0975 -0.0975 -0.9904
vn -0.0286 0.9566 -0.2902
vn -0.0938 -0.2890 -0.9527
vn -0.0464 0.8810 -0.4709
vn -0.0865 -0.4696 -0.8786
vn 0.0975 0.0975 -0.9904
vn 0.0097 0.9951 -0.0980
vn 0.0097 -0.9951 -0.0980
vn 0.0976 -0.0975 -0.9904
vn 0.0286 0.9565 -0.2902
vn 0.0938 -0.2890 -0.9527
vn 0.0464 0.8810 -0.4709
vn 0.0865 -0.4696 -0.8786
vn 0.0624 0.7715 -0.6332
vn 0.0759 -0.6326 -0.7708
vn 0.0759 0.6326 -0.7708
vn 0.0624 -0.7715 -0.6332
vn 0.0865 0.4696 -0.8786
vn 0.0464 -0.8810 -0.4709
vn 0.0938 0.2890 -0.9527
vn 0.0286 -0.9566 -0.2902
vn 0.2248 -0.6326 -0.7412
vn 0.2248 0.6326 -0.7412
vn 0.1847 -0.7715 -0.6088
vn 0.2563 0.4696 -0.8449
vn 0.1374 -0.8810 -0.4528
vn 0.2779 0.2890 -0.9161
vn 0.0846 -0.9565 -0.2790
vn 0.2889 0.0975 -0.9524
vn 0.0286 0.9951 -0.0942
vn 0.0286 -0.9951 -0.0942
vn 0.2889 -0.0975 -0.9524
vn 0.0846 0.9565 -0.2790
vn 0.2779 -0.2890 -0.9161
vn 0.1374 0.8810 -0.4528
vn 0.2563 -0.4696 -0.8449
vn 0.1847 0.7715 -0.6088
vn 0.0464 -0.9951 -0.0869
vn 0.4691 -0.0975 -0.8777
vn 0.1374 0.9565 -0.2571
vn 0.4513 -0.2890 -0.8443
vn 0.2230 0.8810 -0.4173
vn 0.4162 -0.4696 -0.7786
vn 0.2999 0.7715 -0.5611
vn 0.3651 -0.6326 -0.6831
vn 0.3651 0.6326 -0.6831
vn 0.2999 -0.7715 -0.5611
vn 0.4162 0.4696 -0.7786
vn 0.2231 -0.8810 -0.4173
vn 0.4513 0.2890 -0.8443
vn 0.1374 -0.9565 -0.2571
vn 0.4691 0.0975 -0.8777
vn 0.0464 0.9951 -0.0869
vn 0.4036 -0.7715 -0.4918
vn 0.5601 0.4696 -0.6825
vn 0.3002 -0.8810 -0.3658
vn 0.6073 0.2890 -0.7400
vn 0.1850 -0.9566 -0.2254
vn 0.6314 0.0975 -0.7693
vn 0.0625 0.9951 -0.0761
vn 0.0625 -0.9951 -0.0761
vn 0.6314 -0.0975 -0.7693
vn 0.1850 0.9565 -0.2254
vn 0.6073 -0.2890 -0.7400
vn 0.3002 0.8810 -0.3658
vn 0.5601 -0.4696 -0.6825
vn 0.4036 0.7715 -0.4918
vn 0.4913 -0.6326 -0.5987
vn 0.4913 0.6326 -0.5987
vn 0.2254 0.9565 -0.1850
vn 0.7400 -0.2890 -0.6073
vn 0.3658 0.8810 -0.3002
vn 0.6825 -0.4696 -0.5601
vn 0.4918 0.7715 -0.4036
vn 0.5987 -0.6326 -0.4913
vn 0.5987 0.6326 -0.4913
vn 0.4918 -0.7715 -0.4036
vn 0.6825 0.4696 -0.5601
vn 0.3658 -0.8810 -0.3002
vn 0.7400 0.2890 -0.6073
vn 0.2254 -0.9565 -0.1850
vn 0.7693 0.0975 -0.6314
vn 0.0761 0.9951 -0.0625
vn 0.0761 -0.9951 -0.0625
vn 0.7693 -0.0975 -0.6314
vn 0.7786 0.4696 -0.4162
vn 0.4173 -0.8810 -0.2230
vn 0.8443 0.2890 -0.4513
vn 0.2571 -0.9565 -0.1374
vn 0.8777 0.0975 -0.4691
vn 0.0869 0.9951 -0.0464
vn 0.0869 -0.9951 -0.0464
vn 0.8777 -0.0975 -0.4691
vn 0.2571 0.9565 -0.1374
vn 0.8443 -0.2890 -0.4513
vn 0.4173 0.8810 -0.2231
vn 0.7786 -0.4696 -0.4162
vn 0.5611 0.7715 -0.2999
vn 0.6831 -0.6326 -0.3651
vn 0.6831 0.6326 -0.3651
vn 0.5611 -0.7715 -0.2999
vn 0.9161 -0.2890 -0.2779
vn 0.4528 0.8810 -0.1374
vn 0.8448 -0.4696 -0.2563
vn 0.6088 0.7715 -0.1847
vn 0.7412 -0.6326 -0.2248
vn 0.7412 0.6326 -0.2248
vn 0.6088 -0.7715 -0.1847
vn 0.8448 0.4696 -0.2563
vn 0.4528 -0.8810 -0.1374
vn 0.9161 0.2890 -0.2779
vn 0.2790 -0.9566 -0.0846
vn 0.9524 0.0975 -0.2889
vn 0.0942 0.9951 -0.0286
vn 0.0942 -0.9951 -0.0286
vn 0.9524 -0.0975 -0.2889
vn 0.2790 0.9565 -0.0846
vn 0.4709 -0.8810 -0.0464
vn 0.9527 0.2890 -0.0938
vn 0.2902 -0.9565 -0.0286
vn 0.9904 0.0975 -0.0975
vn 0.0980 0.9951 -0.0097
vn 0.0980 -0.9951 -0.0097
vn 0.9904 -0.0975 -0.0975
vn 0.2902 0.9565 -0.0286
vn 0.9527 -0.2890 -0.0938
vn 0.4709 0.8810 -0.0464
vn 0.8786 -0.4696 -0.0865
vn 0.6332 0.7715 -0.0624
vn 0.7708 -0.6326 -0.0759
vn 0.7708 0.6326 -0.0759
vn 0.6332 -0.7715 -0.0624
vn 0.8786 0.4696 -0.0865
vn 1.0000 -0.0000 -0.0000
vn 0.2502 -0.9353 -0.2502
vn 0.6901 -0.6901 -0.2178
vn 0.9353 -0.2502 -0.2502
vn 0.6901 -0.2178 -0.6901
vn 0.2502 -0.2502 -0.9353
vn 0.2178 -0.6901 -0.6901
vn 0.5774 -0.5774 -0.5774
vn 0.2502 0.9353 -0.2502
vn 0.2178 0.6901 -0.6901
vn 0.2502 0.2502 -0.9353
vn 0.6901 0.2178 -0.6901
vn 0.9353 0.2502 -0.2502
vn 0.6901 0.6901 -0.2178
vn 0.5774 0.5774 -0.5774
vn 0.2502 -0.9353 0.2502
vn 0.2178 -0.6901 0.6901
vn 0.2502 -0.2502 0.9353
vn 0.6901 -0.2178 0.6901
vn 0.9353 -0.2502 0.2502
vn 0.6901 -0.6901 0.2178
vn 0.5774 -0.5774 0.5774
vn 0.2502 0.9353 0.2502
vn 0.6901 0.6901 0.2178
vn 0.9353 0.2502 0.2502
vn 0.6901 0.2178 0.6901
vn 0.2502 0.2502 0.9353
vn 0.2178 0.6901 0.6901
vn 0.5774 0.5774 0.5774
vn 0.9660 -0.0000 0.2585
vn 0.7071 -0.0000 0.7071
vn 0.2585 -0.0000 0.9660
vn 0.2585 -0.9660 -0.0000
vn 0.7071 -0.7071 -0.0000
vn 0.9660 -0.2585 -0.0000
vn 0.2585 0.9660 -0.0000
vn 0.7071 0.7071 -0.0000
vn 0.9660 0.2585 -0.0000
vn 0.2585 -0.0000 -0.9660
vn 0.7071 -0.0000 -0.7071
vn 0.9660 -0.0000 -0.2585
vn 0.2902 -0.9566 -0.0286
vn 0.9904 0.0976 -0.0976
vn 0.9904 -0.0976 -0.0976
vn 0.2902 0.9566 -0.0286
vn 0.2790 0.9566 -0.0846
vn 0.4173 -0.8810 -0.2231
vn 0.2571 -0.9566 -0.1374
vn 0.2571 0.9566 -0.1374
vn 0.2254 0.9566 -0.1850
vn 0.1850 0.9566 -0.2254
vn 0.2231 0.8810 -0.4173
vn 0.2889 0.0976 -0.9524
vn 0.2889 -0.0976 -0.9524
vn 0.0846 0.9566 -0.2790
vn 0.2563 -0.4696 -0.8448
vn 0.2563 0.4696 -0.8448
vn 0.0286 -0.9565 -0.2902
vn 0.0975 -0.0975 -0.9904
vn -0.0976 0.0976 -0.9904
vn -0.0976 -0.0976 -0.9904
vn -0.0286 0.9565 -0.2902
vn -0.2889 0.0975 -0.9524
vn -0.2889 -0.0975 -0.9524
vn -0.4691 -0.0975 -0.8777
vn -0.1374 0.9566 -0.2571
vn -0.2230 -0.8810 -0.4173
vn -0.1374 -0.9566 -0.2571
vn -0.1850 0.9565 -0.2254
vn -0.7693 0.0975 -0.6314
vn -0.4173 0.8810 -0.2231
vn -0.2790 -0.9565 -0.0846
vn -0.2902 -0.9565 -0.0286
vn -0.9904 -0.0975 -0.0975
vn -0.2283 -0.9736 -0.0000
vn -0.2417 0.9703 -0.0000
vn 0.2417 0.9703 -0.0000
vn 0.2283 -0.9736 -0.0000
vn 0.4256 0.5249 -0.7371
vn -0.8559 0.1524 -0.4942
vn -0.4256 0.5249 0.7371
vn 0.8559 0.1524 0.4942
vn 0.8660 -0.0000 0.5000
vn 0.4990 -0.0633 -0.8643
vn -0.8660 -0.0000 -0.5000
vn -0.4990 -0.0633 0.8643
vn 0.0975 0.0976 -0.9904
vn 0.2254 -0.9566 -0.1850
vn 0.2571 -0.9565 -0.1375
vn 0.8777 0.0975 -0.4692
vn 0.4173 0.8810 -0.2230
vn 0.2790 -0.9565 -0.0846
vn 0.9904 0.0975 -0.0976
vn 0.9904 -0.0975 0.0975
vn 0.2902 0.9565 0.0286
vn 0.9527 -0.2890 0.0938
vn 0.4709 0.8810 0.0464
vn 0.8786 -0.4696 0.0865
vn 0.6332 0.7715 0.0624
vn 0.7708 -0.6326 0.0759
vn 0.7708 0.6326 0.0759
vn 0.6332 -0.7715 0.0624
vn 0.8786 0.4696 0.0865
vn 0.4709 -0.8810 0.0464
vn 0.9527 0.2890 0.0938
vn 0.2902 -0.9565 0.0286
vn 0.9904 0.0975 0.0976
vn 0.0980 -0.9951 0.0097
vn 0.6088 -0.7715 0.1847
vn 0.8448 0.4696 0.2563
vn 0.4528 -0.8810 0.1374
vn 0.9161 0.2890 0.2779
vn 0.2790 -0.9566 0.0846
vn 0.9524 0.0975 0.2889
vn 0.0942 -0.9951 0.0286
vn 0.9524 -0.0975 0.2889
vn 0.2790 0.9565 0.0846
vn 0.9161 -0.2890 0.2779
vn 0.4528 0.8810 0.1374
vn 0.8448 -0.4696 0.2563
vn 0.6088 0.7715 0.1847
vn 0.7412 -0.6326 0.2248
vn 0.7412 0.6326 0.2248
vn 0.2571 0.9565 0.1374
vn 0.8443 -0.2890 0.4513
vn 0.4173 0.8810 0.2231
vn 0.7786 -0.4696 0.4162
vn 0.5611 0.7715 0.2999
vn 0.6831 -0.6326 0.3651
vn 0.6831 0.6326 0.3651
vn 0.5611 -0.7715 0.2999
vn 0.7786 0.4696 0.4162
vn 0.4173 -0.8810 0.2230
vn 0.8443 0.2890 0.4513
vn 0.2571 -0.9565 0.1374
vn 0.8777 0.0975 0.4692
vn 0.0869 -0.9951 0.0464
vn 0.8777 -0.0975 0.4692
vn 0.6825 0.4696 0.5601
vn 0.3658 -0.8810 0.3002
vn 0.7400 0.2890 0.6073
vn 0.2254 -0.9566 0.1850
vn 0.7693 0.0975 0.6314
vn 0.0761 -0.9951 0.0625
vn 0.7693 -0.0975 0.6314
vn 0.2254 0.9565 0.1850
vn 0.7400 -0.2890 0.6073
vn 0.3658 0.8810 0.3002
vn 0.6825 -0.4696 0.5601
vn 0.4918 0.7715 0.4036
vn 0.5987 -0.6326 0.4913
vn 0.5987 0.6326 0.4913
vn 0.4918 -0.7715 0.4036
vn 0.6073 -0.2890 0.7400
vn 0.3002 0.8810 0.3658
vn 0.5601 -0.4696 0.6825
vn 0.4036 0.7715 0.4918
vn 0.4913 -0.6326 0.5987
vn 0.4913 0.6326 0.5987
vn 0.4036 -0.7715 0.4918
vn 0.5601 0.4696 0.6825
vn 0.3002 -0.8810 0.3658
vn 0.6073 0.2890 0.7400
vn 0.1850 -0.9565 0.2254
vn 0.6314 0.0975 0.7693
vn 0.0625 -0.9951 0.0761
vn 0.6314 -0.0975 0.7693
vn 0.1850 0.9565 0.2254
vn 0.2231 -0.8810 0.4173
vn 0.4513 0.2890 0.8443
vn 0.1374 -0.9565 0.2571
vn 0.4691 0.0975 0.8777
vn 0.0464 -0.9951 0.0869
vn 0.4691 -0.0975 0.8777
vn 0.1374 0.9565 0.2571
vn 0.4513 -0.2890 0.8443
vn 0.2230 0.8810 0.4173
vn 0.4162 -0.4696 0.7786
vn 0.2999 0.7715 0.5611
vn 0.3651 -0.6326 0.6831
vn 0.3651 0.6326 0.6831
vn 0.2999 -0.7715 0.5611
vn 0.4162 0.4696 0.7786
vn 0.2563 -0.4696 0.8448
vn 0.1847 0.7715 0.6088
vn 0.2248 -0.6326 0.7412
vn 0.2248 0.6326 0.7412
vn 0.1847 -0.7715 0.6088
vn 0.2563 0.4696 0.8448
vn 0.1374 -0.8810 0.4528
vn 0.2779 0.2890 0.9161
vn 0.0846 -0.9565 0.2790
vn 0.2889 0.0975 0.9524
vn 0.0286 -0.9951 0.0942
vn 0.2889 -0.0975 0.9524
vn 0.0846 0.9566 0.2790
vn 0.2779 -0.2890 0.9161
vn 0.1374 0.8810 0.4528
vn 0.0286 -0.9566 0.2902
vn 0.0975 0.0975 0.9904
vn 0.0097 -0.9951 0.0980
vn 0.0976 -0.0976 0.9904
vn 0.0286 0.9565 0.2902
vn 0.0938 -0.2890 0.9527
vn 0.0464 0.8809 0.4710
vn 0.0865 -0.4696 0.8786
vn 0.0624 0.7715 0.6332
vn 0.0759 -0.6326 0.7708
vn 0.0759 0.6326 0.7708
vn 0.0624 -0.7715 0.6332
vn 0.0865 0.4696 0.8786
vn 0.0464 -0.8810 0.4709
vn 0.0938 0.2890 0.9527
vn -0.0624 0.7715 0.6332
vn -0.0759 -0.6326 0.7708
vn -0.0759 0.6326 0.7708
vn -0.0624 -0.7715 0.6332
vn -0.0865 0.4696 0.8786
vn -0.0464 -0.8810 0.4709
vn -0.0938 0.2890 0.9527
vn -0.0286 -0.9566 0.2902
vn -0.0975 0.0975 0.9904
vn -0.0097 -0.9951 0.0980
vn -0.0976 -0.0975 0.9904
vn -0.0938 -0.2890 0.9527
vn -0.0464 0.8810 0.4709
vn -0.0865 -0.4696 0.8786
vn -0.2889 0.0975 0.9524
vn -0.0286 -0.9951 0.0942
vn -0.2889 -0.0975 0.9524
vn -0.2779 -0.2890 0.9161
vn -0.1374 0.8810 0.4528
vn -0.2563 -0.4696 0.8448
vn -0.1847 0.7715 0.6088
vn -0.2248 -0.6326 0.7412
vn -0.2248 0.6326 0.7412
vn -0.1847 -0.7715 0.6088
vn -0.2563 0.4696 0.8448
vn -0.1374 -0.8810 0.4528
vn -0.2779 0.2890 0.9161
vn -0.0846 -0.9565 0.2790
vn -0.3651 -0.6326 0.6831
vn -0.3651 0.6326 0.6831
vn -0.2999 -0.7715 0.5611
vn -0.4162 0.4696 0.7786
vn -0.2231 -0.8810 0.4173
vn -0.4513 0.2890 0.8443
vn -0.1374 -0.9565 0.2571
vn -0.4691 0.0975 0.8777
vn -0.0464 -0.9951 0.0869
vn -0.4691 -0.0975 0.8777
vn -0.4513 -0.2890 0.8443
vn -0.2230 0.8810 0.4173
vn -0.4162 -0.4696 0.7786
vn -0.2999 0.7715 0.5611
vn -0.0625 -0.9951 0.0761
vn -0.6314 -0.0975 0.7693
vn -0.6073 -0.2890 0.7400
vn -0.3002 0.8810 0.3658
vn -0.5601 -0.4696 0.6825
vn -0.4036 0.7715 0.4918
vn -0.4913 -0.6326 0.5987
vn -0.4913 0.6326 0.5987
vn -0.4036 -0.7715 0.4918
vn -0.5601 0.4696 0.6825
vn -0.3002 -0.8810 0.3658
vn -0.6073 0.2890 0.7400
vn -0.1850 -0.9565 0.2254
vn -0.6314 0.0975 0.7693
vn -0.5987 0.6326 0.4913
vn -0.4918 -0.7715 0.4036
vn -0.6825 0.4696 0.5601
vn -0.3658 -0.8810 0.3002
vn -0.7400 0.2890 0.6073
vn -0.2254 -0.9566 0.1850
vn -0.7693 0.0975 0.6314
vn -0.0761 -0.9951 0.0625
vn -0.7693 -0.0975 0.6314
vn -0.7400 -0.2890 0.6073
vn -0.3658 0.8810 0.3002
vn -0.6825 -0.4696 0.5601
vn -0.4918 0.7715 0.4036
vn -0.5987 -0.6326 0.4913
vn -0.8777 -0.0975 0.4692
vn -0.8443 -0.2890 0.4513
vn -0.4173 0.8810 0.2230
vn -0.7786 -0.4696 0.4162
vn -0.5611 0.7715 0.2999
vn -0.6831 -0.6326 0.3651
vn -0.6831 0.6326 0.3651
vn -0.5611 -0.7715 0.2999
vn -0.7786 0.4696 0.4162
vn -0.4173 -0.8810 0.2230
vn -0.8443 0.2890 0.4513
vn -0.2571 -0.9565 0.1374
vn -0.8777 0.0975 0.4692
vn -0.0869 -0.9951 0.0464
vn -0.6088 -0.7715 0.1847
vn -0.8448 0.4696 0.2563
vn -0.4528 -0.8810 0.1374
vn -0.2790 -0.9565 0.0846
vn -0.0942 -0.9951 0.0286
vn -0.2790 0.9566 0.0846
vn -0.4528 0.8810 0.1374
vn -0.8448 -0.4696 0.2563
vn -0.6088 0.7715 0.1847
vn -0.7412 -0.6326 0.2248
vn -0.7412 0.6326 0.2248
vn -0.4709 0.8810 0.0464
vn -0.8786 -0.4696 0.0865
vn -0.6332 0.7715 0.0624
vn -0.7708 -0.6326 0.0759
vn -0.7708 0.6326 0.0759
vn -0.6332 -0.7715 0.0624
vn -0.8786 0.4696 0.0865
vn -0.4709 -0.8810 0.0464
vn -0.2902 -0.9565 0.0286
vn -0.0980 -0.9951 0.0097
vn -0.2902 0.9565 0.0286
vn -0.2571 0.9566 -0.1374
vn -0.4173 -0.8810 -0.2230
vn -0.2254 -0.9566 -0.1850
vn -0.4692 -0.0975 -0.8777
vn -0.2230 0.8810 -0.4173
vn -0.2563 -0.4696 -0.8448
vn -0.0846 -0.9565 -0.2790
vn -0.0286 -0.9566 -0.2902
vn -0.0976 0.0975 -0.9904
vn -0.0976 -0.0975 -0.9904
vn -0.0286 0.9566 -0.2901
vn -0.0464 0.8809 -0.4710
vn -0.2635 -0.9280 -0.2635
vn -0.9280 -0.2635 -0.2635
vn -0.2635 -0.2635 -0.9280
vn -0.2635 0.9280 -0.2635
vn -0.2635 0.2635 -0.9280
vn -0.9280 0.2635 -0.2635
vn -0.2635 -0.9280 0.2635
vn -0.2635 -0.2635 0.9280
vn -0.9280 -0.2635 0.2635
vn -0.2635 0.9280 0.2635
vn -0.9280 0.2635 0.2635
vn -0.2635 0.2635 0.9280
vn -0.2790 0.9566 -0.0846
vn -0.2571 -0.9566 -0.1374
vn -0.7693 -0.0976 -0.6314
vn -0.2254 0.9565 -0.1850
vn -0.1850 -0.9566 -0.2254
vn -0.4691 0.0976 -0.8777
vn -0.0846 0.9566 -0.2790
vn -0.2563 0.4696 -0.8449
vn 0.0976 0.0975 -0.9904
vn 0.1375 0.9565 -0.2571
vn 0.1850 -0.9565 -0.2254
vn 0.2635 -0.9280 -0.2635
vn 0.9280 -0.2635 -0.2635
vn 0.2635 -0.2635 -0.9280
vn 0.2635 0.9280 -0.2635
vn 0.2635 0.2635 -0.9280
vn 0.9280 0.2635 -0.2635
vn 0.2635 -0.9280 0.2635
vn 0.2635 -0.2635 0.9280
vn 0.9280 -0.2635 0.2635
vn 0.2635 0.9280 0.2635
vn 0.9280 0.2635 0.2635
vn 0.2635 0.2635 0.9280
vn 0.7693 0.0976 -0.6314
vn 0.7693 -0.0976 -0.6314
vn 0.2230 -0.8810 -0.4173
vn 0.1374 -0.9566 -0.2571
vn 0.8661 -0.0000 0.5000
vn 0.8661 -0.0000 0.4999
vn -0.8659 -0.0000 -0.5002
vn 0.0975 -0.0976 -0.9904
vn 0.8777 -0.0975 -0.4692
vn 0.9904 -0.0975 -0.0976
vn 0.9904 -0.0975 0.0976
vn 0.9904 0.0975 0.0975
vn 0.2790 -0.9565 0.0846
vn 0.2790 0.9566 0.0846
vn 0.4173 0.8810 0.2230
vn 0.8777 0.0975 0.4691
vn 0.8777 -0.0975 0.4691
vn 0.2254 -0.9565 0.1850
vn 0.2230 -0.8810 0.4173
vn 0.1374 -0.9566 0.2571
vn 0.1374 0.9566 0.2571
vn 0.2231 0.8810 0.4173
vn 0.0847 0.9565 0.2790
vn 0.0286 -0.9565 0.2902
vn 0.0976 0.0976 0.9904
vn 0.0975 -0.0975 0.9904
vn 0.0464 0.8810 0.4709
vn -0.0286 -0.9565 0.2902
vn -0.0976 0.0975 0.9904
vn -0.0975 -0.0975 0.9904
vn -0.2230 -0.8810 0.4173
vn -0.1374 -0.9566 0.2571
vn -0.2231 0.8810 0.4173
vn -0.2254 -0.9565 0.1850
vn -0.8443 -0.2890 0.4512
vn -0.4173 0.8810 0.2231
vn -0.8443 0.2890 0.4512
vn -0.2902 0.9566 0.0286
vn -0.4692 0.0975 -0.8777
vt 0.180300 0.340041
vt 0.365542 0.172517
vt 0.363954 0.349735
vt 0.051356 0.499148
vt 0.369135 0.387969
vt 0.464137 0.501183
vt 0.388655 0.170135
vt 0.394286 0.153751
vt 0.401404 0.166279
vt 0.376732 0.172106
vt 0.384106 0.159585
vt 0.365953 0.161329
vt 0.378340 0.154041
vt 0.376472 0.161576
vt 0.384554 0.143927
vt 0.367929 0.149412
vt 0.372189 0.136425
vt 0.165096 0.153804
vt 0.167863 0.170104
vt 0.155893 0.164144
vt 0.179223 0.156361
vt 0.173485 0.160890
vt 0.188756 0.153211
vt 0.175199 0.146796
vt 0.186114 0.142191
vt 0.189894 0.163921
vt 0.179039 0.173277
vt 0.189770 0.174551
vt 0.180133 0.163488
vt 0.393484 0.370136
vt 0.387901 0.352760
vt 0.401311 0.356993
vt 0.382854 0.380458
vt 0.382871 0.363741
vt 0.365388 0.374032
vt 0.375030 0.361391
vt 0.376511 0.369414
vt 0.375578 0.350462
vt 0.363933 0.361502
vt 0.157087 0.341015
vt 0.150091 0.357437
vt 0.143935 0.343724
vt 0.168745 0.350619
vt 0.160941 0.351960
vt 0.179485 0.351480
vt 0.169090 0.339914
vt 0.176923 0.363784
vt 0.159355 0.368608
vt 0.172280 0.377066
vt 0.166201 0.358350
vt 0.001997 0.438932
vt 0.017127 0.459734
vt 0.033974 0.479697
vt 0.489721 0.060246
vt 0.504632 0.074857
vt 0.474520 0.046160
vt 0.458791 0.032947
vt 0.511284 0.455525
vt 0.147053 0.037805
vt 0.113485 0.050592
vt 0.097002 0.058548
vt 0.496129 0.471301
vt 0.266928 0.081391
vt 0.265694 0.075538
vt 0.343252 0.048475
vt 0.209928 0.084621
vt 0.210618 0.090369
vt 0.550379 0.343747
vt 0.549880 0.352592
vt 0.546327 0.350552
vt 0.602010 0.334596
vt 0.592304 0.337622
vt 0.594453 0.331009
vt 0.546502 0.358655
vt 0.543901 0.357758
vt 0.586396 0.328852
vt 0.585534 0.336417
vt 0.544192 0.365137
vt 0.542856 0.364900
vt 0.578738 0.336301
vt 0.578075 0.328852
vt 0.618828 0.366676
vt 0.616706 0.360360
vt 0.617977 0.359975
vt 0.542800 0.371812
vt 0.572087 0.337366
vt 0.570217 0.330511
vt 0.613692 0.354312
vt 0.616131 0.353138
vt 0.565748 0.339623
vt 0.562802 0.333390
vt 0.612953 0.346359
vt 0.609670 0.348762
vt 0.555928 0.337776
vt 0.559768 0.342918
vt 0.608244 0.340032
vt 0.604630 0.343986
vt 0.554386 0.347272
vt 0.598762 0.340223
vt 0.567907 0.344988
vt 0.611676 0.355808
vt 0.607124 0.351397
vt 0.562493 0.347451
vt 0.602003 0.347858
vt 0.557435 0.350794
vt 0.596526 0.345220
vt 0.552775 0.354963
vt 0.590843 0.343416
vt 0.548716 0.359921
vt 0.585026 0.342599
vt 0.545419 0.365615
vt 0.579222 0.342542
vt 0.615569 0.360970
vt 0.573493 0.343368
vt 0.550583 0.361462
vt 0.589841 0.348522
vt 0.584714 0.347940
vt 0.546504 0.366290
vt 0.579607 0.348013
vt 0.614595 0.361755
vt 0.574549 0.348632
vt 0.610030 0.357540
vt 0.569537 0.349841
vt 0.605206 0.354124
vt 0.564591 0.351707
vt 0.600159 0.351511
vt 0.559736 0.354206
vt 0.595002 0.349674
vt 0.555022 0.357449
vt 0.608758 0.359422
vt 0.603770 0.356907
vt 0.570769 0.354272
vt 0.566169 0.355685
vt 0.598819 0.355071
vt 0.561491 0.357552
vt 0.593989 0.353797
vt 0.556816 0.360048
vt 0.589225 0.353051
vt 0.552089 0.363196
vt 0.584563 0.352708
vt 0.547418 0.367128
vt 0.579943 0.352852
vt 0.613809 0.362679
vt 0.575357 0.353352
vt 0.588862 0.357230
vt 0.584523 0.357103
vt 0.553289 0.365058
vt 0.548152 0.368092
vt 0.580245 0.357286
vt 0.613204 0.363701
vt 0.575989 0.357691
vt 0.607843 0.361379
vt 0.571695 0.358388
vt 0.602772 0.359666
vt 0.567317 0.359429
vt 0.597945 0.358456
vt 0.562831 0.360834
vt 0.593314 0.357688
vt 0.558163 0.362675
vt 0.572387 0.362299
vt 0.568188 0.363066
vt 0.602149 0.362401
vt 0.597407 0.361754
vt 0.563800 0.364055
vt 0.592970 0.361359
vt 0.559129 0.365335
vt 0.588707 0.361183
vt 0.554142 0.367001
vt 0.584590 0.361226
vt 0.548711 0.369144
vt 0.580542 0.361413
vt 0.612790 0.364791
vt 0.576492 0.361768
vt 0.607251 0.363382
vt 0.549069 0.370266
vt 0.580820 0.365393
vt 0.612582 0.365923
vt 0.576895 0.365696
vt 0.606960 0.365411
vt 0.572910 0.366088
vt 0.601862 0.365108
vt 0.568774 0.366599
vt 0.597203 0.364956
vt 0.564431 0.367228
vt 0.592862 0.364927
vt 0.559787 0.368015
vt 0.588729 0.364981
vt 0.554701 0.369010
vt 0.584735 0.365147
vt 0.597288 0.368108
vt 0.564794 0.370400
vt 0.592994 0.368420
vt 0.560105 0.370715
vt 0.588915 0.368701
vt 0.554969 0.371056
vt 0.584959 0.368987
vt 0.549232 0.371424
vt 0.581082 0.369279
vt 0.612553 0.367066
vt 0.577202 0.369549
vt 0.606941 0.367435
vt 0.573244 0.369811
vt 0.601898 0.367780
vt 0.569136 0.370107
vt 0.585287 0.372827
vt 0.581367 0.373166
vt 0.612729 0.368195
vt 0.549201 0.372593
vt 0.577439 0.373403
vt 0.607230 0.369437
vt 0.573427 0.373550
vt 0.602227 0.370432
vt 0.569274 0.373627
vt 0.597657 0.371238
vt 0.564859 0.373598
vt 0.593360 0.371892
vt 0.560145 0.373433
vt 0.589265 0.372409
vt 0.554949 0.373121
vt 0.564656 0.376846
vt 0.598326 0.374380
vt 0.593966 0.375389
vt 0.559865 0.376184
vt 0.589793 0.376162
vt 0.554654 0.375191
vt 0.585719 0.376731
vt 0.548987 0.373750
vt 0.581679 0.377152
vt 0.613081 0.369287
vt 0.577608 0.377355
vt 0.607788 0.371403
vt 0.573451 0.377388
vt 0.602878 0.373067
vt 0.569163 0.377230
vt 0.548563 0.374865
vt 0.577702 0.381477
vt 0.613619 0.370317
vt 0.608644 0.373307
vt 0.573333 0.381356
vt 0.603884 0.375679
vt 0.568810 0.380972
vt 0.599280 0.377524
vt 0.564135 0.380180
vt 0.594866 0.378981
vt 0.559222 0.378975
vt 0.590529 0.380037
vt 0.554054 0.377236
vt 0.586266 0.380816
vt 0.581998 0.381307
vt 0.563258 0.383620
vt 0.558222 0.381776
vt 0.591516 0.384149
vt 0.553094 0.379250
vt 0.586935 0.385121
vt 0.547952 0.375914
vt 0.582351 0.385740
vt 0.614348 0.371249
vt 0.577707 0.385887
vt 0.609802 0.375109
vt 0.572992 0.385602
vt 0.605233 0.378252
vt 0.568173 0.384894
vt 0.600653 0.380749
vt 0.596080 0.382702
vt 0.611296 0.376788
vt 0.572404 0.390217
vt 0.607008 0.380769
vt 0.567163 0.389102
vt 0.602478 0.384046
vt 0.561908 0.387257
vt 0.597697 0.386595
vt 0.556790 0.384593
vt 0.592822 0.388532
vt 0.551820 0.381160
vt 0.587827 0.389840
vt 0.547140 0.376857
vt 0.582757 0.390606
vt 0.615241 0.372061
vt 0.577608 0.390720
vt 0.594579 0.393351
vt 0.554812 0.387412
vt 0.550160 0.382929
vt 0.588993 0.395106
vt 0.546145 0.377663
vt 0.583236 0.396082
vt 0.616299 0.372712
vt 0.577369 0.396156
vt 0.613114 0.378261
vt 0.571480 0.395351
vt 0.609266 0.383167
vt 0.565680 0.393640
vt 0.604845 0.387386
vt 0.560026 0.391045
vt 0.599884 0.390764
vt 0.570056 0.401281
vt 0.615305 0.379474
vt 0.612129 0.385410
vt 0.563482 0.398687
vt 0.607874 0.390699
vt 0.557449 0.394948
vt 0.602795 0.395203
vt 0.552204 0.390151
vt 0.596966 0.398741
vt 0.548072 0.384488
vt 0.590555 0.401164
vt 0.544984 0.378286
vt 0.583819 0.402413
vt 0.617490 0.373170
vt 0.576944 0.402453
vt 0.545605 0.385689
vt 0.592720 0.408462
vt 0.543677 0.378690
vt 0.584503 0.409871
vt 0.618787 0.373393
vt 0.576263 0.409914
vt 0.617833 0.380310
vt 0.567991 0.408172
vt 0.615610 0.387309
vt 0.560205 0.404512
vt 0.611872 0.393985
vt 0.553795 0.399040
vt 0.606747 0.399960
vt 0.548875 0.392628
vt 0.600308 0.404903
vt 0.181590 0.660198
vt 0.285464 0.731783
vt 0.263050 0.732788
vt 0.365580 0.831630
vt 0.190184 0.829355
vt 0.285873 0.754202
vt 0.369866 0.613385
vt 0.394407 0.850481
vt 0.388868 0.834029
vt 0.401734 0.837980
vt 0.376625 0.842611
vt 0.376899 0.832030
vt 0.366054 0.842873
vt 0.368090 0.854816
vt 0.384725 0.860254
vt 0.372447 0.867806
vt 0.384271 0.844615
vt 0.378504 0.850160
vt 0.168114 0.833626
vt 0.165199 0.850009
vt 0.156035 0.839589
vt 0.173702 0.842915
vt 0.175385 0.857062
vt 0.188958 0.850687
vt 0.186246 0.861659
vt 0.180402 0.840348
vt 0.190188 0.839991
vt 0.179393 0.830512
vt 0.179441 0.847492
vt 0.388325 0.648825
vt 0.393958 0.631233
vt 0.401882 0.644509
vt 0.377310 0.631870
vt 0.383399 0.620969
vt 0.366098 0.627136
vt 0.364424 0.639680
vt 0.375895 0.650956
vt 0.364246 0.651482
vt 0.383348 0.637903
vt 0.375542 0.640005
vt 0.150981 0.642431
vt 0.157954 0.659233
vt 0.144601 0.656370
vt 0.161972 0.648167
vt 0.170155 0.660410
vt 0.180706 0.648607
vt 0.167479 0.641753
vt 0.178272 0.636300
vt 0.160638 0.631328
vt 0.173643 0.622842
vt 0.169784 0.649658
vt 0.001853 0.560258
vt 0.033712 0.518818
vt 0.017133 0.539345
vt 0.502855 0.927377
vt 0.473780 0.955789
vt 0.488681 0.941878
vt 0.458365 0.968830
vt 0.511284 0.546168
vt 0.130221 0.957598
vt 0.114038 0.950324
vt 0.097971 0.942506
vt 0.480304 0.515417
vt 0.496129 0.530473
vt 0.345404 0.951164
vt 0.266483 0.927110
vt 0.267388 0.921147
vt 0.146555 0.963857
vt 0.213432 0.907911
vt 0.211976 0.912531
vt 0.549839 0.470931
vt 0.550232 0.479816
vt 0.546275 0.472946
vt 0.591766 0.485927
vt 0.600984 0.489040
vt 0.593756 0.492334
vt 0.546443 0.464907
vt 0.543885 0.465790
vt 0.585169 0.487115
vt 0.585987 0.494400
vt 0.542832 0.458669
vt 0.578496 0.487224
vt 0.577926 0.494409
vt 0.619090 0.457379
vt 0.618148 0.464222
vt 0.616848 0.463805
vt 0.542800 0.451771
vt 0.544169 0.458430
vt 0.570090 0.493074
vt 0.613697 0.469971
vt 0.616145 0.471224
vt 0.562626 0.490131
vt 0.571912 0.486123
vt 0.612645 0.478137
vt 0.555871 0.485679
vt 0.565578 0.483922
vt 0.607421 0.484230
vt 0.609347 0.475482
vt 0.559586 0.480668
vt 0.598127 0.483589
vt 0.573299 0.480201
vt 0.606863 0.472721
vt 0.567724 0.478587
vt 0.601619 0.476159
vt 0.604073 0.480101
vt 0.557305 0.472794
vt 0.554317 0.476228
vt 0.590441 0.480301
vt 0.552688 0.468608
vt 0.584697 0.480985
vt 0.545390 0.457958
vt 0.578981 0.480978
vt 0.615695 0.463170
vt 0.611632 0.468359
vt 0.550544 0.462104
vt 0.548699 0.463627
vt 0.589551 0.475234
vt 0.579382 0.475659
vt 0.614718 0.462353
vt 0.546471 0.457286
vt 0.609983 0.466552
vt 0.569384 0.473732
vt 0.562387 0.476073
vt 0.604977 0.469904
vt 0.559647 0.469352
vt 0.594685 0.474147
vt 0.596120 0.478686
vt 0.554949 0.466124
vt 0.608727 0.464634
vt 0.566037 0.467928
vt 0.564469 0.471872
vt 0.598589 0.468827
vt 0.599873 0.472447
vt 0.561402 0.466033
vt 0.593745 0.470022
vt 0.556747 0.463535
vt 0.589000 0.470732
vt 0.552041 0.460390
vt 0.584461 0.475720
vt 0.584342 0.470968
vt 0.613922 0.461401
vt 0.547389 0.456457
vt 0.575188 0.470276
vt 0.574376 0.474925
vt 0.570651 0.469288
vt 0.588671 0.466516
vt 0.548123 0.455499
vt 0.579749 0.470804
vt 0.584343 0.466595
vt 0.613319 0.460353
vt 0.575848 0.465945
vt 0.571583 0.465217
vt 0.603621 0.467098
vt 0.607840 0.462639
vt 0.597783 0.465426
vt 0.562750 0.462754
vt 0.553213 0.458534
vt 0.567230 0.464160
vt 0.572291 0.461329
vt 0.602074 0.461512
vt 0.602641 0.464274
vt 0.568102 0.460549
vt 0.592827 0.462436
vt 0.593146 0.466148
vt 0.558093 0.460908
vt 0.563699 0.459564
vt 0.588561 0.462565
vt 0.559086 0.458261
vt 0.554089 0.456599
vt 0.580083 0.466381
vt 0.584449 0.462483
vt 0.612911 0.459237
vt 0.548683 0.454451
vt 0.576373 0.461882
vt 0.607258 0.460599
vt 0.549041 0.453334
vt 0.580409 0.462262
vt 0.584627 0.458563
vt 0.612712 0.458084
vt 0.576790 0.457967
vt 0.572807 0.457560
vt 0.606974 0.458537
vt 0.597135 0.458880
vt 0.597304 0.462108
vt 0.564373 0.456390
vt 0.559723 0.455594
vt 0.588619 0.458766
vt 0.554673 0.454597
vt 0.597251 0.455707
vt 0.601836 0.458781
vt 0.564737 0.453229
vt 0.568688 0.457033
vt 0.592759 0.458861
vt 0.588833 0.455046
vt 0.560055 0.452906
vt 0.554938 0.452557
vt 0.580709 0.458287
vt 0.584887 0.454717
vt 0.612695 0.456920
vt 0.549221 0.452181
vt 0.577120 0.454119
vt 0.606981 0.456482
vt 0.573154 0.453837
vt 0.601912 0.456082
vt 0.581007 0.454398
vt 0.585231 0.450873
vt 0.612887 0.455773
vt 0.549192 0.451014
vt 0.577374 0.450260
vt 0.573367 0.450106
vt 0.607294 0.454453
vt 0.569063 0.453534
vt 0.602263 0.453406
vt 0.564806 0.450041
vt 0.592917 0.455359
vt 0.597643 0.452557
vt 0.589210 0.451333
vt 0.554919 0.450498
vt 0.564606 0.446805
vt 0.569195 0.450012
vt 0.593960 0.448353
vt 0.593320 0.451876
vt 0.560108 0.450197
vt 0.589761 0.447562
vt 0.554627 0.448434
vt 0.581308 0.450505
vt 0.585668 0.446951
vt 0.613256 0.454665
vt 0.548981 0.449859
vt 0.577549 0.446300
vt 0.607895 0.452465
vt 0.573400 0.446281
vt 0.602929 0.450752
vt 0.569109 0.446421
vt 0.598328 0.449399
vt 0.548562 0.448746
vt 0.577635 0.442182
vt 0.581621 0.446532
vt 0.608792 0.450542
vt 0.573258 0.442295
vt 0.568766 0.442700
vt 0.603955 0.448120
vt 0.564098 0.443490
vt 0.599314 0.446225
vt 0.559180 0.444671
vt 0.559810 0.447449
vt 0.594876 0.444739
vt 0.590511 0.443656
vt 0.554029 0.446394
vt 0.586217 0.442858
vt 0.613814 0.453623
vt 0.558197 0.441875
vt 0.591505 0.439543
vt 0.547948 0.447702
vt 0.581939 0.442349
vt 0.586912 0.438509
vt 0.614555 0.452675
vt 0.577639 0.437759
vt 0.572910 0.438034
vt 0.605339 0.445514
vt 0.600722 0.442961
vt 0.563206 0.440036
vt 0.596097 0.441002
vt 0.611497 0.447017
vt 0.609979 0.448713
vt 0.572338 0.433460
vt 0.607143 0.442971
vt 0.568123 0.438784
vt 0.602554 0.439652
vt 0.561869 0.436415
vt 0.597766 0.437026
vt 0.592828 0.435106
vt 0.553105 0.444399
vt 0.556774 0.439067
vt 0.551832 0.442490
vt 0.582297 0.437900
vt 0.587797 0.433774
vt 0.615472 0.451855
vt 0.547143 0.446758
vt 0.577530 0.432934
vt 0.594587 0.430224
vt 0.554808 0.436259
vt 0.546159 0.445952
vt 0.583150 0.427548
vt 0.582692 0.433027
vt 0.616552 0.451197
vt 0.577265 0.427505
vt 0.571387 0.428321
vt 0.609475 0.440506
vt 0.567090 0.434549
vt 0.604942 0.436282
vt 0.565601 0.430014
vt 0.599933 0.432863
vt 0.569930 0.422414
vt 0.612347 0.438245
vt 0.613367 0.445513
vt 0.557420 0.428741
vt 0.560008 0.432668
vt 0.602886 0.428348
vt 0.552216 0.433526
vt 0.596976 0.424787
vt 0.550162 0.440704
vt 0.588929 0.428517
vt 0.548106 0.439158
vt 0.590481 0.422387
vt 0.617776 0.450739
vt 0.545001 0.445324
vt 0.576794 0.421252
vt 0.615571 0.444298
vt 0.545653 0.437956
vt 0.592626 0.414989
vt 0.543701 0.444916
vt 0.583687 0.421184
vt 0.619103 0.450520
vt 0.575948 0.413620
vt 0.618175 0.443430
vt 0.615819 0.436339
vt 0.560208 0.419338
vt 0.563445 0.425068
vt 0.608056 0.432888
vt 0.606877 0.423518
vt 0.548908 0.431058
vt 0.549620 0.247828
vt 0.561103 0.240799
vt 0.561103 0.247828
vt 0.561103 0.318117
vt 0.549620 0.325146
vt 0.549620 0.318117
vt 0.558375 0.282973
vt 0.569343 0.282973
vt 0.567947 0.319721
vt 0.551554 0.284672
vt 0.542800 0.249527
vt 0.542800 0.316418
vt 0.551554 0.281274
vt 0.567947 0.246224
vt 0.576186 0.281368
vt 0.533623 0.513988
vt 0.514990 0.512708
vt 0.525720 0.541957
vt 0.539094 0.514475
vt 0.516735 0.515222
vt 0.523971 0.194729
vt 0.522045 0.195474
vt 0.521235 0.067117
vt 0.523826 0.053380
vt 0.538090 0.126422
vt 0.536876 0.146136
vt 0.530971 0.178701
vt 0.531103 0.182582
vt 0.609413 0.188381
vt 0.607457 0.184790
vt 0.609766 0.184950
vt 0.592078 0.201959
vt 0.594889 0.199175
vt 0.595467 0.201730
vt 0.607599 0.181745
vt 0.609409 0.181527
vt 0.597612 0.198185
vt 0.598725 0.200798
vt 0.607190 0.178640
vt 0.608396 0.178262
vt 0.600083 0.196743
vt 0.601785 0.199327
vt 0.606185 0.175586
vt 0.606763 0.175285
vt 0.604434 0.197194
vt 0.602257 0.194923
vt 0.604618 0.172652
vt 0.604158 0.192814
vt 0.606656 0.194618
vt 0.605692 0.190389
vt 0.608309 0.191641
vt 0.588372 0.201108
vt 0.588998 0.199735
vt 0.588711 0.201536
vt 0.606803 0.187688
vt 0.591997 0.199704
vt 0.589012 0.198091
vt 0.587986 0.199634
vt 0.587727 0.198135
vt 0.603510 0.189179
vt 0.604631 0.186894
vt 0.591685 0.197733
vt 0.605505 0.184399
vt 0.594179 0.197014
vt 0.605953 0.181696
vt 0.596475 0.195958
vt 0.606011 0.178803
vt 0.598559 0.194627
vt 0.605585 0.175767
vt 0.600427 0.193041
vt 0.602097 0.191232
vt 0.595372 0.194060
vt 0.597183 0.192816
vt 0.604907 0.178781
vt 0.604984 0.175841
vt 0.598842 0.191398
vt 0.600311 0.189782
vt 0.601652 0.188012
vt 0.588821 0.196619
vt 0.587599 0.196782
vt 0.602783 0.186035
vt 0.591217 0.196001
vt 0.603751 0.183853
vt 0.593389 0.195123
vt 0.604479 0.181445
vt 0.601171 0.185137
vt 0.588498 0.195290
vt 0.590628 0.194482
vt 0.602211 0.183202
vt 0.592553 0.193505
vt 0.603131 0.181039
vt 0.594308 0.192429
vt 0.603874 0.178596
vt 0.595909 0.191211
vt 0.604400 0.175807
vt 0.597374 0.189885
vt 0.598742 0.188455
vt 0.600016 0.186878
vt 0.587624 0.195556
vt 0.602930 0.178281
vt 0.603842 0.175686
vt 0.594692 0.189774
vt 0.596056 0.188531
vt 0.597332 0.187195
vt 0.598546 0.185762
vt 0.587682 0.194283
vt 0.588036 0.194119
vt 0.599732 0.184197
vt 0.589947 0.193110
vt 0.600829 0.182466
vt 0.591669 0.192067
vt 0.601917 0.180510
vt 0.593239 0.190943
vt 0.599602 0.181651
vt 0.589176 0.191897
vt 0.590739 0.190759
vt 0.600819 0.179882
vt 0.592182 0.189603
vt 0.602050 0.177860
vt 0.593522 0.188440
vt 0.603326 0.175473
vt 0.594795 0.187237
vt 0.596030 0.185989
vt 0.597224 0.184659
vt 0.587701 0.194073
vt 0.587446 0.193053
vt 0.598414 0.183222
vt 0.602853 0.175191
vt 0.594791 0.184804
vt 0.584994 0.193507
vt 0.585373 0.194027
vt 0.584478 0.193927
vt 0.595994 0.183552
vt 0.585866 0.194049
vt 0.597213 0.182213
vt 0.586749 0.192087
vt 0.588322 0.190787
vt 0.598482 0.180766
vt 0.589761 0.189554
vt 0.599818 0.179162
vt 0.591103 0.188366
vt 0.601267 0.177329
vt 0.592366 0.187189
vt 0.593585 0.186005
vt 0.588729 0.188436
vt 0.597457 0.179806
vt 0.598917 0.178352
vt 0.589993 0.187194
vt 0.600555 0.176716
vt 0.591206 0.185987
vt 0.602440 0.174833
vt 0.592399 0.184802
vt 0.593602 0.183623
vt 0.584369 0.192829
vt 0.583493 0.193740
vt 0.594829 0.182418
vt 0.585952 0.191202
vt 0.596096 0.181156
vt 0.587384 0.189768
vt 0.592434 0.182421
vt 0.583651 0.192234
vt 0.582699 0.193544
vt 0.593708 0.181237
vt 0.585055 0.190410
vt 0.595050 0.180032
vt 0.586372 0.188820
vt 0.596501 0.178779
vt 0.587625 0.187388
vt 0.598110 0.177447
vt 0.588829 0.186067
vt 0.599943 0.176004
vt 0.590020 0.184810
vt 0.602082 0.174419
vt 0.591216 0.183606
vt 0.595628 0.177650
vt 0.597396 0.176444
vt 0.587607 0.184966
vt 0.599414 0.175219
vt 0.588789 0.183640
vt 0.601792 0.173950
vt 0.590000 0.182380
vt 0.591271 0.181178
vt 0.582857 0.191713
vt 0.582001 0.193331
vt 0.592612 0.180006
vt 0.584068 0.189694
vt 0.594050 0.178829
vt 0.585253 0.187947
vt 0.586427 0.186389
vt 0.581967 0.191300
vt 0.581337 0.193089
vt 0.591528 0.178670
vt 0.582971 0.189076
vt 0.593093 0.177515
vt 0.584039 0.187143
vt 0.594824 0.176417
vt 0.585130 0.185431
vt 0.596767 0.175361
vt 0.586274 0.183875
vt 0.598996 0.174345
vt 0.587486 0.182449
vt 0.601586 0.173430
vt 0.588741 0.181113
vt 0.590084 0.179861
vt 0.584844 0.182789
vt 0.596252 0.174140
vt 0.598682 0.173400
vt 0.586061 0.181211
vt 0.601464 0.172873
vt 0.587410 0.179778
vt 0.588850 0.178436
vt 0.580645 0.192804
vt 0.590439 0.177211
vt 0.581763 0.188551
vt 0.592172 0.176087
vt 0.582664 0.186416
vt 0.594097 0.175054
vt 0.583696 0.184508
vt 0.589325 0.175566
vt 0.581013 0.190987
vt 0.580428 0.188150
vt 0.591294 0.174465
vt 0.581150 0.185773
vt 0.593457 0.173537
vt 0.582115 0.183629
vt 0.595851 0.172809
vt 0.583210 0.181679
vt 0.598498 0.172377
vt 0.584512 0.179921
vt 0.601435 0.172288
vt 0.585939 0.178304
vt 0.587558 0.176877
vt 0.579870 0.192427
vt 0.595603 0.171329
vt 0.598468 0.171282
vt 0.582712 0.178506
vt 0.601507 0.171688
vt 0.584336 0.176704
vt 0.586139 0.175075
vt 0.578923 0.191879
vt 0.579964 0.190810
vt 0.588201 0.173734
vt 0.578933 0.187893
vt 0.590460 0.172643
vt 0.579460 0.185235
vt 0.592925 0.171799
vt 0.580274 0.182794
vt 0.581391 0.180563
vt 0.589688 0.170496
vt 0.577523 0.184850
vt 0.592543 0.169845
vt 0.578169 0.182042
vt 0.595549 0.169689
vt 0.579207 0.179402
vt 0.598623 0.170116
vt 0.580652 0.176979
vt 0.601685 0.171088
vt 0.582459 0.174835
vt 0.584611 0.173034
vt 0.577650 0.190986
vt 0.578848 0.190766
vt 0.587026 0.171565
vt 0.577634 0.190927
vt 0.577328 0.187811
vt 0.601984 0.170509
vt 0.578206 0.175300
vt 0.580258 0.172674
vt 0.582852 0.170554
vt 0.577586 0.190940
vt 0.585803 0.168956
vt 0.575572 0.187971
vt 0.589023 0.167954
vt 0.575309 0.184688
vt 0.592380 0.167600
vt 0.575636 0.181390
vt 0.595748 0.167914
vt 0.576665 0.178230
vt 0.599001 0.168899
vt 0.572799 0.184874
vt 0.592558 0.165013
vt 0.572605 0.180962
vt 0.596292 0.165996
vt 0.573448 0.177038
vt 0.599621 0.167690
vt 0.575122 0.173338
vt 0.602405 0.169971
vt 0.577613 0.170075
vt 0.580834 0.167503
vt 0.584550 0.165735
vt 0.575335 0.188458
vt 0.573727 0.188469
vt 0.588546 0.164845
vt 0.571152 0.171050
vt 0.574255 0.166797
vt 0.602946 0.169505
vt 0.578443 0.163575
vt 0.583311 0.161668
vt 0.571829 0.189420
vt 0.574166 0.189582
vt 0.572853 0.190866
vt 0.588399 0.161042
vt 0.569847 0.185575
vt 0.593243 0.161933
vt 0.568948 0.180912
vt 0.597324 0.163936
vt 0.569361 0.175908
vt 0.600537 0.166557
vt 0.588986 0.156077
vt 0.594794 0.158559
vt 0.564157 0.181596
vt 0.598969 0.161897
vt 0.563842 0.174970
vt 0.601787 0.165564
vt 0.565764 0.168287
vt 0.603598 0.169151
vt 0.569814 0.162499
vt 0.575477 0.158214
vt 0.582180 0.156017
vt 0.569940 0.191024
vt 0.571666 0.192381
vt 0.566761 0.187095
vt 0.604342 0.168939
vt 0.571616 0.150575
vt 0.581440 0.147976
vt 0.570257 0.194226
vt 0.590938 0.149706
vt 0.563330 0.189865
vt 0.597506 0.154973
vt 0.558055 0.183701
vt 0.601304 0.160015
vt 0.555981 0.174548
vt 0.603349 0.164787
vt 0.558069 0.164786
vt 0.563839 0.156776
vt 0.550666 0.189767
vt 0.602128 0.151709
vt 0.604424 0.158821
vt 0.548007 0.185480
vt 0.546705 0.187363
vt 0.605188 0.164388
vt 0.544000 0.175082
vt 0.547217 0.160336
vt 0.605140 0.168900
vt 0.554696 0.148098
vt 0.566522 0.139835
vt 0.581357 0.135627
vt 0.568380 0.193341
vt 0.568352 0.196551
vt 0.567338 0.196361
vt 0.592349 0.139125
vt 0.585449 0.135450
vt 0.560367 0.194376
vt 0.564798 0.136086
vt 0.581217 0.134402
vt 0.568025 0.196981
vt 0.567025 0.199860
vt 0.607922 0.138650
vt 0.594267 0.137662
vt 0.607541 0.133681
vt 0.559274 0.200246
vt 0.608487 0.150292
vt 0.548203 0.200154
vt 0.608117 0.158633
vt 0.543492 0.200020
vt 0.542800 0.175016
vt 0.544060 0.179057
vt 0.607155 0.164560
vt 0.543421 0.158862
vt 0.605944 0.169055
vt 0.551144 0.144761
vt 0.615269 0.151835
vt 0.611856 0.159738
vt 0.546016 0.212420
vt 0.609058 0.165294
vt 0.606697 0.169402
vt 0.574520 0.200417
vt 0.573332 0.200937
vt 0.572995 0.199645
vt 0.572048 0.199175
vt 0.621412 0.135649
vt 0.619604 0.140468
vt 0.560452 0.206626
vt 0.550198 0.210733
vt 0.570108 0.206568
vt 0.568001 0.203468
vt 0.629824 0.146800
vt 0.633239 0.143276
vt 0.564147 0.212103
vt 0.621113 0.155838
vt 0.555850 0.219918
vt 0.615090 0.162070
vt 0.610689 0.166548
vt 0.607367 0.169907
vt 0.574427 0.202561
vt 0.576163 0.200950
vt 0.611971 0.168162
vt 0.607876 0.170574
vt 0.575906 0.203811
vt 0.577432 0.201271
vt 0.573018 0.208947
vt 0.641082 0.154760
vt 0.636482 0.156762
vt 0.569383 0.216112
vt 0.625293 0.161569
vt 0.564644 0.226241
vt 0.617535 0.165242
vt 0.562656 0.230331
vt 0.552641 0.222903
vt 0.576515 0.210067
vt 0.644040 0.168484
vt 0.638969 0.168399
vt 0.575594 0.217649
vt 0.626686 0.168298
vt 0.575202 0.229049
vt 0.618611 0.169007
vt 0.575019 0.233722
vt 0.612646 0.170079
vt 0.608207 0.171334
vt 0.577671 0.204492
vt 0.578516 0.201479
vt 0.600546 0.235842
vt 0.616540 0.232814
vt 0.617900 0.237093
vt 0.608367 0.172132
vt 0.630499 0.224992
vt 0.634204 0.229033
vt 0.643735 0.213425
vt 0.579474 0.204716
vt 0.579525 0.201618
vt 0.639537 0.211683
vt 0.644040 0.195703
vt 0.580009 0.209997
vt 0.642754 0.195629
vt 0.642764 0.191405
vt 0.635935 0.179742
vt 0.640375 0.182405
vt 0.581635 0.217125
vt 0.625835 0.174697
vt 0.585921 0.226864
vt 0.618419 0.172720
vt 0.588156 0.231193
vt 0.596499 0.234246
vt 0.600581 0.234586
vt 0.612834 0.172031
vt 0.638891 0.184465
vt 0.628107 0.186184
vt 0.586330 0.214285
vt 0.622587 0.179502
vt 0.592499 0.219796
vt 0.617191 0.175867
vt 0.590188 0.229935
vt 0.601863 0.222312
vt 0.612506 0.173853
vt 0.612165 0.220452
vt 0.608320 0.172927
vt 0.621089 0.214827
vt 0.627385 0.206292
vt 0.580532 0.201732
vt 0.630028 0.195966
vt 0.581203 0.204395
vt 0.582988 0.208942
vt 0.608105 0.173665
vt 0.614815 0.208127
vt 0.619306 0.202300
vt 0.581634 0.201793
vt 0.621578 0.195346
vt 0.582684 0.203703
vt 0.585328 0.207368
vt 0.621393 0.188372
vt 0.589315 0.210806
vt 0.618955 0.182506
vt 0.594918 0.213629
vt 0.615472 0.178276
vt 0.601764 0.214091
vt 0.611777 0.175425
vt 0.608750 0.212237
vt 0.586998 0.205384
vt 0.590947 0.207540
vt 0.615459 0.184042
vt 0.595739 0.208732
vt 0.613376 0.179938
vt 0.600975 0.208500
vt 0.610768 0.176702
vt 0.605992 0.206574
vt 0.607760 0.174320
vt 0.610380 0.203428
vt 0.613774 0.199206
vt 0.582947 0.201789
vt 0.615994 0.194246
vt 0.583874 0.202772
vt 0.616402 0.188951
vt 0.603732 0.202515
vt 0.607080 0.199953
vt 0.607298 0.174862
vt 0.609815 0.196729
vt 0.584687 0.201643
vt 0.611611 0.192919
vt 0.588086 0.203423
vt 0.612550 0.188858
vt 0.591779 0.204528
vt 0.612345 0.184766
vt 0.595792 0.204862
vt 0.611366 0.180971
vt 0.599883 0.204211
vt 0.609607 0.177630
vt 0.584768 0.201633
vt 0.584745 0.201680
vt 0.613134 0.068132
vt 0.614586 0.078424
vt 0.583342 0.107467
vt 0.551464 0.120771
vt 0.547679 0.112427
vt 0.553786 0.109676
vt 0.591545 0.125619
vt 0.585747 0.127734
vt 0.568114 0.116280
vt 0.550008 0.062564
vt 0.555990 0.053440
vt 0.572959 0.093992
vt 0.130278 0.043641
vt 0.480299 0.486451
vt 0.354854 0.052138
vt 0.396795 0.001853
vt 0.217840 0.103295
vt 0.221811 0.106560
vt 0.226349 0.109063
vt 0.345774 0.005631
vt 0.231288 0.110700
vt 0.236443 0.111405
vt 0.214658 0.068227
vt 0.211997 0.073334
vt 0.218279 0.063740
vt 0.241623 0.111147
vt 0.222720 0.060046
vt 0.227799 0.057296
vt 0.246640 0.109936
vt 0.251562 0.108562
vt 0.233285 0.055602
vt 0.239136 0.055244
vt 0.256121 0.106231
vt 0.260135 0.103023
vt 0.244947 0.056076
vt 0.263445 0.099059
vt 0.250493 0.058067
vt 0.255550 0.061145
vt 0.265793 0.093381
vt 0.266965 0.087415
vt 0.259892 0.065217
vt 0.263317 0.070078
vt 0.214581 0.099400
vt 0.210398 0.078868
vt 0.212147 0.095033
vt 0.263439 0.754552
vt 0.222968 0.896276
vt 0.219018 0.899611
vt 0.396605 0.998147
vt 0.356348 0.947696
vt 0.227514 0.893678
vt 0.232489 0.891926
vt 0.349489 0.996194
vt 0.213208 0.929548
vt 0.215864 0.934745
vt 0.219521 0.939355
vt 0.237712 0.891096
vt 0.242730 0.891049
vt 0.224053 0.943195
vt 0.229297 0.946100
vt 0.247494 0.891934
vt 0.235040 0.947936
vt 0.240957 0.948599
vt 0.251769 0.893513
vt 0.255874 0.896038
vt 0.246746 0.947568
vt 0.259624 0.899420
vt 0.252217 0.945385
vt 0.257148 0.942128
vt 0.262741 0.903554
vt 0.265497 0.909124
vt 0.261249 0.937802
vt 0.264405 0.932733
vt 0.267063 0.915071
vt 0.211643 0.923966
vt 0.215803 0.903543
vt 0.211226 0.918217
vt 0.600327 0.418536
vt 0.584320 0.413620
vt 0.567806 0.415755
vt 0.612088 0.429582
vt 0.553821 0.424683
vt 0.549620 0.240799
vt 0.561103 0.325146
vt 0.576186 0.284577
vt 0.516176 0.110818
vt 0.520401 0.093853
vt 0.530950 0.185266
vt 0.528655 0.186985
vt 0.517543 0.125349
vt 0.517672 0.139780
vt 0.530540 0.190229
vt 0.527013 0.191221
vt 0.517754 0.154045
vt 0.518747 0.168032
vt 0.526832 0.192689
vt 0.525652 0.193816
vt 0.520253 0.181831
vt 0.530204 0.019601
vt 0.533640 0.001853
vt 0.518414 0.080224
vt 0.526674 0.036805
vt 0.530706 0.168883
vt 0.533228 0.170314
vt 0.533446 0.022639
vt 0.532646 0.165514
vt 0.533262 0.162024
vt 0.539094 0.045857
vt 0.536628 0.065707
vt 0.533538 0.158370
vt 0.534430 0.154471
vt 0.538541 0.086342
vt 0.538772 0.106520
vt 0.535612 0.150387
vt 0.531166 0.184801
vt 0.530326 0.174285
vt 0.531042 0.183927
vt 0.587650 0.201252
vt 0.575776 0.189018
vt 0.596978 0.141722
vt 0.615403 0.001853
vt 0.615104 0.018521
vt 0.613235 0.093740
vt 0.611242 0.100169
vt 0.615403 0.087490
vt 0.613265 0.033200
vt 0.614088 0.051812
vt 0.570814 0.129390
vt 0.566047 0.128152
vt 0.544140 0.095120
vt 0.543388 0.086220
vt 0.545536 0.103482
vt 0.561572 0.126819
vt 0.556460 0.124166
vt 0.607763 0.105818
vt 0.575081 0.129975
vt 0.580288 0.129190
vt 0.602943 0.113081
vt 0.597583 0.119672
vt 0.603219 0.012962
vt 0.542800 0.078567
vt 0.585005 0.026040
vt 0.569220 0.039379
vt 0.545591 0.070862
s 0
usemtl material.001
f 83/1/1 5/2/1 61/3/1
f 120/4/2 59/5/2 111/6/2
f 8/7/3 12/8/3 1/9/3
f 20/10/4 15/11/4 8/7/4
f 17/12/5 20/10/5 5/2/5
f 17/12/6 31/13/6 21/14/6
f 23/15/7 25/16/7 7/17/7
f 12/8/8 31/13/8 23/15/8
f 15/11/9 21/14/9 31/13/9
f 40/18/10 41/19/10 33/20/10
f 40/18/11 50/21/11 44/22/11
f 46/23/12 47/24/12 35/25/12
f 53/26/13 50/21/13 46/23/13
f 52/27/14 53/26/14 37/28/14
f 41/19/15 55/29/15 52/27/15
f 44/22/16 50/21/16 55/29/16
f 63/30/17 65/31/17 57/32/17
f 71/33/18 67/34/18 63/30/18
f 69/35/19 71/33/19 59/5/19
f 69/35/20 79/36/20 73/37/20
f 75/38/21 77/39/21 61/3/21
f 65/31/22 79/36/22 75/38/22
f 67/34/23 73/37/23 79/36/23
f 88/40/24 90/41/24 82/42/24
f 88/40/25 98/43/25 92/44/25
f 94/45/26 96/46/26 83/1/26
f 101/47/27 98/43/27 94/45/27
f 99/48/28 101/47/28 86/49/28
f 90/41/29 104/50/29 99/48/29
f 92/44/30 98/43/30 104/50/30
f 113/51/31 90/41/31 115/52/31
f 90/41/32 117/53/32 115/52/32
f 99/48/33 120/4/33 117/53/33
f 83/1/34 77/39/34 94/45/34
f 77/39/35 101/47/35 94/45/35
f 69/35/36 86/49/36 101/47/36
f 57/32/37 8/7/37 1/9/37
f 65/31/38 20/10/38 8/7/38
f 75/38/39 5/2/39 20/10/39
f 33/20/40 88/40/40 82/42/40
f 41/19/41 96/46/41 88/40/41
f 52/27/42 83/1/42 96/46/42
f 35/25/43 25/16/43 46/23/43
f 25/16/44 53/26/44 46/23/44
f 17/12/45 37/28/45 53/26/45
f 1/9/46 123/54/46 122/55/46
f 12/8/47 126/56/47 123/54/47
f 23/15/48 128/57/48 126/56/48
f 57/32/49 122/55/49 105/58/49
f 47/24/50 135/59/50 35/25/50
f 131/60/51 47/24/51 40/18/51
f 130/61/52 40/18/52 33/20/52
f 71/33/53 111/6/53 59/5/53
f 107/62/54 71/33/54 63/30/54
f 105/58/55 63/30/55 57/32/55
f 113/51/56 33/20/56 82/42/56
f 530/63/57 640/64/57 1122/65/57
f 35/25/57 622/66/57 138/67/57
f 162/68/58 193/69/58 164/70/58
f 147/71/59 180/72/59 149/73/59
f 164/70/60 195/74/60 166/75/60
f 151/76/61 180/72/61 182/77/61
f 166/75/62 198/78/62 168/79/62
f 151/76/63 183/80/63 153/81/63
f 138/82/64 170/83/64 140/84/64
f 530/85/65 168/79/65 198/78/65
f 153/81/66 185/86/66 156/87/66
f 140/84/67 171/88/67 142/89/67
f 156/87/68 188/90/68 157/91/68
f 143/92/69 171/88/69 173/93/69
f 159/94/70 188/90/70 189/95/70
f 145/96/71 173/93/71 175/97/71
f 159/94/72 191/98/72 162/68/72
f 147/71/73 175/97/73 178/99/73
f 185/86/74 218/100/74 188/90/74
f 173/93/75 201/101/75 204/102/75
f 189/95/76 218/100/76 220/103/76
f 175/97/77 204/102/77 205/104/77
f 189/95/78 222/105/78 191/98/78
f 178/99/79 205/104/79 208/106/79
f 191/98/80 224/107/80 193/69/80
f 178/99/81 210/108/81 180/72/81
f 193/69/82 226/109/82 195/74/82
f 180/72/83 212/110/83 182/77/83
f 195/74/84 228/111/84 198/78/84
f 183/80/85 212/110/85 214/112/85
f 138/82/86 200/113/86 170/83/86
f 530/85/87 198/78/87 228/111/87
f 183/80/88 216/114/88 185/86/88
f 171/88/89 200/113/89 201/101/89
f 224/107/90 256/115/90 226/109/90
f 212/110/91 240/116/91 242/117/91
f 228/111/92 256/115/92 258/118/92
f 212/110/93 244/119/93 214/112/93
f 138/82/94 229/120/94 200/113/94
f 530/85/95 228/111/95 258/118/95
f 216/114/96 244/119/96 246/121/96
f 201/101/97 229/120/97 231/122/97
f 216/114/98 248/123/98 218/100/98
f 201/101/99 234/124/99 204/102/99
f 218/100/100 250/125/100 220/103/100
f 204/102/101 235/126/101 205/104/101
f 222/105/102 250/125/102 251/127/102
f 205/104/103 238/128/103 208/106/103
f 224/107/104 251/127/104 254/129/104
f 208/106/105 240/116/105 210/108/105
f 234/124/106 261/130/106 263/131/106
f 250/125/107 277/132/107 279/133/107
f 234/124/108 265/134/108 235/126/108
f 250/125/109 281/135/109 251/127/109
f 235/126/110 267/136/110 238/128/110
f 254/129/111 281/135/111 283/137/111
f 238/128/112 269/138/112 240/116/112
f 254/129/113 285/139/113 256/115/113
f 240/116/114 272/140/114 242/117/114
f 258/118/115 285/139/115 288/141/115
f 244/119/116 272/140/116 273/142/116
f 138/82/117 260/143/117 229/120/117
f 530/85/118 258/118/118 288/141/118
f 244/119/119 276/144/119 246/121/119
f 229/120/120 261/130/120 231/122/120
f 246/121/121 277/132/121 248/123/121
f 272/140/122 299/145/122 301/146/122
f 288/141/123 316/147/123 318/148/123
f 273/142/124 301/146/124 303/149/124
f 138/82/125 289/150/125 260/143/125
f 530/85/126 288/141/126 318/148/126
f 273/142/127 305/151/127 276/144/127
f 261/130/128 289/150/128 291/152/128
f 276/144/129 307/153/129 277/132/129
f 263/131/130 291/152/130 294/154/130
f 279/133/131 307/153/131 309/155/131
f 263/131/132 295/156/132 265/134/132
f 281/135/133 309/155/133 312/157/133
f 265/134/134 297/158/134 267/136/134
f 283/137/135 312/157/135 313/159/135
f 267/136/136 299/145/136 269/138/136
f 285/139/137 313/159/137 316/147/137
f 309/155/138 337/160/138 340/161/138
f 295/156/139 323/162/139 325/163/139
f 309/155/140 342/164/140 312/157/140
f 295/156/141 328/165/141 297/158/141
f 313/159/142 342/164/142 344/166/142
f 297/158/143 329/167/143 299/145/143
f 313/159/144 345/168/144 316/147/144
f 301/146/145 329/167/145 332/169/145
f 318/148/146 345/168/146 347/170/146
f 303/149/147 332/169/147 333/171/147
f 138/82/148 320/172/148 289/150/148
f 530/85/149 318/148/149 347/170/149
f 303/149/150 335/173/150 305/151/150
f 289/150/151 322/174/151 291/152/151
f 305/151/152 337/160/152 307/153/152
f 291/152/153 323/162/153 294/154/153
f 345/168/154 377/175/154 347/170/154
f 332/169/155 363/176/155 333/171/155
f 138/82/156 349/177/156 320/172/156
f 530/85/157 347/170/157 377/175/157
f 333/171/158 366/178/158 335/173/158
f 322/174/159 349/177/159 352/179/159
f 335/173/160 368/180/160 337/160/160
f 323/162/161 352/179/161 354/181/161
f 340/161/162 368/180/162 370/182/162
f 323/162/163 356/183/163 325/163/163
f 340/161/164 372/184/164 342/164/164
f 328/165/165 356/183/165 357/185/165
f 342/164/166 374/186/166 344/166/166
f 328/165/167 360/187/167 329/167/167
f 344/166/168 375/188/168 345/168/168
f 332/169/169 360/187/169 361/189/169
f 354/181/170 385/190/170 356/183/170
f 370/182/171 402/191/171 372/184/171
f 357/185/172 385/190/172 388/192/172
f 372/184/173 404/193/173 374/186/173
f 357/185/174 390/194/174 360/187/174
f 375/188/175 404/193/175 406/195/175
f 361/189/176 390/194/176 392/196/176
f 377/175/177 406/195/177 407/197/177
f 363/176/178 392/196/178 393/198/178
f 138/82/179 380/199/179 349/177/179
f 530/85/180 377/175/180 407/197/180
f 363/176/181 395/200/181 366/178/181
f 349/177/182 381/201/182 352/179/182
f 366/178/183 398/202/183 368/180/183
f 352/179/184 383/203/184 354/181/184
f 370/182/185 398/202/185 400/204/185
f 393/198/186 422/205/186 424/206/186
f 410/207/187 380/199/187 138/82/187
f 438/208/188 530/85/188 407/197/188
f 393/198/189 425/209/189 395/200/189
f 381/201/190 410/207/190 412/210/190
f 395/200/191 427/211/191 398/202/191
f 383/203/192 412/210/192 414/212/192
f 398/202/193 429/213/193 400/204/193
f 385/190/194 414/212/194 416/214/194
f 400/204/195 431/215/195 402/191/195
f 388/192/196 416/214/196 417/216/196
f 402/191/197 434/217/197 404/193/197
f 388/192/198 419/218/198 390/194/198
f 404/193/199 436/219/199 406/195/199
f 392/196/200 419/218/200 422/205/200
f 407/197/201 436/219/201 438/208/201
f 429/213/202 462/220/202 431/215/202
f 417/216/203 445/221/203 448/222/203
f 434/217/204 462/220/204 464/223/204
f 417/216/205 450/224/205 419/218/205
f 436/219/206 464/223/206 465/225/206
f 422/205/207 450/224/207 452/226/207
f 438/208/208 465/225/208 467/227/208
f 422/205/209 454/228/209 424/206/209
f 439/229/210 410/207/210 138/82/210
f 467/227/211 530/85/211 438/208/211
f 424/206/212 456/230/212 425/209/212
f 410/207/213 442/231/213 412/210/213
f 425/209/214 458/232/214 427/211/214
f 412/210/215 443/233/215 414/212/215
f 427/211/216 460/234/216 429/213/216
f 416/214/217 443/233/217 445/221/217
f 498/235/218 530/85/218 467/227/218
f 454/228/219 485/236/219 456/230/219
f 442/231/220 470/237/220 472/238/220
f 456/230/221 487/239/221 458/232/221
f 442/231/222 474/240/222 443/233/222
f 458/232/223 489/241/223 460/234/223
f 445/221/224 474/240/224 476/242/224
f 460/234/225 491/243/225 462/220/225
f 448/222/226 476/242/226 478/244/226
f 462/220/227 493/245/227 464/223/227
f 448/222/228 480/246/228 450/224/228
f 464/223/229 495/247/229 465/225/229
f 452/226/230 480/246/230 482/248/230
f 465/225/231 498/235/231 467/227/231
f 454/228/232 482/248/232 484/249/232
f 470/237/233 439/229/233 138/82/233
f 493/245/234 521/250/234 523/251/234
f 478/244/235 510/252/235 480/246/235
f 493/245/236 525/253/236 495/247/236
f 482/248/237 510/252/237 511/254/237
f 495/247/238 527/255/238 498/235/238
f 484/249/239 511/254/239 513/256/239
f 499/257/240 470/237/240 138/82/240
f 527/255/241 530/85/241 498/235/241
f 484/249/242 515/258/242 485/236/242
f 472/238/243 499/257/243 501/259/243
f 485/236/244 517/260/244 487/239/244
f 472/238/245 503/261/245 474/240/245
f 489/241/246 517/260/246 519/262/246
f 474/240/247 505/263/247 476/242/247
f 489/241/248 521/250/248 491/243/248
f 478/244/249 505/263/249 507/264/249
f 499/257/250 533/265/250 501/259/250
f 515/258/251 549/266/251 517/260/251
f 503/261/252 533/265/252 536/267/252
f 519/262/253 549/266/253 551/268/253
f 503/261/254 537/269/254 505/263/254
f 519/262/255 553/270/255 521/250/255
f 505/263/256 539/271/256 507/264/256
f 523/251/257 553/270/257 556/272/257
f 507/264/258 542/273/258 510/252/258
f 525/253/259 556/272/259 557/274/259
f 511/254/260 542/273/260 544/275/260
f 525/253/261 560/276/261 527/255/261
f 513/256/262 544/275/262 546/277/262
f 531/278/263 499/257/263 138/82/263
f 560/276/264 530/85/264 527/255/264
f 513/256/265 547/279/265 515/258/265
f 539/271/266 571/280/266 542/273/266
f 557/274/267 585/281/267 587/282/267
f 544/275/268 571/280/268 573/283/268
f 557/274/269 589/284/269 560/276/269
f 546/277/270 573/283/270 576/285/270
f 561/286/271 531/278/271 138/82/271
f 589/284/272 530/85/272 560/276/272
f 546/277/273 578/287/273 547/279/273
f 533/265/274 561/286/274 563/288/274
f 547/279/275 579/289/275 549/266/275
f 533/265/276 566/290/276 536/267/276
f 551/268/277 579/289/277 582/291/277
f 537/269/278 566/290/278 568/292/278
f 553/270/279 582/291/279 584/293/279
f 537/269/280 569/294/280 539/271/280
f 553/270/281 585/281/281 556/272/281
f 578/287/282 609/295/282 579/289/282
f 566/290/283 593/296/283 596/297/283
f 579/289/284 612/298/284 582/291/284
f 568/292/285 596/297/285 598/299/285
f 582/291/286 614/300/286 584/293/286
f 569/294/287 598/299/287 600/301/287
f 585/281/288 614/300/288 616/302/288
f 569/294/289 602/303/289 571/280/289
f 585/281/290 618/304/290 587/282/290
f 573/283/291 602/303/291 603/305/291
f 589/284/292 618/304/292 619/306/292
f 576/285/293 603/305/293 605/307/293
f 591/308/294 561/286/294 138/82/294
f 619/306/295 530/85/295 589/284/295
f 576/285/296 607/309/296 578/287/296
f 561/286/297 593/296/297 563/288/297
f 616/302/298 638/310/298 618/304/298
f 602/303/299 647/311/299 603/305/299
f 618/304/300 640/312/300 619/306/300
f 605/307/301 647/311/301 644/313/301
f 622/314/302 591/308/302 138/82/302
f 640/312/303 530/85/303 619/306/303
f 605/307/304 645/315/304 607/309/304
f 591/308/305 623/316/305 593/296/305
f 609/295/306 645/315/306 632/317/306
f 593/296/307 625/318/307 596/297/307
f 609/295/308 650/319/308 612/298/308
f 598/299/309 625/318/309 628/320/309
f 614/300/310 650/319/310 634/321/310
f 598/299/311 641/322/311 600/301/311
f 614/300/312 636/323/312 616/302/312
f 602/303/313 641/322/313 630/324/313
f 725/325/314 1127/326/314 1128/327/314
f 654/328/314 680/329/314 1126/330/314
f 701/331/2 120/4/2 111/6/2
f 659/332/315 658/333/315 651/334/315
f 658/333/316 668/335/316 665/336/316
f 665/336/317 664/337/317 654/328/317
f 668/335/318 671/338/318 664/337/318
f 671/338/319 669/339/319 655/340/319
f 669/339/320 662/341/320 659/332/320
f 662/341/321 673/342/321 668/335/321
f 683/343/322 682/344/322 676/345/322
f 685/346/323 690/347/323 682/344/323
f 690/347/324 687/348/324 678/349/324
f 687/348/325 698/350/325 696/351/325
f 696/351/326 694/352/326 680/329/326
f 698/350/327 683/343/327 694/352/327
f 685/346/328 698/350/328 692/353/328
f 708/354/329 706/355/329 700/356/329
f 706/355/330 716/357/330 714/358/330
f 714/358/331 711/359/331 701/331/331
f 716/357/332 720/360/332 711/359/332
f 720/360/333 718/361/333 703/362/333
f 718/361/334 710/363/334 708/354/334
f 710/363/335 722/364/335 716/357/335
f 732/365/336 730/366/336 724/367/336
f 734/368/337 738/369/337 730/366/337
f 738/369/338 736/370/338 725/325/338
f 736/370/339 746/371/339 743/372/339
f 743/372/340 741/373/340 728/374/340
f 746/371/341 732/365/341 741/373/341
f 734/368/342 746/371/342 740/375/342
f 113/376/31 732/365/31 724/367/31
f 117/377/32 732/365/32 115/378/32
f 120/4/33 741/373/33 117/377/33
f 736/370/343 703/362/343 725/325/343
f 743/372/344 720/360/344 736/370/344
f 728/374/345 711/359/345 743/372/345
f 658/333/346 700/356/346 651/334/346
f 665/336/347 708/354/347 658/333/347
f 654/328/348 718/361/348 665/336/348
f 730/366/349 676/345/349 724/367/349
f 738/369/350 683/343/350 730/366/350
f 725/325/351 694/352/351 738/369/351
f 687/348/352 655/340/352 678/349/352
f 696/351/353 671/338/353 687/348/353
f 680/329/354 664/337/354 696/351/354
f 122/379/46 659/332/46 651/334/46
f 126/380/47 659/332/47 123/381/47
f 128/382/48 669/339/48 126/380/48
f 122/379/49 700/356/49 105/383/49
f 678/349/50 133/384/50 690/347/50
f 690/347/51 131/385/51 682/344/51
f 682/344/52 130/386/52 676/345/52
f 714/358/53 111/6/53 109/387/53
f 714/358/54 107/388/54 706/355/54
f 706/355/55 105/383/55 700/356/55
f 676/345/56 113/376/56 724/367/56
f 1125/389/57 1114/390/57 1059/391/57
f 135/392/57 749/393/57 747/394/57
f 803/395/312 771/396/312 774/397/312
f 789/398/313 758/399/313 760/400/313
f 805/401/298 774/397/298 775/402/298
f 791/403/299 760/400/299 762/404/299
f 777/405/355 805/401/355 775/402/355
f 793/406/356 762/404/356 764/407/356
f 747/408/302 749/409/302 779/410/302
f 1059/411/303 807/412/303 777/405/303
f 765/413/357 793/406/357 764/407/357
f 782/414/358 749/409/358 751/415/358
f 768/416/306 795/417/306 765/413/306
f 754/418/307 782/414/307 751/415/307
f 770/419/308 798/420/308 768/416/308
f 756/421/309 784/422/309 754/418/309
f 771/396/310 799/423/310 770/419/310
f 787/424/311 756/421/311 758/399/311
f 798/420/282 825/425/282 795/417/282
f 813/426/283 782/414/283 784/422/283
f 799/423/284 827/427/284 798/420/284
f 815/428/285 784/422/285 786/429/285
f 832/430/286 799/423/286 801/431/286
f 787/424/287 815/428/287 786/429/287
f 803/395/288 832/430/288 801/431/288
f 820/432/289 787/424/289 789/398/289
f 805/401/290 834/433/290 803/395/290
f 822/434/291 789/398/291 791/403/291
f 838/435/292 805/401/292 807/412/292
f 824/436/293 791/403/293 793/406/293
f 747/408/294 779/410/294 809/437/294
f 1059/411/295 838/435/295 807/412/295
f 825/425/296 793/406/296 795/417/296
f 811/438/359 779/410/359 782/414/359
f 865/439/360 834/433/360 835/440/360
f 822/434/268 850/441/268 820/432/268
f 838/435/361 865/439/361 835/440/361
f 854/442/270 822/434/270 824/436/270
f 747/408/271 809/437/271 840/443/271
f 1059/411/272 867/444/272 838/435/272
f 825/425/273 854/442/273 824/436/273
f 841/445/362 809/437/362 811/438/362
f 857/446/275 825/425/275 827/427/275
f 813/426/276 841/445/276 811/438/276
f 829/447/277 857/446/277 827/427/277
f 815/428/278 844/448/278 813/426/278
f 861/449/279 829/447/279 832/430/279
f 848/450/280 815/428/280 817/451/280
f 863/452/281 832/430/281 834/433/281
f 850/441/266 817/451/266 820/432/266
f 844/448/252 871/453/252 841/445/252
f 890/454/253 857/446/253 860/455/253
f 875/456/254 844/448/254 846/457/254
f 892/458/255 860/455/255 861/449/255
f 877/459/256 846/457/256 848/450/256
f 894/460/257 861/449/257 863/452/257
f 879/461/258 848/450/258 850/441/258
f 896/462/259 863/452/259 865/439/259
f 851/463/260 879/461/260 850/441/260
f 867/444/261 896/462/261 865/439/261
f 854/442/262 882/464/262 851/463/262
f 747/408/263 840/443/263 870/465/263
f 1059/411/264 897/466/264 867/444/264
f 885/467/265 854/442/265 855/468/265
f 871/453/363 840/443/363 841/445/363
f 888/469/251 855/468/251 857/446/251
f 882/464/237 910/470/237 879/461/237
f 927/471/238 896/462/238 897/466/238
f 883/472/239 912/473/239 882/464/239
f 747/408/240 870/465/240 900/474/240
f 1059/411/241 927/471/241 897/466/241
f 915/475/242 883/472/242 885/467/242
f 871/453/364 900/474/364 870/465/364
f 917/476/244 885/467/244 888/469/244
f 874/477/245 901/478/245 871/453/245
f 890/454/246 917/476/246 888/469/246
f 905/479/247 874/477/247 875/456/247
f 921/480/248 890/454/248 892/458/248
f 877/459/249 905/479/249 875/456/249
f 894/460/234 921/480/234 892/458/234
f 910/470/235 877/459/235 879/461/235
f 925/481/236 894/460/236 896/462/236
f 920/482/223 948/483/223 917/476/223
f 905/479/224 933/484/224 904/485/224
f 921/480/225 949/486/225 920/482/225
f 938/487/226 905/479/226 908/488/226
f 924/489/227 952/490/227 921/480/227
f 939/491/228 908/488/228 910/470/228
f 925/481/229 954/492/229 924/489/229
f 912/473/230 939/491/230 910/470/230
f 927/471/231 955/493/231 925/481/231
f 914/494/232 941/495/232 912/473/232
f 747/408/233 900/474/233 930/496/233
f 1059/411/218 957/497/218 927/471/218
f 945/498/219 914/494/219 915/475/219
f 931/499/220 900/474/220 901/478/220
f 948/483/221 915/475/221 917/476/221
f 933/484/365 901/478/365 904/485/365
f 983/500/208 955/493/208 957/497/208
f 944/501/366 971/502/366 941/495/366
f 747/408/210 930/496/210 959/503/210
f 1059/411/211 983/500/211 957/497/211
f 975/504/367 944/501/367 945/498/367
f 931/499/368 959/503/368 930/496/368
f 977/505/214 945/498/214 948/483/214
f 933/484/215 961/506/215 931/499/215
f 949/486/369 977/505/369 948/483/369
f 965/507/217 933/484/217 936/508/217
f 980/509/202 949/486/202 952/490/202
f 938/487/203 965/507/203 936/508/203
f 981/510/204 952/490/204 954/492/204
f 969/511/370 938/487/370 939/491/370
f 982/512/206 954/492/206 955/493/206
f 941/495/207 969/511/207 939/491/207
f 987/513/194 963/514/194 965/507/194
f 995/515/195 979/516/195 980/509/195
f 967/517/196 987/513/196 965/507/196
f 981/510/197 995/515/197 980/509/197
f 989/518/198 967/517/198 969/511/198
f 982/512/199 996/519/199 981/510/199
f 971/502/200 989/518/200 969/511/200
f 983/500/371 997/520/371 982/512/371
f 973/521/186 990/522/186 971/502/186
f 747/408/187 959/503/187 984/523/187
f 1059/411/188 998/524/188 983/500/188
f 992/525/372 973/521/372 975/504/372
f 985/526/190 959/503/190 961/506/190
f 993/527/191 975/504/191 977/505/191
f 986/528/192 961/506/192 963/514/192
f 979/516/193 993/527/193 977/505/193
f 991/529/373 1005/530/373 990/522/373
f 999/531/179 747/408/179 984/523/179
f 1013/532/180 998/524/180 1059/411/180
f 1007/533/374 991/529/374 992/525/374
f 985/526/375 999/531/375 984/523/375
f 1008/534/183 992/525/183 993/527/183
f 986/528/184 1000/535/184 985/526/184
f 994/536/185 1008/534/185 993/527/185
f 987/513/170 1001/537/170 986/528/170
f 1010/538/171 994/536/171 995/515/171
f 988/539/172 1002/540/172 987/513/172
f 996/519/173 1010/538/173 995/515/173
f 1004/541/174 988/539/174 989/518/174
f 1012/542/175 996/519/175 997/520/175
f 990/522/176 1004/541/176 989/518/176
f 1013/532/177 997/520/177 998/524/177
f 1025/543/164 1009/544/164 1010/538/164
f 1018/545/165 1002/540/165 1003/546/165
f 1011/547/166 1025/543/166 1010/538/166
f 1019/548/167 1003/546/167 1004/541/167
f 1027/549/168 1011/547/168 1012/542/168
f 1005/530/169 1019/548/169 1004/541/169
f 1013/532/154 1027/549/154 1012/542/154
f 1006/550/376 1020/551/376 1005/530/376
f 1014/552/156 747/408/156 999/531/156
f 1028/553/157 1013/532/157 1059/411/157
f 1022/554/377 1006/550/377 1007/533/377
f 1015/555/159 999/531/159 1000/535/159
f 1023/556/160 1007/533/160 1008/534/160
f 1016/557/161 1000/535/161 1001/537/161
f 1024/558/162 1008/534/162 1009/544/162
f 1017/559/163 1001/537/163 1002/540/163
f 1043/560/149 1028/553/149 1059/411/149
f 1037/561/378 1021/562/378 1022/554/378
f 1030/563/379 1014/552/379 1015/555/379
f 1038/564/152 1022/554/152 1023/556/152
f 1016/557/153 1030/563/153 1015/555/153
f 1039/565/138 1023/556/138 1024/558/138
f 1017/559/139 1031/566/139 1016/557/139
f 1040/567/140 1024/558/140 1025/543/140
f 1018/545/141 1032/568/141 1017/559/141
f 1041/569/142 1025/543/142 1026/570/142
f 1019/548/143 1033/571/143 1018/545/143
f 1027/549/380 1041/569/380 1026/570/380
f 1020/551/145 1034/572/145 1019/548/145
f 1028/553/381 1042/573/381 1027/549/381
f 1021/562/147 1035/574/147 1020/551/147
f 1029/575/148 747/408/148 1014/552/148
f 1056/576/135 1040/567/135 1041/569/135
f 1049/577/136 1033/571/136 1034/572/136
f 1042/573/137 1056/576/137 1041/569/137
f 1035/574/122 1049/577/122 1034/572/122
f 1058/578/123 1042/573/123 1043/560/123
f 1036/579/124 1050/580/124 1035/574/124
f 1044/581/125 747/408/125 1029/575/125
f 1058/578/126 1043/560/126 1059/411/126
f 1052/582/127 1036/579/127 1037/561/127
f 1030/563/382 1044/581/382 1029/575/382
f 1053/583/129 1037/561/129 1038/564/129
f 1046/584/130 1030/563/130 1031/566/130
f 1039/565/131 1053/583/131 1038/564/131
f 1047/585/132 1031/566/132 1032/568/132
f 1055/586/133 1039/565/133 1040/567/133
f 1048/587/134 1032/568/134 1033/571/134
f 1061/588/120 1044/581/120 1045/589/120
f 1069/590/121 1052/582/121 1053/583/121
f 1062/591/106 1045/589/106 1046/584/106
f 1054/592/107 1069/590/107 1053/583/107
f 1063/593/108 1046/584/108 1047/585/108
f 1071/594/109 1054/592/109 1055/586/109
f 1064/595/110 1047/585/110 1048/587/110
f 1056/576/111 1071/594/111 1055/586/111
f 1065/596/112 1048/587/112 1049/577/112
f 1057/597/113 1072/598/113 1056/576/113
f 1050/580/114 1065/596/114 1049/577/114
f 1058/578/115 1073/599/115 1057/597/115
f 1051/600/383 1066/601/383 1050/580/383
f 1060/602/117 747/408/117 1044/581/117
f 1074/603/118 1058/578/118 1059/411/118
f 1068/604/119 1051/600/119 1052/582/119
f 1080/605/105 1064/595/105 1065/596/105
f 1073/599/90 1087/606/90 1072/598/90
f 1066/601/91 1080/605/91 1065/596/91
f 1089/607/92 1073/599/92 1074/603/92
f 1082/608/93 1066/601/93 1067/609/93
f 1075/610/94 747/408/94 1060/602/94
f 1089/607/95 1074/603/95 1059/411/95
f 1083/611/96 1067/609/96 1068/604/96
f 1061/588/97 1075/610/97 1060/602/97
f 1084/612/98 1068/604/98 1069/590/98
f 1077/613/384 1061/588/384 1062/591/384
f 1070/614/100 1084/612/100 1069/590/100
f 1078/615/101 1062/591/101 1063/593/101
f 1071/594/102 1085/616/102 1070/614/102
f 1079/617/103 1063/593/103 1064/595/103
f 1087/606/104 1071/594/104 1072/598/104
f 1099/618/74 1083/611/74 1084/612/74
f 1092/619/75 1076/620/75 1077/613/75
f 1085/616/76 1099/618/76 1084/612/76
f 1078/615/77 1092/619/77 1077/613/77
f 1101/621/78 1085/616/78 1086/622/78
f 1094/623/79 1078/615/79 1079/617/79
f 1102/624/80 1086/622/80 1087/606/80
f 1095/625/81 1079/617/81 1080/605/81
f 1088/626/82 1102/624/82 1087/606/82
f 1081/627/83 1095/625/83 1080/605/83
f 1089/607/385 1103/628/385 1088/626/385
f 1082/608/85 1096/629/85 1081/627/85
f 1090/630/86 747/408/86 1075/610/86
f 1104/631/87 1089/607/87 1059/411/87
f 1098/632/88 1082/608/88 1083/611/88
f 1091/633/89 1075/610/89 1076/620/89
f 1113/634/60 1102/624/60 1103/628/60
f 1118/635/61 1095/625/61 1096/629/61
f 1114/636/386 1103/628/386 1104/631/386
f 1097/637/63 1118/635/63 1096/629/63
f 1105/638/64 747/408/64 1090/630/64
f 1114/636/65 1104/631/65 1059/411/65
f 1117/639/387 1097/637/387 1098/632/387
f 1106/640/67 1090/630/67 1091/633/67
f 1099/618/68 1117/639/68 1098/632/68
f 1107/641/69 1091/633/69 1092/619/69
f 1119/642/70 1099/618/70 1100/643/70
f 1093/644/71 1107/641/71 1092/619/71
f 1101/621/72 1119/642/72 1100/643/72
f 1115/645/73 1093/644/73 1094/623/73
f 1112/646/58 1101/621/58 1102/624/58
f 1095/625/59 1115/645/59 1094/623/59
f 4/647/314 1124/648/314 3/649/314
f 10/650/1 1122/651/1 13/652/1
f 30/653/57 3/649/57 28/654/57
f 28/654/388 1123/655/388 10/650/388
f 4/647/389 1121/656/389 1125/657/389
f 30/653/390 1122/658/390 1121/659/390
f 28/654/391 1124/660/391 1120/661/391
f 10/650/57 30/653/57 28/654/57
f 24/662/392 22/663/392 26/664/392
f 26/664/393 22/663/393 18/665/393
f 14/666/394 26/664/394 18/665/394
f 24/662/395 26/664/395 14/666/395
f 24/662/396 864/667/396 852/668/396
f 22/663/397 868/669/397 876/670/397
f 18/665/398 903/671/398 889/672/398
f 14/666/399 909/673/399 913/674/399
f 19/675/195 45/676/195 828/677/195
f 821/678/196 32/679/196 6/680/196
f 828/677/197 48/681/197 830/682/197
f 6/680/198 34/683/198 823/684/198
f 830/682/199 49/685/199 831/686/199
f 823/684/200 36/687/200 9/688/200
f 831/686/201 51/689/201 833/690/201
f 11/691/400 36/687/400 38/692/400
f 565/693/188 833/690/188 51/689/188
f 11/691/372 39/694/372 16/695/372
f 16/695/191 42/696/191 826/697/191
f 866/698/192 27/699/192 2/700/192
f 826/697/193 43/701/193 19/675/193
f 821/678/194 27/699/194 29/702/194
f 54/703/215 872/704/215 873/705/215
f 43/701/369 68/706/369 70/707/369
f 29/702/217 54/703/217 56/708/217
f 43/701/202 72/709/202 45/676/202
f 32/679/203 56/708/203 58/710/203
f 48/681/204 72/709/204 74/711/204
f 32/679/370 60/712/370 34/683/370
f 49/685/206 74/711/206 76/713/206
f 36/687/207 60/712/207 62/714/207
f 49/685/208 78/715/208 51/689/208
f 36/687/209 64/716/209 38/692/209
f 565/693/211 51/689/211 78/715/211
f 39/694/212 64/716/212 66/717/212
f 39/694/214 68/706/214 42/696/214
f 62/714/230 85/718/230 87/719/230
f 78/715/231 102/720/231 103/721/231
f 62/714/232 89/722/232 64/716/232
f 565/693/218 78/715/218 103/721/218
f 66/717/219 89/722/219 91/723/219
f 66/717/221 93/724/221 68/706/221
f 80/725/222 873/705/222 876/726/222
f 70/707/223 93/724/223 95/727/223
f 56/708/224 80/725/224 81/728/224
f 70/707/225 97/729/225 72/709/225
f 56/708/226 84/730/226 58/710/226
f 72/709/227 100/731/227 74/711/227
f 58/710/228 85/718/228 60/712/228
f 76/713/229 100/731/229 102/720/229
f 93/724/246 121/732/246 95/727/246
f 81/728/247 106/733/247 108/734/247
f 95/727/248 124/735/248 97/729/248
f 81/728/249 110/736/249 84/730/249
f 100/731/234 124/735/234 125/737/234
f 85/718/235 110/736/235 112/738/235
f 100/731/236 127/739/236 102/720/236
f 87/719/237 112/738/237 114/740/237
f 102/720/238 129/741/238 103/721/238
f 89/722/239 114/740/239 116/742/239
f 565/693/241 103/721/241 129/741/241
f 89/722/242 118/743/242 91/723/242
f 91/723/244 119/744/244 93/724/244
f 80/725/245 868/745/245 106/733/245
f 129/741/401 154/746/401 155/747/401
f 116/742/262 139/748/262 141/749/262
f 565/693/264 129/741/264 155/747/264
f 116/742/265 144/750/265 118/743/265
f 119/744/251 144/750/251 146/751/251
f 106/733/252 869/752/252 132/753/252
f 119/744/253 148/754/253 121/732/253
f 108/734/254 132/753/254 134/755/254
f 121/732/255 150/756/255 124/735/255
f 110/736/256 134/755/256 136/757/256
f 125/737/257 150/756/257 152/758/257
f 112/738/258 136/757/258 137/759/258
f 125/737/259 154/746/259 127/739/259
f 112/738/260 139/748/260 114/740/260
f 148/754/279 176/760/279 150/756/279
f 136/757/280 160/761/280 161/762/280
f 152/758/281 176/760/281 177/763/281
f 136/757/266 163/764/266 137/759/266
f 154/746/267 177/763/267 179/765/267
f 137/759/268 165/766/268 139/748/268
f 154/746/402 181/767/402 155/747/402
f 141/749/403 165/766/403 167/768/403
f 565/693/272 155/747/272 181/767/272
f 141/749/273 169/769/273 144/750/273
f 144/750/275 172/770/275 146/751/275
f 836/771/404 158/772/404 132/753/404
f 146/751/277 174/773/277 148/754/277
f 132/753/278 160/761/278 134/755/278
f 565/693/295 181/767/295 209/774/295
f 167/768/296 197/775/296 169/769/296
f 184/776/297 856/777/297 859/778/297
f 169/769/282 199/779/282 172/770/282
f 184/776/283 158/772/283 853/780/283
f 174/773/284 199/779/284 202/781/284
f 160/761/285 186/782/285 187/783/285
f 174/773/286 203/784/286 176/760/286
f 161/762/287 187/783/287 190/785/287
f 176/760/288 206/786/288 177/763/288
f 161/762/289 192/787/289 163/764/289
f 177/763/290 207/788/290 179/765/290
f 165/766/291 192/787/291 194/789/291
f 181/767/405 207/788/405 209/774/405
f 165/766/293 196/790/293 167/768/293
f 187/783/311 217/791/311 190/785/311
f 206/786/312 232/792/312 233/793/312
f 190/785/313 219/794/313 192/787/313
f 207/788/298 233/793/298 236/795/298
f 194/789/299 219/794/299 221/796/299
f 209/774/300 236/795/300 237/797/300
f 196/790/406 221/796/406 223/798/406
f 565/693/303 209/774/303 237/797/303
f 196/790/304 225/799/304 197/775/304
f 211/800/305 859/778/305 858/801/305
f 197/775/306 227/802/306 199/779/306
f 184/776/307 213/803/307 186/782/307
f 202/781/308 227/802/308 230/804/308
f 186/782/309 215/805/309 187/783/309
f 203/784/310 230/804/310 232/792/310
f 223/798/407 253/806/407 225/799/407
f 239/807/408 858/801/408 862/808/408
f 225/799/409 255/809/409 227/802/409
f 213/803/410 239/807/410 241/810/410
f 230/804/411 255/809/411 257/811/411
f 213/803/412 243/812/412 215/805/412
f 230/804/413 259/813/413 232/792/413
f 217/791/414 243/812/414 245/814/414
f 233/793/415 259/813/415 262/815/415
f 217/791/416 247/816/416 219/794/416
f 233/793/417 264/817/417 236/795/417
f 221/796/418 247/816/418 249/818/418
f 236/795/419 266/819/419 237/797/419
f 223/798/420 249/818/420 252/820/420
f 565/693/421 237/797/421 266/819/421
f 262/815/422 287/821/422 290/822/422
f 245/814/423 275/823/423 247/816/423
f 264/817/424 290/822/424 292/824/424
f 247/816/425 278/825/425 249/818/425
f 266/819/426 292/824/426 293/826/426
f 249/818/427 280/827/427 252/820/427
f 565/693/428 266/819/428 293/826/428
f 253/806/429 280/827/429 282/828/429
f 268/829/430 862/808/430 849/830/430
f 253/806/431 284/831/431 255/809/431
f 239/807/432 270/832/432 241/810/432
f 257/811/433 284/831/433 286/833/433
f 241/810/434 271/834/434 243/812/434
f 257/811/435 287/821/435 259/813/435
f 245/814/436 271/834/436 274/835/436
f 296/836/437 849/830/437 852/837/437
f 282/828/438 311/838/438 284/831/438
f 270/832/439 296/836/439 298/839/439
f 286/833/440 311/838/440 314/840/440
f 270/832/441 300/841/441 271/834/441
f 287/821/442 314/840/442 315/842/442
f 271/834/443 302/843/443 274/835/443
f 290/822/444 315/842/444 317/844/444
f 274/835/445 304/845/445 275/823/445
f 292/824/446 317/844/446 319/846/446
f 275/823/447 306/847/447 278/825/447
f 292/824/448 321/848/448 293/826/448
f 278/825/449 308/849/449 280/827/449
f 565/693/450 293/826/450 321/848/450
f 280/827/451 310/850/451 282/828/451
f 302/843/452 331/851/452 304/845/452
f 319/846/453 346/852/453 348/853/453
f 306/847/454 331/851/454 334/854/454
f 319/846/455 350/855/455 321/848/455
f 308/849/456 334/854/456 336/856/456
f 565/693/457 321/848/457 350/855/457
f 308/849/458 338/857/458 310/850/458
f 864/858/459 296/836/459 852/837/459
f 310/850/460 339/859/460 311/838/460
f 296/836/461 326/860/461 298/839/461
f 311/838/462 341/861/462 314/840/462
f 300/841/463 326/860/463 327/862/463
f 315/842/464 341/861/464 343/863/464
f 300/841/465 330/864/465 302/843/465
f 315/842/466 346/852/466 317/844/466
f 338/857/467 367/865/467 339/859/467
f 324/866/468 353/867/468 326/860/468
f 339/859/469 369/868/469 341/861/469
f 327/862/470 353/867/470 355/869/470
f 341/861/471 371/870/471 343/863/471
f 327/862/472 358/871/472 330/864/472
f 343/863/473 373/872/473 346/852/473
f 331/851/474 358/871/474 359/873/474
f 348/853/475 373/872/475 376/874/475
f 331/851/476 362/875/476 334/854/476
f 348/853/477 378/876/477 350/855/477
f 336/856/478 362/875/478 364/877/478
f 565/693/479 350/855/479 378/876/479
f 336/856/480 365/878/480 338/857/480
f 843/879/481 324/866/481 864/858/481
f 376/874/482 401/880/482 403/881/482
f 359/873/483 389/882/483 362/875/483
f 376/874/484 405/883/484 378/876/484
f 364/877/485 389/882/485 391/884/485
f 565/693/486 378/876/486 405/883/486
f 364/877/487 394/885/487 365/878/487
f 845/886/488 351/887/488 843/879/488
f 367/865/489 394/885/489 396/888/489
f 351/887/490 382/889/490 353/867/490
f 369/868/491 396/888/491 397/890/491
f 353/867/492 384/891/492 355/869/492
f 371/870/493 397/890/493 399/892/493
f 355/869/494 386/893/494 358/871/494
f 371/870/495 401/880/495 373/872/495
f 358/871/496 387/894/496 359/873/496
f 396/888/497 426/895/497 397/890/497
f 382/889/498 411/896/498 384/891/498
f 399/892/499 426/895/499 428/897/499
f 384/891/500 413/898/500 386/893/500
f 399/892/501 430/899/501 401/880/501
f 387/894/502 413/898/502 415/900/502
f 401/880/503 432/901/503 403/881/503
f 387/894/504 418/902/504 389/882/504
f 405/883/505 432/901/505 433/903/505
f 391/884/506 418/902/506 420/904/506
f 565/693/507 405/883/507 433/903/507
f 391/884/508 421/905/508 394/885/508
f 847/906/509 379/907/509 845/886/509
f 394/885/510 423/908/510 396/888/510
f 382/889/511 408/909/511 409/910/511
f 432/901/512 459/911/512 433/903/512
f 420/904/513 444/912/513 446/913/513
f 565/693/514 433/903/514 459/911/514
f 420/904/515 447/914/515 421/905/515
f 408/909/516 847/906/516 842/915/516
f 421/905/517 449/916/517 423/908/517
f 435/917/518 408/909/518 842/915/518
f 426/895/519 449/916/519 451/918/519
f 409/910/520 437/919/520 411/896/520
f 428/897/521 451/918/521 453/920/521
f 411/896/522 440/921/522 413/898/522
f 428/897/523 455/922/523 430/899/523
f 413/898/524 441/923/524 415/900/524
f 430/899/525 457/924/525 432/901/525
f 418/902/526 441/923/526 444/912/526
f 435/917/527 463/925/527 437/919/527
f 451/918/528 479/926/528 453/920/528
f 437/919/529 466/927/529 440/921/529
f 453/920/530 481/928/530 455/922/530
f 440/921/531 468/929/531 441/923/531
f 455/922/532 483/930/532 457/924/532
f 441/923/533 469/931/533 444/912/533
f 459/911/534 483/930/534 486/932/534
f 446/913/535 469/931/535 471/933/535
f 565/693/536 459/911/536 486/932/536
f 446/913/537 473/934/537 447/914/537
f 447/914/538 475/935/538 449/916/538
f 839/936/539 461/937/539 435/917/539
f 449/916/540 477/938/540 451/918/540
f 471/933/541 496/939/541 497/940/541
f 565/693/542 486/932/542 512/941/542
f 471/933/543 500/942/543 473/934/543
f 473/934/544 502/943/544 475/935/544
f 488/944/545 906/945/545 907/946/545
f 477/938/546 502/943/546 504/947/546
f 461/937/547 490/948/547 463/925/547
f 477/938/548 506/949/548 479/926/548
f 463/925/549 492/950/549 466/927/549
f 481/928/550 506/949/550 508/951/550
f 466/927/551 494/952/551 468/929/551
f 483/930/552 508/951/552 509/953/552
f 469/931/553 494/952/553 496/939/553
f 483/930/554 512/941/554 486/932/554
f 506/949/555 529/954/555 532/955/555
f 490/948/556 518/956/556 492/950/556
f 506/949/557 534/957/557 508/951/557
f 492/950/558 520/958/558 494/952/558
f 508/951/559 535/959/559 509/953/559
f 494/952/560 522/960/560 496/939/560
f 512/941/561 535/959/561 538/961/561
f 497/940/562 522/960/562 524/962/562
f 565/693/563 512/941/563 538/961/563
f 497/940/564 526/963/564 500/942/564
f 502/943/565 526/963/565 528/964/565
f 514/965/566 907/946/566 913/966/566
f 504/947/567 528/964/567 529/954/567
f 490/948/568 514/965/568 516/967/568
f 565/693/569 538/961/569 564/968/569
f 524/962/570 552/969/570 526/963/570
f 526/963/571 554/970/571 528/964/571
f 909/971/572 514/965/572 913/966/572
f 529/954/573 554/970/573 555/972/573
f 514/965/574 541/973/574 516/967/574
f 529/954/575 558/974/575 532/955/575
f 518/956/576 541/973/576 543/975/576
f 534/957/577 558/974/577 559/976/577
f 518/956/578 545/977/578 520/958/578
f 534/957/579 562/978/579 535/959/579
f 522/960/580 545/977/580 548/979/580
f 538/961/581 562/978/581 564/968/581
f 522/960/582 550/980/582 524/962/582
f 541/973/583 572/981/583 543/975/583
f 559/976/584 586/982/584 588/983/584
f 918/984/585 543/975/585 916/985/585
f 559/976/586 590/986/586 562/978/586
f 548/979/587 574/987/587 575/988/587
f 564/968/588 590/986/588 592/989/588
f 548/979/589 577/990/589 550/980/589
f 565/693/590 564/968/590 592/989/590
f 550/980/591 580/991/591 552/969/591
f 552/969/592 581/992/592 554/970/592
f 540/993/593 911/994/593 567/995/593
f 923/996/594 554/970/594 926/997/594
f 540/993/595 570/998/595 541/973/595
f 555/972/596 586/982/596 558/974/596
f 577/990/597 929/999/597 580/991/597
f 932/1000/598 580/991/598 929/999/598
f 878/1001/599 594/1002/599 567/995/599
f 932/1000/600 926/997/600 581/992/600
f 599/1003/600 922/1004/600 934/1005/600
f 570/998/601 594/1002/601 595/1006/601
f 586/982/602 599/1003/602 601/1007/602
f 570/998/603 597/1008/603 572/981/603
f 586/982/604 604/1009/604 588/983/604
f 916/985/605 597/1008/605 937/1010/605
f 935/1011/605 574/987/605 919/1012/605
f 588/983/606 606/1013/606 590/986/606
f 575/988/607 935/1011/607 940/1014/607
f 590/986/608 608/1015/608 592/989/608
f 577/990/609 940/1014/609 928/1016/609
f 565/693/610 592/989/610 608/1015/610
f 604/1009/611 620/1017/611 621/1018/611
f 597/1008/612 942/1019/612 937/1010/612
f 604/1009/613 624/1020/613 606/1013/613
f 606/1013/614 626/1021/614 608/1015/614
f 565/693/615 608/1015/615 626/1021/615
f 884/1022/616 610/1023/616 886/1024/616
f 610/1023/617 594/1002/617 880/1025/617
f 599/1003/618 943/1026/618 617/1027/618
f 594/1002/619 613/1028/619 595/1006/619
f 599/1003/620 620/1017/620 601/1007/620
f 597/1008/621 613/1028/621 615/1029/621
f 610/1023/622 629/1030/622 611/1031/622
f 635/1032/623 943/1026/623 946/1033/623
f 611/1031/624 631/1034/624 613/1028/624
f 617/1027/625 637/1035/625 620/1017/625
f 613/1028/626 633/1036/626 615/1029/626
f 621/1018/627 637/1035/627 639/1037/627
f 633/1036/628 942/1019/628 615/1029/628
f 624/1020/629 639/1037/629 642/1038/629
f 626/1021/630 642/1038/630 643/1039/630
f 565/693/631 626/1021/631 643/1039/631
f 627/1040/632 884/1022/632 881/1041/632
f 639/1037/60 660/1042/60 642/1038/60
f 642/1038/386 661/1043/386 643/1039/386
f 565/693/65 643/1039/65 661/1043/65
f 646/1044/67 881/1041/67 887/1045/67
f 629/1030/69 646/1044/69 648/1046/69
f 635/1032/70 950/1047/70 653/1048/70
f 631/1034/71 648/1046/71 649/1049/71
f 635/1032/72 656/1050/72 637/1035/72
f 633/1036/73 649/1049/73 652/1051/73
f 637/1035/58 657/1052/58 639/1037/58
f 633/1036/59 951/1053/59 947/1054/59
f 646/1044/75 666/1055/75 648/1046/75
f 653/1048/76 953/1056/76 672/1057/76
f 648/1046/77 667/1058/77 649/1049/77
f 653/1048/78 674/1059/78 656/1050/78
f 649/1049/79 670/1060/79 652/1051/79
f 657/1052/80 674/1059/80 675/1061/80
f 652/1051/81 956/1062/81 951/1053/81
f 660/1042/82 675/1061/82 677/1063/82
f 661/1043/385 677/1063/385 679/1064/385
f 565/693/87 661/1043/87 679/1064/87
f 663/1065/89 887/1045/89 891/1066/89
f 958/1067/91 691/1068/91 960/1069/91
f 677/1063/92 707/1070/92 679/1064/92
f 960/1069/93 693/1071/93 962/1072/93
f 565/693/95 679/1064/95 707/1070/95
f 693/1071/96 964/1073/96 962/1072/96
f 681/1074/633 891/1066/633 889/1075/633
f 695/1076/98 966/1077/98 964/1073/98
f 666/1055/384 681/1074/384 684/1078/384
f 966/1077/100 697/1079/100 970/1080/100
f 699/1081/100 953/1056/100 968/1082/100
f 666/1055/101 686/1083/101 667/1058/101
f 672/1057/102 702/1084/102 674/1059/102
f 670/1060/103 686/1083/103 688/1085/103
f 675/1061/104 702/1084/104 704/1086/104
f 670/1060/105 972/1087/105 956/1062/105
f 974/1088/105 689/1089/105 958/1067/105
f 675/1061/634 705/1090/634 677/1063/634
f 976/1091/107 727/1092/107 968/1082/107
f 684/1078/108 713/1093/108 686/1083/108
f 702/1084/109 727/1092/109 729/1094/109
f 686/1083/110 715/1095/110 688/1085/110
f 704/1086/111 729/1094/111 731/1096/111
f 978/1097/112 717/1098/112 974/1088/112
f 705/1090/113 731/1096/113 733/1099/113
f 691/1068/114 717/1098/114 719/1100/114
f 705/1090/635 735/1101/635 707/1070/635
f 693/1071/383 719/1100/383 721/1102/383
f 565/693/118 707/1070/118 735/1101/118
f 693/1071/119 723/1103/119 695/1076/119
f 903/1104/120 681/1074/120 889/1075/120
f 695/1076/121 726/1105/121 697/1079/121
f 684/1078/106 709/1106/106 712/1107/106
f 733/1099/123 763/1108/123 735/1101/123
f 719/1100/124 750/1109/124 721/1102/124
f 565/693/126 735/1101/126 763/1108/126
f 723/1103/127 750/1109/127 752/1110/127
f 893/1111/382 709/1106/382 903/1104/382
f 726/1105/129 752/1110/129 753/1112/129
f 712/1107/130 737/1113/130 739/1114/130
f 727/1092/131 753/1112/131 755/1115/131
f 712/1107/132 742/1116/132 713/1093/132
f 727/1092/133 757/1117/133 729/1094/133
f 713/1093/134 744/1118/134 715/1095/134
f 731/1096/135 757/1117/135 759/1119/135
f 715/1095/136 745/1120/136 717/1098/136
f 733/1099/137 759/1119/137 761/1121/137
f 717/1098/122 748/1122/122 719/1100/122
f 742/1116/139 767/1123/139 769/1124/139
f 755/1115/140 785/1125/140 757/1117/140
f 744/1118/141 769/1124/141 772/1126/141
f 757/1117/142 788/1127/142 759/1119/142
f 744/1118/143 773/1128/143 745/1120/143
f 759/1119/144 790/1129/144 761/1121/144
f 748/1122/145 773/1128/145 776/1130/145
f 763/1108/146 790/1129/146 792/1131/146
f 750/1109/147 776/1130/147 778/1132/147
f 565/693/149 763/1108/149 792/1131/149
f 750/1109/636 780/1133/636 752/1110/636
f 899/1134/151 737/1113/151 893/1111/151
f 752/1110/152 781/1135/152 753/1112/152
f 739/1114/637 766/1136/637 767/1123/637
f 755/1115/138 781/1135/138 783/1137/138
f 778/1132/376 804/1138/376 806/1139/376
f 565/693/157 792/1131/157 819/1140/157
f 778/1132/377 808/1141/377 780/1133/377
f 902/1142/159 766/1136/159 899/1134/159
f 780/1133/160 810/1143/160 781/1135/160
f 766/1136/161 796/1144/161 767/1123/161
f 783/1137/638 810/1143/638 812/1145/638
f 769/1124/163 796/1144/163 797/1146/163
f 783/1137/164 814/1147/164 785/1125/164
f 769/1124/165 800/1148/165 772/1126/165
f 788/1127/166 814/1147/166 816/1149/166
f 772/1126/167 802/1150/167 773/1128/167
f 790/1129/168 816/1149/168 818/1151/168
f 776/1130/169 802/1150/169 804/1138/169
f 792/1131/639 818/1151/639 819/1140/639
f 814/1147/171 19/675/171 828/677/171
f 797/1146/172 6/680/172 800/1148/172
f 814/1147/173 830/682/173 816/1149/173
f 802/1150/174 6/680/174 823/684/174
f 816/1149/175 831/686/175 818/1151/175
f 804/1138/176 823/684/176 9/688/176
f 819/1140/640 831/686/640 833/690/640
f 806/1139/641 9/688/641 11/691/641
f 565/693/180 819/1140/180 833/690/180
f 806/1139/642 16/695/642 808/1141/642
f 895/1152/643 794/1153/643 902/1142/643
f 808/1141/183 826/697/183 810/1143/183
f 2/700/644 794/1153/644 895/1152/644
f 810/1143/185 19/675/185 812/1145/185
f 797/1146/170 2/700/170 821/678/170
f 962/1154/57 964/1155/57 1126/1156/57
f 928/1157/2 940/1158/2 1128/1159/2
f 946/1160/49 943/1161/49 1127/1162/49
f 942/1163/56 947/1164/56 1129/1165/56
f 83/1/1 37/28/1 5/2/1
f 120/4/2 86/49/2 59/5/2
f 8/7/645 15/11/645 12/8/645
f 20/10/4 21/14/4 15/11/4
f 17/12/646 21/14/646 20/10/646
f 17/12/6 25/16/6 31/13/6
f 23/15/647 31/13/647 25/16/647
f 12/8/8 15/11/8 31/13/8
f 40/18/648 44/22/648 41/19/648
f 40/18/11 47/24/11 50/21/11
f 46/23/649 50/21/649 47/24/649
f 53/26/13 55/29/13 50/21/13
f 52/27/650 55/29/650 53/26/650
f 41/19/15 44/22/15 55/29/15
f 63/30/651 67/34/651 65/31/651
f 71/33/18 73/37/18 67/34/18
f 69/35/652 73/37/652 71/33/652
f 69/35/20 77/39/20 79/36/20
f 75/38/653 79/36/653 77/39/653
f 65/31/22 67/34/22 79/36/22
f 88/40/654 92/44/654 90/41/654
f 88/40/25 96/46/25 98/43/25
f 94/45/655 98/43/655 96/46/655
f 101/47/27 104/50/27 98/43/27
f 99/48/656 104/50/656 101/47/656
f 90/41/29 92/44/29 104/50/29
f 113/51/31 82/42/31 90/41/31
f 90/41/32 99/48/32 117/53/32
f 99/48/33 86/49/33 120/4/33
f 83/1/34 61/3/34 77/39/34
f 77/39/35 69/35/35 101/47/35
f 69/35/36 59/5/36 86/49/36
f 57/32/37 65/31/37 8/7/37
f 65/31/38 75/38/38 20/10/38
f 75/38/39 61/3/39 5/2/39
f 33/20/40 41/19/40 88/40/40
f 41/19/41 52/27/41 96/46/41
f 52/27/42 37/28/42 83/1/42
f 35/25/43 7/17/43 25/16/43
f 25/16/44 17/12/44 53/26/44
f 17/12/45 5/2/45 37/28/45
f 1/9/46 12/8/46 123/54/46
f 12/8/47 23/15/47 126/56/47
f 23/15/48 7/17/48 128/57/48
f 57/32/49 1/9/49 122/55/49
f 47/24/50 133/1166/50 135/59/50
f 131/60/51 133/1166/51 47/24/51
f 130/61/52 131/60/52 40/18/52
f 71/33/53 109/1167/53 111/6/53
f 107/62/54 109/1167/54 71/33/54
f 105/58/55 107/62/55 63/30/55
f 113/51/56 130/61/56 33/20/56
f 1123/1168/57 1120/1169/57 128/57/57
f 35/25/57 143/1170/57 145/1171/57
f 35/25/57 145/1171/57 147/1172/57
f 1123/1168/57 128/57/57 7/17/57
f 135/59/57 1121/1173/57 1122/65/57
f 1122/65/57 1123/1168/57 7/17/57
f 35/25/57 147/1172/57 149/1174/57
f 35/25/57 149/1174/57 151/1175/57
f 628/1176/57 625/1177/57 135/59/57
f 641/1178/57 628/1176/57 135/59/57
f 7/17/57 35/25/57 151/1175/57
f 7/17/57 151/1175/57 153/1179/57
f 630/1180/57 641/1178/57 135/59/57
f 647/1181/57 630/1180/57 135/59/57
f 7/17/57 153/1179/57 156/1182/57
f 7/17/57 156/1182/57 157/1183/57
f 644/1184/57 647/1181/57 135/59/57
f 645/1185/57 644/1184/57 135/59/57
f 7/17/57 157/1183/57 159/1186/57
f 7/17/57 159/1186/57 162/1187/57
f 645/1185/57 135/59/57 1122/65/57
f 632/1188/57 645/1185/57 1122/65/57
f 1122/65/57 7/17/57 162/1187/57
f 1122/65/57 162/1187/57 164/1189/57
f 650/1190/57 632/1188/57 1122/65/57
f 634/1191/57 650/1190/57 1122/65/57
f 1122/65/57 164/1189/57 166/1192/57
f 1122/65/57 166/1192/57 168/1193/57
f 636/1194/57 634/1191/57 1122/65/57
f 638/1195/57 636/1194/57 1122/65/57
f 1122/65/57 168/1193/57 530/63/57
f 640/64/57 638/1195/57 1122/65/57
f 142/1196/57 143/1170/57 35/25/57
f 35/25/57 135/59/57 625/1177/57
f 35/25/57 625/1177/57 623/1197/57
f 140/1198/57 142/1196/57 35/25/57
f 138/67/57 140/1198/57 35/25/57
f 35/25/57 623/1197/57 622/66/57
f 162/68/58 191/98/58 193/69/58
f 147/71/59 178/99/59 180/72/59
f 164/70/60 193/69/60 195/74/60
f 151/76/61 149/73/61 180/72/61
f 166/75/386 195/74/386 198/78/386
f 151/76/63 182/77/63 183/80/63
f 153/81/387 183/80/387 185/86/387
f 140/84/67 170/83/67 171/88/67
f 156/87/68 185/86/68 188/90/68
f 143/92/69 142/89/69 171/88/69
f 159/94/70 157/91/70 188/90/70
f 145/96/71 143/92/71 173/93/71
f 159/94/72 189/95/72 191/98/72
f 147/71/73 145/96/73 175/97/73
f 185/86/74 216/114/74 218/100/74
f 173/93/75 171/88/75 201/101/75
f 189/95/76 188/90/76 218/100/76
f 175/97/77 173/93/77 204/102/77
f 189/95/78 220/103/78 222/105/78
f 178/99/79 175/97/79 205/104/79
f 191/98/80 222/105/80 224/107/80
f 178/99/81 208/106/81 210/108/81
f 193/69/82 224/107/82 226/109/82
f 180/72/83 210/108/83 212/110/83
f 195/74/385 226/109/385 228/111/385
f 183/80/85 182/77/85 212/110/85
f 183/80/88 214/112/88 216/114/88
f 171/88/657 170/83/657 200/113/657
f 224/107/634 254/129/634 256/115/634
f 212/110/91 210/108/91 240/116/91
f 228/111/658 226/109/658 256/115/658
f 212/110/93 242/117/93 244/119/93
f 216/114/96 214/112/96 244/119/96
f 201/101/633 200/113/633 229/120/633
f 216/114/98 246/121/98 248/123/98
f 201/101/99 231/122/99 234/124/99
f 218/100/100 248/123/100 250/125/100
f 204/102/101 234/124/101 235/126/101
f 222/105/102 220/103/102 250/125/102
f 205/104/103 235/126/103 238/128/103
f 224/107/104 222/105/104 251/127/104
f 208/106/105 238/128/105 240/116/105
f 234/124/106 231/122/106 261/130/106
f 250/125/107 248/123/107 277/132/107
f 234/124/108 263/131/108 265/134/108
f 250/125/109 279/133/109 281/135/109
f 235/126/110 265/134/110 267/136/110
f 254/129/111 251/127/111 281/135/111
f 238/128/112 267/136/112 269/138/112
f 254/129/113 283/137/113 285/139/113
f 240/116/114 269/138/114 272/140/114
f 258/118/115 256/115/115 285/139/115
f 244/119/383 242/117/383 272/140/383
f 244/119/659 273/142/659 276/144/659
f 229/120/660 260/143/660 261/130/660
f 246/121/121 276/144/121 277/132/121
f 272/140/122 269/138/122 299/145/122
f 288/141/661 285/139/661 316/147/661
f 273/142/124 272/140/124 301/146/124
f 273/142/127 303/149/127 305/151/127
f 261/130/128 260/143/128 289/150/128
f 276/144/129 305/151/129 307/153/129
f 263/131/130 261/130/130 291/152/130
f 279/133/131 277/132/131 307/153/131
f 263/131/132 294/154/132 295/156/132
f 281/135/133 279/133/133 309/155/133
f 265/134/134 295/156/134 297/158/134
f 283/137/135 281/135/135 312/157/135
f 267/136/136 297/158/136 299/145/136
f 285/139/137 283/137/137 313/159/137
f 309/155/138 307/153/138 337/160/138
f 295/156/139 294/154/139 323/162/139
f 309/155/140 340/161/140 342/164/140
f 295/156/141 325/163/141 328/165/141
f 313/159/142 312/157/142 342/164/142
f 297/158/143 328/165/143 329/167/143
f 313/159/380 344/166/380 345/168/380
f 301/146/145 299/145/145 329/167/145
f 318/148/146 316/147/146 345/168/146
f 303/149/662 301/146/662 332/169/662
f 303/149/378 333/171/378 335/173/378
f 289/150/151 320/172/151 322/174/151
f 305/151/152 335/173/152 337/160/152
f 291/152/637 322/174/637 323/162/637
f 345/168/639 375/188/639 377/175/639
f 332/169/376 361/189/376 363/176/376
f 333/171/377 363/176/377 366/178/377
f 322/174/663 320/172/663 349/177/663
f 335/173/160 366/178/160 368/180/160
f 323/162/161 322/174/161 352/179/161
f 340/161/638 337/160/638 368/180/638
f 323/162/163 354/181/163 356/183/163
f 340/161/164 370/182/164 372/184/164
f 328/165/165 325/163/165 356/183/165
f 342/164/166 372/184/166 374/186/166
f 328/165/664 357/185/664 360/187/664
f 344/166/168 374/186/168 375/188/168
f 332/169/169 329/167/169 360/187/169
f 354/181/170 383/203/170 385/190/170
f 370/182/171 400/204/171 402/191/171
f 357/185/172 356/183/172 385/190/172
f 372/184/173 402/191/173 404/193/173
f 357/185/174 388/192/174 390/194/174
f 375/188/175 374/186/175 404/193/175
f 361/189/176 360/187/176 390/194/176
f 377/175/640 375/188/640 406/195/640
f 363/176/178 361/189/178 392/196/178
f 363/176/181 393/198/181 395/200/181
f 349/177/375 380/199/375 381/201/375
f 366/178/183 395/200/183 398/202/183
f 352/179/184 381/201/184 383/203/184
f 370/182/185 368/180/185 398/202/185
f 393/198/665 392/196/665 422/205/665
f 393/198/372 424/206/372 425/209/372
f 381/201/190 380/199/190 410/207/190
f 395/200/191 425/209/191 427/211/191
f 383/203/192 381/201/192 412/210/192
f 398/202/193 427/211/193 429/213/193
f 385/190/194 383/203/194 414/212/194
f 400/204/195 429/213/195 431/215/195
f 388/192/196 385/190/196 416/214/196
f 402/191/197 431/215/197 434/217/197
f 388/192/198 417/216/198 419/218/198
f 404/193/199 434/217/199 436/219/199
f 392/196/200 390/194/200 419/218/200
f 407/197/371 406/195/371 436/219/371
f 429/213/202 460/234/202 462/220/202
f 417/216/203 416/214/203 445/221/203
f 434/217/204 431/215/204 462/220/204
f 417/216/370 448/222/370 450/224/370
f 436/219/206 434/217/206 464/223/206
f 422/205/207 419/218/207 450/224/207
f 438/208/208 436/219/208 465/225/208
f 422/205/209 452/226/209 454/228/209
f 424/206/212 454/228/212 456/230/212
f 410/207/213 439/229/213 442/231/213
f 425/209/214 456/230/214 458/232/214
f 412/210/215 442/231/215 443/233/215
f 427/211/369 458/232/369 460/234/369
f 416/214/217 414/212/217 443/233/217
f 454/228/219 484/249/219 485/236/219
f 442/231/666 439/229/666 470/237/666
f 456/230/221 485/236/221 487/239/221
f 442/231/365 472/238/365 474/240/365
f 458/232/223 487/239/223 489/241/223
f 445/221/224 443/233/224 474/240/224
f 460/234/225 489/241/225 491/243/225
f 448/222/226 445/221/226 476/242/226
f 462/220/227 491/243/227 493/245/227
f 448/222/228 478/244/228 480/246/228
f 464/223/229 493/245/229 495/247/229
f 452/226/230 450/224/230 480/246/230
f 465/225/231 495/247/231 498/235/231
f 454/228/232 452/226/232 482/248/232
f 493/245/234 491/243/234 521/250/234
f 478/244/235 507/264/235 510/252/235
f 493/245/236 523/251/236 525/253/236
f 482/248/237 480/246/237 510/252/237
f 495/247/667 525/253/667 527/255/667
f 484/249/239 482/248/239 511/254/239
f 484/249/242 513/256/242 515/258/242
f 472/238/364 470/237/364 499/257/364
f 485/236/244 515/258/244 517/260/244
f 472/238/245 501/259/245 503/261/245
f 489/241/246 487/239/246 517/260/246
f 474/240/247 503/261/247 505/263/247
f 489/241/248 519/262/248 521/250/248
f 478/244/249 476/242/249 505/263/249
f 499/257/250 531/278/250 533/265/250
f 515/258/251 547/279/251 549/266/251
f 503/261/252 501/259/252 533/265/252
f 519/262/253 517/260/253 549/266/253
f 503/261/254 536/267/254 537/269/254
f 519/262/255 551/268/255 553/270/255
f 505/263/256 537/269/256 539/271/256
f 523/251/257 521/250/257 553/270/257
f 507/264/258 539/271/258 542/273/258
f 525/253/259 523/251/259 556/272/259
f 511/254/260 510/252/260 542/273/260
f 525/253/401 557/274/401 560/276/401
f 513/256/262 511/254/262 544/275/262
f 513/256/265 546/277/265 547/279/265
f 539/271/266 569/294/266 571/280/266
f 557/274/360 556/272/360 585/281/360
f 544/275/268 542/273/268 571/280/268
f 557/274/361 587/282/361 589/284/361
f 546/277/270 544/275/270 573/283/270
f 546/277/273 576/285/273 578/287/273
f 533/265/274 531/278/274 561/286/274
f 547/279/275 578/287/275 579/289/275
f 533/265/404 563/288/404 566/290/404
f 551/268/277 549/266/277 579/289/277
f 537/269/278 536/267/278 566/290/278
f 553/270/279 551/268/279 582/291/279
f 537/269/280 568/292/280 569/294/280
f 553/270/281 584/293/281 585/281/281
f 578/287/282 607/309/282 609/295/282
f 566/290/283 563/288/283 593/296/283
f 579/289/284 609/295/284 612/298/284
f 568/292/285 566/290/285 596/297/285
f 582/291/286 612/298/286 614/300/286
f 569/294/287 568/292/287 598/299/287
f 585/281/288 584/293/288 614/300/288
f 569/294/289 600/301/289 602/303/289
f 585/281/290 616/302/290 618/304/290
f 573/283/291 571/280/291 602/303/291
f 589/284/405 587/282/405 618/304/405
f 576/285/293 573/283/293 603/305/293
f 576/285/296 605/307/296 607/309/296
f 561/286/359 591/308/359 593/296/359
f 616/302/298 636/323/298 638/310/298
f 602/303/299 630/324/299 647/311/299
f 618/304/300 638/310/300 640/312/300
f 605/307/301 603/305/301 647/311/301
f 605/307/304 644/313/304 645/315/304
f 591/308/305 622/314/305 623/316/305
f 609/295/306 607/309/306 645/315/306
f 593/296/307 623/316/307 625/318/307
f 609/295/308 632/317/308 650/319/308
f 598/299/309 596/297/309 625/318/309
f 614/300/310 612/298/310 650/319/310
f 598/299/311 628/320/311 641/322/311
f 614/300/312 634/321/312 636/323/312
f 602/303/313 600/301/313 641/322/313
f 725/325/314 703/362/314 1127/326/314
f 1126/330/314 1127/326/314 703/362/314
f 680/329/314 725/325/314 1128/327/314
f 680/329/314 1128/327/314 1129/1199/314
f 1126/330/314 703/362/314 654/328/314
f 680/329/314 1129/1199/314 1126/330/314
f 701/331/2 728/374/2 120/4/2
f 659/332/668 662/341/668 658/333/668
f 658/333/316 662/341/316 668/335/316
f 665/336/669 668/335/669 664/337/669
f 668/335/318 673/342/318 671/338/318
f 671/338/670 673/342/670 669/339/670
f 669/339/320 673/342/320 662/341/320
f 683/343/671 685/346/671 682/344/671
f 685/346/323 692/353/323 690/347/323
f 690/347/672 692/353/672 687/348/672
f 687/348/325 692/353/325 698/350/325
f 696/351/673 698/350/673 694/352/673
f 698/350/327 685/346/327 683/343/327
f 708/354/674 710/363/674 706/355/674
f 706/355/330 710/363/330 716/357/330
f 714/358/675 716/357/675 711/359/675
f 716/357/332 722/364/332 720/360/332
f 720/360/676 722/364/676 718/361/676
f 718/361/334 722/364/334 710/363/334
f 732/365/677 734/368/677 730/366/677
f 734/368/337 740/375/337 738/369/337
f 738/369/678 740/375/678 736/370/678
f 736/370/339 740/375/339 746/371/339
f 743/372/679 746/371/679 741/373/679
f 746/371/341 734/368/341 732/365/341
f 113/376/31 115/378/31 732/365/31
f 117/377/32 741/373/32 732/365/32
f 120/4/33 728/374/33 741/373/33
f 736/370/343 720/360/343 703/362/343
f 743/372/344 711/359/344 720/360/344
f 728/374/345 701/331/345 711/359/345
f 658/333/346 708/354/346 700/356/346
f 665/336/347 718/361/347 708/354/347
f 654/328/348 703/362/348 718/361/348
f 730/366/349 683/343/349 676/345/349
f 738/369/350 694/352/350 683/343/350
f 725/325/351 680/329/351 694/352/351
f 687/348/352 671/338/352 655/340/352
f 696/351/353 664/337/353 671/338/353
f 680/329/354 654/328/354 664/337/354
f 122/379/46 123/381/46 659/332/46
f 126/380/47 669/339/47 659/332/47
f 128/382/48 655/340/48 669/339/48
f 122/379/49 651/334/49 700/356/49
f 678/349/50 135/392/50 133/384/50
f 690/347/51 133/384/51 131/385/51
f 682/344/52 131/385/52 130/386/52
f 714/358/53 701/331/53 111/6/53
f 714/358/54 109/387/54 107/388/54
f 706/355/55 107/388/55 105/383/55
f 676/345/56 130/386/56 113/376/56
f 756/1200/57 754/1201/57 678/349/57
f 655/340/57 128/382/57 1120/1202/57
f 655/340/57 1120/1202/57 1124/1203/57
f 758/1204/57 756/1200/57 678/349/57
f 760/1205/57 758/1204/57 678/349/57
f 655/340/57 1124/1203/57 1125/389/57
f 1125/389/57 1121/1206/57 135/392/57
f 135/392/57 1107/1207/57 1108/1208/57
f 135/392/57 1108/1208/57 1115/1209/57
f 762/1210/57 760/1205/57 678/349/57
f 764/1211/57 762/1210/57 678/349/57
f 135/392/57 1115/1209/57 1109/1212/57
f 135/392/57 1109/1212/57 1118/1213/57
f 764/1211/57 678/349/57 655/340/57
f 765/1214/57 764/1211/57 655/340/57
f 135/392/57 1118/1213/57 1116/1215/57
f 135/392/57 1116/1215/57 1117/1216/57
f 768/1217/57 765/1214/57 655/340/57
f 770/1218/57 768/1217/57 655/340/57
f 1125/389/57 135/392/57 1117/1216/57
f 1125/389/57 1117/1216/57 1110/1219/57
f 770/1218/57 655/340/57 1125/389/57
f 771/1220/57 770/1218/57 1125/389/57
f 1125/389/57 1110/1219/57 1119/1221/57
f 1125/389/57 1119/1221/57 1111/1222/57
f 774/1223/57 771/1220/57 1125/389/57
f 775/1224/57 774/1223/57 1125/389/57
f 1125/389/57 1111/1222/57 1112/1225/57
f 1125/389/57 1112/1225/57 1113/1226/57
f 777/1227/57 775/1224/57 1125/389/57
f 1059/391/57 777/1227/57 1125/389/57
f 1125/389/57 1113/1226/57 1114/390/57
f 1106/1228/57 1107/1207/57 135/392/57
f 135/392/57 678/349/57 754/1201/57
f 135/392/57 754/1201/57 751/1229/57
f 1105/1230/57 1106/1228/57 135/392/57
f 747/394/57 1105/1230/57 135/392/57
f 135/392/57 751/1229/57 749/393/57
f 803/395/312 801/431/312 771/396/312
f 789/398/313 787/424/313 758/399/313
f 805/401/298 803/395/298 774/397/298
f 791/403/299 789/398/299 760/400/299
f 777/405/300 807/412/300 805/401/300
f 793/406/301 791/403/301 762/404/301
f 765/413/304 795/417/304 793/406/304
f 782/414/305 779/410/305 749/409/305
f 768/416/306 798/420/306 795/417/306
f 754/418/307 784/422/307 782/414/307
f 770/419/308 799/423/308 798/420/308
f 756/421/309 786/429/309 784/422/309
f 771/396/310 801/431/310 799/423/310
f 787/424/311 786/429/311 756/421/311
f 798/420/282 827/427/282 825/425/282
f 813/426/283 811/438/283 782/414/283
f 799/423/284 829/447/284 827/427/284
f 815/428/285 813/426/285 784/422/285
f 832/430/286 829/447/286 799/423/286
f 787/424/287 817/451/287 815/428/287
f 803/395/288 834/433/288 832/430/288
f 820/432/289 817/451/289 787/424/289
f 805/401/290 835/440/290 834/433/290
f 822/434/291 820/432/291 789/398/291
f 838/435/405 835/440/405 805/401/405
f 824/436/293 822/434/293 791/403/293
f 825/425/296 824/436/296 793/406/296
f 811/438/297 809/437/297 779/410/297
f 865/439/267 863/452/267 834/433/267
f 822/434/268 851/463/268 850/441/268
f 838/435/269 867/444/269 865/439/269
f 854/442/403 851/463/403 822/434/403
f 825/425/273 855/468/273 854/442/273
f 841/445/274 840/443/274 809/437/274
f 857/446/275 855/468/275 825/425/275
f 813/426/404 844/448/404 841/445/404
f 829/447/277 860/455/277 857/446/277
f 815/428/278 846/457/278 844/448/278
f 861/449/279 860/455/279 829/447/279
f 848/450/280 846/457/280 815/428/280
f 863/452/281 861/449/281 832/430/281
f 850/441/266 848/450/266 817/451/266
f 844/448/252 874/477/252 871/453/252
f 890/454/253 888/469/253 857/446/253
f 875/456/254 874/477/254 844/448/254
f 892/458/255 890/454/255 860/455/255
f 877/459/256 875/456/256 846/457/256
f 894/460/257 892/458/257 861/449/257
f 879/461/258 877/459/258 848/450/258
f 896/462/259 894/460/259 863/452/259
f 851/463/260 882/464/260 879/461/260
f 867/444/261 897/466/261 896/462/261
f 854/442/680 883/472/680 882/464/680
f 885/467/681 883/472/681 854/442/681
f 871/453/250 870/465/250 840/443/250
f 888/469/251 885/467/251 855/468/251
f 882/464/237 912/473/237 910/470/237
f 927/471/667 925/481/667 896/462/667
f 883/472/239 914/494/239 912/473/239
f 915/475/242 914/494/242 883/472/242
f 871/453/364 901/478/364 900/474/364
f 917/476/244 915/475/244 885/467/244
f 874/477/245 904/485/245 901/478/245
f 890/454/246 920/482/246 917/476/246
f 905/479/247 904/485/247 874/477/247
f 921/480/248 920/482/248 890/454/248
f 877/459/249 908/488/249 905/479/249
f 894/460/234 924/489/234 921/480/234
f 910/470/235 908/488/235 877/459/235
f 925/481/236 924/489/236 894/460/236
f 920/482/223 949/486/223 948/483/223
f 905/479/224 936/508/224 933/484/224
f 921/480/225 952/490/225 949/486/225
f 938/487/226 936/508/226 905/479/226
f 924/489/227 954/492/227 952/490/227
f 939/491/228 938/487/228 908/488/228
f 925/481/682 955/493/682 954/492/682
f 912/473/230 941/495/230 939/491/230
f 927/471/683 957/497/683 955/493/683
f 914/494/232 944/501/232 941/495/232
f 945/498/219 944/501/219 914/494/219
f 931/499/666 930/496/666 900/474/666
f 948/483/221 945/498/221 915/475/221
f 933/484/222 931/499/222 901/478/222
f 983/500/208 982/512/208 955/493/208
f 944/501/209 973/521/209 971/502/209
f 975/504/212 973/521/212 944/501/212
f 931/499/213 961/506/213 959/503/213
f 977/505/214 975/504/214 945/498/214
f 933/484/215 963/514/215 961/506/215
f 949/486/216 979/516/216 977/505/216
f 965/507/217 963/514/217 933/484/217
f 980/509/202 979/516/202 949/486/202
f 938/487/203 967/517/203 965/507/203
f 981/510/204 980/509/204 952/490/204
f 969/511/205 967/517/205 938/487/205
f 982/512/206 981/510/206 954/492/206
f 941/495/207 971/502/207 969/511/207
f 987/513/194 986/528/194 963/514/194
f 995/515/195 994/536/195 979/516/195
f 967/517/196 988/539/196 987/513/196
f 981/510/197 996/519/197 995/515/197
f 989/518/198 988/539/198 967/517/198
f 982/512/199 997/520/199 996/519/199
f 971/502/200 990/522/200 989/518/200
f 983/500/371 998/524/371 997/520/371
f 973/521/186 991/529/186 990/522/186
f 992/525/372 991/529/372 973/521/372
f 985/526/190 984/523/190 959/503/190
f 993/527/191 992/525/191 975/504/191
f 986/528/192 985/526/192 961/506/192
f 979/516/193 994/536/193 993/527/193
f 991/529/178 1006/550/178 1005/530/178
f 1007/533/181 1006/550/181 991/529/181
f 985/526/375 1000/535/375 999/531/375
f 1008/534/183 1007/533/183 992/525/183
f 986/528/184 1001/537/184 1000/535/184
f 994/536/185 1009/544/185 1008/534/185
f 987/513/170 1002/540/170 1001/537/170
f 1010/538/171 1009/544/171 994/536/171
f 988/539/172 1003/546/172 1002/540/172
f 996/519/173 1011/547/173 1010/538/173
f 1004/541/174 1003/546/174 988/539/174
f 1012/542/175 1011/547/175 996/519/175
f 990/522/176 1005/530/176 1004/541/176
f 1013/532/177 1012/542/177 997/520/177
f 1025/543/164 1024/558/164 1009/544/164
f 1018/545/165 1017/559/165 1002/540/165
f 1011/547/166 1026/570/166 1025/543/166
f 1019/548/167 1018/545/167 1003/546/167
f 1027/549/168 1026/570/168 1011/547/168
f 1005/530/169 1020/551/169 1019/548/169
f 1013/532/639 1028/553/639 1027/549/639
f 1006/550/376 1021/562/376 1020/551/376
f 1022/554/377 1021/562/377 1006/550/377
f 1015/555/159 1014/552/159 999/531/159
f 1023/556/160 1022/554/160 1007/533/160
f 1016/557/161 1015/555/161 1000/535/161
f 1024/558/162 1023/556/162 1008/534/162
f 1017/559/163 1016/557/163 1001/537/163
f 1037/561/378 1036/579/378 1021/562/378
f 1030/563/151 1029/575/151 1014/552/151
f 1038/564/152 1037/561/152 1022/554/152
f 1016/557/637 1031/566/637 1030/563/637
f 1039/565/138 1038/564/138 1023/556/138
f 1017/559/139 1032/568/139 1031/566/139
f 1040/567/140 1039/565/140 1024/558/140
f 1018/545/141 1033/571/141 1032/568/141
f 1041/569/142 1040/567/142 1025/543/142
f 1019/548/143 1034/572/143 1033/571/143
f 1027/549/144 1042/573/144 1041/569/144
f 1020/551/145 1035/574/145 1034/572/145
f 1028/553/146 1043/560/146 1042/573/146
f 1021/562/147 1036/579/147 1035/574/147
f 1056/576/135 1055/586/135 1040/567/135
f 1049/577/136 1048/587/136 1033/571/136
f 1042/573/137 1057/597/137 1056/576/137
f 1035/574/122 1050/580/122 1049/577/122
f 1058/578/123 1057/597/123 1042/573/123
f 1036/579/124 1051/600/124 1050/580/124
f 1052/582/127 1051/600/127 1036/579/127
f 1030/563/382 1045/589/382 1044/581/382
f 1053/583/129 1052/582/129 1037/561/129
f 1046/584/130 1045/589/130 1030/563/130
f 1039/565/131 1054/592/131 1053/583/131
f 1047/585/132 1046/584/132 1031/566/132
f 1055/586/133 1054/592/133 1039/565/133
f 1048/587/134 1047/585/134 1032/568/134
f 1061/588/660 1060/602/660 1044/581/660
f 1069/590/121 1068/604/121 1052/582/121
f 1062/591/106 1061/588/106 1045/589/106
f 1054/592/107 1070/614/107 1069/590/107
f 1063/593/108 1062/591/108 1046/584/108
f 1071/594/109 1070/614/109 1054/592/109
f 1064/595/110 1063/593/110 1047/585/110
f 1056/576/111 1072/598/111 1071/594/111
f 1065/596/112 1064/595/112 1048/587/112
f 1057/597/113 1073/599/113 1072/598/113
f 1050/580/114 1066/601/114 1065/596/114
f 1058/578/115 1074/603/115 1073/599/115
f 1051/600/383 1067/609/383 1066/601/383
f 1068/604/119 1067/609/119 1051/600/119
f 1080/605/105 1079/617/105 1064/595/105
f 1073/599/634 1088/626/634 1087/606/634
f 1066/601/91 1081/627/91 1080/605/91
f 1089/607/92 1088/626/92 1073/599/92
f 1082/608/93 1081/627/93 1066/601/93
f 1083/611/96 1082/608/96 1067/609/96
f 1061/588/97 1076/620/97 1075/610/97
f 1084/612/98 1083/611/98 1068/604/98
f 1077/613/99 1076/620/99 1061/588/99
f 1070/614/100 1085/616/100 1084/612/100
f 1078/615/101 1077/613/101 1062/591/101
f 1071/594/102 1086/622/102 1085/616/102
f 1079/617/103 1078/615/103 1063/593/103
f 1087/606/104 1086/622/104 1071/594/104
f 1099/618/74 1098/632/74 1083/611/74
f 1092/619/75 1091/633/75 1076/620/75
f 1085/616/76 1100/643/76 1099/618/76
f 1078/615/77 1093/644/77 1092/619/77
f 1101/621/78 1100/643/78 1085/616/78
f 1094/623/79 1093/644/79 1078/615/79
f 1102/624/80 1101/621/80 1086/622/80
f 1095/625/81 1094/623/81 1079/617/81
f 1088/626/82 1103/628/82 1102/624/82
f 1081/627/83 1096/629/83 1095/625/83
f 1089/607/84 1104/631/84 1103/628/84
f 1082/608/85 1097/637/85 1096/629/85
f 1098/632/88 1097/637/88 1082/608/88
f 1091/633/657 1090/630/657 1075/610/657
f 1113/634/60 1112/646/60 1102/624/60
f 1118/635/61 1109/1231/61 1095/625/61
f 1114/636/62 1113/634/62 1103/628/62
f 1097/637/63 1116/1232/63 1118/635/63
f 1117/639/387 1116/1232/387 1097/637/387
f 1106/640/67 1105/638/67 1090/630/67
f 1099/618/68 1110/1233/68 1117/639/68
f 1107/641/69 1106/640/69 1091/633/69
f 1119/642/70 1110/1233/70 1099/618/70
f 1093/644/71 1108/1234/71 1107/641/71
f 1101/621/72 1111/1235/72 1119/642/72
f 1115/645/73 1108/1234/73 1093/644/73
f 1112/646/58 1111/1235/58 1101/621/58
f 1095/625/59 1109/1231/59 1115/645/59
f 4/647/314 1125/1236/314 1124/648/314
f 10/650/1 1123/1237/1 1122/651/1
f 30/653/57 4/647/57 3/649/57
f 28/654/388 1120/1238/388 1123/655/388
f 4/647/389 30/653/389 1121/656/389
f 30/653/390 13/652/390 1122/658/390
f 28/654/391 3/649/391 1124/660/391
f 10/650/57 13/652/57 30/653/57
f 853/1239/396 836/1240/396 24/662/396
f 24/662/396 14/666/396 839/1241/396
f 24/662/396 839/1241/396 837/1242/396
f 856/1243/684 853/1239/684 24/662/684
f 859/1244/396 856/1243/396 24/662/396
f 24/662/396 837/1242/396 842/1245/396
f 24/662/685 842/1245/685 847/1246/685
f 858/1247/396 859/1244/396 24/662/396
f 862/1248/396 858/1247/396 24/662/396
f 24/662/396 847/1246/396 845/1249/396
f 24/662/396 845/1249/396 843/1250/396
f 849/1251/396 862/1248/396 24/662/396
f 852/668/396 849/1251/396 24/662/396
f 24/662/396 843/1250/396 864/667/396
f 872/1252/397 866/1253/397 22/663/397
f 22/663/397 24/662/397 836/1240/397
f 22/663/397 836/1240/397 869/1254/397
f 873/1255/397 872/1252/397 22/663/397
f 876/670/397 873/1255/397 22/663/397
f 22/663/397 869/1254/397 868/669/397
f 880/1256/398 878/1257/398 18/665/398
f 18/665/398 22/663/398 866/1253/398
f 18/665/398 866/1253/398 898/1258/398
f 886/1259/398 880/1256/398 18/665/398
f 884/1260/398 886/1259/398 18/665/398
f 18/665/398 898/1258/398 895/1261/398
f 18/665/686 895/1261/686 902/1262/686
f 881/1263/398 884/1260/398 18/665/398
f 887/1264/398 881/1263/398 18/665/398
f 18/665/398 902/1262/398 899/1265/398
f 18/665/398 899/1265/398 893/1266/398
f 891/1267/398 887/1264/398 18/665/398
f 889/672/398 891/1267/398 18/665/398
f 18/665/398 893/1266/398 903/671/398
f 906/1268/399 839/1241/399 14/666/399
f 14/666/399 18/665/399 878/1257/399
f 14/666/399 878/1257/399 911/1269/399
f 907/1270/399 906/1268/399 14/666/399
f 913/674/399 907/1270/399 14/666/399
f 14/666/399 911/1269/399 909/673/399
f 19/675/195 43/701/195 45/676/195
f 821/678/196 29/702/196 32/679/196
f 828/677/197 45/676/197 48/681/197
f 6/680/198 32/679/198 34/683/198
f 830/682/199 48/681/199 49/685/199
f 823/684/200 34/683/200 36/687/200
f 831/686/371 49/685/371 51/689/371
f 11/691/186 9/688/186 36/687/186
f 11/691/687 38/692/687 39/694/687
f 16/695/191 39/694/191 42/696/191
f 866/698/192 872/704/192 27/699/192
f 2/700/192 898/1271/192 866/698/192
f 826/697/193 42/696/193 43/701/193
f 821/678/194 2/700/194 27/699/194
f 54/703/215 27/699/215 872/704/215
f 43/701/369 42/696/369 68/706/369
f 29/702/217 27/699/217 54/703/217
f 43/701/202 70/707/202 72/709/202
f 32/679/203 29/702/203 56/708/203
f 48/681/204 45/676/204 72/709/204
f 32/679/370 58/710/370 60/712/370
f 49/685/206 48/681/206 74/711/206
f 36/687/207 34/683/207 60/712/207
f 49/685/208 76/713/208 78/715/208
f 36/687/209 62/714/209 64/716/209
f 39/694/212 38/692/212 64/716/212
f 39/694/214 66/717/214 68/706/214
f 62/714/230 60/712/230 85/718/230
f 78/715/683 76/713/683 102/720/683
f 62/714/232 87/719/232 89/722/232
f 66/717/219 64/716/219 89/722/219
f 66/717/221 91/723/221 93/724/221
f 80/725/222 54/703/222 873/705/222
f 70/707/223 68/706/223 93/724/223
f 56/708/224 54/703/224 80/725/224
f 70/707/225 95/727/225 97/729/225
f 56/708/226 81/728/226 84/730/226
f 72/709/227 97/729/227 100/731/227
f 58/710/228 84/730/228 85/718/228
f 76/713/682 74/711/682 100/731/682
f 93/724/246 119/744/246 121/732/246
f 81/728/247 80/725/247 106/733/247
f 95/727/248 121/732/248 124/735/248
f 81/728/249 108/734/249 110/736/249
f 100/731/234 97/729/234 124/735/234
f 85/718/235 84/730/235 110/736/235
f 100/731/236 125/737/236 127/739/236
f 87/719/237 85/718/237 112/738/237
f 102/720/667 127/739/667 129/741/667
f 89/722/239 87/719/239 114/740/239
f 89/722/242 116/742/242 118/743/242
f 91/723/244 118/743/244 119/744/244
f 80/725/245 876/726/245 868/745/245
f 129/741/261 127/739/261 154/746/261
f 116/742/262 114/740/262 139/748/262
f 116/742/265 141/749/265 144/750/265
f 119/744/251 118/743/251 144/750/251
f 106/733/252 868/745/252 869/752/252
f 119/744/253 146/751/253 148/754/253
f 108/734/254 106/733/254 132/753/254
f 121/732/255 148/754/255 150/756/255
f 110/736/256 108/734/256 134/755/256
f 125/737/257 124/735/257 150/756/257
f 112/738/258 110/736/258 136/757/258
f 125/737/259 152/758/259 154/746/259
f 112/738/260 137/759/260 139/748/260
f 148/754/279 174/773/279 176/760/279
f 136/757/280 134/755/280 160/761/280
f 152/758/281 150/756/281 176/760/281
f 136/757/266 161/762/266 163/764/266
f 154/746/360 152/758/360 177/763/360
f 137/759/268 163/764/268 165/766/268
f 154/746/361 179/765/361 181/767/361
f 141/749/270 139/748/270 165/766/270
f 141/749/688 167/768/688 169/769/688
f 144/750/275 169/769/275 172/770/275
f 836/771/404 853/780/404 158/772/404
f 132/753/404 869/752/404 836/771/404
f 146/751/277 172/770/277 174/773/277
f 132/753/278 158/772/278 160/761/278
f 167/768/296 196/790/296 197/775/296
f 169/769/282 197/775/282 199/779/282
f 853/780/283 856/777/283 184/776/283
f 184/776/283 186/782/283 158/772/283
f 174/773/284 172/770/284 199/779/284
f 160/761/285 158/772/285 186/782/285
f 174/773/286 202/781/286 203/784/286
f 161/762/287 160/761/287 187/783/287
f 176/760/288 203/784/288 206/786/288
f 161/762/289 190/785/289 192/787/289
f 177/763/290 206/786/290 207/788/290
f 165/766/291 163/764/291 192/787/291
f 181/767/405 179/765/405 207/788/405
f 165/766/293 194/789/293 196/790/293
f 187/783/311 215/805/311 217/791/311
f 206/786/312 203/784/312 232/792/312
f 190/785/313 217/791/313 219/794/313
f 207/788/298 206/786/298 233/793/298
f 194/789/299 192/787/299 219/794/299
f 209/774/300 207/788/300 236/795/300
f 196/790/301 194/789/301 221/796/301
f 196/790/689 223/798/689 225/799/689
f 211/800/305 184/776/305 859/778/305
f 197/775/306 225/799/306 227/802/306
f 184/776/307 211/800/307 213/803/307
f 202/781/308 199/779/308 227/802/308
f 186/782/309 213/803/309 215/805/309
f 203/784/310 202/781/310 230/804/310
f 223/798/690 252/820/690 253/806/690
f 239/807/408 211/800/408 858/801/408
f 225/799/409 253/806/409 255/809/409
f 213/803/410 211/800/410 239/807/410
f 230/804/411 227/802/411 255/809/411
f 213/803/412 241/810/412 243/812/412
f 230/804/413 257/811/413 259/813/413
f 217/791/414 215/805/414 243/812/414
f 233/793/415 232/792/415 259/813/415
f 217/791/416 245/814/416 247/816/416
f 233/793/417 262/815/417 264/817/417
f 221/796/418 219/794/418 247/816/418
f 236/795/419 264/817/419 266/819/419
f 223/798/691 221/796/691 249/818/691
f 262/815/422 259/813/422 287/821/422
f 245/814/423 274/835/423 275/823/423
f 264/817/424 262/815/424 290/822/424
f 247/816/425 275/823/425 278/825/425
f 266/819/692 264/817/692 292/824/692
f 249/818/427 278/825/427 280/827/427
f 253/806/429 252/820/429 280/827/429
f 268/829/693 239/807/693 862/808/693
f 253/806/431 282/828/431 284/831/431
f 239/807/432 268/829/432 270/832/432
f 257/811/433 255/809/433 284/831/433
f 241/810/434 270/832/434 271/834/434
f 257/811/435 286/833/435 287/821/435
f 245/814/436 243/812/436 271/834/436
f 296/836/437 268/829/437 849/830/437
f 282/828/438 310/850/438 311/838/438
f 270/832/694 268/829/694 296/836/694
f 286/833/440 284/831/440 311/838/440
f 270/832/441 298/839/441 300/841/441
f 287/821/442 286/833/442 314/840/442
f 271/834/443 300/841/443 302/843/443
f 290/822/444 287/821/444 315/842/444
f 274/835/445 302/843/445 304/845/445
f 292/824/446 290/822/446 317/844/446
f 275/823/447 304/845/447 306/847/447
f 292/824/448 319/846/448 321/848/448
f 278/825/695 306/847/695 308/849/695
f 280/827/696 308/849/696 310/850/696
f 302/843/452 330/864/452 331/851/452
f 319/846/453 317/844/453 346/852/453
f 306/847/454 304/845/454 331/851/454
f 319/846/697 348/853/697 350/855/697
f 308/849/456 306/847/456 334/854/456
f 308/849/458 336/856/458 338/857/458
f 864/858/459 324/866/459 296/836/459
f 310/850/460 338/857/460 339/859/460
f 296/836/461 324/866/461 326/860/461
f 311/838/462 339/859/462 341/861/462
f 300/841/463 298/839/463 326/860/463
f 315/842/464 314/840/464 341/861/464
f 300/841/465 327/862/465 330/864/465
f 315/842/466 343/863/466 346/852/466
f 338/857/467 365/878/467 367/865/467
f 324/866/468 351/887/468 353/867/468
f 339/859/469 367/865/469 369/868/469
f 327/862/470 326/860/470 353/867/470
f 341/861/471 369/868/471 371/870/471
f 327/862/472 355/869/472 358/871/472
f 343/863/473 371/870/473 373/872/473
f 331/851/474 330/864/474 358/871/474
f 348/853/475 346/852/475 373/872/475
f 331/851/476 359/873/476 362/875/476
f 348/853/477 376/874/477 378/876/477
f 336/856/478 334/854/478 362/875/478
f 336/856/480 364/877/480 365/878/480
f 843/879/481 351/887/481 324/866/481
f 376/874/698 373/872/698 401/880/698
f 359/873/483 387/894/483 389/882/483
f 376/874/699 403/881/699 405/883/699
f 364/877/485 362/875/485 389/882/485
f 364/877/487 391/884/487 394/885/487
f 845/886/700 379/907/700 351/887/700
f 367/865/489 365/878/489 394/885/489
f 351/887/701 379/907/701 382/889/701
f 369/868/491 367/865/491 396/888/491
f 353/867/492 382/889/492 384/891/492
f 371/870/493 369/868/493 397/890/493
f 355/869/494 384/891/494 386/893/494
f 371/870/495 399/892/495 401/880/495
f 358/871/496 386/893/496 387/894/496
f 396/888/497 423/908/497 426/895/497
f 382/889/498 409/910/498 411/896/498
f 399/892/499 397/890/499 426/895/499
f 384/891/500 411/896/500 413/898/500
f 399/892/501 428/897/501 430/899/501
f 387/894/502 386/893/502 413/898/502
f 401/880/503 430/899/503 432/901/503
f 387/894/504 415/900/504 418/902/504
f 405/883/505 403/881/505 432/901/505
f 391/884/506 389/882/506 418/902/506
f 391/884/508 420/904/508 421/905/508
f 847/906/702 408/909/702 379/907/702
f 394/885/510 421/905/510 423/908/510
f 382/889/511 379/907/511 408/909/511
f 432/901/703 457/924/703 459/911/703
f 420/904/704 418/902/704 444/912/704
f 420/904/705 446/913/705 447/914/705
f 421/905/517 447/914/517 449/916/517
f 842/915/706 837/1272/706 435/917/706
f 435/917/706 409/910/706 408/909/706
f 426/895/519 423/908/519 449/916/519
f 409/910/520 435/917/520 437/919/520
f 428/897/521 426/895/521 451/918/521
f 411/896/522 437/919/522 440/921/522
f 428/897/523 453/920/523 455/922/523
f 413/898/524 440/921/524 441/923/524
f 430/899/525 455/922/525 457/924/525
f 418/902/526 415/900/526 441/923/526
f 435/917/527 461/937/527 463/925/527
f 451/918/528 477/938/528 479/926/528
f 437/919/529 463/925/529 466/927/529
f 453/920/530 479/926/530 481/928/530
f 440/921/531 466/927/531 468/929/531
f 455/922/532 481/928/532 483/930/532
f 441/923/533 468/929/533 469/931/533
f 459/911/707 457/924/707 483/930/707
f 446/913/708 444/912/708 469/931/708
f 446/913/709 471/933/709 473/934/709
f 447/914/538 473/934/538 475/935/538
f 839/936/539 906/945/539 461/937/539
f 435/917/539 837/1272/539 839/936/539
f 449/916/540 475/935/540 477/938/540
f 471/933/541 469/931/541 496/939/541
f 471/933/543 497/940/543 500/942/543
f 473/934/544 500/942/544 502/943/544
f 488/944/545 461/937/545 906/945/545
f 477/938/546 475/935/546 502/943/546
f 461/937/547 488/944/547 490/948/547
f 477/938/548 504/947/548 506/949/548
f 463/925/549 490/948/549 492/950/549
f 481/928/550 479/926/550 506/949/550
f 466/927/551 492/950/551 494/952/551
f 483/930/552 481/928/552 508/951/552
f 469/931/553 468/929/553 494/952/553
f 483/930/554 509/953/554 512/941/554
f 506/949/555 504/947/555 529/954/555
f 490/948/556 516/967/556 518/956/556
f 506/949/557 532/955/557 534/957/557
f 492/950/558 518/956/558 520/958/558
f 508/951/710 534/957/710 535/959/710
f 494/952/560 520/958/560 522/960/560
f 512/941/711 509/953/711 535/959/711
f 497/940/562 496/939/562 522/960/562
f 497/940/564 524/962/564 526/963/564
f 502/943/565 500/942/565 526/963/565
f 514/965/712 488/944/712 907/946/712
f 504/947/567 502/943/567 528/964/567
f 490/948/568 488/944/568 514/965/568
f 524/962/570 550/980/570 552/969/570
f 526/963/571 552/969/571 554/970/571
f 909/971/572 540/993/572 514/965/572
f 529/954/573 528/964/573 554/970/573
f 514/965/574 540/993/574 541/973/574
f 529/954/575 555/972/575 558/974/575
f 518/956/576 516/967/576 541/973/576
f 534/957/577 532/955/577 558/974/577
f 518/956/578 543/975/578 545/977/578
f 534/957/579 559/976/579 562/978/579
f 522/960/580 520/958/580 545/977/580
f 538/961/581 535/959/581 562/978/581
f 522/960/582 548/979/582 550/980/582
f 541/973/583 570/998/583 572/981/583
f 559/976/584 558/974/584 586/982/584
f 918/984/585 919/1012/585 574/987/585
f 574/987/585 545/977/585 543/975/585
f 543/975/585 572/981/585 916/985/585
f 918/984/585 574/987/585 543/975/585
f 559/976/586 588/983/586 590/986/586
f 548/979/587 545/977/587 574/987/587
f 564/968/713 562/978/713 590/986/713
f 548/979/589 575/988/589 577/990/589
f 550/980/591 577/990/591 580/991/591
f 552/969/592 580/991/592 581/992/592
f 540/993/593 909/971/593 911/994/593
f 923/996/594 922/1004/594 583/1273/594
f 583/1273/594 555/972/594 554/970/594
f 554/970/594 581/992/594 926/997/594
f 923/996/594 583/1273/594 554/970/594
f 540/993/595 567/995/595 570/998/595
f 555/972/596 583/1273/596 586/982/596
f 577/990/597 928/1016/597 929/999/597
f 932/1000/714 581/992/714 580/991/714
f 878/1001/715 880/1025/715 594/1002/715
f 567/995/599 911/994/599 878/1001/599
f 599/1003/600 583/1273/600 922/1004/600
f 570/998/601 567/995/601 594/1002/601
f 586/982/602 583/1273/602 599/1003/602
f 570/998/603 595/1006/603 597/1008/603
f 586/982/604 601/1007/604 604/1009/604
f 916/985/605 572/981/605 597/1008/605
f 588/983/606 604/1009/606 606/1013/606
f 575/988/716 574/987/716 935/1011/716
f 590/986/608 606/1013/608 608/1015/608
f 577/990/609 575/988/609 940/1014/609
f 604/1009/611 601/1007/611 620/1017/611
f 597/1008/612 615/1029/612 942/1019/612
f 604/1009/613 621/1018/613 624/1020/613
f 606/1013/614 624/1020/614 626/1021/614
f 880/1025/617 886/1024/617 610/1023/617
f 610/1023/617 611/1031/617 594/1002/617
f 599/1003/618 934/1005/618 943/1026/618
f 594/1002/619 611/1031/619 613/1028/619
f 599/1003/620 617/1027/620 620/1017/620
f 597/1008/621 595/1006/621 613/1028/621
f 610/1023/622 627/1040/622 629/1030/622
f 635/1032/623 617/1027/623 943/1026/623
f 611/1031/624 629/1030/624 631/1034/624
f 617/1027/625 635/1032/625 637/1035/625
f 613/1028/626 631/1034/626 633/1036/626
f 621/1018/627 620/1017/627 637/1035/627
f 633/1036/628 947/1054/628 942/1019/628
f 624/1020/629 621/1018/629 639/1037/629
f 626/1021/630 624/1020/630 642/1038/630
f 627/1040/717 610/1023/717 884/1022/717
f 639/1037/60 657/1052/60 660/1042/60
f 642/1038/386 660/1042/386 661/1043/386
f 646/1044/67 627/1040/67 881/1041/67
f 629/1030/69 627/1040/69 646/1044/69
f 635/1032/70 946/1033/70 950/1047/70
f 631/1034/71 629/1030/71 648/1046/71
f 635/1032/72 653/1048/72 656/1050/72
f 633/1036/73 631/1034/73 649/1049/73
f 637/1035/58 656/1050/58 657/1052/58
f 633/1036/59 652/1051/59 951/1053/59
f 646/1044/75 663/1065/75 666/1055/75
f 653/1048/76 950/1047/76 953/1056/76
f 648/1046/77 666/1055/77 667/1058/77
f 653/1048/78 672/1057/78 674/1059/78
f 649/1049/79 667/1058/79 670/1060/79
f 657/1052/80 656/1050/80 674/1059/80
f 652/1051/81 670/1060/81 956/1062/81
f 660/1042/82 657/1052/82 675/1061/82
f 661/1043/385 660/1042/385 677/1063/385
f 663/1065/657 646/1044/657 887/1045/657
f 958/1067/91 689/1089/91 691/1068/91
f 677/1063/92 705/1090/92 707/1070/92
f 960/1069/93 691/1068/93 693/1071/93
f 693/1071/96 695/1076/96 964/1073/96
f 681/1074/97 663/1065/97 891/1066/97
f 695/1076/98 697/1079/98 966/1077/98
f 666/1055/99 663/1065/99 681/1074/99
f 699/1081/100 672/1057/100 953/1056/100
f 666/1055/101 684/1078/101 686/1083/101
f 672/1057/102 699/1081/102 702/1084/102
f 670/1060/103 667/1058/103 686/1083/103
f 675/1061/104 674/1059/104 702/1084/104
f 670/1060/105 688/1085/105 972/1087/105
f 675/1061/90 704/1086/90 705/1090/90
f 976/1091/107 970/1080/107 697/1079/107
f 697/1079/107 726/1105/107 727/1092/107
f 727/1092/107 699/1081/107 968/1082/107
f 976/1091/107 697/1079/107 727/1092/107
f 684/1078/108 712/1107/108 713/1093/108
f 702/1084/109 699/1081/109 727/1092/109
f 686/1083/110 713/1093/110 715/1095/110
f 704/1086/111 702/1084/111 729/1094/111
f 978/1097/112 972/1087/112 688/1085/112
f 688/1085/112 715/1095/112 717/1098/112
f 717/1098/112 689/1089/112 974/1088/112
f 978/1097/112 688/1085/112 717/1098/112
f 705/1090/113 704/1086/113 731/1096/113
f 691/1068/114 689/1089/114 717/1098/114
f 705/1090/115 733/1099/115 735/1101/115
f 693/1071/383 691/1068/383 719/1100/383
f 693/1071/119 721/1102/119 723/1103/119
f 903/1104/660 709/1106/660 681/1074/660
f 695/1076/121 723/1103/121 726/1105/121
f 684/1078/106 681/1074/106 709/1106/106
f 733/1099/661 761/1121/661 763/1108/661
f 719/1100/124 748/1122/124 750/1109/124
f 723/1103/127 721/1102/127 750/1109/127
f 893/1111/382 737/1113/382 709/1106/382
f 726/1105/129 723/1103/129 752/1110/129
f 712/1107/130 709/1106/130 737/1113/130
f 727/1092/131 726/1105/131 753/1112/131
f 712/1107/132 739/1114/132 742/1116/132
f 727/1092/133 755/1115/133 757/1117/133
f 713/1093/134 742/1116/134 744/1118/134
f 731/1096/135 729/1094/135 757/1117/135
f 715/1095/136 744/1118/136 745/1120/136
f 733/1099/137 731/1096/137 759/1119/137
f 717/1098/122 745/1120/122 748/1122/122
f 742/1116/139 739/1114/139 767/1123/139
f 755/1115/140 783/1137/140 785/1125/140
f 744/1118/141 742/1116/141 769/1124/141
f 757/1117/142 785/1125/142 788/1127/142
f 744/1118/143 772/1126/143 773/1128/143
f 759/1119/380 788/1127/380 790/1129/380
f 748/1122/145 745/1120/145 773/1128/145
f 763/1108/381 761/1121/381 790/1129/381
f 750/1109/718 748/1122/718 776/1130/718
f 750/1109/378 778/1132/378 780/1133/378
f 899/1134/379 766/1136/379 737/1113/379
f 752/1110/152 780/1133/152 781/1135/152
f 739/1114/153 737/1113/153 766/1136/153
f 755/1115/138 753/1112/138 781/1135/138
f 778/1132/376 776/1130/376 804/1138/376
f 778/1132/377 806/1139/377 808/1141/377
f 902/1142/663 794/1153/663 766/1136/663
f 780/1133/160 808/1141/160 810/1143/160
f 766/1136/161 794/1153/161 796/1144/161
f 783/1137/638 781/1135/638 810/1143/638
f 769/1124/163 767/1123/163 796/1144/163
f 783/1137/164 812/1145/164 814/1147/164
f 769/1124/165 797/1146/165 800/1148/165
f 788/1127/166 785/1125/166 814/1147/166
f 772/1126/167 800/1148/167 802/1150/167
f 790/1129/168 788/1127/168 816/1149/168
f 776/1130/169 773/1128/169 802/1150/169
f 792/1131/639 790/1129/639 818/1151/639
f 814/1147/171 812/1145/171 19/675/171
f 797/1146/172 821/678/172 6/680/172
f 814/1147/173 828/677/173 830/682/173
f 802/1150/174 800/1148/174 6/680/174
f 816/1149/175 830/682/175 831/686/175
f 804/1138/176 802/1150/176 823/684/176
f 819/1140/177 818/1151/177 831/686/177
f 806/1139/641 804/1138/641 9/688/641
f 806/1139/642 11/691/642 16/695/642
f 808/1141/183 16/695/183 826/697/183
f 895/1152/184 898/1271/184 2/700/184
f 2/700/184 796/1144/184 794/1153/184
f 810/1143/185 826/697/185 19/675/185
f 797/1146/170 796/1144/170 2/700/170
f 1126/1156/57 1129/1165/57 978/1274/57
f 1126/1156/57 978/1274/57 974/1275/57
f 970/1276/57 976/1277/57 1126/1156/57
f 966/1278/57 970/1276/57 1126/1156/57
f 1126/1156/57 974/1275/57 958/1279/57
f 1126/1156/57 958/1279/57 960/1280/57
f 964/1155/57 966/1278/57 1126/1156/57
f 1126/1156/57 960/1280/57 962/1154/57
f 1128/1159/2 1127/1162/2 923/1281/2
f 1128/1159/2 923/1281/2 926/1282/2
f 919/1283/2 918/1284/2 1128/1159/2
f 935/1285/2 919/1283/2 1128/1159/2
f 1128/1159/2 926/1282/2 932/1286/2
f 1128/1159/2 932/1286/2 929/1287/2
f 940/1158/2 935/1285/2 1128/1159/2
f 1128/1159/2 929/1287/2 928/1157/2
f 1127/1162/49 1126/1156/49 976/1277/49
f 1127/1162/49 976/1277/49 968/1288/49
f 922/1289/49 923/1281/49 1127/1162/49
f 934/1290/49 922/1289/49 1127/1162/49
f 1127/1162/49 968/1288/49 953/1291/49
f 1127/1162/49 953/1291/49 950/1292/49
f 943/1161/49 934/1290/49 1127/1162/49
f 1127/1162/49 950/1292/49 946/1160/49
f 972/1293/56 978/1274/56 1129/1165/56
f 1129/1165/56 1128/1159/56 918/1284/56
f 1129/1165/56 918/1284/56 916/1294/56
f 956/1295/56 972/1293/56 1129/1165/56
f 951/1296/56 956/1295/56 1129/1165/56
f 1129/1165/56 916/1294/56 937/1297/56
f 1129/1165/56 937/1297/56 942/1163/56
f 947/1164/56 951/1296/56 1129/1165/56
