# Blender 4.4.3
# www.blender.org
mtllib rock.mtl
o Cube
v -0.308669 0.310922 0.499726
v -0.305734 0.500330 0.314374
v -0.482316 0.341456 0.302453
v -0.215772 -0.530015 0.242695
v -0.294045 -0.313990 0.499007
v -0.491558 -0.308353 0.309159
v -0.489611 0.298912 -0.323307
v -0.304374 0.484969 -0.315760
v -0.269210 0.284761 -0.550206
v -0.489595 -0.321451 -0.319379
v -0.293020 -0.319924 -0.523621
v -0.376904 -0.477286 -0.312721
v 0.306863 0.312629 0.500484
v 0.502859 0.300772 0.308523
v 0.319389 0.471273 0.276414
v 0.492488 -0.252594 0.337500
v 0.292614 -0.297945 0.512915
v 0.286587 -0.464135 0.348568
v 0.502207 0.308711 -0.307834
v 0.311647 0.307036 -0.495141
v 0.360420 0.465009 -0.323293
v 0.306839 -0.497890 -0.307654
v 0.317953 -0.284735 -0.466269
v 0.500322 -0.308652 -0.308624
v 0.250635 -0.516927 -0.030111
v 0.497904 -0.308743 -0.001044
v -0.313806 0.494576 0.003673
v -0.509494 0.277159 -0.089188
v 0.300499 0.493220 0.003782
v 0.486260 0.280796 -0.005997
v -0.285458 -0.516055 -0.004535
v -0.502939 -0.257241 -0.007649
v 0.006454 -0.502608 0.301500
v 0.001134 -0.308357 0.500540
v -0.011123 0.500596 -0.301664
v -0.009764 0.311844 -0.494950
v -0.004523 -0.498722 -0.309496
v 0.003248 -0.312935 -0.498000
v 0.010650 0.482648 0.357877
v -0.008756 0.363169 0.466400
v -0.012244 0.496538 0.043945
v -0.008948 -0.503164 -0.005893
v -0.468183 0.005185 0.332274
v -0.277658 -0.046550 0.531951
v 0.286973 -0.025302 -0.503606
v 0.497335 -0.002026 -0.310092
v -0.299254 0.002116 -0.530981
v -0.477487 -0.004388 -0.339225
v 0.233820 0.037018 0.532665
v 0.484449 0.011240 0.318164
v -0.501116 0.004841 -0.019354
v 0.497337 -0.001594 -0.003581
v 0.009715 0.007801 0.507401
v -0.038394 -0.021484 -0.513186
v -0.318342 0.243771 -0.507005
v -0.395144 -0.312132 -0.438792
v -0.385799 0.015194 -0.451320
v -0.402233 0.314213 0.402931
v -0.391189 -0.313391 0.401866
v -0.378169 -0.020588 0.417747
v 0.413151 0.305743 -0.401620
v 0.408511 -0.302632 -0.395384
v 0.393592 -0.012223 -0.405782
v 0.403723 0.307970 0.405638
v 0.391762 -0.282451 0.423198
v 0.323999 0.040969 0.440897
v -0.356067 0.311010 0.451682
v -0.401717 0.410811 0.306414
v -0.368977 -0.410626 0.297500
v -0.389500 0.368668 -0.326669
v -0.424360 -0.396510 -0.337766
v -0.342641 -0.315930 -0.483390
v -0.391054 -0.396847 -0.001707
v -0.407151 0.392698 -0.020849
v -0.321350 -0.052627 0.474382
v -0.286428 0.264615 -0.535519
v -0.345070 0.012538 -0.490905
v -0.341819 -0.314435 0.450237
v -0.422578 0.279487 -0.388066
v -0.286787 0.359653 -0.428575
v -0.299685 -0.412716 -0.440525
v 0.333181 0.390844 -0.402360
v 0.312446 -0.393523 -0.390135
v 0.454031 -0.306751 -0.353451
v -0.000876 -0.402885 -0.401295
v -0.030678 0.410828 -0.389576
v -0.425439 0.005644 -0.402526
v 0.447587 -0.004972 -0.357417
v -0.446271 -0.312889 -0.383011
v 0.458694 0.307269 -0.354447
v -0.376303 -0.358826 -0.425211
v -0.317230 0.266075 -0.454586
v -0.332428 0.310740 0.475774
v -0.272844 -0.474276 0.263507
v -0.347364 0.425297 -0.320806
v -0.317381 -0.318084 -0.503523
v -0.300360 -0.062938 0.507392
v -0.355400 0.453920 0.310381
v -0.400062 -0.434550 -0.349372
v -0.336333 -0.456718 -0.003825
v -0.359665 0.445115 -0.006585
v -0.278858 0.276124 -0.541528
v -0.322624 0.007669 -0.510469
v -0.317753 -0.314401 0.474607
v -0.336528 -0.385563 -0.440002
v -0.302458 0.306148 -0.439795
v -0.442775 0.376402 0.302916
v -0.451958 -0.360084 -0.328615
v -0.446089 -0.334200 -0.001849
v -0.457020 0.335259 -0.048506
v -0.295129 0.250726 -0.529601
v -0.366142 0.015386 -0.471540
v -0.366271 -0.314087 0.425970
v -0.379428 0.312001 0.427422
v -0.436583 -0.357812 0.306729
v -0.437401 0.332155 -0.326759
v -0.368718 -0.313789 -0.462165
v -0.350022 -0.034520 0.443147
v -0.364903 0.267725 -0.427274
v -0.412794 -0.334696 -0.404141
v 0.409695 0.386555 0.302970
v 0.393935 -0.380274 0.329260
v 0.340629 -0.292291 0.468151
v 0.429078 0.395849 -0.306415
v 0.363459 0.305557 -0.448703
v 0.404738 -0.402189 -0.306949
v 0.370634 0.383891 0.001787
v 0.396185 -0.406282 -0.006282
v 0.363587 -0.294940 -0.432595
v 0.334267 -0.024203 -0.455911
v 0.354915 0.310802 0.453285
v 0.259885 0.047356 0.494536
v 0.384079 -0.349941 -0.371670
v 0.400101 0.349710 -0.377293
v -0.307752 0.406939 0.405296
v -0.277089 -0.411972 0.391295
v -0.440967 -0.311227 0.355458
v 0.310080 0.403595 0.400710
v 0.453131 0.304397 0.357452
v 0.267897 -0.373105 0.445222
v 0.007734 0.420760 0.422007
v 0.001574 -0.405294 0.402521
v 0.412723 0.023161 0.376648
v -0.443102 0.325770 0.354096
v -0.419689 -0.003851 0.380252
v 0.442647 -0.261379 0.382687
v -0.358123 -0.361521 0.374659
v -0.378412 0.361789 0.379731
v -0.343562 0.383625 0.392638
v -0.315980 -0.386980 0.382666
v -0.400281 -0.336244 0.365677
v -0.411682 0.342465 0.366755
v 0.364156 -0.331331 0.403242
v 0.381580 0.352841 0.379990
v 0.368083 0.418677 0.285208
v 0.316410 -0.295283 0.490433
v 0.337929 0.306134 -0.471661
v 0.356592 -0.449072 -0.306943
v 0.370458 0.369320 -0.389606
v 0.340055 -0.422210 0.339484
v 0.401632 0.430428 -0.311672
v 0.339570 0.439585 0.003519
v 0.335571 -0.457918 -0.014761
v 0.341336 -0.289869 -0.449205
v 0.308131 -0.027054 -0.480125
v 0.331120 0.311814 0.476618
v 0.244208 0.043470 0.514476
v 0.349073 -0.371023 -0.380283
v 0.346354 0.377522 0.390162
v 0.319259 -0.353803 0.422137
v 0.444178 -0.321946 0.330013
v 0.461923 0.354268 -0.306359
v 0.407564 0.327184 -0.001891
v 0.448584 -0.356904 -0.002562
v 0.386015 -0.299289 -0.414661
v 0.364098 -0.018178 -0.430706
v 0.379228 0.309514 0.429520
v 0.285943 0.046829 0.470188
v 0.419131 -0.328572 -0.362872
v 0.455466 0.345682 0.308233
v 0.366000 -0.288325 0.445437
v 0.388788 0.305417 -0.425236
v 0.452843 -0.355302 -0.307666
v 0.428736 0.329088 -0.365594
v 0.404841 -0.300949 0.390079
v 0.417291 0.328463 0.369092
v -0.291101 -0.361237 0.447748
v 0.308475 0.358928 0.451646
v -0.003316 0.404952 0.434921
v 0.000555 -0.356811 0.451933
v -0.423418 0.318391 0.378796
v -0.400744 -0.011102 0.397799
v 0.417432 -0.273501 0.402189
v -0.367333 0.336192 0.415852
v -0.338080 0.347344 0.434128
v -0.395925 0.326318 0.397384
v -0.308496 0.359304 0.452165
v -0.415881 -0.312424 0.378610
v 0.428371 0.306230 0.381622
v 0.282589 -0.338396 0.475548
v 0.368985 0.031947 0.408650
v -0.351312 -0.337589 0.412791
v -0.320530 -0.349600 0.430068
v -0.383276 -0.325177 0.395723
v 0.351715 -0.311545 0.436127
v 0.368146 0.332507 0.416923
v 0.338638 0.345567 0.434089
v 0.317641 -0.325220 0.455609
v 0.398193 0.319307 0.399382
v 0.385197 -0.294902 0.417853
v -0.306501 0.454378 0.358849
v -0.466571 -0.309836 0.332049
v 0.478274 0.302538 0.332798
v 0.261205 -0.407109 0.412937
v 0.451553 0.016197 0.346145
v -0.362834 -0.386422 0.335339
v -0.297638 -0.429047 0.326876
v -0.418125 -0.347289 0.335627
v 0.378571 -0.353933 0.367511
v 0.395638 0.371027 0.341502
v -0.240648 -0.471367 0.317483
v 0.313651 0.441879 0.340520
v 0.017129 0.439572 0.407199
v 0.004073 -0.454510 0.351549
v -0.461679 0.336293 0.328265
v -0.439871 0.002102 0.360333
v 0.467756 -0.250625 0.362520
v -0.389794 0.387452 0.342793
v -0.349276 0.419616 0.350882
v -0.426922 0.360654 0.334878
v 0.325808 -0.384410 0.385263
v 0.355683 0.404051 0.340947
v 0.424770 -0.308709 0.360999
v 0.436674 0.337220 0.338305
v -0.275906 0.318718 -0.489621
v 0.316288 -0.337073 -0.425710
v 0.001276 -0.356300 -0.448392
v -0.021180 0.361576 -0.441799
v -0.421495 -0.311575 -0.412239
v 0.436392 0.306425 -0.377983
v -0.293061 0.260655 -0.504937
v -0.373209 0.257734 -0.443009
v -0.292414 -0.367986 -0.479010
v 0.316178 0.352506 -0.446561
v 0.431172 -0.305059 -0.374898
v -0.405062 0.011669 -0.428690
v 0.421357 -0.007844 -0.381396
v -0.357553 -0.338193 -0.453819
v -0.324257 -0.353245 -0.468519
v -0.286281 0.289637 -0.494185
v -0.315241 0.246377 -0.497655
v -0.390406 -0.324044 -0.434568
v 0.373997 -0.322543 -0.402322
v 0.380910 0.327974 -0.412921
v 0.345740 -0.329844 -0.414072
v 0.350571 0.339436 -0.429905
v 0.409275 0.317093 -0.395430
v 0.402542 -0.314276 -0.389237
v -0.458892 0.292374 -0.352149
v -0.326734 -0.446980 -0.407827
v 0.360136 0.422818 -0.363198
v 0.477088 -0.307897 -0.331291
v -0.449369 -0.000634 -0.372050
v 0.472778 -0.003160 -0.333688
v -0.399946 -0.377684 -0.390754
v -0.298333 0.423076 -0.369103
v 0.309418 -0.447023 -0.350627
v -0.002910 -0.450671 -0.355338
v -0.025178 0.456661 -0.343894
v -0.468767 -0.316575 -0.351704
v 0.480481 0.308075 -0.331067
v -0.360656 0.314372 -0.380173
v -0.329112 0.362051 -0.374671
v -0.360856 -0.411673 -0.412661
v -0.434010 -0.346669 -0.369112
v -0.407731 0.303798 -0.367649
v 0.417637 0.371919 -0.341725
v 0.394293 -0.376485 -0.339858
v 0.352666 -0.410805 -0.344600
v 0.392982 0.397643 -0.350435
v 0.446311 0.341520 -0.335857
v 0.435889 -0.342204 -0.335618
v 0.143253 -0.490957 0.318980
v 0.136930 0.499061 -0.302259
v 0.160692 -0.282993 -0.460989
v 0.149424 0.321540 0.494152
v 0.092157 -0.513802 -0.013904
v 0.137985 -0.304361 0.507780
v 0.131913 0.316864 -0.483522
v 0.147848 -0.497545 -0.306805
v 0.151984 0.499072 0.310626
v 0.146105 0.497887 0.010178
v 0.120901 0.018233 0.514750
v 0.138923 -0.011470 -0.496504
v 0.154275 -0.392135 -0.387758
v 0.072470 0.428276 -0.359806
v 0.153050 0.413025 0.401797
v 0.123698 -0.393358 0.422995
v 0.151695 0.369393 0.446296
v 0.129039 -0.349254 0.465633
v 0.130936 -0.440553 0.373354
v 0.152831 0.455756 0.356759
v 0.158415 -0.334707 -0.421362
v 0.085419 0.378333 -0.412389
v 0.110662 0.461697 -0.334138
v 0.150954 -0.446296 -0.349332
v -0.146074 -0.310064 0.498432
v -0.152684 0.302061 -0.508852
v -0.172926 -0.496078 -0.314593
v -0.133452 0.500899 0.321313
v -0.188891 0.494403 0.082860
v -0.116768 -0.516004 0.270764
v -0.153625 0.490810 -0.311991
v -0.147776 -0.319947 -0.512426
v -0.158344 0.321298 0.493706
v -0.148419 -0.505080 -0.011588
v -0.155271 -0.012865 -0.524587
v -0.085969 0.001681 0.520665
v -0.155412 0.395486 -0.408712
v -0.161951 -0.407444 -0.406864
v -0.139410 -0.409522 0.393791
v -0.155238 0.415375 0.402118
v -0.144974 -0.359230 0.447638
v -0.158007 0.370465 0.445963
v -0.147173 0.458425 0.360744
v -0.128415 -0.462636 0.333692
v -0.154049 0.348085 -0.458612
v -0.153929 -0.363396 -0.458090
v -0.170543 -0.451118 -0.359381
v -0.155259 0.443656 -0.359841
v 0.068951 -0.307118 0.503169
v 0.057530 0.315413 -0.488127
v 0.070398 -0.498185 -0.307884
v 0.076663 0.495163 0.328970
v 0.068155 0.498047 0.019765
v 0.065741 0.010725 0.508045
v 0.011204 0.421741 -0.371195
v 0.065990 -0.402083 0.408726
v 0.066151 -0.354630 0.456412
v 0.069728 -0.450630 0.358565
v 0.029507 0.370160 -0.427128
v 0.029544 0.463702 -0.332792
v 0.073960 -0.498675 0.308677
v 0.054582 0.503965 -0.297527
v 0.078264 -0.304073 -0.485895
v 0.070679 0.340049 0.481218
v 0.047152 -0.506157 -0.006035
v 0.028401 -0.026230 -0.506252
v 0.074929 -0.398444 -0.395643
v 0.082011 0.417433 0.412259
v 0.076787 0.386630 0.440410
v 0.081743 0.451014 0.378431
v 0.076989 -0.348837 -0.438789
v 0.072707 -0.448656 -0.352407
v 0.208436 -0.472991 0.340342
v 0.243658 0.478890 -0.318597
v 0.247293 -0.264799 -0.439906
v 0.227978 0.315161 0.498908
v 0.137125 -0.523824 -0.030430
v 0.222982 -0.015618 -0.499106
v 0.234592 -0.388970 -0.384030
v 0.230821 0.407351 0.401081
v 0.229620 0.362030 0.450197
v 0.232045 0.450743 0.349149
v 0.241720 -0.324804 -0.409544
v 0.230416 -0.445403 -0.348349
v 0.211451 -0.300558 0.512291
v 0.222621 0.311578 -0.488996
v 0.227096 -0.497368 -0.306736
v 0.233110 0.492401 0.298615
v 0.223448 0.496013 0.006065
v 0.170998 0.030276 0.526072
v 0.209183 0.405886 -0.387637
v 0.178546 -0.377657 0.445036
v 0.196421 -0.341363 0.476116
v 0.178729 -0.416821 0.405456
v 0.206820 0.363156 -0.432464
v 0.232207 0.439397 -0.355143
v -0.060530 -0.507488 0.290432
v -0.079079 0.494655 -0.308084
v -0.073296 -0.316758 -0.505715
v -0.083838 0.340274 0.480721
v -0.077186 -0.503103 -0.009183
v -0.094330 -0.015699 -0.518396
v -0.080951 -0.405674 -0.404739
v -0.080142 0.426896 0.399520
v -0.084204 0.391974 0.433325
v -0.071544 0.458281 0.369436
v -0.077074 -0.360373 -0.453996
v -0.084262 -0.451788 -0.357648
v -0.072001 -0.309057 0.499126
v -0.081696 0.307742 -0.501219
v -0.085630 -0.498558 -0.311666
v -0.063634 0.496226 0.331738
v -0.113164 0.494730 0.101307
v -0.042265 0.005714 0.512254
v -0.087461 0.402781 -0.401683
v -0.069366 -0.407303 0.398192
v -0.071758 -0.358015 0.449392
v -0.064946 -0.457828 0.344283
v -0.084916 0.355177 -0.451271
v -0.085266 0.449495 -0.354070
v -0.218717 -0.311868 0.498381
v -0.215242 0.293247 -0.523809
v -0.273737 -0.486939 -0.312906
v -0.219328 0.500655 0.319168
v -0.244712 0.494515 0.026046
v -0.139388 -0.005375 0.527556
v -0.223118 0.383292 -0.415922
v -0.205880 -0.411648 0.390313
v -0.216506 -0.360497 0.446853
v -0.182043 -0.468765 0.320974
v -0.218779 0.336061 -0.469316
v -0.226811 0.435971 -0.364074
v -0.159051 -0.527428 0.245390
v -0.228798 0.488232 -0.314072
v -0.219408 -0.321578 -0.518117
v -0.232938 0.313828 0.498344
v -0.216390 -0.510471 -0.009702
v -0.223004 -0.008547 -0.529412
v -0.238189 -0.409108 -0.413289
v -0.230651 0.408904 0.405102
v -0.232563 0.362025 0.450952
v -0.225940 0.455421 0.360619
v -0.224994 -0.366218 -0.464550
v -0.262190 -0.447123 -0.363371
v 0.293093 -0.503526 -0.161496
v -0.307013 0.491436 -0.158214
v 0.492264 0.306777 -0.156051
v -0.488969 -0.306763 -0.154453
v 0.498860 -0.309507 -0.155734
v -0.499953 0.300069 -0.181599
v 0.306640 0.494371 -0.154671
v -0.281630 -0.490941 -0.160160
v 0.005750 0.494575 -0.142247
v -0.008506 -0.500431 -0.157960
v 0.497079 -0.000636 -0.156576
v -0.495138 -0.002392 -0.170370
v -0.380292 -0.395596 -0.148706
v -0.402467 0.394797 -0.166354
v -0.354699 0.443244 -0.161600
v -0.323928 -0.441469 -0.152718
v -0.436310 -0.351942 -0.151304
v -0.450823 0.346951 -0.173339
v 0.397498 0.400069 -0.153258
v 0.400140 -0.405278 -0.157394
v 0.348427 -0.453464 -0.159348
v 0.353418 0.446287 -0.153659
v 0.443424 0.353317 -0.154285
v 0.450235 -0.357154 -0.156225
v 0.127552 -0.504258 -0.159358
v 0.147318 0.498647 -0.148844
v -0.145789 0.482225 -0.150815
v -0.155671 -0.497711 -0.165666
v 0.072573 0.499508 -0.144432
v 0.058180 -0.502125 -0.157376
v 0.206118 -0.504993 -0.161843
v 0.226557 0.495728 -0.152989
v -0.081792 -0.499226 -0.160920
v -0.063270 0.482878 -0.145617
v -0.228083 0.488412 -0.155042
v -0.222440 -0.494759 -0.168961
v 0.302552 -0.500136 -0.233605
v -0.305569 0.488870 -0.237094
v 0.497895 0.308597 -0.231534
v -0.485381 -0.319246 -0.232808
v 0.002573 0.497100 -0.225863
v -0.006055 -0.499260 -0.234108
v -0.487918 -0.004705 -0.250792
v -0.399546 -0.393857 -0.222561
v -0.351705 -0.431511 -0.215761
v -0.441138 -0.358113 -0.230814
v 0.412524 0.399177 -0.230226
v 0.372298 0.440365 -0.233582
v 0.453586 0.354826 -0.230198
v 0.141817 -0.500112 -0.232622
v 0.145328 0.497696 -0.227973
v -0.147269 0.485051 -0.235368
v -0.164588 -0.495674 -0.243086
v 0.067974 0.501091 -0.223750
v 0.066346 -0.499724 -0.232716
v 0.221035 -0.500257 -0.233218
v 0.233566 0.488305 -0.236549
v -0.084053 -0.498349 -0.237338
v -0.065878 0.487166 -0.232581
v -0.227600 0.487865 -0.235999
v -0.243269 -0.488552 -0.247247
v 0.499657 -0.309175 -0.232264
v -0.495480 0.301000 -0.247712
v 0.323460 0.483843 -0.239058
v -0.306978 -0.477770 -0.225020
v 0.497473 -0.000956 -0.233138
v -0.398320 0.388446 -0.243207
v -0.351945 0.437955 -0.239910
v -0.446117 0.343660 -0.245960
v 0.402853 -0.403845 -0.232169
v 0.353679 -0.451151 -0.232760
v 0.451676 -0.356369 -0.232051
v 0.498213 -0.309456 -0.076701
v -0.504582 0.292589 -0.127347
v 0.301447 0.495553 -0.072276
v -0.281979 -0.506202 -0.079978
v 0.496857 -0.000954 -0.078162
v -0.405139 0.394986 -0.090973
v -0.357187 0.444813 -0.082137
v -0.454215 0.343624 -0.106285
v 0.397192 -0.406370 -0.080529
v 0.340367 -0.456351 -0.085604
v 0.448993 -0.357464 -0.077873
v 0.272957 -0.509877 -0.092478
v -0.309816 0.493235 -0.075882
v 0.487047 0.299878 -0.079256
v -0.494956 -0.288714 -0.077604
v -0.002479 0.495291 -0.045031
v -0.010911 -0.501998 -0.079385
v -0.499198 0.001095 -0.093223
v -0.384664 -0.397179 -0.074720
v -0.328504 -0.452506 -0.078073
v -0.440812 -0.343962 -0.074858
v 0.383962 0.395123 -0.073611
v 0.343948 0.444979 -0.072461
v 0.430299 0.345821 -0.076097
v 0.100877 -0.511032 -0.085664
v 0.146725 0.498624 -0.066536
v -0.159471 0.490617 -0.037726
v -0.151461 -0.501179 -0.084461
v 0.070952 0.498403 -0.059300
v 0.047091 -0.505205 -0.079803
v 0.170388 -0.514782 -0.094209
v 0.223869 0.497163 -0.070275
v -0.080049 -0.500910 -0.081788
v -0.082886 0.491948 -0.021405
v -0.233718 0.491690 -0.064810
v -0.217661 -0.503145 -0.084717
v 0.497090 -0.301119 0.158665
v -0.508160 0.274261 0.070273
v 0.310223 0.481079 0.149400
v -0.273124 -0.516102 0.127991
v 0.299890 -0.497203 0.151918
v -0.314634 0.497625 0.164238
v 0.518257 0.262118 0.144212
v -0.496792 -0.289480 0.152220
v 0.004589 -0.504403 0.142478
v -0.007021 0.498272 0.180051
v -0.497014 0.005178 0.147317
v 0.497532 -0.000066 0.153465
v -0.407427 0.397665 0.136571
v -0.388649 -0.402641 0.148612
v -0.330293 -0.459343 0.140178
v -0.360367 0.448959 0.152103
v -0.457001 0.338310 0.106893
v -0.443936 -0.346397 0.152069
v 0.400101 -0.398679 0.156626
v 0.400533 0.371925 0.153463
v 0.356929 0.424048 0.150057
v 0.351032 -0.447019 0.154611
v 0.448863 -0.349631 0.158009
v 0.454644 0.313697 0.153046
v 0.142847 -0.500552 0.150639
v 0.148758 0.496377 0.160399
v -0.170376 0.497715 0.206912
v -0.122344 -0.518834 0.108011
v 0.069628 0.498375 0.167966
v 0.071422 -0.501896 0.148778
v 0.218739 -0.499031 0.150772
v 0.229274 0.490306 0.154569
v -0.061316 -0.510311 0.127542
v -0.088538 0.497867 0.197611
v -0.243682 0.497741 0.187395
v -0.189132 -0.522059 0.107161
v 0.277166 -0.508433 0.057424
v -0.316651 0.495944 0.085040
v 0.503012 0.245110 0.066601
v -0.502654 -0.260520 0.070623
v -0.002114 -0.503924 0.067879
v -0.014222 0.497622 0.115739
v -0.500496 0.006245 0.061952
v -0.392960 -0.398444 0.073858
v -0.338330 -0.458165 0.070638
v -0.447086 -0.335632 0.074621
v 0.376467 0.372488 0.078788
v 0.344645 0.432772 0.079204
v 0.404526 0.305599 0.075233
v 0.121263 -0.507268 0.066617
v 0.146814 0.497016 0.086200
v -0.196536 0.496026 0.158083
v -0.140187 -0.510379 0.053494
v 0.067474 0.498138 0.095234
v 0.060583 -0.504158 0.070510
v 0.184607 -0.511706 0.056827
v 0.225480 0.493698 0.081808
v -0.070658 -0.506424 0.060171
v -0.112568 0.496392 0.156733
v -0.252278 0.496232 0.113209
v -0.210086 -0.515198 0.057055
v 0.497721 -0.306645 0.077643
v -0.513542 0.259178 -0.047943
v 0.303663 0.488983 0.079100
v -0.284475 -0.518740 0.066913
v 0.498121 -0.001758 0.073900
v -0.408323 0.392066 0.053566
v -0.361268 0.446145 0.071889
v -0.458998 0.327430 0.013422
v 0.398187 -0.403875 0.073367
v 0.343148 -0.454132 0.067078
v 0.448915 -0.354761 0.076400
v 0.495227 -0.285203 0.244591
v -0.495883 0.311372 0.208270
v 0.318572 0.466214 0.209481
v -0.234970 -0.527188 0.172527
v 0.493548 0.004344 0.234900
v -0.404205 0.406117 0.223403
v -0.357375 0.452143 0.232083
v -0.449849 0.360561 0.213479
v 0.398742 -0.389794 0.242570
v 0.350622 -0.436569 0.244511
v 0.447119 -0.338053 0.243110
v 0.302588 -0.485216 0.244603
v -0.308532 0.499196 0.240216
v 0.507944 0.288931 0.228031
v -0.493353 -0.302675 0.231015
v 0.007517 -0.503940 0.220464
v 0.001072 0.496335 0.253757
v -0.488302 0.004762 0.235309
v -0.377288 -0.407655 0.221671
v -0.301518 -0.467317 0.199698
v -0.439357 -0.353923 0.229096
v 0.410246 0.375174 0.225938
v 0.368216 0.408861 0.213083
v 0.457563 0.334156 0.229849
v 0.148005 -0.495631 0.234262
v 0.150665 0.496753 0.234466
v -0.128831 0.498960 0.256939
v -0.107263 -0.523698 0.173252
v 0.072466 0.497990 0.243831
v 0.075158 -0.500128 0.228239
v 0.223661 -0.488714 0.241543
v 0.232786 0.487493 0.224433
v -0.056576 -0.510897 0.203807
v -0.065099 0.497684 0.255238
v -0.221162 0.499152 0.253475
v -0.154978 -0.534520 0.149955
v -0.298139 0.146787 0.504561
v 0.316088 0.134408 -0.501725
v -0.491970 0.150819 -0.322721
v 0.497530 0.152309 0.310382
v -0.478450 0.161205 0.320819
v 0.497280 0.152910 -0.309858
v -0.285643 0.143868 -0.534362
v 0.290387 0.164817 0.508182
v -0.504791 0.139299 -0.052292
v 0.496132 0.142593 -0.011124
v -0.000700 0.164987 0.498348
v -0.009373 0.158587 -0.499666
v -0.375479 0.145609 -0.438360
v -0.395519 0.149608 0.407956
v 0.399999 0.145283 -0.405093
v 0.390885 0.160521 0.411325
v -0.325120 0.142193 -0.492017
v -0.346632 0.146146 0.455902
v -0.436308 0.149858 -0.376671
v 0.449227 0.150417 -0.357081
v -0.304672 0.142597 -0.514195
v -0.322050 0.145873 0.480289
v -0.371357 0.147510 0.431698
v -0.348248 0.143250 -0.467021
v 0.338870 0.163551 0.460543
v 0.353051 0.137696 -0.453874
v -0.438865 0.154961 0.363848
v 0.444366 0.156519 0.361136
v 0.333640 0.135016 -0.477734
v 0.314419 0.164436 0.484271
v 0.364556 0.162209 0.436093
v 0.375666 0.141546 -0.429448
v 0.417575 0.158592 0.386319
v -0.417904 0.152091 0.385525
v -0.458729 0.158239 0.342487
v 0.471386 0.154366 0.335507
v 0.424723 0.148261 -0.380967
v -0.406092 0.148215 -0.406961
v -0.464824 0.150549 -0.348738
v 0.473387 0.151908 -0.333393
v 0.138988 0.165214 0.504151
v 0.208160 0.143570 -0.495996
v -0.156872 0.149083 -0.512455
v -0.147075 0.157894 0.502640
v 0.101639 0.159402 -0.493904
v 0.068286 0.165041 0.500180
v 0.211881 0.165886 0.507577
v 0.265787 0.135325 -0.499798
v -0.073421 0.162556 0.499792
v -0.088182 0.152968 -0.506106
v -0.221236 0.145319 -0.522266
v -0.220902 0.152115 0.504479
v 0.493551 0.153006 -0.157750
v -0.499506 0.148237 -0.181257
v 0.495771 0.153596 -0.233293
v -0.495676 0.149707 -0.248443
v -0.503174 0.144238 -0.118336
v 0.492512 0.149811 -0.081691
v -0.498341 0.146251 0.131920
v 0.508885 0.135477 0.144054
v 0.505275 0.133994 0.062603
v -0.503087 0.138879 0.034077
v -0.486072 0.157449 0.231037
v 0.503497 0.144701 0.228338
v -0.306420 0.230899 0.500930
v 0.313144 0.225340 -0.497438
v -0.490049 0.226143 -0.323939
v 0.501533 0.225389 0.308881
v -0.331015 0.199566 -0.483535
v -0.400059 0.233033 0.405144
v 0.399888 0.232871 0.407548
v -0.285058 0.201930 -0.535549
v -0.353841 0.230684 0.452913
v -0.424049 0.218473 -0.386686
v -0.273045 0.204519 -0.550609
v -0.330160 0.230540 0.476941
v -0.377252 0.231463 0.428937
v -0.301577 0.199818 -0.515220
v 0.350302 0.235441 0.455622
v -0.441139 0.238989 0.360013
v 0.450440 0.229407 0.358679
v 0.326334 0.236329 0.479057
v 0.374945 0.234281 0.431680
v 0.425071 0.231234 0.383220
v -0.421230 0.235497 0.382369
v -0.460435 0.243216 0.337388
v 0.476257 0.227410 0.333602
v -0.378373 0.207897 -0.433827
v -0.459725 0.223798 -0.352187
v -0.480596 0.246295 0.313865
v 0.498968 0.230993 -0.309024
v -0.261907 0.208398 -0.562777
v 0.302090 0.236985 0.502944
v -0.510276 0.202244 -0.094365
v 0.492646 0.209667 -0.011823
v -0.005200 0.254944 0.486227
v -0.003859 0.234070 -0.498004
v 0.405853 0.227545 -0.403114
v 0.452780 0.229575 -0.355874
v 0.358748 0.225699 -0.450427
v 0.336044 0.225266 -0.473659
v 0.382201 0.226519 -0.426792
v 0.429428 0.228606 -0.379457
v 0.475925 0.230381 -0.332395
v 0.145829 0.241969 0.498279
v 0.158272 0.232369 -0.492075
v -0.152447 0.224873 -0.511874
v -0.155891 0.239469 0.497176
v 0.075545 0.235058 -0.493702
v 0.069098 0.248970 0.491473
v 0.223237 0.238799 0.501827
v 0.237919 0.227660 -0.494552
v -0.080490 0.248315 0.491080
v -0.081436 0.230376 -0.503550
v -0.212418 0.216444 -0.529924
v -0.230483 0.233980 0.500048
v 0.492129 0.229757 -0.157316
v -0.500575 0.223242 -0.187498
v 0.496078 0.231133 -0.232642
v -0.495720 0.225509 -0.249921
v -0.505990 0.215300 -0.138282
v 0.489374 0.224162 -0.081517
v -0.502954 0.209788 0.102641
v 0.518707 0.194248 0.140178
v 0.509233 0.188388 0.057761
v -0.509809 0.194291 -0.018974
v -0.489865 0.233875 0.219761
v 0.508412 0.214211 0.226946
v -0.481798 0.078908 0.320083
v 0.496761 0.075034 -0.310220
v -0.299466 0.075863 -0.523459
v 0.264609 0.099598 0.519347
v -0.501430 0.073016 -0.026109
v 0.496782 0.072227 -0.006976
v 0.004498 0.085174 0.504370
v -0.042983 0.073387 -0.505613
v 0.392922 0.061898 -0.406854
v 0.447049 0.071433 -0.357759
v 0.334731 0.043126 -0.458862
v 0.313299 0.038601 -0.483536
v 0.363385 0.053041 -0.432585
v 0.420787 0.067793 -0.382002
v 0.472231 0.073661 -0.333881
v 0.127221 0.092635 0.511069
v 0.201808 0.063259 -0.495362
v -0.160794 0.071282 -0.515162
v -0.120900 0.078433 0.511730
v 0.045613 0.082344 -0.494405
v 0.066019 0.087541 0.505626
v 0.189098 0.099027 0.517956
v 0.258664 0.050489 -0.502051
v -0.058663 0.082896 0.506961
v -0.099171 0.071342 -0.511080
v -0.227561 0.072424 -0.519632
v -0.188539 0.069433 0.515830
v 0.495427 0.076225 -0.157323
v -0.497351 0.073178 -0.173266
v 0.496401 0.076167 -0.233404
v -0.493402 0.072865 -0.247434
v -0.500285 0.073137 -0.099438
v 0.495064 0.074911 -0.079994
v -0.496930 0.076293 0.143744
v 0.501123 0.070573 0.149460
v 0.500142 0.069624 0.069393
v -0.500437 0.073868 0.056321
v -0.489340 0.079340 0.232851
v 0.497619 0.075276 0.231508
v -0.274089 0.053043 0.516318
v 0.299109 0.041445 -0.506631
v -0.489788 0.073333 -0.325039
v 0.491242 0.081051 0.313614
v -0.390243 0.077964 -0.430792
v -0.385097 0.063714 0.413195
v 0.369888 0.094351 0.420489
v -0.343943 0.077920 -0.479385
v -0.326716 0.050546 0.464242
v -0.438932 0.075283 -0.377836
v -0.321497 0.077004 -0.501830
v -0.298061 0.048658 0.491347
v -0.356980 0.056998 0.437675
v -0.366873 0.078329 -0.455733
v 0.311056 0.099686 0.472459
v -0.432954 0.073210 0.368926
v 0.432485 0.087166 0.366650
v 0.286388 0.100431 0.496309
v 0.339332 0.097508 0.446948
v 0.401352 0.090753 0.393581
v -0.409718 0.069033 0.390955
v -0.456873 0.076548 0.345284
v 0.462890 0.083845 0.339639
v -0.414374 0.076805 -0.404496
v -0.464074 0.074006 -0.351259
v -0.491445 -0.153415 0.311992
v 0.499969 -0.154676 -0.308985
v -0.285450 -0.169141 -0.545075
v 0.278342 -0.137236 0.515267
v -0.507685 -0.109576 -0.028507
v 0.498320 -0.153885 -0.000745
v 0.006403 -0.149579 0.503743
v 0.002425 -0.198974 -0.517078
v -0.276569 -0.179224 0.508431
v 0.311426 -0.147334 -0.484396
v -0.474545 -0.159131 -0.343104
v 0.487571 -0.124880 0.325714
v -0.377277 -0.143580 -0.460516
v -0.389962 -0.167106 0.408339
v 0.406618 -0.152401 -0.398684
v 0.363231 -0.123693 0.428444
v -0.337124 -0.150633 -0.497707
v -0.333601 -0.177282 0.458735
v 0.453197 -0.153995 -0.354599
v -0.418108 -0.149984 -0.412751
v -0.312969 -0.158839 -0.519265
v -0.304324 -0.180470 0.483976
v -0.362364 -0.172162 0.433367
v -0.358198 -0.145376 -0.478942
v 0.315715 -0.129576 0.473412
v 0.359641 -0.149753 -0.441208
v -0.441102 -0.159302 0.360515
v 0.426512 -0.121929 0.378011
v 0.336028 -0.148377 -0.462179
v 0.296816 -0.133428 0.494138
v 0.337302 -0.126065 0.451671
v 0.383241 -0.151174 -0.420072
v 0.393892 -0.122580 0.403579
v -0.415813 -0.162885 0.384379
v -0.466536 -0.156141 0.336137
v 0.458406 -0.122158 0.351907
v -0.396500 -0.145378 -0.439262
v 0.429904 -0.153341 -0.376867
v 0.476547 -0.154419 -0.331944
v -0.444316 -0.155362 -0.379801
v 0.154396 -0.156341 -0.486261
v 0.138870 -0.146237 0.507336
v -0.132333 -0.150150 0.505334
v -0.131347 -0.186396 -0.544570
v 0.075563 -0.192893 -0.506343
v 0.071330 -0.148808 0.504582
v 0.207216 -0.141843 0.511533
v 0.234710 -0.143714 -0.478365
v -0.061521 -0.149376 0.504371
v -0.069128 -0.182858 -0.524321
v -0.195724 -0.190828 -0.559601
v -0.204396 -0.158596 0.506345
v -0.493666 -0.152274 -0.166509
v 0.499080 -0.154639 -0.155518
v 0.499613 -0.154650 -0.232296
v -0.486190 -0.159033 -0.248775
v -0.500468 -0.135145 -0.092954
v 0.498624 -0.154472 -0.076342
v 0.496718 -0.147829 0.157703
v -0.500002 -0.131651 0.147128
v 0.497885 -0.152192 0.077571
v -0.506818 -0.108654 0.055847
v -0.494950 -0.145922 0.231036
v 0.493743 -0.137960 0.240604
v -0.277711 -0.129707 0.521329
v 0.299504 -0.084651 -0.495521
v -0.460168 -0.080094 -0.362059
v 0.482577 -0.058452 0.321987
v -0.374664 -0.050970 -0.477112
v -0.384365 -0.096518 0.413844
v 0.298224 -0.020717 0.453509
v -0.338596 -0.062533 -0.504308
v -0.328525 -0.120535 0.466997
v -0.404567 -0.057335 -0.442908
v -0.315591 -0.072741 -0.521866
v -0.300682 -0.130817 0.495271
v -0.357188 -0.107278 0.439282
v -0.358194 -0.054846 -0.490115
v 0.259493 -0.028385 0.495538
v -0.431257 -0.082815 0.369867
v 0.403229 -0.043805 0.383354
v 0.252991 -0.037227 0.511353
v 0.270919 -0.021079 0.477759
v 0.348597 -0.031080 0.419487
v -0.408586 -0.088805 0.391338
v -0.454795 -0.077803 0.346879
v 0.447710 -0.052624 0.350778
v -0.389334 -0.051609 -0.462635
v -0.426184 -0.068898 -0.409871
v -0.480945 -0.074228 0.321015
v 0.498662 -0.078390 -0.309597
v -0.289564 -0.083975 -0.544077
v 0.246035 -0.045715 0.527940
v -0.503435 -0.057725 -0.023065
v 0.497933 -0.077283 -0.001644
v 0.009914 -0.070293 0.506438
v -0.012189 -0.130970 -0.522525
v 0.400591 -0.081503 -0.402570
v 0.450382 -0.079437 -0.356183
v 0.349065 -0.084230 -0.449022
v 0.324003 -0.084941 -0.471972
v 0.374936 -0.082908 -0.425773
v 0.425737 -0.080320 -0.379389
v 0.474646 -0.078816 -0.332923
v 0.143474 -0.091259 -0.496979
v 0.129129 -0.063373 0.511562
v -0.107988 -0.071613 0.514404
v -0.139214 -0.105314 -0.541413
v 0.059512 -0.143865 -0.518879
v 0.068884 -0.068556 0.506849
v 0.185585 -0.054143 0.520199
v 0.223525 -0.081920 -0.492937
v -0.047884 -0.070805 0.509779
v -0.078475 -0.105834 -0.525517
v -0.203412 -0.106125 -0.553960
v -0.196840 -0.079997 0.517004
v -0.493781 -0.077628 -0.169704
v 0.498319 -0.077573 -0.155921
v 0.498664 -0.077812 -0.232704
v -0.483249 -0.082061 -0.254403
v -0.499587 -0.068850 -0.093822
v 0.498013 -0.077498 -0.076941
v 0.496532 -0.073445 0.156012
v -0.498379 -0.063989 0.147221
v 0.497759 -0.076300 0.076347
v -0.502829 -0.055987 0.059660
v -0.491300 -0.070132 0.233418
v 0.492442 -0.067398 0.237739
v -0.493048 -0.230610 0.309900
v 0.500580 -0.231365 -0.308574
v -0.291409 -0.243263 -0.532490
v 0.292299 -0.220269 0.510864
v -0.510504 -0.160818 -0.025465
v 0.498342 -0.231064 -0.000578
v 0.003257 -0.229180 0.501754
v 0.004822 -0.249388 -0.505053
v 0.409477 -0.225763 -0.395467
v 0.454535 -0.229627 -0.353420
v 0.365003 -0.218884 -0.433498
v 0.342682 -0.214817 -0.451287
v 0.387252 -0.222689 -0.414979
v 0.431878 -0.228041 -0.374897
v 0.477447 -0.230685 -0.331247
v 0.161420 -0.214183 -0.467940
v 0.141689 -0.226456 0.506016
v -0.141397 -0.230666 0.500967
v -0.139858 -0.251497 -0.527612
v 0.079395 -0.240394 -0.491881
v 0.071137 -0.228398 0.503292
v 0.215120 -0.223456 0.509054
v 0.246096 -0.198608 -0.452845
v -0.068704 -0.229488 0.501102
v -0.069646 -0.248220 -0.514803
v -0.211227 -0.252187 -0.535144
v -0.212567 -0.234862 0.501318
v -0.492637 -0.228399 -0.160709
v 0.499268 -0.231930 -0.155445
v 0.499977 -0.231728 -0.232108
v -0.488565 -0.238597 -0.239837
v -0.499590 -0.204719 -0.085956
v 0.498699 -0.231796 -0.076275
v 0.497014 -0.223240 0.158778
v -0.499821 -0.204557 0.149248
v 0.497940 -0.228962 0.077986
v -0.509271 -0.163024 0.058097
v -0.495355 -0.222959 0.230741
v 0.494941 -0.207182 0.244227
v -0.287337 -0.241787 0.502238
v 0.318888 -0.211259 -0.470276
v -0.487588 -0.239155 -0.325045
v 0.491458 -0.180373 0.334533
v -0.389178 -0.231577 -0.439585
v -0.392398 -0.238595 0.404641
v 0.387519 -0.203934 0.422581
v -0.341756 -0.234825 -0.485716
v -0.339539 -0.241877 0.453573
v -0.437842 -0.233734 -0.386176
v -0.317033 -0.238587 -0.508668
v -0.313107 -0.242453 0.477995
v -0.366060 -0.240447 0.429089
v -0.365659 -0.232448 -0.463011
v 0.338047 -0.214273 0.466455
v -0.442986 -0.234663 0.357294
v 0.439433 -0.185529 0.381415
v 0.315072 -0.217534 0.488383
v 0.362305 -0.209962 0.444311
v 0.413386 -0.195497 0.401684
v -0.417775 -0.236649 0.380951
v -0.468376 -0.232630 0.333334
v 0.465746 -0.178495 0.359608
v -0.413263 -0.232087 -0.414047
v -0.462745 -0.236279 -0.356116
vn -0.1511 -0.9875 0.0459
vn 0.9965 0.0050 0.0830
vn -0.0375 0.0274 -0.9989
vn 0.0463 0.9930 -0.1083
vn -0.9971 0.0067 -0.0763
vn -0.5410 0.6165 0.5721
vn -0.5375 -0.6444 0.5439
vn -0.7686 0.5732 -0.2841
vn -0.4827 -0.5687 -0.6660
vn 0.5814 0.6124 0.5357
vn 0.5503 -0.6235 0.5554
vn 0.5228 0.5822 -0.6226
vn 0.5052 -0.5910 -0.6289
vn 0.7012 -0.7129 0.0008
vn 0.0279 -0.6689 0.7429
vn -0.6853 0.0311 0.7276
vn 0.7122 -0.0298 -0.7014
vn -0.7819 0.0244 -0.6229
vn 0.6992 0.0483 0.7133
vn -0.0155 0.7365 -0.6763
vn -0.6507 0.7559 -0.0714
vn 0.1537 -0.7669 -0.6231
vn 0.6651 0.7437 -0.0674
vn -0.0137 0.7011 0.7129
vn -0.6886 -0.7242 -0.0368
vn 0.0110 0.0154 0.9998
vn -0.7146 -0.6983 0.0417
vn 0.6229 0.7554 0.2035
vn -0.8016 0.5959 0.0497
vn 0.7016 -0.7122 0.0206
vn -0.9984 -0.0574 0.0001
vn 0.0371 0.9989 0.0295
vn 0.9954 0.0916 -0.0277
vn 0.0746 -0.9942 -0.0774
vn -0.0049 -0.9996 0.0270
vn -0.0249 0.9992 -0.0297
vn -0.0610 0.1127 0.9918
vn 0.0498 0.6544 0.7545
vn 0.1568 -0.7180 -0.6781
vn 0.0186 0.7256 -0.6879
vn -0.0128 -0.7126 0.7014
vn -0.0973 0.9886 0.1151
vn 0.0698 0.0303 -0.9971
vn 0.0076 -0.9998 -0.0201
vn 0.0844 0.1047 -0.9909
vn -0.0066 -0.0123 0.9999
vn 1.0000 0.0079 0.0010
vn -0.9993 0.0367 0.0066
vn 0.1299 -0.1257 0.9835
vn 0.6752 -0.0176 0.7374
vn -0.7141 0.0147 -0.6999
vn 0.6966 0.0099 -0.7174
vn -0.7266 0.1319 0.6743
vn -0.9650 -0.1575 -0.2098
vn -0.0388 -0.1429 -0.9890
vn 0.9930 -0.0107 0.1174
vn -0.7205 0.1690 -0.6726
vn -0.7052 0.0192 -0.7087
vn -0.6717 -0.0120 0.7407
vn -0.6835 -0.0396 0.7289
vn 0.6694 0.0332 -0.7422
vn 0.7078 -0.0452 -0.7050
vn 0.6195 -0.2477 0.7449
vn 0.6466 0.0409 0.7617
vn -0.6814 -0.0135 -0.7318
vn -0.6977 0.1359 -0.7033
vn -0.6603 -0.0053 0.7509
vn -0.7501 0.6608 -0.0240
vn -0.7007 -0.7043 -0.1138
vn -0.6118 -0.7902 0.0361
vn -0.7170 0.6814 -0.1472
vn -0.6786 -0.0124 0.7344
vn -0.5881 -0.4893 -0.6440
vn -0.5817 0.7703 -0.2613
vn -0.5505 -0.6404 0.5356
vn -0.5788 0.5867 0.5664
vn -0.3270 0.6860 -0.6499
vn -0.7207 -0.3932 -0.5709
vn 0.6850 0.0212 -0.7283
vn -0.7348 0.0957 -0.6715
vn 0.0485 0.7119 -0.7007
vn 0.0943 -0.6520 -0.7523
vn 0.2690 -0.8242 -0.4983
vn -0.0007 0.6964 -0.7177
vn -0.7504 0.0627 -0.6580
vn 0.7107 -0.0503 -0.7017
vn 0.5480 -0.5824 -0.6004
vn 0.5993 0.4443 -0.6659
vn -0.3726 -0.4697 -0.8004
vn -0.7327 0.3384 -0.5904
vn -0.6019 0.4622 -0.6512
vn -0.6712 -0.3512 -0.6528
vn -0.5772 0.5780 0.5768
vn -0.5679 -0.6282 0.5319
vn -0.7373 0.6741 -0.0446
vn -0.6121 -0.7672 0.1914
vn -0.7527 -0.6481 -0.1161
vn -0.7394 0.6723 -0.0371
vn -0.6944 0.1001 -0.7126
vn -0.6845 -0.0441 -0.7276
vn -0.6855 0.0358 0.7272
vn -0.6785 0.0092 0.7346
vn -0.5311 -0.5263 -0.6640
vn -0.9442 0.2833 -0.1681
vn -0.6869 -0.4755 -0.5496
vn -0.3437 0.7181 -0.6051
vn -0.0492 0.9662 -0.2530
vn -0.6315 -0.4699 -0.6168
vn -0.6813 -0.0381 0.7311
vn -0.6584 -0.0135 0.7525
vn -0.6876 0.0183 -0.7258
vn -0.7068 0.1646 -0.6880
vn -0.7848 0.6197 -0.0071
vn -0.6867 -0.7247 -0.0568
vn -0.6511 -0.7579 0.0417
vn -0.6566 0.7154 -0.2389
vn -0.5393 -0.6461 0.5401
vn -0.5572 0.6036 0.5702
vn 0.6428 0.4932 -0.5861
vn 0.5224 -0.5427 -0.6577
vn 0.6871 0.0385 0.7256
vn 0.6468 -0.3457 0.6798
vn 0.7152 0.0006 -0.6990
vn 0.6719 0.0811 -0.7362
vn 0.6740 -0.7388 0.0054
vn 0.7778 0.6222 0.0890
vn 0.6410 0.7607 -0.1023
vn 0.6932 -0.7207 0.0070
vn 0.4356 -0.5855 -0.6837
vn 0.5824 0.5367 -0.6106
vn 0.5928 -0.5861 0.5523
vn 0.4888 0.8110 0.3215
vn 0.5832 0.6048 0.5424
vn 0.6154 -0.5469 0.5677
vn -0.5749 0.5740 0.5831
vn -0.4842 -0.6881 0.5404
vn -0.5141 -0.7742 0.3692
vn -0.5827 0.5746 0.5747
vn -0.5800 0.5737 0.5783
vn -0.4515 -0.7775 0.4378
vn -0.6873 -0.0281 0.7259
vn -0.7041 -0.0173 0.7099
vn 0.6467 -0.0812 0.7584
vn -0.0367 -0.7306 0.6818
vn 0.1843 0.6983 0.6917
vn -0.0248 0.6922 0.7212
vn 0.6044 0.0390 0.7958
vn 0.0199 -0.7106 0.7033
vn 0.4821 -0.6301 0.6087
vn 0.5827 0.5996 0.5486
vn -0.5364 -0.6414 0.5486
vn -0.5661 0.5726 0.5931
vn 0.5428 -0.5934 0.5943
vn 0.5839 0.6012 0.5456
vn 0.6526 0.6649 0.3633
vn 0.4190 -0.5729 -0.7044
vn 0.6915 -0.7221 0.0181
vn 0.7566 0.6513 -0.0585
vn 0.7653 0.6430 0.0293
vn 0.6373 -0.7703 -0.0234
vn 0.6908 0.0883 -0.7176
vn 0.7200 0.0327 -0.6932
vn 0.6966 -0.3094 0.6473
vn 0.7003 0.0309 0.7132
vn 0.5307 -0.5227 -0.6672
vn 0.6683 0.4367 -0.6022
vn 0.5561 0.5549 -0.6188
vn 0.5638 -0.6069 0.5601
vn 0.5828 0.6035 0.5442
vn 0.6617 -0.5042 0.5549
vn 0.6323 -0.5622 0.5331
vn 0.5962 0.5317 -0.6015
vn 0.6078 0.5372 -0.5849
vn 0.5367 -0.5749 -0.6176
vn 0.6695 0.0422 0.7416
vn 0.6196 -0.3251 0.7145
vn 0.7101 -0.0267 -0.7036
vn 0.6659 0.0548 -0.7441
vn 0.6950 -0.7188 0.0166
vn 0.6868 0.6269 0.3679
vn 0.6566 0.7486 -0.0925
vn 0.6971 -0.7169 0.0017
vn 0.4713 -0.5910 -0.6547
vn 0.5805 0.6595 0.4776
vn 0.6626 -0.5351 0.5240
vn 0.5810 0.5882 0.5625
vn 0.5467 -0.6099 0.5738
vn 0.5805 0.5813 0.5702
vn -0.5755 0.5690 0.5873
vn 0.5816 0.5917 0.5583
vn 0.6206 0.0372 0.7832
vn 0.6321 -0.1533 0.7596
vn -0.5838 0.5689 0.5792
vn -0.5859 0.5692 0.5769
vn -0.5807 0.5689 0.5824
vn 0.5806 0.5847 0.5666
vn 0.6059 -0.5718 0.5531
vn -0.5149 -0.6679 0.5374
vn -0.5471 -0.6855 0.4803
vn -0.5118 -0.6835 0.5204
vn -0.6853 -0.0355 0.7274
vn -0.6891 -0.0121 0.7246
vn -0.0219 -0.7208 0.6928
vn 0.1269 0.6573 0.7428
vn -0.0160 0.6995 0.7145
vn 0.0320 -0.6592 0.7513
vn 0.4975 -0.6806 0.5379
vn -0.5342 -0.6459 0.5454
vn 0.5855 0.6292 0.5112
vn 0.6015 -0.4874 0.6330
vn 0.5924 0.6634 0.4571
vn 0.5550 -0.5641 0.6114
vn -0.5438 -0.6316 0.5527
vn 0.5432 -0.5566 0.6286
vn 0.0285 -0.7504 0.6603
vn -0.0432 0.6784 0.7334
vn 0.1436 0.7456 0.6508
vn -0.0578 -0.7363 0.6742
vn -0.7116 -0.0153 0.7024
vn -0.6894 -0.0201 0.7241
vn -0.3877 -0.8153 0.4302
vn -0.5716 -0.7272 0.3801
vn -0.4773 -0.7031 0.5272
vn 0.6006 -0.5252 0.6029
vn 0.5940 0.6557 0.4661
vn -0.5662 0.5849 0.5808
vn -0.5791 0.5766 0.5763
vn -0.5761 0.5774 0.5786
vn 0.6613 -0.0388 0.7491
vn 0.6296 0.0488 0.7754
vn 0.5830 0.6072 0.5398
vn -0.5506 0.5840 0.5965
vn 0.5119 -0.5780 -0.6355
vn 0.6063 0.5293 -0.5935
vn 0.5939 0.5038 -0.6273
vn 0.4933 -0.4876 -0.7204
vn 0.6132 0.5086 -0.6044
vn 0.4992 -0.5580 -0.6629
vn -0.6682 -0.4571 -0.5870
vn -0.1455 0.8682 -0.4745
vn -0.8273 0.3551 -0.4353
vn -0.5614 -0.4515 -0.6936
vn 0.7085 -0.0527 -0.7037
vn -0.7272 0.0471 -0.6848
vn -0.7324 0.1426 -0.6658
vn 0.6771 0.0206 -0.7356
vn -0.2070 0.8861 -0.4148
vn -0.6478 -0.4316 -0.6277
vn 0.0303 0.7218 -0.6914
vn 0.1583 -0.6517 -0.7418
vn 0.2962 -0.7687 -0.5669
vn 0.0058 0.7237 -0.6901
vn 0.5313 -0.5853 -0.6125
vn 0.5326 0.5326 -0.6578
vn -0.4176 -0.5527 -0.7212
vn -0.8572 0.3631 -0.3652
vn 0.5447 -0.5683 -0.6167
vn 0.6020 0.5510 -0.5780
vn 0.6931 0.4666 -0.5494
vn 0.5525 -0.5541 -0.6227
vn 0.5445 -0.5593 -0.6251
vn 0.6511 0.5135 -0.5590
vn -0.4489 0.6403 -0.6233
vn -0.6727 -0.5325 -0.5138
vn -0.7938 -0.3568 -0.4925
vn -0.5306 0.4350 -0.7275
vn -0.6393 0.3833 -0.6666
vn -0.5130 -0.7018 -0.4942
vn 0.6150 0.5397 -0.5750
vn 0.5587 -0.5808 -0.5920
vn 0.0499 0.6705 -0.7402
vn 0.3603 -0.7707 -0.5256
vn 0.0466 -0.6690 -0.7418
vn 0.0342 0.7108 -0.7026
vn -0.7523 -0.4489 -0.4822
vn -0.4297 0.5655 -0.7040
vn 0.6918 0.0140 -0.7220
vn -0.7268 0.0477 -0.6852
vn -0.7712 0.0568 -0.6341
vn 0.7123 -0.0413 -0.7007
vn 0.0167 -0.6256 -0.7799
vn 0.0038 0.6575 -0.7534
vn 0.0664 0.7442 -0.6646
vn 0.1741 -0.3805 -0.9083
vn 0.1559 0.7606 0.6303
vn -0.0227 -0.7211 0.6925
vn -0.0671 -0.7071 0.7039
vn 0.0354 0.7340 0.6782
vn -0.0489 -0.7195 0.6927
vn 0.1096 0.7615 0.6388
vn 0.0695 0.6568 -0.7509
vn 0.0602 -0.5366 -0.8417
vn 0.1620 0.1476 -0.9757
vn -0.1425 -0.0530 0.9884
vn 0.0023 -0.9992 -0.0391
vn 0.2996 -0.4528 -0.8398
vn 0.0165 0.7202 0.6935
vn -0.0441 0.0409 0.9982
vn -0.0442 -0.9860 0.1610
vn 0.0140 0.9999 -0.0011
vn 0.0610 0.7566 -0.6510
vn -0.0448 -0.6994 0.7134
vn 0.0610 0.9977 0.0278
vn 0.0230 0.1078 -0.9939
vn -0.0314 0.6904 -0.7228
vn 0.0040 -0.7011 -0.7130
vn 0.0648 -0.7370 -0.6727
vn -0.0291 0.7475 -0.6636
vn -0.1327 -0.8021 0.5822
vn -0.0574 0.7096 0.7022
vn -0.0825 0.6981 0.7112
vn 0.0058 -0.7410 0.6715
vn -0.0801 0.7011 0.7085
vn -0.0085 -0.7732 0.6340
vn 0.0339 -0.7153 -0.6980
vn -0.0499 0.6988 -0.7136
vn 0.0777 -0.1080 0.9911
vn 0.1851 0.2070 -0.9607
vn 0.2760 0.0864 -0.9573
vn -0.0344 0.9994 0.0052
vn 0.0176 -0.7268 0.6867
vn 0.0364 0.7870 -0.6159
vn 0.0203 0.9996 -0.0179
vn 0.0618 -0.9966 -0.0535
vn 0.0753 0.0445 0.9962
vn -0.0704 0.6738 0.7355
vn 0.0902 -0.7646 -0.6382
vn -0.0334 -0.9994 0.0035
vn 0.0529 0.0809 -0.9953
vn -0.0546 0.9969 0.0559
vn -0.0247 -0.7079 0.7059
vn 0.0703 0.7359 -0.6734
vn -0.0102 0.9998 -0.0154
vn 0.0729 0.1255 -0.9894
vn 0.1313 0.6919 -0.7100
vn -0.0316 -0.7198 0.6935
vn -0.0318 -0.7138 0.6997
vn -0.0315 -0.7214 0.6918
vn 0.0721 0.7321 -0.6774
vn 0.0602 0.6816 -0.7292
vn 0.0494 -0.6396 -0.7671
vn 0.2634 -0.5013 -0.8242
vn 0.1275 0.7242 0.6777
vn 0.1081 0.7082 0.6977
vn 0.1592 0.7166 0.6791
vn 0.1261 -0.5792 -0.8054
vn -0.0764 -0.0181 0.9969
vn 0.0087 -0.9994 -0.0339
vn 0.3679 -0.5757 -0.7302
vn 0.0495 0.7051 0.7074
vn -0.0832 0.0554 0.9950
vn -0.0447 -0.9943 0.0969
vn 0.0346 -0.9957 0.0861
vn -0.0133 0.0390 0.9992
vn 0.0095 0.7255 0.6881
vn -0.4237 -0.5464 -0.7225
vn -0.0069 -0.9995 -0.0307
vn -0.1165 -0.0738 0.9904
vn -0.0974 -0.5876 -0.8032
vn 0.1470 0.8306 0.5371
vn 0.0174 0.7515 0.6595
vn 0.3162 0.8513 0.4186
vn -0.2613 -0.5018 -0.8245
vn -0.0352 -0.6439 -0.7643
vn -0.0109 0.6534 -0.7569
vn -0.0225 0.7221 -0.6914
vn -0.0193 -0.7354 0.6773
vn -0.0935 -0.6861 0.7214
vn -0.0942 -0.7283 0.6787
vn -0.0500 0.6437 -0.7637
vn 0.0494 0.0088 -0.9987
vn 0.0428 0.9990 0.0110
vn -0.0151 0.7517 -0.6594
vn -0.0342 -0.6804 0.7320
vn 0.1064 0.9943 0.0062
vn -0.0274 0.0611 -0.9978
vn -0.0114 -0.9999 -0.0074
vn 0.1032 -0.7509 -0.6523
vn -0.1129 0.6072 0.7865
vn 0.0539 0.1137 0.9920
vn 0.0380 -0.9992 -0.0138
vn 0.0580 -0.0365 0.9976
vn 0.0550 -0.6933 -0.7185
vn -0.1439 0.6555 0.7414
vn -0.1362 0.6821 0.7185
vn -0.1260 0.7389 0.6619
vn 0.0869 -0.7103 -0.6986
vn 0.0300 -0.6905 -0.7227
vn -0.0016 0.7123 -0.7019
vn -0.0012 0.7250 -0.6887
vn -0.1047 -0.7679 0.6319
vn -0.0042 -0.7310 0.6823
vn -0.0524 -0.7530 0.6559
vn -0.0038 0.7122 -0.7020
vn 0.2523 0.1202 -0.9601
vn 0.1133 0.0392 -0.9928
vn -0.0555 0.9953 0.0794
vn -0.0047 -0.7186 0.6954
vn 0.0136 0.7375 -0.6752
vn 0.0009 0.9998 -0.0215
vn 0.0063 0.9998 -0.0166
vn 0.0968 0.8728 -0.4785
vn 0.0263 -0.7343 0.6783
vn -0.0420 0.9979 -0.0501
vn 0.5221 0.1869 -0.8322
vn -0.0512 0.2340 -0.9709
vn -0.1028 0.6704 -0.7349
vn 0.0122 -0.7761 0.6305
vn 0.0154 -0.7418 0.6705
vn -0.0018 -0.7872 0.6167
vn -0.0506 0.8253 -0.5624
vn -0.0635 0.6480 -0.7590
vn 0.0001 -0.7058 -0.7085
vn 0.0886 -0.7621 -0.6414
vn -0.0202 0.6837 0.7295
vn -0.0317 0.6992 0.7142
vn -0.0277 0.6954 0.7181
vn 0.0725 -0.7406 -0.6681
vn 0.0452 -0.1739 0.9837
vn 0.0640 -0.9940 -0.0890
vn 0.0368 0.0224 0.9991
vn -0.0309 0.6964 0.7170
vn 0.0670 -0.7829 -0.6185
vn -0.0910 -0.9957 0.0162
vn 0.0298 -0.9986 -0.0442
vn 0.0391 0.9990 -0.0205
vn -0.0015 0.9972 -0.0742
vn -0.0150 -0.9997 -0.0204
vn 0.0190 0.9998 0.0004
vn 0.0171 -0.9961 -0.0867
vn -0.0335 -0.9941 -0.1035
vn -0.0445 0.9989 -0.0111
vn 0.0046 -0.9998 -0.0214
vn 0.0765 0.9966 -0.0314
vn -0.0017 0.9999 0.0129
vn -0.0140 -0.9885 -0.1505
vn 0.6863 -0.7273 0.0080
vn 0.7292 0.6752 0.1110
vn 0.6554 0.7487 0.0993
vn 0.6117 -0.7840 0.1063
vn 0.6577 -0.7521 0.0424
vn 0.7041 0.6982 0.1294
vn -0.7187 0.6948 -0.0272
vn -0.6597 -0.7451 0.0979
vn -0.6862 -0.7018 0.1915
vn -0.7117 0.7014 -0.0396
vn -0.7168 0.6963 -0.0362
vn -0.6246 -0.7674 0.1448
vn -0.9971 -0.0186 -0.0741
vn 0.9999 0.0162 0.0044
vn -0.0250 -0.9988 -0.0432
vn -0.0657 0.9944 -0.0830
vn 0.9986 -0.0026 0.0523
vn 0.7212 0.6892 0.0704
vn -0.6593 -0.7455 0.0979
vn -0.7115 0.7027 -0.0011
vn 0.6981 -0.7159 0.0062
vn -0.9940 0.0328 -0.1041
vn 0.0203 0.9997 -0.0167
vn -0.0781 -0.9925 -0.0944
vn -0.7022 -0.7060 0.0919
vn 0.7491 0.6610 0.0433
vn 0.9984 -0.0422 0.0379
vn 0.9998 0.0174 -0.0002
vn -0.8014 -0.5686 0.1857
vn -0.9181 -0.2085 0.3370
vn -0.7811 -0.6166 0.0988
vn 0.7653 0.6285 0.1388
vn 0.6150 0.7774 0.1321
vn 0.7821 0.6179 0.0811
vn -0.0431 -0.9988 -0.0213
vn 0.0133 0.9994 -0.0323
vn -0.0271 0.9991 0.0339
vn -0.0158 -0.9997 -0.0159
vn 0.0361 0.9993 -0.0129
vn 0.0013 -0.9989 -0.0468
vn -0.0051 -0.9983 -0.0575
vn -0.0619 0.9976 0.0325
vn -0.0198 -0.9997 -0.0109
vn 0.0351 0.9994 -0.0065
vn 0.0127 0.9997 0.0192
vn -0.0023 -0.9978 -0.0667
vn 0.6926 -0.7212 0.0113
vn 0.6688 -0.7415 0.0529
vn 0.6810 -0.7319 0.0257
vn -0.6930 0.7145 -0.0964
vn -0.7091 0.7042 -0.0359
vn -0.7067 0.7038 -0.0724
vn -0.9912 -0.0542 -0.1204
vn -0.0058 -0.9995 -0.0325
vn -0.1485 0.9875 0.0531
vn -0.6815 0.7278 -0.0771
vn 0.6998 -0.7143 0.0059
vn -0.9970 0.0054 -0.0774
vn 0.0150 0.9961 -0.0872
vn -0.0731 -0.9956 -0.0595
vn 0.0401 -0.9944 -0.0978
vn 0.0367 0.9992 0.0153
vn -0.9956 0.0168 -0.0922
vn 0.6985 -0.7156 0.0096
vn -0.7604 0.6470 0.0568
vn -0.0358 0.9989 -0.0315
vn -0.0533 -0.9985 -0.0128
vn -0.9985 0.0060 -0.0552
vn -0.7372 0.6752 -0.0269
vn -0.7275 0.6844 -0.0480
vn -0.7550 0.6557 -0.0003
vn 0.6477 -0.7619 0.0097
vn 0.5545 -0.8255 0.1052
vn 0.6854 -0.7281 0.0091
vn -0.0748 -0.9812 -0.1781
vn 0.0026 1.0000 0.0046
vn 0.0247 0.9993 -0.0281
vn 0.0288 -0.9991 -0.0313
vn -0.0237 0.9996 -0.0166
vn -0.1132 -0.9922 -0.0521
vn 0.0491 -0.9943 -0.0948
vn 0.0247 0.9996 0.0098
vn -0.0001 -0.9999 -0.0159
vn 0.0031 0.9995 -0.0306
vn 0.0226 0.9996 -0.0157
vn 0.0774 -0.9954 -0.0565
vn 0.7032 0.6868 0.1839
vn 0.7126 0.6952 0.0943
vn 0.7132 0.6816 0.1635
vn -0.6123 -0.7889 -0.0531
vn -0.7629 -0.6312 -0.1401
vn -0.6304 -0.7614 -0.1512
vn 0.9999 0.0152 0.0039
vn 0.9988 0.0295 0.0385
vn 0.6877 0.7175 0.1112
vn -0.6520 -0.7571 0.0406
vn 0.2818 -0.9498 -0.1360
vn 0.0052 0.9998 -0.0211
vn -0.0043 0.9998 -0.0213
vn 0.1074 -0.9942 0.0019
vn 0.1111 0.9938 -0.0079
vn 0.0390 -0.9911 0.1270
vn 0.0570 -0.9969 0.0551
vn -0.0192 0.9994 0.0284
vn 0.2581 -0.9658 -0.0235
vn 0.0066 0.9997 -0.0236
vn 0.0163 0.9999 0.0045
vn 0.0802 -0.9909 0.1083
vn 0.8797 0.3839 -0.2806
vn 0.7257 -0.6796 0.1073
vn 0.7091 -0.7000 0.0846
vn 0.8080 0.5891 -0.0092
vn 0.8801 0.4652 -0.0953
vn 0.6963 -0.7128 0.0847
vn -0.7565 -0.6512 -0.0597
vn -0.7010 0.7118 -0.0433
vn -0.6967 0.7161 0.0412
vn -0.7321 -0.6610 0.1646
vn -0.7377 -0.6751 0.0046
vn -0.7007 0.7134 -0.0022
vn 0.9998 -0.0131 0.0159
vn -0.9957 0.0377 0.0845
vn -0.0039 1.0000 0.0048
vn 0.0540 -0.9983 0.0197
vn -0.1383 -0.9751 -0.1735
vn 0.1153 0.9927 0.0342
vn -0.9907 -0.0587 0.1228
vn 0.7303 -0.6687 0.1397
vn -0.7218 0.6856 -0.0947
vn -0.7904 -0.5930 -0.1537
vn 0.4598 0.8028 -0.3797
vn 0.9843 0.1270 -0.1222
vn 0.9723 0.1362 -0.1901
vn 0.5012 0.8280 0.2515
vn -0.8033 -0.5951 -0.0220
vn 1.0000 -0.0048 0.0023
vn -0.7383 -0.6736 -0.0329
vn -0.7592 -0.6507 -0.0140
vn -0.7508 -0.6597 -0.0329
vn 0.8730 0.4874 -0.0147
vn 0.8083 0.5888 -0.0008
vn 0.8384 0.5449 0.0172
vn 0.0497 -0.9844 -0.1689
vn 0.0049 0.9998 -0.0214
vn -0.0049 0.9995 -0.0320
vn 0.0926 -0.9956 -0.0147
vn 0.0757 0.9971 0.0066
vn 0.0208 -0.9934 0.1131
vn 0.0168 -0.9970 0.0754
vn -0.0029 0.9999 -0.0098
vn 0.1627 -0.9835 -0.0793
vn 0.0221 0.9995 -0.0229
vn 0.0249 0.9997 -0.0040
vn 0.0197 -0.9918 0.1267
vn 0.7078 -0.7050 0.0448
vn 0.7005 -0.7136 -0.0051
vn 0.7009 -0.7127 0.0284
vn -0.7582 0.6511 -0.0357
vn -0.7292 0.6843 0.0040
vn -0.7344 0.6785 -0.0156
vn -0.9984 0.0196 0.0525
vn -0.0221 0.9995 -0.0231
vn 0.0352 -0.9991 0.0240
vn -0.0942 -0.9909 -0.0963
vn 0.0616 0.9972 0.0433
vn -0.9968 -0.0491 0.0624
vn 0.7078 -0.7044 0.0536
vn -0.7634 0.6433 -0.0586
vn -0.6596 0.7474 -0.0802
vn 0.7881 -0.5732 0.2244
vn -0.9925 -0.0614 0.1059
vn 0.2215 0.9730 -0.0653
vn -0.0712 -0.9949 0.0709
vn 0.0561 -0.9982 0.0189
vn 0.0208 0.9996 0.0186
vn -0.9922 0.0367 0.1190
vn -0.6813 0.7320 0.0006
vn -0.6833 0.7300 0.0146
vn -0.6409 0.7672 -0.0242
vn 0.6252 -0.7584 0.1842
vn 0.6236 -0.7419 0.2464
vn 0.7487 -0.6468 0.1452
vn 0.2045 -0.9613 0.1845
vn -0.0432 0.9984 0.0353
vn 0.0029 0.9997 -0.0230
vn 0.1341 -0.9899 0.0451
vn -0.1246 0.9822 0.1406
vn 0.1016 -0.9930 0.0605
vn 0.0355 -0.9784 0.2038
vn 0.0773 0.9965 -0.0317
vn 0.0698 -0.9974 0.0173
vn 0.0193 0.9994 -0.0287
vn 0.0028 0.9999 -0.0154
vn 0.2050 -0.9740 0.0968
vn 0.7163 0.6671 -0.2049
vn 0.7724 0.6332 0.0493
vn 0.7663 0.6422 0.0175
vn -0.7137 -0.7000 -0.0260
vn -0.6621 -0.7151 0.2243
vn -0.6914 -0.7202 0.0581
vn 0.9986 -0.0119 0.0509
vn -0.7304 -0.6781 -0.0817
vn 0.6055 0.7766 -0.1739
vn 0.9930 -0.0004 0.1179
vn 0.9922 -0.1146 0.0489
vn -0.9953 0.0436 0.0863
vn -0.9991 -0.0133 0.0404
vn 0.9953 -0.0843 -0.0467
vn 0.9928 -0.1196 -0.0107
vn -0.9956 0.0436 0.0833
vn 0.9994 0.0342 0.0053
vn -0.9983 -0.0568 -0.0157
vn -0.9980 -0.0343 -0.0530
vn 1.0000 -0.0067 0.0048
vn -0.9979 -0.0511 -0.0397
vn 0.9996 0.0245 0.0128
vn 0.0431 0.1276 0.9909
vn 0.0444 -0.1670 -0.9850
vn 0.0660 0.0314 -0.9973
vn 0.0381 0.0776 0.9963
vn -0.1089 0.0355 -0.9934
vn -0.0194 0.1598 0.9870
vn -0.0943 0.0725 0.9929
vn 0.1234 0.0206 -0.9921
vn 0.0687 0.1020 0.9924
vn 0.0660 -0.0418 -0.9969
vn -0.0049 0.0101 -0.9999
vn -0.1215 0.1137 0.9861
vn 0.6886 -0.0128 -0.7250
vn -0.6936 0.0188 -0.7201
vn -0.7225 0.0167 -0.6912
vn 0.6699 -0.0412 -0.7413
vn 0.6954 -0.0276 0.7181
vn -0.7566 0.0343 0.6530
vn -0.7460 0.0102 0.6659
vn 0.6928 -0.0408 0.7199
vn 0.6906 -0.0960 -0.7168
vn 0.6944 -0.0562 0.7174
vn 0.6995 -0.0643 0.7117
vn 0.8384 -0.1251 -0.5305
vn 0.6936 -0.0335 0.7195
vn -0.7584 0.0238 0.6513
vn 0.7603 -0.1220 -0.6380
vn 0.6966 -0.0618 0.7148
vn -0.7777 0.0661 -0.6251
vn -0.7223 -0.0160 0.6913
vn -0.7119 -0.0359 0.7014
vn -0.7325 -0.0300 -0.6801
vn 0.6799 -0.0238 -0.7329
vn -0.7160 0.0184 -0.6979
vn -0.7157 -0.0273 0.6979
vn -0.7842 0.0363 -0.6194
vn 0.6931 -0.0487 0.7192
vn 0.6666 -0.0662 -0.7425
vn -0.7326 -0.0035 0.6807
vn -0.7325 0.0246 -0.6803
vn -0.7099 -0.0402 0.7031
vn -0.6810 0.0129 -0.7321
vn 0.6980 -0.0235 0.7157
vn 0.0950 0.0478 -0.9943
vn -0.0232 0.0737 0.9970
vn 0.9997 0.0079 -0.0232
vn -0.9993 -0.0365 0.0124
vn -0.0190 0.1287 0.9915
vn 0.6944 -0.0058 -0.7196
vn -0.9985 -0.0302 -0.0467
vn -0.1047 0.0352 -0.9939
vn 0.9933 -0.0803 0.0828
vn 0.7022 -0.0112 0.7119
vn -0.6833 0.0105 -0.7301
vn -0.7099 -0.0098 0.7043
vn -0.6736 -0.1207 -0.7292
vn -0.7508 0.0087 0.6605
vn 0.6974 -0.0174 0.7164
vn -0.6593 0.0417 -0.7508
vn -0.7204 -0.0064 0.6935
vn -0.7433 0.0028 -0.6690
vn -0.6932 0.0520 -0.7189
vn -0.7138 -0.0090 0.7003
vn -0.7319 -0.0010 0.6814
vn -0.5497 -0.0116 -0.8353
vn 0.6996 -0.0207 0.7143
vn -0.8016 0.0477 0.5959
vn 0.6979 -0.0155 0.7161
vn 0.7008 -0.0214 0.7130
vn 0.6983 -0.0192 0.7155
vn 0.6972 -0.0154 0.7167
vn -0.7781 0.0252 0.6276
vn -0.7735 0.0617 0.6308
vn 0.6995 -0.0134 0.7145
vn -0.7664 -0.1157 -0.6318
vn -0.7016 0.0089 -0.7125
vn 0.9840 -0.1591 0.0803
vn -0.9962 -0.0182 0.0853
vn -0.9975 -0.0484 0.0520
vn 0.9877 -0.0836 -0.1322
vn 0.9851 -0.1673 -0.0406
vn -0.9915 -0.0306 0.1262
vn 0.9990 0.0421 0.0154
vn -0.9936 -0.1083 -0.0324
vn -0.9982 -0.0190 -0.0573
vn 0.9996 -0.0218 0.0199
vn -0.9965 -0.0568 -0.0617
vn 0.9994 0.0183 0.0295
vn 0.0195 0.0689 0.9974
vn 0.1746 -0.4499 -0.8758
vn 0.0919 0.0023 -0.9958
vn 0.0152 0.1343 0.9908
vn -0.0603 0.0385 -0.9974
vn -0.0066 0.0796 0.9968
vn -0.0561 0.0811 0.9951
vn 0.0517 0.0205 -0.9985
vn 0.0319 0.1036 0.9941
vn 0.1566 -0.1249 -0.9797
vn -0.0143 0.0361 -0.9992
vn -0.0475 0.0804 0.9956
vn 0.7006 -0.0206 -0.7133
vn 0.7000 -0.0327 -0.7134
vn 0.7353 -0.0211 -0.6774
vn 0.8052 0.0539 -0.5905
vn 0.7753 0.0079 -0.6316
vn 0.6990 -0.0275 -0.7146
vn 0.7095 -0.0326 -0.7039
vn 0.0796 0.0260 -0.9965
vn -0.0265 0.1034 0.9943
vn 0.9976 0.0514 -0.0459
vn -0.9946 -0.1023 0.0191
vn -0.0026 0.0537 0.9986
vn 0.7020 -0.0136 -0.7121
vn -0.9988 -0.0015 -0.0499
vn -0.0374 0.0458 -0.9982
vn 0.9945 -0.0687 0.0787
vn 0.9923 -0.0516 0.1127
vn -0.0711 -0.0061 -0.9975
vn -0.9840 -0.1345 -0.1166
vn 0.6928 0.0031 -0.7211
vn -0.0123 0.1469 0.9891
vn -1.0000 0.0015 0.0076
vn 1.0000 0.0072 -0.0064
vn -0.0135 0.0382 0.9992
vn 0.1010 0.0840 -0.9913
vn 0.6470 -0.0136 -0.7624
vn 0.6748 -0.0008 -0.7380
vn 0.6821 -0.0914 -0.7255
vn 0.7362 -0.0928 -0.6703
vn 0.6494 -0.0378 -0.7595
vn 0.6603 -0.0049 -0.7509
vn 0.6856 0.0016 -0.7280
vn -0.2355 0.0680 0.9695
vn 0.0747 0.0965 -0.9925
vn 0.0779 0.1160 -0.9902
vn 0.1786 0.1050 0.9783
vn 0.1088 0.0843 -0.9905
vn -0.1249 0.0317 0.9917
vn -0.1188 0.1472 0.9819
vn -0.0290 0.0396 -0.9988
vn 0.0911 0.0451 0.9948
vn 0.1048 0.0891 -0.9905
vn 0.0375 0.1219 -0.9918
vn 0.1052 0.1621 0.9812
vn 0.9998 0.0215 0.0050
vn -0.9985 -0.0195 -0.0517
vn 1.0000 0.0074 -0.0019
vn -0.9940 -0.0665 -0.0873
vn -0.9996 -0.0071 -0.0256
vn 0.9997 0.0237 0.0029
vn -0.9951 -0.0106 0.0985
vn 0.9987 -0.0503 0.0085
vn 0.9995 -0.0289 -0.0102
vn -0.9992 0.0032 0.0408
vn -0.9686 -0.1455 0.2016
vn 0.9975 -0.0478 0.0514
vn -0.6989 0.0357 -0.7143
vn -0.7107 0.0769 -0.6993
vn 0.6860 -0.0401 0.7265
vn -0.7377 0.0240 0.6747
vn -0.7194 -0.0089 0.6945
vn 0.6781 -0.0840 0.7302
vn 0.6784 -0.1436 0.7205
vn 0.6934 -0.1721 0.6997
vn 0.6813 -0.0587 0.7296
vn -0.7318 0.0067 0.6815
vn 0.6838 -0.1652 0.7108
vn -0.7299 0.0804 -0.6788
vn -0.7021 -0.0418 0.7108
vn -0.7022 -0.0846 0.7069
vn -0.7280 0.0382 -0.6845
vn -0.7052 0.0574 -0.7066
vn -0.6999 -0.0642 0.7113
vn -0.7344 0.0609 -0.6760
vn 0.6768 -0.1140 0.7273
vn -0.7089 -0.0238 0.7049
vn -0.7187 0.0862 -0.6899
vn -0.7074 -0.0949 0.7004
vn -0.6919 0.0021 -0.7220
vn 0.6915 -0.0283 0.7218
vn 0.9997 0.0043 0.0235
vn -0.9993 0.0199 0.0311
vn -0.9946 0.0005 0.1034
vn 1.0000 0.0003 0.0051
vn -0.9984 0.0050 0.0559
vn 0.9999 0.0008 0.0114
vn 1.0000 0.0024 0.0072
vn -0.9871 -0.0283 -0.1575
vn -0.9982 0.0237 -0.0544
vn 1.0000 0.0047 0.0079
vn 1.0000 0.0024 0.0093
vn -0.9961 -0.0200 -0.0863
vn 0.0089 -0.0667 0.9977
vn -0.0508 -0.1632 -0.9853
vn 0.1850 -0.2703 -0.9448
vn -0.0089 -0.0400 0.9992
vn 0.2287 -0.3710 -0.9000
vn -0.0211 -0.0565 0.9982
vn -0.0381 -0.0161 0.9991
vn 0.1990 -0.2707 -0.9419
vn 0.1004 -0.3902 -0.9153
vn -0.0010 -0.0540 0.9985
vn -0.0399 -0.0342 0.9986
vn 0.3436 -0.2480 -0.9058
vn -0.8250 -0.0622 -0.5616
vn 0.6954 0.0016 -0.7186
vn 0.6763 -0.0016 -0.7367
vn -0.6960 -0.1076 -0.7100
vn 0.6022 0.1256 0.7884
vn -0.7026 0.0077 0.7115
vn -0.6878 -0.0011 0.7259
vn 0.5753 0.1683 0.8005
vn 0.6377 -0.0191 -0.7701
vn 0.7487 0.2852 0.5984
vn 0.8482 0.2336 0.4753
vn 0.6162 -0.0669 -0.7847
vn 0.5688 0.1407 0.8104
vn -0.6984 0.0024 0.7157
vn 0.6184 -0.0396 -0.7849
vn 0.8201 0.2848 0.4963
vn -0.6085 -0.0972 -0.7876
vn -0.6839 -0.0027 0.7296
vn -0.7270 -0.1012 0.6791
vn -0.6592 -0.0427 -0.7508
vn -0.7740 -0.0968 -0.6257
vn 0.6880 0.0009 -0.7257
vn -0.6974 -0.0097 0.7166
vn -0.6244 -0.0687 -0.7781
vn 0.6451 0.2266 0.7297
vn 0.6592 -0.0073 -0.7520
vn -0.6811 -0.0023 0.7322
vn -0.6323 -0.1193 -0.7654
vn 0.9993 0.0190 0.0329
vn -0.2651 -0.2374 -0.9346
vn -0.9995 0.0285 -0.0116
vn 0.7000 0.0017 -0.7141
vn 0.0217 -0.1022 0.9945
vn -0.9988 0.0457 0.0159
vn 1.0000 0.0010 0.0047
vn -0.0224 -0.0241 0.9995
vn 0.1230 -0.2247 -0.9666
vn 0.6438 0.1113 0.7571
vn -0.8110 -0.0331 -0.5842
vn -0.7329 -0.1873 0.6540
vn -0.7007 -0.0900 0.7077
vn -0.7605 0.0218 -0.6490
vn 0.6491 0.0150 0.7605
vn -0.7097 0.1490 -0.6885
vn -0.6611 0.0043 0.7503
vn 0.5991 -0.0876 0.7959
vn -0.6450 0.0801 -0.7600
vn -0.7260 0.0350 0.6868
vn -0.7964 0.1166 -0.5934
vn -0.6521 0.0502 -0.7565
vn -0.8393 0.0296 0.5429
vn -0.6655 0.0160 0.7462
vn -0.6628 0.1204 -0.7390
vn 0.7857 0.0041 0.6186
vn -0.7011 0.0089 0.7130
vn 0.5901 -0.0028 0.8073
vn 0.8546 0.0731 0.5140
vn 0.6803 -0.0692 0.7296
vn 0.5759 -0.0459 0.8162
vn -0.6789 0.0029 0.7342
vn -0.7032 0.0117 0.7109
vn 0.6168 -0.0086 0.7871
vn -0.7644 0.1468 -0.6278
vn -0.7914 0.0678 -0.6075
vn 0.9994 0.0033 0.0355
vn -0.9978 0.0466 0.0475
vn -0.9965 0.0238 0.0804
vn 1.0000 0.0051 0.0054
vn -0.9966 0.0459 0.0678
vn 0.9999 0.0019 0.0145
vn 1.0000 0.0080 0.0057
vn -0.9932 0.0117 -0.1159
vn -0.9952 0.0312 -0.0930
vn 0.9999 0.0124 0.0046
vn 0.9999 0.0099 0.0069
vn -0.9959 -0.0054 -0.0908
vn 0.0300 -0.1372 0.9901
vn -0.1472 0.0524 -0.9877
vn 0.3082 0.0226 -0.9510
vn 0.0090 -0.0702 0.9975
vn 0.1277 -0.2057 -0.9702
vn -0.0420 -0.1516 0.9876
vn -0.0386 -0.0554 0.9977
vn 0.1583 -0.1956 -0.9678
vn 0.2231 0.0595 -0.9730
vn 0.0148 -0.1192 0.9928
vn -0.0538 -0.1113 0.9923
vn 0.3052 -0.1409 -0.9418
vn 0.6964 0.0082 -0.7176
vn 0.6839 0.0138 -0.7294
vn 0.6677 0.0191 -0.7442
vn 0.6705 0.0126 -0.7418
vn 0.6645 0.0182 -0.7470
vn 0.6911 0.0107 -0.7226
vn 0.6754 0.0170 -0.7372
vn 0.9974 0.0212 0.0691
vn -0.0859 -0.1899 -0.9780
vn -0.9920 0.0289 -0.1225
vn 0.7000 0.0063 -0.7141
vn 0.0989 -0.2487 0.9635
vn -0.9967 0.0807 0.0094
vn 1.0000 0.0051 0.0040
vn -0.0125 -0.0334 0.9994
vn 0.0869 -0.0610 -0.9943
vn 0.1061 -0.1363 -0.9850
vn -0.0385 -0.0143 0.9992
vn 1.0000 -0.0063 0.0042
vn -0.9977 -0.0676 0.0008
vn 0.0096 -0.0456 0.9989
vn 0.6983 -0.0019 -0.7158
vn -0.9982 -0.0351 0.0495
vn -0.3606 -0.0462 -0.9316
vn 0.9996 0.0038 0.0281
vn 0.6499 -0.0090 -0.7600
vn 0.6841 -0.0042 -0.7294
vn 0.5950 -0.0206 -0.8034
vn 0.5844 -0.0330 -0.8108
vn 0.6229 -0.0133 -0.7822
vn 0.6703 -0.0061 -0.7421
vn 0.6929 -0.0028 -0.7211
vn 0.3100 -0.0944 -0.9460
vn -0.0626 0.0256 0.9977
vn -0.0089 -0.0314 0.9995
vn 0.0823 -0.2466 -0.9656
vn 0.1713 -0.1129 -0.9787
vn -0.0667 0.0003 0.9978
vn -0.0090 0.0424 0.9991
vn 0.2551 -0.0999 -0.9617
vn -0.0191 -0.0240 0.9995
vn 0.0970 -0.2263 -0.9692
vn 0.0668 -0.2452 -0.9672
vn 0.0002 -0.0381 0.9993
vn -0.9965 -0.0519 -0.0655
vn 0.9999 -0.0053 0.0104
vn 1.0000 -0.0042 0.0087
vn -0.9983 -0.0428 -0.0389
vn -0.9944 -0.0633 -0.0850
vn 1.0000 -0.0053 0.0082
vn 1.0000 -0.0029 0.0080
vn -0.9989 -0.0250 0.0394
vn 1.0000 -0.0057 0.0025
vn -0.9976 -0.0335 0.0598
vn -0.9996 -0.0194 0.0216
vn 0.9998 0.0009 0.0215
vn -0.7814 -0.0138 -0.6238
vn -0.7378 -0.0601 -0.6723
vn 0.6232 0.1851 0.7598
vn -0.6963 -0.0050 0.7177
vn -0.6873 -0.0139 0.7263
vn 0.6215 0.1317 0.7723
vn 0.6939 0.1247 0.7092
vn 0.7418 0.0894 0.6647
vn 0.6088 0.1425 0.7804
vn -0.6926 -0.0098 0.7213
vn 0.7241 0.1106 0.6808
vn -0.6729 -0.0679 -0.7366
vn -0.6732 -0.0153 0.7393
vn -0.6516 0.0192 0.7583
vn -0.6947 -0.0599 -0.7168
vn -0.7716 -0.0355 -0.6351
vn -0.6614 0.0009 0.7501
vn -0.6770 -0.0671 -0.7330
vn 0.6549 0.1299 0.7444
vn -0.6811 -0.0159 0.7320
vn -0.6964 -0.0710 -0.7141
vn 0.6661 0.1855 0.7224
vn -0.7713 -0.0106 -0.6364
vn -0.6616 0.0397 0.7488
vn -0.0928 -0.9933 0.0685
vn 0.9977 -0.0172 0.0656
vn -0.0660 0.0539 -0.9964
vn 0.1095 0.9792 -0.1709
vn -0.9970 0.0054 -0.0776
vn -0.5508 0.6157 0.5635
vn -0.5407 -0.6447 0.5404
vn -0.8825 0.3620 -0.3004
vn -0.5467 -0.5733 -0.6102
vn 0.5772 0.6126 0.5400
vn 0.5697 -0.6294 0.5285
vn 0.5528 0.5821 -0.5964
vn 0.4738 -0.5887 -0.6550
vn 0.7009 -0.7133 0.0012
vn 0.0163 -0.6806 0.7324
vn -0.7173 0.0135 0.6967
vn 0.7305 -0.0200 -0.6826
vn -0.8393 -0.0169 -0.5434
vn 0.7122 0.0390 0.7009
vn -0.0099 0.7305 -0.6828
vn -0.5370 0.8251 -0.1754
vn 0.0395 -0.6795 -0.7326
vn 0.6854 0.7228 -0.0879
vn -0.0139 0.7010 0.7130
vn -0.6691 -0.7431 -0.0133
vn 0.0174 0.0219 0.9996
vn -0.7989 -0.5774 0.1686
vn 0.4891 0.7987 0.3505
vn -0.7892 0.5876 0.1787
vn 0.6983 -0.7156 0.0165
vn -0.9958 0.0166 -0.0905
vn 0.0620 0.9966 0.0535
vn 0.9994 0.0301 0.0186
vn 0.0425 -0.9984 -0.0381
vn -0.0533 -0.9986 -0.0053
vn -0.0269 0.9995 -0.0158
vn -0.1313 0.1745 0.9759
vn 0.0808 0.5931 0.8011
vn 0.1913 -0.7427 -0.6417
vn 0.0274 0.7329 -0.6798
vn -0.0069 -0.7082 0.7060
vn -0.1502 0.9860 0.0726
vn 0.0842 0.0455 -0.9954
vn -0.0063 -1.0000 -0.0073
vn 0.1022 0.0962 -0.9901
vn -0.0107 -0.0155 0.9998
vn 0.9999 0.0150 -0.0063
vn -0.9993 0.0372 0.0070
vn 0.0933 -0.2095 0.9734
vn 0.6445 -0.0345 0.7638
vn -0.7608 0.0307 -0.6482
vn 0.6927 0.0074 -0.7212
vn -0.7647 0.1071 0.6354
vn -0.9916 -0.0544 -0.1172
vn -0.0838 -0.0930 -0.9921
vn 0.9937 -0.0206 0.1103
vn -0.7081 0.1643 -0.6868
vn -0.6605 0.0415 -0.7497
vn -0.6655 -0.0144 0.7463
vn -0.6859 -0.0380 0.7267
vn 0.6390 0.0485 -0.7677
vn 0.6954 -0.0512 -0.7168
vn 0.5690 -0.2385 0.7870
vn 0.6475 0.0415 0.7610
vn -0.6251 -0.0477 -0.7791
vn -0.6403 0.1052 -0.7608
vn -0.7278 0.0295 0.6852
vn -0.7403 0.6723 -0.0059
vn -0.7378 -0.6722 -0.0615
vn -0.5124 -0.8476 0.1378
vn -0.7709 0.5967 -0.2229
vn -0.7043 -0.0280 0.7093
vn -0.5748 -0.4877 -0.6570
vn -0.8638 0.4882 -0.1241
vn -0.5461 -0.6404 0.5401
vn -0.5835 0.5741 0.5744
vn -0.3456 0.6821 -0.6444
vn -0.6414 -0.3963 -0.6570
vn 0.6739 0.0131 -0.7387
vn -0.7962 0.1073 -0.5954
vn 0.0364 0.7033 -0.7100
vn 0.0464 -0.6935 -0.7190
vn 0.3561 -0.7768 -0.5194
vn 0.0565 0.7540 -0.6545
vn -0.7629 0.0555 -0.6442
vn 0.7260 -0.0427 -0.6864
vn 0.5302 -0.5816 -0.6169
vn 0.5127 0.4575 -0.7265
vn -0.3692 -0.4857 -0.7923
vn -0.7085 0.4098 -0.5745
vn -0.5981 0.4706 -0.6487
vn -0.5192 -0.3382 -0.7849
vn -0.5805 0.5713 0.5802
vn -0.5526 -0.6284 0.5475
vn -0.7982 0.5866 -0.1370
vn -0.6618 -0.7342 0.1515
vn -0.7545 -0.6454 -0.1191
vn -0.7306 0.6824 -0.0239
vn -0.6476 0.0755 -0.7582
vn -0.6380 -0.0753 -0.7664
vn -0.8259 0.0969 0.5554
vn -0.7115 -0.0099 0.7026
vn -0.5559 -0.5293 -0.6409
vn -0.8635 0.4328 -0.2589
vn -0.6699 -0.4772 -0.5688
vn -0.2889 0.7130 -0.6389
vn -0.3932 0.9111 -0.1235
vn -0.6015 -0.4687 -0.6469
vn -0.6954 -0.0284 0.7181
vn -0.6718 -0.0068 0.7407
vn -0.6319 -0.0153 -0.7749
vn -0.6594 0.1415 -0.7384
vn -0.7672 0.6390 0.0563
vn -0.7509 -0.6596 0.0339
vn -0.6170 -0.7868 -0.0174
vn -0.5966 0.7831 -0.1758
vn -0.5422 -0.6463 0.5370
vn -0.5547 0.6037 0.5726
vn 0.6109 0.5003 -0.6136
vn 0.5050 -0.5760 -0.6428
vn 0.6747 0.0311 0.7375
vn 0.7578 -0.3958 0.5187
vn 0.6682 -0.0234 -0.7436
vn 0.6726 0.0808 -0.7355
vn 0.6503 -0.7593 -0.0251
vn 0.8546 0.4698 0.2211
vn 0.6360 0.7640 -0.1083
vn 0.6976 -0.7164 0.0017
vn 0.3980 -0.5805 -0.7104
vn 0.5747 0.5376 -0.6171
vn 0.5895 -0.5857 0.5562
vn 0.5559 0.6806 0.4771
vn 0.5811 0.6050 0.5444
vn 0.5978 -0.5463 0.5867
vn -0.5647 0.5740 0.5931
vn -0.5212 -0.6914 0.5003
vn -0.5587 -0.7401 0.3744
vn -0.5787 0.5745 0.5789
vn -0.5754 0.5737 0.5830
vn -0.5151 -0.6949 0.5018
vn -0.6754 -0.0355 0.7366
vn -0.7049 -0.0171 0.7091
vn 0.5730 -0.1072 0.8125
vn -0.0220 -0.7198 0.6939
vn 0.1319 0.5716 0.8098
vn -0.0160 0.6997 0.7142
vn 0.6004 0.0363 0.7989
vn 0.0337 -0.6916 0.7215
vn 0.5015 -0.6456 0.5760
vn 0.5813 0.5997 0.5500
vn -0.5329 -0.6412 0.5521
vn -0.5494 0.5723 0.6088
vn 0.5460 -0.5944 0.5904
vn 0.5890 0.6008 0.5405
vn 0.6308 0.7045 0.3252
vn 0.3993 -0.5695 -0.7185
vn 0.7003 -0.7138 0.0075
vn 0.7383 0.6685 -0.0896
vn 0.8053 0.5862 0.0880
vn 0.5796 -0.8091 -0.0972
vn 0.7437 0.0664 -0.6652
vn 0.6663 0.0029 -0.7457
vn 0.8624 -0.3456 0.3699
vn 0.6853 0.0220 0.7279
vn 0.5137 -0.5467 -0.6612
vn 0.5830 0.4613 -0.6688
vn 0.5634 0.5543 -0.6126
vn 0.5762 -0.6096 0.5444
vn 0.5793 0.6037 0.5477
vn 0.6424 -0.5063 0.5753
vn 0.6103 -0.5616 0.5587
vn 0.5852 0.5331 -0.6111
vn 0.6085 0.5371 -0.5842
vn 0.5102 -0.5727 -0.6417
vn 0.6632 0.0382 0.7475
vn 0.6400 -0.3338 0.6921
vn 0.6789 -0.0422 -0.7330
vn 0.6358 0.0685 -0.7688
vn 0.6856 -0.7279 0.0048
vn 0.8234 0.5217 0.2233
vn 0.6691 0.7359 -0.1039
vn 0.6980 -0.7161 0.0007
vn 0.4332 -0.5869 -0.6840
vn 0.5343 0.6655 0.5212
vn 0.6294 -0.5367 0.5620
vn 0.5846 0.5880 0.5590
vn 0.5627 -0.6150 0.5524
vn 0.5861 0.5810 0.5647
vn -0.5670 0.5686 0.5961
vn 0.5837 0.5916 0.5562
vn 0.6245 0.0399 0.7800
vn 0.5530 -0.1630 0.8171
vn -0.5807 0.5688 0.5824
vn -0.5834 0.5692 0.5794
vn -0.5758 0.5688 0.5873
vn 0.5855 0.5844 0.5619
vn 0.5935 -0.5705 0.5678
vn -0.5351 -0.6692 0.5156
vn -0.5567 -0.6774 0.4808
vn -0.5411 -0.6848 0.4881
vn -0.6787 -0.0396 0.7334
vn -0.6823 -0.0140 0.7309
vn -0.0127 -0.7139 0.7002
vn 0.0815 0.5957 0.7990
vn -0.0137 0.7014 0.7126
vn 0.0278 -0.6644 0.7469
vn 0.5506 -0.6215 0.5573
vn -0.5373 -0.6462 0.5421
vn 0.5621 0.6319 0.5336
vn 0.6333 -0.4845 0.6036
vn 0.6020 0.6497 0.4643
vn 0.5363 -0.5613 0.6304
vn -0.5293 -0.6305 0.5677
vn 0.4846 -0.5511 0.6793
vn 0.0144 -0.7456 0.6662
vn -0.0248 0.6955 0.7181
vn 0.1509 0.7543 0.6390
vn -0.0381 -0.7214 0.6915
vn -0.7048 -0.0176 0.7092
vn -0.6761 -0.0281 0.7363
vn -0.4114 -0.7360 0.5376
vn -0.5199 -0.7783 0.3521
vn -0.4790 -0.6809 0.5539
vn 0.6006 -0.5270 0.6013
vn 0.5428 0.6653 0.5126
vn -0.5494 0.5851 0.5965
vn -0.5776 0.5788 0.5756
vn -0.5751 0.5791 0.5779
vn 0.6092 -0.0647 0.7903
vn 0.6154 0.0393 0.7872
vn 0.5785 0.6075 0.5442
vn -0.5270 0.5844 0.6171
vn 0.4727 -0.5740 -0.6686
vn 0.5963 0.5307 -0.6023
vn 0.5588 0.5100 -0.6539
vn 0.4199 -0.5551 -0.7180
vn 0.5844 0.5137 -0.6282
vn 0.4379 -0.5488 -0.7120
vn -0.6325 -0.4571 -0.6254
vn -0.2344 0.8719 -0.4299
vn -0.8157 0.4395 -0.3760
vn -0.5222 -0.4441 -0.7280
vn 0.7129 -0.0506 -0.6995
vn -0.7080 0.0573 -0.7038
vn -0.7642 0.1510 -0.6270
vn 0.6568 0.0314 -0.7534
vn -0.5857 0.7265 -0.3593
vn -0.5868 -0.4236 -0.6901
vn 0.0418 0.7306 -0.6815
vn 0.0936 -0.7100 -0.6980
vn 0.1743 -0.6584 -0.7322
vn -0.0104 0.7574 -0.6529
vn 0.5060 -0.5838 -0.6349
vn 0.5242 0.5332 -0.6641
vn -0.4667 -0.4789 -0.7435
vn -0.8646 0.3323 -0.3769
vn 0.5430 -0.5843 -0.6031
vn 0.6167 0.5493 -0.5638
vn 0.6895 0.4760 -0.5460
vn 0.5519 -0.5555 -0.6220
vn 0.5410 -0.5709 -0.6176
vn 0.6523 0.5064 -0.5640
vn -0.3506 0.6311 -0.6920
vn -0.6986 -0.5268 -0.4842
vn -0.6941 -0.4226 -0.5828
vn -0.5204 0.4616 -0.7184
vn -0.6016 0.4870 -0.6332
vn -0.5537 -0.6124 -0.5643
vn 0.6253 0.5215 -0.5806
vn 0.5467 -0.5804 -0.6035
vn 0.0432 0.6864 -0.7260
vn -0.0881 -0.9347 -0.3443
vn 0.0205 -0.6905 -0.7230
vn 0.0078 0.6917 -0.7222
vn -0.7347 -0.4573 -0.5010
vn -0.3284 0.5687 -0.7542
vn 0.6853 0.0096 -0.7282
vn -0.7912 0.0624 -0.6084
vn -0.8134 0.0291 -0.5810
vn 0.7318 -0.0313 -0.6808
vn 0.0021 -0.6386 -0.7695
vn -0.0049 0.6510 -0.7590
vn 0.0488 0.7302 -0.6815
vn 0.0599 -0.5073 -0.8597
vn 0.1112 0.7255 0.6792
vn -0.0415 -0.7374 0.6742
vn -0.0466 -0.6914 0.7210
vn 0.0584 0.7119 0.6998
vn -0.0589 -0.7277 0.6833
vn 0.0592 0.7243 0.6869
vn 0.0018 0.6078 -0.7941
vn 0.0166 -0.5792 -0.8150
vn 0.0864 0.0109 -0.9962
vn -0.1960 -0.1017 0.9753
vn -0.0021 -0.9994 -0.0347
vn 0.1819 -0.6031 -0.7766
vn 0.0313 0.7060 0.7075
vn -0.0560 0.0542 0.9970
vn -0.1664 -0.9762 0.1393
vn 0.0035 0.9999 0.0114
vn 0.0250 0.7644 -0.6442
vn -0.0216 -0.6820 0.7310
vn 0.0446 0.9989 0.0133
vn 0.0600 0.0825 -0.9948
vn -0.0050 0.7123 -0.7018
vn 0.0087 -0.7060 -0.7082
vn 0.0336 -0.7604 -0.6486
vn -0.0569 0.7231 -0.6884
vn -0.0638 -0.7669 0.6386
vn -0.0811 0.6921 0.7173
vn -0.0820 0.6988 0.7106
vn -0.0123 -0.7314 0.6818
vn -0.0826 0.6986 0.7108
vn -0.0688 -0.7537 0.6535
vn 0.0079 -0.7367 -0.6762
vn -0.0349 0.7118 -0.7015
vn 0.1929 -0.0459 0.9801
vn 0.0851 0.2591 -0.9621
vn 0.2272 0.0388 -0.9731
vn 0.0344 0.9968 0.0721
vn 0.0051 -0.7185 0.6956
vn -0.0251 0.7368 -0.6757
vn 0.0195 0.9996 -0.0196
vn 0.0305 -0.9959 -0.0849
vn 0.1418 0.1159 0.9831
vn -0.0524 0.6959 0.7163
vn 0.0638 -0.7829 -0.6188
vn -0.0287 -0.9995 0.0090
vn 0.0983 0.0465 -0.9941
vn -0.0624 0.9968 0.0502
vn -0.0148 -0.7009 0.7131
vn 0.0272 0.7501 -0.6607
vn -0.0192 0.9998 -0.0014
vn 0.1104 0.1107 -0.9877
vn 0.0677 0.6573 -0.7506
vn -0.0310 -0.7194 0.6939
vn -0.0246 -0.7086 0.7052
vn -0.0313 -0.7213 0.6920
vn 0.0942 0.7470 -0.6581
vn 0.0141 0.6538 -0.7565
vn 0.0159 -0.6688 -0.7432
vn 0.1261 -0.6540 -0.7459
vn 0.1485 0.7453 0.6500
vn 0.1498 0.6530 0.7424
vn 0.1461 0.7026 0.6964
vn 0.0494 -0.6530 -0.7558
vn -0.1138 -0.0502 0.9922
vn -0.0051 -0.9998 -0.0207
vn 0.2634 -0.7029 -0.6608
vn 0.0901 0.6496 0.7549
vn -0.1351 0.1132 0.9843
vn -0.1581 -0.9860 0.0535
vn 0.0600 -0.9926 0.1052
vn -0.0189 0.0337 0.9993
vn 0.0156 0.7202 0.6935
vn -0.2576 -0.4171 -0.8716
vn 0.0013 -0.9992 -0.0392
vn -0.0949 -0.0854 0.9918
vn -0.0353 -0.5322 -0.8459
vn 0.0393 0.7663 0.6412
vn 0.0380 0.7339 0.6782
vn 0.1494 0.7614 0.6308
vn -0.0938 -0.3588 -0.9287
vn -0.0131 -0.6245 -0.7809
vn 0.0152 0.6767 -0.7361
vn -0.0234 0.7243 -0.6891
vn -0.0487 -0.7672 0.6396
vn -0.0452 -0.6369 0.7697
vn -0.0788 -0.7088 0.7010
vn 0.0032 0.6950 -0.7190
vn -0.0354 -0.0929 -0.9950
vn 0.0258 0.9992 0.0298
vn 0.0024 0.7391 -0.6736
vn -0.0119 -0.6609 0.7504
vn 0.1714 0.9809 -0.0915
vn -0.0552 0.0835 -0.9950
vn -0.0021 -1.0000 0.0029
vn 0.0854 -0.7647 -0.6387
vn -0.0652 0.6741 0.7358
vn 0.1301 0.1828 0.9745
vn 0.0014 -0.9988 -0.0480
vn 0.0934 -0.0120 0.9956
vn 0.0296 -0.7152 -0.6983
vn -0.1467 0.7051 0.6937
vn -0.1258 0.6975 0.7054
vn -0.1137 0.7120 0.6929
vn 0.0546 -0.7371 -0.6736
vn 0.0177 -0.7012 -0.7127
vn -0.0001 0.7135 -0.7007
vn -0.0058 0.7212 -0.6927
vn -0.0567 -0.7363 0.6743
vn -0.0207 -0.7208 0.6929
vn -0.0198 -0.7303 0.6828
vn -0.0018 0.7139 -0.7003
vn 0.1081 0.1962 -0.9746
vn 0.1045 0.0303 -0.9941
vn -0.0294 0.9942 0.1038
vn 0.0031 -0.7126 0.7015
vn -0.0012 0.7251 -0.6887
vn -0.0048 0.9995 -0.0299
vn 0.0040 0.9998 -0.0194
vn -0.0187 0.7856 -0.6184
vn 0.0154 -0.7268 0.6866
vn 0.0128 0.9999 0.0045
vn 0.4266 0.0874 -0.9002
vn 0.0420 0.1549 -0.9870
vn -0.0755 0.6968 -0.7133
vn -0.0035 -0.7724 0.6351
vn 0.0126 -0.7403 0.6721
vn 0.0068 -0.7890 0.6144
vn -0.1415 0.7357 -0.6623
vn -0.0137 0.6910 -0.7227
vn -0.0806 -0.7735 -0.6287
vn 0.0699 -0.7739 -0.6295
vn -0.0270 0.6775 0.7350
vn -0.0314 0.6995 0.7139
vn -0.0309 0.6924 0.7208
vn -0.0081 -0.7937 -0.6083
vn 0.1434 -0.1269 0.9815
vn 0.0767 -0.9940 -0.0776
vn 0.0576 0.0440 0.9974
vn -0.0259 0.7010 0.7127
vn 0.0880 -0.7697 -0.6323
vn -0.0900 -0.9958 0.0173
vn -0.0392 -0.9945 -0.0968
vn 0.0253 0.9991 -0.0347
vn -0.0033 0.9973 -0.0733
vn -0.0156 -0.9997 -0.0209
vn 0.0360 0.9992 -0.0162
vn 0.0494 -0.9918 -0.1174
vn -0.1135 -0.9920 -0.0556
vn -0.0732 0.9972 0.0115
vn -0.0178 -0.9990 -0.0417
vn 0.0396 0.9968 -0.0692
vn 0.0115 0.9999 0.0004
vn -0.0677 -0.9910 -0.1156
vn 0.6925 -0.7212 0.0163
vn 0.7087 0.6933 0.1303
vn 0.7151 0.6968 0.0556
vn 0.6693 -0.7417 0.0441
vn 0.6813 -0.7318 0.0157
vn 0.7180 0.6858 0.1188
vn -0.7033 0.7109 -0.0003
vn -0.6126 -0.7777 0.1414
vn -0.7391 -0.6553 0.1558
vn -0.7091 0.7042 -0.0361
vn -0.7105 0.7032 -0.0270
vn -0.6176 -0.7720 0.1502
vn -0.9986 0.0060 -0.0528
vn 0.9999 0.0155 0.0051
vn -0.0554 -0.9982 -0.0216
vn -0.1660 0.9859 -0.0213
vn 0.9970 -0.0244 0.0738
vn 0.6879 0.7179 0.1064
vn -0.6516 -0.7532 0.0902
vn -0.6933 0.7195 0.0401
vn 0.6998 -0.7143 0.0083
vn -0.9964 0.0144 -0.0830
vn 0.0167 0.9998 -0.0133
vn 0.0329 -0.9819 -0.1867
vn -0.6604 -0.7491 0.0512
vn 0.7210 0.6889 0.0739
vn 0.9981 -0.0242 0.0564
vn 0.9999 0.0155 -0.0020
vn -0.6211 -0.7455 0.2418
vn -0.5880 -0.6617 0.4652
vn -0.6614 -0.7329 0.1593
vn 0.6975 0.6953 0.1735
vn 0.6527 0.7482 0.1191
vn 0.7276 0.6738 0.1287
vn -0.0871 -0.9946 -0.0557
vn 0.0385 0.9992 -0.0065
vn -0.0110 0.9987 0.0496
vn -0.0112 -0.9999 -0.0112
vn 0.0978 0.9920 -0.0799
vn 0.0171 -0.9979 -0.0626
vn -0.0317 -0.9989 -0.0353
vn -0.0728 0.9971 0.0241
vn -0.0316 -0.9992 -0.0227
vn 0.0733 0.9968 0.0320
vn 0.0431 0.9990 -0.0131
vn -0.0112 -0.9982 -0.0587
vn 0.6971 -0.7169 0.0058
vn 0.6913 -0.7220 0.0267
vn 0.6932 -0.7207 0.0113
vn -0.6794 0.7297 -0.0771
vn -0.7354 0.6738 -0.0714
vn -0.7233 0.6839 -0.0955
vn -0.9959 -0.0188 -0.0889
vn -0.0252 -0.9996 -0.0162
vn -0.1687 0.9850 0.0362
vn -0.6528 0.7568 -0.0335
vn 0.7012 -0.7129 0.0042
vn -0.9976 0.0132 -0.0673
vn 0.0461 0.9923 -0.1146
vn -0.2053 -0.9717 -0.1171
vn 0.0706 -0.9895 -0.1260
vn 0.0215 0.9993 0.0309
vn -0.9929 0.0342 -0.1140
vn 0.6981 -0.7159 0.0091
vn -0.7356 0.6556 0.1704
vn -0.0472 0.9987 -0.0192
vn -0.0553 -0.9984 -0.0144
vn -0.9989 0.0387 -0.0279
vn -0.7207 0.6932 0.0019
vn -0.7129 0.7008 -0.0262
vn -0.7309 0.6796 0.0629
vn 0.6588 -0.7518 0.0280
vn 0.6201 -0.7841 0.0246
vn 0.6862 -0.7274 0.0102
vn -0.2403 -0.9684 -0.0666
vn -0.0020 1.0000 0.0096
vn 0.0272 0.9993 -0.0247
vn 0.0058 -0.9985 -0.0537
vn -0.0417 0.9991 0.0030
vn -0.1696 -0.9854 -0.0126
vn 0.0606 -0.9922 -0.1091
vn 0.0197 0.9997 0.0152
vn -0.0147 -0.9995 -0.0296
vn -0.0119 0.9996 -0.0256
vn 0.0105 0.9995 -0.0298
vn 0.0299 -0.9948 -0.0977
vn 0.7229 0.6711 0.1645
vn 0.7651 0.6428 0.0390
vn 0.7771 0.6213 0.1006
vn -0.6875 -0.7253 0.0352
vn -0.7519 -0.6470 -0.1264
vn -0.7024 -0.7095 -0.0567
vn 0.9999 0.0161 0.0029
vn 0.9977 -0.0029 0.0675
vn 0.6252 0.7600 0.1778
vn -0.7127 -0.6932 0.1073
vn 0.0498 -0.9476 -0.3156
vn 0.0039 0.9997 -0.0227
vn 0.0199 0.9998 -0.0049
vn 0.0923 -0.9956 -0.0134
vn 0.0777 0.9963 0.0362
vn 0.0208 -0.9935 0.1118
vn 0.0182 -0.9996 0.0214
vn -0.0005 1.0000 0.0051
vn 0.1728 -0.9785 -0.1129
vn 0.0031 0.9996 -0.0275
vn 0.0247 0.9997 -0.0057
vn 0.0199 -0.9981 0.0575
vn 0.6424 0.6004 -0.4763
vn 0.7055 -0.7037 0.0839
vn 0.6966 -0.7138 0.0720
vn 0.7728 0.6322 -0.0561
vn 0.7526 0.6140 -0.2379
vn 0.6974 -0.7115 0.0859
vn -0.7131 -0.7011 0.0018
vn -0.7422 0.6643 -0.0889
vn -0.7287 0.6848 -0.0000
vn -0.6955 -0.7152 0.0683
vn -0.6902 -0.7204 0.0676
vn -0.7303 0.6819 -0.0393
vn 1.0000 -0.0046 0.0075
vn -0.9949 0.0195 0.0986
vn 0.0209 0.9995 0.0240
vn 0.0371 -0.9993 0.0046
vn -0.1075 -0.9824 -0.1525
vn 0.2681 0.9432 0.1961
vn -0.9948 -0.0316 0.0970
vn 0.7042 -0.7015 0.1099
vn -0.7447 0.6581 -0.1107
vn -0.7313 -0.6790 -0.0646
vn 0.5805 0.7641 -0.2815
vn 0.9803 0.0182 -0.1965
vn 0.9791 0.1023 -0.1757
vn 0.5204 0.8078 0.2770
vn -0.8032 -0.5953 -0.0216
vn 0.9999 0.0076 -0.0101
vn -0.7479 -0.6630 -0.0329
vn -0.7575 -0.6525 -0.0221
vn 0.8844 0.4668 0.0021
vn 0.8080 0.5891 -0.0012
vn 0.9155 0.3765 0.1414
vn 0.0598 -0.9853 -0.1599
vn 0.0052 0.9998 -0.0209
vn -0.0056 0.9994 -0.0328
vn 0.0435 -0.9970 -0.0636
vn 0.0446 0.9980 0.0442
vn 0.0343 -0.9920 0.1214
vn -0.0489 -0.9982 0.0356
vn -0.0071 1.0000 -0.0031
vn 0.0727 -0.9817 -0.1761
vn 0.0112 0.9991 -0.0405
vn 0.0151 0.9999 0.0082
vn -0.0552 -0.9941 0.0936
vn 0.6944 -0.7190 0.0289
vn 0.6397 -0.7661 -0.0628
vn 0.6743 -0.7384 -0.0007
vn -0.7679 0.6380 -0.0579
vn -0.7427 0.6694 -0.0151
vn -0.7477 0.6630 -0.0366
vn -0.9985 0.0359 0.0412
vn -0.0070 0.9999 -0.0093
vn -0.0035 -1.0000 -0.0061
vn 0.0520 -0.9981 0.0334
vn 0.1190 0.9879 0.1000
vn -0.9981 -0.0351 0.0499
vn 0.7008 -0.7120 0.0452
vn -0.7586 0.6497 -0.0484
vn -0.7191 0.6852 -0.1153
vn 0.7292 -0.6680 0.1485
vn -0.9897 -0.0008 0.1428
vn 0.2275 0.9708 -0.0762
vn 0.0480 -0.9974 -0.0533
vn 0.0543 -0.9984 0.0171
vn 0.1388 0.9834 0.1165
vn -0.9713 0.1276 0.2010
vn -0.6990 0.7149 -0.0195
vn -0.6939 0.7201 0.0012
vn -0.6968 0.7137 -0.0713
vn 0.6947 -0.7098 0.1165
vn 0.6998 -0.6907 0.1823
vn 0.7250 -0.6791 0.1148
vn 0.0852 -0.9946 0.0596
vn 0.0121 0.9995 -0.0306
vn -0.0021 0.9995 -0.0302
vn 0.1892 -0.9773 0.0956
vn -0.0184 0.9992 0.0341
vn 0.0600 -0.9980 0.0189
vn 0.0932 -0.9809 0.1705
vn 0.1038 0.9924 -0.0661
vn 0.0966 -0.9944 0.0435
vn 0.0641 0.9978 0.0178
vn -0.0025 0.9997 -0.0228
vn 0.1829 -0.9798 0.0806
vn 0.6559 0.7451 -0.1213
vn 0.7552 0.6551 0.0226
vn 0.6430 0.7564 -0.1201
vn -0.6503 -0.7581 0.0491
vn -0.5690 -0.7670 0.2965
vn -0.5780 -0.7976 0.1726
vn 0.9987 -0.0134 0.0496
vn -0.6887 -0.7245 -0.0298
vn 0.6474 0.7300 -0.2191
vn 0.9927 0.0045 0.1207
vn 0.9941 -0.0809 0.0724
vn -0.9958 0.0398 0.0829
vn -0.9985 -0.0235 0.0502
vn 0.9924 0.0019 -0.1228
vn 0.9956 -0.0839 -0.0426
vn -0.9924 0.0007 0.1228
vn 0.9996 0.0245 0.0147
vn -0.9985 -0.0480 -0.0280
vn -0.9979 -0.0303 -0.0575
vn 0.9998 0.0081 0.0196
vn -0.9976 -0.0351 -0.0604
vn 0.9995 0.0081 0.0294
vn 0.0136 0.1412 0.9899
vn 0.1854 -0.0516 -0.9813
vn 0.0892 0.0486 -0.9948
vn 0.0167 0.0927 0.9956
vn -0.0662 -0.0026 -0.9978
vn -0.0053 0.1708 0.9853
vn -0.0560 0.1037 0.9930
vn 0.0520 -0.0314 -0.9982
vn 0.0305 0.1235 0.9919
vn 0.1491 0.0269 -0.9885
vn -0.0206 -0.0063 -0.9998
vn -0.0478 0.1691 0.9844
vn 0.7003 -0.0059 -0.7139
vn -0.6995 0.0151 -0.7145
vn -0.7152 0.0176 -0.6987
vn 0.6997 -0.0250 -0.7140
vn 0.6864 -0.0327 0.7264
vn -0.7376 0.0257 0.6748
vn -0.7190 -0.0024 0.6950
vn 0.6812 -0.0466 0.7306
vn 0.7377 -0.0786 -0.6706
vn 0.6866 -0.0596 0.7246
vn 0.7034 -0.0627 0.7080
vn 0.8014 -0.1340 -0.5829
vn 0.6828 -0.0393 0.7296
vn -0.7314 0.0113 0.6819
vn 0.7768 -0.1178 -0.6187
vn 0.6939 -0.0630 0.7174
vn -0.7332 0.0260 -0.6795
vn -0.7018 -0.0259 0.7119
vn -0.7040 -0.0394 0.7092
vn -0.7259 -0.0333 -0.6870
vn 0.6986 -0.0131 -0.7154
vn -0.7072 0.0232 -0.7067
vn -0.7001 -0.0345 0.7132
vn -0.7352 -0.0009 -0.6779
vn 0.6824 -0.0537 0.7290
vn 0.7102 -0.0454 -0.7026
vn -0.7086 -0.0148 0.7055
vn -0.7240 0.0194 -0.6895
vn -0.7111 -0.0397 0.7020
vn -0.6919 0.0060 -0.7220
vn 0.6915 -0.0273 0.7218
vn 0.0787 0.0385 -0.9962
vn -0.0265 0.0708 0.9971
vn 0.9983 0.0329 -0.0478
vn -0.9989 -0.0429 0.0195
vn -0.0074 0.1226 0.9924
vn 0.7018 -0.0014 -0.7124
vn -0.9984 -0.0266 -0.0502
vn -0.0371 0.0594 -0.9975
vn 0.9932 -0.0840 0.0800
vn 0.6988 -0.0089 0.7153
vn -0.6812 0.0087 -0.7320
vn -0.7107 -0.0094 0.7034
vn -0.7237 -0.1502 -0.6736
vn -0.7325 -0.0011 0.6808
vn 0.6946 -0.0189 0.7191
vn -0.7802 -0.0168 -0.6253
vn -0.7156 -0.0091 0.6984
vn -0.7230 -0.0520 -0.6889
vn -0.7414 0.0249 -0.6707
vn -0.7122 -0.0099 0.7019
vn -0.7221 -0.0065 0.6917
vn -0.7693 -0.0815 -0.6336
vn 0.6985 -0.0212 0.7153
vn -0.7581 0.0273 0.6516
vn 0.6947 -0.0132 0.7191
vn 0.7014 -0.0211 0.7124
vn 0.6962 -0.0204 0.7176
vn 0.6941 -0.0171 0.7197
vn -0.7461 0.0090 0.6658
vn -0.7547 0.0540 0.6539
vn 0.6963 -0.0110 0.7177
vn -0.7273 -0.0507 -0.6844
vn -0.6951 0.0005 -0.7189
vn 0.9889 -0.0673 0.1328
vn -0.9942 -0.0342 0.1024
vn -0.9962 -0.0598 0.0638
vn 0.9748 0.0484 -0.2176
vn 0.9908 -0.0817 -0.1081
vn -0.9932 -0.0191 0.1149
vn 0.9991 0.0183 0.0377
vn -0.9903 -0.0724 -0.1182
vn -0.9970 -0.0021 -0.0776
vn 0.9993 -0.0043 0.0378
vn -0.9933 -0.0236 -0.1131
vn 0.9986 -0.0044 0.0523
vn 0.0341 0.0580 0.9977
vn 0.5638 -0.1572 -0.8108
vn 0.1147 0.0228 -0.9931
vn 0.0547 0.1054 0.9929
vn -0.0294 0.0276 -0.9992
vn -0.0124 0.0744 0.9972
vn -0.0785 0.1036 0.9915
vn 0.0539 0.0181 -0.9984
vn 0.0717 0.0744 0.9947
vn 0.2894 -0.0096 -0.9572
vn 0.0200 0.0096 -0.9998
vn -0.0421 0.0851 0.9955
vn 0.7123 -0.0141 -0.7017
vn 0.7087 -0.0282 -0.7050
vn 0.7100 -0.0326 -0.7034
vn 0.7203 0.0121 -0.6936
vn 0.7152 -0.0189 -0.6986
vn 0.7108 -0.0212 -0.7030
vn 0.7078 -0.0334 -0.7056
vn 0.0705 0.0168 -0.9974
vn -0.0594 0.1304 0.9897
vn 0.9984 0.0422 -0.0381
vn -0.9960 -0.0889 -0.0032
vn 0.0098 0.0441 0.9990
vn 0.7122 -0.0079 -0.7020
vn -0.9968 0.0242 -0.0762
vn -0.0369 0.0456 -0.9983
vn 0.9945 -0.0526 0.0907
vn 0.9923 -0.0911 0.0835
vn -0.1177 -0.0236 -0.9928
vn -0.9966 -0.0684 -0.0468
vn 0.6941 0.0040 -0.7199
vn -0.0242 0.1559 0.9875
vn -0.9999 -0.0034 0.0121
vn 0.9995 0.0231 -0.0227
vn -0.0216 0.0315 0.9993
vn 0.0933 0.0885 -0.9917
vn 0.6577 -0.0050 -0.7533
vn 0.6782 0.0015 -0.7349
vn 0.7576 -0.0338 -0.6519
vn 0.8292 -0.1748 -0.5310
vn 0.6782 -0.0126 -0.7348
vn 0.6657 -0.0010 -0.7462
vn 0.6879 0.0031 -0.7258
vn -0.1245 0.1486 0.9810
vn -0.0039 0.0185 -0.9998
vn 0.0684 0.1234 -0.9900
vn 0.0653 0.1447 0.9873
vn 0.1161 0.0895 -0.9892
vn -0.0932 0.0571 0.9940
vn -0.0196 0.2173 0.9759
vn -0.1131 0.0168 -0.9934
vn 0.0381 0.0764 0.9963
vn 0.0655 0.1153 -0.9912
vn 0.0577 0.1015 -0.9932
vn 0.0360 0.1778 0.9834
vn 0.9998 0.0139 0.0128
vn -0.9987 -0.0308 -0.0397
vn 0.9999 0.0139 0.0045
vn -0.9981 -0.0313 -0.0530
vn -0.9997 -0.0164 -0.0156
vn 0.9998 0.0215 0.0051
vn -0.9964 0.0054 0.0847
vn 0.9995 -0.0290 -0.0119
vn 0.9990 0.0055 -0.0438
vn -0.9992 0.0042 0.0400
vn -0.9962 -0.0110 0.0861
vn 0.9974 -0.0550 0.0458
vn -0.7267 0.0155 -0.6867
vn -0.7367 0.0622 -0.6733
vn 0.6599 -0.0535 0.7494
vn -0.7106 0.0079 0.7036
vn -0.6898 -0.0207 0.7237
vn 0.6404 -0.0977 0.7618
vn 0.6562 -0.1477 0.7400
vn 0.7193 -0.1689 0.6739
vn 0.6476 -0.0737 0.7584
vn -0.7034 -0.0067 0.7107
vn 0.6830 -0.1653 0.7115
vn -0.7147 0.0843 -0.6943
vn -0.6632 -0.0561 0.7464
vn -0.6876 -0.0877 0.7208
vn -0.6987 0.0446 -0.7140
vn -0.7360 0.0365 -0.6760
vn -0.6668 -0.0742 0.7415
vn -0.7041 0.0673 -0.7069
vn 0.6423 -0.1235 0.7565
vn -0.6742 -0.0368 0.7376
vn -0.7278 0.0827 -0.6808
vn -0.7098 -0.0946 0.6980
vn -0.7141 0.0161 -0.6999
vn 0.6737 -0.0379 0.7380
vn 0.9993 0.0190 0.0336
vn -0.9990 0.0051 0.0437
vn -0.9951 0.0485 0.0865
vn 1.0000 0.0008 0.0055
vn -0.9982 -0.0007 0.0600
vn 0.9999 0.0041 0.0143
vn 1.0000 0.0010 0.0057
vn -0.9905 0.0468 -0.1295
vn -0.9958 -0.0202 -0.0888
vn 1.0000 0.0080 0.0046
vn 1.0000 0.0047 0.0069
vn -0.9960 -0.0213 -0.0871
vn 0.0206 -0.0565 0.9982
vn -0.2247 -0.3113 -0.9234
vn 0.3136 -0.1393 -0.9393
vn 0.0092 -0.0253 0.9996
vn 0.1379 -0.2838 -0.9489
vn -0.0501 -0.0352 0.9981
vn -0.0401 -0.0179 0.9990
vn 0.1596 -0.2219 -0.9619
vn 0.2365 -0.2738 -0.9323
vn 0.0140 -0.0420 0.9990
vn -0.0601 -0.0185 0.9980
vn 0.3445 -0.2452 -0.9062
vn -0.7770 -0.0551 -0.6270
vn 0.6964 0.0011 -0.7177
vn 0.6836 -0.0054 -0.7299
vn -0.7323 -0.1115 -0.6718
vn 0.6300 0.1094 0.7688
vn -0.6954 0.0103 0.7186
vn -0.6864 -0.0006 0.7273
vn 0.6168 0.1717 0.7682
vn 0.6658 -0.0315 -0.7455
vn 0.6673 0.2474 0.7025
vn 0.7175 0.2079 0.6648
vn 0.6657 -0.0860 -0.7412
vn 0.6102 0.1284 0.7818
vn -0.6917 0.0046 0.7222
vn 0.6611 -0.0564 -0.7481
vn 0.6953 0.2380 0.6782
vn -0.6727 -0.0664 -0.7369
vn -0.6731 -0.0137 0.7394
vn -0.6553 -0.0511 0.7536
vn -0.6888 -0.0248 -0.7245
vn -0.7633 -0.0964 -0.6389
vn 0.6910 -0.0008 -0.7228
vn -0.6655 -0.0489 0.7448
vn -0.6733 -0.0428 -0.7381
vn 0.6388 0.2241 0.7360
vn 0.6745 -0.0147 -0.7381
vn -0.6801 -0.0033 0.7331
vn -0.6963 -0.0879 -0.7124
vn 0.9950 0.0792 0.0600
vn -0.0910 -0.4353 -0.8957
vn -0.9836 0.1329 -0.1216
vn 0.0491 -0.0709 0.9963
vn -0.9984 0.0555 0.0097
vn 1.0000 0.0003 0.0040
vn -0.0127 -0.0162 0.9998
vn 0.0674 -0.1443 -0.9872
vn 0.6701 0.0917 0.7366
vn -0.7712 -0.0124 -0.6365
vn -0.6531 -0.1221 0.7474
vn -0.7428 -0.1143 0.6597
vn -0.8188 0.0393 -0.5728
vn 0.6390 0.0250 0.7688
vn -0.5924 0.1427 -0.7929
vn -0.6776 0.0175 0.7352
vn 0.6632 -0.0636 0.7458
vn -0.5877 0.0629 -0.8066
vn -0.6962 -0.0045 0.7178
vn -0.8021 0.1150 -0.5860
vn -0.6371 0.0453 -0.7695
vn -0.7286 -0.1170 0.6749
vn -0.6772 0.0277 0.7352
vn -0.5579 0.0990 -0.8240
vn 0.9047 0.0823 0.4179
vn -0.6976 0.0097 0.7164
vn 0.5461 -0.0327 0.8371
vn 0.8960 0.1077 0.4309
vn 0.8407 0.0028 0.5415
vn 0.5502 -0.0596 0.8329
vn -0.6864 0.0088 0.7272
vn -0.7023 0.0120 0.7118
vn 0.5934 0.0210 0.8046
vn -0.6973 0.1554 -0.6997
vn -0.8449 0.0608 -0.5315
vn 0.9986 0.0204 0.0485
vn -0.9856 0.1168 0.1220
vn -0.9958 0.0713 0.0571
vn 1.0000 0.0017 0.0022
vn -0.9962 0.0238 0.0835
vn 0.9999 0.0029 0.0153
vn 0.9999 0.0099 0.0039
vn -0.9937 0.0886 -0.0680
vn -0.9924 -0.0068 -0.1230
vn 0.9999 0.0171 -0.0002
vn 0.9999 0.0124 0.0045
vn -0.9969 0.0122 -0.0777
vn 0.0410 -0.1272 0.9910
vn -0.1124 0.0062 -0.9936
vn 0.2532 0.0621 -0.9654
vn 0.0674 -0.1511 -0.9862
vn -0.1090 -0.1243 0.9862
vn -0.0753 -0.0304 0.9967
vn 0.0378 -0.0717 -0.9967
vn 0.1902 0.0824 -0.9783
vn 0.0776 -0.0819 0.9936
vn -0.1402 -0.0669 0.9879
vn 0.3112 -0.1034 -0.9447
vn 0.6918 0.0108 -0.7220
vn 0.6773 0.0172 -0.7355
vn 0.6677 0.0190 -0.7441
vn 0.6930 0.0039 -0.7209
vn 0.6751 0.0141 -0.7376
vn 0.6852 0.0139 -0.7282
vn 0.6700 0.0195 -0.7421
vn 0.9909 0.0805 0.1075
vn -0.0415 -0.2364 -0.9708
vn -0.9703 0.1272 -0.2057
vn 0.6966 0.0082 -0.7174
vn 0.1424 -0.1464 0.9789
vn -0.9972 0.0751 0.0057
vn 1.0000 0.0080 0.0010
vn -0.0061 -0.0284 0.9996
vn 0.0411 -0.0105 -0.9991
vn 0.1273 -0.1125 -0.9855
vn -0.0226 -0.0009 0.9997
vn 1.0000 -0.0057 0.0048
vn -0.9970 -0.0759 0.0127
vn 0.0159 -0.0394 0.9991
vn 0.6999 -0.0028 -0.7142
vn -0.9997 0.0236 -0.0116
vn -0.2597 -0.1898 -0.9469
vn 0.9993 0.0156 0.0339
vn 0.6586 -0.0138 -0.7524
vn 0.6877 -0.0063 -0.7260
vn 0.6193 -0.0329 -0.7845
vn 0.6183 -0.0506 -0.7843
vn 0.6375 -0.0210 -0.7702
vn 0.6758 -0.0093 -0.7370
vn 0.6953 -0.0043 -0.7187
vn 0.3078 -0.0989 -0.9463
vn -0.0431 0.0440 0.9981
vn -0.0015 -0.0248 0.9997
vn 0.1044 -0.2269 -0.9683
vn 0.1843 -0.0952 -0.9783
vn -0.0392 0.0245 0.9989
vn -0.0245 0.0263 0.9994
vn 0.2052 -0.1842 -0.9612
vn -0.0090 -0.0151 0.9998
vn 0.1840 -0.1388 -0.9731
vn -0.0455 -0.1139 -0.9925
vn 0.0068 -0.0323 0.9995
vn -0.9954 -0.0622 -0.0729
vn 0.9999 -0.0042 0.0092
vn 1.0000 -0.0033 0.0079
vn -0.9977 -0.0503 -0.0449
vn -0.9894 -0.0975 -0.1077
vn 1.0000 -0.0063 0.0072
vn 0.9999 0.0010 0.0114
vn -0.9983 -0.0340 0.0470
vn 1.0000 -0.0028 0.0052
vn -0.9954 -0.0577 0.0769
vn -0.9993 -0.0250 0.0267
vn 0.9997 0.0038 0.0235
vn -0.7695 -0.0116 -0.6385
vn -0.7256 -0.0591 -0.6855
vn 0.6030 0.1643 0.7806
vn -0.6891 -0.0100 0.7246
vn -0.6849 -0.0156 0.7285
vn 0.5947 0.1384 0.7920
vn 0.6557 0.1302 0.7437
vn 0.6927 0.1015 0.7140
vn 0.5679 0.1586 0.8077
vn -0.6869 -0.0139 0.7267
vn 0.6767 0.1187 0.7266
vn -0.6907 -0.0725 -0.7195
vn -0.6806 -0.0091 0.7326
vn -0.6786 0.0037 0.7345
vn -0.6859 -0.0679 -0.7245
vn -0.7486 -0.0337 -0.6622
vn -0.6786 -0.0093 0.7345
vn -0.6841 -0.0617 -0.7268
vn 0.6283 0.1342 0.7663
vn -0.6829 -0.0145 0.7304
vn -0.7052 -0.0724 -0.7053
vn 0.6952 0.1601 0.7008
vn -0.7803 -0.0139 -0.6252
vn -0.6853 0.0269 0.7277
vt 0.327500 0.683138
vt 0.308479 0.702500
vt 0.308479 0.683138
vt 0.577500 0.183125
vt 0.558125 0.202500
vt 0.558125 0.183125
vt 0.558125 0.932792
vt 0.577500 0.952500
vt 0.558125 0.952500
vt 0.827500 0.683138
vt 0.807792 0.702500
vt 0.807792 0.683138
vt 0.558125 0.683138
vt 0.577500 0.702500
vt 0.558125 0.702500
vt 0.589375 0.488125
vt 0.577500 0.494220
vt 0.586442 0.483790
vt 0.349959 0.525427
vt 0.351593 0.524093
vt 0.357445 0.529945
vt 0.586406 0.790115
vt 0.577500 0.797500
vt 0.577500 0.791612
vt 0.333388 0.744112
vt 0.327500 0.738125
vt 0.334885 0.733709
vt 0.577500 0.208365
vt 0.589375 0.202500
vt 0.586442 0.209831
vt 0.166482 0.506018
vt 0.172500 0.511875
vt 0.164978 0.516388
vt 0.577500 0.006018
vt 0.589375 0.011875
vt 0.586366 0.016388
vt 0.150234 0.724766
vt 0.148750 0.726250
vt 0.142812 0.720312
vt 0.136875 0.702500
vt 0.125000 0.683138
vt 0.136875 0.683138
vt 0.192208 0.500000
vt 0.192208 0.511875
vt 0.441875 0.464547
vt 0.422500 0.452500
vt 0.441875 0.452500
vt 0.577500 0.041562
vt 0.558125 0.047500
vt 0.558125 0.041562
vt 0.422500 0.714474
vt 0.441875 0.702500
vt 0.441875 0.714474
vt 0.422500 0.214230
vt 0.441875 0.202500
vt 0.441875 0.214230
vt 0.589375 0.952500
vt 0.577500 0.932792
vt 0.589375 0.932792
vt 0.601250 0.683138
vt 0.577500 0.683138
vt 0.308479 0.750000
vt 0.308479 0.738125
vt 0.589375 0.183125
vt 0.577500 0.202500
vt 0.589375 0.452500
vt 0.577500 0.433479
vt 0.589375 0.433479
vt 0.398750 0.566875
vt 0.422500 0.547500
vt 0.422500 0.566875
vt 0.558125 0.433479
vt 0.577500 0.452500
vt 0.558125 0.452500
vt 0.398750 0.625000
vt 0.422500 0.643880
vt 0.398750 0.643880
vt 0.589375 0.106120
vt 0.577500 0.125000
vt 0.577500 0.106120
vt 0.601250 0.625000
vt 0.577500 0.605653
vt 0.601250 0.605653
vt 0.136875 0.605653
vt 0.125000 0.625000
vt 0.125000 0.605653
vt 0.558125 0.625000
vt 0.558125 0.605653
vt 0.807792 0.605653
vt 0.827500 0.625000
vt 0.807792 0.625000
vt 0.558125 0.106120
vt 0.558125 0.125000
vt 0.308479 0.605653
vt 0.327500 0.625000
vt 0.308479 0.625000
vt 0.250000 0.605653
vt 0.231310 0.625000
vt 0.231310 0.605653
vt 0.750000 0.605653
vt 0.730271 0.625000
vt 0.730271 0.605653
vt 0.577500 0.356310
vt 0.558125 0.375000
vt 0.558125 0.356310
vt 0.589375 0.356310
vt 0.577500 0.375000
vt 0.250000 0.738125
vt 0.231310 0.750000
vt 0.231310 0.738125
vt 0.589375 0.855271
vt 0.577500 0.875000
vt 0.577500 0.855271
vt 0.250000 0.511875
vt 0.269729 0.500000
vt 0.269729 0.511875
vt 0.730271 0.683138
vt 0.750000 0.702500
vt 0.730271 0.702500
vt 0.558125 0.875000
vt 0.558125 0.855271
vt 0.231310 0.683138
vt 0.250000 0.702500
vt 0.231310 0.702500
vt 0.480625 0.855271
vt 0.500000 0.875000
vt 0.480625 0.875000
vt 0.480625 0.356310
vt 0.500000 0.375000
vt 0.480625 0.375000
vt 0.480625 0.106120
vt 0.500000 0.125000
vt 0.480625 0.125000
vt 0.480625 0.605653
vt 0.500000 0.625000
vt 0.480625 0.625000
vt 0.480625 0.433479
vt 0.500000 0.452500
vt 0.480625 0.452500
vt 0.519375 0.214230
vt 0.500000 0.202500
vt 0.519375 0.202500
vt 0.519375 0.714474
vt 0.500000 0.702500
vt 0.519375 0.702500
vt 0.500000 0.041562
vt 0.480625 0.047500
vt 0.480625 0.041562
vt 0.519375 0.464547
vt 0.519375 0.452500
vt 0.480625 0.683138
vt 0.480625 0.702500
vt 0.480625 0.932792
vt 0.500000 0.952500
vt 0.480625 0.952500
vt 0.500000 0.183125
vt 0.480625 0.202500
vt 0.480625 0.183125
vt 0.519375 0.762173
vt 0.500000 0.750397
vt 0.519375 0.750397
vt 0.422500 0.762173
vt 0.441875 0.750397
vt 0.441875 0.762173
vt 0.500000 0.512390
vt 0.519375 0.500686
vt 0.519375 0.512390
vt 0.422500 0.512390
vt 0.441875 0.500686
vt 0.441875 0.512390
vt 0.480625 0.017812
vt 0.500000 0.023750
vt 0.480625 0.023750
vt 0.577500 0.017813
vt 0.558125 0.023750
vt 0.558125 0.017813
vt 0.519375 0.261875
vt 0.500000 0.250000
vt 0.519375 0.250000
vt 0.441875 0.261875
vt 0.422500 0.250000
vt 0.441875 0.250000
vt 0.441875 0.785724
vt 0.422500 0.773949
vt 0.441875 0.773949
vt 0.519375 0.785724
vt 0.500000 0.773949
vt 0.519375 0.773949
vt 0.500000 0.488640
vt 0.519375 0.476593
vt 0.519375 0.488640
vt 0.648750 0.625000
vt 0.625000 0.605653
vt 0.648750 0.605653
vt 0.351250 0.625000
vt 0.375000 0.643880
vt 0.351250 0.643880
vt 0.351250 0.566875
vt 0.375000 0.547500
vt 0.375000 0.566875
vt 0.648750 0.702500
vt 0.625000 0.683138
vt 0.648750 0.683138
vt 0.441875 0.488640
vt 0.422500 0.476593
vt 0.441875 0.476593
vt 0.345163 0.732336
vt 0.342269 0.729293
vt 0.349654 0.724877
vt 0.583438 0.782731
vt 0.577500 0.779836
vt 0.580469 0.775346
vt 0.334986 0.516393
vt 0.339547 0.512047
vt 0.342472 0.520910
vt 0.604327 0.462930
vt 0.601250 0.476250
vt 0.595385 0.473360
vt 0.595312 0.776743
vt 0.583438 0.770856
vt 0.586406 0.766365
vt 0.354144 0.717418
vt 0.348256 0.711431
vt 0.358635 0.709959
vt 0.500000 0.029687
vt 0.480625 0.035625
vt 0.480625 0.029687
vt 0.519375 0.738423
vt 0.500000 0.726449
vt 0.519375 0.726449
vt 0.613125 0.855271
vt 0.601250 0.875000
vt 0.601250 0.855271
vt 0.231310 0.714375
vt 0.250000 0.726250
vt 0.231310 0.726250
vt 0.308479 0.714375
vt 0.327500 0.726250
vt 0.308479 0.726250
vt 0.613125 0.932792
vt 0.601250 0.952500
vt 0.601250 0.932792
vt 0.422500 0.738423
vt 0.441875 0.726449
vt 0.441875 0.738423
vt 0.577500 0.029687
vt 0.558125 0.035625
vt 0.558125 0.029687
vt 0.141328 0.709922
vt 0.136875 0.714375
vt 0.130937 0.708437
vt 0.595232 0.026759
vt 0.613125 0.035625
vt 0.604099 0.037129
vt 0.337878 0.712903
vt 0.327500 0.714375
vt 0.604219 0.787122
vt 0.601250 0.797500
vt 0.595312 0.788618
vt 0.589375 0.779737
vt 0.345263 0.720362
vt 0.613270 0.452500
vt 0.613125 0.464375
vt 0.327500 0.511875
vt 0.333523 0.506023
vt 0.672500 0.702500
vt 0.672500 0.683138
vt 0.327500 0.566875
vt 0.351250 0.547500
vt 0.327500 0.643879
vt 0.672500 0.625000
vt 0.672500 0.605653
vt 0.519375 0.797500
vt 0.500000 0.785724
vt 0.441875 0.797500
vt 0.422500 0.785724
vt 0.500000 0.476593
vt 0.422500 0.464547
vt 0.339276 0.738224
vt 0.577500 0.785724
vt 0.363026 0.714474
vt 0.369013 0.708487
vt 0.577500 0.761974
vt 0.577500 0.755987
vt 0.577500 0.773949
vt 0.577500 0.767962
vt 0.351051 0.726449
vt 0.357038 0.720461
vt 0.422500 0.500686
vt 0.500000 0.500686
vt 0.500000 0.762173
vt 0.625000 0.625000
vt 0.375000 0.625000
vt 0.625000 0.702500
vt 0.345570 0.518070
vt 0.583438 0.032656
vt 0.595312 0.038594
vt 0.586406 0.040078
vt 0.163474 0.723241
vt 0.151719 0.711406
vt 0.161969 0.712870
vt 0.441875 0.285465
vt 0.422500 0.273750
vt 0.441875 0.273750
vt 0.519375 0.285465
vt 0.500000 0.273750
vt 0.519375 0.273750
vt 0.558125 0.011875
vt 0.558125 0.006018
vt 0.480625 0.006018
vt 0.500000 0.011875
vt 0.480625 0.011875
vt 0.160465 0.605653
vt 0.148750 0.625000
vt 0.148750 0.605653
vt 0.612965 0.125000
vt 0.601250 0.106120
vt 0.612965 0.106120
vt 0.612965 0.202500
vt 0.601250 0.183125
vt 0.612965 0.183125
vt 0.160465 0.702500
vt 0.148750 0.683138
vt 0.160465 0.683138
vt 0.164978 0.733612
vt 0.160625 0.738125
vt 0.157656 0.729219
vt 0.583438 0.020781
vt 0.580469 0.025234
vt 0.154687 0.517812
vt 0.157656 0.520781
vt 0.150234 0.525234
vt 0.604207 0.212744
vt 0.601250 0.202500
vt 0.583437 0.229219
vt 0.595232 0.223241
vt 0.586366 0.233612
vt 0.145781 0.532656
vt 0.151683 0.538702
vt 0.141274 0.540169
vt 0.589375 0.470398
vt 0.580469 0.474959
vt 0.583438 0.467472
vt 0.348360 0.538745
vt 0.354347 0.532785
vt 0.358790 0.540232
vt 0.327500 0.523750
vt 0.337930 0.537257
vt 0.327500 0.535770
vt 0.601250 0.452500
vt 0.586406 0.459986
vt 0.595313 0.461449
vt 0.336449 0.526762
vt 0.422500 0.535939
vt 0.441875 0.524093
vt 0.441875 0.535939
vt 0.500000 0.535939
vt 0.519375 0.524093
vt 0.519375 0.535939
vt 0.519375 0.238125
vt 0.500000 0.226250
vt 0.519375 0.226250
vt 0.250000 0.535770
vt 0.269729 0.523750
vt 0.269729 0.535770
vt 0.613270 0.375000
vt 0.601250 0.356310
vt 0.613270 0.356310
vt 0.601250 0.433479
vt 0.613270 0.433479
vt 0.441875 0.238125
vt 0.422500 0.226250
vt 0.441875 0.226250
vt 0.172500 0.535770
vt 0.192208 0.523750
vt 0.192208 0.535770
vt 0.163474 0.526759
vt 0.161951 0.537256
vt 0.577500 0.220312
vt 0.583437 0.217344
vt 0.580469 0.224766
vt 0.363297 0.535797
vt 0.369220 0.541720
vt 0.583437 0.479347
vt 0.577500 0.482445
vt 0.154687 0.529688
vt 0.601250 0.226250
vt 0.589375 0.238125
vt 0.613270 0.214230
vt 0.625000 0.202500
vt 0.172500 0.738125
vt 0.166482 0.743982
vt 0.172500 0.702500
vt 0.172500 0.683138
vt 0.625000 0.183125
vt 0.625000 0.125000
vt 0.625000 0.106120
vt 0.172500 0.605653
vt 0.160465 0.625000
vt 0.480625 0.000000
vt 0.500000 0.006018
vt 0.577500 0.000000
vt 0.558125 0.000000
vt 0.519375 0.297500
vt 0.500000 0.285465
vt 0.441875 0.297500
vt 0.422500 0.285465
vt 0.172500 0.726250
vt 0.172500 0.714375
vt 0.589375 0.029687
vt 0.577500 0.011875
vt 0.160625 0.511875
vt 0.589375 0.220312
vt 0.136875 0.535625
vt 0.130865 0.541635
vt 0.148750 0.523750
vt 0.142813 0.529688
vt 0.577500 0.023750
vt 0.577500 0.035625
vt 0.145781 0.717344
vt 0.422500 0.261875
vt 0.500000 0.261875
vt 0.500000 0.017812
vt 0.136875 0.625000
vt 0.589375 0.125000
vt 0.148750 0.702500
vt 0.154688 0.732188
vt 0.595385 0.211298
vt 0.577500 0.232187
vt 0.577500 0.238125
vt 0.577500 0.243982
vt 0.577500 0.250000
vt 0.577500 0.476593
vt 0.577500 0.470570
vt 0.577500 0.226250
vt 0.422500 0.238125
vt 0.500000 0.238125
vt 0.577500 0.464547
vt 0.577500 0.458523
vt 0.345398 0.529773
vt 0.422500 0.524093
vt 0.500000 0.524093
vt 0.250000 0.523750
vt 0.601250 0.375000
vt 0.172500 0.523750
vt 0.136875 0.547500
vt 0.125000 0.547500
vt 0.160465 0.547500
vt 0.148750 0.547500
vt 0.363125 0.547500
vt 0.172500 0.547500
vt 0.192208 0.547500
vt 0.625000 0.452500
vt 0.625000 0.433479
vt 0.625000 0.375000
vt 0.625000 0.356310
vt 0.250000 0.547500
vt 0.269729 0.547500
vt 0.500000 0.547500
vt 0.519375 0.547500
vt 0.441875 0.547500
vt 0.339375 0.547500
vt 0.327500 0.547500
vt 0.500000 0.214230
vt 0.577500 0.214375
vt 0.577500 0.488297
vt 0.154687 0.720312
vt 0.336381 0.723306
vt 0.422500 0.750397
vt 0.500000 0.738423
vt 0.589375 0.875000
vt 0.601250 0.023750
vt 0.589375 0.797500
vt 0.589375 0.047500
vt 0.577500 0.047500
vt 0.601250 0.047500
vt 0.612965 0.047500
vt 0.589375 0.761875
vt 0.577500 0.750000
vt 0.363125 0.702500
vt 0.375000 0.702500
vt 0.339375 0.702500
vt 0.351250 0.702500
vt 0.601250 0.773750
vt 0.613125 0.785625
vt 0.613125 0.797500
vt 0.327500 0.702500
vt 0.625000 0.047500
vt 0.125000 0.702500
vt 0.625000 0.952500
vt 0.625000 0.932792
vt 0.250000 0.714375
vt 0.625000 0.855271
vt 0.613125 0.875000
vt 0.500000 0.035625
vt 0.500000 0.714474
vt 0.422500 0.726449
vt 0.192208 0.702500
vt 0.211916 0.714375
vt 0.192208 0.714375
vt 0.625000 0.893690
vt 0.613125 0.913084
vt 0.613125 0.893690
vt 0.601250 0.893690
vt 0.589375 0.913084
vt 0.589375 0.893690
vt 0.192208 0.726250
vt 0.211916 0.738125
vt 0.192208 0.738125
vt 0.625000 0.336916
vt 0.613270 0.317208
vt 0.625000 0.317208
vt 0.211916 0.547500
vt 0.231310 0.535770
vt 0.231310 0.547500
vt 0.211916 0.523750
vt 0.231310 0.511875
vt 0.231310 0.523750
vt 0.601250 0.317208
vt 0.589375 0.336916
vt 0.589375 0.317208
vt 0.211916 0.535770
vt 0.613270 0.336916
vt 0.601250 0.913084
vt 0.211916 0.726250
vt 0.500000 0.893690
vt 0.480625 0.913084
vt 0.480625 0.893690
vt 0.480625 0.317208
vt 0.500000 0.336916
vt 0.480625 0.336916
vt 0.192208 0.683138
vt 0.211916 0.702500
vt 0.211916 0.750000
vt 0.192208 0.750000
vt 0.577500 0.336916
vt 0.577500 0.317208
vt 0.558125 0.336916
vt 0.558125 0.317208
vt 0.211916 0.605653
vt 0.192208 0.625000
vt 0.192208 0.605653
vt 0.788084 0.605653
vt 0.768690 0.625000
vt 0.768690 0.605653
vt 0.577500 0.893690
vt 0.211916 0.511875
vt 0.231310 0.500000
vt 0.768690 0.683138
vt 0.788084 0.702500
vt 0.768690 0.702500
vt 0.558125 0.893690
vt 0.577500 0.913084
vt 0.558125 0.913084
vt 0.625000 0.816521
vt 0.613125 0.835542
vt 0.613125 0.816521
vt 0.289458 0.702500
vt 0.269729 0.714375
vt 0.269729 0.702500
vt 0.269729 0.726250
vt 0.289458 0.738125
vt 0.269729 0.738125
vt 0.601250 0.816521
vt 0.589375 0.835542
vt 0.589375 0.816521
vt 0.289458 0.547500
vt 0.308479 0.535770
vt 0.308479 0.547500
vt 0.625000 0.414458
vt 0.613270 0.394729
vt 0.625000 0.394729
vt 0.601250 0.414458
vt 0.589375 0.394729
vt 0.601250 0.394729
vt 0.308479 0.523750
vt 0.289458 0.511875
vt 0.308479 0.511875
vt 0.613270 0.414458
vt 0.289458 0.523750
vt 0.289458 0.726250
vt 0.601250 0.835542
vt 0.480625 0.394729
vt 0.500000 0.414458
vt 0.480625 0.414458
vt 0.480625 0.816521
vt 0.500000 0.835542
vt 0.480625 0.835542
vt 0.577500 0.816521
vt 0.558125 0.835542
vt 0.558125 0.816521
vt 0.691521 0.683138
vt 0.710542 0.702500
vt 0.691521 0.702500
vt 0.289458 0.500000
vt 0.308479 0.500000
vt 0.577500 0.835542
vt 0.691521 0.605653
vt 0.710542 0.625000
vt 0.691521 0.625000
vt 0.289458 0.605653
vt 0.269729 0.625000
vt 0.269729 0.605653
vt 0.558125 0.394729
vt 0.577500 0.414458
vt 0.558125 0.414458
vt 0.589375 0.414458
vt 0.577500 0.394729
vt 0.289458 0.750000
vt 0.269729 0.750000
vt 0.289458 0.683138
vt 0.269729 0.683138
vt 0.750000 0.683138
vt 0.250000 0.500000
vt 0.750000 0.625000
vt 0.625000 0.875000
vt 0.601250 0.336916
vt 0.500000 0.356310
vt 0.211916 0.683138
vt 0.211916 0.625000
vt 0.172500 0.625000
vt 0.558125 0.297500
vt 0.589375 0.297500
vt 0.577500 0.297500
vt 0.172500 0.750000
vt 0.500000 0.297500
vt 0.480625 0.297500
vt 0.601250 0.297500
vt 0.613270 0.297500
vt 0.625000 0.297500
vt 0.625000 0.913084
vt 0.500000 0.913084
vt 0.788084 0.625000
vt 0.211916 0.500000
vt 0.788084 0.683138
vt 0.250000 0.683138
vt 0.250000 0.750000
vt 0.589375 0.375000
vt 0.250000 0.625000
vt 0.500000 0.394729
vt 0.625000 0.835542
vt 0.289458 0.535770
vt 0.500000 0.855271
vt 0.710542 0.683138
vt 0.710542 0.605653
vt 0.327500 0.500000
vt 0.558125 0.797500
vt 0.480625 0.797500
vt 0.500000 0.816521
vt 0.625000 0.797500
vt 0.289458 0.714375
vt 0.500000 0.433479
vt 0.289458 0.625000
vt 0.308479 0.643880
vt 0.289458 0.663777
vt 0.289458 0.643880
vt 0.672500 0.643880
vt 0.691521 0.663777
vt 0.672500 0.663777
vt 0.730271 0.643880
vt 0.710542 0.663777
vt 0.710542 0.643880
vt 0.269729 0.643880
vt 0.250000 0.663777
vt 0.250000 0.643880
vt 0.807792 0.643880
vt 0.788084 0.663777
vt 0.788084 0.643880
vt 0.172500 0.643880
vt 0.192208 0.663777
vt 0.172500 0.663777
vt 0.211916 0.643880
vt 0.231310 0.663777
vt 0.211916 0.663777
vt 0.768690 0.643880
vt 0.750000 0.663777
vt 0.750000 0.643880
vt 0.269729 0.663777
vt 0.691521 0.643880
vt 0.768690 0.663777
vt 0.192208 0.643880
vt 0.148750 0.643879
vt 0.136875 0.663777
vt 0.136875 0.643880
vt 0.601250 0.066862
vt 0.589375 0.086223
vt 0.589375 0.066862
vt 0.625000 0.066862
vt 0.612965 0.086223
vt 0.612965 0.066862
vt 0.160465 0.643880
vt 0.160465 0.663777
vt 0.601250 0.086223
vt 0.625000 0.663777
vt 0.601250 0.643880
vt 0.625000 0.643880
vt 0.375000 0.683138
vt 0.398750 0.663777
vt 0.398750 0.683138
vt 0.351250 0.663777
vt 0.351250 0.683138
vt 0.648750 0.643880
vt 0.648750 0.663777
vt 0.375000 0.663777
vt 0.480625 0.643880
vt 0.500000 0.663777
vt 0.480625 0.663777
vt 0.480625 0.066862
vt 0.500000 0.086223
vt 0.480625 0.086223
vt 0.231310 0.643880
vt 0.730271 0.663777
vt 0.558125 0.066862
vt 0.577500 0.086223
vt 0.558125 0.086223
vt 0.577500 0.066862
vt 0.422500 0.683138
vt 0.601250 0.663777
vt 0.577500 0.643879
vt 0.125000 0.663777
vt 0.125000 0.643880
vt 0.558125 0.663777
vt 0.558125 0.643880
vt 0.827500 0.643879
vt 0.807792 0.663777
vt 0.327500 0.663777
vt 0.308479 0.663777
vt 0.422500 0.702500
vt 0.398750 0.702500
vt 0.500000 0.047500
vt 0.375000 0.702500
vt 0.148750 0.663777
vt 0.500000 0.683138
vt 0.577500 0.663777
vt 0.827500 0.663777
vt 0.577500 0.625000
vt 0.500000 0.643880
vt 0.625000 0.086223
vt 0.500000 0.106120
vt 0.422500 0.663777
vt 0.308479 0.566875
vt 0.289458 0.586250
vt 0.289458 0.566875
vt 0.672500 0.566875
vt 0.691521 0.586250
vt 0.672500 0.586250
vt 0.710542 0.566875
vt 0.730271 0.586250
vt 0.710542 0.586250
vt 0.269729 0.566875
vt 0.250000 0.586250
vt 0.250000 0.566875
vt 0.807792 0.566875
vt 0.788084 0.586250
vt 0.788084 0.566875
vt 0.192208 0.566875
vt 0.172500 0.586250
vt 0.172500 0.566875
vt 0.231310 0.566875
vt 0.211916 0.586250
vt 0.211916 0.566875
vt 0.768690 0.566875
vt 0.750000 0.586250
vt 0.750000 0.566875
vt 0.269729 0.586250
vt 0.691521 0.566875
vt 0.768690 0.586250
vt 0.192208 0.586250
vt 0.601250 0.163750
vt 0.589375 0.144347
vt 0.601250 0.144347
vt 0.148750 0.566875
vt 0.136875 0.586250
vt 0.136875 0.566875
vt 0.160465 0.586250
vt 0.160465 0.566875
vt 0.625000 0.163750
vt 0.612965 0.144347
vt 0.625000 0.144347
vt 0.612965 0.163750
vt 0.148750 0.586250
vt 0.375000 0.605653
vt 0.398750 0.586250
vt 0.398750 0.605653
vt 0.625000 0.586250
vt 0.601250 0.566875
vt 0.625000 0.566875
vt 0.648750 0.566875
vt 0.327500 0.586250
vt 0.351250 0.605653
vt 0.327500 0.605653
vt 0.375000 0.586250
vt 0.648750 0.586250
vt 0.480625 0.144347
vt 0.500000 0.163750
vt 0.480625 0.163750
vt 0.500000 0.566875
vt 0.480625 0.586250
vt 0.480625 0.566875
vt 0.730271 0.566875
vt 0.231310 0.586250
vt 0.308479 0.586250
vt 0.827500 0.586250
vt 0.807792 0.586250
vt 0.577500 0.566875
vt 0.558125 0.586250
vt 0.558125 0.566875
vt 0.125000 0.586250
vt 0.125000 0.566875
vt 0.601250 0.586250
vt 0.422500 0.586250
vt 0.422500 0.605653
vt 0.589375 0.163750
vt 0.577500 0.144347
vt 0.558125 0.163750
vt 0.558125 0.144347
vt 0.422500 0.625000
vt 0.500000 0.144347
vt 0.601250 0.125000
vt 0.500000 0.586250
vt 0.827500 0.605653
vt 0.577500 0.586250
vt 0.577500 0.547500
vt 0.601250 0.547500
vt 0.558125 0.547500
vt 0.827500 0.547500
vt 0.807792 0.547500
vt 0.730271 0.547500
vt 0.480625 0.547500
vt 0.625000 0.547500
vt 0.648750 0.547500
vt 0.672500 0.547500
vt 0.788084 0.547500
vt 0.768690 0.547500
vt 0.691521 0.547500
vt 0.750000 0.547500
vt 0.710542 0.547500
vt 0.351250 0.586250
vt 0.577500 0.163750
vt 0.538750 0.163750
vt 0.519375 0.183125
vt 0.519375 0.163750
vt 0.538750 0.566875
vt 0.519375 0.566875
vt 0.538750 0.586250
vt 0.519375 0.605653
vt 0.519375 0.586250
vt 0.519375 0.125000
vt 0.538750 0.144347
vt 0.519375 0.144347
vt 0.519375 0.086223
vt 0.538750 0.106120
vt 0.519375 0.106120
vt 0.538750 0.625000
vt 0.519375 0.643880
vt 0.519375 0.625000
vt 0.538750 0.663777
vt 0.519375 0.683138
vt 0.519375 0.663777
vt 0.538750 0.047500
vt 0.519375 0.066862
vt 0.519375 0.047500
vt 0.538750 0.643880
vt 0.538750 0.086223
vt 0.538750 0.414458
vt 0.519375 0.433479
vt 0.519375 0.414458
vt 0.538750 0.797500
vt 0.519375 0.816521
vt 0.538750 0.835542
vt 0.519375 0.855271
vt 0.519375 0.835542
vt 0.538750 0.375000
vt 0.519375 0.394729
vt 0.519375 0.375000
vt 0.519375 0.913084
vt 0.538750 0.932792
vt 0.519375 0.932792
vt 0.538750 0.317208
vt 0.519375 0.317208
vt 0.519375 0.336916
vt 0.538750 0.356310
vt 0.519375 0.356310
vt 0.538750 0.875000
vt 0.519375 0.893690
vt 0.519375 0.875000
vt 0.538750 0.394729
vt 0.538750 0.816521
vt 0.538750 0.893690
vt 0.538750 0.336916
vt 0.538750 0.035625
vt 0.519375 0.041562
vt 0.519375 0.035625
vt 0.538750 0.726449
vt 0.558125 0.714474
vt 0.558125 0.726449
vt 0.538750 0.750397
vt 0.558125 0.738423
vt 0.558125 0.750397
vt 0.538750 0.023750
vt 0.519375 0.029687
vt 0.519375 0.023750
vt 0.558125 0.226250
vt 0.538750 0.214230
vt 0.558125 0.214230
vt 0.538750 0.547500
vt 0.558125 0.535939
vt 0.538750 0.524093
vt 0.558125 0.512390
vt 0.558125 0.524093
vt 0.558125 0.250000
vt 0.538750 0.238125
vt 0.558125 0.238125
vt 0.538750 0.011875
vt 0.519375 0.017813
vt 0.519375 0.011875
vt 0.558125 0.273750
vt 0.538750 0.261875
vt 0.558125 0.261875
vt 0.538750 0.285465
vt 0.558125 0.285465
vt 0.538750 0.000000
vt 0.519375 0.006018
vt 0.519375 0.000000
vt 0.538750 0.226250
vt 0.538750 0.535939
vt 0.538750 0.006018
vt 0.538750 0.273750
vt 0.538750 0.773949
vt 0.558125 0.762173
vt 0.558125 0.773949
vt 0.538750 0.500686
vt 0.558125 0.488640
vt 0.558125 0.500686
vt 0.538750 0.476593
vt 0.558125 0.464547
vt 0.558125 0.476593
vt 0.558125 0.785724
vt 0.538750 0.029687
vt 0.538750 0.738423
vt 0.538750 0.488640
vt 0.538750 0.785724
vt 0.538750 0.250000
vt 0.538750 0.017813
vt 0.538750 0.512390
vt 0.538750 0.762173
vt 0.538750 0.464547
vt 0.538750 0.714474
vt 0.538750 0.202500
vt 0.538750 0.855271
vt 0.538750 0.125000
vt 0.538750 0.605653
vt 0.538750 0.433479
vt 0.538750 0.041562
vt 0.538750 0.683138
vt 0.519375 0.952500
vt 0.538750 0.183125
vt 0.577500 0.214230
vt 0.577500 0.714474
vt 0.577500 0.464547
vt 0.577500 0.750397
vt 0.577500 0.762173
vt 0.577500 0.500686
vt 0.577500 0.512390
vt 0.577500 0.261875
vt 0.577500 0.250000
vt 0.577500 0.773949
vt 0.577500 0.785724
vt 0.577500 0.488640
vt 0.577500 0.738423
vt 0.577500 0.726449
vt 0.577500 0.285465
vt 0.577500 0.273750
vt 0.577500 0.524093
vt 0.577500 0.535939
vt 0.577500 0.238125
vt 0.538750 0.066862
vt 0.538750 0.913084
vt 0.538750 0.297500
vt 0.538750 0.452500
vt 0.538750 0.702500
vt 0.538750 0.952500
vt 0.500000 0.932792
vt 0.500000 0.605653
vt 0.500000 0.000000
vt 0.500000 0.317208
vt 0.500000 0.797500
vt 0.500000 0.066862
vt 0.461250 0.163750
vt 0.441875 0.183125
vt 0.441875 0.163750
vt 0.461250 0.547500
vt 0.441875 0.566875
vt 0.461250 0.586250
vt 0.441875 0.605653
vt 0.441875 0.586250
vt 0.461250 0.125000
vt 0.441875 0.144347
vt 0.441875 0.125000
vt 0.461250 0.566875
vt 0.461250 0.144347
vt 0.461250 0.086223
vt 0.441875 0.106120
vt 0.441875 0.086223
vt 0.441875 0.625000
vt 0.461250 0.643880
vt 0.441875 0.643880
vt 0.441875 0.663777
vt 0.461250 0.683138
vt 0.441875 0.683138
vt 0.441875 0.047500
vt 0.461250 0.066862
vt 0.441875 0.066862
vt 0.461250 0.663777
vt 0.441875 0.414458
vt 0.461250 0.433479
vt 0.441875 0.433479
vt 0.461250 0.797500
vt 0.441875 0.816521
vt 0.461250 0.835542
vt 0.441875 0.855271
vt 0.441875 0.835542
vt 0.441875 0.375000
vt 0.461250 0.394729
vt 0.441875 0.394729
vt 0.441875 0.913084
vt 0.461250 0.932792
vt 0.441875 0.932792
vt 0.461250 0.297500
vt 0.441875 0.317208
vt 0.441875 0.336916
vt 0.461250 0.356310
vt 0.441875 0.356310
vt 0.441875 0.875000
vt 0.461250 0.893690
vt 0.441875 0.893690
vt 0.461250 0.816521
vt 0.461250 0.414458
vt 0.461250 0.317208
vt 0.461250 0.726449
vt 0.480625 0.714474
vt 0.480625 0.726449
vt 0.441875 0.035625
vt 0.461250 0.041562
vt 0.441875 0.041562
vt 0.441875 0.023750
vt 0.461250 0.029687
vt 0.441875 0.029687
vt 0.461250 0.750397
vt 0.480625 0.738423
vt 0.480625 0.750397
vt 0.461250 0.226250
vt 0.480625 0.214230
vt 0.480625 0.226250
vt 0.461250 0.535939
vt 0.480625 0.535939
vt 0.480625 0.524093
vt 0.461250 0.512390
vt 0.480625 0.512390
vt 0.461250 0.250000
vt 0.480625 0.238125
vt 0.480625 0.250000
vt 0.441875 0.011875
vt 0.461250 0.017812
vt 0.441875 0.017812
vt 0.461250 0.273750
vt 0.480625 0.261875
vt 0.480625 0.273750
vt 0.480625 0.285465
vt 0.441875 0.000000
vt 0.461250 0.006018
vt 0.441875 0.006018
vt 0.461250 0.238125
vt 0.461250 0.524093
vt 0.461250 0.011875
vt 0.461250 0.285465
vt 0.480625 0.773949
vt 0.461250 0.762173
vt 0.480625 0.762173
vt 0.461250 0.500686
vt 0.480625 0.488640
vt 0.480625 0.500686
vt 0.480625 0.476593
vt 0.461250 0.464547
vt 0.480625 0.464547
vt 0.461250 0.785724
vt 0.480625 0.785724
vt 0.461250 0.738423
vt 0.461250 0.035625
vt 0.461250 0.488640
vt 0.461250 0.773949
vt 0.461250 0.261875
vt 0.461250 0.023750
vt 0.461250 0.183125
vt 0.461250 0.952500
vt 0.441875 0.952500
vt 0.461250 0.047500
vt 0.461250 0.452500
vt 0.461250 0.605653
vt 0.461250 0.106120
vt 0.461250 0.375000
vt 0.461250 0.875000
vt 0.461250 0.214230
vt 0.461250 0.714474
vt 0.500000 0.464547
vt 0.461250 0.625000
vt 0.461250 0.855271
vt 0.461250 0.913084
vt 0.461250 0.336916
vt 0.461250 0.000000
vt 0.461250 0.202500
vt 0.461250 0.702500
vt 0.422500 0.875000
vt 0.422500 0.855271
vt 0.422500 0.356310
vt 0.422500 0.375000
vt 0.422500 0.125000
vt 0.422500 0.106120
vt 0.422500 0.433479
vt 0.422500 0.041562
vt 0.422500 0.047500
vt 0.422500 0.932792
vt 0.422500 0.952500
vt 0.422500 0.202500
vt 0.422500 0.183125
vt 0.422500 0.017812
vt 0.422500 0.023750
vt 0.422500 0.029687
vt 0.422500 0.035625
vt 0.422500 0.006018
vt 0.422500 0.011875
vt 0.422500 0.000000
vt 0.422500 0.913084
vt 0.422500 0.893690
vt 0.422500 0.317208
vt 0.422500 0.336916
vt 0.422500 0.394729
vt 0.422500 0.414458
vt 0.422500 0.835542
vt 0.422500 0.816521
vt 0.422500 0.297500
vt 0.422500 0.797500
vt 0.422500 0.066862
vt 0.422500 0.086223
vt 0.422500 0.163750
vt 0.422500 0.144347
vt 0.461250 0.476593
vt 0.827500 0.702500
vt 0.577500 0.500000
vt 0.327500 0.750000
vt 0.172500 0.500000
vt 0.601250 0.702500
vt 0.398750 0.547500
vt 0.422500 0.488640
vt 0.613125 0.952500
vt 0.827500 0.566875
s 0
usemtl Material
f 491/1/1 405/2/1 487/3/1
f 620/4/2 710/5/2 770/6/2
f 754/7/3 20/8/3 708/9/3
f 490/10/4 356/11/4 483/12/4
f 762/13/5 7/14/5 709/15/5
f 107/16/6 225/17/6 230/18/6
f 204/19/7 59/20/7 198/21/7
f 250/22/8 9/23/8 102/24/8
f 96/25/9 243/26/9 249/27/9
f 213/28/10 180/29/10 234/30/10
f 156/31/11 200/32/11 208/33/11
f 157/34/12 244/35/12 256/36/12
f 258/37/13 62/38/13 245/39/13
f 183/40/14 488/41/14 498/42/14
f 200/32/15 367/43/15 375/44/15
f 1013/45/16 5/46/16 1002/47/16
f 271/48/17 733/49/17 746/50/17
f 270/51/18 1004/52/18 1026/53/18
f 227/54/19 1005/55/19 1024/56/19
f 244/57/20 368/58/20 377/59/20
f 495/60/21 7/14/21 489/61/21
f 243/26/22 417/62/22 425/63/22
f 630/64/23 14/65/23 620/4/23
f 197/66/24 418/67/24 423/68/24
f 627/69/25 6/70/25 621/71/25
f 758/72/26 1/73/26 707/74/26
f 109/75/27 513/76/27 519/77/27
f 522/78/28 30/79/28 512/80/28
f 110/81/29 597/82/29 603/83/29
f 606/84/30 26/85/30 596/86/30
f 597/82/31 736/87/31 768/88/31
f 591/89/32 29/90/32 371/91/32
f 764/92/33 30/79/33 737/93/33
f 595/94/34 31/95/34 419/96/34
f 575/97/35 347/98/35 589/99/35
f 576/100/36 395/101/36 593/102/36
f 346/103/37 738/104/37 752/105/37
f 351/106/38 40/107/38 346/103/38
f 237/108/39 345/109/39 353/110/39
f 401/111/40 36/112/40 392/113/40
f 190/114/41 391/115/41 399/116/41
f 485/117/42 35/118/42 380/119/42
f 392/113/43 739/120/43 756/121/43
f 481/122/44 37/123/44 333/124/44
f 948/125/45 54/126/45 931/127/45
f 944/128/46 53/129/46 930/130/46
f 956/131/47 52/132/47 929/133/47
f 960/134/48 51/135/48 928/136/48
f 950/137/49 44/138/49 899/139/49
f 832/140/50 50/141/50 813/142/50
f 834/143/51 48/144/51 812/145/51
f 264/146/52 925/147/52 938/148/52
f 821/149/53 44/138/53 810/150/53
f 954/151/54 48/144/54 901/152/54
f 946/153/55 45/154/55 900/155/55
f 611/156/56 902/157/56 962/158/56
f 823/159/57 57/160/57 814/161/57
f 117/162/58 1006/163/58 1015/164/58
f 192/165/59 815/166/59 830/167/59
f 198/168/60 1007/169/60 1022/170/60
f 936/171/61 63/172/61 932/173/61
f 182/174/62 740/175/62 744/176/62
f 828/177/63 66/178/63 816/179/63
f 1020/180/64 65/181/64 1008/182/64
f 1012/183/65 72/184/65 1009/185/65
f 820/186/66 77/187/66 817/188/66
f 118/189/67 818/190/67 822/191/67
f 101/192/68 601/193/68 602/194/68
f 100/195/69 517/196/69 518/197/69
f 626/198/70 69/199/70 625/200/70
f 95/201/71 493/202/71 494/203/71
f 1014/204/72 78/205/72 1010/206/72
f 117/207/73 248/208/73 252/209/73
f 241/210/74 111/211/74 251/212/74
f 203/213/75 78/214/75 202/215/75
f 229/216/76 68/217/76 228/218/76
f 272/219/77 119/220/77 276/221/77
f 120/222/78 265/223/78 275/224/78
f 247/225/79 933/226/79 937/227/79
f 833/228/80 87/229/80 819/230/80
f 402/231/81 86/232/81 397/233/81
f 354/234/82 85/235/82 349/236/82
f 426/237/83 81/238/83 421/239/83
f 378/240/84 82/241/84 373/242/84
f 239/243/85 1011/244/85 1025/245/85
f 240/246/86 741/247/86 745/248/86
f 282/249/87 84/250/87 262/251/87
f 159/252/88 261/253/88 280/254/88
f 274/255/89 81/238/89 260/256/89
f 273/257/90 80/258/90 106/259/90
f 272/219/91 106/259/91 92/260/91
f 91/261/92 274/255/92 265/223/92
f 211/262/93 98/263/93 229/216/93
f 187/264/94 104/265/94 203/213/94
f 8/266/95 494/203/95 464/267/95
f 610/268/96 94/269/96 626/198/96
f 502/270/97 100/195/97 518/197/97
f 27/271/98 602/194/98 572/272/98
f 773/273/99 103/274/99 820/186/99
f 965/275/100 96/276/100 1012/183/100
f 75/277/101 821/149/101 818/190/101
f 1010/206/102 104/278/102 1013/45/102
f 72/279/103 249/27/103 248/208/103
f 250/22/104 76/280/104 241/210/104
f 89/281/105 275/224/105 270/282/105
f 276/221/106 79/283/106 259/284/106
f 251/212/107 55/285/107 242/286/107
f 56/287/108 252/209/108 239/288/108
f 59/289/109 1014/204/109 1007/169/109
f 60/290/110 822/191/110 815/166/110
f 1009/185/111 117/162/111 1015/164/111
f 817/188/112 112/291/112 823/159/112
f 74/292/113 603/83/113 601/193/113
f 73/293/114 519/77/114 517/196/114
f 69/199/115 627/69/115 625/200/115
f 70/294/116 495/60/116 493/202/116
f 202/215/117 113/295/117 204/19/117
f 68/217/118 230/18/118 228/218/118
f 184/296/119 277/297/119 281/298/119
f 168/299/120 278/300/120 279/301/120
f 1019/302/121 123/303/121 1016/304/121
f 827/305/122 132/306/122 824/307/122
f 157/34/123 742/308/123 743/309/123
f 935/310/124 130/311/124 934/312/124
f 605/313/125 128/314/125 604/315/125
f 162/316/126 520/317/126 521/318/126
f 155/319/127 628/320/127 629/321/127
f 158/322/128 496/323/128 497/324/128
f 255/325/129 129/326/129 253/327/129
f 182/174/130 254/328/130 257/329/130
f 181/330/131 205/331/131 210/332/131
f 232/333/132 121/334/132 155/319/132
f 206/335/133 169/336/133 207/337/133
f 185/338/134 219/339/134 233/340/134
f 148/341/135 196/342/135 194/343/135
f 216/344/136 151/345/136 218/346/136
f 136/347/137 217/348/137 221/349/137
f 135/350/138 195/351/138 197/66/138
f 149/352/139 194/343/139 195/351/139
f 150/353/140 216/344/140 217/348/140
f 212/354/141 1017/355/141 1023/356/141
f 226/357/142 825/358/142 831/359/142
f 829/360/143 143/361/143 826/362/143
f 224/363/144 398/364/144 400/365/144
f 223/366/145 350/367/145 352/368/145
f 211/262/146 422/369/146 424/370/146
f 1021/371/147 146/372/147 1018/373/147
f 214/374/148 374/375/148 376/376/148
f 170/377/149 214/374/149 231/378/149
f 199/379/150 186/380/150 209/381/150
f 218/346/151 137/382/151 212/383/151
f 152/384/152 191/385/152 196/342/152
f 153/386/153 231/378/153 219/339/153
f 207/337/154 138/387/154 188/388/154
f 222/389/155 155/319/155 15/390/155
f 236/391/156 164/392/156 255/325/156
f 22/393/157 497/324/157 463/394/157
f 15/390/158 629/321/158 609/395/158
f 29/396/159 521/318/159 501/397/159
f 571/398/160 163/399/160 605/313/160
f 900/400/161 165/401/161 935/310/161
f 20/402/162 743/309/162 708/403/162
f 774/404/163 167/405/163 827/305/163
f 966/406/164 156/407/164 1019/302/164
f 83/408/165 279/301/165 267/409/165
f 134/410/166 280/254/166 277/297/166
f 125/411/167 256/36/167 254/328/167
f 123/412/168 208/33/168 205/331/168
f 209/381/169 154/413/169 206/335/169
f 146/414/170 233/340/170 227/415/170
f 65/416/171 210/332/171 193/417/171
f 61/418/172 257/329/172 240/246/172
f 90/419/173 281/298/173 271/48/173
f 278/300/174 179/420/174 282/249/174
f 1016/304/175 181/421/175 1020/180/175
f 824/307/176 178/422/176 828/177/176
f 125/411/177 744/176/177 742/308/177
f 934/312/178 176/423/178 936/171/178
f 604/315/179 174/424/179 606/84/179
f 520/317/180 173/425/180 522/78/180
f 628/320/181 180/29/181 630/64/181
f 126/426/182 498/42/182 496/323/182
f 253/327/183 175/427/183 258/37/183
f 234/30/184 121/334/184 220/428/184
f 193/417/185 185/338/185 146/414/185
f 177/429/186 206/335/186 131/430/186
f 205/331/187 170/377/187 153/386/187
f 166/431/188 188/388/188 13/432/188
f 196/342/189 58/433/189 114/434/189
f 64/435/190 209/381/190 177/429/190
f 1008/182/191 193/436/191 1021/371/191
f 816/179/192 201/437/192 829/360/192
f 195/351/193 67/438/193 93/439/193
f 197/66/194 93/439/194 1/73/194
f 194/343/195 114/434/195 67/438/195
f 131/430/196 207/337/196 166/431/196
f 210/332/197 153/386/197 185/338/197
f 147/440/198 204/19/198 151/345/198
f 187/264/199 150/353/199 136/347/199
f 150/353/200 202/215/200 147/440/200
f 137/441/201 1022/170/201 1017/355/201
f 145/442/202 830/167/202 825/358/202
f 142/443/203 399/116/203 398/364/203
f 141/444/204 351/106/204 350/367/204
f 135/350/205 423/68/205 422/369/205
f 140/445/206 375/44/206 374/375/206
f 170/377/207 200/32/207 140/445/207
f 151/345/208 198/21/208 137/382/208
f 186/380/209 220/428/209 154/413/209
f 227/415/210 171/446/210 16/447/210
f 138/387/211 232/333/211 222/389/211
f 219/339/212 160/448/212 122/449/212
f 115/450/213 212/383/213 6/199/213
f 231/378/214 18/451/214 160/448/214
f 355/452/215 214/374/215 376/376/215
f 2/453/216 424/370/216 406/454/216
f 39/455/217 352/368/217 334/456/217
f 33/457/218 400/365/218 379/458/218
f 43/459/219 831/359/219 771/460/219
f 6/70/220 1023/356/220 963/461/220
f 217/348/221 69/269/221 94/462/221
f 221/349/222 94/462/222 4/463/222
f 216/344/223 115/450/223 69/269/223
f 171/446/224 219/339/224 122/449/224
f 154/413/225 232/333/225 169/336/225
f 228/218/226 152/384/226 148/341/226
f 135/350/227 229/216/227 149/352/227
f 149/352/228 228/218/228 148/341/228
f 826/362/229 215/464/229 832/140/229
f 1018/373/230 227/54/230 1024/56/230
f 139/465/231 234/30/231 186/380/231
f 230/18/232 144/466/232 152/384/232
f 133/467/233 258/37/233 179/420/233
f 240/246/234 184/296/234 90/419/234
f 254/328/235 159/252/235 134/410/235
f 236/391/236 168/299/236 83/408/236
f 257/329/237 134/410/237 184/296/237
f 168/299/238 253/327/238 133/467/238
f 239/288/239 120/222/239 89/281/239
f 119/220/240 242/286/240 79/283/240
f 92/260/241 250/22/241 241/210/241
f 248/208/242 105/468/242 91/261/242
f 61/418/243 745/248/243 740/175/243
f 56/469/244 1025/245/244 1006/163/244
f 814/161/245 246/470/245 833/228/245
f 932/173/246 247/225/246 937/227/246
f 92/260/247 251/212/247 119/220/247
f 252/209/248 91/261/248 120/222/248
f 397/233/249 238/471/249 401/111/249
f 349/236/250 237/108/250 353/110/250
f 81/238/251 425/63/251 421/239/251
f 82/241/252 377/59/252 373/242/252
f 179/420/253 245/39/253 84/250/253
f 256/36/254 82/472/254 159/252/254
f 105/468/255 243/26/255 81/238/255
f 106/259/256 235/473/256 250/22/256
f 278/300/257 183/40/257 126/426/257
f 271/48/258 172/474/258 19/475/258
f 124/476/259 280/254/259 161/477/259
f 267/409/260 158/322/260 22/393/260
f 279/301/261 126/426/261 158/322/261
f 172/474/262 277/297/262 124/476/262
f 116/478/263 259/284/263 7/479/263
f 270/282/264 108/480/264 10/481/264
f 265/223/265 99/482/265 71/483/265
f 70/484/266 273/257/266 272/219/266
f 95/485/267 266/486/267 273/257/267
f 99/482/268 260/256/268 12/487/268
f 161/477/269 261/253/269 21/488/269
f 183/40/270 262/251/270 24/489/270
f 21/490/271 378/240/271 356/491/271
f 405/2/272 260/256/272 426/237/272
f 333/124/273 268/492/273 354/234/273
f 380/493/274 269/494/274 402/231/274
f 275/224/275 71/483/275 108/480/275
f 70/484/276 276/221/276 116/478/276
f 88/495/277 938/148/277 933/226/277
f 819/230/278 263/496/278 834/143/278
f 89/497/279 1026/53/279 1011/244/279
f 90/419/280 746/50/280 741/247/280
f 369/498/281 306/499/281 366/500/281
f 344/501/282 305/502/282 342/503/282
f 337/504/283 304/505/283 341/506/283
f 361/507/284 303/508/284 365/509/284
f 291/510/285 364/511/285 370/512/285
f 283/513/286 340/514/286 343/515/286
f 298/516/287 339/517/287 338/518/287
f 362/519/288 299/520/288 363/521/288
f 301/522/289 338/518/289 340/514/289
f 302/523/290 362/519/290 364/511/290
f 342/503/291 296/524/291 337/504/291
f 366/500/292 295/525/292 361/507/292
f 348/526/293 939/527/293 943/528/293
f 945/529/294 293/530/294 940/531/294
f 482/532/295 290/533/295 369/498/295
f 365/509/296 285/534/296 357/535/296
f 363/521/297 286/536/297 358/537/297
f 358/537/298 747/538/298 753/539/298
f 584/540/299 359/541/299 590/542/299
f 585/543/300 335/544/300 588/545/300
f 304/505/301 332/546/301 341/506/301
f 300/547/302 331/548/302 339/517/302
f 480/549/303 284/550/303 344/551/303
f 751/552/304 289/553/304 748/554/304
f 416/555/305 330/556/305 414/557/305
f 309/558/306 390/559/306 393/560/306
f 385/561/307 328/562/307 389/563/307
f 409/564/308 327/565/308 413/566/308
f 312/567/309 412/568/309 415/569/309
f 310/570/310 388/571/310 394/572/310
f 322/573/311 387/574/311 386/575/311
f 410/576/312 323/577/312 411/578/312
f 325/579/313 386/575/313 388/571/313
f 412/568/314 321/580/314 410/576/314
f 390/559/315 320/581/315 385/561/315
f 414/557/316 319/582/316 409/564/316
f 947/583/317 318/584/317 941/585/317
f 949/586/318 317/587/318 942/588/318
f 404/589/319 749/590/319 757/591/319
f 486/592/320 313/593/320 416/594/320
f 411/578/321 307/595/321 403/596/321
f 413/566/322 308/597/322 404/589/322
f 594/598/323 311/599/323 407/600/323
f 587/601/324 383/602/324 592/603/324
f 755/604/325 315/605/325 750/606/325
f 324/607/326 382/608/326 387/574/326
f 389/563/327 314/609/327 381/610/327
f 479/611/328 393/560/328 484/612/328
f 739/120/329 332/546/329 751/552/329
f 467/613/330 344/551/330 35/118/330
f 339/517/331 34/614/331 190/114/331
f 341/506/332 36/112/332 238/471/332
f 588/545/333 41/615/333 576/100/333
f 931/127/334 348/526/334 943/528/334
f 269/494/335 337/504/335 86/232/335
f 340/514/336 142/443/336 224/363/336
f 338/518/337 190/114/337 142/443/337
f 343/515/338 224/363/338 33/457/338
f 86/232/339 341/506/339 238/471/339
f 35/616/340 342/503/340 269/494/340
f 290/533/341 354/234/341 306/499/341
f 295/525/342 353/110/342 303/508/342
f 334/456/343 302/523/343 291/510/343
f 297/617/344 351/106/344 299/520/344
f 352/368/345 297/617/345 302/523/345
f 306/499/346 349/236/346 295/525/346
f 940/531/347 336/618/347 944/128/347
f 476/619/348 333/124/348 290/533/348
f 303/508/349 345/109/349 285/534/349
f 299/520/350 346/103/350 286/536/350
f 286/536/351 752/105/351 747/538/351
f 589/99/352 287/620/352 584/540/352
f 590/542/353 25/621/353 571/398/353
f 735/622/354 358/537/354 753/539/354
f 188/623/355 358/537/355 13/624/355
f 236/391/356 357/535/356 23/625/356
f 463/394/357 369/498/357 22/393/357
f 49/626/358 945/529/358 927/627/358
f 267/409/359 361/507/359 83/408/359
f 364/511/360 138/628/360 222/629/360
f 138/628/361 363/521/361 188/623/361
f 370/512/362 222/629/362 15/630/362
f 83/408/363 365/509/363 236/391/363
f 22/393/364 366/500/364 267/409/364
f 284/631/365 378/240/365 305/502/365
f 373/242/366 304/505/366 296/524/366
f 355/452/367 301/522/367 283/513/367
f 374/375/368 300/547/368 298/516/368
f 376/376/369 298/516/369 301/522/369
f 305/502/370 373/242/370 296/524/370
f 294/632/371 946/153/371 939/527/371
f 591/89/372 292/633/372 585/543/372
f 377/59/373 289/553/373 304/505/373
f 375/44/374 288/634/374 300/547/374
f 483/12/375 284/550/375 477/635/375
f 748/554/376 368/58/376 754/7/376
f 484/612/377 37/123/377 468/636/377
f 237/108/378 381/610/378 38/637/378
f 387/574/379 40/107/379 189/638/379
f 738/104/380 382/608/380 755/604/380
f 592/603/381 42/639/381 575/97/381
f 930/130/382 396/640/382 947/583/382
f 268/492/383 385/561/383 85/235/383
f 223/366/384 386/575/384 141/444/384
f 386/575/385 189/638/385 141/444/385
f 39/455/386 388/571/386 223/366/386
f 85/235/387 389/563/387 237/108/387
f 37/123/388 390/559/388 268/492/388
f 313/641/389 402/231/389 330/556/389
f 319/582/390 401/111/390 327/565/390
f 379/458/391 326/642/391 312/567/391
f 321/580/392 399/116/392 323/577/392
f 400/365/393 321/580/393 326/642/393
f 330/556/394 397/233/394 319/582/394
f 942/588/395 384/643/395 948/125/395
f 308/597/396 756/121/396 749/590/396
f 478/644/397 380/119/397 313/593/397
f 399/116/398 307/595/398 323/577/398
f 327/565/399 392/113/399 308/597/399
f 586/645/400 395/101/400 311/599/400
f 572/272/401 407/600/401 27/271/401
f 235/473/402 404/589/402 9/23/402
f 187/264/403 403/596/403 5/646/403
f 464/267/404 416/594/404 8/266/404
f 9/23/405 757/591/405 734/647/405
f 926/648/406 420/649/406 949/586/406
f 266/486/407 409/564/407 80/258/407
f 221/349/408 410/576/408 136/347/408
f 136/347/409 411/578/409 187/264/409
f 4/463/410 412/568/410 221/349/410
f 80/258/411 413/566/411 235/473/411
f 8/650/412 414/557/412 266/486/412
f 309/558/413 426/237/413 329/651/413
f 320/581/414 425/63/414 328/562/414
f 406/454/415 325/579/415 310/570/415
f 422/369/416 324/607/416 322/573/416
f 424/370/417 322/573/417 325/579/417
f 329/651/418 421/239/418 320/581/418
f 941/585/419 408/652/419 950/137/419
f 595/94/420 316/653/420 587/601/420
f 750/606/421 418/67/421 758/72/421
f 423/68/422 315/605/422 324/607/422
f 328/562/423 417/62/423 314/609/423
f 487/3/424 309/558/424 479/611/424
f 534/654/425 454/655/425 526/656/425
f 511/657/426 461/658/426 428/659/426
f 532/660/427 453/661/427 525/662/427
f 531/663/428 436/664/428 515/665/428
f 530/666/429 452/667/429 524/668/429
f 510/669/430 457/670/430 427/671/430
f 523/672/431 456/673/431 451/674/431
f 527/675/432 435/676/432 514/677/432
f 526/656/433 459/678/433 531/663/433
f 533/679/434 453/661/434 461/658/434
f 524/668/435 455/680/435 527/675/435
f 529/681/436 451/674/436 457/670/436
f 507/682/437 450/683/437 509/684/437
f 473/685/438 449/686/438 475/687/438
f 490/688/439 448/689/439 474/690/439
f 427/671/440 508/691/440 510/669/440
f 447/692/441 507/682/441 508/691/441
f 474/690/442 445/693/442 473/685/442
f 440/694/443 506/695/443 504/696/443
f 470/697/444 443/698/444 472/699/444
f 491/1/445 442/700/445 471/701/445
f 428/659/446 505/702/446 511/657/446
f 441/703/447 504/696/447 505/702/447
f 471/701/448 439/704/448 470/697/448
f 955/705/449 438/706/449 951/707/449
f 953/708/450 437/709/450 952/710/450
f 528/711/451 436/664/451 456/673/451
f 514/677/452 460/712/452 532/660/452
f 761/713/453 429/714/453 759/715/453
f 475/687/454 429/714/454 465/716/454
f 443/698/455 466/717/455 472/699/455
f 444/718/456 500/719/456 506/695/456
f 509/684/457 431/720/457 499/721/457
f 500/719/458 760/722/458 763/723/458
f 501/724/459 458/725/459 530/666/459
f 534/654/460 434/726/460 462/727/460
f 472/699/461 10/728/461 108/729/461
f 172/474/462 465/716/462 19/475/462
f 19/475/463 761/713/463 733/49/463
f 46/730/464 953/708/464 925/147/464
f 99/483/465 470/697/465 71/731/465
f 12/487/466 471/701/466 99/483/466
f 71/731/467 472/699/467 108/729/467
f 161/477/468 473/685/468 124/476/468
f 21/488/469 474/690/469 161/477/469
f 124/476/470 475/687/470 172/474/470
f 462/727/471 479/611/471 454/655/471
f 428/659/472 486/592/472 464/267/472
f 453/661/473 485/117/473 478/644/473
f 459/678/474 468/636/474 436/664/474
f 458/725/475 477/635/475 452/667/475
f 427/671/476 482/532/476 463/394/476
f 451/674/477 481/122/477 476/619/477
f 435/676/478 480/549/478 467/613/478
f 454/655/479 484/612/479 459/678/479
f 461/658/480 478/644/480 486/592/480
f 452/667/481 480/549/481 455/680/481
f 457/670/482 476/619/482 482/532/482
f 496/323/483 450/683/483 446/732/483
f 463/394/484 447/692/484 427/671/484
f 497/324/485 446/732/485 447/692/485
f 493/202/486 444/718/486 440/694/486
f 464/267/487 441/703/487 428/659/487
f 494/203/488 440/694/488 441/703/488
f 951/707/489 469/733/489 954/151/489
f 456/673/490 468/636/490 481/122/490
f 460/712/491 467/613/491 485/117/491
f 495/60/492 432/734/492 444/718/492
f 498/42/493 431/720/493 450/683/493
f 760/722/494 489/61/494 762/13/494
f 433/735/495 483/12/495 458/725/495
f 434/726/496 487/3/496 462/727/496
f 419/96/497 502/270/497 534/654/497
f 29/90/498 530/666/498 371/91/498
f 28/736/499 763/723/499 736/87/499
f 174/424/500 499/721/500 26/85/500
f 506/695/501 28/736/501 110/81/501
f 41/615/502 532/660/502 395/101/502
f 42/639/503 528/711/503 347/98/503
f 928/136/504 516/737/504 955/705/504
f 505/702/505 74/292/505 101/192/505
f 511/657/506 101/192/506 27/271/506
f 504/696/507 110/81/507 74/292/507
f 163/399/508 507/682/508 128/314/508
f 510/669/509 163/399/509 25/621/509
f 128/314/510 509/684/510 174/424/510
f 359/541/511 523/672/511 529/681/511
f 292/633/512 527/675/512 335/544/512
f 407/600/513 525/662/513 533/679/513
f 316/653/514 531/663/514 383/602/514
f 335/544/515 514/677/515 41/615/515
f 287/620/516 528/711/516 523/672/516
f 25/621/517 529/681/517 510/669/517
f 371/91/518 524/668/518 292/633/518
f 383/602/519 515/665/519 42/639/519
f 395/101/520 525/662/520 311/599/520
f 27/271/521 533/679/521 511/657/521
f 419/96/522 526/656/522 316/653/522
f 445/693/523 522/78/523 449/686/523
f 433/738/524 521/318/524 448/689/524
f 448/689/525 520/317/525 445/693/525
f 517/196/526 443/698/526 439/704/526
f 434/726/527 518/197/527 442/700/527
f 518/197/528 439/704/528 442/700/528
f 952/710/529 503/739/529 956/131/529
f 759/715/530 512/80/530 764/92/530
f 449/686/531 512/80/531 429/714/531
f 519/77/532 430/740/532 443/698/532
f 642/741/533 562/742/533 634/743/533
f 619/744/534 569/745/534 540/746/534
f 633/747/535 568/748/535 561/749/535
f 639/750/536 543/751/536 622/752/536
f 638/753/537 560/754/537 632/755/537
f 637/756/538 539/757/538 618/758/538
f 636/759/539 559/760/539 631/761/539
f 635/762/540 544/763/540 623/764/540
f 634/743/541 567/765/541 639/750/541
f 641/766/542 561/749/542 569/745/542
f 632/755/543 563/767/543 635/762/543
f 631/761/544 565/768/544 637/756/544
f 554/769/545 583/770/545 581/771/545
f 615/772/546 557/773/546 617/774/546
f 618/758/547 556/775/547 616/776/547
f 537/777/548 582/778/548 598/779/548
f 555/780/549 581/771/549 582/778/549
f 616/776/550 553/781/550 615/772/550
f 578/782/551 552/783/551 580/784/551
f 547/785/552 614/786/552 612/787/552
f 540/746/553 613/788/553 619/744/553
f 538/789/554 579/790/554 599/791/554
f 579/790/555 548/792/555 578/782/555
f 550/793/556 612/787/556 613/788/556
f 959/794/557 546/795/557 957/796/557
f 624/797/558 958/798/558 961/799/558
f 640/800/559 544/763/559 568/748/559
f 622/752/560 564/801/560 636/759/560
f 610/268/561 570/802/561 642/741/561
f 638/753/562 537/803/562 566/804/562
f 608/805/563 765/806/563 769/807/563
f 617/774/564 535/808/564 607/809/564
f 551/810/565 608/805/565 614/786/565
f 580/784/566 542/811/566 574/812/566
f 558/813/567 573/814/567 583/770/567
f 573/814/568 766/815/568 767/816/568
f 737/93/569 573/814/569 767/816/569
f 583/770/570 30/79/570 173/425/570
f 109/75/571 574/812/571 32/817/571
f 929/133/572 600/818/572 959/794/572
f 579/790/573 73/293/573 100/195/573
f 599/791/574 100/195/574 31/95/574
f 578/782/575 109/75/575 73/293/575
f 582/778/576 127/819/576 162/316/576
f 598/779/577 162/316/577 29/396/577
f 581/771/578 173/425/578 127/819/578
f 570/802/579 587/601/579 562/742/579
f 540/746/580 594/598/580 572/272/580
f 561/749/581 593/102/581 586/645/581
f 567/765/582 575/97/582 543/751/582
f 566/804/583 585/543/583 560/754/583
f 565/768/584 571/398/584 539/757/584
f 564/801/585 584/540/585 559/760/585
f 563/767/586 576/100/586 544/763/586
f 562/742/587 592/603/587 567/765/587
f 569/745/588 586/645/588 594/598/588
f 560/754/589 588/545/589 563/767/589
f 559/760/590 590/542/590 565/768/590
f 553/781/591 606/84/591 557/773/591
f 539/757/592 605/313/592 556/775/592
f 556/775/593 604/315/593 553/781/593
f 601/193/594 551/810/594 547/785/594
f 572/272/595 550/793/595 540/746/595
f 602/194/596 547/785/596 550/793/596
f 545/820/597 960/134/597 958/798/597
f 568/748/598 576/100/598 593/102/598
f 543/751/599 589/99/599 564/801/599
f 538/789/600 595/94/600 570/802/600
f 566/804/601 598/821/601 591/89/601
f 536/822/602 768/88/602 765/806/602
f 557/773/603 596/86/603 535/808/603
f 603/83/604 536/822/604 551/810/604
f 614/786/605 3/823/605 107/824/605
f 171/446/606 607/809/606 16/447/606
f 732/825/607 608/805/607 769/807/607
f 15/826/608 638/753/608 370/827/608
f 415/569/609 610/268/609 642/741/609
f 33/457/610 636/759/610 343/515/610
f 394/828/611 623/764/611 640/800/611
f 924/829/612 624/797/612 961/799/612
f 613/788/613 68/830/613 98/831/613
f 619/744/614 98/831/614 2/832/614
f 612/787/615 107/824/615 68/830/615
f 616/776/616 122/449/616 160/448/616
f 618/758/617 160/448/617 18/451/617
f 122/449/618 617/774/618 171/446/618
f 283/513/619 637/756/619 355/452/619
f 291/833/620 635/762/620 334/834/620
f 406/835/621 633/747/621 641/766/621
f 312/567/622 639/750/622 379/458/622
f 334/834/623 623/764/623 39/836/623
f 343/515/624 631/761/624 283/513/624
f 18/451/625 637/756/625 618/758/625
f 370/827/626 632/755/626 291/833/626
f 379/458/627 622/752/627 33/457/627
f 310/837/628 640/800/628 633/747/628
f 2/832/629 641/766/629 619/744/629
f 415/569/630 634/743/630 312/567/630
f 554/769/631 630/64/631 558/813/631
f 609/395/632 555/780/632 537/777/632
f 629/321/633 554/769/633 555/780/633
f 548/792/634 627/69/634 552/783/634
f 538/789/635 626/198/635 549/838/635
f 549/838/636 625/200/636 548/792/636
f 546/795/637 962/158/637 957/796/637
f 552/783/638 621/71/638 542/811/638
f 558/813/639 620/4/639 541/839/639
f 541/839/640 770/6/640 766/815/640
f 702/840/641 809/841/641 805/842/641
f 771/460/642 705/843/642 808/844/642
f 701/845/643 807/846/643 804/847/643
f 776/848/644 703/849/644 806/850/644
f 806/850/645 702/840/645 805/842/645
f 705/843/646 804/847/646 808/844/646
f 798/851/647 700/852/647 803/853/647
f 651/854/648 802/855/648 775/856/648
f 696/857/649 801/858/649 799/859/649
f 648/860/650 800/861/650 772/862/650
f 699/863/651 799/859/651 802/855/651
f 800/861/652 695/864/652 798/851/652
f 686/865/653 797/866/653 789/867/653
f 649/868/654 796/869/654 773/273/654
f 685/870/655 795/871/655 788/872/655
f 653/873/656 794/874/656 777/875/656
f 787/876/657 690/877/657 793/878/657
f 774/404/658 689/879/658 792/880/658
f 786/881/659 688/882/659 791/883/659
f 654/884/660 790/885/660 778/886/660
f 691/887/661 789/867/661 794/874/661
f 693/888/662 788/872/662 796/869/662
f 687/889/663 787/876/663 790/885/663
f 792/880/664 683/890/664 786/881/664
f 662/891/665 785/892/665 780/893/665
f 661/894/666 731/895/666 716/896/666
f 655/897/667 730/898/667 711/899/667
f 657/900/668 784/901/668 779/902/668
f 723/903/669 678/904/669 729/905/669
f 647/906/670 728/907/670 732/825/670
f 669/908/671 727/909/671 722/910/671
f 713/911/672 675/912/672 726/913/672
f 668/914/673 783/915/673 781/916/673
f 721/917/674 673/918/674 725/919/674
f 735/622/675 672/920/675 724/921/675
f 644/922/676 782/923/676 811/924/676
f 726/913/677 670/925/677 723/903/677
f 677/926/678 722/910/678 728/907/678
f 671/927/679 781/916/679 782/923/679
f 724/921/680 667/928/680 721/917/680
f 659/929/681 720/930/681 714/931/681
f 656/932/682 719/933/682 712/934/682
f 660/935/683 718/936/683 715/937/683
f 649/868/684 717/938/684 734/647/684
f 679/939/685 780/893/685 784/901/685
f 680/940/686 716/896/686 730/898/686
f 665/941/687 715/937/687 719/933/687
f 663/942/688 714/931/688 717/938/688
f 725/919/689 658/943/689 713/911/689
f 674/944/690 779/902/690 783/915/690
f 676/945/691 712/934/691 727/909/691
f 666/946/692 711/899/692 720/930/692
f 664/947/693 707/74/693 718/936/693
f 681/948/694 709/15/694 731/895/694
f 729/905/695 646/949/695 710/5/695
f 692/950/696 778/886/696 795/871/696
f 791/883/697 653/873/697 777/875/697
f 803/853/698 652/951/698 776/848/698
f 704/952/699 775/856/699 807/846/699
f 694/953/700 810/150/700 797/866/700
f 682/954/701 772/862/701 785/892/701
f 698/955/702 812/145/702 801/858/702
f 690/877/703 811/956/703 793/878/703
f 706/957/704 813/142/704 809/841/704
f 729/905/705 14/65/705 213/958/705
f 259/959/706 709/15/706 7/14/706
f 718/936/707 1/73/707 93/960/707
f 720/930/708 55/961/708 111/962/708
f 727/909/709 58/963/709 191/964/709
f 177/965/710 713/911/710 64/966/710
f 717/938/711 76/967/711 102/968/711
f 719/933/712 67/433/712 114/969/712
f 242/970/713 716/896/713 79/971/713
f 734/647/714 102/968/714 9/23/714
f 715/937/715 93/960/715 67/433/715
f 712/934/716 114/969/716 58/963/716
f 714/931/717 111/962/717 76/967/717
f 166/972/718 721/917/718 131/973/718
f 728/907/719 144/974/719 225/975/719
f 726/913/720 139/435/720 199/976/720
f 13/624/721 724/921/721 166/972/721
f 131/973/722 725/919/722 177/965/722
f 64/966/723 726/913/723 199/976/723
f 722/910/724 191/964/724 144/974/724
f 732/825/725 225/975/725 3/823/725
f 723/903/726 213/958/726 139/435/726
f 711/899/727 242/970/727 55/961/727
f 79/971/728 731/895/728 259/959/728
f 766/815/729 706/957/729 702/840/729
f 732/825/730 705/843/730 647/906/730
f 765/806/731 704/952/731 701/845/731
f 652/951/732 767/816/732 703/849/732
f 703/849/733 766/815/733 702/840/733
f 769/807/734 701/845/734 705/843/734
f 695/864/735 764/92/735 700/852/735
f 736/87/736 699/863/736 651/854/736
f 760/722/737 698/955/737 696/857/737
f 733/49/738 697/977/738 648/860/738
f 763/723/739 696/857/739 699/863/739
f 697/977/740 759/715/740 695/864/740
f 750/606/741 694/953/741 686/865/741
f 734/647/742 693/888/742 649/868/742
f 749/590/743 692/950/743 685/870/743
f 738/104/744 691/887/744 653/873/744
f 684/978/745 754/7/745 690/877/745
f 650/979/746 753/539/746 689/879/746
f 747/538/747 688/882/747 683/890/747
f 654/884/748 751/552/748 687/889/748
f 755/604/749 686/865/749 691/887/749
f 757/591/750 685/870/750 693/888/750
f 687/889/751 748/554/751 684/978/751
f 689/879/752 747/538/752 683/890/752
f 741/247/753 682/954/753 662/891/753
f 740/175/754 679/939/754 657/900/754
f 742/308/755 674/944/755 668/914/755
f 708/403/756 671/927/756 644/922/756
f 743/309/757 668/914/757 671/927/757
f 745/248/758 662/891/758 679/939/758
f 744/176/759 657/900/759 674/944/759
f 756/121/760 654/884/760 692/950/760
f 752/105/761 653/873/761 688/882/761
f 700/852/762 737/93/762 652/951/762
f 768/88/763 651/854/763 704/952/763
f 758/72/764 643/980/764 694/953/764
f 746/50/765 648/860/765 682/954/765
f 762/13/766 645/981/766 698/955/766
f 690/877/767 708/9/767 644/982/767
f 770/6/768 646/949/768 706/957/768
f 809/841/769 50/141/769 611/156/769
f 793/878/770 45/154/770 360/983/770
f 469/733/771 812/145/771 48/144/771
f 785/892/772 46/730/772 264/146/772
f 797/866/773 44/138/773 408/652/773
f 807/846/774 51/135/774 577/984/774
f 503/739/775 776/848/775 52/132/775
f 336/618/776 777/875/776 53/129/776
f 384/643/777 778/886/777 54/126/777
f 783/915/778 63/172/778 176/423/778
f 784/901/779 88/495/779 247/225/779
f 782/923/780 130/311/780 165/401/780
f 45/985/781 782/923/781 165/401/781
f 781/916/782 176/423/782 130/311/782
f 779/902/783 247/225/783 63/172/783
f 780/893/784 264/146/784 88/495/784
f 372/986/785 786/881/785 293/530/785
f 790/885/786 294/632/786 348/526/786
f 420/649/787 788/872/787 317/587/787
f 794/874/788 318/584/788 396/640/788
f 778/886/789 348/526/789 54/126/789
f 293/530/790 791/883/790 336/618/790
f 49/626/791 792/880/791 372/986/791
f 787/876/792 360/983/792 294/632/792
f 777/875/793 396/640/793 53/129/793
f 317/587/794 795/871/794 384/643/794
f 47/987/795 796/869/795 420/649/795
f 789/867/796 408/652/796 318/584/796
f 492/988/797 798/851/797 437/709/797
f 802/855/798 438/706/798 516/737/798
f 772/862/799 492/988/799 46/730/799
f 438/706/800 801/858/800 469/733/800
f 775/856/801 516/737/801 51/135/801
f 437/709/802 803/853/802 503/739/802
f 808/844/803 545/820/803 624/797/803
f 600/818/804 805/842/804 546/795/804
f 52/132/805 806/850/805 600/818/805
f 804/847/806 577/984/806 545/820/806
f 771/460/807 624/797/807 43/459/807
f 805/842/808 611/156/808 546/795/808
f 819/230/809 681/948/809 661/894/809
f 814/161/810 680/940/810 655/897/810
f 670/925/811 832/140/811 678/904/811
f 771/460/812 677/926/812 647/906/812
f 825/358/813 676/945/813 669/908/813
f 658/943/814 829/360/814 675/912/814
f 667/928/815 828/177/815 673/918/815
f 650/979/816 827/305/816 672/920/816
f 675/912/817 826/362/817 670/925/817
f 831/359/818 669/908/818 677/926/818
f 672/920/819 824/307/819 667/928/819
f 817/188/820 666/946/820 659/929/820
f 815/166/821 665/941/821 656/932/821
f 818/190/822 664/947/822 660/935/822
f 773/273/823 663/942/823 649/868/823
f 833/228/824 661/894/824 680/940/824
f 822/191/825 660/935/825 665/941/825
f 820/186/826 659/929/826 663/942/826
f 673/918/827 816/179/827 658/943/827
f 830/167/828 656/932/828 676/945/828
f 823/159/829 655/897/829 666/946/829
f 821/149/830 643/980/830 664/947/830
f 681/948/831 812/145/831 645/981/831
f 678/904/832 813/142/832 646/949/832
f 893/989/833 1001/990/833 996/991/833
f 835/992/834 1000/993/834 963/461/834
f 894/994/835 999/995/835 997/996/835
f 840/997/836 998/998/836 968/999/836
f 897/1000/837 997/996/837 1000/993/837
f 895/1001/838 996/991/838 998/998/838
f 888/1002/839 995/1003/839 991/1004/839
f 967/1005/840 891/1006/840 994/1007/840
f 990/1008/841 890/1009/841 993/1010/841
f 964/1011/842 889/1012/842 992/1013/842
f 992/1013/843 888/1002/843 991/1004/843
f 994/1007/844 887/1014/844 990/1008/844
f 980/1015/845 886/1016/845 989/1017/845
f 837/1018/846 988/1019/846 965/275/846
f 878/1020/847 987/1021/847 981/1022/847
f 969/1023/848 883/1024/848 986/1025/848
f 978/1026/849 882/1027/849 985/1028/849
f 838/1029/850 984/1030/850 966/406/850
f 979/1031/851 880/1032/851 983/1033/851
f 970/1034/852 879/1035/852 982/1036/852
f 885/1037/853 981/1022/853 988/1019/853
f 986/1025/854 877/1038/854 980/1015/854
f 881/1039/855 979/1031/855 984/1030/855
f 879/1035/856 978/1026/856 982/1036/856
f 854/1040/857 923/1041/857 908/1042/857
f 972/1043/858 873/1044/858 977/1045/858
f 971/1046/859 872/1047/859 976/1048/859
f 847/1049/860 922/1050/860 903/1051/860
f 862/1052/861 921/1053/861 915/1054/861
f 924/829/862 869/1055/862 920/1056/862
f 914/1057/863 868/1058/863 919/1059/863
f 850/1060/864 918/1061/864 905/1062/864
f 973/1063/865 866/1064/865 975/1065/865
f 859/1066/866 917/1067/866 913/1068/866
f 838/1029/867 916/1069/867 927/627/867
f 1003/1070/868 863/1071/868 974/1072/868
f 867/1073/869 915/1054/869 918/1061/869
f 920/1056/870 861/1074/870 914/1057/870
f 974/1072/871 860/1075/871 973/1063/871
f 864/1076/872 913/1068/872 916/1069/872
f 906/1077/873 858/1078/873 912/1079/873
f 848/1080/874 911/1081/874 904/1082/874
f 907/1083/875 856/1084/875 910/1085/875
f 926/648/876 855/1086/876 909/1087/876
f 871/1088/877 908/1042/877 922/1050/877
f 976/1048/878 853/1089/878 972/1043/878
f 857/1090/879 907/1083/879 911/1081/879
f 909/1087/880 851/1091/880 906/1077/880
f 865/1092/881 905/1062/881 917/1067/881
f 975/1065/882 849/1093/882 971/1046/882
f 868/1058/883 904/1082/883 919/1059/883
f 912/1079/884 847/1049/884 903/1051/884
f 898/1094/885 1005/55/885 1001/990/885
f 985/1028/886 844/1095/886 1003/1096/886
f 890/1009/887 1004/52/887 993/1010/887
f 977/1045/888 836/1097/888 964/1011/888
f 989/1017/889 843/1098/889 1002/47/889
f 896/1099/890 967/1005/890 999/995/890
f 892/1100/891 968/999/891 995/1003/891
f 983/1033/892 841/1101/892 969/1023/892
f 987/1021/893 842/1102/893 970/1034/893
f 870/1103/894 902/157/894 921/1053/894
f 874/1104/895 901/152/895 923/1041/895
f 910/1085/896 843/1098/896 899/139/896
f 97/1105/897 899/139/897 44/138/897
f 263/496/898 901/152/898 48/144/898
f 921/1053/899 50/141/899 215/464/899
f 112/291/900 903/1051/900 57/160/900
f 919/1059/901 60/290/901 192/165/901
f 178/422/902 905/1062/902 66/178/902
f 103/274/903 906/1077/903 77/187/903
f 911/1081/904 75/277/904 118/189/904
f 246/470/905 908/1042/905 87/229/905
f 47/987/906 909/1087/906 103/274/906
f 907/1083/907 97/1105/907 75/277/907
f 904/1082/908 118/189/908 60/290/908
f 77/187/909 912/1079/909 112/291/909
f 167/405/910 913/1068/910 132/306/910
f 226/357/911 914/1057/911 145/442/911
f 201/437/912 915/1054/912 143/361/912
f 49/626/913 916/1069/913 167/405/913
f 132/306/914 917/1067/914 178/422/914
f 66/178/915 918/1061/915 201/437/915
f 914/1057/916 192/165/916 145/442/916
f 43/459/917 920/1056/917 226/357/917
f 915/1054/918 215/464/918 143/361/918
f 57/160/919 922/1050/919 246/470/919
f 87/229/920 923/1041/920 263/496/920
f 957/796/921 898/1094/921 893/989/921
f 835/992/922 961/799/922 897/1000/922
f 958/798/923 896/1099/923 894/994/923
f 929/133/924 895/1001/924 840/997/924
f 961/799/925 894/994/925 897/1000/925
f 959/794/926 893/989/926 895/1001/926
f 888/1002/927 956/131/927 892/1100/927
f 839/1106/928 955/705/928 891/1006/928
f 887/1014/929 954/151/929 890/1009/929
f 836/1097/930 953/708/930 889/1012/930
f 889/1012/931 952/710/931 888/1002/931
f 891/1006/932 951/707/932 887/1014/932
f 877/1038/933 950/137/933 886/1016/933
f 837/1018/934 949/586/934 885/1037/934
f 878/1020/935 948/125/935 884/1107/935
f 841/1101/936 947/583/936 883/1024/936
f 875/1108/937 946/153/937 882/1027/937
f 927/627/938 881/1039/938 838/1029/938
f 940/531/939 880/1032/939 876/1109/939
f 842/1102/940 943/528/940 879/1035/940
f 885/1037/941 942/588/941 878/1020/941
f 883/1024/942 941/585/942 877/1038/942
f 945/529/943 876/1109/943 881/1039/943
f 943/528/944 875/1108/944 879/1035/944
f 853/1089/945 938/148/945 873/1044/945
f 849/1093/946 937/227/946 872/1047/946
f 860/1075/947 936/171/947 866/1064/947
f 844/1110/948 935/310/948 863/1071/948
f 863/1071/949 934/312/949 860/1075/949
f 872/1047/950 933/226/950 853/1089/950
f 866/1064/951 932/173/951 849/1093/951
f 962/158/952 846/1111/952 898/1094/952
f 882/1027/953 900/155/953 844/1095/953
f 954/151/954 845/1112/954 890/1009/954
f 873/1044/955 925/147/955 836/1097/955
f 886/1016/956 899/139/956 843/1098/956
f 896/1099/957 928/136/957 839/1106/957
f 892/1100/958 929/133/958 840/997/958
f 880/1032/959 930/130/959 841/1101/959
f 884/1107/960 931/127/960 842/1102/960
f 987/1021/961 38/1113/961 381/1114/961
f 331/1115/962 969/1023/962 34/1116/962
f 995/1003/963 26/1117/963 499/1118/963
f 999/995/964 32/817/964 574/812/964
f 403/1119/965 1002/47/965 5/46/965
f 262/1120/966 964/1011/966 24/1121/966
f 993/1010/967 10/728/967 466/717/967
f 357/1122/968 1003/1096/968 23/1123/968
f 1001/990/969 16/1124/969 607/1125/969
f 175/1126/970 971/1046/970 62/1127/970
f 245/1128/971 972/1043/971 84/1129/971
f 164/1130/972 973/1063/972 129/1131/972
f 23/1132/973 974/1072/973 164/1130/973
f 129/1131/974 975/1065/974 175/1126/974
f 62/1127/975 976/1048/975 245/1128/975
f 84/1129/976 977/1045/976 262/1120/976
f 982/1036/977 285/1133/977 345/1134/977
f 367/1135/978 979/1031/978 288/1136/978
f 391/1137/979 980/1015/979 307/1138/979
f 988/1019/980 314/1139/980 417/1140/980
f 970/1034/981 345/1134/981 38/1113/981
f 288/1136/982 983/1033/982 331/1115/982
f 17/1141/983 984/1030/983 367/1135/983
f 978/1026/984 357/1122/984 285/1133/984
f 34/1116/985 986/1025/985 391/1137/985
f 981/1022/986 381/1114/986 314/1139/986
f 11/1142/987 988/1019/987 417/1140/987
f 307/1138/988 989/1017/988 403/1119/988
f 513/76/989 990/1008/989 430/740/989
f 488/1143/990 991/1004/990 431/1144/990
f 24/1121/991 992/1013/991 488/1143/991
f 430/740/992 993/1010/992 466/717/992
f 32/817/993 994/1007/993 513/76/993
f 991/1004/994 499/1118/994 431/1144/994
f 998/998/995 535/1145/995 596/1146/995
f 1000/993/996 542/811/996 621/71/996
f 968/999/997 596/1146/997 26/1117/997
f 997/996/998 574/812/998 542/811/998
f 963/461/999 621/71/999 6/70/999
f 996/991/1000 607/1125/1000 535/1145/1000
f 1011/244/1001 874/1104/1001 854/1040/1001
f 1006/163/1002 871/1088/1002 847/1049/1002
f 862/1052/1003 1024/56/1003 870/1103/1003
f 963/461/1004 869/1055/1004 835/992/1004
f 1017/355/1005 868/1058/1005 861/1074/1005
f 1008/182/1006 867/1073/1006 850/1060/1006
f 1016/304/1007 865/1092/1007 859/1066/1007
f 966/406/1008 864/1076/1008 838/1029/1008
f 1021/371/1009 862/1052/1009 867/1073/1009
f 1023/356/1010 861/1074/1010 869/1055/1010
f 1019/302/1011 859/1066/1011 864/1076/1011
f 1009/185/1012 858/1078/1012 851/1091/1012
f 1007/169/1013 857/1090/1013 848/1080/1013
f 852/1147/1014 1013/45/1014 856/1084/1014
f 837/1018/1015 1012/183/1015 855/1086/1015
f 1025/245/1016 854/1040/1016 871/1088/1016
f 857/1090/1017 1010/206/1017 852/1147/1017
f 855/1086/1018 1009/185/1018 851/1091/1018
f 1020/180/1019 850/1060/1019 865/1092/1019
f 1022/170/1020 848/1080/1020 868/1058/1020
f 1015/164/1021 847/1049/1021 858/1078/1021
f 1024/56/1022 846/1111/1022 870/1103/1022
f 1026/53/1023 845/1112/1023 874/1104/1023
f 856/1084/1024 1002/47/1024 843/1098/1024
f 491/1/1025 12/487/1025 405/2/1025
f 620/4/1026 14/65/1026 710/5/1026
f 754/7/1027 368/58/1027 20/8/1027
f 490/10/1028 21/1148/1028 356/11/1028
f 762/13/1029 489/61/1029 7/14/1029
f 107/16/1030 3/1149/1030 225/17/1030
f 204/19/1031 113/295/1031 59/20/1031
f 250/22/1032 235/473/1032 9/23/1032
f 96/25/1033 11/1150/1033 243/26/1033
f 213/28/1034 14/65/1034 180/29/1034
f 156/31/1035 17/1151/1035 200/32/1035
f 157/34/1036 20/402/1036 244/35/1036
f 258/37/1037 175/427/1037 62/38/1037
f 183/40/1038 24/489/1038 488/41/1038
f 200/32/1039 17/1151/1039 367/43/1039
f 1013/45/1040 104/278/1040 5/46/1040
f 271/48/1041 19/475/1041 733/49/1041
f 270/51/1042 10/728/1042 1004/52/1042
f 227/54/1043 16/1124/1043 1005/55/1043
f 244/57/1044 20/8/1044 368/58/1044
f 495/60/1045 116/1152/1045 7/14/1045
f 243/26/1046 11/1150/1046 417/62/1046
f 630/64/1047 180/29/1047 14/65/1047
f 197/66/1048 1/73/1048 418/67/1048
f 627/69/1049 115/1153/1049 6/70/1049
f 758/72/1050 418/67/1050 1/73/1050
f 109/75/1051 32/817/1051 513/76/1051
f 522/78/1052 173/425/1052 30/79/1052
f 110/81/1053 28/736/1053 597/82/1053
f 606/84/1054 174/424/1054 26/85/1054
f 597/82/1055 28/736/1055 736/87/1055
f 591/89/1056 598/821/1056 29/90/1056
f 764/92/1057 512/80/1057 30/79/1057
f 595/94/1058 599/791/1058 31/95/1058
f 575/97/1059 42/639/1059 347/98/1059
f 576/100/1060 41/615/1060 395/101/1060
f 346/103/1061 40/107/1061 738/104/1061
f 351/106/1062 189/638/1062 40/107/1062
f 237/108/1063 38/637/1063 345/109/1063
f 401/111/1064 238/471/1064 36/112/1064
f 190/114/1065 34/614/1065 391/115/1065
f 485/117/1066 467/613/1066 35/118/1066
f 392/113/1067 36/112/1067 739/120/1067
f 481/122/1068 468/636/1068 37/123/1068
f 948/125/1069 384/643/1069 54/126/1069
f 944/128/1070 336/618/1070 53/129/1070
f 956/131/1071 503/739/1071 52/132/1071
f 960/134/1072 577/984/1072 51/135/1072
f 950/137/1073 408/652/1073 44/138/1073
f 832/140/1074 215/464/1074 50/141/1074
f 834/143/1075 263/496/1075 48/144/1075
f 264/146/1076 46/730/1076 925/147/1076
f 821/149/1077 97/1105/1077 44/138/1077
f 954/151/1078 469/733/1078 48/144/1078
f 946/153/1079 360/983/1079 45/154/1079
f 611/156/1080 50/141/1080 902/157/1080
f 823/159/1081 112/291/1081 57/160/1081
f 117/162/1082 56/469/1082 1006/163/1082
f 192/165/1083 60/290/1083 815/166/1083
f 198/168/1084 59/289/1084 1007/169/1084
f 936/171/1085 176/423/1085 63/172/1085
f 182/174/1086 61/418/1086 740/175/1086
f 828/177/1087 178/422/1087 66/178/1087
f 1020/180/1088 181/421/1088 65/181/1088
f 1012/183/1089 96/276/1089 72/184/1089
f 820/186/1090 103/274/1090 77/187/1090
f 118/189/1091 75/277/1091 818/190/1091
f 101/192/1092 74/292/1092 601/193/1092
f 100/195/1093 73/293/1093 517/196/1093
f 626/198/1094 94/269/1094 69/199/1094
f 95/201/1095 70/294/1095 493/202/1095
f 1014/204/1096 113/1154/1096 78/205/1096
f 117/207/1097 72/279/1097 248/208/1097
f 241/210/1098 76/280/1098 111/211/1098
f 203/213/1099 104/265/1099 78/214/1099
f 229/216/1100 98/263/1100 68/217/1100
f 272/219/1101 92/260/1101 119/220/1101
f 120/222/1102 91/261/1102 265/223/1102
f 247/225/1103 88/495/1103 933/226/1103
f 833/228/1104 246/470/1104 87/229/1104
f 402/231/1105 269/494/1105 86/232/1105
f 354/234/1106 268/492/1106 85/235/1106
f 426/237/1107 260/256/1107 81/238/1107
f 378/240/1108 261/1155/1108 82/241/1108
f 239/243/1109 89/497/1109 1011/244/1109
f 240/246/1110 90/419/1110 741/247/1110
f 282/249/1111 179/420/1111 84/250/1111
f 159/252/1112 82/472/1112 261/253/1112
f 274/255/1113 105/468/1113 81/238/1113
f 273/257/1114 266/486/1114 80/258/1114
f 272/219/1115 273/257/1115 106/259/1115
f 91/261/1116 105/468/1116 274/255/1116
f 211/262/1117 2/453/1117 98/263/1117
f 187/264/1118 5/646/1118 104/265/1118
f 8/266/1119 95/201/1119 494/203/1119
f 610/268/1120 4/463/1120 94/269/1120
f 502/270/1121 31/95/1121 100/195/1121
f 27/271/1122 101/192/1122 602/194/1122
f 773/273/1123 47/987/1123 103/274/1123
f 965/275/1124 11/1142/1124 96/276/1124
f 75/277/1125 97/1105/1125 821/149/1125
f 1010/206/1126 78/205/1126 104/278/1126
f 72/279/1127 96/25/1127 249/27/1127
f 250/22/1128 102/24/1128 76/280/1128
f 89/281/1129 120/222/1129 275/224/1129
f 276/221/1130 119/220/1130 79/283/1130
f 251/212/1131 111/211/1131 55/285/1131
f 56/287/1132 117/207/1132 252/209/1132
f 59/289/1133 113/1154/1133 1014/204/1133
f 60/290/1134 118/189/1134 822/191/1134
f 1009/185/1135 72/184/1135 117/162/1135
f 817/188/1136 77/187/1136 112/291/1136
f 74/292/1137 110/81/1137 603/83/1137
f 73/293/1138 109/75/1138 519/77/1138
f 69/199/1139 115/1153/1139 627/69/1139
f 70/294/1140 116/1152/1140 495/60/1140
f 202/215/1141 78/214/1141 113/295/1141
f 68/217/1142 107/16/1142 230/18/1142
f 184/296/1143 134/410/1143 277/297/1143
f 168/299/1144 133/467/1144 278/300/1144
f 1019/302/1145 156/407/1145 123/303/1145
f 827/305/1146 167/405/1146 132/306/1146
f 157/34/1147 125/411/1147 742/308/1147
f 935/310/1148 165/401/1148 130/311/1148
f 605/313/1149 163/399/1149 128/314/1149
f 162/316/1150 127/819/1150 520/317/1150
f 155/319/1151 121/334/1151 628/320/1151
f 158/322/1152 126/426/1152 496/323/1152
f 255/325/1153 164/392/1153 129/326/1153
f 182/174/1154 125/411/1154 254/328/1154
f 181/330/1155 123/412/1155 205/331/1155
f 232/333/1156 220/428/1156 121/334/1156
f 206/335/1157 154/413/1157 169/336/1157
f 185/338/1158 153/386/1158 219/339/1158
f 148/341/1159 152/384/1159 196/342/1159
f 216/344/1160 147/440/1160 151/345/1160
f 136/347/1161 150/353/1161 217/348/1161
f 135/350/1162 149/352/1162 195/351/1162
f 149/352/1163 148/341/1163 194/343/1163
f 150/353/1164 147/440/1164 216/344/1164
f 212/354/1165 137/441/1165 1017/355/1165
f 226/357/1166 145/442/1166 825/358/1166
f 829/360/1167 201/437/1167 143/361/1167
f 224/363/1168 142/443/1168 398/364/1168
f 223/366/1169 141/444/1169 350/367/1169
f 211/262/1170 135/350/1170 422/369/1170
f 1021/371/1171 193/436/1171 146/372/1171
f 214/374/1172 140/445/1172 374/375/1172
f 170/377/1173 140/445/1173 214/374/1173
f 199/379/1174 139/465/1174 186/380/1174
f 218/346/1175 151/345/1175 137/382/1175
f 152/384/1176 144/466/1176 191/385/1176
f 153/386/1177 170/377/1177 231/378/1177
f 207/337/1178 169/336/1178 138/387/1178
f 222/389/1179 232/333/1179 155/319/1179
f 236/391/1180 23/625/1180 164/392/1180
f 22/393/1181 158/322/1181 497/324/1181
f 15/390/1182 155/319/1182 629/321/1182
f 29/396/1183 162/316/1183 521/318/1183
f 571/398/1184 25/621/1184 163/399/1184
f 900/400/1185 45/985/1185 165/401/1185
f 20/402/1186 157/34/1186 743/309/1186
f 774/404/1187 49/626/1187 167/405/1187
f 966/406/1188 17/1141/1188 156/407/1188
f 83/408/1189 168/299/1189 279/301/1189
f 134/410/1190 159/252/1190 280/254/1190
f 125/411/1191 157/34/1191 256/36/1191
f 123/412/1192 156/31/1192 208/33/1192
f 209/381/1193 186/380/1193 154/413/1193
f 146/414/1194 185/338/1194 233/340/1194
f 65/416/1195 181/330/1195 210/332/1195
f 61/418/1196 182/174/1196 257/329/1196
f 90/419/1197 184/296/1197 281/298/1197
f 278/300/1198 133/467/1198 179/420/1198
f 1016/304/1199 123/303/1199 181/421/1199
f 824/307/1200 132/306/1200 178/422/1200
f 125/411/1201 182/174/1201 744/176/1201
f 934/312/1202 130/311/1202 176/423/1202
f 604/315/1203 128/314/1203 174/424/1203
f 520/317/1204 127/819/1204 173/425/1204
f 628/320/1205 121/334/1205 180/29/1205
f 126/426/1206 183/40/1206 498/42/1206
f 253/327/1207 129/326/1207 175/427/1207
f 234/30/1208 180/29/1208 121/334/1208
f 193/417/1209 210/332/1209 185/338/1209
f 177/429/1210 209/381/1210 206/335/1210
f 205/331/1211 208/33/1211 170/377/1211
f 166/431/1212 207/337/1212 188/388/1212
f 196/342/1213 191/385/1213 58/433/1213
f 64/435/1214 199/379/1214 209/381/1214
f 1008/182/1215 65/181/1215 193/436/1215
f 816/179/1216 66/178/1216 201/437/1216
f 195/351/1217 194/343/1217 67/438/1217
f 197/66/1218 195/351/1218 93/439/1218
f 194/343/1219 196/342/1219 114/434/1219
f 131/430/1220 206/335/1220 207/337/1220
f 210/332/1221 205/331/1221 153/386/1221
f 147/440/1222 202/215/1222 204/19/1222
f 187/264/1223 203/213/1223 150/353/1223
f 150/353/1224 203/213/1224 202/215/1224
f 137/441/1225 198/168/1225 1022/170/1225
f 145/442/1226 192/165/1226 830/167/1226
f 142/443/1227 190/114/1227 399/116/1227
f 141/444/1228 189/638/1228 351/106/1228
f 135/350/1229 197/66/1229 423/68/1229
f 140/445/1230 200/32/1230 375/44/1230
f 170/377/1231 208/33/1231 200/32/1231
f 151/345/1232 204/19/1232 198/21/1232
f 186/380/1233 234/30/1233 220/428/1233
f 227/415/1234 233/340/1234 171/446/1234
f 138/387/1235 169/336/1235 232/333/1235
f 219/339/1236 231/378/1236 160/448/1236
f 115/450/1237 218/346/1237 212/383/1237
f 231/378/1238 214/374/1238 18/451/1238
f 355/452/1239 18/451/1239 214/374/1239
f 2/453/1240 211/262/1240 424/370/1240
f 39/455/1241 223/366/1241 352/368/1241
f 33/457/1242 224/363/1242 400/365/1242
f 43/459/1243 226/357/1243 831/359/1243
f 6/70/1244 212/354/1244 1023/356/1244
f 217/348/1245 216/344/1245 69/269/1245
f 221/349/1246 217/348/1246 94/462/1246
f 216/344/1247 218/346/1247 115/450/1247
f 171/446/1248 233/340/1248 219/339/1248
f 154/413/1249 220/428/1249 232/333/1249
f 228/218/1250 230/18/1250 152/384/1250
f 135/350/1251 211/262/1251 229/216/1251
f 149/352/1252 229/216/1252 228/218/1252
f 826/362/1253 143/361/1253 215/464/1253
f 1018/373/1254 146/372/1254 227/54/1254
f 139/465/1255 213/28/1255 234/30/1255
f 230/18/1256 225/17/1256 144/466/1256
f 133/467/1257 253/327/1257 258/37/1257
f 240/246/1258 257/329/1258 184/296/1258
f 254/328/1259 256/36/1259 159/252/1259
f 236/391/1260 255/325/1260 168/299/1260
f 257/329/1261 254/328/1261 134/410/1261
f 168/299/1262 255/325/1262 253/327/1262
f 239/288/1263 252/209/1263 120/222/1263
f 119/220/1264 251/212/1264 242/286/1264
f 92/260/1265 106/259/1265 250/22/1265
f 248/208/1266 249/27/1266 105/468/1266
f 61/418/1267 240/246/1267 745/248/1267
f 56/469/1268 239/243/1268 1025/245/1268
f 814/161/1269 57/160/1269 246/470/1269
f 932/173/1270 63/172/1270 247/225/1270
f 92/260/1271 241/210/1271 251/212/1271
f 252/209/1272 248/208/1272 91/261/1272
f 397/233/1273 86/232/1273 238/471/1273
f 349/236/1274 85/235/1274 237/108/1274
f 81/238/1275 243/26/1275 425/63/1275
f 82/241/1276 244/57/1276 377/59/1276
f 179/420/1277 258/37/1277 245/39/1277
f 256/36/1278 244/35/1278 82/472/1278
f 105/468/1279 249/27/1279 243/26/1279
f 106/259/1280 80/258/1280 235/473/1280
f 278/300/1281 282/249/1281 183/40/1281
f 271/48/1282 281/298/1282 172/474/1282
f 124/476/1283 277/297/1283 280/254/1283
f 267/409/1284 279/301/1284 158/322/1284
f 279/301/1285 278/300/1285 126/426/1285
f 172/474/1286 281/298/1286 277/297/1286
f 116/478/1287 276/221/1287 259/284/1287
f 270/282/1288 275/224/1288 108/480/1288
f 265/223/1289 274/255/1289 99/482/1289
f 70/484/1290 95/485/1290 273/257/1290
f 95/485/1291 8/650/1291 266/486/1291
f 99/482/1292 274/255/1292 260/256/1292
f 161/477/1293 280/254/1293 261/253/1293
f 183/40/1294 282/249/1294 262/251/1294
f 21/490/1295 261/1155/1295 378/240/1295
f 405/2/1296 12/487/1296 260/256/1296
f 333/124/1297 37/123/1297 268/492/1297
f 380/493/1298 35/616/1298 269/494/1298
f 275/224/1299 265/223/1299 71/483/1299
f 70/484/1300 272/219/1300 276/221/1300
f 88/495/1301 264/146/1301 938/148/1301
f 819/230/1302 87/229/1302 263/496/1302
f 89/497/1303 270/51/1303 1026/53/1303
f 90/419/1304 271/48/1304 746/50/1304
f 369/498/1305 290/533/1305 306/499/1305
f 344/501/1306 284/631/1306 305/502/1306
f 337/504/1307 296/524/1307 304/505/1307
f 361/507/1308 295/525/1308 303/508/1308
f 291/510/1309 302/523/1309 364/511/1309
f 283/513/1310 301/522/1310 340/514/1310
f 298/516/1311 300/547/1311 339/517/1311
f 362/519/1312 297/617/1312 299/520/1312
f 301/522/1313 298/516/1313 338/518/1313
f 302/523/1314 297/617/1314 362/519/1314
f 342/503/1315 305/502/1315 296/524/1315
f 366/500/1316 306/499/1316 295/525/1316
f 348/526/1317 294/632/1317 939/527/1317
f 945/529/1318 372/986/1318 293/530/1318
f 482/532/1319 476/619/1319 290/533/1319
f 365/509/1320 303/508/1320 285/534/1320
f 363/521/1321 299/520/1321 286/536/1321
f 358/537/1322 286/536/1322 747/538/1322
f 584/540/1323 287/620/1323 359/541/1323
f 585/543/1324 292/633/1324 335/544/1324
f 304/505/1325 289/553/1325 332/546/1325
f 300/547/1326 288/634/1326 331/548/1326
f 480/549/1327 477/635/1327 284/550/1327
f 751/552/1328 332/546/1328 289/553/1328
f 416/555/1329 313/641/1329 330/556/1329
f 309/558/1330 329/651/1330 390/559/1330
f 385/561/1331 320/581/1331 328/562/1331
f 409/564/1332 319/582/1332 327/565/1332
f 312/567/1333 326/642/1333 412/568/1333
f 310/570/1334 325/579/1334 388/571/1334
f 322/573/1335 324/607/1335 387/574/1335
f 410/576/1336 321/580/1336 323/577/1336
f 325/579/1337 322/573/1337 386/575/1337
f 412/568/1338 326/642/1338 321/580/1338
f 390/559/1339 329/651/1339 320/581/1339
f 414/557/1340 330/556/1340 319/582/1340
f 947/583/1341 396/640/1341 318/584/1341
f 949/586/1342 420/649/1342 317/587/1342
f 404/589/1343 308/597/1343 749/590/1343
f 486/592/1344 478/644/1344 313/593/1344
f 411/578/1345 323/577/1345 307/595/1345
f 413/566/1346 327/565/1346 308/597/1346
f 594/598/1347 586/645/1347 311/599/1347
f 587/601/1348 316/653/1348 383/602/1348
f 755/604/1349 382/608/1349 315/605/1349
f 324/607/1350 315/605/1350 382/608/1350
f 389/563/1351 328/562/1351 314/609/1351
f 479/611/1352 309/558/1352 393/560/1352
f 739/120/1353 36/112/1353 332/546/1353
f 467/613/1354 480/549/1354 344/551/1354
f 339/517/1355 331/548/1355 34/614/1355
f 341/506/1356 332/546/1356 36/112/1356
f 588/545/1357 335/544/1357 41/615/1357
f 931/127/1358 54/126/1358 348/526/1358
f 269/494/1359 342/503/1359 337/504/1359
f 340/514/1360 338/518/1360 142/443/1360
f 338/518/1361 339/517/1361 190/114/1361
f 343/515/1362 340/514/1362 224/363/1362
f 86/232/1363 337/504/1363 341/506/1363
f 35/616/1364 344/501/1364 342/503/1364
f 290/533/1365 333/124/1365 354/234/1365
f 295/525/1366 349/236/1366 353/110/1366
f 334/456/1367 352/368/1367 302/523/1367
f 297/617/1368 350/367/1368 351/106/1368
f 352/368/1369 350/367/1369 297/617/1369
f 306/499/1370 354/234/1370 349/236/1370
f 940/531/1371 293/530/1371 336/618/1371
f 476/619/1372 481/122/1372 333/124/1372
f 303/508/1373 353/110/1373 345/109/1373
f 299/520/1374 351/106/1374 346/103/1374
f 286/536/1375 346/103/1375 752/105/1375
f 589/99/1376 347/98/1376 287/620/1376
f 590/542/1377 359/541/1377 25/621/1377
f 735/622/1378 13/624/1378 358/537/1378
f 188/623/1379 363/521/1379 358/537/1379
f 236/391/1380 365/509/1380 357/535/1380
f 463/394/1381 482/532/1381 369/498/1381
f 49/626/1382 372/986/1382 945/529/1382
f 267/409/1383 366/500/1383 361/507/1383
f 364/511/1384 362/519/1384 138/628/1384
f 138/628/1385 362/519/1385 363/521/1385
f 370/512/1386 364/511/1386 222/629/1386
f 83/408/1387 361/507/1387 365/509/1387
f 22/393/1388 369/498/1388 366/500/1388
f 284/631/1389 356/491/1389 378/240/1389
f 373/242/1390 377/59/1390 304/505/1390
f 355/452/1391 376/376/1391 301/522/1391
f 374/375/1392 375/44/1392 300/547/1392
f 376/376/1393 374/375/1393 298/516/1393
f 305/502/1394 378/240/1394 373/242/1394
f 294/632/1395 360/983/1395 946/153/1395
f 591/89/1396 371/91/1396 292/633/1396
f 377/59/1397 368/58/1397 289/553/1397
f 375/44/1398 367/43/1398 288/634/1398
f 483/12/1399 356/11/1399 284/550/1399
f 748/554/1400 289/553/1400 368/58/1400
f 484/612/1401 393/560/1401 37/123/1401
f 237/108/1402 389/563/1402 381/610/1402
f 387/574/1403 382/608/1403 40/107/1403
f 738/104/1404 40/107/1404 382/608/1404
f 592/603/1405 383/602/1405 42/639/1405
f 930/130/1406 53/129/1406 396/640/1406
f 268/492/1407 390/559/1407 385/561/1407
f 223/366/1408 388/571/1408 386/575/1408
f 386/575/1409 387/574/1409 189/638/1409
f 39/455/1410 394/572/1410 388/571/1410
f 85/235/1411 385/561/1411 389/563/1411
f 37/123/1412 393/560/1412 390/559/1412
f 313/641/1413 380/493/1413 402/231/1413
f 319/582/1414 397/233/1414 401/111/1414
f 379/458/1415 400/365/1415 326/642/1415
f 321/580/1416 398/364/1416 399/116/1416
f 400/365/1417 398/364/1417 321/580/1417
f 330/556/1418 402/231/1418 397/233/1418
f 942/588/1419 317/587/1419 384/643/1419
f 308/597/1420 392/113/1420 756/121/1420
f 478/644/1421 485/117/1421 380/119/1421
f 399/116/1422 391/115/1422 307/595/1422
f 327/565/1423 401/111/1423 392/113/1423
f 586/645/1424 593/102/1424 395/101/1424
f 572/272/1425 594/598/1425 407/600/1425
f 235/473/1426 413/566/1426 404/589/1426
f 187/264/1427 411/578/1427 403/596/1427
f 464/267/1428 486/592/1428 416/594/1428
f 9/23/1429 404/589/1429 757/591/1429
f 926/648/1430 47/987/1430 420/649/1430
f 266/486/1431 414/557/1431 409/564/1431
f 221/349/1432 412/568/1432 410/576/1432
f 136/347/1433 410/576/1433 411/578/1433
f 4/463/1434 415/569/1434 412/568/1434
f 80/258/1435 409/564/1435 413/566/1435
f 8/650/1436 416/555/1436 414/557/1436
f 309/558/1437 405/2/1437 426/237/1437
f 320/581/1438 421/239/1438 425/63/1438
f 406/454/1439 424/370/1439 325/579/1439
f 422/369/1440 423/68/1440 324/607/1440
f 424/370/1441 422/369/1441 322/573/1441
f 329/651/1442 426/237/1442 421/239/1442
f 941/585/1443 318/584/1443 408/652/1443
f 595/94/1444 419/96/1444 316/653/1444
f 750/606/1445 315/605/1445 418/67/1445
f 423/68/1446 418/67/1446 315/605/1446
f 328/562/1447 425/63/1447 417/62/1447
f 487/3/1448 405/2/1448 309/558/1448
f 534/654/1449 462/727/1449 454/655/1449
f 511/657/1450 533/679/1450 461/658/1450
f 532/660/1451 460/712/1451 453/661/1451
f 531/663/1452 459/678/1452 436/664/1452
f 530/666/1453 458/725/1453 452/667/1453
f 510/669/1454 529/681/1454 457/670/1454
f 523/672/1455 528/711/1455 456/673/1455
f 527/675/1456 455/680/1456 435/676/1456
f 526/656/1457 454/655/1457 459/678/1457
f 533/679/1458 525/662/1458 453/661/1458
f 524/668/1459 452/667/1459 455/680/1459
f 529/681/1460 523/672/1460 451/674/1460
f 507/682/1461 446/732/1461 450/683/1461
f 473/685/1462 445/693/1462 449/686/1462
f 490/688/1463 433/738/1463 448/689/1463
f 427/671/1464 447/692/1464 508/691/1464
f 447/692/1465 446/732/1465 507/682/1465
f 474/690/1466 448/689/1466 445/693/1466
f 440/694/1467 444/718/1467 506/695/1467
f 470/697/1468 439/704/1468 443/698/1468
f 491/1/1469 434/726/1469 442/700/1469
f 428/659/1470 441/703/1470 505/702/1470
f 441/703/1471 440/694/1471 504/696/1471
f 471/701/1472 442/700/1472 439/704/1472
f 955/705/1473 516/737/1473 438/706/1473
f 953/708/1474 492/988/1474 437/709/1474
f 528/711/1475 515/665/1475 436/664/1475
f 514/677/1476 435/676/1476 460/712/1476
f 761/713/1477 465/716/1477 429/714/1477
f 475/687/1478 449/686/1478 429/714/1478
f 443/698/1479 430/740/1479 466/717/1479
f 444/718/1480 432/734/1480 500/719/1480
f 509/684/1481 450/683/1481 431/720/1481
f 500/719/1482 432/734/1482 760/722/1482
f 501/724/1483 433/735/1483 458/725/1483
f 534/654/1484 502/270/1484 434/726/1484
f 472/699/1485 466/717/1485 10/728/1485
f 172/474/1486 475/687/1486 465/716/1486
f 19/475/1487 465/716/1487 761/713/1487
f 46/730/1488 492/988/1488 953/708/1488
f 99/483/1489 471/701/1489 470/697/1489
f 12/487/1490 491/1/1490 471/701/1490
f 71/731/1491 470/697/1491 472/699/1491
f 161/477/1492 474/690/1492 473/685/1492
f 21/488/1493 490/688/1493 474/690/1493
f 124/476/1494 473/685/1494 475/687/1494
f 462/727/1495 487/3/1495 479/611/1495
f 428/659/1496 461/658/1496 486/592/1496
f 453/661/1497 460/712/1497 485/117/1497
f 459/678/1498 484/612/1498 468/636/1498
f 458/725/1499 483/12/1499 477/635/1499
f 427/671/1500 457/670/1500 482/532/1500
f 451/674/1501 456/673/1501 481/122/1501
f 435/676/1502 455/680/1502 480/549/1502
f 454/655/1503 479/611/1503 484/612/1503
f 461/658/1504 453/661/1504 478/644/1504
f 452/667/1505 477/635/1505 480/549/1505
f 457/670/1506 451/674/1506 476/619/1506
f 496/323/1507 498/42/1507 450/683/1507
f 463/394/1508 497/324/1508 447/692/1508
f 497/324/1509 496/323/1509 446/732/1509
f 493/202/1510 495/60/1510 444/718/1510
f 464/267/1511 494/203/1511 441/703/1511
f 494/203/1512 493/202/1512 440/694/1512
f 951/707/1513 438/706/1513 469/733/1513
f 456/673/1514 436/664/1514 468/636/1514
f 460/712/1515 435/676/1515 467/613/1515
f 495/60/1516 489/61/1516 432/734/1516
f 498/42/1517 488/41/1517 431/720/1517
f 760/722/1518 432/734/1518 489/61/1518
f 433/735/1519 490/10/1519 483/12/1519
f 434/726/1520 491/1/1520 487/3/1520
f 419/96/1521 31/95/1521 502/270/1521
f 29/90/1522 501/724/1522 530/666/1522
f 28/736/1523 500/719/1523 763/723/1523
f 174/424/1524 509/684/1524 499/721/1524
f 506/695/1525 500/719/1525 28/736/1525
f 41/615/1526 514/677/1526 532/660/1526
f 42/639/1527 515/665/1527 528/711/1527
f 928/136/1528 51/135/1528 516/737/1528
f 505/702/1529 504/696/1529 74/292/1529
f 511/657/1530 505/702/1530 101/192/1530
f 504/696/1531 506/695/1531 110/81/1531
f 163/399/1532 508/691/1532 507/682/1532
f 510/669/1533 508/691/1533 163/399/1533
f 128/314/1534 507/682/1534 509/684/1534
f 359/541/1535 287/620/1535 523/672/1535
f 292/633/1536 524/668/1536 527/675/1536
f 407/600/1537 311/599/1537 525/662/1537
f 316/653/1538 526/656/1538 531/663/1538
f 335/544/1539 527/675/1539 514/677/1539
f 287/620/1540 347/98/1540 528/711/1540
f 25/621/1541 359/541/1541 529/681/1541
f 371/91/1542 530/666/1542 524/668/1542
f 383/602/1543 531/663/1543 515/665/1543
f 395/101/1544 532/660/1544 525/662/1544
f 27/271/1545 407/600/1545 533/679/1545
f 419/96/1546 534/654/1546 526/656/1546
f 445/693/1547 520/317/1547 522/78/1547
f 433/738/1548 501/397/1548 521/318/1548
f 448/689/1549 521/318/1549 520/317/1549
f 517/196/1550 519/77/1550 443/698/1550
f 434/726/1551 502/270/1551 518/197/1551
f 518/197/1552 517/196/1552 439/704/1552
f 952/710/1553 437/709/1553 503/739/1553
f 759/715/1554 429/714/1554 512/80/1554
f 449/686/1555 522/78/1555 512/80/1555
f 519/77/1556 513/76/1556 430/740/1556
f 642/741/1557 570/802/1557 562/742/1557
f 619/744/1558 641/766/1558 569/745/1558
f 633/747/1559 640/800/1559 568/748/1559
f 639/750/1560 567/765/1560 543/751/1560
f 638/753/1561 566/804/1561 560/754/1561
f 637/756/1562 565/768/1562 539/757/1562
f 636/759/1563 564/801/1563 559/760/1563
f 635/762/1564 563/767/1564 544/763/1564
f 634/743/1565 562/742/1565 567/765/1565
f 641/766/1566 633/747/1566 561/749/1566
f 632/755/1567 560/754/1567 563/767/1567
f 631/761/1568 559/760/1568 565/768/1568
f 554/769/1569 558/813/1569 583/770/1569
f 615/772/1570 553/781/1570 557/773/1570
f 618/758/1571 539/757/1571 556/775/1571
f 537/777/1572 555/780/1572 582/778/1572
f 555/780/1573 554/769/1573 581/771/1573
f 616/776/1574 556/775/1574 553/781/1574
f 578/782/1575 548/792/1575 552/783/1575
f 547/785/1576 551/810/1576 614/786/1576
f 540/746/1577 550/793/1577 613/788/1577
f 538/789/1578 549/838/1578 579/790/1578
f 579/790/1579 549/838/1579 548/792/1579
f 550/793/1580 547/785/1580 612/787/1580
f 959/794/1581 600/818/1581 546/795/1581
f 624/797/1582 545/820/1582 958/798/1582
f 640/800/1583 623/764/1583 544/763/1583
f 622/752/1584 543/751/1584 564/801/1584
f 610/268/1585 538/789/1585 570/802/1585
f 638/753/1586 609/1156/1586 537/803/1586
f 608/805/1587 536/822/1587 765/806/1587
f 617/774/1588 557/773/1588 535/808/1588
f 551/810/1589 536/822/1589 608/805/1589
f 580/784/1590 552/783/1590 542/811/1590
f 558/813/1591 541/839/1591 573/814/1591
f 573/814/1592 541/839/1592 766/815/1592
f 737/93/1593 30/79/1593 573/814/1593
f 583/770/1594 573/814/1594 30/79/1594
f 109/75/1595 580/784/1595 574/812/1595
f 929/133/1596 52/132/1596 600/818/1596
f 579/790/573 578/782/573 73/293/573
f 599/791/1597 579/790/1597 100/195/1597
f 578/782/1598 580/784/1598 109/75/1598
f 582/778/1599 581/771/1599 127/819/1599
f 598/779/1600 582/778/1600 162/316/1600
f 581/771/1601 583/770/1601 173/425/1601
f 570/802/1602 595/94/1602 587/601/1602
f 540/746/1603 569/745/1603 594/598/1603
f 561/749/1604 568/748/1604 593/102/1604
f 567/765/1605 592/603/1605 575/97/1605
f 566/804/1606 591/89/1606 585/543/1606
f 565/768/1607 590/542/1607 571/398/1607
f 564/801/1608 589/99/1608 584/540/1608
f 563/767/1609 588/545/1609 576/100/1609
f 562/742/1610 587/601/1610 592/603/1610
f 569/745/1611 561/749/1611 586/645/1611
f 560/754/1612 585/543/1612 588/545/1612
f 559/760/1613 584/540/1613 590/542/1613
f 553/781/1614 604/315/1614 606/84/1614
f 539/757/1615 571/398/1615 605/313/1615
f 556/775/1616 605/313/1616 604/315/1616
f 601/193/1617 603/83/1617 551/810/1617
f 572/272/1618 602/194/1618 550/793/1618
f 602/194/1619 601/193/1619 547/785/1619
f 545/820/1620 577/984/1620 960/134/1620
f 568/748/1621 544/763/1621 576/100/1621
f 543/751/1622 575/97/1622 589/99/1622
f 538/789/1623 599/791/1623 595/94/1623
f 566/804/1624 537/803/1624 598/821/1624
f 536/822/1625 597/82/1625 768/88/1625
f 557/773/1626 606/84/1626 596/86/1626
f 603/83/1627 597/82/1627 536/822/1627
f 614/786/1628 608/805/1628 3/823/1628
f 171/446/1629 617/774/1629 607/809/1629
f 732/825/1630 3/823/1630 608/805/1630
f 15/826/1631 609/1156/1631 638/753/1631
f 415/569/1632 4/463/1632 610/268/1632
f 33/457/1633 622/752/1633 636/759/1633
f 394/828/1634 39/836/1634 623/764/1634
f 924/829/1635 43/459/1635 624/797/1635
f 613/788/1636 612/787/1636 68/830/1636
f 619/744/1637 613/788/1637 98/831/1637
f 612/787/1638 614/786/1638 107/824/1638
f 616/776/1639 615/772/1639 122/449/1639
f 618/758/1640 616/776/1640 160/448/1640
f 122/449/1641 615/772/1641 617/774/1641
f 283/513/1642 631/761/1642 637/756/1642
f 291/833/1643 632/755/1643 635/762/1643
f 406/835/1644 310/837/1644 633/747/1644
f 312/567/1645 634/743/1645 639/750/1645
f 334/834/1646 635/762/1646 623/764/1646
f 343/515/1647 636/759/1647 631/761/1647
f 18/451/1648 355/452/1648 637/756/1648
f 370/827/1649 638/753/1649 632/755/1649
f 379/458/1650 639/750/1650 622/752/1650
f 310/837/1651 394/828/1651 640/800/1651
f 2/832/1652 406/835/1652 641/766/1652
f 415/569/1653 642/741/1653 634/743/1653
f 554/769/1654 628/320/1654 630/64/1654
f 609/395/1655 629/321/1655 555/780/1655
f 629/321/1656 628/320/1656 554/769/1656
f 548/792/1657 625/200/1657 627/69/1657
f 538/789/1658 610/268/1658 626/198/1658
f 549/838/1659 626/198/1659 625/200/1659
f 546/795/1660 611/156/1660 962/158/1660
f 552/783/1661 627/69/1661 621/71/1661
f 558/813/1662 630/64/1662 620/4/1662
f 541/839/1663 620/4/1663 770/6/1663
f 702/840/1664 706/957/1664 809/841/1664
f 771/460/1665 647/906/1665 705/843/1665
f 701/845/1666 704/952/1666 807/846/1666
f 776/848/1667 652/951/1667 703/849/1667
f 806/850/1668 703/849/1668 702/840/1668
f 705/843/1669 701/845/1669 804/847/1669
f 798/851/1670 695/864/1670 700/852/1670
f 651/854/1671 699/863/1671 802/855/1671
f 696/857/1672 698/955/1672 801/858/1672
f 648/860/1673 697/977/1673 800/861/1673
f 699/863/1674 696/857/1674 799/859/1674
f 800/861/1675 697/977/1675 695/864/1675
f 686/865/1676 694/953/1676 797/866/1676
f 649/868/1677 693/888/1677 796/869/1677
f 685/870/1678 692/950/1678 795/871/1678
f 653/873/1679 691/887/1679 794/874/1679
f 787/876/1680 684/978/1680 690/877/1680
f 774/404/1681 650/979/1681 689/879/1681
f 786/881/1682 683/890/1682 688/882/1682
f 654/884/1683 687/889/1683 790/885/1683
f 691/887/1684 686/865/1684 789/867/1684
f 693/888/1685 685/870/1685 788/872/1685
f 687/889/1686 684/978/1686 787/876/1686
f 792/880/1687 689/879/1687 683/890/1687
f 662/891/1688 682/954/1688 785/892/1688
f 661/894/1689 681/948/1689 731/895/1689
f 655/897/1690 680/940/1690 730/898/1690
f 657/900/1691 679/939/1691 784/901/1691
f 723/903/1692 670/925/1692 678/904/1692
f 647/906/1693 677/926/1693 728/907/1693
f 669/908/1694 676/945/1694 727/909/1694
f 713/911/1695 658/943/1695 675/912/1695
f 668/914/1696 674/944/1696 783/915/1696
f 721/917/1697 667/928/1697 673/918/1697
f 735/622/1698 650/979/1698 672/920/1698
f 644/922/1699 671/927/1699 782/923/1699
f 726/913/1700 675/912/1700 670/925/1700
f 677/926/1701 669/908/1701 722/910/1701
f 671/927/1702 668/914/1702 781/916/1702
f 724/921/1703 672/920/1703 667/928/1703
f 659/929/1704 666/946/1704 720/930/1704
f 656/932/1705 665/941/1705 719/933/1705
f 660/935/1706 664/947/1706 718/936/1706
f 649/868/1707 663/942/1707 717/938/1707
f 679/939/1708 662/891/1708 780/893/1708
f 680/940/1709 661/894/1709 716/896/1709
f 665/941/1710 660/935/1710 715/937/1710
f 663/942/1711 659/929/1711 714/931/1711
f 725/919/1712 673/918/1712 658/943/1712
f 674/944/1713 657/900/1713 779/902/1713
f 676/945/1714 656/932/1714 712/934/1714
f 666/946/1715 655/897/1715 711/899/1715
f 664/947/1716 643/980/1716 707/74/1716
f 681/948/1717 645/981/1717 709/15/1717
f 729/905/1718 678/904/1718 646/949/1718
f 692/950/1719 654/884/1719 778/886/1719
f 791/883/1720 688/882/1720 653/873/1720
f 803/853/1721 700/852/1721 652/951/1721
f 704/952/1722 651/854/1722 775/856/1722
f 694/953/1723 643/980/1723 810/150/1723
f 682/954/1724 648/860/1724 772/862/1724
f 698/955/1725 645/981/1725 812/145/1725
f 690/877/1726 644/982/1726 811/956/1726
f 706/957/1727 646/949/1727 813/142/1727
f 729/905/1728 710/5/1728 14/65/1728
f 259/959/1729 731/895/1729 709/15/1729
f 718/936/1730 707/74/1730 1/73/1730
f 720/930/1731 711/899/1731 55/961/1731
f 727/909/1732 712/934/1732 58/963/1732
f 177/965/1733 725/919/1733 713/911/1733
f 717/938/1734 714/931/1734 76/967/1734
f 719/933/1735 715/937/1735 67/433/1735
f 242/970/1736 730/898/1736 716/896/1736
f 734/647/1737 717/938/1737 102/968/1737
f 715/937/1738 718/936/1738 93/960/1738
f 712/934/1739 719/933/1739 114/969/1739
f 714/931/1740 720/930/1740 111/962/1740
f 166/972/1741 724/921/1741 721/917/1741
f 728/907/1742 722/910/1742 144/974/1742
f 726/913/1743 723/903/1743 139/435/1743
f 13/624/1744 735/622/1744 724/921/1744
f 131/973/1745 721/917/1745 725/919/1745
f 64/966/1746 713/911/1746 726/913/1746
f 722/910/1747 727/909/1747 191/964/1747
f 732/825/1748 728/907/1748 225/975/1748
f 723/903/1749 729/905/1749 213/958/1749
f 711/899/1750 730/898/1750 242/970/1750
f 79/971/1751 716/896/1751 731/895/1751
f 766/815/1752 770/6/1752 706/957/1752
f 732/825/1753 769/807/1753 705/843/1753
f 765/806/1754 768/88/1754 704/952/1754
f 652/951/1755 737/93/1755 767/816/1755
f 703/849/1756 767/816/1756 766/815/1756
f 769/807/1757 765/806/1757 701/845/1757
f 695/864/1758 759/715/1758 764/92/1758
f 736/87/1759 763/723/1759 699/863/1759
f 760/722/1760 762/13/1760 698/955/1760
f 733/49/1761 761/713/1761 697/977/1761
f 763/723/1762 760/722/1762 696/857/1762
f 697/977/1763 761/713/1763 759/715/1763
f 750/606/1764 758/72/1764 694/953/1764
f 734/647/1765 757/591/1765 693/888/1765
f 749/590/1766 756/121/1766 692/950/1766
f 738/104/1767 755/604/1767 691/887/1767
f 684/978/1768 748/554/1768 754/7/1768
f 650/979/1769 735/622/1769 753/539/1769
f 747/538/1770 752/105/1770 688/882/1770
f 654/884/1771 739/120/1771 751/552/1771
f 755/604/1772 750/606/1772 686/865/1772
f 757/591/1773 749/590/1773 685/870/1773
f 687/889/1774 751/552/1774 748/554/1774
f 689/879/1775 753/539/1775 747/538/1775
f 741/247/1776 746/50/1776 682/954/1776
f 740/175/1777 745/248/1777 679/939/1777
f 742/308/1778 744/176/1778 674/944/1778
f 708/403/1779 743/309/1779 671/927/1779
f 743/309/1780 742/308/1780 668/914/1780
f 745/248/1781 741/247/1781 662/891/1781
f 744/176/1782 740/175/1782 657/900/1782
f 756/121/1783 739/120/1783 654/884/1783
f 752/105/1784 738/104/1784 653/873/1784
f 700/852/1785 764/92/1785 737/93/1785
f 768/88/1786 736/87/1786 651/854/1786
f 758/72/1787 707/74/1787 643/980/1787
f 746/50/1788 733/49/1788 648/860/1788
f 762/13/1789 709/15/1789 645/981/1789
f 690/877/1790 754/7/1790 708/9/1790
f 770/6/1791 710/5/1791 646/949/1791
f 809/841/1792 813/142/1792 50/141/1792
f 793/878/1793 811/956/1793 45/154/1793
f 469/733/1794 801/858/1794 812/145/1794
f 785/892/1795 772/862/1795 46/730/1795
f 797/866/1796 810/150/1796 44/138/1796
f 807/846/1797 775/856/1797 51/135/1797
f 503/739/1798 803/853/1798 776/848/1798
f 336/618/1799 791/883/1799 777/875/1799
f 384/643/1800 795/871/1800 778/886/1800
f 783/915/1801 779/902/1801 63/172/1801
f 784/901/1802 780/893/1802 88/495/1802
f 782/923/1803 781/916/1803 130/311/1803
f 45/985/1804 811/924/1804 782/923/1804
f 781/916/1805 783/915/1805 176/423/1805
f 779/902/1806 784/901/1806 247/225/1806
f 780/893/1807 785/892/1807 264/146/1807
f 372/986/1808 792/880/1808 786/881/1808
f 790/885/1809 787/876/1809 294/632/1809
f 420/649/1810 796/869/1810 788/872/1810
f 794/874/1811 789/867/1811 318/584/1811
f 778/886/1812 790/885/1812 348/526/1812
f 293/530/1813 786/881/1813 791/883/1813
f 49/626/1814 774/404/1814 792/880/1814
f 787/876/1815 793/878/1815 360/983/1815
f 777/875/1816 794/874/1816 396/640/1816
f 317/587/1817 788/872/1817 795/871/1817
f 47/987/1818 773/273/1818 796/869/1818
f 789/867/1819 797/866/1819 408/652/1819
f 492/988/1820 800/861/1820 798/851/1820
f 802/855/1821 799/859/1821 438/706/1821
f 772/862/1822 800/861/1822 492/988/1822
f 438/706/1823 799/859/1823 801/858/1823
f 775/856/1824 802/855/1824 516/737/1824
f 437/709/1825 798/851/1825 803/853/1825
f 808/844/1826 804/847/1826 545/820/1826
f 600/818/1827 806/850/1827 805/842/1827
f 52/132/1828 776/848/1828 806/850/1828
f 804/847/1829 807/846/1829 577/984/1829
f 771/460/1830 808/844/1830 624/797/1830
f 805/842/1831 809/841/1831 611/156/1831
f 819/230/1832 834/143/1832 681/948/1832
f 814/161/1833 833/228/1833 680/940/1833
f 670/925/1834 826/362/1834 832/140/1834
f 771/460/1835 831/359/1835 677/926/1835
f 825/358/1836 830/167/1836 676/945/1836
f 658/943/1837 816/179/1837 829/360/1837
f 667/928/1838 824/307/1838 828/177/1838
f 650/979/1839 774/404/1839 827/305/1839
f 675/912/1840 829/360/1840 826/362/1840
f 831/359/1841 825/358/1841 669/908/1841
f 672/920/1842 827/305/1842 824/307/1842
f 817/188/1843 823/159/1843 666/946/1843
f 815/166/1844 822/191/1844 665/941/1844
f 818/190/1845 821/149/1845 664/947/1845
f 773/273/1846 820/186/1846 663/942/1846
f 833/228/1847 819/230/1847 661/894/1847
f 822/191/1848 818/190/1848 660/935/1848
f 820/186/1849 817/188/1849 659/929/1849
f 673/918/1850 828/177/1850 816/179/1850
f 830/167/1851 815/166/1851 656/932/1851
f 823/159/1852 814/161/1852 655/897/1852
f 821/149/1853 810/150/1853 643/980/1853
f 681/948/1854 834/143/1854 812/145/1854
f 678/904/1855 832/140/1855 813/142/1855
f 893/989/1856 898/1094/1856 1001/990/1856
f 835/992/1857 897/1000/1857 1000/993/1857
f 894/994/1858 896/1099/1858 999/995/1858
f 840/997/1859 895/1001/1859 998/998/1859
f 897/1000/1860 894/994/1860 997/996/1860
f 895/1001/1861 893/989/1861 996/991/1861
f 888/1002/1862 892/1100/1862 995/1003/1862
f 967/1005/1863 839/1106/1863 891/1006/1863
f 990/1008/1864 887/1014/1864 890/1009/1864
f 964/1011/1865 836/1097/1865 889/1012/1865
f 992/1013/1866 889/1012/1866 888/1002/1866
f 994/1007/1867 891/1006/1867 887/1014/1867
f 980/1015/1868 877/1038/1868 886/1016/1868
f 837/1018/1869 885/1037/1869 988/1019/1869
f 878/1020/1870 884/1107/1870 987/1021/1870
f 969/1023/1871 841/1101/1871 883/1024/1871
f 978/1026/1872 875/1108/1872 882/1027/1872
f 838/1029/1873 881/1039/1873 984/1030/1873
f 979/1031/1874 876/1109/1874 880/1032/1874
f 970/1034/1875 842/1102/1875 879/1035/1875
f 885/1037/1876 878/1020/1876 981/1022/1876
f 986/1025/1877 883/1024/1877 877/1038/1877
f 881/1039/1878 876/1109/1878 979/1031/1878
f 879/1035/1879 875/1108/1879 978/1026/1879
f 854/1040/1880 874/1104/1880 923/1041/1880
f 972/1043/1881 853/1089/1881 873/1044/1881
f 971/1046/1882 849/1093/1882 872/1047/1882
f 847/1049/1883 871/1088/1883 922/1050/1883
f 862/1052/1884 870/1103/1884 921/1053/1884
f 924/829/1885 835/992/1885 869/1055/1885
f 914/1057/1886 861/1074/1886 868/1058/1886
f 850/1060/1887 867/1073/1887 918/1061/1887
f 973/1063/1888 860/1075/1888 866/1064/1888
f 859/1066/1889 865/1092/1889 917/1067/1889
f 838/1029/1890 864/1076/1890 916/1069/1890
f 1003/1070/1891 844/1110/1891 863/1071/1891
f 867/1073/1892 862/1052/1892 915/1054/1892
f 920/1056/1893 869/1055/1893 861/1074/1893
f 974/1072/1894 863/1071/1894 860/1075/1894
f 864/1076/1895 859/1066/1895 913/1068/1895
f 906/1077/1896 851/1091/1896 858/1078/1896
f 848/1080/1897 857/1090/1897 911/1081/1897
f 907/1083/1898 852/1147/1898 856/1084/1898
f 926/648/1899 837/1018/1899 855/1086/1899
f 871/1088/1900 854/1040/1900 908/1042/1900
f 976/1048/1901 872/1047/1901 853/1089/1901
f 857/1090/1902 852/1147/1902 907/1083/1902
f 909/1087/1903 855/1086/1903 851/1091/1903
f 865/1092/1904 850/1060/1904 905/1062/1904
f 975/1065/1905 866/1064/1905 849/1093/1905
f 868/1058/1906 848/1080/1906 904/1082/1906
f 912/1079/1907 858/1078/1907 847/1049/1907
f 898/1094/1908 846/1111/1908 1005/55/1908
f 985/1028/1909 882/1027/1909 844/1095/1909
f 890/1009/1910 845/1112/1910 1004/52/1910
f 977/1045/888 873/1044/888 836/1097/888
f 989/1017/1911 886/1016/1911 843/1098/1911
f 896/1099/1912 839/1106/1912 967/1005/1912
f 892/1100/1913 840/997/1913 968/999/1913
f 983/1033/1914 880/1032/1914 841/1101/1914
f 987/1021/1915 884/1107/1915 842/1102/1915
f 870/1103/1916 846/1111/1916 902/157/1916
f 874/1104/1917 845/1112/1917 901/152/1917
f 910/1085/1918 856/1084/1918 843/1098/1918
f 97/1105/1919 910/1085/1919 899/139/1919
f 263/496/1920 923/1041/1920 901/152/1920
f 921/1053/1921 902/157/1921 50/141/1921
f 112/291/1922 912/1079/1922 903/1051/1922
f 919/1059/1923 904/1082/1923 60/290/1923
f 178/422/1924 917/1067/1924 905/1062/1924
f 103/274/1925 909/1087/1925 906/1077/1925
f 911/1081/1926 907/1083/1926 75/277/1926
f 246/470/1927 922/1050/1927 908/1042/1927
f 47/987/1928 926/648/1928 909/1087/1928
f 907/1083/1929 910/1085/1929 97/1105/1929
f 904/1082/1930 911/1081/1930 118/189/1930
f 77/187/1931 906/1077/1931 912/1079/1931
f 167/405/1932 916/1069/1932 913/1068/1932
f 226/357/1933 920/1056/1933 914/1057/1933
f 201/437/1934 918/1061/1934 915/1054/1934
f 49/626/1935 927/627/1935 916/1069/1935
f 132/306/1936 913/1068/1936 917/1067/1936
f 66/178/1937 905/1062/1937 918/1061/1937
f 914/1057/1938 919/1059/1938 192/165/1938
f 43/459/1939 924/829/1939 920/1056/1939
f 915/1054/1940 921/1053/1940 215/464/1940
f 57/160/1941 903/1051/1941 922/1050/1941
f 87/229/1942 908/1042/1942 923/1041/1942
f 957/796/1943 962/158/1943 898/1094/1943
f 835/992/1944 924/829/1944 961/799/1944
f 958/798/1945 960/134/1945 896/1099/1945
f 929/133/1946 959/794/1946 895/1001/1946
f 961/799/1947 958/798/1947 894/994/1947
f 959/794/1948 957/796/1948 893/989/1948
f 888/1002/1949 952/710/1949 956/131/1949
f 839/1106/1950 928/136/1950 955/705/1950
f 887/1014/1951 951/707/1951 954/151/1951
f 836/1097/1952 925/147/1952 953/708/1952
f 889/1012/1953 953/708/1953 952/710/1953
f 891/1006/1954 955/705/1954 951/707/1954
f 877/1038/1955 941/585/1955 950/137/1955
f 837/1018/1956 926/648/1956 949/586/1956
f 878/1020/1957 942/588/1957 948/125/1957
f 841/1101/382 930/130/382 947/583/382
f 875/1108/1958 939/527/1958 946/153/1958
f 927/627/1959 945/529/1959 881/1039/1959
f 940/531/1960 944/128/1960 880/1032/1960
f 842/1102/1961 931/127/1961 943/528/1961
f 885/1037/1962 949/586/1962 942/588/1962
f 883/1024/1963 947/583/1963 941/585/1963
f 945/529/1964 940/531/1964 876/1109/1964
f 943/528/1965 939/527/1965 875/1108/1965
f 853/1089/1966 933/226/1966 938/148/1966
f 849/1093/1967 932/173/1967 937/227/1967
f 860/1075/1968 934/312/1968 936/171/1968
f 844/1110/1969 900/400/1969 935/310/1969
f 863/1071/1970 935/310/1970 934/312/1970
f 872/1047/1971 937/227/1971 933/226/1971
f 866/1064/1972 936/171/1972 932/173/1972
f 962/158/1973 902/157/1973 846/1111/1973
f 882/1027/1974 946/153/1974 900/155/1974
f 954/151/1975 901/152/1975 845/1112/1975
f 873/1044/1976 938/148/1976 925/147/1976
f 886/1016/1977 950/137/1977 899/139/1977
f 896/1099/1978 960/134/1978 928/136/1978
f 892/1100/1979 956/131/1979 929/133/1979
f 880/1032/1980 944/128/1980 930/130/1980
f 884/1107/1981 948/125/1981 931/127/1981
f 987/1021/1982 970/1034/1982 38/1113/1982
f 331/1115/1983 983/1033/1983 969/1023/1983
f 995/1003/1984 968/999/1984 26/1117/1984
f 999/995/1985 967/1005/1985 32/817/1985
f 403/1119/1986 989/1017/1986 1002/47/1986
f 262/1120/1987 977/1045/1987 964/1011/1987
f 993/1010/1988 1004/52/1988 10/728/1988
f 357/1122/1989 985/1028/1989 1003/1096/1989
f 1001/990/1990 1005/55/1990 16/1124/1990
f 175/1126/1991 975/1065/1991 971/1046/1991
f 245/1128/1992 976/1048/1992 972/1043/1992
f 164/1130/1993 974/1072/1993 973/1063/1993
f 23/1132/1994 1003/1070/1994 974/1072/1994
f 129/1131/1995 973/1063/1995 975/1065/1995
f 62/1127/1996 971/1046/1996 976/1048/1996
f 84/1129/1997 972/1043/1997 977/1045/1997
f 982/1036/1998 978/1026/1998 285/1133/1998
f 367/1135/1999 984/1030/1999 979/1031/1999
f 391/1137/2000 986/1025/2000 980/1015/2000
f 988/1019/2001 981/1022/2001 314/1139/2001
f 970/1034/2002 982/1036/2002 345/1134/2002
f 288/1136/2003 979/1031/2003 983/1033/2003
f 17/1141/2004 966/406/2004 984/1030/2004
f 978/1026/2005 985/1028/2005 357/1122/2005
f 34/1116/2006 969/1023/2006 986/1025/2006
f 981/1022/2007 987/1021/2007 381/1114/2007
f 11/1142/2008 965/275/2008 988/1019/2008
f 307/1138/2009 980/1015/2009 989/1017/2009
f 513/76/2010 994/1007/2010 990/1008/2010
f 488/1143/2011 992/1013/2011 991/1004/2011
f 24/1121/2012 964/1011/2012 992/1013/2012
f 430/740/2013 990/1008/2013 993/1010/2013
f 32/817/2014 967/1005/2014 994/1007/2014
f 991/1004/2015 995/1003/2015 499/1118/2015
f 998/998/2016 996/991/2016 535/1145/2016
f 1000/993/2017 997/996/2017 542/811/2017
f 968/999/2018 998/998/2018 596/1146/2018
f 997/996/2019 999/995/2019 574/812/2019
f 963/461/2020 1000/993/2020 621/71/2020
f 996/991/2021 1001/990/2021 607/1125/2021
f 1011/244/2022 1026/53/2022 874/1104/2022
f 1006/163/2023 1025/245/2023 871/1088/2023
f 862/1052/2024 1018/373/2024 1024/56/2024
f 963/461/2025 1023/356/2025 869/1055/2025
f 1017/355/2026 1022/170/2026 868/1058/2026
f 1008/182/2027 1021/371/2027 867/1073/2027
f 1016/304/2028 1020/180/2028 865/1092/2028
f 966/406/2029 1019/302/2029 864/1076/2029
f 1021/371/2030 1018/373/2030 862/1052/2030
f 1023/356/2031 1017/355/2031 861/1074/2031
f 1019/302/2032 1016/304/2032 859/1066/2032
f 1009/185/2033 1015/164/2033 858/1078/2033
f 1007/169/2034 1014/204/2034 857/1090/2034
f 852/1147/2035 1010/206/2035 1013/45/2035
f 837/1018/2036 965/275/2036 1012/183/2036
f 1025/245/2037 1011/244/2037 854/1040/2037
f 857/1090/2038 1014/204/2038 1010/206/2038
f 855/1086/2039 1012/183/2039 1009/185/2039
f 1020/180/2040 1008/182/2040 850/1060/2040
f 1022/170/2041 1007/169/2041 848/1080/2041
f 1015/164/2042 1006/163/2042 847/1049/2042
f 1024/56/2043 1005/55/2043 846/1111/2043
f 1026/53/2044 1004/52/2044 845/1112/2044
f 856/1084/2045 1013/45/2045 1002/47/2045
