# Blender 4.4.3
# www.blender.org
mtllib titleText_n.mtl
o titleText_n
v -0.088816 -0.368375 -0.061632
v -0.093493 -0.367007 -0.061632
v -0.098251 -0.365553 -0.061632
v -0.103088 -0.364013 -0.061632
v -0.108005 -0.362387 -0.061632
v -0.113001 -0.360676 -0.061632
v -0.118078 -0.358878 -0.061632
v -0.123234 -0.356995 -0.061632
v -0.128470 -0.355026 -0.061632
v -0.133786 -0.352970 -0.061632
v -0.139181 -0.350829 -0.061632
v -0.144656 -0.348603 -0.061632
v -0.150211 -0.346290 -0.061632
v -0.156119 -0.343873 -0.061632
v -0.161769 -0.341627 -0.061632
v -0.167161 -0.339554 -0.061632
v -0.172296 -0.337652 -0.061632
v -0.177173 -0.335922 -0.061632
v -0.181793 -0.334364 -0.061632
v -0.186154 -0.332978 -0.061632
v -0.190258 -0.331763 -0.061632
v -0.194105 -0.330720 -0.061632
v -0.197694 -0.329849 -0.061632
v -0.201025 -0.329149 -0.061632
v -0.204098 -0.328622 -0.061632
v -0.205025 -0.328481 -0.061632
v -0.206037 -0.328352 -0.061632
v -0.207135 -0.328235 -0.061632
v -0.208319 -0.328131 -0.061632
v -0.209589 -0.328039 -0.061632
v -0.210945 -0.327959 -0.061632
v -0.212386 -0.327892 -0.061632
v -0.213914 -0.327837 -0.061632
v -0.215527 -0.327794 -0.061632
v -0.217226 -0.327763 -0.061632
v -0.219012 -0.327745 -0.061632
v -0.220883 -0.327738 -0.061632
v -0.225324 -0.327806 -0.061632
v -0.229815 -0.328008 -0.061632
v -0.234355 -0.328346 -0.061632
v -0.238943 -0.328818 -0.061632
v -0.243581 -0.329426 -0.061632
v -0.248268 -0.330168 -0.061632
v -0.253004 -0.331045 -0.061632
v -0.257789 -0.332057 -0.061632
v -0.262623 -0.333204 -0.061632
v -0.267506 -0.334487 -0.061632
v -0.272439 -0.335904 -0.061632
v -0.277420 -0.337456 -0.061632
v -0.277702 -0.337566 -0.061632
v -0.277960 -0.337603 -0.061632
v -0.278193 -0.337566 -0.061632
v -0.278401 -0.337456 -0.061632
v -0.278585 -0.337272 -0.061632
v -0.278745 -0.337014 -0.061632
v -0.278880 -0.336683 -0.061632
v -0.278990 -0.336278 -0.061632
v -0.279076 -0.335799 -0.061632
v -0.279138 -0.335247 -0.061632
v -0.279174 -0.334622 -0.061632
v -0.279187 -0.333922 -0.061632
v -0.275236 -0.329573 -0.061632
v -0.271629 -0.324769 -0.061632
v -0.268365 -0.319512 -0.061632
v -0.265445 -0.313800 -0.061632
v -0.262868 -0.307635 -0.061632
v -0.260635 -0.301016 -0.061632
v -0.258746 -0.293943 -0.061632
v -0.257200 -0.286415 -0.061632
v -0.255998 -0.278434 -0.061632
v -0.255139 -0.269999 -0.061632
v -0.254624 -0.261110 -0.061632
v -0.254452 -0.251767 -0.061632
v -0.253617 -0.240172 -0.061632
v -0.252292 -0.228946 -0.061632
v -0.250476 -0.218087 -0.061632
v -0.248170 -0.207597 -0.061632
v -0.245372 -0.197475 -0.061632
v -0.242084 -0.187721 -0.061632
v -0.238305 -0.178335 -0.061632
v -0.234036 -0.169317 -0.061632
v -0.229275 -0.160667 -0.061632
v -0.224024 -0.152385 -0.061632
v -0.218282 -0.144471 -0.061632
v -0.212049 -0.136926 -0.061632
v -0.205635 -0.129788 -0.061632
v -0.199056 -0.123098 -0.061632
v -0.192311 -0.116856 -0.061632
v -0.185400 -0.111062 -0.061632
v -0.178324 -0.105716 -0.061632
v -0.171082 -0.100817 -0.061632
v -0.163674 -0.096366 -0.061632
v -0.156101 -0.092364 -0.061632
v -0.148362 -0.088808 -0.061632
v -0.140457 -0.085701 -0.061632
v -0.132387 -0.083042 -0.061632
v -0.124151 -0.080830 -0.061632
v -0.115916 -0.078944 -0.061632
v -0.107845 -0.077260 -0.061632
v -0.099941 -0.075778 -0.061632
v -0.092202 -0.074499 -0.061632
v -0.084629 -0.073423 -0.061632
v -0.077221 -0.072549 -0.061632
v -0.069979 -0.071877 -0.061632
v -0.062903 -0.071407 -0.061632
v -0.055992 -0.071141 -0.061632
v -0.049247 -0.071076 -0.061632
v -0.042668 -0.071214 -0.061632
v -0.036254 -0.071555 -0.061632
v -0.035965 -0.071705 -0.061632
v -0.035689 -0.071861 -0.061632
v -0.035426 -0.072024 -0.061632
v -0.035174 -0.072193 -0.061632
v -0.034935 -0.072368 -0.061632
v -0.034708 -0.072549 -0.061632
v -0.034493 -0.072736 -0.061632
v -0.034291 -0.072929 -0.061632
v -0.034101 -0.073128 -0.061632
v -0.033923 -0.073334 -0.061632
v -0.033757 -0.073545 -0.061632
v -0.033604 -0.073763 -0.061632
v -0.033475 -0.073987 -0.061632
v -0.033383 -0.074217 -0.061632
v -0.033328 -0.074453 -0.061632
v -0.033309 -0.074696 -0.061632
v -0.033328 -0.074944 -0.061632
v -0.033383 -0.075199 -0.061632
v -0.033475 -0.075459 -0.061632
v -0.033604 -0.075726 -0.061632
v -0.033769 -0.075999 -0.061632
v -0.033972 -0.076278 -0.061632
v -0.034211 -0.076564 -0.061632
v -0.034487 -0.076855 -0.061632
v -0.036824 -0.079346 -0.061632
v -0.039125 -0.082106 -0.061632
v -0.041389 -0.085137 -0.061632
v -0.043615 -0.088437 -0.061632
v -0.045805 -0.092008 -0.061632
v -0.047959 -0.095848 -0.061632
v -0.050075 -0.099958 -0.061632
v -0.052155 -0.104338 -0.061632
v -0.054198 -0.108988 -0.061632
v -0.056204 -0.113908 -0.061632
v -0.058173 -0.119098 -0.061632
v -0.060105 -0.124558 -0.061632
v -0.061946 -0.130245 -0.061632
v -0.063639 -0.136116 -0.061632
v -0.065185 -0.142171 -0.061632
v -0.066583 -0.148410 -0.061632
v -0.067835 -0.154833 -0.061632
v -0.068939 -0.161440 -0.061632
v -0.069896 -0.168231 -0.061632
v -0.070706 -0.175206 -0.061632
v -0.071369 -0.182365 -0.061632
v -0.071884 -0.189708 -0.061632
v -0.072252 -0.197236 -0.061632
v -0.072473 -0.204947 -0.061632
v -0.072473 -0.253534 -0.061632
v -0.072283 -0.255129 -0.061632
v -0.072007 -0.256674 -0.061632
v -0.071645 -0.258171 -0.061632
v -0.071197 -0.259619 -0.061632
v -0.070663 -0.261018 -0.061632
v -0.070044 -0.262367 -0.061632
v -0.069338 -0.263668 -0.061632
v -0.068547 -0.264919 -0.061632
v -0.067669 -0.266122 -0.061632
v -0.066706 -0.267275 -0.061632
v -0.065657 -0.268379 -0.061632
v -0.064522 -0.269435 -0.061632
v -0.063326 -0.270422 -0.061632
v -0.062093 -0.271324 -0.061632
v -0.060823 -0.272140 -0.061632
v -0.059517 -0.272870 -0.061632
v -0.058173 -0.273514 -0.061632
v -0.056793 -0.274072 -0.061632
v -0.055376 -0.274545 -0.061632
v -0.053922 -0.274931 -0.061632
v -0.052431 -0.275232 -0.061632
v -0.050903 -0.275447 -0.061632
v -0.049339 -0.275575 -0.061632
v -0.047738 -0.275618 -0.061632
v -0.045714 -0.275557 -0.061632
v -0.043763 -0.275373 -0.061632
v -0.041886 -0.275066 -0.061632
v -0.040082 -0.274637 -0.061632
v -0.038352 -0.274085 -0.061632
v -0.036696 -0.273410 -0.061632
v -0.035113 -0.272612 -0.061632
v -0.033604 -0.271692 -0.061632
v -0.032168 -0.270649 -0.061632
v -0.030806 -0.269484 -0.061632
v -0.029518 -0.268195 -0.061632
v -0.028303 -0.266784 -0.061632
v -0.028006 -0.266502 -0.061632
v -0.027702 -0.266245 -0.061632
v -0.027392 -0.266011 -0.061632
v -0.027076 -0.265803 -0.061632
v -0.026754 -0.265619 -0.061632
v -0.026426 -0.265459 -0.061632
v -0.026092 -0.265324 -0.061632
v -0.025751 -0.265214 -0.061632
v -0.025405 -0.265128 -0.061632
v -0.025052 -0.265067 -0.061632
v -0.024693 -0.265030 -0.061632
v -0.024328 -0.265018 -0.061632
v -0.023969 -0.265030 -0.061632
v -0.023629 -0.265067 -0.061632
v -0.023307 -0.265128 -0.061632
v -0.023003 -0.265214 -0.061632
v -0.022718 -0.265324 -0.061632
v -0.022451 -0.265459 -0.061632
v -0.022202 -0.265619 -0.061632
v -0.021972 -0.265803 -0.061632
v -0.021761 -0.266011 -0.061632
v -0.021567 -0.266245 -0.061632
v -0.021393 -0.266502 -0.061632
v -0.021236 -0.266784 -0.061632
v -0.020021 -0.268195 -0.061632
v -0.018733 -0.269484 -0.061632
v -0.017371 -0.270649 -0.061632
v -0.015936 -0.271692 -0.061632
v -0.014427 -0.272612 -0.061632
v -0.012844 -0.273410 -0.061632
v -0.011188 -0.274085 -0.061632
v -0.009458 -0.274637 -0.061632
v -0.007654 -0.275066 -0.061632
v -0.005777 -0.275373 -0.061632
v -0.003826 -0.275557 -0.061632
v -0.001801 -0.275618 -0.061632
v -0.000197 -0.275569 -0.061632
v 0.001376 -0.275422 -0.061632
v 0.002919 -0.275177 -0.061632
v 0.004431 -0.274833 -0.061632
v 0.005913 -0.274391 -0.061632
v 0.007364 -0.273852 -0.061632
v 0.008784 -0.273214 -0.061632
v 0.010173 -0.272477 -0.061632
v 0.011532 -0.271643 -0.061632
v 0.012860 -0.270711 -0.061632
v 0.014158 -0.269680 -0.061632
v 0.015425 -0.268551 -0.061632
v 0.016624 -0.267349 -0.061632
v 0.017719 -0.266097 -0.061632
v 0.018710 -0.264797 -0.061632
v 0.019596 -0.263447 -0.061632
v 0.020378 -0.262048 -0.061632
v 0.021056 -0.260601 -0.061632
v 0.021630 -0.259104 -0.061632
v 0.022099 -0.257558 -0.061632
v 0.022464 -0.255963 -0.061632
v 0.022725 -0.254319 -0.061632
v 0.022881 -0.252626 -0.061632
v 0.022934 -0.250883 -0.061632
v 0.022934 0.265018 -0.061632
v 0.022749 0.271815 -0.061632
v 0.022492 0.278367 -0.061632
v 0.022161 0.284673 -0.061632
v 0.021756 0.290734 -0.061632
v 0.021277 0.296550 -0.061632
v 0.020725 0.302120 -0.061632
v 0.020099 0.307445 -0.061632
v 0.019400 0.312525 -0.061632
v 0.018627 0.317359 -0.061632
v 0.017780 0.321947 -0.061632
v 0.016860 0.326291 -0.061632
v 0.015866 0.330389 -0.061632
v 0.014744 0.334315 -0.061632
v 0.013437 0.338143 -0.061632
v 0.011946 0.341873 -0.061632
v 0.010271 0.345505 -0.061632
v 0.008413 0.349038 -0.061632
v 0.006370 0.352474 -0.061632
v 0.004143 0.355811 -0.061632
v 0.001732 0.359050 -0.061632
v -0.000863 0.362191 -0.061632
v -0.003642 0.365234 -0.061632
v -0.006605 0.368178 -0.061632
v -0.009752 0.371025 -0.061632
v -0.009893 0.371178 -0.061632
v -0.010022 0.371344 -0.061632
v -0.010138 0.371522 -0.061632
v -0.010243 0.371712 -0.061632
v -0.010335 0.371914 -0.061632
v -0.010415 0.372129 -0.061632
v -0.010482 0.372356 -0.061632
v -0.010537 0.372595 -0.061632
v -0.010580 0.372847 -0.061632
v -0.010611 0.373111 -0.061632
v -0.010629 0.373387 -0.061632
v -0.010635 0.373675 -0.061632
v -0.010623 0.373957 -0.061632
v -0.010586 0.374215 -0.061632
v -0.010525 0.374448 -0.061632
v -0.010439 0.374656 -0.061632
v -0.010329 0.374841 -0.061632
v -0.010194 0.375000 -0.061632
v -0.010034 0.375135 -0.061632
v -0.009850 0.375245 -0.061632
v -0.009642 0.375331 -0.061632
v -0.009409 0.375393 -0.061632
v -0.009151 0.375429 -0.061632
v -0.008869 0.375442 -0.061632
v -0.004047 0.375248 -0.061632
v 0.000701 0.374963 -0.061632
v 0.005376 0.374586 -0.061632
v 0.009977 0.374117 -0.061632
v 0.014504 0.373555 -0.061632
v 0.018958 0.372902 -0.061632
v 0.023338 0.372157 -0.061632
v 0.027645 0.371319 -0.061632
v 0.031878 0.370390 -0.061632
v 0.036037 0.369368 -0.061632
v 0.040123 0.368255 -0.061632
v 0.044135 0.367050 -0.061632
v 0.048153 0.365764 -0.061632
v 0.052257 0.364412 -0.061632
v 0.056447 0.362991 -0.061632
v 0.060723 0.361504 -0.061632
v 0.065085 0.359949 -0.061632
v 0.069532 0.358326 -0.061632
v 0.074066 0.356636 -0.061632
v 0.078685 0.354878 -0.061632
v 0.083391 0.353053 -0.061632
v 0.088182 0.351161 -0.061632
v 0.093059 0.349201 -0.061632
v 0.098022 0.347173 -0.061632
v 0.103948 0.344615 -0.061632
v 0.109653 0.342241 -0.061632
v 0.115138 0.340051 -0.061632
v 0.120401 0.338045 -0.061632
v 0.125444 0.336223 -0.061632
v 0.130266 0.334585 -0.061632
v 0.134867 0.333131 -0.061632
v 0.139247 0.331861 -0.061632
v 0.143406 0.330775 -0.061632
v 0.147345 0.329873 -0.061632
v 0.151062 0.329156 -0.061632
v 0.154559 0.328622 -0.061632
v 0.156583 0.328340 -0.061632
v 0.158534 0.328082 -0.061632
v 0.160411 0.327849 -0.061632
v 0.162215 0.327640 -0.061632
v 0.163945 0.327456 -0.061632
v 0.165601 0.327297 -0.061632
v 0.167184 0.327162 -0.061632
v 0.168693 0.327051 -0.061632
v 0.170129 0.326966 -0.061632
v 0.171491 0.326904 -0.061632
v 0.172779 0.326867 -0.061632
v 0.173994 0.326855 -0.061632
v 0.177392 0.326898 -0.061632
v 0.180815 0.327027 -0.061632
v 0.184263 0.327242 -0.061632
v 0.187735 0.327542 -0.061632
v 0.191232 0.327929 -0.061632
v 0.194753 0.328401 -0.061632
v 0.198299 0.328959 -0.061632
v 0.201869 0.329604 -0.061632
v 0.205464 0.330334 -0.061632
v 0.209084 0.331149 -0.061632
v 0.212728 0.332051 -0.061632
v 0.216396 0.333039 -0.061632
v 0.216887 0.333205 -0.061632
v 0.217476 0.333407 -0.061632
v 0.218163 0.333646 -0.061632
v 0.218948 0.333922 -0.061632
v 0.219832 0.334235 -0.061632
v 0.220813 0.334585 -0.061632
v 0.221893 0.334971 -0.061632
v 0.223071 0.335395 -0.061632
v 0.224347 0.335855 -0.061632
v 0.225721 0.336352 -0.061632
v 0.227193 0.336885 -0.061632
v 0.228764 0.337456 -0.061632
v 0.228911 0.337447 -0.061632
v 0.229058 0.337419 -0.061632
v 0.229206 0.337373 -0.061632
v 0.229353 0.337309 -0.061632
v 0.229500 0.337226 -0.061632
v 0.229647 0.337125 -0.061632
v 0.229794 0.337005 -0.061632
v 0.229942 0.336867 -0.061632
v 0.230089 0.336711 -0.061632
v 0.230236 0.336536 -0.061632
v 0.230383 0.336342 -0.061632
v 0.230531 0.336131 -0.061632
v 0.230666 0.335913 -0.061632
v 0.230776 0.335701 -0.061632
v 0.230862 0.335496 -0.061632
v 0.230923 0.335296 -0.061632
v 0.230960 0.335103 -0.061632
v 0.230972 0.334916 -0.061632
v 0.230960 0.334735 -0.061632
v 0.230923 0.334560 -0.061632
v 0.230862 0.334392 -0.061632
v 0.230776 0.334229 -0.061632
v 0.230666 0.334073 -0.061632
v 0.230531 0.333922 -0.061632
v 0.228371 0.330800 -0.061632
v 0.226310 0.327616 -0.061632
v 0.224347 0.324371 -0.061632
v 0.222482 0.321064 -0.061632
v 0.220715 0.317696 -0.061632
v 0.219047 0.314267 -0.061632
v 0.217476 0.310776 -0.061632
v 0.216004 0.307224 -0.061632
v 0.214630 0.303611 -0.061632
v 0.213354 0.299936 -0.061632
v 0.212176 0.296200 -0.061632
v 0.211096 0.292403 -0.061632
v 0.210108 0.288606 -0.061632
v 0.209207 0.284870 -0.061632
v 0.208391 0.281195 -0.061632
v 0.207661 0.277582 -0.061632
v 0.207016 0.274030 -0.061632
v 0.206458 0.270539 -0.061632
v 0.205986 0.267110 -0.061632
v 0.205599 0.263742 -0.061632
v 0.205299 0.260435 -0.061632
v 0.205084 0.257190 -0.061632
v 0.204955 0.254006 -0.061632
v 0.204912 0.250883 -0.061632
v 0.204912 -0.158127 -0.061632
v 0.204486 -0.175034 -0.061632
v 0.203207 -0.191303 -0.061632
v 0.201075 -0.206935 -0.061632
v 0.198091 -0.221928 -0.061632
v 0.194253 -0.236283 -0.061632
v 0.189563 -0.250000 -0.061632
v 0.184021 -0.263079 -0.061632
v 0.177625 -0.275520 -0.061632
v 0.170377 -0.287323 -0.061632
v 0.162276 -0.298488 -0.061632
v 0.153323 -0.309016 -0.061632
v 0.143517 -0.318905 -0.061632
v 0.132968 -0.328076 -0.061632
v 0.121788 -0.336450 -0.061632
v 0.109975 -0.344026 -0.061632
v 0.097531 -0.350805 -0.061632
v 0.084455 -0.356786 -0.061632
v 0.070747 -0.361970 -0.061632
v 0.056407 -0.366356 -0.061632
v 0.041436 -0.369945 -0.061632
v 0.025832 -0.372736 -0.061632
v 0.009597 -0.374730 -0.061632
v -0.007271 -0.375926 -0.061632
v -0.024770 -0.376325 -0.061632
v -0.030748 -0.376270 -0.061632
v -0.036610 -0.376104 -0.061632
v -0.042355 -0.375828 -0.061632
v -0.047983 -0.375442 -0.061632
v -0.053495 -0.374945 -0.061632
v -0.058891 -0.374337 -0.061632
v -0.064170 -0.373620 -0.061632
v -0.069332 -0.372791 -0.061632
v -0.074378 -0.371853 -0.061632
v -0.079307 -0.370804 -0.061632
v -0.084120 -0.369644 -0.061632
v -0.069381 0.107332 -0.061632
v -0.074537 0.108961 -0.061632
v -0.079847 0.110461 -0.061632
v -0.085310 0.111832 -0.061632
v -0.090926 0.113074 -0.061632
v -0.096696 0.114188 -0.061632
v -0.102619 0.115172 -0.061632
v -0.108695 0.116028 -0.061632
v -0.114925 0.116755 -0.061632
v -0.121308 0.117353 -0.061632
v -0.127844 0.117822 -0.061632
v -0.134534 0.118163 -0.061632
v -0.141377 0.118375 -0.061632
v -0.197915 0.118375 -0.061632
v -0.200878 0.118338 -0.061632
v -0.203877 0.118227 -0.061632
v -0.206914 0.118043 -0.061632
v -0.209988 0.117786 -0.061632
v -0.213098 0.117454 -0.061632
v -0.216245 0.117050 -0.061632
v -0.219429 0.116571 -0.061632
v -0.222650 0.116019 -0.061632
v -0.225907 0.115393 -0.061632
v -0.229201 0.114694 -0.061632
v -0.232532 0.113921 -0.061632
v -0.235900 0.113074 -0.061632
v -0.239262 0.112142 -0.061632
v -0.242575 0.111111 -0.061632
v -0.245839 0.109982 -0.061632
v -0.249053 0.108755 -0.061632
v -0.252219 0.107430 -0.061632
v -0.255335 0.106007 -0.061632
v -0.258402 0.104486 -0.061632
v -0.261421 0.102866 -0.061632
v -0.264390 0.101148 -0.061632
v -0.267310 0.099333 -0.061632
v -0.270181 0.097419 -0.061632
v -0.273003 0.095406 -0.061632
v -0.273426 0.095284 -0.061632
v -0.273813 0.095210 -0.061632
v -0.274162 0.095186 -0.061632
v -0.274475 0.095210 -0.061632
v -0.274751 0.095284 -0.061632
v -0.274991 0.095406 -0.061632
v -0.275193 0.095578 -0.061632
v -0.275359 0.095799 -0.061632
v -0.275487 0.096069 -0.061632
v -0.275579 0.096388 -0.061632
v -0.275635 0.096756 -0.061632
v -0.275653 0.097173 -0.061632
v -0.274242 0.101425 -0.061632
v -0.272954 0.105639 -0.061632
v -0.271788 0.109817 -0.061632
v -0.270745 0.113958 -0.061632
v -0.269825 0.118062 -0.061632
v -0.269028 0.122129 -0.061632
v -0.268353 0.126160 -0.061632
v -0.267801 0.130153 -0.061632
v -0.267371 0.134110 -0.061632
v -0.267065 0.138030 -0.061632
v -0.266880 0.141913 -0.061632
v -0.266819 0.145760 -0.061632
v -0.266825 0.147637 -0.061632
v -0.266844 0.149441 -0.061632
v -0.266874 0.151171 -0.061632
v -0.266917 0.152827 -0.061632
v -0.266973 0.154410 -0.061632
v -0.267040 0.155919 -0.061632
v -0.267120 0.157354 -0.061632
v -0.267212 0.158716 -0.061632
v -0.267316 0.160004 -0.061632
v -0.267433 0.161219 -0.061632
v -0.267561 0.162360 -0.061632
v -0.267703 0.163428 -0.061632
v -0.268089 0.166618 -0.061632
v -0.268660 0.170004 -0.061632
v -0.269414 0.173587 -0.061632
v -0.270353 0.177366 -0.061632
v -0.271475 0.181341 -0.061632
v -0.272782 0.185512 -0.061632
v -0.274273 0.189880 -0.061632
v -0.275948 0.194444 -0.061632
v -0.277806 0.199205 -0.061632
v -0.279849 0.204162 -0.061632
v -0.282076 0.209315 -0.061632
v -0.284487 0.214664 -0.061632
v -0.286367 0.219048 -0.061632
v -0.288180 0.223363 -0.061632
v -0.289925 0.227612 -0.061632
v -0.291603 0.231792 -0.061632
v -0.293214 0.235906 -0.061632
v -0.294756 0.239951 -0.061632
v -0.296232 0.243930 -0.061632
v -0.297640 0.247841 -0.061632
v -0.298980 0.251684 -0.061632
v -0.300253 0.255460 -0.061632
v -0.301459 0.259168 -0.061632
v -0.302597 0.262809 -0.061632
v -0.303661 0.266444 -0.061632
v -0.304646 0.270134 -0.061632
v -0.305550 0.273879 -0.061632
v -0.306375 0.277680 -0.061632
v -0.307121 0.281535 -0.061632
v -0.307786 0.285446 -0.061632
v -0.308372 0.289412 -0.061632
v -0.308878 0.293433 -0.061632
v -0.309305 0.297510 -0.061632
v -0.309651 0.301642 -0.061632
v -0.309918 0.305829 -0.061632
v -0.310105 0.310071 -0.061632
v -0.310075 0.310353 -0.061632
v -0.309983 0.310611 -0.061632
v -0.309829 0.310844 -0.061632
v -0.309615 0.311052 -0.061632
v -0.309339 0.311236 -0.061632
v -0.309001 0.311396 -0.061632
v -0.308602 0.311531 -0.061632
v -0.308142 0.311641 -0.061632
v -0.307621 0.311727 -0.061632
v -0.307038 0.311788 -0.061632
v -0.306394 0.311825 -0.061632
v -0.305688 0.311837 -0.061632
v -0.303139 0.308976 -0.061632
v -0.300499 0.306279 -0.061632
v -0.297766 0.303749 -0.061632
v -0.294941 0.301384 -0.061632
v -0.292023 0.299185 -0.061632
v -0.289014 0.297151 -0.061632
v -0.285913 0.295283 -0.061632
v -0.282720 0.293581 -0.061632
v -0.279435 0.292044 -0.061632
v -0.276058 0.290673 -0.061632
v -0.272589 0.289467 -0.061632
v -0.269028 0.288428 -0.061632
v -0.265319 0.287504 -0.061632
v -0.261408 0.286649 -0.061632
v -0.257295 0.285860 -0.061632
v -0.252979 0.285139 -0.061632
v -0.248461 0.284486 -0.061632
v -0.243740 0.283900 -0.061632
v -0.238817 0.283382 -0.061632
v -0.233692 0.282931 -0.061632
v -0.228364 0.282548 -0.061632
v -0.222834 0.282232 -0.061632
v -0.217101 0.281983 -0.061632
v -0.211165 0.281802 -0.061632
v -0.194381 0.282686 -0.061632
v -0.182651 0.282416 -0.061632
v -0.171315 0.281606 -0.061632
v -0.160370 0.280256 -0.061632
v -0.149819 0.278367 -0.061632
v -0.139660 0.275937 -0.061632
v -0.129893 0.272968 -0.061632
v -0.120520 0.269459 -0.061632
v -0.111538 0.265410 -0.061632
v -0.102950 0.260822 -0.061632
v -0.094754 0.255693 -0.061632
v -0.086951 0.250025 -0.061632
v -0.079540 0.243816 -0.061632
v -0.073255 0.238145 -0.061632
v -0.067357 0.232320 -0.061632
v -0.061845 0.226342 -0.061632
v -0.056719 0.220210 -0.061632
v -0.051980 0.213925 -0.061632
v -0.047627 0.207487 -0.061632
v -0.043661 0.200895 -0.061632
v -0.040082 0.194150 -0.061632
v -0.036889 0.187252 -0.061632
v -0.034082 0.180200 -0.061632
v -0.031662 0.172995 -0.061632
v -0.029628 0.165636 -0.061632
v -0.027883 0.158271 -0.061632
v -0.026328 0.151048 -0.061632
v -0.024963 0.143965 -0.061632
v -0.023788 0.137024 -0.061632
v -0.022804 0.130224 -0.061632
v -0.022009 0.123565 -0.061632
v -0.021405 0.117046 -0.061632
v -0.020991 0.110669 -0.061632
v -0.020767 0.104434 -0.061632
v -0.020733 0.098339 -0.061632
v -0.020890 0.092385 -0.061632
v -0.021236 0.086572 -0.061632
v -0.021248 0.086284 -0.061632
v -0.021285 0.086008 -0.061632
v -0.021347 0.085744 -0.061632
v -0.021432 0.085493 -0.061632
v -0.021543 0.085254 -0.061632
v -0.021678 0.085027 -0.061632
v -0.021837 0.084812 -0.061632
v -0.022021 0.084609 -0.061632
v -0.022230 0.084419 -0.061632
v -0.022463 0.084241 -0.061632
v -0.022721 0.084076 -0.061632
v -0.023003 0.083922 -0.061632
v -0.023297 0.083793 -0.061632
v -0.023592 0.083701 -0.061632
v -0.023886 0.083646 -0.061632
v -0.024181 0.083628 -0.061632
v -0.024475 0.083646 -0.061632
v -0.024770 0.083701 -0.061632
v -0.025064 0.083793 -0.061632
v -0.025359 0.083922 -0.061632
v -0.025653 0.084088 -0.061632
v -0.025947 0.084290 -0.061632
v -0.026242 0.084530 -0.061632
v -0.026536 0.084806 -0.061632
v -0.028723 0.086852 -0.061632
v -0.031162 0.088867 -0.061632
v -0.033852 0.090851 -0.061632
v -0.036794 0.092805 -0.061632
v -0.039987 0.094729 -0.061632
v -0.043431 0.096621 -0.061632
v -0.047127 0.098483 -0.061632
v -0.051075 0.100314 -0.061632
v -0.055274 0.102115 -0.061632
v -0.059725 0.103885 -0.061632
v -0.064427 0.105624 -0.061632
v -0.088816 -0.368375 0.061632
v -0.093493 -0.367007 0.061632
v -0.098251 -0.365553 0.061632
v -0.103088 -0.364013 0.061632
v -0.108005 -0.362387 0.061632
v -0.113001 -0.360676 0.061632
v -0.118078 -0.358878 0.061632
v -0.123234 -0.356995 0.061632
v -0.128470 -0.355026 0.061632
v -0.133786 -0.352970 0.061632
v -0.139181 -0.350829 0.061632
v -0.144656 -0.348603 0.061632
v -0.150211 -0.346290 0.061632
v -0.156119 -0.343873 0.061632
v -0.161769 -0.341627 0.061632
v -0.167161 -0.339554 0.061632
v -0.172296 -0.337652 0.061632
v -0.177173 -0.335922 0.061632
v -0.181793 -0.334364 0.061632
v -0.186154 -0.332978 0.061632
v -0.190258 -0.331763 0.061632
v -0.194105 -0.330720 0.061632
v -0.197694 -0.329849 0.061632
v -0.201025 -0.329149 0.061632
v -0.204098 -0.328622 0.061632
v -0.205025 -0.328481 0.061632
v -0.206037 -0.328352 0.061632
v -0.207135 -0.328235 0.061632
v -0.208319 -0.328131 0.061632
v -0.209589 -0.328039 0.061632
v -0.210945 -0.327959 0.061632
v -0.212386 -0.327892 0.061632
v -0.213914 -0.327837 0.061632
v -0.215527 -0.327794 0.061632
v -0.217226 -0.327763 0.061632
v -0.219012 -0.327745 0.061632
v -0.220883 -0.327738 0.061632
v -0.225324 -0.327806 0.061632
v -0.229815 -0.328008 0.061632
v -0.234355 -0.328346 0.061632
v -0.238943 -0.328818 0.061632
v -0.243581 -0.329426 0.061632
v -0.248268 -0.330168 0.061632
v -0.253004 -0.331045 0.061632
v -0.257789 -0.332057 0.061632
v -0.262623 -0.333204 0.061632
v -0.267506 -0.334487 0.061632
v -0.272439 -0.335904 0.061632
v -0.277420 -0.337456 0.061632
v -0.277702 -0.337566 0.061632
v -0.277960 -0.337603 0.061632
v -0.278193 -0.337566 0.061632
v -0.278401 -0.337456 0.061632
v -0.278585 -0.337272 0.061632
v -0.278745 -0.337014 0.061632
v -0.278880 -0.336683 0.061632
v -0.278990 -0.336278 0.061632
v -0.279076 -0.335799 0.061632
v -0.279138 -0.335247 0.061632
v -0.279174 -0.334622 0.061632
v -0.279187 -0.333922 0.061632
v -0.275236 -0.329573 0.061632
v -0.271629 -0.324769 0.061632
v -0.268365 -0.319512 0.061632
v -0.265445 -0.313800 0.061632
v -0.262868 -0.307635 0.061632
v -0.260635 -0.301016 0.061632
v -0.258746 -0.293943 0.061632
v -0.257200 -0.286415 0.061632
v -0.255998 -0.278434 0.061632
v -0.255139 -0.269999 0.061632
v -0.254624 -0.261110 0.061632
v -0.254452 -0.251767 0.061632
v -0.253617 -0.240172 0.061632
v -0.252292 -0.228946 0.061632
v -0.250476 -0.218087 0.061632
v -0.248170 -0.207597 0.061632
v -0.245372 -0.197475 0.061632
v -0.242084 -0.187721 0.061632
v -0.238305 -0.178335 0.061632
v -0.234036 -0.169317 0.061632
v -0.229275 -0.160667 0.061632
v -0.224024 -0.152385 0.061632
v -0.218282 -0.144471 0.061632
v -0.212049 -0.136926 0.061632
v -0.205635 -0.129788 0.061632
v -0.199056 -0.123098 0.061632
v -0.192311 -0.116856 0.061632
v -0.185400 -0.111062 0.061632
v -0.178324 -0.105716 0.061632
v -0.171082 -0.100817 0.061632
v -0.163674 -0.096366 0.061632
v -0.156101 -0.092364 0.061632
v -0.148362 -0.088808 0.061632
v -0.140457 -0.085701 0.061632
v -0.132387 -0.083042 0.061632
v -0.124151 -0.080830 0.061632
v -0.115916 -0.078944 0.061632
v -0.107845 -0.077260 0.061632
v -0.099941 -0.075778 0.061632
v -0.092202 -0.074499 0.061632
v -0.084629 -0.073423 0.061632
v -0.077221 -0.072549 0.061632
v -0.069979 -0.071877 0.061632
v -0.062903 -0.071407 0.061632
v -0.055992 -0.071141 0.061632
v -0.049247 -0.071076 0.061632
v -0.042668 -0.071214 0.061632
v -0.036254 -0.071555 0.061632
v -0.035965 -0.071705 0.061632
v -0.035689 -0.071861 0.061632
v -0.035426 -0.072024 0.061632
v -0.035174 -0.072193 0.061632
v -0.034935 -0.072368 0.061632
v -0.034708 -0.072549 0.061632
v -0.034493 -0.072736 0.061632
v -0.034291 -0.072929 0.061632
v -0.034101 -0.073128 0.061632
v -0.033923 -0.073334 0.061632
v -0.033757 -0.073545 0.061632
v -0.033604 -0.073763 0.061632
v -0.033475 -0.073987 0.061632
v -0.033383 -0.074217 0.061632
v -0.033328 -0.074453 0.061632
v -0.033309 -0.074696 0.061632
v -0.033328 -0.074944 0.061632
v -0.033383 -0.075199 0.061632
v -0.033475 -0.075459 0.061632
v -0.033604 -0.075726 0.061632
v -0.033769 -0.075999 0.061632
v -0.033972 -0.076278 0.061632
v -0.034211 -0.076564 0.061632
v -0.034487 -0.076855 0.061632
v -0.036824 -0.079346 0.061632
v -0.039125 -0.082106 0.061632
v -0.041389 -0.085137 0.061632
v -0.043615 -0.088437 0.061632
v -0.045805 -0.092008 0.061632
v -0.047959 -0.095848 0.061632
v -0.050075 -0.099958 0.061632
v -0.052155 -0.104338 0.061632
v -0.054198 -0.108988 0.061632
v -0.056204 -0.113908 0.061632
v -0.058173 -0.119098 0.061632
v -0.060105 -0.124558 0.061632
v -0.061946 -0.130245 0.061632
v -0.063639 -0.136116 0.061632
v -0.065185 -0.142171 0.061632
v -0.066583 -0.148410 0.061632
v -0.067835 -0.154833 0.061632
v -0.068939 -0.161440 0.061632
v -0.069896 -0.168231 0.061632
v -0.070706 -0.175206 0.061632
v -0.071369 -0.182365 0.061632
v -0.071884 -0.189708 0.061632
v -0.072252 -0.197236 0.061632
v -0.072473 -0.204947 0.061632
v -0.072473 -0.253534 0.061632
v -0.072283 -0.255129 0.061632
v -0.072007 -0.256674 0.061632
v -0.071645 -0.258171 0.061632
v -0.071197 -0.259619 0.061632
v -0.070663 -0.261018 0.061632
v -0.070044 -0.262367 0.061632
v -0.069338 -0.263668 0.061632
v -0.068547 -0.264919 0.061632
v -0.067669 -0.266122 0.061632
v -0.066706 -0.267275 0.061632
v -0.065657 -0.268379 0.061632
v -0.064522 -0.269435 0.061632
v -0.063326 -0.270422 0.061632
v -0.062093 -0.271324 0.061632
v -0.060823 -0.272140 0.061632
v -0.059517 -0.272870 0.061632
v -0.058173 -0.273514 0.061632
v -0.056793 -0.274072 0.061632
v -0.055376 -0.274545 0.061632
v -0.053922 -0.274931 0.061632
v -0.052431 -0.275232 0.061632
v -0.050903 -0.275447 0.061632
v -0.049339 -0.275575 0.061632
v -0.047738 -0.275618 0.061632
v -0.045714 -0.275557 0.061632
v -0.043763 -0.275373 0.061632
v -0.041886 -0.275066 0.061632
v -0.040082 -0.274637 0.061632
v -0.038352 -0.274085 0.061632
v -0.036696 -0.273410 0.061632
v -0.035113 -0.272612 0.061632
v -0.033604 -0.271692 0.061632
v -0.032168 -0.270649 0.061632
v -0.030806 -0.269484 0.061632
v -0.029518 -0.268195 0.061632
v -0.028303 -0.266784 0.061632
v -0.028006 -0.266502 0.061632
v -0.027702 -0.266245 0.061632
v -0.027392 -0.266011 0.061632
v -0.027076 -0.265803 0.061632
v -0.026754 -0.265619 0.061632
v -0.026426 -0.265459 0.061632
v -0.026092 -0.265324 0.061632
v -0.025751 -0.265214 0.061632
v -0.025405 -0.265128 0.061632
v -0.025052 -0.265067 0.061632
v -0.024693 -0.265030 0.061632
v -0.024328 -0.265018 0.061632
v -0.023969 -0.265030 0.061632
v -0.023629 -0.265067 0.061632
v -0.023307 -0.265128 0.061632
v -0.023003 -0.265214 0.061632
v -0.022718 -0.265324 0.061632
v -0.022451 -0.265459 0.061632
v -0.022202 -0.265619 0.061632
v -0.021972 -0.265803 0.061632
v -0.021761 -0.266011 0.061632
v -0.021567 -0.266245 0.061632
v -0.021393 -0.266502 0.061632
v -0.021236 -0.266784 0.061632
v -0.020021 -0.268195 0.061632
v -0.018733 -0.269484 0.061632
v -0.017371 -0.270649 0.061632
v -0.015936 -0.271692 0.061632
v -0.014427 -0.272612 0.061632
v -0.012844 -0.273410 0.061632
v -0.011188 -0.274085 0.061632
v -0.009458 -0.274637 0.061632
v -0.007654 -0.275066 0.061632
v -0.005777 -0.275373 0.061632
v -0.003826 -0.275557 0.061632
v -0.001801 -0.275618 0.061632
v -0.000197 -0.275569 0.061632
v 0.001376 -0.275422 0.061632
v 0.002919 -0.275177 0.061632
v 0.004431 -0.274833 0.061632
v 0.005913 -0.274391 0.061632
v 0.007364 -0.273852 0.061632
v 0.008784 -0.273214 0.061632
v 0.010173 -0.272477 0.061632
v 0.011532 -0.271643 0.061632
v 0.012860 -0.270711 0.061632
v 0.014158 -0.269680 0.061632
v 0.015425 -0.268551 0.061632
v 0.016624 -0.267349 0.061632
v 0.017719 -0.266097 0.061632
v 0.018710 -0.264797 0.061632
v 0.019596 -0.263447 0.061632
v 0.020378 -0.262048 0.061632
v 0.021056 -0.260601 0.061632
v 0.021630 -0.259104 0.061632
v 0.022099 -0.257558 0.061632
v 0.022464 -0.255963 0.061632
v 0.022725 -0.254319 0.061632
v 0.022881 -0.252626 0.061632
v 0.022934 -0.250883 0.061632
v 0.022934 0.265018 0.061632
v 0.022749 0.271815 0.061632
v 0.022492 0.278367 0.061632
v 0.022161 0.284673 0.061632
v 0.021756 0.290734 0.061632
v 0.021277 0.296550 0.061632
v 0.020725 0.302120 0.061632
v 0.020099 0.307445 0.061632
v 0.019400 0.312525 0.061632
v 0.018627 0.317359 0.061632
v 0.017780 0.321947 0.061632
v 0.016860 0.326291 0.061632
v 0.015866 0.330389 0.061632
v 0.014744 0.334315 0.061632
v 0.013437 0.338143 0.061632
v 0.011946 0.341873 0.061632
v 0.010271 0.345505 0.061632
v 0.008413 0.349038 0.061632
v 0.006370 0.352474 0.061632
v 0.004143 0.355811 0.061632
v 0.001732 0.359050 0.061632
v -0.000863 0.362191 0.061632
v -0.003642 0.365234 0.061632
v -0.006605 0.368178 0.061632
v -0.009752 0.371025 0.061632
v -0.009893 0.371178 0.061632
v -0.010022 0.371344 0.061632
v -0.010138 0.371522 0.061632
v -0.010243 0.371712 0.061632
v -0.010335 0.371914 0.061632
v -0.010415 0.372129 0.061632
v -0.010482 0.372356 0.061632
v -0.010537 0.372595 0.061632
v -0.010580 0.372847 0.061632
v -0.010611 0.373111 0.061632
v -0.010629 0.373387 0.061632
v -0.010635 0.373675 0.061632
v -0.010623 0.373957 0.061632
v -0.010586 0.374215 0.061632
v -0.010525 0.374448 0.061632
v -0.010439 0.374656 0.061632
v -0.010329 0.374841 0.061632
v -0.010194 0.375000 0.061632
v -0.010034 0.375135 0.061632
v -0.009850 0.375245 0.061632
v -0.009642 0.375331 0.061632
v -0.009409 0.375393 0.061632
v -0.009151 0.375429 0.061632
v -0.008869 0.375442 0.061632
v -0.004047 0.375248 0.061632
v 0.000701 0.374963 0.061632
v 0.005376 0.374586 0.061632
v 0.009977 0.374117 0.061632
v 0.014504 0.373555 0.061632
v 0.018958 0.372902 0.061632
v 0.023338 0.372157 0.061632
v 0.027645 0.371319 0.061632
v 0.031878 0.370390 0.061632
v 0.036037 0.369368 0.061632
v 0.040123 0.368255 0.061632
v 0.044135 0.367050 0.061632
v 0.048153 0.365764 0.061632
v 0.052257 0.364412 0.061632
v 0.056447 0.362991 0.061632
v 0.060723 0.361504 0.061632
v 0.065085 0.359949 0.061632
v 0.069532 0.358326 0.061632
v 0.074066 0.356636 0.061632
v 0.078685 0.354878 0.061632
v 0.083391 0.353053 0.061632
v 0.088182 0.351161 0.061632
v 0.093059 0.349201 0.061632
v 0.098022 0.347173 0.061632
v 0.103948 0.344615 0.061632
v 0.109653 0.342241 0.061632
v 0.115138 0.340051 0.061632
v 0.120401 0.338045 0.061632
v 0.125444 0.336223 0.061632
v 0.130266 0.334585 0.061632
v 0.134867 0.333131 0.061632
v 0.139247 0.331861 0.061632
v 0.143406 0.330775 0.061632
v 0.147345 0.329873 0.061632
v 0.151062 0.329156 0.061632
v 0.154559 0.328622 0.061632
v 0.156583 0.328340 0.061632
v 0.158534 0.328082 0.061632
v 0.160411 0.327849 0.061632
v 0.162215 0.327640 0.061632
v 0.163945 0.327456 0.061632
v 0.165601 0.327297 0.061632
v 0.167184 0.327162 0.061632
v 0.168693 0.327051 0.061632
v 0.170129 0.326966 0.061632
v 0.171491 0.326904 0.061632
v 0.172779 0.326867 0.061632
v 0.173994 0.326855 0.061632
v 0.177392 0.326898 0.061632
v 0.180815 0.327027 0.061632
v 0.184263 0.327242 0.061632
v 0.187735 0.327542 0.061632
v 0.191232 0.327929 0.061632
v 0.194753 0.328401 0.061632
v 0.198299 0.328959 0.061632
v 0.201869 0.329604 0.061632
v 0.205464 0.330334 0.061632
v 0.209084 0.331149 0.061632
v 0.212728 0.332051 0.061632
v 0.216396 0.333039 0.061632
v 0.216887 0.333205 0.061632
v 0.217476 0.333407 0.061632
v 0.218163 0.333646 0.061632
v 0.218948 0.333922 0.061632
v 0.219832 0.334235 0.061632
v 0.220813 0.334585 0.061632
v 0.221893 0.334971 0.061632
v 0.223071 0.335395 0.061632
v 0.224347 0.335855 0.061632
v 0.225721 0.336352 0.061632
v 0.227193 0.336885 0.061632
v 0.228764 0.337456 0.061632
v 0.228911 0.337447 0.061632
v 0.229058 0.337419 0.061632
v 0.229206 0.337373 0.061632
v 0.229353 0.337309 0.061632
v 0.229500 0.337226 0.061632
v 0.229647 0.337125 0.061632
v 0.229794 0.337005 0.061632
v 0.229942 0.336867 0.061632
v 0.230089 0.336711 0.061632
v 0.230236 0.336536 0.061632
v 0.230383 0.336342 0.061632
v 0.230531 0.336131 0.061632
v 0.230666 0.335913 0.061632
v 0.230776 0.335701 0.061632
v 0.230862 0.335496 0.061632
v 0.230923 0.335296 0.061632
v 0.230960 0.335103 0.061632
v 0.230972 0.334916 0.061632
v 0.230960 0.334735 0.061632
v 0.230923 0.334560 0.061632
v 0.230862 0.334392 0.061632
v 0.230776 0.334229 0.061632
v 0.230666 0.334073 0.061632
v 0.230531 0.333922 0.061632
v 0.228371 0.330800 0.061632
v 0.226310 0.327616 0.061632
v 0.224347 0.324371 0.061632
v 0.222482 0.321064 0.061632
v 0.220715 0.317696 0.061632
v 0.219047 0.314267 0.061632
v 0.217476 0.310776 0.061632
v 0.216004 0.307224 0.061632
v 0.214630 0.303611 0.061632
v 0.213354 0.299936 0.061632
v 0.212176 0.296200 0.061632
v 0.211096 0.292403 0.061632
v 0.210108 0.288606 0.061632
v 0.209207 0.284870 0.061632
v 0.208391 0.281195 0.061632
v 0.207661 0.277582 0.061632
v 0.207016 0.274030 0.061632
v 0.206458 0.270539 0.061632
v 0.205986 0.267110 0.061632
v 0.205599 0.263742 0.061632
v 0.205299 0.260435 0.061632
v 0.205084 0.257190 0.061632
v 0.204955 0.254006 0.061632
v 0.204912 0.250883 0.061632
v 0.204912 -0.158127 0.061632
v 0.204486 -0.175034 0.061632
v 0.203207 -0.191303 0.061632
v 0.201075 -0.206935 0.061632
v 0.198091 -0.221928 0.061632
v 0.194253 -0.236283 0.061632
v 0.189563 -0.250000 0.061632
v 0.184021 -0.263079 0.061632
v 0.177625 -0.275520 0.061632
v 0.170377 -0.287323 0.061632
v 0.162276 -0.298488 0.061632
v 0.153323 -0.309016 0.061632
v 0.143517 -0.318905 0.061632
v 0.132968 -0.328076 0.061632
v 0.121788 -0.336450 0.061632
v 0.109975 -0.344026 0.061632
v 0.097531 -0.350805 0.061632
v 0.084455 -0.356786 0.061632
v 0.070747 -0.361970 0.061632
v 0.056407 -0.366356 0.061632
v 0.041436 -0.369945 0.061632
v 0.025832 -0.372736 0.061632
v 0.009597 -0.374730 0.061632
v -0.007271 -0.375926 0.061632
v -0.024770 -0.376325 0.061632
v -0.030748 -0.376270 0.061632
v -0.036610 -0.376104 0.061632
v -0.042355 -0.375828 0.061632
v -0.047983 -0.375442 0.061632
v -0.053495 -0.374945 0.061632
v -0.058891 -0.374337 0.061632
v -0.064170 -0.373620 0.061632
v -0.069332 -0.372791 0.061632
v -0.074378 -0.371853 0.061632
v -0.079307 -0.370804 0.061632
v -0.084120 -0.369644 0.061632
v -0.069381 0.107332 0.061632
v -0.074537 0.108961 0.061632
v -0.079847 0.110461 0.061632
v -0.085310 0.111832 0.061632
v -0.090926 0.113074 0.061632
v -0.096696 0.114188 0.061632
v -0.102619 0.115172 0.061632
v -0.108695 0.116028 0.061632
v -0.114925 0.116755 0.061632
v -0.121308 0.117353 0.061632
v -0.127844 0.117822 0.061632
v -0.134534 0.118163 0.061632
v -0.141377 0.118375 0.061632
v -0.197915 0.118375 0.061632
v -0.200878 0.118338 0.061632
v -0.203877 0.118227 0.061632
v -0.206914 0.118043 0.061632
v -0.209988 0.117786 0.061632
v -0.213098 0.117454 0.061632
v -0.216245 0.117050 0.061632
v -0.219429 0.116571 0.061632
v -0.222650 0.116019 0.061632
v -0.225907 0.115393 0.061632
v -0.229201 0.114694 0.061632
v -0.232532 0.113921 0.061632
v -0.235900 0.113074 0.061632
v -0.239262 0.112142 0.061632
v -0.242575 0.111111 0.061632
v -0.245839 0.109982 0.061632
v -0.249053 0.108755 0.061632
v -0.252219 0.107430 0.061632
v -0.255335 0.106007 0.061632
v -0.258402 0.104486 0.061632
v -0.261421 0.102866 0.061632
v -0.264390 0.101148 0.061632
v -0.267310 0.099333 0.061632
v -0.270181 0.097419 0.061632
v -0.273003 0.095406 0.061632
v -0.273426 0.095284 0.061632
v -0.273813 0.095210 0.061632
v -0.274162 0.095186 0.061632
v -0.274475 0.095210 0.061632
v -0.274751 0.095284 0.061632
v -0.274991 0.095406 0.061632
v -0.275193 0.095578 0.061632
v -0.275359 0.095799 0.061632
v -0.275487 0.096069 0.061632
v -0.275579 0.096388 0.061632
v -0.275635 0.096756 0.061632
v -0.275653 0.097173 0.061632
v -0.274242 0.101425 0.061632
v -0.272954 0.105639 0.061632
v -0.271788 0.109817 0.061632
v -0.270745 0.113958 0.061632
v -0.269825 0.118062 0.061632
v -0.269028 0.122129 0.061632
v -0.268353 0.126160 0.061632
v -0.267801 0.130153 0.061632
v -0.267371 0.134110 0.061632
v -0.267065 0.138030 0.061632
v -0.266880 0.141913 0.061632
v -0.266819 0.145760 0.061632
v -0.266825 0.147637 0.061632
v -0.266844 0.149441 0.061632
v -0.266874 0.151171 0.061632
v -0.266917 0.152827 0.061632
v -0.266973 0.154410 0.061632
v -0.267040 0.155919 0.061632
v -0.267120 0.157354 0.061632
v -0.267212 0.158716 0.061632
v -0.267316 0.160004 0.061632
v -0.267433 0.161219 0.061632
v -0.267561 0.162360 0.061632
v -0.267703 0.163428 0.061632
v -0.268089 0.166618 0.061632
v -0.268660 0.170004 0.061632
v -0.269414 0.173587 0.061632
v -0.270353 0.177366 0.061632
v -0.271475 0.181341 0.061632
v -0.272782 0.185512 0.061632
v -0.274273 0.189880 0.061632
v -0.275948 0.194444 0.061632
v -0.277806 0.199205 0.061632
v -0.279849 0.204162 0.061632
v -0.282076 0.209315 0.061632
v -0.284487 0.214664 0.061632
v -0.286367 0.219048 0.061632
v -0.288180 0.223363 0.061632
v -0.289925 0.227612 0.061632
v -0.291603 0.231792 0.061632
v -0.293214 0.235906 0.061632
v -0.294756 0.239951 0.061632
v -0.296232 0.243930 0.061632
v -0.297640 0.247841 0.061632
v -0.298980 0.251684 0.061632
v -0.300253 0.255460 0.061632
v -0.301459 0.259168 0.061632
v -0.302597 0.262809 0.061632
v -0.303661 0.266444 0.061632
v -0.304646 0.270134 0.061632
v -0.305550 0.273879 0.061632
v -0.306375 0.277680 0.061632
v -0.307121 0.281535 0.061632
v -0.307786 0.285446 0.061632
v -0.308372 0.289412 0.061632
v -0.308878 0.293433 0.061632
v -0.309305 0.297510 0.061632
v -0.309651 0.301642 0.061632
v -0.309918 0.305829 0.061632
v -0.310105 0.310071 0.061632
v -0.310075 0.310353 0.061632
v -0.309983 0.310611 0.061632
v -0.309829 0.310844 0.061632
v -0.309615 0.311052 0.061632
v -0.309339 0.311236 0.061632
v -0.309001 0.311396 0.061632
v -0.308602 0.311531 0.061632
v -0.308142 0.311641 0.061632
v -0.307621 0.311727 0.061632
v -0.307038 0.311788 0.061632
v -0.306394 0.311825 0.061632
v -0.305688 0.311837 0.061632
v -0.303139 0.308976 0.061632
v -0.300499 0.306279 0.061632
v -0.297766 0.303749 0.061632
v -0.294941 0.301384 0.061632
v -0.292023 0.299185 0.061632
v -0.289014 0.297151 0.061632
v -0.285913 0.295283 0.061632
v -0.282720 0.293581 0.061632
v -0.279435 0.292044 0.061632
v -0.276058 0.290673 0.061632
v -0.272589 0.289467 0.061632
v -0.269028 0.288428 0.061632
v -0.265319 0.287504 0.061632
v -0.261408 0.286649 0.061632
v -0.257295 0.285860 0.061632
v -0.252979 0.285139 0.061632
v -0.248461 0.284486 0.061632
v -0.243740 0.283900 0.061632
v -0.238817 0.283382 0.061632
v -0.233692 0.282931 0.061632
v -0.228364 0.282548 0.061632
v -0.222834 0.282232 0.061632
v -0.217101 0.281983 0.061632
v -0.211165 0.281802 0.061632
v -0.194381 0.282686 0.061632
v -0.182651 0.282416 0.061632
v -0.171315 0.281606 0.061632
v -0.160370 0.280256 0.061632
v -0.149819 0.278367 0.061632
v -0.139660 0.275937 0.061632
v -0.129893 0.272968 0.061632
v -0.120520 0.269459 0.061632
v -0.111538 0.265410 0.061632
v -0.102950 0.260822 0.061632
v -0.094754 0.255693 0.061632
v -0.086951 0.250025 0.061632
v -0.079540 0.243816 0.061632
v -0.073255 0.238145 0.061632
v -0.067357 0.232320 0.061632
v -0.061845 0.226342 0.061632
v -0.056719 0.220210 0.061632
v -0.051980 0.213925 0.061632
v -0.047627 0.207487 0.061632
v -0.043661 0.200895 0.061632
v -0.040082 0.194150 0.061632
v -0.036889 0.187252 0.061632
v -0.034082 0.180200 0.061632
v -0.031662 0.172995 0.061632
v -0.029628 0.165636 0.061632
v -0.027883 0.158271 0.061632
v -0.026328 0.151048 0.061632
v -0.024963 0.143965 0.061632
v -0.023788 0.137024 0.061632
v -0.022804 0.130224 0.061632
v -0.022009 0.123565 0.061632
v -0.021405 0.117046 0.061632
v -0.020991 0.110669 0.061632
v -0.020767 0.104434 0.061632
v -0.020733 0.098339 0.061632
v -0.020890 0.092385 0.061632
v -0.021236 0.086572 0.061632
v -0.021248 0.086284 0.061632
v -0.021285 0.086008 0.061632
v -0.021347 0.085744 0.061632
v -0.021432 0.085493 0.061632
v -0.021543 0.085254 0.061632
v -0.021678 0.085027 0.061632
v -0.021837 0.084812 0.061632
v -0.022021 0.084609 0.061632
v -0.022230 0.084419 0.061632
v -0.022463 0.084241 0.061632
v -0.022721 0.084076 0.061632
v -0.023003 0.083922 0.061632
v -0.023297 0.083793 0.061632
v -0.023592 0.083701 0.061632
v -0.023886 0.083646 0.061632
v -0.024181 0.083628 0.061632
v -0.024475 0.083646 0.061632
v -0.024770 0.083701 0.061632
v -0.025064 0.083793 0.061632
v -0.025359 0.083922 0.061632
v -0.025653 0.084088 0.061632
v -0.025947 0.084290 0.061632
v -0.026242 0.084530 0.061632
v -0.026536 0.084806 0.061632
v -0.028723 0.086852 0.061632
v -0.031162 0.088867 0.061632
v -0.033852 0.090851 0.061632
v -0.036794 0.092805 0.061632
v -0.039987 0.094729 0.061632
v -0.043431 0.096621 0.061632
v -0.047127 0.098483 0.061632
v -0.051075 0.100314 0.061632
v -0.055274 0.102115 0.061632
v -0.059725 0.103885 0.061632
v -0.064427 0.105624 0.061632
vn -0.0000 -0.0000 -1.0000
vn -0.0000 -0.0000 1.0000
vn 0.3566 -0.9343 -0.0000
vn -0.4499 -0.8931 -0.0000
vn 0.9997 -0.0263 -0.0000
vn 0.5806 -0.8142 -0.0000
vn -0.8000 -0.5999 -0.0000
vn 0.8028 -0.5963 -0.0000
vn -0.6306 -0.7761 -0.0000
vn 0.1843 -0.9829 -0.0000
vn -0.0662 0.9978 -0.0000
vn 0.5570 0.8305 -0.0000
vn 0.8176 0.5758 -0.0000
vn 0.9006 -0.4347 -0.0000
vn -0.2593 0.9658 -0.0000
vn 0.8290 -0.5593 -0.0000
vn -0.6425 0.7663 -0.0000
vn 0.9427 -0.3337 -0.0000
vn 0.9997 -0.0252 -0.0000
vn 0.9933 -0.1153 -0.0000
vn -0.9038 0.4279 -0.0000
vn -0.9998 0.0184 -0.0000
vn 0.9720 0.2351 -0.0000
vn -0.9338 0.3578 -0.0000
vn 0.1871 0.9823 -0.0000
vn -0.3744 0.9273 -0.0000
vn 0.8275 0.5614 -0.0000
vn 0.7250 0.6888 -0.0000
vn -0.7071 0.7071 -0.0000
vn -0.6220 0.7830 -0.0000
vn 0.3773 0.9261 -0.0000
vn 0.3162 0.9487 -0.0000
vn -0.1613 0.9869 -0.0000
vn -0.1571 0.9876 -0.0000
vn 0.8522 -0.5233 -0.0000
vn -0.8904 0.4552 -0.0000
vn -0.0361 -0.9993 -0.0000
vn 0.1024 -0.9947 -0.0000
vn -0.1692 -0.9856 -0.0000
vn 0.2975 -0.9547 -0.0000
vn -0.9647 -0.2633 -0.0000
vn -0.3473 -0.9377 -0.0000
vn 0.4160 -0.9094 -0.0000
vn -0.3520 -0.9360 -0.0000
vn -0.1829 -0.9831 -0.0000
vn -0.0092 -1.0000 -0.0000
vn -0.5144 0.8575 -0.0000
vn 0.1015 0.9948 -0.0000
vn -0.9998 -0.0213 -0.0000
vn -0.8768 -0.4809 -0.0000
vn 0.2878 0.9577 -0.0000
vn -0.8022 -0.5971 -0.0000
vn 0.3556 0.9346 -0.0000
vn 0.3561 0.9344 -0.0000
vn 0.4008 0.9162 -0.0000
vn 0.8207 0.5713 -0.0000
vn -0.3382 0.9411 -0.0000
vn 0.9786 -0.2060 -0.0000
vn -0.2600 0.9656 -0.0000
vn -0.9718 -0.2357 -0.0000
vn 0.1509 0.9886 -0.0000
vn -0.0862 0.9963 -0.0000
vn 0.0730 0.9973 -0.0000
vn 0.8710 -0.4913 -0.0000
vn -0.1047 0.9945 -0.0000
vn -0.9417 0.3365 -0.0000
vn 0.5600 0.8285 -0.0000
vn 0.9619 -0.2735 -0.0000
vn -0.9978 -0.0667 -0.0000
vn 0.2138 0.9769 -0.0000
vn -0.9858 -0.1678 -0.0000
vn 0.0570 0.9984 -0.0000
vn 0.2326 0.9726 -0.0000
vn 0.9935 -0.1140 -0.0000
vn -0.9476 -0.3194 -0.0000
vn 0.6699 0.7424 -0.0000
vn -0.9220 -0.3873 -0.0000
vn 0.9075 0.4201 -0.0000
vn -0.9543 -0.2989 -0.0000
vn -0.9954 -0.0955 -0.0000
vn -0.9999 -0.0102 -0.0000
vn 0.9897 0.1433 -0.0000
vn -0.9813 0.1924 -0.0000
vn 0.0368 -0.9993 -0.0000
vn -0.1395 -0.9902 -0.0000
vn 0.2077 -0.9782 -0.0000
vn 0.4154 -0.9096 -0.0000
vn -0.3941 -0.9191 -0.0000
vn -0.9608 -0.2771 -0.0000
vn 0.1871 -0.9823 -0.0000
vn -0.6832 -0.7303 -0.0000
vn 0.9991 -0.0425 -0.0000
vn 0.6738 -0.7389 -0.0000
vn -0.0624 -0.9981 -0.0000
vn -0.0095 1.0000 -0.0000
vn 0.6234 0.7819 -0.0000
vn 0.9285 0.3714 -0.0000
vn 0.8096 -0.5870 -0.0000
vn -0.2043 0.9789 -0.0000
vn 0.8722 -0.4891 -0.0000
vn -0.5603 0.8283 -0.0000
vn 0.9608 -0.2771 -0.0000
vn -0.8445 0.5355 -0.0000
vn 0.9975 -0.0700 -0.0000
vn 0.9908 -0.1351 -0.0000
vn -0.9931 0.1172 -0.0000
vn -0.9748 0.2231 -0.0000
vn 0.9343 0.3565 -0.0000
vn -0.2405 0.9706 -0.0000
vn 0.3610 0.9326 -0.0000
vn -0.6882 0.7255 -0.0000
vn 0.7579 0.6524 -0.0000
vn -0.7080 0.7062 -0.0000
vn 0.6367 0.7711 -0.0000
vn -0.3040 0.9527 -0.0000
vn -0.2857 0.9583 -0.0000
vn 0.2316 0.9728 -0.0000
vn 0.1977 0.9803 -0.0000
vn 0.7617 -0.6479 -0.0000
vn -0.9475 0.3197 -0.0000
vn -0.0180 -0.9998 -0.0000
vn -0.1263 -0.9920 -0.0000
vn 0.1564 -0.9877 -0.0000
vn -0.3196 -0.9475 -0.0000
vn -0.9939 -0.1104 -0.0000
vn 0.1414 -0.9900 -0.0000
vn -0.3688 -0.9295 -0.0000
vn 0.2925 -0.9563 -0.0000
vn -0.2923 -0.9563 -0.0000
vn -0.2342 -0.9722 -0.0000
vn -0.0480 -0.9988 -0.0000
vn -0.2544 0.9671 -0.0000
vn -0.9900 0.1413 -0.0000
vn 0.1451 0.9894 -0.0000
vn -0.9374 -0.3482 -0.0000
vn 0.3130 0.9497 -0.0000
vn -0.7384 -0.6744 -0.0000
vn 0.3674 0.9301 -0.0000
vn -0.9464 -0.3231 -0.0000
vn 0.5665 0.8240 -0.0000
vn -0.3401 0.9404 -0.0000
vn 0.3216 0.9469 -0.0000
vn 0.8866 0.4625 -0.0000
vn 0.8842 -0.4671 -0.0000
vn -0.3251 0.9457 -0.0000
vn -0.1330 0.9911 -0.0000
vn 0.1309 0.9914 -0.0000
vn 0.0450 0.9990 -0.0000
vn 0.8992 -0.4375 -0.0000
vn -0.0174 0.9998 -0.0000
vn -0.6968 0.7172 -0.0000
vn -0.9951 -0.0986 -0.0000
vn 0.4705 0.8824 -0.0000
vn -0.9922 -0.1249 -0.0000
vn 0.9721 -0.2346 -0.0000
vn 0.1647 0.9863 -0.0000
vn 0.0305 0.9995 -0.0000
vn 0.3506 0.9365 -0.0000
vn -0.9545 -0.2983 -0.0000
vn 0.9978 -0.0660 -0.0000
vn 0.7352 0.6779 -0.0000
vn -0.9281 -0.3724 -0.0000
vn -0.9388 -0.3445 -0.0000
vn 0.9480 0.3184 -0.0000
vn -0.9914 -0.1310 -0.0000
vn -0.9997 -0.0259 -0.0000
vn -0.9906 0.1369 -0.0000
vn 0.9957 0.0923 -0.0000
vn 0.0835 -0.9965 -0.0000
vn -0.0933 -0.9956 -0.0000
vn 0.2438 -0.9698 -0.0000
vn -0.3012 -0.9536 -0.0000
vn -0.3260 -0.9454 -0.0000
vn -0.3469 -0.9379 -0.0000
vn 0.4728 -0.8812 -0.0000
vn -0.9990 -0.0441 -0.0000
vn -0.0782 -0.9969 -0.0000
vn -0.5937 -0.8047 -0.0000
vn 0.9740 -0.2265 -0.0000
vn 0.5407 -0.8412 -0.0000
vn -0.2983 -0.9545 -0.0000
vn 0.0530 0.9986 -0.0000
vn 0.6905 0.7233 -0.0000
vn 0.9971 0.0758 -0.0000
vn -0.1631 0.9866 -0.0000
vn 0.7259 -0.6878 -0.0000
vn -0.4673 0.8841 -0.0000
vn 0.9033 -0.4289 -0.0000
vn -0.7710 0.6368 -0.0000
vn 0.9758 -0.2188 -0.0000
vn 0.9996 -0.0286 -0.0000
vn -0.9767 0.2148 -0.0000
vn 0.9661 -0.2582 -0.0000
vn -0.9958 0.0920 -0.0000
vn 0.8790 0.4768 -0.0000
vn -0.7955 0.6060 -0.0000
vn -0.1020 0.9948 -0.0000
vn 0.5403 0.8415 -0.0000
vn -0.6013 0.7990 -0.0000
vn 0.6502 0.7597 -0.0000
vn 0.5405 0.8413 -0.0000
vn -0.4500 0.8930 -0.0000
vn -0.4098 0.9122 -0.0000
vn 0.0939 0.9956 -0.0000
vn 0.0821 0.9966 -0.0000
vn -0.9796 0.2012 -0.0000
vn 0.6561 -0.7547 -0.0000
vn -0.0033 -1.0000 -0.0000
vn -0.0877 -0.9961 -0.0000
vn 0.2070 -0.9784 -0.0000
vn 0.0400 0.9992 -0.0000
vn -0.2838 -0.9589 -0.0000
vn -0.8575 0.5145 -0.0000
vn -0.9998 -0.0175 -0.0000
vn -0.9858 -0.1682 -0.0000
vn -0.4678 -0.8838 -0.0000
vn -0.3843 -0.9232 -0.0000
vn 0.2145 0.9767 -0.0000
vn -0.7360 -0.6770 -0.0000
vn -0.3139 -0.9494 -0.0000
vn 0.3358 0.9419 -0.0000
vn -0.8850 -0.4655 -0.0000
vn 0.1761 -0.9844 -0.0000
vn -0.0898 -0.9960 -0.0000
vn 0.3963 0.9181 -0.0000
vn 0.0624 0.9980 -0.0000
vn 0.7282 0.6854 -0.0000
vn 0.9823 0.1871 -0.0000
vn -0.3338 0.9426 -0.0000
vn 0.8225 -0.5688 -0.0000
vn 0.2526 0.9676 -0.0000
vn -0.1990 0.9800 -0.0000
vn 0.1058 0.9944 -0.0000
vn -0.0126 0.9999 -0.0000
vn -0.9875 -0.1579 -0.0000
vn -0.1414 0.9900 -0.0000
vn -0.3206 0.9472 -0.0000
vn -0.9671 0.2544 -0.0000
vn 0.9347 -0.3555 -0.0000
vn 0.1678 0.9858 -0.0000
vn 0.6794 0.7338 -0.0000
vn -0.9585 -0.2850 -0.0000
vn -0.9980 -0.0636 -0.0000
vn -0.7049 -0.7093 -0.0000
vn 0.3282 0.9446 -0.0000
vn 0.1047 0.9945 -0.0000
vn 0.0712 0.9975 -0.0000
vn 0.9840 -0.1784 -0.0000
vn 0.3210 0.9471 -0.0000
vn -0.9720 -0.2349 -0.0000
vn 0.3729 0.9279 -0.0000
vn -0.9286 -0.3711 -0.0000
vn -0.9996 -0.0271 -0.0000
vn 0.6306 0.7761 -0.0000
vn -0.3408 0.9401 -0.0000
vn 0.5305 0.8477 -0.0000
vn 1.0000 -0.0000 -0.0000
vn -0.9376 -0.3477 -0.0000
vn 0.9227 0.3856 -0.0000
vn 0.3013 0.9535 -0.0000
vn 0.8284 0.5601 -0.0000
vn 0.8169 -0.5767 -0.0000
vn -0.9180 -0.3967 -0.0000
vn -0.3288 0.9444 -0.0000
vn -0.1555 0.9878 -0.0000
vn -0.9785 -0.2061 -0.0000
vn 0.1232 0.9924 -0.0000
vn 0.0286 0.9996 -0.0000
vn 0.9776 0.2105 -0.0000
vn 0.9120 -0.4103 -0.0000
vn -0.9985 -0.0555 -0.0000
vn 0.7468 0.6651 -0.0000
vn -0.5546 0.8321 -0.0000
vn -0.9989 0.0474 -0.0000
vn -0.9932 -0.1167 -0.0000
vn -0.0309 -0.9995 -0.0000
vn 0.1486 -0.9889 -0.0000
vn -0.9946 -0.1040 -0.0000
vn -0.2160 -0.9764 -0.0000
vn 0.3269 -0.9451 -0.0000
vn -0.9632 0.2687 -0.0000
vn 0.4237 0.9058 -0.0000
vn 0.1431 0.9897 -0.0000
vn 0.9762 -0.2168 -0.0000
vn 1.0000 0.0055 -0.0000
vn -0.0526 0.9986 -0.0000
vn 0.5547 -0.8320 -0.0000
vn -0.4815 -0.8764 -0.0000
vn 0.4110 0.9116 -0.0000
vn -0.6470 -0.7625 -0.0000
vn -0.9597 -0.2810 -0.0000
vn 0.8596 -0.5110 -0.0000
vn -0.5666 -0.8240 -0.0000
vn 0.9992 -0.0404 -0.0000
vn -0.9312 -0.3646 -0.0000
vn 0.2983 -0.9545 -0.0000
vn 0.7672 0.6414 -0.0000
vn 0.5246 0.8513 -0.0000
vn -0.9315 -0.3637 -0.0000
vn -0.0924 0.9957 -0.0000
vn 0.9639 0.2664 -0.0000
vn -0.9927 -0.1203 -0.0000
vn 0.7875 0.6163 -0.0000
vn -0.9994 -0.0349 -0.0000
vn 0.9430 -0.3329 -0.0000
vn 0.8012 -0.5984 -0.0000
vn -0.9942 0.1079 -0.0000
vn -0.3130 0.9498 -0.0000
vn 0.9350 -0.3548 -0.0000
vn -0.0716 -0.9974 -0.0000
vn -0.6792 0.7339 -0.0000
vn 0.1059 -0.9944 -0.0000
vn 0.9979 0.0648 -0.0000
vn 0.9902 -0.1395 -0.0000
vn -0.9276 0.3735 -0.0000
vn 0.2673 -0.9636 -0.0000
vn -0.2719 -0.9623 -0.0000
vn 0.9844 0.1758 -0.0000
vn -0.9056 0.4240 -0.0000
vn 0.5007 -0.8656 -0.0000
vn -0.9491 0.3150 -0.0000
vn -0.9983 0.0579 -0.0000
vn -0.2576 -0.9662 -0.0000
vn -0.5533 -0.8330 -0.0000
vn 0.8894 -0.4572 -0.0000
vn 0.9463 -0.3232 -0.0000
vn 0.1075 0.9942 -0.0000
vn 0.4776 -0.8786 -0.0000
vn -0.4371 0.8994 -0.0000
vn -0.4009 -0.9161 -0.0000
vn 0.4623 0.8867 -0.0000
vn 0.7236 0.6903 -0.0000
vn 0.7699 0.6382 -0.0000
vn -0.1407 0.9900 -0.0000
vn 0.7675 0.6410 -0.0000
vn -0.6502 0.7597 -0.0000
vn 0.9973 -0.0739 -0.0000
vn 0.7292 -0.6843 -0.0000
vn -0.5746 0.8184 -0.0000
vn -0.4174 0.9087 -0.0000
vn 0.4500 0.8930 -0.0000
vn 0.3749 0.9271 -0.0000
vn 0.9155 -0.4022 -0.0000
vn -0.0939 0.9956 -0.0000
vn -0.7438 0.6684 -0.0000
vn -0.0932 0.9957 -0.0000
vn 0.9815 -0.1912 -0.0000
vn -0.9639 0.2664 -0.0000
vn -0.8496 0.5274 -0.0000
vn -0.0468 -0.9989 -0.0000
vn 0.9462 -0.3235 -0.0000
vn -0.9996 0.0299 -0.0000
vn 0.0741 -0.9972 -0.0000
vn -0.2055 -0.9787 -0.0000
vn -0.8358 0.5490 -0.0000
vn 0.8452 0.5345 -0.0000
vn -0.0336 0.9994 -0.0000
vn 0.2761 -0.9611 -0.0000
vn -0.9261 -0.3773 -0.0000
vn 0.6246 0.7809 -0.0000
vn -0.3589 -0.9334 -0.0000
vn -0.5510 0.8345 -0.0000
vn 0.4784 -0.8782 -0.0000
vn -0.3431 -0.9393 -0.0000
vn 0.5878 0.8090 -0.0000
vn -0.5206 0.8538 -0.0000
vn -0.1584 -0.9874 -0.0000
vn 0.4877 0.8730 -0.0000
vn -0.4681 0.8836 -0.0000
vn 0.0228 -0.9997 -0.0000
vn 0.0303 0.9995 -0.0000
vn 0.0268 0.9996 -0.0000
vn -0.9888 0.1490 -0.0000
vn 0.0152 -0.9999 -0.0000
vn -0.0723 -0.9974 -0.0000
vn 0.5995 -0.8004 -0.0000
vn -0.7402 0.6724 -0.0000
vn -0.2617 -0.9652 -0.0000
vn 0.2309 -0.9730 -0.0000
vn -0.7071 -0.7071 -0.0000
vn -0.3787 -0.9255 -0.0000
vn -0.3241 -0.9460 -0.0000
vn 0.1219 -0.9925 -0.0000
vn -0.1119 -0.9937 -0.0000
vn -0.6460 0.7634 -0.0000
vn 0.0805 0.9968 -0.0000
vn -0.9978 -0.0666 -0.0000
vn -0.8364 -0.5481 -0.0000
vn 0.2629 0.9648 -0.0000
vn 0.3493 0.9370 -0.0000
vn -0.8318 -0.5551 -0.0000
vn 0.3709 0.9287 -0.0000
vn 0.2983 0.9545 -0.0000
vn 0.7955 0.6060 -0.0000
vn -0.3370 0.9415 -0.0000
vn 0.9977 -0.0677 -0.0000
vn -0.2402 0.9707 -0.0000
vn 0.1896 0.9819 -0.0000
vn 0.8556 -0.5176 -0.0000
vn 0.0850 0.9964 -0.0000
vn -0.0622 0.9981 -0.0000
vn -0.9783 -0.2073 -0.0000
vn -0.1625 0.9867 -0.0000
vn -0.9941 0.1082 -0.0000
vn 0.6020 0.7985 -0.0000
vn 0.9537 -0.3007 -0.0000
vn 0.2416 0.9704 -0.0000
vn -0.9986 -0.0525 -0.0000
vn 0.0718 0.9974 -0.0000
vn -0.9818 -0.1898 -0.0000
vn 0.1763 0.9843 -0.0000
vn 0.9906 -0.1365 -0.0000
vn -0.9442 -0.3293 -0.0000
vn 0.6422 0.7666 -0.0000
vn -0.9190 -0.3942 -0.0000
vn 0.8833 0.4688 -0.0000
vn -0.9624 -0.2718 -0.0000
vn -0.9967 -0.0807 -0.0000
vn -1.0000 -0.0033 -0.0000
vn 0.9860 0.1669 -0.0000
vn 0.0124 -0.9999 -0.0000
vn -0.9758 0.2188 -0.0000
vn 0.1886 -0.9820 -0.0000
vn -0.1640 -0.9865 -0.0000
vn 0.3861 -0.9224 -0.0000
vn -0.4208 -0.9072 -0.0000
vn -0.9025 -0.4307 -0.0000
vn 0.2784 -0.9605 -0.0000
vn 0.9982 -0.0595 -0.0000
vn 0.7399 -0.6727 -0.0000
vn -0.6838 -0.7297 -0.0000
vn 0.0624 -0.9981 -0.0000
vn -0.0386 0.9993 -0.0000
vn 0.5900 0.8074 -0.0000
vn 0.8667 0.4988 -0.0000
vn 0.8549 -0.5188 -0.0000
vn -0.2233 0.9748 -0.0000
vn 0.8524 -0.5229 -0.0000
vn -0.6028 0.7979 -0.0000
vn 0.9514 -0.3079 -0.0000
vn -0.8761 0.4822 -0.0000
vn 0.9969 -0.0784 -0.0000
vn 0.9957 -0.0922 -0.0000
vn -0.9974 0.0718 -0.0000
vn -0.9569 0.2905 -0.0000
vn 0.9553 0.2955 -0.0000
vn 0.2721 0.9623 -0.0000
vn -0.3085 0.9512 -0.0000
vn 0.8746 0.4848 -0.0000
vn -0.7578 0.6525 -0.0000
vn 0.6809 0.7324 -0.0000
vn -0.6653 0.7466 -0.0000
vn 0.3040 0.9527 -0.0000
vn 0.2569 0.9664 -0.0000
vn -0.2316 0.9728 -0.0000
vn -0.2215 0.9752 -0.0000
vn 0.8094 -0.5873 -0.0000
vn -0.9227 0.3856 -0.0000
vn -0.0266 -0.9996 -0.0000
vn -0.1506 -0.9886 -0.0000
vn 0.1298 -0.9915 -0.0000
vn -0.9843 -0.1767 -0.0000
vn -0.3343 -0.9425 -0.0000
vn 0.3644 -0.9313 -0.0000
vn -0.3606 -0.9327 -0.0000
vn 0.3537 -0.9354 -0.0000
vn -0.2807 -0.9598 -0.0000
vn -0.2610 -0.9653 -0.0000
vn -0.2082 -0.9781 -0.0000
vn -0.0282 -0.9996 -0.0000
vn -0.3808 0.9247 -0.0000
vn 0.1230 0.9924 -0.0000
vn -0.9991 0.0435 -0.0000
vn -0.9104 -0.4138 -0.0000
vn 0.3046 0.9525 -0.0000
vn -0.7709 -0.6369 -0.0000
vn 0.3616 0.9323 -0.0000
vn 0.3398 0.9405 -0.0000
vn 0.4903 0.8715 -0.0000
vn 0.8500 0.5268 -0.0000
vn -0.3392 0.9407 -0.0000
vn 0.9397 -0.3419 -0.0000
vn -0.9615 -0.2749 -0.0000
vn -0.3198 0.9475 -0.0000
vn 0.1381 0.9904 -0.0000
vn -0.1099 0.9939 -0.0000
vn 0.0597 0.9982 -0.0000
vn 0.8855 -0.4645 -0.0000
vn -0.0570 0.9984 -0.0000
vn -0.8353 0.5497 -0.0000
vn 0.5160 0.8566 -0.0000
vn -0.9966 -0.0820 -0.0000
vn 0.9678 -0.2517 -0.0000
vn -0.9893 -0.1461 -0.0000
vn 0.1882 0.9821 -0.0000
vn 0.0433 0.9991 -0.0000
vn 0.2909 0.9568 -0.0000
vn 0.9959 -0.0905 -0.0000
vn -0.9510 -0.3091 -0.0000
vn 0.7027 0.7115 -0.0000
vn -0.9250 -0.3800 -0.0000
vn -0.9464 -0.3230 -0.0000
vn 0.9291 0.3698 -0.0000
vn -0.9937 -0.1122 -0.0000
vn -0.9998 -0.0177 -0.0000
vn 0.9930 0.1185 -0.0000
vn -0.9863 0.1651 -0.0000
vn 0.0605 -0.9982 -0.0000
vn -0.1159 -0.9933 -0.0000
vn 0.2260 -0.9741 -0.0000
vn 0.4443 -0.8959 -0.0000
vn -0.3695 -0.9292 -0.0000
vn -0.9889 -0.1484 -0.0000
vn 0.0700 -0.9975 -0.0000
vn -0.6370 -0.7708 -0.0000
vn 0.9912 -0.1323 -0.0000
vn 0.6067 -0.7949 -0.0000
vn -0.1843 -0.9829 -0.0000
vn 0.0210 0.9998 -0.0000
vn 0.6570 0.7539 -0.0000
vn 0.9738 0.2276 -0.0000
vn -0.1842 0.9829 -0.0000
vn 0.7662 -0.6426 -0.0000
vn 0.8891 -0.4578 -0.0000
vn -0.5150 0.8572 -0.0000
vn 0.9689 -0.2474 -0.0000
vn -0.8094 0.5873 -0.0000
vn 0.9988 -0.0488 -0.0000
vn 0.9808 -0.1952 -0.0000
vn -0.9863 0.1649 -0.0000
vn -0.9877 0.1566 -0.0000
vn 0.9088 0.4172 -0.0000
vn -0.1713 0.9852 -0.0000
vn 0.4514 0.8923 -0.0000
vn -0.7526 0.6585 -0.0000
vn -0.6470 0.7625 -0.0000
vn 0.7071 0.7071 -0.0000
vn 0.5903 0.8072 -0.0000
vn -0.3773 0.9261 -0.0000
vn -0.3487 0.9372 -0.0000
vn 0.1613 0.9869 -0.0000
vn 0.1392 0.9903 -0.0000
vn -0.9661 0.2581 -0.0000
vn 0.7101 -0.7041 -0.0000
vn -0.0103 -0.9999 -0.0000
vn -0.1056 -0.9944 -0.0000
vn 0.1821 -0.9833 -0.0000
vn -0.3029 -0.9530 -0.0000
vn -0.9983 -0.0588 -0.0000
vn -0.1559 -0.9878 -0.0000
vn -0.3768 -0.9263 -0.0000
vn -0.3033 -0.9529 -0.0000
vn 0.2331 -0.9725 -0.0000
vn -0.0685 -0.9977 -0.0000
vn 0.0600 0.9982 -0.0000
vn -0.7634 0.6459 -0.0000
vn -0.9933 -0.1156 -0.0000
vn -0.7894 -0.6139 -0.0000
vn 0.2385 0.9711 -0.0000
vn 0.3427 0.9394 -0.0000
vn -0.8595 -0.5111 -0.0000
vn -0.0434 0.9991 -0.0000
vn -0.9247 0.3808 -0.0000
vn 0.3842 0.9233 -0.0000
vn 0.1842 0.9829 -0.0000
vn -0.9744 -0.2248 -0.0000
vn 0.7650 0.6441 -0.0000
vn 0.9978 0.0656 -0.0000
vn 0.1909 0.9816 -0.0000
vn -0.3356 0.9420 -0.0000
vn -0.6708 -0.7416 -0.0000
vn -0.2199 0.9755 -0.0000
vn 0.3286 0.9445 -0.0000
vn 0.3782 0.9257 -0.0000
vn 0.8394 -0.5435 -0.0000
vn -0.9081 -0.4188 -0.0000
vn 0.2232 0.9748 -0.0000
vn 0.0959 0.9954 -0.0000
vn -0.0376 0.9993 -0.0000
vn -0.3415 0.9399 -0.0000
vn -0.9834 -0.1814 -0.0000
vn -0.2334 0.9724 -0.0000
vn 0.6839 0.7296 -0.0000
vn 0.9558 0.2941 -0.0000
vn 0.6419 0.7668 -0.0000
vn 0.7439 -0.6682 -0.0000
vn 0.9447 -0.3280 -0.0000
vn -0.3317 0.9434 -0.0000
vn 0.2803 0.9599 -0.0000
vn 0.0876 0.9962 -0.0000
vn 0.1224 0.9925 -0.0000
vn 0.2785 0.9605 -0.0000
vn -0.9992 -0.0393 -0.0000
vn -0.1775 0.9841 -0.0000
vn -0.9772 -0.2122 -0.0000
vn 0.1149 0.9934 -0.0000
vn 0.0101 0.9999 -0.0000
vn -0.9907 -0.1364 -0.0000
vn -0.4273 0.9041 -0.0000
vn 0.9875 -0.1579 -0.0000
vn 0.5877 0.8091 -0.0000
vn -0.9409 -0.3387 -0.0000
vn 0.9238 -0.3829 -0.0000
vn 0.7144 0.6998 -0.0000
vn -0.9117 -0.4109 -0.0000
vn -0.9965 -0.0836 -0.0000
vn 0.8569 0.5155 -0.0000
vn -0.9705 -0.2410 -0.0000
vn 0.3762 0.9265 -0.0000
vn -0.9977 -0.0674 -0.0000
vn 0.0230 0.9997 -0.0000
vn 0.9802 -0.1980 -0.0000
vn -0.9662 -0.2578 -0.0000
vn 0.9819 0.1892 -0.0000
vn -0.9999 0.0159 -0.0000
vn 0.4712 0.8820 -0.0000
vn -1.0000 -0.0000 -0.0000
vn -0.0000 -1.0000 -0.0000
vn 0.9999 -0.0138 -0.0000
vn -0.9344 -0.3563 -0.0000
vn 0.7985 0.6021 -0.0000
vn -0.9246 -0.3810 -0.0000
vn -0.9861 -0.1661 -0.0000
vn 0.9730 0.2306 -0.0000
vn -0.9990 -0.0447 -0.0000
vn -0.9970 0.0780 -0.0000
vn -0.0508 -0.9987 -0.0000
vn 0.1276 -0.9918 -0.0000
vn 0.2971 -0.9549 -0.0000
vn -0.2434 -0.9699 -0.0000
vn 0.9994 0.0359 -0.0000
vn -0.9563 0.2923 -0.0000
vn 0.5281 -0.8492 -0.0000
vn -0.4563 -0.8898 -0.0000
vn -0.5159 -0.8566 -0.0000
vn 0.9079 -0.4191 -0.0000
vn -0.4903 -0.8716 -0.0000
vn 0.4009 -0.9161 -0.0000
vn 0.4930 0.8700 -0.0000
vn -0.1172 0.9931 -0.0000
vn 0.7561 0.6545 -0.0000
vn 0.9773 -0.2119 -0.0000
vn 0.7682 -0.6402 -0.0000
vn -0.3658 0.9307 -0.0000
vn 0.9260 -0.3776 -0.0000
vn -0.7130 0.7012 -0.0000
vn 0.9863 -0.1648 -0.0000
vn -0.9476 0.3194 -0.0000
vn 0.9207 -0.3902 -0.0000
vn 0.9930 0.1184 -0.0000
vn -0.8728 0.4881 -0.0000
vn 0.8078 0.5894 -0.0000
vn 0.0342 0.9994 -0.0000
vn -0.4961 0.8682 -0.0000
vn 0.7019 0.7123 -0.0000
vn -0.9949 0.1013 -0.0000
vn -0.5878 0.8090 -0.0000
vn -0.5232 0.8522 -0.0000
vn 0.5206 0.8538 -0.0000
vn 0.4323 0.9017 -0.0000
vn -0.0303 0.9995 -0.0000
vn -0.0306 0.9995 -0.0000
vn -0.7996 0.6005 -0.0000
vn 0.0450 -0.9990 -0.0000
vn -0.0587 -0.9983 -0.0000
vn -0.2359 -0.9718 -0.0000
vn 0.2540 -0.9672 -0.0000
vn 0.5399 -0.8417 -0.0000
vn -0.8502 -0.5264 -0.0000
vn -0.3693 -0.9293 -0.0000
vn -0.3338 -0.9427 -0.0000
vn 0.1690 -0.9856 -0.0000
vn -0.1347 -0.9909 -0.0000
vn -0.1895 -0.9819 -0.0000
vn -0.9697 0.2442 -0.0000
vn 0.0707 -0.9975 -0.0000
vn -0.7999 -0.6001 -0.0000
vn 0.9720 0.2350 -0.0000
vn -0.9648 -0.2631 -0.0000
vn 0.8207 0.5714 -0.0000
vn -0.9418 0.3363 -0.0000
vn 0.5599 0.8285 -0.0000
vn -0.9476 -0.3195 -0.0000
vn -0.9608 -0.2773 -0.0000
vn 0.8095 -0.5871 -0.0000
vn 0.5665 0.8241 -0.0000
vn 0.8866 0.4626 -0.0000
vn -0.9906 0.1370 -0.0000
vn -0.9990 -0.0440 -0.0000
vn -0.0781 -0.9969 -0.0000
vn -0.4680 -0.8838 -0.0000
vn 0.7282 0.6853 -0.0000
vn -0.9585 -0.2849 -0.0000
vn -0.9720 -0.2348 -0.0000
vn 0.8170 -0.5766 -0.0000
vn -0.5547 0.8321 -0.0000
vn -0.9989 0.0473 -0.0000
vn 0.5547 -0.8321 -0.0000
vn -0.6471 -0.7624 -0.0000
vn -0.9994 -0.0348 -0.0000
vn 0.9430 -0.3328 -0.0000
vn 0.5008 -0.8656 -0.0000
vn -0.2577 -0.9662 -0.0000
vn 0.7236 0.6902 -0.0000
vn -0.9261 -0.3772 -0.0000
vn 0.7954 0.6061 -0.0000
vn 0.9977 -0.0678 -0.0000
vn 0.8549 -0.5187 -0.0000
vn 0.2722 0.9623 -0.0000
vn -0.9843 -0.1766 -0.0000
vn 0.3644 -0.9312 -0.0000
vn 0.4903 0.8716 -0.0000
vn 0.9398 -0.3417 -0.0000
vn -0.8354 0.5496 -0.0000
vn -0.9889 -0.1483 -0.0000
vn -0.6471 0.7624 -0.0000
vn -0.9983 -0.0587 -0.0000
vn -0.1560 -0.9878 -0.0000
vn 0.1843 0.9829 -0.0000
vn 0.9979 0.0654 -0.0000
vn 0.6840 0.7295 -0.0000
vn 0.9557 0.2942 -0.0000
vn -0.4274 0.9041 -0.0000
vn -0.9705 -0.2411 -0.0000
vn -0.9861 -0.1662 -0.0000
vn 0.4931 0.8700 -0.0000
vn 0.7560 0.6545 -0.0000
vt 0.445266 0.000000
vt 0.446746 0.000000
vt 0.448225 0.000000
vt 0.443787 0.000000
vt 0.442308 0.000000
vt 0.440828 0.000000
vt 0.449704 0.000000
vt 0.439349 0.000000
vt 0.437870 0.000000
vt 0.436391 0.000000
vt 0.451183 0.000000
vt 0.434911 0.000000
vt 0.433432 0.000000
vt 0.452663 0.000000
vt 0.431953 0.000000
vt 0.430473 0.000000
vt 0.454142 0.000000
vt 0.428994 0.000000
vt 0.427515 0.000000
vt 0.455621 0.000000
vt 0.426035 0.000000
vt 0.424556 0.000000
vt 0.457101 0.000000
vt 0.423077 0.000000
vt 0.421598 0.000000
vt 0.420118 0.000000
vt 0.458580 0.000000
vt 0.418639 0.000000
vt 0.417160 0.000000
vt 0.415680 0.000000
vt 0.414201 0.000000
vt 0.412722 0.000000
vt 0.460059 0.000000
vt 0.411243 0.000000
vt 0.409763 0.000000
vt 0.461538 0.000000
vt 0.463018 0.000000
vt 0.464497 0.000000
vt 0.408284 0.000000
vt 0.465976 0.000000
vt 0.467456 0.000000
vt 0.406805 0.000000
vt 0.468935 0.000000
vt 0.470414 0.000000
vt 0.405325 0.000000
vt 0.471893 0.000000
vt 0.473373 0.000000
vt 0.403846 0.000000
vt 0.474852 0.000000
vt 0.476331 0.000000
vt 0.402367 0.000000
vt 0.477811 0.000000
vt 0.479290 0.000000
vt 0.400888 0.000000
vt 0.480769 0.000000
vt 0.482249 0.000000
vt 0.399408 0.000000
vt 0.483728 0.000000
vt 0.397929 0.000000
vt 0.485207 0.000000
vt 0.486686 0.000000
vt 0.396450 0.000000
vt 0.488166 0.000000
vt 0.394970 0.000000
vt 0.489645 0.000000
vt 0.551775 0.000000
vt 0.553254 0.000000
vt 0.554734 0.000000
vt 0.556213 0.000000
vt 0.557692 0.000000
vt 0.559172 0.000000
vt 0.560651 0.000000
vt 0.562130 0.000000
vt 0.563609 0.000000
vt 0.565089 0.000000
vt 0.550296 0.000000
vt 0.566568 0.000000
vt 0.568047 0.000000
vt 0.569527 0.000000
vt 0.548817 0.000000
vt 0.571006 0.000000
vt 0.491124 0.000000
vt 0.572485 0.000000
vt 0.573964 0.000000
vt 0.547337 0.000000
vt 0.575444 0.000000
vt 0.576923 0.000000
vt 0.545858 0.000000
vt 0.578402 0.000000
vt 0.579882 0.000000
vt 0.544379 0.000000
vt 0.581361 0.000000
vt 0.582840 0.000000
vt 0.542899 0.000000
vt 0.492604 0.000000
vt 0.584320 0.000000
vt 0.585799 0.000000
vt 0.393491 0.000000
vt 0.541420 0.000000
vt 0.587278 0.000000
vt 0.588757 0.000000
vt 0.539941 0.000000
vt 0.590237 0.000000
vt 0.538462 0.000000
vt 0.536982 0.000000
vt 0.535503 0.000000
vt 0.494083 0.000000
vt 0.534024 0.000000
vt 0.532544 0.000000
vt 0.495562 0.000000
vt 0.531065 0.000000
vt 0.591716 0.000000
vt 0.497041 0.000000
vt 0.392012 0.000000
vt 0.529586 0.000000
vt 0.498521 0.000000
vt 0.528107 0.000000
vt 0.500000 0.000000
vt 0.526627 0.000000
vt 0.501479 0.000000
vt 0.525148 0.000000
vt 0.502959 0.000000
vt 0.504438 0.000000
vt 0.523669 0.000000
vt 0.505917 0.000000
vt 0.507396 0.000000
vt 0.593195 0.000000
vt 0.522189 0.000000
vt 0.508876 0.000000
vt 0.510355 0.000000
vt 0.520710 0.000000
vt 0.511834 0.000000
vt 0.513314 0.000000
vt 0.519231 0.000000
vt 0.514793 0.000000
vt 0.516272 0.000000
vt 0.517751 0.000000
vt 0.390533 0.000000
vt 0.594675 0.000000
vt 0.389053 0.000000
vt 0.596154 0.000000
vt 0.597633 0.000000
vt 0.387574 0.000000
vt 0.599112 0.000000
vt 0.386095 0.000000
vt 0.856509 0.000000
vt 0.857988 0.000000
vt 0.859467 0.000000
vt 0.855030 0.000000
vt 0.853550 0.000000
vt 0.852071 0.000000
vt 0.850592 0.000000
vt 0.849112 0.000000
vt 0.847633 0.000000
vt 0.846154 0.000000
vt 0.844675 0.000000
vt 0.843195 0.000000
vt 0.600592 0.000000
vt 0.841716 0.000000
vt 0.840237 0.000000
vt 0.838757 0.000000
vt 0.860947 0.000000
vt 0.384615 0.000000
vt 0.602071 0.000000
vt 0.862426 0.000000
vt 0.837278 0.000000
vt 0.863905 0.000000
vt 0.603550 0.000000
vt 0.383136 0.000000
vt 0.835799 0.000000
vt 0.865385 0.000000
vt 0.605030 0.000000
vt 0.866864 0.000000
vt 0.834320 0.000000
vt 0.868343 0.000000
vt 0.381657 0.000000
vt 0.606509 0.000000
vt 0.869823 0.000000
vt 0.871302 0.000000
vt 0.832840 0.000000
vt 0.607988 0.000000
vt 0.872781 0.000000
vt 0.380178 0.000000
vt 0.874260 0.000000
vt 0.875740 0.000000
vt 0.831361 0.000000
vt 0.609467 0.000000
vt 0.877219 0.000000
vt 0.878698 0.000000
vt 0.880177 0.000000
vt 0.881657 0.000000
vt 0.829882 0.000000
vt 0.883136 0.000000
vt 0.610947 0.000000
vt 0.378698 0.000000
vt 0.884615 0.000000
vt 0.886095 0.000000
vt 0.887574 0.000000
vt 0.889053 0.000000
vt 0.893491 0.000000
vt 0.894970 0.000000
vt 0.896450 0.000000
vt 0.890533 0.000000
vt 0.897929 0.000000
vt 0.892012 0.000000
vt 0.899408 0.000000
vt 0.828402 0.000000
vt 0.612426 0.000000
vt 0.900888 0.000000
vt 0.902367 0.000000
vt 0.377219 0.000000
vt 0.826923 0.000000
vt 0.613905 0.000000
vt 0.903846 0.000000
vt 0.615385 0.000000
vt 0.825444 0.000000
vt 0.905325 0.000000
vt 0.375740 0.000000
vt 0.616864 0.000000
vt 0.823964 0.000000
vt 0.906805 0.000000
vt 0.618343 0.000000
vt 0.822485 0.000000
vt 0.908284 0.000000
vt 0.374260 0.000000
vt 0.619823 0.000000
vt 0.821006 0.000000
vt 0.909763 0.000000
vt 0.621302 0.000000
vt 0.819527 0.000000
vt 0.622781 0.000000
vt 0.911243 0.000000
vt 0.818047 0.000000
vt 0.624260 0.000000
vt 0.816568 0.000000
vt 0.625740 0.000000
vt 0.912722 0.000000
vt 0.815089 0.000000
vt 0.813609 0.000000
vt 0.914201 0.000000
vt 0.812130 0.000000
vt 0.915680 0.000000
vt 0.810651 0.000000
vt 0.917160 0.000000
vt 0.809172 0.000000
vt 0.807692 0.000000
vt 0.918639 0.000000
vt 0.806213 0.000000
vt 0.920118 0.000000
vt 0.804734 0.000000
vt 0.803254 0.000000
vt 0.921598 0.000000
vt 0.801775 0.000000
vt 0.923077 0.000000
vt 0.800296 0.000000
vt 0.924556 0.000000
vt 0.798817 0.000000
vt 0.797337 0.000000
vt 0.926036 0.000000
vt 0.795858 0.000000
vt 0.927515 0.000000
vt 0.794379 0.000000
vt 0.792899 0.000000
vt 0.928994 0.000000
vt 0.791420 0.000000
vt 0.789941 0.000000
vt 0.930473 0.000000
vt 0.788462 0.000000
vt 0.786982 0.000000
vt 0.931953 0.000000
vt 0.785503 0.000000
vt 0.784024 0.000000
vt 0.782544 0.000000
vt 0.781065 0.000000
vt 0.779586 0.000000
vt 0.933432 0.000000
vt 0.778107 0.000000
vt 0.776627 0.000000
vt 0.775148 0.000000
vt 0.773669 0.000000
vt 0.772189 0.000000
vt 0.934911 0.000000
vt 0.770710 0.000000
vt 0.769231 0.000000
vt 0.767751 0.000000
vt 0.936391 0.000000
vt 0.766272 0.000000
vt 0.764793 0.000000
vt 0.937870 0.000000
vt 0.763314 0.000000
vt 0.939349 0.000000
vt 0.761834 0.000000
vt 0.760355 0.000000
vt 0.940828 0.000000
vt 0.758876 0.000000
vt 0.698225 0.000000
vt 0.696746 0.000000
vt 0.699704 0.000000
vt 0.695266 0.000000
vt 0.701183 0.000000
vt 0.702663 0.000000
vt 0.693787 0.000000
vt 0.757396 0.000000
vt 0.704142 0.000000
vt 0.692308 0.000000
vt 0.705621 0.000000
vt 0.707101 0.000000
vt 0.690828 0.000000
vt 0.708580 0.000000
vt 0.942308 0.000000
vt 0.689349 0.000000
vt 0.710059 0.000000
vt 0.687870 0.000000
vt 0.711538 0.000000
vt 0.713018 0.000000
vt 0.686391 0.000000
vt 0.714497 0.000000
vt 0.684911 0.000000
vt 0.755917 0.000000
vt 0.715976 0.000000
vt 0.683432 0.000000
vt 0.717456 0.000000
vt 0.718935 0.000000
vt 0.681953 0.000000
vt 0.720414 0.000000
vt 0.943787 0.000000
vt 0.680473 0.000000
vt 0.721893 0.000000
vt 0.754438 0.000000
vt 0.678994 0.000000
vt 0.723373 0.000000
vt 0.724852 0.000000
vt 1.000000 0.000000
vt 0.726331 0.000000
vt 0.752959 0.000000
vt 0.998521 0.000000
vt 0.727811 0.000000
vt 0.945266 0.000000
vt 0.997041 0.000000
vt 0.729290 0.000000
vt 0.995562 0.000000
vt 0.751479 0.000000
vt 0.730769 0.000000
vt 0.994083 0.000000
vt 0.732249 0.000000
vt 0.992604 0.000000
vt 0.946746 0.000000
vt 0.733728 0.000000
vt 0.750000 0.000000
vt 0.748521 0.000000
vt 0.991124 0.000000
vt 0.747041 0.000000
vt 0.745562 0.000000
vt 0.744083 0.000000
vt 0.742604 0.000000
vt 0.735207 0.000000
vt 0.741124 0.000000
vt 0.736686 0.000000
vt 0.739645 0.000000
vt 0.738166 0.000000
vt 0.989645 0.000000
vt 0.988166 0.000000
vt 0.948225 0.000000
vt 0.986686 0.000000
vt 0.985207 0.000000
vt 0.983728 0.000000
vt 0.949704 0.000000
vt 0.951183 0.000000
vt 0.952663 0.000000
vt 0.954142 0.000000
vt 0.955621 0.000000
vt 0.957101 0.000000
vt 0.958580 0.000000
vt 0.960059 0.000000
vt 0.982249 0.000000
vt 0.961538 0.000000
vt 0.980769 0.000000
vt 0.963018 0.000000
vt 0.979290 0.000000
vt 0.964497 0.000000
vt 0.977811 0.000000
vt 0.965976 0.000000
vt 0.967456 0.000000
vt 0.976331 0.000000
vt 0.974852 0.000000
vt 0.968935 0.000000
vt 0.973373 0.000000
vt 0.970414 0.000000
vt 0.971893 0.000000
vt 0.155325 0.000000
vt 0.156805 0.000000
vt 0.158284 0.000000
vt 0.153846 0.000000
vt 0.159763 0.000000
vt 0.152367 0.000000
vt 0.161243 0.000000
vt 0.162722 0.000000
vt 0.164201 0.000000
vt 0.150888 0.000000
vt 0.165680 0.000000
vt 0.167160 0.000000
vt 0.168639 0.000000
vt 0.149408 0.000000
vt 0.170118 0.000000
vt 0.171598 0.000000
vt 0.173077 0.000000
vt 0.174556 0.000000
vt 0.176036 0.000000
vt 0.147929 0.000000
vt 0.177515 0.000000
vt 0.178994 0.000000
vt 0.180473 0.000000
vt 0.181953 0.000000
vt 0.183432 0.000000
vt 0.146450 0.000000
vt 0.184911 0.000000
vt 0.186391 0.000000
vt 0.187870 0.000000
vt 0.189349 0.000000
vt 0.190828 0.000000
vt 0.144970 0.000000
vt 0.192308 0.000000
vt 0.193787 0.000000
vt 0.195266 0.000000
vt 0.196746 0.000000
vt 0.143491 0.000000
vt 0.142012 0.000000
vt 0.198225 0.000000
vt 0.140533 0.000000
vt 0.199704 0.000000
vt 0.139053 0.000000
vt 0.201183 0.000000
vt 0.137574 0.000000
vt 0.202663 0.000000
vt 0.136095 0.000000
vt 0.204142 0.000000
vt 0.134615 0.000000
vt 0.205621 0.000000
vt 0.133136 0.000000
vt 0.207101 0.000000
vt 0.131657 0.000000
vt 0.208580 0.000000
vt 0.130178 0.000000
vt 0.210059 0.000000
vt 0.128698 0.000000
vt 0.211538 0.000000
vt 0.127219 0.000000
vt 0.213018 0.000000
vt 0.125740 0.000000
vt 0.214497 0.000000
vt 0.124260 0.000000
vt 0.215976 0.000000
vt 0.217456 0.000000
vt 0.122781 0.000000
vt 0.218935 0.000000
vt 0.121302 0.000000
vt 0.220414 0.000000
vt 0.119822 0.000000
vt 0.221893 0.000000
vt 0.627219 0.000000
vt 0.118343 0.000000
vt 0.223373 0.000000
vt 0.224852 0.000000
vt 0.116864 0.000000
vt 0.628698 0.000000
vt 0.226331 0.000000
vt 0.115385 0.000000
vt 0.227811 0.000000
vt 0.113905 0.000000
vt 0.229290 0.000000
vt 0.630177 0.000000
vt 0.230769 0.000000
vt 0.112426 0.000000
vt 0.232249 0.000000
vt 0.631657 0.000000
vt 0.110947 0.000000
vt 0.109467 0.000000
vt 0.633136 0.000000
vt 0.107988 0.000000
vt 0.634615 0.000000
vt 0.106509 0.000000
vt 0.636095 0.000000
vt 0.372781 0.000000
vt 0.105030 0.000000
vt 0.371302 0.000000
vt 0.233728 0.000000
vt 0.369822 0.000000
vt 0.235207 0.000000
vt 0.368343 0.000000
vt 0.236686 0.000000
vt 0.366864 0.000000
vt 0.238166 0.000000
vt 0.365385 0.000000
vt 0.239645 0.000000
vt 0.363905 0.000000
vt 0.241124 0.000000
vt 0.103550 0.000000
vt 0.362426 0.000000
vt 0.242604 0.000000
vt 0.637574 0.000000
vt 0.360947 0.000000
vt 0.244083 0.000000
vt 0.359467 0.000000
vt 0.245562 0.000000
vt 0.301775 0.000000
vt 0.303254 0.000000
vt 0.304734 0.000000
vt 0.300296 0.000000
vt 0.306213 0.000000
vt 0.298817 0.000000
vt 0.307692 0.000000
vt 0.297337 0.000000
vt 0.309172 0.000000
vt 0.295858 0.000000
vt 0.310651 0.000000
vt 0.294379 0.000000
vt 0.312130 0.000000
vt 0.292899 0.000000
vt 0.313609 0.000000
vt 0.291420 0.000000
vt 0.315089 0.000000
vt 0.289941 0.000000
vt 0.316568 0.000000
vt 0.288462 0.000000
vt 0.318047 0.000000
vt 0.357988 0.000000
vt 0.247041 0.000000
vt 0.286982 0.000000
vt 0.319527 0.000000
vt 0.285503 0.000000
vt 0.321006 0.000000
vt 0.284024 0.000000
vt 0.322485 0.000000
vt 0.248521 0.000000
vt 0.356509 0.000000
vt 0.323965 0.000000
vt 0.282544 0.000000
vt 0.250000 0.000000
vt 0.355030 0.000000
vt 0.251479 0.000000
vt 0.325444 0.000000
vt 0.281065 0.000000
vt 0.353550 0.000000
vt 0.102071 0.000000
vt 0.252959 0.000000
vt 0.326923 0.000000
vt 0.279586 0.000000
vt 0.352071 0.000000
vt 0.254438 0.000000
vt 0.350592 0.000000
vt 0.328402 0.000000
vt 0.278107 0.000000
vt 0.255917 0.000000
vt 0.349112 0.000000
vt 0.329882 0.000000
vt 0.276627 0.000000
vt 0.257396 0.000000
vt 0.347633 0.000000
vt 0.331361 0.000000
vt 0.275148 0.000000
vt 0.258876 0.000000
vt 0.346154 0.000000
vt 0.260355 0.000000
vt 0.332840 0.000000
vt 0.273669 0.000000
vt 0.344675 0.000000
vt 0.261834 0.000000
vt 0.334320 0.000000
vt 0.272189 0.000000
vt 0.343195 0.000000
vt 0.263314 0.000000
vt 0.335799 0.000000
vt 0.270710 0.000000
vt 0.341716 0.000000
vt 0.264793 0.000000
vt 0.337278 0.000000
vt 0.269231 0.000000
vt 0.340237 0.000000
vt 0.266272 0.000000
vt 0.639053 0.000000
vt 0.338757 0.000000
vt 0.267751 0.000000
vt 0.100592 0.000000
vt 0.099112 0.000000
vt 0.640533 0.000000
vt 0.097633 0.000000
vt 0.642012 0.000000
vt 0.096154 0.000000
vt 0.094675 0.000000
vt 0.643491 0.000000
vt 0.093195 0.000000
vt 0.644970 0.000000
vt 0.091716 0.000000
vt 0.090237 0.000000
vt 0.054734 0.000000
vt 0.053254 0.000000
vt 0.051775 0.000000
vt 0.050296 0.000000
vt 0.048817 0.000000
vt 0.047337 0.000000
vt 0.056213 0.000000
vt 0.045858 0.000000
vt 0.044379 0.000000
vt 0.042899 0.000000
vt 0.057692 0.000000
vt 0.041420 0.000000
vt 0.646450 0.000000
vt 0.039941 0.000000
vt 0.038462 0.000000
vt 0.059172 0.000000
vt 0.036982 0.000000
vt 0.035503 0.000000
vt 0.034024 0.000000
vt 0.060651 0.000000
vt 0.032544 0.000000
vt 0.062130 0.000000
vt 0.088757 0.000000
vt 0.031065 0.000000
vt 0.063609 0.000000
vt 0.029586 0.000000
vt 0.065089 0.000000
vt 0.028107 0.000000
vt 0.066568 0.000000
vt 0.026627 0.000000
vt 0.068047 0.000000
vt 0.087278 0.000000
vt 0.025148 0.000000
vt 0.069527 0.000000
vt 0.085799 0.000000
vt 0.084320 0.000000
vt 0.082840 0.000000
vt 0.071006 0.000000
vt 0.023669 0.000000
vt 0.081361 0.000000
vt 0.647929 0.000000
vt 0.079882 0.000000
vt 0.078402 0.000000
vt 0.076923 0.000000
vt 0.075444 0.000000
vt 0.072485 0.000000
vt 0.073964 0.000000
vt 0.022189 0.000000
vt 0.020710 0.000000
vt 0.019231 0.000000
vt 0.017751 0.000000
vt 0.649408 0.000000
vt 0.016272 0.000000
vt 0.014793 0.000000
vt 0.650888 0.000000
vt 0.013314 0.000000
vt 0.011834 0.000000
vt 0.010355 0.000000
vt 0.652367 0.000000
vt 0.008876 0.000000
vt 0.007396 0.000000
vt 0.005917 0.000000
vt 0.653846 0.000000
vt 0.004438 0.000000
vt 0.002959 0.000000
vt 0.001479 0.000000
vt 0.655325 0.000000
vt 0.000000 0.000000
vt 0.677515 0.000000
vt 0.676036 0.000000
vt 0.656805 0.000000
vt 0.674556 0.000000
vt 0.673077 0.000000
vt 0.658284 0.000000
vt 0.671598 0.000000
vt 0.670118 0.000000
vt 0.668639 0.000000
vt 0.659763 0.000000
vt 0.667160 0.000000
vt 0.665680 0.000000
vt 0.664201 0.000000
vt 0.661243 0.000000
vt 0.662722 0.000000
s 0
usemtl マテリアル
f 302/1/1 303/2/1 304/3/1
f 301/4/1 302/1/1 304/3/1
f 300/5/1 301/4/1 304/3/1
f 299/6/1 300/5/1 304/3/1
f 299/6/1 304/3/1 305/7/1
f 298/8/1 299/6/1 305/7/1
f 297/9/1 298/8/1 305/7/1
f 296/10/1 297/9/1 305/7/1
f 296/10/1 305/7/1 306/11/1
f 295/12/1 296/10/1 306/11/1
f 294/13/1 295/12/1 306/11/1
f 294/13/1 306/11/1 307/14/1
f 293/15/1 294/13/1 307/14/1
f 292/16/1 293/15/1 307/14/1
f 292/16/1 307/14/1 308/17/1
f 291/18/1 292/16/1 308/17/1
f 290/19/1 291/18/1 308/17/1
f 290/19/1 308/17/1 309/20/1
f 289/21/1 290/19/1 309/20/1
f 288/22/1 289/21/1 309/20/1
f 288/22/1 309/20/1 310/23/1
f 287/24/1 288/22/1 310/23/1
f 286/25/1 287/24/1 310/23/1
f 285/26/1 286/25/1 310/23/1
f 285/26/1 310/23/1 311/27/1
f 284/28/1 285/26/1 311/27/1
f 283/29/1 284/28/1 311/27/1
f 282/30/1 283/29/1 311/27/1
f 281/31/1 282/30/1 311/27/1
f 280/32/1 281/31/1 311/27/1
f 280/32/1 311/27/1 312/33/1
f 279/34/1 280/32/1 312/33/1
f 278/35/1 279/34/1 312/33/1
f 278/35/1 312/33/1 313/36/1
f 278/35/1 313/36/1 314/37/1
f 278/35/1 314/37/1 315/38/1
f 277/39/1 278/35/1 315/38/1
f 277/39/1 315/38/1 316/40/1
f 277/39/1 316/40/1 317/41/1
f 276/42/1 277/39/1 317/41/1
f 276/42/1 317/41/1 318/43/1
f 276/42/1 318/43/1 319/44/1
f 275/45/1 276/42/1 319/44/1
f 275/45/1 319/44/1 320/46/1
f 275/45/1 320/46/1 321/47/1
f 274/48/1 275/45/1 321/47/1
f 274/48/1 321/47/1 322/49/1
f 274/48/1 322/49/1 323/50/1
f 273/51/1 274/48/1 323/50/1
f 273/51/1 323/50/1 324/52/1
f 273/51/1 324/52/1 325/53/1
f 272/54/1 273/51/1 325/53/1
f 272/54/1 325/53/1 326/55/1
f 272/54/1 326/55/1 327/56/1
f 271/57/1 272/54/1 327/56/1
f 271/57/1 327/56/1 328/58/1
f 270/59/1 271/57/1 328/58/1
f 270/59/1 328/58/1 329/60/1
f 270/59/1 329/60/1 330/61/1
f 269/62/1 270/59/1 330/61/1
f 269/62/1 330/61/1 331/63/1
f 268/64/1 269/62/1 331/63/1
f 268/64/1 331/63/1 332/65/1
f 374/66/1 375/67/1 376/68/1
f 374/66/1 376/68/1 377/69/1
f 374/66/1 377/69/1 378/70/1
f 374/66/1 378/70/1 379/71/1
f 374/66/1 379/71/1 380/72/1
f 374/66/1 380/72/1 381/73/1
f 374/66/1 381/73/1 382/74/1
f 374/66/1 382/74/1 383/75/1
f 373/76/1 374/66/1 383/75/1
f 373/76/1 383/75/1 384/77/1
f 373/76/1 384/77/1 385/78/1
f 373/76/1 385/78/1 386/79/1
f 372/80/1 373/76/1 386/79/1
f 372/80/1 386/79/1 387/81/1
f 268/64/1 332/65/1 333/82/1
f 372/80/1 387/81/1 388/83/1
f 372/80/1 388/83/1 389/84/1
f 371/85/1 372/80/1 389/84/1
f 371/85/1 389/84/1 390/86/1
f 371/85/1 390/86/1 391/87/1
f 370/88/1 371/85/1 391/87/1
f 370/88/1 391/87/1 392/89/1
f 370/88/1 392/89/1 393/90/1
f 369/91/1 370/88/1 393/90/1
f 369/91/1 393/90/1 394/92/1
f 369/91/1 394/92/1 395/93/1
f 368/94/1 369/91/1 395/93/1
f 268/64/1 333/82/1 334/95/1
f 368/94/1 395/93/1 396/96/1
f 368/94/1 396/96/1 397/97/1
f 267/98/1 268/64/1 334/95/1
f 367/99/1 368/94/1 397/97/1
f 367/99/1 397/97/1 398/100/1
f 367/99/1 398/100/1 399/101/1
f 366/102/1 367/99/1 399/101/1
f 366/102/1 399/101/1 400/103/1
f 365/104/1 366/102/1 400/103/1
f 364/105/1 365/104/1 400/103/1
f 363/106/1 364/105/1 400/103/1
f 267/98/1 334/95/1 335/107/1
f 362/108/1 363/106/1 400/103/1
f 361/109/1 362/108/1 400/103/1
f 267/98/1 335/107/1 336/110/1
f 360/111/1 361/109/1 400/103/1
f 360/111/1 400/103/1 401/112/1
f 267/98/1 336/110/1 337/113/1
f 266/114/1 267/98/1 337/113/1
f 359/115/1 360/111/1 401/112/1
f 266/114/1 337/113/1 338/116/1
f 358/117/1 359/115/1 401/112/1
f 266/114/1 338/116/1 339/118/1
f 357/119/1 358/117/1 401/112/1
f 266/114/1 339/118/1 340/120/1
f 356/121/1 357/119/1 401/112/1
f 266/114/1 340/120/1 341/122/1
f 266/114/1 341/122/1 342/123/1
f 355/124/1 356/121/1 401/112/1
f 266/114/1 342/123/1 343/125/1
f 266/114/1 343/125/1 344/126/1
f 355/124/1 401/112/1 402/127/1
f 354/128/1 355/124/1 402/127/1
f 266/114/1 344/126/1 345/129/1
f 266/114/1 345/129/1 346/130/1
f 353/131/1 354/128/1 402/127/1
f 266/114/1 346/130/1 347/132/1
f 266/114/1 347/132/1 348/133/1
f 352/134/1 353/131/1 402/127/1
f 266/114/1 348/133/1 349/135/1
f 266/114/1 349/135/1 350/136/1
f 351/137/1 352/134/1 402/127/1
f 266/114/1 350/136/1 351/137/1
f 266/114/1 351/137/1 402/127/1
f 265/138/1 266/114/1 402/127/1
f 265/138/1 402/127/1 403/139/1
f 264/140/1 265/138/1 403/139/1
f 264/140/1 403/139/1 404/141/1
f 264/140/1 404/141/1 405/142/1
f 263/143/1 264/140/1 405/142/1
f 263/143/1 405/142/1 406/144/1
f 262/145/1 263/143/1 406/144/1
f 580/146/1 581/147/1 582/148/1
f 579/149/1 580/146/1 582/148/1
f 578/150/1 579/149/1 582/148/1
f 577/151/1 578/150/1 582/148/1
f 576/152/1 577/151/1 582/148/1
f 575/153/1 576/152/1 582/148/1
f 574/154/1 575/153/1 582/148/1
f 573/155/1 574/154/1 582/148/1
f 572/156/1 573/155/1 582/148/1
f 571/157/1 572/156/1 582/148/1
f 262/145/1 406/144/1 407/158/1
f 570/159/1 571/157/1 582/148/1
f 569/160/1 570/159/1 582/148/1
f 568/161/1 569/160/1 582/148/1
f 568/161/1 582/148/1 583/162/1
f 261/163/1 262/145/1 407/158/1
f 261/163/1 407/158/1 408/164/1
f 568/161/1 583/162/1 584/165/1
f 567/166/1 568/161/1 584/165/1
f 567/166/1 584/165/1 585/167/1
f 261/163/1 408/164/1 409/168/1
f 260/169/1 261/163/1 409/168/1
f 566/170/1 567/166/1 585/167/1
f 566/170/1 585/167/1 586/171/1
f 260/169/1 409/168/1 410/172/1
f 566/170/1 586/171/1 587/173/1
f 565/174/1 566/170/1 587/173/1
f 565/174/1 587/173/1 588/175/1
f 259/176/1 260/169/1 410/172/1
f 259/176/1 410/172/1 411/177/1
f 565/174/1 588/175/1 589/178/1
f 565/174/1 589/178/1 590/179/1
f 564/180/1 565/174/1 590/179/1
f 259/176/1 411/177/1 412/181/1
f 564/180/1 590/179/1 591/182/1
f 258/183/1 259/176/1 412/181/1
f 564/180/1 591/182/1 592/184/1
f 564/180/1 592/184/1 593/185/1
f 563/186/1 564/180/1 593/185/1
f 258/183/1 412/181/1 413/187/1
f 563/186/1 593/185/1 594/188/1
f 563/186/1 594/188/1 595/189/1
f 563/186/1 595/189/1 596/190/1
f 563/186/1 596/190/1 597/191/1
f 562/192/1 563/186/1 597/191/1
f 562/192/1 597/191/1 598/193/1
f 258/183/1 413/187/1 414/194/1
f 257/195/1 258/183/1 414/194/1
f 562/192/1 598/193/1 599/196/1
f 562/192/1 599/196/1 600/197/1
f 562/192/1 600/197/1 601/198/1
f 562/192/1 601/198/1 602/199/1
f 605/200/1 606/201/1 607/202/1
f 562/192/1 602/199/1 603/203/1
f 605/200/1 607/202/1 608/204/1
f 562/192/1 603/203/1 604/205/1
f 562/192/1 604/205/1 605/200/1
f 562/192/1 605/200/1 608/204/1
f 562/192/1 608/204/1 609/206/1
f 561/207/1 562/192/1 609/206/1
f 257/195/1 414/194/1 415/208/1
f 561/207/1 609/206/1 610/209/1
f 561/207/1 610/209/1 611/210/1
f 256/211/1 257/195/1 415/208/1
f 560/212/1 561/207/1 611/210/1
f 256/211/1 415/208/1 416/213/1
f 560/212/1 611/210/1 612/214/1
f 256/211/1 416/213/1 417/215/1
f 559/216/1 560/212/1 612/214/1
f 559/216/1 612/214/1 613/217/1
f 255/218/1 256/211/1 417/215/1
f 255/218/1 417/215/1 418/219/1
f 558/220/1 559/216/1 613/217/1
f 558/220/1 613/217/1 614/221/1
f 255/218/1 418/219/1 419/222/1
f 557/223/1 558/220/1 614/221/1
f 557/223/1 614/221/1 615/224/1
f 254/225/1 255/218/1 419/222/1
f 254/225/1 419/222/1 420/226/1
f 556/227/1 557/223/1 615/224/1
f 556/227/1 615/224/1 616/228/1
f 254/225/1 420/226/1 421/229/1
f 555/230/1 556/227/1 616/228/1
f 254/225/1 421/229/1 422/231/1
f 555/230/1 616/228/1 617/232/1
f 554/233/1 555/230/1 617/232/1
f 254/225/1 422/231/1 423/234/1
f 553/235/1 554/233/1 617/232/1
f 254/225/1 423/234/1 424/236/1
f 553/235/1 617/232/1 618/237/1
f 552/238/1 553/235/1 618/237/1
f 551/239/1 552/238/1 618/237/1
f 551/239/1 618/237/1 619/240/1
f 550/241/1 551/239/1 619/240/1
f 550/241/1 619/240/1 620/242/1
f 549/243/1 550/241/1 620/242/1
f 549/243/1 620/242/1 621/244/1
f 548/245/1 549/243/1 621/244/1
f 547/246/1 548/245/1 621/244/1
f 547/246/1 621/244/1 622/247/1
f 546/248/1 547/246/1 622/247/1
f 546/248/1 622/247/1 623/249/1
f 545/250/1 546/248/1 623/249/1
f 544/251/1 545/250/1 623/249/1
f 544/251/1 623/249/1 624/252/1
f 543/253/1 544/251/1 624/252/1
f 543/253/1 624/252/1 625/254/1
f 542/255/1 543/253/1 625/254/1
f 542/255/1 625/254/1 626/256/1
f 541/257/1 542/255/1 626/256/1
f 540/258/1 541/257/1 626/256/1
f 540/258/1 626/256/1 627/259/1
f 539/260/1 540/258/1 627/259/1
f 539/260/1 627/259/1 628/261/1
f 538/262/1 539/260/1 628/261/1
f 537/263/1 538/262/1 628/261/1
f 537/263/1 628/261/1 629/264/1
f 536/265/1 537/263/1 629/264/1
f 535/266/1 536/265/1 629/264/1
f 535/266/1 629/264/1 630/267/1
f 534/268/1 535/266/1 630/267/1
f 533/269/1 534/268/1 630/267/1
f 533/269/1 630/267/1 631/270/1
f 532/271/1 533/269/1 631/270/1
f 531/272/1 532/271/1 631/270/1
f 530/273/1 531/272/1 631/270/1
f 529/274/1 530/273/1 631/270/1
f 528/275/1 529/274/1 631/270/1
f 528/275/1 631/270/1 632/276/1
f 527/277/1 528/275/1 632/276/1
f 526/278/1 527/277/1 632/276/1
f 525/279/1 526/278/1 632/276/1
f 524/280/1 525/279/1 632/276/1
f 523/281/1 524/280/1 632/276/1
f 523/281/1 632/276/1 633/282/1
f 522/283/1 523/281/1 633/282/1
f 521/284/1 522/283/1 633/282/1
f 520/285/1 521/284/1 633/282/1
f 520/285/1 633/282/1 634/286/1
f 519/287/1 520/285/1 634/286/1
f 518/288/1 519/287/1 634/286/1
f 518/288/1 634/286/1 635/289/1
f 517/290/1 518/288/1 635/289/1
f 517/290/1 635/289/1 636/291/1
f 516/292/1 517/290/1 636/291/1
f 515/293/1 516/292/1 636/291/1
f 515/293/1 636/291/1 637/294/1
f 514/295/1 515/293/1 473/296/1
f 473/296/1 515/293/1 472/297/1
f 472/297/1 515/293/1 637/294/1
f 514/295/1 473/296/1 474/298/1
f 471/299/1 472/297/1 637/294/1
f 514/295/1 474/298/1 475/300/1
f 514/295/1 475/300/1 476/301/1
f 470/302/1 471/299/1 637/294/1
f 513/303/1 514/295/1 476/301/1
f 513/303/1 476/301/1 477/304/1
f 469/305/1 470/302/1 637/294/1
f 513/303/1 477/304/1 478/306/1
f 513/303/1 478/306/1 479/307/1
f 468/308/1 469/305/1 637/294/1
f 513/303/1 479/307/1 480/309/1
f 468/308/1 637/294/1 638/310/1
f 467/311/1 468/308/1 638/310/1
f 513/303/1 480/309/1 481/312/1
f 466/313/1 467/311/1 638/310/1
f 513/303/1 481/312/1 482/314/1
f 513/303/1 482/314/1 483/315/1
f 465/316/1 466/313/1 638/310/1
f 513/303/1 483/315/1 484/317/1
f 464/318/1 465/316/1 638/310/1
f 512/319/1 513/303/1 484/317/1
f 512/319/1 484/317/1 485/320/1
f 463/321/1 464/318/1 638/310/1
f 512/319/1 485/320/1 486/322/1
f 512/319/1 486/322/1 487/323/1
f 462/324/1 463/321/1 638/310/1
f 512/319/1 487/323/1 488/325/1
f 462/324/1 638/310/1 639/326/1
f 461/327/1 462/324/1 639/326/1
f 512/319/1 488/325/1 489/328/1
f 511/329/1 512/319/1 489/328/1
f 460/330/1 461/327/1 639/326/1
f 511/329/1 489/328/1 490/331/1
f 511/329/1 490/331/1 491/332/1
f 677/333/1 460/330/1 639/326/1
f 511/329/1 491/332/1 492/334/1
f 510/335/1 511/329/1 492/334/1
f 676/336/1 677/333/1 639/326/1
f 510/335/1 492/334/1 493/337/1
f 676/336/1 639/326/1 640/338/1
f 675/339/1 676/336/1 640/338/1
f 510/335/1 493/337/1 494/340/1
f 674/341/1 675/339/1 640/338/1
f 509/342/1 510/335/1 494/340/1
f 509/342/1 494/340/1 495/343/1
f 673/344/1 674/341/1 640/338/1
f 509/342/1 495/343/1 496/345/1
f 672/346/1 673/344/1 640/338/1
f 672/346/1 640/338/1 641/347/1
f 509/342/1 496/345/1 497/348/1
f 508/349/1 509/342/1 497/348/1
f 507/350/1 508/349/1 497/348/1
f 671/351/1 672/346/1 641/347/1
f 506/352/1 507/350/1 497/348/1
f 505/353/1 506/352/1 497/348/1
f 504/354/1 505/353/1 497/348/1
f 503/355/1 504/354/1 497/348/1
f 503/355/1 497/348/1 498/356/1
f 502/357/1 503/355/1 498/356/1
f 502/357/1 498/356/1 499/358/1
f 501/359/1 502/357/1 499/358/1
f 501/359/1 499/358/1 500/360/1
f 670/361/1 671/351/1 641/347/1
f 669/362/1 670/361/1 641/347/1
f 669/362/1 641/347/1 642/363/1
f 668/364/1 669/362/1 642/363/1
f 667/365/1 668/364/1 642/363/1
f 666/366/1 667/365/1 642/363/1
f 666/366/1 642/363/1 643/367/1
f 666/366/1 643/367/1 644/368/1
f 666/366/1 644/368/1 645/369/1
f 666/366/1 645/369/1 646/370/1
f 666/366/1 646/370/1 647/371/1
f 666/366/1 647/371/1 648/372/1
f 666/366/1 648/372/1 649/373/1
f 666/366/1 649/373/1 650/374/1
f 665/375/1 666/366/1 650/374/1
f 665/375/1 650/374/1 651/376/1
f 664/377/1 665/375/1 651/376/1
f 664/377/1 651/376/1 652/378/1
f 663/379/1 664/377/1 652/378/1
f 663/379/1 652/378/1 653/380/1
f 662/381/1 663/379/1 653/380/1
f 662/381/1 653/380/1 654/382/1
f 662/381/1 654/382/1 655/383/1
f 661/384/1 662/381/1 655/383/1
f 660/385/1 661/384/1 655/383/1
f 660/385/1 655/383/1 656/386/1
f 659/387/1 660/385/1 656/386/1
f 659/387/1 656/386/1 657/388/1
f 658/389/1 659/387/1 657/388/1
f 106/390/1 107/391/1 108/392/1
f 105/393/1 106/390/1 108/392/1
f 105/393/1 108/392/1 109/394/1
f 104/395/1 105/393/1 109/394/1
f 104/395/1 109/394/1 110/396/1
f 104/395/1 110/396/1 111/397/1
f 104/395/1 111/397/1 112/398/1
f 103/399/1 104/395/1 112/398/1
f 103/399/1 112/398/1 113/400/1
f 103/399/1 113/400/1 114/401/1
f 103/399/1 114/401/1 115/402/1
f 102/403/1 103/399/1 115/402/1
f 102/403/1 115/402/1 116/404/1
f 102/403/1 116/404/1 117/405/1
f 102/403/1 117/405/1 118/406/1
f 102/403/1 118/406/1 119/407/1
f 102/403/1 119/407/1 120/408/1
f 101/409/1 102/403/1 120/408/1
f 101/409/1 120/408/1 121/410/1
f 101/409/1 121/410/1 122/411/1
f 101/409/1 122/411/1 123/412/1
f 101/409/1 123/412/1 124/413/1
f 101/409/1 124/413/1 125/414/1
f 100/415/1 101/409/1 125/414/1
f 100/415/1 125/414/1 126/416/1
f 100/415/1 126/416/1 127/417/1
f 100/415/1 127/417/1 128/418/1
f 100/415/1 128/418/1 129/419/1
f 100/415/1 129/419/1 130/420/1
f 99/421/1 100/415/1 130/420/1
f 99/421/1 130/420/1 131/422/1
f 99/421/1 131/422/1 132/423/1
f 99/421/1 132/423/1 133/424/1
f 99/421/1 133/424/1 134/425/1
f 98/426/1 99/421/1 134/425/1
f 97/427/1 98/426/1 134/425/1
f 97/427/1 134/425/1 135/428/1
f 96/429/1 97/427/1 135/428/1
f 96/429/1 135/428/1 136/430/1
f 95/431/1 96/429/1 136/430/1
f 95/431/1 136/430/1 137/432/1
f 94/433/1 95/431/1 137/432/1
f 94/433/1 137/432/1 138/434/1
f 93/435/1 94/433/1 138/434/1
f 93/435/1 138/434/1 139/436/1
f 92/437/1 93/435/1 139/436/1
f 92/437/1 139/436/1 140/438/1
f 91/439/1 92/437/1 140/438/1
f 91/439/1 140/438/1 141/440/1
f 90/441/1 91/439/1 141/440/1
f 90/441/1 141/440/1 142/442/1
f 89/443/1 90/441/1 142/442/1
f 89/443/1 142/442/1 143/444/1
f 88/445/1 89/443/1 143/444/1
f 88/445/1 143/444/1 144/446/1
f 87/447/1 88/445/1 144/446/1
f 87/447/1 144/446/1 145/448/1
f 86/449/1 87/447/1 145/448/1
f 86/449/1 145/448/1 146/450/1
f 85/451/1 86/449/1 146/450/1
f 85/451/1 146/450/1 147/452/1
f 85/451/1 147/452/1 148/453/1
f 84/454/1 85/451/1 148/453/1
f 84/454/1 148/453/1 149/455/1
f 83/456/1 84/454/1 149/455/1
f 83/456/1 149/455/1 150/457/1
f 82/458/1 83/456/1 150/457/1
f 82/458/1 150/457/1 151/459/1
f 254/225/1 424/236/1 425/460/1
f 81/461/1 82/458/1 151/459/1
f 81/461/1 151/459/1 152/462/1
f 81/461/1 152/462/1 153/463/1
f 80/464/1 81/461/1 153/463/1
f 254/225/1 425/460/1 426/465/1
f 80/464/1 153/463/1 154/466/1
f 79/467/1 80/464/1 154/466/1
f 79/467/1 154/466/1 155/468/1
f 78/469/1 79/467/1 155/468/1
f 78/469/1 155/468/1 156/470/1
f 254/225/1 426/465/1 427/471/1
f 78/469/1 156/470/1 157/472/1
f 77/473/1 78/469/1 157/472/1
f 77/473/1 157/472/1 158/474/1
f 254/225/1 427/471/1 428/475/1
f 76/476/1 77/473/1 158/474/1
f 75/477/1 76/476/1 158/474/1
f 254/225/1 428/475/1 429/478/1
f 74/479/1 75/477/1 158/474/1
f 254/225/1 429/478/1 430/480/1
f 73/481/1 74/479/1 158/474/1
f 254/225/1 430/480/1 431/482/1
f 253/483/1 254/225/1 431/482/1
f 72/484/1 73/481/1 158/474/1
f 252/485/1 253/483/1 431/482/1
f 72/484/1 158/474/1 159/486/1
f 251/487/1 252/485/1 431/482/1
f 72/484/1 159/486/1 160/488/1
f 250/489/1 251/487/1 431/482/1
f 72/484/1 160/488/1 161/490/1
f 249/491/1 250/489/1 431/482/1
f 72/484/1 161/490/1 162/492/1
f 248/493/1 249/491/1 431/482/1
f 72/484/1 162/492/1 163/494/1
f 247/495/1 248/493/1 431/482/1
f 72/484/1 163/494/1 164/496/1
f 71/497/1 72/484/1 164/496/1
f 246/498/1 247/495/1 431/482/1
f 71/497/1 164/496/1 165/499/1
f 246/498/1 431/482/1 432/500/1
f 245/501/1 246/498/1 432/500/1
f 71/497/1 165/499/1 166/502/1
f 244/503/1 245/501/1 432/500/1
f 71/497/1 166/502/1 167/504/1
f 205/505/1 206/506/1 207/507/1
f 204/508/1 205/505/1 207/507/1
f 204/508/1 207/507/1 208/509/1
f 203/510/1 204/508/1 208/509/1
f 203/510/1 208/509/1 209/511/1
f 202/512/1 203/510/1 209/511/1
f 202/512/1 209/511/1 210/513/1
f 201/514/1 202/512/1 210/513/1
f 201/514/1 210/513/1 211/515/1
f 200/516/1 201/514/1 211/515/1
f 200/516/1 211/515/1 212/517/1
f 199/518/1 200/516/1 212/517/1
f 199/518/1 212/517/1 213/519/1
f 198/520/1 199/518/1 213/519/1
f 198/520/1 213/519/1 214/521/1
f 197/522/1 198/520/1 214/521/1
f 197/522/1 214/521/1 215/523/1
f 196/524/1 197/522/1 215/523/1
f 196/524/1 215/523/1 216/525/1
f 243/526/1 244/503/1 432/500/1
f 71/497/1 167/504/1 168/527/1
f 195/528/1 196/524/1 216/525/1
f 195/528/1 216/525/1 217/529/1
f 194/530/1 195/528/1 217/529/1
f 194/530/1 217/529/1 218/531/1
f 193/532/1 194/530/1 218/531/1
f 193/532/1 218/531/1 219/533/1
f 71/497/1 168/527/1 169/534/1
f 242/535/1 243/526/1 432/500/1
f 193/532/1 219/533/1 220/536/1
f 192/537/1 193/532/1 220/536/1
f 71/497/1 169/534/1 170/538/1
f 241/539/1 242/535/1 432/500/1
f 71/497/1 170/538/1 171/540/1
f 192/537/1 220/536/1 221/541/1
f 191/542/1 192/537/1 221/541/1
f 240/543/1 241/539/1 432/500/1
f 70/544/1 71/497/1 171/540/1
f 70/544/1 171/540/1 172/545/1
f 191/542/1 221/541/1 222/546/1
f 190/547/1 191/542/1 222/546/1
f 239/548/1 240/543/1 432/500/1
f 70/544/1 172/545/1 173/549/1
f 238/550/1 239/548/1 432/500/1
f 190/547/1 222/546/1 223/551/1
f 189/552/1 190/547/1 223/551/1
f 70/544/1 173/549/1 174/553/1
f 237/554/1 238/550/1 432/500/1
f 189/552/1 223/551/1 224/555/1
f 188/556/1 189/552/1 224/555/1
f 70/544/1 174/553/1 175/557/1
f 236/558/1 237/554/1 432/500/1
f 188/556/1 224/555/1 225/559/1
f 187/560/1 188/556/1 225/559/1
f 70/544/1 175/557/1 176/561/1
f 235/562/1 236/558/1 432/500/1
f 70/544/1 176/561/1 177/563/1
f 187/560/1 225/559/1 226/564/1
f 186/565/1 187/560/1 226/564/1
f 234/566/1 235/562/1 432/500/1
f 70/544/1 177/563/1 178/567/1
f 186/565/1 226/564/1 227/568/1
f 185/569/1 186/565/1 227/568/1
f 233/570/1 234/566/1 432/500/1
f 70/544/1 178/567/1 179/571/1
f 185/569/1 227/568/1 228/572/1
f 184/573/1 185/569/1 228/572/1
f 232/574/1 233/570/1 432/500/1
f 70/544/1 179/571/1 180/575/1
f 184/573/1 228/572/1 229/576/1
f 183/577/1 184/573/1 229/576/1
f 231/578/1 232/574/1 432/500/1
f 70/544/1 180/575/1 181/579/1
f 231/578/1 432/500/1 433/580/1
f 183/577/1 229/576/1 230/581/1
f 182/582/1 183/577/1 230/581/1
f 230/581/1 231/578/1 433/580/1
f 70/544/1 181/579/1 182/582/1
f 70/544/1 182/582/1 230/581/1
f 70/544/1 230/581/1 433/580/1
f 69/583/1 70/544/1 433/580/1
f 68/584/1 69/583/1 433/580/1
f 68/584/1 433/580/1 434/585/1
f 67/586/1 68/584/1 434/585/1
f 67/586/1 434/585/1 435/587/1
f 66/588/1 67/586/1 435/587/1
f 65/589/1 66/588/1 435/587/1
f 65/589/1 435/587/1 436/590/1
f 64/591/1 65/589/1 436/590/1
f 64/591/1 436/590/1 437/592/1
f 63/593/1 64/591/1 437/592/1
f 62/594/1 63/593/1 38/595/1
f 38/595/1 63/593/1 37/596/1
f 37/596/1 63/593/1 437/592/1
f 36/597/1 37/596/1 437/592/1
f 35/598/1 36/597/1 437/592/1
f 34/599/1 35/598/1 437/592/1
f 33/600/1 34/599/1 437/592/1
f 62/594/1 38/595/1 39/601/1
f 32/602/1 33/600/1 437/592/1
f 31/603/1 32/602/1 437/592/1
f 30/604/1 31/603/1 437/592/1
f 62/594/1 39/601/1 40/605/1
f 29/606/1 30/604/1 437/592/1
f 29/606/1 437/592/1 438/607/1
f 28/608/1 29/606/1 438/607/1
f 27/609/1 28/608/1 438/607/1
f 62/594/1 40/605/1 41/610/1
f 26/611/1 27/609/1 438/607/1
f 25/612/1 26/611/1 438/607/1
f 24/613/1 25/612/1 438/607/1
f 62/594/1 41/610/1 42/614/1
f 23/615/1 24/613/1 438/607/1
f 62/594/1 42/614/1 43/616/1
f 61/617/1 62/594/1 43/616/1
f 22/618/1 23/615/1 438/607/1
f 61/617/1 43/616/1 44/619/1
f 21/620/1 22/618/1 438/607/1
f 61/617/1 44/619/1 45/621/1
f 20/622/1 21/620/1 438/607/1
f 61/617/1 45/621/1 46/623/1
f 19/624/1 20/622/1 438/607/1
f 61/617/1 46/623/1 47/625/1
f 60/626/1 61/617/1 47/625/1
f 18/627/1 19/624/1 438/607/1
f 60/626/1 47/625/1 48/628/1
f 59/629/1 60/626/1 48/628/1
f 58/630/1 59/629/1 48/628/1
f 57/631/1 58/630/1 48/628/1
f 57/631/1 48/628/1 49/632/1
f 17/633/1 18/627/1 438/607/1
f 56/634/1 57/631/1 49/632/1
f 17/633/1 438/607/1 439/635/1
f 55/636/1 56/634/1 49/632/1
f 54/637/1 55/636/1 49/632/1
f 53/638/1 54/637/1 49/632/1
f 52/639/1 53/638/1 49/632/1
f 52/639/1 49/632/1 50/640/1
f 51/641/1 52/639/1 50/640/1
f 16/642/1 17/633/1 439/635/1
f 15/643/1 16/642/1 439/635/1
f 14/644/1 15/643/1 439/635/1
f 13/645/1 14/644/1 439/635/1
f 13/645/1 439/635/1 440/646/1
f 12/647/1 13/645/1 440/646/1
f 11/648/1 12/647/1 440/646/1
f 11/648/1 440/646/1 441/649/1
f 10/650/1 11/648/1 441/649/1
f 9/651/1 10/650/1 441/649/1
f 8/652/1 9/651/1 441/649/1
f 8/652/1 441/649/1 442/653/1
f 7/654/1 8/652/1 442/653/1
f 6/655/1 7/654/1 442/653/1
f 5/656/1 6/655/1 442/653/1
f 5/656/1 442/653/1 443/657/1
f 4/658/1 5/656/1 443/657/1
f 3/659/1 4/658/1 443/657/1
f 2/660/1 3/659/1 443/657/1
f 2/660/1 443/657/1 444/661/1
f 1/662/1 2/660/1 444/661/1
f 459/663/1 1/662/1 444/661/1
f 458/664/1 459/663/1 444/661/1
f 458/664/1 444/661/1 445/665/1
f 457/666/1 458/664/1 445/665/1
f 456/667/1 457/666/1 445/665/1
f 456/667/1 445/665/1 446/668/1
f 455/669/1 456/667/1 446/668/1
f 454/670/1 455/669/1 446/668/1
f 453/671/1 454/670/1 446/668/1
f 453/671/1 446/668/1 447/672/1
f 452/673/1 453/671/1 447/672/1
f 451/674/1 452/673/1 447/672/1
f 450/675/1 451/674/1 447/672/1
f 450/675/1 447/672/1 448/676/1
f 449/677/1 450/675/1 448/676/1
f 979/1/2 981/3/2 980/2/2
f 978/4/2 981/3/2 979/1/2
f 977/5/2 981/3/2 978/4/2
f 976/6/2 981/3/2 977/5/2
f 976/6/2 982/7/2 981/3/2
f 975/8/2 982/7/2 976/6/2
f 974/9/2 982/7/2 975/8/2
f 973/10/2 982/7/2 974/9/2
f 973/10/2 983/11/2 982/7/2
f 972/12/2 983/11/2 973/10/2
f 971/13/2 983/11/2 972/12/2
f 971/13/2 984/14/2 983/11/2
f 970/15/2 984/14/2 971/13/2
f 969/16/2 984/14/2 970/15/2
f 969/16/2 985/17/2 984/14/2
f 968/18/2 985/17/2 969/16/2
f 967/19/2 985/17/2 968/18/2
f 967/19/2 986/20/2 985/17/2
f 966/21/2 986/20/2 967/19/2
f 965/22/2 986/20/2 966/21/2
f 965/22/2 987/23/2 986/20/2
f 964/24/2 987/23/2 965/22/2
f 963/25/2 987/23/2 964/24/2
f 962/26/2 987/23/2 963/25/2
f 962/26/2 988/27/2 987/23/2
f 961/28/2 988/27/2 962/26/2
f 960/29/2 988/27/2 961/28/2
f 959/30/2 988/27/2 960/29/2
f 958/31/2 988/27/2 959/30/2
f 957/32/2 988/27/2 958/31/2
f 957/32/2 989/33/2 988/27/2
f 956/34/2 989/33/2 957/32/2
f 955/35/2 989/33/2 956/34/2
f 955/35/2 990/36/2 989/33/2
f 955/35/2 991/37/2 990/36/2
f 955/35/2 992/38/2 991/37/2
f 954/39/2 992/38/2 955/35/2
f 954/39/2 993/40/2 992/38/2
f 954/39/2 994/41/2 993/40/2
f 953/42/2 994/41/2 954/39/2
f 953/42/2 995/43/2 994/41/2
f 953/42/2 996/44/2 995/43/2
f 952/45/2 996/44/2 953/42/2
f 952/45/2 997/46/2 996/44/2
f 952/45/2 998/47/2 997/46/2
f 951/48/2 998/47/2 952/45/2
f 951/48/2 999/49/2 998/47/2
f 951/48/2 1000/50/2 999/49/2
f 950/51/2 1000/50/2 951/48/2
f 950/51/2 1001/52/2 1000/50/2
f 950/51/2 1002/53/2 1001/52/2
f 949/54/2 1002/53/2 950/51/2
f 949/54/2 1003/55/2 1002/53/2
f 949/54/2 1004/56/2 1003/55/2
f 948/57/2 1004/56/2 949/54/2
f 948/57/2 1005/58/2 1004/56/2
f 947/59/2 1005/58/2 948/57/2
f 947/59/2 1006/60/2 1005/58/2
f 947/59/2 1007/61/2 1006/60/2
f 946/62/2 1007/61/2 947/59/2
f 946/62/2 1008/63/2 1007/61/2
f 945/64/2 1008/63/2 946/62/2
f 945/64/2 1009/65/2 1008/63/2
f 1051/66/2 1053/68/2 1052/67/2
f 1051/66/2 1054/69/2 1053/68/2
f 1051/66/2 1055/70/2 1054/69/2
f 1051/66/2 1056/71/2 1055/70/2
f 1051/66/2 1057/72/2 1056/71/2
f 1051/66/2 1058/73/2 1057/72/2
f 1051/66/2 1059/74/2 1058/73/2
f 1051/66/2 1060/75/2 1059/74/2
f 1050/76/2 1060/75/2 1051/66/2
f 1050/76/2 1061/77/2 1060/75/2
f 1050/76/2 1062/78/2 1061/77/2
f 1050/76/2 1063/79/2 1062/78/2
f 1049/80/2 1063/79/2 1050/76/2
f 1049/80/2 1064/81/2 1063/79/2
f 945/64/2 1010/82/2 1009/65/2
f 1049/80/2 1065/83/2 1064/81/2
f 1049/80/2 1066/84/2 1065/83/2
f 1048/85/2 1066/84/2 1049/80/2
f 1048/85/2 1067/86/2 1066/84/2
f 1048/85/2 1068/87/2 1067/86/2
f 1047/88/2 1068/87/2 1048/85/2
f 1047/88/2 1069/89/2 1068/87/2
f 1047/88/2 1070/90/2 1069/89/2
f 1046/91/2 1070/90/2 1047/88/2
f 1046/91/2 1071/92/2 1070/90/2
f 1046/91/2 1072/93/2 1071/92/2
f 1045/94/2 1072/93/2 1046/91/2
f 945/64/2 1011/95/2 1010/82/2
f 1045/94/2 1073/96/2 1072/93/2
f 1045/94/2 1074/97/2 1073/96/2
f 944/98/2 1011/95/2 945/64/2
f 1044/99/2 1074/97/2 1045/94/2
f 1044/99/2 1075/100/2 1074/97/2
f 1044/99/2 1076/101/2 1075/100/2
f 1043/102/2 1076/101/2 1044/99/2
f 1043/102/2 1077/103/2 1076/101/2
f 1042/104/2 1077/103/2 1043/102/2
f 1041/105/2 1077/103/2 1042/104/2
f 1040/106/2 1077/103/2 1041/105/2
f 944/98/2 1012/107/2 1011/95/2
f 1039/108/2 1077/103/2 1040/106/2
f 1038/109/2 1077/103/2 1039/108/2
f 944/98/2 1013/110/2 1012/107/2
f 1037/111/2 1077/103/2 1038/109/2
f 1037/111/2 1078/112/2 1077/103/2
f 944/98/2 1014/113/2 1013/110/2
f 943/114/2 1014/113/2 944/98/2
f 1036/115/2 1078/112/2 1037/111/2
f 943/114/2 1015/116/2 1014/113/2
f 1035/117/2 1078/112/2 1036/115/2
f 943/114/2 1016/118/2 1015/116/2
f 1034/119/2 1078/112/2 1035/117/2
f 943/114/2 1017/120/2 1016/118/2
f 1033/121/2 1078/112/2 1034/119/2
f 943/114/2 1018/122/2 1017/120/2
f 943/114/2 1019/123/2 1018/122/2
f 1032/124/2 1078/112/2 1033/121/2
f 943/114/2 1020/125/2 1019/123/2
f 943/114/2 1021/126/2 1020/125/2
f 1032/124/2 1079/127/2 1078/112/2
f 1031/128/2 1079/127/2 1032/124/2
f 943/114/2 1022/129/2 1021/126/2
f 943/114/2 1023/130/2 1022/129/2
f 1030/131/2 1079/127/2 1031/128/2
f 943/114/2 1024/132/2 1023/130/2
f 943/114/2 1025/133/2 1024/132/2
f 1029/134/2 1079/127/2 1030/131/2
f 943/114/2 1026/135/2 1025/133/2
f 943/114/2 1027/136/2 1026/135/2
f 1028/137/2 1079/127/2 1029/134/2
f 943/114/2 1028/137/2 1027/136/2
f 943/114/2 1079/127/2 1028/137/2
f 942/138/2 1079/127/2 943/114/2
f 942/138/2 1080/139/2 1079/127/2
f 941/140/2 1080/139/2 942/138/2
f 941/140/2 1081/141/2 1080/139/2
f 941/140/2 1082/142/2 1081/141/2
f 940/143/2 1082/142/2 941/140/2
f 940/143/2 1083/144/2 1082/142/2
f 939/145/2 1083/144/2 940/143/2
f 1257/146/2 1259/148/2 1258/147/2
f 1256/149/2 1259/148/2 1257/146/2
f 1255/150/2 1259/148/2 1256/149/2
f 1254/151/2 1259/148/2 1255/150/2
f 1253/152/2 1259/148/2 1254/151/2
f 1252/153/2 1259/148/2 1253/152/2
f 1251/154/2 1259/148/2 1252/153/2
f 1250/155/2 1259/148/2 1251/154/2
f 1249/156/2 1259/148/2 1250/155/2
f 1248/157/2 1259/148/2 1249/156/2
f 939/145/2 1084/158/2 1083/144/2
f 1247/159/2 1259/148/2 1248/157/2
f 1246/160/2 1259/148/2 1247/159/2
f 1245/161/2 1259/148/2 1246/160/2
f 1245/161/2 1260/162/2 1259/148/2
f 938/163/2 1084/158/2 939/145/2
f 938/163/2 1085/164/2 1084/158/2
f 1245/161/2 1261/165/2 1260/162/2
f 1244/166/2 1261/165/2 1245/161/2
f 1244/166/2 1262/167/2 1261/165/2
f 938/163/2 1086/168/2 1085/164/2
f 937/169/2 1086/168/2 938/163/2
f 1243/170/2 1262/167/2 1244/166/2
f 1243/170/2 1263/171/2 1262/167/2
f 937/169/2 1087/172/2 1086/168/2
f 1243/170/2 1264/173/2 1263/171/2
f 1242/174/2 1264/173/2 1243/170/2
f 1242/174/2 1265/175/2 1264/173/2
f 936/176/2 1087/172/2 937/169/2
f 936/176/2 1088/177/2 1087/172/2
f 1242/174/2 1266/178/2 1265/175/2
f 1242/174/2 1267/179/2 1266/178/2
f 1241/180/2 1267/179/2 1242/174/2
f 936/176/2 1089/181/2 1088/177/2
f 1241/180/2 1268/182/2 1267/179/2
f 935/183/2 1089/181/2 936/176/2
f 1241/180/2 1269/184/2 1268/182/2
f 1241/180/2 1270/185/2 1269/184/2
f 1240/186/2 1270/185/2 1241/180/2
f 935/183/2 1090/187/2 1089/181/2
f 1240/186/2 1271/188/2 1270/185/2
f 1240/186/2 1272/189/2 1271/188/2
f 1240/186/2 1273/190/2 1272/189/2
f 1240/186/2 1274/191/2 1273/190/2
f 1239/192/2 1274/191/2 1240/186/2
f 1239/192/2 1275/193/2 1274/191/2
f 935/183/2 1091/194/2 1090/187/2
f 934/195/2 1091/194/2 935/183/2
f 1239/192/2 1276/196/2 1275/193/2
f 1239/192/2 1277/197/2 1276/196/2
f 1239/192/2 1278/198/2 1277/197/2
f 1239/192/2 1279/199/2 1278/198/2
f 1282/200/2 1284/202/2 1283/201/2
f 1239/192/2 1280/203/2 1279/199/2
f 1282/200/2 1285/204/2 1284/202/2
f 1239/192/2 1281/205/2 1280/203/2
f 1239/192/2 1282/200/2 1281/205/2
f 1239/192/2 1285/204/2 1282/200/2
f 1239/192/2 1286/206/2 1285/204/2
f 1238/207/2 1286/206/2 1239/192/2
f 934/195/2 1092/208/2 1091/194/2
f 1238/207/2 1287/209/2 1286/206/2
f 1238/207/2 1288/210/2 1287/209/2
f 933/211/2 1092/208/2 934/195/2
f 1237/212/2 1288/210/2 1238/207/2
f 933/211/2 1093/213/2 1092/208/2
f 1237/212/2 1289/214/2 1288/210/2
f 933/211/2 1094/215/2 1093/213/2
f 1236/216/2 1289/214/2 1237/212/2
f 1236/216/2 1290/217/2 1289/214/2
f 932/218/2 1094/215/2 933/211/2
f 932/218/2 1095/219/2 1094/215/2
f 1235/220/2 1290/217/2 1236/216/2
f 1235/220/2 1291/221/2 1290/217/2
f 932/218/2 1096/222/2 1095/219/2
f 1234/223/2 1291/221/2 1235/220/2
f 1234/223/2 1292/224/2 1291/221/2
f 931/225/2 1096/222/2 932/218/2
f 931/225/2 1097/226/2 1096/222/2
f 1233/227/2 1292/224/2 1234/223/2
f 1233/227/2 1293/228/2 1292/224/2
f 931/225/2 1098/229/2 1097/226/2
f 1232/230/2 1293/228/2 1233/227/2
f 931/225/2 1099/231/2 1098/229/2
f 1232/230/2 1294/232/2 1293/228/2
f 1231/233/2 1294/232/2 1232/230/2
f 931/225/2 1100/234/2 1099/231/2
f 1230/235/2 1294/232/2 1231/233/2
f 931/225/2 1101/236/2 1100/234/2
f 1230/235/2 1295/237/2 1294/232/2
f 1229/238/2 1295/237/2 1230/235/2
f 1228/239/2 1295/237/2 1229/238/2
f 1228/239/2 1296/240/2 1295/237/2
f 1227/241/2 1296/240/2 1228/239/2
f 1227/241/2 1297/242/2 1296/240/2
f 1226/243/2 1297/242/2 1227/241/2
f 1226/243/2 1298/244/2 1297/242/2
f 1225/245/2 1298/244/2 1226/243/2
f 1224/246/2 1298/244/2 1225/245/2
f 1224/246/2 1299/247/2 1298/244/2
f 1223/248/2 1299/247/2 1224/246/2
f 1223/248/2 1300/249/2 1299/247/2
f 1222/250/2 1300/249/2 1223/248/2
f 1221/251/2 1300/249/2 1222/250/2
f 1221/251/2 1301/252/2 1300/249/2
f 1220/253/2 1301/252/2 1221/251/2
f 1220/253/2 1302/254/2 1301/252/2
f 1219/255/2 1302/254/2 1220/253/2
f 1219/255/2 1303/256/2 1302/254/2
f 1218/257/2 1303/256/2 1219/255/2
f 1217/258/2 1303/256/2 1218/257/2
f 1217/258/2 1304/259/2 1303/256/2
f 1216/260/2 1304/259/2 1217/258/2
f 1216/260/2 1305/261/2 1304/259/2
f 1215/262/2 1305/261/2 1216/260/2
f 1214/263/2 1305/261/2 1215/262/2
f 1214/263/2 1306/264/2 1305/261/2
f 1213/265/2 1306/264/2 1214/263/2
f 1212/266/2 1306/264/2 1213/265/2
f 1212/266/2 1307/267/2 1306/264/2
f 1211/268/2 1307/267/2 1212/266/2
f 1210/269/2 1307/267/2 1211/268/2
f 1210/269/2 1308/270/2 1307/267/2
f 1209/271/2 1308/270/2 1210/269/2
f 1208/272/2 1308/270/2 1209/271/2
f 1207/273/2 1308/270/2 1208/272/2
f 1206/274/2 1308/270/2 1207/273/2
f 1205/275/2 1308/270/2 1206/274/2
f 1205/275/2 1309/276/2 1308/270/2
f 1204/277/2 1309/276/2 1205/275/2
f 1203/278/2 1309/276/2 1204/277/2
f 1202/279/2 1309/276/2 1203/278/2
f 1201/280/2 1309/276/2 1202/279/2
f 1200/281/2 1309/276/2 1201/280/2
f 1200/281/2 1310/282/2 1309/276/2
f 1199/283/2 1310/282/2 1200/281/2
f 1198/284/2 1310/282/2 1199/283/2
f 1197/285/2 1310/282/2 1198/284/2
f 1197/285/2 1311/286/2 1310/282/2
f 1196/287/2 1311/286/2 1197/285/2
f 1195/288/2 1311/286/2 1196/287/2
f 1195/288/2 1312/289/2 1311/286/2
f 1194/290/2 1312/289/2 1195/288/2
f 1194/290/2 1313/291/2 1312/289/2
f 1193/292/2 1313/291/2 1194/290/2
f 1192/293/2 1313/291/2 1193/292/2
f 1192/293/2 1314/294/2 1313/291/2
f 1191/295/2 1150/296/2 1192/293/2
f 1150/296/2 1149/297/2 1192/293/2
f 1149/297/2 1314/294/2 1192/293/2
f 1191/295/2 1151/298/2 1150/296/2
f 1148/299/2 1314/294/2 1149/297/2
f 1191/295/2 1152/300/2 1151/298/2
f 1191/295/2 1153/301/2 1152/300/2
f 1147/302/2 1314/294/2 1148/299/2
f 1190/303/2 1153/301/2 1191/295/2
f 1190/303/2 1154/304/2 1153/301/2
f 1146/305/2 1314/294/2 1147/302/2
f 1190/303/2 1155/306/2 1154/304/2
f 1190/303/2 1156/307/2 1155/306/2
f 1145/308/2 1314/294/2 1146/305/2
f 1190/303/2 1157/309/2 1156/307/2
f 1145/308/2 1315/310/2 1314/294/2
f 1144/311/2 1315/310/2 1145/308/2
f 1190/303/2 1158/312/2 1157/309/2
f 1143/313/2 1315/310/2 1144/311/2
f 1190/303/2 1159/314/2 1158/312/2
f 1190/303/2 1160/315/2 1159/314/2
f 1142/316/2 1315/310/2 1143/313/2
f 1190/303/2 1161/317/2 1160/315/2
f 1141/318/2 1315/310/2 1142/316/2
f 1189/319/2 1161/317/2 1190/303/2
f 1189/319/2 1162/320/2 1161/317/2
f 1140/321/2 1315/310/2 1141/318/2
f 1189/319/2 1163/322/2 1162/320/2
f 1189/319/2 1164/323/2 1163/322/2
f 1139/324/2 1315/310/2 1140/321/2
f 1189/319/2 1165/325/2 1164/323/2
f 1139/324/2 1316/326/2 1315/310/2
f 1138/327/2 1316/326/2 1139/324/2
f 1189/319/2 1166/328/2 1165/325/2
f 1188/329/2 1166/328/2 1189/319/2
f 1137/330/2 1316/326/2 1138/327/2
f 1188/329/2 1167/331/2 1166/328/2
f 1188/329/2 1168/332/2 1167/331/2
f 1354/333/2 1316/326/2 1137/330/2
f 1188/329/2 1169/334/2 1168/332/2
f 1187/335/2 1169/334/2 1188/329/2
f 1353/336/2 1316/326/2 1354/333/2
f 1187/335/2 1170/337/2 1169/334/2
f 1353/336/2 1317/338/2 1316/326/2
f 1352/339/2 1317/338/2 1353/336/2
f 1187/335/2 1171/340/2 1170/337/2
f 1351/341/2 1317/338/2 1352/339/2
f 1186/342/2 1171/340/2 1187/335/2
f 1186/342/2 1172/343/2 1171/340/2
f 1350/344/2 1317/338/2 1351/341/2
f 1186/342/2 1173/345/2 1172/343/2
f 1349/346/2 1317/338/2 1350/344/2
f 1349/346/2 1318/347/2 1317/338/2
f 1186/342/2 1174/348/2 1173/345/2
f 1185/349/2 1174/348/2 1186/342/2
f 1184/350/2 1174/348/2 1185/349/2
f 1348/351/2 1318/347/2 1349/346/2
f 1183/352/2 1174/348/2 1184/350/2
f 1182/353/2 1174/348/2 1183/352/2
f 1181/354/2 1174/348/2 1182/353/2
f 1180/355/2 1174/348/2 1181/354/2
f 1180/355/2 1175/356/2 1174/348/2
f 1179/357/2 1175/356/2 1180/355/2
f 1179/357/2 1176/358/2 1175/356/2
f 1178/359/2 1176/358/2 1179/357/2
f 1178/359/2 1177/360/2 1176/358/2
f 1347/361/2 1318/347/2 1348/351/2
f 1346/362/2 1318/347/2 1347/361/2
f 1346/362/2 1319/363/2 1318/347/2
f 1345/364/2 1319/363/2 1346/362/2
f 1344/365/2 1319/363/2 1345/364/2
f 1343/366/2 1319/363/2 1344/365/2
f 1343/366/2 1320/367/2 1319/363/2
f 1343/366/2 1321/368/2 1320/367/2
f 1343/366/2 1322/369/2 1321/368/2
f 1343/366/2 1323/370/2 1322/369/2
f 1343/366/2 1324/371/2 1323/370/2
f 1343/366/2 1325/372/2 1324/371/2
f 1343/366/2 1326/373/2 1325/372/2
f 1343/366/2 1327/374/2 1326/373/2
f 1342/375/2 1327/374/2 1343/366/2
f 1342/375/2 1328/376/2 1327/374/2
f 1341/377/2 1328/376/2 1342/375/2
f 1341/377/2 1329/378/2 1328/376/2
f 1340/379/2 1329/378/2 1341/377/2
f 1340/379/2 1330/380/2 1329/378/2
f 1339/381/2 1330/380/2 1340/379/2
f 1339/381/2 1331/382/2 1330/380/2
f 1339/381/2 1332/383/2 1331/382/2
f 1338/384/2 1332/383/2 1339/381/2
f 1337/385/2 1332/383/2 1338/384/2
f 1337/385/2 1333/386/2 1332/383/2
f 1336/387/2 1333/386/2 1337/385/2
f 1336/387/2 1334/388/2 1333/386/2
f 1335/389/2 1334/388/2 1336/387/2
f 783/390/2 785/392/2 784/391/2
f 782/393/2 785/392/2 783/390/2
f 782/393/2 786/394/2 785/392/2
f 781/395/2 786/394/2 782/393/2
f 781/395/2 787/396/2 786/394/2
f 781/395/2 788/397/2 787/396/2
f 781/395/2 789/398/2 788/397/2
f 780/399/2 789/398/2 781/395/2
f 780/399/2 790/400/2 789/398/2
f 780/399/2 791/401/2 790/400/2
f 780/399/2 792/402/2 791/401/2
f 779/403/2 792/402/2 780/399/2
f 779/403/2 793/404/2 792/402/2
f 779/403/2 794/405/2 793/404/2
f 779/403/2 795/406/2 794/405/2
f 779/403/2 796/407/2 795/406/2
f 779/403/2 797/408/2 796/407/2
f 778/409/2 797/408/2 779/403/2
f 778/409/2 798/410/2 797/408/2
f 778/409/2 799/411/2 798/410/2
f 778/409/2 800/412/2 799/411/2
f 778/409/2 801/413/2 800/412/2
f 778/409/2 802/414/2 801/413/2
f 777/415/2 802/414/2 778/409/2
f 777/415/2 803/416/2 802/414/2
f 777/415/2 804/417/2 803/416/2
f 777/415/2 805/418/2 804/417/2
f 777/415/2 806/419/2 805/418/2
f 777/415/2 807/420/2 806/419/2
f 776/421/2 807/420/2 777/415/2
f 776/421/2 808/422/2 807/420/2
f 776/421/2 809/423/2 808/422/2
f 776/421/2 810/424/2 809/423/2
f 776/421/2 811/425/2 810/424/2
f 775/426/2 811/425/2 776/421/2
f 774/427/2 811/425/2 775/426/2
f 774/427/2 812/428/2 811/425/2
f 773/429/2 812/428/2 774/427/2
f 773/429/2 813/430/2 812/428/2
f 772/431/2 813/430/2 773/429/2
f 772/431/2 814/432/2 813/430/2
f 771/433/2 814/432/2 772/431/2
f 771/433/2 815/434/2 814/432/2
f 770/435/2 815/434/2 771/433/2
f 770/435/2 816/436/2 815/434/2
f 769/437/2 816/436/2 770/435/2
f 769/437/2 817/438/2 816/436/2
f 768/439/2 817/438/2 769/437/2
f 768/439/2 818/440/2 817/438/2
f 767/441/2 818/440/2 768/439/2
f 767/441/2 819/442/2 818/440/2
f 766/443/2 819/442/2 767/441/2
f 766/443/2 820/444/2 819/442/2
f 765/445/2 820/444/2 766/443/2
f 765/445/2 821/446/2 820/444/2
f 764/447/2 821/446/2 765/445/2
f 764/447/2 822/448/2 821/446/2
f 763/449/2 822/448/2 764/447/2
f 763/449/2 823/450/2 822/448/2
f 762/451/2 823/450/2 763/449/2
f 762/451/2 824/452/2 823/450/2
f 762/451/2 825/453/2 824/452/2
f 761/454/2 825/453/2 762/451/2
f 761/454/2 826/455/2 825/453/2
f 760/456/2 826/455/2 761/454/2
f 760/456/2 827/457/2 826/455/2
f 759/458/2 827/457/2 760/456/2
f 759/458/2 828/459/2 827/457/2
f 931/225/2 1102/460/2 1101/236/2
f 758/461/2 828/459/2 759/458/2
f 758/461/2 829/462/2 828/459/2
f 758/461/2 830/463/2 829/462/2
f 757/464/2 830/463/2 758/461/2
f 931/225/2 1103/465/2 1102/460/2
f 757/464/2 831/466/2 830/463/2
f 756/467/2 831/466/2 757/464/2
f 756/467/2 832/468/2 831/466/2
f 755/469/2 832/468/2 756/467/2
f 755/469/2 833/470/2 832/468/2
f 931/225/2 1104/471/2 1103/465/2
f 755/469/2 834/472/2 833/470/2
f 754/473/2 834/472/2 755/469/2
f 754/473/2 835/474/2 834/472/2
f 931/225/2 1105/475/2 1104/471/2
f 753/476/2 835/474/2 754/473/2
f 752/477/2 835/474/2 753/476/2
f 931/225/2 1106/478/2 1105/475/2
f 751/479/2 835/474/2 752/477/2
f 931/225/2 1107/480/2 1106/478/2
f 750/481/2 835/474/2 751/479/2
f 931/225/2 1108/482/2 1107/480/2
f 930/483/2 1108/482/2 931/225/2
f 749/484/2 835/474/2 750/481/2
f 929/485/2 1108/482/2 930/483/2
f 749/484/2 836/486/2 835/474/2
f 928/487/2 1108/482/2 929/485/2
f 749/484/2 837/488/2 836/486/2
f 927/489/2 1108/482/2 928/487/2
f 749/484/2 838/490/2 837/488/2
f 926/491/2 1108/482/2 927/489/2
f 749/484/2 839/492/2 838/490/2
f 925/493/2 1108/482/2 926/491/2
f 749/484/2 840/494/2 839/492/2
f 924/495/2 1108/482/2 925/493/2
f 749/484/2 841/496/2 840/494/2
f 748/497/2 841/496/2 749/484/2
f 923/498/2 1108/482/2 924/495/2
f 748/497/2 842/499/2 841/496/2
f 923/498/2 1109/500/2 1108/482/2
f 922/501/2 1109/500/2 923/498/2
f 748/497/2 843/502/2 842/499/2
f 921/503/2 1109/500/2 922/501/2
f 748/497/2 844/504/2 843/502/2
f 882/505/2 884/507/2 883/506/2
f 881/508/2 884/507/2 882/505/2
f 881/508/2 885/509/2 884/507/2
f 880/510/2 885/509/2 881/508/2
f 880/510/2 886/511/2 885/509/2
f 879/512/2 886/511/2 880/510/2
f 879/512/2 887/513/2 886/511/2
f 878/514/2 887/513/2 879/512/2
f 878/514/2 888/515/2 887/513/2
f 877/516/2 888/515/2 878/514/2
f 877/516/2 889/517/2 888/515/2
f 876/518/2 889/517/2 877/516/2
f 876/518/2 890/519/2 889/517/2
f 875/520/2 890/519/2 876/518/2
f 875/520/2 891/521/2 890/519/2
f 874/522/2 891/521/2 875/520/2
f 874/522/2 892/523/2 891/521/2
f 873/524/2 892/523/2 874/522/2
f 873/524/2 893/525/2 892/523/2
f 920/526/2 1109/500/2 921/503/2
f 748/497/2 845/527/2 844/504/2
f 872/528/2 893/525/2 873/524/2
f 872/528/2 894/529/2 893/525/2
f 871/530/2 894/529/2 872/528/2
f 871/530/2 895/531/2 894/529/2
f 870/532/2 895/531/2 871/530/2
f 870/532/2 896/533/2 895/531/2
f 748/497/2 846/534/2 845/527/2
f 919/535/2 1109/500/2 920/526/2
f 870/532/2 897/536/2 896/533/2
f 869/537/2 897/536/2 870/532/2
f 748/497/2 847/538/2 846/534/2
f 918/539/2 1109/500/2 919/535/2
f 748/497/2 848/540/2 847/538/2
f 869/537/2 898/541/2 897/536/2
f 868/542/2 898/541/2 869/537/2
f 917/543/2 1109/500/2 918/539/2
f 747/544/2 848/540/2 748/497/2
f 747/544/2 849/545/2 848/540/2
f 868/542/2 899/546/2 898/541/2
f 867/547/2 899/546/2 868/542/2
f 916/548/2 1109/500/2 917/543/2
f 747/544/2 850/549/2 849/545/2
f 915/550/2 1109/500/2 916/548/2
f 867/547/2 900/551/2 899/546/2
f 866/552/2 900/551/2 867/547/2
f 747/544/2 851/553/2 850/549/2
f 914/554/2 1109/500/2 915/550/2
f 866/552/2 901/555/2 900/551/2
f 865/556/2 901/555/2 866/552/2
f 747/544/2 852/557/2 851/553/2
f 913/558/2 1109/500/2 914/554/2
f 865/556/2 902/559/2 901/555/2
f 864/560/2 902/559/2 865/556/2
f 747/544/2 853/561/2 852/557/2
f 912/562/2 1109/500/2 913/558/2
f 747/544/2 854/563/2 853/561/2
f 864/560/2 903/564/2 902/559/2
f 863/565/2 903/564/2 864/560/2
f 911/566/2 1109/500/2 912/562/2
f 747/544/2 855/567/2 854/563/2
f 863/565/2 904/568/2 903/564/2
f 862/569/2 904/568/2 863/565/2
f 910/570/2 1109/500/2 911/566/2
f 747/544/2 856/571/2 855/567/2
f 862/569/2 905/572/2 904/568/2
f 861/573/2 905/572/2 862/569/2
f 909/574/2 1109/500/2 910/570/2
f 747/544/2 857/575/2 856/571/2
f 861/573/2 906/576/2 905/572/2
f 860/577/2 906/576/2 861/573/2
f 908/578/2 1109/500/2 909/574/2
f 747/544/2 858/579/2 857/575/2
f 908/578/2 1110/580/2 1109/500/2
f 860/577/2 907/581/2 906/576/2
f 859/582/2 907/581/2 860/577/2
f 907/581/2 1110/580/2 908/578/2
f 747/544/2 859/582/2 858/579/2
f 747/544/2 907/581/2 859/582/2
f 747/544/2 1110/580/2 907/581/2
f 746/583/2 1110/580/2 747/544/2
f 745/584/2 1110/580/2 746/583/2
f 745/584/2 1111/585/2 1110/580/2
f 744/586/2 1111/585/2 745/584/2
f 744/586/2 1112/587/2 1111/585/2
f 743/588/2 1112/587/2 744/586/2
f 742/589/2 1112/587/2 743/588/2
f 742/589/2 1113/590/2 1112/587/2
f 741/591/2 1113/590/2 742/589/2
f 741/591/2 1114/592/2 1113/590/2
f 740/593/2 1114/592/2 741/591/2
f 739/594/2 715/595/2 740/593/2
f 715/595/2 714/596/2 740/593/2
f 714/596/2 1114/592/2 740/593/2
f 713/597/2 1114/592/2 714/596/2
f 712/598/2 1114/592/2 713/597/2
f 711/599/2 1114/592/2 712/598/2
f 710/600/2 1114/592/2 711/599/2
f 739/594/2 716/601/2 715/595/2
f 709/602/2 1114/592/2 710/600/2
f 708/603/2 1114/592/2 709/602/2
f 707/604/2 1114/592/2 708/603/2
f 739/594/2 717/605/2 716/601/2
f 706/606/2 1114/592/2 707/604/2
f 706/606/2 1115/607/2 1114/592/2
f 705/608/2 1115/607/2 706/606/2
f 704/609/2 1115/607/2 705/608/2
f 739/594/2 718/610/2 717/605/2
f 703/611/2 1115/607/2 704/609/2
f 702/612/2 1115/607/2 703/611/2
f 701/613/2 1115/607/2 702/612/2
f 739/594/2 719/614/2 718/610/2
f 700/615/2 1115/607/2 701/613/2
f 739/594/2 720/616/2 719/614/2
f 738/617/2 720/616/2 739/594/2
f 699/618/2 1115/607/2 700/615/2
f 738/617/2 721/619/2 720/616/2
f 698/620/2 1115/607/2 699/618/2
f 738/617/2 722/621/2 721/619/2
f 697/622/2 1115/607/2 698/620/2
f 738/617/2 723/623/2 722/621/2
f 696/624/2 1115/607/2 697/622/2
f 738/617/2 724/625/2 723/623/2
f 737/626/2 724/625/2 738/617/2
f 695/627/2 1115/607/2 696/624/2
f 737/626/2 725/628/2 724/625/2
f 736/629/2 725/628/2 737/626/2
f 735/630/2 725/628/2 736/629/2
f 734/631/2 725/628/2 735/630/2
f 734/631/2 726/632/2 725/628/2
f 694/633/2 1115/607/2 695/627/2
f 733/634/2 726/632/2 734/631/2
f 694/633/2 1116/635/2 1115/607/2
f 732/636/2 726/632/2 733/634/2
f 731/637/2 726/632/2 732/636/2
f 730/638/2 726/632/2 731/637/2
f 729/639/2 726/632/2 730/638/2
f 729/639/2 727/640/2 726/632/2
f 728/641/2 727/640/2 729/639/2
f 693/642/2 1116/635/2 694/633/2
f 692/643/2 1116/635/2 693/642/2
f 691/644/2 1116/635/2 692/643/2
f 690/645/2 1116/635/2 691/644/2
f 690/645/2 1117/646/2 1116/635/2
f 689/647/2 1117/646/2 690/645/2
f 688/648/2 1117/646/2 689/647/2
f 688/648/2 1118/649/2 1117/646/2
f 687/650/2 1118/649/2 688/648/2
f 686/651/2 1118/649/2 687/650/2
f 685/652/2 1118/649/2 686/651/2
f 685/652/2 1119/653/2 1118/649/2
f 684/654/2 1119/653/2 685/652/2
f 683/655/2 1119/653/2 684/654/2
f 682/656/2 1119/653/2 683/655/2
f 682/656/2 1120/657/2 1119/653/2
f 681/658/2 1120/657/2 682/656/2
f 680/659/2 1120/657/2 681/658/2
f 679/660/2 1120/657/2 680/659/2
f 679/660/2 1121/661/2 1120/657/2
f 678/662/2 1121/661/2 679/660/2
f 1136/663/2 1121/661/2 678/662/2
f 1135/664/2 1121/661/2 1136/663/2
f 1135/664/2 1122/665/2 1121/661/2
f 1134/666/2 1122/665/2 1135/664/2
f 1133/667/2 1122/665/2 1134/666/2
f 1133/667/2 1123/668/2 1122/665/2
f 1132/669/2 1123/668/2 1133/667/2
f 1131/670/2 1123/668/2 1132/669/2
f 1130/671/2 1123/668/2 1131/670/2
f 1130/671/2 1124/672/2 1123/668/2
f 1129/673/2 1124/672/2 1130/671/2
f 1128/674/2 1124/672/2 1129/673/2
f 1127/675/2 1124/672/2 1128/674/2
f 1127/675/2 1125/676/2 1124/672/2
f 1126/677/2 1125/676/2 1127/675/2
f 488/325/3 1166/328/3 489/328/3
f 672/346/4 1350/344/4 673/344/4
f 640/338/5 1318/347/5 641/347/5
f 496/345/6 1174/348/6 497/348/6
f 504/354/7 1182/353/7 505/353/7
f 648/372/8 1326/373/8 649/373/8
f 664/377/9 1342/375/9 665/375/9
f 656/386/10 1334/388/10 657/388/10
f 104/395/11 782/393/11 105/393/11
f 112/398/12 790/400/12 113/400/12
f 120/408/13 798/410/13 121/410/13
f 128/418/14 806/419/14 129/419/14
f 96/429/15 774/427/15 97/427/15
f 136/430/16 814/432/16 137/432/16
f 88/445/17 766/443/17 89/443/17
f 144/446/18 822/448/18 145/448/18
f 424/236/19 1102/460/19 425/460/19
f 152/462/20 830/463/20 153/463/20
f 80/464/21 758/461/21 81/461/21
f 72/484/22 750/481/22 73/481/22
f 160/488/23 838/490/23 161/490/23
f 248/493/24 926/491/24 249/491/24
f 208/509/25 886/511/25 209/511/25
f 200/516/26 878/514/26 201/514/26
f 216/525/27 894/529/27 217/529/27
f 168/527/28 846/534/28 169/534/28
f 192/537/29 870/532/29 193/532/29
f 240/543/30 918/539/30 241/539/30
f 224/555/31 902/559/31 225/559/31
f 176/561/32 854/563/32 177/563/32
f 184/573/33 862/569/33 185/569/33
f 232/574/34 910/570/34 233/570/34
f 432/500/35 1110/580/35 433/580/35
f 64/591/36 742/589/36 65/589/36
f 32/602/37 710/600/37 33/600/37
f 40/605/38 718/610/38 41/610/38
f 24/613/39 702/612/39 25/612/39
f 48/628/40 726/632/40 49/632/40
f 56/634/41 734/631/41 57/631/41
f 16/642/42 694/633/42 17/633/42
f 440/646/43 1118/649/43 441/649/43
f 8/652/44 686/651/44 9/651/44
f 456/667/45 1134/666/45 457/666/45
f 448/676/46 1126/677/46 449/677/46
f 298/8/47 976/6/47 299/6/47
f 306/11/48 984/14/48 307/14/48
f 290/19/49 968/18/49 291/18/49
f 282/30/50 960/29/50 283/29/50
f 314/37/51 992/38/51 315/38/51
f 274/48/52 952/45/52 275/45/52
f 322/49/53 1000/50/53 323/50/53
f 330/61/54 1008/63/54 331/63/54
f 378/70/55 1056/71/55 379/71/55
f 386/79/56 1064/81/56 387/81/56
f 370/88/57 1048/85/57 371/85/57
f 394/92/58 1072/93/58 395/93/58
f 362/108/59 1040/106/59 363/106/59
f 266/114/60 944/98/60 267/98/60
f 338/116/61 1016/118/61 339/118/61
f 354/128/62 1032/124/62 355/124/62
f 346/130/63 1024/132/63 347/132/63
f 402/127/64 1080/139/64 403/139/64
f 578/150/65 1256/149/65 579/149/65
f 570/159/66 1248/157/66 571/157/66
f 586/171/67 1264/173/67 587/173/67
f 410/172/68 1088/177/68 411/177/68
f 258/183/69 936/176/69 259/176/69
f 594/188/70 1272/189/70 595/189/70
f 562/192/71 1240/186/71 563/186/71
f 602/199/72 1280/203/72 603/203/72
f 610/209/73 1288/210/73 611/210/73
f 418/219/74 1096/222/74 419/222/74
f 554/233/75 1232/230/75 555/230/75
f 618/237/76 1296/240/76 619/240/76
f 546/248/77 1224/246/77 547/246/77
f 626/256/78 1304/259/78 627/259/78
f 538/262/79 1216/260/79 539/260/79
f 530/273/80 1208/272/80 531/272/80
f 522/283/81 1200/281/81 523/281/81
f 634/286/82 1312/289/82 635/289/82
f 514/295/83 1192/293/83 515/293/83
f 474/298/84 1152/300/84 475/300/84
f 466/313/85 1144/311/85 467/311/85
f 482/314/86 1160/315/86 483/315/86
f 490/331/87 1168/332/87 491/332/87
f 674/341/88 1352/339/88 675/339/88
f 506/352/89 1184/350/89 507/350/89
f 498/356/90 1176/358/90 499/358/90
f 666/366/91 1344/365/91 667/365/91
f 642/363/92 1320/367/92 643/367/92
f 650/374/93 1328/376/93 651/376/93
f 658/389/94 1336/387/94 659/387/94
f 106/390/95 784/391/95 107/391/95
f 114/401/96 792/402/96 115/402/96
f 122/411/97 800/412/97 123/412/97
f 130/420/98 808/422/98 131/422/98
f 98/426/99 776/421/99 99/421/99
f 138/434/100 816/436/100 139/436/100
f 90/441/101 768/439/101 91/439/101
f 146/450/102 824/452/102 147/452/102
f 82/458/103 760/456/103 83/456/103
f 154/466/104 832/468/104 155/468/104
f 426/465/105 1104/471/105 427/471/105
f 74/479/106 752/477/106 75/477/106
f 250/489/107 928/487/107 251/487/107
f 162/492/108 840/494/108 163/494/108
f 202/512/109 880/510/109 203/510/109
f 210/513/110 888/515/110 211/515/110
f 194/530/111 872/528/111 195/528/111
f 218/531/112 896/533/112 219/533/112
f 242/535/113 920/526/113 243/526/113
f 170/538/114 848/540/114 171/540/114
f 186/565/115 864/560/115 187/560/115
f 234/566/116 912/562/116 235/562/116
f 226/564/117 904/568/117 227/568/117
f 178/567/118 856/571/118 179/571/118
f 434/585/119 1112/587/119 435/587/119
f 66/588/120 744/586/120 67/586/120
f 34/599/121 712/598/121 35/598/121
f 26/611/122 704/609/122 27/609/122
f 42/614/123 720/616/123 43/616/123
f 18/627/124 696/624/124 19/624/124
f 58/630/125 736/629/125 59/629/125
f 50/640/126 728/641/126 51/641/126
f 10/650/127 688/648/127 11/648/127
f 442/653/128 1120/657/128 443/657/128
f 2/660/129 680/659/129 3/659/129
f 458/664/130 1136/663/130 459/663/130
f 450/675/131 1128/674/131 451/674/131
f 300/5/132 978/4/132 301/4/132
f 292/16/133 970/15/133 293/15/133
f 308/17/134 986/20/134 309/20/134
f 284/28/135 962/26/135 285/26/135
f 316/40/136 994/41/136 317/41/136
f 276/42/137 954/39/137 277/39/137
f 324/52/138 1002/53/138 325/53/138
f 268/64/139 946/62/139 269/62/139
f 380/72/140 1058/73/140 381/73/140
f 372/80/141 1050/76/141 373/76/141
f 332/65/142 1010/82/142 333/82/142
f 388/83/143 1066/84/143 389/84/143
f 396/96/144 1074/97/144 397/97/144
f 364/105/145 1042/104/145 365/104/145
f 356/121/146 1034/119/146 357/119/146
f 340/120/147 1018/122/147 341/122/147
f 348/133/148 1026/135/148 349/135/148
f 404/141/149 1082/142/149 405/142/149
f 580/146/150 1258/147/150 581/147/150
f 572/156/151 1250/155/151 573/155/151
f 260/169/152 938/163/152 261/163/152
f 588/175/153 1266/178/153 589/178/153
f 564/180/154 1242/174/154 565/174/154
f 412/181/155 1090/187/155 413/187/155
f 596/190/156 1274/191/156 597/191/156
f 604/205/157 1282/200/157 605/200/157
f 612/214/158 1290/217/158 613/217/158
f 556/227/159 1234/223/159 557/223/159
f 420/226/160 1098/229/160 421/229/160
f 620/242/161 1298/244/161 621/244/161
f 548/245/162 1226/243/162 549/243/162
f 540/258/163 1218/257/163 541/257/163
f 628/261/164 1306/264/164 629/264/164
f 532/271/165 1210/269/165 533/269/165
f 524/280/166 1202/279/166 525/279/166
f 516/292/167 1194/290/167 517/290/167
f 636/291/168 1314/294/168 637/294/168
f 476/301/169 1154/304/169 477/304/169
f 468/308/170 1146/305/170 469/305/170
f 484/317/171 1162/320/171 485/320/171
f 460/330/172 1138/327/172 461/327/172
f 677/333/173 1137/330/173 460/330/173
f 676/336/174 1354/333/174 677/333/174
f 492/334/175 1170/337/175 493/337/175
f 508/349/176 1186/342/176 509/342/176
f 500/360/177 1178/359/177 501/359/177
f 668/364/178 1346/362/178 669/362/178
f 644/368/179 1322/369/179 645/369/179
f 652/378/180 1330/380/180 653/380/180
f 660/385/181 1338/384/181 661/384/181
f 108/392/182 786/394/182 109/394/182
f 116/404/183 794/405/183 117/405/183
f 124/413/184 802/414/184 125/414/184
f 100/415/185 778/409/185 101/409/185
f 132/423/186 810/424/186 133/424/186
f 92/437/187 770/435/187 93/435/187
f 140/438/188 818/440/188 141/440/188
f 84/454/189 762/451/189 85/451/189
f 148/453/190 826/455/190 149/455/190
f 156/470/191 834/472/191 157/472/191
f 76/476/192 754/473/192 77/473/192
f 428/475/193 1106/478/193 429/478/193
f 252/485/194 930/483/194 253/483/194
f 164/496/195 842/499/195 165/499/195
f 244/503/196 922/501/196 245/501/196
f 204/508/197 882/505/197 205/505/197
f 212/517/198 890/519/198 213/519/198
f 196/524/199 874/522/199 197/522/199
f 220/536/200 898/541/200 221/541/200
f 172/545/201 850/549/201 173/549/201
f 188/556/202 866/552/202 189/552/202
f 236/558/203 914/554/203 237/554/203
f 228/572/204 906/576/204 229/576/204
f 180/575/205 858/579/205 181/579/205
f 68/584/206 746/583/206 69/583/206
f 436/590/207 1114/592/207 437/592/207
f 36/597/208 714/596/208 37/596/208
f 28/608/209 706/606/209 29/606/209
f 44/619/210 722/621/210 45/621/210
f 303/2/211 981/3/211 304/3/211
f 20/622/212 698/620/212 21/620/212
f 295/12/213 973/10/213 296/10/213
f 60/626/214 738/617/214 61/617/214
f 287/24/215 965/22/215 288/22/215
f 52/639/216 730/638/216 53/638/216
f 12/647/217 690/645/217 13/645/217
f 311/27/218 989/33/218 312/33/218
f 279/34/219 957/32/219 280/32/219
f 4/658/220 682/656/220 5/656/220
f 319/44/221 997/46/221 320/46/221
f 271/57/222 949/54/222 272/54/222
f 444/661/223 1122/665/223 445/665/223
f 452/673/224 1130/671/224 453/671/224
f 327/56/225 1005/58/225 328/58/225
f 375/67/226 1053/68/226 376/68/226
f 383/75/227 1061/77/227 384/77/227
f 391/87/228 1069/89/228 392/89/228
f 367/99/229 1045/94/229 368/94/229
f 399/101/230 1077/103/230 400/103/230
f 335/107/231 1013/110/231 336/110/231
f 359/115/232 1037/111/232 360/111/232
f 343/125/233 1021/126/233 344/126/233
f 351/137/234 1029/134/234 352/134/234
f 263/143/235 941/140/235 264/140/235
f 301/4/236 979/1/236 302/1/236
f 575/153/237 1253/152/237 576/152/237
f 293/15/238 971/13/238 294/13/238
f 407/158/239 1085/164/239 408/164/239
f 309/20/240 987/23/240 310/23/240
f 583/162/241 1261/165/241 584/165/241
f 285/26/242 963/25/242 286/25/242
f 567/166/243 1245/161/243 568/161/243
f 277/39/244 955/35/244 278/35/244
f 591/182/245 1269/184/245 592/184/245
f 599/196/246 1277/197/246 600/197/246
f 607/202/247 1285/204/247 608/204/247
f 415/208/248 1093/213/248 416/213/248
f 317/41/249 995/43/249 318/43/249
f 559/216/250 1237/212/250 560/212/250
f 325/53/251 1003/55/251 326/55/251
f 269/62/252 947/59/252 270/59/252
f 255/218/253 933/211/253 256/211/253
f 381/73/254 1059/74/254 382/74/254
f 373/76/255 1051/66/255 374/66/255
f 615/224/256 1293/228/256 616/228/256
f 423/234/257 1101/236/257 424/236/257
f 551/239/258 1229/238/258 552/238/258
f 389/84/259 1067/86/259 390/86/259
f 333/82/260 1011/95/260 334/95/260
f 623/249/261 1301/252/261 624/252/261
f 397/97/262 1075/100/262 398/100/262
f 543/253/263 1221/251/263 544/251/263
f 365/104/264 1043/102/264 366/102/264
f 357/119/265 1035/117/265 358/117/265
f 535/266/266 1213/265/266 536/265/266
f 341/122/267 1019/123/267 342/123/267
f 349/135/268 1027/136/268 350/136/268
f 631/270/269 1309/276/269 632/276/269
f 405/142/270 1083/144/270 406/144/270
f 527/277/271 1205/275/271 528/275/271
f 581/147/272 1259/148/272 582/148/272
f 573/155/273 1251/154/273 574/154/273
f 519/287/274 1197/285/274 520/285/274
f 261/163/275 939/145/275 262/145/275
f 471/299/276 1149/297/276 472/297/276
f 479/307/277 1157/309/277 480/309/277
f 565/174/278 1243/170/278 566/170/278
f 463/321/279 1141/318/279 464/318/279
f 487/323/280 1165/325/280 488/325/280
f 511/329/281 1189/319/281 512/319/281
f 589/178/282 1267/179/282 590/179/282
f 597/191/283 1275/193/283 598/193/283
f 413/187/284 1091/194/284 414/194/284
f 639/326/285 1317/338/285 640/338/285
f 605/200/286 1283/201/286 606/201/286
f 495/343/287 1173/345/287 496/345/287
f 671/351/288 1349/346/288 672/346/288
f 613/217/289 1291/221/289 614/221/289
f 503/355/290 1181/354/290 504/354/290
f 557/223/291 1235/220/291 558/220/291
f 647/371/292 1325/372/292 648/372/292
f 663/379/293 1341/377/293 664/377/293
f 421/229/294 1099/231/294 422/231/294
f 549/243/295 1227/241/295 550/241/295
f 655/383/296 1333/386/296 656/386/296
f 621/244/297 1299/247/297 622/247/297
f 111/397/298 789/398/298 112/398/298
f 541/257/299 1219/255/299 542/255/299
f 103/399/300 781/395/300 104/395/300
f 629/264/301 1307/267/301 630/267/301
f 533/269/302 1211/268/302 534/268/302
f 119/407/303 797/408/303 120/408/303
f 525/279/304 1203/278/304 526/278/304
f 127/417/305 805/418/305 128/418/305
f 135/428/306 813/430/306 136/430/306
f 517/290/307 1195/288/307 518/288/307
f 95/431/308 773/429/308 96/429/308
f 143/444/309 821/446/309 144/446/309
f 469/305/310 1147/302/310 470/302/310
f 87/447/311 765/445/311 88/445/311
f 477/304/312 1155/306/312 478/306/312
f 637/294/313 1315/310/313 638/310/313
f 151/459/314 829/462/314 152/462/314
f 79/467/315 757/464/315 80/464/315
f 485/320/316 1163/322/316 486/322/316
f 461/327/317 1139/324/317 462/324/317
f 159/486/318 837/488/318 160/488/318
f 247/495/319 925/493/319 248/493/319
f 493/337/320 1171/340/320 494/340/320
f 509/342/321 1187/335/321 510/335/321
f 71/497/322 749/484/322 72/484/322
f 501/359/323 1179/357/323 502/357/323
f 669/362/324 1347/361/324 670/361/324
f 431/482/325 1109/500/325 432/500/325
f 645/369/326 1323/370/326 646/370/326
f 207/507/327 885/509/327 208/509/327
f 653/380/328 1331/382/328 654/382/328
f 199/518/329 877/516/329 200/516/329
f 661/384/330 1339/381/330 662/381/330
f 109/394/331 787/396/331 110/396/331
f 117/405/332 795/406/332 118/406/332
f 215/523/333 893/525/333 216/525/333
f 101/409/334 779/403/334 102/403/334
f 167/504/335 845/527/335 168/527/335
f 191/542/336 869/537/336 192/537/336
f 125/414/337 803/416/337 126/416/337
f 133/424/338 811/425/338 134/425/338
f 239/548/339 917/543/339 240/543/339
f 93/435/340 771/433/340 94/433/340
f 223/551/341 901/555/341 224/555/341
f 175/557/342 853/561/342 176/561/342
f 141/440/343 819/442/343 142/442/343
f 183/577/344 861/573/344 184/573/344
f 85/451/345 763/449/345 86/449/345
f 231/578/346 909/574/346 232/574/346
f 149/455/347 827/457/347 150/457/347
f 77/473/348 755/469/348 78/469/348
f 63/593/349 741/591/349 64/591/349
f 157/472/257 835/474/257 158/474/257
f 31/603/350 709/602/350 32/602/350
f 429/478/351 1107/480/351 430/480/351
f 253/483/352 931/225/352 254/225/352
f 39/601/353 717/605/353 40/605/353
f 23/615/354 701/613/354 24/613/354
f 245/501/355 923/498/355 246/498/355
f 165/499/356 843/502/356 166/502/356
f 205/505/357 883/506/357 206/506/357
f 47/625/358 725/628/358 48/628/358
f 55/636/359 733/634/359 56/634/359
f 213/519/360 891/521/360 214/521/360
f 15/643/361 693/642/361 16/642/361
f 197/522/362 875/520/362 198/520/362
f 439/635/363 1117/646/363 440/646/363
f 7/654/364 685/652/364 8/652/364
f 221/541/365 899/546/365 222/546/365
f 189/552/366 867/547/366 190/547/366
f 455/669/367 1133/667/367 456/667/367
f 173/549/368 851/553/368 174/553/368
f 237/554/369 915/550/369 238/550/369
f 447/672/370 1125/676/370 448/676/370
f 229/576/371 907/581/371 230/581/371
f 181/579/372 859/582/372 182/582/372
f 69/583/373 747/544/373 70/544/373
f 37/596/374 715/595/374 38/595/374
f 29/606/375 707/604/375 30/604/375
f 437/592/376 1115/607/376 438/607/376
f 61/617/377 739/594/377 62/594/377
f 21/620/378 699/618/378 22/618/378
f 45/621/379 723/623/379 46/623/379
f 53/638/380 731/637/380 54/637/380
f 13/645/381 691/644/381 14/644/381
f 5/656/382 683/655/382 6/655/382
f 445/665/383 1123/668/383 446/668/383
f 453/671/384 1131/670/384 454/670/384
f 297/9/385 975/8/385 298/8/385
f 305/7/386 983/11/386 306/11/386
f 289/21/387 967/19/387 290/19/387
f 281/31/388 959/30/388 282/30/388
f 313/36/389 991/37/389 314/37/389
f 321/47/390 999/49/390 322/49/390
f 273/51/391 951/48/391 274/48/391
f 329/60/392 1007/61/392 330/61/392
f 377/69/393 1055/70/393 378/70/393
f 385/78/394 1063/79/394 386/79/394
f 369/91/395 1047/88/395 370/88/395
f 393/90/396 1071/92/396 394/92/396
f 361/109/397 1039/108/397 362/108/397
f 337/113/398 1015/116/398 338/116/398
f 401/112/399 1079/127/399 402/127/399
f 345/129/400 1023/130/400 346/130/400
f 353/131/401 1031/128/401 354/128/401
f 265/138/402 943/114/402 266/114/402
f 577/151/403 1255/150/403 578/150/403
f 569/160/404 1247/159/404 570/159/404
f 585/167/405 1263/171/405 586/171/405
f 409/168/406 1087/172/406 410/172/406
f 593/185/407 1271/188/407 594/188/407
f 257/195/408 935/183/408 258/183/408
f 601/198/409 1279/199/409 602/199/409
f 561/207/410 1239/192/410 562/192/410
f 609/206/411 1287/209/411 610/209/411
f 417/215/412 1095/219/412 418/219/412
f 553/235/413 1231/233/413 554/233/413
f 617/232/414 1295/237/414 618/237/414
f 545/250/415 1223/248/415 546/248/415
f 625/254/416 1303/256/416 626/256/416
f 537/263/417 1215/262/417 538/262/417
f 529/274/418 1207/273/418 530/273/418
f 521/284/419 1199/283/419 522/283/419
f 633/282/420 1311/286/420 634/286/420
f 473/296/421 1151/298/421 474/298/421
f 513/303/422 1191/295/422 514/295/422
f 481/312/423 1159/314/423 482/314/423
f 465/316/424 1143/313/424 466/313/424
f 489/328/425 1167/331/425 490/331/425
f 673/344/426 1351/341/426 674/341/426
f 505/353/427 1183/352/427 506/352/427
f 497/348/428 1175/356/428 498/356/428
f 641/347/429 1319/363/429 642/363/429
f 649/373/430 1327/374/430 650/374/430
f 665/375/431 1343/366/431 666/366/431
f 657/388/432 1335/389/432 658/389/432
f 105/393/433 783/390/433 106/390/433
f 113/400/434 791/401/434 114/401/434
f 121/410/435 799/411/435 122/411/435
f 129/419/436 807/420/436 130/420/436
f 97/427/437 775/426/437 98/426/437
f 137/432/438 815/434/438 138/434/438
f 89/443/439 767/441/439 90/441/439
f 145/448/440 823/450/440 146/450/440
f 81/461/441 759/458/441 82/458/441
f 425/460/442 1103/465/442 426/465/442
f 153/463/443 831/466/443 154/466/443
f 73/481/444 751/479/444 74/479/444
f 249/491/445 927/489/445 250/489/445
f 161/490/446 839/492/446 162/492/446
f 209/511/447 887/513/447 210/513/447
f 201/514/448 879/512/448 202/512/448
f 217/529/449 895/531/449 218/531/449
f 193/532/450 871/530/450 194/530/450
f 169/534/451 847/538/451 170/538/451
f 241/539/452 919/535/452 242/535/452
f 225/559/453 903/564/453 226/564/453
f 177/563/454 855/567/454 178/567/454
f 185/569/455 863/565/455 186/565/455
f 233/570/456 911/566/456 234/566/456
f 433/580/457 1111/585/457 434/585/457
f 65/589/458 743/588/458 66/588/458
f 33/600/459 711/599/459 34/599/459
f 25/612/460 703/611/460 26/611/460
f 41/610/461 719/614/461 42/614/461
f 57/631/462 735/630/462 58/630/462
f 17/633/463 695/627/463 18/627/463
f 49/632/464 727/640/464 50/640/464
f 9/651/465 687/650/465 10/650/465
f 441/649/466 1119/653/466 442/653/466
f 1/662/467 679/660/467 2/660/467
f 459/663/468 678/662/468 1/662/468
f 457/666/469 1135/664/469 458/664/469
f 449/677/470 1127/675/470 450/675/470
f 299/6/471 977/5/471 300/5/471
f 307/14/472 985/17/472 308/17/472
f 291/18/473 969/16/473 292/16/473
f 283/29/474 961/28/474 284/28/474
f 315/38/475 993/40/475 316/40/475
f 275/45/476 953/42/476 276/42/476
f 323/50/477 1001/52/477 324/52/477
f 331/63/478 1009/65/478 332/65/478
f 379/71/479 1057/72/479 380/72/479
f 387/81/480 1065/83/480 388/83/480
f 371/85/481 1049/80/481 372/80/481
f 395/93/482 1073/96/482 396/96/482
f 267/98/483 945/64/483 268/64/483
f 363/106/484 1041/105/484 364/105/484
f 339/118/485 1017/120/485 340/120/485
f 355/124/486 1033/121/486 356/121/486
f 347/132/487 1025/133/487 348/133/487
f 403/139/488 1081/141/488 404/141/488
f 579/149/489 1257/146/489 580/146/489
f 571/157/490 1249/156/490 572/156/490
f 587/173/491 1265/175/491 588/175/491
f 259/176/492 937/169/492 260/169/492
f 411/177/493 1089/181/493 412/181/493
f 563/186/494 1241/180/494 564/180/494
f 595/189/495 1273/190/495 596/190/495
f 603/203/496 1281/205/496 604/205/496
f 611/210/497 1289/214/497 612/214/497
f 419/222/498 1097/226/498 420/226/498
f 555/230/499 1233/227/499 556/227/499
f 619/240/500 1297/242/500 620/242/500
f 547/246/501 1225/245/501 548/245/501
f 539/260/502 1217/258/502 540/258/502
f 627/259/503 1305/261/503 628/261/503
f 531/272/504 1209/271/504 532/271/504
f 523/281/505 1201/280/505 524/280/505
f 635/289/506 1313/291/506 636/291/506
f 515/293/507 1193/292/507 516/292/507
f 475/300/508 1153/301/508 476/301/508
f 467/311/509 1145/308/509 468/308/509
f 483/315/510 1161/317/510 484/317/510
f 491/332/511 1169/334/511 492/334/511
f 675/339/512 1353/336/512 676/336/512
f 507/350/513 1185/349/513 508/349/513
f 499/358/514 1177/360/514 500/360/514
f 667/365/515 1345/364/515 668/364/515
f 643/367/516 1321/368/516 644/368/516
f 651/376/517 1329/378/517 652/378/517
f 659/387/518 1337/385/518 660/385/518
f 107/391/519 785/392/519 108/392/519
f 115/402/520 793/404/520 116/404/520
f 123/412/521 801/413/521 124/413/521
f 99/421/522 777/415/522 100/415/522
f 131/422/523 809/423/523 132/423/523
f 139/436/524 817/438/524 140/438/524
f 91/439/525 769/437/525 92/437/525
f 147/452/526 825/453/526 148/453/526
f 83/456/527 761/454/527 84/454/527
f 155/468/528 833/470/528 156/470/528
f 427/471/529 1105/475/529 428/475/529
f 75/477/530 753/476/530 76/476/530
f 251/487/531 929/485/531 252/485/531
f 163/494/532 841/496/532 164/496/532
f 203/510/533 881/508/533 204/508/533
f 211/515/534 889/517/534 212/517/534
f 243/526/535 921/503/535 244/503/535
f 195/528/536 873/524/536 196/524/536
f 219/533/537 897/536/537 220/536/537
f 171/540/538 849/545/538 172/545/538
f 187/560/539 865/556/539 188/556/539
f 235/562/540 913/558/540 236/558/540
f 227/568/541 905/572/541 228/572/541
f 179/571/542 857/575/542 180/575/542
f 67/586/543 745/584/543 68/584/543
f 435/587/544 1113/590/544 436/590/544
f 35/598/545 713/597/545 36/597/545
f 27/609/546 705/608/546 28/608/546
f 43/616/547 721/619/547 44/619/547
f 19/624/548 697/622/548 20/622/548
f 59/629/549 737/626/549 60/626/549
f 51/641/550 729/639/550 52/639/550
f 11/648/551 689/647/551 12/647/551
f 3/659/552 681/658/552 4/658/552
f 443/657/553 1121/661/553 444/661/553
f 451/674/554 1129/673/554 452/673/554
f 304/3/555 982/7/555 305/7/555
f 296/10/556 974/9/556 297/9/556
f 288/22/557 966/21/557 289/21/557
f 280/32/558 958/31/558 281/31/558
f 312/33/559 990/36/559 313/36/559
f 320/46/560 998/47/560 321/47/560
f 272/54/561 950/51/561 273/51/561
f 302/1/562 980/2/562 303/2/562
f 294/13/563 972/12/563 295/12/563
f 328/58/564 1006/60/564 329/60/564
f 376/68/565 1054/69/565 377/69/565
f 286/25/566 964/24/566 287/24/566
f 384/77/567 1062/78/567 385/78/567
f 392/89/568 1070/90/568 393/90/568
f 310/23/569 988/27/569 311/27/569
f 368/94/570 1046/91/570 369/91/570
f 278/35/571 956/34/571 279/34/571
f 360/111/572 1038/109/572 361/109/572
f 318/43/573 996/44/573 319/44/573
f 326/55/574 1004/56/574 327/56/574
f 400/103/575 1078/112/575 401/112/575
f 270/59/576 948/57/576 271/57/576
f 336/110/577 1014/113/577 337/113/577
f 344/126/578 1022/129/578 345/129/578
f 352/134/579 1030/131/579 353/131/579
f 374/66/580 1052/67/580 375/67/580
f 264/140/581 942/138/581 265/138/581
f 576/152/582 1254/151/582 577/151/582
f 568/161/176 1246/160/176 569/160/176
f 382/74/583 1060/75/583 383/75/583
f 390/86/584 1068/87/584 391/87/584
f 584/165/585 1262/167/585 585/167/585
f 398/100/586 1076/101/586 399/101/586
f 408/164/587 1086/168/587 409/168/587
f 366/102/588 1044/99/588 367/99/588
f 592/184/589 1270/185/589 593/185/589
f 600/197/590 1278/198/590 601/198/590
f 608/204/591 1286/206/591 609/206/591
f 334/95/592 1012/107/592 335/107/592
f 256/211/593 934/195/593 257/195/593
f 358/117/594 1036/115/594 359/115/594
f 560/212/595 1238/207/595 561/207/595
f 342/123/596 1020/125/596 343/125/596
f 350/136/597 1028/137/597 351/137/597
f 262/145/598 940/143/598 263/143/598
f 574/154/599 1252/153/599 575/153/599
f 416/213/600 1094/215/600 417/215/600
f 616/228/601 1294/232/601 617/232/601
f 552/238/602 1230/235/602 553/235/602
f 406/144/603 1084/158/603 407/158/603
f 582/148/604 1260/162/604 583/162/604
f 544/251/605 1222/250/605 545/250/605
f 566/170/606 1244/166/606 567/166/606
f 624/252/607 1302/254/607 625/254/607
f 536/265/608 1214/263/608 537/263/608
f 590/179/609 1268/182/609 591/182/609
f 598/193/267 1276/196/267 599/196/267
f 528/275/610 1206/274/610 529/274/610
f 606/201/611 1284/202/611 607/202/611
f 414/194/612 1092/208/612 415/208/612
f 558/220/613 1236/216/613 559/216/613
f 632/276/614 1310/282/614 633/282/614
f 520/285/615 1198/284/615 521/284/615
f 614/221/616 1292/224/616 615/224/616
f 254/225/617 932/218/617 255/218/617
f 472/297/618 1150/296/618 473/296/618
f 422/231/619 1100/234/619 423/234/619
f 550/241/620 1228/239/620 551/239/620
f 622/247/621 1300/249/621 623/249/621
f 542/255/622 1220/253/622 543/253/622
f 534/268/623 1212/266/623 535/266/623
f 630/267/624 1308/270/624 631/270/624
f 526/278/625 1204/277/625 527/277/625
f 518/288/626 1196/287/626 519/287/626
f 470/302/627 1148/299/627 471/299/627
f 478/306/628 1156/307/628 479/307/628
f 486/322/629 1164/323/629 487/323/629
f 462/324/630 1140/321/630 463/321/630
f 638/310/631 1316/326/631 639/326/631
f 510/335/632 1188/329/632 511/329/632
f 494/340/633 1172/343/633 495/343/633
f 502/357/634 1180/355/634 503/355/634
f 670/361/635 1348/351/635 671/351/635
f 646/370/636 1324/371/636 647/371/636
f 662/381/637 1340/379/637 663/379/637
f 654/382/638 1332/383/638 655/383/638
f 110/396/639 788/397/639 111/397/639
f 102/403/640 780/399/640 103/399/640
f 118/406/641 796/407/641 119/407/641
f 126/416/642 804/417/642 127/417/642
f 134/425/643 812/428/643 135/428/643
f 94/433/644 772/431/644 95/431/644
f 142/442/645 820/444/645 143/444/645
f 86/449/646 764/447/646 87/447/646
f 150/457/647 828/459/647 151/459/647
f 78/469/648 756/467/648 79/467/648
f 430/480/649 1108/482/649 431/482/649
f 158/474/650 836/486/650 159/486/650
f 246/498/651 924/495/651 247/495/651
f 166/502/652 844/504/652 167/504/652
f 206/506/653 884/507/653 207/507/653
f 198/520/654 876/518/654 199/518/654
f 214/521/655 892/523/655 215/523/655
f 70/544/656 748/497/656 71/497/656
f 190/547/657 868/542/657 191/542/657
f 238/550/658 916/548/658 239/548/658
f 222/546/659 900/551/659 223/551/659
f 174/553/660 852/557/660 175/557/660
f 182/582/661 860/577/661 183/577/661
f 230/581/662 908/578/662 231/578/662
f 62/594/663 740/593/663 63/593/663
f 38/595/664 716/601/664 39/601/664
f 30/604/665 708/603/665 31/603/665
f 22/618/666 700/615/666 23/615/666
f 46/623/667 724/625/667 47/625/667
f 438/607/668 1116/635/668 439/635/668
f 54/637/669 732/636/669 55/636/669
f 14/644/670 692/643/670 15/643/670
f 6/655/671 684/654/671 7/654/671
f 480/309/672 1158/312/672 481/312/672
f 454/670/673 1132/669/673 455/669/673
f 464/318/674 1142/316/674 465/316/674
f 512/319/675 1190/303/675 513/303/675
f 446/668/676 1124/672/676 447/672/676
f 488/325/3 1165/325/3 1166/328/3
f 672/346/4 1349/346/4 1350/344/4
f 640/338/5 1317/338/5 1318/347/5
f 496/345/6 1173/345/6 1174/348/6
f 504/354/677 1181/354/677 1182/353/677
f 648/372/8 1325/372/8 1326/373/8
f 664/377/9 1341/377/9 1342/375/9
f 656/386/10 1333/386/10 1334/388/10
f 104/395/11 781/395/11 782/393/11
f 112/398/12 789/398/12 790/400/12
f 120/408/13 797/408/13 798/410/13
f 128/418/14 805/418/14 806/419/14
f 96/429/15 773/429/15 774/427/15
f 136/430/16 813/430/16 814/432/16
f 88/445/17 765/445/17 766/443/17
f 144/446/18 821/446/18 822/448/18
f 424/236/19 1101/236/19 1102/460/19
f 152/462/20 829/462/20 830/463/20
f 80/464/21 757/464/21 758/461/21
f 72/484/22 749/484/22 750/481/22
f 160/488/678 837/488/678 838/490/678
f 248/493/24 925/493/24 926/491/24
f 208/509/25 885/509/25 886/511/25
f 200/516/26 877/516/26 878/514/26
f 216/525/27 893/525/27 894/529/27
f 168/527/28 845/527/28 846/534/28
f 192/537/29 869/537/29 870/532/29
f 240/543/30 917/543/30 918/539/30
f 224/555/31 901/555/31 902/559/31
f 176/561/32 853/561/32 854/563/32
f 184/573/33 861/573/33 862/569/33
f 232/574/34 909/574/34 910/570/34
f 432/500/35 1109/500/35 1110/580/35
f 64/591/36 741/591/36 742/589/36
f 32/602/37 709/602/37 710/600/37
f 40/605/38 717/605/38 718/610/38
f 24/613/39 701/613/39 702/612/39
f 48/628/40 725/628/40 726/632/40
f 56/634/679 733/634/679 734/631/679
f 16/642/42 693/642/42 694/633/42
f 440/646/43 1117/646/43 1118/649/43
f 8/652/44 685/652/44 686/651/44
f 456/667/45 1133/667/45 1134/666/45
f 448/676/46 1125/676/46 1126/677/46
f 298/8/47 975/8/47 976/6/47
f 306/11/48 983/11/48 984/14/48
f 290/19/49 967/19/49 968/18/49
f 282/30/50 959/30/50 960/29/50
f 314/37/51 991/37/51 992/38/51
f 274/48/52 951/48/52 952/45/52
f 322/49/53 999/49/53 1000/50/53
f 330/61/54 1007/61/54 1008/63/54
f 378/70/55 1055/70/55 1056/71/55
f 386/79/680 1063/79/680 1064/81/680
f 370/88/57 1047/88/57 1048/85/57
f 394/92/58 1071/92/58 1072/93/58
f 362/108/59 1039/108/59 1040/106/59
f 266/114/60 943/114/60 944/98/60
f 338/116/61 1015/116/61 1016/118/61
f 354/128/62 1031/128/62 1032/124/62
f 346/130/63 1023/130/63 1024/132/63
f 402/127/64 1079/127/64 1080/139/64
f 578/150/65 1255/150/65 1256/149/65
f 570/159/681 1247/159/681 1248/157/681
f 586/171/682 1263/171/682 1264/173/682
f 410/172/68 1087/172/68 1088/177/68
f 258/183/69 935/183/69 936/176/69
f 594/188/70 1271/188/70 1272/189/70
f 562/192/71 1239/192/71 1240/186/71
f 602/199/72 1279/199/72 1280/203/72
f 610/209/73 1287/209/73 1288/210/73
f 418/219/74 1095/219/74 1096/222/74
f 554/233/683 1231/233/683 1232/230/683
f 618/237/76 1295/237/76 1296/240/76
f 546/248/77 1223/248/77 1224/246/77
f 626/256/78 1303/256/78 1304/259/78
f 538/262/79 1215/262/79 1216/260/79
f 530/273/80 1207/273/80 1208/272/80
f 522/283/81 1199/283/81 1200/281/81
f 634/286/82 1311/286/82 1312/289/82
f 514/295/83 1191/295/83 1192/293/83
f 474/298/84 1151/298/84 1152/300/84
f 466/313/85 1143/313/85 1144/311/85
f 482/314/86 1159/314/86 1160/315/86
f 490/331/87 1167/331/87 1168/332/87
f 674/341/88 1351/341/88 1352/339/88
f 506/352/684 1183/352/684 1184/350/684
f 498/356/90 1175/356/90 1176/358/90
f 666/366/91 1343/366/91 1344/365/91
f 642/363/92 1319/363/92 1320/367/92
f 650/374/93 1327/374/93 1328/376/93
f 658/389/94 1335/389/94 1336/387/94
f 106/390/95 783/390/95 784/391/95
f 114/401/96 791/401/96 792/402/96
f 122/411/97 799/411/97 800/412/97
f 130/420/685 807/420/685 808/422/685
f 98/426/99 775/426/99 776/421/99
f 138/434/100 815/434/100 816/436/100
f 90/441/101 767/441/101 768/439/101
f 146/450/102 823/450/102 824/452/102
f 82/458/103 759/458/103 760/456/103
f 154/466/104 831/466/104 832/468/104
f 426/465/105 1103/465/105 1104/471/105
f 74/479/106 751/479/106 752/477/106
f 250/489/107 927/489/107 928/487/107
f 162/492/108 839/492/108 840/494/108
f 202/512/109 879/512/109 880/510/109
f 210/513/110 887/513/110 888/515/110
f 194/530/111 871/530/111 872/528/111
f 218/531/112 895/531/112 896/533/112
f 242/535/113 919/535/113 920/526/113
f 170/538/114 847/538/114 848/540/114
f 186/565/115 863/565/115 864/560/115
f 234/566/116 911/566/116 912/562/116
f 226/564/117 903/564/117 904/568/117
f 178/567/118 855/567/118 856/571/118
f 434/585/119 1111/585/119 1112/587/119
f 66/588/120 743/588/120 744/586/120
f 34/599/121 711/599/121 712/598/121
f 26/611/122 703/611/122 704/609/122
f 42/614/123 719/614/123 720/616/123
f 18/627/124 695/627/124 696/624/124
f 58/630/125 735/630/125 736/629/125
f 50/640/126 727/640/126 728/641/126
f 10/650/127 687/650/127 688/648/127
f 442/653/128 1119/653/128 1120/657/128
f 2/660/129 679/660/129 680/659/129
f 458/664/130 1135/664/130 1136/663/130
f 450/675/131 1127/675/131 1128/674/131
f 300/5/132 977/5/132 978/4/132
f 292/16/133 969/16/133 970/15/133
f 308/17/134 985/17/134 986/20/134
f 284/28/135 961/28/135 962/26/135
f 316/40/136 993/40/136 994/41/136
f 276/42/137 953/42/137 954/39/137
f 324/52/138 1001/52/138 1002/53/138
f 268/64/139 945/64/139 946/62/139
f 380/72/686 1057/72/686 1058/73/686
f 372/80/141 1049/80/141 1050/76/141
f 332/65/142 1009/65/142 1010/82/142
f 388/83/687 1065/83/687 1066/84/687
f 396/96/144 1073/96/144 1074/97/144
f 364/105/145 1041/105/145 1042/104/145
f 356/121/146 1033/121/146 1034/119/146
f 340/120/147 1017/120/147 1018/122/147
f 348/133/148 1025/133/148 1026/135/148
f 404/141/149 1081/141/149 1082/142/149
f 580/146/150 1257/146/150 1258/147/150
f 572/156/151 1249/156/151 1250/155/151
f 260/169/152 937/169/152 938/163/152
f 588/175/153 1265/175/153 1266/178/153
f 564/180/154 1241/180/154 1242/174/154
f 412/181/155 1089/181/155 1090/187/155
f 596/190/156 1273/190/156 1274/191/156
f 604/205/157 1281/205/157 1282/200/157
f 612/214/158 1289/214/158 1290/217/158
f 556/227/159 1233/227/159 1234/223/159
f 420/226/160 1097/226/160 1098/229/160
f 620/242/161 1297/242/161 1298/244/161
f 548/245/162 1225/245/162 1226/243/162
f 540/258/163 1217/258/163 1218/257/163
f 628/261/164 1305/261/164 1306/264/164
f 532/271/165 1209/271/165 1210/269/165
f 524/280/166 1201/280/166 1202/279/166
f 516/292/688 1193/292/688 1194/290/688
f 636/291/168 1313/291/168 1314/294/168
f 476/301/169 1153/301/169 1154/304/169
f 468/308/170 1145/308/170 1146/305/170
f 484/317/171 1161/317/171 1162/320/171
f 460/330/172 1137/330/172 1138/327/172
f 677/333/173 1354/333/173 1137/330/173
f 676/336/174 1353/336/174 1354/333/174
f 492/334/175 1169/334/175 1170/337/175
f 508/349/689 1185/349/689 1186/342/689
f 500/360/690 1177/360/690 1178/359/690
f 668/364/178 1345/364/178 1346/362/178
f 644/368/179 1321/368/179 1322/369/179
f 652/378/180 1329/378/180 1330/380/180
f 660/385/181 1337/385/181 1338/384/181
f 108/392/182 785/392/182 786/394/182
f 116/404/183 793/404/183 794/405/183
f 124/413/184 801/413/184 802/414/184
f 100/415/185 777/415/185 778/409/185
f 132/423/186 809/423/186 810/424/186
f 92/437/187 769/437/187 770/435/187
f 140/438/188 817/438/188 818/440/188
f 84/454/189 761/454/189 762/451/189
f 148/453/190 825/453/190 826/455/190
f 156/470/191 833/470/191 834/472/191
f 76/476/192 753/476/192 754/473/192
f 428/475/193 1105/475/193 1106/478/193
f 252/485/194 929/485/194 930/483/194
f 164/496/195 841/496/195 842/499/195
f 244/503/196 921/503/196 922/501/196
f 204/508/197 881/508/197 882/505/197
f 212/517/198 889/517/198 890/519/198
f 196/524/199 873/524/199 874/522/199
f 220/536/200 897/536/200 898/541/200
f 172/545/201 849/545/201 850/549/201
f 188/556/202 865/556/202 866/552/202
f 236/558/203 913/558/203 914/554/203
f 228/572/204 905/572/204 906/576/204
f 180/575/205 857/575/205 858/579/205
f 68/584/206 745/584/206 746/583/206
f 436/590/207 1113/590/207 1114/592/207
f 36/597/208 713/597/208 714/596/208
f 28/608/209 705/608/209 706/606/209
f 44/619/210 721/619/210 722/621/210
f 303/2/211 980/2/211 981/3/211
f 20/622/212 697/622/212 698/620/212
f 295/12/213 972/12/213 973/10/213
f 60/626/214 737/626/214 738/617/214
f 287/24/215 964/24/215 965/22/215
f 52/639/691 729/639/691 730/638/691
f 12/647/217 689/647/217 690/645/217
f 311/27/218 988/27/218 989/33/218
f 279/34/219 956/34/219 957/32/219
f 4/658/220 681/658/220 682/656/220
f 319/44/221 996/44/221 997/46/221
f 271/57/222 948/57/222 949/54/222
f 444/661/223 1121/661/223 1122/665/223
f 452/673/224 1129/673/224 1130/671/224
f 327/56/225 1004/56/225 1005/58/225
f 375/67/226 1052/67/226 1053/68/226
f 383/75/692 1060/75/692 1061/77/692
f 391/87/228 1068/87/228 1069/89/228
f 367/99/229 1044/99/229 1045/94/229
f 399/101/230 1076/101/230 1077/103/230
f 335/107/231 1012/107/231 1013/110/231
f 359/115/232 1036/115/232 1037/111/232
f 343/125/233 1020/125/233 1021/126/233
f 351/137/234 1028/137/234 1029/134/234
f 263/143/235 940/143/235 941/140/235
f 301/4/236 978/4/236 979/1/236
f 575/153/237 1252/153/237 1253/152/237
f 293/15/238 970/15/238 971/13/238
f 407/158/239 1084/158/239 1085/164/239
f 309/20/240 986/20/240 987/23/240
f 583/162/241 1260/162/241 1261/165/241
f 285/26/693 962/26/693 963/25/693
f 567/166/243 1244/166/243 1245/161/243
f 277/39/244 954/39/244 955/35/244
f 591/182/245 1268/182/245 1269/184/245
f 599/196/246 1276/196/246 1277/197/246
f 607/202/247 1284/202/247 1285/204/247
f 415/208/248 1092/208/248 1093/213/248
f 317/41/249 994/41/249 995/43/249
f 559/216/694 1236/216/694 1237/212/694
f 325/53/251 1002/53/251 1003/55/251
f 269/62/252 946/62/252 947/59/252
f 255/218/253 932/218/253 933/211/253
f 381/73/254 1058/73/254 1059/74/254
f 373/76/255 1050/76/255 1051/66/255
f 615/224/256 1292/224/256 1293/228/256
f 423/234/257 1100/234/257 1101/236/257
f 551/239/258 1228/239/258 1229/238/258
f 389/84/259 1066/84/259 1067/86/259
f 333/82/260 1010/82/260 1011/95/260
f 623/249/261 1300/249/261 1301/252/261
f 397/97/695 1074/97/695 1075/100/695
f 543/253/263 1220/253/263 1221/251/263
f 365/104/264 1042/104/264 1043/102/264
f 357/119/265 1034/119/265 1035/117/265
f 535/266/266 1212/266/266 1213/265/266
f 341/122/267 1018/122/267 1019/123/267
f 349/135/268 1026/135/268 1027/136/268
f 631/270/269 1308/270/269 1309/276/269
f 405/142/270 1082/142/270 1083/144/270
f 527/277/271 1204/277/271 1205/275/271
f 581/147/272 1258/147/272 1259/148/272
f 573/155/696 1250/155/696 1251/154/696
f 519/287/697 1196/287/697 1197/285/697
f 261/163/275 938/163/275 939/145/275
f 471/299/276 1148/299/276 1149/297/276
f 479/307/277 1156/307/277 1157/309/277
f 565/174/278 1242/174/278 1243/170/278
f 463/321/279 1140/321/279 1141/318/279
f 487/323/280 1164/323/280 1165/325/280
f 511/329/281 1188/329/281 1189/319/281
f 589/178/282 1266/178/282 1267/179/282
f 597/191/283 1274/191/283 1275/193/283
f 413/187/284 1090/187/284 1091/194/284
f 639/326/285 1316/326/285 1317/338/285
f 605/200/286 1282/200/286 1283/201/286
f 495/343/698 1172/343/698 1173/345/698
f 671/351/288 1348/351/288 1349/346/288
f 613/217/289 1290/217/289 1291/221/289
f 503/355/699 1180/355/699 1181/354/699
f 557/223/291 1234/223/291 1235/220/291
f 647/371/292 1324/371/292 1325/372/292
f 663/379/293 1340/379/293 1341/377/293
f 421/229/294 1098/229/294 1099/231/294
f 549/243/295 1226/243/295 1227/241/295
f 655/383/296 1332/383/296 1333/386/296
f 621/244/297 1298/244/297 1299/247/297
f 111/397/298 788/397/298 789/398/298
f 541/257/299 1218/257/299 1219/255/299
f 103/399/300 780/399/300 781/395/300
f 629/264/301 1306/264/301 1307/267/301
f 533/269/302 1210/269/302 1211/268/302
f 119/407/303 796/407/303 797/408/303
f 525/279/700 1202/279/700 1203/278/700
f 127/417/701 804/417/701 805/418/701
f 135/428/306 812/428/306 813/430/306
f 517/290/307 1194/290/307 1195/288/307
f 95/431/308 772/431/308 773/429/308
f 143/444/309 820/444/309 821/446/309
f 469/305/310 1146/305/310 1147/302/310
f 87/447/311 764/447/311 765/445/311
f 477/304/312 1154/304/312 1155/306/312
f 637/294/313 1314/294/313 1315/310/313
f 151/459/314 828/459/314 829/462/314
f 79/467/315 756/467/315 757/464/315
f 485/320/316 1162/320/316 1163/322/316
f 461/327/317 1138/327/317 1139/324/317
f 159/486/318 836/486/318 837/488/318
f 247/495/319 924/495/319 925/493/319
f 493/337/702 1170/337/702 1171/340/702
f 509/342/321 1186/342/321 1187/335/321
f 71/497/322 748/497/322 749/484/322
f 501/359/703 1178/359/703 1179/357/703
f 669/362/324 1346/362/324 1347/361/324
f 431/482/325 1108/482/325 1109/500/325
f 645/369/326 1322/369/326 1323/370/326
f 207/507/327 884/507/327 885/509/327
f 653/380/328 1330/380/328 1331/382/328
f 199/518/329 876/518/329 877/516/329
f 661/384/330 1338/384/330 1339/381/330
f 109/394/331 786/394/331 787/396/331
f 117/405/704 794/405/704 795/406/704
f 215/523/333 892/523/333 893/525/333
f 101/409/334 778/409/334 779/403/334
f 167/504/335 844/504/335 845/527/335
f 191/542/336 868/542/336 869/537/336
f 125/414/337 802/414/337 803/416/337
f 133/424/338 810/424/338 811/425/338
f 239/548/339 916/548/339 917/543/339
f 93/435/340 770/435/340 771/433/340
f 223/551/341 900/551/341 901/555/341
f 175/557/342 852/557/342 853/561/342
f 141/440/343 818/440/343 819/442/343
f 183/577/344 860/577/344 861/573/344
f 85/451/345 762/451/345 763/449/345
f 231/578/346 908/578/346 909/574/346
f 149/455/347 826/455/347 827/457/347
f 77/473/348 754/473/348 755/469/348
f 63/593/349 740/593/349 741/591/349
f 157/472/257 834/472/257 835/474/257
f 31/603/350 708/603/350 709/602/350
f 429/478/351 1106/478/351 1107/480/351
f 253/483/352 930/483/352 931/225/352
f 39/601/353 716/601/353 717/605/353
f 23/615/354 700/615/354 701/613/354
f 245/501/355 922/501/355 923/498/355
f 165/499/356 842/499/356 843/502/356
f 205/505/357 882/505/357 883/506/357
f 47/625/358 724/625/358 725/628/358
f 55/636/705 732/636/705 733/634/705
f 213/519/360 890/519/360 891/521/360
f 15/643/361 692/643/361 693/642/361
f 197/522/362 874/522/362 875/520/362
f 439/635/363 1116/635/363 1117/646/363
f 7/654/364 684/654/364 685/652/364
f 221/541/365 898/541/365 899/546/365
f 189/552/366 866/552/366 867/547/366
f 455/669/367 1132/669/367 1133/667/367
f 173/549/368 850/549/368 851/553/368
f 237/554/369 914/554/369 915/550/369
f 447/672/370 1124/672/370 1125/676/370
f 229/576/371 906/576/371 907/581/371
f 181/579/372 858/579/372 859/582/372
f 69/583/373 746/583/373 747/544/373
f 37/596/374 714/596/374 715/595/374
f 29/606/375 706/606/375 707/604/375
f 437/592/376 1114/592/376 1115/607/376
f 61/617/377 738/617/377 739/594/377
f 21/620/378 698/620/378 699/618/378
f 45/621/379 722/621/379 723/623/379
f 53/638/380 730/638/380 731/637/380
f 13/645/381 690/645/381 691/644/381
f 5/656/382 682/656/382 683/655/382
f 445/665/383 1122/665/383 1123/668/383
f 453/671/384 1130/671/384 1131/670/384
f 297/9/385 974/9/385 975/8/385
f 305/7/386 982/7/386 983/11/386
f 289/21/387 966/21/387 967/19/387
f 281/31/388 958/31/388 959/30/388
f 313/36/389 990/36/389 991/37/389
f 321/47/390 998/47/390 999/49/390
f 273/51/391 950/51/391 951/48/391
f 329/60/392 1006/60/392 1007/61/392
f 377/69/393 1054/69/393 1055/70/393
f 385/78/706 1062/78/706 1063/79/706
f 369/91/395 1046/91/395 1047/88/395
f 393/90/707 1070/90/707 1071/92/707
f 361/109/397 1038/109/397 1039/108/397
f 337/113/398 1014/113/398 1015/116/398
f 401/112/399 1078/112/399 1079/127/399
f 345/129/400 1022/129/400 1023/130/400
f 353/131/401 1030/131/401 1031/128/401
f 265/138/402 942/138/402 943/114/402
f 577/151/403 1254/151/403 1255/150/403
f 569/160/404 1246/160/404 1247/159/404
f 585/167/405 1262/167/405 1263/171/405
f 409/168/406 1086/168/406 1087/172/406
f 593/185/407 1270/185/407 1271/188/407
f 257/195/408 934/195/408 935/183/408
f 601/198/409 1278/198/409 1279/199/409
f 561/207/410 1238/207/410 1239/192/410
f 609/206/411 1286/206/411 1287/209/411
f 417/215/412 1094/215/412 1095/219/412
f 553/235/413 1230/235/413 1231/233/413
f 617/232/414 1294/232/414 1295/237/414
f 545/250/415 1222/250/415 1223/248/415
f 625/254/416 1302/254/416 1303/256/416
f 537/263/417 1214/263/417 1215/262/417
f 529/274/418 1206/274/418 1207/273/418
f 521/284/419 1198/284/419 1199/283/419
f 633/282/420 1310/282/420 1311/286/420
f 473/296/421 1150/296/421 1151/298/421
f 513/303/422 1190/303/422 1191/295/422
f 481/312/423 1158/312/423 1159/314/423
f 465/316/424 1142/316/424 1143/313/424
f 489/328/425 1166/328/425 1167/331/425
f 673/344/426 1350/344/426 1351/341/426
f 505/353/427 1182/353/427 1183/352/427
f 497/348/428 1174/348/428 1175/356/428
f 641/347/429 1318/347/429 1319/363/429
f 649/373/430 1326/373/430 1327/374/430
f 665/375/431 1342/375/431 1343/366/431
f 657/388/432 1334/388/432 1335/389/432
f 105/393/433 782/393/433 783/390/433
f 113/400/434 790/400/434 791/401/434
f 121/410/435 798/410/435 799/411/435
f 129/419/708 806/419/708 807/420/708
f 97/427/437 774/427/437 775/426/437
f 137/432/438 814/432/438 815/434/438
f 89/443/439 766/443/439 767/441/439
f 145/448/440 822/448/440 823/450/440
f 81/461/441 758/461/441 759/458/441
f 425/460/442 1102/460/442 1103/465/442
f 153/463/443 830/463/443 831/466/443
f 73/481/444 750/481/444 751/479/444
f 249/491/445 926/491/445 927/489/445
f 161/490/446 838/490/446 839/492/446
f 209/511/709 886/511/709 887/513/709
f 201/514/448 878/514/448 879/512/448
f 217/529/449 894/529/449 895/531/449
f 193/532/450 870/532/450 871/530/450
f 169/534/451 846/534/451 847/538/451
f 241/539/452 918/539/452 919/535/452
f 225/559/453 902/559/453 903/564/453
f 177/563/454 854/563/454 855/567/454
f 185/569/455 862/569/455 863/565/455
f 233/570/456 910/570/456 911/566/456
f 433/580/457 1110/580/457 1111/585/457
f 65/589/458 742/589/458 743/588/458
f 33/600/459 710/600/459 711/599/459
f 25/612/460 702/612/460 703/611/460
f 41/610/461 718/610/461 719/614/461
f 57/631/710 734/631/710 735/630/710
f 17/633/463 694/633/463 695/627/463
f 49/632/711 726/632/711 727/640/711
f 9/651/465 686/651/465 687/650/465
f 441/649/466 1118/649/466 1119/653/466
f 1/662/467 678/662/467 679/660/467
f 459/663/468 1136/663/468 678/662/468
f 457/666/469 1134/666/469 1135/664/469
f 449/677/470 1126/677/470 1127/675/470
f 299/6/471 976/6/471 977/5/471
f 307/14/472 984/14/472 985/17/472
f 291/18/473 968/18/473 969/16/473
f 283/29/474 960/29/474 961/28/474
f 315/38/475 992/38/475 993/40/475
f 275/45/476 952/45/476 953/42/476
f 323/50/477 1000/50/477 1001/52/477
f 331/63/478 1008/63/478 1009/65/478
f 379/71/712 1056/71/712 1057/72/712
f 387/81/480 1064/81/480 1065/83/480
f 371/85/481 1048/85/481 1049/80/481
f 395/93/713 1072/93/713 1073/96/713
f 267/98/483 944/98/483 945/64/483
f 363/106/484 1040/106/484 1041/105/484
f 339/118/485 1016/118/485 1017/120/485
f 355/124/486 1032/124/486 1033/121/486
f 347/132/487 1024/132/487 1025/133/487
f 403/139/488 1080/139/488 1081/141/488
f 579/149/489 1256/149/489 1257/146/489
f 571/157/714 1248/157/714 1249/156/714
f 587/173/491 1264/173/491 1265/175/491
f 259/176/492 936/176/492 937/169/492
f 411/177/493 1088/177/493 1089/181/493
f 563/186/494 1240/186/494 1241/180/494
f 595/189/495 1272/189/495 1273/190/495
f 603/203/496 1280/203/496 1281/205/496
f 611/210/497 1288/210/497 1289/214/497
f 419/222/498 1096/222/498 1097/226/498
f 555/230/499 1232/230/499 1233/227/499
f 619/240/500 1296/240/500 1297/242/500
f 547/246/501 1224/246/501 1225/245/501
f 539/260/502 1216/260/502 1217/258/502
f 627/259/503 1304/259/503 1305/261/503
f 531/272/504 1208/272/504 1209/271/504
f 523/281/505 1200/281/505 1201/280/505
f 635/289/506 1312/289/506 1313/291/506
f 515/293/507 1192/293/507 1193/292/507
f 475/300/508 1152/300/508 1153/301/508
f 467/311/509 1144/311/509 1145/308/509
f 483/315/510 1160/315/510 1161/317/510
f 491/332/511 1168/332/511 1169/334/511
f 675/339/512 1352/339/512 1353/336/512
f 507/350/715 1184/350/715 1185/349/715
f 499/358/514 1176/358/514 1177/360/514
f 667/365/515 1344/365/515 1345/364/515
f 643/367/516 1320/367/516 1321/368/516
f 651/376/517 1328/376/517 1329/378/517
f 659/387/518 1336/387/518 1337/385/518
f 107/391/519 784/391/519 785/392/519
f 115/402/520 792/402/520 793/404/520
f 123/412/521 800/412/521 801/413/521
f 99/421/522 776/421/522 777/415/522
f 131/422/523 808/422/523 809/423/523
f 139/436/524 816/436/524 817/438/524
f 91/439/525 768/439/525 769/437/525
f 147/452/526 824/452/526 825/453/526
f 83/456/527 760/456/527 761/454/527
f 155/468/528 832/468/528 833/470/528
f 427/471/529 1104/471/529 1105/475/529
f 75/477/530 752/477/530 753/476/530
f 251/487/531 928/487/531 929/485/531
f 163/494/532 840/494/532 841/496/532
f 203/510/533 880/510/533 881/508/533
f 211/515/534 888/515/534 889/517/534
f 243/526/535 920/526/535 921/503/535
f 195/528/716 872/528/716 873/524/716
f 219/533/537 896/533/537 897/536/537
f 171/540/538 848/540/538 849/545/538
f 187/560/539 864/560/539 865/556/539
f 235/562/540 912/562/540 913/558/540
f 227/568/541 904/568/541 905/572/541
f 179/571/542 856/571/542 857/575/542
f 67/586/543 744/586/543 745/584/543
f 435/587/544 1112/587/544 1113/590/544
f 35/598/545 712/598/545 713/597/545
f 27/609/546 704/609/546 705/608/546
f 43/616/547 720/616/547 721/619/547
f 19/624/548 696/624/548 697/622/548
f 59/629/717 736/629/717 737/626/717
f 51/641/718 728/641/718 729/639/718
f 11/648/551 688/648/551 689/647/551
f 3/659/552 680/659/552 681/658/552
f 443/657/553 1120/657/553 1121/661/553
f 451/674/554 1128/674/554 1129/673/554
f 304/3/555 981/3/555 982/7/555
f 296/10/556 973/10/556 974/9/556
f 288/22/557 965/22/557 966/21/557
f 280/32/558 957/32/558 958/31/558
f 312/33/559 989/33/559 990/36/559
f 320/46/560 997/46/560 998/47/560
f 272/54/561 949/54/561 950/51/561
f 302/1/562 979/1/562 980/2/562
f 294/13/563 971/13/563 972/12/563
f 328/58/564 1005/58/564 1006/60/564
f 376/68/719 1053/68/719 1054/69/719
f 286/25/566 963/25/566 964/24/566
f 384/77/567 1061/77/567 1062/78/567
f 392/89/720 1069/89/720 1070/90/720
f 310/23/569 987/23/569 988/27/569
f 368/94/570 1045/94/570 1046/91/570
f 278/35/571 955/35/571 956/34/571
f 360/111/572 1037/111/572 1038/109/572
f 318/43/573 995/43/573 996/44/573
f 326/55/574 1003/55/574 1004/56/574
f 400/103/575 1077/103/575 1078/112/575
f 270/59/576 947/59/576 948/57/576
f 336/110/577 1013/110/577 1014/113/577
f 344/126/578 1021/126/578 1022/129/578
f 352/134/579 1029/134/579 1030/131/579
f 374/66/580 1051/66/580 1052/67/580
f 264/140/581 941/140/581 942/138/581
f 576/152/582 1253/152/582 1254/151/582
f 568/161/176 1245/161/176 1246/160/176
f 382/74/721 1059/74/721 1060/75/721
f 390/86/722 1067/86/722 1068/87/722
f 584/165/585 1261/165/585 1262/167/585
f 398/100/586 1075/100/586 1076/101/586
f 408/164/587 1085/164/587 1086/168/587
f 366/102/588 1043/102/588 1044/99/588
f 592/184/589 1269/184/589 1270/185/589
f 600/197/590 1277/197/590 1278/198/590
f 608/204/591 1285/204/591 1286/206/591
f 334/95/592 1011/95/592 1012/107/592
f 256/211/593 933/211/593 934/195/593
f 358/117/594 1035/117/594 1036/115/594
f 560/212/595 1237/212/595 1238/207/595
f 342/123/596 1019/123/596 1020/125/596
f 350/136/597 1027/136/597 1028/137/597
f 262/145/598 939/145/598 940/143/598
f 574/154/723 1251/154/723 1252/153/723
f 416/213/600 1093/213/600 1094/215/600
f 616/228/601 1293/228/601 1294/232/601
f 552/238/602 1229/238/602 1230/235/602
f 406/144/603 1083/144/603 1084/158/603
f 582/148/604 1259/148/604 1260/162/604
f 544/251/605 1221/251/605 1222/250/605
f 566/170/606 1243/170/606 1244/166/606
f 624/252/607 1301/252/607 1302/254/607
f 536/265/724 1213/265/724 1214/263/724
f 590/179/609 1267/179/609 1268/182/609
f 598/193/267 1275/193/267 1276/196/267
f 528/275/610 1205/275/610 1206/274/610
f 606/201/611 1283/201/611 1284/202/611
f 414/194/612 1091/194/612 1092/208/612
f 558/220/613 1235/220/613 1236/216/613
f 632/276/614 1309/276/614 1310/282/614
f 520/285/615 1197/285/615 1198/284/615
f 614/221/616 1291/221/616 1292/224/616
f 254/225/617 931/225/617 932/218/617
f 472/297/618 1149/297/618 1150/296/618
f 422/231/619 1099/231/619 1100/234/619
f 550/241/620 1227/241/620 1228/239/620
f 622/247/621 1299/247/621 1300/249/621
f 542/255/622 1219/255/622 1220/253/622
f 534/268/725 1211/268/725 1212/266/725
f 630/267/624 1307/267/624 1308/270/624
f 526/278/625 1203/278/625 1204/277/625
f 518/288/626 1195/288/626 1196/287/626
f 470/302/627 1147/302/627 1148/299/627
f 478/306/628 1155/306/628 1156/307/628
f 486/322/629 1163/322/629 1164/323/629
f 462/324/630 1139/324/630 1140/321/630
f 638/310/631 1315/310/631 1316/326/631
f 510/335/632 1187/335/632 1188/329/632
f 494/340/633 1171/340/633 1172/343/633
f 502/357/634 1179/357/634 1180/355/634
f 670/361/635 1347/361/635 1348/351/635
f 646/370/636 1323/370/636 1324/371/636
f 662/381/637 1339/381/637 1340/379/637
f 654/382/638 1331/382/638 1332/383/638
f 110/396/726 787/396/726 788/397/726
f 102/403/640 779/403/640 780/399/640
f 118/406/727 795/406/727 796/407/727
f 126/416/642 803/416/642 804/417/642
f 134/425/643 811/425/643 812/428/643
f 94/433/644 771/433/644 772/431/644
f 142/442/645 819/442/645 820/444/645
f 86/449/646 763/449/646 764/447/646
f 150/457/647 827/457/647 828/459/647
f 78/469/648 755/469/648 756/467/648
f 430/480/649 1107/480/649 1108/482/649
f 158/474/650 835/474/650 836/486/650
f 246/498/651 923/498/651 924/495/651
f 166/502/652 843/502/652 844/504/652
f 206/506/653 883/506/653 884/507/653
f 198/520/654 875/520/654 876/518/654
f 214/521/655 891/521/655 892/523/655
f 70/544/656 747/544/656 748/497/656
f 190/547/657 867/547/657 868/542/657
f 238/550/658 915/550/658 916/548/658
f 222/546/659 899/546/659 900/551/659
f 174/553/660 851/553/660 852/557/660
f 182/582/661 859/582/661 860/577/661
f 230/581/662 907/581/662 908/578/662
f 62/594/663 739/594/663 740/593/663
f 38/595/664 715/595/664 716/601/664
f 30/604/665 707/604/665 708/603/665
f 22/618/666 699/618/666 700/615/666
f 46/623/667 723/623/667 724/625/667
f 438/607/668 1115/607/668 1116/635/668
f 54/637/669 731/637/669 732/636/669
f 14/644/670 691/644/670 692/643/670
f 6/655/671 683/655/671 684/654/671
f 480/309/672 1157/309/672 1158/312/672
f 454/670/673 1131/670/673 1132/669/673
f 464/318/674 1141/318/674 1142/316/674
f 512/319/675 1189/319/675 1190/303/675
f 446/668/676 1123/668/676 1124/672/676
