# Blender 4.4.3
# www.blender.org
mtllib titleText_a.mtl
o titleText_a
v 0.272548 0.304133 -0.061633
v 0.277002 0.304195 -0.061633
v 0.281530 0.304379 -0.061633
v 0.286131 0.304685 -0.061633
v 0.290805 0.305115 -0.061633
v 0.295554 0.305667 -0.061633
v 0.300375 0.306342 -0.061633
v 0.305271 0.307139 -0.061633
v 0.310240 0.308059 -0.061633
v 0.315283 0.309102 -0.061633
v 0.320399 0.310268 -0.061633
v 0.325589 0.311556 -0.061633
v 0.330852 0.312967 -0.061633
v 0.331138 0.313096 -0.061633
v 0.331405 0.313188 -0.061633
v 0.331653 0.313243 -0.061633
v 0.331883 0.313262 -0.061633
v 0.332095 0.313243 -0.061633
v 0.332288 0.313188 -0.061633
v 0.332463 0.313096 -0.061633
v 0.332619 0.312967 -0.061633
v 0.332757 0.312801 -0.061633
v 0.332877 0.312599 -0.061633
v 0.332978 0.312360 -0.061633
v 0.333061 0.312084 -0.061633
v 0.333125 0.311795 -0.061633
v 0.333171 0.311519 -0.061633
v 0.333199 0.311256 -0.061633
v 0.333208 0.311004 -0.061633
v 0.333199 0.310765 -0.061633
v 0.333171 0.310538 -0.061633
v 0.333125 0.310323 -0.061633
v 0.333061 0.310121 -0.061633
v 0.332978 0.309930 -0.061633
v 0.332877 0.309753 -0.061633
v 0.332757 0.309587 -0.061633
v 0.332619 0.309434 -0.061633
v 0.328938 0.304041 -0.061633
v 0.325552 0.298465 -0.061633
v 0.322460 0.292704 -0.061633
v 0.319663 0.286760 -0.061633
v 0.317160 0.280631 -0.061633
v 0.314951 0.274319 -0.061633
v 0.313037 0.267822 -0.061633
v 0.311418 0.261141 -0.061633
v 0.310093 0.254277 -0.061633
v 0.309062 0.247228 -0.061633
v 0.308326 0.239995 -0.061633
v 0.307884 0.232578 -0.061633
v 0.307884 0.185759 -0.061633
v 0.307749 0.178725 -0.061633
v 0.307344 0.171759 -0.061633
v 0.306670 0.164861 -0.061633
v 0.305725 0.158030 -0.061633
v 0.304510 0.151267 -0.061633
v 0.303026 0.144571 -0.061633
v 0.301271 0.137942 -0.061633
v 0.299247 0.131381 -0.061633
v 0.296952 0.124887 -0.061633
v 0.294388 0.118461 -0.061633
v 0.291554 0.112103 -0.061633
v 0.288450 0.105812 -0.061633
v 0.285112 0.099637 -0.061633
v 0.281579 0.093628 -0.061633
v 0.277849 0.087785 -0.061633
v 0.273923 0.082107 -0.061633
v 0.269800 0.076595 -0.061633
v 0.265481 0.071249 -0.061633
v 0.260966 0.066068 -0.061633
v 0.256255 0.061053 -0.061633
v 0.251347 0.056204 -0.061633
v 0.246243 0.051520 -0.061633
v 0.240943 0.047002 -0.061633
v 0.235446 0.042649 -0.061633
v 0.096753 -0.058058 -0.061633
v 0.094005 -0.060024 -0.061633
v 0.091355 -0.062094 -0.061633
v 0.088803 -0.064269 -0.061633
v 0.086349 -0.066548 -0.061633
v 0.083993 -0.068931 -0.061633
v 0.081736 -0.071419 -0.061633
v 0.079576 -0.074011 -0.061633
v 0.077515 -0.076707 -0.061633
v 0.075552 -0.079507 -0.061633
v 0.073687 -0.082412 -0.061633
v 0.071920 -0.085421 -0.061633
v 0.070252 -0.088535 -0.061633
v 0.068700 -0.091715 -0.061633
v 0.067282 -0.094927 -0.061633
v 0.066000 -0.098169 -0.061633
v 0.064853 -0.101442 -0.061633
v 0.063841 -0.104745 -0.061633
v 0.062964 -0.108080 -0.061633
v 0.062221 -0.111445 -0.061633
v 0.061614 -0.114840 -0.061633
v 0.061142 -0.118266 -0.061633
v 0.060804 -0.121723 -0.061633
v 0.060602 -0.125211 -0.061633
v 0.060534 -0.128729 -0.061633
v 0.060534 -0.210001 -0.061633
v 0.060212 -0.219608 -0.061633
v 0.059541 -0.228994 -0.061633
v 0.058519 -0.238159 -0.061633
v 0.057148 -0.247104 -0.061633
v 0.055427 -0.255827 -0.061633
v 0.053357 -0.264330 -0.061633
v 0.050937 -0.272611 -0.061633
v 0.048167 -0.280672 -0.061633
v 0.045047 -0.288513 -0.061633
v 0.041578 -0.296132 -0.061633
v 0.037759 -0.303530 -0.061633
v 0.033591 -0.310708 -0.061633
v 0.029122 -0.317637 -0.061633
v 0.024401 -0.324290 -0.061633
v 0.019429 -0.330667 -0.061633
v 0.014205 -0.336768 -0.061633
v 0.008730 -0.342593 -0.061633
v 0.003004 -0.348141 -0.061633
v -0.002975 -0.353414 -0.061633
v -0.009204 -0.358411 -0.061633
v -0.015686 -0.363132 -0.061633
v -0.022418 -0.367576 -0.061633
v -0.029403 -0.371745 -0.061633
v -0.036639 -0.375637 -0.061633
v -0.044074 -0.379235 -0.061633
v -0.051656 -0.382520 -0.061633
v -0.059386 -0.385492 -0.061633
v -0.067263 -0.388152 -0.061633
v -0.075287 -0.390498 -0.061633
v -0.083458 -0.392532 -0.061633
v -0.091777 -0.394253 -0.061633
v -0.100243 -0.395661 -0.061633
v -0.108856 -0.396756 -0.061633
v -0.117616 -0.397538 -0.061633
v -0.126524 -0.398007 -0.061633
v -0.135579 -0.398164 -0.061633
v -0.138026 -0.398157 -0.061633
v -0.140364 -0.398139 -0.061633
v -0.142591 -0.398108 -0.061633
v -0.144707 -0.398065 -0.061633
v -0.146713 -0.398010 -0.061633
v -0.148609 -0.397943 -0.061633
v -0.150394 -0.397863 -0.061633
v -0.152069 -0.397771 -0.061633
v -0.153633 -0.397667 -0.061633
v -0.155087 -0.397550 -0.061633
v -0.156431 -0.397421 -0.061633
v -0.157664 -0.397280 -0.061633
v -0.158081 -0.397250 -0.061633
v -0.158449 -0.397158 -0.061633
v -0.158768 -0.397004 -0.061633
v -0.159038 -0.396789 -0.061633
v -0.159259 -0.396513 -0.061633
v -0.159430 -0.396176 -0.061633
v -0.159553 -0.395777 -0.061633
v -0.159627 -0.395317 -0.061633
v -0.159651 -0.394796 -0.061633
v -0.159627 -0.394213 -0.061633
v -0.159553 -0.393569 -0.061633
v -0.159430 -0.392863 -0.061633
v -0.157231 -0.390508 -0.061633
v -0.155050 -0.387857 -0.061633
v -0.152888 -0.384913 -0.061633
v -0.150744 -0.381674 -0.061633
v -0.148618 -0.378140 -0.061633
v -0.146511 -0.374312 -0.061633
v -0.144422 -0.370190 -0.061633
v -0.142351 -0.365773 -0.061633
v -0.140299 -0.361061 -0.061633
v -0.138266 -0.356055 -0.061633
v -0.136250 -0.350755 -0.061633
v -0.134254 -0.345160 -0.061633
v -0.132343 -0.339332 -0.061633
v -0.130585 -0.333332 -0.061633
v -0.128981 -0.327161 -0.061633
v -0.127530 -0.320818 -0.061633
v -0.126232 -0.314303 -0.061633
v -0.125088 -0.307616 -0.061633
v -0.124098 -0.300757 -0.061633
v -0.123260 -0.293727 -0.061633
v -0.122576 -0.286525 -0.061633
v -0.122045 -0.279151 -0.061633
v -0.121668 -0.271605 -0.061633
v -0.121444 -0.263888 -0.061633
v -0.121444 -0.117245 -0.061633
v -0.121530 -0.112702 -0.061633
v -0.121788 -0.108202 -0.061633
v -0.122217 -0.103746 -0.061633
v -0.122818 -0.099332 -0.061633
v -0.123591 -0.094961 -0.061633
v -0.124536 -0.090633 -0.061633
v -0.125653 -0.086348 -0.061633
v -0.126941 -0.082106 -0.061633
v -0.128401 -0.077906 -0.061633
v -0.130033 -0.073750 -0.061633
v -0.131837 -0.069637 -0.061633
v -0.133812 -0.065566 -0.061633
v -0.135935 -0.061594 -0.061633
v -0.138180 -0.057775 -0.061633
v -0.140548 -0.054110 -0.061633
v -0.143038 -0.050598 -0.061633
v -0.145652 -0.047239 -0.061633
v -0.148388 -0.044034 -0.061633
v -0.151247 -0.040982 -0.061633
v -0.154228 -0.038083 -0.061633
v -0.157332 -0.035338 -0.061633
v -0.160559 -0.032746 -0.061633
v -0.163909 -0.030307 -0.061633
v -0.167381 -0.028022 -0.061633
v -0.167519 -0.027875 -0.061633
v -0.167639 -0.027728 -0.061633
v -0.167740 -0.027581 -0.061633
v -0.167823 -0.027433 -0.061633
v -0.167887 -0.027286 -0.061633
v -0.167933 -0.027139 -0.061633
v -0.167961 -0.026992 -0.061633
v -0.167970 -0.026844 -0.061633
v -0.167961 -0.026697 -0.061633
v -0.167933 -0.026550 -0.061633
v -0.167887 -0.026403 -0.061633
v -0.167823 -0.026255 -0.061633
v -0.167746 -0.026114 -0.061633
v -0.167663 -0.025986 -0.061633
v -0.167574 -0.025869 -0.061633
v -0.167479 -0.025765 -0.061633
v -0.167378 -0.025673 -0.061633
v -0.167270 -0.025593 -0.061633
v -0.167157 -0.025525 -0.061633
v -0.167037 -0.025470 -0.061633
v -0.166911 -0.025427 -0.061633
v -0.166780 -0.025397 -0.061633
v -0.166642 -0.025378 -0.061633
v -0.166497 -0.025372 -0.061633
v -0.010137 -0.025372 -0.061633
v -0.005321 -0.025249 -0.061633
v -0.000591 -0.024881 -0.061633
v 0.004052 -0.024268 -0.061633
v 0.008611 -0.023409 -0.061633
v 0.013083 -0.022305 -0.061633
v 0.017469 -0.020955 -0.061633
v 0.021769 -0.019360 -0.061633
v 0.025984 -0.017520 -0.061633
v 0.030113 -0.015434 -0.061633
v 0.034155 -0.013103 -0.061633
v 0.038112 -0.010526 -0.061633
v 0.041983 -0.007704 -0.061633
v 0.053467 0.000246 -0.061633
v 0.058964 0.004461 -0.061633
v 0.064264 0.008859 -0.061633
v 0.069368 0.013442 -0.061633
v 0.074276 0.018209 -0.061633
v 0.078987 0.023159 -0.061633
v 0.083503 0.028294 -0.061633
v 0.087821 0.033613 -0.061633
v 0.091944 0.039116 -0.061633
v 0.095870 0.044802 -0.061633
v 0.099600 0.050673 -0.061633
v 0.103133 0.056728 -0.061633
v 0.106471 0.062967 -0.061633
v 0.109575 0.069329 -0.061633
v 0.112409 0.075752 -0.061633
v 0.114973 0.082236 -0.061633
v 0.117268 0.088782 -0.061633
v 0.119292 0.095389 -0.061633
v 0.121047 0.102057 -0.061633
v 0.122531 0.108787 -0.061633
v 0.123746 0.115578 -0.061633
v 0.124691 0.122431 -0.061633
v 0.125366 0.129344 -0.061633
v 0.125770 0.136319 -0.061633
v 0.125905 0.143356 -0.061633
v 0.125905 0.179575 -0.061633
v 0.125801 0.183066 -0.061633
v 0.125488 0.186470 -0.061633
v 0.124967 0.189789 -0.061633
v 0.124237 0.193022 -0.061633
v 0.123298 0.196169 -0.061633
v 0.122151 0.199230 -0.061633
v 0.120795 0.202206 -0.061633
v 0.119231 0.205095 -0.061633
v 0.117458 0.207899 -0.061633
v 0.115476 0.210616 -0.061633
v 0.113286 0.213248 -0.061633
v 0.110888 0.215794 -0.061633
v 0.108342 0.218193 -0.061633
v 0.105710 0.220383 -0.061633
v 0.102992 0.222364 -0.061633
v 0.100189 0.224137 -0.061633
v 0.097299 0.225701 -0.061633
v 0.094324 0.227057 -0.061633
v 0.091263 0.228204 -0.061633
v 0.088116 0.229143 -0.061633
v 0.084883 0.229873 -0.061633
v 0.081564 0.230394 -0.061633
v 0.078159 0.230707 -0.061633
v 0.074669 0.230812 -0.061633
v 0.071463 0.230723 -0.061633
v 0.068325 0.230456 -0.061633
v 0.065255 0.230011 -0.061633
v 0.062252 0.229388 -0.061633
v 0.059317 0.228588 -0.061633
v 0.056449 0.227609 -0.061633
v 0.053648 0.226453 -0.061633
v 0.050915 0.225119 -0.061633
v 0.048250 0.223606 -0.061633
v 0.045652 0.221916 -0.061633
v 0.043121 0.220048 -0.061633
v 0.040658 0.218002 -0.061633
v 0.038318 0.215828 -0.061633
v 0.036155 0.213573 -0.061633
v 0.034171 0.211239 -0.061633
v 0.032364 0.208825 -0.061633
v 0.030735 0.206331 -0.061633
v 0.029284 0.203758 -0.061633
v 0.028011 0.201105 -0.061633
v 0.026916 0.198372 -0.061633
v 0.025999 0.195559 -0.061633
v 0.025260 0.192666 -0.061633
v 0.024699 0.189694 -0.061633
v 0.024315 0.186642 -0.061633
v 0.024168 0.186507 -0.061633
v 0.024021 0.186397 -0.061633
v 0.023874 0.186311 -0.061633
v 0.023726 0.186249 -0.061633
v 0.023579 0.186213 -0.061633
v 0.023432 0.186200 -0.061633
v 0.023285 0.186213 -0.061633
v 0.023137 0.186249 -0.061633
v 0.022990 0.186311 -0.061633
v 0.022843 0.186397 -0.061633
v 0.022696 0.186507 -0.061633
v 0.022548 0.186642 -0.061633
v 0.022165 0.189694 -0.061633
v 0.021604 0.192666 -0.061633
v 0.020865 0.195559 -0.061633
v 0.019947 0.198372 -0.061633
v 0.018852 0.201105 -0.061633
v 0.017579 0.203758 -0.061633
v 0.016129 0.206331 -0.061633
v 0.014500 0.208825 -0.061633
v 0.012693 0.211239 -0.061633
v 0.010709 0.213573 -0.061633
v 0.008546 0.215828 -0.061633
v 0.006206 0.218002 -0.061633
v 0.003743 0.220048 -0.061633
v 0.001212 0.221916 -0.061633
v -0.001386 0.223606 -0.061633
v -0.004052 0.225119 -0.061633
v -0.006785 0.226453 -0.061633
v -0.009585 0.227609 -0.061633
v -0.012453 0.228588 -0.061633
v -0.015388 0.229388 -0.061633
v -0.018391 0.230011 -0.061633
v -0.021462 0.230456 -0.061633
v -0.024599 0.230723 -0.061633
v -0.027805 0.230812 -0.061633
v -0.031296 0.230707 -0.061633
v -0.034700 0.230394 -0.061633
v -0.038019 0.229873 -0.061633
v -0.041252 0.229143 -0.061633
v -0.044399 0.228204 -0.061633
v -0.047460 0.227057 -0.061633
v -0.050436 0.225701 -0.061633
v -0.053325 0.224137 -0.061633
v -0.056129 0.222364 -0.061633
v -0.058846 0.220383 -0.061633
v -0.061478 0.218193 -0.061633
v -0.064024 0.215794 -0.061633
v -0.066423 0.213248 -0.061633
v -0.068613 0.210616 -0.061633
v -0.070594 0.207899 -0.061633
v -0.072367 0.205095 -0.061633
v -0.073931 0.202206 -0.061633
v -0.075287 0.199230 -0.061633
v -0.076434 0.196169 -0.061633
v -0.077373 0.193022 -0.061633
v -0.078103 0.189789 -0.061633
v -0.078624 0.186470 -0.061633
v -0.078937 0.183066 -0.061633
v -0.079042 0.179575 -0.061633
v -0.079042 0.121271 -0.061633
v -0.078821 0.113560 -0.061633
v -0.078453 0.106033 -0.061633
v -0.077937 0.098689 -0.061633
v -0.077275 0.091530 -0.061633
v -0.076465 0.084555 -0.061633
v -0.075508 0.077764 -0.061633
v -0.074404 0.071157 -0.061633
v -0.073152 0.064734 -0.061633
v -0.071753 0.058495 -0.061633
v -0.070208 0.052440 -0.061633
v -0.068514 0.046569 -0.061633
v -0.066674 0.040882 -0.061633
v -0.064742 0.035422 -0.061633
v -0.062773 0.030233 -0.061633
v -0.060767 0.025313 -0.061633
v -0.058724 0.020662 -0.061633
v -0.056644 0.016282 -0.061633
v -0.054528 0.012172 -0.061633
v -0.052374 0.008332 -0.061633
v -0.050184 0.004761 -0.061633
v -0.047957 0.001461 -0.061633
v -0.045694 -0.001570 -0.061633
v -0.043393 -0.004330 -0.061633
v -0.041056 -0.006821 -0.061633
v -0.040780 -0.007115 -0.061633
v -0.040540 -0.007410 -0.061633
v -0.040338 -0.007704 -0.061633
v -0.040172 -0.007999 -0.061633
v -0.040043 -0.008293 -0.061633
v -0.039951 -0.008588 -0.061633
v -0.039896 -0.008882 -0.061633
v -0.039878 -0.009177 -0.061633
v -0.039896 -0.009471 -0.061633
v -0.039951 -0.009765 -0.061633
v -0.040043 -0.010060 -0.061633
v -0.040172 -0.010354 -0.061633
v -0.040326 -0.010637 -0.061633
v -0.040491 -0.010894 -0.061633
v -0.040669 -0.011127 -0.061633
v -0.040859 -0.011336 -0.061633
v -0.041062 -0.011520 -0.061633
v -0.041277 -0.011680 -0.061633
v -0.041504 -0.011814 -0.061633
v -0.041743 -0.011925 -0.061633
v -0.041994 -0.012011 -0.061633
v -0.042258 -0.012072 -0.061633
v -0.042534 -0.012109 -0.061633
v -0.042823 -0.012121 -0.061633
v -0.059607 -0.013005 -0.061633
v -0.066257 -0.012910 -0.061633
v -0.072956 -0.012624 -0.061633
v -0.079704 -0.012149 -0.061633
v -0.086501 -0.011483 -0.061633
v -0.093348 -0.010627 -0.061633
v -0.100243 -0.009581 -0.061633
v -0.107187 -0.008345 -0.061633
v -0.114181 -0.006919 -0.061633
v -0.121224 -0.005303 -0.061633
v -0.128315 -0.003496 -0.061633
v -0.135456 -0.001499 -0.061633
v -0.142646 0.000688 -0.061633
v -0.149787 0.003145 -0.061633
v -0.156780 0.005952 -0.061633
v -0.163626 0.009108 -0.061633
v -0.170325 0.012614 -0.061633
v -0.176877 0.016469 -0.061633
v -0.183282 0.020675 -0.061633
v -0.189539 0.025230 -0.061633
v -0.195650 0.030134 -0.061633
v -0.201612 0.035389 -0.061633
v -0.207428 0.040993 -0.061633
v -0.213096 0.046946 -0.061633
v -0.218618 0.053250 -0.061633
v -0.225255 0.060986 -0.061633
v -0.231329 0.069175 -0.061633
v -0.236838 0.077819 -0.061633
v -0.241782 0.086917 -0.061633
v -0.246162 0.096469 -0.061633
v -0.249978 0.106474 -0.061633
v -0.253229 0.116934 -0.061633
v -0.255916 0.127847 -0.061633
v -0.258039 0.139215 -0.061633
v -0.259597 0.151036 -0.061633
v -0.260591 0.163312 -0.061633
v -0.261020 0.176041 -0.061633
v -0.261020 0.228161 -0.061633
v -0.261060 0.231281 -0.061633
v -0.261180 0.234456 -0.061633
v -0.261379 0.237686 -0.061633
v -0.261658 0.240971 -0.061633
v -0.262017 0.244311 -0.061633
v -0.262456 0.247707 -0.061633
v -0.262974 0.251157 -0.061633
v -0.263572 0.254663 -0.061633
v -0.264250 0.258224 -0.061633
v -0.265008 0.261841 -0.061633
v -0.265845 0.265512 -0.061633
v -0.266762 0.269239 -0.061633
v -0.267772 0.272966 -0.061633
v -0.268885 0.276638 -0.061633
v -0.270103 0.280254 -0.061633
v -0.271425 0.283815 -0.061633
v -0.272851 0.287321 -0.061633
v -0.274382 0.290772 -0.061633
v -0.276017 0.294167 -0.061633
v -0.277756 0.297508 -0.061633
v -0.279599 0.300793 -0.061633
v -0.281547 0.304023 -0.061633
v -0.283599 0.307197 -0.061633
v -0.285755 0.310317 -0.061633
v -0.285890 0.310467 -0.061633
v -0.286001 0.310624 -0.061633
v -0.286087 0.310786 -0.061633
v -0.286148 0.310955 -0.061633
v -0.286185 0.311130 -0.061633
v -0.286197 0.311311 -0.061633
v -0.286185 0.311498 -0.061633
v -0.286148 0.311691 -0.061633
v -0.286087 0.311890 -0.061633
v -0.286001 0.312096 -0.061633
v -0.285890 0.312308 -0.061633
v -0.285755 0.312525 -0.061633
v -0.285608 0.312731 -0.061633
v -0.285461 0.312906 -0.061633
v -0.285314 0.313050 -0.061633
v -0.285166 0.313163 -0.061633
v -0.285019 0.313246 -0.061633
v -0.284872 0.313298 -0.061633
v -0.284725 0.313320 -0.061633
v -0.284578 0.313311 -0.061633
v -0.284430 0.313271 -0.061633
v -0.284283 0.313200 -0.061633
v -0.284136 0.313099 -0.061633
v -0.283989 0.312967 -0.061633
v -0.278725 0.311556 -0.061633
v -0.273535 0.310268 -0.061633
v -0.268419 0.309102 -0.061633
v -0.263376 0.308059 -0.061633
v -0.258407 0.307139 -0.061633
v -0.253511 0.306342 -0.061633
v -0.248690 0.305667 -0.061633
v -0.243941 0.305115 -0.061633
v -0.239267 0.304685 -0.061633
v -0.234666 0.304379 -0.061633
v -0.230138 0.304195 -0.061633
v -0.225685 0.304133 -0.061633
v -0.220547 0.304176 -0.061633
v -0.215440 0.304305 -0.061633
v -0.210363 0.304520 -0.061633
v -0.205318 0.304820 -0.061633
v -0.200302 0.305207 -0.061633
v -0.195318 0.305679 -0.061633
v -0.190364 0.306237 -0.061633
v -0.185441 0.306881 -0.061633
v -0.180549 0.307611 -0.061633
v -0.175687 0.308427 -0.061633
v -0.170856 0.309329 -0.061633
v -0.166056 0.310317 -0.061633
v -0.161176 0.311391 -0.061633
v -0.156105 0.312550 -0.061633
v -0.150845 0.313795 -0.061633
v -0.145394 0.315127 -0.061633
v -0.139753 0.316544 -0.061633
v -0.133922 0.318047 -0.061633
v -0.127901 0.319636 -0.061633
v -0.121690 0.321310 -0.061633
v -0.115288 0.323071 -0.061633
v -0.108697 0.324917 -0.061633
v -0.101915 0.326850 -0.061633
v -0.094943 0.328868 -0.061633
v -0.088274 0.330742 -0.061633
v -0.081814 0.332537 -0.061633
v -0.075563 0.334251 -0.061633
v -0.069521 0.335886 -0.061633
v -0.063687 0.337441 -0.061633
v -0.058061 0.338917 -0.061633
v -0.052644 0.340312 -0.061633
v -0.047436 0.341628 -0.061633
v -0.042436 0.342864 -0.061633
v -0.037645 0.344021 -0.061633
v -0.033062 0.345098 -0.061633
v -0.028688 0.346094 -0.061633
v -0.024412 0.347011 -0.061633
v -0.020124 0.347849 -0.061633
v -0.015824 0.348606 -0.061633
v -0.011511 0.349284 -0.061633
v -0.007186 0.349883 -0.061633
v -0.002849 0.350401 -0.061633
v 0.001500 0.350840 -0.061633
v 0.005862 0.351198 -0.061633
v 0.010236 0.351478 -0.061633
v 0.014622 0.351677 -0.061633
v 0.019021 0.351797 -0.061633
v 0.023432 0.351836 -0.061633
v 0.027699 0.351797 -0.061633
v 0.031959 0.351677 -0.061633
v 0.036214 0.351478 -0.061633
v 0.040462 0.351198 -0.061633
v 0.044704 0.350839 -0.061633
v 0.048940 0.350401 -0.061633
v 0.053170 0.349882 -0.061633
v 0.057394 0.349284 -0.061633
v 0.061611 0.348606 -0.061633
v 0.065823 0.347849 -0.061633
v 0.070028 0.347011 -0.061633
v 0.074227 0.346094 -0.061633
v 0.078524 0.345097 -0.061633
v 0.083024 0.344021 -0.061633
v 0.087726 0.342864 -0.061633
v 0.092631 0.341628 -0.061633
v 0.097738 0.340312 -0.061633
v 0.103048 0.338917 -0.061633
v 0.108560 0.337441 -0.061633
v 0.114274 0.335886 -0.061633
v 0.120191 0.334251 -0.061633
v 0.126310 0.332537 -0.061633
v 0.132632 0.330742 -0.061633
v 0.139156 0.328868 -0.061633
v 0.146095 0.326994 -0.061633
v 0.152775 0.325200 -0.061633
v 0.159198 0.323485 -0.061633
v 0.165364 0.321850 -0.061633
v 0.171271 0.320295 -0.061633
v 0.176921 0.318820 -0.061633
v 0.182314 0.317424 -0.061633
v 0.187448 0.316108 -0.061633
v 0.192326 0.314872 -0.061633
v 0.196945 0.313715 -0.061633
v 0.201307 0.312639 -0.061633
v 0.205411 0.311642 -0.061633
v 0.209404 0.310719 -0.061633
v 0.213435 0.309863 -0.061633
v 0.217502 0.309075 -0.061633
v 0.221606 0.308354 -0.061633
v 0.225747 0.307700 -0.061633
v 0.229925 0.307115 -0.061633
v 0.234139 0.306596 -0.061633
v 0.238391 0.306145 -0.061633
v 0.242679 0.305762 -0.061633
v 0.247004 0.305446 -0.061633
v 0.251365 0.305198 -0.061633
v 0.255764 0.305017 -0.061633
v 0.256690 0.304875 -0.061633
v 0.257703 0.304747 -0.061633
v 0.258801 0.304630 -0.061633
v 0.259985 0.304526 -0.061633
v 0.261255 0.304434 -0.061633
v 0.262610 0.304354 -0.061633
v 0.264052 0.304287 -0.061633
v 0.265580 0.304231 -0.061633
v 0.267193 0.304188 -0.061633
v 0.268892 0.304158 -0.061633
v 0.270677 0.304139 -0.061633
v 0.272548 0.304133 0.061632
v 0.277002 0.304195 0.061632
v 0.281530 0.304379 0.061632
v 0.286131 0.304685 0.061632
v 0.290805 0.305115 0.061632
v 0.295554 0.305667 0.061632
v 0.300375 0.306342 0.061632
v 0.305271 0.307139 0.061632
v 0.310240 0.308059 0.061632
v 0.315283 0.309102 0.061632
v 0.320399 0.310268 0.061632
v 0.325589 0.311556 0.061632
v 0.330852 0.312967 0.061632
v 0.331138 0.313096 0.061632
v 0.331405 0.313188 0.061632
v 0.331653 0.313243 0.061632
v 0.331883 0.313262 0.061632
v 0.332095 0.313243 0.061632
v 0.332288 0.313188 0.061632
v 0.332463 0.313096 0.061632
v 0.332619 0.312967 0.061632
v 0.332757 0.312801 0.061632
v 0.332877 0.312599 0.061632
v 0.332978 0.312360 0.061632
v 0.333061 0.312084 0.061632
v 0.333125 0.311795 0.061632
v 0.333171 0.311519 0.061632
v 0.333199 0.311256 0.061632
v 0.333208 0.311004 0.061632
v 0.333199 0.310765 0.061632
v 0.333171 0.310538 0.061632
v 0.333125 0.310323 0.061632
v 0.333061 0.310121 0.061632
v 0.332978 0.309930 0.061632
v 0.332877 0.309753 0.061632
v 0.332757 0.309587 0.061632
v 0.332619 0.309434 0.061632
v 0.328938 0.304041 0.061632
v 0.325552 0.298465 0.061632
v 0.322460 0.292704 0.061632
v 0.319663 0.286760 0.061632
v 0.317160 0.280631 0.061632
v 0.314951 0.274319 0.061632
v 0.313037 0.267822 0.061632
v 0.311418 0.261141 0.061632
v 0.310093 0.254277 0.061632
v 0.309062 0.247228 0.061632
v 0.308326 0.239995 0.061632
v 0.307884 0.232578 0.061632
v 0.307884 0.185759 0.061632
v 0.307749 0.178725 0.061632
v 0.307344 0.171759 0.061632
v 0.306670 0.164861 0.061632
v 0.305725 0.158030 0.061632
v 0.304510 0.151267 0.061632
v 0.303026 0.144571 0.061632
v 0.301271 0.137942 0.061632
v 0.299247 0.131381 0.061632
v 0.296952 0.124887 0.061632
v 0.294388 0.118461 0.061632
v 0.291554 0.112103 0.061632
v 0.288450 0.105812 0.061632
v 0.285112 0.099637 0.061632
v 0.281579 0.093628 0.061632
v 0.277849 0.087785 0.061632
v 0.273923 0.082107 0.061632
v 0.269800 0.076595 0.061632
v 0.265481 0.071249 0.061632
v 0.260966 0.066068 0.061632
v 0.256255 0.061053 0.061632
v 0.251347 0.056204 0.061632
v 0.246243 0.051520 0.061632
v 0.240943 0.047002 0.061632
v 0.235446 0.042649 0.061632
v 0.096753 -0.058058 0.061632
v 0.094005 -0.060024 0.061632
v 0.091355 -0.062094 0.061632
v 0.088803 -0.064269 0.061632
v 0.086349 -0.066548 0.061632
v 0.083993 -0.068931 0.061632
v 0.081736 -0.071419 0.061632
v 0.079576 -0.074011 0.061632
v 0.077515 -0.076707 0.061632
v 0.075552 -0.079507 0.061632
v 0.073687 -0.082412 0.061632
v 0.071920 -0.085421 0.061632
v 0.070252 -0.088535 0.061632
v 0.068700 -0.091715 0.061632
v 0.067282 -0.094927 0.061632
v 0.066000 -0.098169 0.061632
v 0.064853 -0.101442 0.061632
v 0.063841 -0.104745 0.061632
v 0.062964 -0.108080 0.061632
v 0.062221 -0.111445 0.061632
v 0.061614 -0.114840 0.061632
v 0.061142 -0.118266 0.061632
v 0.060804 -0.121723 0.061632
v 0.060602 -0.125211 0.061632
v 0.060534 -0.128729 0.061632
v 0.060534 -0.210001 0.061632
v 0.060212 -0.219608 0.061632
v 0.059541 -0.228994 0.061632
v 0.058519 -0.238159 0.061632
v 0.057148 -0.247104 0.061632
v 0.055427 -0.255827 0.061632
v 0.053357 -0.264330 0.061632
v 0.050937 -0.272611 0.061632
v 0.048167 -0.280672 0.061632
v 0.045047 -0.288513 0.061632
v 0.041578 -0.296132 0.061632
v 0.037759 -0.303530 0.061632
v 0.033591 -0.310708 0.061632
v 0.029122 -0.317637 0.061632
v 0.024401 -0.324290 0.061632
v 0.019429 -0.330667 0.061632
v 0.014205 -0.336768 0.061632
v 0.008730 -0.342593 0.061632
v 0.003004 -0.348141 0.061632
v -0.002975 -0.353414 0.061632
v -0.009204 -0.358411 0.061632
v -0.015686 -0.363132 0.061632
v -0.022418 -0.367576 0.061632
v -0.029403 -0.371745 0.061632
v -0.036639 -0.375637 0.061632
v -0.044074 -0.379235 0.061632
v -0.051656 -0.382520 0.061632
v -0.059386 -0.385492 0.061632
v -0.067263 -0.388152 0.061632
v -0.075287 -0.390498 0.061632
v -0.083458 -0.392532 0.061632
v -0.091777 -0.394253 0.061632
v -0.100243 -0.395661 0.061632
v -0.108856 -0.396756 0.061632
v -0.117616 -0.397538 0.061632
v -0.126524 -0.398007 0.061632
v -0.135579 -0.398164 0.061632
v -0.138026 -0.398157 0.061632
v -0.140364 -0.398139 0.061632
v -0.142591 -0.398108 0.061632
v -0.144707 -0.398065 0.061632
v -0.146713 -0.398010 0.061632
v -0.148609 -0.397943 0.061632
v -0.150394 -0.397863 0.061632
v -0.152069 -0.397771 0.061632
v -0.153633 -0.397667 0.061632
v -0.155087 -0.397550 0.061632
v -0.156431 -0.397421 0.061632
v -0.157664 -0.397280 0.061632
v -0.158081 -0.397250 0.061632
v -0.158449 -0.397158 0.061632
v -0.158768 -0.397004 0.061632
v -0.159038 -0.396789 0.061632
v -0.159259 -0.396513 0.061632
v -0.159430 -0.396176 0.061632
v -0.159553 -0.395777 0.061632
v -0.159627 -0.395317 0.061632
v -0.159651 -0.394796 0.061632
v -0.159627 -0.394213 0.061632
v -0.159553 -0.393569 0.061632
v -0.159430 -0.392863 0.061632
v -0.157231 -0.390508 0.061632
v -0.155050 -0.387857 0.061632
v -0.152888 -0.384913 0.061632
v -0.150744 -0.381674 0.061632
v -0.148618 -0.378140 0.061632
v -0.146511 -0.374312 0.061632
v -0.144422 -0.370190 0.061632
v -0.142351 -0.365773 0.061632
v -0.140299 -0.361061 0.061632
v -0.138266 -0.356055 0.061632
v -0.136250 -0.350755 0.061632
v -0.134254 -0.345160 0.061632
v -0.132343 -0.339332 0.061632
v -0.130585 -0.333332 0.061632
v -0.128981 -0.327161 0.061632
v -0.127530 -0.320818 0.061632
v -0.126232 -0.314303 0.061632
v -0.125088 -0.307616 0.061632
v -0.124098 -0.300757 0.061632
v -0.123260 -0.293727 0.061632
v -0.122576 -0.286525 0.061632
v -0.122045 -0.279151 0.061632
v -0.121668 -0.271605 0.061632
v -0.121444 -0.263888 0.061632
v -0.121444 -0.117245 0.061632
v -0.121530 -0.112702 0.061632
v -0.121788 -0.108202 0.061632
v -0.122217 -0.103746 0.061632
v -0.122818 -0.099332 0.061632
v -0.123591 -0.094961 0.061632
v -0.124536 -0.090633 0.061632
v -0.125653 -0.086348 0.061632
v -0.126941 -0.082106 0.061632
v -0.128401 -0.077906 0.061632
v -0.130033 -0.073750 0.061632
v -0.131837 -0.069637 0.061632
v -0.133812 -0.065566 0.061632
v -0.135935 -0.061594 0.061632
v -0.138180 -0.057775 0.061632
v -0.140548 -0.054110 0.061632
v -0.143038 -0.050598 0.061632
v -0.145652 -0.047239 0.061632
v -0.148388 -0.044034 0.061632
v -0.151247 -0.040982 0.061632
v -0.154228 -0.038083 0.061632
v -0.157332 -0.035338 0.061632
v -0.160559 -0.032746 0.061632
v -0.163909 -0.030307 0.061632
v -0.167381 -0.028022 0.061632
v -0.167519 -0.027875 0.061632
v -0.167639 -0.027728 0.061632
v -0.167740 -0.027581 0.061632
v -0.167823 -0.027433 0.061632
v -0.167887 -0.027286 0.061632
v -0.167933 -0.027139 0.061632
v -0.167961 -0.026992 0.061632
v -0.167970 -0.026844 0.061632
v -0.167961 -0.026697 0.061632
v -0.167933 -0.026550 0.061632
v -0.167887 -0.026403 0.061632
v -0.167823 -0.026255 0.061632
v -0.167746 -0.026114 0.061632
v -0.167663 -0.025986 0.061632
v -0.167574 -0.025869 0.061632
v -0.167479 -0.025765 0.061632
v -0.167378 -0.025673 0.061632
v -0.167270 -0.025593 0.061632
v -0.167157 -0.025525 0.061632
v -0.167037 -0.025470 0.061632
v -0.166911 -0.025427 0.061632
v -0.166780 -0.025397 0.061632
v -0.166642 -0.025378 0.061632
v -0.166497 -0.025372 0.061632
v -0.010137 -0.025372 0.061632
v -0.005321 -0.025249 0.061632
v -0.000591 -0.024881 0.061632
v 0.004052 -0.024268 0.061632
v 0.008611 -0.023409 0.061632
v 0.013083 -0.022305 0.061632
v 0.017469 -0.020955 0.061632
v 0.021769 -0.019360 0.061632
v 0.025984 -0.017520 0.061632
v 0.030113 -0.015434 0.061632
v 0.034155 -0.013103 0.061632
v 0.038112 -0.010526 0.061632
v 0.041983 -0.007704 0.061632
v 0.053467 0.000246 0.061632
v 0.058964 0.004461 0.061632
v 0.064264 0.008859 0.061632
v 0.069368 0.013442 0.061632
v 0.074276 0.018209 0.061632
v 0.078987 0.023159 0.061632
v 0.083503 0.028294 0.061632
v 0.087821 0.033613 0.061632
v 0.091944 0.039116 0.061632
v 0.095870 0.044802 0.061632
v 0.099600 0.050673 0.061632
v 0.103133 0.056728 0.061632
v 0.106471 0.062967 0.061632
v 0.109575 0.069329 0.061632
v 0.112409 0.075752 0.061632
v 0.114973 0.082236 0.061632
v 0.117268 0.088782 0.061632
v 0.119292 0.095389 0.061632
v 0.121047 0.102057 0.061632
v 0.122531 0.108787 0.061632
v 0.123746 0.115578 0.061632
v 0.124691 0.122431 0.061632
v 0.125366 0.129344 0.061632
v 0.125770 0.136319 0.061632
v 0.125905 0.143356 0.061632
v 0.125905 0.179575 0.061632
v 0.125801 0.183066 0.061632
v 0.125488 0.186470 0.061632
v 0.124967 0.189789 0.061632
v 0.124237 0.193022 0.061632
v 0.123298 0.196169 0.061632
v 0.122151 0.199230 0.061632
v 0.120795 0.202206 0.061632
v 0.119231 0.205095 0.061632
v 0.117458 0.207899 0.061632
v 0.115476 0.210616 0.061632
v 0.113286 0.213248 0.061632
v 0.110888 0.215794 0.061632
v 0.108342 0.218193 0.061632
v 0.105710 0.220383 0.061632
v 0.102992 0.222364 0.061632
v 0.100189 0.224137 0.061632
v 0.097299 0.225701 0.061632
v 0.094324 0.227057 0.061632
v 0.091263 0.228204 0.061632
v 0.088116 0.229143 0.061632
v 0.084883 0.229873 0.061632
v 0.081564 0.230394 0.061632
v 0.078159 0.230707 0.061632
v 0.074669 0.230812 0.061632
v 0.071463 0.230723 0.061632
v 0.068325 0.230456 0.061632
v 0.065255 0.230011 0.061632
v 0.062252 0.229388 0.061632
v 0.059317 0.228588 0.061632
v 0.056449 0.227609 0.061632
v 0.053648 0.226453 0.061632
v 0.050915 0.225119 0.061632
v 0.048250 0.223606 0.061632
v 0.045652 0.221916 0.061632
v 0.043121 0.220048 0.061632
v 0.040658 0.218002 0.061632
v 0.038318 0.215828 0.061632
v 0.036155 0.213573 0.061632
v 0.034171 0.211239 0.061632
v 0.032364 0.208825 0.061632
v 0.030735 0.206331 0.061632
v 0.029284 0.203758 0.061632
v 0.028011 0.201105 0.061632
v 0.026916 0.198372 0.061632
v 0.025999 0.195559 0.061632
v 0.025260 0.192666 0.061632
v 0.024699 0.189694 0.061632
v 0.024315 0.186642 0.061632
v 0.024168 0.186507 0.061632
v 0.024021 0.186397 0.061632
v 0.023874 0.186311 0.061632
v 0.023726 0.186249 0.061632
v 0.023579 0.186213 0.061632
v 0.023432 0.186200 0.061632
v 0.023285 0.186213 0.061632
v 0.023137 0.186249 0.061632
v 0.022990 0.186311 0.061632
v 0.022843 0.186397 0.061632
v 0.022696 0.186507 0.061632
v 0.022548 0.186642 0.061632
v 0.022165 0.189694 0.061632
v 0.021604 0.192666 0.061632
v 0.020865 0.195559 0.061632
v 0.019947 0.198372 0.061632
v 0.018852 0.201105 0.061632
v 0.017579 0.203758 0.061632
v 0.016129 0.206331 0.061632
v 0.014500 0.208825 0.061632
v 0.012693 0.211239 0.061632
v 0.010709 0.213573 0.061632
v 0.008546 0.215828 0.061632
v 0.006206 0.218002 0.061632
v 0.003743 0.220048 0.061632
v 0.001212 0.221916 0.061632
v -0.001386 0.223606 0.061632
v -0.004052 0.225119 0.061632
v -0.006785 0.226453 0.061632
v -0.009585 0.227609 0.061632
v -0.012453 0.228588 0.061632
v -0.015388 0.229388 0.061632
v -0.018391 0.230011 0.061632
v -0.021462 0.230456 0.061632
v -0.024599 0.230723 0.061632
v -0.027805 0.230812 0.061632
v -0.031296 0.230707 0.061632
v -0.034700 0.230394 0.061632
v -0.038019 0.229873 0.061632
v -0.041252 0.229143 0.061632
v -0.044399 0.228204 0.061632
v -0.047460 0.227057 0.061632
v -0.050436 0.225701 0.061632
v -0.053325 0.224137 0.061632
v -0.056129 0.222364 0.061632
v -0.058846 0.220383 0.061632
v -0.061478 0.218193 0.061632
v -0.064024 0.215794 0.061632
v -0.066423 0.213248 0.061632
v -0.068613 0.210616 0.061632
v -0.070594 0.207899 0.061632
v -0.072367 0.205095 0.061632
v -0.073931 0.202206 0.061632
v -0.075287 0.199230 0.061632
v -0.076434 0.196169 0.061632
v -0.077373 0.193022 0.061632
v -0.078103 0.189789 0.061632
v -0.078624 0.186470 0.061632
v -0.078937 0.183066 0.061632
v -0.079042 0.179575 0.061632
v -0.079042 0.121271 0.061632
v -0.078821 0.113560 0.061632
v -0.078453 0.106032 0.061632
v -0.077937 0.098689 0.061632
v -0.077275 0.091530 0.061632
v -0.076465 0.084555 0.061632
v -0.075508 0.077764 0.061632
v -0.074404 0.071157 0.061632
v -0.073152 0.064734 0.061632
v -0.071753 0.058495 0.061632
v -0.070208 0.052440 0.061632
v -0.068514 0.046569 0.061632
v -0.066674 0.040882 0.061632
v -0.064742 0.035422 0.061632
v -0.062773 0.030233 0.061632
v -0.060767 0.025313 0.061632
v -0.058724 0.020662 0.061632
v -0.056644 0.016282 0.061632
v -0.054528 0.012172 0.061632
v -0.052374 0.008332 0.061632
v -0.050184 0.004761 0.061632
v -0.047957 0.001461 0.061632
v -0.045694 -0.001570 0.061632
v -0.043393 -0.004330 0.061632
v -0.041056 -0.006821 0.061632
v -0.040780 -0.007115 0.061632
v -0.040540 -0.007410 0.061632
v -0.040338 -0.007704 0.061632
v -0.040172 -0.007999 0.061632
v -0.040043 -0.008293 0.061632
v -0.039951 -0.008588 0.061632
v -0.039896 -0.008882 0.061632
v -0.039878 -0.009177 0.061632
v -0.039896 -0.009471 0.061632
v -0.039951 -0.009765 0.061632
v -0.040043 -0.010060 0.061632
v -0.040172 -0.010354 0.061632
v -0.040326 -0.010637 0.061632
v -0.040491 -0.010894 0.061632
v -0.040669 -0.011127 0.061632
v -0.040859 -0.011336 0.061632
v -0.041062 -0.011520 0.061632
v -0.041277 -0.011680 0.061632
v -0.041504 -0.011814 0.061632
v -0.041743 -0.011925 0.061632
v -0.041994 -0.012011 0.061632
v -0.042258 -0.012072 0.061632
v -0.042534 -0.012109 0.061632
v -0.042823 -0.012121 0.061632
v -0.059607 -0.013005 0.061632
v -0.066257 -0.012910 0.061632
v -0.072956 -0.012624 0.061632
v -0.079704 -0.012149 0.061632
v -0.086501 -0.011483 0.061632
v -0.093348 -0.010627 0.061632
v -0.100243 -0.009581 0.061632
v -0.107187 -0.008345 0.061632
v -0.114181 -0.006919 0.061632
v -0.121224 -0.005303 0.061632
v -0.128315 -0.003496 0.061632
v -0.135456 -0.001499 0.061632
v -0.142646 0.000688 0.061632
v -0.149787 0.003145 0.061632
v -0.156780 0.005952 0.061632
v -0.163626 0.009108 0.061632
v -0.170325 0.012614 0.061632
v -0.176877 0.016469 0.061632
v -0.183282 0.020675 0.061632
v -0.189539 0.025230 0.061632
v -0.195650 0.030134 0.061632
v -0.201612 0.035389 0.061632
v -0.207428 0.040993 0.061632
v -0.213096 0.046946 0.061632
v -0.218618 0.053250 0.061632
v -0.225255 0.060986 0.061632
v -0.231329 0.069175 0.061632
v -0.236838 0.077819 0.061632
v -0.241782 0.086917 0.061632
v -0.246162 0.096469 0.061632
v -0.249978 0.106474 0.061632
v -0.253229 0.116934 0.061632
v -0.255916 0.127847 0.061632
v -0.258039 0.139215 0.061632
v -0.259597 0.151036 0.061632
v -0.260591 0.163312 0.061632
v -0.261020 0.176041 0.061632
v -0.261020 0.228161 0.061632
v -0.261060 0.231281 0.061632
v -0.261180 0.234456 0.061632
v -0.261379 0.237686 0.061632
v -0.261658 0.240971 0.061632
v -0.262017 0.244311 0.061632
v -0.262456 0.247707 0.061632
v -0.262974 0.251157 0.061632
v -0.263572 0.254663 0.061632
v -0.264250 0.258224 0.061632
v -0.265008 0.261841 0.061632
v -0.265845 0.265512 0.061632
v -0.266762 0.269239 0.061632
v -0.267772 0.272966 0.061632
v -0.268885 0.276638 0.061632
v -0.270103 0.280254 0.061632
v -0.271425 0.283815 0.061632
v -0.272851 0.287321 0.061632
v -0.274382 0.290772 0.061632
v -0.276017 0.294167 0.061632
v -0.277756 0.297508 0.061632
v -0.279599 0.300793 0.061632
v -0.281547 0.304023 0.061632
v -0.283599 0.307197 0.061632
v -0.285755 0.310317 0.061632
v -0.285890 0.310467 0.061632
v -0.286001 0.310624 0.061632
v -0.286087 0.310786 0.061632
v -0.286148 0.310955 0.061632
v -0.286185 0.311130 0.061632
v -0.286197 0.311311 0.061632
v -0.286185 0.311498 0.061632
v -0.286148 0.311691 0.061632
v -0.286087 0.311890 0.061632
v -0.286001 0.312096 0.061632
v -0.285890 0.312308 0.061632
v -0.285755 0.312525 0.061632
v -0.285608 0.312731 0.061632
v -0.285461 0.312906 0.061632
v -0.285314 0.313050 0.061632
v -0.285166 0.313163 0.061632
v -0.285019 0.313246 0.061632
v -0.284872 0.313298 0.061632
v -0.284725 0.313320 0.061632
v -0.284578 0.313311 0.061632
v -0.284430 0.313271 0.061632
v -0.284283 0.313200 0.061632
v -0.284136 0.313099 0.061632
v -0.283989 0.312967 0.061632
v -0.278725 0.311556 0.061632
v -0.273535 0.310268 0.061632
v -0.268419 0.309102 0.061632
v -0.263376 0.308059 0.061632
v -0.258407 0.307139 0.061632
v -0.253511 0.306342 0.061632
v -0.248690 0.305667 0.061632
v -0.243941 0.305115 0.061632
v -0.239267 0.304685 0.061632
v -0.234666 0.304379 0.061632
v -0.230138 0.304195 0.061632
v -0.225685 0.304133 0.061632
v -0.220547 0.304176 0.061632
v -0.215440 0.304305 0.061632
v -0.210363 0.304520 0.061632
v -0.205318 0.304820 0.061632
v -0.200302 0.305207 0.061632
v -0.195318 0.305679 0.061632
v -0.190364 0.306237 0.061632
v -0.185441 0.306881 0.061632
v -0.180549 0.307611 0.061632
v -0.175687 0.308427 0.061632
v -0.170856 0.309329 0.061632
v -0.166056 0.310317 0.061632
v -0.161176 0.311391 0.061632
v -0.156105 0.312550 0.061632
v -0.150845 0.313795 0.061632
v -0.145394 0.315127 0.061632
v -0.139753 0.316544 0.061632
v -0.133922 0.318047 0.061632
v -0.127901 0.319636 0.061632
v -0.121690 0.321310 0.061632
v -0.115288 0.323071 0.061632
v -0.108697 0.324917 0.061632
v -0.101915 0.326850 0.061632
v -0.094943 0.328868 0.061632
v -0.088274 0.330742 0.061632
v -0.081814 0.332537 0.061632
v -0.075563 0.334251 0.061632
v -0.069521 0.335886 0.061632
v -0.063687 0.337441 0.061632
v -0.058061 0.338917 0.061632
v -0.052644 0.340312 0.061632
v -0.047436 0.341628 0.061632
v -0.042436 0.342864 0.061632
v -0.037645 0.344021 0.061632
v -0.033062 0.345098 0.061632
v -0.028688 0.346094 0.061632
v -0.024412 0.347011 0.061632
v -0.020124 0.347849 0.061632
v -0.015824 0.348606 0.061632
v -0.011511 0.349284 0.061632
v -0.007186 0.349883 0.061632
v -0.002849 0.350401 0.061632
v 0.001500 0.350840 0.061632
v 0.005862 0.351198 0.061632
v 0.010236 0.351478 0.061632
v 0.014622 0.351677 0.061632
v 0.019021 0.351797 0.061632
v 0.023432 0.351836 0.061632
v 0.027699 0.351797 0.061632
v 0.031959 0.351677 0.061632
v 0.036214 0.351478 0.061632
v 0.040462 0.351198 0.061632
v 0.044704 0.350839 0.061632
v 0.048940 0.350401 0.061632
v 0.053170 0.349882 0.061632
v 0.057394 0.349284 0.061632
v 0.061611 0.348606 0.061632
v 0.065823 0.347849 0.061632
v 0.070028 0.347011 0.061632
v 0.074227 0.346094 0.061632
v 0.078524 0.345097 0.061632
v 0.083024 0.344021 0.061632
v 0.087726 0.342864 0.061632
v 0.092631 0.341628 0.061632
v 0.097738 0.340312 0.061632
v 0.103048 0.338917 0.061632
v 0.108560 0.337441 0.061632
v 0.114274 0.335886 0.061632
v 0.120191 0.334251 0.061632
v 0.126310 0.332537 0.061632
v 0.132632 0.330742 0.061632
v 0.139156 0.328868 0.061632
v 0.146095 0.326994 0.061632
v 0.152775 0.325200 0.061632
v 0.159198 0.323485 0.061632
v 0.165364 0.321850 0.061632
v 0.171271 0.320295 0.061632
v 0.176921 0.318820 0.061632
v 0.182314 0.317424 0.061632
v 0.187448 0.316108 0.061632
v 0.192326 0.314872 0.061632
v 0.196945 0.313715 0.061632
v 0.201307 0.312639 0.061632
v 0.205411 0.311642 0.061632
v 0.209404 0.310719 0.061632
v 0.213435 0.309863 0.061632
v 0.217502 0.309075 0.061632
v 0.221606 0.308354 0.061632
v 0.225747 0.307700 0.061632
v 0.229925 0.307115 0.061632
v 0.234139 0.306596 0.061632
v 0.238391 0.306145 0.061632
v 0.242679 0.305762 0.061632
v 0.247004 0.305446 0.061632
v 0.251365 0.305198 0.061632
v 0.255764 0.305017 0.061632
v 0.256690 0.304875 0.061632
v 0.257703 0.304747 0.061632
v 0.258801 0.304630 0.061632
v 0.259985 0.304526 0.061632
v 0.261255 0.304434 0.061632
v 0.262610 0.304354 0.061632
v 0.264052 0.304287 0.061632
v 0.265580 0.304231 0.061632
v 0.267193 0.304188 0.061632
v 0.268892 0.304158 0.061632
v 0.270677 0.304139 0.061632
vn -0.0000 -0.0000 -1.0000
vn -0.0000 -0.0000 1.0000
vn 0.0468 0.9989 -0.0000
vn -0.1003 0.9950 -0.0000
vn 0.9716 -0.2366 -0.0000
vn -0.9857 0.1687 -0.0000
vn 0.1953 0.9807 -0.0000
vn -0.2287 0.9735 -0.0000
vn 0.8156 -0.5787 -0.0000
vn -0.9265 0.3764 -0.0000
vn 0.2586 0.9660 -0.0000
vn -0.2645 0.9644 -0.0000
vn 0.5509 -0.8346 -0.0000
vn -0.7722 0.6354 -0.0000
vn 0.2579 0.9662 -0.0000
vn 0.2415 -0.9704 -0.0000
vn -0.8912 -0.4537 -0.0000
vn -0.0799 -0.9968 -0.0000
vn -0.0079 -1.0000 -0.0000
vn -0.0637 0.9980 -0.0000
vn 0.0843 0.9964 -0.0000
vn -0.2097 0.9778 -0.0000
vn 0.2260 0.9741 -0.0000
vn -0.2576 0.9663 -0.0000
vn 0.2663 0.9639 -0.0000
vn -0.2652 0.9642 -0.0000
vn 0.2546 0.9671 -0.0000
vn -0.4904 0.8715 -0.0000
vn 0.4657 0.8849 -0.0000
vn 0.2589 0.9659 -0.0000
vn -0.9557 0.2944 -0.0000
vn 0.2252 0.9743 -0.0000
vn -0.2409 0.9705 -0.0000
vn 0.9946 0.1039 -0.0000
vn -0.2149 0.9766 -0.0000
vn -0.7440 -0.6682 -0.0000
vn 0.8106 -0.5856 -0.0000
vn 0.0891 0.9960 -0.0000
vn -0.0768 0.9970 -0.0000
vn 0.0915 0.9958 -0.0000
vn -0.0665 0.9978 -0.0000
vn 0.0723 0.9974 -0.0000
vn -0.9263 -0.3768 -0.0000
vn 0.9592 -0.2826 -0.0000
vn -0.9824 -0.1870 -0.0000
vn -0.9999 -0.0128 -0.0000
vn -0.0277 -0.9996 -0.0000
vn 0.2030 -0.9792 -0.0000
vn -0.2858 -0.9583 -0.0000
vn 0.4761 -0.8794 -0.0000
vn -0.4934 -0.8698 -0.0000
vn 0.6390 -0.7692 -0.0000
vn -0.7278 -0.6857 -0.0000
vn -0.8372 -0.5468 -0.0000
vn 0.8452 -0.5345 -0.0000
vn 0.9283 -0.3719 -0.0000
vn -0.9754 -0.2203 -0.0000
vn -0.6755 -0.7374 -0.0000
vn 0.3846 -0.9231 -0.0000
vn 0.9996 -0.0299 -0.0000
vn 0.9983 -0.0580 -0.0000
vn 0.9288 -0.3706 -0.0000
vn -0.9906 0.1366 -0.0000
vn -0.9344 -0.3563 -0.0000
vn 0.9863 0.1648 -0.0000
vn 0.7779 -0.6284 -0.0000
vn -0.8987 0.4385 -0.0000
vn -0.6939 -0.7201 -0.0000
vn 0.9260 0.3776 -0.0000
vn -0.7244 0.6894 -0.0000
vn -0.3724 -0.9281 -0.0000
vn 0.7682 0.6402 -0.0000
vn 0.9829 0.1842 -0.0000
vn -0.1500 -0.9887 -0.0000
vn 0.7950 -0.6066 -0.0000
vn 0.1321 -0.9912 -0.0000
vn -0.4995 0.8663 -0.0000
vn -0.0776 0.9970 -0.0000
vn -0.5111 0.8595 -0.0000
vn -0.9544 0.2984 -0.0000
vn -0.8241 -0.5665 -0.0000
vn -0.7298 -0.6836 -0.0000
vn 0.5818 -0.8133 -0.0000
vn -0.9158 -0.4016 -0.0000
vn 0.8188 -0.5740 -0.0000
vn 0.9561 -0.2930 -0.0000
vn -0.9954 -0.0959 -0.0000
vn 1.0000 -0.0000 -0.0000
vn 0.9457 -0.3250 -0.0000
vn -0.9930 0.1183 -0.0000
vn 0.7596 -0.6504 -0.0000
vn -0.9418 0.3361 -0.0000
vn 0.4737 -0.8807 -0.0000
vn -0.8339 0.5520 -0.0000
vn 0.1641 -0.9865 -0.0000
vn -0.9874 -0.1581 -0.0000
vn -0.1137 -0.9935 -0.0000
vn -0.0203 -0.9998 -0.0000
vn -0.0272 0.9996 -0.0000
vn 0.1216 0.9926 -0.0000
vn -0.1735 0.9848 -0.0000
vn 0.2388 0.9711 -0.0000
vn -0.2495 0.9684 -0.0000
vn 0.2731 0.9620 -0.0000
vn -0.2740 0.9617 -0.0000
vn 0.2506 0.9681 -0.0000
vn -0.2304 0.9731 -0.0000
vn -0.1443 0.9895 -0.0000
vn -0.4116 0.9113 -0.0000
vn -0.8867 0.4624 -0.0000
vn 0.9993 -0.0384 -0.0000
vn -0.8840 -0.4674 -0.0000
vn 0.2221 0.9750 -0.0000
vn 0.1903 0.9817 -0.0000
vn 0.8259 -0.5638 -0.0000
vn -0.1120 0.9937 -0.0000
vn -0.1155 0.9933 -0.0000
vn 0.0569 0.9984 -0.0000
vn 0.0406 0.9992 -0.0000
vn -0.9010 -0.4338 -0.0000
vn -0.9750 -0.2223 -0.0000
vn 0.9819 -0.1895 -0.0000
vn -0.9981 -0.0616 -0.0000
vn -0.1552 -0.9879 -0.0000
vn 0.0915 -0.9958 -0.0000
vn 0.3229 -0.9464 -0.0000
vn -0.3817 -0.9243 -0.0000
vn 0.5892 -0.8080 -0.0000
vn -0.6397 -0.7687 -0.0000
vn 0.7217 -0.6922 -0.0000
vn -0.7619 -0.6477 -0.0000
vn 0.9100 -0.4147 -0.0000
vn -0.9364 -0.3509 -0.0000
vn 0.9689 -0.2476 -0.0000
vn -0.9826 -0.1856 -0.0000
vn 0.0830 -0.9965 -0.0000
vn 0.9906 -0.1370 -0.0000
vn -0.9983 0.0579 -0.0000
vn -0.9710 -0.2391 -0.0000
vn 0.9996 0.0286 -0.0000
vn 0.8968 -0.4425 -0.0000
vn -0.9299 0.3677 -0.0000
vn 0.7288 -0.6847 -0.0000
vn 0.9758 0.2188 -0.0000
vn -0.7522 -0.6589 -0.0000
vn -0.7763 0.6304 -0.0000
vn 0.9034 0.4289 -0.0000
vn -0.4637 -0.8860 -0.0000
vn 0.7295 0.6840 -0.0000
vn -0.1998 -0.9798 -0.0000
vn -0.5891 0.8081 -0.0000
vn 0.9981 -0.0622 -0.0000
vn 0.6727 -0.7399 -0.0000
vn 0.0526 -0.9986 -0.0000
vn -0.1852 0.9827 -0.0000
vn -0.3231 0.9464 -0.0000
vn -0.8787 0.4773 -0.0000
vn -0.9163 -0.4006 -0.0000
vn -0.6625 -0.7491 -0.0000
vn -0.8820 -0.4713 -0.0000
vn 0.6486 -0.7611 -0.0000
vn 0.8623 -0.5063 -0.0000
vn -0.9847 -0.1741 -0.0000
vn 0.9765 -0.2154 -0.0000
vn 0.9974 -0.0714 -0.0000
vn -0.9974 0.0718 -0.0000
vn 0.9101 -0.4144 -0.0000
vn -0.9597 0.2811 -0.0000
vn 0.6959 -0.7182 -0.0000
vn -0.8760 0.4822 -0.0000
vn 0.3975 -0.9176 -0.0000
vn -0.9991 0.0421 -0.0000
vn 0.0889 -0.9960 -0.0000
vn -0.2425 -0.9701 -0.0000
vn -0.0356 -0.9994 -0.0000
vn 0.0093 1.0000 -0.0000
vn -0.1370 0.9906 -0.0000
vn 0.1587 0.9873 -0.0000
vn -0.2400 0.9708 -0.0000
vn 0.2495 0.9684 -0.0000
vn -0.2706 0.9627 -0.0000
vn 0.2608 0.9654 -0.0000
vn -0.2436 0.9699 -0.0000
vn 0.2457 0.9693 -0.0000
vn 0.2614 0.9652 -0.0000
vn -0.2170 0.9762 -0.0000
vn -0.8129 0.5824 -0.0000
vn 0.9209 0.3897 -0.0000
vn -0.9785 -0.2063 -0.0000
vn 0.9778 -0.2097 -0.0000
vn 0.1559 0.9878 -0.0000
vn 0.1821 0.9833 -0.0000
vn -0.1476 0.9890 -0.0000
vn -0.1608 0.9870 -0.0000
vn 0.1506 0.9886 -0.0000
vn 0.0266 0.9996 -0.0000
vn -0.0084 1.0000 -0.0000
vn -0.8721 -0.4894 -0.0000
vn 0.8811 -0.4729 -0.0000
vn -0.9652 -0.2614 -0.0000
vn 0.9949 -0.1013 -0.0000
vn -0.9943 -0.1068 -0.0000
vn -0.0299 -0.9996 -0.0000
vn 0.2203 -0.9754 -0.0000
vn -0.2631 -0.9648 -0.0000
vn 0.4387 -0.8986 -0.0000
vn -0.5345 -0.8452 -0.0000
vn 0.6858 -0.7278 -0.0000
vn -0.6807 -0.7326 -0.0000
vn 0.8006 -0.5992 -0.0000
vn -0.8794 -0.4761 -0.0000
vn -0.9507 -0.3100 -0.0000
vn 0.9583 -0.2858 -0.0000
vn 0.9922 -0.1246 -0.0000
vn -1.0000 -0.0000 -0.0000
vn 0.9763 -0.2165 -0.0000
vn -0.9914 -0.1307 -0.0000
vn 0.9975 0.0700 -0.0000
vn 0.8620 -0.5069 -0.0000
vn -0.9561 0.2930 -0.0000
vn -0.8032 -0.5957 -0.0000
vn 0.6761 -0.7368 -0.0000
vn 0.9608 0.2771 -0.0000
vn -0.8229 0.5681 -0.0000
vn -0.5489 -0.8359 -0.0000
vn 0.8722 0.4891 -0.0000
vn -0.6085 0.7936 -0.0000
vn -0.2469 -0.9690 -0.0000
vn 0.8241 0.5665 -0.0000
vn 0.9545 -0.2983 -0.0000
vn 0.5111 -0.8595 -0.0000
vn -0.0425 -0.9991 -0.0000
vn -0.2941 0.9558 -0.0000
vn -0.1322 0.9912 -0.0000
vn -0.7951 0.6065 -0.0000
vn -0.9828 -0.1846 -0.0000
vn -0.5886 -0.8084 -0.0000
vn -0.8400 -0.5426 -0.0000
vn 0.7112 -0.7030 -0.0000
vn -0.9677 -0.2521 -0.0000
vn 0.8987 -0.4385 -0.0000
vn 0.9906 -0.1366 -0.0000
vn 0.9885 -0.1515 -0.0000
vn -0.9996 0.0290 -0.0000
vn 0.8647 -0.5022 -0.0000
vn -0.9748 0.2230 -0.0000
vn 0.6257 -0.7801 -0.0000
vn -0.9055 0.4244 -0.0000
vn 0.3199 -0.9475 -0.0000
vn -0.9852 0.1715 -0.0000
vn -0.6226 -0.7825 -0.0000
vn -0.0549 -0.9985 -0.0000
vn 0.0173 -0.9999 -0.0000
vn 0.0656 0.9978 -0.0000
vn -0.0820 0.9966 -0.0000
vn 0.2134 0.9770 -0.0000
vn -0.2222 0.9750 -0.0000
vn 0.2626 0.9649 -0.0000
vn -0.2612 0.9653 -0.0000
vn 0.2563 0.9666 -0.0000
vn -0.2603 0.9655 -0.0000
vn 0.2748 0.9615 -0.0000
vn -0.6105 0.7920 -0.0000
vn 0.6671 0.7450 -0.0000
vn 0.2360 0.9717 -0.0000
vn 0.9864 0.1644 -0.0000
vn -0.9823 0.1872 -0.0000
vn -0.8226 -0.5686 -0.0000
vn 0.0281 0.9996 -0.0000
vn -0.2015 0.9795 -0.0000
vn -0.1187 0.9929 -0.0000
vn -0.2221 0.9750 -0.0000
vn 0.1771 0.9842 -0.0000
vn -0.2346 0.9721 -0.0000
vn 0.8692 -0.4944 -0.0000
vn 0.2542 0.9671 -0.0000
vn -0.2676 0.9635 -0.0000
vn 0.2594 0.9658 -0.0000
vn -0.2496 0.9683 -0.0000
vn 0.1055 0.9944 -0.0000
vn 0.1155 0.9933 -0.0000
vn 0.2428 0.9701 -0.0000
vn -0.0595 0.9982 -0.0000
vn 0.4322 0.9018 -0.0000
vn -0.0798 0.9968 -0.0000
vn -0.7649 0.6441 -0.0000
vn 0.0877 0.9961 -0.0000
vn 0.9578 0.2873 -0.0000
vn -0.0406 0.9992 -0.0000
vn -0.9977 -0.0677 -0.0000
vn 0.9528 -0.3035 -0.0000
vn -0.9375 -0.3480 -0.0000
vn -0.1655 0.9862 -0.0000
vn 0.9439 -0.3302 -0.0000
vn -0.9858 -0.1682 -0.0000
vn -0.1821 0.9833 -0.0000
vn -0.0847 -0.9964 -0.0000
vn 0.1389 0.9903 -0.0000
vn 0.1608 0.9870 -0.0000
vn 0.1434 -0.9897 -0.0000
vn 0.1263 0.9920 -0.0000
vn -0.0252 0.9997 -0.0000
vn -0.3509 -0.9364 -0.0000
vn 0.0180 0.9998 -0.0000
vn -0.8563 -0.5164 -0.0000
vn 0.4146 -0.9100 -0.0000
vn 0.9048 -0.4258 -0.0000
vn -0.5453 -0.8382 -0.0000
vn -0.9570 -0.2902 -0.0000
vn -0.9918 -0.1281 -0.0000
vn 0.5939 -0.8045 -0.0000
vn 0.9982 -0.0595 -0.0000
vn -0.7687 -0.6397 -0.0000
vn 0.0277 -0.9996 -0.0000
vn -0.2030 -0.9792 -0.0000
vn 0.8080 -0.5891 -0.0000
vn 0.2858 -0.9583 -0.0000
vn -0.8711 -0.4911 -0.0000
vn -0.4761 -0.8794 -0.0000
vn 0.4934 -0.8698 -0.0000
vn -0.6390 -0.7692 -0.0000
vn 0.9016 -0.4326 -0.0000
vn 0.7278 -0.6857 -0.0000
vn 0.8372 -0.5468 -0.0000
vn -0.9879 -0.1552 -0.0000
vn -0.8452 -0.5345 -0.0000
vn -0.9283 -0.3719 -0.0000
vn -0.6000 -0.8000 -0.0000
vn 0.9754 -0.2203 -0.0000
vn 0.9958 -0.0915 -0.0000
vn 0.6758 -0.7371 -0.0000
vn 0.5039 -0.8638 -0.0000
vn -0.3846 -0.9231 -0.0000
vn 0.9998 -0.0192 -0.0000
vn -0.9996 -0.0299 -0.0000
vn -0.9967 -0.0807 -0.0000
vn 0.9429 -0.3332 -0.0000
vn 0.9667 -0.2559 -0.0000
vn -0.9844 0.1761 -0.0000
vn -0.9090 -0.4168 -0.0000
vn -0.9671 0.2544 -0.0000
vn 0.9957 0.0922 -0.0000
vn 0.9902 0.1395 -0.0000
vn 0.8429 -0.5380 -0.0000
vn -0.8433 -0.5375 -0.0000
vn 0.8008 -0.5989 -0.0000
vn -0.8818 0.4717 -0.0000
vn 0.6487 -0.7610 -0.0000
vn -0.8441 0.5362 -0.0000
vn 0.5876 -0.8092 -0.0000
vn 0.9514 0.3079 -0.0000
vn 0.9350 0.3548 -0.0000
vn -0.5885 -0.8085 -0.0000
vn -0.6611 -0.7503 -0.0000
vn -0.6967 0.7173 -0.0000
vn -0.6386 0.7695 -0.0000
vn -0.3254 -0.9456 -0.0000
vn 0.8524 0.5229 -0.0000
vn -0.2693 -0.9631 -0.0000
vn 0.8012 0.5984 -0.0000
vn 0.8715 0.4904 -0.0000
vn 0.9545 0.2983 -0.0000
vn 0.9161 -0.4009 -0.0000
vn -0.1240 -0.9923 -0.0000
vn 0.4190 -0.9080 -0.0000
vn 0.8411 -0.5409 -0.0000
vn -0.0703 -0.9975 -0.0000
vn -0.3478 0.9376 -0.0000
vn 0.2265 -0.9740 -0.0000
vn -0.0426 0.9991 -0.0000
vn -0.4509 0.8926 -0.0000
vn -0.0255 0.9997 -0.0000
vn -0.7389 0.6738 -0.0000
vn -0.5961 0.8029 -0.0000
vn -0.9981 -0.0621 -0.0000
vn -0.9828 0.1846 -0.0000
vn -0.5498 -0.8353 -0.0000
vn -0.7760 -0.6307 -0.0000
vn -0.8157 -0.5785 -0.0000
vn -0.7606 -0.6492 -0.0000
vn 0.7405 -0.6720 -0.0000
vn -0.9308 -0.3655 -0.0000
vn -0.9568 -0.2906 -0.0000
vn 0.7944 -0.6074 -0.0000
vn 0.9149 -0.4037 -0.0000
vn 0.9437 -0.3308 -0.0000
vn -0.9984 -0.0572 -0.0000
vn 0.9953 -0.0971 -0.0000
vn 0.9811 -0.1935 -0.0000
vn 0.9599 -0.2805 -0.0000
vn -0.9897 0.1430 -0.0000
vn 0.8404 -0.5420 -0.0000
vn -0.9807 0.1953 -0.0000
vn 0.7886 -0.6149 -0.0000
vn -0.9347 0.3554 -0.0000
vn 0.5887 -0.8083 -0.0000
vn -0.9168 0.3993 -0.0000
vn 0.5125 -0.8587 -0.0000
vn -0.8060 0.5919 -0.0000
vn 0.2807 -0.9598 -0.0000
vn -0.7310 0.6824 -0.0000
vn -0.7808 -0.6248 -0.0000
vn 0.2026 -0.9793 -0.0000
vn -0.0665 -0.9978 -0.0000
vn -0.9558 -0.2940 -0.0000
vn -0.0955 -0.9954 -0.0000
vn -0.0138 -0.9999 -0.0000
vn -0.0025 -1.0000 -0.0000
vn -0.0454 0.9990 -0.0000
vn 0.1030 0.9947 -0.0000
vn -0.1917 0.9815 -0.0000
vn 0.2327 0.9725 -0.0000
vn -0.2537 0.9673 -0.0000
vn 0.2698 0.9629 -0.0000
vn -0.2697 0.9629 -0.0000
vn 0.2527 0.9676 -0.0000
vn -0.3339 0.9426 -0.0000
vn 0.6357 0.7719 -0.0000
vn -0.2589 0.9659 -0.0000
vn -0.2229 0.9748 -0.0000
vn -0.9226 0.3858 -0.0000
vn 0.2409 0.9705 -0.0000
vn 0.9993 0.0365 -0.0000
vn 0.2077 0.9782 -0.0000
vn -0.8171 -0.5765 -0.0000
vn 0.7432 -0.6690 -0.0000
vn 0.0729 0.9973 -0.0000
vn -0.0943 0.9955 -0.0000
vn -0.0915 0.9958 -0.0000
vn 0.0665 0.9978 -0.0000
vn 0.0587 0.9983 -0.0000
vn -0.9141 -0.4055 -0.0000
vn 0.9718 -0.2356 -0.0000
vn -0.9788 -0.2051 -0.0000
vn -0.9993 -0.0377 -0.0000
vn 0.0299 -0.9996 -0.0000
vn -0.2203 -0.9754 -0.0000
vn 0.2631 -0.9648 -0.0000
vn -0.4387 -0.8986 -0.0000
vn 0.5345 -0.8452 -0.0000
vn -0.6858 -0.7278 -0.0000
vn 0.6807 -0.7326 -0.0000
vn -0.8006 -0.5992 -0.0000
vn 0.8794 -0.4761 -0.0000
vn 0.9507 -0.3100 -0.0000
vn -0.9583 -0.2858 -0.0000
vn -0.9922 -0.1246 -0.0000
vn 0.2425 -0.9701 -0.0000
vn 0.9952 -0.0974 -0.0000
vn -0.9953 0.0971 -0.0000
vn 0.9134 -0.4071 -0.0000
vn -0.9549 -0.2968 -0.0000
vn -0.9149 0.4037 -0.0000
vn 0.7539 -0.6570 -0.0000
vn 0.9815 0.1912 -0.0000
vn -0.7242 -0.6895 -0.0000
vn -0.7510 0.6603 -0.0000
vn 0.9155 0.4022 -0.0000
vn -0.4187 -0.9081 -0.0000
vn 0.7292 0.6843 -0.0000
vn -0.1753 -0.9845 -0.0000
vn 0.9981 0.0622 -0.0000
vn -0.5457 0.8380 -0.0000
vn 0.7390 -0.6737 -0.0000
vn 0.0425 -0.9991 -0.0000
vn -0.1310 0.9914 -0.0000
vn -0.4189 0.9080 -0.0000
vn -0.9163 0.4006 -0.0000
vn -0.8715 -0.4904 -0.0000
vn -0.6971 -0.7170 -0.0000
vn 0.6157 -0.7880 -0.0000
vn -0.8996 -0.4366 -0.0000
vn 0.8415 -0.5403 -0.0000
vn -0.9909 -0.1350 -0.0000
vn 0.9671 -0.2545 -0.0000
vn 0.9994 -0.0335 -0.0000
vn 0.9292 -0.3697 -0.0000
vn -0.9955 0.0946 -0.0000
vn 0.7286 -0.6849 -0.0000
vn -0.9502 0.3116 -0.0000
vn 0.4356 -0.9001 -0.0000
vn -0.8569 0.5155 -0.0000
vn -0.9989 -0.0470 -0.0000
vn 0.1261 -0.9920 -0.0000
vn -0.0733 -0.9973 -0.0000
vn -0.0275 -0.9996 -0.0000
vn -0.0090 1.0000 -0.0000
vn 0.1402 0.9901 -0.0000
vn -0.1553 0.9879 -0.0000
vn 0.2444 0.9697 -0.0000
vn -0.2450 0.9695 -0.0000
vn 0.2761 0.9611 -0.0000
vn -0.2781 0.9606 -0.0000
vn 0.2483 0.9687 -0.0000
vn -0.2373 0.9714 -0.0000
vn 0.0624 0.9980 -0.0000
vn -0.3260 0.9454 -0.0000
vn 0.8611 0.5085 -0.0000
vn -0.8501 0.5266 -0.0000
vn -0.9397 -0.3420 -0.0000
vn 0.9927 -0.1203 -0.0000
vn 0.2025 0.9793 -0.0000
vn 0.1730 0.9849 -0.0000
vn -0.1297 0.9915 -0.0000
vn -0.1386 0.9903 -0.0000
vn 0.0411 0.9992 -0.0000
vn 0.0361 0.9993 -0.0000
vn 0.0138 0.9999 -0.0000
vn 0.8548 -0.5190 -0.0000
vn -0.8870 -0.4618 -0.0000
vn -0.9710 -0.2390 -0.0000
vn 0.9895 -0.1447 -0.0000
vn -0.9964 -0.0847 -0.0000
vn -0.0915 -0.9958 -0.0000
vn 0.1552 -0.9879 -0.0000
vn -0.3229 -0.9464 -0.0000
vn 0.3817 -0.9243 -0.0000
vn -0.5892 -0.8080 -0.0000
vn 0.6397 -0.7687 -0.0000
vn -0.7217 -0.6922 -0.0000
vn 0.7619 -0.6477 -0.0000
vn -0.9100 -0.4147 -0.0000
vn 0.9364 -0.3509 -0.0000
vn -0.9689 -0.2476 -0.0000
vn 0.9826 -0.1856 -0.0000
vn -0.0830 -0.9965 -0.0000
vn 0.9843 -0.1768 -0.0000
vn -0.9998 0.0192 -0.0000
vn -0.9830 -0.1836 -0.0000
vn 0.9988 0.0488 -0.0000
vn 0.8797 -0.4755 -0.0000
vn -0.9437 0.3308 -0.0000
vn 0.7029 -0.7113 -0.0000
vn -0.7589 -0.6512 -0.0000
vn 0.9689 0.2474 -0.0000
vn -0.8003 0.5996 -0.0000
vn -0.5072 -0.8618 -0.0000
vn 0.8891 0.4578 -0.0000
vn -0.5692 0.8222 -0.0000
vn -0.2237 -0.9747 -0.0000
vn 0.7761 0.6306 -0.0000
vn 0.9829 -0.1842 -0.0000
vn 0.5964 -0.8027 -0.0000
vn -0.0143 -0.9999 -0.0000
vn -0.2397 0.9708 -0.0000
vn -0.2266 0.9740 -0.0000
vn -0.8411 0.5409 -0.0000
vn -0.9545 -0.2984 -0.0000
vn -0.6262 -0.7796 -0.0000
vn -0.8620 -0.5068 -0.0000
vn 0.6805 -0.7327 -0.0000
vn 0.8814 -0.4724 -0.0000
vn -0.9770 -0.2133 -0.0000
vn 0.9844 -0.1761 -0.0000
vn 0.9938 -0.1108 -0.0000
vn -0.9988 0.0499 -0.0000
vn 0.8886 -0.4587 -0.0000
vn -0.9678 0.2516 -0.0000
vn 0.6615 -0.7500 -0.0000
vn -0.8920 0.4520 -0.0000
vn 0.3589 -0.9334 -0.0000
vn -0.9935 0.1135 -0.0000
vn -0.4333 -0.9013 -0.0000
vn -0.0446 -0.9990 -0.0000
vn -0.2551 0.9669 -0.0000
vn 0.2396 0.9709 -0.0000
vn 0.0867 0.9962 -0.0000
vn 0.5666 0.8240 -0.0000
vn -0.6996 0.7146 -0.0000
vn 0.9759 0.2183 -0.0000
vn -0.9979 0.0654 -0.0000
vn 0.9170 -0.3990 -0.0000
vn -0.1835 0.9830 -0.0000
vn -0.2025 0.9793 -0.0000
vn -0.8398 -0.5429 -0.0000
vn 0.1221 0.9925 -0.0000
vn 0.1386 0.9903 -0.0000
vn -0.0423 0.9991 -0.0000
vn -0.0138 0.9999 -0.0000
vn 0.0103 0.9999 -0.0000
vn 0.0033 1.0000 -0.0000
vn 0.9258 -0.3781 -0.0000
vn -0.9477 -0.3191 -0.0000
vn -0.9889 -0.1485 -0.0000
vn 0.0847 -0.9964 -0.0000
vn -0.1434 -0.9897 -0.0000
vn 0.3509 -0.9364 -0.0000
vn -0.4146 -0.9100 -0.0000
vn 0.5453 -0.8382 -0.0000
vn -0.5939 -0.8045 -0.0000
vn 0.7687 -0.6397 -0.0000
vn -0.8080 -0.5891 -0.0000
vn 0.8711 -0.4911 -0.0000
vn -0.9016 -0.4326 -0.0000
vn 0.9879 -0.1552 -0.0000
vn 0.6001 -0.8000 -0.0000
vn -0.9958 -0.0915 -0.0000
vn -0.5039 -0.8638 -0.0000
vn -0.9994 -0.0337 -0.0000
vn 0.9555 -0.2948 -0.0000
vn -0.9765 0.2154 -0.0000
vn 0.9933 0.1153 -0.0000
vn 0.8225 -0.5688 -0.0000
vn -0.8786 -0.4775 -0.0000
vn -0.8637 0.5040 -0.0000
vn 0.6208 -0.7840 -0.0000
vn 0.9427 0.3336 -0.0000
vn -0.6260 -0.7798 -0.0000
vn -0.6681 0.7441 -0.0000
vn 0.8290 0.5593 -0.0000
vn -0.2910 -0.9567 -0.0000
vn 0.9161 0.4009 -0.0000
vn 0.8786 -0.4776 -0.0000
vn -0.0975 -0.9952 -0.0000
vn 0.3232 -0.9463 -0.0000
vn -0.4002 0.9164 -0.0000
vn -0.0000 1.0000 -0.0000
vn -0.6727 0.7399 -0.0000
vn -0.9981 0.0623 -0.0000
vn -0.7296 -0.6839 -0.0000
vn -0.7892 -0.6141 -0.0000
vn 0.7683 -0.6401 -0.0000
vn -0.9445 -0.3284 -0.0000
vn 0.9299 -0.3678 -0.0000
vn -0.9998 -0.0189 -0.0000
vn 0.9983 -0.0579 -0.0000
vn -0.4903 0.8716 -0.0000
vn 0.4656 0.8850 -0.0000
vn 0.9946 0.1037 -0.0000
vn -0.7442 -0.6680 -0.0000
vn -0.9999 -0.0127 -0.0000
vn -0.1442 0.9895 -0.0000
vn -0.4116 0.9114 -0.0000
vn -0.3232 0.9463 -0.0000
vn -0.2437 0.9699 -0.0000
vn 0.2615 0.9652 -0.0000
vn 0.9210 0.3895 -0.0000
vn -0.9786 -0.2060 -0.0000
vn 0.9778 -0.2095 -0.0000
vn 0.9949 -0.1012 -0.0000
vn -0.1321 0.9912 -0.0000
vn -0.7950 0.6066 -0.0000
vn -0.9852 0.1714 -0.0000
vn -0.6227 -0.7825 -0.0000
vn -0.6106 0.7919 -0.0000
vn 0.6669 0.7451 -0.0000
vn 0.9864 0.1646 -0.0000
vn -0.9823 0.1875 -0.0000
vn 0.8691 -0.4946 -0.0000
vn 0.4321 0.9018 -0.0000
vn -0.7650 0.6440 -0.0000
vn 0.9578 0.2875 -0.0000
vn -0.6001 -0.8000 -0.0000
vn 0.9429 -0.3331 -0.0000
vn -0.9671 0.2545 -0.0000
vn -0.7388 0.6739 -0.0000
vn -0.9981 -0.0623 -0.0000
vn -0.7759 -0.6308 -0.0000
vn 0.7944 -0.6073 -0.0000
vn 0.6359 0.7718 -0.0000
vn 0.9719 -0.2356 -0.0000
vn -0.9787 -0.2051 -0.0000
vn -0.9953 0.0972 -0.0000
vn -0.4188 0.9081 -0.0000
vn -0.9989 -0.0471 -0.0000
vn -0.8500 0.5268 -0.0000
vn 0.9927 -0.1205 -0.0000
vn 0.8547 -0.5190 -0.0000
vn -0.2267 0.9740 -0.0000
vn -0.8410 0.5410 -0.0000
vn 0.9171 -0.3987 -0.0000
vn 0.6000 -0.8000 -0.0000
vn -0.9981 0.0621 -0.0000
vn -0.7295 -0.6840 -0.0000
vt 0.905213 0.000000
vt 0.906793 0.000000
vt 0.908373 0.000000
vt 0.903633 0.000000
vt 0.909953 0.000000
vt 0.902054 0.000000
vt 0.911532 0.000000
vt 0.900474 0.000000
vt 0.913112 0.000000
vt 0.898894 0.000000
vt 0.914692 0.000000
vt 0.897314 0.000000
vt 0.916272 0.000000
vt 0.895735 0.000000
vt 0.917852 0.000000
vt 0.894155 0.000000
vt 0.919431 0.000000
vt 0.892575 0.000000
vt 0.921011 0.000000
vt 0.890995 0.000000
vt 0.922591 0.000000
vt 0.889416 0.000000
vt 0.924171 0.000000
vt 0.887836 0.000000
vt 0.925750 0.000000
vt 0.886256 0.000000
vt 0.927330 0.000000
vt 0.884676 0.000000
vt 0.928910 0.000000
vt 0.883096 0.000000
vt 0.930490 0.000000
vt 0.881517 0.000000
vt 0.932070 0.000000
vt 0.879937 0.000000
vt 0.933649 0.000000
vt 0.878357 0.000000
vt 0.935229 0.000000
vt 0.876777 0.000000
vt 0.936809 0.000000
vt 0.875197 0.000000
vt 0.938389 0.000000
vt 0.873618 0.000000
vt 0.939968 0.000000
vt 0.872038 0.000000
vt 0.941548 0.000000
vt 0.870458 0.000000
vt 0.943128 0.000000
vt 0.868878 0.000000
vt 0.944708 0.000000
vt 0.867299 0.000000
vt 0.946288 0.000000
vt 0.947867 0.000000
vt 0.865719 0.000000
vt 0.949447 0.000000
vt 0.864139 0.000000
vt 0.951027 0.000000
vt 0.862559 0.000000
vt 0.952607 0.000000
vt 0.860979 0.000000
vt 0.954186 0.000000
vt 0.859400 0.000000
vt 0.955766 0.000000
vt 0.857820 0.000000
vt 0.957346 0.000000
vt 0.856240 0.000000
vt 0.958926 0.000000
vt 0.854660 0.000000
vt 0.960506 0.000000
vt 0.853081 0.000000
vt 0.962085 0.000000
vt 0.802528 0.000000
vt 0.804107 0.000000
vt 0.805687 0.000000
vt 0.807267 0.000000
vt 0.800948 0.000000
vt 0.808847 0.000000
vt 0.023697 0.000000
vt 0.025276 0.000000
vt 0.026856 0.000000
vt 0.799368 0.000000
vt 0.022117 0.000000
vt 0.028436 0.000000
vt 0.810427 0.000000
vt 0.020537 0.000000
vt 0.030016 0.000000
vt 0.797788 0.000000
vt 0.812006 0.000000
vt 0.018957 0.000000
vt 0.031596 0.000000
vt 0.796209 0.000000
vt 0.813586 0.000000
vt 0.017378 0.000000
vt 0.033175 0.000000
vt 0.794629 0.000000
vt 0.034755 0.000000
vt 0.793049 0.000000
vt 0.963665 0.000000
vt 0.036335 0.000000
vt 0.851501 0.000000
vt 0.791469 0.000000
vt 0.037915 0.000000
vt 0.789889 0.000000
vt 0.788310 0.000000
vt 0.039494 0.000000
vt 0.786730 0.000000
vt 0.041074 0.000000
vt 0.785150 0.000000
vt 0.965245 0.000000
vt 0.815166 0.000000
vt 0.015798 0.000000
vt 0.042654 0.000000
vt 0.783570 0.000000
vt 0.849921 0.000000
vt 0.781991 0.000000
vt 0.044234 0.000000
vt 0.780411 0.000000
vt 0.045814 0.000000
vt 0.778831 0.000000
vt 0.777251 0.000000
vt 0.047393 0.000000
vt 0.966825 0.000000
vt 0.775671 0.000000
vt 0.048973 0.000000
vt 0.774092 0.000000
vt 0.050553 0.000000
vt 0.772512 0.000000
vt 0.848341 0.000000
vt 0.816746 0.000000
vt 0.014218 0.000000
vt 0.052133 0.000000
vt 0.053712 0.000000
vt 0.968404 0.000000
vt 0.055292 0.000000
vt 0.056872 0.000000
vt 0.058452 0.000000
vt 0.846761 0.000000
vt 0.818325 0.000000
vt 0.012638 0.000000
vt 0.969984 0.000000
vt 0.845182 0.000000
vt 0.971564 0.000000
vt 0.819905 0.000000
vt 0.011058 0.000000
vt 0.973144 0.000000
vt 0.843602 0.000000
vt 0.770932 0.000000
vt 0.821485 0.000000
vt 0.009479 0.000000
vt 0.974724 0.000000
vt 0.842022 0.000000
vt 0.976303 0.000000
vt 0.823065 0.000000
vt 0.007899 0.000000
vt 0.840442 0.000000
vt 0.977883 0.000000
vt 0.979463 0.000000
vt 0.838863 0.000000
vt 0.824645 0.000000
vt 0.006319 0.000000
vt 0.981043 0.000000
vt 0.837283 0.000000
vt 0.982622 0.000000
vt 0.826224 0.000000
vt 0.004739 0.000000
vt 0.984202 0.000000
vt 0.985782 0.000000
vt 0.835703 0.000000
vt 0.987362 0.000000
vt 0.827804 0.000000
vt 0.003160 0.000000
vt 0.988942 0.000000
vt 0.990521 0.000000
vt 0.834123 0.000000
vt 0.992101 0.000000
vt 0.829384 0.000000
vt 0.001580 0.000000
vt 0.993681 0.000000
vt 0.832543 0.000000
vt 0.995261 0.000000
vt 0.996840 0.000000
vt 0.830964 0.000000
vt 0.000000 0.000000
vt 0.998420 0.000000
vt 1.000000 0.000000
vt 0.060032 0.000000
vt 0.769352 0.000000
vt 0.767772 0.000000
vt 0.061611 0.000000
vt 0.766193 0.000000
vt 0.764613 0.000000
vt 0.063191 0.000000
vt 0.763033 0.000000
vt 0.761453 0.000000
vt 0.064771 0.000000
vt 0.759874 0.000000
vt 0.066351 0.000000
vt 0.758294 0.000000
vt 0.756714 0.000000
vt 0.067930 0.000000
vt 0.755134 0.000000
vt 0.753555 0.000000
vt 0.069510 0.000000
vt 0.751975 0.000000
vt 0.750395 0.000000
vt 0.071090 0.000000
vt 0.748815 0.000000
vt 0.747235 0.000000
vt 0.072670 0.000000
vt 0.745656 0.000000
vt 0.744076 0.000000
vt 0.074250 0.000000
vt 0.742496 0.000000
vt 0.740916 0.000000
vt 0.075829 0.000000
vt 0.739336 0.000000
vt 0.737757 0.000000
vt 0.466035 0.000000
vt 0.464455 0.000000
vt 0.462875 0.000000
vt 0.461295 0.000000
vt 0.077409 0.000000
vt 0.736177 0.000000
vt 0.560821 0.000000
vt 0.562401 0.000000
vt 0.559242 0.000000
vt 0.467615 0.000000
vt 0.557662 0.000000
vt 0.469194 0.000000
vt 0.563981 0.000000
vt 0.556082 0.000000
vt 0.470774 0.000000
vt 0.565561 0.000000
vt 0.554502 0.000000
vt 0.472354 0.000000
vt 0.567141 0.000000
vt 0.459716 0.000000
vt 0.552923 0.000000
vt 0.473934 0.000000
vt 0.568720 0.000000
vt 0.458136 0.000000
vt 0.551343 0.000000
vt 0.475513 0.000000
vt 0.570300 0.000000
vt 0.456556 0.000000
vt 0.734597 0.000000
vt 0.549763 0.000000
vt 0.477093 0.000000
vt 0.571880 0.000000
vt 0.454976 0.000000
vt 0.548183 0.000000
vt 0.478673 0.000000
vt 0.573460 0.000000
vt 0.453397 0.000000
vt 0.546604 0.000000
vt 0.480253 0.000000
vt 0.575040 0.000000
vt 0.451817 0.000000
vt 0.545024 0.000000
vt 0.481833 0.000000
vt 0.576619 0.000000
vt 0.450237 0.000000
vt 0.543444 0.000000
vt 0.483412 0.000000
vt 0.578199 0.000000
vt 0.448657 0.000000
vt 0.541864 0.000000
vt 0.484992 0.000000
vt 0.579779 0.000000
vt 0.447077 0.000000
vt 0.540284 0.000000
vt 0.486572 0.000000
vt 0.488152 0.000000
vt 0.538705 0.000000
vt 0.581359 0.000000
vt 0.445498 0.000000
vt 0.489731 0.000000
vt 0.537125 0.000000
vt 0.582938 0.000000
vt 0.443918 0.000000
vt 0.491311 0.000000
vt 0.535545 0.000000
vt 0.584518 0.000000
vt 0.442338 0.000000
vt 0.533965 0.000000
vt 0.492891 0.000000
vt 0.586098 0.000000
vt 0.440758 0.000000
vt 0.532385 0.000000
vt 0.494471 0.000000
vt 0.587678 0.000000
vt 0.439179 0.000000
vt 0.530806 0.000000
vt 0.496051 0.000000
vt 0.589257 0.000000
vt 0.437599 0.000000
vt 0.529226 0.000000
vt 0.497630 0.000000
vt 0.590837 0.000000
vt 0.436019 0.000000
vt 0.527646 0.000000
vt 0.499210 0.000000
vt 0.592417 0.000000
vt 0.434439 0.000000
vt 0.526066 0.000000
vt 0.500790 0.000000
vt 0.593997 0.000000
vt 0.432859 0.000000
vt 0.524487 0.000000
vt 0.502370 0.000000
vt 0.595577 0.000000
vt 0.431280 0.000000
vt 0.522907 0.000000
vt 0.503949 0.000000
vt 0.521327 0.000000
vt 0.505529 0.000000
vt 0.519747 0.000000
vt 0.507109 0.000000
vt 0.597156 0.000000
vt 0.429700 0.000000
vt 0.518167 0.000000
vt 0.508689 0.000000
vt 0.516588 0.000000
vt 0.510269 0.000000
vt 0.515008 0.000000
vt 0.511848 0.000000
vt 0.513428 0.000000
vt 0.078989 0.000000
vt 0.598736 0.000000
vt 0.428120 0.000000
vt 0.600316 0.000000
vt 0.426540 0.000000
vt 0.080569 0.000000
vt 0.733017 0.000000
vt 0.082148 0.000000
vt 0.083728 0.000000
vt 0.731438 0.000000
vt 0.085308 0.000000
vt 0.086888 0.000000
vt 0.729858 0.000000
vt 0.088468 0.000000
vt 0.424960 0.000000
vt 0.728278 0.000000
vt 0.090047 0.000000
vt 0.423381 0.000000
vt 0.091627 0.000000
vt 0.421801 0.000000
vt 0.726698 0.000000
vt 0.093207 0.000000
vt 0.420221 0.000000
vt 0.601896 0.000000
vt 0.094787 0.000000
vt 0.725118 0.000000
vt 0.418641 0.000000
vt 0.603476 0.000000
vt 0.096367 0.000000
vt 0.417062 0.000000
vt 0.723539 0.000000
vt 0.605055 0.000000
vt 0.097946 0.000000
vt 0.415482 0.000000
vt 0.099526 0.000000
vt 0.606635 0.000000
vt 0.721959 0.000000
vt 0.413902 0.000000
vt 0.101106 0.000000
vt 0.608215 0.000000
vt 0.412322 0.000000
vt 0.102686 0.000000
vt 0.720379 0.000000
vt 0.609795 0.000000
vt 0.410742 0.000000
vt 0.104265 0.000000
vt 0.718799 0.000000
vt 0.611374 0.000000
vt 0.105845 0.000000
vt 0.409163 0.000000
vt 0.107425 0.000000
vt 0.612954 0.000000
vt 0.407583 0.000000
vt 0.717220 0.000000
vt 0.109005 0.000000
vt 0.614534 0.000000
vt 0.406003 0.000000
vt 0.110585 0.000000
vt 0.715640 0.000000
vt 0.616114 0.000000
vt 0.404423 0.000000
vt 0.112164 0.000000
vt 0.714060 0.000000
vt 0.617694 0.000000
vt 0.113744 0.000000
vt 0.402844 0.000000
vt 0.115324 0.000000
vt 0.712480 0.000000
vt 0.619273 0.000000
vt 0.401264 0.000000
vt 0.116904 0.000000
vt 0.710900 0.000000
vt 0.620853 0.000000
vt 0.399684 0.000000
vt 0.622433 0.000000
vt 0.709321 0.000000
vt 0.398104 0.000000
vt 0.624013 0.000000
vt 0.707741 0.000000
vt 0.396524 0.000000
vt 0.625592 0.000000
vt 0.706161 0.000000
vt 0.394945 0.000000
vt 0.704581 0.000000
vt 0.627172 0.000000
vt 0.393365 0.000000
vt 0.703002 0.000000
vt 0.628752 0.000000
vt 0.391785 0.000000
vt 0.701422 0.000000
vt 0.630332 0.000000
vt 0.699842 0.000000
vt 0.390205 0.000000
vt 0.631912 0.000000
vt 0.698262 0.000000
vt 0.633491 0.000000
vt 0.388626 0.000000
vt 0.696682 0.000000
vt 0.635071 0.000000
vt 0.695103 0.000000
vt 0.387046 0.000000
vt 0.693523 0.000000
vt 0.636651 0.000000
vt 0.691943 0.000000
vt 0.638231 0.000000
vt 0.690363 0.000000
vt 0.639810 0.000000
vt 0.688784 0.000000
vt 0.641390 0.000000
vt 0.642970 0.000000
vt 0.644550 0.000000
vt 0.385466 0.000000
vt 0.646130 0.000000
vt 0.647709 0.000000
vt 0.687204 0.000000
vt 0.649289 0.000000
vt 0.650869 0.000000
vt 0.652449 0.000000
vt 0.654028 0.000000
vt 0.685624 0.000000
vt 0.655608 0.000000
vt 0.657188 0.000000
vt 0.658768 0.000000
vt 0.383886 0.000000
vt 0.684044 0.000000
vt 0.660348 0.000000
vt 0.661927 0.000000
vt 0.663507 0.000000
vt 0.665087 0.000000
vt 0.682464 0.000000
vt 0.666667 0.000000
vt 0.668246 0.000000
vt 0.669826 0.000000
vt 0.671406 0.000000
vt 0.672986 0.000000
vt 0.674566 0.000000
vt 0.676145 0.000000
vt 0.677725 0.000000
vt 0.680885 0.000000
vt 0.679305 0.000000
vt 0.382306 0.000000
vt 0.380727 0.000000
vt 0.379147 0.000000
vt 0.377567 0.000000
vt 0.375987 0.000000
vt 0.374408 0.000000
vt 0.372828 0.000000
vt 0.371248 0.000000
vt 0.369668 0.000000
vt 0.368088 0.000000
vt 0.364929 0.000000
vt 0.366509 0.000000
vt 0.363349 0.000000
vt 0.361769 0.000000
vt 0.360190 0.000000
vt 0.358610 0.000000
vt 0.357030 0.000000
vt 0.355450 0.000000
vt 0.353870 0.000000
vt 0.352291 0.000000
vt 0.350711 0.000000
vt 0.349131 0.000000
vt 0.347551 0.000000
vt 0.345972 0.000000
vt 0.344392 0.000000
vt 0.342812 0.000000
vt 0.341232 0.000000
vt 0.339652 0.000000
vt 0.338073 0.000000
vt 0.336493 0.000000
vt 0.334913 0.000000
vt 0.333333 0.000000
vt 0.331754 0.000000
vt 0.330174 0.000000
vt 0.328594 0.000000
vt 0.327014 0.000000
vt 0.325434 0.000000
vt 0.323855 0.000000
vt 0.322275 0.000000
vt 0.320695 0.000000
vt 0.319115 0.000000
vt 0.317536 0.000000
vt 0.315956 0.000000
vt 0.314376 0.000000
vt 0.312796 0.000000
vt 0.311216 0.000000
vt 0.118483 0.000000
vt 0.120063 0.000000
vt 0.309637 0.000000
vt 0.121643 0.000000
vt 0.123223 0.000000
vt 0.308057 0.000000
vt 0.124803 0.000000
vt 0.126382 0.000000
vt 0.306477 0.000000
vt 0.127962 0.000000
vt 0.304897 0.000000
vt 0.129542 0.000000
vt 0.131122 0.000000
vt 0.303318 0.000000
vt 0.132701 0.000000
vt 0.301738 0.000000
vt 0.134281 0.000000
vt 0.135861 0.000000
vt 0.300158 0.000000
vt 0.137441 0.000000
vt 0.298578 0.000000
vt 0.139021 0.000000
vt 0.140600 0.000000
vt 0.296998 0.000000
vt 0.142180 0.000000
vt 0.295419 0.000000
vt 0.143760 0.000000
vt 0.293839 0.000000
vt 0.145340 0.000000
vt 0.146919 0.000000
vt 0.292259 0.000000
vt 0.148499 0.000000
vt 0.290679 0.000000
vt 0.150079 0.000000
vt 0.289100 0.000000
vt 0.151659 0.000000
vt 0.153239 0.000000
vt 0.154818 0.000000
vt 0.156398 0.000000
vt 0.157978 0.000000
vt 0.159558 0.000000
vt 0.161137 0.000000
vt 0.162717 0.000000
vt 0.164297 0.000000
vt 0.165877 0.000000
vt 0.287520 0.000000
vt 0.167457 0.000000
vt 0.285940 0.000000
vt 0.169036 0.000000
vt 0.284360 0.000000
vt 0.170616 0.000000
vt 0.282780 0.000000
vt 0.172196 0.000000
vt 0.281201 0.000000
vt 0.173776 0.000000
vt 0.279621 0.000000
vt 0.175355 0.000000
vt 0.278041 0.000000
vt 0.176935 0.000000
vt 0.276461 0.000000
vt 0.178515 0.000000
vt 0.274882 0.000000
vt 0.180095 0.000000
vt 0.273302 0.000000
vt 0.181675 0.000000
vt 0.271722 0.000000
vt 0.183254 0.000000
vt 0.270142 0.000000
vt 0.184834 0.000000
vt 0.268562 0.000000
vt 0.186414 0.000000
vt 0.266983 0.000000
vt 0.187994 0.000000
vt 0.265403 0.000000
vt 0.189573 0.000000
vt 0.263823 0.000000
vt 0.191153 0.000000
vt 0.262243 0.000000
vt 0.192733 0.000000
vt 0.260664 0.000000
vt 0.194313 0.000000
vt 0.259084 0.000000
vt 0.195893 0.000000
vt 0.257504 0.000000
vt 0.197472 0.000000
vt 0.255924 0.000000
vt 0.199052 0.000000
vt 0.254344 0.000000
vt 0.200632 0.000000
vt 0.252765 0.000000
vt 0.202212 0.000000
vt 0.203791 0.000000
vt 0.251185 0.000000
vt 0.205371 0.000000
vt 0.249605 0.000000
vt 0.248025 0.000000
vt 0.246445 0.000000
vt 0.206951 0.000000
vt 0.244866 0.000000
vt 0.243286 0.000000
vt 0.208531 0.000000
vt 0.241706 0.000000
vt 0.240126 0.000000
vt 0.238547 0.000000
vt 0.210111 0.000000
vt 0.236967 0.000000
vt 0.235387 0.000000
vt 0.233807 0.000000
vt 0.232227 0.000000
vt 0.230648 0.000000
vt 0.229068 0.000000
vt 0.211690 0.000000
vt 0.227488 0.000000
vt 0.225908 0.000000
vt 0.224329 0.000000
vt 0.222749 0.000000
vt 0.221169 0.000000
vt 0.213270 0.000000
vt 0.219589 0.000000
vt 0.218009 0.000000
vt 0.216430 0.000000
vt 0.214850 0.000000
s 0
usemtl マテリアル
f 574/1/1 575/2/1 576/3/1
f 573/4/1 574/1/1 576/3/1
f 573/4/1 576/3/1 577/5/1
f 572/6/1 573/4/1 577/5/1
f 572/6/1 577/5/1 578/7/1
f 571/8/1 572/6/1 578/7/1
f 571/8/1 578/7/1 579/9/1
f 570/10/1 571/8/1 579/9/1
f 570/10/1 579/9/1 580/11/1
f 569/12/1 570/10/1 580/11/1
f 569/12/1 580/11/1 581/13/1
f 568/14/1 569/12/1 581/13/1
f 568/14/1 581/13/1 582/15/1
f 567/16/1 568/14/1 582/15/1
f 567/16/1 582/15/1 583/17/1
f 566/18/1 567/16/1 583/17/1
f 566/18/1 583/17/1 584/19/1
f 565/20/1 566/18/1 584/19/1
f 565/20/1 584/19/1 585/21/1
f 564/22/1 565/20/1 585/21/1
f 564/22/1 585/21/1 586/23/1
f 563/24/1 564/22/1 586/23/1
f 563/24/1 586/23/1 587/25/1
f 562/26/1 563/24/1 587/25/1
f 562/26/1 587/25/1 588/27/1
f 561/28/1 562/26/1 588/27/1
f 561/28/1 588/27/1 589/29/1
f 560/30/1 561/28/1 589/29/1
f 560/30/1 589/29/1 590/31/1
f 559/32/1 560/30/1 590/31/1
f 559/32/1 590/31/1 591/33/1
f 558/34/1 559/32/1 591/33/1
f 558/34/1 591/33/1 592/35/1
f 557/36/1 558/34/1 592/35/1
f 557/36/1 592/35/1 593/37/1
f 556/38/1 557/36/1 593/37/1
f 556/38/1 593/37/1 594/39/1
f 555/40/1 556/38/1 594/39/1
f 555/40/1 594/39/1 595/41/1
f 554/42/1 555/40/1 595/41/1
f 554/42/1 595/41/1 596/43/1
f 553/44/1 554/42/1 596/43/1
f 553/44/1 596/43/1 597/45/1
f 552/46/1 553/44/1 597/45/1
f 552/46/1 597/45/1 598/47/1
f 551/48/1 552/46/1 598/47/1
f 551/48/1 598/47/1 599/49/1
f 550/50/1 551/48/1 599/49/1
f 550/50/1 599/49/1 600/51/1
f 550/50/1 600/51/1 601/52/1
f 549/53/1 550/50/1 601/52/1
f 549/53/1 601/52/1 602/54/1
f 548/55/1 549/53/1 602/54/1
f 548/55/1 602/54/1 603/56/1
f 547/57/1 548/55/1 603/56/1
f 547/57/1 603/56/1 604/58/1
f 546/59/1 547/57/1 604/58/1
f 546/59/1 604/58/1 605/60/1
f 545/61/1 546/59/1 605/60/1
f 545/61/1 605/60/1 606/62/1
f 544/63/1 545/61/1 606/62/1
f 544/63/1 606/62/1 607/64/1
f 543/65/1 544/63/1 607/64/1
f 543/65/1 607/64/1 608/66/1
f 542/67/1 543/65/1 608/66/1
f 542/67/1 608/66/1 609/68/1
f 541/69/1 542/67/1 609/68/1
f 541/69/1 609/68/1 610/70/1
f 509/71/1 510/72/1 511/73/1
f 509/71/1 511/73/1 512/74/1
f 508/75/1 509/71/1 512/74/1
f 508/75/1 512/74/1 513/76/1
f 16/77/1 17/78/1 18/79/1
f 507/80/1 508/75/1 513/76/1
f 15/81/1 16/77/1 18/79/1
f 15/81/1 18/79/1 19/82/1
f 507/80/1 513/76/1 514/83/1
f 14/84/1 15/81/1 19/82/1
f 14/84/1 19/82/1 20/85/1
f 506/86/1 507/80/1 514/83/1
f 506/86/1 514/83/1 515/87/1
f 13/88/1 14/84/1 20/85/1
f 13/88/1 20/85/1 21/89/1
f 505/90/1 506/86/1 515/87/1
f 505/90/1 515/87/1 516/91/1
f 12/92/1 13/88/1 21/89/1
f 12/92/1 21/89/1 22/93/1
f 504/94/1 505/90/1 516/91/1
f 12/92/1 22/93/1 23/95/1
f 503/96/1 504/94/1 516/91/1
f 541/69/1 610/70/1 611/97/1
f 12/92/1 23/95/1 24/98/1
f 540/99/1 541/69/1 611/97/1
f 502/100/1 503/96/1 516/91/1
f 12/92/1 24/98/1 25/101/1
f 501/102/1 502/100/1 516/91/1
f 500/103/1 501/102/1 516/91/1
f 12/92/1 25/101/1 26/104/1
f 499/105/1 500/103/1 516/91/1
f 12/92/1 26/104/1 27/106/1
f 498/107/1 499/105/1 516/91/1
f 540/99/1 611/97/1 612/108/1
f 498/107/1 516/91/1 517/109/1
f 11/110/1 12/92/1 27/106/1
f 11/110/1 27/106/1 28/111/1
f 497/112/1 498/107/1 517/109/1
f 539/113/1 540/99/1 612/108/1
f 496/114/1 497/112/1 517/109/1
f 11/110/1 28/111/1 29/115/1
f 495/116/1 496/114/1 517/109/1
f 11/110/1 29/115/1 30/117/1
f 494/118/1 495/116/1 517/109/1
f 493/119/1 494/118/1 517/109/1
f 11/110/1 30/117/1 31/120/1
f 539/113/1 612/108/1 613/121/1
f 492/122/1 493/119/1 517/109/1
f 11/110/1 31/120/1 32/123/1
f 491/124/1 492/122/1 517/109/1
f 11/110/1 32/123/1 33/125/1
f 490/126/1 491/124/1 517/109/1
f 538/127/1 539/113/1 613/121/1
f 490/126/1 517/109/1 518/128/1
f 10/129/1 11/110/1 33/125/1
f 10/129/1 33/125/1 34/130/1
f 10/129/1 34/130/1 35/131/1
f 538/127/1 613/121/1 614/132/1
f 10/129/1 35/131/1 36/133/1
f 10/129/1 36/133/1 37/134/1
f 10/129/1 37/134/1 38/135/1
f 537/136/1 538/127/1 614/132/1
f 490/126/1 518/128/1 519/137/1
f 9/138/1 10/129/1 38/135/1
f 537/136/1 614/132/1 615/139/1
f 536/140/1 537/136/1 615/139/1
f 536/140/1 615/139/1 616/141/1
f 490/126/1 519/137/1 520/142/1
f 8/143/1 9/138/1 38/135/1
f 536/140/1 616/141/1 617/144/1
f 535/145/1 536/140/1 617/144/1
f 489/146/1 490/126/1 520/142/1
f 489/146/1 520/142/1 521/147/1
f 7/148/1 8/143/1 38/135/1
f 535/145/1 617/144/1 618/149/1
f 534/150/1 535/145/1 618/149/1
f 534/150/1 618/149/1 619/151/1
f 489/146/1 521/147/1 522/152/1
f 6/153/1 7/148/1 38/135/1
f 533/154/1 534/150/1 619/151/1
f 533/154/1 619/151/1 620/155/1
f 533/154/1 620/155/1 621/156/1
f 532/157/1 533/154/1 621/156/1
f 489/146/1 522/152/1 523/158/1
f 5/159/1 6/153/1 38/135/1
f 532/157/1 621/156/1 622/160/1
f 531/161/1 532/157/1 622/160/1
f 531/161/1 622/160/1 623/162/1
f 489/146/1 523/158/1 524/163/1
f 4/164/1 5/159/1 38/135/1
f 531/161/1 623/162/1 624/165/1
f 531/161/1 624/165/1 625/166/1
f 530/167/1 531/161/1 625/166/1
f 530/167/1 625/166/1 626/168/1
f 489/146/1 524/163/1 525/169/1
f 3/170/1 4/164/1 38/135/1
f 530/167/1 626/168/1 627/171/1
f 530/167/1 627/171/1 628/172/1
f 529/173/1 530/167/1 628/172/1
f 529/173/1 628/172/1 629/174/1
f 489/146/1 525/169/1 526/175/1
f 2/176/1 3/170/1 38/135/1
f 529/173/1 629/174/1 630/177/1
f 528/178/1 529/173/1 630/177/1
f 528/178/1 630/177/1 631/179/1
f 528/178/1 631/179/1 632/180/1
f 489/146/1 526/175/1 527/181/1
f 1/182/1 2/176/1 38/135/1
f 528/178/1 632/180/1 633/183/1
f 527/181/1 528/178/1 633/183/1
f 527/181/1 633/183/1 634/184/1
f 527/181/1 634/184/1 1/182/1
f 489/146/1 527/181/1 1/182/1
f 489/146/1 1/182/1 38/135/1
f 489/146/1 38/135/1 39/185/1
f 488/186/1 489/146/1 39/185/1
f 487/187/1 488/186/1 39/185/1
f 487/187/1 39/185/1 40/188/1
f 486/189/1 487/187/1 40/188/1
f 485/190/1 486/189/1 40/188/1
f 485/190/1 40/188/1 41/191/1
f 484/192/1 485/190/1 41/191/1
f 483/193/1 484/192/1 41/191/1
f 483/193/1 41/191/1 42/194/1
f 482/195/1 483/193/1 42/194/1
f 482/195/1 42/194/1 43/196/1
f 481/197/1 482/195/1 43/196/1
f 480/198/1 481/197/1 43/196/1
f 480/198/1 43/196/1 44/199/1
f 479/200/1 480/198/1 44/199/1
f 478/201/1 479/200/1 44/199/1
f 478/201/1 44/199/1 45/202/1
f 477/203/1 478/201/1 45/202/1
f 476/204/1 477/203/1 45/202/1
f 476/204/1 45/202/1 46/205/1
f 475/206/1 476/204/1 46/205/1
f 474/207/1 475/206/1 46/205/1
f 474/207/1 46/205/1 47/208/1
f 473/209/1 474/207/1 47/208/1
f 472/210/1 473/209/1 47/208/1
f 472/210/1 47/208/1 48/211/1
f 471/212/1 472/210/1 48/211/1
f 470/213/1 471/212/1 48/211/1
f 470/213/1 48/211/1 49/214/1
f 469/215/1 470/213/1 49/214/1
f 468/216/1 469/215/1 49/214/1
f 468/216/1 49/214/1 296/217/1
f 296/217/1 49/214/1 295/218/1
f 295/218/1 49/214/1 294/219/1
f 294/219/1 49/214/1 293/220/1
f 293/220/1 49/214/1 50/221/1
f 467/222/1 468/216/1 356/223/1
f 356/223/1 468/216/1 296/217/1
f 467/222/1 356/223/1 357/224/1
f 355/225/1 356/223/1 296/217/1
f 355/225/1 296/217/1 297/226/1
f 354/227/1 355/225/1 297/226/1
f 354/227/1 297/226/1 298/228/1
f 467/222/1 357/224/1 358/229/1
f 353/230/1 354/227/1 298/228/1
f 353/230/1 298/228/1 299/231/1
f 467/222/1 358/229/1 359/232/1
f 352/233/1 353/230/1 299/231/1
f 352/233/1 299/231/1 300/234/1
f 467/222/1 359/232/1 360/235/1
f 292/236/1 293/220/1 50/221/1
f 351/237/1 352/233/1 300/234/1
f 351/237/1 300/234/1 301/238/1
f 467/222/1 360/235/1 361/239/1
f 291/240/1 292/236/1 50/221/1
f 350/241/1 351/237/1 301/238/1
f 350/241/1 301/238/1 302/242/1
f 467/222/1 361/239/1 362/243/1
f 290/244/1 291/240/1 50/221/1
f 466/245/1 467/222/1 362/243/1
f 349/246/1 350/241/1 302/242/1
f 349/246/1 302/242/1 303/247/1
f 466/245/1 362/243/1 363/248/1
f 289/249/1 290/244/1 50/221/1
f 348/250/1 349/246/1 303/247/1
f 348/250/1 303/247/1 304/251/1
f 466/245/1 363/248/1 364/252/1
f 288/253/1 289/249/1 50/221/1
f 347/254/1 348/250/1 304/251/1
f 347/254/1 304/251/1 305/255/1
f 466/245/1 364/252/1 365/256/1
f 287/257/1 288/253/1 50/221/1
f 346/258/1 347/254/1 305/255/1
f 346/258/1 305/255/1 306/259/1
f 466/245/1 365/256/1 366/260/1
f 286/261/1 287/257/1 50/221/1
f 345/262/1 346/258/1 306/259/1
f 345/262/1 306/259/1 307/263/1
f 466/245/1 366/260/1 367/264/1
f 285/265/1 286/261/1 50/221/1
f 344/266/1 345/262/1 307/263/1
f 344/266/1 307/263/1 308/267/1
f 466/245/1 367/264/1 368/268/1
f 284/269/1 285/265/1 50/221/1
f 343/270/1 344/266/1 308/267/1
f 343/270/1 308/267/1 309/271/1
f 343/270/1 309/271/1 310/272/1
f 342/273/1 343/270/1 310/272/1
f 466/245/1 368/268/1 369/274/1
f 283/275/1 284/269/1 50/221/1
f 342/273/1 310/272/1 311/276/1
f 341/277/1 342/273/1 311/276/1
f 466/245/1 369/274/1 370/278/1
f 282/279/1 283/275/1 50/221/1
f 341/277/1 311/276/1 312/280/1
f 340/281/1 341/277/1 312/280/1
f 466/245/1 370/278/1 371/282/1
f 281/283/1 282/279/1 50/221/1
f 339/284/1 340/281/1 312/280/1
f 339/284/1 312/280/1 313/285/1
f 466/245/1 371/282/1 372/286/1
f 280/287/1 281/283/1 50/221/1
f 338/288/1 339/284/1 313/285/1
f 338/288/1 313/285/1 314/289/1
f 466/245/1 372/286/1 373/290/1
f 279/291/1 280/287/1 50/221/1
f 337/292/1 338/288/1 314/289/1
f 337/292/1 314/289/1 315/293/1
f 466/245/1 373/290/1 374/294/1
f 278/295/1 279/291/1 50/221/1
f 336/296/1 337/292/1 315/293/1
f 336/296/1 315/293/1 316/297/1
f 466/245/1 374/294/1 375/298/1
f 277/299/1 278/295/1 50/221/1
f 335/300/1 336/296/1 316/297/1
f 335/300/1 316/297/1 317/301/1
f 466/245/1 375/298/1 376/302/1
f 276/303/1 277/299/1 50/221/1
f 334/304/1 335/300/1 317/301/1
f 334/304/1 317/301/1 318/305/1
f 466/245/1 376/302/1 377/306/1
f 275/307/1 276/303/1 50/221/1
f 333/308/1 334/304/1 318/305/1
f 333/308/1 318/305/1 319/309/1
f 466/245/1 377/306/1 378/310/1
f 274/311/1 275/307/1 50/221/1
f 332/312/1 333/308/1 319/309/1
f 332/312/1 319/309/1 320/313/1
f 331/314/1 332/312/1 320/313/1
f 331/314/1 320/313/1 321/315/1
f 330/316/1 331/314/1 321/315/1
f 330/316/1 321/315/1 322/317/1
f 466/245/1 378/310/1 379/318/1
f 273/319/1 274/311/1 50/221/1
f 329/320/1 330/316/1 322/317/1
f 329/320/1 322/317/1 323/321/1
f 328/322/1 329/320/1 323/321/1
f 328/322/1 323/321/1 324/323/1
f 327/324/1 328/322/1 324/323/1
f 327/324/1 324/323/1 325/325/1
f 326/326/1 327/324/1 325/325/1
f 273/319/1 50/221/1 51/327/1
f 466/245/1 379/318/1 380/328/1
f 272/329/1 273/319/1 51/327/1
f 466/245/1 380/328/1 381/330/1
f 271/331/1 272/329/1 51/327/1
f 271/331/1 51/327/1 52/332/1
f 465/333/1 466/245/1 381/330/1
f 271/331/1 52/332/1 53/334/1
f 271/331/1 53/334/1 54/335/1
f 464/336/1 465/333/1 381/330/1
f 271/331/1 54/335/1 55/337/1
f 271/331/1 55/337/1 56/338/1
f 463/339/1 464/336/1 381/330/1
f 271/331/1 56/338/1 57/340/1
f 270/341/1 271/331/1 57/340/1
f 462/342/1 463/339/1 381/330/1
f 270/341/1 57/340/1 58/343/1
f 269/344/1 270/341/1 58/343/1
f 269/344/1 58/343/1 59/345/1
f 268/346/1 269/344/1 59/345/1
f 461/347/1 462/342/1 381/330/1
f 268/346/1 59/345/1 60/348/1
f 267/349/1 268/346/1 60/348/1
f 461/347/1 381/330/1 382/350/1
f 267/349/1 60/348/1 61/351/1
f 460/352/1 461/347/1 382/350/1
f 266/353/1 267/349/1 61/351/1
f 460/352/1 382/350/1 383/354/1
f 266/353/1 61/351/1 62/355/1
f 265/356/1 266/353/1 62/355/1
f 459/357/1 460/352/1 383/354/1
f 459/357/1 383/354/1 384/358/1
f 265/356/1 62/355/1 63/359/1
f 264/360/1 265/356/1 63/359/1
f 264/360/1 63/359/1 64/361/1
f 459/357/1 384/358/1 385/362/1
f 458/363/1 459/357/1 385/362/1
f 263/364/1 264/360/1 64/361/1
f 263/364/1 64/361/1 65/365/1
f 458/363/1 385/362/1 386/366/1
f 262/367/1 263/364/1 65/365/1
f 262/367/1 65/365/1 66/368/1
f 457/369/1 458/363/1 386/366/1
f 457/369/1 386/366/1 387/370/1
f 261/371/1 262/367/1 66/368/1
f 261/371/1 66/368/1 67/372/1
f 456/373/1 457/369/1 387/370/1
f 456/373/1 387/370/1 388/374/1
f 261/371/1 67/372/1 68/375/1
f 260/376/1 261/371/1 68/375/1
f 260/376/1 68/375/1 69/377/1
f 456/373/1 388/374/1 389/378/1
f 259/379/1 260/376/1 69/377/1
f 455/380/1 456/373/1 389/378/1
f 259/379/1 69/377/1 70/381/1
f 455/380/1 389/378/1 390/382/1
f 258/383/1 259/379/1 70/381/1
f 258/383/1 70/381/1 71/384/1
f 454/385/1 455/380/1 390/382/1
f 454/385/1 390/382/1 391/386/1
f 257/387/1 258/383/1 71/384/1
f 257/387/1 71/384/1 72/388/1
f 453/389/1 454/385/1 391/386/1
f 453/389/1 391/386/1 392/390/1
f 257/387/1 72/388/1 73/391/1
f 256/392/1 257/387/1 73/391/1
f 256/392/1 73/391/1 74/393/1
f 452/394/1 453/389/1 392/390/1
f 452/394/1 392/390/1 393/395/1
f 255/396/1 256/392/1 74/393/1
f 255/396/1 74/393/1 75/397/1
f 451/398/1 452/394/1 393/395/1
f 451/398/1 393/395/1 394/399/1
f 254/400/1 255/396/1 75/397/1
f 451/398/1 394/399/1 395/401/1
f 450/402/1 451/398/1 395/401/1
f 253/403/1 254/400/1 75/397/1
f 450/402/1 395/401/1 396/404/1
f 449/405/1 450/402/1 396/404/1
f 252/406/1 253/403/1 75/397/1
f 449/405/1 396/404/1 397/407/1
f 448/408/1 449/405/1 397/407/1
f 251/409/1 252/406/1 75/397/1
f 447/410/1 448/408/1 397/407/1
f 447/410/1 397/407/1 398/411/1
f 250/412/1 251/409/1 75/397/1
f 446/413/1 447/410/1 398/411/1
f 446/413/1 398/411/1 399/414/1
f 249/415/1 250/412/1 75/397/1
f 445/416/1 446/413/1 399/414/1
f 445/416/1 399/414/1 400/417/1
f 444/418/1 445/416/1 400/417/1
f 248/419/1 249/415/1 75/397/1
f 444/418/1 400/417/1 401/420/1
f 443/421/1 444/418/1 401/420/1
f 443/421/1 401/420/1 402/422/1
f 247/423/1 248/419/1 75/397/1
f 442/424/1 443/421/1 402/422/1
f 442/424/1 402/422/1 403/425/1
f 441/426/1 442/424/1 403/425/1
f 246/427/1 247/423/1 75/397/1
f 440/428/1 441/426/1 403/425/1
f 440/428/1 403/425/1 404/429/1
f 439/430/1 440/428/1 404/429/1
f 439/430/1 404/429/1 405/431/1
f 438/432/1 439/430/1 405/431/1
f 438/432/1 405/431/1 406/433/1
f 437/434/1 438/432/1 406/433/1
f 437/434/1 406/433/1 407/435/1
f 437/434/1 407/435/1 408/436/1
f 437/434/1 408/436/1 409/437/1
f 245/438/1 246/427/1 75/397/1
f 437/434/1 409/437/1 410/439/1
f 437/434/1 410/439/1 411/440/1
f 436/441/1 437/434/1 411/440/1
f 436/441/1 411/440/1 412/442/1
f 436/441/1 412/442/1 413/443/1
f 436/441/1 413/443/1 414/444/1
f 436/441/1 414/444/1 415/445/1
f 435/446/1 436/441/1 415/445/1
f 435/446/1 415/445/1 416/447/1
f 435/446/1 416/447/1 417/448/1
f 435/446/1 417/448/1 418/449/1
f 244/450/1 245/438/1 75/397/1
f 434/451/1 435/446/1 418/449/1
f 434/451/1 418/449/1 419/452/1
f 434/451/1 419/452/1 420/453/1
f 434/451/1 420/453/1 421/454/1
f 434/451/1 421/454/1 422/455/1
f 433/456/1 434/451/1 422/455/1
f 433/456/1 422/455/1 423/457/1
f 433/456/1 423/457/1 424/458/1
f 433/456/1 424/458/1 425/459/1
f 433/456/1 425/459/1 426/460/1
f 433/456/1 426/460/1 427/461/1
f 433/456/1 427/461/1 428/462/1
f 433/456/1 428/462/1 429/463/1
f 433/456/1 429/463/1 430/464/1
f 432/465/1 433/456/1 430/464/1
f 431/466/1 432/465/1 430/464/1
f 243/467/1 244/450/1 75/397/1
f 242/468/1 243/467/1 75/397/1
f 241/469/1 242/468/1 75/397/1
f 240/470/1 241/469/1 75/397/1
f 239/471/1 240/470/1 75/397/1
f 238/472/1 239/471/1 75/397/1
f 237/473/1 238/472/1 75/397/1
f 236/474/1 237/473/1 75/397/1
f 235/475/1 236/474/1 75/397/1
f 234/476/1 235/475/1 75/397/1
f 232/477/1 233/478/1 234/476/1
f 232/477/1 234/476/1 75/397/1
f 231/479/1 232/477/1 75/397/1
f 230/480/1 231/479/1 75/397/1
f 229/481/1 230/480/1 75/397/1
f 228/482/1 229/481/1 75/397/1
f 227/483/1 228/482/1 75/397/1
f 226/484/1 227/483/1 75/397/1
f 225/485/1 226/484/1 75/397/1
f 224/486/1 225/485/1 75/397/1
f 223/487/1 224/486/1 75/397/1
f 222/488/1 223/487/1 75/397/1
f 221/489/1 222/488/1 75/397/1
f 220/490/1 221/489/1 75/397/1
f 219/491/1 220/490/1 75/397/1
f 218/492/1 219/491/1 75/397/1
f 217/493/1 218/492/1 75/397/1
f 216/494/1 217/493/1 75/397/1
f 215/495/1 216/494/1 75/397/1
f 214/496/1 215/495/1 75/397/1
f 213/497/1 214/496/1 75/397/1
f 212/498/1 213/497/1 75/397/1
f 211/499/1 212/498/1 75/397/1
f 210/500/1 211/499/1 75/397/1
f 209/501/1 210/500/1 75/397/1
f 208/502/1 209/501/1 75/397/1
f 207/503/1 208/502/1 75/397/1
f 206/504/1 207/503/1 75/397/1
f 205/505/1 206/504/1 75/397/1
f 204/506/1 205/505/1 75/397/1
f 203/507/1 204/506/1 75/397/1
f 202/508/1 203/507/1 75/397/1
f 201/509/1 202/508/1 75/397/1
f 200/510/1 201/509/1 75/397/1
f 199/511/1 200/510/1 75/397/1
f 198/512/1 199/511/1 75/397/1
f 198/512/1 75/397/1 76/513/1
f 198/512/1 76/513/1 77/514/1
f 197/515/1 198/512/1 77/514/1
f 197/515/1 77/514/1 78/516/1
f 197/515/1 78/516/1 79/517/1
f 196/518/1 197/515/1 79/517/1
f 196/518/1 79/517/1 80/519/1
f 196/518/1 80/519/1 81/520/1
f 195/521/1 196/518/1 81/520/1
f 195/521/1 81/520/1 82/522/1
f 194/523/1 195/521/1 82/522/1
f 194/523/1 82/522/1 83/524/1
f 194/523/1 83/524/1 84/525/1
f 193/526/1 194/523/1 84/525/1
f 193/526/1 84/525/1 85/527/1
f 192/528/1 193/526/1 85/527/1
f 192/528/1 85/527/1 86/529/1
f 192/528/1 86/529/1 87/530/1
f 191/531/1 192/528/1 87/530/1
f 191/531/1 87/530/1 88/532/1
f 190/533/1 191/531/1 88/532/1
f 190/533/1 88/532/1 89/534/1
f 190/533/1 89/534/1 90/535/1
f 189/536/1 190/533/1 90/535/1
f 189/536/1 90/535/1 91/537/1
f 188/538/1 189/536/1 91/537/1
f 188/538/1 91/537/1 92/539/1
f 187/540/1 188/538/1 92/539/1
f 187/540/1 92/539/1 93/541/1
f 187/540/1 93/541/1 94/542/1
f 186/543/1 187/540/1 94/542/1
f 186/543/1 94/542/1 95/544/1
f 185/545/1 186/543/1 95/544/1
f 185/545/1 95/544/1 96/546/1
f 184/547/1 185/545/1 96/546/1
f 184/547/1 96/546/1 97/548/1
f 184/547/1 97/548/1 98/549/1
f 184/547/1 98/549/1 99/550/1
f 184/547/1 99/550/1 100/551/1
f 184/547/1 100/551/1 101/552/1
f 184/547/1 101/552/1 102/553/1
f 184/547/1 102/553/1 103/554/1
f 184/547/1 103/554/1 104/555/1
f 184/547/1 104/555/1 105/556/1
f 184/547/1 105/556/1 106/557/1
f 183/558/1 184/547/1 106/557/1
f 183/558/1 106/557/1 107/559/1
f 182/560/1 183/558/1 107/559/1
f 182/560/1 107/559/1 108/561/1
f 181/562/1 182/560/1 108/561/1
f 181/562/1 108/561/1 109/563/1
f 180/564/1 181/562/1 109/563/1
f 180/564/1 109/563/1 110/565/1
f 179/566/1 180/564/1 110/565/1
f 179/566/1 110/565/1 111/567/1
f 178/568/1 179/566/1 111/567/1
f 178/568/1 111/567/1 112/569/1
f 177/570/1 178/568/1 112/569/1
f 177/570/1 112/569/1 113/571/1
f 176/572/1 177/570/1 113/571/1
f 176/572/1 113/571/1 114/573/1
f 175/574/1 176/572/1 114/573/1
f 175/574/1 114/573/1 115/575/1
f 174/576/1 175/574/1 115/575/1
f 174/576/1 115/575/1 116/577/1
f 173/578/1 174/576/1 116/577/1
f 173/578/1 116/577/1 117/579/1
f 172/580/1 173/578/1 117/579/1
f 172/580/1 117/579/1 118/581/1
f 171/582/1 172/580/1 118/581/1
f 171/582/1 118/581/1 119/583/1
f 170/584/1 171/582/1 119/583/1
f 170/584/1 119/583/1 120/585/1
f 169/586/1 170/584/1 120/585/1
f 169/586/1 120/585/1 121/587/1
f 168/588/1 169/586/1 121/587/1
f 168/588/1 121/587/1 122/589/1
f 167/590/1 168/588/1 122/589/1
f 167/590/1 122/589/1 123/591/1
f 166/592/1 167/590/1 123/591/1
f 166/592/1 123/591/1 124/593/1
f 165/594/1 166/592/1 124/593/1
f 165/594/1 124/593/1 125/595/1
f 164/596/1 165/594/1 125/595/1
f 164/596/1 125/595/1 126/597/1
f 163/598/1 164/596/1 126/597/1
f 163/598/1 126/597/1 127/599/1
f 162/600/1 163/598/1 127/599/1
f 162/600/1 127/599/1 128/601/1
f 161/602/1 162/600/1 128/601/1
f 161/602/1 128/601/1 129/603/1
f 161/602/1 129/603/1 130/604/1
f 160/605/1 161/602/1 130/604/1
f 160/605/1 130/604/1 131/606/1
f 159/607/1 160/605/1 131/606/1
f 158/608/1 159/607/1 131/606/1
f 157/609/1 158/608/1 131/606/1
f 157/609/1 131/606/1 132/610/1
f 156/611/1 157/609/1 132/610/1
f 155/612/1 156/611/1 132/610/1
f 155/612/1 132/610/1 133/613/1
f 154/614/1 155/612/1 133/613/1
f 153/615/1 154/614/1 133/613/1
f 152/616/1 153/615/1 133/613/1
f 152/616/1 133/613/1 134/617/1
f 151/618/1 152/616/1 134/617/1
f 150/619/1 151/618/1 134/617/1
f 149/620/1 150/619/1 134/617/1
f 148/621/1 149/620/1 134/617/1
f 147/622/1 148/621/1 134/617/1
f 146/623/1 147/622/1 134/617/1
f 146/623/1 134/617/1 135/624/1
f 145/625/1 146/623/1 135/624/1
f 144/626/1 145/625/1 135/624/1
f 143/627/1 144/626/1 135/624/1
f 142/628/1 143/627/1 135/624/1
f 141/629/1 142/628/1 135/624/1
f 141/629/1 135/624/1 136/630/1
f 140/631/1 141/629/1 136/630/1
f 139/632/1 140/631/1 136/630/1
f 138/633/1 139/632/1 136/630/1
f 137/634/1 138/633/1 136/630/1
f 1208/1/2 1210/3/2 1209/2/2
f 1207/4/2 1210/3/2 1208/1/2
f 1207/4/2 1211/5/2 1210/3/2
f 1206/6/2 1211/5/2 1207/4/2
f 1206/6/2 1212/7/2 1211/5/2
f 1205/8/2 1212/7/2 1206/6/2
f 1205/8/2 1213/9/2 1212/7/2
f 1204/10/2 1213/9/2 1205/8/2
f 1204/10/2 1214/11/2 1213/9/2
f 1203/12/2 1214/11/2 1204/10/2
f 1203/12/2 1215/13/2 1214/11/2
f 1202/14/2 1215/13/2 1203/12/2
f 1202/14/2 1216/15/2 1215/13/2
f 1201/16/2 1216/15/2 1202/14/2
f 1201/16/2 1217/17/2 1216/15/2
f 1200/18/2 1217/17/2 1201/16/2
f 1200/18/2 1218/19/2 1217/17/2
f 1199/20/2 1218/19/2 1200/18/2
f 1199/20/2 1219/21/2 1218/19/2
f 1198/22/2 1219/21/2 1199/20/2
f 1198/22/2 1220/23/2 1219/21/2
f 1197/24/2 1220/23/2 1198/22/2
f 1197/24/2 1221/25/2 1220/23/2
f 1196/26/2 1221/25/2 1197/24/2
f 1196/26/2 1222/27/2 1221/25/2
f 1195/28/2 1222/27/2 1196/26/2
f 1195/28/2 1223/29/2 1222/27/2
f 1194/30/2 1223/29/2 1195/28/2
f 1194/30/2 1224/31/2 1223/29/2
f 1193/32/2 1224/31/2 1194/30/2
f 1193/32/2 1225/33/2 1224/31/2
f 1192/34/2 1225/33/2 1193/32/2
f 1192/34/2 1226/35/2 1225/33/2
f 1191/36/2 1226/35/2 1192/34/2
f 1191/36/2 1227/37/2 1226/35/2
f 1190/38/2 1227/37/2 1191/36/2
f 1190/38/2 1228/39/2 1227/37/2
f 1189/40/2 1228/39/2 1190/38/2
f 1189/40/2 1229/41/2 1228/39/2
f 1188/42/2 1229/41/2 1189/40/2
f 1188/42/2 1230/43/2 1229/41/2
f 1187/44/2 1230/43/2 1188/42/2
f 1187/44/2 1231/45/2 1230/43/2
f 1186/46/2 1231/45/2 1187/44/2
f 1186/46/2 1232/47/2 1231/45/2
f 1185/48/2 1232/47/2 1186/46/2
f 1185/48/2 1233/49/2 1232/47/2
f 1184/50/2 1233/49/2 1185/48/2
f 1184/50/2 1234/51/2 1233/49/2
f 1184/50/2 1235/52/2 1234/51/2
f 1183/53/2 1235/52/2 1184/50/2
f 1183/53/2 1236/54/2 1235/52/2
f 1182/55/2 1236/54/2 1183/53/2
f 1182/55/2 1237/56/2 1236/54/2
f 1181/57/2 1237/56/2 1182/55/2
f 1181/57/2 1238/58/2 1237/56/2
f 1180/59/2 1238/58/2 1181/57/2
f 1180/59/2 1239/60/2 1238/58/2
f 1179/61/2 1239/60/2 1180/59/2
f 1179/61/2 1240/62/2 1239/60/2
f 1178/63/2 1240/62/2 1179/61/2
f 1178/63/2 1241/64/2 1240/62/2
f 1177/65/2 1241/64/2 1178/63/2
f 1177/65/2 1242/66/2 1241/64/2
f 1176/67/2 1242/66/2 1177/65/2
f 1176/67/2 1243/68/2 1242/66/2
f 1175/69/2 1243/68/2 1176/67/2
f 1175/69/2 1244/70/2 1243/68/2
f 1143/71/2 1145/73/2 1144/72/2
f 1143/71/2 1146/74/2 1145/73/2
f 1142/75/2 1146/74/2 1143/71/2
f 1142/75/2 1147/76/2 1146/74/2
f 650/77/2 652/79/2 651/78/2
f 1141/80/2 1147/76/2 1142/75/2
f 649/81/2 652/79/2 650/77/2
f 649/81/2 653/82/2 652/79/2
f 1141/80/2 1148/83/2 1147/76/2
f 648/84/2 653/82/2 649/81/2
f 648/84/2 654/85/2 653/82/2
f 1140/86/2 1148/83/2 1141/80/2
f 1140/86/2 1149/87/2 1148/83/2
f 647/88/2 654/85/2 648/84/2
f 647/88/2 655/89/2 654/85/2
f 1139/90/2 1149/87/2 1140/86/2
f 1139/90/2 1150/91/2 1149/87/2
f 646/92/2 655/89/2 647/88/2
f 646/92/2 656/93/2 655/89/2
f 1138/94/2 1150/91/2 1139/90/2
f 646/92/2 657/95/2 656/93/2
f 1137/96/2 1150/91/2 1138/94/2
f 1175/69/2 1245/97/2 1244/70/2
f 646/92/2 658/98/2 657/95/2
f 1174/99/2 1245/97/2 1175/69/2
f 1136/100/2 1150/91/2 1137/96/2
f 646/92/2 659/101/2 658/98/2
f 1135/102/2 1150/91/2 1136/100/2
f 1134/103/2 1150/91/2 1135/102/2
f 646/92/2 660/104/2 659/101/2
f 1133/105/2 1150/91/2 1134/103/2
f 646/92/2 661/106/2 660/104/2
f 1132/107/2 1150/91/2 1133/105/2
f 1174/99/2 1246/108/2 1245/97/2
f 1132/107/2 1151/109/2 1150/91/2
f 645/110/2 661/106/2 646/92/2
f 645/110/2 662/111/2 661/106/2
f 1131/112/2 1151/109/2 1132/107/2
f 1173/113/2 1246/108/2 1174/99/2
f 1130/114/2 1151/109/2 1131/112/2
f 645/110/2 663/115/2 662/111/2
f 1129/116/2 1151/109/2 1130/114/2
f 645/110/2 664/117/2 663/115/2
f 1128/118/2 1151/109/2 1129/116/2
f 1127/119/2 1151/109/2 1128/118/2
f 645/110/2 665/120/2 664/117/2
f 1173/113/2 1247/121/2 1246/108/2
f 1126/122/2 1151/109/2 1127/119/2
f 645/110/2 666/123/2 665/120/2
f 1125/124/2 1151/109/2 1126/122/2
f 645/110/2 667/125/2 666/123/2
f 1124/126/2 1151/109/2 1125/124/2
f 1172/127/2 1247/121/2 1173/113/2
f 1124/126/2 1152/128/2 1151/109/2
f 644/129/2 667/125/2 645/110/2
f 644/129/2 668/130/2 667/125/2
f 644/129/2 669/131/2 668/130/2
f 1172/127/2 1248/132/2 1247/121/2
f 644/129/2 670/133/2 669/131/2
f 644/129/2 671/134/2 670/133/2
f 644/129/2 672/135/2 671/134/2
f 1171/136/2 1248/132/2 1172/127/2
f 1124/126/2 1153/137/2 1152/128/2
f 643/138/2 672/135/2 644/129/2
f 1171/136/2 1249/139/2 1248/132/2
f 1170/140/2 1249/139/2 1171/136/2
f 1170/140/2 1250/141/2 1249/139/2
f 1124/126/2 1154/142/2 1153/137/2
f 642/143/2 672/135/2 643/138/2
f 1170/140/2 1251/144/2 1250/141/2
f 1169/145/2 1251/144/2 1170/140/2
f 1123/146/2 1154/142/2 1124/126/2
f 1123/146/2 1155/147/2 1154/142/2
f 641/148/2 672/135/2 642/143/2
f 1169/145/2 1252/149/2 1251/144/2
f 1168/150/2 1252/149/2 1169/145/2
f 1168/150/2 1253/151/2 1252/149/2
f 1123/146/2 1156/152/2 1155/147/2
f 640/153/2 672/135/2 641/148/2
f 1167/154/2 1253/151/2 1168/150/2
f 1167/154/2 1254/155/2 1253/151/2
f 1167/154/2 1255/156/2 1254/155/2
f 1166/157/2 1255/156/2 1167/154/2
f 1123/146/2 1157/158/2 1156/152/2
f 639/159/2 672/135/2 640/153/2
f 1166/157/2 1256/160/2 1255/156/2
f 1165/161/2 1256/160/2 1166/157/2
f 1165/161/2 1257/162/2 1256/160/2
f 1123/146/2 1158/163/2 1157/158/2
f 638/164/2 672/135/2 639/159/2
f 1165/161/2 1258/165/2 1257/162/2
f 1165/161/2 1259/166/2 1258/165/2
f 1164/167/2 1259/166/2 1165/161/2
f 1164/167/2 1260/168/2 1259/166/2
f 1123/146/2 1159/169/2 1158/163/2
f 637/170/2 672/135/2 638/164/2
f 1164/167/2 1261/171/2 1260/168/2
f 1164/167/2 1262/172/2 1261/171/2
f 1163/173/2 1262/172/2 1164/167/2
f 1163/173/2 1263/174/2 1262/172/2
f 1123/146/2 1160/175/2 1159/169/2
f 636/176/2 672/135/2 637/170/2
f 1163/173/2 1264/177/2 1263/174/2
f 1162/178/2 1264/177/2 1163/173/2
f 1162/178/2 1265/179/2 1264/177/2
f 1162/178/2 1266/180/2 1265/179/2
f 1123/146/2 1161/181/2 1160/175/2
f 635/182/2 672/135/2 636/176/2
f 1162/178/2 1267/183/2 1266/180/2
f 1161/181/2 1267/183/2 1162/178/2
f 1161/181/2 1268/184/2 1267/183/2
f 1161/181/2 635/182/2 1268/184/2
f 1123/146/2 635/182/2 1161/181/2
f 1123/146/2 672/135/2 635/182/2
f 1123/146/2 673/185/2 672/135/2
f 1122/186/2 673/185/2 1123/146/2
f 1121/187/2 673/185/2 1122/186/2
f 1121/187/2 674/188/2 673/185/2
f 1120/189/2 674/188/2 1121/187/2
f 1119/190/2 674/188/2 1120/189/2
f 1119/190/2 675/191/2 674/188/2
f 1118/192/2 675/191/2 1119/190/2
f 1117/193/2 675/191/2 1118/192/2
f 1117/193/2 676/194/2 675/191/2
f 1116/195/2 676/194/2 1117/193/2
f 1116/195/2 677/196/2 676/194/2
f 1115/197/2 677/196/2 1116/195/2
f 1114/198/2 677/196/2 1115/197/2
f 1114/198/2 678/199/2 677/196/2
f 1113/200/2 678/199/2 1114/198/2
f 1112/201/2 678/199/2 1113/200/2
f 1112/201/2 679/202/2 678/199/2
f 1111/203/2 679/202/2 1112/201/2
f 1110/204/2 679/202/2 1111/203/2
f 1110/204/2 680/205/2 679/202/2
f 1109/206/2 680/205/2 1110/204/2
f 1108/207/2 680/205/2 1109/206/2
f 1108/207/2 681/208/2 680/205/2
f 1107/209/2 681/208/2 1108/207/2
f 1106/210/2 681/208/2 1107/209/2
f 1106/210/2 682/211/2 681/208/2
f 1105/212/2 682/211/2 1106/210/2
f 1104/213/2 682/211/2 1105/212/2
f 1104/213/2 683/214/2 682/211/2
f 1103/215/2 683/214/2 1104/213/2
f 1102/216/2 683/214/2 1103/215/2
f 1102/216/2 930/217/2 683/214/2
f 930/217/2 929/218/2 683/214/2
f 929/218/2 928/219/2 683/214/2
f 928/219/2 927/220/2 683/214/2
f 927/220/2 684/221/2 683/214/2
f 1101/222/2 990/223/2 1102/216/2
f 990/223/2 930/217/2 1102/216/2
f 1101/222/2 991/224/2 990/223/2
f 989/225/2 930/217/2 990/223/2
f 989/225/2 931/226/2 930/217/2
f 988/227/2 931/226/2 989/225/2
f 988/227/2 932/228/2 931/226/2
f 1101/222/2 992/229/2 991/224/2
f 987/230/2 932/228/2 988/227/2
f 987/230/2 933/231/2 932/228/2
f 1101/222/2 993/232/2 992/229/2
f 986/233/2 933/231/2 987/230/2
f 986/233/2 934/234/2 933/231/2
f 1101/222/2 994/235/2 993/232/2
f 926/236/2 684/221/2 927/220/2
f 985/237/2 934/234/2 986/233/2
f 985/237/2 935/238/2 934/234/2
f 1101/222/2 995/239/2 994/235/2
f 925/240/2 684/221/2 926/236/2
f 984/241/2 935/238/2 985/237/2
f 984/241/2 936/242/2 935/238/2
f 1101/222/2 996/243/2 995/239/2
f 924/244/2 684/221/2 925/240/2
f 1100/245/2 996/243/2 1101/222/2
f 983/246/2 936/242/2 984/241/2
f 983/246/2 937/247/2 936/242/2
f 1100/245/2 997/248/2 996/243/2
f 923/249/2 684/221/2 924/244/2
f 982/250/2 937/247/2 983/246/2
f 982/250/2 938/251/2 937/247/2
f 1100/245/2 998/252/2 997/248/2
f 922/253/2 684/221/2 923/249/2
f 981/254/2 938/251/2 982/250/2
f 981/254/2 939/255/2 938/251/2
f 1100/245/2 999/256/2 998/252/2
f 921/257/2 684/221/2 922/253/2
f 980/258/2 939/255/2 981/254/2
f 980/258/2 940/259/2 939/255/2
f 1100/245/2 1000/260/2 999/256/2
f 920/261/2 684/221/2 921/257/2
f 979/262/2 940/259/2 980/258/2
f 979/262/2 941/263/2 940/259/2
f 1100/245/2 1001/264/2 1000/260/2
f 919/265/2 684/221/2 920/261/2
f 978/266/2 941/263/2 979/262/2
f 978/266/2 942/267/2 941/263/2
f 1100/245/2 1002/268/2 1001/264/2
f 918/269/2 684/221/2 919/265/2
f 977/270/2 942/267/2 978/266/2
f 977/270/2 943/271/2 942/267/2
f 977/270/2 944/272/2 943/271/2
f 976/273/2 944/272/2 977/270/2
f 1100/245/2 1003/274/2 1002/268/2
f 917/275/2 684/221/2 918/269/2
f 976/273/2 945/276/2 944/272/2
f 975/277/2 945/276/2 976/273/2
f 1100/245/2 1004/278/2 1003/274/2
f 916/279/2 684/221/2 917/275/2
f 975/277/2 946/280/2 945/276/2
f 974/281/2 946/280/2 975/277/2
f 1100/245/2 1005/282/2 1004/278/2
f 915/283/2 684/221/2 916/279/2
f 973/284/2 946/280/2 974/281/2
f 973/284/2 947/285/2 946/280/2
f 1100/245/2 1006/286/2 1005/282/2
f 914/287/2 684/221/2 915/283/2
f 972/288/2 947/285/2 973/284/2
f 972/288/2 948/289/2 947/285/2
f 1100/245/2 1007/290/2 1006/286/2
f 913/291/2 684/221/2 914/287/2
f 971/292/2 948/289/2 972/288/2
f 971/292/2 949/293/2 948/289/2
f 1100/245/2 1008/294/2 1007/290/2
f 912/295/2 684/221/2 913/291/2
f 970/296/2 949/293/2 971/292/2
f 970/296/2 950/297/2 949/293/2
f 1100/245/2 1009/298/2 1008/294/2
f 911/299/2 684/221/2 912/295/2
f 969/300/2 950/297/2 970/296/2
f 969/300/2 951/301/2 950/297/2
f 1100/245/2 1010/302/2 1009/298/2
f 910/303/2 684/221/2 911/299/2
f 968/304/2 951/301/2 969/300/2
f 968/304/2 952/305/2 951/301/2
f 1100/245/2 1011/306/2 1010/302/2
f 909/307/2 684/221/2 910/303/2
f 967/308/2 952/305/2 968/304/2
f 967/308/2 953/309/2 952/305/2
f 1100/245/2 1012/310/2 1011/306/2
f 908/311/2 684/221/2 909/307/2
f 966/312/2 953/309/2 967/308/2
f 966/312/2 954/313/2 953/309/2
f 965/314/2 954/313/2 966/312/2
f 965/314/2 955/315/2 954/313/2
f 964/316/2 955/315/2 965/314/2
f 964/316/2 956/317/2 955/315/2
f 1100/245/2 1013/318/2 1012/310/2
f 907/319/2 684/221/2 908/311/2
f 963/320/2 956/317/2 964/316/2
f 963/320/2 957/321/2 956/317/2
f 962/322/2 957/321/2 963/320/2
f 962/322/2 958/323/2 957/321/2
f 961/324/2 958/323/2 962/322/2
f 961/324/2 959/325/2 958/323/2
f 960/326/2 959/325/2 961/324/2
f 907/319/2 685/327/2 684/221/2
f 1100/245/2 1014/328/2 1013/318/2
f 906/329/2 685/327/2 907/319/2
f 1100/245/2 1015/330/2 1014/328/2
f 905/331/2 685/327/2 906/329/2
f 905/331/2 686/332/2 685/327/2
f 1099/333/2 1015/330/2 1100/245/2
f 905/331/2 687/334/2 686/332/2
f 905/331/2 688/335/2 687/334/2
f 1098/336/2 1015/330/2 1099/333/2
f 905/331/2 689/337/2 688/335/2
f 905/331/2 690/338/2 689/337/2
f 1097/339/2 1015/330/2 1098/336/2
f 905/331/2 691/340/2 690/338/2
f 904/341/2 691/340/2 905/331/2
f 1096/342/2 1015/330/2 1097/339/2
f 904/341/2 692/343/2 691/340/2
f 903/344/2 692/343/2 904/341/2
f 903/344/2 693/345/2 692/343/2
f 902/346/2 693/345/2 903/344/2
f 1095/347/2 1015/330/2 1096/342/2
f 902/346/2 694/348/2 693/345/2
f 901/349/2 694/348/2 902/346/2
f 1095/347/2 1016/350/2 1015/330/2
f 901/349/2 695/351/2 694/348/2
f 1094/352/2 1016/350/2 1095/347/2
f 900/353/2 695/351/2 901/349/2
f 1094/352/2 1017/354/2 1016/350/2
f 900/353/2 696/355/2 695/351/2
f 899/356/2 696/355/2 900/353/2
f 1093/357/2 1017/354/2 1094/352/2
f 1093/357/2 1018/358/2 1017/354/2
f 899/356/2 697/359/2 696/355/2
f 898/360/2 697/359/2 899/356/2
f 898/360/2 698/361/2 697/359/2
f 1093/357/2 1019/362/2 1018/358/2
f 1092/363/2 1019/362/2 1093/357/2
f 897/364/2 698/361/2 898/360/2
f 897/364/2 699/365/2 698/361/2
f 1092/363/2 1020/366/2 1019/362/2
f 896/367/2 699/365/2 897/364/2
f 896/367/2 700/368/2 699/365/2
f 1091/369/2 1020/366/2 1092/363/2
f 1091/369/2 1021/370/2 1020/366/2
f 895/371/2 700/368/2 896/367/2
f 895/371/2 701/372/2 700/368/2
f 1090/373/2 1021/370/2 1091/369/2
f 1090/373/2 1022/374/2 1021/370/2
f 895/371/2 702/375/2 701/372/2
f 894/376/2 702/375/2 895/371/2
f 894/376/2 703/377/2 702/375/2
f 1090/373/2 1023/378/2 1022/374/2
f 893/379/2 703/377/2 894/376/2
f 1089/380/2 1023/378/2 1090/373/2
f 893/379/2 704/381/2 703/377/2
f 1089/380/2 1024/382/2 1023/378/2
f 892/383/2 704/381/2 893/379/2
f 892/383/2 705/384/2 704/381/2
f 1088/385/2 1024/382/2 1089/380/2
f 1088/385/2 1025/386/2 1024/382/2
f 891/387/2 705/384/2 892/383/2
f 891/387/2 706/388/2 705/384/2
f 1087/389/2 1025/386/2 1088/385/2
f 1087/389/2 1026/390/2 1025/386/2
f 891/387/2 707/391/2 706/388/2
f 890/392/2 707/391/2 891/387/2
f 890/392/2 708/393/2 707/391/2
f 1086/394/2 1026/390/2 1087/389/2
f 1086/394/2 1027/395/2 1026/390/2
f 889/396/2 708/393/2 890/392/2
f 889/396/2 709/397/2 708/393/2
f 1085/398/2 1027/395/2 1086/394/2
f 1085/398/2 1028/399/2 1027/395/2
f 888/400/2 709/397/2 889/396/2
f 1085/398/2 1029/401/2 1028/399/2
f 1084/402/2 1029/401/2 1085/398/2
f 887/403/2 709/397/2 888/400/2
f 1084/402/2 1030/404/2 1029/401/2
f 1083/405/2 1030/404/2 1084/402/2
f 886/406/2 709/397/2 887/403/2
f 1083/405/2 1031/407/2 1030/404/2
f 1082/408/2 1031/407/2 1083/405/2
f 885/409/2 709/397/2 886/406/2
f 1081/410/2 1031/407/2 1082/408/2
f 1081/410/2 1032/411/2 1031/407/2
f 884/412/2 709/397/2 885/409/2
f 1080/413/2 1032/411/2 1081/410/2
f 1080/413/2 1033/414/2 1032/411/2
f 883/415/2 709/397/2 884/412/2
f 1079/416/2 1033/414/2 1080/413/2
f 1079/416/2 1034/417/2 1033/414/2
f 1078/418/2 1034/417/2 1079/416/2
f 882/419/2 709/397/2 883/415/2
f 1078/418/2 1035/420/2 1034/417/2
f 1077/421/2 1035/420/2 1078/418/2
f 1077/421/2 1036/422/2 1035/420/2
f 881/423/2 709/397/2 882/419/2
f 1076/424/2 1036/422/2 1077/421/2
f 1076/424/2 1037/425/2 1036/422/2
f 1075/426/2 1037/425/2 1076/424/2
f 880/427/2 709/397/2 881/423/2
f 1074/428/2 1037/425/2 1075/426/2
f 1074/428/2 1038/429/2 1037/425/2
f 1073/430/2 1038/429/2 1074/428/2
f 1073/430/2 1039/431/2 1038/429/2
f 1072/432/2 1039/431/2 1073/430/2
f 1072/432/2 1040/433/2 1039/431/2
f 1071/434/2 1040/433/2 1072/432/2
f 1071/434/2 1041/435/2 1040/433/2
f 1071/434/2 1042/436/2 1041/435/2
f 1071/434/2 1043/437/2 1042/436/2
f 879/438/2 709/397/2 880/427/2
f 1071/434/2 1044/439/2 1043/437/2
f 1071/434/2 1045/440/2 1044/439/2
f 1070/441/2 1045/440/2 1071/434/2
f 1070/441/2 1046/442/2 1045/440/2
f 1070/441/2 1047/443/2 1046/442/2
f 1070/441/2 1048/444/2 1047/443/2
f 1070/441/2 1049/445/2 1048/444/2
f 1069/446/2 1049/445/2 1070/441/2
f 1069/446/2 1050/447/2 1049/445/2
f 1069/446/2 1051/448/2 1050/447/2
f 1069/446/2 1052/449/2 1051/448/2
f 878/450/2 709/397/2 879/438/2
f 1068/451/2 1052/449/2 1069/446/2
f 1068/451/2 1053/452/2 1052/449/2
f 1068/451/2 1054/453/2 1053/452/2
f 1068/451/2 1055/454/2 1054/453/2
f 1068/451/2 1056/455/2 1055/454/2
f 1067/456/2 1056/455/2 1068/451/2
f 1067/456/2 1057/457/2 1056/455/2
f 1067/456/2 1058/458/2 1057/457/2
f 1067/456/2 1059/459/2 1058/458/2
f 1067/456/2 1060/460/2 1059/459/2
f 1067/456/2 1061/461/2 1060/460/2
f 1067/456/2 1062/462/2 1061/461/2
f 1067/456/2 1063/463/2 1062/462/2
f 1067/456/2 1064/464/2 1063/463/2
f 1066/465/2 1064/464/2 1067/456/2
f 1065/466/2 1064/464/2 1066/465/2
f 877/467/2 709/397/2 878/450/2
f 876/468/2 709/397/2 877/467/2
f 875/469/2 709/397/2 876/468/2
f 874/470/2 709/397/2 875/469/2
f 873/471/2 709/397/2 874/470/2
f 872/472/2 709/397/2 873/471/2
f 871/473/2 709/397/2 872/472/2
f 870/474/2 709/397/2 871/473/2
f 869/475/2 709/397/2 870/474/2
f 868/476/2 709/397/2 869/475/2
f 866/477/2 868/476/2 867/478/2
f 866/477/2 709/397/2 868/476/2
f 865/479/2 709/397/2 866/477/2
f 864/480/2 709/397/2 865/479/2
f 863/481/2 709/397/2 864/480/2
f 862/482/2 709/397/2 863/481/2
f 861/483/2 709/397/2 862/482/2
f 860/484/2 709/397/2 861/483/2
f 859/485/2 709/397/2 860/484/2
f 858/486/2 709/397/2 859/485/2
f 857/487/2 709/397/2 858/486/2
f 856/488/2 709/397/2 857/487/2
f 855/489/2 709/397/2 856/488/2
f 854/490/2 709/397/2 855/489/2
f 853/491/2 709/397/2 854/490/2
f 852/492/2 709/397/2 853/491/2
f 851/493/2 709/397/2 852/492/2
f 850/494/2 709/397/2 851/493/2
f 849/495/2 709/397/2 850/494/2
f 848/496/2 709/397/2 849/495/2
f 847/497/2 709/397/2 848/496/2
f 846/498/2 709/397/2 847/497/2
f 845/499/2 709/397/2 846/498/2
f 844/500/2 709/397/2 845/499/2
f 843/501/2 709/397/2 844/500/2
f 842/502/2 709/397/2 843/501/2
f 841/503/2 709/397/2 842/502/2
f 840/504/2 709/397/2 841/503/2
f 839/505/2 709/397/2 840/504/2
f 838/506/2 709/397/2 839/505/2
f 837/507/2 709/397/2 838/506/2
f 836/508/2 709/397/2 837/507/2
f 835/509/2 709/397/2 836/508/2
f 834/510/2 709/397/2 835/509/2
f 833/511/2 709/397/2 834/510/2
f 832/512/2 709/397/2 833/511/2
f 832/512/2 710/513/2 709/397/2
f 832/512/2 711/514/2 710/513/2
f 831/515/2 711/514/2 832/512/2
f 831/515/2 712/516/2 711/514/2
f 831/515/2 713/517/2 712/516/2
f 830/518/2 713/517/2 831/515/2
f 830/518/2 714/519/2 713/517/2
f 830/518/2 715/520/2 714/519/2
f 829/521/2 715/520/2 830/518/2
f 829/521/2 716/522/2 715/520/2
f 828/523/2 716/522/2 829/521/2
f 828/523/2 717/524/2 716/522/2
f 828/523/2 718/525/2 717/524/2
f 827/526/2 718/525/2 828/523/2
f 827/526/2 719/527/2 718/525/2
f 826/528/2 719/527/2 827/526/2
f 826/528/2 720/529/2 719/527/2
f 826/528/2 721/530/2 720/529/2
f 825/531/2 721/530/2 826/528/2
f 825/531/2 722/532/2 721/530/2
f 824/533/2 722/532/2 825/531/2
f 824/533/2 723/534/2 722/532/2
f 824/533/2 724/535/2 723/534/2
f 823/536/2 724/535/2 824/533/2
f 823/536/2 725/537/2 724/535/2
f 822/538/2 725/537/2 823/536/2
f 822/538/2 726/539/2 725/537/2
f 821/540/2 726/539/2 822/538/2
f 821/540/2 727/541/2 726/539/2
f 821/540/2 728/542/2 727/541/2
f 820/543/2 728/542/2 821/540/2
f 820/543/2 729/544/2 728/542/2
f 819/545/2 729/544/2 820/543/2
f 819/545/2 730/546/2 729/544/2
f 818/547/2 730/546/2 819/545/2
f 818/547/2 731/548/2 730/546/2
f 818/547/2 732/549/2 731/548/2
f 818/547/2 733/550/2 732/549/2
f 818/547/2 734/551/2 733/550/2
f 818/547/2 735/552/2 734/551/2
f 818/547/2 736/553/2 735/552/2
f 818/547/2 737/554/2 736/553/2
f 818/547/2 738/555/2 737/554/2
f 818/547/2 739/556/2 738/555/2
f 818/547/2 740/557/2 739/556/2
f 817/558/2 740/557/2 818/547/2
f 817/558/2 741/559/2 740/557/2
f 816/560/2 741/559/2 817/558/2
f 816/560/2 742/561/2 741/559/2
f 815/562/2 742/561/2 816/560/2
f 815/562/2 743/563/2 742/561/2
f 814/564/2 743/563/2 815/562/2
f 814/564/2 744/565/2 743/563/2
f 813/566/2 744/565/2 814/564/2
f 813/566/2 745/567/2 744/565/2
f 812/568/2 745/567/2 813/566/2
f 812/568/2 746/569/2 745/567/2
f 811/570/2 746/569/2 812/568/2
f 811/570/2 747/571/2 746/569/2
f 810/572/2 747/571/2 811/570/2
f 810/572/2 748/573/2 747/571/2
f 809/574/2 748/573/2 810/572/2
f 809/574/2 749/575/2 748/573/2
f 808/576/2 749/575/2 809/574/2
f 808/576/2 750/577/2 749/575/2
f 807/578/2 750/577/2 808/576/2
f 807/578/2 751/579/2 750/577/2
f 806/580/2 751/579/2 807/578/2
f 806/580/2 752/581/2 751/579/2
f 805/582/2 752/581/2 806/580/2
f 805/582/2 753/583/2 752/581/2
f 804/584/2 753/583/2 805/582/2
f 804/584/2 754/585/2 753/583/2
f 803/586/2 754/585/2 804/584/2
f 803/586/2 755/587/2 754/585/2
f 802/588/2 755/587/2 803/586/2
f 802/588/2 756/589/2 755/587/2
f 801/590/2 756/589/2 802/588/2
f 801/590/2 757/591/2 756/589/2
f 800/592/2 757/591/2 801/590/2
f 800/592/2 758/593/2 757/591/2
f 799/594/2 758/593/2 800/592/2
f 799/594/2 759/595/2 758/593/2
f 798/596/2 759/595/2 799/594/2
f 798/596/2 760/597/2 759/595/2
f 797/598/2 760/597/2 798/596/2
f 797/598/2 761/599/2 760/597/2
f 796/600/2 761/599/2 797/598/2
f 796/600/2 762/601/2 761/599/2
f 795/602/2 762/601/2 796/600/2
f 795/602/2 763/603/2 762/601/2
f 795/602/2 764/604/2 763/603/2
f 794/605/2 764/604/2 795/602/2
f 794/605/2 765/606/2 764/604/2
f 793/607/2 765/606/2 794/605/2
f 792/608/2 765/606/2 793/607/2
f 791/609/2 765/606/2 792/608/2
f 791/609/2 766/610/2 765/606/2
f 790/611/2 766/610/2 791/609/2
f 789/612/2 766/610/2 790/611/2
f 789/612/2 767/613/2 766/610/2
f 788/614/2 767/613/2 789/612/2
f 787/615/2 767/613/2 788/614/2
f 786/616/2 767/613/2 787/615/2
f 786/616/2 768/617/2 767/613/2
f 785/618/2 768/617/2 786/616/2
f 784/619/2 768/617/2 785/618/2
f 783/620/2 768/617/2 784/619/2
f 782/621/2 768/617/2 783/620/2
f 781/622/2 768/617/2 782/621/2
f 780/623/2 768/617/2 781/622/2
f 780/623/2 769/624/2 768/617/2
f 779/625/2 769/624/2 780/623/2
f 778/626/2 769/624/2 779/625/2
f 777/627/2 769/624/2 778/626/2
f 776/628/2 769/624/2 777/627/2
f 775/629/2 769/624/2 776/628/2
f 775/629/2 770/630/2 769/624/2
f 774/631/2 770/630/2 775/629/2
f 773/632/2 770/630/2 774/631/2
f 772/633/2 770/630/2 773/632/2
f 771/634/2 770/630/2 772/633/2
f 577/5/3 1212/7/3 578/7/3
f 569/12/4 1204/10/4 570/10/4
f 105/556/5 740/557/5 106/557/5
f 177/570/6 812/568/6 178/568/6
f 585/21/7 1220/23/7 586/23/7
f 561/28/8 1196/26/8 562/26/8
f 113/571/9 748/573/9 114/573/9
f 169/586/10 804/584/10 170/584/10
f 593/37/11 1228/39/11 594/39/11
f 553/44/12 1188/42/12 554/42/12
f 121/587/13 756/589/13 122/589/13
f 161/602/14 796/600/14 162/600/14
f 601/52/15 1236/54/15 602/54/15
f 129/603/16 764/604/16 130/604/16
f 153/615/17 788/614/17 154/614/17
f 145/625/18 780/623/18 146/623/18
f 137/634/19 772/633/19 138/633/19
f 571/8/20 1206/6/20 572/6/20
f 579/9/21 1214/11/21 580/11/21
f 563/24/22 1198/22/22 564/22/22
f 587/25/23 1222/27/23 588/27/23
f 555/40/24 1190/38/24 556/38/24
f 595/41/25 1230/43/25 596/43/25
f 547/57/26 1182/55/26 548/55/26
f 603/56/27 1238/58/27 604/58/27
f 507/80/28 1142/75/28 508/75/28
f 19/82/29 654/85/29 20/85/29
f 515/87/30 1150/91/30 516/91/30
f 499/105/31 1134/103/31 500/103/31
f 611/97/32 1246/108/32 612/108/32
f 11/110/33 646/92/33 12/92/33
f 27/106/34 662/111/34 28/111/34
f 539/113/35 1174/99/35 540/99/35
f 491/124/36 1126/122/36 492/122/36
f 35/131/37 670/133/37 36/133/37
f 619/151/38 1254/155/38 620/155/38
f 531/161/39 1166/157/39 532/157/39
f 523/158/40 1158/163/40 524/163/40
f 3/170/41 638/164/41 4/164/41
f 627/171/42 1262/172/42 628/172/42
f 483/193/43 1118/192/43 484/192/43
f 43/196/44 678/199/44 44/199/44
f 475/206/45 1110/204/45 476/204/45
f 467/222/46 1102/216/46 468/216/46
f 355/225/47 990/223/47 356/223/47
f 299/231/48 934/234/48 300/234/48
f 291/240/49 926/236/49 292/236/49
f 363/248/50 998/252/50 364/252/50
f 347/254/51 982/250/51 348/250/51
f 307/263/52 942/267/52 308/267/52
f 283/275/53 918/269/53 284/269/53
f 339/284/54 974/281/54 340/281/54
f 371/282/55 1006/286/55 372/286/55
f 315/293/56 950/297/56 316/297/56
f 275/307/57 910/303/57 276/303/57
f 331/314/58 966/312/58 332/312/58
f 323/321/59 958/323/59 324/323/59
f 379/318/60 1014/328/60 380/328/60
f 51/327/61 686/332/61 52/332/61
f 59/345/62 694/348/62 60/348/62
f 267/349/63 902/346/63 268/346/63
f 459/357/64 1094/352/64 460/352/64
f 387/370/65 1022/374/65 388/374/65
f 67/372/66 702/375/66 68/375/66
f 259/379/67 894/376/67 260/376/67
f 451/398/68 1086/394/68 452/394/68
f 395/401/69 1030/404/69 396/404/69
f 251/409/70 886/406/70 252/406/70
f 443/421/71 1078/418/71 444/418/71
f 403/425/72 1038/429/72 404/429/72
f 411/440/73 1046/442/73 412/442/73
f 435/446/74 1070/441/74 436/441/74
f 419/452/75 1054/453/75 420/453/75
f 427/461/76 1062/462/76 428/462/76
f 243/467/77 878/450/77 244/450/77
f 235/475/78 870/474/78 236/474/78
f 227/483/79 862/482/79 228/482/79
f 219/491/80 854/490/80 220/490/80
f 211/499/81 846/498/81 212/498/81
f 203/507/82 838/506/82 204/506/82
f 75/397/83 710/513/83 76/513/83
f 195/521/84 830/518/84 196/518/84
f 83/524/85 718/525/85 84/525/85
f 91/537/86 726/539/86 92/539/86
f 187/540/87 822/538/87 188/538/87
f 99/550/88 734/551/88 100/551/88
f 107/559/89 742/561/89 108/561/89
f 179/566/90 814/564/90 180/564/90
f 115/575/91 750/577/91 116/577/91
f 171/582/92 806/580/92 172/580/92
f 123/591/93 758/593/93 124/593/93
f 163/598/94 798/596/94 164/596/94
f 131/606/95 766/610/95 132/610/95
f 155/612/96 790/611/96 156/611/96
f 147/622/97 782/621/97 148/621/97
f 139/632/98 774/631/98 140/631/98
f 573/4/99 1208/1/99 574/1/99
f 581/13/100 1216/15/100 582/15/100
f 565/20/101 1200/18/101 566/18/101
f 589/29/102 1224/31/102 590/31/102
f 557/36/103 1192/34/103 558/34/103
f 597/45/104 1232/47/104 598/47/104
f 549/53/105 1184/50/105 550/50/105
f 605/60/106 1240/62/106 606/62/106
f 541/69/107 1176/67/107 542/67/107
f 509/71/108 1144/72/108 510/72/108
f 13/88/109 648/84/109 14/84/109
f 21/89/72 656/93/72 22/93/72
f 501/102/110 1136/100/110 502/100/110
f 29/115/111 664/117/111 30/117/111
f 493/119/112 1128/118/112 494/118/112
f 517/109/113 1152/128/113 518/128/113
f 613/121/114 1248/132/114 614/132/114
f 37/134/115 672/135/115 38/135/115
f 533/154/116 1168/150/116 534/150/116
f 5/159/117 640/153/117 6/153/117
f 621/156/118 1256/160/118 622/160/118
f 525/169/119 1160/175/119 526/175/119
f 629/174/3 1264/177/3 630/177/3
f 485/190/120 1120/189/120 486/189/120
f 477/203/121 1112/201/121 478/201/121
f 45/202/122 680/205/122 46/205/122
f 469/215/123 1104/213/123 470/213/123
f 293/220/124 928/219/124 294/219/124
f 357/224/125 992/229/125 358/229/125
f 301/238/126 936/242/126 302/242/126
f 349/246/127 984/241/127 350/241/127
f 365/256/128 1000/260/128 366/260/128
f 285/265/129 920/261/129 286/261/129
f 309/271/130 944/272/130 310/272/130
f 341/277/131 976/273/131 342/273/131
f 373/290/132 1008/294/132 374/294/132
f 277/299/133 912/295/133 278/295/133
f 317/301/134 952/305/134 318/305/134
f 333/308/135 968/304/135 334/304/135
f 325/325/136 960/326/136 326/326/136
f 53/334/137 688/335/137 54/335/137
f 269/344/138 904/341/138 270/341/138
f 461/347/139 1096/342/139 462/342/139
f 381/330/140 1016/350/140 382/350/140
f 61/351/141 696/355/141 62/355/141
f 261/371/142 896/367/142 262/367/142
f 69/377/143 704/381/143 70/381/143
f 389/378/144 1024/382/144 390/382/144
f 453/389/145 1088/385/145 454/385/145
f 253/403/146 888/400/146 254/400/146
f 397/407/147 1032/411/147 398/411/147
f 445/416/148 1080/413/148 446/413/148
f 405/431/149 1040/433/149 406/433/149
f 437/434/150 1072/432/150 438/432/150
f 245/438/151 880/427/151 246/427/151
f 413/443/152 1048/444/152 414/444/152
f 421/454/153 1056/455/153 422/455/153
f 429/463/154 1064/464/154 430/464/154
f 237/473/155 872/472/155 238/472/155
f 229/481/156 864/480/156 230/480/156
f 221/489/157 856/488/157 222/488/157
f 213/497/158 848/496/158 214/496/158
f 205/505/159 840/504/159 206/504/159
f 197/515/160 832/512/160 198/512/160
f 77/514/161 712/516/161 78/516/161
f 85/527/162 720/529/162 86/529/162
f 189/536/163 824/533/163 190/533/163
f 93/541/164 728/542/164 94/542/164
f 101/552/165 736/553/165 102/553/165
f 181/562/166 816/560/166 182/560/166
f 109/563/167 744/565/167 110/565/167
f 173/578/168 808/576/168 174/576/168
f 117/579/169 752/581/169 118/581/169
f 165/594/170 800/592/170 166/592/170
f 125/595/171 760/597/171 126/597/171
f 157/609/172 792/608/172 158/608/172
f 133/613/173 768/617/173 134/617/173
f 149/620/174 784/619/174 150/619/174
f 141/629/175 776/628/175 142/628/175
f 575/2/176 1210/3/176 576/3/176
f 567/16/177 1202/14/177 568/14/177
f 583/17/178 1218/19/178 584/19/178
f 559/32/179 1194/30/179 560/30/179
f 591/33/180 1226/35/180 592/35/180
f 551/48/181 1186/46/181 552/46/181
f 599/49/182 1234/51/182 600/51/182
f 543/65/183 1178/63/183 544/63/183
f 607/64/184 1242/66/184 608/66/184
f 511/73/185 1146/74/185 512/74/185
f 15/81/186 650/77/186 16/77/186
f 503/96/187 1138/94/187 504/94/187
f 23/95/188 658/98/188 24/98/188
f 495/116/189 1130/114/189 496/114/189
f 31/120/190 666/123/190 32/123/190
f 615/139/191 1250/141/191 616/141/191
f 519/137/192 1154/142/192 520/142/192
f 535/145/193 1170/140/193 536/140/193
f 7/148/194 642/143/194 8/143/194
f 623/162/195 1258/165/195 624/165/195
f 631/179/196 1266/180/196 632/180/196
f 527/181/197 1162/178/197 528/178/197
f 487/187/198 1122/186/198 488/186/198
f 39/185/199 674/188/199 40/188/199
f 479/200/200 1114/198/200 480/198/200
f 47/208/201 682/211/201 48/211/201
f 471/212/202 1106/210/202 472/210/202
f 295/218/203 930/217/203 296/217/203
f 359/232/204 994/235/204 360/235/204
f 351/237/205 986/233/205 352/233/205
f 303/247/206 938/251/206 304/251/206
f 287/257/207 922/253/207 288/253/207
f 367/264/208 1002/268/208 368/268/208
f 343/270/209 978/266/209 344/266/209
f 311/276/210 946/280/210 312/280/210
f 279/291/211 914/287/211 280/287/211
f 335/300/212 970/296/212 336/296/212
f 375/298/213 1010/302/213 376/302/213
f 319/309/214 954/313/214 320/313/214
f 327/324/174 962/322/174 328/322/174
f 271/331/215 906/329/215 272/329/215
f 55/337/216 690/338/216 56/338/216
f 463/339/217 1098/336/217 464/336/217
f 383/354/218 1018/358/218 384/358/218
f 63/359/219 698/361/219 64/361/219
f 263/364/220 898/360/220 264/360/220
f 455/380/221 1090/373/221 456/373/221
f 71/384/222 706/388/222 72/388/222
f 391/386/223 1026/390/223 392/390/223
f 255/396/224 890/392/224 256/392/224
f 447/410/225 1082/408/225 448/408/225
f 399/414/226 1034/417/226 400/417/226
f 247/423/227 882/419/227 248/419/227
f 439/430/228 1074/428/228 440/428/228
f 407/435/229 1042/436/229 408/436/229
f 415/445/230 1050/447/230 416/447/230
f 423/457/231 1058/458/231 424/458/231
f 431/466/232 1066/465/232 432/465/232
f 239/471/233 874/470/233 240/470/233
f 231/479/234 866/477/234 232/477/234
f 223/487/235 858/486/235 224/486/235
f 215/495/236 850/494/236 216/494/236
f 207/503/237 842/502/237 208/502/237
f 199/511/238 834/510/238 200/510/238
f 79/517/239 714/519/239 80/519/239
f 191/531/240 826/528/240 192/528/240
f 87/530/241 722/532/241 88/532/241
f 95/544/242 730/546/242 96/546/242
f 103/554/243 738/555/243 104/555/243
f 183/558/244 818/547/244 184/547/244
f 111/567/245 746/569/245 112/569/245
f 175/574/246 810/572/246 176/572/246
f 119/583/247 754/585/247 120/585/247
f 167/590/248 802/588/248 168/588/248
f 127/599/249 762/601/249 128/601/249
f 159/607/250 794/605/250 160/605/250
f 151/618/251 786/616/251 152/616/251
f 143/627/252 778/626/252 144/626/252
f 135/624/253 770/630/253 136/630/253
f 578/7/254 1213/9/254 579/9/254
f 570/10/255 1205/8/255 571/8/255
f 586/23/256 1221/25/256 587/25/256
f 562/26/257 1197/24/257 563/24/257
f 594/39/258 1229/41/258 595/41/258
f 554/42/259 1189/40/259 555/40/259
f 602/54/260 1237/56/260 603/56/260
f 546/59/261 1181/57/261 547/57/261
f 18/79/262 653/82/262 19/82/262
f 506/86/263 1141/80/263 507/80/263
f 514/83/264 1149/87/264 515/87/264
f 610/70/265 1245/97/265 611/97/265
f 26/104/266 661/106/266 27/106/266
f 498/107/267 1133/105/267 499/105/267
f 490/126/268 1125/124/268 491/124/268
f 576/3/269 1211/5/269 577/5/269
f 538/127/270 1173/113/270 539/113/270
f 568/14/271 1203/12/271 569/12/271
f 10/129/272 645/110/272 11/110/272
f 584/19/273 1219/21/273 585/21/273
f 560/30/274 1195/28/274 561/28/274
f 34/130/275 669/131/275 35/131/275
f 592/35/276 1227/37/276 593/37/276
f 552/46/277 1187/44/277 553/44/277
f 600/51/278 1235/52/278 601/52/278
f 544/63/279 1179/61/279 545/61/279
f 618/149/280 1253/151/280 619/151/280
f 522/152/281 1157/158/281 523/158/281
f 608/66/282 1243/68/282 609/68/282
f 530/167/283 1165/161/283 531/161/283
f 512/74/284 1147/76/284 513/76/284
f 16/77/285 651/78/285 17/78/285
f 504/94/286 1139/90/286 505/90/286
f 626/168/287 1261/171/287 627/171/287
f 24/98/288 659/101/288 25/101/288
f 2/176/289 637/170/289 3/170/289
f 496/114/290 1131/112/290 497/112/290
f 32/123/291 667/125/291 33/125/291
f 482/195/292 1117/193/292 483/193/292
f 536/140/293 1171/136/293 537/136/293
f 42/194/294 677/196/294 43/196/294
f 474/207/295 1109/206/295 475/206/295
f 8/143/296 643/138/296 9/138/296
f 354/227/297 989/225/297 355/225/297
f 616/141/298 1251/144/298 617/144/298
f 520/142/299 1155/147/299 521/147/299
f 298/228/300 933/231/300 299/231/300
f 624/165/301 1259/166/301 625/166/301
f 528/178/302 1163/173/302 529/173/302
f 290/244/303 925/240/303 291/240/303
f 466/245/215 1101/222/215 467/222/215
f 632/180/304 1267/183/304 633/183/304
f 488/186/305 1123/146/305 489/146/305
f 362/243/306 997/248/306 363/248/306
f 40/188/307 675/191/307 41/191/307
f 346/258/308 981/254/308 347/254/308
f 480/198/309 1115/197/309 481/197/309
f 472/210/310 1107/209/310 473/209/310
f 306/259/311 941/263/311 307/263/311
f 48/211/312 683/214/312 49/214/312
f 282/279/313 917/275/313 283/275/313
f 296/217/314 931/226/314 297/226/314
f 352/233/315 987/230/315 353/230/315
f 370/278/316 1005/282/316 371/282/316
f 360/235/317 995/239/317 361/239/317
f 338/288/318 973/284/318 339/284/318
f 288/253/319 923/249/319 289/249/319
f 304/251/320 939/255/320 305/255/320
f 344/266/321 979/262/321 345/262/321
f 314/289/322 949/293/322 315/293/322
f 368/268/323 1003/274/323 369/274/323
f 312/280/324 947/285/324 313/285/324
f 274/311/325 909/307/325 275/307/325
f 280/287/326 915/283/326 281/283/326
f 336/296/327 971/292/327 337/292/327
f 330/316/328 965/314/328 331/314/328
f 376/302/329 1011/306/329 377/306/329
f 378/310/330 1013/318/330 379/318/330
f 320/313/331 955/315/331 321/315/331
f 322/317/332 957/321/332 323/321/332
f 328/322/333 963/320/333 329/320/333
f 50/221/334 685/327/334 51/327/334
f 272/329/335 907/319/335 273/319/335
f 464/336/336 1099/333/336 465/333/336
f 58/343/337 693/345/337 59/345/337
f 56/338/338 691/340/338 57/340/338
f 266/353/339 901/349/339 267/349/339
f 458/363/340 1093/357/340 459/357/340
f 264/360/341 899/356/341 265/356/341
f 384/358/342 1019/362/342 385/362/342
f 386/366/343 1021/370/343 387/370/343
f 64/361/344 699/365/344 65/365/344
f 456/373/345 1091/369/345 457/369/345
f 66/368/346 701/372/346 67/372/346
f 258/383/347 893/379/347 259/379/347
f 72/388/348 707/391/348 73/391/348
f 256/392/349 891/387/349 257/387/349
f 74/393/350 709/397/350 75/397/350
f 392/390/351 1027/395/351 393/395/351
f 394/399/352 1029/401/352 395/401/352
f 448/408/353 1083/405/353 449/405/353
f 450/402/354 1085/398/354 451/398/354
f 250/412/355 885/409/355 251/409/355
f 248/419/356 883/415/356 249/415/356
f 442/424/357 1077/421/357 443/421/357
f 400/417/358 1035/420/358 401/420/358
f 440/428/359 1075/426/359 441/426/359
f 402/422/360 1037/425/360 403/425/360
f 408/436/361 1043/437/361 409/437/361
f 410/439/362 1045/440/362 411/440/362
f 416/447/363 1051/448/363 417/448/363
f 434/451/364 1069/446/364 435/446/364
f 424/458/365 1059/459/365 425/459/365
f 418/449/366 1053/452/366 419/452/366
f 432/465/367 1067/456/367 433/456/367
f 240/470/368 875/469/368 241/469/368
f 426/460/369 1061/461/369 427/461/369
f 232/477/370 867/478/370 233/478/370
f 242/468/371 877/467/371 243/467/371
f 234/476/372 869/475/372 235/475/372
f 224/486/373 859/485/373 225/485/373
f 226/484/374 861/483/374 227/483/374
f 216/494/375 851/493/375 217/493/375
f 218/492/376 853/491/376 219/491/376
f 208/502/377 843/501/377 209/501/377
f 210/500/378 845/499/378 211/499/378
f 200/510/379 835/509/379 201/509/379
f 202/508/380 837/507/380 203/507/380
f 80/519/381 715/520/381 81/520/381
f 194/523/382 829/521/382 195/521/382
f 192/528/383 827/526/383 193/526/383
f 82/522/384 717/524/384 83/524/384
f 88/532/385 723/534/385 89/534/385
f 90/535/386 725/537/386 91/537/386
f 184/547/215 819/545/215 185/545/215
f 186/543/387 821/540/387 187/540/387
f 96/546/388 731/548/388 97/548/388
f 98/549/334 733/550/334 99/550/334
f 104/555/389 739/556/389 105/556/389
f 106/557/390 741/559/390 107/559/390
f 178/568/391 813/566/391 179/566/391
f 112/569/392 747/571/392 113/571/392
f 176/572/393 811/570/393 177/570/393
f 114/573/394 749/575/394 115/575/394
f 170/584/395 805/582/395 171/582/395
f 120/585/396 755/587/396 121/587/396
f 168/588/397 803/586/397 169/586/397
f 122/589/398 757/591/398 123/591/398
f 162/600/399 797/598/399 163/598/399
f 128/601/400 763/603/400 129/603/400
f 160/605/401 795/602/401 161/602/401
f 152/616/402 787/615/402 153/615/402
f 130/604/403 765/606/403 131/606/403
f 144/626/404 779/625/404 145/625/404
f 154/614/405 789/612/405 155/612/405
f 146/623/406 781/622/406 147/622/406
f 138/633/407 773/632/407 139/632/407
f 136/630/408 771/634/408 137/634/408
f 572/6/409 1207/4/409 573/4/409
f 580/11/410 1215/13/410 581/13/410
f 564/22/411 1199/20/411 565/20/411
f 588/27/412 1223/29/412 589/29/412
f 556/38/413 1191/36/413 557/36/413
f 596/43/414 1231/45/414 597/45/414
f 548/55/415 1183/53/415 549/53/415
f 604/58/416 1239/60/416 605/60/416
f 508/75/417 1143/71/417 509/71/417
f 20/85/418 655/89/418 21/89/418
f 12/92/419 647/88/419 13/88/419
f 540/99/420 1175/69/420 541/69/420
f 500/103/421 1135/102/421 501/102/421
f 516/91/422 1151/109/422 517/109/422
f 28/111/423 663/115/423 29/115/423
f 612/108/424 1247/121/424 613/121/424
f 492/122/425 1127/119/425 493/119/425
f 36/133/426 671/134/426 37/134/426
f 620/155/427 1255/156/427 621/156/427
f 532/157/428 1167/154/428 533/154/428
f 4/164/429 639/159/429 5/159/429
f 524/163/430 1159/169/430 525/169/430
f 628/172/431 1263/174/431 629/174/431
f 484/192/432 1119/190/432 485/190/432
f 44/199/433 679/202/433 45/202/433
f 476/204/434 1111/203/434 477/203/434
f 468/216/435 1103/215/435 469/215/435
f 356/223/436 991/224/436 357/224/436
f 292/236/437 927/220/437 293/220/437
f 300/234/438 935/238/438 301/238/438
f 348/250/439 983/246/439 349/246/439
f 364/252/440 999/256/440 365/256/440
f 284/269/441 919/265/441 285/265/441
f 308/267/442 943/271/442 309/271/442
f 340/281/443 975/277/443 341/277/443
f 372/286/444 1007/290/444 373/290/444
f 316/297/445 951/301/445 317/301/445
f 276/303/446 911/299/446 277/299/446
f 332/312/447 967/308/447 333/308/447
f 324/323/448 959/325/448 325/325/448
f 380/328/88 1015/330/88 381/330/88
f 52/332/449 687/334/449 53/334/449
f 268/346/450 903/344/450 269/344/450
f 60/348/451 695/351/451 61/351/451
f 460/352/452 1095/347/452 461/347/452
f 260/376/453 895/371/453 261/371/453
f 68/375/454 703/377/454 69/377/454
f 388/374/455 1023/378/455 389/378/455
f 452/394/456 1087/389/456 453/389/456
f 252/406/457 887/403/457 253/403/457
f 396/404/458 1031/407/458 397/407/458
f 444/418/459 1079/416/459 445/416/459
f 404/429/460 1039/431/460 405/431/460
f 436/441/461 1071/434/461 437/434/461
f 412/442/462 1047/443/462 413/443/462
f 244/450/463 879/438/463 245/438/463
f 420/453/464 1055/454/464 421/454/464
f 428/462/465 1063/463/465 429/463/465
f 236/474/466 871/473/466 237/473/466
f 228/482/467 863/481/467 229/481/467
f 220/490/468 855/489/468 221/489/468
f 212/498/469 847/497/469 213/497/469
f 204/506/470 839/505/470 205/505/470
f 76/513/471 711/514/471 77/514/471
f 196/518/472 831/515/472 197/515/472
f 84/525/473 719/527/473 85/527/473
f 188/538/474 823/536/474 189/536/474
f 92/539/475 727/541/475 93/541/475
f 100/551/476 735/552/476 101/552/476
f 108/561/477 743/563/477 109/563/477
f 180/564/478 815/562/478 181/562/478
f 116/577/479 751/579/479 117/579/479
f 172/580/480 807/578/480 173/578/480
f 124/593/481 759/595/481 125/595/481
f 164/596/482 799/594/482 165/594/482
f 156/611/483 791/609/483 157/609/483
f 132/610/484 767/613/484 133/613/484
f 148/621/485 783/620/485 149/620/485
f 140/631/486 775/629/486 141/629/486
f 574/1/487 1209/2/487 575/2/487
f 582/15/488 1217/17/488 583/17/488
f 566/18/489 1201/16/489 567/16/489
f 590/31/490 1225/33/490 591/33/490
f 558/34/491 1193/32/491 559/32/491
f 598/47/492 1233/49/492 599/49/492
f 550/50/493 1185/48/493 551/48/493
f 606/62/494 1241/64/494 607/64/494
f 542/67/495 1177/65/495 543/65/495
f 510/72/496 1145/73/496 511/73/496
f 14/84/497 649/81/497 15/81/497
f 22/93/498 657/95/498 23/95/498
f 502/100/499 1137/96/499 503/96/499
f 494/118/500 1129/116/500 495/116/500
f 30/117/501 665/120/501 31/120/501
f 518/128/502 1153/137/502 519/137/502
f 614/132/503 1249/139/503 615/139/503
f 534/150/504 1169/145/504 535/145/504
f 6/153/505 641/148/505 7/148/505
f 622/160/506 1257/162/506 623/162/506
f 630/177/507 1265/179/507 631/179/507
f 526/175/508 1161/181/508 527/181/508
f 38/135/509 673/185/509 39/185/509
f 486/189/510 1121/187/510 487/187/510
f 478/201/511 1113/200/511 479/200/511
f 46/205/512 681/208/512 47/208/512
f 470/213/513 1105/212/513 471/212/513
f 294/219/514 929/218/514 295/218/514
f 358/229/515 993/232/515 359/232/515
f 350/241/516 985/237/516 351/237/516
f 302/242/517 937/247/517 303/247/517
f 286/261/518 921/257/518 287/257/518
f 366/260/519 1001/264/519 367/264/519
f 342/273/520 977/270/520 343/270/520
f 310/272/521 945/276/521 311/276/521
f 278/295/522 913/291/522 279/291/522
f 374/294/523 1009/298/523 375/298/523
f 334/304/524 969/300/524 335/300/524
f 318/305/525 953/309/525 319/309/525
f 326/326/526 961/324/526 327/324/526
f 54/335/527 689/337/527 55/337/527
f 270/341/528 905/331/528 271/331/528
f 462/342/529 1097/339/529 463/339/529
f 382/350/530 1017/354/530 383/354/530
f 62/355/531 697/359/531 63/359/531
f 262/367/532 897/364/532 263/364/532
f 70/381/533 705/384/533 71/384/533
f 454/385/534 1089/380/534 455/380/534
f 390/382/535 1025/386/535 391/386/535
f 254/400/536 889/396/536 255/396/536
f 446/413/537 1081/410/537 447/410/537
f 398/411/538 1033/414/538 399/414/538
f 246/427/539 881/423/539 247/423/539
f 438/432/540 1073/430/540 439/430/540
f 406/433/541 1041/435/541 407/435/541
f 414/444/542 1049/445/542 415/445/542
f 422/455/543 1057/457/543 423/457/543
f 430/464/544 1065/466/544 431/466/544
f 238/472/545 873/471/545 239/471/545
f 230/480/546 865/479/546 231/479/546
f 222/488/547 857/487/547 223/487/547
f 214/496/548 849/495/548 215/495/548
f 206/504/549 841/503/549 207/503/549
f 198/512/550 833/511/550 199/511/550
f 78/516/551 713/517/551 79/517/551
f 86/529/552 721/530/552 87/530/552
f 190/533/553 825/531/553 191/531/553
f 94/542/554 729/544/554 95/544/554
f 102/553/555 737/554/555 103/554/555
f 182/560/556 817/558/556 183/558/556
f 110/565/557 745/567/557 111/567/557
f 174/576/558 809/574/558 175/574/558
f 118/581/559 753/583/559 119/583/559
f 166/592/560 801/590/560 167/590/560
f 126/597/561 761/599/561 127/599/561
f 158/608/562 793/607/562 159/607/562
f 150/619/563 785/618/563 151/618/563
f 134/617/154 769/624/154 135/624/154
f 142/628/564 777/627/564 143/627/564
f 545/61/565 1180/59/565 546/59/565
f 609/68/566 1244/70/566 610/70/566
f 17/78/567 652/79/567 18/79/567
f 513/76/568 1148/83/568 514/83/568
f 505/90/569 1140/86/569 506/86/569
f 25/101/570 660/104/570 26/104/570
f 497/112/571 1132/107/571 498/107/571
f 33/125/572 668/130/572 34/130/572
f 537/136/573 1172/127/573 538/127/573
f 9/138/574 644/129/574 10/129/574
f 489/146/575 1124/126/575 490/126/575
f 617/144/576 1252/149/576 618/149/576
f 521/147/577 1156/152/577 522/152/577
f 625/166/280 1260/168/280 626/168/280
f 529/173/578 1164/167/578 530/167/578
f 1/182/579 636/176/579 2/176/579
f 633/183/580 1268/184/580 634/184/580
f 634/184/581 635/182/581 1/182/581
f 41/191/582 676/194/582 42/194/582
f 481/197/583 1116/195/583 482/195/583
f 473/209/584 1108/207/584 474/207/584
f 49/214/88 684/221/88 50/221/88
f 297/226/585 932/228/585 298/228/585
f 353/230/586 988/227/586 354/227/586
f 361/239/587 996/243/587 362/243/587
f 289/249/588 924/244/588 290/244/588
f 305/255/589 940/259/589 306/259/589
f 345/262/590 980/258/590 346/258/590
f 369/274/591 1004/278/591 370/278/591
f 281/283/592 916/279/592 282/279/592
f 313/285/593 948/289/593 314/289/593
f 337/292/594 972/288/594 338/288/594
f 377/306/595 1012/310/595 378/310/595
f 321/315/596 956/317/596 322/317/596
f 273/319/597 908/311/597 274/311/597
f 329/320/598 964/316/598 330/316/598
f 465/333/599 1100/245/599 466/245/599
f 57/340/600 692/343/600 58/343/600
f 265/356/601 900/353/601 266/353/601
f 385/362/602 1020/366/602 386/366/602
f 65/365/603 700/368/603 66/368/603
f 457/369/604 1092/363/604 458/363/604
f 257/387/605 892/383/605 258/383/605
f 73/391/606 708/393/606 74/393/606
f 393/395/607 1028/399/607 394/399/607
f 449/405/608 1084/402/608 450/402/608
f 249/415/609 884/412/609 250/412/609
f 401/420/610 1036/422/610 402/422/610
f 441/426/611 1076/424/611 442/424/611
f 409/437/612 1044/439/612 410/439/612
f 417/448/613 1052/449/613 418/449/613
f 433/456/614 1068/451/614 434/451/614
f 425/459/615 1060/460/615 426/460/615
f 241/469/616 876/468/616 242/468/616
f 233/478/617 868/476/617 234/476/617
f 225/485/618 860/484/618 226/484/618
f 217/493/619 852/492/619 218/492/619
f 209/501/620 844/500/620 210/500/620
f 201/509/621 836/508/621 202/508/621
f 81/520/622 716/522/622 82/522/622
f 193/526/623 828/523/623 194/523/623
f 89/534/624 724/535/624 90/535/624
f 185/545/625 820/543/625 186/543/625
f 97/548/626 732/549/626 98/549/626
f 577/5/3 1211/5/3 1212/7/3
f 569/12/4 1203/12/4 1204/10/4
f 105/556/5 739/556/5 740/557/5
f 177/570/6 811/570/6 812/568/6
f 585/21/7 1219/21/7 1220/23/7
f 561/28/8 1195/28/8 1196/26/8
f 113/571/9 747/571/9 748/573/9
f 169/586/10 803/586/10 804/584/10
f 593/37/11 1227/37/11 1228/39/11
f 553/44/12 1187/44/12 1188/42/12
f 121/587/13 755/587/13 756/589/13
f 161/602/14 795/602/14 796/600/14
f 601/52/15 1235/52/15 1236/54/15
f 129/603/16 763/603/16 764/604/16
f 153/615/17 787/615/17 788/614/17
f 145/625/18 779/625/18 780/623/18
f 137/634/19 771/634/19 772/633/19
f 571/8/20 1205/8/20 1206/6/20
f 579/9/21 1213/9/21 1214/11/21
f 563/24/22 1197/24/22 1198/22/22
f 587/25/23 1221/25/23 1222/27/23
f 555/40/24 1189/40/24 1190/38/24
f 595/41/25 1229/41/25 1230/43/25
f 547/57/26 1181/57/26 1182/55/26
f 603/56/27 1237/56/27 1238/58/27
f 507/80/627 1141/80/627 1142/75/627
f 19/82/628 653/82/628 654/85/628
f 515/87/30 1149/87/30 1150/91/30
f 499/105/31 1133/105/31 1134/103/31
f 611/97/32 1245/97/32 1246/108/32
f 11/110/33 645/110/33 646/92/33
f 27/106/629 661/106/629 662/111/629
f 539/113/35 1173/113/35 1174/99/35
f 491/124/630 1125/124/630 1126/122/630
f 35/131/37 669/131/37 670/133/37
f 619/151/38 1253/151/38 1254/155/38
f 531/161/39 1165/161/39 1166/157/39
f 523/158/40 1157/158/40 1158/163/40
f 3/170/41 637/170/41 638/164/41
f 627/171/42 1261/171/42 1262/172/42
f 483/193/43 1117/193/43 1118/192/43
f 43/196/44 677/196/44 678/199/44
f 475/206/45 1109/206/45 1110/204/45
f 467/222/631 1101/222/631 1102/216/631
f 355/225/47 989/225/47 990/223/47
f 299/231/48 933/231/48 934/234/48
f 291/240/49 925/240/49 926/236/49
f 363/248/50 997/248/50 998/252/50
f 347/254/51 981/254/51 982/250/51
f 307/263/52 941/263/52 942/267/52
f 283/275/53 917/275/53 918/269/53
f 339/284/54 973/284/54 974/281/54
f 371/282/55 1005/282/55 1006/286/55
f 315/293/56 949/293/56 950/297/56
f 275/307/57 909/307/57 910/303/57
f 331/314/58 965/314/58 966/312/58
f 323/321/59 957/321/59 958/323/59
f 379/318/60 1013/318/60 1014/328/60
f 51/327/61 685/327/61 686/332/61
f 59/345/62 693/345/62 694/348/62
f 267/349/63 901/349/63 902/346/63
f 459/357/64 1093/357/64 1094/352/64
f 387/370/65 1021/370/65 1022/374/65
f 67/372/66 701/372/66 702/375/66
f 259/379/67 893/379/67 894/376/67
f 451/398/68 1085/398/68 1086/394/68
f 395/401/69 1029/401/69 1030/404/69
f 251/409/70 885/409/70 886/406/70
f 443/421/71 1077/421/71 1078/418/71
f 403/425/72 1037/425/72 1038/429/72
f 411/440/73 1045/440/73 1046/442/73
f 435/446/74 1069/446/74 1070/441/74
f 419/452/75 1053/452/75 1054/453/75
f 427/461/76 1061/461/76 1062/462/76
f 243/467/77 877/467/77 878/450/77
f 235/475/78 869/475/78 870/474/78
f 227/483/79 861/483/79 862/482/79
f 219/491/80 853/491/80 854/490/80
f 211/499/81 845/499/81 846/498/81
f 203/507/82 837/507/82 838/506/82
f 75/397/83 709/397/83 710/513/83
f 195/521/84 829/521/84 830/518/84
f 83/524/85 717/524/85 718/525/85
f 91/537/86 725/537/86 726/539/86
f 187/540/87 821/540/87 822/538/87
f 99/550/88 733/550/88 734/551/88
f 107/559/89 741/559/89 742/561/89
f 179/566/90 813/566/90 814/564/90
f 115/575/91 749/575/91 750/577/91
f 171/582/92 805/582/92 806/580/92
f 123/591/93 757/591/93 758/593/93
f 163/598/94 797/598/94 798/596/94
f 131/606/95 765/606/95 766/610/95
f 155/612/96 789/612/96 790/611/96
f 147/622/97 781/622/97 782/621/97
f 139/632/98 773/632/98 774/631/98
f 573/4/99 1207/4/99 1208/1/99
f 581/13/100 1215/13/100 1216/15/100
f 565/20/101 1199/20/101 1200/18/101
f 589/29/102 1223/29/102 1224/31/102
f 557/36/103 1191/36/103 1192/34/103
f 597/45/104 1231/45/104 1232/47/104
f 549/53/105 1183/53/105 1184/50/105
f 605/60/106 1239/60/106 1240/62/106
f 541/69/107 1175/69/107 1176/67/107
f 509/71/632 1143/71/632 1144/72/632
f 13/88/633 647/88/633 648/84/633
f 21/89/72 655/89/72 656/93/72
f 501/102/110 1135/102/110 1136/100/110
f 29/115/111 663/115/111 664/117/111
f 493/119/112 1127/119/112 1128/118/112
f 517/109/113 1151/109/113 1152/128/113
f 613/121/114 1247/121/114 1248/132/114
f 37/134/115 671/134/115 672/135/115
f 533/154/116 1167/154/116 1168/150/116
f 5/159/117 639/159/117 640/153/117
f 621/156/118 1255/156/118 1256/160/118
f 525/169/119 1159/169/119 1160/175/119
f 629/174/3 1263/174/3 1264/177/3
f 485/190/120 1119/190/120 1120/189/120
f 477/203/121 1111/203/121 1112/201/121
f 45/202/122 679/202/122 680/205/122
f 469/215/123 1103/215/123 1104/213/123
f 293/220/124 927/220/124 928/219/124
f 357/224/125 991/224/125 992/229/125
f 301/238/126 935/238/126 936/242/126
f 349/246/127 983/246/127 984/241/127
f 365/256/128 999/256/128 1000/260/128
f 285/265/129 919/265/129 920/261/129
f 309/271/130 943/271/130 944/272/130
f 341/277/131 975/277/131 976/273/131
f 373/290/132 1007/290/132 1008/294/132
f 277/299/133 911/299/133 912/295/133
f 317/301/134 951/301/134 952/305/134
f 333/308/135 967/308/135 968/304/135
f 325/325/136 959/325/136 960/326/136
f 53/334/137 687/334/137 688/335/137
f 269/344/138 903/344/138 904/341/138
f 461/347/139 1095/347/139 1096/342/139
f 381/330/140 1015/330/140 1016/350/140
f 61/351/141 695/351/141 696/355/141
f 261/371/142 895/371/142 896/367/142
f 69/377/143 703/377/143 704/381/143
f 389/378/144 1023/378/144 1024/382/144
f 453/389/145 1087/389/145 1088/385/145
f 253/403/146 887/403/146 888/400/146
f 397/407/147 1031/407/147 1032/411/147
f 445/416/148 1079/416/148 1080/413/148
f 405/431/149 1039/431/149 1040/433/149
f 437/434/150 1071/434/150 1072/432/150
f 245/438/151 879/438/151 880/427/151
f 413/443/152 1047/443/152 1048/444/152
f 421/454/153 1055/454/153 1056/455/153
f 429/463/154 1063/463/154 1064/464/154
f 237/473/155 871/473/155 872/472/155
f 229/481/634 863/481/634 864/480/634
f 221/489/157 855/489/157 856/488/157
f 213/497/158 847/497/158 848/496/158
f 205/505/159 839/505/159 840/504/159
f 197/515/160 831/515/160 832/512/160
f 77/514/161 711/514/161 712/516/161
f 85/527/162 719/527/162 720/529/162
f 189/536/163 823/536/163 824/533/163
f 93/541/164 727/541/164 728/542/164
f 101/552/165 735/552/165 736/553/165
f 181/562/166 815/562/166 816/560/166
f 109/563/167 743/563/167 744/565/167
f 173/578/168 807/578/168 808/576/168
f 117/579/169 751/579/169 752/581/169
f 165/594/170 799/594/170 800/592/170
f 125/595/171 759/595/171 760/597/171
f 157/609/172 791/609/172 792/608/172
f 133/613/173 767/613/173 768/617/173
f 149/620/174 783/620/174 784/619/174
f 141/629/175 775/629/175 776/628/175
f 575/2/176 1209/2/176 1210/3/176
f 567/16/177 1201/16/177 1202/14/177
f 583/17/178 1217/17/178 1218/19/178
f 559/32/179 1193/32/179 1194/30/179
f 591/33/180 1225/33/180 1226/35/180
f 551/48/181 1185/48/181 1186/46/181
f 599/49/182 1233/49/182 1234/51/182
f 543/65/635 1177/65/635 1178/63/635
f 607/64/184 1241/64/184 1242/66/184
f 511/73/636 1145/73/636 1146/74/636
f 15/81/186 649/81/186 650/77/186
f 503/96/187 1137/96/187 1138/94/187
f 23/95/637 657/95/637 658/98/637
f 495/116/638 1129/116/638 1130/114/638
f 31/120/639 665/120/639 666/123/639
f 615/139/191 1249/139/191 1250/141/191
f 519/137/192 1153/137/192 1154/142/192
f 535/145/193 1169/145/193 1170/140/193
f 7/148/194 641/148/194 642/143/194
f 623/162/195 1257/162/195 1258/165/195
f 631/179/196 1265/179/196 1266/180/196
f 527/181/197 1161/181/197 1162/178/197
f 487/187/198 1121/187/198 1122/186/198
f 39/185/199 673/185/199 674/188/199
f 479/200/200 1113/200/200 1114/198/200
f 47/208/640 681/208/640 682/211/640
f 471/212/202 1105/212/202 1106/210/202
f 295/218/203 929/218/203 930/217/203
f 359/232/204 993/232/204 994/235/204
f 351/237/205 985/237/205 986/233/205
f 303/247/206 937/247/206 938/251/206
f 287/257/207 921/257/207 922/253/207
f 367/264/208 1001/264/208 1002/268/208
f 343/270/209 977/270/209 978/266/209
f 311/276/210 945/276/210 946/280/210
f 279/291/211 913/291/211 914/287/211
f 335/300/212 969/300/212 970/296/212
f 375/298/213 1009/298/213 1010/302/213
f 319/309/214 953/309/214 954/313/214
f 327/324/174 961/324/174 962/322/174
f 271/331/215 905/331/215 906/329/215
f 55/337/216 689/337/216 690/338/216
f 463/339/217 1097/339/217 1098/336/217
f 383/354/218 1017/354/218 1018/358/218
f 63/359/219 697/359/219 698/361/219
f 263/364/220 897/364/220 898/360/220
f 455/380/221 1089/380/221 1090/373/221
f 71/384/222 705/384/222 706/388/222
f 391/386/223 1025/386/223 1026/390/223
f 255/396/224 889/396/224 890/392/224
f 447/410/225 1081/410/225 1082/408/225
f 399/414/226 1033/414/226 1034/417/226
f 247/423/227 881/423/227 882/419/227
f 439/430/228 1073/430/228 1074/428/228
f 407/435/229 1041/435/229 1042/436/229
f 415/445/230 1049/445/230 1050/447/230
f 423/457/231 1057/457/231 1058/458/231
f 431/466/232 1065/466/232 1066/465/232
f 239/471/233 873/471/233 874/470/233
f 231/479/641 865/479/641 866/477/641
f 223/487/642 857/487/642 858/486/642
f 215/495/236 849/495/236 850/494/236
f 207/503/237 841/503/237 842/502/237
f 199/511/238 833/511/238 834/510/238
f 79/517/239 713/517/239 714/519/239
f 191/531/240 825/531/240 826/528/240
f 87/530/241 721/530/241 722/532/241
f 95/544/242 729/544/242 730/546/242
f 103/554/243 737/554/243 738/555/243
f 183/558/244 817/558/244 818/547/244
f 111/567/245 745/567/245 746/569/245
f 175/574/246 809/574/246 810/572/246
f 119/583/247 753/583/247 754/585/247
f 167/590/248 801/590/248 802/588/248
f 127/599/249 761/599/249 762/601/249
f 159/607/643 793/607/643 794/605/643
f 151/618/644 785/618/644 786/616/644
f 143/627/252 777/627/252 778/626/252
f 135/624/253 769/624/253 770/630/253
f 578/7/254 1212/7/254 1213/9/254
f 570/10/255 1204/10/255 1205/8/255
f 586/23/256 1220/23/256 1221/25/256
f 562/26/257 1196/26/257 1197/24/257
f 594/39/258 1228/39/258 1229/41/258
f 554/42/259 1188/42/259 1189/40/259
f 602/54/260 1236/54/260 1237/56/260
f 546/59/261 1180/59/261 1181/57/261
f 18/79/262 652/79/262 653/82/262
f 506/86/645 1140/86/645 1141/80/645
f 514/83/646 1148/83/646 1149/87/646
f 610/70/265 1244/70/265 1245/97/265
f 26/104/647 660/104/647 661/106/647
f 498/107/648 1132/107/648 1133/105/648
f 490/126/268 1124/126/268 1125/124/268
f 576/3/269 1210/3/269 1211/5/269
f 538/127/270 1172/127/270 1173/113/270
f 568/14/271 1202/14/271 1203/12/271
f 10/129/272 644/129/272 645/110/272
f 584/19/273 1218/19/273 1219/21/273
f 560/30/274 1194/30/274 1195/28/274
f 34/130/649 668/130/649 669/131/649
f 592/35/276 1226/35/276 1227/37/276
f 552/46/277 1186/46/277 1187/44/277
f 600/51/278 1234/51/278 1235/52/278
f 544/63/279 1178/63/279 1179/61/279
f 618/149/280 1252/149/280 1253/151/280
f 522/152/281 1156/152/281 1157/158/281
f 608/66/282 1242/66/282 1243/68/282
f 530/167/283 1164/167/283 1165/161/283
f 512/74/650 1146/74/650 1147/76/650
f 16/77/285 650/77/285 651/78/285
f 504/94/651 1138/94/651 1139/90/651
f 626/168/287 1260/168/287 1261/171/287
f 24/98/652 658/98/652 659/101/652
f 2/176/289 636/176/289 637/170/289
f 496/114/290 1130/114/290 1131/112/290
f 32/123/291 666/123/291 667/125/291
f 482/195/292 1116/195/292 1117/193/292
f 536/140/293 1170/140/293 1171/136/293
f 42/194/294 676/194/294 677/196/294
f 474/207/295 1108/207/295 1109/206/295
f 8/143/296 642/143/296 643/138/296
f 354/227/297 988/227/297 989/225/297
f 616/141/298 1250/141/298 1251/144/298
f 520/142/299 1154/142/299 1155/147/299
f 298/228/300 932/228/300 933/231/300
f 624/165/301 1258/165/301 1259/166/301
f 528/178/302 1162/178/302 1163/173/302
f 290/244/303 924/244/303 925/240/303
f 466/245/215 1100/245/215 1101/222/215
f 632/180/304 1266/180/304 1267/183/304
f 488/186/305 1122/186/305 1123/146/305
f 362/243/306 996/243/306 997/248/306
f 40/188/307 674/188/307 675/191/307
f 346/258/308 980/258/308 981/254/308
f 480/198/309 1114/198/309 1115/197/309
f 472/210/310 1106/210/310 1107/209/310
f 306/259/311 940/259/311 941/263/311
f 48/211/312 682/211/312 683/214/312
f 282/279/313 916/279/313 917/275/313
f 296/217/314 930/217/314 931/226/314
f 352/233/315 986/233/315 987/230/315
f 370/278/316 1004/278/316 1005/282/316
f 360/235/317 994/235/317 995/239/317
f 338/288/318 972/288/318 973/284/318
f 288/253/319 922/253/319 923/249/319
f 304/251/320 938/251/320 939/255/320
f 344/266/321 978/266/321 979/262/321
f 314/289/322 948/289/322 949/293/322
f 368/268/323 1002/268/323 1003/274/323
f 312/280/324 946/280/324 947/285/324
f 274/311/325 908/311/325 909/307/325
f 280/287/326 914/287/326 915/283/326
f 336/296/327 970/296/327 971/292/327
f 330/316/653 964/316/653 965/314/653
f 376/302/329 1010/302/329 1011/306/329
f 378/310/330 1012/310/330 1013/318/330
f 320/313/331 954/313/331 955/315/331
f 322/317/332 956/317/332 957/321/332
f 328/322/333 962/322/333 963/320/333
f 50/221/334 684/221/334 685/327/334
f 272/329/335 906/329/335 907/319/335
f 464/336/336 1098/336/336 1099/333/336
f 58/343/654 692/343/654 693/345/654
f 56/338/338 690/338/338 691/340/338
f 266/353/339 900/353/339 901/349/339
f 458/363/340 1092/363/340 1093/357/340
f 264/360/655 898/360/655 899/356/655
f 384/358/342 1018/358/342 1019/362/342
f 386/366/343 1020/366/343 1021/370/343
f 64/361/344 698/361/344 699/365/344
f 456/373/345 1090/373/345 1091/369/345
f 66/368/346 700/368/346 701/372/346
f 258/383/347 892/383/347 893/379/347
f 72/388/348 706/388/348 707/391/348
f 256/392/349 890/392/349 891/387/349
f 74/393/350 708/393/350 709/397/350
f 392/390/351 1026/390/351 1027/395/351
f 394/399/352 1028/399/352 1029/401/352
f 448/408/353 1082/408/353 1083/405/353
f 450/402/354 1084/402/354 1085/398/354
f 250/412/355 884/412/355 885/409/355
f 248/419/356 882/419/356 883/415/356
f 442/424/357 1076/424/357 1077/421/357
f 400/417/358 1034/417/358 1035/420/358
f 440/428/359 1074/428/359 1075/426/359
f 402/422/360 1036/422/360 1037/425/360
f 408/436/361 1042/436/361 1043/437/361
f 410/439/362 1044/439/362 1045/440/362
f 416/447/363 1050/447/363 1051/448/363
f 434/451/364 1068/451/364 1069/446/364
f 424/458/365 1058/458/365 1059/459/365
f 418/449/366 1052/449/366 1053/452/366
f 432/465/367 1066/465/367 1067/456/367
f 240/470/368 874/470/368 875/469/368
f 426/460/369 1060/460/369 1061/461/369
f 232/477/370 866/477/370 867/478/370
f 242/468/371 876/468/371 877/467/371
f 234/476/372 868/476/372 869/475/372
f 224/486/656 858/486/656 859/485/656
f 226/484/374 860/484/374 861/483/374
f 216/494/657 850/494/657 851/493/657
f 218/492/376 852/492/376 853/491/376
f 208/502/377 842/502/377 843/501/377
f 210/500/658 844/500/658 845/499/658
f 200/510/379 834/510/379 835/509/379
f 202/508/380 836/508/380 837/507/380
f 80/519/381 714/519/381 715/520/381
f 194/523/382 828/523/382 829/521/382
f 192/528/383 826/528/383 827/526/383
f 82/522/659 716/522/659 717/524/659
f 88/532/385 722/532/385 723/534/385
f 90/535/386 724/535/386 725/537/386
f 184/547/215 818/547/215 819/545/215
f 186/543/387 820/543/387 821/540/387
f 96/546/388 730/546/388 731/548/388
f 98/549/334 732/549/334 733/550/334
f 104/555/389 738/555/389 739/556/389
f 106/557/390 740/557/390 741/559/390
f 178/568/391 812/568/391 813/566/391
f 112/569/392 746/569/392 747/571/392
f 176/572/393 810/572/393 811/570/393
f 114/573/394 748/573/394 749/575/394
f 170/584/395 804/584/395 805/582/395
f 120/585/396 754/585/396 755/587/396
f 168/588/397 802/588/397 803/586/397
f 122/589/398 756/589/398 757/591/398
f 162/600/399 796/600/399 797/598/399
f 128/601/400 762/601/400 763/603/400
f 160/605/401 794/605/401 795/602/401
f 152/616/402 786/616/402 787/615/402
f 130/604/403 764/604/403 765/606/403
f 144/626/404 778/626/404 779/625/404
f 154/614/405 788/614/405 789/612/405
f 146/623/406 780/623/406 781/622/406
f 138/633/407 772/633/407 773/632/407
f 136/630/408 770/630/408 771/634/408
f 572/6/409 1206/6/409 1207/4/409
f 580/11/410 1214/11/410 1215/13/410
f 564/22/411 1198/22/411 1199/20/411
f 588/27/412 1222/27/412 1223/29/412
f 556/38/413 1190/38/413 1191/36/413
f 596/43/414 1230/43/414 1231/45/414
f 548/55/415 1182/55/415 1183/53/415
f 604/58/416 1238/58/416 1239/60/416
f 508/75/417 1142/75/417 1143/71/417
f 20/85/660 654/85/660 655/89/660
f 12/92/419 646/92/419 647/88/419
f 540/99/420 1174/99/420 1175/69/420
f 500/103/421 1134/103/421 1135/102/421
f 516/91/422 1150/91/422 1151/109/422
f 28/111/423 662/111/423 663/115/423
f 612/108/424 1246/108/424 1247/121/424
f 492/122/425 1126/122/425 1127/119/425
f 36/133/426 670/133/426 671/134/426
f 620/155/427 1254/155/427 1255/156/427
f 532/157/428 1166/157/428 1167/154/428
f 4/164/429 638/164/429 639/159/429
f 524/163/430 1158/163/430 1159/169/430
f 628/172/431 1262/172/431 1263/174/431
f 484/192/432 1118/192/432 1119/190/432
f 44/199/661 678/199/661 679/202/661
f 476/204/662 1110/204/662 1111/203/662
f 468/216/435 1102/216/435 1103/215/435
f 356/223/436 990/223/436 991/224/436
f 292/236/437 926/236/437 927/220/437
f 300/234/438 934/234/438 935/238/438
f 348/250/439 982/250/439 983/246/439
f 364/252/440 998/252/440 999/256/440
f 284/269/441 918/269/441 919/265/441
f 308/267/442 942/267/442 943/271/442
f 340/281/443 974/281/443 975/277/443
f 372/286/444 1006/286/444 1007/290/444
f 316/297/445 950/297/445 951/301/445
f 276/303/446 910/303/446 911/299/446
f 332/312/447 966/312/447 967/308/447
f 324/323/448 958/323/448 959/325/448
f 380/328/88 1014/328/88 1015/330/88
f 52/332/449 686/332/449 687/334/449
f 268/346/663 902/346/663 903/344/663
f 60/348/451 694/348/451 695/351/451
f 460/352/452 1094/352/452 1095/347/452
f 260/376/453 894/376/453 895/371/453
f 68/375/454 702/375/454 703/377/454
f 388/374/455 1022/374/455 1023/378/455
f 452/394/456 1086/394/456 1087/389/456
f 252/406/457 886/406/457 887/403/457
f 396/404/458 1030/404/458 1031/407/458
f 444/418/459 1078/418/459 1079/416/459
f 404/429/460 1038/429/460 1039/431/460
f 436/441/461 1070/441/461 1071/434/461
f 412/442/462 1046/442/462 1047/443/462
f 244/450/463 878/450/463 879/438/463
f 420/453/464 1054/453/464 1055/454/464
f 428/462/465 1062/462/465 1063/463/465
f 236/474/466 870/474/466 871/473/466
f 228/482/664 862/482/664 863/481/664
f 220/490/468 854/490/468 855/489/468
f 212/498/469 846/498/469 847/497/469
f 204/506/470 838/506/470 839/505/470
f 76/513/471 710/513/471 711/514/471
f 196/518/472 830/518/472 831/515/472
f 84/525/473 718/525/473 719/527/473
f 188/538/474 822/538/474 823/536/474
f 92/539/475 726/539/475 727/541/475
f 100/551/476 734/551/476 735/552/476
f 108/561/477 742/561/477 743/563/477
f 180/564/478 814/564/478 815/562/478
f 116/577/479 750/577/479 751/579/479
f 172/580/480 806/580/480 807/578/480
f 124/593/481 758/593/481 759/595/481
f 164/596/482 798/596/482 799/594/482
f 156/611/665 790/611/665 791/609/665
f 132/610/484 766/610/484 767/613/484
f 148/621/485 782/621/485 783/620/485
f 140/631/486 774/631/486 775/629/486
f 574/1/487 1208/1/487 1209/2/487
f 582/15/488 1216/15/488 1217/17/488
f 566/18/489 1200/18/489 1201/16/489
f 590/31/490 1224/31/490 1225/33/490
f 558/34/491 1192/34/491 1193/32/491
f 598/47/492 1232/47/492 1233/49/492
f 550/50/493 1184/50/493 1185/48/493
f 606/62/494 1240/62/494 1241/64/494
f 542/67/495 1176/67/495 1177/65/495
f 510/72/496 1144/72/496 1145/73/496
f 14/84/497 648/84/497 649/81/497
f 22/93/498 656/93/498 657/95/498
f 502/100/666 1136/100/666 1137/96/666
f 494/118/500 1128/118/500 1129/116/500
f 30/117/667 664/117/667 665/120/667
f 518/128/502 1152/128/502 1153/137/502
f 614/132/503 1248/132/503 1249/139/503
f 534/150/504 1168/150/504 1169/145/504
f 6/153/505 640/153/505 641/148/505
f 622/160/506 1256/160/506 1257/162/506
f 630/177/507 1264/177/507 1265/179/507
f 526/175/508 1160/175/508 1161/181/508
f 38/135/668 672/135/668 673/185/668
f 486/189/510 1120/189/510 1121/187/510
f 478/201/511 1112/201/511 1113/200/511
f 46/205/512 680/205/512 681/208/512
f 470/213/513 1104/213/513 1105/212/513
f 294/219/514 928/219/514 929/218/514
f 358/229/515 992/229/515 993/232/515
f 350/241/516 984/241/516 985/237/516
f 302/242/517 936/242/517 937/247/517
f 286/261/518 920/261/518 921/257/518
f 366/260/519 1000/260/519 1001/264/519
f 342/273/520 976/273/520 977/270/520
f 310/272/521 944/272/521 945/276/521
f 278/295/522 912/295/522 913/291/522
f 374/294/523 1008/294/523 1009/298/523
f 334/304/524 968/304/524 969/300/524
f 318/305/525 952/305/525 953/309/525
f 326/326/526 960/326/526 961/324/526
f 54/335/527 688/335/527 689/337/527
f 270/341/528 904/341/528 905/331/528
f 462/342/529 1096/342/529 1097/339/529
f 382/350/530 1016/350/530 1017/354/530
f 62/355/531 696/355/531 697/359/531
f 262/367/532 896/367/532 897/364/532
f 70/381/533 704/381/533 705/384/533
f 454/385/534 1088/385/534 1089/380/534
f 390/382/535 1024/382/535 1025/386/535
f 254/400/536 888/400/536 889/396/536
f 446/413/537 1080/413/537 1081/410/537
f 398/411/538 1032/411/538 1033/414/538
f 246/427/539 880/427/539 881/423/539
f 438/432/540 1072/432/540 1073/430/540
f 406/433/541 1040/433/541 1041/435/541
f 414/444/542 1048/444/542 1049/445/542
f 422/455/543 1056/455/543 1057/457/543
f 430/464/544 1064/464/544 1065/466/544
f 238/472/545 872/472/545 873/471/545
f 230/480/669 864/480/669 865/479/669
f 222/488/670 856/488/670 857/487/670
f 214/496/548 848/496/548 849/495/548
f 206/504/549 840/504/549 841/503/549
f 198/512/550 832/512/550 833/511/550
f 78/516/551 712/516/551 713/517/551
f 86/529/552 720/529/552 721/530/552
f 190/533/553 824/533/553 825/531/553
f 94/542/554 728/542/554 729/544/554
f 102/553/555 736/553/555 737/554/555
f 182/560/556 816/560/556 817/558/556
f 110/565/557 744/565/557 745/567/557
f 174/576/558 808/576/558 809/574/558
f 118/581/559 752/581/559 753/583/559
f 166/592/560 800/592/560 801/590/560
f 126/597/561 760/597/561 761/599/561
f 158/608/562 792/608/562 793/607/562
f 150/619/563 784/619/563 785/618/563
f 134/617/154 768/617/154 769/624/154
f 142/628/564 776/628/564 777/627/564
f 545/61/565 1179/61/565 1180/59/565
f 609/68/566 1243/68/566 1244/70/566
f 17/78/567 651/78/567 652/79/567
f 513/76/568 1147/76/568 1148/83/568
f 505/90/569 1139/90/569 1140/86/569
f 25/101/570 659/101/570 660/104/570
f 497/112/571 1131/112/571 1132/107/571
f 33/125/671 667/125/671 668/130/671
f 537/136/573 1171/136/573 1172/127/573
f 9/138/574 643/138/574 644/129/574
f 489/146/575 1123/146/575 1124/126/575
f 617/144/576 1251/144/576 1252/149/576
f 521/147/577 1155/147/577 1156/152/577
f 625/166/280 1259/166/280 1260/168/280
f 529/173/578 1163/173/578 1164/167/578
f 1/182/579 635/182/579 636/176/579
f 633/183/580 1267/183/580 1268/184/580
f 634/184/581 1268/184/581 635/182/581
f 41/191/582 675/191/582 676/194/582
f 481/197/583 1115/197/583 1116/195/583
f 473/209/584 1107/209/584 1108/207/584
f 49/214/88 683/214/88 684/221/88
f 297/226/585 931/226/585 932/228/585
f 353/230/586 987/230/586 988/227/586
f 361/239/587 995/239/587 996/243/587
f 289/249/588 923/249/588 924/244/588
f 305/255/589 939/255/589 940/259/589
f 345/262/590 979/262/590 980/258/590
f 369/274/591 1003/274/591 1004/278/591
f 281/283/592 915/283/592 916/279/592
f 313/285/593 947/285/593 948/289/593
f 337/292/594 971/292/594 972/288/594
f 377/306/595 1011/306/595 1012/310/595
f 321/315/672 955/315/672 956/317/672
f 273/319/597 907/319/597 908/311/597
f 329/320/598 963/320/598 964/316/598
f 465/333/599 1099/333/599 1100/245/599
f 57/340/600 691/340/600 692/343/600
f 265/356/601 899/356/601 900/353/601
f 385/362/602 1019/362/602 1020/366/602
f 65/365/603 699/365/603 700/368/603
f 457/369/604 1091/369/604 1092/363/604
f 257/387/605 891/387/605 892/383/605
f 73/391/606 707/391/606 708/393/606
f 393/395/607 1027/395/607 1028/399/607
f 449/405/608 1083/405/608 1084/402/608
f 249/415/609 883/415/609 884/412/609
f 401/420/610 1035/420/610 1036/422/610
f 441/426/611 1075/426/611 1076/424/611
f 409/437/612 1043/437/612 1044/439/612
f 417/448/613 1051/448/613 1052/449/613
f 433/456/614 1067/456/614 1068/451/614
f 425/459/615 1059/459/615 1060/460/615
f 241/469/616 875/469/616 876/468/616
f 233/478/617 867/478/617 868/476/617
f 225/485/618 859/485/618 860/484/618
f 217/493/673 851/493/673 852/492/673
f 209/501/674 843/501/674 844/500/674
f 201/509/621 835/509/621 836/508/621
f 81/520/622 715/520/622 716/522/622
f 193/526/623 827/526/623 828/523/623
f 89/534/624 723/534/624 724/535/624
f 185/545/625 819/545/625 820/543/625
f 97/548/626 731/548/626 732/549/626
