# Blender 4.4.3
# www.blender.org
mtllib 無題.mtl
o 球
v 0.000000 1.000000 -0.000000
v 0.000000 0.831470 -0.555570
v 0.000000 0.555570 -0.831470
v 0.000000 0.195090 -0.980785
v 0.000000 -0.000000 -1.172544
v 0.000000 -0.195090 -0.980785
v 0.000000 -0.555570 -0.831470
v 0.000000 -1.000000 0.000000
v 0.038060 0.980785 -0.191342
v 0.074658 0.923880 -0.375330
v 0.108386 0.831470 -0.544895
v 0.137950 0.707107 -0.693520
v 0.162212 0.555570 -0.815493
v 0.180240 0.382683 -0.906127
v 0.191342 0.195090 -0.961940
v 0.195090 -0.000000 -0.980785
v 0.191342 -0.195090 -0.961940
v 0.180240 -0.382683 -0.906127
v 0.162212 -0.555570 -0.815493
v 0.137950 -0.707107 -0.693520
v 0.108386 -0.831470 -0.544895
v 0.074658 -0.923880 -0.375330
v 0.038060 -0.980785 -0.191342
v 0.074658 0.980785 -0.180240
v 0.146447 0.923880 -0.353553
v 0.212608 0.831470 -0.513280
v 0.270598 0.707107 -0.653281
v 0.318190 0.555570 -0.768178
v 0.353553 0.382683 -0.853553
v 0.375330 0.195090 -0.906127
v 0.382683 -0.000000 -0.923879
v 0.375330 -0.195090 -0.906127
v 0.421149 -0.404334 -0.987987
v 0.318190 -0.555570 -0.768178
v 0.270598 -0.707107 -0.653281
v 0.212608 -0.831470 -0.513280
v 0.146447 -0.923880 -0.353553
v 0.074658 -0.980785 -0.180240
v 0.108386 0.980785 -0.162212
v 0.212608 0.923880 -0.318190
v 0.308658 0.831470 -0.461940
v 0.392847 0.707107 -0.587938
v 0.461940 0.555570 -0.691342
v 0.513280 0.382683 -0.768178
v 0.544895 0.195090 -0.815493
v 0.555570 -0.000000 -0.831469
v 0.544895 -0.195090 -0.815493
v 0.513280 -0.382683 -0.768178
v 0.461940 -0.555570 -0.691342
v 0.392847 -0.707107 -0.587938
v 0.308658 -0.831470 -0.461940
v 0.212608 -0.923880 -0.318190
v 0.108386 -0.980785 -0.162212
v 0.137950 0.980785 -0.137950
v 0.270598 0.923880 -0.270598
v 0.392847 1.042409 -0.392847
v 0.500000 0.707107 -0.500000
v 0.587938 0.555570 -0.587938
v 0.833621 0.407439 -0.856279
v 0.693520 0.195090 -0.693520
v 0.707107 -0.000000 -0.707107
v 0.693520 -0.195090 -0.693520
v 0.653281 -0.382683 -0.653281
v 0.587938 -0.555570 -0.587938
v 0.500000 -0.707107 -0.500000
v 0.392847 -0.831470 -0.392847
v 0.270598 -0.923880 -0.270598
v 0.137950 -0.980785 -0.137950
v 0.162212 0.980785 -0.108386
v 0.318190 0.923880 -0.212608
v 0.461940 0.831470 -0.308658
v 0.587938 0.707107 -0.392847
v 0.691342 0.555570 -0.461940
v 0.768178 0.382683 -0.513280
v 0.815493 0.195090 -0.544895
v 0.831470 -0.000000 -0.555570
v 0.815493 -0.195090 -0.544895
v 0.768178 -0.382683 -0.513280
v 0.691342 -0.555570 -0.461940
v 0.587938 -0.707107 -0.392847
v 0.461940 -0.831470 -0.308658
v 0.318190 -0.923880 -0.212608
v 0.162212 -0.980785 -0.108386
v 0.180240 0.980785 -0.074658
v 0.353553 0.923880 -0.146447
v 0.513280 0.831470 -0.212607
v 0.653281 0.707107 -0.270598
v 0.768178 0.555570 -0.318190
v 0.853553 0.382683 -0.353553
v 0.906127 0.195090 -0.375330
v 0.923879 -0.000000 -0.382683
v 0.980572 -0.195090 -0.419467
v 0.853553 -0.382683 -0.353553
v 0.768178 -0.555570 -0.318190
v 0.745711 -0.707107 -0.270598
v 0.513280 -0.831470 -0.212607
v 0.353553 -0.923880 -0.146447
v 0.180240 -0.980785 -0.074658
v 0.191342 0.980785 -0.038060
v 0.375330 0.923880 -0.074658
v 0.544895 0.831470 -0.108386
v 0.693520 0.707107 -0.137950
v 0.815493 0.555570 -0.162212
v 0.906127 0.382683 -0.180240
v 0.961940 0.195090 -0.191342
v 0.980785 -0.000000 -0.195090
v 0.961940 -0.195090 -0.191342
v 0.906127 -0.382683 -0.180240
v 0.815493 -0.555570 -0.162212
v 0.693520 -0.707107 -0.137950
v 0.544895 -0.831470 -0.108386
v 0.375330 -0.923880 -0.074658
v 0.191342 -0.980785 -0.038060
v 0.195090 0.980785 -0.000000
v 0.382683 0.923880 -0.000000
v 0.555570 0.831470 -0.000000
v 0.707107 0.707107 -0.000000
v 1.055429 0.555570 -0.000000
v 0.923879 0.382683 -0.000000
v 0.980785 0.195090 -0.000000
v 1.000000 0.000000 0.000000
v 0.980785 -0.195090 0.000000
v 0.923879 -0.382683 0.000000
v 0.831469 -0.555570 0.000000
v 0.707107 -0.707107 0.000000
v 0.555570 -0.831470 0.000000
v 0.382683 -0.923880 0.000000
v 0.195090 -0.980785 0.000000
v 0.191342 0.980785 0.038060
v 0.375330 0.923880 0.074658
v 0.544895 0.831470 0.108386
v 0.693520 0.707107 0.137950
v 0.815493 0.555570 0.162212
v 0.906127 0.382683 0.180240
v 0.961940 0.195090 0.191342
v 0.980785 0.000000 0.195090
v 0.961940 -0.195090 0.191342
v 1.089757 -0.382683 0.180240
v 0.815493 -0.555570 0.162212
v 0.693520 -0.707107 0.137950
v 0.544895 -0.831470 0.108386
v 0.375330 -0.923880 0.074658
v 0.191342 -0.980785 0.038060
v 0.180240 0.980785 0.074658
v 0.353553 0.923880 0.146447
v 0.513280 0.831470 0.212608
v 0.653281 0.707107 0.270598
v 0.768178 0.555570 0.318190
v 0.853553 0.382683 0.353553
v 0.906127 0.195090 0.375330
v 0.923879 0.000000 0.382683
v 0.906127 -0.195090 0.375330
v 0.853553 -0.382683 0.353553
v 0.768178 -0.555570 0.318190
v 0.653281 -0.707107 0.270598
v 0.513280 -0.831470 0.212608
v 0.353553 -0.923880 0.146447
v 0.180240 -0.980785 0.074658
v 0.162212 0.980785 0.108386
v 0.318190 0.923880 0.212608
v 0.461940 0.831470 0.308658
v 0.587938 0.707107 0.392847
v 0.691341 0.555570 0.461940
v 0.768178 0.382683 0.513280
v 0.815493 0.195090 0.544895
v 0.960905 0.000000 0.651403
v 0.815493 -0.195090 0.544895
v 0.768178 -0.382683 0.513280
v 0.691341 -0.555570 0.461940
v 0.711293 -0.707107 0.450101
v 0.461940 -0.831470 0.308658
v 0.318190 -0.923880 0.212608
v 0.162212 -0.980785 0.108386
v 0.137950 0.980785 0.137950
v 0.270598 0.923880 0.270598
v 0.392847 1.042409 0.392847
v 0.500000 0.707107 0.500000
v 0.587938 0.555570 0.587938
v 0.653281 0.382683 0.653281
v 0.693520 0.195090 0.693520
v 0.707106 0.000000 0.707107
v 0.693520 -0.195090 0.693520
v 0.653281 -0.382683 0.653281
v 0.587938 -0.555570 0.587938
v 0.500000 -0.707107 0.500000
v 0.392847 -0.831470 0.392847
v 0.270598 -0.923880 0.270598
v 0.137950 -0.980785 0.137950
v 0.108386 0.980785 0.162212
v 0.212607 0.923880 0.318190
v 0.308658 0.831470 0.461940
v 0.392847 0.707107 0.587938
v 0.461940 0.555570 0.691342
v 0.513280 0.382683 0.768178
v 0.544895 0.195090 0.815493
v 0.555570 0.000000 0.831469
v 0.544895 -0.195090 0.815493
v 0.647593 -0.382683 0.939868
v 0.461940 -0.555570 0.691342
v 0.392847 -0.707107 0.587938
v 0.308658 -0.831470 0.461940
v 0.212607 -0.923880 0.318190
v 0.108386 -0.980785 0.162212
v 0.074658 0.980785 0.180240
v 0.146447 0.923880 0.353553
v 0.212607 0.831470 0.513280
v 0.270598 0.707107 0.653281
v 0.318189 0.555570 0.768178
v 0.535132 0.427585 1.188723
v 0.375330 0.195090 0.906127
v 0.382683 0.000000 0.923879
v 0.375330 -0.195090 0.906127
v 0.353553 -0.382683 0.853553
v 0.318189 -0.555570 0.768178
v 0.270598 -0.707107 0.653281
v 0.212607 -0.831470 0.513280
v 0.146447 -0.923880 0.353553
v 0.074658 -0.980785 0.180240
v 0.038060 0.980785 0.191342
v 0.074658 0.923880 0.375330
v 0.108386 0.831470 0.544895
v 0.137950 0.707107 0.693520
v 0.162212 0.555570 0.815493
v 0.180240 0.382683 0.906127
v 0.191342 0.195090 0.961939
v 0.195090 0.000000 0.980785
v 0.191342 -0.195090 0.961939
v 0.180240 -0.382683 0.906127
v 0.162212 -0.555570 0.815493
v 0.137950 -0.707107 0.693520
v 0.108386 -0.831470 0.544895
v 0.074658 -0.923880 0.375330
v 0.038060 -0.980785 0.191342
v 0.000000 0.980785 0.195090
v 0.000000 0.923880 0.382683
v 0.000000 0.831470 0.555570
v 0.000000 0.707107 0.707107
v 0.000000 0.555570 0.831469
v 0.000000 0.382683 0.923879
v 0.000000 0.195090 0.980785
v 0.000000 0.000000 1.145438
v 0.000000 -0.195090 0.980785
v 0.000000 -0.382683 0.923879
v 0.000000 -0.555570 0.831469
v 0.000000 -0.707107 0.848891
v 0.000000 -0.831470 0.555570
v 0.000000 -0.923880 0.382683
v 0.000000 -0.980785 0.195090
v -0.038060 0.980785 0.191342
v -0.074658 0.923880 0.375330
v -0.108386 0.831470 0.544895
v -0.137950 0.937377 0.780127
v -0.162212 0.555570 0.815493
v -0.180240 0.382683 0.906127
v -0.191342 0.195090 0.961939
v -0.195091 0.000000 0.980785
v -0.191342 -0.195090 0.961939
v -0.180240 -0.382683 0.906127
v -0.162212 -0.555570 0.815493
v -0.137950 -0.707107 0.693520
v -0.108386 -0.831470 0.544895
v -0.074658 -0.923880 0.375330
v -0.038060 -0.980785 0.191342
v -0.074658 0.980785 0.180240
v -0.146447 0.923880 0.353553
v -0.212608 0.831470 0.513280
v -0.270598 0.707107 0.653281
v -0.318190 0.555570 0.768177
v -0.353553 0.382683 0.853553
v -0.375330 0.195090 0.906127
v -0.382683 0.000000 0.923879
v -0.375330 -0.195090 0.906127
v -0.353553 -0.382683 0.853553
v -0.318190 -0.555570 0.768177
v -0.270598 -0.707107 0.653281
v -0.212608 -0.831470 0.513280
v -0.146447 -0.923880 0.353553
v -0.074658 -0.980785 0.180240
v -0.108386 0.980785 0.162212
v -0.212608 0.923880 0.318190
v -0.308658 0.831470 0.461939
v -0.392847 0.707107 0.587938
v -0.461940 0.555570 0.691341
v -0.513280 0.382683 0.768178
v -0.544895 0.195090 0.815493
v -0.555570 0.000000 0.831469
v -0.544895 -0.195090 0.815493
v -0.616672 -0.382683 0.922585
v -0.461940 -0.555570 0.691341
v -0.392847 -0.707107 0.587938
v -0.308658 -0.831470 0.461939
v -0.212608 -0.923880 0.318190
v -0.108386 -0.980785 0.162212
v -0.137950 0.980785 0.137950
v -0.270598 0.923880 0.270598
v -0.392847 1.042409 0.392847
v -0.500000 0.707107 0.500000
v -0.587938 0.555570 0.587937
v -0.866053 0.429035 0.907792
v -0.693520 0.195090 0.693520
v -0.707106 0.000000 0.707106
v -0.693520 -0.195090 0.693520
v -0.653281 -0.382683 0.653281
v -0.587938 -0.555570 0.587937
v -0.500000 -0.707107 0.500000
v -0.392847 -0.831470 0.392847
v -0.270598 -0.923880 0.270598
v -0.137950 -0.980785 0.137950
v -0.162212 0.980785 0.108386
v -0.318190 0.923880 0.212607
v -0.461940 0.831470 0.308658
v -0.587938 0.707107 0.392847
v -0.691341 0.555570 0.461939
v -0.768177 0.382683 0.513280
v -0.815493 0.195090 0.544895
v -0.831469 0.000000 0.555569
v -0.815493 -0.195090 0.544895
v -0.768177 -0.382683 0.513280
v -0.691341 -0.555570 0.461939
v -0.587938 -0.707107 0.392847
v -0.461940 -0.831470 0.308658
v -0.318190 -0.923880 0.212607
v -0.162212 -0.980785 0.108386
v -0.180240 0.980785 0.074658
v -0.353553 0.923880 0.146447
v -0.513280 0.831470 0.212607
v -0.653281 0.707107 0.270598
v -0.768177 0.555570 0.318189
v -0.853553 0.382683 0.353553
v -0.906127 0.195090 0.375330
v -1.059065 0.000000 0.525301
v -0.906127 -0.195090 0.375330
v -0.853553 -0.382683 0.353553
v -0.768177 -0.555570 0.318189
v -0.735995 -0.774537 0.336110
v -0.513280 -0.831470 0.212607
v -0.353553 -0.923880 0.146447
v -0.180240 -0.980785 0.074658
v -0.191342 0.980785 0.038060
v -0.375330 0.923880 0.074658
v -0.544895 0.831470 0.108386
v -0.693520 0.707107 0.137950
v -0.815493 0.555570 0.162211
v -0.906127 0.382683 0.180240
v -0.961939 0.195090 0.191341
v -0.980784 0.000000 0.195090
v -0.961939 -0.195090 0.191341
v -0.906127 -0.382683 0.180240
v -0.815493 -0.555570 0.162211
v -0.693520 -0.707107 0.137950
v -0.544895 -0.831470 0.108386
v -0.375330 -0.923880 0.074658
v -0.191342 -0.980785 0.038060
v -0.195090 0.980785 -0.000000
v -0.382683 0.923880 -0.000000
v -0.555570 0.831470 -0.000000
v -0.931067 0.707107 -0.000000
v -0.831469 0.555570 -0.000000
v -0.923879 0.382683 -0.000000
v -0.980785 0.195090 -0.000000
v -0.999999 0.000000 0.000000
v -0.980785 -0.195090 0.000000
v -1.080910 -0.382683 0.000000
v -0.831469 -0.555570 0.000000
v -0.707107 -0.707107 0.000000
v -0.555570 -0.831470 0.000000
v -0.382683 -0.923880 0.000000
v -0.195090 -0.980785 0.000000
v -0.191342 0.980785 -0.038060
v -0.375330 0.923880 -0.074658
v -0.544895 0.831470 -0.108386
v -0.693520 0.707107 -0.137950
v -0.815493 0.555570 -0.162212
v -0.906127 0.382683 -0.180240
v -0.961939 0.195090 -0.191342
v -0.980784 -0.000000 -0.195091
v -0.961939 -0.195090 -0.191342
v -0.906127 -0.382683 -0.180240
v -0.815493 -0.555570 -0.162212
v -0.693520 -0.707107 -0.137950
v -0.544895 -0.831470 -0.108386
v -0.375330 -0.923880 -0.074658
v -0.191342 -0.980785 -0.038060
v -0.180240 0.980785 -0.074658
v -0.353553 0.923880 -0.146447
v -0.513279 0.831470 -0.212607
v -0.653281 0.707107 -0.270598
v -0.768177 0.555570 -0.318190
v -0.853553 0.382683 -0.353553
v -0.906127 0.195090 -0.375330
v -1.097205 -0.000000 -0.437868
v -0.906127 -0.195090 -0.375330
v -0.853553 -0.382683 -0.353553
v -0.768177 -0.555570 -0.318190
v -0.780876 -0.707107 -0.270598
v -0.513279 -0.831470 -0.212607
v -0.353553 -0.923880 -0.146447
v -0.180240 -0.980785 -0.074658
v -0.162212 0.980785 -0.108386
v -0.318189 0.923880 -0.212607
v -0.461939 0.831470 -0.308658
v -0.587938 0.707107 -0.392847
v -0.691341 0.555570 -0.461940
v -0.768177 0.382683 -0.513280
v -0.815493 0.195090 -0.544895
v -0.831468 -0.000000 -0.555570
v -0.815493 -0.195090 -0.544895
v -0.768177 -0.382683 -0.513280
v -0.691341 -0.555570 -0.461940
v -0.587938 -0.707107 -0.392847
v -0.461939 -0.831470 -0.308658
v -0.318189 -0.923880 -0.212607
v -0.162212 -0.980785 -0.108386
v -0.137950 0.980785 -0.137950
v -0.270598 0.923880 -0.270598
v -0.392847 1.042409 -0.392847
v -0.500000 0.707107 -0.500000
v -0.587937 0.555570 -0.587938
v -0.653281 0.382683 -0.653281
v -0.693519 0.195090 -0.693520
v -0.707106 -0.000000 -0.707106
v -0.693519 -0.195090 -0.693520
v -0.653281 -0.382683 -0.653281
v -0.587937 -0.555570 -0.587938
v -0.500000 -0.707107 -0.500000
v -0.392847 -0.831470 -0.392847
v -0.270598 -0.923880 -0.270598
v -0.137950 -0.980785 -0.137950
v -0.108386 0.980785 -0.162212
v -0.212607 0.923880 -0.318190
v -0.308658 0.831470 -0.461939
v -0.392847 0.707107 -0.587938
v -0.461939 0.555570 -0.691341
v -0.692107 0.414836 -1.012320
v -0.544895 0.195090 -0.815493
v -0.555569 -0.000000 -0.831469
v -0.544895 -0.195090 -0.815493
v -0.636624 -0.382683 -0.919078
v -0.461939 -0.555570 -0.691341
v -0.392847 -0.707107 -0.587938
v -0.308658 -0.831470 -0.461939
v -0.212607 -0.923880 -0.318190
v -0.108386 -0.980785 -0.162212
v -0.074658 0.980785 -0.180240
v -0.146446 0.923880 -0.353553
v -0.212607 0.831470 -0.513279
v -0.270598 0.707107 -0.653281
v -0.318189 0.555570 -0.768177
v -0.353553 0.382683 -0.853553
v -0.375330 0.195090 -0.906127
v -0.382683 -0.000000 -0.923879
v -0.375330 -0.195090 -0.906127
v -0.353553 -0.382683 -0.853553
v -0.318189 -0.555570 -0.768177
v -0.270598 -0.707107 -0.653281
v -0.212607 -0.831470 -0.513279
v -0.146446 -0.923880 -0.353553
v -0.074658 -0.980785 -0.180240
v -0.038060 0.980785 -0.191342
v -0.074658 0.923880 -0.375330
v -0.108386 0.831470 -0.544895
v -0.137950 0.707107 -0.693520
v -0.162211 0.555570 -0.815493
v -0.180240 0.382683 -0.906127
v -0.191341 0.195090 -0.961939
v -0.195090 -0.000000 -0.980784
v -0.191341 -0.195090 -0.961939
v -0.180240 -0.382683 -0.906127
v -0.162211 -0.555570 -0.815493
v -0.137950 -0.707107 -0.693520
v -0.108386 -0.831470 -0.544895
v -0.074658 -0.923880 -0.375330
v -0.038060 -0.980785 -0.191342
v 0.000000 0.980785 -0.195090
v 0.000000 0.923880 -0.382683
v 0.000000 0.937377 -0.793714
v 0.000000 0.382683 -0.923879
v 0.000000 -0.382683 -0.923879
v 0.000000 -0.707107 -0.797926
v 0.000000 -0.831470 -0.555570
v 0.000000 -0.923880 -0.382683
v 0.000000 -0.980785 -0.195090
vn 0.0938 -0.2890 -0.9527
vn 0.0464 0.8810 -0.4709
vn 0.0865 -0.4696 -0.8786
vn 0.7759 0.5764 0.2563
vn 0.4855 -0.5940 -0.6414
vn 0.0759 0.6326 -0.7708
vn 0.0624 -0.7715 -0.6332
vn 0.0865 0.4696 -0.8786
vn 0.0464 -0.8810 -0.4709
vn 0.0938 0.2890 -0.9527
vn 0.0286 -0.9566 -0.2902
vn 0.5740 0.5740 -0.5840
vn 0.0097 0.9951 -0.0980
vn 0.0097 -0.9951 -0.0980
vn 0.0975 -0.0975 -0.9904
vn 0.0286 0.9566 -0.2902
vn 0.0286 -0.9951 -0.0942
vn 0.2889 -0.0975 -0.9524
vn 0.0846 0.9566 -0.2790
vn -0.2836 0.2949 -0.9125
vn 0.1374 0.8810 -0.4528
vn 0.2563 -0.4696 -0.8448
vn 0.1847 0.7715 -0.6088
vn 0.2248 -0.6326 -0.7412
vn 0.2248 0.6326 -0.7412
vn 0.1847 -0.7715 -0.6088
vn 0.2563 0.4696 -0.8449
vn 0.2563 0.4696 -0.8448
vn 0.1374 -0.8810 -0.4528
vn 0.2779 0.2890 -0.9161
vn 0.0846 -0.9566 -0.2790
vn 0.2889 0.0975 -0.9524
vn 0.0286 0.9951 -0.0942
vn 0.2999 -0.7715 -0.5611
vn 0.4162 0.4696 -0.7786
vn 0.2230 -0.8810 -0.4173
vn 0.4513 0.2890 -0.8443
vn 0.1374 -0.9566 -0.2571
vn 0.4691 0.0975 -0.8777
vn 0.0464 0.9951 -0.0869
vn 0.0464 -0.9951 -0.0869
vn 0.4691 -0.0975 -0.8777
vn 0.1374 0.9566 -0.2571
vn 0.8547 0.3404 -0.3918
vn 0.2230 0.8810 -0.4173
vn 0.2231 0.8810 -0.4173
vn 0.4162 -0.4696 -0.7786
vn 0.2999 0.7715 -0.5611
vn 0.3651 -0.6326 -0.6831
vn 0.3651 0.6326 -0.6831
vn 0.1850 0.9565 -0.2254
vn 0.1850 0.9566 -0.2254
vn 0.6073 -0.2890 -0.7400
vn -0.8109 0.4472 -0.3773
vn 0.5601 -0.4696 -0.6825
vn 0.4036 0.7715 -0.4918
vn 0.4913 -0.6326 -0.5987
vn 0.4913 0.6326 -0.5987
vn 0.4036 -0.7715 -0.4918
vn -0.2291 0.7481 -0.6227
vn 0.3002 -0.8810 -0.3658
vn 0.6073 0.2890 -0.7400
vn 0.1850 -0.9566 -0.2254
vn 0.6314 0.0975 -0.7693
vn 0.6314 0.0976 -0.7693
vn 0.0625 0.9951 -0.0761
vn 0.0625 -0.9951 -0.0761
vn 0.6314 -0.0975 -0.7693
vn 0.6423 0.7458 0.1764
vn 0.3658 -0.8810 -0.3002
vn 0.7400 0.2890 -0.6073
vn 0.2254 -0.9566 -0.1850
vn 0.7693 0.0976 -0.6314
vn 0.0761 0.9951 -0.0625
vn 0.0761 -0.9951 -0.0625
vn 0.7693 -0.0976 -0.6314
vn 0.2254 0.9566 -0.1850
vn 0.7400 -0.2890 -0.6073
vn 0.3773 0.4472 0.8109
vn 0.6825 -0.4696 -0.5601
vn 0.4918 0.7715 -0.4036
vn 0.5987 -0.6326 -0.4913
vn 0.5987 0.6326 -0.4913
vn 0.4918 -0.7715 -0.4036
vn 0.8443 -0.2890 -0.4513
vn 0.4173 0.8810 -0.2230
vn 0.4173 0.8810 -0.2231
vn 0.7786 -0.4696 -0.4162
vn 0.5611 0.7715 -0.2999
vn 0.5801 -0.3211 -0.7486
vn 0.6831 0.6326 -0.3651
vn 0.5611 -0.7715 -0.2999
vn 0.7786 0.4696 -0.4162
vn 0.4173 -0.8810 -0.2230
vn 0.8443 0.2890 -0.4513
vn 0.2571 -0.9566 -0.1374
vn 0.8777 0.0976 -0.4691
vn 0.8777 0.0975 -0.4691
vn 0.0869 0.9951 -0.0464
vn 0.0869 -0.9951 -0.0464
vn 0.5752 0.3099 -0.7570
vn 0.2571 0.9566 -0.1374
vn 0.4528 -0.8810 -0.1374
vn 0.9161 0.2890 -0.2779
vn 0.2790 -0.9566 -0.0846
vn 0.9524 0.0975 -0.2889
vn 0.0942 0.9951 -0.0286
vn 0.0942 -0.9951 -0.0286
vn 0.9612 0.2645 0.0785
vn 0.2790 0.9566 -0.0846
vn 0.9161 -0.2890 -0.2779
vn 0.4528 0.8810 -0.1374
vn 0.8448 -0.4696 -0.2563
vn 0.6088 0.7715 -0.1847
vn 0.7658 -0.5681 0.3013
vn 0.7412 0.6326 -0.2248
vn 0.6088 -0.7715 -0.1847
vn 0.8448 0.4696 -0.2563
vn 0.4709 0.8810 -0.0464
vn 0.8786 -0.4696 -0.0865
vn 0.6332 0.7715 -0.0624
vn 0.7708 -0.6326 -0.0759
vn 0.3436 0.7897 -0.5082
vn 0.6332 -0.7715 -0.0624
vn 0.8786 0.4696 -0.0865
vn 0.4709 -0.8810 -0.0464
vn 0.9527 0.2890 -0.0938
vn 0.2902 -0.9566 -0.0286
vn 0.9904 0.0975 -0.0975
vn 0.9904 0.0976 -0.0976
vn 0.0980 0.9951 -0.0097
vn 0.0980 -0.9951 -0.0097
vn 0.9904 -0.0975 -0.0975
vn 0.2902 0.9566 -0.0286
vn 0.9527 -0.2890 -0.0938
vn 0.9527 0.2890 0.0938
vn 0.2902 -0.9566 0.0286
vn 0.9904 0.0975 0.0975
vn 0.9904 0.0975 0.0976
vn 0.0980 0.9951 0.0096
vn 0.0980 -0.9951 0.0097
vn 0.9904 -0.0975 0.0975
vn 0.9904 -0.0976 0.0975
vn 0.2902 0.9566 0.0286
vn 0.6471 0.4761 -0.5955
vn 0.4709 0.8810 0.0464
vn 0.8786 -0.4696 0.0865
vn 0.6332 0.7715 0.0624
vn 0.7708 -0.6326 0.0759
vn 0.3436 0.7897 0.5082
vn 0.6332 -0.7715 0.0624
vn 0.8786 0.4696 0.0865
vn 0.4709 -0.8810 0.0464
vn 0.8449 -0.4696 0.2563
vn 0.6088 0.7715 0.1847
vn 0.7412 -0.6326 0.2248
vn 0.7412 0.6326 0.2248
vn 0.6088 -0.7715 0.1847
vn 0.8448 0.4696 0.2563
vn 0.4528 -0.8810 0.1374
vn 0.9161 0.2890 0.2779
vn 0.2790 -0.9566 0.0846
vn 0.9524 0.0975 0.2889
vn 0.0942 0.9951 0.0286
vn 0.0942 -0.9951 0.0286
vn 0.9524 -0.0975 0.2889
vn 0.2790 0.9566 0.0846
vn 0.5574 0.3348 0.7597
vn 0.4528 0.8810 0.1374
vn 0.2571 -0.9566 0.1374
vn 0.8253 0.5531 -0.1137
vn 0.0869 0.9951 0.0464
vn 0.0869 -0.9951 0.0464
vn 0.8777 -0.0975 0.4691
vn 0.2571 0.9566 0.1374
vn 0.8443 -0.2890 0.4513
vn 0.4173 0.8810 0.2231
vn 0.4173 0.8810 0.2230
vn 0.7786 -0.4696 0.4162
vn 0.5611 0.7715 0.2999
vn 0.8069 -0.5299 -0.2608
vn 0.6831 0.6326 0.3651
vn 0.5611 -0.7715 0.2999
vn 0.7786 0.4696 0.4162
vn 0.4173 -0.8810 0.2231
vn 0.4173 -0.8810 0.2230
vn 0.8443 0.2890 0.4513
vn 0.2296 -0.0457 0.9722
vn 0.5987 0.6326 0.4913
vn 0.4918 -0.7715 0.4036
vn 0.6825 0.4696 0.5601
vn 0.3658 -0.8810 0.3002
vn 0.7400 0.2890 0.6073
vn 0.2254 -0.9566 0.1850
vn 0.1762 0.5696 0.8028
vn 0.0761 0.9951 0.0625
vn 0.0761 -0.9951 0.0625
vn 0.7693 -0.0975 0.6314
vn 0.2254 0.9566 0.1850
vn 0.7400 -0.2890 0.6073
vn 0.3773 0.4472 -0.8109
vn 0.6825 -0.4696 0.5601
vn 0.4918 0.7715 0.4036
vn 0.0625 0.9951 0.0761
vn 0.0625 -0.9951 0.0761
vn 0.6314 -0.0975 0.7693
vn 0.1850 0.9566 0.2254
vn 0.1850 0.9565 0.2254
vn 0.8721 0.4889 0.0173
vn -0.8109 0.4472 0.3773
vn 0.5601 -0.4696 0.6825
vn 0.4036 0.7715 0.4918
vn 0.4913 -0.6326 0.5987
vn 0.4913 0.6326 0.5987
vn 0.4036 -0.7715 0.4918
vn 0.5601 0.4696 0.6825
vn 0.3002 -0.8810 0.3658
vn 0.6073 0.2890 0.7400
vn 0.1850 -0.9566 0.2254
vn 0.1850 -0.9565 0.2254
vn 0.6314 0.0975 0.7693
vn 0.3651 0.6326 0.6831
vn 0.2999 -0.7715 0.5611
vn 0.6589 0.7436 -0.1136
vn 0.2230 -0.8810 0.4173
vn 0.4513 0.2890 0.8443
vn 0.1374 -0.9566 0.2571
vn 0.4691 0.0975 0.8777
vn 0.0464 0.9951 0.0869
vn 0.0464 -0.9951 0.0869
vn 0.4691 -0.0975 0.8777
vn 0.1374 0.9566 0.2571
vn -0.2537 0.4342 0.8644
vn 0.2230 0.8810 0.4173
vn 0.4162 -0.4696 0.7786
vn 0.2999 0.7715 0.5611
vn 0.3651 -0.6326 0.6831
vn 0.2889 -0.0976 0.9524
vn 0.2889 -0.0975 0.9524
vn 0.0846 0.9566 0.2790
vn 0.2779 -0.2890 0.9161
vn 0.1374 0.8810 0.4528
vn 0.2563 -0.4696 0.8448
vn 0.1847 0.7715 0.6088
vn 0.2248 -0.6326 0.7412
vn 0.2248 0.6326 0.7412
vn 0.1847 -0.7715 0.6088
vn -0.4685 0.7484 0.4694
vn 0.1374 -0.8810 0.4528
vn 0.2779 0.2890 0.9161
vn 0.0846 -0.9566 0.2790
vn 0.2889 0.0976 0.9524
vn 0.0286 0.9951 0.0942
vn 0.0286 -0.9951 0.0942
vn 0.0624 -0.7715 0.6332
vn 0.0865 0.4696 0.8786
vn 0.0464 -0.8810 0.4709
vn 0.0938 0.2890 0.9527
vn 0.0286 -0.9566 0.2902
vn 0.5420 0.5420 0.6422
vn 0.0097 0.9951 0.0980
vn 0.0097 -0.9951 0.0980
vn 0.0976 -0.0976 0.9904
vn 0.0286 0.9566 0.2902
vn 0.0938 -0.2890 0.9527
vn 0.0464 0.8810 0.4709
vn 0.0865 -0.4696 0.8786
vn 0.0624 0.7715 0.6332
vn 0.6258 -0.5474 0.5556
vn 0.0759 0.6326 0.7708
vn -0.0286 0.9566 0.2902
vn -0.0938 -0.2890 0.9527
vn -0.0464 0.8810 0.4709
vn -0.0865 -0.4696 0.8786
vn 0.8294 0.5410 -0.1394
vn -0.6258 -0.5474 0.5556
vn -0.0759 0.6326 0.7708
vn -0.0624 -0.7715 0.6332
vn -0.0865 0.4696 0.8786
vn -0.0464 -0.8810 0.4709
vn -0.0938 0.2890 0.9527
vn -0.0286 -0.9566 0.2902
vn -0.5420 0.5420 0.6422
vn -0.0097 0.9951 0.0980
vn -0.0097 -0.9951 0.0980
vn -0.0976 -0.0976 0.9904
vn -0.2563 0.4696 0.8448
vn -0.1374 -0.8810 0.4528
vn -0.2779 0.2890 0.9161
vn -0.0846 -0.9566 0.2790
vn -0.2889 0.0976 0.9524
vn -0.2889 0.0975 0.9524
vn -0.0286 0.9951 0.0942
vn -0.0286 -0.9951 0.0942
vn -0.2889 -0.0976 0.9524
vn -0.0846 0.9566 0.2790
vn -0.2779 -0.2890 0.9161
vn -0.1374 0.8810 0.4528
vn -0.2563 -0.4696 0.8448
vn -0.7074 0.6070 -0.3622
vn -0.2248 -0.6326 0.7412
vn -0.2248 0.6326 0.7412
vn -0.1847 -0.7715 0.6088
vn 0.2310 0.4142 0.8804
vn -0.2230 0.8810 0.4173
vn -0.2231 0.8810 0.4173
vn -0.4162 -0.4696 0.7786
vn -0.2999 0.7715 0.5611
vn -0.3651 -0.6326 0.6831
vn -0.3651 0.6326 0.6831
vn -0.2999 -0.7715 0.5611
vn -0.4162 0.4696 0.7786
vn -0.2231 -0.8810 0.4173
vn -0.2230 -0.8810 0.4173
vn -0.4513 0.2890 0.8443
vn -0.1374 -0.9566 0.2571
vn -0.4691 0.0975 0.8777
vn -0.0464 0.9951 0.0869
vn -0.0464 -0.9951 0.0869
vn -0.4691 -0.0975 0.8777
vn -0.1374 0.9566 0.2571
vn -0.3002 -0.8810 0.3658
vn -0.6073 0.2890 0.7400
vn -0.1850 -0.9565 0.2254
vn -0.1850 -0.9566 0.2254
vn -0.6314 0.0975 0.7693
vn -0.0625 0.9951 0.0761
vn -0.0625 -0.9951 0.0761
vn -0.6314 -0.0975 0.7693
vn -0.1850 0.9565 0.2254
vn -0.1850 0.9566 0.2254
vn -0.9016 0.4149 0.1226
vn 0.8109 0.4472 0.3773
vn -0.5601 -0.4696 0.6825
vn -0.4036 0.7715 0.4918
vn -0.4913 -0.6326 0.5987
vn -0.4913 0.6326 0.5987
vn -0.4036 -0.7715 0.4918
vn 0.3275 0.7460 0.5799
vn -0.6825 -0.4696 0.5601
vn -0.4918 0.7715 0.4036
vn -0.5987 -0.6326 0.4913
vn -0.5987 0.6326 0.4913
vn -0.4918 -0.7715 0.4036
vn -0.6179 0.7483 -0.2412
vn -0.3658 -0.8810 0.3002
vn -0.7400 0.2890 0.6073
vn -0.2254 -0.9566 0.1850
vn -0.7693 0.0975 0.6314
vn -0.0761 0.9951 0.0625
vn -0.0761 -0.9951 0.0625
vn -0.7693 -0.0975 0.6314
vn -0.2254 0.9566 0.1850
vn -0.7400 -0.2890 0.6073
vn -0.3773 0.4472 -0.8109
vn -0.2571 -0.9566 0.1374
vn -0.0997 0.6544 0.7496
vn -0.0869 0.9951 0.0464
vn -0.0869 -0.9951 0.0464
vn -0.8777 -0.0975 0.4691
vn -0.2571 0.9566 0.1374
vn -0.8443 -0.2890 0.4513
vn -0.4173 0.8810 0.2230
vn -0.7786 -0.4696 0.4162
vn -0.5611 0.7715 0.2999
vn -0.3666 0.0222 0.9301
vn -0.6831 0.6326 0.3651
vn -0.5611 -0.7715 0.2999
vn -0.7786 0.4696 0.4162
vn -0.4173 -0.8810 0.2230
vn -0.8443 0.2890 0.4513
vn -0.6088 0.7715 0.1847
vn -0.9523 -0.1612 -0.2590
vn -0.7412 0.6326 0.2248
vn -0.6088 -0.7715 0.1847
vn -0.8448 0.4696 0.2563
vn -0.4528 -0.8810 0.1374
vn -0.9161 0.2890 0.2779
vn -0.2790 -0.9566 0.0846
vn -0.8397 0.5052 -0.1991
vn -0.0942 0.9951 0.0286
vn -0.0942 -0.9951 0.0286
vn -0.9524 -0.0975 0.2889
vn -0.2790 0.9566 0.0846
vn -0.9161 -0.2890 0.2779
vn -0.4528 0.8810 0.1374
vn -0.8448 -0.4696 0.2563
vn -0.9904 0.0975 0.0976
vn -0.0980 0.9951 0.0096
vn -0.0980 -0.9951 0.0097
vn -0.9904 -0.0975 0.0976
vn -0.2902 0.9566 0.0286
vn -0.6704 0.3578 0.6501
vn -0.4709 0.8810 0.0464
vn -0.8786 -0.4696 0.0865
vn -0.2765 0.8348 0.4761
vn -0.7708 -0.6326 0.0759
vn -0.7708 0.6326 0.0759
vn -0.6332 -0.7715 0.0624
vn -0.8786 0.4696 0.0865
vn -0.4709 -0.8810 0.0464
vn -0.9527 0.2890 0.0938
vn -0.2902 -0.9566 0.0286
vn -0.7708 -0.6326 -0.0759
vn -0.7708 0.6326 -0.0759
vn -0.6332 -0.7715 -0.0624
vn -0.8786 0.4696 -0.0865
vn -0.4709 -0.8810 -0.0464
vn -0.9527 0.2890 -0.0938
vn -0.2902 -0.9566 -0.0286
vn -0.9904 0.0975 -0.0976
vn -0.0980 0.9951 -0.0097
vn -0.0980 -0.9951 -0.0097
vn -0.9904 -0.0975 -0.0976
vn -0.2902 0.9566 -0.0286
vn -0.6704 0.3578 -0.6501
vn -0.4709 0.8810 -0.0464
vn -0.8786 -0.4696 -0.0865
vn -0.2765 0.8348 -0.4761
vn -0.0942 0.9951 -0.0286
vn -0.0942 -0.9951 -0.0286
vn -0.9524 -0.0975 -0.2889
vn -0.2790 0.9566 -0.0846
vn -0.9161 -0.2890 -0.2779
vn -0.4528 0.8810 -0.1374
vn -0.8448 -0.4696 -0.2563
vn -0.6088 0.7715 -0.1847
vn -0.7211 -0.5044 0.4749
vn -0.7412 0.6326 -0.2248
vn -0.6088 -0.7715 -0.1847
vn -0.8448 0.4696 -0.2563
vn -0.4528 -0.8810 -0.1374
vn -0.9161 0.2890 -0.2779
vn -0.2790 -0.9566 -0.0846
vn -0.7232 0.5972 0.3468
vn -0.6831 0.6326 -0.3651
vn -0.5611 -0.7715 -0.2999
vn -0.7786 0.4696 -0.4162
vn -0.4173 -0.8810 -0.2231
vn -0.4173 -0.8810 -0.2230
vn -0.8443 0.2890 -0.4513
vn -0.2571 -0.9566 -0.1374
vn -0.3334 0.5678 -0.7527
vn -0.0869 0.9951 -0.0464
vn -0.0869 -0.9951 -0.0464
vn -0.8777 -0.0975 -0.4691
vn -0.2571 0.9566 -0.1374
vn -0.8443 -0.2890 -0.4513
vn -0.4173 0.8810 -0.2231
vn -0.4173 0.8810 -0.2230
vn -0.7786 -0.4696 -0.4162
vn -0.5611 0.7715 -0.2999
vn -0.5227 -0.2153 -0.8249
vn -0.7693 -0.0975 -0.6314
vn -0.2254 0.9566 -0.1850
vn -0.7400 -0.2890 -0.6073
vn -0.3773 0.4472 0.8109
vn -0.6825 -0.4696 -0.5601
vn -0.4918 0.7715 -0.4036
vn -0.5987 -0.6326 -0.4913
vn -0.5987 0.6326 -0.4913
vn -0.4918 -0.7715 -0.4036
vn -0.6825 0.4696 -0.5601
vn -0.3658 -0.8810 -0.3002
vn -0.7400 0.2890 -0.6073
vn -0.2254 -0.9566 -0.1850
vn -0.7693 0.0975 -0.6314
vn -0.0761 0.9951 -0.0625
vn -0.0761 -0.9951 -0.0625
vn -0.4036 -0.7715 -0.4918
vn -0.6489 0.7484 0.1372
vn -0.3002 -0.8810 -0.3658
vn -0.6073 0.2890 -0.7400
vn -0.1850 -0.9566 -0.2254
vn -0.1850 -0.9565 -0.2254
vn -0.6314 0.0975 -0.7693
vn -0.0625 0.9951 -0.0761
vn -0.0625 -0.9951 -0.0761
vn -0.6314 -0.0975 -0.7693
vn -0.1850 0.9566 -0.2254
vn -0.8846 0.4631 -0.0554
vn 0.8109 0.4472 -0.3773
vn -0.5601 -0.4696 -0.6825
vn -0.4036 0.7715 -0.4918
vn -0.4913 -0.6326 -0.5987
vn -0.4913 0.6326 -0.5987
vn 0.2073 0.3932 -0.8958
vn -0.2230 0.8810 -0.4173
vn -0.4162 -0.4696 -0.7786
vn -0.2999 0.7715 -0.5611
vn -0.3651 -0.6326 -0.6831
vn -0.3651 0.6326 -0.6831
vn -0.2999 -0.7715 -0.5611
vn 0.3387 0.7479 -0.5708
vn -0.2230 -0.8810 -0.4173
vn -0.4513 0.2890 -0.8443
vn -0.1374 -0.9566 -0.2571
vn -0.4691 0.0975 -0.8777
vn -0.4692 0.0975 -0.8777
vn -0.0464 0.9951 -0.0869
vn -0.0464 -0.9951 -0.0869
vn -0.4691 -0.0975 -0.8777
vn -0.1374 0.9566 -0.2571
vn -0.1374 -0.8810 -0.4528
vn -0.2779 0.2890 -0.9161
vn -0.0846 -0.9566 -0.2790
vn -0.2889 0.0975 -0.9524
vn -0.0286 0.9951 -0.0942
vn -0.0286 -0.9951 -0.0942
vn -0.2889 -0.0975 -0.9524
vn -0.0846 0.9566 -0.2790
vn -0.2779 -0.2890 -0.9161
vn -0.1374 0.8810 -0.4528
vn -0.2563 -0.4696 -0.8448
vn -0.1847 0.7715 -0.6088
vn -0.2248 -0.6326 -0.7412
vn -0.2248 0.6326 -0.7412
vn -0.1847 -0.7715 -0.6088
vn -0.2563 0.4696 -0.8448
vn -0.0464 0.8810 -0.4709
vn -0.0865 -0.4696 -0.8786
vn -0.7759 0.5764 0.2563
vn -0.4855 -0.5940 -0.6414
vn -0.0759 0.6326 -0.7708
vn -0.0624 -0.7715 -0.6332
vn -0.0865 0.4696 -0.8786
vn -0.0464 -0.8810 -0.4709
vn -0.0938 0.2890 -0.9527
vn -0.0286 -0.9566 -0.2902
vn -0.5740 0.5740 -0.5840
vn -0.0097 0.9951 -0.0980
vn -0.0097 -0.9951 -0.0980
vn -0.0976 -0.0975 -0.9904
vn -0.0286 0.9566 -0.2902
vn -0.0938 -0.2890 -0.9527
vn 0.0624 0.7715 -0.6332
vn 0.0957 -0.2151 -0.9719
vn 0.6636 0.0736 -0.7445
vn 0.3266 -0.8409 -0.4315
vn 0.0975 0.0975 -0.9904
vn 0.5740 -0.5740 -0.5840
vn 0.2779 -0.2890 -0.9161
vn -0.2791 -0.7251 -0.6296
vn 0.2231 -0.8810 -0.4173
vn 0.4513 -0.2890 -0.8443
vn 0.6498 -0.7333 -0.2001
vn 0.3002 0.8810 -0.3658
vn 0.0106 0.3074 -0.9515
vn 0.5601 0.4696 -0.6825
vn -0.1900 -0.5152 -0.8357
vn 0.6314 -0.0976 -0.7693
vn 0.6825 0.4696 -0.5601
vn 0.8709 -0.4734 0.1320
vn 0.3658 0.8810 -0.3002
vn 0.9515 0.3074 -0.0106
vn 0.4981 -0.5676 -0.6555
vn 0.6831 -0.6326 -0.3651
vn 0.3377 -0.8343 -0.4358
vn 0.8777 -0.0976 -0.4691
vn 0.9524 -0.0975 -0.2889
vn 0.8371 -0.5428 0.0684
vn 0.9320 -0.2270 -0.2827
vn 0.5003 -0.8432 0.1968
vn 0.7708 0.6326 -0.0759
vn 0.5152 -0.3920 -0.7621
vn 0.9904 -0.0976 -0.0976
vn 0.9904 0.0976 0.0975
vn 0.9904 -0.0975 0.0976
vn 0.9527 -0.2890 0.0938
vn 0.4958 -0.7389 -0.4563
vn 0.7708 0.6326 0.0759
vn 0.5152 -0.3920 0.7621
vn 0.4136 -0.7149 0.5637
vn 0.8449 0.4696 0.2563
vn 0.9161 -0.2890 0.2779
vn 0.8777 0.0975 0.4691
vn 0.8253 -0.5531 -0.1137
vn 0.8792 0.0790 0.4699
vn 0.5140 -0.8416 -0.1661
vn 0.5987 -0.6326 0.4913
vn 0.1236 -0.8431 0.5234
vn 0.7693 0.0975 0.6314
vn 0.1762 -0.5696 0.8028
vn 0.3658 0.8810 0.3002
vn 0.9515 0.3074 0.0106
vn 0.6073 -0.2890 0.7400
vn 0.3002 0.8810 0.3658
vn 0.6718 -0.7406 0.0133
vn 0.0106 0.3074 0.9515
vn 0.4162 0.4696 0.7786
vn 0.8124 -0.5827 0.0200
vn 0.4513 -0.2890 0.8443
vn -0.1917 -0.7328 0.6529
vn 0.2563 0.4696 0.8448
vn -0.4938 -0.5135 0.7017
vn 0.2889 0.0975 0.9524
vn 0.4025 -0.8428 0.3573
vn 0.0976 0.0976 0.9904
vn 0.5420 -0.5420 0.6422
vn 0.0974 0.1137 0.9887
vn -0.0286 0.9565 0.2902
vn -0.0624 0.7715 0.6332
vn -0.0974 0.1137 0.9887
vn 0.5254 0.0453 0.8497
vn -0.4025 -0.8428 0.3573
vn -0.0976 0.0976 0.9904
vn -0.5420 -0.5420 0.6422
vn -0.2889 -0.0975 0.9524
vn -0.1847 0.7715 0.6088
vn -0.7777 0.1068 0.6194
vn -0.4513 -0.2890 0.8443
vn 0.1736 -0.7295 0.6616
vn 0.2434 -0.5514 0.7980
vn -0.6073 -0.2890 0.7400
vn -0.3002 0.8810 0.3658
vn -0.6776 -0.7296 0.0921
vn -0.0106 0.3074 0.9515
vn -0.5601 0.4696 0.6825
vn -0.9515 0.3074 0.0106
vn -0.6825 0.4696 0.5601
vn -0.8576 -0.4904 -0.1551
vn -0.3658 0.8810 0.3002
vn -0.8777 0.0975 0.4691
vn -0.0997 -0.6544 0.7496
vn -0.6831 -0.6326 0.3651
vn 0.1302 -0.7900 0.5991
vn -0.7412 -0.6326 0.2248
vn -0.4180 -0.8289 -0.3717
vn -0.9524 0.0975 0.2889
vn -0.8397 -0.5052 -0.1991
vn -0.9527 -0.2890 0.0938
vn -0.4986 -0.7194 0.4835
vn -0.6332 0.7715 0.0624
vn -0.4769 -0.3134 0.8212
vn -0.4769 -0.3134 -0.8212
vn -0.9527 -0.2890 -0.0938
vn -0.4986 -0.7194 -0.4835
vn -0.6332 0.7715 -0.0624
vn -0.7232 -0.5972 0.3468
vn -0.9569 -0.0110 -0.2903
vn -0.4547 -0.8388 0.2995
vn -0.9524 0.0975 -0.2889
vn -0.2907 -0.8396 -0.4589
vn -0.8777 0.0975 -0.4691
vn -0.3334 -0.5678 -0.7527
vn -0.6831 -0.6326 -0.3651
vn -0.3658 0.8810 -0.3002
vn -0.9515 0.3074 -0.0106
vn -0.5601 0.4696 -0.6825
vn -0.8479 -0.5283 0.0444
vn -0.6073 -0.2890 -0.7400
vn -0.3002 0.8810 -0.3658
vn -0.6744 -0.7371 -0.0423
vn -0.0106 0.3074 -0.9515
vn -0.4513 -0.2890 -0.8443
vn 0.1551 -0.7259 -0.6701
vn -0.4162 0.4696 -0.7786
vn 0.3289 -0.4982 -0.8022
vn -0.4692 -0.0975 -0.8777
vn -0.1374 0.9565 -0.2571
vn -0.0624 0.7715 -0.6332
vn -0.0957 -0.2151 -0.9719
vn -0.6636 0.0736 -0.7445
vn -0.3266 -0.8409 -0.4315
vn -0.0976 0.0975 -0.9904
vn -0.5740 -0.5740 -0.5840
vn -0.0286 0.9565 -0.2902
vt 0.750000 0.437500
vt 0.718750 0.375000
vt 0.750000 0.375000
vt 0.750000 0.812500
vt 0.718750 0.875000
vt 0.718750 0.812500
vt 0.718750 0.312500
vt 0.750000 0.312500
vt 0.718750 0.750000
vt 0.750000 0.750000
vt 0.750000 0.250000
vt 0.718750 0.250000
vt 0.750000 0.687500
vt 0.718750 0.687500
vt 0.750000 0.187500
vt 0.718750 0.187500
vt 0.750000 0.625000
vt 0.718750 0.625000
vt 0.718750 0.125000
vt 0.750000 0.125000
vt 0.750000 0.562500
vt 0.718750 0.562500
vt 0.718750 0.062500
vt 0.750000 0.062500
vt 0.718750 0.500000
vt 0.750000 0.500000
vt 0.750000 0.937500
vt 0.734375 1.000000
vt 0.718750 0.937500
vt 0.734375 0.000000
vt 0.718750 0.437500
vt 0.750000 0.875000
vt 0.703125 0.000000
vt 0.687500 0.062500
vt 0.687500 0.437500
vt 0.687500 0.875000
vt 0.687500 0.375000
vt 0.687500 0.812500
vt 0.687500 0.312500
vt 0.687500 0.750000
vt 0.687500 0.250000
vt 0.687500 0.687500
vt 0.687500 0.187500
vt 0.687500 0.625000
vt 0.687500 0.125000
vt 0.687500 0.562500
vt 0.687500 0.500000
vt 0.703125 1.000000
vt 0.687500 0.937500
vt 0.656250 0.250000
vt 0.656250 0.187500
vt 0.656250 0.625000
vt 0.656250 0.125000
vt 0.656250 0.562500
vt 0.656250 0.062500
vt 0.656250 0.500000
vt 0.671875 1.000000
vt 0.656250 0.937500
vt 0.671875 0.000000
vt 0.656250 0.437500
vt 0.656250 0.875000
vt 0.656250 0.375000
vt 0.656250 0.812500
vt 0.656250 0.312500
vt 0.656250 0.750000
vt 0.656250 0.687500
vt 0.625000 0.875000
vt 0.625000 0.375000
vt 0.625000 0.812500
vt 0.625000 0.312500
vt 0.625000 0.750000
vt 0.625000 0.250000
vt 0.625000 0.687500
vt 0.625000 0.187500
vt 0.625000 0.625000
vt 0.625000 0.125000
vt 0.625000 0.562500
vt 0.625000 0.062500
vt 0.625000 0.500000
vt 0.640625 1.000000
vt 0.625000 0.937500
vt 0.640625 0.000000
vt 0.625000 0.437500
vt 0.593750 0.625000
vt 0.593750 0.187500
vt 0.593750 0.125000
vt 0.593750 0.562500
vt 0.593750 0.062500
vt 0.593750 0.500000
vt 0.609375 1.000000
vt 0.593750 0.937500
vt 0.609375 0.000000
vt 0.593750 0.437500
vt 0.593750 0.875000
vt 0.593750 0.375000
vt 0.593750 0.812500
vt 0.593750 0.312500
vt 0.593750 0.750000
vt 0.593750 0.250000
vt 0.593750 0.687500
vt 0.562500 0.375000
vt 0.562500 0.812500
vt 0.562500 0.312500
vt 0.562500 0.750000
vt 0.562500 0.250000
vt 0.562500 0.687500
vt 0.562500 0.187500
vt 0.562500 0.625000
vt 0.562500 0.125000
vt 0.562500 0.562500
vt 0.562500 0.062500
vt 0.562500 0.500000
vt 0.578125 1.000000
vt 0.562500 0.937500
vt 0.578125 0.000000
vt 0.562500 0.437500
vt 0.562500 0.875000
vt 0.531250 0.187500
vt 0.531250 0.125000
vt 0.531250 0.625000
vt 0.531250 0.562500
vt 0.531250 0.062500
vt 0.531250 0.500000
vt 0.546875 1.000000
vt 0.531250 0.937500
vt 0.546875 0.000000
vt 0.531250 0.437500
vt 0.531250 0.875000
vt 0.531250 0.375000
vt 0.531250 0.812500
vt 0.531250 0.312500
vt 0.531250 0.750000
vt 0.531250 0.250000
vt 0.531250 0.687500
vt 0.500000 0.812500
vt 0.500000 0.375000
vt 0.500000 0.312500
vt 0.500000 0.750000
vt 0.500000 0.250000
vt 0.500000 0.687500
vt 0.500000 0.187500
vt 0.500000 0.625000
vt 0.500000 0.125000
vt 0.500000 0.562500
vt 0.500000 0.062500
vt 0.500000 0.500000
vt 0.515625 1.000000
vt 0.500000 0.937500
vt 0.515625 0.000000
vt 0.500000 0.437500
vt 0.500000 0.875000
vt 0.468750 0.625000
vt 0.468750 0.562500
vt 0.468750 0.062500
vt 0.468750 0.500000
vt 0.484375 1.000000
vt 0.468750 0.937500
vt 0.484375 0.000000
vt 0.468750 0.437500
vt 0.468750 0.875000
vt 0.468750 0.375000
vt 0.468750 0.812500
vt 0.468750 0.312500
vt 0.468750 0.750000
vt 0.468750 0.250000
vt 0.468750 0.687500
vt 0.468750 0.187500
vt 0.468750 0.125000
vt 0.437500 0.375000
vt 0.437500 0.312500
vt 0.437500 0.750000
vt 0.437500 0.250000
vt 0.437500 0.687500
vt 0.437500 0.187500
vt 0.437500 0.625000
vt 0.437500 0.125000
vt 0.437500 0.562500
vt 0.437500 0.062500
vt 0.437500 0.500000
vt 0.453125 1.000000
vt 0.437500 0.937500
vt 0.453125 0.000000
vt 0.437500 0.437500
vt 0.437500 0.875000
vt 0.437500 0.812500
vt 0.406250 0.062500
vt 0.406250 0.562500
vt 0.406250 0.500000
vt 0.421875 1.000000
vt 0.406250 0.937500
vt 0.421875 0.000000
vt 0.406250 0.437500
vt 0.406250 0.875000
vt 0.406250 0.375000
vt 0.406250 0.812500
vt 0.406250 0.312500
vt 0.406250 0.750000
vt 0.406250 0.250000
vt 0.406250 0.687500
vt 0.406250 0.187500
vt 0.406250 0.625000
vt 0.406250 0.125000
vt 0.375000 0.250000
vt 0.375000 0.750000
vt 0.375000 0.687500
vt 0.375000 0.187500
vt 0.375000 0.625000
vt 0.375000 0.125000
vt 0.375000 0.562500
vt 0.375000 0.062500
vt 0.375000 0.500000
vt 0.390625 1.000000
vt 0.375000 0.937500
vt 0.390625 0.000000
vt 0.375000 0.437500
vt 0.375000 0.875000
vt 0.375000 0.375000
vt 0.375000 0.812500
vt 0.375000 0.312500
vt 0.359375 1.000000
vt 0.343750 0.937500
vt 0.359375 0.000000
vt 0.343750 0.062500
vt 0.343750 0.437500
vt 0.343750 0.875000
vt 0.343750 0.375000
vt 0.343750 0.812500
vt 0.343750 0.312500
vt 0.343750 0.750000
vt 0.343750 0.250000
vt 0.343750 0.687500
vt 0.343750 0.187500
vt 0.343750 0.625000
vt 0.343750 0.125000
vt 0.343750 0.562500
vt 0.343750 0.500000
vt 0.312500 0.750000
vt 0.312500 0.687500
vt 0.312500 0.250000
vt 0.312500 0.187500
vt 0.312500 0.625000
vt 0.312500 0.125000
vt 0.312500 0.562500
vt 0.312500 0.062500
vt 0.312500 0.500000
vt 0.328125 1.000000
vt 0.312500 0.937500
vt 0.328125 0.000000
vt 0.312500 0.437500
vt 0.312500 0.875000
vt 0.312500 0.375000
vt 0.312500 0.812500
vt 0.312500 0.312500
vt 0.281250 0.437500
vt 0.281250 0.875000
vt 0.281250 0.375000
vt 0.281250 0.812500
vt 0.281250 0.312500
vt 0.281250 0.750000
vt 0.281250 0.250000
vt 0.281250 0.687500
vt 0.281250 0.187500
vt 0.281250 0.625000
vt 0.281250 0.125000
vt 0.281250 0.562500
vt 0.281250 0.062500
vt 0.281250 0.500000
vt 0.296875 1.000000
vt 0.281250 0.937500
vt 0.296875 0.000000
vt 0.250000 0.187500
vt 0.250000 0.625000
vt 0.250000 0.125000
vt 0.250000 0.562500
vt 0.250000 0.062500
vt 0.250000 0.500000
vt 0.265625 1.000000
vt 0.250000 0.937500
vt 0.265625 0.000000
vt 0.250000 0.437500
vt 0.250000 0.875000
vt 0.250000 0.375000
vt 0.250000 0.812500
vt 0.250000 0.312500
vt 0.250000 0.750000
vt 0.250000 0.250000
vt 0.250000 0.687500
vt 0.218750 0.875000
vt 0.218750 0.375000
vt 0.218750 0.812500
vt 0.218750 0.312500
vt 0.218750 0.750000
vt 0.218750 0.250000
vt 0.218750 0.687500
vt 0.218750 0.187500
vt 0.218750 0.625000
vt 0.218750 0.125000
vt 0.218750 0.562500
vt 0.218750 0.062500
vt 0.218750 0.500000
vt 0.234375 1.000000
vt 0.218750 0.937500
vt 0.234375 0.000000
vt 0.218750 0.437500
vt 0.187500 0.625000
vt 0.187500 0.125000
vt 0.187500 0.562500
vt 0.187500 0.062500
vt 0.187500 0.500000
vt 0.203125 1.000000
vt 0.187500 0.937500
vt 0.203125 0.000000
vt 0.187500 0.437500
vt 0.187500 0.875000
vt 0.187500 0.375000
vt 0.187500 0.812500
vt 0.187500 0.312500
vt 0.187500 0.750000
vt 0.187500 0.250000
vt 0.187500 0.687500
vt 0.187500 0.187500
vt 0.156250 0.437500
vt 0.156250 0.375000
vt 0.156250 0.812500
vt 0.156250 0.312500
vt 0.156250 0.750000
vt 0.156250 0.250000
vt 0.156250 0.687500
vt 0.156250 0.187500
vt 0.156250 0.625000
vt 0.156250 0.125000
vt 0.156250 0.562500
vt 0.156250 0.062500
vt 0.156250 0.500000
vt 0.171875 1.000000
vt 0.156250 0.937500
vt 0.171875 0.000000
vt 0.156250 0.875000
vt 0.125000 0.125000
vt 0.125000 0.562500
vt 0.125000 0.062500
vt 0.125000 0.500000
vt 0.140625 1.000000
vt 0.125000 0.937500
vt 0.140625 0.000000
vt 0.125000 0.437500
vt 0.125000 0.875000
vt 0.125000 0.375000
vt 0.125000 0.812500
vt 0.125000 0.312500
vt 0.125000 0.750000
vt 0.125000 0.250000
vt 0.125000 0.687500
vt 0.125000 0.187500
vt 0.125000 0.625000
vt 0.093750 0.375000
vt 0.093750 0.312500
vt 0.093750 0.812500
vt 0.093750 0.750000
vt 0.093750 0.250000
vt 0.093750 0.687500
vt 0.093750 0.187500
vt 0.093750 0.625000
vt 0.093750 0.125000
vt 0.093750 0.562500
vt 0.093750 0.062500
vt 0.093750 0.500000
vt 0.109375 1.000000
vt 0.093750 0.937500
vt 0.109375 0.000000
vt 0.093750 0.437500
vt 0.093750 0.875000
vt 0.062500 0.062500
vt 0.062500 0.562500
vt 0.062500 0.500000
vt 0.078125 1.000000
vt 0.062500 0.937500
vt 0.078125 0.000000
vt 0.062500 0.437500
vt 0.062500 0.875000
vt 0.062500 0.375000
vt 0.062500 0.812500
vt 0.062500 0.312500
vt 0.062500 0.750000
vt 0.062500 0.250000
vt 0.062500 0.687500
vt 0.062500 0.187500
vt 0.062500 0.625000
vt 0.062500 0.125000
vt 0.031250 0.750000
vt 0.031250 0.250000
vt 0.031250 0.687500
vt 0.031250 0.187500
vt 0.031250 0.625000
vt 0.031250 0.125000
vt 0.031250 0.562500
vt 0.031250 0.062500
vt 0.031250 0.500000
vt 0.046875 1.000000
vt 0.031250 0.937500
vt 0.046875 0.000000
vt 0.031250 0.437500
vt 0.031250 0.875000
vt 0.031250 0.375000
vt 0.031250 0.812500
vt 0.031250 0.312500
vt 0.000000 0.562500
vt 0.000000 0.500000
vt 0.015625 1.000000
vt 0.000000 0.937500
vt 0.015625 0.000000
vt 0.000000 0.062500
vt 0.000000 0.437500
vt 0.000000 0.875000
vt 0.000000 0.375000
vt 0.000000 0.812500
vt 0.000000 0.312500
vt 0.000000 0.750000
vt 0.000000 0.250000
vt 0.000000 0.687500
vt 0.000000 0.187500
vt 0.000000 0.625000
vt 0.000000 0.125000
vt 1.000000 0.312500
vt 0.968750 0.250000
vt 1.000000 0.250000
vt 1.000000 0.687500
vt 0.968750 0.750000
vt 0.968750 0.687500
vt 1.000000 0.187500
vt 0.968750 0.187500
vt 0.968750 0.625000
vt 1.000000 0.625000
vt 0.968750 0.125000
vt 1.000000 0.125000
vt 1.000000 0.562500
vt 0.968750 0.562500
vt 0.968750 0.062500
vt 1.000000 0.062500
vt 1.000000 0.500000
vt 0.968750 0.500000
vt 1.000000 0.937500
vt 0.984375 1.000000
vt 0.968750 0.937500
vt 0.984375 0.000000
vt 0.968750 0.437500
vt 1.000000 0.437500
vt 0.968750 0.875000
vt 1.000000 0.875000
vt 0.968750 0.375000
vt 1.000000 0.375000
vt 1.000000 0.812500
vt 0.968750 0.812500
vt 0.968750 0.312500
vt 1.000000 0.750000
vt 0.953125 1.000000
vt 0.937500 0.937500
vt 0.953125 0.000000
vt 0.937500 0.062500
vt 0.937500 0.437500
vt 0.937500 0.875000
vt 0.937500 0.375000
vt 0.937500 0.812500
vt 0.937500 0.312500
vt 0.937500 0.750000
vt 0.937500 0.250000
vt 0.937500 0.687500
vt 0.937500 0.187500
vt 0.937500 0.625000
vt 0.937500 0.125000
vt 0.937500 0.562500
vt 0.937500 0.500000
vt 0.906250 0.750000
vt 0.906250 0.687500
vt 0.906250 0.250000
vt 0.906250 0.187500
vt 0.906250 0.625000
vt 0.906250 0.125000
vt 0.906250 0.562500
vt 0.906250 0.062500
vt 0.906250 0.500000
vt 0.921875 1.000000
vt 0.906250 0.937500
vt 0.921875 0.000000
vt 0.906250 0.437500
vt 0.906250 0.875000
vt 0.906250 0.375000
vt 0.906250 0.812500
vt 0.906250 0.312500
vt 0.875000 0.437500
vt 0.875000 0.875000
vt 0.875000 0.375000
vt 0.875000 0.812500
vt 0.875000 0.312500
vt 0.875000 0.750000
vt 0.875000 0.250000
vt 0.875000 0.687500
vt 0.875000 0.187500
vt 0.875000 0.625000
vt 0.875000 0.125000
vt 0.875000 0.562500
vt 0.875000 0.062500
vt 0.875000 0.500000
vt 0.890625 1.000000
vt 0.875000 0.937500
vt 0.890625 0.000000
vt 0.843750 0.250000
vt 0.843750 0.187500
vt 0.843750 0.687500
vt 0.843750 0.625000
vt 0.843750 0.125000
vt 0.843750 0.562500
vt 0.843750 0.062500
vt 0.843750 0.500000
vt 0.859375 1.000000
vt 0.843750 0.937500
vt 0.859375 0.000000
vt 0.843750 0.437500
vt 0.843750 0.875000
vt 0.843750 0.375000
vt 0.843750 0.812500
vt 0.843750 0.312500
vt 0.843750 0.750000
vt 0.812500 0.375000
vt 0.812500 0.812500
vt 0.812500 0.312500
vt 0.812500 0.750000
vt 0.812500 0.250000
vt 0.812500 0.687500
vt 0.812500 0.187500
vt 0.812500 0.625000
vt 0.812500 0.125000
vt 0.812500 0.562500
vt 0.812500 0.062500
vt 0.812500 0.500000
vt 0.828125 1.000000
vt 0.812500 0.937500
vt 0.828125 0.000000
vt 0.812500 0.437500
vt 0.812500 0.875000
vt 0.781250 0.125000
vt 0.781250 0.625000
vt 0.781250 0.562500
vt 0.781250 0.062500
vt 0.781250 0.500000
vt 0.796875 1.000000
vt 0.781250 0.937500
vt 0.796875 0.000000
vt 0.781250 0.437500
vt 0.781250 0.875000
vt 0.781250 0.375000
vt 0.781250 0.812500
vt 0.781250 0.312500
vt 0.781250 0.750000
vt 0.781250 0.250000
vt 0.781250 0.687500
vt 0.781250 0.187500
vt 0.765625 1.000000
vt 0.765625 0.000000
s 1
usemtl マテリアル
f 6/1/1 18/2/1 478/3/1
f 2/4/2 10/5/2 11/6/2
f 478/3/3 19/7/3 7/8/3
f 2/4/4 12/9/4 476/10/4
f 479/11/5 19/7/5 20/12/5
f 3/13/6 12/9/6 13/14/6
f 480/15/7 20/12/7 21/16/7
f 477/17/8 13/14/8 14/18/8
f 480/15/9 22/19/9 481/20/9
f 4/21/10 14/18/10 15/22/10
f 481/20/11 23/23/11 482/24/11
f 4/21/12 16/25/12 5/26/12
f 474/27/13 1/28/13 9/29/13
f 8/30/14 482/24/14 23/23/14
f 6/1/15 16/25/15 17/31/15
f 475/32/16 9/29/16 10/5/16
f 8/33/17 23/23/17 38/34/17
f 16/25/18 32/35/18 17/31/18
f 9/29/19 25/36/19 10/5/19
f 18/2/20 32/35/20 33/37/20
f 10/5/21 26/38/21 11/6/21
f 18/2/22 34/39/22 19/7/22
f 11/6/23 27/40/23 12/9/23
f 19/7/24 35/41/24 20/12/24
f 12/9/25 28/42/25 13/14/25
f 21/16/26 35/41/26 36/43/26
f 13/14/27 29/44/28 14/18/28
f 22/19/29 36/43/29 37/45/29
f 15/22/30 29/44/30 30/46/30
f 22/19/31 38/34/31 23/23/31
f 15/22/32 31/47/32 16/25/32
f 9/29/33 1/48/33 24/49/33
f 36/43/34 50/50/34 51/51/34
f 28/42/35 44/52/35 29/44/35
f 36/43/36 52/53/36 37/45/36
f 29/44/37 45/54/37 30/46/37
f 37/45/38 53/55/38 38/34/38
f 30/46/39 46/56/39 31/47/39
f 24/49/40 1/57/40 39/58/40
f 8/59/41 38/34/41 53/55/41
f 32/35/42 46/56/42 47/60/42
f 24/49/43 40/61/43 25/36/43
f 32/35/44 48/62/44 33/37/44
f 25/36/45 41/63/45 26/38/46
f 34/39/47 48/62/47 49/64/47
f 26/38/48 42/65/48 27/40/48
f 35/41/49 49/64/49 50/50/49
f 27/40/50 43/66/50 28/42/50
f 39/58/51 55/67/52 40/61/52
f 47/60/53 63/68/53 48/62/53
f 41/63/54 55/67/54 56/69/54
f 49/64/55 63/68/55 64/70/55
f 41/63/56 57/71/56 42/65/56
f 49/64/57 65/72/57 50/50/57
f 42/65/58 58/73/58 43/66/58
f 50/50/59 66/74/59 51/51/59
f 44/52/60 58/73/60 59/75/60
f 51/51/61 67/76/61 52/53/61
f 44/52/62 60/77/62 45/54/62
f 52/53/63 68/78/63 53/55/63
f 46/56/64 60/77/64 61/79/65
f 39/58/66 1/80/66 54/81/66
f 8/82/67 53/55/67 68/78/67
f 46/56/68 62/83/68 47/60/68
f 58/73/69 74/84/69 59/75/69
f 67/76/70 81/85/70 82/86/70
f 60/77/71 74/84/71 75/87/71
f 67/76/72 83/88/72 68/78/72
f 61/79/73 75/87/73 76/89/73
f 54/81/74 1/90/74 69/91/74
f 8/92/75 68/78/75 83/88/75
f 61/79/76 77/93/76 62/83/76
f 54/81/77 70/94/77 55/67/77
f 62/83/78 78/95/78 63/68/78
f 55/67/79 71/96/79 56/69/79
f 64/70/80 78/95/80 79/97/80
f 57/71/81 71/96/81 72/98/81
f 64/70/82 80/99/82 65/72/82
f 58/73/83 72/98/83 73/100/83
f 65/72/84 81/85/84 66/74/84
f 77/93/85 93/101/85 78/95/85
f 70/94/86 86/102/86 71/96/87
f 79/97/88 93/101/88 94/103/88
f 71/96/89 87/104/89 72/98/89
f 80/99/90 94/103/90 95/105/90
f 73/100/91 87/104/91 88/106/91
f 80/99/92 96/107/92 81/85/92
f 73/100/93 89/108/93 74/84/93
f 81/85/94 97/109/94 82/86/94
f 75/87/95 89/108/95 90/110/95
f 83/88/96 97/109/96 98/111/96
f 76/89/97 90/110/97 91/112/98
f 69/91/99 1/113/99 84/114/99
f 8/115/100 83/88/100 98/111/100
f 77/93/101 91/112/101 92/116/101
f 69/91/102 85/117/102 70/94/102
f 97/109/103 111/118/103 112/119/103
f 90/110/104 104/120/104 105/121/104
f 97/109/105 113/122/105 98/111/105
f 91/112/106 105/121/106 106/123/106
f 84/114/107 1/124/107 99/125/107
f 8/126/108 98/111/108 113/122/108
f 91/112/109 107/127/109 92/116/109
f 85/117/110 99/125/110 100/128/110
f 93/101/111 107/127/111 108/129/111
f 85/117/112 101/130/112 86/102/112
f 94/103/113 108/129/113 109/131/113
f 86/102/114 102/132/114 87/104/114
f 95/105/115 109/131/115 110/133/115
f 88/106/116 102/132/116 103/134/116
f 96/107/117 110/133/117 111/118/117
f 88/106/118 104/120/118 89/108/118
f 100/128/119 116/135/119 101/130/119
f 109/131/120 123/136/120 124/137/120
f 101/130/121 117/138/121 102/132/121
f 109/131/122 125/139/122 110/133/122
f 103/134/123 117/138/123 118/140/123
f 111/118/124 125/139/124 126/141/124
f 103/134/125 119/142/125 104/120/125
f 111/118/126 127/143/126 112/119/126
f 105/121/127 119/142/127 120/144/127
f 112/119/128 128/145/128 113/122/128
f 106/123/129 120/144/129 121/146/130
f 99/125/131 1/147/131 114/148/131
f 8/149/132 113/122/132 128/145/132
f 106/123/133 122/150/133 107/127/133
f 100/128/134 114/148/134 115/151/134
f 107/127/135 123/136/135 108/129/135
f 120/144/136 134/152/136 135/153/136
f 127/143/137 143/154/137 128/145/137
f 121/146/138 135/153/138 136/155/139
f 114/148/140 1/156/140 129/157/140
f 8/158/141 128/145/141 143/154/141
f 121/146/142 137/159/142 122/150/143
f 114/148/144 130/160/144 115/151/144
f 123/136/145 137/159/145 138/161/145
f 115/151/146 131/162/146 116/135/146
f 123/136/147 139/163/147 124/137/147
f 116/135/148 132/164/148 117/138/148
f 124/137/149 140/165/149 125/139/149
f 117/138/150 133/166/150 118/140/150
f 126/141/151 140/165/151 141/167/151
f 119/142/152 133/166/152 134/152/152
f 126/141/153 142/168/153 127/143/153
f 139/163/154 153/169/154 154/170/154
f 131/162/155 147/171/155 132/164/155
f 139/163/156 155/172/156 140/165/156
f 133/166/157 147/171/157 148/173/157
f 141/167/158 155/172/158 156/174/158
f 133/166/159 149/175/159 134/152/159
f 141/167/160 157/176/160 142/168/160
f 135/153/161 149/175/161 150/177/161
f 143/154/162 157/176/162 158/178/162
f 136/155/163 150/177/163 151/179/163
f 129/157/164 1/180/164 144/181/164
f 8/182/165 143/154/165 158/178/165
f 136/155/166 152/183/166 137/159/166
f 129/157/167 145/184/167 130/160/167
f 137/159/168 153/169/168 138/161/168
f 131/162/169 145/184/169 146/185/169
f 157/176/170 173/186/170 158/178/170
f 151/179/171 165/187/171 166/188/171
f 144/181/172 1/189/172 159/190/172
f 8/191/173 158/178/173 173/186/173
f 151/179/174 167/192/174 152/183/174
f 144/181/175 160/193/175 145/184/175
f 152/183/176 168/194/176 153/169/176
f 146/185/177 160/193/178 161/195/177
f 154/170/179 168/194/179 169/196/179
f 146/185/180 162/197/180 147/171/180
f 154/170/181 170/198/181 155/172/181
f 148/173/182 162/197/182 163/199/182
f 155/172/183 171/200/183 156/174/183
f 148/173/184 164/201/184 149/175/184
f 156/174/185 172/202/186 157/176/186
f 150/177/187 164/201/187 165/187/187
f 169/196/188 185/203/188 170/198/188
f 163/199/189 177/204/189 178/205/189
f 171/200/190 185/203/190 186/206/190
f 163/199/191 179/207/191 164/201/191
f 172/202/192 186/206/192 187/208/192
f 165/187/193 179/207/193 180/209/193
f 173/186/194 187/208/194 188/210/194
f 165/187/195 181/211/195 166/188/195
f 159/190/196 1/212/196 174/213/196
f 8/214/197 173/186/197 188/210/197
f 167/192/198 181/211/198 182/215/198
f 159/190/199 175/216/199 160/193/199
f 167/192/200 183/217/200 168/194/200
f 161/195/201 175/216/201 176/218/201
f 169/196/202 183/217/202 184/219/202
f 161/195/203 177/204/203 162/197/203
f 174/213/204 1/220/204 189/221/204
f 8/222/205 188/210/205 203/223/205
f 181/211/206 197/224/206 182/215/206
f 175/216/207 189/221/208 190/225/207
f 183/217/209 197/224/209 198/226/209
f 175/216/210 191/227/210 176/218/210
f 183/217/211 199/228/211 184/219/211
f 177/204/212 191/227/212 192/229/212
f 184/219/213 200/230/213 185/203/213
f 178/205/214 192/229/214 193/231/214
f 186/206/215 200/230/215 201/232/215
f 178/205/216 194/233/216 179/207/216
f 186/206/217 202/234/217 187/208/217
f 180/209/218 194/233/218 195/235/218
f 187/208/219 203/223/220 188/210/220
f 181/211/221 195/235/221 196/236/221
f 193/231/222 207/237/222 208/238/222
f 201/232/223 215/239/223 216/240/223
f 194/233/224 208/238/224 209/241/224
f 201/232/225 217/242/225 202/234/225
f 194/233/226 210/243/226 195/235/226
f 202/234/227 218/244/227 203/223/227
f 196/236/228 210/243/228 211/245/228
f 189/221/229 1/246/229 204/247/229
f 8/248/230 203/223/230 218/244/230
f 196/236/231 212/249/231 197/224/231
f 189/221/232 205/250/232 190/225/232
f 197/224/233 213/251/233 198/226/233
f 190/225/234 206/252/234 191/227/234
f 199/228/235 213/251/235 214/253/235
f 191/227/236 207/237/236 192/229/236
f 199/228/237 215/239/237 200/230/237
f 211/245/238 227/254/238 212/249/239
f 204/247/240 220/255/240 205/250/240
f 212/249/241 228/256/241 213/251/241
f 205/250/242 221/257/242 206/252/242
f 214/253/243 228/256/243 229/258/243
f 206/252/244 222/259/244 207/237/244
f 214/253/245 230/260/245 215/239/245
f 208/238/246 222/259/246 223/261/246
f 216/240/247 230/260/247 231/262/247
f 208/238/248 224/263/248 209/241/248
f 216/240/249 232/264/249 217/242/249
f 210/243/250 224/263/250 225/265/250
f 217/242/251 233/266/251 218/244/251
f 211/245/252 225/265/252 226/267/252
f 204/247/253 1/268/253 219/269/253
f 8/270/254 218/244/254 233/266/254
f 230/260/255 246/271/255 231/262/255
f 223/261/256 239/272/256 224/263/256
f 231/262/257 247/273/257 232/264/257
f 225/265/258 239/272/258 240/274/258
f 233/266/259 247/273/259 248/275/259
f 226/267/260 240/274/260 241/276/260
f 219/269/261 1/277/261 234/278/261
f 8/279/262 233/266/262 248/275/262
f 226/267/263 242/280/263 227/254/263
f 219/269/264 235/281/264 220/255/264
f 227/254/265 243/282/265 228/256/265
f 221/257/266 235/281/266 236/283/266
f 229/258/267 243/282/267 244/284/267
f 221/257/268 237/285/268 222/259/268
f 229/258/269 245/286/269 230/260/269
f 223/261/270 237/285/270 238/287/270
f 234/278/271 250/288/271 235/281/271
f 242/280/272 258/289/272 243/282/272
f 235/281/273 251/290/273 236/283/273
f 244/284/274 258/289/274 259/291/274
f 237/285/275 251/290/275 252/292/275
f 245/286/276 259/291/276 260/293/276
f 237/285/277 253/294/277 238/287/277
f 246/271/278 260/293/278 261/295/278
f 238/287/279 254/296/279 239/272/279
f 246/271/280 262/297/280 247/273/280
f 240/274/281 254/296/281 255/298/281
f 247/273/282 263/299/282 248/275/282
f 240/274/283 256/300/283 241/276/283
f 234/278/284 1/301/284 249/302/284
f 8/303/285 248/275/285 263/299/285
f 242/280/286 256/300/286 257/304/286
f 253/294/287 269/305/287 254/296/287
f 261/295/288 277/306/288 262/297/288
f 255/298/289 269/305/289 270/307/289
f 262/297/290 278/308/290 263/299/290
f 256/300/291 270/307/291 271/309/292
f 249/302/293 1/310/293 264/311/293
f 8/312/294 263/299/294 278/308/294
f 256/300/295 272/313/295 257/304/295
f 250/288/296 264/311/296 265/314/296
f 257/304/297 273/315/297 258/289/297
f 250/288/298 266/316/298 251/290/298
f 259/291/299 273/315/299 274/317/299
f 251/290/300 267/318/300 252/292/300
f 259/291/301 275/319/301 260/293/301
f 253/294/302 267/318/302 268/320/302
f 261/295/303 275/319/303 276/321/303
f 273/315/304 287/322/304 288/323/304
f 265/314/305 281/324/306 266/316/306
f 273/315/307 289/325/307 274/317/307
f 266/316/308 282/326/308 267/318/308
f 274/317/309 290/327/309 275/319/309
f 268/320/310 282/326/310 283/328/310
f 276/321/311 290/327/311 291/329/311
f 268/320/312 284/330/312 269/305/312
f 276/321/313 292/331/314 277/306/314
f 270/307/315 284/330/315 285/332/315
f 278/308/316 292/331/316 293/333/316
f 271/309/317 285/332/317 286/334/317
f 264/311/318 1/335/318 279/336/318
f 8/337/319 278/308/319 293/333/319
f 271/309/320 287/322/320 272/313/320
f 265/314/321 279/336/321 280/338/321
f 291/329/322 307/339/322 292/331/322
f 284/330/323 300/340/323 285/332/323
f 293/333/324 307/339/325 308/341/324
f 286/334/326 300/340/326 301/342/326
f 279/336/327 1/343/327 294/344/327
f 8/345/328 293/333/328 308/341/328
f 286/334/329 302/346/329 287/322/329
f 279/336/330 295/347/331 280/338/331
f 287/322/332 303/348/332 288/323/332
f 281/324/333 295/347/333 296/349/333
f 289/325/334 303/348/334 304/350/334
f 281/324/335 297/351/335 282/326/335
f 289/325/336 305/352/336 290/327/336
f 283/328/337 297/351/337 298/353/337
f 291/329/338 305/352/338 306/354/338
f 284/330/339 298/353/339 299/355/339
f 304/350/340 318/356/340 319/357/340
f 297/351/341 311/358/341 312/359/341
f 304/350/342 320/360/342 305/352/342
f 298/353/343 312/359/343 313/361/343
f 306/354/344 320/360/344 321/362/344
f 298/353/345 314/363/345 299/355/345
f 306/354/346 322/364/346 307/339/346
f 300/340/347 314/363/347 315/365/347
f 307/339/348 323/366/348 308/341/348
f 301/342/349 315/365/349 316/367/349
f 294/344/350 1/368/350 309/369/350
f 8/370/351 308/341/351 323/366/351
f 301/342/352 317/371/352 302/346/352
f 294/344/353 310/372/353 295/347/353
f 302/346/354 318/356/354 303/348/354
f 295/347/355 311/358/355 296/349/355
f 322/364/356 338/373/356 323/366/356
f 316/367/357 330/374/357 331/375/357
f 309/369/358 1/376/358 324/377/358
f 8/378/359 323/366/359 338/373/359
f 316/367/360 332/379/360 317/371/360
f 309/369/361 325/380/361 310/372/361
f 317/371/362 333/381/362 318/356/362
f 310/372/363 326/382/363 311/358/363
f 319/357/364 333/381/364 334/383/364
f 311/358/365 327/384/365 312/359/365
f 320/360/366 334/383/366 335/385/366
f 312/359/367 328/386/367 313/361/367
f 320/360/368 336/387/368 321/362/368
f 313/361/369 329/388/369 314/363/369
f 321/362/370 337/389/370 322/364/370
f 315/365/371 329/388/371 330/374/371
f 326/382/372 342/390/372 327/384/372
f 334/383/373 350/391/373 335/385/373
f 328/386/374 342/390/374 343/392/374
f 336/387/375 350/391/375 351/393/375
f 328/386/376 344/394/376 329/388/376
f 336/387/377 352/395/377 337/389/377
f 330/374/378 344/394/378 345/396/378
f 337/389/379 353/397/379 338/373/379
f 330/374/380 346/398/380 331/375/380
f 324/377/381 1/399/381 339/400/381
f 8/401/382 338/373/382 353/397/382
f 332/379/383 346/398/383 347/402/383
f 324/377/384 340/403/384 325/380/384
f 332/379/385 348/404/385 333/381/385
f 325/380/386 341/405/386 326/382/386
f 334/383/387 348/404/387 349/406/387
f 346/398/388 360/407/388 361/408/388
f 339/400/389 1/409/389 354/410/389
f 8/411/390 353/397/390 368/412/390
f 346/398/391 362/413/391 347/402/391
f 339/400/392 355/414/392 340/403/392
f 348/404/393 362/413/393 363/415/393
f 341/405/394 355/414/394 356/416/394
f 348/404/395 364/417/395 349/406/395
f 342/390/396 356/416/396 357/418/396
f 349/406/397 365/419/397 350/391/397
f 342/390/398 358/420/398 343/392/398
f 351/393/399 365/419/399 366/421/399
f 343/392/400 359/422/400 344/394/400
f 351/393/401 367/423/401 352/395/401
f 345/396/402 359/422/402 360/407/402
f 352/395/403 368/412/403 353/397/403
f 364/424/404 380/425/404 365/426/404
f 358/427/405 372/428/405 373/429/405
f 366/430/406 380/425/406 381/431/406
f 358/427/407 374/432/407 359/433/407
f 366/430/408 382/434/408 367/435/408
f 360/436/409 374/432/409 375/437/409
f 367/435/410 383/438/410 368/439/410
f 361/440/411 375/437/411 376/441/411
f 354/442/412 1/443/412 369/444/412
f 8/445/413 368/439/413 383/438/413
f 361/440/414 377/446/414 362/447/414
f 354/442/415 370/448/415 355/449/415
f 362/447/416 378/450/416 363/451/416
f 356/452/417 370/448/417 371/453/417
f 364/424/418 378/450/418 379/454/418
f 356/452/419 372/428/419 357/455/419
f 369/444/420 1/456/420 384/457/420
f 8/458/421 383/438/421 398/459/421
f 376/441/422 392/460/422 377/446/422
f 369/444/423 385/461/423 370/448/423
f 377/446/424 393/462/424 378/450/424
f 371/453/425 385/461/425 386/463/425
f 379/454/426 393/462/426 394/464/426
f 371/453/427 387/465/427 372/428/427
f 379/454/428 395/466/428 380/425/428
f 373/429/429 387/465/429 388/467/429
f 380/425/430 396/468/430 381/431/430
f 373/429/431 389/469/431 374/432/431
f 381/431/432 397/470/432 382/434/432
f 375/437/433 389/469/433 390/471/433
f 382/434/434 398/459/434 383/438/434
f 376/441/435 390/471/435 391/472/435
f 388/467/436 402/473/436 403/474/436
f 396/468/437 410/475/437 411/476/437
f 388/467/438 404/477/438 389/469/438
f 397/470/439 411/476/440 412/478/439
f 390/471/441 404/477/441 405/479/441
f 397/470/442 413/480/442 398/459/442
f 390/471/443 406/481/443 391/472/443
f 384/457/444 1/482/444 399/483/444
f 8/484/445 398/459/445 413/480/445
f 392/460/446 406/481/446 407/485/446
f 385/461/447 399/483/447 400/486/447
f 392/460/448 408/487/448 393/462/448
f 385/461/449 401/488/450 386/463/450
f 394/464/451 408/487/451 409/489/451
f 386/463/452 402/473/452 387/465/452
f 394/464/453 410/475/453 395/466/453
f 406/481/454 422/490/454 407/485/454
f 399/483/455 415/491/455 400/486/455
f 407/485/456 423/492/456 408/487/456
f 401/488/457 415/491/457 416/493/457
f 409/489/458 423/492/458 424/494/458
f 401/488/459 417/495/459 402/473/459
f 409/489/460 425/496/460 410/475/460
f 403/474/461 417/495/461 418/497/461
f 411/476/462 425/496/462 426/498/462
f 403/474/463 419/499/463 404/477/463
f 411/476/464 427/500/464 412/478/464
f 405/479/465 419/499/465 420/501/465
f 412/478/466 428/502/466 413/480/466
f 406/481/467 420/501/467 421/503/467
f 399/483/468 1/504/468 414/505/468
f 8/506/469 413/480/469 428/502/469
f 426/498/470 440/507/470 441/508/470
f 419/499/471 433/509/471 434/510/471
f 426/498/472 442/511/472 427/500/472
f 419/499/473 435/512/473 420/501/473
f 427/500/474 443/513/475 428/502/475
f 421/503/476 435/512/476 436/514/476
f 414/505/477 1/515/477 429/516/477
f 8/517/478 428/502/478 443/513/478
f 421/503/479 437/518/479 422/490/479
f 414/505/480 430/519/480 415/491/480
f 423/492/481 437/518/481 438/520/481
f 415/491/482 431/521/482 416/493/482
f 423/492/483 439/522/483 424/494/483
f 417/495/484 431/521/484 432/523/484
f 424/494/485 440/507/485 425/496/485
f 418/497/486 432/523/486 433/509/486
f 437/518/487 453/524/487 438/520/487
f 430/519/488 446/525/488 431/521/488
f 439/522/489 453/524/489 454/526/489
f 431/521/490 447/527/490 432/523/490
f 439/522/491 455/528/491 440/507/491
f 433/509/492 447/527/492 448/529/492
f 441/508/493 455/528/493 456/530/493
f 433/509/494 449/531/494 434/510/494
f 441/508/495 457/532/495 442/511/495
f 435/512/496 449/531/496 450/533/496
f 442/511/497 458/534/497 443/513/497
f 436/514/498 450/533/498 451/535/499
f 429/516/500 1/536/500 444/537/500
f 8/538/501 443/513/501 458/534/501
f 436/514/502 452/539/502 437/518/502
f 430/519/503 444/537/503 445/540/503
f 456/530/504 472/541/504 457/532/504
f 450/533/505 464/542/505 465/543/505
f 458/534/506 472/541/506 473/544/506
f 451/535/507 465/543/507 466/545/507
f 444/537/508 1/546/508 459/547/508
f 8/548/509 458/534/509 473/544/509
f 451/535/510 467/549/510 452/539/510
f 444/537/511 460/550/511 445/540/511
f 452/539/512 468/551/512 453/524/512
f 446/525/513 460/550/513 461/552/513
f 454/526/514 468/551/514 469/553/514
f 446/525/515 462/554/515 447/527/515
f 454/526/516 470/555/516 455/528/516
f 448/529/517 462/554/517 463/556/517
f 456/530/518 470/555/518 471/557/518
f 448/529/519 464/542/519 449/531/519
f 461/552/520 475/32/520 2/4/520
f 468/551/521 7/8/521 469/553/521
f 462/554/522 2/4/522 476/10/522
f 469/553/523 479/11/523 470/555/523
f 462/554/524 3/13/524 463/556/524
f 470/555/525 480/15/525 471/557/525
f 464/542/526 3/13/526 477/17/526
f 471/557/527 481/20/527 472/541/527
f 465/543/528 477/17/528 4/21/528
f 472/541/529 482/24/529 473/544/529
f 466/545/530 4/21/530 5/26/530
f 459/547/531 1/558/531 474/27/531
f 8/559/532 473/544/532 482/24/532
f 466/545/533 6/1/533 467/549/533
f 460/550/534 474/27/534 475/32/534
f 467/549/535 478/3/535 468/551/535
f 6/1/1 17/31/1 18/2/1
f 2/4/2 475/32/2 10/5/2
f 478/3/3 18/2/3 19/7/3
f 2/4/536 11/6/536 12/9/536
f 479/11/537 7/8/537 19/7/537
f 3/13/538 476/10/538 12/9/538
f 480/15/539 479/11/539 20/12/539
f 477/17/8 3/13/8 13/14/8
f 480/15/9 21/16/9 22/19/9
f 4/21/10 477/17/10 14/18/10
f 481/20/11 22/19/11 23/23/11
f 4/21/540 15/22/540 16/25/540
f 6/1/541 5/26/541 16/25/541
f 475/32/16 474/27/16 9/29/16
f 16/25/18 31/47/18 32/35/18
f 9/29/19 24/49/19 25/36/19
f 18/2/542 17/31/542 32/35/542
f 10/5/21 25/36/21 26/38/21
f 18/2/543 33/37/543 34/39/543
f 11/6/23 26/38/23 27/40/23
f 19/7/24 34/39/24 35/41/24
f 12/9/25 27/40/25 28/42/25
f 21/16/26 20/12/26 35/41/26
f 13/14/27 28/42/27 29/44/28
f 22/19/29 21/16/29 36/43/29
f 15/22/30 14/18/30 29/44/30
f 22/19/31 37/45/31 38/34/31
f 15/22/32 30/46/32 31/47/32
f 36/43/34 35/41/34 50/50/34
f 28/42/35 43/66/35 44/52/35
f 36/43/36 51/51/544 52/53/36
f 29/44/37 44/52/37 45/54/37
f 37/45/38 52/53/38 53/55/38
f 30/46/39 45/54/39 46/56/39
f 32/35/42 31/47/42 46/56/42
f 24/49/43 39/58/43 40/61/43
f 32/35/545 47/60/545 48/62/545
f 25/36/45 40/61/45 41/63/45
f 34/39/546 33/37/546 48/62/546
f 26/38/48 41/63/48 42/65/48
f 35/41/49 34/39/49 49/64/49
f 27/40/50 42/65/50 43/66/50
f 39/58/51 54/81/51 55/67/52
f 47/60/53 62/83/53 63/68/53
f 41/63/547 40/61/547 55/67/547
f 49/64/55 48/62/55 63/68/55
f 41/63/548 56/69/548 57/71/548
f 49/64/57 64/70/57 65/72/57
f 42/65/58 57/71/58 58/73/58
f 50/50/59 65/72/59 66/74/59
f 44/52/549 43/66/549 58/73/549
f 51/51/61 66/74/61 67/76/61
f 44/52/550 59/75/550 60/77/550
f 52/53/63 67/76/63 68/78/63
f 46/56/64 45/54/64 60/77/64
f 46/56/68 61/79/551 62/83/68
f 58/73/552 73/100/552 74/84/552
f 67/76/70 66/74/70 81/85/70
f 60/77/553 59/75/553 74/84/553
f 67/76/72 82/86/72 83/88/72
f 61/79/73 60/77/73 75/87/73
f 61/79/76 76/89/76 77/93/76
f 54/81/77 69/91/77 70/94/77
f 62/83/78 77/93/78 78/95/78
f 55/67/554 70/94/554 71/96/554
f 64/70/80 63/68/80 78/95/80
f 57/71/555 56/69/555 71/96/555
f 64/70/82 79/97/82 80/99/82
f 58/73/83 57/71/83 72/98/83
f 65/72/84 80/99/84 81/85/84
f 77/93/556 92/116/556 93/101/556
f 70/94/86 85/117/86 86/102/86
f 79/97/88 78/95/88 93/101/88
f 71/96/89 86/102/89 87/104/89
f 80/99/557 79/97/557 94/103/557
f 73/100/91 72/98/91 87/104/91
f 80/99/558 95/105/558 96/107/558
f 73/100/93 88/106/93 89/108/93
f 81/85/94 96/107/94 97/109/94
f 75/87/95 74/84/95 89/108/95
f 83/88/96 82/86/96 97/109/96
f 76/89/97 75/87/97 90/110/97
f 77/93/559 76/89/559 91/112/559
f 69/91/102 84/114/102 85/117/102
f 97/109/103 96/107/103 111/118/103
f 90/110/104 89/108/104 104/120/104
f 97/109/105 112/119/105 113/122/105
f 91/112/106 90/110/106 105/121/106
f 91/112/560 106/123/560 107/127/560
f 85/117/110 84/114/110 99/125/110
f 93/101/561 92/116/561 107/127/561
f 85/117/112 100/128/112 101/130/112
f 94/103/113 93/101/113 108/129/113
f 86/102/114 101/130/114 102/132/114
f 95/105/562 94/103/562 109/131/562
f 88/106/116 87/104/116 102/132/116
f 96/107/563 95/105/563 110/133/563
f 88/106/118 103/134/118 104/120/118
f 100/128/119 115/151/119 116/135/119
f 109/131/120 108/129/120 123/136/120
f 101/130/121 116/135/121 117/138/121
f 109/131/122 124/137/122 125/139/122
f 103/134/564 102/132/564 117/138/564
f 111/118/124 110/133/124 125/139/124
f 103/134/565 118/140/565 119/142/565
f 111/118/126 126/141/126 127/143/126
f 105/121/127 104/120/127 119/142/127
f 112/119/128 127/143/128 128/145/128
f 106/123/129 105/121/129 120/144/129
f 106/123/133 121/146/566 122/150/133
f 100/128/134 99/125/134 114/148/134
f 107/127/135 122/150/135 123/136/135
f 120/144/136 119/142/136 134/152/136
f 127/143/137 142/168/137 143/154/137
f 121/146/138 120/144/567 135/153/138
f 121/146/142 136/155/568 137/159/142
f 114/148/144 129/157/144 130/160/144
f 123/136/569 122/150/569 137/159/569
f 115/151/146 130/160/146 131/162/146
f 123/136/570 138/161/570 139/163/570
f 116/135/148 131/162/148 132/164/148
f 124/137/149 139/163/149 140/165/149
f 117/138/571 132/164/571 133/166/571
f 126/141/151 125/139/151 140/165/151
f 119/142/572 118/140/572 133/166/572
f 126/141/153 141/167/153 142/168/153
f 139/163/573 138/161/573 153/169/573
f 131/162/155 146/185/155 147/171/155
f 139/163/156 154/170/156 155/172/156
f 133/166/157 132/164/157 147/171/157
f 141/167/158 140/165/158 155/172/158
f 133/166/159 148/173/574 149/175/159
f 141/167/160 156/174/160 157/176/160
f 135/153/161 134/152/161 149/175/161
f 143/154/162 142/168/162 157/176/162
f 136/155/163 135/153/163 150/177/163
f 136/155/166 151/179/166 152/183/166
f 129/157/167 144/181/167 145/184/167
f 137/159/575 152/183/575 153/169/575
f 131/162/169 130/160/169 145/184/169
f 157/176/170 172/202/170 173/186/170
f 151/179/576 150/177/576 165/187/576
f 151/179/577 166/188/577 167/192/577
f 144/181/175 159/190/175 160/193/175
f 152/183/176 167/192/176 168/194/176
f 146/185/177 145/184/178 160/193/178
f 154/170/179 153/169/179 168/194/179
f 146/185/180 161/195/180 162/197/180
f 154/170/578 169/196/578 170/198/578
f 148/173/182 147/171/182 162/197/182
f 155/172/579 170/198/579 171/200/579
f 148/173/184 163/199/184 164/201/184
f 156/174/185 171/200/185 172/202/186
f 150/177/187 149/175/187 164/201/187
f 169/196/580 184/219/580 185/203/580
f 163/199/189 162/197/189 177/204/189
f 171/200/581 170/198/581 185/203/581
f 163/199/191 178/205/191 179/207/191
f 172/202/192 171/200/192 186/206/192
f 165/187/193 164/201/193 179/207/193
f 173/186/194 172/202/194 187/208/194
f 165/187/582 180/209/582 181/211/582
f 167/192/583 166/188/583 181/211/583
f 159/190/199 174/213/199 175/216/199
f 167/192/200 182/215/200 183/217/200
f 161/195/584 160/193/584 175/216/584
f 169/196/202 168/194/202 183/217/202
f 161/195/585 176/218/585 177/204/585
f 181/211/206 196/236/206 197/224/206
f 175/216/207 174/213/208 189/221/208
f 183/217/586 182/215/586 197/224/586
f 175/216/587 190/225/587 191/227/587
f 183/217/588 198/226/588 199/228/588
f 177/204/589 176/218/589 191/227/589
f 184/219/213 199/228/213 200/230/213
f 178/205/214 177/204/214 192/229/214
f 186/206/215 185/203/215 200/230/215
f 178/205/216 193/231/216 194/233/216
f 186/206/217 201/232/217 202/234/217
f 180/209/218 179/207/218 194/233/218
f 187/208/219 202/234/219 203/223/220
f 181/211/221 180/209/221 195/235/221
f 193/231/222 192/229/222 207/237/222
f 201/232/223 200/230/223 215/239/223
f 194/233/590 193/231/590 208/238/590
f 201/232/225 216/240/225 217/242/225
f 194/233/591 209/241/591 210/243/591
f 202/234/227 217/242/227 218/244/227
f 196/236/228 195/235/228 210/243/228
f 196/236/231 211/245/231 212/249/231
f 189/221/232 204/247/232 205/250/232
f 197/224/592 212/249/592 213/251/592
f 190/225/234 205/250/234 206/252/234
f 199/228/593 198/226/593 213/251/593
f 191/227/236 206/252/236 207/237/236
f 199/228/237 214/253/237 215/239/237
f 211/245/238 226/267/238 227/254/238
f 204/247/240 219/269/240 220/255/240
f 212/249/241 227/254/241 228/256/241
f 205/250/242 220/255/242 221/257/242
f 214/253/243 213/251/243 228/256/243
f 206/252/244 221/257/244 222/259/244
f 214/253/245 229/258/245 230/260/245
f 208/238/246 207/237/246 222/259/246
f 216/240/247 215/239/247 230/260/247
f 208/238/594 223/261/594 224/263/594
f 216/240/249 231/262/249 232/264/249
f 210/243/595 209/241/595 224/263/595
f 217/242/251 232/264/251 233/266/251
f 211/245/252 210/243/596 225/265/252
f 230/260/597 245/286/597 246/271/597
f 223/261/256 238/287/256 239/272/256
f 231/262/257 246/271/257 247/273/257
f 225/265/258 224/263/258 239/272/258
f 233/266/259 232/264/259 247/273/259
f 226/267/598 225/265/598 240/274/598
f 226/267/599 241/276/599 242/280/599
f 219/269/264 234/278/264 235/281/264
f 227/254/265 242/280/265 243/282/265
f 221/257/266 220/255/266 235/281/266
f 229/258/267 228/256/267 243/282/267
f 221/257/268 236/283/268 237/285/268
f 229/258/600 244/284/600 245/286/600
f 223/261/270 222/259/270 237/285/270
f 234/278/271 249/302/601 250/288/271
f 242/280/272 257/304/272 258/289/272
f 235/281/273 250/288/273 251/290/273
f 244/284/274 243/282/274 258/289/274
f 237/285/602 236/283/602 251/290/602
f 245/286/603 244/284/603 259/291/603
f 237/285/604 252/292/604 253/294/604
f 246/271/605 245/286/605 260/293/605
f 238/287/279 253/294/279 254/296/279
f 246/271/280 261/295/280 262/297/280
f 240/274/281 239/272/281 254/296/281
f 247/273/282 262/297/282 263/299/282
f 240/274/606 255/298/606 256/300/606
f 242/280/607 241/276/607 256/300/607
f 253/294/287 268/320/287 269/305/287
f 261/295/288 276/321/288 277/306/288
f 255/298/289 254/296/289 269/305/289
f 262/297/290 277/306/290 278/308/290
f 256/300/291 255/298/291 270/307/291
f 256/300/295 271/309/608 272/313/295
f 250/288/296 249/302/296 264/311/296
f 257/304/297 272/313/297 273/315/297
f 250/288/298 265/314/298 266/316/298
f 259/291/299 258/289/299 273/315/299
f 251/290/609 266/316/609 267/318/609
f 259/291/301 274/317/301 275/319/301
f 253/294/610 252/292/610 267/318/610
f 261/295/303 260/293/303 275/319/303
f 273/315/611 272/313/611 287/322/611
f 265/314/305 280/338/305 281/324/306
f 273/315/612 288/323/612 289/325/612
f 266/316/308 281/324/308 282/326/308
f 274/317/309 289/325/309 290/327/309
f 268/320/310 267/318/310 282/326/310
f 276/321/311 275/319/311 290/327/311
f 268/320/312 283/328/312 284/330/312
f 276/321/313 291/329/313 292/331/314
f 270/307/315 269/305/315 284/330/315
f 278/308/316 277/306/316 292/331/316
f 271/309/317 270/307/317 285/332/317
f 271/309/320 286/334/320 287/322/320
f 265/314/321 264/311/321 279/336/321
f 291/329/322 306/354/322 307/339/322
f 284/330/613 299/355/613 300/340/613
f 293/333/324 292/331/325 307/339/325
f 286/334/326 285/332/326 300/340/326
f 286/334/329 301/342/329 302/346/329
f 279/336/330 294/344/330 295/347/331
f 287/322/614 302/346/614 303/348/614
f 281/324/615 280/338/615 295/347/615
f 289/325/616 288/323/616 303/348/616
f 281/324/617 296/349/617 297/351/617
f 289/325/336 304/350/336 305/352/336
f 283/328/337 282/326/337 297/351/337
f 291/329/338 290/327/338 305/352/338
f 284/330/618 283/328/618 298/353/618
f 304/350/340 303/348/340 318/356/340
f 297/351/619 296/349/619 311/358/619
f 304/350/342 319/357/342 320/360/342
f 298/353/343 297/351/343 312/359/343
f 306/354/344 305/352/344 320/360/344
f 298/353/620 313/361/620 314/363/620
f 306/354/346 321/362/346 322/364/346
f 300/340/621 299/355/621 314/363/621
f 307/339/348 322/364/348 323/366/348
f 301/342/349 300/340/349 315/365/349
f 301/342/352 316/367/352 317/371/352
f 294/344/353 309/369/353 310/372/353
f 302/346/354 317/371/354 318/356/354
f 295/347/622 310/372/622 311/358/622
f 322/364/356 337/389/356 338/373/356
f 316/367/623 315/365/623 330/374/623
f 316/367/624 331/375/624 332/379/624
f 309/369/361 324/377/361 325/380/361
f 317/371/362 332/379/362 333/381/362
f 310/372/363 325/380/363 326/382/363
f 319/357/364 318/356/364 333/381/364
f 311/358/365 326/382/365 327/384/365
f 320/360/625 319/357/625 334/383/625
f 312/359/367 327/384/367 328/386/367
f 320/360/626 335/385/626 336/387/626
f 313/361/369 328/386/369 329/388/369
f 321/362/370 336/387/370 337/389/370
f 315/365/371 314/363/371 329/388/371
f 326/382/372 341/405/372 342/390/372
f 334/383/627 349/406/627 350/391/627
f 328/386/374 327/384/374 342/390/374
f 336/387/628 335/385/628 350/391/628
f 328/386/376 343/392/376 344/394/376
f 336/387/377 351/393/377 352/395/377
f 330/374/378 329/388/378 344/394/378
f 337/389/379 352/395/379 353/397/379
f 330/374/629 345/396/629 346/398/629
f 332/379/630 331/375/630 346/398/630
f 324/377/384 339/400/384 340/403/384
f 332/379/385 347/402/385 348/404/385
f 325/380/386 340/403/386 341/405/386
f 334/383/387 333/381/387 348/404/387
f 346/398/388 345/396/388 360/407/388
f 346/398/391 361/408/391 362/413/391
f 339/400/392 354/410/392 355/414/392
f 348/404/631 347/402/631 362/413/631
f 341/405/394 340/403/394 355/414/394
f 348/404/632 363/415/632 364/417/632
f 342/390/633 341/405/633 356/416/633
f 349/406/397 364/417/397 365/419/397
f 342/390/634 357/418/634 358/420/634
f 351/393/399 350/391/399 365/419/399
f 343/392/400 358/420/400 359/422/400
f 351/393/401 366/421/401 367/423/401
f 345/396/402 344/394/402 359/422/402
f 352/395/403 367/423/403 368/412/403
f 364/424/404 379/454/404 380/425/404
f 358/427/635 357/455/635 372/428/635
f 366/430/406 365/426/406 380/425/406
f 358/427/407 373/429/407 374/432/407
f 366/430/408 381/431/408 382/434/408
f 360/436/409 359/433/409 374/432/409
f 367/435/410 382/434/410 383/438/410
f 361/440/411 360/436/411 375/437/411
f 361/440/414 376/441/414 377/446/414
f 354/442/415 369/444/415 370/448/415
f 362/447/636 377/446/636 378/450/636
f 356/452/417 355/449/417 370/448/417
f 364/424/637 363/451/637 378/450/637
f 356/452/638 371/453/638 372/428/638
f 376/441/639 391/472/639 392/460/639
f 369/444/423 384/457/423 385/461/423
f 377/446/424 392/460/424 393/462/424
f 371/453/425 370/448/425 385/461/425
f 379/454/426 378/450/426 393/462/426
f 371/453/427 386/463/427 387/465/427
f 379/454/640 394/464/640 395/466/640
f 373/429/429 372/428/429 387/465/429
f 380/425/641 395/466/641 396/468/641
f 373/429/431 388/467/431 389/469/431
f 381/431/432 396/468/432 397/470/432
f 375/437/433 374/432/433 389/469/433
f 382/434/434 397/470/434 398/459/434
f 376/441/642 375/437/642 390/471/642
f 388/467/436 387/465/436 402/473/436
f 396/468/643 395/466/643 410/475/643
f 388/467/438 403/474/438 404/477/438
f 397/470/439 396/468/440 411/476/440
f 390/471/441 389/469/441 404/477/441
f 397/470/442 412/478/442 413/480/442
f 390/471/644 405/479/644 406/481/644
f 392/460/645 391/472/645 406/481/645
f 385/461/447 384/457/447 399/483/447
f 392/460/448 407/485/448 408/487/448
f 385/461/449 400/486/449 401/488/450
f 394/464/451 393/462/451 408/487/451
f 386/463/452 401/488/452 402/473/452
f 394/464/646 409/489/646 410/475/646
f 406/481/454 421/503/454 422/490/454
f 399/483/455 414/505/455 415/491/455
f 407/485/456 422/490/456 423/492/456
f 401/488/647 400/486/647 415/491/647
f 409/489/458 408/487/458 423/492/458
f 401/488/648 416/493/648 417/495/648
f 409/489/460 424/494/460 425/496/460
f 403/474/461 402/473/461 417/495/461
f 411/476/462 410/475/462 425/496/462
f 403/474/463 418/497/463 419/499/463
f 411/476/464 426/498/464 427/500/464
f 405/479/465 404/477/465 419/499/465
f 412/478/466 427/500/466 428/502/466
f 406/481/467 405/479/467 420/501/467
f 426/498/470 425/496/470 440/507/470
f 419/499/649 418/497/649 433/509/649
f 426/498/472 441/508/472 442/511/472
f 419/499/650 434/510/650 435/512/650
f 427/500/474 442/511/474 443/513/475
f 421/503/476 420/501/476 435/512/476
f 421/503/479 436/514/479 437/518/479
f 414/505/480 429/516/480 430/519/480
f 423/492/651 422/490/651 437/518/651
f 415/491/652 430/519/652 431/521/652
f 423/492/653 438/520/653 439/522/653
f 417/495/654 416/493/654 431/521/654
f 424/494/485 439/522/485 440/507/485
f 418/497/486 417/495/486 432/523/486
f 437/518/655 452/539/655 453/524/655
f 430/519/488 445/540/488 446/525/488
f 439/522/656 438/520/656 453/524/656
f 431/521/490 446/525/490 447/527/490
f 439/522/491 454/526/491 455/528/491
f 433/509/492 432/523/492 447/527/492
f 441/508/493 440/507/493 455/528/493
f 433/509/657 448/529/657 449/531/657
f 441/508/495 456/530/495 457/532/495
f 435/512/658 434/510/658 449/531/658
f 442/511/497 457/532/497 458/534/497
f 436/514/498 435/512/498 450/533/498
f 436/514/502 451/535/659 452/539/502
f 430/519/503 429/516/660 444/537/503
f 456/530/504 471/557/504 472/541/504
f 450/533/505 449/531/505 464/542/505
f 458/534/506 457/532/506 472/541/506
f 451/535/507 450/533/507 465/543/507
f 451/535/510 466/545/510 467/549/510
f 444/537/511 459/547/511 460/550/511
f 452/539/512 467/549/512 468/551/512
f 446/525/513 445/540/513 460/550/513
f 454/526/514 453/524/514 468/551/514
f 446/525/515 461/552/515 462/554/515
f 454/526/516 469/553/516 470/555/516
f 448/529/517 447/527/517 462/554/517
f 456/530/518 455/528/518 470/555/518
f 448/529/519 463/556/519 464/542/519
f 461/552/520 460/550/520 475/32/520
f 468/551/521 478/3/521 7/8/521
f 462/554/661 461/552/661 2/4/661
f 469/553/662 7/8/662 479/11/662
f 462/554/663 476/10/663 3/13/663
f 470/555/664 479/11/664 480/15/664
f 464/542/526 463/556/526 3/13/526
f 471/557/527 480/15/527 481/20/527
f 465/543/528 464/542/528 477/17/528
f 472/541/529 481/20/529 482/24/529
f 466/545/665 465/543/665 4/21/665
f 466/545/666 5/26/666 6/1/666
f 460/550/534 459/547/667 474/27/534
f 467/549/535 6/1/535 478/3/535
o 球.001
v 0.000000 1.000000 -0.000000
v 0.000000 0.831470 -0.555570
v 0.000000 0.555570 -0.831470
v 0.000000 0.195090 -0.980785
v 0.000000 -0.000000 -1.000000
v 0.000000 -0.195090 -0.980785
v 0.000000 -0.555570 -0.831470
v 0.000000 -1.000000 0.000000
v 0.038060 0.980785 -0.191342
v 0.074658 0.923880 -0.375330
v 0.108386 0.831470 -0.544895
v 0.137950 0.707107 -0.693520
v 0.162212 0.555570 -0.815493
v 0.180240 0.382683 -0.906127
v 0.191342 0.195090 -0.961940
v 0.195090 -0.000000 -0.980785
v 0.191342 -0.195090 -0.961940
v 0.180240 -0.382683 -0.906127
v 0.162212 -0.555570 -0.815493
v 0.137950 -0.707107 -0.693520
v 0.108386 -0.831470 -0.544895
v 0.074658 -0.923880 -0.375330
v 0.038060 -0.980785 -0.191342
v 0.074658 0.980785 -0.180240
v 0.146447 0.923880 -0.353553
v 0.212608 0.831470 -0.513280
v 0.270598 0.707107 -0.653281
v 0.318190 0.555570 -0.768178
v 0.353553 0.382683 -0.853553
v 0.375330 0.195090 -0.906127
v 0.382683 -0.000000 -0.923879
v 0.375330 -0.195090 -0.906127
v 0.353553 -0.382683 -0.853553
v 0.318190 -0.555570 -0.768178
v 0.270598 -0.707107 -0.653281
v 0.212608 -0.831470 -0.513280
v 0.146447 -0.923880 -0.353553
v 0.074658 -0.980785 -0.180240
v 0.108386 0.980785 -0.162212
v 0.212608 0.923880 -0.318190
v 0.308658 0.831470 -0.461940
v 0.392847 0.707107 -0.587938
v 0.461940 0.555570 -0.691342
v 0.513280 0.382683 -0.768178
v 0.544895 0.195090 -0.815493
v 0.555570 -0.000000 -0.831469
v 0.544895 -0.195090 -0.815493
v 0.513280 -0.382683 -0.768178
v 0.461940 -0.555570 -0.691342
v 0.392847 -0.707107 -0.587938
v 0.308658 -0.831470 -0.461940
v 0.212608 -0.923880 -0.318190
v 0.108386 -0.980785 -0.162212
v 0.137950 0.980785 -0.137950
v 0.270598 0.923880 -0.270598
v 0.392847 0.831470 -0.392847
v 0.500000 0.707107 -0.500000
v 0.587938 0.555570 -0.587938
v 0.653281 0.382683 -0.653281
v 0.693520 0.195090 -0.693520
v 0.707107 -0.000000 -0.707107
v 0.693520 -0.195090 -0.693520
v 0.653281 -0.382683 -0.653281
v 0.587938 -0.555570 -0.587938
v 0.500000 -0.707107 -0.500000
v 0.392847 -0.831470 -0.392847
v 0.270598 -0.923880 -0.270598
v 0.137950 -0.980785 -0.137950
v 0.162212 0.980785 -0.108386
v 0.318190 0.923880 -0.212608
v 0.461940 0.831470 -0.308658
v 0.587938 0.707107 -0.392847
v 0.691342 0.555570 -0.461940
v 0.768178 0.382683 -0.513280
v 0.815493 0.195090 -0.544895
v 0.831470 -0.000000 -0.555570
v 0.815493 -0.195090 -0.544895
v 0.768178 -0.382683 -0.513280
v 0.691342 -0.555570 -0.461940
v 0.587938 -0.707107 -0.392847
v 0.461940 -0.831470 -0.308658
v 0.318190 -0.923880 -0.212608
v 0.162212 -0.980785 -0.108386
v 0.180240 0.980785 -0.074658
v 0.353553 0.923880 -0.146447
v 0.513280 0.831470 -0.212607
v 0.653281 0.707107 -0.270598
v 0.768178 0.555570 -0.318190
v 0.853553 0.382683 -0.353553
v 0.906127 0.195090 -0.375330
v 0.923879 -0.000000 -0.382683
v 0.906127 -0.195090 -0.375330
v 0.853553 -0.382683 -0.353553
v 0.768178 -0.555570 -0.318190
v 0.653281 -0.707107 -0.270598
v 0.513280 -0.831470 -0.212607
v 0.353553 -0.923880 -0.146447
v 0.180240 -0.980785 -0.074658
v 0.191342 0.980785 -0.038060
v 0.375330 0.923880 -0.074658
v 0.544895 0.831470 -0.108386
v 0.693520 0.707107 -0.137950
v 0.815493 0.555570 -0.162212
v 0.906127 0.382683 -0.180240
v 0.961940 0.195090 -0.191342
v 0.980785 -0.000000 -0.195090
v 0.961940 -0.195090 -0.191342
v 0.906127 -0.382683 -0.180240
v 0.815493 -0.555570 -0.162212
v 0.693520 -0.707107 -0.137950
v 0.544895 -0.831470 -0.108386
v 0.375330 -0.923880 -0.074658
v 0.191342 -0.980785 -0.038060
v 0.195090 0.980785 -0.000000
v 0.382683 0.923880 -0.000000
v 0.555570 0.831470 -0.000000
v 0.707107 0.707107 -0.000000
v 0.831469 0.555570 -0.000000
v 0.923879 0.382683 -0.000000
v 0.980785 0.195090 -0.000000
v 1.000000 0.000000 0.000000
v 0.980785 -0.195090 0.000000
v 0.923879 -0.382683 0.000000
v 0.831469 -0.555570 0.000000
v 0.707107 -0.707107 0.000000
v 0.555570 -0.831470 0.000000
v 0.382683 -0.923880 0.000000
v 0.195090 -0.980785 0.000000
v 0.191342 0.980785 0.038060
v 0.375330 0.923880 0.074658
v 0.544895 0.831470 0.108386
v 0.693520 0.707107 0.137950
v 0.815493 0.555570 0.162212
v 0.906127 0.382683 0.180240
v 0.961940 0.195090 0.191342
v 0.980785 0.000000 0.195090
v 0.961940 -0.195090 0.191342
v 0.906127 -0.382683 0.180240
v 0.815493 -0.555570 0.162212
v 0.693520 -0.707107 0.137950
v 0.544895 -0.831470 0.108386
v 0.375330 -0.923880 0.074658
v 0.191342 -0.980785 0.038060
v 0.180240 0.980785 0.074658
v 0.353553 0.923880 0.146447
v 0.513280 0.831470 0.212608
v 0.653281 0.707107 0.270598
v 0.768178 0.555570 0.318190
v 0.853553 0.382683 0.353553
v 0.906127 0.195090 0.375330
v 0.923879 0.000000 0.382683
v 0.906127 -0.195090 0.375330
v 0.853553 -0.382683 0.353553
v 0.768178 -0.555570 0.318190
v 0.653281 -0.707107 0.270598
v 0.513280 -0.831470 0.212608
v 0.353553 -0.923880 0.146447
v 0.180240 -0.980785 0.074658
v 0.162212 0.980785 0.108386
v 0.318190 0.923880 0.212608
v 0.461940 0.831470 0.308658
v 0.587938 0.707107 0.392847
v 0.691341 0.555570 0.461940
v 0.768178 0.382683 0.513280
v 0.815493 0.195090 0.544895
v 0.831469 0.000000 0.555570
v 0.815493 -0.195090 0.544895
v 0.768178 -0.382683 0.513280
v 0.691341 -0.555570 0.461940
v 0.587938 -0.707107 0.392847
v 0.461940 -0.831470 0.308658
v 0.318190 -0.923880 0.212608
v 0.162212 -0.980785 0.108386
v 0.137950 0.980785 0.137950
v 0.270598 0.923880 0.270598
v 0.392847 0.831470 0.392847
v 0.500000 0.707107 0.500000
v 0.587938 0.555570 0.587938
v 0.653281 0.382683 0.653281
v 0.693520 0.195090 0.693520
v 0.707106 0.000000 0.707107
v 0.693520 -0.195090 0.693520
v 0.653281 -0.382683 0.653281
v 0.587938 -0.555570 0.587938
v 0.500000 -0.707107 0.500000
v 0.392847 -0.831470 0.392847
v 0.270598 -0.923880 0.270598
v 0.137950 -0.980785 0.137950
v 0.108386 0.980785 0.162212
v 0.212607 0.923880 0.318190
v 0.308658 0.831470 0.461940
v 0.392847 0.707107 0.587938
v 0.461940 0.555570 0.691342
v 0.513280 0.382683 0.768178
v 0.544895 0.195090 0.815493
v 0.555570 0.000000 0.831469
v 0.544895 -0.195090 0.815493
v 0.513280 -0.382683 0.768178
v 0.461940 -0.555570 0.691342
v 0.392847 -0.707107 0.587938
v 0.308658 -0.831470 0.461940
v 0.212607 -0.923880 0.318190
v 0.108386 -0.980785 0.162212
v 0.074658 0.980785 0.180240
v 0.146447 0.923880 0.353553
v 0.212607 0.831470 0.513280
v 0.270598 0.707107 0.653281
v 0.318189 0.555570 0.768178
v 0.353553 0.382683 0.853553
v 0.375330 0.195090 0.906127
v 0.382683 0.000000 0.923879
v 0.375330 -0.195090 0.906127
v 0.353553 -0.382683 0.853553
v 0.318189 -0.555570 0.768178
v 0.270598 -0.707107 0.653281
v 0.212607 -0.831470 0.513280
v 0.146447 -0.923880 0.353553
v 0.074658 -0.980785 0.180240
v 0.038060 0.980785 0.191342
v 0.074658 0.923880 0.375330
v 0.108386 0.831470 0.544895
v 0.137950 0.707107 0.693520
v 0.162212 0.555570 0.815493
v 0.180240 0.382683 0.906127
v 0.191342 0.195090 0.961939
v 0.195090 0.000000 0.980785
v 0.191342 -0.195090 0.961939
v 0.180240 -0.382683 0.906127
v 0.162212 -0.555570 0.815493
v 0.137950 -0.707107 0.693520
v 0.108386 -0.831470 0.544895
v 0.074658 -0.923880 0.375330
v 0.038060 -0.980785 0.191342
v 0.000000 0.980785 0.195090
v 0.000000 0.923880 0.382683
v 0.000000 0.831470 0.555570
v 0.000000 0.707107 0.707107
v 0.000000 0.555570 0.831469
v 0.000000 0.382683 0.923879
v 0.000000 0.195090 0.980785
v 0.000000 0.000000 0.999999
v 0.000000 -0.195090 0.980785
v 0.000000 -0.382683 0.923879
v 0.000000 -0.555570 0.831469
v 0.000000 -0.707107 0.707107
v 0.000000 -0.831470 0.555570
v 0.000000 -0.923880 0.382683
v 0.000000 -0.980785 0.195090
v -0.038060 0.980785 0.191342
v -0.074658 0.923880 0.375330
v -0.108386 0.831470 0.544895
v -0.137950 0.707107 0.693520
v -0.162212 0.555570 0.815493
v -0.180240 0.382683 0.906127
v -0.191342 0.195090 0.961939
v -0.195091 0.000000 0.980785
v -0.191342 -0.195090 0.961939
v -0.180240 -0.382683 0.906127
v -0.162212 -0.555570 0.815493
v -0.137950 -0.707107 0.693520
v -0.108386 -0.831470 0.544895
v -0.074658 -0.923880 0.375330
v -0.038060 -0.980785 0.191342
v -0.074658 0.980785 0.180240
v -0.146447 0.923880 0.353553
v -0.212608 0.831470 0.513280
v -0.270598 0.707107 0.653281
v -0.318190 0.555570 0.768177
v -0.353553 0.382683 0.853553
v -0.375330 0.195090 0.906127
v -0.382683 0.000000 0.923879
v -0.375330 -0.195090 0.906127
v -0.353553 -0.382683 0.853553
v -0.318190 -0.555570 0.768177
v -0.270598 -0.707107 0.653281
v -0.212608 -0.831470 0.513280
v -0.146447 -0.923880 0.353553
v -0.074658 -0.980785 0.180240
v -0.108386 0.980785 0.162212
v -0.212608 0.923880 0.318190
v -0.308658 0.831470 0.461939
v -0.392847 0.707107 0.587938
v -0.461940 0.555570 0.691341
v -0.513280 0.382683 0.768178
v -0.544895 0.195090 0.815493
v -0.555570 0.000000 0.831469
v -0.544895 -0.195090 0.815493
v -0.513280 -0.382683 0.768178
v -0.461940 -0.555570 0.691341
v -0.392847 -0.707107 0.587938
v -0.308658 -0.831470 0.461939
v -0.212608 -0.923880 0.318190
v -0.108386 -0.980785 0.162212
v -0.137950 0.980785 0.137950
v -0.270598 0.923880 0.270598
v -0.392847 0.831470 0.392847
v -0.500000 0.707107 0.500000
v -0.587938 0.555570 0.587937
v -0.653281 0.382683 0.653281
v -0.693520 0.195090 0.693520
v -0.707106 0.000000 0.707106
v -0.693520 -0.195090 0.693520
v -0.653281 -0.382683 0.653281
v -0.587938 -0.555570 0.587937
v -0.500000 -0.707107 0.500000
v -0.392847 -0.831470 0.392847
v -0.270598 -0.923880 0.270598
v -0.137950 -0.980785 0.137950
v -0.162212 0.980785 0.108386
v -0.318190 0.923880 0.212607
v -0.461940 0.831470 0.308658
v -0.587938 0.707107 0.392847
v -0.691341 0.555570 0.461939
v -0.768177 0.382683 0.513280
v -0.815493 0.195090 0.544895
v -0.831469 0.000000 0.555569
v -0.815493 -0.195090 0.544895
v -0.768177 -0.382683 0.513280
v -0.691341 -0.555570 0.461939
v -0.587938 -0.707107 0.392847
v -0.461940 -0.831470 0.308658
v -0.318190 -0.923880 0.212607
v -0.162212 -0.980785 0.108386
v -0.180240 0.980785 0.074658
v -0.353553 0.923880 0.146447
v -0.513280 0.831470 0.212607
v -0.653281 0.707107 0.270598
v -0.768177 0.555570 0.318189
v -0.853553 0.382683 0.353553
v -0.906127 0.195090 0.375330
v -0.923879 0.000000 0.382683
v -0.906127 -0.195090 0.375330
v -0.853553 -0.382683 0.353553
v -0.768177 -0.555570 0.318189
v -0.653281 -0.707107 0.270598
v -0.513280 -0.831470 0.212607
v -0.353553 -0.923880 0.146447
v -0.180240 -0.980785 0.074658
v -0.191342 0.980785 0.038060
v -0.375330 0.923880 0.074658
v -0.544895 0.831470 0.108386
v -0.693520 0.707107 0.137950
v -0.815493 0.555570 0.162211
v -0.906127 0.382683 0.180240
v -0.961939 0.195090 0.191341
v -0.980784 0.000000 0.195090
v -0.961939 -0.195090 0.191341
v -0.906127 -0.382683 0.180240
v -0.815493 -0.555570 0.162211
v -0.693520 -0.707107 0.137950
v -0.544895 -0.831470 0.108386
v -0.375330 -0.923880 0.074658
v -0.191342 -0.980785 0.038060
v -0.195090 0.980785 -0.000000
v -0.382683 0.923880 -0.000000
v -0.555570 0.831470 -0.000000
v -0.707107 0.707107 -0.000000
v -0.831469 0.555570 -0.000000
v -0.923879 0.382683 -0.000000
v -0.980785 0.195090 -0.000000
v -0.999999 0.000000 0.000000
v -0.980785 -0.195090 0.000000
v -0.923879 -0.382683 0.000000
v -0.831469 -0.555570 0.000000
v -0.707107 -0.707107 0.000000
v -0.555570 -0.831470 0.000000
v -0.382683 -0.923880 0.000000
v -0.195090 -0.980785 0.000000
v -0.191342 0.980785 -0.038060
v -0.375330 0.923880 -0.074658
v -0.544895 0.831470 -0.108386
v -0.693520 0.707107 -0.137950
v -0.815493 0.555570 -0.162212
v -0.906127 0.382683 -0.180240
v -0.961939 0.195090 -0.191342
v -0.980784 -0.000000 -0.195091
v -0.961939 -0.195090 -0.191342
v -0.906127 -0.382683 -0.180240
v -0.815493 -0.555570 -0.162212
v -0.693520 -0.707107 -0.137950
v -0.544895 -0.831470 -0.108386
v -0.375330 -0.923880 -0.074658
v -0.191342 -0.980785 -0.038060
v -0.180240 0.980785 -0.074658
v -0.353553 0.923880 -0.146447
v -0.513279 0.831470 -0.212607
v -0.653281 0.707107 -0.270598
v -0.768177 0.555570 -0.318190
v -0.853553 0.382683 -0.353553
v -0.906127 0.195090 -0.375330
v -0.923878 -0.000000 -0.382683
v -0.906127 -0.195090 -0.375330
v -0.853553 -0.382683 -0.353553
v -0.768177 -0.555570 -0.318190
v -0.653281 -0.707107 -0.270598
v -0.513279 -0.831470 -0.212607
v -0.353553 -0.923880 -0.146447
v -0.180240 -0.980785 -0.074658
v -0.162212 0.980785 -0.108386
v -0.318189 0.923880 -0.212607
v -0.461939 0.831470 -0.308658
v -0.587938 0.707107 -0.392847
v -0.691341 0.555570 -0.461940
v -0.768177 0.382683 -0.513280
v -0.815493 0.195090 -0.544895
v -0.831468 -0.000000 -0.555570
v -0.815493 -0.195090 -0.544895
v -0.768177 -0.382683 -0.513280
v -0.691341 -0.555570 -0.461940
v -0.587938 -0.707107 -0.392847
v -0.461939 -0.831470 -0.308658
v -0.318189 -0.923880 -0.212607
v -0.162212 -0.980785 -0.108386
v -0.137950 0.980785 -0.137950
v -0.270598 0.923880 -0.270598
v -0.392847 0.831470 -0.392847
v -0.500000 0.707107 -0.500000
v -0.587937 0.555570 -0.587938
v -0.653281 0.382683 -0.653281
v -0.693519 0.195090 -0.693520
v -0.707106 -0.000000 -0.707106
v -0.693519 -0.195090 -0.693520
v -0.653281 -0.382683 -0.653281
v -0.587937 -0.555570 -0.587938
v -0.500000 -0.707107 -0.500000
v -0.392847 -0.831470 -0.392847
v -0.270598 -0.923880 -0.270598
v -0.137950 -0.980785 -0.137950
v -0.108386 0.980785 -0.162212
v -0.212607 0.923880 -0.318190
v -0.308658 0.831470 -0.461939
v -0.392847 0.707107 -0.587938
v -0.461939 0.555570 -0.691341
v -0.513280 0.382683 -0.768177
v -0.544895 0.195090 -0.815493
v -0.555569 -0.000000 -0.831469
v -0.544895 -0.195090 -0.815493
v -0.513280 -0.382683 -0.768177
v -0.461939 -0.555570 -0.691341
v -0.392847 -0.707107 -0.587938
v -0.308658 -0.831470 -0.461939
v -0.212607 -0.923880 -0.318190
v -0.108386 -0.980785 -0.162212
v -0.074658 0.980785 -0.180240
v -0.146446 0.923880 -0.353553
v -0.212607 0.831470 -0.513279
v -0.270598 0.707107 -0.653281
v -0.318189 0.555570 -0.768177
v -0.353553 0.382683 -0.853553
v -0.375330 0.195090 -0.906127
v -0.382683 -0.000000 -0.923879
v -0.375330 -0.195090 -0.906127
v -0.353553 -0.382683 -0.853553
v -0.318189 -0.555570 -0.768177
v -0.270598 -0.707107 -0.653281
v -0.212607 -0.831470 -0.513279
v -0.146446 -0.923880 -0.353553
v -0.074658 -0.980785 -0.180240
v -0.038060 0.980785 -0.191342
v -0.074658 0.923880 -0.375330
v -0.108386 0.831470 -0.544895
v -0.137950 0.707107 -0.693520
v -0.162211 0.555570 -0.815493
v -0.180240 0.382683 -0.906127
v -0.191341 0.195090 -0.961939
v -0.195090 -0.000000 -0.980784
v -0.191341 -0.195090 -0.961939
v -0.180240 -0.382683 -0.906127
v -0.162211 -0.555570 -0.815493
v -0.137950 -0.707107 -0.693520
v -0.108386 -0.831470 -0.544895
v -0.074658 -0.923880 -0.375330
v -0.038060 -0.980785 -0.191342
v 0.000000 0.980785 -0.195090
v 0.000000 0.923880 -0.382683
v 0.000000 0.707107 -0.707107
v 0.000000 0.382683 -0.923879
v 0.000000 -0.382683 -0.923879
v 0.000000 -0.707107 -0.707107
v 0.000000 -0.831470 -0.555570
v 0.000000 -0.923880 -0.382683
v 0.000000 -0.980785 -0.195090
vn 0.0624 -0.7715 -0.6332
vn 0.0865 0.4696 -0.8786
vn 0.0464 -0.8810 -0.4709
vn 0.0938 0.2890 -0.9527
vn 0.0286 -0.9566 -0.2902
vn 0.0975 0.0975 -0.9904
vn 0.0976 0.0976 -0.9904
vn 0.0097 0.9951 -0.0980
vn 0.0097 -0.9951 -0.0980
vn 0.0975 -0.0975 -0.9904
vn 0.0975 -0.0976 -0.9904
vn 0.0286 0.9566 -0.2902
vn 0.0938 -0.2890 -0.9527
vn 0.0464 0.8810 -0.4709
vn 0.0865 -0.4696 -0.8786
vn 0.0624 0.7715 -0.6332
vn 0.0759 -0.6326 -0.7708
vn 0.0759 0.6326 -0.7708
vn 0.1847 0.7715 -0.6088
vn 0.2248 -0.6326 -0.7412
vn 0.2248 0.6326 -0.7412
vn 0.1847 -0.7715 -0.6088
vn 0.2563 0.4696 -0.8449
vn 0.2563 0.4696 -0.8448
vn 0.1374 -0.8810 -0.4528
vn 0.2779 0.2890 -0.9161
vn 0.0846 -0.9566 -0.2790
vn 0.2889 0.0975 -0.9524
vn 0.0286 0.9951 -0.0942
vn 0.0286 -0.9951 -0.0942
vn 0.2889 -0.0975 -0.9524
vn 0.0846 0.9566 -0.2790
vn 0.2779 -0.2890 -0.9161
vn 0.1374 0.8810 -0.4528
vn 0.2563 -0.4696 -0.8448
vn 0.4691 0.0975 -0.8777
vn 0.0464 0.9951 -0.0869
vn 0.0464 -0.9951 -0.0869
vn 0.4691 -0.0975 -0.8777
vn 0.1374 0.9566 -0.2571
vn 0.4513 -0.2890 -0.8443
vn 0.2230 0.8810 -0.4173
vn 0.2231 0.8810 -0.4173
vn 0.4162 -0.4696 -0.7786
vn 0.2999 0.7715 -0.5611
vn 0.3651 -0.6326 -0.6831
vn 0.3651 0.6326 -0.6831
vn 0.2999 -0.7715 -0.5611
vn 0.4162 0.4696 -0.7786
vn 0.2230 -0.8810 -0.4173
vn 0.4513 0.2890 -0.8443
vn 0.1374 -0.9566 -0.2571
vn 0.4913 -0.6326 -0.5987
vn 0.4913 0.6326 -0.5987
vn 0.4036 -0.7715 -0.4918
vn 0.5601 0.4696 -0.6825
vn 0.3002 -0.8810 -0.3658
vn 0.6073 0.2890 -0.7400
vn 0.1850 -0.9566 -0.2254
vn 0.6314 0.0975 -0.7693
vn 0.6314 0.0976 -0.7693
vn 0.0625 0.9951 -0.0761
vn 0.0625 -0.9951 -0.0761
vn 0.6314 -0.0975 -0.7693
vn 0.1850 0.9565 -0.2254
vn 0.1850 0.9566 -0.2254
vn 0.6073 -0.2890 -0.7400
vn 0.3002 0.8810 -0.3658
vn 0.5601 -0.4696 -0.6825
vn 0.4036 0.7715 -0.4918
vn 0.0761 -0.9951 -0.0625
vn 0.7693 -0.0976 -0.6314
vn 0.2254 0.9566 -0.1850
vn 0.7400 -0.2890 -0.6073
vn 0.3658 0.8810 -0.3002
vn 0.6825 -0.4696 -0.5601
vn 0.4918 0.7715 -0.4036
vn 0.5987 -0.6326 -0.4913
vn 0.5987 0.6326 -0.4913
vn 0.4918 -0.7715 -0.4036
vn 0.6825 0.4696 -0.5601
vn 0.3658 -0.8810 -0.3002
vn 0.7400 0.2890 -0.6073
vn 0.2254 -0.9566 -0.1850
vn 0.7693 0.0976 -0.6314
vn 0.0761 0.9951 -0.0625
vn 0.5611 -0.7715 -0.2999
vn 0.7786 0.4696 -0.4162
vn 0.4173 -0.8810 -0.2230
vn 0.8443 0.2890 -0.4513
vn 0.2571 -0.9566 -0.1374
vn 0.8777 0.0976 -0.4691
vn 0.8777 0.0975 -0.4691
vn 0.0869 0.9951 -0.0464
vn 0.0869 -0.9951 -0.0464
vn 0.8777 -0.0976 -0.4691
vn 0.2571 0.9566 -0.1374
vn 0.8443 -0.2890 -0.4513
vn 0.4173 0.8810 -0.2230
vn 0.4173 0.8810 -0.2231
vn 0.7786 -0.4696 -0.4162
vn 0.5611 0.7715 -0.2999
vn 0.6831 -0.6326 -0.3651
vn 0.6831 0.6326 -0.3651
vn 0.2790 0.9566 -0.0846
vn 0.9161 -0.2890 -0.2779
vn 0.4528 0.8810 -0.1374
vn 0.8448 -0.4696 -0.2563
vn 0.6088 0.7715 -0.1847
vn 0.7412 -0.6326 -0.2248
vn 0.7412 0.6326 -0.2248
vn 0.6088 -0.7715 -0.1847
vn 0.8448 0.4696 -0.2563
vn 0.4528 -0.8810 -0.1374
vn 0.9161 0.2890 -0.2779
vn 0.2790 -0.9566 -0.0846
vn 0.9524 0.0975 -0.2889
vn 0.0942 0.9951 -0.0286
vn 0.0942 -0.9951 -0.0286
vn 0.9524 -0.0975 -0.2889
vn 0.8786 0.4696 -0.0865
vn 0.4709 -0.8810 -0.0464
vn 0.9527 0.2890 -0.0938
vn 0.2902 -0.9566 -0.0286
vn 0.9904 0.0975 -0.0975
vn 0.9904 0.0976 -0.0976
vn 0.0980 0.9951 -0.0097
vn 0.0980 -0.9951 -0.0097
vn 0.9904 -0.0975 -0.0975
vn 0.2902 0.9566 -0.0286
vn 0.9527 -0.2890 -0.0938
vn 0.4709 0.8810 -0.0464
vn 0.8786 -0.4696 -0.0865
vn 0.6332 0.7715 -0.0624
vn 0.7708 -0.6326 -0.0759
vn 0.7708 0.6326 -0.0759
vn 0.6332 -0.7715 -0.0624
vn 0.9527 -0.2890 0.0938
vn 0.4709 0.8810 0.0464
vn 0.8786 -0.4696 0.0865
vn 0.6332 0.7715 0.0624
vn 0.7708 -0.6326 0.0759
vn 0.7708 0.6326 0.0759
vn 0.6332 -0.7715 0.0624
vn 0.8786 0.4696 0.0865
vn 0.4709 -0.8810 0.0464
vn 0.9527 0.2890 0.0938
vn 0.2902 -0.9566 0.0286
vn 0.9904 0.0975 0.0975
vn 0.9904 0.0975 0.0976
vn 0.0980 0.9951 0.0096
vn 0.0980 -0.9951 0.0097
vn 0.9904 -0.0975 0.0975
vn 0.9904 -0.0976 0.0975
vn 0.2902 0.9566 0.0286
vn 0.4528 -0.8810 0.1374
vn 0.9161 0.2890 0.2779
vn 0.2790 -0.9566 0.0846
vn 0.9524 0.0975 0.2889
vn 0.0942 0.9951 0.0286
vn 0.0942 -0.9951 0.0286
vn 0.9524 -0.0975 0.2889
vn 0.2790 0.9566 0.0846
vn 0.9161 -0.2890 0.2779
vn 0.4528 0.8810 0.1374
vn 0.8448 -0.4696 0.2563
vn 0.8449 -0.4696 0.2563
vn 0.6088 0.7715 0.1847
vn 0.7412 -0.6326 0.2248
vn 0.7412 0.6326 0.2248
vn 0.6088 -0.7715 0.1847
vn 0.8448 0.4696 0.2563
vn 0.4173 0.8810 0.2231
vn 0.4173 0.8810 0.2230
vn 0.7786 -0.4696 0.4162
vn 0.5611 0.7715 0.2999
vn 0.6831 -0.6326 0.3651
vn 0.6831 0.6326 0.3651
vn 0.5611 -0.7715 0.2999
vn 0.7786 0.4696 0.4162
vn 0.4173 -0.8810 0.2231
vn 0.4173 -0.8810 0.2230
vn 0.8443 0.2890 0.4513
vn 0.2571 -0.9566 0.1374
vn 0.8777 0.0975 0.4691
vn 0.0869 0.9951 0.0464
vn 0.0869 -0.9951 0.0464
vn 0.8777 -0.0975 0.4691
vn 0.2571 0.9566 0.1374
vn 0.8443 -0.2890 0.4513
vn 0.7400 0.2890 0.6073
vn 0.2254 -0.9566 0.1850
vn 0.7693 0.0975 0.6314
vn 0.0761 0.9951 0.0625
vn 0.0761 -0.9951 0.0625
vn 0.7693 -0.0975 0.6314
vn 0.2254 0.9566 0.1850
vn 0.7400 -0.2890 0.6073
vn 0.3658 0.8810 0.3002
vn 0.6825 -0.4696 0.5601
vn 0.4918 0.7715 0.4036
vn 0.5987 -0.6326 0.4913
vn 0.5987 0.6326 0.4913
vn 0.4918 -0.7715 0.4036
vn 0.6825 0.4696 0.5601
vn 0.3658 -0.8810 0.3002
vn 0.5601 -0.4696 0.6825
vn 0.4036 0.7715 0.4918
vn 0.4913 -0.6326 0.5987
vn 0.4913 0.6326 0.5987
vn 0.4036 -0.7715 0.4918
vn 0.5601 0.4696 0.6825
vn 0.3002 -0.8810 0.3658
vn 0.6073 0.2890 0.7400
vn 0.1850 -0.9566 0.2254
vn 0.1850 -0.9565 0.2254
vn 0.6314 0.0975 0.7693
vn 0.0625 0.9951 0.0761
vn 0.0625 -0.9951 0.0761
vn 0.6314 -0.0975 0.7693
vn 0.1850 0.9566 0.2254
vn 0.1850 0.9565 0.2254
vn 0.6073 -0.2890 0.7400
vn 0.3002 0.8810 0.3658
vn 0.1374 -0.9566 0.2571
vn 0.4691 0.0975 0.8777
vn 0.0464 0.9951 0.0869
vn 0.0464 -0.9951 0.0869
vn 0.4691 -0.0975 0.8777
vn 0.1374 0.9566 0.2571
vn 0.4513 -0.2890 0.8443
vn 0.2230 0.8810 0.4173
vn 0.4162 -0.4696 0.7786
vn 0.2999 0.7715 0.5611
vn 0.3651 -0.6326 0.6831
vn 0.3651 0.6326 0.6831
vn 0.2999 -0.7715 0.5611
vn 0.4162 0.4696 0.7786
vn 0.2230 -0.8810 0.4173
vn 0.4513 0.2890 0.8443
vn 0.2248 -0.6326 0.7412
vn 0.2248 0.6326 0.7412
vn 0.1847 -0.7715 0.6088
vn 0.2563 0.4696 0.8448
vn 0.1374 -0.8810 0.4528
vn 0.2779 0.2890 0.9161
vn 0.0846 -0.9566 0.2790
vn 0.2889 0.0976 0.9524
vn 0.0286 0.9951 0.0942
vn 0.0286 -0.9951 0.0942
vn 0.2889 -0.0976 0.9524
vn 0.2889 -0.0975 0.9524
vn 0.0846 0.9566 0.2790
vn 0.2779 -0.2890 0.9161
vn 0.1374 0.8810 0.4528
vn 0.2563 -0.4696 0.8448
vn 0.1847 0.7715 0.6088
vn 0.0097 0.9951 0.0980
vn 0.0097 -0.9951 0.0980
vn 0.0975 -0.0975 0.9904
vn 0.0976 -0.0976 0.9904
vn 0.0286 0.9566 0.2902
vn 0.0938 -0.2890 0.9527
vn 0.0464 0.8810 0.4709
vn 0.0865 -0.4696 0.8786
vn 0.0624 0.7715 0.6332
vn 0.0759 -0.6326 0.7708
vn 0.0759 0.6326 0.7708
vn 0.0624 -0.7715 0.6332
vn 0.0865 0.4696 0.8786
vn 0.0464 -0.8810 0.4709
vn 0.0938 0.2890 0.9527
vn 0.0286 -0.9566 0.2902
vn 0.0975 0.0975 0.9904
vn -0.0759 0.6326 0.7708
vn -0.0624 -0.7715 0.6332
vn -0.0865 0.4696 0.8786
vn -0.0464 -0.8810 0.4709
vn -0.0938 0.2890 0.9527
vn -0.0286 -0.9566 0.2902
vn -0.0975 0.0975 0.9904
vn -0.0975 0.0976 0.9904
vn -0.0097 0.9951 0.0980
vn -0.0097 -0.9951 0.0980
vn -0.0975 -0.0975 0.9904
vn -0.0976 -0.0975 0.9904
vn -0.0286 0.9566 0.2902
vn -0.0938 -0.2890 0.9527
vn -0.0464 0.8810 0.4709
vn -0.0865 -0.4696 0.8786
vn -0.0624 0.7715 0.6332
vn -0.0759 -0.6326 0.7708
vn -0.2889 -0.0976 0.9524
vn -0.0846 0.9566 0.2790
vn -0.2779 -0.2890 0.9161
vn -0.1374 0.8810 0.4528
vn -0.2563 -0.4696 0.8448
vn -0.1847 0.7715 0.6088
vn -0.2248 -0.6326 0.7412
vn -0.2248 0.6326 0.7412
vn -0.1847 -0.7715 0.6088
vn -0.2563 0.4696 0.8448
vn -0.1374 -0.8810 0.4528
vn -0.2779 0.2890 0.9161
vn -0.0846 -0.9566 0.2790
vn -0.2889 0.0976 0.9524
vn -0.2889 0.0975 0.9524
vn -0.0286 0.9951 0.0942
vn -0.0286 -0.9951 0.0942
vn -0.2999 -0.7715 0.5611
vn -0.4162 0.4696 0.7786
vn -0.2231 -0.8810 0.4173
vn -0.2230 -0.8810 0.4173
vn -0.4513 0.2890 0.8443
vn -0.1374 -0.9566 0.2571
vn -0.4691 0.0975 0.8777
vn -0.0464 0.9951 0.0869
vn -0.0464 -0.9951 0.0869
vn -0.4691 -0.0975 0.8777
vn -0.1374 0.9566 0.2571
vn -0.4513 -0.2890 0.8443
vn -0.2230 0.8810 0.4173
vn -0.2231 0.8810 0.4173
vn -0.4162 -0.4696 0.7786
vn -0.2999 0.7715 0.5611
vn -0.3651 -0.6326 0.6831
vn -0.3651 0.6326 0.6831
vn -0.1850 0.9565 0.2254
vn -0.1850 0.9566 0.2254
vn -0.6073 -0.2890 0.7400
vn -0.3002 0.8810 0.3658
vn -0.5601 -0.4696 0.6825
vn -0.4036 0.7715 0.4918
vn -0.4913 -0.6326 0.5987
vn -0.4913 0.6326 0.5987
vn -0.4036 -0.7715 0.4918
vn -0.5601 0.4696 0.6825
vn -0.3002 -0.8810 0.3658
vn -0.6073 0.2890 0.7400
vn -0.1850 -0.9565 0.2254
vn -0.1850 -0.9566 0.2254
vn -0.6314 0.0975 0.7693
vn -0.0625 0.9951 0.0761
vn -0.0625 -0.9951 0.0761
vn -0.6314 -0.0975 0.7693
vn -0.6825 0.4696 0.5601
vn -0.3658 -0.8810 0.3002
vn -0.7400 0.2890 0.6073
vn -0.2254 -0.9566 0.1850
vn -0.7693 0.0975 0.6314
vn -0.0761 0.9951 0.0625
vn -0.0761 -0.9951 0.0625
vn -0.7693 -0.0975 0.6314
vn -0.2254 0.9566 0.1850
vn -0.7400 -0.2890 0.6073
vn -0.3658 0.8810 0.3002
vn -0.6825 -0.4696 0.5601
vn -0.4918 0.7715 0.4036
vn -0.5987 -0.6326 0.4913
vn -0.5987 0.6326 0.4913
vn -0.4918 -0.7715 0.4036
vn -0.8443 -0.2890 0.4513
vn -0.4173 0.8810 0.2230
vn -0.7786 -0.4696 0.4162
vn -0.5611 0.7715 0.2999
vn -0.6831 -0.6326 0.3651
vn -0.6831 0.6326 0.3651
vn -0.5611 -0.7715 0.2999
vn -0.7786 0.4696 0.4162
vn -0.4173 -0.8810 0.2230
vn -0.8443 0.2890 0.4513
vn -0.2571 -0.9566 0.1374
vn -0.8777 0.0975 0.4691
vn -0.8777 0.0975 0.4692
vn -0.0869 0.9951 0.0464
vn -0.0869 -0.9951 0.0464
vn -0.8777 -0.0975 0.4691
vn -0.2571 0.9566 0.1374
vn -0.4528 -0.8810 0.1374
vn -0.9161 0.2890 0.2779
vn -0.2790 -0.9566 0.0846
vn -0.9524 0.0975 0.2889
vn -0.0942 0.9951 0.0286
vn -0.0942 -0.9951 0.0286
vn -0.9524 -0.0975 0.2889
vn -0.2790 0.9566 0.0846
vn -0.9161 -0.2890 0.2779
vn -0.4528 0.8810 0.1374
vn -0.8448 -0.4696 0.2563
vn -0.6088 0.7715 0.1847
vn -0.7412 -0.6326 0.2248
vn -0.7412 0.6326 0.2248
vn -0.6088 -0.7715 0.1847
vn -0.8448 0.4696 0.2563
vn -0.8786 -0.4696 0.0865
vn -0.6332 0.7715 0.0624
vn -0.7708 -0.6326 0.0759
vn -0.7708 0.6326 0.0759
vn -0.6332 -0.7715 0.0624
vn -0.8786 0.4696 0.0865
vn -0.4709 -0.8810 0.0464
vn -0.9527 0.2890 0.0938
vn -0.2902 -0.9566 0.0286
vn -0.9904 0.0975 0.0976
vn -0.0980 0.9951 0.0096
vn -0.0980 -0.9951 0.0097
vn -0.9904 -0.0975 0.0976
vn -0.2902 0.9566 0.0286
vn -0.9527 -0.2890 0.0938
vn -0.4709 0.8810 0.0464
vn -0.2902 -0.9566 -0.0286
vn -0.9904 0.0975 -0.0976
vn -0.0980 0.9951 -0.0097
vn -0.0980 -0.9951 -0.0097
vn -0.9904 -0.0975 -0.0976
vn -0.2902 0.9566 -0.0286
vn -0.9527 -0.2890 -0.0938
vn -0.4709 0.8810 -0.0464
vn -0.8786 -0.4696 -0.0865
vn -0.6332 0.7715 -0.0624
vn -0.7708 -0.6326 -0.0759
vn -0.7708 0.6326 -0.0759
vn -0.6332 -0.7715 -0.0624
vn -0.8786 0.4696 -0.0865
vn -0.4709 -0.8810 -0.0464
vn -0.9527 0.2890 -0.0938
vn -0.6088 0.7715 -0.1847
vn -0.7412 -0.6326 -0.2248
vn -0.7412 0.6326 -0.2248
vn -0.6088 -0.7715 -0.1847
vn -0.8448 0.4696 -0.2563
vn -0.4528 -0.8810 -0.1374
vn -0.9161 0.2890 -0.2779
vn -0.2790 -0.9566 -0.0846
vn -0.9524 0.0975 -0.2889
vn -0.0942 0.9951 -0.0286
vn -0.0942 -0.9951 -0.0286
vn -0.9524 -0.0975 -0.2889
vn -0.2790 0.9566 -0.0846
vn -0.9161 -0.2890 -0.2779
vn -0.4528 0.8810 -0.1374
vn -0.8448 -0.4696 -0.2563
vn -0.8777 0.0975 -0.4691
vn -0.0869 0.9951 -0.0464
vn -0.0869 -0.9951 -0.0464
vn -0.8777 -0.0975 -0.4691
vn -0.2571 0.9566 -0.1374
vn -0.8443 -0.2890 -0.4513
vn -0.4173 0.8810 -0.2231
vn -0.4173 0.8810 -0.2230
vn -0.7786 -0.4696 -0.4162
vn -0.5611 0.7715 -0.2999
vn -0.6831 -0.6326 -0.3651
vn -0.6831 0.6326 -0.3651
vn -0.5611 -0.7715 -0.2999
vn -0.7786 0.4696 -0.4162
vn -0.4173 -0.8810 -0.2231
vn -0.4173 -0.8810 -0.2230
vn -0.8443 0.2890 -0.4513
vn -0.2571 -0.9566 -0.1374
vn -0.5987 -0.6326 -0.4913
vn -0.5987 0.6326 -0.4913
vn -0.4918 -0.7715 -0.4036
vn -0.6825 0.4696 -0.5601
vn -0.3658 -0.8810 -0.3002
vn -0.7400 0.2890 -0.6073
vn -0.2254 -0.9566 -0.1850
vn -0.7693 0.0975 -0.6314
vn -0.0761 0.9951 -0.0625
vn -0.0761 -0.9951 -0.0625
vn -0.7693 -0.0975 -0.6314
vn -0.2254 0.9566 -0.1850
vn -0.7400 -0.2890 -0.6073
vn -0.3658 0.8810 -0.3002
vn -0.6825 -0.4696 -0.5601
vn -0.4918 0.7715 -0.4036
vn -0.0625 0.9951 -0.0761
vn -0.0625 -0.9951 -0.0761
vn -0.6314 -0.0975 -0.7693
vn -0.1850 0.9566 -0.2254
vn -0.6073 -0.2890 -0.7400
vn -0.3002 0.8810 -0.3658
vn -0.5601 -0.4696 -0.6825
vn -0.4036 0.7715 -0.4918
vn -0.4913 -0.6326 -0.5987
vn -0.4913 0.6326 -0.5987
vn -0.4036 -0.7715 -0.4918
vn -0.5601 0.4696 -0.6825
vn -0.3002 -0.8810 -0.3658
vn -0.6073 0.2890 -0.7400
vn -0.1850 -0.9566 -0.2254
vn -0.1850 -0.9565 -0.2254
vn -0.6314 0.0975 -0.7693
vn -0.3651 0.6326 -0.6831
vn -0.2999 -0.7715 -0.5611
vn -0.4162 0.4696 -0.7786
vn -0.2230 -0.8810 -0.4173
vn -0.4513 0.2890 -0.8443
vn -0.1374 -0.9566 -0.2571
vn -0.4691 0.0975 -0.8777
vn -0.4692 0.0975 -0.8777
vn -0.0464 0.9951 -0.0869
vn -0.0464 -0.9951 -0.0869
vn -0.4691 -0.0975 -0.8777
vn -0.1374 0.9566 -0.2571
vn -0.4513 -0.2890 -0.8443
vn -0.2230 0.8810 -0.4173
vn -0.4162 -0.4696 -0.7786
vn -0.2999 0.7715 -0.5611
vn -0.3651 -0.6326 -0.6831
vn -0.2889 -0.0975 -0.9524
vn -0.0846 0.9566 -0.2790
vn -0.2779 -0.2890 -0.9161
vn -0.1374 0.8810 -0.4528
vn -0.2563 -0.4696 -0.8448
vn -0.1847 0.7715 -0.6088
vn -0.2248 -0.6326 -0.7412
vn -0.2248 0.6326 -0.7412
vn -0.1847 -0.7715 -0.6088
vn -0.2563 0.4696 -0.8448
vn -0.1374 -0.8810 -0.4528
vn -0.2779 0.2890 -0.9161
vn -0.0846 -0.9566 -0.2790
vn -0.2889 0.0975 -0.9524
vn -0.0286 0.9951 -0.0942
vn -0.0286 -0.9951 -0.0942
vn -0.0624 -0.7715 -0.6332
vn -0.0865 0.4696 -0.8786
vn -0.0464 -0.8810 -0.4709
vn -0.0938 0.2890 -0.9527
vn -0.0286 -0.9566 -0.2902
vn -0.0976 0.0975 -0.9904
vn -0.0976 0.0976 -0.9904
vn -0.0097 0.9951 -0.0980
vn -0.0097 -0.9951 -0.0980
vn -0.0976 -0.0975 -0.9904
vn -0.0286 0.9566 -0.2902
vn -0.0938 -0.2890 -0.9527
vn -0.0464 0.8810 -0.4709
vn -0.0865 -0.4696 -0.8786
vn -0.0624 0.7715 -0.6332
vn -0.0759 -0.6326 -0.7708
vn -0.0759 0.6326 -0.7708
vn 0.0976 -0.0975 -0.9904
vn 0.2563 -0.4696 -0.8449
vn 0.2231 -0.8810 -0.4173
vn 0.6314 -0.0976 -0.7693
vn 0.8777 -0.0975 -0.4691
vn 0.9904 -0.0976 -0.0976
vn 0.9904 0.0976 0.0975
vn 0.9904 -0.0975 0.0976
vn 0.8449 0.4696 0.2563
vn 0.2889 0.0975 0.9524
vn 0.0976 0.0976 0.9904
vn -0.0976 0.0975 0.9904
vn -0.0975 -0.0976 0.9904
vn -0.0286 0.9565 0.2902
vn -0.2889 -0.0975 0.9524
vn -0.8777 -0.0975 0.4692
vn -0.4692 -0.0975 -0.8777
vn -0.1374 0.9565 -0.2571
vn -0.0976 -0.0976 -0.9904
vn -0.0286 0.9565 -0.2902
vt 0.750000 0.250000
vt 0.718750 0.187500
vt 0.750000 0.187500
vt 0.750000 0.625000
vt 0.718750 0.687500
vt 0.718750 0.625000
vt 0.718750 0.125000
vt 0.750000 0.125000
vt 0.750000 0.562500
vt 0.718750 0.562500
vt 0.718750 0.062500
vt 0.750000 0.062500
vt 0.718750 0.500000
vt 0.750000 0.500000
vt 0.750000 0.937500
vt 0.734375 1.000000
vt 0.718750 0.937500
vt 0.734375 0.000000
vt 0.718750 0.437500
vt 0.750000 0.437500
vt 0.750000 0.875000
vt 0.718750 0.875000
vt 0.718750 0.375000
vt 0.750000 0.375000
vt 0.750000 0.812500
vt 0.718750 0.812500
vt 0.718750 0.312500
vt 0.750000 0.312500
vt 0.750000 0.750000
vt 0.718750 0.750000
vt 0.718750 0.250000
vt 0.750000 0.687500
vt 0.687500 0.750000
vt 0.687500 0.250000
vt 0.687500 0.687500
vt 0.687500 0.187500
vt 0.687500 0.625000
vt 0.687500 0.125000
vt 0.687500 0.562500
vt 0.687500 0.062500
vt 0.687500 0.500000
vt 0.703125 1.000000
vt 0.687500 0.937500
vt 0.703125 0.000000
vt 0.687500 0.437500
vt 0.687500 0.875000
vt 0.687500 0.375000
vt 0.687500 0.812500
vt 0.687500 0.312500
vt 0.656250 0.500000
vt 0.671875 1.000000
vt 0.656250 0.937500
vt 0.671875 0.000000
vt 0.656250 0.062500
vt 0.656250 0.437500
vt 0.656250 0.875000
vt 0.656250 0.375000
vt 0.656250 0.812500
vt 0.656250 0.312500
vt 0.656250 0.750000
vt 0.656250 0.250000
vt 0.656250 0.687500
vt 0.656250 0.187500
vt 0.656250 0.625000
vt 0.656250 0.125000
vt 0.656250 0.562500
vt 0.625000 0.250000
vt 0.625000 0.687500
vt 0.625000 0.187500
vt 0.625000 0.625000
vt 0.625000 0.125000
vt 0.625000 0.562500
vt 0.625000 0.062500
vt 0.625000 0.500000
vt 0.640625 1.000000
vt 0.625000 0.937500
vt 0.640625 0.000000
vt 0.625000 0.437500
vt 0.625000 0.875000
vt 0.625000 0.375000
vt 0.625000 0.812500
vt 0.625000 0.312500
vt 0.625000 0.750000
vt 0.609375 0.000000
vt 0.593750 0.062500
vt 0.593750 0.437500
vt 0.593750 0.875000
vt 0.593750 0.375000
vt 0.593750 0.812500
vt 0.593750 0.312500
vt 0.593750 0.750000
vt 0.593750 0.250000
vt 0.593750 0.687500
vt 0.593750 0.187500
vt 0.593750 0.625000
vt 0.593750 0.125000
vt 0.593750 0.562500
vt 0.593750 0.500000
vt 0.609375 1.000000
vt 0.593750 0.937500
vt 0.562500 0.187500
vt 0.562500 0.625000
vt 0.562500 0.125000
vt 0.562500 0.562500
vt 0.562500 0.062500
vt 0.562500 0.500000
vt 0.578125 1.000000
vt 0.562500 0.937500
vt 0.578125 0.000000
vt 0.562500 0.437500
vt 0.562500 0.875000
vt 0.562500 0.375000
vt 0.562500 0.812500
vt 0.562500 0.312500
vt 0.562500 0.750000
vt 0.562500 0.250000
vt 0.562500 0.687500
vt 0.531250 0.937500
vt 0.531250 0.875000
vt 0.531250 0.375000
vt 0.531250 0.812500
vt 0.531250 0.312500
vt 0.531250 0.750000
vt 0.531250 0.250000
vt 0.531250 0.687500
vt 0.531250 0.187500
vt 0.531250 0.625000
vt 0.531250 0.125000
vt 0.531250 0.562500
vt 0.531250 0.062500
vt 0.531250 0.500000
vt 0.546875 1.000000
vt 0.546875 0.000000
vt 0.531250 0.437500
vt 0.500000 0.625000
vt 0.500000 0.125000
vt 0.500000 0.562500
vt 0.500000 0.062500
vt 0.500000 0.500000
vt 0.515625 1.000000
vt 0.500000 0.937500
vt 0.515625 0.000000
vt 0.500000 0.437500
vt 0.500000 0.875000
vt 0.500000 0.375000
vt 0.500000 0.812500
vt 0.500000 0.312500
vt 0.500000 0.750000
vt 0.500000 0.250000
vt 0.500000 0.687500
vt 0.500000 0.187500
vt 0.468750 0.375000
vt 0.468750 0.812500
vt 0.468750 0.312500
vt 0.468750 0.750000
vt 0.468750 0.250000
vt 0.468750 0.687500
vt 0.468750 0.187500
vt 0.468750 0.625000
vt 0.468750 0.125000
vt 0.468750 0.562500
vt 0.468750 0.062500
vt 0.468750 0.500000
vt 0.484375 1.000000
vt 0.468750 0.937500
vt 0.484375 0.000000
vt 0.468750 0.437500
vt 0.468750 0.875000
vt 0.437500 0.125000
vt 0.437500 0.625000
vt 0.437500 0.562500
vt 0.437500 0.062500
vt 0.437500 0.500000
vt 0.453125 1.000000
vt 0.437500 0.937500
vt 0.453125 0.000000
vt 0.437500 0.437500
vt 0.437500 0.875000
vt 0.437500 0.375000
vt 0.437500 0.812500
vt 0.437500 0.312500
vt 0.437500 0.750000
vt 0.437500 0.250000
vt 0.437500 0.687500
vt 0.437500 0.187500
vt 0.406250 0.875000
vt 0.406250 0.812500
vt 0.406250 0.375000
vt 0.406250 0.312500
vt 0.406250 0.750000
vt 0.406250 0.250000
vt 0.406250 0.687500
vt 0.406250 0.187500
vt 0.406250 0.625000
vt 0.406250 0.125000
vt 0.406250 0.562500
vt 0.406250 0.062500
vt 0.406250 0.500000
vt 0.421875 1.000000
vt 0.406250 0.937500
vt 0.421875 0.000000
vt 0.406250 0.437500
vt 0.375000 0.625000
vt 0.375000 0.562500
vt 0.375000 0.125000
vt 0.375000 0.062500
vt 0.375000 0.500000
vt 0.390625 1.000000
vt 0.375000 0.937500
vt 0.390625 0.000000
vt 0.375000 0.437500
vt 0.375000 0.875000
vt 0.375000 0.375000
vt 0.375000 0.812500
vt 0.375000 0.312500
vt 0.375000 0.750000
vt 0.375000 0.250000
vt 0.375000 0.687500
vt 0.375000 0.187500
vt 0.343750 0.375000
vt 0.343750 0.312500
vt 0.343750 0.750000
vt 0.343750 0.250000
vt 0.343750 0.687500
vt 0.343750 0.187500
vt 0.343750 0.625000
vt 0.343750 0.125000
vt 0.343750 0.562500
vt 0.343750 0.062500
vt 0.343750 0.500000
vt 0.359375 1.000000
vt 0.343750 0.937500
vt 0.359375 0.000000
vt 0.343750 0.437500
vt 0.343750 0.875000
vt 0.343750 0.812500
vt 0.312500 0.062500
vt 0.312500 0.562500
vt 0.312500 0.500000
vt 0.328125 1.000000
vt 0.312500 0.937500
vt 0.328125 0.000000
vt 0.312500 0.437500
vt 0.312500 0.875000
vt 0.312500 0.375000
vt 0.312500 0.812500
vt 0.312500 0.312500
vt 0.312500 0.750000
vt 0.312500 0.250000
vt 0.312500 0.687500
vt 0.312500 0.187500
vt 0.312500 0.625000
vt 0.312500 0.125000
vt 0.281250 0.250000
vt 0.281250 0.750000
vt 0.281250 0.687500
vt 0.281250 0.187500
vt 0.281250 0.625000
vt 0.281250 0.125000
vt 0.281250 0.562500
vt 0.281250 0.062500
vt 0.281250 0.500000
vt 0.296875 1.000000
vt 0.281250 0.937500
vt 0.296875 0.000000
vt 0.281250 0.437500
vt 0.281250 0.875000
vt 0.281250 0.375000
vt 0.281250 0.812500
vt 0.281250 0.312500
vt 0.265625 1.000000
vt 0.250000 0.937500
vt 0.265625 0.000000
vt 0.250000 0.062500
vt 0.250000 0.437500
vt 0.250000 0.875000
vt 0.250000 0.375000
vt 0.250000 0.812500
vt 0.250000 0.312500
vt 0.250000 0.750000
vt 0.250000 0.250000
vt 0.250000 0.687500
vt 0.250000 0.187500
vt 0.250000 0.625000
vt 0.250000 0.125000
vt 0.250000 0.562500
vt 0.250000 0.500000
vt 0.218750 0.750000
vt 0.218750 0.687500
vt 0.218750 0.250000
vt 0.218750 0.187500
vt 0.218750 0.625000
vt 0.218750 0.125000
vt 0.218750 0.562500
vt 0.218750 0.062500
vt 0.218750 0.500000
vt 0.234375 1.000000
vt 0.218750 0.937500
vt 0.234375 0.000000
vt 0.218750 0.437500
vt 0.218750 0.875000
vt 0.218750 0.375000
vt 0.218750 0.812500
vt 0.218750 0.312500
vt 0.187500 0.437500
vt 0.187500 0.937500
vt 0.187500 0.875000
vt 0.187500 0.375000
vt 0.187500 0.812500
vt 0.187500 0.312500
vt 0.187500 0.750000
vt 0.187500 0.250000
vt 0.187500 0.687500
vt 0.187500 0.187500
vt 0.187500 0.625000
vt 0.187500 0.125000
vt 0.187500 0.562500
vt 0.187500 0.062500
vt 0.187500 0.500000
vt 0.203125 1.000000
vt 0.203125 0.000000
vt 0.156250 0.250000
vt 0.156250 0.187500
vt 0.156250 0.625000
vt 0.156250 0.125000
vt 0.156250 0.562500
vt 0.156250 0.062500
vt 0.156250 0.500000
vt 0.171875 1.000000
vt 0.156250 0.937500
vt 0.171875 0.000000
vt 0.156250 0.437500
vt 0.156250 0.875000
vt 0.156250 0.375000
vt 0.156250 0.812500
vt 0.156250 0.312500
vt 0.156250 0.750000
vt 0.156250 0.687500
vt 0.125000 0.875000
vt 0.125000 0.375000
vt 0.125000 0.812500
vt 0.125000 0.312500
vt 0.125000 0.750000
vt 0.125000 0.250000
vt 0.125000 0.687500
vt 0.125000 0.187500
vt 0.125000 0.625000
vt 0.125000 0.125000
vt 0.125000 0.562500
vt 0.125000 0.062500
vt 0.125000 0.500000
vt 0.140625 1.000000
vt 0.125000 0.937500
vt 0.140625 0.000000
vt 0.125000 0.437500
vt 0.093750 0.625000
vt 0.093750 0.125000
vt 0.093750 0.562500
vt 0.093750 0.062500
vt 0.093750 0.500000
vt 0.109375 1.000000
vt 0.093750 0.937500
vt 0.109375 0.000000
vt 0.093750 0.437500
vt 0.093750 0.875000
vt 0.093750 0.375000
vt 0.093750 0.812500
vt 0.093750 0.312500
vt 0.093750 0.750000
vt 0.093750 0.250000
vt 0.093750 0.687500
vt 0.093750 0.187500
vt 0.062500 0.375000
vt 0.062500 0.812500
vt 0.062500 0.312500
vt 0.062500 0.750000
vt 0.062500 0.250000
vt 0.062500 0.687500
vt 0.062500 0.187500
vt 0.062500 0.625000
vt 0.062500 0.125000
vt 0.062500 0.562500
vt 0.062500 0.062500
vt 0.062500 0.500000
vt 0.078125 1.000000
vt 0.062500 0.937500
vt 0.078125 0.000000
vt 0.062500 0.437500
vt 0.062500 0.875000
vt 0.031250 0.125000
vt 0.031250 0.625000
vt 0.031250 0.562500
vt 0.031250 0.062500
vt 0.031250 0.500000
vt 0.046875 1.000000
vt 0.031250 0.937500
vt 0.046875 0.000000
vt 0.031250 0.437500
vt 0.031250 0.875000
vt 0.031250 0.375000
vt 0.031250 0.812500
vt 0.031250 0.312500
vt 0.031250 0.750000
vt 0.031250 0.250000
vt 0.031250 0.687500
vt 0.031250 0.187500
vt 0.000000 0.375000
vt 0.000000 0.312500
vt 0.000000 0.750000
vt 0.000000 0.250000
vt 0.000000 0.687500
vt 0.000000 0.187500
vt 0.000000 0.625000
vt 0.000000 0.125000
vt 0.000000 0.562500
vt 0.000000 0.062500
vt 0.000000 0.500000
vt 0.015625 1.000000
vt 0.000000 0.937500
vt 0.015625 0.000000
vt 0.000000 0.437500
vt 0.000000 0.875000
vt 0.000000 0.812500
vt 1.000000 0.125000
vt 0.968750 0.062500
vt 1.000000 0.062500
vt 1.000000 0.500000
vt 0.968750 0.562500
vt 0.968750 0.500000
vt 1.000000 0.937500
vt 0.984375 1.000000
vt 0.968750 0.937500
vt 0.984375 0.000000
vt 0.968750 0.437500
vt 1.000000 0.437500
vt 0.968750 0.875000
vt 1.000000 0.875000
vt 0.968750 0.375000
vt 1.000000 0.375000
vt 1.000000 0.812500
vt 0.968750 0.812500
vt 1.000000 0.312500
vt 0.968750 0.312500
vt 0.968750 0.750000
vt 1.000000 0.750000
vt 0.968750 0.250000
vt 1.000000 0.250000
vt 1.000000 0.687500
vt 0.968750 0.687500
vt 1.000000 0.187500
vt 0.968750 0.187500
vt 0.968750 0.625000
vt 1.000000 0.625000
vt 0.968750 0.125000
vt 1.000000 0.562500
vt 0.937500 0.750000
vt 0.937500 0.250000
vt 0.937500 0.687500
vt 0.937500 0.187500
vt 0.937500 0.625000
vt 0.937500 0.125000
vt 0.937500 0.562500
vt 0.937500 0.062500
vt 0.937500 0.500000
vt 0.953125 1.000000
vt 0.937500 0.937500
vt 0.953125 0.000000
vt 0.937500 0.437500
vt 0.937500 0.875000
vt 0.937500 0.375000
vt 0.937500 0.812500
vt 0.937500 0.312500
vt 0.906250 0.562500
vt 0.906250 0.500000
vt 0.921875 1.000000
vt 0.906250 0.937500
vt 0.921875 0.000000
vt 0.906250 0.062500
vt 0.906250 0.437500
vt 0.906250 0.875000
vt 0.906250 0.375000
vt 0.906250 0.812500
vt 0.906250 0.312500
vt 0.906250 0.750000
vt 0.906250 0.250000
vt 0.906250 0.687500
vt 0.906250 0.187500
vt 0.906250 0.625000
vt 0.906250 0.125000
vt 0.875000 0.250000
vt 0.875000 0.750000
vt 0.875000 0.687500
vt 0.875000 0.187500
vt 0.875000 0.625000
vt 0.875000 0.125000
vt 0.875000 0.562500
vt 0.875000 0.062500
vt 0.875000 0.500000
vt 0.890625 1.000000
vt 0.875000 0.937500
vt 0.890625 0.000000
vt 0.875000 0.437500
vt 0.875000 0.875000
vt 0.875000 0.375000
vt 0.875000 0.812500
vt 0.875000 0.312500
vt 0.859375 1.000000
vt 0.843750 0.937500
vt 0.859375 0.000000
vt 0.843750 0.062500
vt 0.843750 0.437500
vt 0.843750 0.875000
vt 0.843750 0.375000
vt 0.843750 0.812500
vt 0.843750 0.312500
vt 0.843750 0.750000
vt 0.843750 0.250000
vt 0.843750 0.687500
vt 0.843750 0.187500
vt 0.843750 0.625000
vt 0.843750 0.125000
vt 0.843750 0.562500
vt 0.843750 0.500000
vt 0.812500 0.750000
vt 0.812500 0.687500
vt 0.812500 0.250000
vt 0.812500 0.187500
vt 0.812500 0.625000
vt 0.812500 0.125000
vt 0.812500 0.562500
vt 0.812500 0.062500
vt 0.812500 0.500000
vt 0.828125 1.000000
vt 0.812500 0.937500
vt 0.828125 0.000000
vt 0.812500 0.437500
vt 0.812500 0.875000
vt 0.812500 0.375000
vt 0.812500 0.812500
vt 0.812500 0.312500
vt 0.781250 0.437500
vt 0.781250 0.875000
vt 0.781250 0.375000
vt 0.781250 0.812500
vt 0.781250 0.312500
vt 0.781250 0.750000
vt 0.781250 0.250000
vt 0.781250 0.687500
vt 0.781250 0.187500
vt 0.781250 0.625000
vt 0.781250 0.125000
vt 0.781250 0.562500
vt 0.781250 0.062500
vt 0.781250 0.500000
vt 0.796875 1.000000
vt 0.781250 0.937500
vt 0.796875 0.000000
vt 0.765625 1.000000
vt 0.765625 0.000000
s 1
usemtl マテリアル.001
f 961/560/668 503/561/668 962/562/668
f 959/563/669 495/564/669 496/565/669
f 962/562/670 504/566/670 963/567/670
f 486/568/671 496/565/671 497/569/671
f 963/567/672 505/570/672 964/571/672
f 486/568/673 498/572/673 487/573/674
f 956/574/675 483/575/675 491/576/675
f 490/577/676 964/571/676 505/570/676
f 487/573/677 499/578/677 488/579/678
f 957/580/679 491/576/679 492/581/679
f 488/579/680 500/582/680 960/583/680
f 484/584/681 492/581/681 493/585/681
f 960/583/682 501/586/682 489/587/682
f 958/588/683 493/585/683 494/589/683
f 489/587/684 502/590/684 961/560/684
f 485/591/685 494/589/685 495/564/685
f 493/585/686 509/592/686 494/589/686
f 501/586/687 517/593/687 502/590/687
f 494/589/688 510/594/688 495/564/688
f 503/561/689 517/593/689 518/595/689
f 495/564/690 511/596/691 496/565/691
f 504/566/692 518/595/692 519/597/692
f 497/569/693 511/596/693 512/598/693
f 504/566/694 520/599/694 505/570/694
f 497/569/695 513/600/695 498/572/695
f 491/576/696 483/601/696 506/602/696
f 490/603/697 505/570/697 520/599/697
f 498/572/698 514/604/698 499/578/698
f 491/576/699 507/605/699 492/581/699
f 499/578/700 515/606/700 500/582/700
f 492/581/701 508/607/701 493/585/701
f 500/582/702 516/608/702 501/586/702
f 512/598/703 528/609/703 513/600/703
f 506/602/704 483/610/704 521/611/704
f 490/612/705 520/599/705 535/613/705
f 514/604/706 528/609/706 529/614/706
f 506/602/707 522/615/707 507/605/707
f 514/604/708 530/616/708 515/606/708
f 507/605/709 523/617/709 508/607/710
f 516/608/711 530/616/711 531/618/711
f 508/607/712 524/619/712 509/592/712
f 517/593/713 531/618/713 532/620/713
f 509/592/714 525/621/714 510/594/714
f 518/595/715 532/620/715 533/622/715
f 510/594/716 526/623/716 511/596/716
f 518/595/717 534/624/717 519/597/717
f 511/596/718 527/625/718 512/598/718
f 519/597/719 535/613/719 520/599/719
f 531/618/720 547/626/720 532/620/720
f 524/619/721 540/627/721 525/621/721
f 532/620/722 548/628/722 533/622/722
f 525/621/723 541/629/723 526/623/723
f 533/622/724 549/630/724 534/624/724
f 527/625/725 541/629/725 542/631/725
f 534/624/726 550/632/726 535/613/726
f 528/609/727 542/631/727 543/633/728
f 521/611/729 483/634/729 536/635/729
f 490/636/730 535/613/730 550/632/730
f 528/609/731 544/637/731 529/614/731
f 521/611/732 537/638/733 522/615/733
f 529/614/734 545/639/734 530/616/734
f 522/615/735 538/640/735 523/617/735
f 531/618/736 545/639/736 546/641/736
f 523/617/737 539/642/737 524/619/737
f 490/643/738 550/632/738 565/644/738
f 543/633/739 559/645/739 544/637/739
f 536/635/740 552/646/740 537/638/740
f 544/637/741 560/647/741 545/639/741
f 537/638/742 553/648/742 538/640/742
f 546/641/743 560/647/743 561/649/743
f 538/640/744 554/650/744 539/642/744
f 546/641/745 562/651/745 547/626/745
f 540/627/746 554/650/746 555/652/746
f 547/626/747 563/653/747 548/628/747
f 540/627/748 556/654/748 541/629/748
f 549/630/749 563/653/749 564/655/749
f 542/631/750 556/654/750 557/656/750
f 549/630/751 565/644/751 550/632/751
f 543/633/752 557/656/752 558/657/752
f 536/635/753 483/658/753 551/659/753
f 562/651/754 578/660/754 563/653/754
f 555/652/755 571/661/755 556/654/755
f 563/653/756 579/662/756 564/655/756
f 557/656/757 571/661/757 572/663/757
f 565/644/758 579/662/758 580/664/758
f 558/657/759 572/663/759 573/665/760
f 551/659/761 483/666/761 566/667/761
f 490/668/762 565/644/762 580/664/762
f 558/657/763 574/669/763 559/645/763
f 551/659/764 567/670/764 552/646/764
f 559/645/765 575/671/765 560/647/765
f 552/646/766 568/672/766 553/648/767
f 561/649/768 575/671/768 576/673/768
f 553/648/769 569/674/769 554/650/769
f 561/649/770 577/675/770 562/651/770
f 555/652/771 569/674/771 570/676/771
f 567/670/772 581/677/772 582/678/772
f 574/669/773 590/679/773 575/671/773
f 567/670/774 583/680/774 568/672/774
f 576/673/775 590/679/775 591/681/775
f 568/672/776 584/682/776 569/674/776
f 576/673/777 592/683/777 577/675/777
f 570/676/778 584/682/778 585/684/778
f 578/660/779 592/683/779 593/685/779
f 570/676/780 586/686/780 571/661/780
f 579/662/781 593/685/781 594/687/781
f 572/663/782 586/686/782 587/688/782
f 579/662/783 595/689/783 580/664/783
f 573/665/784 587/688/784 588/690/784
f 566/667/785 483/691/785 581/677/785
f 490/692/786 580/664/786 595/689/786
f 573/665/787 589/693/787 574/669/787
f 585/684/788 601/694/788 586/686/788
f 593/685/789 609/695/789 594/687/789
f 587/688/790 601/694/790 602/696/790
f 594/687/791 610/697/791 595/689/791
f 588/690/792 602/696/792 603/698/793
f 581/677/794 483/699/794 596/700/794
f 490/701/795 595/689/795 610/697/795
f 588/690/796 604/702/796 589/693/796
f 582/678/797 596/700/797 597/703/797
f 589/693/798 605/704/798 590/679/798
f 582/678/799 598/705/799 583/680/799
f 591/681/800 605/704/800 606/706/800
f 583/680/801 599/707/801 584/682/801
f 591/681/802 607/708/802 592/683/802
f 585/684/803 599/707/803 600/709/803
f 593/685/804 607/708/804 608/710/804
f 604/702/805 620/711/805 605/704/805
f 597/703/806 613/712/806 598/705/806
f 606/706/807 620/711/807 621/713/807
f 598/705/808 614/714/808 599/707/808
f 606/706/809 622/715/809 607/708/809
f 600/709/810 614/714/810 615/716/810
f 608/710/811 622/715/811 623/717/811
f 600/709/812 616/718/812 601/694/812
f 608/710/813 624/719/813 609/695/813
f 602/696/814 616/718/814 617/720/814
f 609/695/815 625/721/815 610/697/815
f 603/698/816 617/720/816 618/722/817
f 596/700/818 483/723/818 611/724/818
f 490/725/819 610/697/819 625/721/819
f 603/698/820 619/726/820 604/702/821
f 596/700/822 612/727/822 597/703/822
f 623/717/823 639/728/823 624/719/823
f 617/720/824 631/729/824 632/730/824
f 625/721/825 639/728/825 640/731/825
f 618/722/826 632/730/826 633/732/826
f 611/724/827 483/733/827 626/734/827
f 490/735/828 625/721/828 640/731/828
f 618/722/829 634/736/829 619/726/829
f 611/724/830 627/737/830 612/727/830
f 619/726/831 635/738/831 620/711/831
f 613/712/832 627/737/832 628/739/832
f 621/713/833 635/738/833 636/740/834
f 613/712/835 629/741/835 614/714/835
f 621/713/836 637/742/836 622/715/836
f 615/716/837 629/741/837 630/743/837
f 623/717/838 637/742/838 638/744/838
f 615/716/839 631/729/839 616/718/839
f 628/739/840 642/745/841 643/746/840
f 636/740/842 650/747/842 651/748/842
f 628/739/843 644/749/843 629/741/843
f 636/740/844 652/750/844 637/742/844
f 630/743/845 644/749/845 645/751/845
f 638/744/846 652/750/846 653/752/846
f 630/743/847 646/753/847 631/729/847
f 638/744/848 654/754/849 639/728/849
f 632/730/850 646/753/850 647/755/850
f 639/728/851 655/756/851 640/731/851
f 633/732/852 647/755/852 648/757/852
f 626/734/853 483/758/853 641/759/853
f 490/760/854 640/731/854 655/756/854
f 633/732/855 649/761/855 634/736/855
f 626/734/856 642/745/856 627/737/856
f 634/736/857 650/747/857 635/738/857
f 647/755/858 661/762/858 662/763/858
f 655/756/859 669/764/859 670/765/859
f 648/757/860 662/763/860 663/766/860
f 641/759/861 483/767/861 656/768/861
f 490/769/862 655/756/862 670/765/862
f 648/757/863 664/770/863 649/761/863
f 641/759/864 657/771/864 642/745/864
f 649/761/865 665/772/865 650/747/865
f 642/745/866 658/773/866 643/746/866
f 651/748/867 665/772/867 666/774/867
f 643/746/868 659/775/868 644/749/868
f 651/748/869 667/776/869 652/750/869
f 645/751/870 659/775/870 660/777/870
f 652/750/871 668/778/871 653/752/871
f 645/751/872 661/762/872 646/753/872
f 654/754/873 668/778/873 669/764/873
f 666/774/874 680/779/874 681/780/874
f 658/773/875 674/781/875 659/775/875
f 666/774/876 682/782/876 667/776/876
f 660/777/877 674/781/877 675/783/877
f 668/778/878 682/782/878 683/784/878
f 660/777/879 676/785/879 661/762/879
f 668/778/880 684/786/880 669/764/880
f 662/763/881 676/785/881 677/787/881
f 669/764/882 685/788/883 670/765/883
f 663/766/884 677/787/884 678/789/884
f 656/768/885 483/790/885 671/791/885
f 490/792/886 670/765/886 685/788/886
f 663/766/887 679/793/887 664/770/887
f 657/771/888 671/791/889 672/794/888
f 664/770/890 680/779/890 665/772/890
f 658/773/891 672/794/891 673/795/891
f 684/786/892 700/796/892 685/788/892
f 678/789/893 692/797/893 693/798/893
f 671/791/894 483/799/894 686/800/894
f 490/801/895 685/788/895 700/796/895
f 678/789/896 694/802/896 679/793/896
f 671/791/897 687/803/897 672/794/897
f 679/793/898 695/804/898 680/779/898
f 672/794/899 688/805/899 673/795/899
f 681/780/900 695/804/900 696/806/900
f 673/795/901 689/807/901 674/781/901
f 681/780/902 697/808/902 682/782/902
f 675/783/903 689/807/903 690/809/903
f 683/784/904 697/808/904 698/810/904
f 675/783/905 691/811/905 676/785/905
f 683/784/906 699/812/906 684/786/906
f 677/787/907 691/811/907 692/797/907
f 696/806/908 712/813/908 697/808/908
f 690/809/909 704/814/909 705/815/909
f 698/810/910 712/813/910 713/816/910
f 690/809/911 706/817/911 691/811/911
f 698/810/912 714/818/912 699/812/912
f 692/797/913 706/817/913 707/819/913
f 699/812/914 715/820/914 700/796/914
f 693/798/915 707/819/915 708/821/915
f 686/800/916 483/822/916 701/823/916
f 490/824/917 700/796/917 715/820/917
f 693/798/918 709/825/918 694/802/919
f 686/800/920 702/826/920 687/803/920
f 694/802/921 710/827/921 695/804/921
f 687/803/922 703/828/922 688/805/922
f 696/806/923 710/827/923 711/829/923
f 688/805/924 704/814/924 689/807/924
f 701/823/925 483/830/925 716/831/925
f 490/832/926 715/820/926 730/833/926
f 708/821/927 724/834/927 709/825/928
f 701/823/929 717/835/929 702/826/929
f 709/825/930 725/836/930 710/827/930
f 703/828/931 717/835/931 718/837/931
f 711/829/932 725/836/932 726/838/932
f 703/828/933 719/839/933 704/814/933
f 711/829/934 727/840/934 712/813/934
f 705/815/935 719/839/935 720/841/935
f 713/816/936 727/840/936 728/842/936
f 705/815/937 721/843/937 706/817/937
f 713/816/938 729/844/938 714/818/938
f 707/819/939 721/843/939 722/845/939
f 715/820/940 729/844/940 730/833/940
f 708/821/941 722/845/941 723/846/941
f 720/841/942 734/847/942 735/848/942
f 728/842/943 742/849/943 743/850/943
f 720/841/944 736/851/944 721/843/944
f 728/842/945 744/852/945 729/844/945
f 722/845/946 736/851/946 737/853/946
f 729/844/947 745/854/947 730/833/947
f 723/846/948 737/853/948 738/855/949
f 716/831/950 483/856/950 731/857/950
f 490/858/951 730/833/951 745/854/951
f 723/846/952 739/859/952 724/834/953
f 716/831/954 732/860/954 717/835/954
f 724/834/955 740/861/955 725/836/955
f 717/835/956 733/862/956 718/837/956
f 726/838/957 740/861/957 741/863/957
f 718/837/958 734/847/958 719/839/958
f 726/838/959 742/849/959 727/840/959
f 738/855/960 754/864/960 739/859/960
f 732/860/961 746/865/961 747/866/961
f 739/859/962 755/867/962 740/861/962
f 732/860/963 748/868/963 733/862/963
f 741/863/964 755/867/964 756/869/964
f 733/862/965 749/870/965 734/847/965
f 741/863/966 757/871/966 742/849/966
f 735/848/967 749/870/967 750/872/967
f 743/850/968 757/871/968 758/873/968
f 735/848/969 751/874/969 736/851/969
f 743/850/970 759/875/970 744/852/970
f 737/853/971 751/874/971 752/876/971
f 744/852/972 760/877/972 745/854/972
f 738/855/973 752/876/973 753/878/974
f 731/857/975 483/879/975 746/865/975
f 490/880/976 745/854/976 760/877/976
f 758/873/977 772/881/977 773/882/977
f 750/872/978 766/883/978 751/874/978
f 758/873/979 774/884/980 759/875/980
f 752/876/981 766/883/981 767/885/981
f 760/877/982 774/884/982 775/886/982
f 753/878/983 767/885/983 768/887/983
f 746/865/984 483/888/984 761/889/984
f 490/890/985 760/877/985 775/886/985
f 753/878/986 769/891/986 754/864/986
f 747/866/987 761/889/987 762/892/987
f 754/864/988 770/893/988 755/867/988
f 747/866/989 763/894/990 748/868/990
f 756/869/991 770/893/991 771/895/991
f 748/868/992 764/896/992 749/870/992
f 756/869/993 772/881/993 757/871/993
f 750/872/994 764/896/994 765/897/994
f 761/889/995 777/898/996 762/892/996
f 769/891/997 785/899/997 770/893/997
f 762/892/998 778/900/998 763/894/998
f 771/895/999 785/899/999 786/901/999
f 763/894/1000 779/902/1000 764/896/1000
f 771/895/1001 787/903/1001 772/881/1001
f 765/897/1002 779/902/1002 780/904/1002
f 773/882/1003 787/903/1003 788/905/1003
f 765/897/1004 781/906/1004 766/883/1004
f 773/882/1005 789/907/1005 774/884/1005
f 767/885/1006 781/906/1006 782/908/1006
f 775/886/1007 789/907/1008 790/909/1007
f 768/887/1009 782/908/1009 783/910/1009
f 761/889/1010 483/911/1010 776/912/1010
f 490/913/1011 775/886/1011 790/909/1011
f 768/887/1012 784/914/1012 769/891/1012
f 780/904/1013 796/915/1013 781/906/1013
f 788/905/1014 804/916/1014 789/907/1014
f 782/908/1015 796/915/1015 797/917/1015
f 789/907/1016 805/918/1016 790/909/1016
f 783/910/1017 797/917/1017 798/919/1017
f 776/912/1018 483/920/1018 791/921/1018
f 490/922/1019 790/909/1019 805/918/1019
f 783/910/1020 799/923/1020 784/914/1020
f 776/912/1021 792/924/1021 777/898/1021
f 784/914/1022 800/925/1022 785/899/1022
f 777/898/1023 793/926/1023 778/900/1023
f 786/901/1024 800/925/1024 801/927/1024
f 778/900/1025 794/928/1025 779/902/1025
f 786/901/1026 802/929/1026 787/903/1026
f 780/904/1027 794/928/1027 795/930/1027
f 788/905/1028 802/929/1028 803/931/1028
f 799/923/1029 815/932/1029 800/925/1029
f 792/924/1030 808/933/1030 793/926/1030
f 801/927/1031 815/932/1031 816/934/1031
f 793/926/1032 809/935/1032 794/928/1032
f 801/927/1033 817/936/1033 802/929/1033
f 794/928/1034 810/937/1034 795/930/1034
f 803/931/1035 817/936/1035 818/938/1035
f 795/930/1036 811/939/1036 796/915/1036
f 803/931/1037 819/940/1037 804/916/1037
f 797/917/1038 811/939/1038 812/941/1038
f 804/916/1039 820/942/1039 805/918/1039
f 798/919/1040 812/941/1040 813/943/1041
f 791/921/1042 483/944/1042 806/945/1042
f 490/946/1043 805/918/1043 820/942/1043
f 798/919/1044 814/947/1044 799/923/1044
f 791/921/1045 807/948/1045 792/924/1045
f 818/938/1046 834/949/1046 819/940/1046
f 812/941/1047 826/950/1047 827/951/1047
f 819/940/1048 835/952/1048 820/942/1048
f 813/943/1049 827/951/1049 828/953/1049
f 806/945/1050 483/954/1050 821/955/1050
f 490/956/1051 820/942/1051 835/952/1051
f 813/943/1052 829/957/1052 814/947/1052
f 806/945/1053 822/958/1053 807/948/1053
f 814/947/1054 830/959/1054 815/932/1054
f 807/948/1055 823/960/1055 808/933/1055
f 816/934/1056 830/959/1056 831/961/1056
f 808/933/1057 824/962/1057 809/935/1057
f 816/934/1058 832/963/1058 817/936/1058
f 810/937/1059 824/962/1059 825/964/1059
f 818/938/1060 832/963/1060 833/965/1060
f 810/937/1061 826/950/1061 811/939/1061
f 831/961/1062 845/966/1062 846/967/1062
f 823/960/1063 839/968/1063 824/962/1063
f 831/961/1064 847/969/1064 832/963/1064
f 825/964/1065 839/968/1065 840/970/1065
f 833/965/1066 847/969/1066 848/971/1066
f 825/964/1067 841/972/1067 826/950/1067
f 833/965/1068 849/973/1068 834/949/1068
f 827/951/1069 841/972/1069 842/974/1069
f 834/949/1070 850/975/1070 835/952/1070
f 828/953/1071 842/974/1071 843/976/1071
f 821/955/1072 483/977/1072 836/978/1072
f 490/979/1073 835/952/1073 850/975/1073
f 828/953/1074 844/980/1074 829/957/1074
f 821/955/1075 837/981/1075 822/958/1075
f 829/957/1076 845/966/1076 830/959/1076
f 823/960/1077 837/981/1077 838/982/1077
f 849/983/1078 865/984/1078 850/985/1078
f 843/986/1079 857/987/1079 858/988/1079
f 836/989/1080 483/990/1080 851/991/1080
f 490/992/1081 850/985/1081 865/984/1081
f 843/986/1082 859/993/1082 844/994/1082
f 836/989/1083 852/995/1083 837/996/1083
f 844/994/1084 860/997/1084 845/998/1084
f 838/999/1085 852/995/1085 853/1000/1085
f 846/1001/1086 860/997/1086 861/1002/1086
f 838/999/1087 854/1003/1087 839/1004/1087
f 846/1001/1088 862/1005/1088 847/1006/1088
f 840/1007/1089 854/1003/1089 855/1008/1089
f 848/1009/1090 862/1005/1090 863/1010/1090
f 840/1007/1091 856/1011/1091 841/1012/1091
f 848/1009/1092 864/1013/1092 849/983/1092
f 842/1014/1093 856/1011/1093 857/987/1093
f 853/1000/1094 869/1015/1094 854/1003/1094
f 861/1002/1095 877/1016/1095 862/1005/1095
f 855/1008/1096 869/1015/1096 870/1017/1096
f 863/1010/1097 877/1016/1097 878/1018/1097
f 855/1008/1098 871/1019/1098 856/1011/1098
f 863/1010/1099 879/1020/1099 864/1013/1099
f 857/987/1100 871/1019/1100 872/1021/1100
f 864/1013/1101 880/1022/1101 865/984/1101
f 858/988/1102 872/1021/1102 873/1023/1102
f 851/991/1103 483/1024/1103 866/1025/1103
f 490/1026/1104 865/984/1104 880/1022/1104
f 858/988/1105 874/1027/1105 859/993/1105
f 851/991/1106 867/1028/1106 852/995/1106
f 859/993/1107 875/1029/1107 860/997/1107
f 853/1000/1108 867/1028/1108 868/1030/1108
f 861/1002/1109 875/1029/1109 876/1031/1109
f 873/1023/1110 887/1032/1110 888/1033/1110
f 866/1025/1111 483/1034/1111 881/1035/1111
f 490/1036/1112 880/1022/1112 895/1037/1112
f 873/1023/1113 889/1038/1113 874/1027/1113
f 867/1028/1114 881/1035/1114 882/1039/1114
f 874/1027/1115 890/1040/1115 875/1029/1115
f 867/1028/1116 883/1041/1117 868/1030/1117
f 876/1031/1118 890/1040/1118 891/1042/1118
f 868/1030/1119 884/1043/1119 869/1015/1119
f 876/1031/1120 892/1044/1120 877/1016/1120
f 870/1017/1121 884/1043/1121 885/1045/1121
f 878/1018/1122 892/1044/1122 893/1046/1122
f 870/1017/1123 886/1047/1123 871/1019/1123
f 879/1020/1124 893/1046/1125 894/1048/1124
f 872/1021/1126 886/1047/1126 887/1032/1126
f 879/1020/1127 895/1037/1127 880/1022/1127
f 891/1042/1128 907/1049/1128 892/1044/1128
f 885/1045/1129 899/1050/1129 900/1051/1129
f 893/1046/1130 907/1049/1130 908/1052/1130
f 885/1045/1131 901/1053/1131 886/1047/1131
f 893/1046/1132 909/1054/1132 894/1048/1132
f 887/1032/1133 901/1053/1133 902/1055/1133
f 894/1048/1134 910/1056/1134 895/1037/1134
f 888/1033/1135 902/1055/1135 903/1057/1135
f 881/1035/1136 483/1058/1136 896/1059/1136
f 490/1060/1137 895/1037/1137 910/1056/1137
f 888/1033/1138 904/1061/1138 889/1038/1138
f 881/1035/1139 897/1062/1139 882/1039/1139
f 889/1038/1140 905/1063/1140 890/1040/1140
f 883/1041/1141 897/1062/1141 898/1064/1141
f 891/1042/1142 905/1063/1142 906/1065/1142
f 883/1041/1143 899/1050/1143 884/1043/1143
f 896/1059/1144 483/1066/1144 911/1067/1144
f 490/1068/1145 910/1056/1145 925/1069/1145
f 903/1057/1146 919/1070/1146 904/1061/1146
f 896/1059/1147 912/1071/1147 897/1062/1147
f 904/1061/1148 920/1072/1148 905/1063/1148
f 898/1064/1149 912/1071/1149 913/1073/1149
f 906/1065/1150 920/1072/1150 921/1074/1150
f 898/1064/1151 914/1075/1151 899/1050/1151
f 906/1065/1152 922/1076/1152 907/1049/1152
f 900/1051/1153 914/1075/1153 915/1077/1153
f 908/1052/1154 922/1076/1154 923/1078/1154
f 900/1051/1155 916/1079/1155 901/1053/1155
f 908/1052/1156 924/1080/1156 909/1054/1156
f 902/1055/1157 916/1079/1157 917/1081/1157
f 909/1054/1158 925/1069/1159 910/1056/1159
f 903/1057/1160 917/1081/1160 918/1082/1160
f 915/1077/1161 929/1083/1161 930/1084/1161
f 923/1078/1162 937/1085/1162 938/1086/1162
f 915/1077/1163 931/1087/1163 916/1079/1163
f 923/1078/1164 939/1088/1164 924/1080/1164
f 917/1081/1165 931/1087/1165 932/1089/1165
f 924/1080/1166 940/1090/1166 925/1069/1166
f 918/1082/1167 932/1089/1167 933/1091/1168
f 911/1067/1169 483/1092/1169 926/1093/1169
f 490/1094/1170 925/1069/1170 940/1090/1170
f 918/1082/1171 934/1095/1171 919/1070/1171
f 912/1071/1172 926/1093/1172 927/1096/1172
f 919/1070/1173 935/1097/1173 920/1072/1173
f 912/1071/1174 928/1098/1174 913/1073/1174
f 921/1074/1175 935/1097/1175 936/1099/1175
f 913/1073/1176 929/1083/1176 914/1075/1176
f 921/1074/1177 937/1085/1177 922/1076/1177
f 933/1091/1178 949/1100/1178 934/1095/1178
f 926/1093/1179 942/1101/1179 927/1096/1179
f 934/1095/1180 950/1102/1180 935/1097/1180
f 928/1098/1181 942/1101/1181 943/1103/1181
f 936/1099/1182 950/1102/1182 951/1104/1182
f 928/1098/1183 944/1105/1183 929/1083/1183
f 936/1099/1184 952/1106/1184 937/1085/1184
f 930/1084/1185 944/1105/1185 945/1107/1185
f 938/1086/1186 952/1106/1186 953/1108/1186
f 930/1084/1187 946/1109/1187 931/1087/1187
f 938/1086/1188 954/1110/1188 939/1088/1188
f 932/1089/1189 946/1109/1189 947/1111/1189
f 940/1090/1190 954/1110/1190 955/1112/1190
f 933/1091/1191 947/1111/1191 948/1113/1191
f 926/1093/1192 483/1114/1192 941/1115/1192
f 490/1116/1193 940/1090/1193 955/1112/1193
f 953/1108/1194 961/560/1194 962/562/1194
f 946/1109/1195 485/591/1195 959/563/1195
f 953/1108/1196 963/567/1196 954/1110/1196
f 947/1111/1197 959/563/1197 486/568/1197
f 954/1110/1198 964/571/1198 955/1112/1198
f 948/1113/1199 486/568/1199 487/573/1200
f 941/1115/1201 483/1117/1201 956/574/1201
f 490/1118/1202 955/1112/1202 964/571/1202
f 948/1113/1203 488/579/1203 949/1100/1203
f 942/1101/1204 956/574/1204 957/580/1204
f 949/1100/1205 960/583/1205 950/1102/1205
f 943/1103/1206 957/580/1206 484/584/1206
f 950/1102/1207 489/587/1207 951/1104/1207
f 944/1105/1208 484/584/1208 958/588/1208
f 951/1104/1209 961/560/1209 952/1106/1209
f 945/1107/1210 958/588/1210 485/591/1210
f 961/560/668 502/590/668 503/561/668
f 959/563/669 485/591/669 495/564/669
f 962/562/670 503/561/670 504/566/670
f 486/568/671 959/563/671 496/565/671
f 963/567/672 504/566/672 505/570/672
f 486/568/673 497/569/673 498/572/673
f 487/573/677 498/572/1211 499/578/677
f 957/580/679 956/574/679 491/576/679
f 488/579/680 499/578/680 500/582/680
f 484/584/681 957/580/681 492/581/681
f 960/583/682 500/582/682 501/586/682
f 958/588/683 484/584/683 493/585/683
f 489/587/684 501/586/684 502/590/684
f 485/591/685 958/588/685 494/589/685
f 493/585/686 508/607/686 509/592/686
f 501/586/687 516/608/687 517/593/687
f 494/589/688 509/592/688 510/594/688
f 503/561/689 502/590/689 517/593/689
f 495/564/690 510/594/690 511/596/691
f 504/566/692 503/561/692 518/595/692
f 497/569/693 496/565/693 511/596/693
f 504/566/694 519/597/694 520/599/694
f 497/569/695 512/598/695 513/600/695
f 498/572/698 513/600/698 514/604/698
f 491/576/699 506/602/699 507/605/699
f 499/578/700 514/604/700 515/606/700
f 492/581/701 507/605/701 508/607/701
f 500/582/702 515/606/1212 516/608/702
f 512/598/703 527/625/703 528/609/703
f 514/604/706 513/600/706 528/609/706
f 506/602/707 521/611/707 522/615/707
f 514/604/708 529/614/708 530/616/708
f 507/605/709 522/615/709 523/617/709
f 516/608/711 515/606/711 530/616/711
f 508/607/712 523/617/712 524/619/712
f 517/593/713 516/608/713 531/618/713
f 509/592/714 524/619/714 525/621/714
f 518/595/715 517/593/715 532/620/715
f 510/594/716 525/621/716 526/623/716
f 518/595/717 533/622/1213 534/624/717
f 511/596/718 526/623/718 527/625/718
f 519/597/719 534/624/719 535/613/719
f 531/618/720 546/641/720 547/626/720
f 524/619/721 539/642/721 540/627/721
f 532/620/722 547/626/722 548/628/722
f 525/621/723 540/627/723 541/629/723
f 533/622/724 548/628/724 549/630/724
f 527/625/725 526/623/725 541/629/725
f 534/624/726 549/630/726 550/632/726
f 528/609/727 527/625/727 542/631/727
f 528/609/731 543/633/1214 544/637/731
f 521/611/732 536/635/732 537/638/733
f 529/614/734 544/637/734 545/639/734
f 522/615/735 537/638/735 538/640/735
f 531/618/736 530/616/736 545/639/736
f 523/617/737 538/640/737 539/642/737
f 543/633/739 558/657/739 559/645/739
f 536/635/740 551/659/740 552/646/740
f 544/637/741 559/645/741 560/647/741
f 537/638/742 552/646/742 553/648/742
f 546/641/743 545/639/743 560/647/743
f 538/640/744 553/648/744 554/650/744
f 546/641/745 561/649/745 562/651/745
f 540/627/746 539/642/746 554/650/746
f 547/626/747 562/651/747 563/653/747
f 540/627/748 555/652/748 556/654/748
f 549/630/749 548/628/749 563/653/749
f 542/631/750 541/629/750 556/654/750
f 549/630/751 564/655/751 565/644/751
f 543/633/752 542/631/752 557/656/752
f 562/651/754 577/675/754 578/660/754
f 555/652/755 570/676/755 571/661/755
f 563/653/756 578/660/756 579/662/756
f 557/656/757 556/654/757 571/661/757
f 565/644/758 564/655/758 579/662/758
f 558/657/759 557/656/759 572/663/759
f 558/657/763 573/665/1215 574/669/763
f 551/659/764 566/667/764 567/670/764
f 559/645/765 574/669/765 575/671/765
f 552/646/766 567/670/766 568/672/766
f 561/649/768 560/647/768 575/671/768
f 553/648/769 568/672/769 569/674/769
f 561/649/770 576/673/770 577/675/770
f 555/652/771 554/650/771 569/674/771
f 567/670/772 566/667/772 581/677/772
f 574/669/773 589/693/773 590/679/773
f 567/670/774 582/678/774 583/680/774
f 576/673/775 575/671/775 590/679/775
f 568/672/776 583/680/776 584/682/776
f 576/673/777 591/681/777 592/683/777
f 570/676/778 569/674/778 584/682/778
f 578/660/779 577/675/779 592/683/779
f 570/676/780 585/684/780 586/686/780
f 579/662/781 578/660/781 593/685/781
f 572/663/782 571/661/782 586/686/782
f 579/662/783 594/687/783 595/689/783
f 573/665/784 572/663/784 587/688/784
f 573/665/787 588/690/787 589/693/787
f 585/684/788 600/709/788 601/694/788
f 593/685/789 608/710/789 609/695/789
f 587/688/790 586/686/790 601/694/790
f 594/687/791 609/695/791 610/697/791
f 588/690/792 587/688/792 602/696/792
f 588/690/796 603/698/1216 604/702/796
f 582/678/797 581/677/797 596/700/797
f 589/693/798 604/702/798 605/704/798
f 582/678/799 597/703/799 598/705/799
f 591/681/800 590/679/800 605/704/800
f 583/680/801 598/705/801 599/707/801
f 591/681/802 606/706/802 607/708/802
f 585/684/803 584/682/803 599/707/803
f 593/685/804 592/683/804 607/708/804
f 604/702/805 619/726/805 620/711/805
f 597/703/806 612/727/806 613/712/806
f 606/706/807 605/704/807 620/711/807
f 598/705/808 613/712/808 614/714/808
f 606/706/809 621/713/809 622/715/809
f 600/709/810 599/707/810 614/714/810
f 608/710/811 607/708/811 622/715/811
f 600/709/812 615/716/812 616/718/812
f 608/710/813 623/717/813 624/719/813
f 602/696/814 601/694/814 616/718/814
f 609/695/815 624/719/815 625/721/815
f 603/698/816 602/696/1217 617/720/816
f 603/698/820 618/722/1218 619/726/820
f 596/700/822 611/724/822 612/727/822
f 623/717/823 638/744/823 639/728/823
f 617/720/824 616/718/824 631/729/824
f 625/721/825 624/719/825 639/728/825
f 618/722/826 617/720/826 632/730/826
f 618/722/829 633/732/829 634/736/829
f 611/724/830 626/734/830 627/737/830
f 619/726/831 634/736/831 635/738/831
f 613/712/832 612/727/832 627/737/832
f 621/713/833 620/711/833 635/738/833
f 613/712/835 628/739/835 629/741/835
f 621/713/836 636/740/836 637/742/836
f 615/716/837 614/714/837 629/741/837
f 623/717/838 622/715/838 637/742/838
f 615/716/839 630/743/1219 631/729/839
f 628/739/840 627/737/841 642/745/841
f 636/740/842 635/738/842 650/747/842
f 628/739/843 643/746/843 644/749/843
f 636/740/844 651/748/844 652/750/844
f 630/743/845 629/741/845 644/749/845
f 638/744/846 637/742/846 652/750/846
f 630/743/847 645/751/847 646/753/847
f 638/744/848 653/752/848 654/754/849
f 632/730/850 631/729/850 646/753/850
f 639/728/851 654/754/851 655/756/851
f 633/732/852 632/730/852 647/755/852
f 633/732/855 648/757/855 649/761/855
f 626/734/856 641/759/856 642/745/856
f 634/736/857 649/761/857 650/747/857
f 647/755/858 646/753/858 661/762/858
f 655/756/859 654/754/859 669/764/859
f 648/757/860 647/755/860 662/763/860
f 648/757/863 663/766/863 664/770/863
f 641/759/864 656/768/864 657/771/864
f 649/761/865 664/770/865 665/772/865
f 642/745/866 657/771/866 658/773/866
f 651/748/867 650/747/867 665/772/867
f 643/746/868 658/773/868 659/775/868
f 651/748/869 666/774/869 667/776/869
f 645/751/870 644/749/870 659/775/870
f 652/750/871 667/776/871 668/778/871
f 645/751/872 660/777/872 661/762/872
f 654/754/873 653/752/873 668/778/873
f 666/774/874 665/772/874 680/779/874
f 658/773/875 673/795/875 674/781/875
f 666/774/876 681/780/876 682/782/876
f 660/777/877 659/775/877 674/781/877
f 668/778/878 667/776/878 682/782/878
f 660/777/879 675/783/879 676/785/879
f 668/778/880 683/784/880 684/786/880
f 662/763/881 661/762/881 676/785/881
f 669/764/882 684/786/882 685/788/883
f 663/766/884 662/763/884 677/787/884
f 663/766/887 678/789/887 679/793/887
f 657/771/888 656/768/889 671/791/889
f 664/770/890 679/793/890 680/779/890
f 658/773/891 657/771/891 672/794/891
f 684/786/892 699/812/892 700/796/892
f 678/789/893 677/787/893 692/797/893
f 678/789/896 693/798/896 694/802/896
f 671/791/897 686/800/897 687/803/897
f 679/793/898 694/802/898 695/804/898
f 672/794/899 687/803/899 688/805/899
f 681/780/900 680/779/900 695/804/900
f 673/795/901 688/805/901 689/807/901
f 681/780/902 696/806/902 697/808/902
f 675/783/903 674/781/903 689/807/903
f 683/784/904 682/782/904 697/808/904
f 675/783/905 690/809/905 691/811/905
f 683/784/906 698/810/906 699/812/906
f 677/787/907 676/785/907 691/811/907
f 696/806/908 711/829/908 712/813/908
f 690/809/909 689/807/909 704/814/909
f 698/810/910 697/808/910 712/813/910
f 690/809/911 705/815/911 706/817/911
f 698/810/912 713/816/912 714/818/912
f 692/797/913 691/811/913 706/817/913
f 699/812/914 714/818/914 715/820/914
f 693/798/915 692/797/1220 707/819/915
f 693/798/918 708/821/918 709/825/918
f 686/800/920 701/823/920 702/826/920
f 694/802/921 709/825/921 710/827/921
f 687/803/922 702/826/922 703/828/922
f 696/806/923 695/804/923 710/827/923
f 688/805/924 703/828/924 704/814/924
f 708/821/927 723/846/927 724/834/927
f 701/823/929 716/831/929 717/835/929
f 709/825/930 724/834/930 725/836/930
f 703/828/931 702/826/931 717/835/931
f 711/829/932 710/827/932 725/836/932
f 703/828/933 718/837/933 719/839/933
f 711/829/934 726/838/934 727/840/934
f 705/815/935 704/814/935 719/839/935
f 713/816/936 712/813/936 727/840/936
f 705/815/937 720/841/937 721/843/937
f 713/816/938 728/842/938 729/844/938
f 707/819/939 706/817/939 721/843/939
f 715/820/940 714/818/940 729/844/940
f 708/821/941 707/819/1221 722/845/941
f 720/841/942 719/839/942 734/847/942
f 728/842/943 727/840/943 742/849/943
f 720/841/944 735/848/944 736/851/944
f 728/842/945 743/850/945 744/852/945
f 722/845/946 721/843/946 736/851/946
f 729/844/947 744/852/947 745/854/947
f 723/846/948 722/845/1222 737/853/948
f 723/846/952 738/855/1223 739/859/952
f 716/831/954 731/857/1224 732/860/954
f 724/834/955 739/859/955 740/861/955
f 717/835/956 732/860/956 733/862/956
f 726/838/957 725/836/957 740/861/957
f 718/837/958 733/862/958 734/847/958
f 726/838/959 741/863/959 742/849/959
f 738/855/960 753/878/1225 754/864/960
f 732/860/961 731/857/961 746/865/961
f 739/859/962 754/864/962 755/867/962
f 732/860/963 747/866/963 748/868/963
f 741/863/964 740/861/964 755/867/964
f 733/862/965 748/868/965 749/870/965
f 741/863/966 756/869/966 757/871/966
f 735/848/967 734/847/967 749/870/967
f 743/850/968 742/849/968 757/871/968
f 735/848/969 750/872/969 751/874/969
f 743/850/970 758/873/970 759/875/970
f 737/853/971 736/851/971 751/874/971
f 744/852/972 759/875/972 760/877/972
f 738/855/973 737/853/973 752/876/973
f 758/873/977 757/871/977 772/881/977
f 750/872/978 765/897/978 766/883/978
f 758/873/979 773/882/979 774/884/980
f 752/876/981 751/874/981 766/883/981
f 760/877/982 759/875/982 774/884/982
f 753/878/983 752/876/983 767/885/983
f 753/878/986 768/887/986 769/891/986
f 747/866/987 746/865/987 761/889/987
f 754/864/988 769/891/988 770/893/988
f 747/866/989 762/892/989 763/894/990
f 756/869/991 755/867/991 770/893/991
f 748/868/992 763/894/992 764/896/992
f 756/869/993 771/895/993 772/881/993
f 750/872/994 749/870/994 764/896/994
f 761/889/995 776/912/995 777/898/996
f 769/891/997 784/914/997 785/899/997
f 762/892/998 777/898/998 778/900/998
f 771/895/999 770/893/999 785/899/999
f 763/894/1000 778/900/1000 779/902/1000
f 771/895/1001 786/901/1001 787/903/1001
f 765/897/1002 764/896/1002 779/902/1002
f 773/882/1003 772/881/1003 787/903/1003
f 765/897/1004 780/904/1004 781/906/1004
f 773/882/1005 788/905/1005 789/907/1005
f 767/885/1006 766/883/1006 781/906/1006
f 775/886/1007 774/884/1008 789/907/1008
f 768/887/1009 767/885/1009 782/908/1009
f 768/887/1012 783/910/1012 784/914/1012
f 780/904/1013 795/930/1013 796/915/1013
f 788/905/1014 803/931/1014 804/916/1014
f 782/908/1015 781/906/1015 796/915/1015
f 789/907/1016 804/916/1016 805/918/1016
f 783/910/1017 782/908/1017 797/917/1017
f 783/910/1020 798/919/1020 799/923/1020
f 776/912/1021 791/921/1021 792/924/1021
f 784/914/1022 799/923/1022 800/925/1022
f 777/898/1023 792/924/1023 793/926/1023
f 786/901/1024 785/899/1024 800/925/1024
f 778/900/1025 793/926/1025 794/928/1025
f 786/901/1026 801/927/1026 802/929/1026
f 780/904/1027 779/902/1027 794/928/1027
f 788/905/1028 787/903/1028 802/929/1028
f 799/923/1029 814/947/1029 815/932/1029
f 792/924/1030 807/948/1030 808/933/1030
f 801/927/1031 800/925/1031 815/932/1031
f 793/926/1032 808/933/1032 809/935/1032
f 801/927/1033 816/934/1033 817/936/1033
f 794/928/1034 809/935/1034 810/937/1034
f 803/931/1035 802/929/1035 817/936/1035
f 795/930/1036 810/937/1036 811/939/1036
f 803/931/1037 818/938/1037 819/940/1037
f 797/917/1038 796/915/1038 811/939/1038
f 804/916/1039 819/940/1039 820/942/1039
f 798/919/1040 797/917/1040 812/941/1040
f 798/919/1044 813/943/1226 814/947/1044
f 791/921/1045 806/945/1045 807/948/1045
f 818/938/1046 833/965/1046 834/949/1046
f 812/941/1047 811/939/1047 826/950/1047
f 819/940/1048 834/949/1048 835/952/1048
f 813/943/1049 812/941/1049 827/951/1049
f 813/943/1052 828/953/1052 829/957/1052
f 806/945/1053 821/955/1053 822/958/1053
f 814/947/1054 829/957/1054 830/959/1054
f 807/948/1055 822/958/1055 823/960/1055
f 816/934/1056 815/932/1056 830/959/1056
f 808/933/1057 823/960/1057 824/962/1057
f 816/934/1058 831/961/1058 832/963/1058
f 810/937/1059 809/935/1059 824/962/1059
f 818/938/1060 817/936/1060 832/963/1060
f 810/937/1061 825/964/1061 826/950/1061
f 831/961/1062 830/959/1062 845/966/1062
f 823/960/1063 838/982/1063 839/968/1063
f 831/961/1064 846/967/1064 847/969/1064
f 825/964/1065 824/962/1065 839/968/1065
f 833/965/1066 832/963/1066 847/969/1066
f 825/964/1067 840/970/1067 841/972/1067
f 833/965/1068 848/971/1068 849/973/1068
f 827/951/1069 826/950/1069 841/972/1069
f 834/949/1070 849/973/1070 850/975/1070
f 828/953/1071 827/951/1071 842/974/1071
f 828/953/1074 843/976/1074 844/980/1074
f 821/955/1075 836/978/1075 837/981/1075
f 829/957/1076 844/980/1076 845/966/1076
f 823/960/1077 822/958/1077 837/981/1077
f 849/983/1078 864/1013/1078 865/984/1078
f 843/986/1079 842/1014/1079 857/987/1079
f 843/986/1082 858/988/1082 859/993/1082
f 836/989/1083 851/991/1083 852/995/1083
f 844/994/1084 859/993/1084 860/997/1084
f 838/999/1085 837/996/1085 852/995/1085
f 846/1001/1086 845/998/1086 860/997/1086
f 838/999/1087 853/1000/1087 854/1003/1087
f 846/1001/1088 861/1002/1088 862/1005/1088
f 840/1007/1089 839/1004/1089 854/1003/1089
f 848/1009/1090 847/1006/1090 862/1005/1090
f 840/1007/1091 855/1008/1091 856/1011/1091
f 848/1009/1092 863/1010/1092 864/1013/1092
f 842/1014/1093 841/1012/1093 856/1011/1093
f 853/1000/1094 868/1030/1094 869/1015/1094
f 861/1002/1095 876/1031/1095 877/1016/1095
f 855/1008/1096 854/1003/1096 869/1015/1096
f 863/1010/1097 862/1005/1097 877/1016/1097
f 855/1008/1098 870/1017/1098 871/1019/1098
f 863/1010/1099 878/1018/1099 879/1020/1099
f 857/987/1100 856/1011/1100 871/1019/1100
f 864/1013/1101 879/1020/1101 880/1022/1101
f 858/988/1102 857/987/1102 872/1021/1102
f 858/988/1105 873/1023/1105 874/1027/1105
f 851/991/1106 866/1025/1106 867/1028/1106
f 859/993/1107 874/1027/1107 875/1029/1107
f 853/1000/1108 852/995/1108 867/1028/1108
f 861/1002/1109 860/997/1109 875/1029/1109
f 873/1023/1110 872/1021/1110 887/1032/1110
f 873/1023/1113 888/1033/1113 889/1038/1113
f 867/1028/1114 866/1025/1114 881/1035/1114
f 874/1027/1115 889/1038/1115 890/1040/1115
f 867/1028/1116 882/1039/1116 883/1041/1117
f 876/1031/1118 875/1029/1118 890/1040/1118
f 868/1030/1119 883/1041/1119 884/1043/1119
f 876/1031/1120 891/1042/1120 892/1044/1120
f 870/1017/1121 869/1015/1121 884/1043/1121
f 878/1018/1122 877/1016/1122 892/1044/1122
f 870/1017/1123 885/1045/1123 886/1047/1123
f 879/1020/1124 878/1018/1125 893/1046/1125
f 872/1021/1126 871/1019/1126 886/1047/1126
f 879/1020/1127 894/1048/1127 895/1037/1127
f 891/1042/1128 906/1065/1128 907/1049/1128
f 885/1045/1129 884/1043/1129 899/1050/1129
f 893/1046/1130 892/1044/1130 907/1049/1130
f 885/1045/1131 900/1051/1131 901/1053/1131
f 893/1046/1132 908/1052/1132 909/1054/1132
f 887/1032/1133 886/1047/1133 901/1053/1133
f 894/1048/1134 909/1054/1134 910/1056/1134
f 888/1033/1135 887/1032/1135 902/1055/1135
f 888/1033/1138 903/1057/1138 904/1061/1138
f 881/1035/1139 896/1059/1139 897/1062/1139
f 889/1038/1140 904/1061/1140 905/1063/1140
f 883/1041/1141 882/1039/1141 897/1062/1141
f 891/1042/1142 890/1040/1142 905/1063/1142
f 883/1041/1143 898/1064/1143 899/1050/1143
f 903/1057/1146 918/1082/1146 919/1070/1146
f 896/1059/1147 911/1067/1147 912/1071/1147
f 904/1061/1148 919/1070/1148 920/1072/1148
f 898/1064/1149 897/1062/1149 912/1071/1149
f 906/1065/1150 905/1063/1150 920/1072/1150
f 898/1064/1151 913/1073/1151 914/1075/1151
f 906/1065/1152 921/1074/1152 922/1076/1152
f 900/1051/1153 899/1050/1153 914/1075/1153
f 908/1052/1154 907/1049/1154 922/1076/1154
f 900/1051/1155 915/1077/1155 916/1079/1155
f 908/1052/1156 923/1078/1156 924/1080/1156
f 902/1055/1157 901/1053/1157 916/1079/1157
f 909/1054/1158 924/1080/1158 925/1069/1159
f 903/1057/1160 902/1055/1160 917/1081/1160
f 915/1077/1161 914/1075/1161 929/1083/1161
f 923/1078/1162 922/1076/1162 937/1085/1162
f 915/1077/1163 930/1084/1163 931/1087/1163
f 923/1078/1164 938/1086/1164 939/1088/1164
f 917/1081/1165 916/1079/1165 931/1087/1165
f 924/1080/1166 939/1088/1166 940/1090/1166
f 918/1082/1167 917/1081/1167 932/1089/1167
f 918/1082/1171 933/1091/1227 934/1095/1171
f 912/1071/1172 911/1067/1228 926/1093/1172
f 919/1070/1173 934/1095/1173 935/1097/1173
f 912/1071/1174 927/1096/1174 928/1098/1174
f 921/1074/1175 920/1072/1175 935/1097/1175
f 913/1073/1176 928/1098/1176 929/1083/1176
f 921/1074/1177 936/1099/1177 937/1085/1177
f 933/1091/1178 948/1113/1178 949/1100/1178
f 926/1093/1179 941/1115/1179 942/1101/1179
f 934/1095/1180 949/1100/1180 950/1102/1180
f 928/1098/1181 927/1096/1181 942/1101/1181
f 936/1099/1182 935/1097/1182 950/1102/1182
f 928/1098/1183 943/1103/1183 944/1105/1183
f 936/1099/1184 951/1104/1184 952/1106/1184
f 930/1084/1185 929/1083/1185 944/1105/1185
f 938/1086/1186 937/1085/1186 952/1106/1186
f 930/1084/1187 945/1107/1187 946/1109/1187
f 938/1086/1188 953/1108/1188 954/1110/1188
f 932/1089/1189 931/1087/1189 946/1109/1189
f 940/1090/1190 939/1088/1190 954/1110/1190
f 933/1091/1191 932/1089/1191 947/1111/1191
f 953/1108/1194 952/1106/1194 961/560/1194
f 946/1109/1195 945/1107/1195 485/591/1195
f 953/1108/1196 962/562/1196 963/567/1196
f 947/1111/1197 946/1109/1197 959/563/1197
f 954/1110/1198 963/567/1198 964/571/1198
f 948/1113/1199 947/1111/1199 486/568/1199
f 948/1113/1203 487/573/1229 488/579/1203
f 942/1101/1204 941/1115/1230 956/574/1204
f 949/1100/1205 488/579/1205 960/583/1205
f 943/1103/1206 942/1101/1206 957/580/1206
f 950/1102/1207 960/583/1207 489/587/1207
f 944/1105/1208 943/1103/1208 484/584/1208
f 951/1104/1209 489/587/1209 961/560/1209
f 945/1107/1210 944/1105/1210 958/588/1210
