# Blender 4.4.3
# www.blender.org
mtllib text_pushtospace.mtl
o テキスト
v 1.827308 0.085385 -0.040000
v 1.827308 -0.061538 -0.040000
v 1.821058 -0.062997 -0.040000
v 1.815128 -0.064551 -0.040000
v 1.809519 -0.066202 -0.040000
v 1.804231 -0.067949 -0.040000
v 1.799263 -0.069792 -0.040000
v 1.794615 -0.071731 -0.040000
v 1.790288 -0.073766 -0.040000
v 1.786282 -0.075897 -0.040000
v 1.782596 -0.078125 -0.040000
v 1.779231 -0.080449 -0.040000
v 1.776186 -0.082869 -0.040000
v 1.773462 -0.085385 -0.040000
v 1.755000 -0.103846 -0.040000
v 1.755000 -0.070000 -0.040000
v 1.680385 -0.070000 -0.040000
v 1.680465 -0.085235 -0.040000
v 1.680705 -0.099402 -0.040000
v 1.681106 -0.112500 -0.040000
v 1.681667 -0.124530 -0.040000
v 1.682388 -0.135491 -0.040000
v 1.683269 -0.145385 -0.040000
v 1.684311 -0.154209 -0.040000
v 1.685513 -0.161966 -0.040000
v 1.686875 -0.168654 -0.040000
v 1.688397 -0.174274 -0.040000
v 1.690080 -0.178825 -0.040000
v 1.691923 -0.182308 -0.040000
v 1.695067 -0.186976 -0.040000
v 1.698344 -0.191239 -0.040000
v 1.701755 -0.195096 -0.040000
v 1.705299 -0.198547 -0.040000
v 1.708977 -0.201592 -0.040000
v 1.712788 -0.204231 -0.040000
v 1.716733 -0.206464 -0.040000
v 1.720812 -0.208291 -0.040000
v 1.725024 -0.209712 -0.040000
v 1.729370 -0.210727 -0.040000
v 1.733849 -0.211335 -0.040000
v 1.738461 -0.211538 -0.040000
v 1.743080 -0.211410 -0.040000
v 1.747575 -0.211026 -0.040000
v 1.751947 -0.210385 -0.040000
v 1.756197 -0.209487 -0.040000
v 1.760323 -0.208333 -0.040000
v 1.764327 -0.206923 -0.040000
v 1.768208 -0.205256 -0.040000
v 1.771966 -0.203333 -0.040000
v 1.775601 -0.201154 -0.040000
v 1.779113 -0.198718 -0.040000
v 1.782503 -0.196026 -0.040000
v 1.785769 -0.193077 -0.040000
v 1.788857 -0.190192 -0.040000
v 1.791709 -0.187436 -0.040000
v 1.794327 -0.184808 -0.040000
v 1.796709 -0.182308 -0.040000
v 1.798857 -0.179936 -0.040000
v 1.800769 -0.177692 -0.040000
v 1.802447 -0.175577 -0.040000
v 1.803889 -0.173590 -0.040000
v 1.805096 -0.171731 -0.040000
v 1.806068 -0.170000 -0.040000
v 1.806806 -0.168397 -0.040000
v 1.807308 -0.166923 -0.040000
v 1.818077 -0.131538 -0.040000
v 1.818077 -0.223846 -0.040000
v 1.736538 -0.223846 -0.040000
v 1.728403 -0.223670 -0.040000
v 1.720406 -0.223141 -0.040000
v 1.712548 -0.222260 -0.040000
v 1.704829 -0.221026 -0.040000
v 1.697249 -0.219439 -0.040000
v 1.689808 -0.217500 -0.040000
v 1.682505 -0.215208 -0.040000
v 1.675342 -0.212564 -0.040000
v 1.668317 -0.209567 -0.040000
v 1.661432 -0.206218 -0.040000
v 1.654685 -0.202516 -0.040000
v 1.648077 -0.198462 -0.040000
v 1.641811 -0.193713 -0.040000
v 1.636090 -0.187927 -0.040000
v 1.630913 -0.181106 -0.040000
v 1.626282 -0.173248 -0.040000
v 1.622196 -0.164354 -0.040000
v 1.618654 -0.154423 -0.040000
v 1.615657 -0.143456 -0.040000
v 1.613205 -0.131453 -0.040000
v 1.611298 -0.118413 -0.040000
v 1.609936 -0.104338 -0.040000
v 1.609119 -0.089225 -0.040000
v 1.608846 -0.073077 -0.040000
v 1.609167 -0.056747 -0.040000
v 1.610128 -0.041346 -0.040000
v 1.611731 -0.026875 -0.040000
v 1.613974 -0.013333 -0.040000
v 1.616859 -0.000721 -0.040000
v 1.620385 0.010962 -0.040000
v 1.624551 0.021715 -0.040000
v 1.629359 0.031538 -0.040000
v 1.634808 0.040433 -0.040000
v 1.640897 0.048397 -0.040000
v 1.647628 0.055433 -0.040000
v 1.655000 0.061538 -0.040000
v 1.660491 0.065347 -0.040000
v 1.666197 0.068825 -0.040000
v 1.672115 0.071971 -0.040000
v 1.678248 0.074786 -0.040000
v 1.684594 0.077270 -0.040000
v 1.691154 0.079423 -0.040000
v 1.697927 0.081245 -0.040000
v 1.704915 0.082735 -0.040000
v 1.712115 0.083894 -0.040000
v 1.719530 0.084722 -0.040000
v 1.727158 0.085219 -0.040000
v 1.735000 0.085385 -0.040000
v 1.680385 -0.053077 -0.040000
v 1.755000 -0.053077 -0.040000
v 1.755000 0.073077 -0.040000
v 1.722692 0.073077 -0.040000
v 1.716405 0.072201 -0.040000
v 1.710620 0.069573 -0.040000
v 1.705337 0.065192 -0.040000
v 1.700556 0.059060 -0.040000
v 1.696277 0.051175 -0.040000
v 1.692500 0.041538 -0.040000
v 1.689225 0.030150 -0.040000
v 1.686453 0.017009 -0.040000
v 1.684183 0.002115 -0.040000
v 1.682415 -0.014530 -0.040000
v 1.681149 -0.032927 -0.040000
v 1.473462 0.008462 -0.040000
v 1.475855 0.008504 -0.040000
v 1.478162 0.008632 -0.040000
v 1.480385 0.008846 -0.040000
v 1.482521 0.009145 -0.040000
v 1.484573 0.009530 -0.040000
v 1.486538 0.010000 -0.040000
v 1.488419 0.010556 -0.040000
v 1.490213 0.011197 -0.040000
v 1.491923 0.011923 -0.040000
v 1.493547 0.012735 -0.040000
v 1.495085 0.013632 -0.040000
v 1.496539 0.014615 -0.040000
v 1.499322 0.017212 -0.040000
v 1.501774 0.019872 -0.040000
v 1.503894 0.022596 -0.040000
v 1.505684 0.025385 -0.040000
v 1.507142 0.028237 -0.040000
v 1.508269 0.031154 -0.040000
v 1.509065 0.034135 -0.040000
v 1.509530 0.037179 -0.040000
v 1.509664 0.040288 -0.040000
v 1.509466 0.043462 -0.040000
v 1.508937 0.046699 -0.040000
v 1.508077 0.050000 -0.040000
v 1.506752 0.053440 -0.040000
v 1.505342 0.056581 -0.040000
v 1.503846 0.059423 -0.040000
v 1.502265 0.061966 -0.040000
v 1.500598 0.064209 -0.040000
v 1.498846 0.066154 -0.040000
v 1.497009 0.067799 -0.040000
v 1.495086 0.069145 -0.040000
v 1.493077 0.070192 -0.040000
v 1.490983 0.070940 -0.040000
v 1.488804 0.071389 -0.040000
v 1.486539 0.071538 -0.040000
v 1.464231 0.071538 -0.040000
v 1.457473 0.070534 -0.040000
v 1.451303 0.067521 -0.040000
v 1.445721 0.062500 -0.040000
v 1.440727 0.055470 -0.040000
v 1.436320 0.046432 -0.040000
v 1.432500 0.035385 -0.040000
v 1.429268 0.022329 -0.040000
v 1.426624 0.007265 -0.040000
v 1.424567 -0.009808 -0.040000
v 1.423098 -0.028889 -0.040000
v 1.422217 -0.049979 -0.040000
v 1.421923 -0.073077 -0.040000
v 1.422003 -0.087938 -0.040000
v 1.422244 -0.101752 -0.040000
v 1.422644 -0.114519 -0.040000
v 1.423205 -0.126239 -0.040000
v 1.423926 -0.136912 -0.040000
v 1.424808 -0.146538 -0.040000
v 1.425849 -0.155118 -0.040000
v 1.427051 -0.162650 -0.040000
v 1.428414 -0.169135 -0.040000
v 1.429936 -0.174573 -0.040000
v 1.431619 -0.178964 -0.040000
v 1.433462 -0.182308 -0.040000
v 1.436603 -0.186856 -0.040000
v 1.439872 -0.191015 -0.040000
v 1.443269 -0.194784 -0.040000
v 1.446795 -0.198162 -0.040000
v 1.450449 -0.201151 -0.040000
v 1.454231 -0.203750 -0.040000
v 1.458141 -0.205959 -0.040000
v 1.462180 -0.207778 -0.040000
v 1.466346 -0.209207 -0.040000
v 1.470641 -0.210246 -0.040000
v 1.475064 -0.210895 -0.040000
v 1.479615 -0.211154 -0.040000
v 1.484172 -0.211087 -0.040000
v 1.488611 -0.210759 -0.040000
v 1.492933 -0.210168 -0.040000
v 1.497137 -0.209316 -0.040000
v 1.501223 -0.208202 -0.040000
v 1.505192 -0.206827 -0.040000
v 1.509044 -0.205190 -0.040000
v 1.512778 -0.203291 -0.040000
v 1.516394 -0.201130 -0.040000
v 1.519893 -0.198707 -0.040000
v 1.523275 -0.196023 -0.040000
v 1.526538 -0.193077 -0.040000
v 1.529749 -0.190075 -0.040000
v 1.532714 -0.187222 -0.040000
v 1.535433 -0.184519 -0.040000
v 1.537906 -0.181966 -0.040000
v 1.540133 -0.179562 -0.040000
v 1.542115 -0.177308 -0.040000
v 1.543851 -0.175203 -0.040000
v 1.545342 -0.173248 -0.040000
v 1.546587 -0.171442 -0.040000
v 1.547585 -0.169786 -0.040000
v 1.548339 -0.168280 -0.040000
v 1.548846 -0.166923 -0.040000
v 1.558846 -0.131538 -0.040000
v 1.558846 -0.223846 -0.040000
v 1.478077 -0.223846 -0.040000
v 1.468803 -0.223694 -0.040000
v 1.459957 -0.223237 -0.040000
v 1.451538 -0.222476 -0.040000
v 1.443547 -0.221410 -0.040000
v 1.435983 -0.220040 -0.040000
v 1.428846 -0.218365 -0.040000
v 1.422137 -0.216386 -0.040000
v 1.415855 -0.214103 -0.040000
v 1.410000 -0.211514 -0.040000
v 1.404573 -0.208622 -0.040000
v 1.399573 -0.205425 -0.040000
v 1.395000 -0.201923 -0.040000
v 1.390759 -0.198184 -0.040000
v 1.386752 -0.194274 -0.040000
v 1.382981 -0.190192 -0.040000
v 1.379444 -0.185940 -0.040000
v 1.376143 -0.181517 -0.040000
v 1.373077 -0.176923 -0.040000
v 1.370246 -0.172158 -0.040000
v 1.367650 -0.167222 -0.040000
v 1.365288 -0.162115 -0.040000
v 1.363162 -0.156838 -0.040000
v 1.361271 -0.151389 -0.040000
v 1.359615 -0.145769 -0.040000
v 1.358141 -0.139965 -0.040000
v 1.356795 -0.133964 -0.040000
v 1.355577 -0.127764 -0.040000
v 1.354487 -0.121367 -0.040000
v 1.353526 -0.114773 -0.040000
v 1.352692 -0.107981 -0.040000
v 1.351987 -0.100991 -0.040000
v 1.351410 -0.093803 -0.040000
v 1.350962 -0.086418 -0.040000
v 1.350641 -0.078835 -0.040000
v 1.350449 -0.071055 -0.040000
v 1.350385 -0.063077 -0.040000
v 1.350705 -0.049295 -0.040000
v 1.351667 -0.036154 -0.040000
v 1.353269 -0.023654 -0.040000
v 1.355513 -0.011795 -0.040000
v 1.358398 -0.000577 -0.040000
v 1.361923 0.010000 -0.040000
v 1.366090 0.019936 -0.040000
v 1.370898 0.029231 -0.040000
v 1.376346 0.037885 -0.040000
v 1.382436 0.045897 -0.040000
v 1.389167 0.053269 -0.040000
v 1.396538 0.060000 -0.040000
v 1.401330 0.063809 -0.040000
v 1.406218 0.067286 -0.040000
v 1.411202 0.070433 -0.040000
v 1.416282 0.073248 -0.040000
v 1.421458 0.075732 -0.040000
v 1.426731 0.077885 -0.040000
v 1.432099 0.079706 -0.040000
v 1.437564 0.081197 -0.040000
v 1.443125 0.082356 -0.040000
v 1.448782 0.083184 -0.040000
v 1.454535 0.083681 -0.040000
v 1.460385 0.083846 -0.040000
v 1.475198 0.083216 -0.040000
v 1.489124 0.081581 -0.040000
v 1.502164 0.078942 -0.040000
v 1.514316 0.075299 -0.040000
v 1.525582 0.070652 -0.040000
v 1.535962 0.065000 -0.040000
v 1.545454 0.058344 -0.040000
v 1.554060 0.050684 -0.040000
v 1.561779 0.042019 -0.040000
v 1.568611 0.032350 -0.040000
v 1.574557 0.021677 -0.040000
v 1.579615 0.010000 -0.040000
v 1.543462 -0.028462 -0.040000
v 1.537922 -0.024444 -0.040000
v 1.532329 -0.020598 -0.040000
v 1.526683 -0.016923 -0.040000
v 1.520983 -0.013419 -0.040000
v 1.515230 -0.010085 -0.040000
v 1.509423 -0.006923 -0.040000
v 1.503563 -0.003932 -0.040000
v 1.497650 -0.001111 -0.040000
v 1.491683 0.001538 -0.040000
v 1.485662 0.004017 -0.040000
v 1.479589 0.006325 -0.040000
v 1.205769 0.073077 -0.040000
v 1.209429 0.072943 -0.040000
v 1.212970 0.072543 -0.040000
v 1.216394 0.071875 -0.040000
v 1.219701 0.070940 -0.040000
v 1.222890 0.069738 -0.040000
v 1.225962 0.068269 -0.040000
v 1.228916 0.066533 -0.040000
v 1.231752 0.064530 -0.040000
v 1.234471 0.062260 -0.040000
v 1.237073 0.059722 -0.040000
v 1.239557 0.056918 -0.040000
v 1.241923 0.053846 -0.040000
v 1.245684 0.055150 -0.040000
v 1.249274 0.056496 -0.040000
v 1.252692 0.057885 -0.040000
v 1.255940 0.059316 -0.040000
v 1.259017 0.060791 -0.040000
v 1.261923 0.062308 -0.040000
v 1.264658 0.063868 -0.040000
v 1.267222 0.065470 -0.040000
v 1.269615 0.067115 -0.040000
v 1.271838 0.068803 -0.040000
v 1.273889 0.070534 -0.040000
v 1.275769 0.072308 -0.040000
v 1.276373 0.072906 -0.040000
v 1.277158 0.073675 -0.040000
v 1.278125 0.074615 -0.040000
v 1.279274 0.075727 -0.040000
v 1.280604 0.077009 -0.040000
v 1.282116 0.078462 -0.040000
v 1.283809 0.080085 -0.040000
v 1.285684 0.081880 -0.040000
v 1.287741 0.083846 -0.040000
v 1.289979 0.085983 -0.040000
v 1.292399 0.088291 -0.040000
v 1.295000 0.090769 -0.040000
v 1.294231 -0.187692 -0.040000
v 1.294231 -0.200000 -0.040000
v 1.290208 -0.200908 -0.040000
v 1.286346 -0.201838 -0.040000
v 1.282644 -0.202788 -0.040000
v 1.279103 -0.203761 -0.040000
v 1.275721 -0.204754 -0.040000
v 1.272500 -0.205769 -0.040000
v 1.269439 -0.206806 -0.040000
v 1.266539 -0.207863 -0.040000
v 1.263798 -0.208942 -0.040000
v 1.261218 -0.210043 -0.040000
v 1.258798 -0.211165 -0.040000
v 1.256539 -0.212308 -0.040000
v 1.255134 -0.213093 -0.040000
v 1.253739 -0.213910 -0.040000
v 1.252356 -0.214760 -0.040000
v 1.250983 -0.215641 -0.040000
v 1.249621 -0.216554 -0.040000
v 1.248269 -0.217500 -0.040000
v 1.246929 -0.218478 -0.040000
v 1.245598 -0.219487 -0.040000
v 1.244279 -0.220529 -0.040000
v 1.242970 -0.221603 -0.040000
v 1.241672 -0.222708 -0.040000
v 1.240385 -0.223846 -0.040000
v 1.225769 -0.236923 -0.040000
v 1.221154 -0.242308 -0.040000
v 1.220876 -0.241047 -0.040000
v 1.220556 -0.239829 -0.040000
v 1.220192 -0.238654 -0.040000
v 1.219786 -0.237521 -0.040000
v 1.219338 -0.236432 -0.040000
v 1.218846 -0.235385 -0.040000
v 1.218312 -0.234380 -0.040000
v 1.217735 -0.233419 -0.040000
v 1.217115 -0.232500 -0.040000
v 1.216453 -0.231624 -0.040000
v 1.215748 -0.230791 -0.040000
v 1.215000 -0.230000 -0.040000
v 1.214706 -0.229738 -0.040000
v 1.214338 -0.229466 -0.040000
v 1.213894 -0.229183 -0.040000
v 1.213376 -0.228889 -0.040000
v 1.212783 -0.228584 -0.040000
v 1.212116 -0.228269 -0.040000
v 1.211373 -0.227943 -0.040000
v 1.210556 -0.227607 -0.040000
v 1.209664 -0.227260 -0.040000
v 1.208697 -0.226902 -0.040000
v 1.207655 -0.226533 -0.040000
v 1.206539 -0.226154 -0.040000
v 1.205529 -0.225785 -0.040000
v 1.204551 -0.225449 -0.040000
v 1.203606 -0.225144 -0.040000
v 1.202692 -0.224872 -0.040000
v 1.201811 -0.224631 -0.040000
v 1.200962 -0.224423 -0.040000
v 1.200144 -0.224247 -0.040000
v 1.199359 -0.224103 -0.040000
v 1.198606 -0.223990 -0.040000
v 1.197885 -0.223910 -0.040000
v 1.197196 -0.223862 -0.040000
v 1.196539 -0.223846 -0.040000
v 1.191923 -0.223846 -0.040000
v 1.182655 -0.223697 -0.040000
v 1.173825 -0.223248 -0.040000
v 1.165433 -0.222500 -0.040000
v 1.157479 -0.221453 -0.040000
v 1.149963 -0.220107 -0.040000
v 1.142885 -0.218462 -0.040000
v 1.136245 -0.216517 -0.040000
v 1.130043 -0.214273 -0.040000
v 1.124279 -0.211731 -0.040000
v 1.118953 -0.208889 -0.040000
v 1.114065 -0.205748 -0.040000
v 1.109615 -0.202308 -0.040000
v 1.105251 -0.198416 -0.040000
v 1.101133 -0.194434 -0.040000
v 1.097260 -0.190361 -0.040000
v 1.093633 -0.186197 -0.040000
v 1.090251 -0.181942 -0.040000
v 1.087116 -0.177596 -0.040000
v 1.084226 -0.173160 -0.040000
v 1.081581 -0.168632 -0.040000
v 1.079183 -0.164014 -0.040000
v 1.077030 -0.159306 -0.040000
v 1.075123 -0.154506 -0.040000
v 1.073462 -0.149615 -0.040000
v 1.071987 -0.144554 -0.040000
v 1.070641 -0.139241 -0.040000
v 1.069423 -0.133678 -0.040000
v 1.068334 -0.127863 -0.040000
v 1.067372 -0.121798 -0.040000
v 1.066539 -0.115481 -0.040000
v 1.065834 -0.108913 -0.040000
v 1.065257 -0.102094 -0.040000
v 1.064808 -0.095024 -0.040000
v 1.064487 -0.087703 -0.040000
v 1.064295 -0.080131 -0.040000
v 1.064231 -0.072308 -0.040000
v 1.064551 -0.058889 -0.040000
v 1.065513 -0.046068 -0.040000
v 1.067116 -0.033846 -0.040000
v 1.069359 -0.022222 -0.040000
v 1.072244 -0.011197 -0.040000
v 1.075769 -0.000769 -0.040000
v 1.079936 0.009060 -0.040000
v 1.084744 0.018291 -0.040000
v 1.090192 0.026923 -0.040000
v 1.096282 0.034957 -0.040000
v 1.103013 0.042393 -0.040000
v 1.110385 0.049231 -0.040000
v 1.115395 0.053040 -0.040000
v 1.120940 0.056517 -0.040000
v 1.127019 0.059663 -0.040000
v 1.133633 0.062479 -0.040000
v 1.140780 0.064963 -0.040000
v 1.148462 0.067115 -0.040000
v 1.156677 0.068937 -0.040000
v 1.165427 0.070427 -0.040000
v 1.174712 0.071587 -0.040000
v 1.184530 0.072415 -0.040000
v 1.194883 0.072911 -0.040000
v 1.135000 -0.082308 -0.040000
v 1.135086 -0.092751 -0.040000
v 1.135342 -0.102799 -0.040000
v 1.135769 -0.112452 -0.040000
v 1.136368 -0.121709 -0.040000
v 1.137137 -0.130572 -0.040000
v 1.138077 -0.139038 -0.040000
v 1.139188 -0.147110 -0.040000
v 1.140470 -0.154786 -0.040000
v 1.141923 -0.162067 -0.040000
v 1.143547 -0.168953 -0.040000
v 1.145342 -0.175443 -0.040000
v 1.147308 -0.181538 -0.040000
v 1.149402 -0.187190 -0.040000
v 1.151581 -0.192350 -0.040000
v 1.153846 -0.197019 -0.040000
v 1.156197 -0.201197 -0.040000
v 1.158633 -0.204882 -0.040000
v 1.161154 -0.208077 -0.040000
v 1.163761 -0.210780 -0.040000
v 1.166453 -0.212991 -0.040000
v 1.169231 -0.214712 -0.040000
v 1.172094 -0.215940 -0.040000
v 1.175043 -0.216677 -0.040000
v 1.178077 -0.216923 -0.040000
v 1.181237 -0.216691 -0.040000
v 1.184306 -0.215994 -0.040000
v 1.187284 -0.214832 -0.040000
v 1.190171 -0.213205 -0.040000
v 1.192968 -0.211114 -0.040000
v 1.195673 -0.208558 -0.040000
v 1.198288 -0.205537 -0.040000
v 1.200812 -0.202051 -0.040000
v 1.203245 -0.198101 -0.040000
v 1.205588 -0.193686 -0.040000
v 1.207839 -0.188806 -0.040000
v 1.210000 -0.183462 -0.040000
v 1.212027 -0.177647 -0.040000
v 1.213878 -0.171357 -0.040000
v 1.215553 -0.164591 -0.040000
v 1.217051 -0.157350 -0.040000
v 1.218374 -0.149634 -0.040000
v 1.219519 -0.141442 -0.040000
v 1.220489 -0.132775 -0.040000
v 1.221282 -0.123632 -0.040000
v 1.221899 -0.114014 -0.040000
v 1.222340 -0.103921 -0.040000
v 1.222604 -0.093352 -0.040000
v 1.222692 -0.082308 -0.040000
v 1.222692 0.036923 -0.040000
v 1.221806 0.038905 -0.040000
v 1.220940 0.040748 -0.040000
v 1.220096 0.042452 -0.040000
v 1.219274 0.044017 -0.040000
v 1.218472 0.045443 -0.040000
v 1.217692 0.046731 -0.040000
v 1.216934 0.047879 -0.040000
v 1.216197 0.048889 -0.040000
v 1.215481 0.049760 -0.040000
v 1.214786 0.050491 -0.040000
v 1.214113 0.051084 -0.040000
v 1.213462 0.051538 -0.040000
v 1.199615 0.060000 -0.040000
v 1.178077 0.060000 -0.040000
v 1.171197 0.059012 -0.040000
v 1.164915 0.056047 -0.040000
v 1.159231 0.051106 -0.040000
v 1.154145 0.044188 -0.040000
v 1.149658 0.035294 -0.040000
v 1.145769 0.024423 -0.040000
v 1.142479 0.011576 -0.040000
v 1.139786 -0.003248 -0.040000
v 1.137692 -0.020048 -0.040000
v 1.136197 -0.038825 -0.040000
v 1.135299 -0.059578 -0.040000
v 0.963462 -0.056154 -0.040000
v 0.963379 -0.046912 -0.040000
v 0.963131 -0.037906 -0.040000
v 0.962717 -0.029135 -0.040000
v 0.962137 -0.020598 -0.040000
v 0.961392 -0.012297 -0.040000
v 0.960481 -0.004231 -0.040000
v 0.959405 0.003600 -0.040000
v 0.958163 0.011197 -0.040000
v 0.956755 0.018558 -0.040000
v 0.955182 0.025684 -0.040000
v 0.953443 0.032575 -0.040000
v 0.951539 0.039231 -0.040000
v 0.949503 0.045497 -0.040000
v 0.947372 0.051218 -0.040000
v 0.945144 0.056394 -0.040000
v 0.942821 0.061026 -0.040000
v 0.940401 0.065112 -0.040000
v 0.937885 0.068654 -0.040000
v 0.935273 0.071651 -0.040000
v 0.932564 0.074103 -0.040000
v 0.929760 0.076010 -0.040000
v 0.926859 0.077372 -0.040000
v 0.923862 0.078189 -0.040000
v 0.920769 0.078462 -0.040000
v 0.917676 0.078202 -0.040000
v 0.914680 0.077425 -0.040000
v 0.911779 0.076130 -0.040000
v 0.908975 0.074316 -0.040000
v 0.906266 0.071985 -0.040000
v 0.903654 0.069135 -0.040000
v 0.901138 0.065767 -0.040000
v 0.898718 0.061880 -0.040000
v 0.896394 0.057476 -0.040000
v 0.894167 0.052553 -0.040000
v 0.892035 0.047113 -0.040000
v 0.890000 0.041154 -0.040000
v 0.888096 0.034778 -0.040000
v 0.886357 0.028088 -0.040000
v 0.884784 0.021082 -0.040000
v 0.883376 0.013761 -0.040000
v 0.882134 0.006124 -0.040000
v 0.881058 -0.001827 -0.040000
v 0.880147 -0.010093 -0.040000
v 0.879402 -0.018675 -0.040000
v 0.878822 -0.027572 -0.040000
v 0.878408 -0.036784 -0.040000
v 0.878160 -0.046311 -0.040000
v 0.878077 -0.056154 -0.040000
v 0.878374 -0.078269 -0.040000
v 0.879263 -0.098462 -0.040000
v 0.880745 -0.116731 -0.040000
v 0.882821 -0.133077 -0.040000
v 0.885489 -0.147500 -0.040000
v 0.888750 -0.160000 -0.040000
v 0.892604 -0.170577 -0.040000
v 0.897051 -0.179231 -0.040000
v 0.902091 -0.185962 -0.040000
v 0.907724 -0.190769 -0.040000
v 0.913950 -0.193654 -0.040000
v 0.920769 -0.194615 -0.040000
v 0.927588 -0.193654 -0.040000
v 0.933814 -0.190769 -0.040000
v 0.939447 -0.185962 -0.040000
v 0.944487 -0.179231 -0.040000
v 0.948934 -0.170577 -0.040000
v 0.952789 -0.160000 -0.040000
v 0.956050 -0.147500 -0.040000
v 0.958718 -0.133077 -0.040000
v 0.960793 -0.116731 -0.040000
v 0.962276 -0.098462 -0.040000
v 0.963165 -0.078269 -0.040000
v 0.858846 0.079231 -0.040000
v 0.864322 0.080091 -0.040000
v 0.869466 0.080876 -0.040000
v 0.874279 0.081587 -0.040000
v 0.878761 0.082222 -0.040000
v 0.882911 0.082783 -0.040000
v 0.886731 0.083269 -0.040000
v 0.890219 0.083681 -0.040000
v 0.893376 0.084017 -0.040000
v 0.896202 0.084279 -0.040000
v 0.898697 0.084466 -0.040000
v 0.900860 0.084578 -0.040000
v 0.902692 0.084615 -0.040000
v 0.907308 0.084615 -0.040000
v 0.916581 0.084460 -0.040000
v 0.925428 0.083996 -0.040000
v 0.933846 0.083221 -0.040000
v 0.941838 0.082137 -0.040000
v 0.949402 0.080743 -0.040000
v 0.956539 0.079038 -0.040000
v 0.963248 0.077025 -0.040000
v 0.969530 0.074701 -0.040000
v 0.975385 0.072067 -0.040000
v 0.980812 0.069124 -0.040000
v 0.985812 0.065871 -0.040000
v 0.990385 0.062308 -0.040000
v 0.997511 0.055705 -0.040000
v 1.004017 0.048462 -0.040000
v 1.009904 0.040577 -0.040000
v 1.015171 0.032051 -0.040000
v 1.019819 0.022885 -0.040000
v 1.023846 0.013077 -0.040000
v 1.027254 0.002628 -0.040000
v 1.030043 -0.008462 -0.040000
v 1.032212 -0.020192 -0.040000
v 1.033761 -0.032564 -0.040000
v 1.034690 -0.045577 -0.040000
v 1.035000 -0.059231 -0.040000
v 1.034680 -0.072879 -0.040000
v 1.033718 -0.085876 -0.040000
v 1.032116 -0.098221 -0.040000
v 1.029872 -0.109915 -0.040000
v 1.026987 -0.120956 -0.040000
v 1.023462 -0.131346 -0.040000
v 1.019295 -0.141084 -0.040000
v 1.014487 -0.150171 -0.040000
v 1.009039 -0.158606 -0.040000
v 1.002949 -0.166389 -0.040000
v 0.996218 -0.173520 -0.040000
v 0.988846 -0.180000 -0.040000
v 0.984776 -0.182965 -0.040000
v 0.980257 -0.185705 -0.040000
v 0.975289 -0.188221 -0.040000
v 0.969872 -0.190513 -0.040000
v 0.964007 -0.192580 -0.040000
v 0.957692 -0.194423 -0.040000
v 0.950930 -0.196042 -0.040000
v 0.943718 -0.197436 -0.040000
v 0.936058 -0.198606 -0.040000
v 0.927949 -0.199551 -0.040000
v 0.919391 -0.200272 -0.040000
v 0.910385 -0.200769 -0.040000
v 0.906918 -0.200929 -0.040000
v 0.903697 -0.201154 -0.040000
v 0.900721 -0.201442 -0.040000
v 0.897992 -0.201795 -0.040000
v 0.895508 -0.202212 -0.040000
v 0.893269 -0.202692 -0.040000
v 0.891277 -0.203237 -0.040000
v 0.889530 -0.203846 -0.040000
v 0.888029 -0.204519 -0.040000
v 0.886774 -0.205256 -0.040000
v 0.885764 -0.206058 -0.040000
v 0.885000 -0.206923 -0.040000
v 0.878077 -0.217692 -0.040000
v 0.878077 -0.316923 -0.040000
v 0.872297 -0.318264 -0.040000
v 0.866752 -0.319722 -0.040000
v 0.861442 -0.321298 -0.040000
v 0.856368 -0.322991 -0.040000
v 0.851528 -0.324802 -0.040000
v 0.846923 -0.326731 -0.040000
v 0.842554 -0.328777 -0.040000
v 0.838419 -0.330940 -0.040000
v 0.834519 -0.333221 -0.040000
v 0.830855 -0.335620 -0.040000
v 0.827425 -0.338136 -0.040000
v 0.824231 -0.340769 -0.040000
v 0.823627 -0.341368 -0.040000
v 0.822842 -0.342137 -0.040000
v 0.821875 -0.343077 -0.040000
v 0.820727 -0.344188 -0.040000
v 0.819397 -0.345470 -0.040000
v 0.817885 -0.346923 -0.040000
v 0.816191 -0.348547 -0.040000
v 0.814316 -0.350342 -0.040000
v 0.812260 -0.352308 -0.040000
v 0.810022 -0.354444 -0.040000
v 0.807602 -0.356752 -0.040000
v 0.805000 -0.359231 -0.040000
v 0.805000 0.033846 -0.040000
v 0.804899 0.037420 -0.040000
v 0.804594 0.040705 -0.040000
v 0.804087 0.043702 -0.040000
v 0.803376 0.046410 -0.040000
v 0.802463 0.048830 -0.040000
v 0.801346 0.050962 -0.040000
v 0.800027 0.052804 -0.040000
v 0.798504 0.054359 -0.040000
v 0.796779 0.055625 -0.040000
v 0.794851 0.056603 -0.040000
v 0.792719 0.057292 -0.040000
v 0.790385 0.057692 -0.040000
v 0.750385 0.062308 -0.040000
v 0.755428 0.063729 -0.040000
v 0.760299 0.065171 -0.040000
v 0.765000 0.066635 -0.040000
v 0.769530 0.068120 -0.040000
v 0.773889 0.069626 -0.040000
v 0.778077 0.071154 -0.040000
v 0.782094 0.072703 -0.040000
v 0.785940 0.074274 -0.040000
v 0.789616 0.075865 -0.040000
v 0.793120 0.077479 -0.040000
v 0.796453 0.079113 -0.040000
v 0.799616 0.080769 -0.040000
v 0.838846 0.102308 -0.040000
v 0.841571 0.099209 -0.040000
v 0.844103 0.096325 -0.040000
v 0.846442 0.093654 -0.040000
v 0.848590 0.091197 -0.040000
v 0.850545 0.088953 -0.040000
v 0.852308 0.086923 -0.040000
v 0.853878 0.085107 -0.040000
v 0.855257 0.083504 -0.040000
v 0.856442 0.082115 -0.040000
v 0.857436 0.080940 -0.040000
v 0.858237 0.079979 -0.040000
v 0.584231 -0.219231 -0.040000
v 0.584231 0.018462 -0.040000
v 0.577687 0.022286 -0.040000
v 0.571389 0.026068 -0.040000
v 0.565337 0.029808 -0.040000
v 0.559530 0.033504 -0.040000
v 0.553969 0.037158 -0.040000
v 0.548654 0.040769 -0.040000
v 0.543585 0.044338 -0.040000
v 0.538761 0.047863 -0.040000
v 0.534183 0.051346 -0.040000
v 0.529851 0.054786 -0.040000
v 0.525764 0.058184 -0.040000
v 0.521923 0.061538 -0.040000
v 0.518163 0.065075 -0.040000
v 0.514573 0.068761 -0.040000
v 0.511154 0.072596 -0.040000
v 0.507906 0.076581 -0.040000
v 0.504829 0.080716 -0.040000
v 0.501923 0.085000 -0.040000
v 0.499188 0.089434 -0.040000
v 0.496624 0.094017 -0.040000
v 0.494231 0.098750 -0.040000
v 0.492009 0.103632 -0.040000
v 0.489957 0.108665 -0.040000
v 0.488077 0.113846 -0.040000
v 0.486480 0.119022 -0.040000
v 0.485022 0.124038 -0.040000
v 0.483702 0.128894 -0.040000
v 0.482522 0.133590 -0.040000
v 0.481480 0.138125 -0.040000
v 0.480577 0.142500 -0.040000
v 0.479813 0.146715 -0.040000
v 0.479188 0.150769 -0.040000
v 0.478702 0.154663 -0.040000
v 0.478355 0.158397 -0.040000
v 0.478146 0.161971 -0.040000
v 0.478077 0.165385 -0.040000
v 0.478195 0.173916 -0.040000
v 0.478547 0.182073 -0.040000
v 0.479135 0.189856 -0.040000
v 0.479957 0.197265 -0.040000
v 0.481015 0.204300 -0.040000
v 0.482308 0.210962 -0.040000
v 0.483836 0.217249 -0.040000
v 0.485598 0.223162 -0.040000
v 0.487596 0.228702 -0.040000
v 0.489829 0.233868 -0.040000
v 0.492297 0.238659 -0.040000
v 0.495000 0.243077 -0.040000
v 0.499973 0.249343 -0.040000
v 0.505406 0.255064 -0.040000
v 0.511298 0.260240 -0.040000
v 0.517650 0.264872 -0.040000
v 0.524461 0.268958 -0.040000
v 0.531731 0.272500 -0.040000
v 0.539461 0.275497 -0.040000
v 0.547650 0.277949 -0.040000
v 0.556298 0.279856 -0.040000
v 0.565406 0.281218 -0.040000
v 0.574973 0.282035 -0.040000
v 0.585000 0.282308 -0.040000
v 0.711923 0.282308 -0.040000
v 0.711923 0.189231 -0.040000
v 0.710385 0.199231 -0.040000
v 0.709541 0.204487 -0.040000
v 0.708547 0.209487 -0.040000
v 0.707404 0.214231 -0.040000
v 0.706111 0.218718 -0.040000
v 0.704669 0.222949 -0.040000
v 0.703077 0.226923 -0.040000
v 0.701336 0.230641 -0.040000
v 0.699445 0.234103 -0.040000
v 0.697404 0.237308 -0.040000
v 0.695214 0.240256 -0.040000
v 0.692874 0.242949 -0.040000
v 0.690385 0.245385 -0.040000
v 0.686848 0.248365 -0.040000
v 0.683419 0.251154 -0.040000
v 0.680096 0.253750 -0.040000
v 0.676881 0.256154 -0.040000
v 0.673772 0.258365 -0.040000
v 0.670769 0.260385 -0.040000
v 0.667874 0.262212 -0.040000
v 0.665086 0.263846 -0.040000
v 0.662404 0.265288 -0.040000
v 0.659829 0.266538 -0.040000
v 0.657361 0.267596 -0.040000
v 0.655000 0.268462 -0.040000
v 0.650652 0.269615 -0.040000
v 0.646325 0.270513 -0.040000
v 0.642019 0.271154 -0.040000
v 0.637735 0.271538 -0.040000
v 0.633472 0.271667 -0.040000
v 0.629231 0.271538 -0.040000
v 0.625011 0.271154 -0.040000
v 0.620812 0.270513 -0.040000
v 0.616635 0.269615 -0.040000
v 0.612479 0.268462 -0.040000
v 0.608344 0.267051 -0.040000
v 0.604231 0.265385 -0.040000
v 0.603969 0.265251 -0.040000
v 0.603697 0.265107 -0.040000
v 0.603414 0.264952 -0.040000
v 0.603120 0.264786 -0.040000
v 0.602815 0.264610 -0.040000
v 0.602500 0.264423 -0.040000
v 0.602174 0.264225 -0.040000
v 0.601838 0.264017 -0.040000
v 0.601491 0.263798 -0.040000
v 0.601133 0.263568 -0.040000
v 0.600764 0.263328 -0.040000
v 0.600385 0.263077 -0.040000
v 0.600385 0.054615 -0.040000
v 0.602356 0.053435 -0.040000
v 0.604423 0.052201 -0.040000
v 0.606587 0.050913 -0.040000
v 0.608846 0.049573 -0.040000
v 0.611202 0.048178 -0.040000
v 0.613654 0.046731 -0.040000
v 0.616202 0.045230 -0.040000
v 0.618846 0.043675 -0.040000
v 0.621587 0.042067 -0.040000
v 0.624423 0.040406 -0.040000
v 0.627356 0.038691 -0.040000
v 0.630385 0.036923 -0.040000
v 0.637425 0.032847 -0.040000
v 0.644188 0.028825 -0.040000
v 0.650673 0.024856 -0.040000
v 0.656881 0.020940 -0.040000
v 0.662810 0.017078 -0.040000
v 0.668462 0.013269 -0.040000
v 0.673836 0.009514 -0.040000
v 0.678932 0.005812 -0.040000
v 0.683750 0.002163 -0.040000
v 0.688291 -0.001432 -0.040000
v 0.692554 -0.004973 -0.040000
v 0.696539 -0.008462 -0.040000
v 0.700299 -0.011998 -0.040000
v 0.703889 -0.015684 -0.040000
v 0.707308 -0.019519 -0.040000
v 0.710556 -0.023504 -0.040000
v 0.713633 -0.027639 -0.040000
v 0.716539 -0.031923 -0.040000
v 0.719274 -0.036357 -0.040000
v 0.721838 -0.040940 -0.040000
v 0.724231 -0.045673 -0.040000
v 0.726453 -0.050556 -0.040000
v 0.728505 -0.055588 -0.040000
v 0.730385 -0.060769 -0.040000
v 0.732105 -0.065946 -0.040000
v 0.733675 -0.070962 -0.040000
v 0.735096 -0.075817 -0.040000
v 0.736368 -0.080513 -0.040000
v 0.737490 -0.085048 -0.040000
v 0.738462 -0.089423 -0.040000
v 0.739284 -0.093638 -0.040000
v 0.739957 -0.097692 -0.040000
v 0.740481 -0.101587 -0.040000
v 0.740855 -0.105321 -0.040000
v 0.741079 -0.108894 -0.040000
v 0.741154 -0.112308 -0.040000
v 0.741031 -0.120839 -0.040000
v 0.740663 -0.128996 -0.040000
v 0.740048 -0.136779 -0.040000
v 0.739188 -0.144188 -0.040000
v 0.738082 -0.151223 -0.040000
v 0.736731 -0.157885 -0.040000
v 0.735134 -0.164172 -0.040000
v 0.733291 -0.170085 -0.040000
v 0.731202 -0.175625 -0.040000
v 0.728868 -0.180791 -0.040000
v 0.726288 -0.185582 -0.040000
v 0.723462 -0.190000 -0.040000
v 0.718488 -0.196389 -0.040000
v 0.713056 -0.202222 -0.040000
v 0.707164 -0.207500 -0.040000
v 0.700812 -0.212222 -0.040000
v 0.694001 -0.216389 -0.040000
v 0.686731 -0.220000 -0.040000
v 0.679001 -0.223056 -0.040000
v 0.670812 -0.225556 -0.040000
v 0.662164 -0.227500 -0.040000
v 0.653056 -0.228889 -0.040000
v 0.643488 -0.229722 -0.040000
v 0.633462 -0.230000 -0.040000
v 0.481154 -0.230000 -0.040000
v 0.481154 -0.136154 -0.040000
v 0.483462 -0.146923 -0.040000
v 0.484423 -0.152179 -0.040000
v 0.485513 -0.157179 -0.040000
v 0.486731 -0.161923 -0.040000
v 0.488077 -0.166410 -0.040000
v 0.489551 -0.170641 -0.040000
v 0.491154 -0.174615 -0.040000
v 0.492885 -0.178333 -0.040000
v 0.494744 -0.181795 -0.040000
v 0.496731 -0.185000 -0.040000
v 0.498846 -0.187949 -0.040000
v 0.501090 -0.190641 -0.040000
v 0.503462 -0.193077 -0.040000
v 0.507073 -0.196303 -0.040000
v 0.510727 -0.199316 -0.040000
v 0.514423 -0.202115 -0.040000
v 0.518162 -0.204701 -0.040000
v 0.521945 -0.207073 -0.040000
v 0.525769 -0.209231 -0.040000
v 0.529637 -0.211175 -0.040000
v 0.533547 -0.212906 -0.040000
v 0.537500 -0.214423 -0.040000
v 0.541496 -0.215726 -0.040000
v 0.545534 -0.216816 -0.040000
v 0.549616 -0.217692 -0.040000
v 0.552676 -0.218173 -0.040000
v 0.555705 -0.218590 -0.040000
v 0.558702 -0.218942 -0.040000
v 0.561667 -0.219231 -0.040000
v 0.564600 -0.219455 -0.040000
v 0.567500 -0.219615 -0.040000
v 0.570369 -0.219712 -0.040000
v 0.573205 -0.219744 -0.040000
v 0.576010 -0.219712 -0.040000
v 0.578782 -0.219615 -0.040000
v 0.581523 -0.219455 -0.040000
v 0.600385 -0.216154 -0.040000
v 0.601277 -0.215892 -0.040000
v 0.602158 -0.215620 -0.040000
v 0.603029 -0.215337 -0.040000
v 0.603889 -0.215043 -0.040000
v 0.604738 -0.214738 -0.040000
v 0.605577 -0.214423 -0.040000
v 0.606405 -0.214097 -0.040000
v 0.607222 -0.213761 -0.040000
v 0.608029 -0.213413 -0.040000
v 0.608825 -0.213056 -0.040000
v 0.609610 -0.212687 -0.040000
v 0.610385 -0.212308 -0.040000
v 0.618408 -0.208141 -0.040000
v 0.625812 -0.203590 -0.040000
v 0.632596 -0.198654 -0.040000
v 0.638761 -0.193333 -0.040000
v 0.644306 -0.187628 -0.040000
v 0.649231 -0.181538 -0.040000
v 0.653536 -0.175064 -0.040000
v 0.657222 -0.168205 -0.040000
v 0.660289 -0.160962 -0.040000
v 0.662735 -0.153333 -0.040000
v 0.664562 -0.145321 -0.040000
v 0.665769 -0.136923 -0.040000
v 0.665892 -0.135465 -0.040000
v 0.666004 -0.133910 -0.040000
v 0.666106 -0.132260 -0.040000
v 0.666197 -0.130513 -0.040000
v 0.666277 -0.128670 -0.040000
v 0.666346 -0.126731 -0.040000
v 0.666405 -0.124696 -0.040000
v 0.666453 -0.122564 -0.040000
v 0.666491 -0.120337 -0.040000
v 0.666517 -0.118013 -0.040000
v 0.666533 -0.115593 -0.040000
v 0.666539 -0.113077 -0.040000
v 0.666101 -0.102991 -0.040000
v 0.665299 -0.093248 -0.040000
v 0.664135 -0.083846 -0.040000
v 0.662607 -0.074786 -0.040000
v 0.660716 -0.066068 -0.040000
v 0.658462 -0.057692 -0.040000
v 0.655844 -0.049658 -0.040000
v 0.652863 -0.041966 -0.040000
v 0.649519 -0.034615 -0.040000
v 0.645812 -0.027607 -0.040000
v 0.641742 -0.020940 -0.040000
v 0.637308 -0.014615 -0.040000
v 0.636464 -0.013745 -0.040000
v 0.635214 -0.012671 -0.040000
v 0.633558 -0.011394 -0.040000
v 0.631496 -0.009915 -0.040000
v 0.629028 -0.008232 -0.040000
v 0.626154 -0.006346 -0.040000
v 0.622874 -0.004257 -0.040000
v 0.619188 -0.001966 -0.040000
v 0.615096 0.000529 -0.040000
v 0.610599 0.003227 -0.040000
v 0.605695 0.006127 -0.040000
v 0.600385 0.009231 -0.040000
v 0.584231 0.065385 -0.040000
v 0.584231 0.252308 -0.040000
v 0.579899 0.248467 -0.040000
v 0.575876 0.244380 -0.040000
v 0.572164 0.240048 -0.040000
v 0.568761 0.235470 -0.040000
v 0.565668 0.230646 -0.040000
v 0.562885 0.225577 -0.040000
v 0.560412 0.220262 -0.040000
v 0.558248 0.214701 -0.040000
v 0.556394 0.208894 -0.040000
v 0.554851 0.202842 -0.040000
v 0.553617 0.196544 -0.040000
v 0.552692 0.190000 -0.040000
v 0.552570 0.188542 -0.040000
v 0.552457 0.186987 -0.040000
v 0.552356 0.185337 -0.040000
v 0.552265 0.183590 -0.040000
v 0.552185 0.181747 -0.040000
v 0.552116 0.179808 -0.040000
v 0.552057 0.177772 -0.040000
v 0.552009 0.175641 -0.040000
v 0.551971 0.173413 -0.040000
v 0.551945 0.171090 -0.040000
v 0.551929 0.168670 -0.040000
v 0.551923 0.166154 -0.040000
v 0.552361 0.156068 -0.040000
v 0.553163 0.146325 -0.040000
v 0.554327 0.136923 -0.040000
v 0.555855 0.127863 -0.040000
v 0.557746 0.119145 -0.040000
v 0.560000 0.110769 -0.040000
v 0.562618 0.102735 -0.040000
v 0.565598 0.095043 -0.040000
v 0.568942 0.087692 -0.040000
v 0.572650 0.080684 -0.040000
v 0.576720 0.074017 -0.040000
v 0.581154 0.067692 -0.040000
v 0.581410 0.067559 -0.040000
v 0.581667 0.067415 -0.040000
v 0.581923 0.067260 -0.040000
v 0.582180 0.067094 -0.040000
v 0.582436 0.066918 -0.040000
v 0.582693 0.066731 -0.040000
v 0.582949 0.066533 -0.040000
v 0.583205 0.066325 -0.040000
v 0.583462 0.066106 -0.040000
v 0.583718 0.065876 -0.040000
v 0.583975 0.065636 -0.040000
v 0.105000 -0.071538 -0.040000
v 0.104874 -0.061333 -0.040000
v 0.104498 -0.051485 -0.040000
v 0.103870 -0.041995 -0.040000
v 0.102991 -0.032863 -0.040000
v 0.101862 -0.024089 -0.040000
v 0.100481 -0.015673 -0.040000
v 0.098849 -0.007615 -0.040000
v 0.096966 0.000085 -0.040000
v 0.094832 0.007428 -0.040000
v 0.092447 0.014412 -0.040000
v 0.089810 0.021039 -0.040000
v 0.086923 0.027308 -0.040000
v 0.083876 0.033138 -0.040000
v 0.080759 0.038451 -0.040000
v 0.077572 0.043245 -0.040000
v 0.074316 0.047521 -0.040000
v 0.070991 0.051279 -0.040000
v 0.067596 0.054519 -0.040000
v 0.064132 0.057241 -0.040000
v 0.060598 0.059444 -0.040000
v 0.056995 0.061130 -0.040000
v 0.053323 0.062297 -0.040000
v 0.049581 0.062946 -0.040000
v 0.045769 0.063077 -0.040000
v 0.041958 0.062706 -0.040000
v 0.038216 0.061848 -0.040000
v 0.034543 0.060505 -0.040000
v 0.030940 0.058675 -0.040000
v 0.027407 0.056360 -0.040000
v 0.023942 0.053558 -0.040000
v 0.020548 0.050270 -0.040000
v 0.017222 0.046496 -0.040000
v 0.013966 0.042236 -0.040000
v 0.010780 0.037489 -0.040000
v 0.007663 0.032257 -0.040000
v 0.004615 0.026538 -0.040000
v 0.001728 0.020398 -0.040000
v -0.000908 0.013900 -0.040000
v -0.003293 0.007043 -0.040000
v -0.005427 -0.000171 -0.040000
v -0.007310 -0.007743 -0.040000
v -0.008942 -0.015673 -0.040000
v -0.010323 -0.023961 -0.040000
v -0.011453 -0.032607 -0.040000
v -0.012332 -0.041611 -0.040000
v -0.012959 -0.050972 -0.040000
v -0.013336 -0.060692 -0.040000
v -0.013462 -0.070769 -0.040000
v -0.013050 -0.092764 -0.040000
v -0.011816 -0.112853 -0.040000
v -0.009760 -0.131034 -0.040000
v -0.006880 -0.147308 -0.040000
v -0.003178 -0.161675 -0.040000
v 0.001346 -0.174135 -0.040000
v 0.006693 -0.184687 -0.040000
v 0.012863 -0.193333 -0.040000
v 0.019856 -0.200072 -0.040000
v 0.027671 -0.204904 -0.040000
v 0.036309 -0.207829 -0.040000
v 0.045769 -0.208846 -0.040000
v 0.055230 -0.207951 -0.040000
v 0.063868 -0.205139 -0.040000
v 0.071683 -0.200409 -0.040000
v 0.078675 -0.193761 -0.040000
v 0.084845 -0.185195 -0.040000
v 0.090192 -0.174712 -0.040000
v 0.094717 -0.162310 -0.040000
v 0.098419 -0.147991 -0.040000
v 0.101298 -0.131755 -0.040000
v 0.103355 -0.113600 -0.040000
v 0.104589 -0.093528 -0.040000
v 0.045000 0.076154 -0.040000
v 0.054957 0.075817 -0.040000
v 0.064573 0.074808 -0.040000
v 0.073846 0.073125 -0.040000
v 0.082778 0.070769 -0.040000
v 0.091368 0.067740 -0.040000
v 0.099615 0.064038 -0.040000
v 0.107521 0.059663 -0.040000
v 0.115086 0.054615 -0.040000
v 0.122308 0.048894 -0.040000
v 0.129188 0.042500 -0.040000
v 0.135727 0.035433 -0.040000
v 0.141923 0.027692 -0.040000
v 0.146961 0.020641 -0.040000
v 0.151560 0.013333 -0.040000
v 0.155721 0.005769 -0.040000
v 0.159444 -0.002051 -0.040000
v 0.162730 -0.010128 -0.040000
v 0.165577 -0.018462 -0.040000
v 0.167986 -0.027051 -0.040000
v 0.169957 -0.035897 -0.040000
v 0.171490 -0.045000 -0.040000
v 0.172586 -0.054359 -0.040000
v 0.173243 -0.063974 -0.040000
v 0.173462 -0.073846 -0.040000
v 0.173291 -0.082110 -0.040000
v 0.172778 -0.090235 -0.040000
v 0.171923 -0.098221 -0.040000
v 0.170727 -0.106068 -0.040000
v 0.169188 -0.113777 -0.040000
v 0.167308 -0.121346 -0.040000
v 0.165085 -0.128777 -0.040000
v 0.162521 -0.136068 -0.040000
v 0.159615 -0.143221 -0.040000
v 0.156368 -0.150235 -0.040000
v 0.152778 -0.157110 -0.040000
v 0.148846 -0.163846 -0.040000
v 0.142724 -0.173419 -0.040000
v 0.136154 -0.182137 -0.040000
v 0.129135 -0.190000 -0.040000
v 0.121667 -0.197009 -0.040000
v 0.113750 -0.203162 -0.040000
v 0.105385 -0.208462 -0.040000
v 0.096571 -0.212906 -0.040000
v 0.087308 -0.216496 -0.040000
v 0.077596 -0.219231 -0.040000
v 0.067436 -0.221111 -0.040000
v 0.056827 -0.222137 -0.040000
v 0.045769 -0.222308 -0.040000
v 0.036068 -0.222009 -0.040000
v 0.026709 -0.221111 -0.040000
v 0.017692 -0.219615 -0.040000
v 0.009017 -0.217521 -0.040000
v 0.000684 -0.214829 -0.040000
v -0.007308 -0.211538 -0.040000
v -0.014957 -0.207650 -0.040000
v -0.022265 -0.203162 -0.040000
v -0.029231 -0.198077 -0.040000
v -0.035855 -0.192393 -0.040000
v -0.042137 -0.186111 -0.040000
v -0.048077 -0.179231 -0.040000
v -0.053365 -0.172270 -0.040000
v -0.058205 -0.164979 -0.040000
v -0.062596 -0.157356 -0.040000
v -0.066538 -0.149402 -0.040000
v -0.070032 -0.141116 -0.040000
v -0.073077 -0.132500 -0.040000
v -0.075673 -0.123552 -0.040000
v -0.077820 -0.114273 -0.040000
v -0.079519 -0.104663 -0.040000
v -0.080769 -0.094722 -0.040000
v -0.081570 -0.084450 -0.040000
v -0.081923 -0.073846 -0.040000
v -0.081720 -0.064097 -0.040000
v -0.081111 -0.054594 -0.040000
v -0.080096 -0.045337 -0.040000
v -0.078675 -0.036325 -0.040000
v -0.076848 -0.027559 -0.040000
v -0.074615 -0.019038 -0.040000
v -0.071976 -0.010764 -0.040000
v -0.068932 -0.002735 -0.040000
v -0.065481 0.005048 -0.040000
v -0.061624 0.012585 -0.040000
v -0.057361 0.019877 -0.040000
v -0.052692 0.026923 -0.040000
v -0.046373 0.034786 -0.040000
v -0.039722 0.041966 -0.040000
v -0.032740 0.048462 -0.040000
v -0.025427 0.054274 -0.040000
v -0.017783 0.059402 -0.040000
v -0.009808 0.063846 -0.040000
v -0.001501 0.067607 -0.040000
v 0.007137 0.070684 -0.040000
v 0.016106 0.073077 -0.040000
v 0.025406 0.074786 -0.040000
v 0.035037 0.075812 -0.040000
v -0.258846 0.060000 -0.040000
v -0.258846 0.106923 -0.040000
v -0.258953 0.110497 -0.040000
v -0.259274 0.113782 -0.040000
v -0.259808 0.116779 -0.040000
v -0.260556 0.119487 -0.040000
v -0.261517 0.121907 -0.040000
v -0.262692 0.124038 -0.040000
v -0.264081 0.125881 -0.040000
v -0.265684 0.127436 -0.040000
v -0.267500 0.128702 -0.040000
v -0.269530 0.129679 -0.040000
v -0.271774 0.130369 -0.040000
v -0.274231 0.130769 -0.040000
v -0.313462 0.135385 -0.040000
v -0.308424 0.136806 -0.040000
v -0.303568 0.138248 -0.040000
v -0.298894 0.139712 -0.040000
v -0.294402 0.141197 -0.040000
v -0.290091 0.142703 -0.040000
v -0.285962 0.144231 -0.040000
v -0.282014 0.145780 -0.040000
v -0.278248 0.147350 -0.040000
v -0.274663 0.148942 -0.040000
v -0.271261 0.150556 -0.040000
v -0.268040 0.152190 -0.040000
v -0.265000 0.153846 -0.040000
v -0.225000 0.175385 -0.040000
v -0.222041 0.171811 -0.040000
v -0.219316 0.168526 -0.040000
v -0.216827 0.165529 -0.040000
v -0.214573 0.162821 -0.040000
v -0.212553 0.160401 -0.040000
v -0.210769 0.158269 -0.040000
v -0.209220 0.156426 -0.040000
v -0.207906 0.154872 -0.040000
v -0.206827 0.153606 -0.040000
v -0.205983 0.152628 -0.040000
v -0.205374 0.151939 -0.040000
v -0.205000 0.151538 -0.040000
v -0.186538 0.133846 -0.040000
v -0.186538 0.060000 -0.040000
v -0.118846 0.060000 -0.040000
v -0.118846 0.043077 -0.040000
v -0.186538 0.043077 -0.040000
v -0.186538 -0.216154 -0.040000
v -0.190561 -0.217067 -0.040000
v -0.194423 -0.218013 -0.040000
v -0.198125 -0.218990 -0.040000
v -0.201667 -0.220000 -0.040000
v -0.205048 -0.221042 -0.040000
v -0.208269 -0.222115 -0.040000
v -0.211330 -0.223221 -0.040000
v -0.214231 -0.224359 -0.040000
v -0.216971 -0.225529 -0.040000
v -0.219551 -0.226731 -0.040000
v -0.221971 -0.227965 -0.040000
v -0.224231 -0.229231 -0.040000
v -0.225518 -0.229893 -0.040000
v -0.226816 -0.230598 -0.040000
v -0.228125 -0.231346 -0.040000
v -0.229444 -0.232137 -0.040000
v -0.230775 -0.232970 -0.040000
v -0.232115 -0.233846 -0.040000
v -0.233467 -0.234765 -0.040000
v -0.234829 -0.235726 -0.040000
v -0.236202 -0.236731 -0.040000
v -0.237585 -0.237778 -0.040000
v -0.238980 -0.238868 -0.040000
v -0.240385 -0.240000 -0.040000
v -0.240475 -0.240091 -0.040000
v -0.240748 -0.240363 -0.040000
v -0.241202 -0.240817 -0.040000
v -0.241838 -0.241453 -0.040000
v -0.242655 -0.242270 -0.040000
v -0.243654 -0.243269 -0.040000
v -0.244834 -0.244450 -0.040000
v -0.246197 -0.245812 -0.040000
v -0.247740 -0.247356 -0.040000
v -0.249466 -0.249081 -0.040000
v -0.251373 -0.250988 -0.040000
v -0.253462 -0.253077 -0.040000
v -0.258846 -0.258462 -0.040000
v -0.258846 0.043077 -0.040000
v -0.321923 0.043077 -0.040000
v -0.321923 0.060000 -0.040000
v -0.653462 0.033077 -0.040000
v -0.653462 -0.222308 -0.040000
v -0.659477 -0.223766 -0.040000
v -0.665214 -0.225321 -0.040000
v -0.670673 -0.226971 -0.040000
v -0.675855 -0.228718 -0.040000
v -0.680759 -0.230561 -0.040000
v -0.685385 -0.232500 -0.040000
v -0.689733 -0.234535 -0.040000
v -0.693803 -0.236667 -0.040000
v -0.697596 -0.238894 -0.040000
v -0.701111 -0.241218 -0.040000
v -0.704348 -0.243638 -0.040000
v -0.707308 -0.246154 -0.040000
v -0.710379 -0.248985 -0.040000
v -0.713184 -0.251581 -0.040000
v -0.715721 -0.253942 -0.040000
v -0.717991 -0.256068 -0.040000
v -0.719995 -0.257959 -0.040000
v -0.721731 -0.259615 -0.040000
v -0.723200 -0.261036 -0.040000
v -0.724402 -0.262222 -0.040000
v -0.725336 -0.263173 -0.040000
v -0.726004 -0.263889 -0.040000
v -0.726405 -0.264370 -0.040000
v -0.726539 -0.264615 -0.040000
v -0.726539 0.006154 -0.040000
v -0.726640 0.009610 -0.040000
v -0.726945 0.012799 -0.040000
v -0.727452 0.015721 -0.040000
v -0.728162 0.018376 -0.040000
v -0.729076 0.020764 -0.040000
v -0.730192 0.022885 -0.040000
v -0.731512 0.024738 -0.040000
v -0.733034 0.026325 -0.040000
v -0.734760 0.027644 -0.040000
v -0.736688 0.028697 -0.040000
v -0.738819 0.029482 -0.040000
v -0.741154 0.030000 -0.040000
v -0.750385 0.031538 -0.040000
v -0.814231 0.006923 -0.040000
v -0.814231 -0.222308 -0.040000
v -0.820833 -0.223884 -0.040000
v -0.827051 -0.225534 -0.040000
v -0.832885 -0.227260 -0.040000
v -0.838333 -0.229060 -0.040000
v -0.843397 -0.230935 -0.040000
v -0.848077 -0.232885 -0.040000
v -0.852372 -0.234909 -0.040000
v -0.856282 -0.237009 -0.040000
v -0.859808 -0.239183 -0.040000
v -0.862949 -0.241432 -0.040000
v -0.865705 -0.243755 -0.040000
v -0.868077 -0.246154 -0.040000
v -0.886539 -0.264615 -0.040000
v -0.886539 0.223077 -0.040000
v -0.886645 0.226651 -0.040000
v -0.886966 0.229936 -0.040000
v -0.887500 0.232933 -0.040000
v -0.888248 0.235641 -0.040000
v -0.889209 0.238061 -0.040000
v -0.890385 0.240192 -0.040000
v -0.891774 0.242035 -0.040000
v -0.893376 0.243590 -0.040000
v -0.895192 0.244856 -0.040000
v -0.897222 0.245833 -0.040000
v -0.899466 0.246522 -0.040000
v -0.901923 0.246923 -0.040000
v -0.941154 0.251538 -0.040000
v -0.936117 0.253077 -0.040000
v -0.931261 0.254615 -0.040000
v -0.926587 0.256154 -0.040000
v -0.922094 0.257692 -0.040000
v -0.917783 0.259231 -0.040000
v -0.913654 0.260769 -0.040000
v -0.909706 0.262308 -0.040000
v -0.905940 0.263846 -0.040000
v -0.902356 0.265385 -0.040000
v -0.898953 0.266923 -0.040000
v -0.895732 0.268461 -0.040000
v -0.892692 0.270000 -0.040000
v -0.852692 0.291538 -0.040000
v -0.849733 0.287724 -0.040000
v -0.847009 0.284231 -0.040000
v -0.844519 0.281058 -0.040000
v -0.842265 0.278205 -0.040000
v -0.840246 0.275673 -0.040000
v -0.838462 0.273462 -0.040000
v -0.836912 0.271571 -0.040000
v -0.835598 0.270000 -0.040000
v -0.834519 0.268750 -0.040000
v -0.833675 0.267821 -0.040000
v -0.833066 0.267212 -0.040000
v -0.832692 0.266923 -0.040000
v -0.814231 0.250000 -0.040000
v -0.814231 0.025385 -0.040000
v -0.801864 0.029370 -0.040000
v -0.789893 0.033376 -0.040000
v -0.778317 0.037404 -0.040000
v -0.767137 0.041453 -0.040000
v -0.756352 0.045524 -0.040000
v -0.745962 0.049615 -0.040000
v -0.735967 0.053729 -0.040000
v -0.726368 0.057863 -0.040000
v -0.717164 0.062019 -0.040000
v -0.708355 0.066197 -0.040000
v -0.699942 0.070395 -0.040000
v -0.691923 0.074615 -0.040000
v -0.688846 0.070801 -0.040000
v -0.686026 0.067308 -0.040000
v -0.683462 0.064135 -0.040000
v -0.681154 0.061282 -0.040000
v -0.679103 0.058750 -0.040000
v -0.677308 0.056538 -0.040000
v -0.675769 0.054647 -0.040000
v -0.674487 0.053077 -0.040000
v -0.673462 0.051827 -0.040000
v -0.672692 0.050897 -0.040000
v -0.672180 0.050288 -0.040000
v -0.671923 0.050000 -0.040000
v -1.037308 -0.163077 -0.040000
v -1.035844 -0.158034 -0.040000
v -1.035556 -0.152650 -0.040000
v -1.036442 -0.146923 -0.040000
v -1.038504 -0.140855 -0.040000
v -1.041741 -0.134444 -0.040000
v -1.046154 -0.127692 -0.040000
v -1.051741 -0.120598 -0.040000
v -1.058504 -0.113162 -0.040000
v -1.066442 -0.105385 -0.040000
v -1.075556 -0.097265 -0.040000
v -1.085844 -0.088803 -0.040000
v -1.097308 -0.080000 -0.040000
v -1.103435 -0.075278 -0.040000
v -1.109252 -0.070598 -0.040000
v -1.114760 -0.065962 -0.040000
v -1.119957 -0.061368 -0.040000
v -1.124845 -0.056816 -0.040000
v -1.129423 -0.052308 -0.040000
v -1.133691 -0.047842 -0.040000
v -1.137650 -0.043419 -0.040000
v -1.141298 -0.039038 -0.040000
v -1.144637 -0.034701 -0.040000
v -1.147666 -0.030406 -0.040000
v -1.150385 -0.026154 -0.040000
v -1.154776 -0.018034 -0.040000
v -1.158205 -0.010085 -0.040000
v -1.160673 -0.002308 -0.040000
v -1.162180 0.005299 -0.040000
v -1.162725 0.012735 -0.040000
v -1.162308 0.020000 -0.040000
v -1.160930 0.027094 -0.040000
v -1.158590 0.034017 -0.040000
v -1.155289 0.040769 -0.040000
v -1.151026 0.047350 -0.040000
v -1.145802 0.053761 -0.040000
v -1.139615 0.060000 -0.040000
v -1.135182 0.063809 -0.040000
v -1.130598 0.067286 -0.040000
v -1.125865 0.070433 -0.040000
v -1.120983 0.073248 -0.040000
v -1.115951 0.075732 -0.040000
v -1.110769 0.077885 -0.040000
v -1.105438 0.079706 -0.040000
v -1.099957 0.081197 -0.040000
v -1.094327 0.082356 -0.040000
v -1.088547 0.083184 -0.040000
v -1.082618 0.083681 -0.040000
v -1.076539 0.083846 -0.040000
v -1.062666 0.083109 -0.040000
v -1.049509 0.081154 -0.040000
v -1.037067 0.077981 -0.040000
v -1.025342 0.073590 -0.040000
v -1.014332 0.067981 -0.040000
v -1.004039 0.061154 -0.040000
v -0.994461 0.053109 -0.040000
v -0.985598 0.043846 -0.040000
v -0.977452 0.033365 -0.040000
v -0.970021 0.021667 -0.040000
v -0.963307 0.008750 -0.040000
v -0.957308 -0.005385 -0.040000
v -0.993462 -0.043846 -0.040000
v -0.999001 -0.039829 -0.040000
v -1.004594 -0.035983 -0.040000
v -1.010240 -0.032308 -0.040000
v -1.015940 -0.028803 -0.040000
v -1.021693 -0.025470 -0.040000
v -1.027500 -0.022308 -0.040000
v -1.033360 -0.019316 -0.040000
v -1.039274 -0.016496 -0.040000
v -1.045240 -0.013846 -0.040000
v -1.051261 -0.011368 -0.040000
v -1.057334 -0.009060 -0.040000
v -1.063462 -0.006923 -0.040000
v -1.061068 -0.006880 -0.040000
v -1.058761 -0.006752 -0.040000
v -1.056539 -0.006538 -0.040000
v -1.054402 -0.006239 -0.040000
v -1.052351 -0.005855 -0.040000
v -1.050385 -0.005385 -0.040000
v -1.048505 -0.004829 -0.040000
v -1.046710 -0.004188 -0.040000
v -1.045000 -0.003462 -0.040000
v -1.043376 -0.002650 -0.040000
v -1.041838 -0.001752 -0.040000
v -1.040385 -0.000769 -0.040000
v -1.037014 0.001928 -0.040000
v -1.034081 0.004893 -0.040000
v -1.031587 0.008125 -0.040000
v -1.029530 0.011624 -0.040000
v -1.027911 0.015390 -0.040000
v -1.026731 0.019423 -0.040000
v -1.025988 0.023723 -0.040000
v -1.025684 0.028291 -0.040000
v -1.025817 0.033125 -0.040000
v -1.026389 0.038227 -0.040000
v -1.027398 0.043595 -0.040000
v -1.028846 0.049231 -0.040000
v -1.030091 0.052794 -0.040000
v -1.031774 0.056047 -0.040000
v -1.033894 0.058990 -0.040000
v -1.036453 0.061624 -0.040000
v -1.039450 0.063948 -0.040000
v -1.042885 0.065962 -0.040000
v -1.046757 0.067666 -0.040000
v -1.051068 0.069060 -0.040000
v -1.055817 0.070144 -0.040000
v -1.061004 0.070919 -0.040000
v -1.066629 0.071384 -0.040000
v -1.072692 0.071538 -0.040000
v -1.076800 0.071458 -0.040000
v -1.080662 0.071218 -0.040000
v -1.084279 0.070817 -0.040000
v -1.087650 0.070256 -0.040000
v -1.090775 0.069535 -0.040000
v -1.093654 0.068654 -0.040000
v -1.096287 0.067612 -0.040000
v -1.098675 0.066410 -0.040000
v -1.100817 0.065048 -0.040000
v -1.102714 0.063526 -0.040000
v -1.104364 0.061843 -0.040000
v -1.105769 0.060000 -0.040000
v -1.108152 0.056213 -0.040000
v -1.109915 0.052030 -0.040000
v -1.111058 0.047452 -0.040000
v -1.111581 0.042479 -0.040000
v -1.111485 0.037110 -0.040000
v -1.110769 0.031346 -0.040000
v -1.109434 0.025187 -0.040000
v -1.107479 0.018632 -0.040000
v -1.104904 0.011683 -0.040000
v -1.101709 0.004338 -0.040000
v -1.097895 -0.003403 -0.040000
v -1.093462 -0.011538 -0.040000
v -1.090983 -0.015369 -0.040000
v -1.087650 -0.019679 -0.040000
v -1.083462 -0.024471 -0.040000
v -1.078419 -0.029744 -0.040000
v -1.072521 -0.035497 -0.040000
v -1.065769 -0.041731 -0.040000
v -1.058162 -0.048446 -0.040000
v -1.049701 -0.055641 -0.040000
v -1.040385 -0.063317 -0.040000
v -1.030214 -0.071474 -0.040000
v -1.019188 -0.080112 -0.040000
v -1.007308 -0.089231 -0.040000
v -1.001410 -0.093932 -0.040000
v -0.996026 -0.098547 -0.040000
v -0.991154 -0.103077 -0.040000
v -0.986795 -0.107521 -0.040000
v -0.982949 -0.111880 -0.040000
v -0.979615 -0.116154 -0.040000
v -0.976795 -0.120342 -0.040000
v -0.974487 -0.124444 -0.040000
v -0.972692 -0.128462 -0.040000
v -0.971410 -0.132393 -0.040000
v -0.970641 -0.136239 -0.040000
v -0.970385 -0.140000 -0.040000
v -0.970689 -0.148317 -0.040000
v -0.971603 -0.156090 -0.040000
v -0.973125 -0.163317 -0.040000
v -0.975256 -0.170000 -0.040000
v -0.977997 -0.176138 -0.040000
v -0.981346 -0.181731 -0.040000
v -0.985304 -0.186779 -0.040000
v -0.989872 -0.191282 -0.040000
v -0.995048 -0.195240 -0.040000
v -1.000833 -0.198654 -0.040000
v -1.007228 -0.201522 -0.040000
v -1.014231 -0.203846 -0.040000
v -1.018814 -0.205075 -0.040000
v -1.023590 -0.206197 -0.040000
v -1.028558 -0.207212 -0.040000
v -1.033718 -0.208120 -0.040000
v -1.039071 -0.208921 -0.040000
v -1.044616 -0.209615 -0.040000
v -1.050353 -0.210203 -0.040000
v -1.056282 -0.210684 -0.040000
v -1.062404 -0.211058 -0.040000
v -1.068718 -0.211325 -0.040000
v -1.075224 -0.211485 -0.040000
v -1.081923 -0.211538 -0.040000
v -1.162692 -0.211538 -0.040000
v -1.162692 -0.119231 -0.040000
v -1.152692 -0.154615 -0.040000
v -1.152190 -0.156090 -0.040000
v -1.151453 -0.157692 -0.040000
v -1.150481 -0.159423 -0.040000
v -1.149274 -0.161282 -0.040000
v -1.147831 -0.163269 -0.040000
v -1.146154 -0.165385 -0.040000
v -1.144241 -0.167628 -0.040000
v -1.142094 -0.170000 -0.040000
v -1.139711 -0.172500 -0.040000
v -1.137094 -0.175128 -0.040000
v -1.134241 -0.177885 -0.040000
v -1.131154 -0.180769 -0.040000
v -1.127773 -0.183718 -0.040000
v -1.124295 -0.186410 -0.040000
v -1.120721 -0.188846 -0.040000
v -1.117051 -0.191026 -0.040000
v -1.113285 -0.192949 -0.040000
v -1.109423 -0.194615 -0.040000
v -1.105465 -0.196026 -0.040000
v -1.101410 -0.197179 -0.040000
v -1.097260 -0.198077 -0.040000
v -1.093013 -0.198718 -0.040000
v -1.088670 -0.199103 -0.040000
v -1.084231 -0.199231 -0.040000
v -1.079087 -0.198980 -0.040000
v -1.074167 -0.198226 -0.040000
v -1.069471 -0.196971 -0.040000
v -1.065000 -0.195214 -0.040000
v -1.060753 -0.192954 -0.040000
v -1.056731 -0.190192 -0.040000
v -1.052933 -0.186928 -0.040000
v -1.049359 -0.183162 -0.040000
v -1.046009 -0.178894 -0.040000
v -1.042884 -0.174124 -0.040000
v -1.039984 -0.168851 -0.040000
v -1.452692 0.023846 -0.040000
v -1.452799 0.027425 -0.040000
v -1.453120 0.030726 -0.040000
v -1.453654 0.033750 -0.040000
v -1.454402 0.036496 -0.040000
v -1.455363 0.038964 -0.040000
v -1.456538 0.041154 -0.040000
v -1.457927 0.043066 -0.040000
v -1.459530 0.044701 -0.040000
v -1.461346 0.046058 -0.040000
v -1.463376 0.047137 -0.040000
v -1.465620 0.047938 -0.040000
v -1.468077 0.048462 -0.040000
v -1.507308 0.053077 -0.040000
v -1.502505 0.054380 -0.040000
v -1.497842 0.055726 -0.040000
v -1.493317 0.057115 -0.040000
v -1.488932 0.058547 -0.040000
v -1.484685 0.060021 -0.040000
v -1.480577 0.061538 -0.040000
v -1.476608 0.063098 -0.040000
v -1.472778 0.064701 -0.040000
v -1.469086 0.066346 -0.040000
v -1.465534 0.068034 -0.040000
v -1.462121 0.069765 -0.040000
v -1.458846 0.071538 -0.040000
v -1.418846 0.092308 -0.040000
v -1.415887 0.088734 -0.040000
v -1.413162 0.085449 -0.040000
v -1.410673 0.082452 -0.040000
v -1.408419 0.079744 -0.040000
v -1.406400 0.077324 -0.040000
v -1.404615 0.075192 -0.040000
v -1.403066 0.073349 -0.040000
v -1.401752 0.071795 -0.040000
v -1.400673 0.070529 -0.040000
v -1.399829 0.069551 -0.040000
v -1.399220 0.068862 -0.040000
v -1.398846 0.068462 -0.040000
v -1.380385 0.050769 -0.040000
v -1.380385 -0.182308 -0.040000
v -1.380278 -0.185887 -0.040000
v -1.379957 -0.189188 -0.040000
v -1.379423 -0.192212 -0.040000
v -1.378675 -0.194957 -0.040000
v -1.377714 -0.197425 -0.040000
v -1.376539 -0.199615 -0.040000
v -1.375150 -0.201528 -0.040000
v -1.373547 -0.203162 -0.040000
v -1.371731 -0.204519 -0.040000
v -1.369701 -0.205598 -0.040000
v -1.367457 -0.206400 -0.040000
v -1.365000 -0.206923 -0.040000
v -1.355769 -0.207692 -0.040000
v -1.292692 -0.183077 -0.040000
v -1.292692 0.023846 -0.040000
v -1.292794 0.027425 -0.040000
v -1.293098 0.030726 -0.040000
v -1.293606 0.033750 -0.040000
v -1.294316 0.036496 -0.040000
v -1.295230 0.038964 -0.040000
v -1.296346 0.041154 -0.040000
v -1.297665 0.043066 -0.040000
v -1.299188 0.044701 -0.040000
v -1.300913 0.046058 -0.040000
v -1.302842 0.047137 -0.040000
v -1.304973 0.047938 -0.040000
v -1.307308 0.048462 -0.040000
v -1.346538 0.053077 -0.040000
v -1.341501 0.054498 -0.040000
v -1.336645 0.055940 -0.040000
v -1.331971 0.057404 -0.040000
v -1.327479 0.058889 -0.040000
v -1.323168 0.060395 -0.040000
v -1.319038 0.061923 -0.040000
v -1.315091 0.063472 -0.040000
v -1.311325 0.065043 -0.040000
v -1.307740 0.066635 -0.040000
v -1.304338 0.068248 -0.040000
v -1.301116 0.069882 -0.040000
v -1.298077 0.071538 -0.040000
v -1.258077 0.092308 -0.040000
v -1.255118 0.088734 -0.040000
v -1.252393 0.085449 -0.040000
v -1.249904 0.082452 -0.040000
v -1.247650 0.079744 -0.040000
v -1.245630 0.077324 -0.040000
v -1.243846 0.075192 -0.040000
v -1.242297 0.073349 -0.040000
v -1.240983 0.071795 -0.040000
v -1.239904 0.070529 -0.040000
v -1.239060 0.069551 -0.040000
v -1.238451 0.068862 -0.040000
v -1.238077 0.068462 -0.040000
v -1.219615 0.050769 -0.040000
v -1.219615 -0.208462 -0.040000
v -1.223638 -0.209375 -0.040000
v -1.227500 -0.210321 -0.040000
v -1.231202 -0.211298 -0.040000
v -1.234744 -0.212308 -0.040000
v -1.238125 -0.213349 -0.040000
v -1.241346 -0.214423 -0.040000
v -1.244407 -0.215529 -0.040000
v -1.247308 -0.216667 -0.040000
v -1.250048 -0.217837 -0.040000
v -1.252628 -0.219038 -0.040000
v -1.255048 -0.220272 -0.040000
v -1.257308 -0.221538 -0.040000
v -1.258595 -0.222201 -0.040000
v -1.259893 -0.222906 -0.040000
v -1.261202 -0.223654 -0.040000
v -1.262521 -0.224444 -0.040000
v -1.263852 -0.225278 -0.040000
v -1.265192 -0.226154 -0.040000
v -1.266544 -0.227073 -0.040000
v -1.267906 -0.228034 -0.040000
v -1.269279 -0.229038 -0.040000
v -1.270662 -0.230085 -0.040000
v -1.272057 -0.231175 -0.040000
v -1.273462 -0.232308 -0.040000
v -1.286538 -0.245385 -0.040000
v -1.292692 -0.250769 -0.040000
v -1.292692 -0.201538 -0.040000
v -1.305053 -0.205524 -0.040000
v -1.317008 -0.209530 -0.040000
v -1.328558 -0.213558 -0.040000
v -1.339701 -0.217607 -0.040000
v -1.350438 -0.221677 -0.040000
v -1.360769 -0.225769 -0.040000
v -1.370694 -0.229882 -0.040000
v -1.380214 -0.234017 -0.040000
v -1.389327 -0.238173 -0.040000
v -1.398034 -0.242350 -0.040000
v -1.406335 -0.246549 -0.040000
v -1.414231 -0.250769 -0.040000
v -1.417190 -0.247196 -0.040000
v -1.419914 -0.243910 -0.040000
v -1.422404 -0.240913 -0.040000
v -1.424658 -0.238205 -0.040000
v -1.426677 -0.235785 -0.040000
v -1.428462 -0.233654 -0.040000
v -1.430011 -0.231811 -0.040000
v -1.431325 -0.230256 -0.040000
v -1.432404 -0.228990 -0.040000
v -1.433248 -0.228013 -0.040000
v -1.433857 -0.227324 -0.040000
v -1.434231 -0.226923 -0.040000
v -1.452692 -0.209231 -0.040000
v -1.689615 -0.271538 -0.040000
v -1.689615 0.291538 -0.040000
v -1.673462 0.291538 -0.040000
v -1.672906 0.289183 -0.040000
v -1.672265 0.286987 -0.040000
v -1.671539 0.284952 -0.040000
v -1.670727 0.283077 -0.040000
v -1.669829 0.281362 -0.040000
v -1.668846 0.279808 -0.040000
v -1.667778 0.278413 -0.040000
v -1.666624 0.277179 -0.040000
v -1.665385 0.276106 -0.040000
v -1.664060 0.275192 -0.040000
v -1.662650 0.274439 -0.040000
v -1.661154 0.273846 -0.040000
v -1.659418 0.273109 -0.040000
v -1.657799 0.272436 -0.040000
v -1.656298 0.271827 -0.040000
v -1.654914 0.271282 -0.040000
v -1.653648 0.270801 -0.040000
v -1.652500 0.270385 -0.040000
v -1.651469 0.270032 -0.040000
v -1.650555 0.269744 -0.040000
v -1.649760 0.269519 -0.040000
v -1.649081 0.269359 -0.040000
v -1.648520 0.269263 -0.040000
v -1.648077 0.269231 -0.040000
v -1.643462 0.269231 -0.040000
v -1.634434 0.269055 -0.040000
v -1.625812 0.268526 -0.040000
v -1.617596 0.267644 -0.040000
v -1.609786 0.266410 -0.040000
v -1.602383 0.264824 -0.040000
v -1.595385 0.262885 -0.040000
v -1.588793 0.260593 -0.040000
v -1.582607 0.257949 -0.040000
v -1.576827 0.254952 -0.040000
v -1.571453 0.251603 -0.040000
v -1.566485 0.247901 -0.040000
v -1.561923 0.243846 -0.040000
v -1.557679 0.239322 -0.040000
v -1.553665 0.234722 -0.040000
v -1.549880 0.230048 -0.040000
v -1.546325 0.225299 -0.040000
v -1.543000 0.220475 -0.040000
v -1.539904 0.215577 -0.040000
v -1.537038 0.210604 -0.040000
v -1.534402 0.205556 -0.040000
v -1.531995 0.200433 -0.040000
v -1.529819 0.195235 -0.040000
v -1.527871 0.189963 -0.040000
v -1.526154 0.184615 -0.040000
v -1.524618 0.179113 -0.040000
v -1.523216 0.173376 -0.040000
v -1.521947 0.167404 -0.040000
v -1.520812 0.161197 -0.040000
v -1.519810 0.154754 -0.040000
v -1.518942 0.148077 -0.040000
v -1.518208 0.141165 -0.040000
v -1.517607 0.134017 -0.040000
v -1.517139 0.126635 -0.040000
v -1.516806 0.119017 -0.040000
v -1.516605 0.111165 -0.040000
v -1.516539 0.103077 -0.040000
v -1.516859 0.088034 -0.040000
v -1.517821 0.073675 -0.040000
v -1.519423 0.060000 -0.040000
v -1.521667 0.047009 -0.040000
v -1.524551 0.034701 -0.040000
v -1.528077 0.023077 -0.040000
v -1.532244 0.012137 -0.040000
v -1.537051 0.001880 -0.040000
v -1.542500 -0.007692 -0.040000
v -1.548590 -0.016581 -0.040000
v -1.555321 -0.024786 -0.040000
v -1.562692 -0.032308 -0.040000
v -1.566763 -0.035892 -0.040000
v -1.571282 -0.039209 -0.040000
v -1.576250 -0.042260 -0.040000
v -1.581667 -0.045043 -0.040000
v -1.587532 -0.047559 -0.040000
v -1.593846 -0.049808 -0.040000
v -1.600609 -0.051790 -0.040000
v -1.607821 -0.053504 -0.040000
v -1.615481 -0.054952 -0.040000
v -1.623590 -0.056132 -0.040000
v -1.632147 -0.057046 -0.040000
v -1.641154 -0.057692 -0.040000
v -1.644615 -0.057858 -0.040000
v -1.647820 -0.058098 -0.040000
v -1.650769 -0.058413 -0.040000
v -1.653462 -0.058803 -0.040000
v -1.655897 -0.059268 -0.040000
v -1.658077 -0.059808 -0.040000
v -1.660000 -0.060422 -0.040000
v -1.661667 -0.061111 -0.040000
v -1.663077 -0.061875 -0.040000
v -1.664231 -0.062714 -0.040000
v -1.665128 -0.063627 -0.040000
v -1.665769 -0.064615 -0.040000
v -1.673462 -0.077692 -0.040000
v -1.673462 -0.271538 -0.040000
v -1.587308 0.116154 -0.040000
v -1.587391 0.127238 -0.040000
v -1.587639 0.137927 -0.040000
v -1.588053 0.148221 -0.040000
v -1.588633 0.158120 -0.040000
v -1.589378 0.167623 -0.040000
v -1.590289 0.176731 -0.040000
v -1.591365 0.185443 -0.040000
v -1.592607 0.193761 -0.040000
v -1.594015 0.201683 -0.040000
v -1.595588 0.209209 -0.040000
v -1.597327 0.216341 -0.040000
v -1.599231 0.223077 -0.040000
v -1.601269 0.229343 -0.040000
v -1.603408 0.235064 -0.040000
v -1.605649 0.240240 -0.040000
v -1.607991 0.244872 -0.040000
v -1.610435 0.248958 -0.040000
v -1.612981 0.252500 -0.040000
v -1.615628 0.255497 -0.040000
v -1.618376 0.257949 -0.040000
v -1.621226 0.259856 -0.040000
v -1.624177 0.261218 -0.040000
v -1.627230 0.262035 -0.040000
v -1.630385 0.262308 -0.040000
v -1.633539 0.262051 -0.040000
v -1.636592 0.261282 -0.040000
v -1.639543 0.260000 -0.040000
v -1.642393 0.258205 -0.040000
v -1.645142 0.255897 -0.040000
v -1.647789 0.253077 -0.040000
v -1.650334 0.249744 -0.040000
v -1.652778 0.245897 -0.040000
v -1.655120 0.241539 -0.040000
v -1.657361 0.236667 -0.040000
v -1.659501 0.231282 -0.040000
v -1.661538 0.225385 -0.040000
v -1.663443 0.218985 -0.040000
v -1.665182 0.212094 -0.040000
v -1.666755 0.204712 -0.040000
v -1.668162 0.196838 -0.040000
v -1.669405 0.188472 -0.040000
v -1.670481 0.179615 -0.040000
v -1.671392 0.170267 -0.040000
v -1.672137 0.160427 -0.040000
v -1.672716 0.150096 -0.040000
v -1.673130 0.139274 -0.040000
v -1.673379 0.127959 -0.040000
v -1.673462 0.116154 -0.040000
v -1.673162 0.089615 -0.040000
v -1.672265 0.065385 -0.040000
v -1.670769 0.043462 -0.040000
v -1.668675 0.023846 -0.040000
v -1.665983 0.006538 -0.040000
v -1.662692 -0.008462 -0.040000
v -1.658803 -0.021154 -0.040000
v -1.654316 -0.031538 -0.040000
v -1.649231 -0.039615 -0.040000
v -1.643547 -0.045385 -0.040000
v -1.637265 -0.048846 -0.040000
v -1.630385 -0.050000 -0.040000
v -1.623504 -0.048846 -0.040000
v -1.617222 -0.045385 -0.040000
v -1.611538 -0.039615 -0.040000
v -1.606453 -0.031538 -0.040000
v -1.601966 -0.021154 -0.040000
v -1.598077 -0.008462 -0.040000
v -1.594786 0.006538 -0.040000
v -1.592094 0.023846 -0.040000
v -1.590000 0.043462 -0.040000
v -1.588504 0.065385 -0.040000
v -1.587607 0.089615 -0.040000
v -1.715000 0.250000 -0.040000
v -1.715000 -0.226154 -0.040000
v -1.719023 -0.227067 -0.040000
v -1.722885 -0.228013 -0.040000
v -1.726587 -0.228990 -0.040000
v -1.730128 -0.230000 -0.040000
v -1.733510 -0.231042 -0.040000
v -1.736731 -0.232115 -0.040000
v -1.739792 -0.233221 -0.040000
v -1.742692 -0.234359 -0.040000
v -1.745433 -0.235529 -0.040000
v -1.748013 -0.236731 -0.040000
v -1.750433 -0.237965 -0.040000
v -1.752692 -0.239231 -0.040000
v -1.753980 -0.239893 -0.040000
v -1.755278 -0.240598 -0.040000
v -1.756587 -0.241346 -0.040000
v -1.757906 -0.242137 -0.040000
v -1.759236 -0.242970 -0.040000
v -1.760577 -0.243846 -0.040000
v -1.761929 -0.244765 -0.040000
v -1.763291 -0.245726 -0.040000
v -1.764664 -0.246731 -0.040000
v -1.766047 -0.247778 -0.040000
v -1.767441 -0.248868 -0.040000
v -1.768846 -0.250000 -0.040000
v -1.768937 -0.250091 -0.040000
v -1.769209 -0.250363 -0.040000
v -1.769663 -0.250817 -0.040000
v -1.770299 -0.251453 -0.040000
v -1.771116 -0.252270 -0.040000
v -1.772115 -0.253269 -0.040000
v -1.773296 -0.254450 -0.040000
v -1.774658 -0.255812 -0.040000
v -1.776202 -0.257356 -0.040000
v -1.777927 -0.259081 -0.040000
v -1.779835 -0.260988 -0.040000
v -1.781923 -0.263077 -0.040000
v -1.788077 -0.268462 -0.040000
v -1.788077 0.223077 -0.040000
v -1.788178 0.226651 -0.040000
v -1.788483 0.229936 -0.040000
v -1.788990 0.232933 -0.040000
v -1.789701 0.235641 -0.040000
v -1.790614 0.238061 -0.040000
v -1.791731 0.240192 -0.040000
v -1.793050 0.242035 -0.040000
v -1.794573 0.243590 -0.040000
v -1.796298 0.244856 -0.040000
v -1.798226 0.245833 -0.040000
v -1.800358 0.246522 -0.040000
v -1.802692 0.246923 -0.040000
v -1.841923 0.251538 -0.040000
v -1.837121 0.252842 -0.040000
v -1.832457 0.254188 -0.040000
v -1.827933 0.255577 -0.040000
v -1.823547 0.257008 -0.040000
v -1.819300 0.258483 -0.040000
v -1.815192 0.260000 -0.040000
v -1.811223 0.261560 -0.040000
v -1.807393 0.263162 -0.040000
v -1.803702 0.264808 -0.040000
v -1.800150 0.266496 -0.040000
v -1.796736 0.268226 -0.040000
v -1.793462 0.270000 -0.040000
v -1.753462 0.291538 -0.040000
v -1.750502 0.287965 -0.040000
v -1.747778 0.284680 -0.040000
v -1.745288 0.281683 -0.040000
v -1.743034 0.278974 -0.040000
v -1.741015 0.276554 -0.040000
v -1.739231 0.274423 -0.040000
v -1.737682 0.272580 -0.040000
v -1.736368 0.271026 -0.040000
v -1.735289 0.269760 -0.040000
v -1.734444 0.268782 -0.040000
v -1.733836 0.268093 -0.040000
v -1.733462 0.267692 -0.040000
v 1.827308 0.085385 0.040002
v 1.827308 -0.061538 0.040002
v 1.821058 -0.062996 0.040002
v 1.815128 -0.064551 0.040002
v 1.809519 -0.066201 0.040002
v 1.804231 -0.067948 0.040002
v 1.799263 -0.069791 0.040002
v 1.794615 -0.071730 0.040002
v 1.790288 -0.073766 0.040002
v 1.786282 -0.075897 0.040002
v 1.782596 -0.078125 0.040002
v 1.779231 -0.080448 0.040002
v 1.776186 -0.082868 0.040002
v 1.773462 -0.085384 0.040002
v 1.755000 -0.103846 0.040002
v 1.755000 -0.070000 0.040002
v 1.680385 -0.070000 0.040002
v 1.680465 -0.085235 0.040002
v 1.680705 -0.099401 0.040002
v 1.681106 -0.112500 0.040002
v 1.681667 -0.124529 0.040002
v 1.682388 -0.135491 0.040002
v 1.683269 -0.145384 0.040002
v 1.684311 -0.154209 0.040002
v 1.685513 -0.161965 0.040002
v 1.686875 -0.168653 0.040002
v 1.688397 -0.174273 0.040002
v 1.690080 -0.178824 0.040002
v 1.691923 -0.182307 0.040002
v 1.695067 -0.186976 0.040002
v 1.698344 -0.191239 0.040002
v 1.701755 -0.195096 0.040002
v 1.705299 -0.198547 0.040002
v 1.708977 -0.201591 0.040002
v 1.712788 -0.204230 0.040002
v 1.716733 -0.206463 0.040002
v 1.720812 -0.208290 0.040002
v 1.725024 -0.209711 0.040002
v 1.729370 -0.210726 0.040002
v 1.733849 -0.211335 0.040002
v 1.738461 -0.211538 0.040002
v 1.743080 -0.211410 0.040002
v 1.747575 -0.211025 0.040002
v 1.751947 -0.210384 0.040002
v 1.756197 -0.209487 0.040002
v 1.760323 -0.208333 0.040002
v 1.764327 -0.206923 0.040002
v 1.768208 -0.205256 0.040002
v 1.771966 -0.203333 0.040002
v 1.775601 -0.201153 0.040002
v 1.779113 -0.198717 0.040002
v 1.782503 -0.196025 0.040002
v 1.785769 -0.193076 0.040002
v 1.788857 -0.190192 0.040002
v 1.791709 -0.187435 0.040002
v 1.794327 -0.184807 0.040002
v 1.796709 -0.182307 0.040002
v 1.798857 -0.179935 0.040002
v 1.800769 -0.177692 0.040002
v 1.802447 -0.175576 0.040002
v 1.803889 -0.173589 0.040002
v 1.805096 -0.171730 0.040002
v 1.806068 -0.170000 0.040002
v 1.806806 -0.168397 0.040002
v 1.807308 -0.166923 0.040002
v 1.818077 -0.131538 0.040002
v 1.818077 -0.223846 0.040002
v 1.736538 -0.223846 0.040002
v 1.728403 -0.223669 0.040002
v 1.720406 -0.223141 0.040002
v 1.712548 -0.222259 0.040002
v 1.704829 -0.221025 0.040002
v 1.697249 -0.219439 0.040002
v 1.689808 -0.217500 0.040002
v 1.682505 -0.215208 0.040002
v 1.675342 -0.212564 0.040002
v 1.668317 -0.209567 0.040002
v 1.661432 -0.206217 0.040002
v 1.654685 -0.202516 0.040002
v 1.648077 -0.198461 0.040002
v 1.641811 -0.193712 0.040002
v 1.636090 -0.187927 0.040002
v 1.630913 -0.181105 0.040002
v 1.626282 -0.173247 0.040002
v 1.622196 -0.164353 0.040002
v 1.618654 -0.154423 0.040002
v 1.615657 -0.143456 0.040002
v 1.613205 -0.131453 0.040002
v 1.611298 -0.118413 0.040002
v 1.609936 -0.104337 0.040002
v 1.609119 -0.089225 0.040002
v 1.608846 -0.073076 0.040002
v 1.609167 -0.056746 0.040002
v 1.610128 -0.041346 0.040002
v 1.611731 -0.026875 0.040002
v 1.613974 -0.013333 0.040002
v 1.616859 -0.000721 0.040002
v 1.620385 0.010962 0.040002
v 1.624551 0.021715 0.040002
v 1.629359 0.031539 0.040002
v 1.634808 0.040433 0.040002
v 1.640897 0.048398 0.040002
v 1.647628 0.055433 0.040002
v 1.655000 0.061539 0.040002
v 1.660491 0.065348 0.040002
v 1.666197 0.068825 0.040002
v 1.672115 0.071972 0.040002
v 1.678248 0.074787 0.040002
v 1.684594 0.077271 0.040002
v 1.691154 0.079424 0.040002
v 1.697927 0.081245 0.040002
v 1.704915 0.082736 0.040002
v 1.712115 0.083895 0.040002
v 1.719530 0.084723 0.040002
v 1.727158 0.085220 0.040002
v 1.735000 0.085385 0.040002
v 1.680385 -0.053076 0.040002
v 1.755000 -0.053076 0.040002
v 1.755000 0.073077 0.040002
v 1.722692 0.073077 0.040002
v 1.716405 0.072201 0.040002
v 1.710620 0.069573 0.040002
v 1.705337 0.065193 0.040002
v 1.700556 0.059060 0.040002
v 1.696277 0.051176 0.040002
v 1.692500 0.041539 0.040002
v 1.689225 0.030150 0.040002
v 1.686453 0.017009 0.040002
v 1.684183 0.002116 0.040002
v 1.682415 -0.014529 0.040002
v 1.681149 -0.032927 0.040002
v 1.473462 0.008462 0.040002
v 1.475855 0.008505 0.040002
v 1.478162 0.008633 0.040002
v 1.480385 0.008847 0.040002
v 1.482521 0.009146 0.040002
v 1.484573 0.009530 0.040002
v 1.486538 0.010000 0.040002
v 1.488419 0.010556 0.040002
v 1.490213 0.011197 0.040002
v 1.491923 0.011924 0.040002
v 1.493547 0.012736 0.040002
v 1.495085 0.013633 0.040002
v 1.496539 0.014616 0.040002
v 1.499322 0.017212 0.040002
v 1.501774 0.019872 0.040002
v 1.503894 0.022597 0.040002
v 1.505684 0.025385 0.040002
v 1.507142 0.028238 0.040002
v 1.508269 0.031154 0.040002
v 1.509065 0.034135 0.040002
v 1.509530 0.037180 0.040002
v 1.509664 0.040289 0.040002
v 1.509466 0.043462 0.040002
v 1.508937 0.046699 0.040002
v 1.508077 0.050000 0.040002
v 1.506752 0.053441 0.040002
v 1.505342 0.056582 0.040002
v 1.503846 0.059424 0.040002
v 1.502265 0.061966 0.040002
v 1.500598 0.064210 0.040002
v 1.498846 0.066154 0.040002
v 1.497009 0.067800 0.040002
v 1.495086 0.069146 0.040002
v 1.493077 0.070193 0.040002
v 1.490983 0.070941 0.040002
v 1.488804 0.071389 0.040002
v 1.486539 0.071539 0.040002
v 1.464231 0.071539 0.040002
v 1.457473 0.070535 0.040002
v 1.451303 0.067522 0.040002
v 1.445721 0.062500 0.040002
v 1.440727 0.055471 0.040002
v 1.436320 0.046432 0.040002
v 1.432500 0.035385 0.040002
v 1.429268 0.022330 0.040002
v 1.426624 0.007265 0.040002
v 1.424567 -0.009807 0.040002
v 1.423098 -0.028888 0.040002
v 1.422217 -0.049978 0.040002
v 1.421923 -0.073076 0.040002
v 1.422003 -0.087938 0.040002
v 1.422244 -0.101752 0.040002
v 1.422644 -0.114519 0.040002
v 1.423205 -0.126239 0.040002
v 1.423926 -0.136912 0.040002
v 1.424808 -0.146538 0.040002
v 1.425849 -0.155117 0.040002
v 1.427051 -0.162649 0.040002
v 1.428414 -0.169134 0.040002
v 1.429936 -0.174572 0.040002
v 1.431619 -0.178963 0.040002
v 1.433462 -0.182307 0.040002
v 1.436603 -0.186856 0.040002
v 1.439872 -0.191014 0.040002
v 1.443269 -0.194783 0.040002
v 1.446795 -0.198162 0.040002
v 1.450449 -0.201151 0.040002
v 1.454231 -0.203750 0.040002
v 1.458141 -0.205958 0.040002
v 1.462180 -0.207777 0.040002
v 1.466346 -0.209206 0.040002
v 1.470641 -0.210245 0.040002
v 1.475064 -0.210894 0.040002
v 1.479615 -0.211153 0.040002
v 1.484172 -0.211087 0.040002
v 1.488611 -0.210758 0.040002
v 1.492933 -0.210168 0.040002
v 1.497137 -0.209316 0.040002
v 1.501223 -0.208202 0.040002
v 1.505192 -0.206826 0.040002
v 1.509044 -0.205189 0.040002
v 1.512778 -0.203290 0.040002
v 1.516394 -0.201129 0.040002
v 1.519893 -0.198707 0.040002
v 1.523275 -0.196022 0.040002
v 1.526538 -0.193076 0.040002
v 1.529749 -0.190074 0.040002
v 1.532714 -0.187222 0.040002
v 1.535433 -0.184519 0.040002
v 1.537906 -0.181965 0.040002
v 1.540133 -0.179561 0.040002
v 1.542115 -0.177307 0.040002
v 1.543851 -0.175203 0.040002
v 1.545342 -0.173247 0.040002
v 1.546587 -0.171442 0.040002
v 1.547585 -0.169786 0.040002
v 1.548339 -0.168279 0.040002
v 1.548846 -0.166923 0.040002
v 1.558846 -0.131538 0.040002
v 1.558846 -0.223846 0.040002
v 1.478077 -0.223846 0.040002
v 1.468803 -0.223693 0.040002
v 1.459957 -0.223237 0.040002
v 1.451538 -0.222475 0.040002
v 1.443547 -0.221410 0.040002
v 1.435983 -0.220040 0.040002
v 1.428846 -0.218365 0.040002
v 1.422137 -0.216386 0.040002
v 1.415855 -0.214102 0.040002
v 1.410000 -0.211514 0.040002
v 1.404573 -0.208621 0.040002
v 1.399573 -0.205424 0.040002
v 1.395000 -0.201923 0.040002
v 1.390759 -0.198183 0.040002
v 1.386752 -0.194273 0.040002
v 1.382981 -0.190192 0.040002
v 1.379444 -0.185940 0.040002
v 1.376143 -0.181517 0.040002
v 1.373077 -0.176923 0.040002
v 1.370246 -0.172158 0.040002
v 1.367650 -0.167222 0.040002
v 1.365288 -0.162115 0.040002
v 1.363162 -0.156837 0.040002
v 1.361271 -0.151388 0.040002
v 1.359615 -0.145769 0.040002
v 1.358141 -0.139965 0.040002
v 1.356795 -0.133963 0.040002
v 1.355577 -0.127764 0.040002
v 1.354487 -0.121367 0.040002
v 1.353526 -0.114772 0.040002
v 1.352692 -0.107980 0.040002
v 1.351987 -0.100990 0.040002
v 1.351410 -0.093803 0.040002
v 1.350962 -0.086418 0.040002
v 1.350641 -0.078835 0.040002
v 1.350449 -0.071055 0.040002
v 1.350385 -0.063076 0.040002
v 1.350705 -0.049294 0.040002
v 1.351667 -0.036153 0.040002
v 1.353269 -0.023653 0.040002
v 1.355513 -0.011794 0.040002
v 1.358398 -0.000576 0.040002
v 1.361923 0.010000 0.040002
v 1.366090 0.019936 0.040002
v 1.370898 0.029231 0.040002
v 1.376346 0.037885 0.040002
v 1.382436 0.045898 0.040002
v 1.389167 0.053270 0.040002
v 1.396538 0.060000 0.040002
v 1.401330 0.063809 0.040002
v 1.406218 0.067287 0.040002
v 1.411202 0.070433 0.040002
v 1.416282 0.073248 0.040002
v 1.421458 0.075732 0.040002
v 1.426731 0.077885 0.040002
v 1.432099 0.079707 0.040002
v 1.437564 0.081197 0.040002
v 1.443125 0.082356 0.040002
v 1.448782 0.083184 0.040002
v 1.454535 0.083681 0.040002
v 1.460385 0.083847 0.040002
v 1.475198 0.083216 0.040002
v 1.489124 0.081582 0.040002
v 1.502164 0.078943 0.040002
v 1.514316 0.075300 0.040002
v 1.525582 0.070652 0.040002
v 1.535962 0.065000 0.040002
v 1.545454 0.058344 0.040002
v 1.554060 0.050684 0.040002
v 1.561779 0.042020 0.040002
v 1.568611 0.032351 0.040002
v 1.574557 0.021678 0.040002
v 1.579615 0.010000 0.040002
v 1.543462 -0.028461 0.040002
v 1.537922 -0.024444 0.040002
v 1.532329 -0.020598 0.040002
v 1.526683 -0.016923 0.040002
v 1.520983 -0.013418 0.040002
v 1.515230 -0.010085 0.040002
v 1.509423 -0.006923 0.040002
v 1.503563 -0.003931 0.040002
v 1.497650 -0.001111 0.040002
v 1.491683 0.001539 0.040002
v 1.485662 0.004018 0.040002
v 1.479589 0.006325 0.040002
v 1.205769 0.073077 0.040002
v 1.209429 0.072944 0.040002
v 1.212970 0.072543 0.040002
v 1.216394 0.071875 0.040002
v 1.219701 0.070941 0.040002
v 1.222890 0.069739 0.040002
v 1.225962 0.068270 0.040002
v 1.228916 0.066534 0.040002
v 1.231752 0.064530 0.040002
v 1.234471 0.062260 0.040002
v 1.237073 0.059723 0.040002
v 1.239557 0.056918 0.040002
v 1.241923 0.053847 0.040002
v 1.245684 0.055150 0.040002
v 1.249274 0.056496 0.040002
v 1.252692 0.057885 0.040002
v 1.255940 0.059317 0.040002
v 1.259017 0.060791 0.040002
v 1.261923 0.062308 0.040002
v 1.264658 0.063868 0.040002
v 1.267222 0.065471 0.040002
v 1.269615 0.067116 0.040002
v 1.271838 0.068804 0.040002
v 1.273889 0.070535 0.040002
v 1.275769 0.072308 0.040002
v 1.276373 0.072906 0.040002
v 1.277158 0.073676 0.040002
v 1.278125 0.074616 0.040002
v 1.279274 0.075727 0.040002
v 1.280604 0.077009 0.040002
v 1.282116 0.078462 0.040002
v 1.283809 0.080086 0.040002
v 1.285684 0.081881 0.040002
v 1.287741 0.083847 0.040002
v 1.289979 0.085983 0.040002
v 1.292399 0.088291 0.040002
v 1.295000 0.090770 0.040002
v 1.294231 -0.187692 0.040002
v 1.294231 -0.200000 0.040002
v 1.290208 -0.200908 0.040002
v 1.286346 -0.201837 0.040002
v 1.282644 -0.202788 0.040002
v 1.279103 -0.203760 0.040002
v 1.275721 -0.204754 0.040002
v 1.272500 -0.205769 0.040002
v 1.269439 -0.206805 0.040002
v 1.266539 -0.207863 0.040002
v 1.263798 -0.208942 0.040002
v 1.261218 -0.210042 0.040002
v 1.258798 -0.211164 0.040002
v 1.256539 -0.212307 0.040002
v 1.255134 -0.213092 0.040002
v 1.253739 -0.213910 0.040002
v 1.252356 -0.214759 0.040002
v 1.250983 -0.215641 0.040002
v 1.249621 -0.216554 0.040002
v 1.248269 -0.217499 0.040002
v 1.246929 -0.218477 0.040002
v 1.245598 -0.219487 0.040002
v 1.244279 -0.220528 0.040002
v 1.242970 -0.221602 0.040002
v 1.241672 -0.222708 0.040002
v 1.240385 -0.223846 0.040002
v 1.225769 -0.236923 0.040002
v 1.221154 -0.242307 0.040002
v 1.220876 -0.241047 0.040002
v 1.220556 -0.239829 0.040002
v 1.220192 -0.238653 0.040002
v 1.219786 -0.237521 0.040002
v 1.219338 -0.236431 0.040002
v 1.218846 -0.235384 0.040002
v 1.218312 -0.234380 0.040002
v 1.217735 -0.233418 0.040002
v 1.217115 -0.232500 0.040002
v 1.216453 -0.231623 0.040002
v 1.215748 -0.230790 0.040002
v 1.215000 -0.230000 0.040002
v 1.214706 -0.229738 0.040002
v 1.214338 -0.229465 0.040002
v 1.213894 -0.229182 0.040002
v 1.213376 -0.228888 0.040002
v 1.212783 -0.228584 0.040002
v 1.212116 -0.228269 0.040002
v 1.211373 -0.227943 0.040002
v 1.210556 -0.227606 0.040002
v 1.209664 -0.227259 0.040002
v 1.208697 -0.226901 0.040002
v 1.207655 -0.226533 0.040002
v 1.206539 -0.226153 0.040002
v 1.205529 -0.225785 0.040002
v 1.204551 -0.225448 0.040002
v 1.203606 -0.225144 0.040002
v 1.202692 -0.224871 0.040002
v 1.201811 -0.224631 0.040002
v 1.200962 -0.224423 0.040002
v 1.200144 -0.224246 0.040002
v 1.199359 -0.224102 0.040002
v 1.198606 -0.223990 0.040002
v 1.197885 -0.223910 0.040002
v 1.197196 -0.223862 0.040002
v 1.196539 -0.223846 0.040002
v 1.191923 -0.223846 0.040002
v 1.182655 -0.223696 0.040002
v 1.173825 -0.223247 0.040002
v 1.165433 -0.222500 0.040002
v 1.157479 -0.221453 0.040002
v 1.149963 -0.220106 0.040002
v 1.142885 -0.218461 0.040002
v 1.136245 -0.216517 0.040002
v 1.130043 -0.214273 0.040002
v 1.124279 -0.211730 0.040002
v 1.118953 -0.208888 0.040002
v 1.114065 -0.205747 0.040002
v 1.109615 -0.202307 0.040002
v 1.105251 -0.198416 0.040002
v 1.101133 -0.194433 0.040002
v 1.097260 -0.190360 0.040002
v 1.093633 -0.186196 0.040002
v 1.090251 -0.181941 0.040002
v 1.087116 -0.177596 0.040002
v 1.084226 -0.173159 0.040002
v 1.081581 -0.168632 0.040002
v 1.079183 -0.164014 0.040002
v 1.077030 -0.159305 0.040002
v 1.075123 -0.154505 0.040002
v 1.073462 -0.149615 0.040002
v 1.071987 -0.144553 0.040002
v 1.070641 -0.139241 0.040002
v 1.069423 -0.133677 0.040002
v 1.068334 -0.127863 0.040002
v 1.067372 -0.121797 0.040002
v 1.066539 -0.115480 0.040002
v 1.065834 -0.108912 0.040002
v 1.065257 -0.102094 0.040002
v 1.064808 -0.095024 0.040002
v 1.064487 -0.087702 0.040002
v 1.064295 -0.080130 0.040002
v 1.064231 -0.072307 0.040002
v 1.064551 -0.058888 0.040002
v 1.065513 -0.046068 0.040002
v 1.067116 -0.033846 0.040002
v 1.069359 -0.022222 0.040002
v 1.072244 -0.011196 0.040002
v 1.075769 -0.000769 0.040002
v 1.079936 0.009060 0.040002
v 1.084744 0.018291 0.040002
v 1.090192 0.026924 0.040002
v 1.096282 0.034958 0.040002
v 1.103013 0.042394 0.040002
v 1.110385 0.049231 0.040002
v 1.115395 0.053040 0.040002
v 1.120940 0.056518 0.040002
v 1.127019 0.059664 0.040002
v 1.133633 0.062479 0.040002
v 1.140780 0.064963 0.040002
v 1.148462 0.067116 0.040002
v 1.156677 0.068937 0.040002
v 1.165427 0.070428 0.040002
v 1.174712 0.071587 0.040002
v 1.184530 0.072415 0.040002
v 1.194883 0.072912 0.040002
v 1.135000 -0.082307 0.040002
v 1.135086 -0.092751 0.040002
v 1.135342 -0.102799 0.040002
v 1.135769 -0.112451 0.040002
v 1.136368 -0.121709 0.040002
v 1.137137 -0.130571 0.040002
v 1.138077 -0.139038 0.040002
v 1.139188 -0.147110 0.040002
v 1.140470 -0.154786 0.040002
v 1.141923 -0.162067 0.040002
v 1.143547 -0.168953 0.040002
v 1.145342 -0.175443 0.040002
v 1.147308 -0.181538 0.040002
v 1.149402 -0.187190 0.040002
v 1.151581 -0.192350 0.040002
v 1.153846 -0.197019 0.040002
v 1.156197 -0.201196 0.040002
v 1.158633 -0.204882 0.040002
v 1.161154 -0.208076 0.040002
v 1.163761 -0.210779 0.040002
v 1.166453 -0.212991 0.040002
v 1.169231 -0.214711 0.040002
v 1.172094 -0.215940 0.040002
v 1.175043 -0.216677 0.040002
v 1.178077 -0.216923 0.040002
v 1.181237 -0.216690 0.040002
v 1.184306 -0.215993 0.040002
v 1.187284 -0.214831 0.040002
v 1.190171 -0.213205 0.040002
v 1.192968 -0.211113 0.040002
v 1.195673 -0.208557 0.040002
v 1.198288 -0.205536 0.040002
v 1.200812 -0.202051 0.040002
v 1.203245 -0.198100 0.040002
v 1.205588 -0.193685 0.040002
v 1.207839 -0.188806 0.040002
v 1.210000 -0.183461 0.040002
v 1.212027 -0.177646 0.040002
v 1.213878 -0.171356 0.040002
v 1.215553 -0.164591 0.040002
v 1.217051 -0.157350 0.040002
v 1.218374 -0.149634 0.040002
v 1.219519 -0.141442 0.040002
v 1.220489 -0.132775 0.040002
v 1.221282 -0.123632 0.040002
v 1.221899 -0.114014 0.040002
v 1.222340 -0.103920 0.040002
v 1.222604 -0.093352 0.040002
v 1.222692 -0.082307 0.040002
v 1.222692 0.036924 0.040002
v 1.221806 0.038905 0.040002
v 1.220940 0.040748 0.040002
v 1.220096 0.042452 0.040002
v 1.219274 0.044018 0.040002
v 1.218472 0.045444 0.040002
v 1.217692 0.046731 0.040002
v 1.216934 0.047880 0.040002
v 1.216197 0.048889 0.040002
v 1.215481 0.049760 0.040002
v 1.214786 0.050492 0.040002
v 1.214113 0.051085 0.040002
v 1.213462 0.051539 0.040002
v 1.199615 0.060000 0.040002
v 1.178077 0.060000 0.040002
v 1.171197 0.059012 0.040002
v 1.164915 0.056047 0.040002
v 1.159231 0.051106 0.040002
v 1.154145 0.044189 0.040002
v 1.149658 0.035294 0.040002
v 1.145769 0.024424 0.040002
v 1.142479 0.011576 0.040002
v 1.139786 -0.003247 0.040002
v 1.137692 -0.020048 0.040002
v 1.136197 -0.038824 0.040002
v 1.135299 -0.059578 0.040002
v 0.963462 -0.056153 0.040002
v 0.963379 -0.046912 0.040002
v 0.963131 -0.037905 0.040002
v 0.962717 -0.029134 0.040002
v 0.962137 -0.020598 0.040002
v 0.961392 -0.012297 0.040002
v 0.960481 -0.004230 0.040002
v 0.959405 0.003601 0.040002
v 0.958163 0.011197 0.040002
v 0.956755 0.018558 0.040002
v 0.955182 0.025684 0.040002
v 0.953443 0.032575 0.040002
v 0.951539 0.039231 0.040002
v 0.949503 0.045497 0.040002
v 0.947372 0.051218 0.040002
v 0.945144 0.056395 0.040002
v 0.942821 0.061026 0.040002
v 0.940401 0.065113 0.040002
v 0.937885 0.068654 0.040002
v 0.935273 0.071651 0.040002
v 0.932564 0.074103 0.040002
v 0.929760 0.076010 0.040002
v 0.926859 0.077372 0.040002
v 0.923862 0.078190 0.040002
v 0.920769 0.078462 0.040002
v 0.917676 0.078203 0.040002
v 0.914680 0.077426 0.040002
v 0.911779 0.076130 0.040002
v 0.908975 0.074317 0.040002
v 0.906266 0.071985 0.040002
v 0.903654 0.069135 0.040002
v 0.901138 0.065767 0.040002
v 0.898718 0.061881 0.040002
v 0.896394 0.057476 0.040002
v 0.894167 0.052554 0.040002
v 0.892035 0.047113 0.040002
v 0.890000 0.041154 0.040002
v 0.888096 0.034779 0.040002
v 0.886357 0.028088 0.040002
v 0.884784 0.021082 0.040002
v 0.883376 0.013761 0.040002
v 0.882134 0.006125 0.040002
v 0.881058 -0.001826 0.040002
v 0.880147 -0.010093 0.040002
v 0.879402 -0.018675 0.040002
v 0.878822 -0.027572 0.040002
v 0.878408 -0.036784 0.040002
v 0.878160 -0.046311 0.040002
v 0.878077 -0.056153 0.040002
v 0.878374 -0.078269 0.040002
v 0.879263 -0.098461 0.040002
v 0.880745 -0.116730 0.040002
v 0.882821 -0.133076 0.040002
v 0.885489 -0.147500 0.040002
v 0.888750 -0.160000 0.040002
v 0.892604 -0.170576 0.040002
v 0.897051 -0.179230 0.040002
v 0.902091 -0.185961 0.040002
v 0.907724 -0.190769 0.040002
v 0.913950 -0.193653 0.040002
v 0.920769 -0.194615 0.040002
v 0.927588 -0.193653 0.040002
v 0.933814 -0.190769 0.040002
v 0.939447 -0.185961 0.040002
v 0.944487 -0.179230 0.040002
v 0.948934 -0.170576 0.040002
v 0.952789 -0.160000 0.040002
v 0.956050 -0.147500 0.040002
v 0.958718 -0.133076 0.040002
v 0.960793 -0.116730 0.040002
v 0.962276 -0.098461 0.040002
v 0.963165 -0.078269 0.040002
v 0.858846 0.079231 0.040002
v 0.864322 0.080091 0.040002
v 0.869466 0.080877 0.040002
v 0.874279 0.081587 0.040002
v 0.878761 0.082223 0.040002
v 0.882911 0.082784 0.040002
v 0.886731 0.083270 0.040002
v 0.890219 0.083681 0.040002
v 0.893376 0.084018 0.040002
v 0.896202 0.084279 0.040002
v 0.898697 0.084466 0.040002
v 0.900860 0.084578 0.040002
v 0.902692 0.084616 0.040002
v 0.907308 0.084616 0.040002
v 0.916581 0.084461 0.040002
v 0.925428 0.083996 0.040002
v 0.933846 0.083222 0.040002
v 0.941838 0.082137 0.040002
v 0.949402 0.080743 0.040002
v 0.956539 0.079039 0.040002
v 0.963248 0.077025 0.040002
v 0.969530 0.074701 0.040002
v 0.975385 0.072068 0.040002
v 0.980812 0.069124 0.040002
v 0.985812 0.065871 0.040002
v 0.990385 0.062308 0.040002
v 0.997511 0.055706 0.040002
v 1.004017 0.048462 0.040002
v 1.009904 0.040577 0.040002
v 1.015171 0.032052 0.040002
v 1.019819 0.022885 0.040002
v 1.023846 0.013077 0.040002
v 1.027254 0.002629 0.040002
v 1.030043 -0.008461 0.040002
v 1.032212 -0.020192 0.040002
v 1.033761 -0.032564 0.040002
v 1.034690 -0.045576 0.040002
v 1.035000 -0.059230 0.040002
v 1.034680 -0.072879 0.040002
v 1.033718 -0.085876 0.040002
v 1.032116 -0.098221 0.040002
v 1.029872 -0.109914 0.040002
v 1.026987 -0.120956 0.040002
v 1.023462 -0.131346 0.040002
v 1.019295 -0.141084 0.040002
v 1.014487 -0.150170 0.040002
v 1.009039 -0.158605 0.040002
v 1.002949 -0.166388 0.040002
v 0.996218 -0.173520 0.040002
v 0.988846 -0.180000 0.040002
v 0.984776 -0.182964 0.040002
v 0.980257 -0.185705 0.040002
v 0.975289 -0.188221 0.040002
v 0.969872 -0.190512 0.040002
v 0.964007 -0.192580 0.040002
v 0.957692 -0.194423 0.040002
v 0.950930 -0.196041 0.040002
v 0.943718 -0.197435 0.040002
v 0.936058 -0.198605 0.040002
v 0.927949 -0.199551 0.040002
v 0.919391 -0.200272 0.040002
v 0.910385 -0.200769 0.040002
v 0.906918 -0.200929 0.040002
v 0.903697 -0.201153 0.040002
v 0.900721 -0.201442 0.040002
v 0.897992 -0.201794 0.040002
v 0.895508 -0.202211 0.040002
v 0.893269 -0.202692 0.040002
v 0.891277 -0.203237 0.040002
v 0.889530 -0.203846 0.040002
v 0.888029 -0.204519 0.040002
v 0.886774 -0.205256 0.040002
v 0.885764 -0.206057 0.040002
v 0.885000 -0.206923 0.040002
v 0.878077 -0.217692 0.040002
v 0.878077 -0.316923 0.040002
v 0.872297 -0.318263 0.040002
v 0.866752 -0.319722 0.040002
v 0.861442 -0.321298 0.040002
v 0.856368 -0.322991 0.040002
v 0.851528 -0.324802 0.040002
v 0.846923 -0.326730 0.040002
v 0.842554 -0.328776 0.040002
v 0.838419 -0.330940 0.040002
v 0.834519 -0.333221 0.040002
v 0.830855 -0.335619 0.040002
v 0.827425 -0.338135 0.040002
v 0.824231 -0.340769 0.040002
v 0.823627 -0.341367 0.040002
v 0.822842 -0.342136 0.040002
v 0.821875 -0.343076 0.040002
v 0.820727 -0.344188 0.040002
v 0.819397 -0.345470 0.040002
v 0.817885 -0.346923 0.040002
v 0.816191 -0.348547 0.040002
v 0.814316 -0.350341 0.040002
v 0.812260 -0.352307 0.040002
v 0.810022 -0.354444 0.040002
v 0.807602 -0.356752 0.040002
v 0.805000 -0.359230 0.040002
v 0.805000 0.033847 0.040002
v 0.804899 0.037420 0.040002
v 0.804594 0.040706 0.040002
v 0.804087 0.043702 0.040002
v 0.803376 0.046411 0.040002
v 0.802463 0.048831 0.040002
v 0.801346 0.050962 0.040002
v 0.800027 0.052805 0.040002
v 0.798504 0.054359 0.040002
v 0.796779 0.055625 0.040002
v 0.794851 0.056603 0.040002
v 0.792719 0.057292 0.040002
v 0.790385 0.057693 0.040002
v 0.750385 0.062308 0.040002
v 0.755428 0.063729 0.040002
v 0.760299 0.065171 0.040002
v 0.765000 0.066635 0.040002
v 0.769530 0.068120 0.040002
v 0.773889 0.069627 0.040002
v 0.778077 0.071154 0.040002
v 0.782094 0.072703 0.040002
v 0.785940 0.074274 0.040002
v 0.789616 0.075866 0.040002
v 0.793120 0.077479 0.040002
v 0.796453 0.079114 0.040002
v 0.799616 0.080770 0.040002
v 0.838846 0.102308 0.040002
v 0.841571 0.099210 0.040002
v 0.844103 0.096325 0.040002
v 0.846442 0.093654 0.040002
v 0.848590 0.091197 0.040002
v 0.850545 0.088953 0.040002
v 0.852308 0.086924 0.040002
v 0.853878 0.085107 0.040002
v 0.855257 0.083505 0.040002
v 0.856442 0.082116 0.040002
v 0.857436 0.080941 0.040002
v 0.858237 0.079979 0.040002
v 0.584231 -0.219230 0.040002
v 0.584231 0.018462 0.040002
v 0.577687 0.022287 0.040002
v 0.571389 0.026069 0.040002
v 0.565337 0.029808 0.040002
v 0.559530 0.033505 0.040002
v 0.553969 0.037159 0.040002
v 0.548654 0.040770 0.040002
v 0.543585 0.044338 0.040002
v 0.538761 0.047864 0.040002
v 0.534183 0.051347 0.040002
v 0.529851 0.054787 0.040002
v 0.525764 0.058184 0.040002
v 0.521923 0.061539 0.040002
v 0.518163 0.065075 0.040002
v 0.514573 0.068761 0.040002
v 0.511154 0.072597 0.040002
v 0.507906 0.076582 0.040002
v 0.504829 0.080716 0.040002
v 0.501923 0.085000 0.040002
v 0.499188 0.089434 0.040002
v 0.496624 0.094018 0.040002
v 0.494231 0.098750 0.040002
v 0.492009 0.103633 0.040002
v 0.489957 0.108665 0.040002
v 0.488077 0.113847 0.040002
v 0.486480 0.119023 0.040002
v 0.485022 0.124039 0.040002
v 0.483702 0.128895 0.040002
v 0.482522 0.133590 0.040002
v 0.481480 0.138125 0.040002
v 0.480577 0.142500 0.040002
v 0.479813 0.146715 0.040002
v 0.479188 0.150770 0.040002
v 0.478702 0.154664 0.040002
v 0.478355 0.158398 0.040002
v 0.478146 0.161972 0.040002
v 0.478077 0.165385 0.040002
v 0.478195 0.173916 0.040002
v 0.478547 0.182073 0.040002
v 0.479135 0.189856 0.040002
v 0.479957 0.197265 0.040002
v 0.481015 0.204301 0.040002
v 0.482308 0.210962 0.040002
v 0.483836 0.217249 0.040002
v 0.485598 0.223163 0.040002
v 0.487596 0.228702 0.040002
v 0.489829 0.233868 0.040002
v 0.492297 0.238660 0.040002
v 0.495000 0.243077 0.040002
v 0.499973 0.249343 0.040002
v 0.505406 0.255065 0.040002
v 0.511298 0.260241 0.040002
v 0.517650 0.264872 0.040002
v 0.524461 0.268959 0.040002
v 0.531731 0.272500 0.040002
v 0.539461 0.275497 0.040002
v 0.547650 0.277949 0.040002
v 0.556298 0.279856 0.040002
v 0.565406 0.281218 0.040002
v 0.574973 0.282036 0.040002
v 0.585000 0.282308 0.040002
v 0.711923 0.282308 0.040002
v 0.711923 0.189231 0.040002
v 0.710385 0.199231 0.040002
v 0.709541 0.204488 0.040002
v 0.708547 0.209488 0.040002
v 0.707404 0.214231 0.040002
v 0.706111 0.218718 0.040002
v 0.704669 0.222949 0.040002
v 0.703077 0.226924 0.040002
v 0.701336 0.230642 0.040002
v 0.699445 0.234103 0.040002
v 0.697404 0.237308 0.040002
v 0.695214 0.240257 0.040002
v 0.692874 0.242949 0.040002
v 0.690385 0.245385 0.040002
v 0.686848 0.248366 0.040002
v 0.683419 0.251154 0.040002
v 0.680096 0.253750 0.040002
v 0.676881 0.256154 0.040002
v 0.673772 0.258366 0.040002
v 0.670769 0.260385 0.040002
v 0.667874 0.262212 0.040002
v 0.665086 0.263847 0.040002
v 0.662404 0.265289 0.040002
v 0.659829 0.266539 0.040002
v 0.657361 0.267597 0.040002
v 0.655000 0.268462 0.040002
v 0.650652 0.269616 0.040002
v 0.646325 0.270513 0.040002
v 0.642019 0.271154 0.040002
v 0.637735 0.271539 0.040002
v 0.633472 0.271667 0.040002
v 0.629231 0.271539 0.040002
v 0.625011 0.271154 0.040002
v 0.620812 0.270513 0.040002
v 0.616635 0.269616 0.040002
v 0.612479 0.268462 0.040002
v 0.608344 0.267052 0.040002
v 0.604231 0.265385 0.040002
v 0.603969 0.265252 0.040002
v 0.603697 0.265107 0.040002
v 0.603414 0.264952 0.040002
v 0.603120 0.264787 0.040002
v 0.602815 0.264610 0.040002
v 0.602500 0.264424 0.040002
v 0.602174 0.264226 0.040002
v 0.601838 0.264018 0.040002
v 0.601491 0.263799 0.040002
v 0.601133 0.263569 0.040002
v 0.600764 0.263328 0.040002
v 0.600385 0.263077 0.040002
v 0.600385 0.054616 0.040002
v 0.602356 0.053435 0.040002
v 0.604423 0.052201 0.040002
v 0.606587 0.050914 0.040002
v 0.608846 0.049573 0.040002
v 0.611202 0.048179 0.040002
v 0.613654 0.046731 0.040002
v 0.616202 0.045230 0.040002
v 0.618846 0.043676 0.040002
v 0.621587 0.042068 0.040002
v 0.624423 0.040406 0.040002
v 0.627356 0.038692 0.040002
v 0.630385 0.036924 0.040002
v 0.637425 0.032848 0.040002
v 0.644188 0.028825 0.040002
v 0.650673 0.024856 0.040002
v 0.656881 0.020941 0.040002
v 0.662810 0.017078 0.040002
v 0.668462 0.013270 0.040002
v 0.673836 0.009514 0.040002
v 0.678932 0.005812 0.040002
v 0.683750 0.002164 0.040002
v 0.688291 -0.001431 0.040002
v 0.692554 -0.004973 0.040002
v 0.696539 -0.008461 0.040002
v 0.700299 -0.011997 0.040002
v 0.703889 -0.015683 0.040002
v 0.707308 -0.019519 0.040002
v 0.710556 -0.023504 0.040002
v 0.713633 -0.027638 0.040002
v 0.716539 -0.031923 0.040002
v 0.719274 -0.036356 0.040002
v 0.721838 -0.040940 0.040002
v 0.724231 -0.045673 0.040002
v 0.726453 -0.050555 0.040002
v 0.728505 -0.055587 0.040002
v 0.730385 -0.060769 0.040002
v 0.732105 -0.065945 0.040002
v 0.733675 -0.070961 0.040002
v 0.735096 -0.075817 0.040002
v 0.736368 -0.080512 0.040002
v 0.737490 -0.085048 0.040002
v 0.738462 -0.089423 0.040002
v 0.739284 -0.093637 0.040002
v 0.739957 -0.097692 0.040002
v 0.740481 -0.101586 0.040002
v 0.740855 -0.105320 0.040002
v 0.741079 -0.108894 0.040002
v 0.741154 -0.112307 0.040002
v 0.741031 -0.120838 0.040002
v 0.740663 -0.128995 0.040002
v 0.740048 -0.136778 0.040002
v 0.739188 -0.144188 0.040002
v 0.738082 -0.151223 0.040002
v 0.736731 -0.157884 0.040002
v 0.735134 -0.164172 0.040002
v 0.733291 -0.170085 0.040002
v 0.731202 -0.175625 0.040002
v 0.728868 -0.180790 0.040002
v 0.726288 -0.185582 0.040002
v 0.723462 -0.190000 0.040002
v 0.718488 -0.196388 0.040002
v 0.713056 -0.202222 0.040002
v 0.707164 -0.207500 0.040002
v 0.700812 -0.212222 0.040002
v 0.694001 -0.216388 0.040002
v 0.686731 -0.220000 0.040002
v 0.679001 -0.223055 0.040002
v 0.670812 -0.225555 0.040002
v 0.662164 -0.227499 0.040002
v 0.653056 -0.228888 0.040002
v 0.643488 -0.229722 0.040002
v 0.633462 -0.230000 0.040002
v 0.481154 -0.230000 0.040002
v 0.481154 -0.136153 0.040002
v 0.483462 -0.146923 0.040002
v 0.484423 -0.152179 0.040002
v 0.485513 -0.157179 0.040002
v 0.486731 -0.161923 0.040002
v 0.488077 -0.166410 0.040002
v 0.489551 -0.170641 0.040002
v 0.491154 -0.174615 0.040002
v 0.492885 -0.178333 0.040002
v 0.494744 -0.181794 0.040002
v 0.496731 -0.185000 0.040002
v 0.498846 -0.187948 0.040002
v 0.501090 -0.190641 0.040002
v 0.503462 -0.193076 0.040002
v 0.507073 -0.196303 0.040002
v 0.510727 -0.199316 0.040002
v 0.514423 -0.202115 0.040002
v 0.518162 -0.204700 0.040002
v 0.521945 -0.207072 0.040002
v 0.525769 -0.209230 0.040002
v 0.529637 -0.211175 0.040002
v 0.533547 -0.212905 0.040002
v 0.537500 -0.214423 0.040002
v 0.541496 -0.215726 0.040002
v 0.545534 -0.216816 0.040002
v 0.549616 -0.217692 0.040002
v 0.552676 -0.218173 0.040002
v 0.555705 -0.218589 0.040002
v 0.558702 -0.218942 0.040002
v 0.561667 -0.219230 0.040002
v 0.564600 -0.219455 0.040002
v 0.567500 -0.219615 0.040002
v 0.570369 -0.219711 0.040002
v 0.573205 -0.219743 0.040002
v 0.576010 -0.219711 0.040002
v 0.578782 -0.219615 0.040002
v 0.581523 -0.219455 0.040002
v 0.600385 -0.216153 0.040002
v 0.601277 -0.215892 0.040002
v 0.602158 -0.215619 0.040002
v 0.603029 -0.215336 0.040002
v 0.603889 -0.215042 0.040002
v 0.604738 -0.214738 0.040002
v 0.605577 -0.214423 0.040002
v 0.606405 -0.214097 0.040002
v 0.607222 -0.213760 0.040002
v 0.608029 -0.213413 0.040002
v 0.608825 -0.213055 0.040002
v 0.609610 -0.212686 0.040002
v 0.610385 -0.212307 0.040002
v 0.618408 -0.208141 0.040002
v 0.625812 -0.203589 0.040002
v 0.632596 -0.198653 0.040002
v 0.638761 -0.193333 0.040002
v 0.644306 -0.187628 0.040002
v 0.649231 -0.181538 0.040002
v 0.653536 -0.175064 0.040002
v 0.657222 -0.168205 0.040002
v 0.660289 -0.160961 0.040002
v 0.662735 -0.153333 0.040002
v 0.664562 -0.145320 0.040002
v 0.665769 -0.136923 0.040002
v 0.665892 -0.135464 0.040002
v 0.666004 -0.133910 0.040002
v 0.666106 -0.132259 0.040002
v 0.666197 -0.130512 0.040002
v 0.666277 -0.128669 0.040002
v 0.666346 -0.126730 0.040002
v 0.666405 -0.124695 0.040002
v 0.666453 -0.122564 0.040002
v 0.666491 -0.120336 0.040002
v 0.666517 -0.118012 0.040002
v 0.666533 -0.115592 0.040002
v 0.666539 -0.113076 0.040002
v 0.666101 -0.102991 0.040002
v 0.665299 -0.093247 0.040002
v 0.664135 -0.083846 0.040002
v 0.662607 -0.074786 0.040002
v 0.660716 -0.066068 0.040002
v 0.658462 -0.057692 0.040002
v 0.655844 -0.049658 0.040002
v 0.652863 -0.041965 0.040002
v 0.649519 -0.034615 0.040002
v 0.645812 -0.027606 0.040002
v 0.641742 -0.020940 0.040002
v 0.637308 -0.014615 0.040002
v 0.636464 -0.013744 0.040002
v 0.635214 -0.012670 0.040002
v 0.633558 -0.011394 0.040002
v 0.631496 -0.009914 0.040002
v 0.629028 -0.008231 0.040002
v 0.626154 -0.006346 0.040002
v 0.622874 -0.004257 0.040002
v 0.619188 -0.001965 0.040002
v 0.615096 0.000529 0.040002
v 0.610599 0.003227 0.040002
v 0.605695 0.006128 0.040002
v 0.600385 0.009231 0.040002
v 0.584231 0.065385 0.040002
v 0.584231 0.252308 0.040002
v 0.579899 0.248467 0.040002
v 0.575876 0.244381 0.040002
v 0.572164 0.240049 0.040002
v 0.568761 0.235471 0.040002
v 0.565668 0.230647 0.040002
v 0.562885 0.225577 0.040002
v 0.560412 0.220262 0.040002
v 0.558248 0.214701 0.040002
v 0.556394 0.208895 0.040002
v 0.554851 0.202842 0.040002
v 0.553617 0.196544 0.040002
v 0.552692 0.190000 0.040002
v 0.552570 0.188542 0.040002
v 0.552457 0.186988 0.040002
v 0.552356 0.185337 0.040002
v 0.552265 0.183590 0.040002
v 0.552185 0.181747 0.040002
v 0.552116 0.179808 0.040002
v 0.552057 0.177773 0.040002
v 0.552009 0.175642 0.040002
v 0.551971 0.173414 0.040002
v 0.551945 0.171090 0.040002
v 0.551929 0.168670 0.040002
v 0.551923 0.166154 0.040002
v 0.552361 0.156069 0.040002
v 0.553163 0.146325 0.040002
v 0.554327 0.136924 0.040002
v 0.555855 0.127864 0.040002
v 0.557746 0.119146 0.040002
v 0.560000 0.110770 0.040002
v 0.562618 0.102736 0.040002
v 0.565598 0.095043 0.040002
v 0.568942 0.087693 0.040002
v 0.572650 0.080684 0.040002
v 0.576720 0.074018 0.040002
v 0.581154 0.067693 0.040002
v 0.581410 0.067559 0.040002
v 0.581667 0.067415 0.040002
v 0.581923 0.067260 0.040002
v 0.582180 0.067095 0.040002
v 0.582436 0.066918 0.040002
v 0.582693 0.066731 0.040002
v 0.582949 0.066534 0.040002
v 0.583205 0.066325 0.040002
v 0.583462 0.066106 0.040002
v 0.583718 0.065877 0.040002
v 0.583975 0.065636 0.040002
v 0.105000 -0.071538 0.040002
v 0.104874 -0.061332 0.040002
v 0.104498 -0.051485 0.040002
v 0.103870 -0.041995 0.040002
v 0.102991 -0.032863 0.040002
v 0.101862 -0.024089 0.040002
v 0.100481 -0.015673 0.040002
v 0.098849 -0.007614 0.040002
v 0.096966 0.000086 0.040002
v 0.094832 0.007428 0.040002
v 0.092447 0.014413 0.040002
v 0.089810 0.021039 0.040002
v 0.086923 0.027308 0.040002
v 0.083876 0.033139 0.040002
v 0.080759 0.038451 0.040002
v 0.077572 0.043246 0.040002
v 0.074316 0.047522 0.040002
v 0.070991 0.051280 0.040002
v 0.067596 0.054520 0.040002
v 0.064132 0.057241 0.040002
v 0.060598 0.059445 0.040002
v 0.056995 0.061130 0.040002
v 0.053323 0.062298 0.040002
v 0.049581 0.062947 0.040002
v 0.045769 0.063077 0.040002
v 0.041958 0.062706 0.040002
v 0.038216 0.061849 0.040002
v 0.034543 0.060505 0.040002
v 0.030940 0.058676 0.040002
v 0.027407 0.056360 0.040002
v 0.023942 0.053558 0.040002
v 0.020548 0.050270 0.040002
v 0.017222 0.046496 0.040002
v 0.013966 0.042236 0.040002
v 0.010780 0.037490 0.040002
v 0.007663 0.032257 0.040002
v 0.004615 0.026539 0.040002
v 0.001728 0.020398 0.040002
v -0.000908 0.013900 0.040002
v -0.003293 0.007044 0.040002
v -0.005427 -0.000170 0.040002
v -0.007310 -0.007743 0.040002
v -0.008942 -0.015673 0.040002
v -0.010323 -0.023961 0.040002
v -0.011453 -0.032606 0.040002
v -0.012332 -0.041610 0.040002
v -0.012959 -0.050972 0.040002
v -0.013336 -0.060691 0.040002
v -0.013462 -0.070769 0.040002
v -0.013050 -0.092764 0.040002
v -0.011816 -0.112852 0.040002
v -0.009760 -0.131033 0.040002
v -0.006880 -0.147307 0.040002
v -0.003178 -0.161674 0.040002
v 0.001346 -0.174134 0.040002
v 0.006693 -0.184687 0.040002
v 0.012863 -0.193333 0.040002
v 0.019856 -0.200072 0.040002
v 0.027671 -0.204903 0.040002
v 0.036309 -0.207828 0.040002
v 0.045769 -0.208846 0.040002
v 0.055230 -0.207951 0.040002
v 0.063868 -0.205138 0.040002
v 0.071683 -0.200408 0.040002
v 0.078675 -0.193760 0.040002
v 0.084845 -0.185194 0.040002
v 0.090192 -0.174711 0.040002
v 0.094717 -0.162310 0.040002
v 0.098419 -0.147991 0.040002
v 0.101298 -0.131754 0.040002
v 0.103355 -0.113600 0.040002
v 0.104589 -0.093528 0.040002
v 0.045000 0.076154 0.040002
v 0.054957 0.075818 0.040002
v 0.064573 0.074808 0.040002
v 0.073846 0.073125 0.040002
v 0.082778 0.070770 0.040002
v 0.091368 0.067741 0.040002
v 0.099615 0.064039 0.040002
v 0.107521 0.059664 0.040002
v 0.115086 0.054616 0.040002
v 0.122308 0.048895 0.040002
v 0.129188 0.042500 0.040002
v 0.135727 0.035433 0.040002
v 0.141923 0.027693 0.040002
v 0.146961 0.020642 0.040002
v 0.151560 0.013334 0.040002
v 0.155721 0.005770 0.040002
v 0.159444 -0.002051 0.040002
v 0.162730 -0.010128 0.040002
v 0.165577 -0.018461 0.040002
v 0.167986 -0.027051 0.040002
v 0.169957 -0.035897 0.040002
v 0.171490 -0.045000 0.040002
v 0.172586 -0.054358 0.040002
v 0.173243 -0.063974 0.040002
v 0.173462 -0.073846 0.040002
v 0.173291 -0.082110 0.040002
v 0.172778 -0.090235 0.040002
v 0.171923 -0.098221 0.040002
v 0.170727 -0.106068 0.040002
v 0.169188 -0.113776 0.040002
v 0.167308 -0.121346 0.040002
v 0.165085 -0.128776 0.040002
v 0.162521 -0.136068 0.040002
v 0.159615 -0.143221 0.040002
v 0.156368 -0.150235 0.040002
v 0.152778 -0.157110 0.040002
v 0.148846 -0.163846 0.040002
v 0.142724 -0.173418 0.040002
v 0.136154 -0.182136 0.040002
v 0.129135 -0.190000 0.040002
v 0.121667 -0.197008 0.040002
v 0.113750 -0.203162 0.040002
v 0.105385 -0.208461 0.040002
v 0.096571 -0.212906 0.040002
v 0.087308 -0.216495 0.040002
v 0.077596 -0.219230 0.040002
v 0.067436 -0.221111 0.040002
v 0.056827 -0.222136 0.040002
v 0.045769 -0.222307 0.040002
v 0.036068 -0.222008 0.040002
v 0.026709 -0.221111 0.040002
v 0.017692 -0.219615 0.040002
v 0.009017 -0.217521 0.040002
v 0.000684 -0.214829 0.040002
v -0.007308 -0.211538 0.040002
v -0.014957 -0.207649 0.040002
v -0.022265 -0.203162 0.040002
v -0.029231 -0.198076 0.040002
v -0.035855 -0.192393 0.040002
v -0.042137 -0.186111 0.040002
v -0.048077 -0.179230 0.040002
v -0.053365 -0.172270 0.040002
v -0.058205 -0.164978 0.040002
v -0.062596 -0.157355 0.040002
v -0.066538 -0.149401 0.040002
v -0.070032 -0.141116 0.040002
v -0.073077 -0.132500 0.040002
v -0.075673 -0.123552 0.040002
v -0.077820 -0.114273 0.040002
v -0.079519 -0.104663 0.040002
v -0.080769 -0.094722 0.040002
v -0.081570 -0.084449 0.040002
v -0.081923 -0.073846 0.040002
v -0.081720 -0.064097 0.040002
v -0.081111 -0.054594 0.040002
v -0.080096 -0.045336 0.040002
v -0.078675 -0.036324 0.040002
v -0.076848 -0.027558 0.040002
v -0.074615 -0.019038 0.040002
v -0.071976 -0.010763 0.040002
v -0.068932 -0.002735 0.040002
v -0.065481 0.005049 0.040002
v -0.061624 0.012586 0.040002
v -0.057361 0.019878 0.040002
v -0.052692 0.026924 0.040002
v -0.046373 0.034787 0.040002
v -0.039722 0.041966 0.040002
v -0.032740 0.048462 0.040002
v -0.025427 0.054274 0.040002
v -0.017783 0.059402 0.040002
v -0.009808 0.063847 0.040002
v -0.001501 0.067607 0.040002
v 0.007137 0.070684 0.040002
v 0.016106 0.073077 0.040002
v 0.025406 0.074787 0.040002
v 0.035037 0.075812 0.040002
v -0.258846 0.060000 0.040002
v -0.258846 0.106924 0.040002
v -0.258953 0.110497 0.040002
v -0.259274 0.113783 0.040002
v -0.259808 0.116779 0.040002
v -0.260556 0.119488 0.040002
v -0.261517 0.121908 0.040002
v -0.262692 0.124039 0.040002
v -0.264081 0.125882 0.040002
v -0.265684 0.127436 0.040002
v -0.267500 0.128702 0.040002
v -0.269530 0.129680 0.040002
v -0.271774 0.130369 0.040002
v -0.274231 0.130770 0.040002
v -0.313462 0.135385 0.040002
v -0.308424 0.136806 0.040002
v -0.303568 0.138248 0.040002
v -0.298894 0.139712 0.040002
v -0.294402 0.141197 0.040002
v -0.290091 0.142703 0.040002
v -0.285962 0.144231 0.040002
v -0.282014 0.145780 0.040002
v -0.278248 0.147351 0.040002
v -0.274663 0.148943 0.040002
v -0.271261 0.150556 0.040002
v -0.268040 0.152191 0.040002
v -0.265000 0.153847 0.040002
v -0.225000 0.175385 0.040002
v -0.222041 0.171811 0.040002
v -0.219316 0.168526 0.040002
v -0.216827 0.165529 0.040002
v -0.214573 0.162821 0.040002
v -0.212553 0.160401 0.040002
v -0.210769 0.158270 0.040002
v -0.209220 0.156427 0.040002
v -0.207906 0.154872 0.040002
v -0.206827 0.153606 0.040002
v -0.205983 0.152629 0.040002
v -0.205374 0.151940 0.040002
v -0.205000 0.151539 0.040002
v -0.186538 0.133847 0.040002
v -0.186538 0.060000 0.040002
v -0.118846 0.060000 0.040002
v -0.118846 0.043077 0.040002
v -0.186538 0.043077 0.040002
v -0.186538 -0.216153 0.040002
v -0.190561 -0.217067 0.040002
v -0.194423 -0.218012 0.040002
v -0.198125 -0.218990 0.040002
v -0.201667 -0.220000 0.040002
v -0.205048 -0.221041 0.040002
v -0.208269 -0.222115 0.040002
v -0.211330 -0.223221 0.040002
v -0.214231 -0.224358 0.040002
v -0.216971 -0.225528 0.040002
v -0.219551 -0.226730 0.040002
v -0.221971 -0.227964 0.040002
v -0.224231 -0.229230 0.040002
v -0.225518 -0.229893 0.040002
v -0.226816 -0.230598 0.040002
v -0.228125 -0.231346 0.040002
v -0.229444 -0.232136 0.040002
v -0.230775 -0.232970 0.040002
v -0.232115 -0.233846 0.040002
v -0.233467 -0.234764 0.040002
v -0.234829 -0.235726 0.040002
v -0.236202 -0.236730 0.040002
v -0.237585 -0.237777 0.040002
v -0.238980 -0.238867 0.040002
v -0.240385 -0.240000 0.040002
v -0.240475 -0.240090 0.040002
v -0.240748 -0.240363 0.040002
v -0.241202 -0.240817 0.040002
v -0.241838 -0.241453 0.040002
v -0.242655 -0.242270 0.040002
v -0.243654 -0.243269 0.040002
v -0.244834 -0.244449 0.040002
v -0.246197 -0.245811 0.040002
v -0.247740 -0.247355 0.040002
v -0.249466 -0.249081 0.040002
v -0.251373 -0.250988 0.040002
v -0.253462 -0.253076 0.040002
v -0.258846 -0.258461 0.040002
v -0.258846 0.043077 0.040002
v -0.321923 0.043077 0.040002
v -0.321923 0.060000 0.040002
v -0.653462 0.033077 0.040002
v -0.653462 -0.222307 0.040002
v -0.659477 -0.223766 0.040002
v -0.665214 -0.225320 0.040002
v -0.670673 -0.226971 0.040002
v -0.675855 -0.228717 0.040002
v -0.680759 -0.230560 0.040002
v -0.685385 -0.232500 0.040002
v -0.689733 -0.234535 0.040002
v -0.693803 -0.236666 0.040002
v -0.697596 -0.238894 0.040002
v -0.701111 -0.241217 0.040002
v -0.704348 -0.243637 0.040002
v -0.707308 -0.246153 0.040002
v -0.710379 -0.248985 0.040002
v -0.713184 -0.251581 0.040002
v -0.715721 -0.253942 0.040002
v -0.717991 -0.256068 0.040002
v -0.719995 -0.257959 0.040002
v -0.721731 -0.259615 0.040002
v -0.723200 -0.261036 0.040002
v -0.724402 -0.262222 0.040002
v -0.725336 -0.263173 0.040002
v -0.726004 -0.263888 0.040002
v -0.726405 -0.264369 0.040002
v -0.726539 -0.264615 0.040002
v -0.726539 0.006154 0.040002
v -0.726640 0.009611 0.040002
v -0.726945 0.012800 0.040002
v -0.727452 0.015722 0.040002
v -0.728162 0.018377 0.040002
v -0.729076 0.020764 0.040002
v -0.730192 0.022885 0.040002
v -0.731512 0.024739 0.040002
v -0.733034 0.026325 0.040002
v -0.734760 0.027645 0.040002
v -0.736688 0.028697 0.040002
v -0.738819 0.029482 0.040002
v -0.741154 0.030000 0.040002
v -0.750385 0.031539 0.040002
v -0.814231 0.006924 0.040002
v -0.814231 -0.222307 0.040002
v -0.820833 -0.223883 0.040002
v -0.827051 -0.225534 0.040002
v -0.832885 -0.227259 0.040002
v -0.838333 -0.229059 0.040002
v -0.843397 -0.230934 0.040002
v -0.848077 -0.232884 0.040002
v -0.852372 -0.234909 0.040002
v -0.856282 -0.237008 0.040002
v -0.859808 -0.239182 0.040002
v -0.862949 -0.241431 0.040002
v -0.865705 -0.243755 0.040002
v -0.868077 -0.246153 0.040002
v -0.886539 -0.264615 0.040002
v -0.886539 0.223077 0.040002
v -0.886645 0.226651 0.040002
v -0.886966 0.229936 0.040002
v -0.887500 0.232933 0.040002
v -0.888248 0.235642 0.040002
v -0.889209 0.238061 0.040002
v -0.890385 0.240193 0.040002
v -0.891774 0.242036 0.040002
v -0.893376 0.243590 0.040002
v -0.895192 0.244856 0.040002
v -0.897222 0.245834 0.040002
v -0.899466 0.246523 0.040002
v -0.901923 0.246924 0.040002
v -0.941154 0.251539 0.040002
v -0.936117 0.253077 0.040002
v -0.931261 0.254616 0.040002
v -0.926587 0.256154 0.040002
v -0.922094 0.257693 0.040002
v -0.917783 0.259231 0.040002
v -0.913654 0.260770 0.040002
v -0.909706 0.262308 0.040002
v -0.905940 0.263847 0.040002
v -0.902356 0.265385 0.040002
v -0.898953 0.266923 0.040002
v -0.895732 0.268462 0.040002
v -0.892692 0.270000 0.040002
v -0.852692 0.291539 0.040002
v -0.849733 0.287725 0.040002
v -0.847009 0.284231 0.040002
v -0.844519 0.281058 0.040002
v -0.842265 0.278206 0.040002
v -0.840246 0.275674 0.040002
v -0.838462 0.273462 0.040002
v -0.836912 0.271571 0.040002
v -0.835598 0.270000 0.040002
v -0.834519 0.268750 0.040002
v -0.833675 0.267821 0.040002
v -0.833066 0.267212 0.040002
v -0.832692 0.266924 0.040002
v -0.814231 0.250000 0.040002
v -0.814231 0.025385 0.040002
v -0.801864 0.029370 0.040002
v -0.789893 0.033377 0.040002
v -0.778317 0.037404 0.040002
v -0.767137 0.041453 0.040002
v -0.756352 0.045524 0.040002
v -0.745962 0.049616 0.040002
v -0.735967 0.053729 0.040002
v -0.726368 0.057864 0.040002
v -0.717164 0.062020 0.040002
v -0.708355 0.066197 0.040002
v -0.699942 0.070396 0.040002
v -0.691923 0.074616 0.040002
v -0.688846 0.070802 0.040002
v -0.686026 0.067308 0.040002
v -0.683462 0.064135 0.040002
v -0.681154 0.061283 0.040002
v -0.679103 0.058750 0.040002
v -0.677308 0.056539 0.040002
v -0.675769 0.054648 0.040002
v -0.674487 0.053077 0.040002
v -0.673462 0.051827 0.040002
v -0.672692 0.050898 0.040002
v -0.672180 0.050289 0.040002
v -0.671923 0.050000 0.040002
v -1.037308 -0.163076 0.040002
v -1.035844 -0.158034 0.040002
v -1.035556 -0.152649 0.040002
v -1.036442 -0.146923 0.040002
v -1.038504 -0.140854 0.040002
v -1.041741 -0.134444 0.040002
v -1.046154 -0.127692 0.040002
v -1.051741 -0.120598 0.040002
v -1.058504 -0.113162 0.040002
v -1.066442 -0.105384 0.040002
v -1.075556 -0.097264 0.040002
v -1.085844 -0.088803 0.040002
v -1.097308 -0.080000 0.040002
v -1.103435 -0.075277 0.040002
v -1.109252 -0.070598 0.040002
v -1.114760 -0.065961 0.040002
v -1.119957 -0.061367 0.040002
v -1.124845 -0.056816 0.040002
v -1.129423 -0.052307 0.040002
v -1.133691 -0.047841 0.040002
v -1.137650 -0.043418 0.040002
v -1.141298 -0.039038 0.040002
v -1.144637 -0.034700 0.040002
v -1.147666 -0.030406 0.040002
v -1.150385 -0.026153 0.040002
v -1.154776 -0.018034 0.040002
v -1.158205 -0.010085 0.040002
v -1.160673 -0.002307 0.040002
v -1.162180 0.005300 0.040002
v -1.162725 0.012736 0.040002
v -1.162308 0.020000 0.040002
v -1.160930 0.027095 0.040002
v -1.158590 0.034018 0.040002
v -1.155289 0.040770 0.040002
v -1.151026 0.047351 0.040002
v -1.145802 0.053761 0.040002
v -1.139615 0.060000 0.040002
v -1.135182 0.063809 0.040002
v -1.130598 0.067287 0.040002
v -1.125865 0.070433 0.040002
v -1.120983 0.073248 0.040002
v -1.115951 0.075732 0.040002
v -1.110769 0.077885 0.040002
v -1.105438 0.079707 0.040002
v -1.099957 0.081197 0.040002
v -1.094327 0.082356 0.040002
v -1.088547 0.083184 0.040002
v -1.082618 0.083681 0.040002
v -1.076539 0.083847 0.040002
v -1.062666 0.083109 0.040002
v -1.049509 0.081154 0.040002
v -1.037067 0.077981 0.040002
v -1.025342 0.073590 0.040002
v -1.014332 0.067981 0.040002
v -1.004039 0.061154 0.040002
v -0.994461 0.053109 0.040002
v -0.985598 0.043847 0.040002
v -0.977452 0.033366 0.040002
v -0.970021 0.021667 0.040002
v -0.963307 0.008750 0.040002
v -0.957308 -0.005384 0.040002
v -0.993462 -0.043846 0.040002
v -0.999001 -0.039829 0.040002
v -1.004594 -0.035982 0.040002
v -1.010240 -0.032307 0.040002
v -1.015940 -0.028803 0.040002
v -1.021693 -0.025470 0.040002
v -1.027500 -0.022307 0.040002
v -1.033360 -0.019316 0.040002
v -1.039274 -0.016495 0.040002
v -1.045240 -0.013846 0.040002
v -1.051261 -0.011367 0.040002
v -1.057334 -0.009059 0.040002
v -1.063462 -0.006923 0.040002
v -1.061068 -0.006880 0.040002
v -1.058761 -0.006752 0.040002
v -1.056539 -0.006538 0.040002
v -1.054402 -0.006239 0.040002
v -1.052351 -0.005854 0.040002
v -1.050385 -0.005384 0.040002
v -1.048505 -0.004829 0.040002
v -1.046710 -0.004188 0.040002
v -1.045000 -0.003461 0.040002
v -1.043376 -0.002649 0.040002
v -1.041838 -0.001752 0.040002
v -1.040385 -0.000769 0.040002
v -1.037014 0.001929 0.040002
v -1.034081 0.004894 0.040002
v -1.031587 0.008125 0.040002
v -1.029530 0.011624 0.040002
v -1.027911 0.015390 0.040002
v -1.026731 0.019424 0.040002
v -1.025988 0.023724 0.040002
v -1.025684 0.028291 0.040002
v -1.025817 0.033125 0.040002
v -1.026389 0.038227 0.040002
v -1.027398 0.043596 0.040002
v -1.028846 0.049231 0.040002
v -1.030091 0.052794 0.040002
v -1.031774 0.056047 0.040002
v -1.033894 0.058991 0.040002
v -1.036453 0.061624 0.040002
v -1.039450 0.063948 0.040002
v -1.042885 0.065962 0.040002
v -1.046757 0.067666 0.040002
v -1.051068 0.069060 0.040002
v -1.055817 0.070145 0.040002
v -1.061004 0.070919 0.040002
v -1.066629 0.071384 0.040002
v -1.072692 0.071539 0.040002
v -1.076800 0.071459 0.040002
v -1.080662 0.071218 0.040002
v -1.084279 0.070818 0.040002
v -1.087650 0.070257 0.040002
v -1.090775 0.069536 0.040002
v -1.093654 0.068654 0.040002
v -1.096287 0.067613 0.040002
v -1.098675 0.066411 0.040002
v -1.100817 0.065049 0.040002
v -1.102714 0.063526 0.040002
v -1.104364 0.061843 0.040002
v -1.105769 0.060000 0.040002
v -1.108152 0.056213 0.040002
v -1.109915 0.052030 0.040002
v -1.111058 0.047452 0.040002
v -1.111581 0.042479 0.040002
v -1.111485 0.037111 0.040002
v -1.110769 0.031347 0.040002
v -1.109434 0.025187 0.040002
v -1.107479 0.018633 0.040002
v -1.104904 0.011683 0.040002
v -1.101709 0.004338 0.040002
v -1.097895 -0.003402 0.040002
v -1.093462 -0.011538 0.040002
v -1.090983 -0.015368 0.040002
v -1.087650 -0.019679 0.040002
v -1.083462 -0.024471 0.040002
v -1.078419 -0.029743 0.040002
v -1.072521 -0.035496 0.040002
v -1.065769 -0.041730 0.040002
v -1.058162 -0.048445 0.040002
v -1.049701 -0.055641 0.040002
v -1.040385 -0.063317 0.040002
v -1.030214 -0.071474 0.040002
v -1.019188 -0.080112 0.040002
v -1.007308 -0.089230 0.040002
v -1.001410 -0.093931 0.040002
v -0.996026 -0.098547 0.040002
v -0.991154 -0.103076 0.040002
v -0.986795 -0.107521 0.040002
v -0.982949 -0.111880 0.040002
v -0.979615 -0.116153 0.040002
v -0.976795 -0.120341 0.040002
v -0.974487 -0.124444 0.040002
v -0.972692 -0.128461 0.040002
v -0.971410 -0.132393 0.040002
v -0.970641 -0.136239 0.040002
v -0.970385 -0.140000 0.040002
v -0.970689 -0.148317 0.040002
v -0.971603 -0.156089 0.040002
v -0.973125 -0.163317 0.040002
v -0.975256 -0.170000 0.040002
v -0.977997 -0.176137 0.040002
v -0.981346 -0.181730 0.040002
v -0.985304 -0.186778 0.040002
v -0.989872 -0.191282 0.040002
v -0.995048 -0.195240 0.040002
v -1.000833 -0.198653 0.040002
v -1.007228 -0.201522 0.040002
v -1.014231 -0.203846 0.040002
v -1.018814 -0.205074 0.040002
v -1.023590 -0.206196 0.040002
v -1.028558 -0.207211 0.040002
v -1.033718 -0.208119 0.040002
v -1.039071 -0.208920 0.040002
v -1.044616 -0.209615 0.040002
v -1.050353 -0.210203 0.040002
v -1.056282 -0.210683 0.040002
v -1.062404 -0.211057 0.040002
v -1.068718 -0.211324 0.040002
v -1.075224 -0.211485 0.040002
v -1.081923 -0.211538 0.040002
v -1.162692 -0.211538 0.040002
v -1.162692 -0.119230 0.040002
v -1.152692 -0.154615 0.040002
v -1.152190 -0.156089 0.040002
v -1.151453 -0.157692 0.040002
v -1.150481 -0.159423 0.040002
v -1.149274 -0.161282 0.040002
v -1.147831 -0.163269 0.040002
v -1.146154 -0.165384 0.040002
v -1.144241 -0.167628 0.040002
v -1.142094 -0.170000 0.040002
v -1.139711 -0.172500 0.040002
v -1.137094 -0.175128 0.040002
v -1.134241 -0.177884 0.040002
v -1.131154 -0.180769 0.040002
v -1.127773 -0.183717 0.040002
v -1.124295 -0.186410 0.040002
v -1.120721 -0.188846 0.040002
v -1.117051 -0.191025 0.040002
v -1.113285 -0.192948 0.040002
v -1.109423 -0.194615 0.040002
v -1.105465 -0.196025 0.040002
v -1.101410 -0.197179 0.040002
v -1.097260 -0.198076 0.040002
v -1.093013 -0.198717 0.040002
v -1.088670 -0.199102 0.040002
v -1.084231 -0.199230 0.040002
v -1.079087 -0.198979 0.040002
v -1.074167 -0.198226 0.040002
v -1.069471 -0.196971 0.040002
v -1.065000 -0.195213 0.040002
v -1.060753 -0.192954 0.040002
v -1.056731 -0.190192 0.040002
v -1.052933 -0.186928 0.040002
v -1.049359 -0.183162 0.040002
v -1.046009 -0.178894 0.040002
v -1.042884 -0.174123 0.040002
v -1.039984 -0.168851 0.040002
v -1.452692 0.023847 0.040002
v -1.452799 0.027426 0.040002
v -1.453120 0.030727 0.040002
v -1.453654 0.033750 0.040002
v -1.454402 0.036496 0.040002
v -1.455363 0.038964 0.040002
v -1.456538 0.041154 0.040002
v -1.457927 0.043067 0.040002
v -1.459530 0.044701 0.040002
v -1.461346 0.046058 0.040002
v -1.463376 0.047137 0.040002
v -1.465620 0.047939 0.040002
v -1.468077 0.048462 0.040002
v -1.507308 0.053077 0.040002
v -1.502505 0.054381 0.040002
v -1.497842 0.055727 0.040002
v -1.493317 0.057116 0.040002
v -1.488932 0.058547 0.040002
v -1.484685 0.060022 0.040002
v -1.480577 0.061539 0.040002
v -1.476608 0.063099 0.040002
v -1.472778 0.064701 0.040002
v -1.469086 0.066347 0.040002
v -1.465534 0.068035 0.040002
v -1.462121 0.069765 0.040002
v -1.458846 0.071539 0.040002
v -1.418846 0.092308 0.040002
v -1.415887 0.088734 0.040002
v -1.413162 0.085449 0.040002
v -1.410673 0.082452 0.040002
v -1.408419 0.079744 0.040002
v -1.406400 0.077324 0.040002
v -1.404615 0.075193 0.040002
v -1.403066 0.073350 0.040002
v -1.401752 0.071795 0.040002
v -1.400673 0.070529 0.040002
v -1.399829 0.069552 0.040002
v -1.399220 0.068863 0.040002
v -1.398846 0.068462 0.040002
v -1.380385 0.050770 0.040002
v -1.380385 -0.182307 0.040002
v -1.380278 -0.185886 0.040002
v -1.379957 -0.189188 0.040002
v -1.379423 -0.192211 0.040002
v -1.378675 -0.194957 0.040002
v -1.377714 -0.197425 0.040002
v -1.376539 -0.199615 0.040002
v -1.375150 -0.201527 0.040002
v -1.373547 -0.203162 0.040002
v -1.371731 -0.204519 0.040002
v -1.369701 -0.205598 0.040002
v -1.367457 -0.206399 0.040002
v -1.365000 -0.206923 0.040002
v -1.355769 -0.207692 0.040002
v -1.292692 -0.183076 0.040002
v -1.292692 0.023847 0.040002
v -1.292794 0.027426 0.040002
v -1.293098 0.030727 0.040002
v -1.293606 0.033750 0.040002
v -1.294316 0.036496 0.040002
v -1.295230 0.038964 0.040002
v -1.296346 0.041154 0.040002
v -1.297665 0.043067 0.040002
v -1.299188 0.044701 0.040002
v -1.300913 0.046058 0.040002
v -1.302842 0.047137 0.040002
v -1.304973 0.047939 0.040002
v -1.307308 0.048462 0.040002
v -1.346538 0.053077 0.040002
v -1.341501 0.054498 0.040002
v -1.336645 0.055941 0.040002
v -1.331971 0.057404 0.040002
v -1.327479 0.058889 0.040002
v -1.323168 0.060396 0.040002
v -1.319038 0.061924 0.040002
v -1.315091 0.063473 0.040002
v -1.311325 0.065043 0.040002
v -1.307740 0.066635 0.040002
v -1.304338 0.068248 0.040002
v -1.301116 0.069883 0.040002
v -1.298077 0.071539 0.040002
v -1.258077 0.092308 0.040002
v -1.255118 0.088734 0.040002
v -1.252393 0.085449 0.040002
v -1.249904 0.082452 0.040002
v -1.247650 0.079744 0.040002
v -1.245630 0.077324 0.040002
v -1.243846 0.075193 0.040002
v -1.242297 0.073350 0.040002
v -1.240983 0.071795 0.040002
v -1.239904 0.070529 0.040002
v -1.239060 0.069552 0.040002
v -1.238451 0.068863 0.040002
v -1.238077 0.068462 0.040002
v -1.219615 0.050770 0.040002
v -1.219615 -0.208461 0.040002
v -1.223638 -0.209375 0.040002
v -1.227500 -0.210320 0.040002
v -1.231202 -0.211298 0.040002
v -1.234744 -0.212307 0.040002
v -1.238125 -0.213349 0.040002
v -1.241346 -0.214423 0.040002
v -1.244407 -0.215528 0.040002
v -1.247308 -0.216666 0.040002
v -1.250048 -0.217836 0.040002
v -1.252628 -0.219038 0.040002
v -1.255048 -0.220272 0.040002
v -1.257308 -0.221538 0.040002
v -1.258595 -0.222200 0.040002
v -1.259893 -0.222905 0.040002
v -1.261202 -0.223653 0.040002
v -1.262521 -0.224444 0.040002
v -1.263852 -0.225277 0.040002
v -1.265192 -0.226153 0.040002
v -1.266544 -0.227072 0.040002
v -1.267906 -0.228034 0.040002
v -1.269279 -0.229038 0.040002
v -1.270662 -0.230085 0.040002
v -1.272057 -0.231175 0.040002
v -1.273462 -0.232307 0.040002
v -1.286538 -0.245384 0.040002
v -1.292692 -0.250769 0.040002
v -1.292692 -0.201538 0.040002
v -1.305053 -0.205523 0.040002
v -1.317008 -0.209529 0.040002
v -1.328558 -0.213557 0.040002
v -1.339701 -0.217606 0.040002
v -1.350438 -0.221677 0.040002
v -1.360769 -0.225769 0.040002
v -1.370694 -0.229882 0.040002
v -1.380214 -0.234017 0.040002
v -1.389327 -0.238173 0.040002
v -1.398034 -0.242350 0.040002
v -1.406335 -0.246549 0.040002
v -1.414231 -0.250769 0.040002
v -1.417190 -0.247195 0.040002
v -1.419914 -0.243910 0.040002
v -1.422404 -0.240913 0.040002
v -1.424658 -0.238205 0.040002
v -1.426677 -0.235785 0.040002
v -1.428462 -0.233653 0.040002
v -1.430011 -0.231810 0.040002
v -1.431325 -0.230256 0.040002
v -1.432404 -0.228990 0.040002
v -1.433248 -0.228012 0.040002
v -1.433857 -0.227323 0.040002
v -1.434231 -0.226923 0.040002
v -1.452692 -0.209230 0.040002
v -1.689615 -0.271538 0.040002
v -1.689615 0.291539 0.040002
v -1.673462 0.291539 0.040002
v -1.672906 0.289183 0.040002
v -1.672265 0.286988 0.040002
v -1.671539 0.284952 0.040002
v -1.670727 0.283077 0.040002
v -1.669829 0.281363 0.040002
v -1.668846 0.279808 0.040002
v -1.667778 0.278414 0.040002
v -1.666624 0.277180 0.040002
v -1.665385 0.276106 0.040002
v -1.664060 0.275193 0.040002
v -1.662650 0.274440 0.040002
v -1.661154 0.273847 0.040002
v -1.659418 0.273109 0.040002
v -1.657799 0.272436 0.040002
v -1.656298 0.271827 0.040002
v -1.654914 0.271282 0.040002
v -1.653648 0.270802 0.040002
v -1.652500 0.270385 0.040002
v -1.651469 0.270032 0.040002
v -1.650555 0.269744 0.040002
v -1.649760 0.269520 0.040002
v -1.649081 0.269359 0.040002
v -1.648520 0.269263 0.040002
v -1.648077 0.269231 0.040002
v -1.643462 0.269231 0.040002
v -1.634434 0.269055 0.040002
v -1.625812 0.268526 0.040002
v -1.617596 0.267645 0.040002
v -1.609786 0.266411 0.040002
v -1.602383 0.264824 0.040002
v -1.595385 0.262885 0.040002
v -1.588793 0.260593 0.040002
v -1.582607 0.257949 0.040002
v -1.576827 0.254952 0.040002
v -1.571453 0.251603 0.040002
v -1.566485 0.247901 0.040002
v -1.561923 0.243847 0.040002
v -1.557679 0.239322 0.040002
v -1.553665 0.234723 0.040002
v -1.549880 0.230049 0.040002
v -1.546325 0.225300 0.040002
v -1.543000 0.220476 0.040002
v -1.539904 0.215577 0.040002
v -1.537038 0.210604 0.040002
v -1.534402 0.205556 0.040002
v -1.531995 0.200433 0.040002
v -1.529819 0.195236 0.040002
v -1.527871 0.189963 0.040002
v -1.526154 0.184616 0.040002
v -1.524618 0.179114 0.040002
v -1.523216 0.173377 0.040002
v -1.521947 0.167404 0.040002
v -1.520812 0.161197 0.040002
v -1.519810 0.154755 0.040002
v -1.518942 0.148077 0.040002
v -1.518208 0.141165 0.040002
v -1.517607 0.134018 0.040002
v -1.517139 0.126635 0.040002
v -1.516806 0.119018 0.040002
v -1.516605 0.111165 0.040002
v -1.516539 0.103077 0.040002
v -1.516859 0.088035 0.040002
v -1.517821 0.073676 0.040002
v -1.519423 0.060000 0.040002
v -1.521667 0.047009 0.040002
v -1.524551 0.034701 0.040002
v -1.528077 0.023077 0.040002
v -1.532244 0.012137 0.040002
v -1.537051 0.001881 0.040002
v -1.542500 -0.007692 0.040002
v -1.548590 -0.016581 0.040002
v -1.555321 -0.024786 0.040002
v -1.562692 -0.032307 0.040002
v -1.566763 -0.035892 0.040002
v -1.571282 -0.039209 0.040002
v -1.576250 -0.042259 0.040002
v -1.581667 -0.045042 0.040002
v -1.587532 -0.047558 0.040002
v -1.593846 -0.049807 0.040002
v -1.600609 -0.051789 0.040002
v -1.607821 -0.053504 0.040002
v -1.615481 -0.054951 0.040002
v -1.623590 -0.056132 0.040002
v -1.632147 -0.057045 0.040002
v -1.641154 -0.057692 0.040002
v -1.644615 -0.057857 0.040002
v -1.647820 -0.058098 0.040002
v -1.650769 -0.058413 0.040002
v -1.653462 -0.058803 0.040002
v -1.655897 -0.059268 0.040002
v -1.658077 -0.059807 0.040002
v -1.660000 -0.060422 0.040002
v -1.661667 -0.061111 0.040002
v -1.663077 -0.061875 0.040002
v -1.664231 -0.062713 0.040002
v -1.665128 -0.063627 0.040002
v -1.665769 -0.064615 0.040002
v -1.673462 -0.077692 0.040002
v -1.673462 -0.271538 0.040002
v -1.587308 0.116154 0.040002
v -1.587391 0.127239 0.040002
v -1.587639 0.137928 0.040002
v -1.588053 0.148222 0.040002
v -1.588633 0.158120 0.040002
v -1.589378 0.167623 0.040002
v -1.590289 0.176731 0.040002
v -1.591365 0.185444 0.040002
v -1.592607 0.193761 0.040002
v -1.594015 0.201683 0.040002
v -1.595588 0.209210 0.040002
v -1.597327 0.216341 0.040002
v -1.599231 0.223077 0.040002
v -1.601269 0.229343 0.040002
v -1.603408 0.235065 0.040002
v -1.605649 0.240241 0.040002
v -1.607991 0.244872 0.040002
v -1.610435 0.248959 0.040002
v -1.612981 0.252501 0.040002
v -1.615628 0.255497 0.040002
v -1.618376 0.257949 0.040002
v -1.621226 0.259856 0.040002
v -1.624177 0.261218 0.040002
v -1.627230 0.262036 0.040002
v -1.630385 0.262308 0.040002
v -1.633539 0.262052 0.040002
v -1.636592 0.261283 0.040002
v -1.639543 0.260001 0.040002
v -1.642393 0.258206 0.040002
v -1.645142 0.255898 0.040002
v -1.647789 0.253077 0.040002
v -1.650334 0.249744 0.040002
v -1.652778 0.245898 0.040002
v -1.655120 0.241539 0.040002
v -1.657361 0.236667 0.040002
v -1.659501 0.231283 0.040002
v -1.661538 0.225385 0.040002
v -1.663443 0.218986 0.040002
v -1.665182 0.212095 0.040002
v -1.666755 0.204712 0.040002
v -1.668162 0.196838 0.040002
v -1.669405 0.188473 0.040002
v -1.670481 0.179616 0.040002
v -1.671392 0.170268 0.040002
v -1.672137 0.160428 0.040002
v -1.672716 0.150097 0.040002
v -1.673130 0.139274 0.040002
v -1.673379 0.127960 0.040002
v -1.673462 0.116154 0.040002
v -1.673162 0.089616 0.040002
v -1.672265 0.065385 0.040002
v -1.670769 0.043462 0.040002
v -1.668675 0.023847 0.040002
v -1.665983 0.006539 0.040002
v -1.662692 -0.008461 0.040002
v -1.658803 -0.021153 0.040002
v -1.654316 -0.031538 0.040002
v -1.649231 -0.039615 0.040002
v -1.643547 -0.045384 0.040002
v -1.637265 -0.048846 0.040002
v -1.630385 -0.050000 0.040002
v -1.623504 -0.048846 0.040002
v -1.617222 -0.045384 0.040002
v -1.611538 -0.039615 0.040002
v -1.606453 -0.031538 0.040002
v -1.601966 -0.021153 0.040002
v -1.598077 -0.008461 0.040002
v -1.594786 0.006539 0.040002
v -1.592094 0.023847 0.040002
v -1.590000 0.043462 0.040002
v -1.588504 0.065385 0.040002
v -1.587607 0.089616 0.040002
v -1.715000 0.250000 0.040002
v -1.715000 -0.226153 0.040002
v -1.719023 -0.227067 0.040002
v -1.722885 -0.228012 0.040002
v -1.726587 -0.228990 0.040002
v -1.730128 -0.229999 0.040002
v -1.733510 -0.231041 0.040002
v -1.736731 -0.232115 0.040002
v -1.739792 -0.233221 0.040002
v -1.742692 -0.234358 0.040002
v -1.745433 -0.235528 0.040002
v -1.748013 -0.236730 0.040002
v -1.750433 -0.237964 0.040002
v -1.752692 -0.239230 0.040002
v -1.753980 -0.239893 0.040002
v -1.755278 -0.240598 0.040002
v -1.756587 -0.241346 0.040002
v -1.757906 -0.242136 0.040002
v -1.759236 -0.242970 0.040002
v -1.760577 -0.243846 0.040002
v -1.761929 -0.244764 0.040002
v -1.763291 -0.245726 0.040002
v -1.764664 -0.246730 0.040002
v -1.766047 -0.247777 0.040002
v -1.767441 -0.248867 0.040002
v -1.768846 -0.250000 0.040002
v -1.768937 -0.250090 0.040002
v -1.769209 -0.250363 0.040002
v -1.769663 -0.250817 0.040002
v -1.770299 -0.251453 0.040002
v -1.771116 -0.252270 0.040002
v -1.772115 -0.253269 0.040002
v -1.773296 -0.254449 0.040002
v -1.774658 -0.255811 0.040002
v -1.776202 -0.257355 0.040002
v -1.777927 -0.259081 0.040002
v -1.779835 -0.260988 0.040002
v -1.781923 -0.263076 0.040002
v -1.788077 -0.268461 0.040002
v -1.788077 0.223077 0.040002
v -1.788178 0.226651 0.040002
v -1.788483 0.229936 0.040002
v -1.788990 0.232933 0.040002
v -1.789701 0.235642 0.040002
v -1.790614 0.238061 0.040002
v -1.791731 0.240193 0.040002
v -1.793050 0.242036 0.040002
v -1.794573 0.243590 0.040002
v -1.796298 0.244856 0.040002
v -1.798226 0.245834 0.040002
v -1.800358 0.246523 0.040002
v -1.802692 0.246924 0.040002
v -1.841923 0.251539 0.040002
v -1.837121 0.252842 0.040002
v -1.832457 0.254188 0.040002
v -1.827933 0.255577 0.040002
v -1.823547 0.257009 0.040002
v -1.819300 0.258483 0.040002
v -1.815192 0.260000 0.040002
v -1.811223 0.261560 0.040002
v -1.807393 0.263163 0.040002
v -1.803702 0.264808 0.040002
v -1.800150 0.266496 0.040002
v -1.796736 0.268227 0.040002
v -1.793462 0.270000 0.040002
v -1.753462 0.291539 0.040002
v -1.750502 0.287965 0.040002
v -1.747778 0.284680 0.040002
v -1.745288 0.281683 0.040002
v -1.743034 0.278975 0.040002
v -1.741015 0.276555 0.040002
v -1.739231 0.274424 0.040002
v -1.737682 0.272581 0.040002
v -1.736368 0.271026 0.040002
v -1.735289 0.269760 0.040002
v -1.734444 0.268783 0.040002
v -1.733836 0.268093 0.040002
v -1.733462 0.267693 0.040002
vn -0.0000 -0.0000 -1.0000
vn -0.0000 -0.0001 -1.0000
vn -0.0000 1.0000 -0.0000
vn -0.0000 -0.0002 -1.0000
vn -0.0000 0.0001 -1.0000
vn -0.0000 -0.0003 -1.0000
vn -0.0000 0.0003 -1.0000
vn -0.0000 0.0007 -1.0000
vn -0.0000 -0.0008 -1.0000
vn -0.0000 0.0013 -1.0000
vn -0.0000 -0.0025 -1.0000
vn -0.0000 0.0002 -1.0000
vn -0.0000 -1.0000 -0.0000
vn -0.0000 -0.0139 -0.9999
vn -0.0000 -0.3162 -0.9487
vn -0.0000 0.1351 0.9908
vn -0.0000 -0.1443 -0.9895
vn -0.0000 -0.2425 -0.9701
vn -0.0000 0.0208 -0.9998
vn -0.0000 0.0156 -0.9999
vn -0.0000 -0.0004 -1.0000
vn -0.0001 -0.0001 -1.0000
vn -0.0000 -0.0001 1.0000
vn -0.0000 -0.0000 1.0000
vn -0.0000 0.0001 1.0000
vn -0.0000 -0.0002 1.0000
vn -0.0000 -0.0003 1.0000
vn -0.0000 0.0003 1.0000
vn -0.0000 -0.0006 1.0000
vn -0.0000 0.0004 1.0000
vn -0.0000 0.0009 1.0000
vn -0.0000 -0.0018 1.0000
vn -0.0000 0.0624 0.9981
vn -0.0000 0.0227 -0.9997
vn -0.0000 -0.0416 0.9991
vn -0.0000 0.4472 0.8944
vn -0.7304 0.6830 -0.0000
vn 0.0001 -0.0000 1.0000
vn 0.0001 -0.0001 1.0000
vn 0.0002 -0.0000 1.0000
vn -0.9447 -0.3279 -0.0000
vn -0.8605 -0.5095 -0.0000
vn 0.7071 -0.7071 -0.0000
vn 0.6585 -0.7526 -0.0000
vn 0.9599 0.2803 -0.0000
vn 0.5527 0.8334 -0.0000
vn 0.9630 0.2696 -0.0000
vn -0.1146 -0.9934 -0.0000
vn 0.5249 -0.8512 -0.0000
vn -0.6044 0.7966 -0.0000
vn -0.7510 0.6603 -0.0000
vn 0.2322 -0.9727 -0.0000
vn 0.5677 0.8233 -0.0000
vn -1.0000 -0.0000 -0.0000
vn -0.7344 -0.6787 -0.0000
vn 0.8844 -0.4666 -0.0000
vn 0.6865 -0.7272 -0.0000
vn 0.5366 -0.8438 -0.0000
vn -0.9356 -0.3532 -0.0000
vn 0.3411 0.9400 -0.0000
vn 0.5064 -0.8623 -0.0000
vn 0.9696 -0.2447 -0.0000
vn -0.6128 -0.7903 -0.0000
vn -0.5692 0.8222 -0.0000
vn -0.9822 -0.1878 -0.0000
vn 0.9998 0.0179 -0.0000
vn 0.2356 -0.9718 -0.0000
vn -0.9996 -0.0276 -0.0000
vn 0.5663 0.8242 -0.0000
vn 0.9870 -0.1605 -0.0000
vn 0.1470 0.9891 -0.0000
vn -0.9984 0.0573 -0.0000
vn -0.0738 0.9973 -0.0000
vn -0.3837 0.9235 -0.0000
vn 0.9698 0.2439 -0.0000
vn -0.2829 -0.9591 -0.0000
vn 0.2249 -0.9744 -0.0000
vn 0.0195 0.9998 -0.0000
vn -0.6248 0.7808 -0.0000
vn -0.6905 0.7233 -0.0000
vn -1.0000 -0.0090 -0.0000
vn -0.2226 -0.9749 -0.0000
vn 0.7292 -0.6843 -0.0000
vn -0.5871 -0.8095 -0.0000
vn 0.8464 -0.5325 -0.0000
vn -0.4191 -0.9080 -0.0000
vn -0.1843 0.9829 -0.0000
vn -0.6998 0.7143 -0.0000
vn 0.9999 0.0134 -0.0000
vn -0.9441 -0.3298 -0.0000
vn -0.4058 -0.9139 -0.0000
vn -0.9999 0.0134 -0.0000
vn -0.8393 0.5436 -0.0000
vn 0.9821 -0.1884 -0.0000
vn 0.8395 0.5433 -0.0000
vn 0.1124 0.9937 -0.0000
vn 0.4603 0.8878 -0.0000
vn -0.7924 -0.6099 -0.0000
vn -0.3283 0.9446 -0.0000
vn -0.8894 0.4571 -0.0000
vn -0.9367 -0.3503 -0.0000
vn 0.6359 0.7718 -0.0000
vn -0.4628 0.8865 -0.0000
vn 0.6602 -0.7511 -0.0000
vn 0.8441 0.5362 -0.0000
vn 0.8233 0.5676 -0.0000
vn -0.6268 -0.7792 -0.0000
vn 0.9377 0.3474 -0.0000
vn -0.9187 0.3949 -0.0000
vn 0.8005 0.5994 -0.0000
vn -0.3911 0.9203 -0.0000
vn 0.9632 0.2688 -0.0000
vn 0.7498 0.6616 -0.0000
vn 0.6982 0.7159 -0.0000
vn 0.7497 -0.6618 -0.0000
vn -0.9950 -0.0995 -0.0000
vn -0.8371 -0.5470 -0.0000
vn 0.4268 -0.9043 -0.0000
vn 0.1281 -0.9918 -0.0000
vn 0.9993 -0.0382 -0.0000
vn -0.8076 -0.5897 -0.0000
vn -0.5013 -0.8653 -0.0000
vn -0.0179 0.9998 -0.0000
vn -0.8456 0.5338 -0.0000
vn 0.1898 -0.9818 -0.0000
vn -0.9182 -0.3962 -0.0000
vn 0.9980 0.0632 -0.0000
vn 0.9993 -0.0366 -0.0000
vn 0.3863 -0.9224 -0.0000
vn -0.9977 0.0681 -0.0000
vn 0.7836 0.6213 -0.0000
vn 0.6122 0.7907 -0.0000
vn 0.9968 -0.0794 -0.0000
vn 0.6998 -0.7143 -0.0000
vn 0.9736 -0.2282 -0.0000
vn -0.9997 0.0239 -0.0000
vn 0.6983 0.7158 -0.0000
vn 0.9768 0.2143 -0.0000
vn 0.6905 -0.7233 -0.0000
vn -0.7017 -0.7125 -0.0000
vn -0.5660 0.8244 -0.0000
vn 0.8619 -0.5070 -0.0000
vn 0.9999 -0.0132 -0.0000
vn 0.6074 -0.7944 -0.0000
vn 1.0000 0.0082 -0.0000
vn 0.6233 0.7820 -0.0000
vn 0.1492 0.9888 -0.0000
vn -0.9877 -0.1566 -0.0000
vn -0.6652 -0.7466 -0.0000
vn 0.6609 -0.7505 -0.0000
vn -0.3939 -0.9191 -0.0000
vn -0.4826 0.8758 -0.0000
vn 0.1481 -0.9890 -0.0000
vn -0.9856 0.1689 -0.0000
vn 0.1874 -0.9823 -0.0000
vn 0.9807 0.1957 -0.0000
vn -0.4608 0.8875 -0.0000
vn -0.8874 -0.4609 -0.0000
vn 0.9130 0.4079 -0.0000
vn -0.9986 0.0535 -0.0000
vn 0.7702 0.6378 -0.0000
vn -0.8514 0.5244 -0.0000
vn 0.1857 -0.9826 -0.0000
vn -0.6655 -0.7464 -0.0000
vn -0.0211 0.9998 -0.0000
vn 0.9085 0.4179 -0.0000
vn -0.4172 0.9088 -0.0000
vn 0.8343 0.5514 -0.0000
vn -0.6157 -0.7880 -0.0000
vn 0.9131 -0.4077 -0.0000
vn 0.7086 0.7057 -0.0000
vn 0.2647 -0.9643 -0.0000
vn -0.8365 0.5480 -0.0000
vn 0.7886 -0.6148 -0.0000
vn 0.7637 0.6456 -0.0000
vn 0.3962 0.9182 -0.0000
vn -0.8982 0.4396 -0.0000
vn -0.1513 0.9885 -0.0000
vn 0.7611 0.6487 -0.0000
vn 0.4514 -0.8923 -0.0000
vn -0.3470 0.9379 -0.0000
vn -0.0733 0.9973 -0.0000
vn 0.2589 -0.9659 -0.0000
vn -0.3280 0.9447 -0.0000
vn -0.9056 -0.4242 -0.0000
vn 0.0610 -0.9981 -0.0000
vn 0.2536 -0.9673 -0.0000
vn 0.6046 -0.7965 -0.0000
vn 0.7686 0.6397 -0.0000
vn 0.5682 -0.8229 -0.0000
vn -0.4694 -0.8830 -0.0000
vn -0.1763 -0.9843 -0.0000
vn 0.7678 0.6407 -0.0000
vn -0.1104 -0.9939 -0.0000
vn 0.7311 0.6822 -0.0000
vn -0.9999 -0.0169 -0.0000
vn -0.3519 -0.9360 -0.0000
vn -0.3255 -0.9455 -0.0000
vn 0.6919 0.7220 -0.0000
vn -0.4268 -0.9043 -0.0000
vn -0.4284 0.9036 -0.0000
vn -0.9862 -0.1655 -0.0000
vn -0.7976 -0.6032 -0.0000
vn 0.9995 0.0306 -0.0000
vn -0.9671 -0.2545 -0.0000
vn -0.4071 0.9134 -0.0000
vn -0.9953 -0.0966 -0.0000
vn -0.4813 0.8766 -0.0000
vn 1.0000 -0.0000 -0.0000
vn -0.8615 -0.5078 -0.0000
vn -0.4379 0.8990 -0.0000
vn -0.2847 0.9586 -0.0000
vn 0.9380 0.3468 -0.0000
vn 0.9953 0.0966 -0.0000
vn -0.2619 0.9651 -0.0000
vn -0.7836 0.6213 -0.0000
vn 0.5622 -0.8270 -0.0000
vn 0.0908 -0.9959 -0.0000
vn -0.8812 -0.4728 -0.0000
vn -0.6220 0.7830 -0.0000
vn 0.4543 -0.8909 -0.0000
vn -0.8231 -0.5679 -0.0000
vn 0.2553 -0.9669 -0.0000
vn 0.7582 0.6520 -0.0000
vn 0.4800 -0.8773 -0.0000
vn -0.3635 0.9316 -0.0000
vn 0.4926 0.8703 -0.0000
vn 0.0167 0.9999 -0.0000
vn 0.5462 -0.8376 -0.0000
vn -0.1451 0.9894 -0.0000
vn 0.6634 -0.7483 -0.0000
vn 0.4694 0.8830 -0.0000
vn -0.1263 0.9920 -0.0000
vn -0.9179 0.3968 -0.0000
vn 0.8812 0.4728 -0.0000
vn -0.3463 -0.9381 -0.0000
vn -0.7311 -0.6822 -0.0000
vn -0.9904 0.1385 -0.0000
vn 0.6158 -0.7879 -0.0000
vn -0.9095 -0.4158 -0.0000
vn 0.9526 -0.3041 -0.0000
vn 0.9991 -0.0434 -0.0000
vn 0.4961 -0.8683 -0.0000
vn -0.4251 -0.9052 -0.0000
vn -0.9991 0.0432 -0.0000
vn 0.9733 0.2296 -0.0000
vn 0.3398 -0.9405 -0.0000
vn 0.3984 -0.9172 -0.0000
vn -0.8834 0.4687 -0.0000
vn -0.7686 -0.6397 -0.0000
vn 0.4102 0.9120 -0.0000
vn -0.6951 -0.7189 -0.0000
vn 0.7655 0.6434 -0.0000
vn -0.4763 0.8793 -0.0000
vn -0.0283 0.9996 -0.0000
vn 0.9991 0.0434 -0.0000
vn 0.3415 -0.9399 -0.0000
vn 0.7372 -0.6757 -0.0000
vn 0.2819 -0.9594 -0.0000
vn -0.9794 -0.2021 -0.0000
vn -0.7637 -0.6456 -0.0000
vn -0.4847 0.8747 -0.0000
vn -0.3266 0.9452 -0.0000
vn 0.7849 0.6196 -0.0000
vn -0.3103 0.9506 -0.0000
vn -0.4521 -0.8919 -0.0000
vn -0.9102 -0.4142 -0.0000
vn -0.5916 -0.8063 -0.0000
vn -0.9371 -0.3491 -0.0000
vn 0.4879 -0.8729 -0.0000
vn 0.4714 -0.8819 -0.0000
vn -0.5735 -0.8192 -0.0000
vn -0.9996 -0.0284 -0.0000
vn -0.2215 0.9752 -0.0000
vn 0.7692 0.6390 -0.0000
vn -0.2264 -0.9740 -0.0000
vn 0.9102 0.4141 -0.0000
vn 0.7494 0.6622 -0.0000
vn 0.6688 -0.7435 -0.0000
vn -0.7164 -0.6977 -0.0000
vn -0.3860 0.9225 -0.0000
vn 0.6649 0.7469 -0.0000
vn -0.9957 -0.0923 -0.0000
vn 0.6196 -0.7849 -0.0000
vn -0.1168 -0.9932 -0.0000
vn -0.9677 -0.2521 -0.0000
vn -0.0696 -0.9976 -0.0000
vn -0.3065 -0.9519 -0.0000
vn -0.8882 0.4594 -0.0000
vn 0.9679 -0.2515 -0.0000
vn -0.4018 -0.9157 -0.0000
vn -0.8416 0.5401 -0.0000
vn 0.8919 0.4522 -0.0000
vn -0.7634 -0.6459 -0.0000
vn -0.9937 -0.1122 -0.0000
vn -0.9554 -0.2953 -0.0000
vn -0.3363 0.9417 -0.0000
vn 0.9177 0.3974 -0.0000
vn 0.7510 0.6603 -0.0000
vn 0.5665 0.8240 -0.0000
vn 0.0525 0.9986 -0.0000
vn -0.5455 -0.8381 -0.0000
vn -0.1171 0.9931 -0.0000
vn -0.3552 -0.9348 -0.0000
vn 0.3685 0.9296 -0.0000
vn 0.9990 -0.0449 -0.0000
vn 0.9844 -0.1760 -0.0000
vn 0.9997 -0.0235 -0.0000
vn 0.7605 0.6493 -0.0000
vn -0.9967 0.0809 -0.0000
vn -0.2631 -0.9648 -0.0000
vn 0.9991 -0.0418 -0.0000
vn 0.3012 0.9536 -0.0000
vn 0.4767 0.8791 -0.0000
vn -1.0000 -0.0080 -0.0000
vn 0.8440 -0.5363 -0.0000
vn 0.7304 0.6830 -0.0000
vn -0.9858 -0.1679 -0.0000
vn 0.9676 0.2524 -0.0000
vn -0.3427 0.9394 -0.0000
vn 0.5084 0.8611 -0.0000
vn 0.9971 -0.0755 -0.0000
vn 0.8400 -0.5426 -0.0000
vn -0.5620 -0.8272 -0.0000
vn 0.1067 0.9943 -0.0000
vn 0.3324 -0.9431 -0.0000
vn 0.3665 0.9304 -0.0000
vn -0.0860 -0.9963 -0.0000
vn 0.4092 -0.9125 -0.0000
vn 0.8011 -0.5985 -0.0000
vn 0.9927 0.1205 -0.0000
vn -0.4204 0.9073 -0.0000
vn -0.3076 -0.9515 -0.0000
vn -0.8850 -0.4655 -0.0000
vn -0.9186 -0.3953 -0.0000
vn 0.5112 0.8595 -0.0000
vn 0.0722 0.9974 -0.0000
vn -0.8944 0.4472 -0.0000
vn 0.5975 0.8019 -0.0000
vn 0.9452 -0.3266 -0.0000
vn -0.8924 -0.4513 -0.0000
vn 0.0462 -0.9989 -0.0000
vn 0.5329 -0.8462 -0.0000
vn -0.7050 0.7092 -0.0000
vn 0.5915 -0.8063 -0.0000
vn -0.9860 -0.1670 -0.0000
vn 0.6207 0.7840 -0.0000
vn 0.2845 -0.9587 -0.0000
vn -0.5371 -0.8435 -0.0000
vn 0.3284 0.9445 -0.0000
vn 0.8664 0.4993 -0.0000
vn 0.9757 -0.2191 -0.0000
vn -0.8535 -0.5211 -0.0000
vn -0.6657 -0.7462 -0.0000
vn -0.9890 -0.1477 -0.0000
vn 0.6922 -0.7217 -0.0000
vn 0.9250 0.3799 -0.0000
vn 0.7427 0.6696 -0.0000
vn -0.5057 -0.8627 -0.0000
vn -0.9907 -0.1362 -0.0000
vn -0.6080 -0.7939 -0.0000
vn -0.6994 -0.7147 -0.0000
vn 0.8276 0.5613 -0.0000
vn 0.7772 0.6293 -0.0000
vn -0.3912 0.9203 -0.0000
vn 0.9782 0.2078 -0.0000
vn -0.9609 -0.2768 -0.0000
vn -0.9623 -0.2720 -0.0000
vn 1.0000 -0.0070 -0.0000
vn -0.0851 0.9964 -0.0000
vn 0.9543 0.2988 -0.0000
vn 0.9997 -0.0261 -0.0000
vn -0.9924 -0.1229 -0.0000
vn 0.9381 0.3464 -0.0000
vn 0.1452 0.9894 -0.0000
vn 0.9997 0.0255 -0.0000
vn -0.0894 -0.9960 -0.0000
vn 0.9973 -0.0738 -0.0000
vn -0.9983 -0.0585 -0.0000
vn -0.1322 -0.9912 -0.0000
vn 0.3755 -0.9268 -0.0000
vn -0.9990 0.0440 -0.0000
vn 0.9950 0.0997 -0.0000
vn -0.6922 0.7218 -0.0000
vn 0.5264 -0.8503 -0.0000
vn -0.9996 0.0289 -0.0000
vn 0.9345 -0.3559 -0.0000
vn -0.6600 0.7513 -0.0000
vn 0.9944 0.1057 -0.0000
vn -0.0840 0.9965 -0.0000
vn 0.9180 0.3967 -0.0000
vn -0.9750 0.2223 -0.0000
vn -0.6449 0.7643 -0.0000
vn -0.8462 0.5328 -0.0000
vn 0.8766 -0.4812 -0.0000
vn 0.9932 -0.1164 -0.0000
vn -0.9717 0.2361 -0.0000
vn 0.7876 -0.6162 -0.0000
vn 0.9800 -0.1988 -0.0000
vn 0.9943 0.1062 -0.0000
vn 0.5232 -0.8522 -0.0000
vn 0.9396 0.3424 -0.0000
vn 0.9686 0.2487 -0.0000
vn -0.9881 0.1537 -0.0000
vn 0.3043 -0.9526 -0.0000
vn -0.6492 0.7606 -0.0000
vn 0.7682 0.6402 -0.0000
vn 0.5067 0.8621 -0.0000
vn 0.9974 -0.0720 -0.0000
vn -0.5215 -0.8533 -0.0000
vn 0.9999 -0.0115 -0.0000
vn 0.7731 -0.6342 -0.0000
vn -0.3764 0.9265 -0.0000
vn -0.9983 -0.0582 -0.0000
vn 0.7318 -0.6815 -0.0000
vn 0.7133 -0.7008 -0.0000
vn 0.1061 -0.9944 -0.0000
vn -0.5883 0.8086 -0.0000
vn -0.5313 0.8472 -0.0000
vn -0.3118 0.9501 -0.0000
vn -0.9650 -0.2622 -0.0000
vn 0.2802 -0.9599 -0.0000
vn 0.4492 0.8934 -0.0000
vn 0.0695 -0.9976 -0.0000
vn -0.3662 0.9305 -0.0000
vn 0.9311 -0.3649 -0.0000
vn 0.6361 -0.7716 -0.0000
vn 0.1168 0.9932 -0.0000
vn -0.8718 -0.4898 -0.0000
vn -0.7944 0.6074 -0.0000
vn 0.9656 0.2599 -0.0000
vn 0.3165 -0.9486 -0.0000
vn -0.0584 0.9983 -0.0000
vn 0.1654 0.9862 -0.0000
vn 0.9687 -0.2481 -0.0000
vn -0.8511 -0.5250 -0.0000
vn 0.2812 -0.9596 -0.0000
vn -0.9473 0.3203 -0.0000
vn 0.6915 -0.7224 -0.0000
vn 0.1508 -0.9886 -0.0000
vn 0.1063 -0.9943 -0.0000
vn 0.9993 -0.0379 -0.0000
vn -0.0272 0.9996 -0.0000
vn -0.0343 0.9994 -0.0000
vn -0.9981 0.0623 -0.0000
vn 0.4903 0.8716 -0.0000
vn 0.0338 0.9994 -0.0000
vn -0.9990 -0.0437 -0.0000
vn 0.6673 0.7448 -0.0000
vn -0.6393 -0.7690 -0.0000
vn -0.4737 -0.8807 -0.0000
vn -0.6445 -0.7646 -0.0000
vn -0.9990 0.0436 -0.0000
vn 0.5114 0.8594 -0.0000
vn -0.9465 -0.3227 -0.0000
vn 0.0970 -0.9953 -0.0000
vn 0.9939 0.1104 -0.0000
vn 0.3136 -0.9495 -0.0000
vn 0.5048 0.8633 -0.0000
vn -0.5571 0.8304 -0.0000
vn -0.9694 -0.2456 -0.0000
vn 0.6785 -0.7346 -0.0000
vn -0.5256 -0.8507 -0.0000
vn -0.0301 -0.9995 -0.0000
vn 0.6209 0.7839 -0.0000
vn 0.4546 -0.8907 -0.0000
vn -0.7489 -0.6627 -0.0000
vn -0.9593 0.2823 -0.0000
vn -0.5892 0.8080 -0.0000
vn -0.8109 -0.5851 -0.0000
vn 0.9978 0.0657 -0.0000
vn 0.5728 0.8197 -0.0000
vn -0.9419 -0.3359 -0.0000
vn -0.5046 -0.8633 -0.0000
vn 0.9212 0.3891 -0.0000
vn -0.8387 0.5446 -0.0000
vn -0.5830 -0.8125 -0.0000
vn 0.7945 -0.6072 -0.0000
vn -0.9603 -0.2791 -0.0000
vn 0.5336 -0.8458 -0.0000
vn 0.8295 0.5585 -0.0000
vn 0.2202 -0.9755 -0.0000
vn -0.6827 0.7307 -0.0000
vn 0.7465 0.6654 -0.0000
vn -0.9142 0.4053 -0.0000
vn -0.9324 -0.3613 -0.0000
vn 0.3664 -0.9305 -0.0000
vn -0.4374 -0.8993 -0.0000
vn 0.9704 -0.2413 -0.0000
vn -0.6867 0.7269 -0.0000
vn 0.9066 -0.4219 -0.0000
vn 0.9263 0.3768 -0.0000
vn -0.4708 -0.8823 -0.0000
vn 0.3197 0.9475 -0.0000
vn 0.9260 0.3775 -0.0000
vn -0.9583 0.2857 -0.0000
vn -0.2693 0.9631 -0.0000
vn -0.9999 -0.0123 -0.0000
vn 0.9815 0.1916 -0.0000
vn 0.3943 0.9190 -0.0000
vn -0.0660 -0.9978 -0.0000
vn -1.0000 0.0021 -0.0000
vn 0.9981 -0.0614 -0.0000
vn 0.1166 0.9932 -0.0000
vn 1.0000 -0.0066 -0.0000
vn -0.9998 0.0208 -0.0000
vn -0.3780 0.9258 -0.0000
vn -0.9998 -0.0203 -0.0000
vn 0.5569 -0.8306 -0.0000
vn 0.9998 0.0187 -0.0000
vn -0.3363 -0.9417 -0.0000
vn -0.9698 -0.2438 -0.0000
vn -0.9998 0.0187 -0.0000
vn -0.0507 -0.9987 -0.0000
vn 0.9998 -0.0207 -0.0000
vn 0.9969 -0.0787 -0.0000
vn 0.9508 0.3098 -0.0000
vn 0.9265 -0.3764 -0.0000
vn -0.9987 0.0519 -0.0000
vn -0.8727 -0.4882 -0.0000
vn -0.9214 -0.3885 -0.0000
vn 0.9778 0.2095 -0.0000
vn -0.9123 -0.4096 -0.0000
vn -0.8809 0.4734 -0.0000
vn 0.5171 0.8559 -0.0000
vn -0.8114 0.5845 -0.0000
vn 0.6839 0.7296 -0.0000
vn 0.8988 -0.4383 -0.0000
vn 0.8810 0.4731 -0.0000
vn -0.6578 -0.7532 -0.0000
vn -0.7962 0.6051 -0.0000
vn 0.8805 -0.4741 -0.0000
vn 0.8167 0.5771 -0.0000
vn 0.5687 0.8225 -0.0000
vn 0.5103 0.8600 -0.0000
vn -0.2109 -0.9775 -0.0000
vn -0.9328 0.3605 -0.0000
vn -0.4397 0.8981 -0.0000
vn 0.5042 0.8636 -0.0000
vn 0.6939 0.7201 -0.0000
vn -0.3233 0.9463 -0.0000
vn -0.5370 -0.8436 -0.0000
vn 0.6137 -0.7895 -0.0000
vn -0.4472 0.8944 -0.0000
vn 0.2099 0.9777 -0.0000
vn -0.5896 -0.8077 -0.0000
vn -0.0308 -0.9995 -0.0000
vn 0.7668 0.6419 -0.0000
vn -0.0555 0.9985 -0.0000
vn 0.5877 0.8091 -0.0000
vn -0.4525 0.8918 -0.0000
vn 0.0113 0.9999 -0.0000
vn -0.5633 -0.8262 -0.0000
vn -0.3336 -0.9427 -0.0000
vn 0.7752 0.6318 -0.0000
vn -0.9973 0.0730 -0.0000
vn 0.3676 -0.9300 -0.0000
vn -0.9102 -0.4141 -0.0000
vn -0.2988 0.9543 -0.0000
vn -0.1808 0.9835 -0.0000
vn 0.9400 0.3411 -0.0000
vn -0.6963 -0.7178 -0.0000
vn 1.0000 0.0054 -0.0000
vn 0.4095 0.9123 -0.0000
vn -0.9926 -0.1218 -0.0000
vn -0.3029 -0.9530 -0.0000
vn 0.9865 0.1638 -0.0000
vn -0.9623 0.2720 -0.0000
vn -0.9991 -0.0434 -0.0000
vn -0.9991 0.0434 -0.0000
vn -0.5382 -0.8428 -0.0000
vn 0.6289 -0.7775 -0.0000
vn -0.9276 -0.3737 -0.0000
vn -0.7336 0.6796 -0.0000
vn 0.6668 -0.7452 -0.0000
vn -0.8625 -0.5061 -0.0000
vn 0.5767 -0.8170 -0.0000
vn -0.8829 -0.4696 -0.0000
vn 0.7539 0.6570 -0.0000
vn 0.9786 0.2056 -0.0000
vn 0.2741 -0.9617 -0.0000
vn -0.0518 0.9987 -0.0000
vn -0.7335 0.6797 -0.0000
vn 0.9933 -0.1153 -0.0000
vn 0.8463 0.5327 -0.0000
vn 0.9837 0.1799 -0.0000
vn 0.4888 -0.8724 -0.0000
vn -0.1460 0.9893 -0.0000
vn -0.6985 -0.7156 -0.0000
vn 0.9267 -0.3759 -0.0000
vn -0.9209 0.3898 -0.0000
vn -0.9868 -0.1619 -0.0000
vn 0.2322 0.9727 -0.0000
vn 0.6331 0.7740 -0.0000
vn -0.5129 0.8584 -0.0000
vn 0.8499 0.5269 -0.0000
vn 0.7886 0.6149 -0.0000
vn -0.4182 0.9084 -0.0000
vn -0.9673 0.2535 -0.0000
vn 0.8424 -0.5389 -0.0000
vn 0.7403 0.6722 -0.0000
vn 0.5313 0.8472 -0.0000
vn -0.3631 0.9317 -0.0000
vn 0.4078 -0.9131 -0.0000
vn -0.0147 0.9999 -0.0000
vn -0.4609 0.8875 -0.0000
vn -0.7538 -0.6571 -0.0000
vn 0.9978 -0.0669 -0.0000
vn -0.3375 0.9413 -0.0000
vn -0.1609 -0.9870 -0.0000
vn -0.2285 -0.9736 -0.0000
vn 0.9932 0.1162 -0.0000
vn 0.1552 0.9879 -0.0000
vn -0.6910 0.7229 -0.0000
vn -0.9922 -0.1248 -0.0000
vn -0.0114 0.9999 -0.0000
vn -0.9639 -0.2662 -0.0000
vn -0.2839 0.9589 -0.0000
vn -0.9936 0.1126 -0.0000
vn -0.0152 0.9999 -0.0000
vn 0.2920 -0.9564 -0.0000
vn -0.4657 0.8849 -0.0000
vn 0.0365 0.9993 -0.0000
vn -0.1059 0.9944 -0.0000
vn -0.7039 0.7103 -0.0000
vn 0.9705 -0.2411 -0.0000
vn 0.7439 0.6682 -0.0000
vn 0.7747 0.6324 -0.0000
vn 0.4842 0.8750 -0.0000
vn -0.3405 0.9402 -0.0000
vn -0.1709 -0.9853 -0.0000
vn -0.6074 -0.7944 -0.0000
vn -0.8131 -0.5821 -0.0000
vn 0.6409 0.7676 -0.0000
vn -0.9996 -0.0294 -0.0000
vn -0.3917 0.9201 -0.0000
vn 0.5821 -0.8131 -0.0000
vn 0.9311 -0.3648 -0.0000
vn 0.9399 0.3413 -0.0000
vn 0.2566 -0.9665 -0.0000
vn -0.9696 -0.2447 -0.0000
vn -0.4321 0.9018 -0.0000
vn -0.8332 -0.5530 -0.0000
vn 0.6957 -0.7183 -0.0000
vn 0.6902 -0.7236 -0.0000
vn 0.7986 -0.6019 -0.0000
vn -0.6812 0.7321 -0.0000
vn -0.3096 0.9509 -0.0000
vn -0.8328 -0.5535 -0.0000
vn 0.5515 -0.8342 -0.0000
vn 0.1422 -0.9898 -0.0000
vn 0.9940 -0.1095 -0.0000
vn -0.8344 -0.5511 -0.0000
vn -0.3807 -0.9247 -0.0000
vn 0.2615 -0.9652 -0.0000
vn 0.9923 0.1242 -0.0000
vn -0.8869 0.4619 -0.0000
vn -0.9989 -0.0471 -0.0000
vn 0.2471 0.9690 -0.0000
vn 0.1820 -0.9833 -0.0000
vn 0.9445 -0.3286 -0.0000
vn 0.9923 -0.1237 -0.0000
vn 0.8762 0.4820 -0.0000
vn -1.0000 -0.0082 -0.0000
vn 0.7493 0.6622 -0.0000
vn -0.9801 -0.1985 -0.0000
vn 0.9967 0.0809 -0.0000
vn -0.3849 0.9230 -0.0000
vn -0.1477 -0.9890 -0.0000
vn 0.9470 -0.3213 -0.0000
vn -1.0000 0.0080 -0.0000
vn 0.2927 -0.9562 -0.0000
vn -0.9676 0.2524 -0.0000
vn -0.9829 -0.1842 -0.0000
vn -0.9527 0.3038 -0.0000
vn 0.9215 -0.3884 -0.0000
vn -0.8882 -0.4594 -0.0000
vn -0.9293 -0.3693 -0.0000
vn -0.7752 0.6318 -0.0000
vn 0.9863 0.1647 -0.0000
vn 0.9993 -0.0387 -0.0000
vn -0.9793 0.2026 -0.0000
vn 0.9977 0.0682 -0.0000
vn 0.5185 -0.8551 -0.0000
vn -0.8635 -0.5043 -0.0000
vn 0.5309 -0.8474 -0.0000
vn -0.9970 -0.0778 -0.0000
vn 0.3926 -0.9197 -0.0000
vn -0.9981 0.0614 -0.0000
vn 0.2215 -0.9752 -0.0000
vn 0.8715 0.4904 -0.0000
vn 0.4204 0.9073 -0.0000
vn 0.2100 -0.9777 -0.0000
vn 0.2488 -0.9686 -0.0000
vn 0.7736 0.6337 -0.0000
vn 0.9581 -0.2865 -0.0000
vn 0.8873 0.4612 -0.0000
vn -0.8099 0.5865 -0.0000
vn -0.4516 0.8922 -0.0000
vn -0.8665 -0.4991 -0.0000
vn -0.9597 0.2809 -0.0000
vn -0.6116 -0.7911 -0.0000
vn 0.9170 0.3988 -0.0000
vn 0.1158 -0.9933 -0.0000
vn -0.9532 -0.3025 -0.0000
vn -0.3240 0.9461 -0.0000
vn 0.8920 0.4520 -0.0000
vn 0.4206 -0.9073 -0.0000
vn 0.7460 -0.6659 -0.0000
vn -0.5718 -0.8204 -0.0000
vn -0.5178 0.8555 -0.0000
vn -0.4783 -0.8782 -0.0000
vn 0.0807 0.9967 -0.0000
vn 0.4636 -0.8860 -0.0000
vn -0.9996 -0.0299 -0.0000
vn -0.4532 -0.8914 -0.0000
vn 0.6784 0.7347 -0.0000
vn 0.5891 -0.8081 -0.0000
vn -0.4115 0.9114 -0.0000
vn -0.7229 -0.6909 -0.0000
vn -0.1305 -0.9914 -0.0000
vn -0.1473 -0.9891 -0.0000
vn -0.4568 -0.8896 -0.0000
vn 0.7770 0.6295 -0.0000
vn 0.0962 -0.9954 -0.0000
vn -0.6352 -0.7723 -0.0000
vn -0.3430 -0.9393 -0.0000
vn -0.8291 -0.5591 -0.0000
vn 0.7310 0.6823 -0.0000
vn -0.9766 -0.2152 -0.0000
vn -0.4059 0.9139 -0.0000
vn 0.7564 0.6541 -0.0000
vn -0.8849 -0.4658 -0.0000
vn 0.6508 0.7593 -0.0000
vn 0.6953 -0.7187 -0.0000
vn 0.3597 -0.9331 -0.0000
vn -0.2715 0.9624 -0.0000
vn 0.9507 0.3100 -0.0000
vn 0.6898 -0.7240 -0.0000
vn -0.1339 0.9910 -0.0000
vn -0.3067 0.9518 -0.0000
vn -0.9882 -0.1530 -0.0000
vn -0.2565 -0.9665 -0.0000
vn 0.4264 -0.9045 -0.0000
vn -0.8757 -0.4828 -0.0000
vn -0.5797 -0.8149 -0.0000
vn -0.4639 0.8859 -0.0000
vn 0.7682 -0.6402 -0.0000
vn -0.8435 -0.5371 -0.0000
vn 0.8719 0.4898 -0.0000
vn -0.9874 -0.1585 -0.0000
vn 0.3469 0.9379 -0.0000
vn 0.6812 -0.7321 -0.0000
vn 0.5470 -0.8371 -0.0000
vn -0.8762 0.4820 -0.0000
vn -0.2868 0.9580 -0.0000
vn 0.4223 -0.9065 -0.0000
vn -0.5623 -0.8269 -0.0000
vn 0.4239 -0.9057 -0.0000
vn 0.2378 -0.9713 -0.0000
vn 0.6949 0.7191 -0.0000
vn 0.8579 -0.5138 -0.0000
vn 0.5010 -0.8654 -0.0000
vn -0.4741 0.8805 -0.0000
vn 0.3356 0.9420 -0.0000
vn 0.6525 -0.7578 -0.0000
vn -0.4995 0.8663 -0.0000
vn -0.2583 0.9661 -0.0000
vn -0.3115 0.9502 -0.0000
vn 0.7593 -0.6507 -0.0000
vn -0.5916 -0.8062 -0.0000
vn 0.2287 -0.9735 -0.0000
vn -0.8530 0.5219 -0.0000
vn 0.1101 -0.9939 -0.0000
vn 0.0423 -0.9991 -0.0000
vn -0.9511 -0.3089 -0.0000
vn 0.9813 -0.1923 -0.0000
vn -0.4027 -0.9153 -0.0000
vn -0.9939 0.1104 -0.0000
vn 0.7139 -0.7003 -0.0000
vn 0.9582 -0.2862 -0.0000
vn 0.7669 0.6417 -0.0000
vn -0.3361 0.9418 -0.0000
vn 0.8507 0.5256 -0.0000
vn 0.9996 -0.0289 -0.0000
vn 0.7226 0.6913 -0.0000
vn -0.4339 -0.9010 -0.0000
vn -0.9883 -0.1524 -0.0000
vn -0.9828 -0.1848 -0.0000
vn -0.9960 -0.0894 -0.0000
vn -0.9474 0.3202 -0.0000
vn -0.9953 -0.0971 -0.0000
vn -0.4292 0.9032 -0.0000
vn 0.9924 0.1229 -0.0000
vn -0.9400 -0.3411 -0.0000
vn 0.9979 -0.0650 -0.0000
vn -0.4285 0.9035 -0.0000
vn 0.9773 0.2119 -0.0000
vn 0.9997 0.0227 -0.0000
vn -0.7916 0.6110 -0.0000
vn -0.2773 0.9608 -0.0000
vn 0.8535 0.5211 -0.0000
vn -0.2834 0.9590 -0.0000
vn 0.7765 0.6302 -0.0000
vn -0.7752 -0.6318 -0.0000
vn -0.9920 0.1259 -0.0000
vn -0.8091 -0.5876 -0.0000
vn 0.6757 0.7372 -0.0000
vn -0.7318 -0.6815 -0.0000
vn 0.6105 0.7920 -0.0000
vn -0.5901 -0.8073 -0.0000
vn 0.9833 0.1819 -0.0000
vn 0.7529 0.6581 -0.0000
vn 0.8839 -0.4677 -0.0000
vn -0.8425 -0.5387 -0.0000
vn 0.3896 -0.9210 -0.0000
vn -0.3174 0.9483 -0.0000
vn 0.3292 -0.9443 -0.0000
vn 0.5068 0.8621 -0.0000
vn -0.6623 -0.7493 -0.0000
vn 0.5335 0.8458 -0.0000
vn -0.1396 0.9902 -0.0000
vn 0.8091 0.5876 -0.0000
vn 0.6276 -0.7785 -0.0000
vn 0.6167 0.7872 -0.0000
vn -0.7398 -0.6728 -0.0000
vn 0.5140 -0.8578 -0.0000
vn -0.5206 -0.8538 -0.0000
vn -0.8147 -0.5799 -0.0000
vn 0.3652 -0.9309 -0.0000
vn 0.8294 0.5586 -0.0000
vn 0.9623 0.2720 -0.0000
vn 0.0551 -0.9985 -0.0000
vn 0.3545 -0.9351 -0.0000
vn 0.6586 0.7525 -0.0000
vn 0.5476 -0.8367 -0.0000
vn 0.9785 -0.2061 -0.0000
vn -0.7611 -0.6487 -0.0000
vn -0.7180 -0.6960 -0.0000
vn 0.2544 -0.9671 -0.0000
vn 0.7413 0.6712 -0.0000
vn -0.7702 -0.6378 -0.0000
vn -0.7254 0.6883 -0.0000
vn 0.6930 -0.7210 -0.0000
vn 0.5106 0.8598 -0.0000
vn 0.8727 0.4882 -0.0000
vn -0.5336 -0.8457 -0.0000
vn -0.9773 -0.2120 -0.0000
vn -0.7548 -0.6559 -0.0000
vn -0.9722 -0.2343 -0.0000
vn -0.8858 -0.4640 -0.0000
vn 0.4093 -0.9124 -0.0000
vn 0.9652 0.2614 -0.0000
vn -0.1479 0.9890 -0.0000
vn 0.0289 0.9996 -0.0000
vn 0.4730 -0.8811 -0.0000
vn 0.9998 0.0219 -0.0000
vn 0.1019 -0.9948 -0.0000
vn -0.9999 0.0168 -0.0000
vn 0.3228 -0.9465 -0.0000
vn 0.7698 0.6383 -0.0000
vn -0.9965 0.0839 -0.0000
vn 0.5186 -0.8550 -0.0000
vn -0.7252 0.6886 -0.0000
vn 0.7569 0.6535 -0.0000
vn 0.9547 -0.2975 -0.0000
vn 0.9443 0.3291 -0.0000
vn 0.8418 -0.5398 -0.0000
vn 0.7071 -0.7072 -0.0000
vn -0.7171 0.6970 -0.0000
vn -0.9817 0.1905 -0.0000
vn -0.3658 0.9307 -0.0000
vn 0.8785 -0.4777 -0.0000
vn 0.6663 0.7457 -0.0000
vn 0.6835 -0.7299 -0.0000
vn 0.9733 0.2295 -0.0000
vn 0.9965 -0.0839 -0.0000
vn 0.5967 -0.8025 -0.0000
vn 0.9999 -0.0168 -0.0000
vn -0.2084 -0.9781 -0.0000
vn 0.4639 -0.8859 -0.0000
vn 0.9984 -0.0560 -0.0000
vn 0.3583 0.9336 -0.0000
vn -0.9957 -0.0926 -0.0000
vn -0.3954 0.9185 -0.0000
vn -0.9378 -0.3471 -0.0000
vn 0.0531 0.9986 -0.0000
vn 0.6548 0.7558 -0.0000
vn -0.2815 0.9596 -0.0000
vn -0.4426 0.8967 -0.0000
vn 0.9773 0.2120 -0.0000
vn -0.9602 -0.2792 -0.0000
vn -0.9648 -0.2628 -0.0000
vn 0.3550 0.9349 -0.0000
vn 0.0763 0.9971 -0.0000
vn 0.9585 -0.2852 -0.0000
vn -0.0826 0.9966 -0.0000
vn -0.8276 -0.5613 -0.0000
vn 0.9649 0.2628 -0.0000
vn 0.1641 -0.9864 -0.0000
vn 0.0277 -0.9996 -0.0000
vn 0.5904 -0.8071 -0.0000
vn -0.3077 -0.9515 -0.0000
vn 0.4619 0.8869 -0.0000
vn 0.7953 -0.6062 -0.0000
vn 0.6495 0.7604 -0.0000
vn 0.2944 -0.9557 -0.0000
vn 0.6430 -0.7658 -0.0000
vn 0.1785 0.9839 -0.0000
vn -0.6219 -0.7831 -0.0000
vn -0.4124 0.9110 -0.0000
vn 0.3178 -0.9482 -0.0000
vn -0.9686 -0.2488 -0.0000
vn 0.3436 -0.9391 -0.0000
vn 0.2084 0.9781 -0.0000
vn 0.7895 0.6137 -0.0000
vn -0.6178 -0.7863 -0.0000
vn 0.5125 0.8587 -0.0000
vn 0.4575 -0.8892 -0.0000
vn -0.8984 0.4392 -0.0000
vn 0.3931 0.9195 -0.0000
vn -0.7668 -0.6419 -0.0000
vn -0.5561 -0.8311 -0.0000
vn 0.5054 0.8629 -0.0000
vn 0.7340 0.6791 -0.0000
vn -0.5148 -0.8573 -0.0000
vn 0.9583 0.2858 -0.0000
vn 0.8005 0.5993 -0.0000
vn 0.4326 -0.9016 -0.0000
vn -0.8621 0.5067 -0.0000
vn -0.9510 -0.3093 -0.0000
vn 0.8591 -0.5118 -0.0000
vn -0.9292 -0.3696 -0.0000
vn 0.5589 0.8293 -0.0000
vn -0.3464 0.9381 -0.0000
vn 0.9521 0.3058 -0.0000
vn -0.5091 -0.8607 -0.0000
vn -0.5237 -0.8519 -0.0000
vn -0.9969 -0.0782 -0.0000
vn -0.3293 -0.9442 -0.0000
vn -0.8633 0.5047 -0.0000
vn 0.9965 0.0838 -0.0000
vn -0.6106 -0.7920 -0.0000
vn -0.8796 -0.4757 -0.0000
vn 0.9864 -0.1643 -0.0000
vn 0.7164 0.6977 -0.0000
vn 0.9854 -0.1702 -0.0000
vn 0.9628 0.2701 -0.0000
vn -0.9944 0.1062 -0.0000
vn -0.9978 -0.0660 -0.0000
vn 0.7227 0.6912 -0.0000
vn 0.9881 0.1537 -0.0000
vn 0.9102 0.4143 -0.0000
vn -0.6815 -0.7319 -0.0000
vn -0.9508 -0.3098 -0.0000
vn -0.9940 0.1090 -0.0000
vn 0.6089 0.7933 -0.0000
vn 0.7142 -0.7000 -0.0000
vn 0.9943 -0.1064 -0.0000
vn 0.2214 -0.9752 -0.0000
vn -0.6999 -0.7143 -0.0000
vn 0.8390 -0.5442 -0.0000
vn 0.9762 0.2169 -0.0000
vn 0.7068 -0.7074 -0.0000
vn -0.1654 0.9862 -0.0000
vn 0.9937 0.1124 -0.0000
vn -1.0000 0.0066 -0.0000
vn 0.8452 0.5344 -0.0000
vn 0.8716 0.4903 -0.0000
vn -0.9604 -0.2787 -0.0000
vn 0.9466 0.3224 -0.0000
vn 0.1433 -0.9897 -0.0000
vn 0.8864 -0.4628 -0.0000
vn 0.9927 -0.1206 -0.0000
vn -0.9604 0.2787 -0.0000
vn -0.9394 0.3428 -0.0000
vn 0.9990 -0.0451 -0.0000
vn 0.3840 0.9233 -0.0000
vn -0.9073 0.4205 -0.0000
vn 0.2313 -0.9729 -0.0000
vn 0.2299 0.9732 -0.0000
vn 0.9527 -0.3039 -0.0000
vn -0.0650 0.9979 -0.0000
vn -0.7071 -0.7071 -0.0000
vn 0.9085 -0.4179 -0.0000
vn 0.7239 0.6899 -0.0000
vn 0.2443 -0.9697 -0.0000
vn -0.7867 0.6174 -0.0000
vn 0.4548 0.8906 -0.0000
vn -0.4694 0.8830 -0.0000
vn 0.3207 0.9472 -0.0000
vn 0.2095 0.9778 -0.0000
vn 0.4502 -0.8929 -0.0000
vn -0.8120 -0.5836 -0.0000
vn -0.0488 0.9988 -0.0000
vn -0.1636 -0.9865 -0.0000
vn 0.6383 -0.7698 -0.0000
vn -0.9324 0.3613 -0.0000
vn 0.7294 0.6841 -0.0000
vn 0.3149 -0.9491 -0.0000
vn 0.9066 0.4220 -0.0000
vn -0.9788 -0.2046 -0.0000
vn 0.0808 -0.9967 -0.0000
vn 0.9976 -0.0687 -0.0000
vn -0.8327 0.5537 -0.0000
vn 0.9051 0.4252 -0.0000
vn 0.9113 -0.4118 -0.0000
vn 0.2272 -0.9738 -0.0000
vn 0.9881 0.1536 -0.0000
vn -0.9997 -0.0232 -0.0000
vn 0.5172 -0.8558 -0.0000
vn 0.9998 -0.0213 -0.0000
vn -0.3299 0.9440 -0.0000
vn 0.9993 0.0370 -0.0000
vn 0.9999 0.0170 -0.0000
vn -0.9985 -0.0540 -0.0000
vn 0.8691 -0.4947 -0.0000
vn 0.6037 0.7972 -0.0000
vn -0.9561 0.2930 -0.0000
vn 0.7124 0.7018 -0.0000
vn -0.9318 -0.3630 -0.0000
vn 0.9652 0.2615 -0.0000
vn -0.7611 0.6487 -0.0000
vn 0.3942 -0.9190 -0.0000
vn 0.4763 -0.8793 -0.0000
vn -0.8909 -0.4541 -0.0000
vn -0.7966 -0.6045 -0.0000
vn 0.6034 -0.7974 -0.0000
vn 0.3162 -0.9487 -0.0000
vn -0.5699 0.8217 -0.0000
vn 0.4773 -0.8787 -0.0000
vn 0.0478 -0.9989 -0.0000
vn 0.9318 0.3630 -0.0000
vn -0.4249 0.9052 -0.0000
vn -0.2086 0.9780 -0.0000
vn 0.5692 0.8222 -0.0000
vn -0.0852 0.9964 -0.0000
vn 0.7846 0.6200 -0.0000
vn 0.6108 0.7917 -0.0000
vn -0.6379 0.7701 -0.0000
vn -0.2994 -0.9541 -0.0000
vn -0.3944 0.9189 -0.0000
vn -0.0860 0.9963 -0.0000
vn 0.0830 0.9965 -0.0000
vn -0.2921 0.9564 -0.0000
vn 0.9785 -0.2064 -0.0000
vn -0.9866 0.1635 -0.0000
vn -0.8757 -0.4829 -0.0000
vn 0.3293 -0.9442 -0.0000
vn 0.4388 -0.8986 -0.0000
vn -0.5338 0.8456 -0.0000
vn 0.7781 0.6282 -0.0000
vn -0.7655 -0.6434 -0.0000
vn -0.6670 -0.7450 -0.0000
vn 0.7704 0.6376 -0.0000
vn -0.3092 0.9510 -0.0000
vn -0.3664 0.9304 -0.0000
vn 0.3851 -0.9229 -0.0000
vn 0.5741 0.8188 -0.0000
vn -0.3457 -0.9383 -0.0000
vn -0.9869 -0.1612 -0.0000
vn -0.9853 -0.1711 -0.0000
vn -0.9798 -0.2001 -0.0000
vn 0.4513 -0.8923 -0.0000
vn 0.2605 0.9655 -0.0000
vn 0.7697 0.6383 -0.0000
vn -0.7891 0.6143 -0.0000
vn 0.3137 -0.9495 -0.0000
vn 0.7023 -0.7118 -0.0000
vn 0.4448 -0.8956 -0.0000
vn 0.9931 0.1172 -0.0000
vn -0.9085 0.4179 -0.0000
vn -0.1691 -0.9856 -0.0000
vn -0.9222 0.3867 -0.0000
vn 0.6477 -0.7619 -0.0000
vn -0.9673 -0.2537 -0.0000
vn -0.7086 0.7057 -0.0000
vn 0.5470 -0.8372 -0.0000
vn 0.3195 -0.9476 -0.0000
vn -0.5666 -0.8240 -0.0000
vn 0.7111 -0.7031 -0.0000
vn -0.2017 0.9795 -0.0000
vn 0.7491 0.6625 -0.0000
vn -0.5230 -0.8523 -0.0000
vn 0.0335 0.9994 -0.0000
vn -0.3946 0.9189 -0.0000
vn 0.4539 0.8910 -0.0000
vn 0.9970 -0.0768 -0.0000
vn -0.0255 -0.9997 -0.0000
vn -0.9997 -0.0247 -0.0000
vn 0.4496 -0.8932 -0.0000
vn -0.2578 0.9662 -0.0000
vn 0.1347 0.9909 -0.0000
vn -0.6516 0.7585 -0.0000
vn -0.1579 -0.9875 -0.0000
vn -0.9812 -0.1928 -0.0000
vn 0.3325 0.9431 -0.0000
vn -0.2631 0.9648 -0.0000
vn -0.4237 -0.9058 -0.0000
vn 0.2872 0.9579 -0.0000
vn 0.9958 0.0912 -0.0000
vn -0.7172 -0.6968 -0.0000
vn -0.0659 -0.9978 -0.0000
vn -0.8563 0.5165 -0.0000
vn 0.9945 -0.1047 -0.0000
vn -0.9978 0.0665 -0.0000
vn -0.8492 -0.5281 -0.0000
vn -0.8597 -0.5108 -0.0000
vn -0.9973 -0.0731 -0.0000
vn 0.5481 -0.8364 -0.0000
vn -0.7795 0.6264 -0.0000
vn -0.6743 0.7385 -0.0000
vn -0.8862 -0.4632 -0.0000
vn 0.7938 0.6082 -0.0000
vn 0.7862 0.6180 -0.0000
vn -0.6933 0.7206 -0.0000
vn 0.9953 -0.0970 -0.0000
vn -0.9885 0.1509 -0.0000
vn -0.5387 -0.8425 -0.0000
vn 0.8137 0.5813 -0.0000
vn -0.3275 0.9449 -0.0000
vn -0.5603 0.8283 -0.0000
vn 0.9707 -0.2403 -0.0000
vn 0.3759 0.9266 -0.0000
vn 0.9050 -0.4255 -0.0000
vn 0.9176 0.3975 -0.0000
vn -0.5602 0.8284 -0.0000
vn 0.1690 0.9856 -0.0000
vn -0.9918 -0.1277 -0.0000
vn 0.9293 -0.3693 -0.0000
vn 0.2351 0.9720 -0.0000
vn 0.8781 0.4785 -0.0000
vn -0.1387 0.9903 -0.0000
vn -0.0900 -0.9959 -0.0000
vn -0.6929 0.7210 -0.0000
vn -0.9790 0.2040 -0.0000
vn -0.4547 -0.8907 -0.0000
vn 0.2670 0.9637 -0.0000
vn -0.1239 0.9923 -0.0000
vn 0.9953 -0.0971 -0.0000
vn -0.9826 0.1859 -0.0000
vn -0.7495 -0.6620 -0.0000
vn 0.9861 0.1661 -0.0000
vn 0.7286 -0.6849 -0.0000
vn -0.9847 -0.1741 -0.0000
vn -0.9968 -0.0800 -0.0000
vn 0.4315 0.9021 -0.0000
vn 0.9807 -0.1957 -0.0000
vn 0.7534 0.6576 -0.0000
vn -0.6049 0.7963 -0.0000
vn -0.9715 -0.2369 -0.0000
vn -0.9846 0.1746 -0.0000
vn 0.9995 0.0314 -0.0000
vn -0.3511 0.9363 -0.0000
vn -0.4305 -0.9026 -0.0000
vn -0.9592 -0.2827 -0.0000
vn -0.7684 -0.6400 -0.0000
vn 0.9224 0.3863 -0.0000
vn -0.5716 -0.8205 -0.0000
vn -0.8852 -0.4653 -0.0000
vn 0.9338 0.3578 -0.0000
vn 0.6478 0.7618 -0.0000
vn -0.7714 0.6363 -0.0000
vn 0.9917 0.1289 -0.0000
vn -0.6051 0.7961 -0.0000
vn -0.6104 -0.7921 -0.0000
vn 0.9684 0.2495 -0.0000
vn 0.8425 -0.5388 -0.0000
vn -0.7689 -0.6394 -0.0000
vn -0.9992 -0.0402 -0.0000
vn 0.7139 0.7002 -0.0000
vn -0.7962 -0.6050 -0.0000
vn -0.6218 0.7832 -0.0000
vn -0.8926 -0.4508 -0.0000
vn 0.9416 -0.3368 -0.0000
vn -0.0942 0.9956 -0.0000
vn -0.9674 0.2531 -0.0000
vn 0.9977 0.0680 -0.0000
vn 0.4918 0.8707 -0.0000
vn -0.1353 0.9908 -0.0000
vn 0.8093 0.5874 -0.0000
vn -0.3074 -0.9516 -0.0000
vn 0.9978 -0.0668 -0.0000
vn 0.6572 0.7537 -0.0000
vn -0.9980 -0.0633 -0.0000
vn 0.2711 -0.9626 -0.0000
vn 0.9977 0.0681 -0.0000
vn -0.3416 -0.9398 -0.0000
vn 0.7021 -0.7121 -0.0000
vn -0.9979 0.0640 -0.0000
vn -0.4697 0.8828 -0.0000
vn -0.3653 0.9309 -0.0000
vn -0.9768 0.2143 -0.0000
vn 0.2113 0.9774 -0.0000
vn 0.9963 0.0865 -0.0000
vn 0.8250 -0.5652 -0.0000
vn 0.1733 -0.9849 -0.0000
vn 0.0080 -1.0000 -0.0000
vn 0.5880 -0.8089 -0.0000
vn -0.9601 -0.2797 -0.0000
vn -0.6901 0.7237 -0.0000
vn 0.4826 0.8758 -0.0000
vn 0.3355 -0.9420 -0.0000
vn -0.6971 0.7170 -0.0000
vn 0.0748 -0.9972 -0.0000
vn -0.1589 0.9873 -0.0000
vn -0.9443 0.3292 -0.0000
vn 0.6276 -0.7786 -0.0000
vn 0.1914 0.9815 -0.0000
vn 0.1380 -0.9904 -0.0000
vn -0.2699 0.9629 -0.0000
vn -0.4954 0.8687 -0.0000
vn -0.7829 -0.6222 -0.0000
vn 0.9886 -0.1507 -0.0000
vn -0.4762 0.8793 -0.0000
vn -0.9748 0.2230 -0.0000
vn 0.7486 0.6630 -0.0000
vn 0.6561 -0.7547 -0.0000
vn 0.3426 -0.9395 -0.0000
vn -0.7725 -0.6351 -0.0000
vn -0.5989 0.8008 -0.0000
vn -0.9128 -0.4084 -0.0000
vn 0.4256 -0.9049 -0.0000
vn -0.4036 -0.9149 -0.0000
vn -0.7969 0.6041 -0.0000
vn -0.9895 -0.1447 -0.0000
vn -0.5985 -0.8011 -0.0000
vn 0.9991 -0.0432 -0.0000
vn 0.9882 0.1531 -0.0000
vn 0.5265 0.8502 -0.0000
vn -0.9972 0.0748 -0.0000
vn -0.9466 0.3224 -0.0000
vn -0.4883 -0.8727 -0.0000
vn 0.5403 -0.8415 -0.0000
vn -0.7239 0.6899 -0.0000
vn -0.9958 -0.0918 -0.0000
vn -0.9914 -0.1308 -0.0000
vn 0.6622 -0.7493 -0.0000
vn -0.9996 -0.0298 -0.0000
vn -0.6040 -0.7970 -0.0000
vn -0.0161 -0.9999 -0.0000
vn -0.2382 -0.9712 -0.0000
vn -0.9895 -0.1443 -0.0000
vn 0.6976 0.7165 -0.0000
vn -0.3471 -0.9378 -0.0000
vn -0.4556 0.8902 -0.0000
vn -0.5943 -0.8042 -0.0000
vn 0.9996 0.0298 -0.0000
vn -0.9052 -0.4249 -0.0000
vn 0.9875 0.1576 -0.0000
vn 0.7530 0.6580 -0.0000
vn -0.9077 -0.4197 -0.0000
vn 0.0440 0.9990 -0.0000
vn -0.0747 0.9972 -0.0000
vn -0.9366 0.3504 -0.0000
vn -0.2049 -0.9788 -0.0000
vn -0.2041 0.9790 -0.0000
vn -0.7183 0.6957 -0.0000
vn 0.7783 0.6279 -0.0000
vn 0.1813 0.9834 -0.0000
vn -0.4310 0.9024 -0.0000
vn -0.1509 0.9885 -0.0000
vn 0.3813 0.9244 -0.0000
vn 0.5985 0.8011 -0.0000
vn 0.3829 -0.9238 -0.0000
vn -0.6613 -0.7501 -0.0000
vn 0.2511 -0.9680 -0.0000
vn -0.7493 -0.6622 -0.0000
vn -0.4533 0.8913 -0.0000
vn -0.3126 0.9499 -0.0000
vn -0.8027 -0.5963 -0.0000
vn -0.3975 0.9176 -0.0000
vn -0.8152 -0.5791 -0.0000
vn -0.7692 -0.6390 -0.0000
vn -0.6222 0.7828 -0.0000
vn 0.0568 0.9984 -0.0000
vn -0.9991 0.0429 -0.0000
vn -0.4522 0.8919 -0.0000
vn -0.1782 -0.9840 -0.0000
vn -0.2712 0.9625 -0.0000
vn -0.6915 0.7224 -0.0000
vn 0.6797 0.7335 -0.0000
vn -0.2934 0.9560 -0.0000
vn -0.0479 0.9989 -0.0000
vn 0.7774 0.6289 -0.0000
vn 0.9849 -0.1729 -0.0000
vn -0.7144 -0.6997 -0.0000
vn -0.6861 0.7275 -0.0000
vn -0.3956 0.9184 -0.0000
vn -0.6821 0.7312 -0.0000
vn 0.9111 -0.4123 -0.0000
vn -0.9765 -0.2156 -0.0000
vn 0.5769 0.8168 -0.0000
vn 0.7474 0.6644 -0.0000
vn -0.1644 -0.9864 -0.0000
vn -0.4597 0.8881 -0.0000
vn -0.9340 -0.3573 -0.0000
vn 0.9910 -0.1341 -0.0000
vn 0.3846 -0.9231 -0.0000
vn 0.9833 0.1818 -0.0000
vn -0.4033 0.9150 -0.0000
vn 0.7312 -0.6821 -0.0000
vn 0.9418 0.3362 -0.0000
vn 0.6793 -0.7338 -0.0000
vn -0.9685 0.2490 -0.0000
vn -0.8553 -0.5181 -0.0000
vn -0.9982 -0.0606 -0.0000
vn 0.4711 0.8821 -0.0000
vn 0.9839 -0.1787 -0.0000
vn 0.3866 -0.9223 -0.0000
vn 0.9990 0.0440 -0.0000
vn 0.9780 -0.2084 -0.0000
vn -0.9207 0.3903 -0.0000
vn 0.9675 -0.2528 -0.0000
vn -0.0835 0.9965 -0.0000
vn 0.9989 0.0478 -0.0000
vn -0.9396 0.3424 -0.0000
vn 0.3235 0.9462 -0.0000
vn -0.9997 -0.0254 -0.0000
vn -0.9692 -0.2462 -0.0000
vn 0.7948 -0.6069 -0.0000
vn 0.0621 -0.9981 -0.0000
vn -0.7953 0.6062 -0.0000
vn -0.5536 0.8328 -0.0000
vn 0.8412 -0.5408 -0.0000
vn -0.9997 0.0250 -0.0000
vn -0.9769 -0.2139 -0.0000
vn 0.5887 -0.8083 -0.0000
vn 0.8758 0.4827 -0.0000
vn 0.0612 0.9981 -0.0000
vn -0.8014 -0.5981 -0.0000
vn -0.2586 -0.9660 -0.0000
vn 0.9907 0.1364 -0.0000
vn -0.6700 0.7423 -0.0000
vn 0.6492 0.7606 -0.0000
vn -0.9707 0.2403 -0.0000
vn 0.1654 -0.9862 -0.0000
vn -0.8379 -0.5458 -0.0000
vn 0.5289 0.8487 -0.0000
vn -0.5058 -0.8627 -0.0000
vn 0.1510 -0.9885 -0.0000
vn -0.9177 -0.3973 -0.0000
vn 0.4107 0.9118 -0.0000
vn 0.4240 -0.9056 -0.0000
vn 0.8997 0.4365 -0.0000
vn 0.6260 -0.7798 -0.0000
vn -0.1986 0.9801 -0.0000
vn 0.6971 -0.7169 -0.0000
vn 0.8453 0.5342 -0.0000
vn 0.2340 -0.9722 -0.0000
vn -0.4043 -0.9146 -0.0000
vn -0.9925 -0.1226 -0.0000
vn -0.7561 0.6545 -0.0000
vn 0.6432 0.7657 -0.0000
vn -0.0164 -0.9999 -0.0000
vn 0.6901 -0.7237 -0.0000
vn -0.5406 -0.8413 -0.0000
vn -0.9938 -0.1114 -0.0000
vn -0.6898 0.7240 -0.0000
vn -0.3441 -0.9389 -0.0000
vn 0.9714 0.2374 -0.0000
vn 0.9924 0.1232 -0.0000
vn -0.5987 -0.8010 -0.0000
vn 0.9998 -0.0220 -0.0000
vn -0.9816 0.1907 -0.0000
vn -0.6953 0.7187 -0.0000
vn -0.8776 -0.4794 -0.0000
vn -0.9884 -0.1521 -0.0000
vn -0.3615 0.9324 -0.0000
vn 0.9990 0.0438 -0.0000
vn 0.3923 -0.9198 -0.0000
vn -0.7109 0.7033 -0.0000
vn -0.9993 0.0370 -0.0000
vn 0.2721 0.9623 -0.0000
vn 0.1509 -0.9885 -0.0000
vn 0.2425 0.9701 -0.0000
vn -0.2326 0.9726 -0.0000
vn -0.2165 0.9763 -0.0000
vn 0.4910 -0.8712 -0.0000
vn -0.5300 0.8480 -0.0000
vn 0.5521 -0.8338 -0.0000
vn 0.9570 -0.2902 -0.0000
vn 0.5732 -0.8194 -0.0000
vn 0.7127 -0.7015 -0.0000
vn -0.0888 -0.9961 -0.0000
vn -0.8890 0.4579 -0.0000
vn -0.1806 -0.9836 -0.0000
vn 0.7911 0.6117 -0.0000
vn 0.7922 0.6103 -0.0000
vn -0.8172 -0.5763 -0.0000
vn -0.7254 -0.6883 -0.0000
vn -0.4932 -0.8699 -0.0000
vn -0.9052 -0.4251 -0.0000
vn 0.9690 -0.2472 -0.0000
vn 0.9561 0.2930 -0.0000
vn 0.6256 0.7801 -0.0000
vn 0.8057 -0.5923 -0.0000
vn -0.9972 0.0753 -0.0000
vn -0.3216 -0.9469 -0.0000
vn -0.6440 -0.7650 -0.0000
vn -0.7414 0.6711 -0.0000
vn 0.5917 -0.8061 -0.0000
vn 0.7885 0.6150 -0.0000
vn -0.7124 0.7018 -0.0000
vn -0.9915 0.1300 -0.0000
vn 0.2403 -0.9707 -0.0000
vn -0.7856 -0.6188 -0.0000
vn 0.9994 -0.0358 -0.0000
vn 0.9990 0.0442 -0.0000
vn 0.9966 0.0820 -0.0000
vn 0.1441 -0.9896 -0.0000
vn -0.8575 -0.5145 -0.0000
vn -0.9943 -0.1067 -0.0000
vn -0.9840 -0.1783 -0.0000
vn 0.9932 -0.1167 -0.0000
vn -0.3645 0.9312 -0.0000
vn -0.9938 0.1112 -0.0000
vn -0.9260 -0.3775 -0.0000
vn -0.9293 -0.3692 -0.0000
vn 0.8789 -0.4770 -0.0000
vn 0.8840 0.4676 -0.0000
vn -0.8527 0.5224 -0.0000
vn -0.7465 -0.6654 -0.0000
vn 0.9638 0.2665 -0.0000
vn -0.9998 0.0196 -0.0000
vn 0.7593 -0.6508 -0.0000
vn -0.9080 0.4190 -0.0000
vn 0.5892 0.8080 -0.0000
vn 0.7550 0.6557 -0.0000
vn 0.7610 0.6487 -0.0000
vn -0.7247 -0.6891 -0.0000
vn 0.5076 0.8616 -0.0000
vn 0.2823 -0.9593 -0.0000
vn -0.0204 0.9998 -0.0000
vn -0.5756 -0.8177 -0.0000
vn 0.6222 -0.7829 -0.0000
vn -0.1404 0.9901 -0.0000
vn 0.3005 -0.9538 -0.0000
vn 0.7198 0.6942 -0.0000
vn 0.5220 0.8529 -0.0000
vn 0.9989 0.0466 -0.0000
vn -0.9087 -0.4175 -0.0000
vn 0.5057 -0.8627 -0.0000
vn -0.8093 0.5874 -0.0000
vn -0.4403 0.8979 -0.0000
vn 0.6390 0.7692 -0.0000
vn 0.5632 0.8263 -0.0000
vn -0.2810 -0.9597 -0.0000
vn -0.5280 -0.8492 -0.0000
vn 0.2875 0.9578 -0.0000
vn -0.6518 0.7584 -0.0000
vn -0.8188 -0.5740 -0.0000
vn 0.8839 0.4677 -0.0000
vn -0.6701 0.7423 -0.0000
vn 0.5430 -0.8397 -0.0000
vn 0.8511 0.5250 -0.0000
vn -0.6711 -0.7413 -0.0000
vn 0.6343 -0.7731 -0.0000
vn -0.0244 -0.9997 -0.0000
vn 0.9598 0.2808 -0.0000
vn 0.4088 0.9126 -0.0000
vn -0.2973 0.9548 -0.0000
vn -0.2858 -0.9583 -0.0000
vn -0.9861 -0.1663 -0.0000
vn -0.2066 0.9784 -0.0000
vn 0.5082 -0.8613 -0.0000
vn -0.7265 -0.6871 -0.0000
vn -0.3924 -0.9198 -0.0000
vn -0.9413 -0.3375 -0.0000
vn 0.9980 0.0627 -0.0000
vn -0.0217 -0.9998 -0.0000
vn 0.7515 0.6597 -0.0000
vn -0.9997 0.0226 -0.0000
vn 0.0425 0.9991 -0.0000
vn 0.8013 0.5983 -0.0000
vn -0.1060 0.9944 -0.0000
vn -0.9898 0.1423 -0.0000
vn -0.4326 0.9016 -0.0000
vn 0.9463 -0.3232 -0.0000
vn -0.9614 -0.2751 -0.0000
vn 0.0882 0.9961 -0.0000
vn 0.0916 0.9958 -0.0000
vn 0.9692 -0.2462 -0.0000
vn -0.4622 -0.8868 -0.0000
vn 0.7636 0.6456 -0.0000
vn 0.9578 0.2873 -0.0000
vn 0.1243 -0.9922 -0.0000
vn -0.0877 -0.9961 -0.0000
vn 0.7165 0.6976 -0.0000
vn 0.9963 -0.0865 -0.0000
vn -0.6534 0.7570 -0.0000
vn -0.9977 -0.0677 -0.0000
vn -0.3598 0.9330 -0.0000
vn 0.8152 -0.5792 -0.0000
vn 0.9975 0.0712 -0.0000
vn 0.5454 0.8382 -0.0000
vn 0.6672 -0.7449 -0.0000
vn -0.9332 -0.3594 -0.0000
vn 0.4048 0.9144 -0.0000
vn 0.9920 0.1259 -0.0000
vn -0.3808 0.9247 -0.0000
vn 0.9194 -0.3934 -0.0000
vn 0.8489 -0.5286 -0.0000
vn 0.0968 0.9953 -0.0000
vn 0.7467 0.6652 -0.0000
vn -0.9833 0.1819 -0.0000
vn -0.8938 -0.4484 -0.0000
vn 0.0868 -0.9962 -0.0000
vn -0.8904 0.4552 -0.0000
vn -0.1692 -0.9856 -0.0000
vn 0.4518 -0.8921 -0.0000
vn -0.2188 -0.9758 -0.0000
vn 0.1044 0.9945 -0.0000
vn -0.4868 0.8735 -0.0000
vn -0.9681 -0.2505 -0.0000
vn 0.1396 0.9902 -0.0000
vn 0.9820 -0.1888 -0.0000
vn 0.2233 -0.9747 -0.0000
vn 0.2638 -0.9646 -0.0000
vn -0.9847 -0.1740 -0.0000
vn 0.9507 0.3101 -0.0000
vn -0.6904 -0.7234 -0.0000
vn -0.9869 -0.1614 -0.0000
vn 0.0840 -0.9965 -0.0000
vn 0.6808 0.7325 -0.0000
vn 0.5049 -0.8632 -0.0000
vn 0.9847 0.1740 -0.0000
vn -0.9997 0.0233 -0.0000
vn 0.2260 -0.9741 -0.0000
vn 0.3068 -0.9518 -0.0000
vn 1.0000 -0.0084 -0.0000
vn 0.8302 -0.5574 -0.0000
vn -0.9463 -0.3232 -0.0000
vn 0.9999 -0.0127 -0.0000
vn 0.6940 -0.7200 -0.0000
vn -0.2031 -0.9792 -0.0000
vn -0.5581 -0.8298 -0.0000
vn 0.9917 -0.1287 -0.0000
vn -0.8902 0.4555 -0.0000
vn -0.8028 -0.5963 -0.0000
vn -0.9808 -0.1949 -0.0000
vn 0.7272 -0.6864 -0.0000
vn -0.2153 0.9765 -0.0000
vn 0.8894 0.4571 -0.0000
vn 0.9795 -0.2016 -0.0000
vn 0.3363 0.9417 -0.0000
vn -0.1110 0.9938 -0.0000
vn -0.8005 0.5994 -0.0000
vn 0.9463 0.3233 -0.0000
vn 0.2675 -0.9636 -0.0000
vn -0.6919 -0.7220 -0.0000
vn -0.9993 -0.0382 -0.0000
vn 0.5102 -0.8601 -0.0000
vn 0.4136 -0.9105 -0.0000
vn -0.5205 0.8539 -0.0000
vn -0.9980 0.0639 -0.0000
vn -0.7833 0.6217 -0.0000
vn -0.9574 0.2889 -0.0000
vn 0.6217 -0.7833 -0.0000
vn 0.2328 -0.9725 -0.0000
vn 0.0965 -0.9953 -0.0000
vn 0.9980 -0.0630 -0.0000
vn 0.4149 -0.9099 -0.0000
vn 0.9944 -0.1056 -0.0000
vn 0.8026 -0.5965 -0.0000
vn -0.7678 -0.6407 -0.0000
vn 0.3504 -0.9366 -0.0000
vn 0.9981 0.0613 -0.0000
vn -0.9889 0.1487 -0.0000
vn 1.0000 0.0053 -0.0000
vn 0.7039 -0.7103 -0.0000
vn -0.9429 -0.3332 -0.0000
vn 0.4697 -0.8828 -0.0000
vn 0.9074 -0.4202 -0.0000
vn 0.6910 -0.7229 -0.0000
vn -0.8908 0.4544 -0.0000
vn 0.9902 -0.1398 -0.0000
vn -0.9953 -0.0963 -0.0000
vn 0.9997 -0.0226 -0.0000
vn -0.9567 0.2912 -0.0000
vn -0.4367 -0.8996 -0.0000
vn -0.9923 -0.1239 -0.0000
vn -0.6309 -0.7759 -0.0000
vn -0.6512 -0.7589 -0.0000
vn -0.9283 -0.3718 -0.0000
vn 0.9861 0.1663 -0.0000
vn 0.0302 -0.9995 -0.0000
vn -0.9555 -0.2948 -0.0000
vn 0.9799 0.1996 -0.0000
vn -0.5145 0.8575 -0.0000
vn 0.5259 0.8506 -0.0000
vn -0.7413 0.6712 -0.0000
vn 0.5351 -0.8448 -0.0000
vn -0.8022 -0.5970 -0.0000
vn -0.0955 -0.9954 -0.0000
vn -0.7110 -0.7032 -0.0000
vn -0.4784 0.8781 -0.0000
vn 0.8188 0.5740 -0.0000
vn 0.6306 0.7761 -0.0000
vn 0.6377 0.7703 -0.0000
vn 0.4679 -0.8838 -0.0000
vn 0.5138 0.8579 -0.0000
vn -0.5142 0.8577 -0.0000
vn -0.6055 -0.7959 -0.0000
vn -0.3138 0.9495 -0.0000
vn 0.5401 -0.8416 -0.0000
vn -0.0278 0.9996 -0.0000
vn -0.5719 -0.8204 -0.0000
vn -0.9407 0.3393 -0.0000
vn -0.2522 -0.9677 -0.0000
vn 0.5061 0.8625 -0.0000
vn -0.1448 0.9895 -0.0000
vn 0.9320 -0.3626 -0.0000
vn 0.9987 -0.0519 -0.0000
vn -0.9999 0.0138 -0.0000
vn 0.5458 0.8379 -0.0000
vn 0.1470 -0.9891 -0.0000
vn 0.4782 0.8782 -0.0000
vn -0.5143 -0.8576 -0.0000
vn -0.4522 -0.8919 -0.0000
vn -0.5797 0.8148 -0.0000
vn -0.7429 -0.6694 -0.0000
vn 1.0000 -0.0021 -0.0000
vn 0.6850 0.7285 -0.0000
vn -0.9981 -0.0622 -0.0000
vn -0.9746 -0.2239 -0.0000
vn 0.7868 0.6172 -0.0000
vn -0.6516 -0.7586 -0.0000
vn 0.7071 0.7071 -0.0000
vn -0.3782 0.9257 -0.0000
vn 0.8924 0.4512 -0.0000
vn 0.9324 0.3613 -0.0000
vn -0.9656 -0.2599 -0.0000
vn -0.8924 -0.4512 -0.0000
vn -0.7353 0.6777 -0.0000
vn 0.9707 0.2401 -0.0000
vn -0.9487 0.3162 -0.0000
vn 0.5426 0.8400 -0.0000
vn 0.9999 -0.0144 -0.0000
vn 0.6998 0.7143 -0.0000
vn -0.9999 0.0115 -0.0000
vn -0.6850 -0.7285 -0.0000
vn -0.9974 0.0720 -0.0000
vn 0.7731 0.6343 -0.0000
vn 0.5093 0.8606 -0.0000
vn -0.3531 0.9356 -0.0000
vn -0.5491 -0.8357 -0.0000
vn -0.4790 -0.8778 -0.0000
vn 0.9357 -0.3528 -0.0000
vn -0.9955 -0.0950 -0.0000
vn 0.9274 0.3740 -0.0000
vn 0.9928 -0.1196 -0.0000
vn 0.6445 -0.7646 -0.0000
vn -0.7775 0.6288 -0.0000
vn 0.8860 0.4637 -0.0000
vn -0.9991 -0.0422 -0.0000
vn 0.5010 0.8654 -0.0000
vn 0.2836 -0.9589 -0.0000
vn 0.6362 0.7715 -0.0000
vn 0.6952 -0.7188 -0.0000
vn 0.3908 0.9205 -0.0000
vn 0.9892 -0.1469 -0.0000
vn 0.5987 -0.8009 -0.0000
vn 0.5219 -0.8530 -0.0000
vn 0.9977 0.0674 -0.0000
vn -0.4101 0.9120 -0.0000
vn 0.2713 0.9625 -0.0000
vn -0.9758 -0.2189 -0.0000
vn -0.5486 -0.8361 -0.0000
vn 0.2894 -0.9572 -0.0000
vn 0.3101 0.9507 -0.0000
vn 0.8809 -0.4734 -0.0000
vn -0.8233 0.5676 -0.0000
vn -0.2953 0.9554 -0.0000
vn -0.2624 0.9650 -0.0000
vn 0.0552 0.9985 -0.0000
vn -0.8317 -0.5552 -0.0000
vn 0.8022 0.5970 -0.0000
vn 0.1561 0.9877 -0.0000
vn -0.8840 -0.4676 -0.0000
vn 0.0810 -0.9967 -0.0000
vn 0.3507 0.9365 -0.0000
vn 0.8229 0.5682 -0.0000
vn -0.0823 -0.9966 -0.0000
vn 0.2550 0.9669 -0.0000
vn -0.8582 -0.5133 -0.0000
vn -0.6830 0.7304 -0.0000
vn 0.9490 0.3153 -0.0000
vn 0.3678 -0.9299 -0.0000
vn -0.3356 0.9420 -0.0000
vn -0.9966 -0.0820 -0.0000
vn -0.7101 0.7041 -0.0000
vn 0.6643 0.7475 -0.0000
vn 0.4528 -0.8916 -0.0000
vn 0.3244 0.9459 -0.0000
vn 0.9911 0.1332 -0.0000
vn -0.5291 -0.8485 -0.0000
vn 0.8864 0.4629 -0.0000
vn -0.2630 0.9648 -0.0000
vn -0.9994 0.0358 -0.0000
vn -0.8113 -0.5846 -0.0000
vn -0.9846 -0.1749 -0.0000
vn -0.4703 -0.8825 -0.0000
vn 0.9702 -0.2423 -0.0000
vn 0.7807 0.6250 -0.0000
vn -0.0516 -0.9987 -0.0000
vn 0.9879 -0.1553 -0.0000
vn -0.9854 0.1702 -0.0000
vn 1.0000 -0.0028 -0.0000
vn 0.9771 0.2130 -0.0000
vn 0.8825 -0.4703 -0.0000
vn -1.0000 -0.0075 -0.0000
vn -0.6940 0.7200 -0.0000
vn -0.9522 0.3054 -0.0000
vn -0.9083 -0.4183 -0.0000
vn 0.8125 0.5829 -0.0000
vn 0.9999 0.0113 -0.0000
vn -0.8336 0.5524 -0.0000
vn -0.9999 0.0113 -0.0000
vn 0.9205 0.3907 -0.0000
vn 0.3527 0.9357 -0.0000
vn 0.7891 -0.6143 -0.0000
vn -0.9809 -0.1943 -0.0000
vn 1.0000 0.0083 -0.0000
vn -0.1679 0.9858 -0.0000
vn -0.5237 0.8519 -0.0000
vn 0.9916 -0.1296 -0.0000
vn -0.5665 0.8240 -0.0000
vn 0.4914 0.8709 -0.0000
vn 0.9761 0.2175 -0.0000
vn 0.9055 -0.4244 -0.0000
vn -0.3518 0.9361 -0.0000
vn 0.8970 0.4420 -0.0000
vn -0.9954 -0.0958 -0.0000
vn -0.9180 0.3967 -0.0000
vn 0.1363 0.9907 -0.0000
vn -0.5039 0.8638 -0.0000
vn 0.8462 0.5328 -0.0000
vn -0.0346 0.9994 -0.0000
vn -0.9878 0.1558 -0.0000
vn 0.2194 -0.9756 -0.0000
vn -0.0957 0.9954 -0.0000
vn 0.4570 -0.8895 -0.0000
vn -0.6610 -0.7503 -0.0000
vn -0.0343 -0.9994 -0.0000
vn 0.3821 -0.9241 -0.0000
vn 0.6618 0.7497 -0.0000
vn -0.9742 -0.2255 -0.0000
vn -0.7452 -0.6669 -0.0000
vn 0.5551 0.8318 -0.0000
vn -0.6222 0.7829 -0.0000
vn -0.6091 -0.7931 -0.0000
vn 0.9847 0.1742 -0.0000
vn 0.0716 -0.9974 -0.0000
vn -0.9682 0.2503 -0.0000
vn -0.2597 0.9657 -0.0000
vn 0.7503 -0.6611 -0.0000
vn -0.7956 -0.6058 -0.0000
vn 0.6809 0.7323 -0.0000
vn 0.9806 0.1961 -0.0000
vn -0.7226 0.6913 -0.0000
vn -0.8961 -0.4438 -0.0000
vn -0.9468 -0.3217 -0.0000
vn 0.8637 -0.5041 -0.0000
vn -0.7569 -0.6535 -0.0000
vn 0.9589 -0.2837 -0.0000
vn 0.8387 0.5446 -0.0000
vn 0.9611 -0.2763 -0.0000
vn 0.9029 0.4299 -0.0000
vn -0.9939 0.1101 -0.0000
vn -0.6800 0.7332 -0.0000
vn -0.9714 -0.2375 -0.0000
vn 0.6827 0.7307 -0.0000
vn 0.1070 0.9943 -0.0000
vn 0.7869 -0.6170 -0.0000
vn 0.8928 -0.4504 -0.0000
vn -0.9350 0.3546 -0.0000
vn 0.3614 -0.9324 -0.0000
vn 0.3478 -0.9376 -0.0000
vn -0.9819 0.1895 -0.0000
vn 0.2737 0.9618 -0.0000
vn -0.2346 -0.9721 -0.0000
vn -0.9964 -0.0843 -0.0000
vn 0.9999 -0.0125 -0.0000
vn 0.2002 -0.9798 -0.0000
vn 0.9998 0.0222 -0.0000
vn 0.0246 -0.9997 -0.0000
vn 0.9961 0.0887 -0.0000
vn 0.9979 0.0645 -0.0000
vn -0.9994 -0.0332 -0.0000
vn -0.2936 -0.9559 -0.0000
vn -0.9646 -0.2636 -0.0000
vn -0.9963 0.0864 -0.0000
vn -0.8719 0.4898 -0.0000
vn -0.9469 -0.3217 -0.0000
vn -0.9845 -0.1755 -0.0000
vn 0.9517 0.3069 -0.0000
vn 0.9434 -0.3317 -0.0000
vn 0.7928 0.6095 -0.0000
vn -0.9271 0.3748 -0.0000
vn -0.8960 -0.4441 -0.0000
vn -0.6949 0.7191 -0.0000
vn -0.7540 -0.6568 -0.0000
vn -0.4810 -0.8767 -0.0000
vn 0.8140 0.5809 -0.0000
vn -0.3322 0.9432 -0.0000
vn 0.6843 -0.7292 -0.0000
vn 0.4961 -0.8682 -0.0000
vn -0.6890 0.7247 -0.0000
vn -0.3139 0.9495 -0.0000
vn 0.3207 -0.9472 -0.0000
vn 0.6347 0.7727 -0.0000
vn -0.2935 0.9560 -0.0000
vn 0.2274 0.9738 -0.0000
vn -0.5233 -0.8522 -0.0000
vn 0.7818 0.6235 -0.0000
vn -0.1115 -0.9938 -0.0000
vn -0.4908 0.8712 -0.0000
vn -0.7141 -0.7001 -0.0000
vn 0.1984 0.9801 -0.0000
vn 0.0155 -0.9999 -0.0000
vn -0.4120 0.9112 -0.0000
vn -0.3213 0.9470 -0.0000
vn -0.3402 -0.9404 -0.0000
vn -0.6181 -0.7861 -0.0000
vn -0.3020 0.9533 -0.0000
vn -0.2016 -0.9795 -0.0000
vn -0.9996 -0.0283 -0.0000
vn -0.7986 -0.6019 -0.0000
vn -0.8849 -0.4657 -0.0000
vn 0.7778 0.6285 -0.0000
vn -0.7986 -0.6018 -0.0000
vn -0.3806 0.9247 -0.0000
vn 0.6485 -0.7612 -0.0000
vn 0.7141 0.7001 -0.0000
vn -0.7385 0.6743 -0.0000
vn -0.3627 -0.9319 -0.0000
vn 0.9451 -0.3268 -0.0000
vn -0.6652 -0.7467 -0.0000
vn 0.7649 0.6441 -0.0000
vn -0.9661 0.2580 -0.0000
vn -0.9247 -0.3807 -0.0000
vn 0.7522 0.6589 -0.0000
vn -0.2167 -0.9762 -0.0000
vn -0.0922 0.9957 -0.0000
vn 0.7901 0.6130 -0.0000
vn -0.9660 -0.2585 -0.0000
vn 0.8736 0.4866 -0.0000
vn 0.3472 -0.9378 -0.0000
vn 0.1345 0.9909 -0.0000
vn -0.3491 0.9371 -0.0000
vn 0.3682 -0.9297 -0.0000
vn 0.7131 -0.7011 -0.0000
vn -0.1552 0.9879 -0.0000
vn 0.6778 -0.7353 -0.0000
vn -0.7698 -0.6383 -0.0000
vn 0.3518 -0.9361 -0.0000
vn 0.7754 0.6314 -0.0000
vn -0.4465 0.8948 -0.0000
vn -0.9919 0.1272 -0.0000
vn -0.1418 0.9899 -0.0000
vn 0.0835 -0.9965 -0.0000
vn 0.7757 0.6311 -0.0000
vn -0.3286 0.9445 -0.0000
vn 0.9998 0.0174 -0.0000
vn 0.6146 0.7888 -0.0000
vn -0.7215 -0.6924 -0.0000
vn 0.0195 -0.9998 -0.0000
vn -0.9950 -0.1004 -0.0000
vn 0.5677 0.8232 -0.0000
vn -0.6998 0.7144 -0.0000
vn 0.6998 -0.7144 -0.0000
vn 0.8343 0.5513 -0.0000
vn -0.1105 -0.9939 -0.0000
vn -0.3256 -0.9455 -0.0000
vn -0.4269 -0.9043 -0.0000
vn -0.7976 -0.6031 -0.0000
vn 0.5463 -0.8376 -0.0000
vn -0.7311 -0.6823 -0.0000
vn 0.7655 0.6435 -0.0000
vn -0.9102 -0.4143 -0.0000
vn 0.6197 -0.7849 -0.0000
vn 0.4543 -0.8908 -0.0000
vn 0.5665 0.8241 -0.0000
vn 0.3011 0.9536 -0.0000
vn 0.3664 0.9304 -0.0000
vn 0.4091 -0.9125 -0.0000
vn 0.0720 0.9974 -0.0000
vn 0.6922 -0.7218 -0.0000
vn -0.6922 0.7217 -0.0000
vn 0.5263 -0.8503 -0.0000
vn -0.5214 -0.8533 -0.0000
vn 0.1168 0.9931 -0.0000
vn 0.4902 0.8716 -0.0000
vn 0.6672 0.7449 -0.0000
vn 0.0969 -0.9953 -0.0000
vn 0.4544 -0.8908 -0.0000
vn 0.5335 -0.8458 -0.0000
vn 0.5570 -0.8305 -0.0000
vn -0.0508 -0.9987 -0.0000
vn -0.2108 -0.9775 -0.0000
vn 0.6939 0.7200 -0.0000
vn -0.4525 0.8917 -0.0000
vn -0.3808 -0.9247 -0.0000
vn 0.5891 -0.8080 -0.0000
vn -0.3429 -0.9394 -0.0000
vn -0.5796 -0.8149 -0.0000
vn 0.2101 -0.9777 -0.0000
vn 0.5011 -0.8654 -0.0000
vn 0.7310 0.6824 -0.0000
vn -0.7548 -0.6560 -0.0000
vn 0.4730 -0.8810 -0.0000
vn 0.6836 -0.7299 -0.0000
vn 0.5966 -0.8025 -0.0000
vn -0.2084 -0.9780 -0.0000
vn -0.0825 0.9966 -0.0000
vn 0.2084 0.9780 -0.0000
vn 0.7072 -0.7071 -0.0000
vn 0.8864 -0.4629 -0.0000
vn -0.9394 0.3427 -0.0000
vn 0.3839 0.9234 -0.0000
vn 0.2298 0.9732 -0.0000
vn -0.7867 0.6173 -0.0000
vn -0.0487 0.9988 -0.0000
vn 0.5172 -0.8559 -0.0000
vn -0.7610 0.6487 -0.0000
vn -0.0853 0.9964 -0.0000
vn 0.6108 0.7918 -0.0000
vn -0.7655 -0.6435 -0.0000
vn 0.4513 -0.8924 -0.0000
vn 0.7024 -0.7118 -0.0000
vn 0.7072 -0.7070 -0.0000
vn 0.9293 -0.3692 -0.0000
vn -0.1386 0.9903 -0.0000
vn -0.5717 -0.8205 -0.0000
vn -0.3417 -0.9398 -0.0000
vn -0.3472 -0.9378 -0.0000
vn -0.5944 -0.8042 -0.0000
vn -0.9052 -0.4250 -0.0000
vn 0.3828 -0.9238 -0.0000
vn 0.7774 0.6290 -0.0000
vn 0.3236 0.9462 -0.0000
vn 0.6972 -0.7169 -0.0000
vn 0.4911 -0.8711 -0.0000
vn 0.5519 -0.8339 -0.0000
vn -0.1807 -0.9835 -0.0000
vn 0.5891 0.8080 -0.0000
vn 0.4047 0.9144 -0.0000
vn -0.3807 0.9247 -0.0000
vn 0.6216 -0.7833 -0.0000
vn 0.7040 -0.7102 -0.0000
vn 0.6305 0.7762 -0.0000
vn 0.4678 -0.8838 -0.0000
vn 0.5400 -0.8416 -0.0000
vn -0.0277 0.9996 -0.0000
vn 0.5425 0.8401 -0.0000
vn 0.6998 0.7144 -0.0000
vn 0.6953 -0.7188 -0.0000
vn 0.5987 -0.8010 -0.0000
vn -0.0347 0.9994 -0.0000
vn 0.4962 -0.8682 -0.0000
vn -0.4908 0.8713 -0.0000
vn -0.2017 -0.9795 -0.0000
vn -0.6651 -0.7467 -0.0000
vn 0.7649 0.6442 -0.0000
vn 0.7570 0.6534 -0.0000
vn -0.7697 -0.6383 -0.0000
vt 0.876923 0.000000
vt 0.884615 0.000000
vt 0.000000 0.000000
vt 0.907692 0.000000
vt 0.007692 0.000000
vt 0.869231 0.000000
vt 0.861538 0.000000
vt 0.853846 0.000000
vt 0.846154 0.000000
vt 0.838462 0.000000
vt 0.830769 0.000000
vt 0.823077 0.000000
vt 0.815385 0.000000
vt 0.915385 0.000000
vt 0.923077 0.000000
vt 0.900000 0.000000
vt 0.930769 0.000000
vt 0.807692 0.000000
vt 0.938462 0.000000
vt 0.800000 0.000000
vt 0.792308 0.000000
vt 0.946154 0.000000
vt 0.784615 0.000000
vt 0.953846 0.000000
vt 0.776923 0.000000
vt 0.961538 0.000000
vt 0.769231 0.000000
vt 0.969231 0.000000
vt 0.761538 0.000000
vt 0.753846 0.000000
vt 0.976923 0.000000
vt 0.746154 0.000000
vt 0.984615 0.000000
vt 0.738462 0.000000
vt 0.992308 0.000000
vt 0.730769 0.000000
vt 0.723077 0.000000
vt 1.000000 0.000000
vt 0.715385 0.000000
vt 0.892308 0.000000
vt 0.707692 0.000000
vt 0.700000 0.000000
vt 0.015385 0.000000
vt 0.123077 0.000000
vt 0.023077 0.000000
vt 0.030769 0.000000
vt 0.038462 0.000000
vt 0.046154 0.000000
vt 0.115385 0.000000
vt 0.053846 0.000000
vt 0.130769 0.000000
vt 0.107692 0.000000
vt 0.100000 0.000000
vt 0.092308 0.000000
vt 0.084615 0.000000
vt 0.076923 0.000000
vt 0.069231 0.000000
vt 0.061538 0.000000
vt 0.692308 0.000000
vt 0.138462 0.000000
vt 0.684615 0.000000
vt 0.146154 0.000000
vt 0.676923 0.000000
vt 0.153846 0.000000
vt 0.669231 0.000000
vt 0.161538 0.000000
vt 0.661538 0.000000
vt 0.492308 0.000000
vt 0.500000 0.000000
vt 0.507692 0.000000
vt 0.169231 0.000000
vt 0.653846 0.000000
vt 0.176923 0.000000
vt 0.184615 0.000000
vt 0.646154 0.000000
vt 0.192308 0.000000
vt 0.638462 0.000000
vt 0.484615 0.000000
vt 0.476923 0.000000
vt 0.200000 0.000000
vt 0.469231 0.000000
vt 0.461538 0.000000
vt 0.630769 0.000000
vt 0.453846 0.000000
vt 0.207692 0.000000
vt 0.446154 0.000000
vt 0.438462 0.000000
vt 0.215385 0.000000
vt 0.430769 0.000000
vt 0.623077 0.000000
vt 0.223077 0.000000
vt 0.423077 0.000000
vt 0.415385 0.000000
vt 0.230769 0.000000
vt 0.407692 0.000000
vt 0.615385 0.000000
vt 0.400000 0.000000
vt 0.238462 0.000000
vt 0.392308 0.000000
vt 0.607692 0.000000
vt 0.246154 0.000000
vt 0.384615 0.000000
vt 0.600000 0.000000
vt 0.253846 0.000000
vt 0.376923 0.000000
vt 0.369231 0.000000
vt 0.261538 0.000000
vt 0.592308 0.000000
vt 0.361538 0.000000
vt 0.269231 0.000000
vt 0.353846 0.000000
vt 0.584615 0.000000
vt 0.276923 0.000000
vt 0.346154 0.000000
vt 0.284615 0.000000
vt 0.338462 0.000000
vt 0.330769 0.000000
vt 0.576923 0.000000
vt 0.292308 0.000000
vt 0.323077 0.000000
vt 0.300000 0.000000
vt 0.315385 0.000000
vt 0.307692 0.000000
vt 0.569231 0.000000
vt 0.561538 0.000000
vt 0.553846 0.000000
vt 0.546154 0.000000
vt 0.538462 0.000000
vt 0.530769 0.000000
vt 0.523077 0.000000
vt 0.515385 0.000000
vt 0.864130 0.000000
vt 0.869565 0.000000
vt 0.875000 0.000000
vt 0.858696 0.000000
vt 0.880435 0.000000
vt 0.853261 0.000000
vt 0.847826 0.000000
vt 0.885870 0.000000
vt 0.842391 0.000000
vt 0.836957 0.000000
vt 0.891304 0.000000
vt 0.831522 0.000000
vt 0.826087 0.000000
vt 0.896739 0.000000
vt 0.820652 0.000000
vt 0.201087 0.000000
vt 0.195652 0.000000
vt 0.206522 0.000000
vt 0.190217 0.000000
vt 0.184783 0.000000
vt 0.179348 0.000000
vt 0.902174 0.000000
vt 0.211957 0.000000
vt 0.815217 0.000000
vt 0.173913 0.000000
vt 0.168478 0.000000
vt 0.163043 0.000000
vt 0.217391 0.000000
vt 0.809783 0.000000
vt 0.157609 0.000000
vt 0.907609 0.000000
vt 0.152174 0.000000
vt 0.804348 0.000000
vt 0.222826 0.000000
vt 0.146739 0.000000
vt 0.798913 0.000000
vt 0.141304 0.000000
vt 0.913043 0.000000
vt 0.135870 0.000000
vt 0.228261 0.000000
vt 0.130435 0.000000
vt 0.793478 0.000000
vt 0.918478 0.000000
vt 0.125000 0.000000
vt 0.119565 0.000000
vt 0.233696 0.000000
vt 0.788043 0.000000
vt 0.114130 0.000000
vt 0.923913 0.000000
vt 0.108696 0.000000
vt 0.782609 0.000000
vt 0.103261 0.000000
vt 0.239130 0.000000
vt 0.097826 0.000000
vt 0.929348 0.000000
vt 0.092391 0.000000
vt 0.777174 0.000000
vt 0.086957 0.000000
vt 0.081522 0.000000
vt 0.076087 0.000000
vt 0.244565 0.000000
vt 0.934783 0.000000
vt 0.771739 0.000000
vt 0.070652 0.000000
vt 0.065217 0.000000
vt 0.059783 0.000000
vt 0.054348 0.000000
vt 0.048913 0.000000
vt 0.043478 0.000000
vt 0.038043 0.000000
vt 0.032609 0.000000
vt 0.766304 0.000000
vt 0.951087 0.000000
vt 0.945652 0.000000
vt 0.940217 0.000000
vt 0.027174 0.000000
vt 0.956522 0.000000
vt 0.021739 0.000000
vt 0.961957 0.000000
vt 0.016304 0.000000
vt 0.972826 0.000000
vt 0.967391 0.000000
vt 0.010870 0.000000
vt 0.978261 0.000000
vt 0.005435 0.000000
vt 0.989130 0.000000
vt 0.983696 0.000000
vt 0.994565 0.000000
vt 0.250000 0.000000
vt 0.760870 0.000000
vt 0.255435 0.000000
vt 0.755435 0.000000
vt 0.750000 0.000000
vt 0.260870 0.000000
vt 0.744565 0.000000
vt 0.739130 0.000000
vt 0.266304 0.000000
vt 0.733696 0.000000
vt 0.728261 0.000000
vt 0.271739 0.000000
vt 0.722826 0.000000
vt 0.717391 0.000000
vt 0.277174 0.000000
vt 0.711957 0.000000
vt 0.706522 0.000000
vt 0.282609 0.000000
vt 0.701087 0.000000
vt 0.288043 0.000000
vt 0.695652 0.000000
vt 0.690217 0.000000
vt 0.293478 0.000000
vt 0.684783 0.000000
vt 0.527174 0.000000
vt 0.532609 0.000000
vt 0.538043 0.000000
vt 0.679348 0.000000
vt 0.298913 0.000000
vt 0.673913 0.000000
vt 0.668478 0.000000
vt 0.304348 0.000000
vt 0.663043 0.000000
vt 0.309783 0.000000
vt 0.657609 0.000000
vt 0.652174 0.000000
vt 0.315217 0.000000
vt 0.521739 0.000000
vt 0.646739 0.000000
vt 0.516304 0.000000
vt 0.320652 0.000000
vt 0.510870 0.000000
vt 0.505435 0.000000
vt 0.641304 0.000000
vt 0.326087 0.000000
vt 0.494565 0.000000
vt 0.635870 0.000000
vt 0.489130 0.000000
vt 0.331522 0.000000
vt 0.483696 0.000000
vt 0.630435 0.000000
vt 0.478261 0.000000
vt 0.336957 0.000000
vt 0.472826 0.000000
vt 0.625000 0.000000
vt 0.342391 0.000000
vt 0.467391 0.000000
vt 0.461957 0.000000
vt 0.619565 0.000000
vt 0.347826 0.000000
vt 0.456522 0.000000
vt 0.614130 0.000000
vt 0.353261 0.000000
vt 0.451087 0.000000
vt 0.358696 0.000000
vt 0.608696 0.000000
vt 0.445652 0.000000
vt 0.440217 0.000000
vt 0.364130 0.000000
vt 0.603261 0.000000
vt 0.434783 0.000000
vt 0.369565 0.000000
vt 0.429348 0.000000
vt 0.597826 0.000000
vt 0.375000 0.000000
vt 0.423913 0.000000
vt 0.380435 0.000000
vt 0.418478 0.000000
vt 0.592391 0.000000
vt 0.385870 0.000000
vt 0.413043 0.000000
vt 0.407609 0.000000
vt 0.391304 0.000000
vt 0.402174 0.000000
vt 0.396739 0.000000
vt 0.586957 0.000000
vt 0.581522 0.000000
vt 0.576087 0.000000
vt 0.570652 0.000000
vt 0.565217 0.000000
vt 0.559783 0.000000
vt 0.554348 0.000000
vt 0.548913 0.000000
vt 0.543478 0.000000
vt 0.148936 0.000000
vt 0.153191 0.000000
vt 0.157447 0.000000
vt 0.144681 0.000000
vt 0.140426 0.000000
vt 0.136170 0.000000
vt 0.131915 0.000000
vt 0.127660 0.000000
vt 0.123404 0.000000
vt 0.119149 0.000000
vt 0.114894 0.000000
vt 0.110638 0.000000
vt 0.106383 0.000000
vt 0.680851 0.000000
vt 0.004255 0.000000
vt 0.008511 0.000000
vt 0.676596 0.000000
vt 0.102128 0.000000
vt 0.012766 0.000000
vt 0.672340 0.000000
vt 0.097872 0.000000
vt 0.017021 0.000000
vt 0.668085 0.000000
vt 0.021277 0.000000
vt 0.093617 0.000000
vt 0.663830 0.000000
vt 0.025532 0.000000
vt 0.659574 0.000000
vt 0.089362 0.000000
vt 0.029787 0.000000
vt 0.085106 0.000000
vt 0.655319 0.000000
vt 0.034043 0.000000
vt 0.080851 0.000000
vt 0.651064 0.000000
vt 0.038298 0.000000
vt 0.076596 0.000000
vt 0.646809 0.000000
vt 0.072340 0.000000
vt 0.953192 0.000000
vt 0.948936 0.000000
vt 0.042553 0.000000
vt 0.068085 0.000000
vt 0.957447 0.000000
vt 0.944681 0.000000
vt 0.046809 0.000000
vt 0.642553 0.000000
vt 0.063830 0.000000
vt 0.961702 0.000000
vt 0.059574 0.000000
vt 0.051064 0.000000
vt 0.638298 0.000000
vt 0.055319 0.000000
vt 0.965957 0.000000
vt 0.940426 0.000000
vt 0.936170 0.000000
vt 0.931915 0.000000
vt 0.927660 0.000000
vt 0.923404 0.000000
vt 0.919149 0.000000
vt 0.914894 0.000000
vt 0.910638 0.000000
vt 0.906383 0.000000
vt 0.902128 0.000000
vt 0.897872 0.000000
vt 0.893617 0.000000
vt 0.634043 0.000000
vt 0.970213 0.000000
vt 0.629787 0.000000
vt 0.974468 0.000000
vt 0.625532 0.000000
vt 0.889362 0.000000
vt 0.978723 0.000000
vt 0.621277 0.000000
vt 0.617021 0.000000
vt 0.982979 0.000000
vt 0.612766 0.000000
vt 0.987234 0.000000
vt 0.608511 0.000000
vt 0.604255 0.000000
vt 0.991489 0.000000
vt 0.995745 0.000000
vt 0.595745 0.000000
vt 0.591489 0.000000
vt 0.587234 0.000000
vt 0.582979 0.000000
vt 0.685106 0.000000
vt 0.578723 0.000000
vt 0.574468 0.000000
vt 0.689362 0.000000
vt 0.885106 0.000000
vt 0.570213 0.000000
vt 0.693617 0.000000
vt 0.880851 0.000000
vt 0.565957 0.000000
vt 0.561702 0.000000
vt 0.697872 0.000000
vt 0.876596 0.000000
vt 0.557447 0.000000
vt 0.702128 0.000000
vt 0.872340 0.000000
vt 0.553191 0.000000
vt 0.706383 0.000000
vt 0.548936 0.000000
vt 0.868085 0.000000
vt 0.544681 0.000000
vt 0.710638 0.000000
vt 0.863830 0.000000
vt 0.540426 0.000000
vt 0.714894 0.000000
vt 0.536170 0.000000
vt 0.859574 0.000000
vt 0.531915 0.000000
vt 0.719149 0.000000
vt 0.527660 0.000000
vt 0.855319 0.000000
vt 0.523404 0.000000
vt 0.723404 0.000000
vt 0.851064 0.000000
vt 0.519149 0.000000
vt 0.727660 0.000000
vt 0.514894 0.000000
vt 0.846808 0.000000
vt 0.510638 0.000000
vt 0.731915 0.000000
vt 0.842553 0.000000
vt 0.506383 0.000000
vt 0.736170 0.000000
vt 0.502128 0.000000
vt 0.838298 0.000000
vt 0.740426 0.000000
vt 0.497872 0.000000
vt 0.834043 0.000000
vt 0.493617 0.000000
vt 0.744681 0.000000
vt 0.161702 0.000000
vt 0.829787 0.000000
vt 0.489362 0.000000
vt 0.748936 0.000000
vt 0.825532 0.000000
vt 0.485106 0.000000
vt 0.753191 0.000000
vt 0.821277 0.000000
vt 0.480851 0.000000
vt 0.165957 0.000000
vt 0.170213 0.000000
vt 0.757447 0.000000
vt 0.174468 0.000000
vt 0.817021 0.000000
vt 0.476596 0.000000
vt 0.178723 0.000000
vt 0.182979 0.000000
vt 0.187234 0.000000
vt 0.761702 0.000000
vt 0.812766 0.000000
vt 0.472340 0.000000
vt 0.191489 0.000000
vt 0.195745 0.000000
vt 0.765957 0.000000
vt 0.808511 0.000000
vt 0.468085 0.000000
vt 0.204255 0.000000
vt 0.208511 0.000000
vt 0.770213 0.000000
vt 0.804255 0.000000
vt 0.212766 0.000000
vt 0.463830 0.000000
vt 0.217021 0.000000
vt 0.774468 0.000000
vt 0.221277 0.000000
vt 0.225532 0.000000
vt 0.459574 0.000000
vt 0.778723 0.000000
vt 0.229787 0.000000
vt 0.795745 0.000000
vt 0.234043 0.000000
vt 0.782979 0.000000
vt 0.791489 0.000000
vt 0.455319 0.000000
vt 0.238298 0.000000
vt 0.787234 0.000000
vt 0.242553 0.000000
vt 0.451064 0.000000
vt 0.246809 0.000000
vt 0.251064 0.000000
vt 0.446809 0.000000
vt 0.255319 0.000000
vt 0.442553 0.000000
vt 0.259574 0.000000
vt 0.438298 0.000000
vt 0.263830 0.000000
vt 0.434043 0.000000
vt 0.429787 0.000000
vt 0.425532 0.000000
vt 0.421277 0.000000
vt 0.417021 0.000000
vt 0.412766 0.000000
vt 0.408511 0.000000
vt 0.404255 0.000000
vt 0.395745 0.000000
vt 0.391489 0.000000
vt 0.387234 0.000000
vt 0.382979 0.000000
vt 0.378723 0.000000
vt 0.370213 0.000000
vt 0.365957 0.000000
vt 0.361702 0.000000
vt 0.357447 0.000000
vt 0.353191 0.000000
vt 0.348936 0.000000
vt 0.344681 0.000000
vt 0.340426 0.000000
vt 0.336170 0.000000
vt 0.331915 0.000000
vt 0.268085 0.000000
vt 0.374468 0.000000
vt 0.327660 0.000000
vt 0.323404 0.000000
vt 0.319149 0.000000
vt 0.314894 0.000000
vt 0.310638 0.000000
vt 0.306383 0.000000
vt 0.302128 0.000000
vt 0.297872 0.000000
vt 0.293617 0.000000
vt 0.289362 0.000000
vt 0.285106 0.000000
vt 0.280851 0.000000
vt 0.276596 0.000000
vt 0.272340 0.000000
vt 0.942584 0.000000
vt 0.947368 0.000000
vt 0.952153 0.000000
vt 0.956938 0.000000
vt 0.961722 0.000000
vt 0.966507 0.000000
vt 0.971292 0.000000
vt 0.976077 0.000000
vt 0.980861 0.000000
vt 0.985646 0.000000
vt 0.397129 0.000000
vt 0.401914 0.000000
vt 0.406699 0.000000
vt 0.411483 0.000000
vt 0.392345 0.000000
vt 0.387560 0.000000
vt 0.416268 0.000000
vt 0.382775 0.000000
vt 0.377990 0.000000
vt 0.421053 0.000000
vt 0.373206 0.000000
vt 0.990431 0.000000
vt 0.368421 0.000000
vt 0.425837 0.000000
vt 0.363636 0.000000
vt 0.358852 0.000000
vt 0.430622 0.000000
vt 0.995215 0.000000
vt 0.354067 0.000000
vt 0.349282 0.000000
vt 0.937799 0.000000
vt 0.435407 0.000000
vt 0.344498 0.000000
vt 0.933014 0.000000
vt 0.114833 0.000000
vt 0.440191 0.000000
vt 0.119617 0.000000
vt 0.110048 0.000000
vt 0.124402 0.000000
vt 0.105263 0.000000
vt 0.928230 0.000000
vt 0.129187 0.000000
vt 0.100478 0.000000
vt 0.444976 0.000000
vt 0.133971 0.000000
vt 0.095694 0.000000
vt 0.923445 0.000000
vt 0.449761 0.000000
vt 0.138756 0.000000
vt 0.918660 0.000000
vt 0.090909 0.000000
vt 0.913876 0.000000
vt 0.454545 0.000000
vt 0.143541 0.000000
vt 0.086124 0.000000
vt 0.909091 0.000000
vt 0.904306 0.000000
vt 0.148325 0.000000
vt 0.459330 0.000000
vt 0.081340 0.000000
vt 0.899522 0.000000
vt 0.894737 0.000000
vt 0.464115 0.000000
vt 0.153110 0.000000
vt 0.889952 0.000000
vt 0.076555 0.000000
vt 0.885167 0.000000
vt 0.880383 0.000000
vt 0.468900 0.000000
vt 0.157895 0.000000
vt 0.071770 0.000000
vt 0.875598 0.000000
vt 0.162679 0.000000
vt 0.870813 0.000000
vt 0.866029 0.000000
vt 0.066986 0.000000
vt 0.473684 0.000000
vt 0.861244 0.000000
vt 0.856459 0.000000
vt 0.851675 0.000000
vt 0.167464 0.000000
vt 0.062201 0.000000
vt 0.846890 0.000000
vt 0.842105 0.000000
vt 0.478469 0.000000
vt 0.172249 0.000000
vt 0.837321 0.000000
vt 0.057416 0.000000
vt 0.832536 0.000000
vt 0.177033 0.000000
vt 0.827751 0.000000
vt 0.483254 0.000000
vt 0.052632 0.000000
vt 0.822967 0.000000
vt 0.181818 0.000000
vt 0.818182 0.000000
vt 0.186603 0.000000
vt 0.047847 0.000000
vt 0.488038 0.000000
vt 0.043062 0.000000
vt 0.492823 0.000000
vt 0.191388 0.000000
vt 0.038278 0.000000
vt 0.196172 0.000000
vt 0.497608 0.000000
vt 0.033493 0.000000
vt 0.200957 0.000000
vt 0.028708 0.000000
vt 0.502392 0.000000
vt 0.205742 0.000000
vt 0.023923 0.000000
vt 0.507177 0.000000
vt 0.210526 0.000000
vt 0.019139 0.000000
vt 0.215311 0.000000
vt 0.511962 0.000000
vt 0.014354 0.000000
vt 0.220096 0.000000
vt 0.009569 0.000000
vt 0.516746 0.000000
vt 0.224880 0.000000
vt 0.004785 0.000000
vt 0.521531 0.000000
vt 0.229665 0.000000
vt 0.234450 0.000000
vt 0.339713 0.000000
vt 0.526316 0.000000
vt 0.531100 0.000000
vt 0.239234 0.000000
vt 0.334928 0.000000
vt 0.535885 0.000000
vt 0.540670 0.000000
vt 0.244019 0.000000
vt 0.330144 0.000000
vt 0.545455 0.000000
vt 0.248804 0.000000
vt 0.325359 0.000000
vt 0.550239 0.000000
vt 0.555024 0.000000
vt 0.253589 0.000000
vt 0.320574 0.000000
vt 0.559809 0.000000
vt 0.258373 0.000000
vt 0.315789 0.000000
vt 0.564593 0.000000
vt 0.569378 0.000000
vt 0.263158 0.000000
vt 0.311005 0.000000
vt 0.574163 0.000000
vt 0.267943 0.000000
vt 0.306220 0.000000
vt 0.578947 0.000000
vt 0.698565 0.000000
vt 0.693780 0.000000
vt 0.272727 0.000000
vt 0.301435 0.000000
vt 0.583732 0.000000
vt 0.588517 0.000000
vt 0.593301 0.000000
vt 0.688995 0.000000
vt 0.684211 0.000000
vt 0.277512 0.000000
vt 0.296651 0.000000
vt 0.598086 0.000000
vt 0.602871 0.000000
vt 0.679426 0.000000
vt 0.674641 0.000000
vt 0.282297 0.000000
vt 0.291866 0.000000
vt 0.607656 0.000000
vt 0.669856 0.000000
vt 0.287081 0.000000
vt 0.612440 0.000000
vt 0.665072 0.000000
vt 0.660287 0.000000
vt 0.655502 0.000000
vt 0.650718 0.000000
vt 0.645933 0.000000
vt 0.617225 0.000000
vt 0.622010 0.000000
vt 0.641148 0.000000
vt 0.626794 0.000000
vt 0.631579 0.000000
vt 0.636364 0.000000
vt 0.760766 0.000000
vt 0.755981 0.000000
vt 0.751196 0.000000
vt 0.746412 0.000000
vt 0.741627 0.000000
vt 0.736842 0.000000
vt 0.732057 0.000000
vt 0.727273 0.000000
vt 0.722488 0.000000
vt 0.717703 0.000000
vt 0.712919 0.000000
vt 0.708134 0.000000
vt 0.703349 0.000000
vt 0.765550 0.000000
vt 0.770335 0.000000
vt 0.775120 0.000000
vt 0.779904 0.000000
vt 0.784689 0.000000
vt 0.789474 0.000000
vt 0.794258 0.000000
vt 0.799043 0.000000
vt 0.803828 0.000000
vt 0.808612 0.000000
vt 0.813397 0.000000
vt 0.180180 0.000000
vt 0.183183 0.000000
vt 0.186186 0.000000
vt 0.270270 0.000000
vt 0.267267 0.000000
vt 0.264264 0.000000
vt 0.261261 0.000000
vt 0.258258 0.000000
vt 0.255255 0.000000
vt 0.252252 0.000000
vt 0.249249 0.000000
vt 0.246246 0.000000
vt 0.243243 0.000000
vt 0.240240 0.000000
vt 0.237237 0.000000
vt 0.234234 0.000000
vt 0.231231 0.000000
vt 0.228228 0.000000
vt 0.225225 0.000000
vt 0.222222 0.000000
vt 0.219219 0.000000
vt 0.216216 0.000000
vt 0.213213 0.000000
vt 0.210210 0.000000
vt 0.207207 0.000000
vt 0.204204 0.000000
vt 0.201201 0.000000
vt 0.198198 0.000000
vt 0.195195 0.000000
vt 0.192192 0.000000
vt 0.189189 0.000000
vt 0.177177 0.000000
vt 0.273273 0.000000
vt 0.174174 0.000000
vt 0.171171 0.000000
vt 0.276276 0.000000
vt 0.168168 0.000000
vt 0.165165 0.000000
vt 0.279279 0.000000
vt 0.162162 0.000000
vt 0.282282 0.000000
vt 0.285285 0.000000
vt 0.288288 0.000000
vt 0.291291 0.000000
vt 0.294294 0.000000
vt 0.159159 0.000000
vt 0.297297 0.000000
vt 0.300300 0.000000
vt 0.303303 0.000000
vt 0.306306 0.000000
vt 0.309309 0.000000
vt 0.312312 0.000000
vt 0.156156 0.000000
vt 0.315315 0.000000
vt 0.318318 0.000000
vt 0.321321 0.000000
vt 0.324324 0.000000
vt 0.327327 0.000000
vt 0.330330 0.000000
vt 0.333333 0.000000
vt 0.336336 0.000000
vt 0.858859 0.000000
vt 0.339339 0.000000
vt 0.153153 0.000000
vt 0.150150 0.000000
vt 0.861862 0.000000
vt 0.855856 0.000000
vt 0.147147 0.000000
vt 0.864865 0.000000
vt 0.867868 0.000000
vt 0.144144 0.000000
vt 0.870871 0.000000
vt 0.141141 0.000000
vt 0.873874 0.000000
vt 0.138138 0.000000
vt 0.876877 0.000000
vt 0.135135 0.000000
vt 0.879880 0.000000
vt 0.132132 0.000000
vt 0.882883 0.000000
vt 0.129129 0.000000
vt 0.885886 0.000000
vt 0.126126 0.000000
vt 0.888889 0.000000
vt 0.123123 0.000000
vt 0.891892 0.000000
vt 0.120120 0.000000
vt 0.894895 0.000000
vt 0.897898 0.000000
vt 0.117117 0.000000
vt 0.900901 0.000000
vt 0.903904 0.000000
vt 0.906907 0.000000
vt 0.909910 0.000000
vt 0.114114 0.000000
vt 0.912913 0.000000
vt 0.915916 0.000000
vt 0.918919 0.000000
vt 0.921922 0.000000
vt 0.111111 0.000000
vt 0.924925 0.000000
vt 0.927928 0.000000
vt 0.930931 0.000000
vt 0.933934 0.000000
vt 0.108108 0.000000
vt 0.105105 0.000000
vt 0.102102 0.000000
vt 0.936937 0.000000
vt 0.099099 0.000000
vt 0.096096 0.000000
vt 0.093093 0.000000
vt 0.939940 0.000000
vt 0.090090 0.000000
vt 0.087087 0.000000
vt 0.942943 0.000000
vt 0.084084 0.000000
vt 0.081081 0.000000
vt 0.945946 0.000000
vt 0.078078 0.000000
vt 0.948949 0.000000
vt 0.075075 0.000000
vt 0.072072 0.000000
vt 0.951952 0.000000
vt 0.069069 0.000000
vt 0.066066 0.000000
vt 0.954955 0.000000
vt 0.063063 0.000000
vt 0.957958 0.000000
vt 0.060060 0.000000
vt 0.057057 0.000000
vt 0.960961 0.000000
vt 0.054054 0.000000
vt 0.051051 0.000000
vt 0.963964 0.000000
vt 0.048048 0.000000
vt 0.966967 0.000000
vt 0.045045 0.000000
vt 0.042042 0.000000
vt 0.969970 0.000000
vt 0.972973 0.000000
vt 0.975976 0.000000
vt 0.978979 0.000000
vt 0.981982 0.000000
vt 0.984985 0.000000
vt 0.987988 0.000000
vt 0.990991 0.000000
vt 0.993994 0.000000
vt 0.996997 0.000000
vt 0.039039 0.000000
vt 0.036036 0.000000
vt 0.033033 0.000000
vt 0.030030 0.000000
vt 0.342342 0.000000
vt 0.345345 0.000000
vt 0.348348 0.000000
vt 0.027027 0.000000
vt 0.351351 0.000000
vt 0.354354 0.000000
vt 0.357357 0.000000
vt 0.024024 0.000000
vt 0.360360 0.000000
vt 0.363363 0.000000
vt 0.021021 0.000000
vt 0.366366 0.000000
vt 0.369369 0.000000
vt 0.018018 0.000000
vt 0.372372 0.000000
vt 0.375375 0.000000
vt 0.015015 0.000000
vt 0.378378 0.000000
vt 0.012012 0.000000
vt 0.381381 0.000000
vt 0.009009 0.000000
vt 0.384384 0.000000
vt 0.006006 0.000000
vt 0.387387 0.000000
vt 0.003003 0.000000
vt 0.390390 0.000000
vt 0.852853 0.000000
vt 0.393393 0.000000
vt 0.396396 0.000000
vt 0.399399 0.000000
vt 0.672673 0.000000
vt 0.849850 0.000000
vt 0.846847 0.000000
vt 0.402402 0.000000
vt 0.843844 0.000000
vt 0.405405 0.000000
vt 0.840841 0.000000
vt 0.408408 0.000000
vt 0.837838 0.000000
vt 0.834835 0.000000
vt 0.411411 0.000000
vt 0.831832 0.000000
vt 0.828829 0.000000
vt 0.414414 0.000000
vt 0.825826 0.000000
vt 0.822823 0.000000
vt 0.417417 0.000000
vt 0.819820 0.000000
vt 0.816817 0.000000
vt 0.813814 0.000000
vt 0.420420 0.000000
vt 0.423423 0.000000
vt 0.810811 0.000000
vt 0.426426 0.000000
vt 0.807808 0.000000
vt 0.429429 0.000000
vt 0.432432 0.000000
vt 0.804805 0.000000
vt 0.435435 0.000000
vt 0.438438 0.000000
vt 0.801802 0.000000
vt 0.441441 0.000000
vt 0.798799 0.000000
vt 0.444444 0.000000
vt 0.447447 0.000000
vt 0.795796 0.000000
vt 0.450450 0.000000
vt 0.453453 0.000000
vt 0.792793 0.000000
vt 0.456456 0.000000
vt 0.789790 0.000000
vt 0.459459 0.000000
vt 0.462462 0.000000
vt 0.786787 0.000000
vt 0.465465 0.000000
vt 0.468468 0.000000
vt 0.783784 0.000000
vt 0.471471 0.000000
vt 0.474474 0.000000
vt 0.477477 0.000000
vt 0.780781 0.000000
vt 0.480480 0.000000
vt 0.483483 0.000000
vt 0.486486 0.000000
vt 0.777778 0.000000
vt 0.774775 0.000000
vt 0.771772 0.000000
vt 0.768769 0.000000
vt 0.489489 0.000000
vt 0.765766 0.000000
vt 0.762763 0.000000
vt 0.759760 0.000000
vt 0.756757 0.000000
vt 0.492492 0.000000
vt 0.753754 0.000000
vt 0.750751 0.000000
vt 0.747748 0.000000
vt 0.744745 0.000000
vt 0.558559 0.000000
vt 0.561562 0.000000
vt 0.564565 0.000000
vt 0.495495 0.000000
vt 0.741742 0.000000
vt 0.498498 0.000000
vt 0.738739 0.000000
vt 0.567568 0.000000
vt 0.501502 0.000000
vt 0.570571 0.000000
vt 0.735736 0.000000
vt 0.573574 0.000000
vt 0.504505 0.000000
vt 0.732733 0.000000
vt 0.576577 0.000000
vt 0.507508 0.000000
vt 0.579580 0.000000
vt 0.729730 0.000000
vt 0.510511 0.000000
vt 0.582583 0.000000
vt 0.585586 0.000000
vt 0.726727 0.000000
vt 0.513514 0.000000
vt 0.588589 0.000000
vt 0.516517 0.000000
vt 0.723724 0.000000
vt 0.591592 0.000000
vt 0.594595 0.000000
vt 0.519520 0.000000
vt 0.720721 0.000000
vt 0.597598 0.000000
vt 0.522523 0.000000
vt 0.600601 0.000000
vt 0.603604 0.000000
vt 0.717718 0.000000
vt 0.606607 0.000000
vt 0.525526 0.000000
vt 0.714715 0.000000
vt 0.609610 0.000000
vt 0.612613 0.000000
vt 0.528529 0.000000
vt 0.711712 0.000000
vt 0.615616 0.000000
vt 0.618619 0.000000
vt 0.531532 0.000000
vt 0.708709 0.000000
vt 0.621622 0.000000
vt 0.624625 0.000000
vt 0.534535 0.000000
vt 0.705706 0.000000
vt 0.702703 0.000000
vt 0.627628 0.000000
vt 0.699700 0.000000
vt 0.696697 0.000000
vt 0.693694 0.000000
vt 0.690691 0.000000
vt 0.630631 0.000000
vt 0.687688 0.000000
vt 0.684685 0.000000
vt 0.681682 0.000000
vt 0.678679 0.000000
vt 0.675676 0.000000
vt 0.633634 0.000000
vt 0.537538 0.000000
vt 0.636637 0.000000
vt 0.639640 0.000000
vt 0.642643 0.000000
vt 0.645646 0.000000
vt 0.648649 0.000000
vt 0.651652 0.000000
vt 0.669670 0.000000
vt 0.654655 0.000000
vt 0.666667 0.000000
vt 0.657658 0.000000
vt 0.663664 0.000000
vt 0.660661 0.000000
vt 0.540541 0.000000
vt 0.543544 0.000000
vt 0.546547 0.000000
vt 0.549550 0.000000
vt 0.552553 0.000000
vt 0.555556 0.000000
vt 0.431138 0.000000
vt 0.437126 0.000000
vt 0.443114 0.000000
vt 0.994012 0.000000
vt 0.449102 0.000000
vt 0.988024 0.000000
vt 0.455090 0.000000
vt 0.982036 0.000000
vt 0.461078 0.000000
vt 0.976048 0.000000
vt 0.467066 0.000000
vt 0.970060 0.000000
vt 0.143713 0.000000
vt 0.137725 0.000000
vt 0.473054 0.000000
vt 0.964072 0.000000
vt 0.149701 0.000000
vt 0.131737 0.000000
vt 0.155689 0.000000
vt 0.125749 0.000000
vt 0.161677 0.000000
vt 0.119760 0.000000
vt 0.167665 0.000000
vt 0.479042 0.000000
vt 0.113772 0.000000
vt 0.958084 0.000000
vt 0.173653 0.000000
vt 0.107784 0.000000
vt 0.179641 0.000000
vt 0.485030 0.000000
vt 0.101796 0.000000
vt 0.952096 0.000000
vt 0.185629 0.000000
vt 0.095808 0.000000
vt 0.191617 0.000000
vt 0.491018 0.000000
vt 0.946108 0.000000
vt 0.089820 0.000000
vt 0.197605 0.000000
vt 0.083832 0.000000
vt 0.497006 0.000000
vt 0.203593 0.000000
vt 0.940120 0.000000
vt 0.077844 0.000000
vt 0.209581 0.000000
vt 0.502994 0.000000
vt 0.934132 0.000000
vt 0.071856 0.000000
vt 0.215569 0.000000
vt 0.508982 0.000000
vt 0.065868 0.000000
vt 0.928144 0.000000
vt 0.221557 0.000000
vt 0.059880 0.000000
vt 0.514970 0.000000
vt 0.227545 0.000000
vt 0.922156 0.000000
vt 0.053892 0.000000
vt 0.233533 0.000000
vt 0.520958 0.000000
vt 0.916168 0.000000
vt 0.047904 0.000000
vt 0.239521 0.000000
vt 0.526946 0.000000
vt 0.910180 0.000000
vt 0.041916 0.000000
vt 0.245509 0.000000
vt 0.532934 0.000000
vt 0.904192 0.000000
vt 0.035928 0.000000
vt 0.251497 0.000000
vt 0.538922 0.000000
vt 0.898204 0.000000
vt 0.029940 0.000000
vt 0.257485 0.000000
vt 0.544910 0.000000
vt 0.892216 0.000000
vt 0.263473 0.000000
vt 0.023952 0.000000
vt 0.550898 0.000000
vt 0.886228 0.000000
vt 0.269461 0.000000
vt 0.017964 0.000000
vt 0.556886 0.000000
vt 0.880240 0.000000
vt 0.275449 0.000000
vt 0.011976 0.000000
vt 0.562874 0.000000
vt 0.874251 0.000000
vt 0.281437 0.000000
vt 0.005988 0.000000
vt 0.568862 0.000000
vt 0.868263 0.000000
vt 0.287425 0.000000
vt 0.574850 0.000000
vt 0.862275 0.000000
vt 0.293413 0.000000
vt 0.425150 0.000000
vt 0.856287 0.000000
vt 0.580838 0.000000
vt 0.586826 0.000000
vt 0.850299 0.000000
vt 0.592814 0.000000
vt 0.299401 0.000000
vt 0.419162 0.000000
vt 0.844311 0.000000
vt 0.598802 0.000000
vt 0.838323 0.000000
vt 0.604790 0.000000
vt 0.305389 0.000000
vt 0.413174 0.000000
vt 0.610778 0.000000
vt 0.832335 0.000000
vt 0.616766 0.000000
vt 0.826347 0.000000
vt 0.622755 0.000000
vt 0.311377 0.000000
vt 0.407186 0.000000
vt 0.820359 0.000000
vt 0.628743 0.000000
vt 0.814371 0.000000
vt 0.634731 0.000000
vt 0.317365 0.000000
vt 0.401198 0.000000
vt 0.808383 0.000000
vt 0.640719 0.000000
vt 0.646707 0.000000
vt 0.802395 0.000000
vt 0.323353 0.000000
vt 0.395210 0.000000
vt 0.652695 0.000000
vt 0.796407 0.000000
vt 0.790419 0.000000
vt 0.658683 0.000000
vt 0.329341 0.000000
vt 0.389222 0.000000
vt 0.784431 0.000000
vt 0.664671 0.000000
vt 0.335329 0.000000
vt 0.383234 0.000000
vt 0.778443 0.000000
vt 0.670659 0.000000
vt 0.772455 0.000000
vt 0.341317 0.000000
vt 0.377246 0.000000
vt 0.676647 0.000000
vt 0.766467 0.000000
vt 0.347305 0.000000
vt 0.371257 0.000000
vt 0.760479 0.000000
vt 0.682635 0.000000
vt 0.353293 0.000000
vt 0.365269 0.000000
vt 0.754491 0.000000
vt 0.359281 0.000000
vt 0.688623 0.000000
vt 0.748503 0.000000
vt 0.694611 0.000000
vt 0.742515 0.000000
vt 0.700599 0.000000
vt 0.736527 0.000000
vt 0.706587 0.000000
vt 0.730539 0.000000
vt 0.724551 0.000000
vt 0.712575 0.000000
vt 0.718563 0.000000
vt 0.305882 0.000000
vt 0.317647 0.000000
vt 0.329412 0.000000
vt 0.341176 0.000000
vt 0.352941 0.000000
vt 0.364706 0.000000
vt 0.376471 0.000000
vt 0.388235 0.000000
vt 0.411765 0.000000
vt 0.423529 0.000000
vt 0.294118 0.000000
vt 0.435294 0.000000
vt 0.447059 0.000000
vt 0.282353 0.000000
vt 0.458824 0.000000
vt 0.470588 0.000000
vt 0.270588 0.000000
vt 0.258824 0.000000
vt 0.247059 0.000000
vt 0.235294 0.000000
vt 0.223529 0.000000
vt 0.211765 0.000000
vt 0.188235 0.000000
vt 0.176471 0.000000
vt 0.164706 0.000000
vt 0.152941 0.000000
vt 0.141176 0.000000
vt 0.129412 0.000000
vt 0.117647 0.000000
vt 0.105882 0.000000
vt 0.482353 0.000000
vt 0.094118 0.000000
vt 0.082353 0.000000
vt 0.070588 0.000000
vt 0.058824 0.000000
vt 0.047059 0.000000
vt 0.035294 0.000000
vt 0.023529 0.000000
vt 0.011765 0.000000
vt 0.988235 0.000000
vt 0.494118 0.000000
vt 0.505882 0.000000
vt 0.976471 0.000000
vt 0.964706 0.000000
vt 0.517647 0.000000
vt 0.941176 0.000000
vt 0.835294 0.000000
vt 0.823529 0.000000
vt 0.811765 0.000000
vt 0.788235 0.000000
vt 0.776471 0.000000
vt 0.764706 0.000000
vt 0.752941 0.000000
vt 0.741176 0.000000
vt 0.729412 0.000000
vt 0.717647 0.000000
vt 0.705882 0.000000
vt 0.694118 0.000000
vt 0.658824 0.000000
vt 0.647059 0.000000
vt 0.635294 0.000000
vt 0.623529 0.000000
vt 0.611765 0.000000
vt 0.588235 0.000000
vt 0.576471 0.000000
vt 0.564706 0.000000
vt 0.552941 0.000000
vt 0.541176 0.000000
vt 0.529412 0.000000
vt 0.682353 0.000000
vt 0.670588 0.000000
vt 0.847059 0.000000
vt 0.858824 0.000000
vt 0.870588 0.000000
vt 0.882353 0.000000
vt 0.894118 0.000000
vt 0.905882 0.000000
vt 0.917647 0.000000
vt 0.929412 0.000000
vt 0.952941 0.000000
vt 0.672269 0.000000
vt 0.680672 0.000000
vt 0.689076 0.000000
vt 0.697479 0.000000
vt 0.714286 0.000000
vt 0.722689 0.000000
vt 0.731092 0.000000
vt 0.739496 0.000000
vt 0.747899 0.000000
vt 0.663866 0.000000
vt 0.756303 0.000000
vt 0.655462 0.000000
vt 0.773109 0.000000
vt 0.781513 0.000000
vt 0.789916 0.000000
vt 0.638655 0.000000
vt 0.630252 0.000000
vt 0.621849 0.000000
vt 0.613445 0.000000
vt 0.605042 0.000000
vt 0.596639 0.000000
vt 0.579832 0.000000
vt 0.571429 0.000000
vt 0.563025 0.000000
vt 0.554622 0.000000
vt 0.546219 0.000000
vt 0.537815 0.000000
vt 0.521008 0.000000
vt 0.512605 0.000000
vt 0.504202 0.000000
vt 0.495798 0.000000
vt 0.798319 0.000000
vt 0.487395 0.000000
vt 0.478992 0.000000
vt 0.462185 0.000000
vt 0.453782 0.000000
vt 0.890756 0.000000
vt 0.899160 0.000000
vt 0.907563 0.000000
vt 0.915966 0.000000
vt 0.924370 0.000000
vt 0.873950 0.000000
vt 0.932773 0.000000
vt 0.865546 0.000000
vt 0.949580 0.000000
vt 0.857143 0.000000
vt 0.957983 0.000000
vt 0.966387 0.000000
vt 0.848740 0.000000
vt 0.974790 0.000000
vt 0.983193 0.000000
vt 0.991597 0.000000
vt 0.840336 0.000000
vt 0.831933 0.000000
vt 0.815126 0.000000
vt 0.806723 0.000000
vt 0.327731 0.000000
vt 0.319328 0.000000
vt 0.310924 0.000000
vt 0.302521 0.000000
vt 0.285714 0.000000
vt 0.277311 0.000000
vt 0.268908 0.000000
vt 0.260504 0.000000
vt 0.252101 0.000000
vt 0.008403 0.000000
vt 0.336134 0.000000
vt 0.243697 0.000000
vt 0.226891 0.000000
vt 0.218487 0.000000
vt 0.436975 0.000000
vt 0.428571 0.000000
vt 0.420168 0.000000
vt 0.403361 0.000000
vt 0.394958 0.000000
vt 0.386555 0.000000
vt 0.378151 0.000000
vt 0.369748 0.000000
vt 0.361345 0.000000
vt 0.344538 0.000000
vt 0.210084 0.000000
vt 0.201681 0.000000
vt 0.193277 0.000000
vt 0.184874 0.000000
vt 0.168067 0.000000
vt 0.159664 0.000000
vt 0.151261 0.000000
vt 0.142857 0.000000
vt 0.134454 0.000000
vt 0.126050 0.000000
vt 0.109244 0.000000
vt 0.100840 0.000000
vt 0.092437 0.000000
vt 0.084034 0.000000
vt 0.075630 0.000000
vt 0.067227 0.000000
vt 0.050420 0.000000
vt 0.042017 0.000000
vt 0.033613 0.000000
vt 0.025210 0.000000
vt 0.016807 0.000000
vt 0.445378 0.000000
vt 0.214612 0.000000
vt 0.219178 0.000000
vt 0.223744 0.000000
vt 0.210046 0.000000
vt 0.205479 0.000000
vt 0.228310 0.000000
vt 0.200913 0.000000
vt 0.196347 0.000000
vt 0.232877 0.000000
vt 0.191781 0.000000
vt 0.237443 0.000000
vt 0.187215 0.000000
vt 0.182648 0.000000
vt 0.493151 0.000000
vt 0.242009 0.000000
vt 0.178082 0.000000
vt 0.502283 0.000000
vt 0.497717 0.000000
vt 0.506849 0.000000
vt 0.488584 0.000000
vt 0.511416 0.000000
vt 0.484018 0.000000
vt 0.515982 0.000000
vt 0.173516 0.000000
vt 0.520548 0.000000
vt 0.479452 0.000000
vt 0.525114 0.000000
vt 0.474886 0.000000
vt 0.529680 0.000000
vt 0.246575 0.000000
vt 0.470320 0.000000
vt 0.534247 0.000000
vt 0.168950 0.000000
vt 0.538813 0.000000
vt 0.465753 0.000000
vt 0.543379 0.000000
vt 0.461187 0.000000
vt 0.164384 0.000000
vt 0.547945 0.000000
vt 0.552511 0.000000
vt 0.456621 0.000000
vt 0.251142 0.000000
vt 0.159817 0.000000
vt 0.557078 0.000000
vt 0.452055 0.000000
vt 0.561644 0.000000
vt 0.447489 0.000000
vt 0.155251 0.000000
vt 0.255708 0.000000
vt 0.442922 0.000000
vt 0.566210 0.000000
vt 0.438356 0.000000
vt 0.570776 0.000000
vt 0.150685 0.000000
vt 0.260274 0.000000
vt 0.433790 0.000000
vt 0.575342 0.000000
vt 0.146119 0.000000
vt 0.429224 0.000000
vt 0.579909 0.000000
vt 0.141553 0.000000
vt 0.264840 0.000000
vt 0.424658 0.000000
vt 0.584475 0.000000
vt 0.420091 0.000000
vt 0.136986 0.000000
vt 0.589041 0.000000
vt 0.415525 0.000000
vt 0.269406 0.000000
vt 0.132420 0.000000
vt 0.410959 0.000000
vt 0.593607 0.000000
vt 0.406393 0.000000
vt 0.127854 0.000000
vt 0.598173 0.000000
vt 0.401826 0.000000
vt 0.273973 0.000000
vt 0.397260 0.000000
vt 0.123288 0.000000
vt 0.392694 0.000000
vt 0.602740 0.000000
vt 0.388128 0.000000
vt 0.383562 0.000000
vt 0.378995 0.000000
vt 0.118721 0.000000
vt 0.374429 0.000000
vt 0.607306 0.000000
vt 0.369863 0.000000
vt 0.365297 0.000000
vt 0.360731 0.000000
vt 0.287671 0.000000
vt 0.283105 0.000000
vt 0.278539 0.000000
vt 0.356164 0.000000
vt 0.292237 0.000000
vt 0.351598 0.000000
vt 0.296804 0.000000
vt 0.347032 0.000000
vt 0.305936 0.000000
vt 0.301370 0.000000
vt 0.342466 0.000000
vt 0.310502 0.000000
vt 0.337900 0.000000
vt 0.319635 0.000000
vt 0.315068 0.000000
vt 0.328767 0.000000
vt 0.324201 0.000000
vt 0.114155 0.000000
vt 0.611872 0.000000
vt 0.616438 0.000000
vt 0.109589 0.000000
vt 0.621005 0.000000
vt 0.625571 0.000000
vt 0.105023 0.000000
vt 0.630137 0.000000
vt 0.100457 0.000000
vt 0.095890 0.000000
vt 0.634703 0.000000
vt 0.091324 0.000000
vt 0.639269 0.000000
vt 0.086758 0.000000
vt 0.082192 0.000000
vt 0.643836 0.000000
vt 0.077626 0.000000
vt 0.648402 0.000000
vt 0.073059 0.000000
vt 0.068493 0.000000
vt 0.652968 0.000000
vt 0.063927 0.000000
vt 0.059361 0.000000
vt 0.657534 0.000000
vt 0.054795 0.000000
vt 0.050228 0.000000
vt 0.662100 0.000000
vt 0.045662 0.000000
vt 0.671233 0.000000
vt 0.041096 0.000000
vt 0.675799 0.000000
vt 0.680365 0.000000
vt 0.036530 0.000000
vt 0.684932 0.000000
vt 0.689498 0.000000
vt 0.031963 0.000000
vt 0.694064 0.000000
vt 0.831050 0.000000
vt 0.835616 0.000000
vt 0.840183 0.000000
vt 0.698630 0.000000
vt 0.027397 0.000000
vt 0.703196 0.000000
vt 0.022831 0.000000
vt 0.707763 0.000000
vt 0.712329 0.000000
vt 0.018265 0.000000
vt 0.716895 0.000000
vt 0.721461 0.000000
vt 0.013699 0.000000
vt 0.009132 0.000000
vt 0.726027 0.000000
vt 0.004566 0.000000
vt 0.844749 0.000000
vt 0.730594 0.000000
vt 0.849315 0.000000
vt 0.853881 0.000000
vt 0.858447 0.000000
vt 0.863014 0.000000
vt 0.867580 0.000000
vt 0.735160 0.000000
vt 0.872146 0.000000
vt 0.876712 0.000000
vt 0.995434 0.000000
vt 0.881279 0.000000
vt 0.739726 0.000000
vt 0.885845 0.000000
vt 0.990868 0.000000
vt 0.890411 0.000000
vt 0.744292 0.000000
vt 0.894977 0.000000
vt 0.986301 0.000000
vt 0.899543 0.000000
vt 0.748858 0.000000
vt 0.981735 0.000000
vt 0.904110 0.000000
vt 0.908676 0.000000
vt 0.753425 0.000000
vt 0.977169 0.000000
vt 0.913242 0.000000
vt 0.972603 0.000000
vt 0.917808 0.000000
vt 0.757991 0.000000
vt 0.922374 0.000000
vt 0.968037 0.000000
vt 0.926941 0.000000
vt 0.963470 0.000000
vt 0.762557 0.000000
vt 0.931507 0.000000
vt 0.958904 0.000000
vt 0.936073 0.000000
vt 0.940639 0.000000
vt 0.954338 0.000000
vt 0.767123 0.000000
vt 0.945205 0.000000
vt 0.949772 0.000000
vt 0.771689 0.000000
vt 0.776256 0.000000
vt 0.780822 0.000000
vt 0.785388 0.000000
vt 0.789954 0.000000
vt 0.794521 0.000000
vt 0.799087 0.000000
vt 0.803653 0.000000
vt 0.808219 0.000000
vt 0.812785 0.000000
vt 0.817352 0.000000
vt 0.821918 0.000000
vt 0.826484 0.000000
vt 0.170068 0.000000
vt 0.176871 0.000000
vt 0.183673 0.000000
vt 0.544218 0.000000
vt 0.551020 0.000000
vt 0.557823 0.000000
vt 0.190476 0.000000
vt 0.564626 0.000000
vt 0.197279 0.000000
vt 0.204082 0.000000
vt 0.578231 0.000000
vt 0.210884 0.000000
vt 0.585034 0.000000
vt 0.217687 0.000000
vt 0.591837 0.000000
vt 0.224490 0.000000
vt 0.598639 0.000000
vt 0.231293 0.000000
vt 0.605442 0.000000
vt 0.238095 0.000000
vt 0.612245 0.000000
vt 0.163265 0.000000
vt 0.537415 0.000000
vt 0.244898 0.000000
vt 0.619048 0.000000
vt 0.530612 0.000000
vt 0.156463 0.000000
vt 0.251701 0.000000
vt 0.625850 0.000000
vt 0.258503 0.000000
vt 0.632653 0.000000
vt 0.265306 0.000000
vt 0.639456 0.000000
vt 0.523810 0.000000
vt 0.149660 0.000000
vt 0.517007 0.000000
vt 0.510204 0.000000
vt 0.136054 0.000000
vt 0.503401 0.000000
vt 0.129252 0.000000
vt 0.496599 0.000000
vt 0.122449 0.000000
vt 0.489796 0.000000
vt 0.115646 0.000000
vt 0.482993 0.000000
vt 0.108844 0.000000
vt 0.476190 0.000000
vt 0.102041 0.000000
vt 0.469388 0.000000
vt 0.095238 0.000000
vt 0.462585 0.000000
vt 0.088435 0.000000
vt 0.081633 0.000000
vt 0.455782 0.000000
vt 0.074830 0.000000
vt 0.068027 0.000000
vt 0.061224 0.000000
vt 0.054422 0.000000
vt 0.047619 0.000000
vt 0.040816 0.000000
vt 0.034014 0.000000
vt 0.027211 0.000000
vt 0.272109 0.000000
vt 0.448980 0.000000
vt 0.442177 0.000000
vt 0.435374 0.000000
vt 0.421769 0.000000
vt 0.414966 0.000000
vt 0.408163 0.000000
vt 0.401361 0.000000
vt 0.646259 0.000000
vt 0.020408 0.000000
vt 0.394558 0.000000
vt 0.013605 0.000000
vt 0.387755 0.000000
vt 0.006803 0.000000
vt 0.380952 0.000000
vt 0.374150 0.000000
vt 0.367347 0.000000
vt 0.278912 0.000000
vt 0.360544 0.000000
vt 0.829932 0.000000
vt 0.292517 0.000000
vt 0.299320 0.000000
vt 0.306122 0.000000
vt 0.312925 0.000000
vt 0.319728 0.000000
vt 0.326531 0.000000
vt 0.836735 0.000000
vt 0.823129 0.000000
vt 0.809524 0.000000
vt 0.802721 0.000000
vt 0.795918 0.000000
vt 0.789116 0.000000
vt 0.782313 0.000000
vt 0.775510 0.000000
vt 0.768707 0.000000
vt 0.761905 0.000000
vt 0.755102 0.000000
vt 0.748299 0.000000
vt 0.741497 0.000000
vt 0.721088 0.000000
vt 0.707483 0.000000
vt 0.700680 0.000000
vt 0.693878 0.000000
vt 0.687075 0.000000
vt 0.680272 0.000000
vt 0.673469 0.000000
vt 0.659864 0.000000
vt 0.653061 0.000000
vt 0.340136 0.000000
vt 0.843537 0.000000
vt 0.346939 0.000000
vt 0.353741 0.000000
vt 0.993197 0.000000
vt 0.850340 0.000000
vt 0.863946 0.000000
vt 0.734694 0.000000
vt 0.727891 0.000000
vt 0.870748 0.000000
vt 0.877551 0.000000
vt 0.986395 0.000000
vt 0.979592 0.000000
vt 0.972789 0.000000
vt 0.965986 0.000000
vt 0.884354 0.000000
vt 0.959184 0.000000
vt 0.952381 0.000000
vt 0.816327 0.000000
vt 0.945578 0.000000
vt 0.891156 0.000000
vt 0.938776 0.000000
vt 0.897959 0.000000
vt 0.931973 0.000000
vt 0.925170 0.000000
vt 0.904762 0.000000
vt 0.918367 0.000000
vt 0.911565 0.000000
vt 0.948207 0.000000
vt 0.952191 0.000000
vt 0.956175 0.000000
vt 0.960159 0.000000
vt 0.964143 0.000000
vt 0.968127 0.000000
vt 0.972112 0.000000
vt 0.976096 0.000000
vt 0.980080 0.000000
vt 0.984064 0.000000
vt 0.988048 0.000000
vt 0.944223 0.000000
vt 0.992032 0.000000
vt 0.996016 0.000000
vt 0.940239 0.000000
vt 0.693227 0.000000
vt 0.936255 0.000000
vt 0.932271 0.000000
vt 0.928287 0.000000
vt 0.924303 0.000000
vt 0.920319 0.000000
vt 0.916335 0.000000
vt 0.912351 0.000000
vt 0.908367 0.000000
vt 0.904382 0.000000
vt 0.900398 0.000000
vt 0.896414 0.000000
vt 0.892430 0.000000
vt 0.888446 0.000000
vt 0.884462 0.000000
vt 0.880478 0.000000
vt 0.876494 0.000000
vt 0.872510 0.000000
vt 0.868526 0.000000
vt 0.864542 0.000000
vt 0.860558 0.000000
vt 0.856574 0.000000
vt 0.697211 0.000000
vt 0.852590 0.000000
vt 0.848606 0.000000
vt 0.844622 0.000000
vt 0.792829 0.000000
vt 0.788845 0.000000
vt 0.784861 0.000000
vt 0.780877 0.000000
vt 0.776892 0.000000
vt 0.772908 0.000000
vt 0.768924 0.000000
vt 0.764940 0.000000
vt 0.760956 0.000000
vt 0.756972 0.000000
vt 0.752988 0.000000
vt 0.741036 0.000000
vt 0.737052 0.000000
vt 0.733068 0.000000
vt 0.729084 0.000000
vt 0.725100 0.000000
vt 0.721116 0.000000
vt 0.717131 0.000000
vt 0.713147 0.000000
vt 0.709163 0.000000
vt 0.705179 0.000000
vt 0.701195 0.000000
vt 0.749004 0.000000
vt 0.745020 0.000000
vt 0.796813 0.000000
vt 0.800797 0.000000
vt 0.804781 0.000000
vt 0.808765 0.000000
vt 0.812749 0.000000
vt 0.816733 0.000000
vt 0.820717 0.000000
vt 0.824701 0.000000
vt 0.828685 0.000000
vt 0.832669 0.000000
vt 0.836653 0.000000
vt 0.840637 0.000000
vt 0.003984 0.000000
vt 0.007968 0.000000
vt 0.011952 0.000000
vt 0.015936 0.000000
vt 0.019920 0.000000
vt 0.023904 0.000000
vt 0.027888 0.000000
vt 0.031873 0.000000
vt 0.035857 0.000000
vt 0.585657 0.000000
vt 0.039841 0.000000
vt 0.581673 0.000000
vt 0.043825 0.000000
vt 0.047809 0.000000
vt 0.577689 0.000000
vt 0.051793 0.000000
vt 0.573705 0.000000
vt 0.055777 0.000000
vt 0.059761 0.000000
vt 0.569721 0.000000
vt 0.063745 0.000000
vt 0.565737 0.000000
vt 0.067729 0.000000
vt 0.071713 0.000000
vt 0.561753 0.000000
vt 0.075697 0.000000
vt 0.557769 0.000000
vt 0.079681 0.000000
vt 0.083665 0.000000
vt 0.553785 0.000000
vt 0.087649 0.000000
vt 0.091633 0.000000
vt 0.095618 0.000000
vt 0.099602 0.000000
vt 0.549801 0.000000
vt 0.103586 0.000000
vt 0.545817 0.000000
vt 0.541833 0.000000
vt 0.107570 0.000000
vt 0.537849 0.000000
vt 0.533865 0.000000
vt 0.529880 0.000000
vt 0.525896 0.000000
vt 0.111554 0.000000
vt 0.521912 0.000000
vt 0.517928 0.000000
vt 0.513944 0.000000
vt 0.115538 0.000000
vt 0.509960 0.000000
vt 0.119522 0.000000
vt 0.505976 0.000000
vt 0.123506 0.000000
vt 0.127490 0.000000
vt 0.501992 0.000000
vt 0.131474 0.000000
vt 0.135458 0.000000
vt 0.498008 0.000000
vt 0.494024 0.000000
vt 0.490040 0.000000
vt 0.139442 0.000000
vt 0.486056 0.000000
vt 0.482072 0.000000
vt 0.143426 0.000000
vt 0.478088 0.000000
vt 0.147410 0.000000
vt 0.474104 0.000000
vt 0.151394 0.000000
vt 0.470120 0.000000
vt 0.155378 0.000000
vt 0.466135 0.000000
vt 0.159363 0.000000
vt 0.462151 0.000000
vt 0.163347 0.000000
vt 0.458167 0.000000
vt 0.167331 0.000000
vt 0.171315 0.000000
vt 0.454183 0.000000
vt 0.175299 0.000000
vt 0.450199 0.000000
vt 0.179283 0.000000
vt 0.446215 0.000000
vt 0.183267 0.000000
vt 0.187251 0.000000
vt 0.442231 0.000000
vt 0.191235 0.000000
vt 0.438247 0.000000
vt 0.195219 0.000000
vt 0.199203 0.000000
vt 0.434263 0.000000
vt 0.203187 0.000000
vt 0.430279 0.000000
vt 0.207171 0.000000
vt 0.211155 0.000000
vt 0.426295 0.000000
vt 0.215139 0.000000
vt 0.422311 0.000000
vt 0.219124 0.000000
vt 0.223108 0.000000
vt 0.418327 0.000000
vt 0.227092 0.000000
vt 0.589641 0.000000
vt 0.414343 0.000000
vt 0.231076 0.000000
vt 0.235060 0.000000
vt 0.593625 0.000000
vt 0.410359 0.000000
vt 0.239044 0.000000
vt 0.597610 0.000000
vt 0.406375 0.000000
vt 0.243028 0.000000
vt 0.247012 0.000000
vt 0.601594 0.000000
vt 0.689243 0.000000
vt 0.250996 0.000000
vt 0.254980 0.000000
vt 0.605578 0.000000
vt 0.685259 0.000000
vt 0.258964 0.000000
vt 0.262948 0.000000
vt 0.609562 0.000000
vt 0.681275 0.000000
vt 0.266932 0.000000
vt 0.270916 0.000000
vt 0.613546 0.000000
vt 0.677291 0.000000
vt 0.274900 0.000000
vt 0.398406 0.000000
vt 0.617530 0.000000
vt 0.673307 0.000000
vt 0.278884 0.000000
vt 0.282869 0.000000
vt 0.621514 0.000000
vt 0.669323 0.000000
vt 0.286853 0.000000
vt 0.290837 0.000000
vt 0.625498 0.000000
vt 0.665339 0.000000
vt 0.294821 0.000000
vt 0.629482 0.000000
vt 0.661355 0.000000
vt 0.298805 0.000000
vt 0.394422 0.000000
vt 0.390438 0.000000
vt 0.633466 0.000000
vt 0.657371 0.000000
vt 0.302789 0.000000
vt 0.306773 0.000000
vt 0.310757 0.000000
vt 0.386454 0.000000
vt 0.637450 0.000000
vt 0.653386 0.000000
vt 0.314741 0.000000
vt 0.318725 0.000000
vt 0.649402 0.000000
vt 0.382470 0.000000
vt 0.378486 0.000000
vt 0.641434 0.000000
vt 0.322709 0.000000
vt 0.645418 0.000000
vt 0.374502 0.000000
vt 0.326693 0.000000
vt 0.370518 0.000000
vt 0.366534 0.000000
vt 0.362550 0.000000
vt 0.358566 0.000000
vt 0.330677 0.000000
vt 0.354582 0.000000
vt 0.334661 0.000000
vt 0.338645 0.000000
vt 0.350598 0.000000
vt 0.342629 0.000000
vt 0.346614 0.000000
vt 0.402390 0.000000
s 0
f 115/1/1 116/2/1 1/3/1
f 115/1/1 1/3/1 119/4/1
f 119/4/1 1/3/1 2/5/1
f 114/6/1 115/1/1 119/4/1
f 113/7/1 114/6/1 119/4/1
f 112/8/1 113/7/1 119/4/1
f 111/9/1 112/8/1 119/4/1
f 110/10/1 111/9/1 119/4/1
f 109/11/1 110/10/1 119/4/1
f 108/12/1 109/11/1 119/4/1
f 107/13/1 108/12/1 120/14/1
f 120/14/1 108/12/1 119/4/1
f 107/13/1 120/14/1 121/15/1
f 118/16/1 119/4/1 2/5/1
f 107/13/1 121/15/1 122/17/1
f 106/18/1 107/13/1 122/17/1
f 106/18/1 122/17/1 123/19/1
f 105/20/1 106/18/1 123/19/1
f 104/21/1 105/20/1 123/19/1
f 104/21/1 123/19/1 124/22/1
f 103/23/1 104/21/1 124/22/1
f 103/23/1 124/22/1 125/24/1
f 102/25/1 103/23/1 125/24/1
f 102/25/1 125/24/1 126/26/1
f 101/27/1 102/25/1 126/26/1
f 101/27/1 126/26/1 127/28/1
f 100/29/1 101/27/1 127/28/1
f 99/30/1 100/29/1 127/28/1
f 99/30/1 127/28/1 128/31/1
f 98/32/1 99/30/1 128/31/1
f 98/32/1 128/31/1 129/33/1
f 97/34/1 98/32/1 129/33/1
f 97/34/1 129/33/1 130/35/1
f 96/36/1 97/34/1 130/35/1
f 95/37/1 96/36/1 130/35/1
f 95/37/1 130/35/1 131/38/1
f 94/39/1 95/37/1 131/38/1
f 94/39/1 131/38/1 117/40/1
f 93/41/1 94/39/1 117/40/1
f 93/41/1 117/40/1 118/16/1
f 93/41/1 118/16/1 2/5/1
f 92/42/1 93/41/1 2/5/1
f 92/42/1 2/5/1 3/43/1
f 92/42/1 3/43/1 17/44/1
f 17/44/1 3/43/1 4/45/1
f 17/44/1 4/45/1 5/46/1
f 17/44/1 5/46/1 6/47/1
f 17/44/1 6/47/1 7/48/1
f 17/44/1 7/48/1 16/49/1
f 16/49/1 7/48/1 8/50/1
f 92/42/1 17/44/1 18/51/1
f 15/52/1 16/49/1 14/53/1
f 14/53/1 16/49/1 13/54/1
f 13/54/1 16/49/1 12/55/1
f 12/55/1 16/49/1 11/56/1
f 11/56/1 16/49/1 10/57/1
f 10/57/1 16/49/1 9/58/1
f 9/58/1 16/49/1 8/50/1
f 91/59/1 92/42/1 18/51/1
f 91/59/1 18/51/1 19/60/1
f 90/61/1 91/59/1 19/60/1
f 90/61/1 19/60/1 20/62/1
f 89/63/1 90/61/1 20/62/1
f 89/63/1 20/62/1 21/64/1
f 88/65/1 89/63/1 21/64/1
f 88/65/1 21/64/1 22/66/1
f 87/67/1 88/65/1 22/66/1
f 65/68/1 66/69/1 67/70/1
f 87/67/1 22/66/1 23/71/1
f 86/72/1 87/67/1 23/71/1
f 86/72/1 23/71/1 24/73/1
f 86/72/1 24/73/1 25/74/1
f 85/75/1 86/72/1 25/74/1
f 85/75/1 25/74/1 26/76/1
f 84/77/1 85/75/1 26/76/1
f 64/78/1 65/68/1 67/70/1
f 63/79/1 64/78/1 67/70/1
f 84/77/1 26/76/1 27/80/1
f 62/81/1 63/79/1 67/70/1
f 61/82/1 62/81/1 67/70/1
f 83/83/1 84/77/1 27/80/1
f 60/84/1 61/82/1 67/70/1
f 83/83/1 27/80/1 28/85/1
f 59/86/1 60/84/1 67/70/1
f 58/87/1 59/86/1 67/70/1
f 83/83/1 28/85/1 29/88/1
f 57/89/1 58/87/1 67/70/1
f 82/90/1 83/83/1 29/88/1
f 82/90/1 29/88/1 30/91/1
f 56/92/1 57/89/1 67/70/1
f 55/93/1 56/92/1 67/70/1
f 82/90/1 30/91/1 31/94/1
f 54/95/1 55/93/1 67/70/1
f 81/96/1 82/90/1 31/94/1
f 53/97/1 54/95/1 67/70/1
f 81/96/1 31/94/1 32/98/1
f 52/99/1 53/97/1 67/70/1
f 80/100/1 81/96/1 32/98/1
f 80/100/1 32/98/1 33/101/1
f 51/102/1 52/99/1 67/70/1
f 79/103/1 80/100/1 33/101/1
f 79/103/1 33/101/1 34/104/1
f 50/105/1 51/102/1 67/70/1
f 49/106/1 50/105/1 67/70/1
f 79/103/1 34/104/1 35/107/1
f 78/108/1 79/103/1 35/107/1
f 48/109/1 49/106/1 67/70/1
f 78/108/1 35/107/1 36/110/1
f 47/111/1 48/109/1 67/70/1
f 77/112/1 78/108/1 36/110/1
f 77/112/1 36/110/1 37/113/1
f 46/114/1 47/111/1 67/70/1
f 77/112/1 37/113/1 38/115/1
f 45/116/1 46/114/1 67/70/1
f 44/117/1 45/116/1 67/70/1
f 76/118/1 77/112/1 38/115/1
f 76/118/1 38/115/1 39/119/1
f 43/120/1 44/117/1 67/70/1
f 76/118/1 39/119/1 40/121/1
f 42/122/1 43/120/1 67/70/1
f 76/118/1 40/121/1 41/123/1
f 41/123/1 42/122/1 67/70/1
f 76/118/1 41/123/1 67/70/1
f 75/124/1 76/118/1 67/70/1
f 74/125/1 75/124/1 67/70/1
f 73/126/1 74/125/1 67/70/1
f 72/127/1 73/126/1 67/70/1
f 71/128/1 72/127/1 67/70/1
f 70/129/1 71/128/1 67/70/1
f 69/130/1 70/129/1 67/70/1
f 68/131/1 69/130/1 67/70/1
f 291/132/1 292/133/1 293/134/1
f 290/135/1 291/132/1 293/134/1
f 290/135/1 293/134/1 294/136/1
f 289/137/1 290/135/1 294/136/1
f 288/138/1 289/137/1 294/136/1
f 288/138/1 294/136/1 295/139/1
f 287/140/1 288/138/1 295/139/1
f 286/141/1 287/140/1 295/139/1
f 286/141/1 295/139/1 296/142/1
f 285/143/1 286/141/1 296/142/1
f 284/144/1 285/143/1 296/142/1
f 284/144/1 296/142/1 297/145/1
f 283/146/1 284/144/1 169/147/1
f 169/147/1 284/144/1 168/148/1
f 168/148/1 284/144/1 297/145/1
f 283/146/1 169/147/1 170/149/1
f 167/150/1 168/148/1 297/145/1
f 166/151/1 167/150/1 297/145/1
f 165/152/1 166/151/1 297/145/1
f 165/152/1 297/145/1 298/153/1
f 283/146/1 170/149/1 171/154/1
f 282/155/1 283/146/1 171/154/1
f 164/156/1 165/152/1 298/153/1
f 163/157/1 164/156/1 298/153/1
f 162/158/1 163/157/1 298/153/1
f 282/155/1 171/154/1 172/159/1
f 281/160/1 282/155/1 172/159/1
f 161/161/1 162/158/1 298/153/1
f 161/161/1 298/153/1 299/162/1
f 160/163/1 161/161/1 299/162/1
f 280/164/1 281/160/1 172/159/1
f 280/164/1 172/159/1 173/165/1
f 159/166/1 160/163/1 299/162/1
f 279/167/1 280/164/1 173/165/1
f 158/168/1 159/166/1 299/162/1
f 158/168/1 299/162/1 300/169/1
f 157/170/1 158/168/1 300/169/1
f 279/167/1 173/165/1 174/171/1
f 156/172/1 157/170/1 300/169/1
f 278/173/1 279/167/1 174/171/1
f 156/172/1 300/169/1 301/174/1
f 155/175/1 156/172/1 301/174/1
f 154/176/1 155/175/1 301/174/1
f 278/173/1 174/171/1 175/177/1
f 277/178/1 278/173/1 175/177/1
f 153/179/1 154/176/1 301/174/1
f 153/179/1 301/174/1 302/180/1
f 152/181/1 153/179/1 302/180/1
f 276/182/1 277/178/1 175/177/1
f 151/183/1 152/181/1 302/180/1
f 276/182/1 175/177/1 176/184/1
f 150/185/1 151/183/1 302/180/1
f 150/185/1 302/180/1 303/186/1
f 149/187/1 150/185/1 303/186/1
f 275/188/1 276/182/1 176/184/1
f 148/189/1 149/187/1 303/186/1
f 147/190/1 148/189/1 303/186/1
f 146/191/1 147/190/1 303/186/1
f 275/188/1 176/184/1 177/192/1
f 146/191/1 303/186/1 304/193/1
f 274/194/1 275/188/1 177/192/1
f 145/195/1 146/191/1 304/193/1
f 144/196/1 145/195/1 304/193/1
f 143/197/1 144/196/1 304/193/1
f 142/198/1 143/197/1 304/193/1
f 141/199/1 142/198/1 304/193/1
f 140/200/1 141/199/1 304/193/1
f 139/201/1 140/200/1 304/193/1
f 138/202/1 139/201/1 304/193/1
f 273/203/1 274/194/1 177/192/1
f 138/202/1 304/193/1 307/204/1
f 307/204/1 304/193/1 306/205/1
f 306/205/1 304/193/1 305/206/1
f 137/207/1 138/202/1 308/208/1
f 308/208/2 138/202/2 307/204/2
f 136/209/1 137/207/1 309/210/1
f 309/210/2 137/207/2 308/208/2
f 135/211/1 136/209/1 311/212/1
f 311/212/1 136/209/1 310/213/1
f 310/213/1 136/209/1 309/210/1
f 134/214/1 135/211/1 312/215/1
f 312/215/1 135/211/1 311/212/1
f 133/216/1 134/214/1 314/217/1
f 314/217/1 134/214/1 313/218/1
f 313/218/1 134/214/1 312/215/1
f 132/3/1 133/216/1 316/38/1
f 316/38/1 133/216/1 315/219/1
f 315/219/1 133/216/1 314/217/1
f 273/203/1 177/192/1 178/220/1
f 272/221/1 273/203/1 178/220/1
f 272/221/1 178/220/1 179/222/1
f 271/223/1 272/221/1 179/222/1
f 270/224/1 271/223/1 179/222/1
f 270/224/1 179/222/1 180/225/1
f 269/226/1 270/224/1 180/225/1
f 268/227/1 269/226/1 180/225/1
f 268/227/1 180/225/1 181/228/1
f 267/229/1 268/227/1 181/228/1
f 266/230/1 267/229/1 181/228/1
f 266/230/1 181/228/1 182/231/1
f 265/232/1 266/230/1 182/231/1
f 264/233/1 265/232/1 182/231/1
f 264/233/1 182/231/1 183/234/1
f 263/235/1 264/233/1 183/234/1
f 262/236/1 263/235/1 183/234/1
f 262/236/1 183/234/1 184/237/1
f 261/238/1 262/236/1 184/237/1
f 261/238/1 184/237/1 185/239/1
f 260/240/1 261/238/1 185/239/1
f 259/241/1 260/240/1 185/239/1
f 259/241/1 185/239/1 186/242/1
f 258/243/1 259/241/1 186/242/1
f 229/244/1 230/245/1 231/246/1
f 257/247/1 258/243/1 186/242/1
f 257/247/1 186/242/1 187/248/1
f 256/249/1 257/247/1 187/248/1
f 255/250/1 256/249/1 187/248/1
f 255/250/1 187/248/1 188/251/1
f 254/252/1 255/250/1 188/251/1
f 254/252/1 188/251/1 189/253/1
f 253/254/1 254/252/1 189/253/1
f 252/255/1 253/254/1 189/253/1
f 252/255/1 189/253/1 190/256/1
f 228/257/1 229/244/1 231/246/1
f 251/258/1 252/255/1 190/256/1
f 227/259/1 228/257/1 231/246/1
f 251/258/1 190/256/1 191/260/1
f 226/261/1 227/259/1 231/246/1
f 225/262/1 226/261/1 231/246/1
f 250/263/1 251/258/1 191/260/1
f 224/69/1 225/262/1 231/246/1
f 250/263/1 191/260/1 192/264/1
f 223/265/1 224/69/1 231/246/1
f 249/266/1 250/263/1 192/264/1
f 222/267/1 223/265/1 231/246/1
f 249/266/1 192/264/1 193/268/1
f 221/269/1 222/267/1 231/246/1
f 248/270/1 249/266/1 193/268/1
f 220/271/1 221/269/1 231/246/1
f 248/270/1 193/268/1 194/272/1
f 219/273/1 220/271/1 231/246/1
f 247/274/1 248/270/1 194/272/1
f 247/274/1 194/272/1 195/275/1
f 218/276/1 219/273/1 231/246/1
f 217/277/1 218/276/1 231/246/1
f 246/278/1 247/274/1 195/275/1
f 246/278/1 195/275/1 196/279/1
f 216/280/1 217/277/1 231/246/1
f 245/281/1 246/278/1 196/279/1
f 245/281/1 196/279/1 197/282/1
f 215/283/1 216/280/1 231/246/1
f 245/281/1 197/282/1 198/284/1
f 244/285/1 245/281/1 198/284/1
f 214/286/1 215/283/1 231/246/1
f 213/287/1 214/286/1 231/246/1
f 244/285/1 198/284/1 199/288/1
f 243/289/1 244/285/1 199/288/1
f 212/290/1 213/287/1 231/246/1
f 243/289/1 199/288/1 200/291/1
f 211/292/1 212/290/1 231/246/1
f 242/293/1 243/289/1 200/291/1
f 242/293/1 200/291/1 201/294/1
f 210/295/1 211/292/1 231/246/1
f 242/293/1 201/294/1 202/296/1
f 209/297/1 210/295/1 231/246/1
f 241/298/1 242/293/1 202/296/1
f 241/298/1 202/296/1 203/299/1
f 208/300/1 209/297/1 231/246/1
f 207/301/1 208/300/1 231/246/1
f 241/298/1 203/299/1 204/302/1
f 206/303/1 207/301/1 231/246/1
f 241/298/1 204/302/1 205/304/1
f 205/304/1 206/303/1 231/246/1
f 241/298/1 205/304/1 231/246/1
f 240/305/1 241/298/1 231/246/1
f 239/306/1 240/305/1 231/246/1
f 238/307/1 239/306/1 231/246/1
f 237/308/1 238/307/1 231/246/1
f 236/309/1 237/308/1 231/246/1
f 235/310/1 236/309/1 231/246/1
f 234/311/1 235/310/1 231/246/1
f 233/312/1 234/311/1 231/246/1
f 232/313/1 233/312/1 231/246/1
f 352/314/1 353/315/1 354/316/1
f 351/317/1 352/314/1 354/316/1
f 350/318/1 351/317/1 354/316/1
f 349/319/1 350/318/1 354/316/1
f 348/320/1 349/319/1 354/316/1
f 347/321/1 348/320/1 354/316/1
f 346/322/1 347/321/1 354/316/1
f 345/323/1 346/322/1 354/316/1
f 344/324/1 345/323/1 354/316/1
f 343/325/1 344/324/1 354/316/1
f 342/326/1 343/325/1 354/316/1
f 477/327/1 317/3/1 318/328/1
f 477/327/1 318/328/1 319/329/1
f 476/330/1 477/327/1 319/329/1
f 341/331/1 342/326/1 354/316/1
f 476/330/1 319/329/1 320/332/1
f 475/333/1 476/330/1 320/332/1
f 340/334/1 341/331/1 354/316/1
f 475/333/1 320/332/1 321/335/1
f 474/336/1 475/333/1 321/335/1
f 474/336/1 321/335/1 322/337/1
f 339/338/1 340/334/1 354/316/1
f 473/339/1 474/336/1 322/337/1
f 473/339/1 322/337/1 323/340/1
f 472/341/1 473/339/1 323/340/1
f 338/342/1 339/338/1 354/316/1
f 472/341/1 323/340/1 324/343/1
f 337/344/1 338/342/1 354/316/1
f 471/345/1 472/341/1 324/343/1
f 471/345/1 324/343/1 325/346/1
f 336/347/1 337/344/1 354/316/1
f 470/348/1 471/345/1 325/346/1
f 470/348/1 325/346/1 326/349/1
f 335/350/1 336/347/1 354/316/1
f 469/351/1 470/348/1 326/349/1
f 334/352/1 335/350/1 354/316/1
f 469/351/1 326/349/1 541/353/1
f 541/353/1 326/349/1 540/354/1
f 540/354/1 326/349/1 327/355/1
f 333/356/1 334/352/1 354/316/1
f 469/351/1 541/353/1 542/357/1
f 539/358/1 540/354/1 327/355/1
f 539/358/1 327/355/1 328/359/1
f 468/360/1 469/351/1 542/357/1
f 332/361/1 333/356/1 354/316/1
f 468/360/1 542/357/1 543/362/1
f 331/363/1 332/361/1 354/316/1
f 539/358/1 328/359/1 329/364/1
f 467/365/1 468/360/1 543/362/1
f 330/366/1 331/363/1 354/316/1
f 467/365/1 543/362/1 544/367/1
f 329/364/1 330/366/1 354/316/1
f 539/358/1 329/364/1 538/368/1
f 538/368/1 329/364/1 537/369/1
f 537/369/1 329/364/1 536/370/1
f 536/370/1 329/364/1 535/371/1
f 535/371/1 329/364/1 534/372/1
f 534/372/1 329/364/1 533/373/1
f 533/373/1 329/364/1 532/374/1
f 532/374/1 329/364/1 531/375/1
f 531/375/1 329/364/1 530/376/1
f 530/376/1 329/364/1 529/377/1
f 529/377/1 329/364/1 528/378/1
f 528/378/1 329/364/1 527/379/1
f 527/379/1 329/364/1 354/316/1
f 466/380/1 467/365/1 544/367/1
f 466/380/1 544/367/1 545/381/1
f 465/382/1 466/380/1 545/381/1
f 465/382/1 545/381/1 546/383/1
f 464/384/1 465/382/1 546/383/1
f 526/385/1 527/379/1 354/316/1
f 464/384/1 546/383/1 547/386/1
f 463/387/1 464/384/1 547/386/1
f 462/388/1 463/387/1 547/386/1
f 462/388/1 547/386/1 548/389/1
f 461/390/1 462/388/1 548/389/1
f 461/390/1 548/389/1 549/391/1
f 460/392/1 461/390/1 549/391/1
f 459/393/1 460/392/1 549/391/1
f 459/393/1 549/391/1 550/394/1
f 458/103/1 459/393/1 550/394/1
f 458/103/1 550/394/1 551/395/1
f 457/396/1 458/103/1 551/395/1
f 456/397/1 457/396/1 551/395/1
f 456/397/1 551/395/1 552/38/1
f 455/398/1 456/397/1 552/38/1
f 454/399/1 455/398/1 552/38/1
f 454/399/1 552/38/1 478/400/1
f 453/401/1 454/399/1 478/400/1
f 452/402/1 453/401/1 478/400/1
f 452/402/1 478/400/1 479/403/1
f 525/404/1 526/385/1 354/316/1
f 451/405/1 452/402/1 479/403/1
f 451/405/1 479/403/1 480/406/1
f 524/407/1 525/404/1 354/316/1
f 450/408/1 451/405/1 480/406/1
f 449/409/1 450/408/1 480/406/1
f 449/409/1 480/406/1 481/410/1
f 523/411/1 524/407/1 354/316/1
f 448/412/1 449/409/1 481/410/1
f 448/412/1 481/410/1 482/413/1
f 522/414/1 523/411/1 354/316/1
f 447/415/1 448/412/1 482/413/1
f 447/415/1 482/413/1 483/416/1
f 446/417/1 447/415/1 483/416/1
f 521/418/1 522/414/1 354/316/1
f 445/419/1 446/417/1 483/416/1
f 445/419/1 483/416/1 484/420/1
f 520/421/1 521/418/1 354/316/1
f 444/422/1 445/419/1 484/420/1
f 444/422/1 484/420/1 485/423/1
f 443/424/1 444/422/1 485/423/1
f 519/425/1 520/421/1 354/316/1
f 442/426/1 443/424/1 485/423/1
f 442/426/1 485/423/1 486/427/1
f 441/428/1 442/426/1 486/427/1
f 518/429/1 519/425/1 354/316/1
f 440/430/1 441/428/1 486/427/1
f 440/430/1 486/427/1 487/431/1
f 517/432/1 518/429/1 354/316/1
f 439/433/1 440/430/1 487/431/1
f 439/433/1 487/431/1 488/434/1
f 438/435/1 439/433/1 488/434/1
f 516/436/1 517/432/1 354/316/1
f 437/437/1 438/435/1 488/434/1
f 437/437/1 488/434/1 489/438/1
f 515/439/1 516/436/1 354/316/1
f 436/440/1 437/437/1 489/438/1
f 436/440/1 489/438/1 490/441/1
f 435/442/1 436/440/1 490/441/1
f 514/443/1 515/439/1 354/316/1
f 435/442/1 490/441/1 491/444/1
f 434/445/1 435/442/1 491/444/1
f 513/446/1 514/443/1 354/316/1
f 433/447/1 434/445/1 491/444/1
f 433/447/1 491/444/1 492/448/1
f 513/446/1 354/316/1 355/449/1
f 512/450/1 513/446/1 355/449/1
f 432/451/1 433/447/1 492/448/1
f 432/451/1 492/448/1 493/452/1
f 511/453/1 512/450/1 355/449/1
f 431/454/1 432/451/1 493/452/1
f 431/454/1 493/452/1 494/455/1
f 510/456/1 511/453/1 355/449/1
f 430/457/1 431/454/1 494/455/1
f 510/456/1 355/449/1 356/458/1
f 510/456/1 356/458/1 357/459/1
f 430/457/1 494/455/1 495/460/1
f 510/456/1 357/459/1 358/461/1
f 509/462/1 510/456/1 358/461/1
f 429/463/1 430/457/1 495/460/1
f 509/462/1 358/461/1 359/464/1
f 509/462/1 359/464/1 360/465/1
f 509/462/1 360/465/1 361/466/1
f 429/463/1 495/460/1 496/467/1
f 508/468/1 509/462/1 361/466/1
f 428/469/1 429/463/1 496/467/1
f 508/468/1 361/466/1 362/470/1
f 508/468/1 362/470/1 363/471/1
f 508/468/1 363/471/1 364/80/1
f 428/469/1 496/467/1 497/472/1
f 507/473/1 508/468/1 364/80/1
f 427/474/1 428/469/1 497/472/1
f 507/473/1 364/80/1 365/475/1
f 507/473/1 365/475/1 366/476/1
f 427/474/1 497/472/1 498/477/1
f 506/478/1 507/473/1 366/476/1
f 506/478/1 366/476/1 367/479/1
f 426/480/1 427/474/1 498/477/1
f 506/478/1 367/479/1 368/481/1
f 426/480/1 498/477/1 499/482/1
f 506/478/1 368/481/1 369/483/1
f 505/20/1 506/478/1 369/483/1
f 505/20/1 369/483/1 370/484/1
f 425/485/1 426/480/1 499/482/1
f 425/485/1 499/482/1 500/486/1
f 505/20/1 370/484/1 371/487/1
f 504/488/1 505/20/1 371/487/1
f 504/488/1 371/487/1 372/489/1
f 425/485/1 500/486/1 501/490/1
f 503/491/1 504/488/1 372/489/1
f 424/492/1 425/485/1 501/490/1
f 503/491/1 372/489/1 373/493/1
f 424/492/1 501/490/1 502/494/1
f 502/494/1 503/491/1 373/493/1
f 424/492/1 502/494/1 373/493/1
f 424/492/1 373/493/1 374/495/1
f 423/496/1 424/492/1 374/495/1
f 423/496/1 374/495/1 375/497/1
f 423/496/1 375/497/1 376/498/1
f 422/499/1 423/496/1 376/498/1
f 422/499/1 376/498/1 377/500/1
f 421/501/1 422/499/1 377/500/1
f 421/501/1 377/500/1 378/502/1
f 420/503/1 421/501/1 378/502/1
f 420/503/1 378/502/1 379/504/1
f 419/505/1 420/503/1 379/504/1
f 418/506/1 419/505/1 379/504/1
f 417/507/3 418/506/3 379/504/3
f 416/508/1 417/507/1 379/504/1
f 416/508/1 379/504/1 415/509/1
f 415/509/1 379/504/1 414/510/1
f 414/510/1 379/504/1 413/511/1
f 413/511/1 379/504/1 412/512/1
f 412/512/1 379/504/1 411/97/1
f 411/97/1 379/504/1 410/513/1
f 410/513/1 379/504/1 409/514/1
f 409/514/1 379/504/1 408/515/1
f 408/515/1 379/504/1 407/516/1
f 407/516/1 379/504/1 406/517/1
f 406/517/1 379/504/1 404/518/1
f 404/518/1 379/504/1 403/519/1
f 403/519/1 379/504/1 402/520/1
f 402/520/1 379/504/1 401/521/1
f 401/521/1 379/504/1 400/522/1
f 400/522/1 379/504/1 399/523/1
f 399/523/1 379/504/1 398/524/1
f 398/524/1 379/504/1 397/525/1
f 397/525/1 379/504/1 396/526/1
f 396/526/1 379/504/1 395/527/1
f 395/527/1 379/504/1 380/528/1
f 405/529/1 406/517/1 404/518/1
f 394/530/4 395/527/4 380/528/4
f 393/531/5 394/530/5 380/528/5
f 392/532/1 393/531/1 380/528/1
f 391/533/1 392/532/1 380/528/1
f 390/534/1 391/533/1 380/528/1
f 389/535/1 390/534/1 380/528/1
f 388/536/1 389/535/1 380/528/1
f 387/537/1 388/536/1 380/528/1
f 386/538/1 387/537/1 380/528/1
f 385/539/1 386/538/1 380/528/1
f 385/539/1 380/528/1 384/540/1
f 384/540/1 380/528/1 383/541/1
f 383/541/1 380/528/1 382/542/1
f 382/542/1 380/528/1 381/543/1
f 750/544/1 751/545/1 752/546/1
f 750/544/1 752/546/1 753/547/1
f 750/544/1 753/547/1 754/548/1
f 750/544/1 754/548/1 755/549/1
f 750/544/1 755/549/1 756/550/1
f 750/544/1 756/550/1 757/551/1
f 750/544/1 757/551/1 758/552/1
f 750/544/1 758/552/1 759/553/1
f 636/554/1 637/555/1 638/556/1
f 636/554/1 638/556/1 639/557/1
f 635/558/1 636/554/1 639/557/1
f 634/559/1 635/558/1 639/557/1
f 634/559/1 639/557/1 640/560/1
f 633/561/1 634/559/1 640/560/1
f 632/562/1 633/561/1 640/560/1
f 632/562/1 640/560/1 641/563/1
f 631/564/1 632/562/1 641/563/1
f 750/544/1 759/553/1 760/565/1
f 630/566/1 631/564/1 641/563/1
f 630/566/1 641/563/1 642/567/1
f 629/568/1 630/566/1 642/567/1
f 628/569/1 629/568/1 642/567/1
f 628/569/1 642/567/1 643/570/1
f 750/544/1 760/565/1 761/571/1
f 627/572/1 628/569/1 643/570/1
f 750/544/1 761/571/1 762/38/1
f 626/573/1 627/572/1 643/570/1
f 749/574/1 750/544/1 762/38/1
f 626/573/1 643/570/1 644/575/1
f 625/576/1 626/573/1 644/575/1
f 749/574/1 762/38/1 625/576/1
f 749/574/1 625/576/1 644/575/1
f 748/577/1 749/574/1 644/575/1
f 748/577/1 644/575/1 577/578/1
f 577/578/1 644/575/1 645/579/1
f 748/577/1 577/578/1 578/580/1
f 576/581/1 577/578/1 645/579/1
f 748/577/1 578/580/1 579/582/1
f 575/583/1 576/581/1 645/579/1
f 747/584/1 748/577/1 579/582/1
f 747/584/1 579/582/1 580/585/1
f 574/586/1 575/583/1 645/579/1
f 574/586/1 645/579/1 646/587/1
f 747/584/1 580/585/1 581/588/1
f 573/589/1 574/586/1 646/587/1
f 746/590/1 747/584/1 581/588/1
f 573/589/1 646/587/1 647/591/1
f 746/590/1 581/588/1 582/592/1
f 745/593/1 746/590/1 582/592/1
f 572/594/1 573/589/1 647/591/1
f 744/595/1 745/593/1 582/592/1
f 572/594/1 647/591/1 648/596/1
f 744/595/1 582/592/1 583/597/1
f 571/598/1 572/594/1 648/596/1
f 743/599/1 744/595/1 583/597/1
f 742/600/1 743/599/1 583/597/1
f 742/600/1 583/597/1 584/601/1
f 571/598/1 648/596/1 649/602/1
f 570/603/1 571/598/1 649/602/1
f 741/604/1 742/600/1 584/601/1
f 740/605/1 741/604/1 584/601/1
f 570/603/1 649/602/1 650/606/1
f 740/605/1 584/601/1 585/607/1
f 739/608/1 740/605/1 585/607/1
f 569/609/1 570/603/1 650/606/1
f 738/610/1 739/608/1 585/607/1
f 737/611/1 738/610/1 585/607/1
f 569/609/1 650/606/1 651/612/1
f 737/611/1 585/607/1 586/613/1
f 568/614/1 569/609/1 651/612/1
f 736/615/1 737/611/1 586/613/1
f 736/615/1 586/613/1 587/616/1
f 735/617/1 736/615/1 587/616/1
f 734/618/1 735/617/1 587/616/1
f 567/619/1 568/614/1 651/612/1
f 567/619/1 651/612/1 652/620/1
f 733/621/1 734/618/1 587/616/1
f 732/622/1 733/621/1 587/616/1
f 731/623/1 732/622/1 587/616/1
f 731/623/1 587/616/1 588/624/1
f 566/625/1 567/619/1 652/620/1
f 730/626/1 731/623/1 588/624/1
f 729/627/1 730/626/1 588/624/1
f 566/625/1 652/620/1 653/628/1
f 729/627/1 588/624/1 589/629/1
f 728/630/1 729/627/1 589/629/1
f 565/631/1 566/625/1 653/628/1
f 727/632/1 728/630/1 589/629/1
f 727/632/1 589/629/1 590/633/1
f 726/634/1 727/632/1 590/633/1
f 565/631/1 653/628/1 654/635/1
f 564/636/1 565/631/1 654/635/1
f 725/637/1 726/634/1 590/633/1
f 725/637/1 590/633/1 591/638/1
f 724/639/1 725/637/1 592/640/1
f 592/640/1 725/637/1 591/638/1
f 563/641/1 564/636/1 654/635/1
f 563/641/1 654/635/1 655/642/1
f 562/643/1 563/641/1 655/642/1
f 562/643/1 655/642/1 656/644/1
f 724/639/1 592/640/1 593/645/1
f 561/646/1 562/643/1 656/644/1
f 724/639/1 593/645/1 594/647/1
f 561/646/1 656/644/1 657/648/1
f 560/649/1 561/646/1 657/648/1
f 724/639/1 594/647/1 595/650/1
f 559/651/1 560/649/1 657/648/1
f 559/651/1 657/648/1 658/652/1
f 724/639/1 595/650/1 596/653/1
f 558/654/1 559/651/1 658/652/1
f 558/654/1 658/652/1 659/655/1
f 724/639/1 596/653/1 597/656/1
f 557/657/1 558/654/1 659/655/1
f 724/639/1 597/656/1 598/658/1
f 557/657/1 659/655/1 660/659/1
f 556/660/1 557/657/1 660/659/1
f 724/639/1 598/658/1 599/661/1
f 555/662/1 556/660/1 660/659/1
f 555/662/1 660/659/1 661/663/1
f 724/639/1 599/661/1 600/664/1
f 554/665/1 555/662/1 661/663/1
f 554/665/1 661/663/1 662/666/1
f 724/639/1 600/664/1 601/667/1
f 553/3/1 554/665/1 662/666/1
f 724/639/1 601/667/1 602/668/1
f 624/669/1 553/3/1 662/666/1
f 624/669/1 662/666/1 663/670/1
f 624/669/1 663/670/1 664/671/1
f 724/639/1 602/668/1 603/672/1
f 623/673/1 624/669/1 664/671/1
f 623/673/1 664/671/1 665/674/1
f 623/673/1 665/674/1 666/675/1
f 724/639/1 603/672/1 604/676/1
f 622/677/1 623/673/1 666/675/1
f 622/677/1 666/675/1 667/678/1
f 724/639/1 604/676/1 605/679/1
f 621/680/1 622/677/1 667/678/1
f 621/680/1 667/678/1 668/681/1
f 621/680/1 668/681/1 669/682/1
f 724/639/1 605/679/1 606/683/1
f 620/684/1 621/680/1 669/682/1
f 620/684/1 669/682/1 670/685/1
f 724/639/1 606/683/1 607/686/1
f 619/687/1 620/684/1 670/685/1
f 619/687/1 670/685/1 671/688/1
f 619/687/1 671/688/1 672/689/1
f 724/639/1 607/686/1 608/690/1
f 618/691/1 619/687/1 672/689/1
f 618/691/1 672/689/1 673/692/1
f 724/639/1 608/690/1 609/693/1
f 617/694/1 618/691/1 673/692/1
f 617/694/1 673/692/1 674/695/1
f 724/639/1 609/693/1 699/696/1
f 699/696/1 609/693/1 698/697/1
f 698/697/1 609/693/1 610/698/1
f 616/699/1 617/694/1 674/695/1
f 616/699/1 674/695/1 675/700/1
f 616/699/1 675/700/1 676/701/1
f 616/699/1 676/701/1 677/702/1
f 698/697/1 610/698/1 697/703/1
f 697/703/1 610/698/1 696/704/1
f 696/704/1 610/698/1 611/705/1
f 615/706/1 616/699/1 677/702/1
f 615/706/1 677/702/1 678/707/1
f 615/706/1 678/707/1 679/708/1
f 696/704/1 611/705/1 695/709/1
f 695/709/1 611/705/1 694/710/1
f 694/710/1 611/705/1 612/711/1
f 614/712/1 615/706/1 679/708/1
f 614/712/1 679/708/1 680/713/1
f 694/710/1 612/711/1 693/714/1
f 693/714/1 612/711/1 613/715/1
f 613/715/1 614/712/1 680/713/1
f 613/715/1 680/713/1 681/716/1
f 693/714/1 613/715/1 692/717/1
f 692/717/1 613/715/1 691/718/1
f 691/718/1 613/715/1 690/719/1
f 690/719/1 613/715/1 689/720/1
f 689/720/1 613/715/1 681/716/1
f 689/720/2 681/716/2 688/721/2
f 688/721/1 681/716/1 682/722/1
f 688/721/1 682/722/1 683/723/1
f 688/721/1 683/723/1 687/724/1
f 687/724/1 683/723/1 684/725/1
f 687/724/1 684/725/1 685/726/1
f 687/724/1 685/726/1 686/727/1
f 724/639/1 699/696/1 712/728/1
f 712/728/1 699/696/1 711/729/1
f 711/729/1 699/696/1 710/730/1
f 710/730/1 699/696/1 709/731/1
f 709/731/1 699/696/1 708/732/1
f 708/732/1 699/696/1 707/733/1
f 707/733/1 699/696/1 706/734/1
f 706/734/1 699/696/1 705/735/1
f 705/735/1 699/696/1 704/736/1
f 704/736/1 699/696/1 703/737/1
f 703/737/1 699/696/1 702/738/1
f 702/738/1 699/696/1 701/739/1
f 701/739/1 699/696/1 700/740/1
f 724/639/1 712/728/1 713/741/1
f 724/639/5 713/741/5 714/742/5
f 724/639/6 714/742/6 715/743/6
f 724/639/7 715/743/7 716/744/7
f 724/639/4 716/744/4 717/745/4
f 724/639/2 717/745/2 718/746/2
f 724/639/8 718/746/8 719/747/8
f 724/639/9 719/747/9 720/748/9
f 724/639/10 720/748/10 721/749/10
f 724/639/1 721/749/1 722/750/1
f 724/639/11 722/750/11 723/751/11
f 823/752/1 824/753/1 825/754/1
f 823/752/1 825/754/1 853/755/1
f 853/755/1 825/754/1 852/756/1
f 852/756/1 825/754/1 851/757/1
f 851/757/1 825/754/1 850/758/1
f 850/758/1 825/754/1 849/759/1
f 849/759/1 825/754/1 848/760/1
f 848/760/1 825/754/1 847/761/1
f 847/761/1 825/754/1 846/762/1
f 846/762/1 825/754/1 845/763/1
f 845/763/1 825/754/1 844/764/1
f 844/764/1 825/754/1 843/765/1
f 843/765/1 825/754/1 842/766/1
f 842/766/1 825/754/1 841/767/1
f 841/767/1 825/754/1 840/768/1
f 840/768/1 825/754/1 839/769/1
f 839/769/1 825/754/1 838/770/1
f 838/770/1 825/754/1 837/771/1
f 837/771/1 825/754/1 836/772/1
f 836/772/1 825/754/1 835/773/1
f 835/773/1 825/754/1 834/774/1
f 834/774/1 825/754/1 833/775/1
f 833/775/1 825/754/1 832/776/1
f 832/776/1 825/754/1 831/777/1
f 831/777/1 825/754/1 830/778/1
f 830/778/1 825/754/1 829/779/1
f 829/779/1 825/754/1 828/780/1
f 828/780/1 825/754/1 827/781/1
f 827/781/1 825/754/1 826/782/1
f 822/783/1 823/752/1 854/784/1
f 854/784/1 823/752/1 853/755/1
f 821/785/1 822/783/1 854/784/1
f 820/786/1 821/785/1 855/787/1
f 855/787/1 821/785/1 854/784/1
f 819/788/1 820/786/1 855/787/1
f 818/789/1 819/788/1 856/790/1
f 856/790/12 819/788/12 855/787/12
f 817/791/1 818/789/1 856/790/1
f 817/791/1 856/790/1 857/792/1
f 817/791/1 857/792/1 858/793/1
f 817/791/1 858/793/1 859/794/1
f 817/791/1 859/794/1 860/795/1
f 817/791/1 860/795/1 861/796/1
f 816/797/1 817/791/1 861/796/1
f 816/797/1 861/796/1 862/798/1
f 816/797/1 862/798/1 863/799/1
f 816/797/1 863/799/1 864/800/1
f 816/797/1 864/800/1 865/801/1
f 816/797/1 865/801/1 866/802/1
f 816/797/1 866/802/1 867/803/1
f 815/804/1 816/797/1 867/803/1
f 815/804/1 867/803/1 868/805/1
f 815/804/1 868/805/1 869/806/1
f 815/804/1 869/806/1 870/807/1
f 815/804/1 870/807/1 871/808/1
f 815/804/1 871/808/1 872/809/1
f 815/804/1 872/809/1 873/810/1
f 815/804/1 873/810/1 874/811/1
f 815/804/1 874/811/1 875/812/1
f 815/804/1 875/812/1 1049/813/1
f 1049/813/1 875/812/1 876/814/1
f 814/815/1 815/804/1 1049/813/1
f 813/816/1 814/815/1 1049/813/1
f 813/816/1 1049/813/1 1050/817/1
f 1048/818/1 1049/813/1 876/814/1
f 812/819/1 813/816/1 1050/817/1
f 812/819/1 1050/817/1 1051/820/1
f 812/819/1 1051/820/1 1052/821/1
f 811/822/1 812/819/1 1052/821/1
f 811/822/1 1052/821/1 1053/823/1
f 810/824/1 811/822/1 1053/823/1
f 810/824/1 1053/823/1 1054/825/1
f 809/826/1 810/824/1 1054/825/1
f 809/826/1 1054/825/1 1055/827/1
f 808/828/1 809/826/1 1055/827/1
f 808/828/1 1055/827/1 1056/829/1
f 807/830/1 808/828/1 1056/829/1
f 807/830/1 1056/829/1 1057/831/1
f 806/832/1 807/830/1 1057/831/1
f 806/832/1 1057/831/1 1058/833/1
f 805/834/1 806/832/1 1058/833/1
f 805/834/1 1058/833/1 1059/835/1
f 804/836/1 805/834/1 1059/835/1
f 804/836/1 1059/835/1 1060/837/1
f 803/838/1 804/836/1 1060/837/1
f 803/838/1 1060/837/1 1061/839/1
f 803/838/1 1061/839/1 1062/840/1
f 802/841/1 803/838/1 1062/840/1
f 802/841/1 1062/840/1 1063/842/1
f 802/841/1 1063/842/1 1064/843/1
f 802/841/1 1064/843/1 1065/844/1
f 802/841/1 1065/844/1 1066/845/1
f 801/846/1 802/841/1 1066/845/1
f 801/846/1 1066/845/1 1067/847/1
f 801/846/1 1067/847/1 1068/848/1
f 801/846/1 1068/848/1 1069/849/1
f 801/846/1 1069/849/1 1070/850/1
f 800/851/1 801/846/1 1070/850/1
f 800/851/1 1070/850/1 1071/852/1
f 800/851/1 1071/852/1 1072/853/1
f 800/851/1 1072/853/1 1073/854/1
f 800/851/1 1073/854/1 1074/855/1
f 799/856/1 800/851/1 1074/855/1
f 798/857/1 799/856/1 1074/855/1
f 797/858/1 798/857/1 1074/855/1
f 797/858/1 1074/855/1 1075/859/1
f 796/860/1 797/858/1 1075/859/1
f 795/861/1 796/860/1 1075/859/1
f 794/862/1 795/861/1 1075/859/1
f 794/862/1 1075/859/1 1076/863/1
f 793/864/1 794/862/1 1076/863/1
f 792/865/1 793/864/1 1076/863/1
f 792/865/1 1076/863/1 1077/866/1
f 791/867/1 792/865/1 1077/866/1
f 790/868/1 791/867/1 1077/866/1
f 790/868/1 1077/866/1 1078/869/1
f 789/870/1 790/868/1 1078/869/1
f 789/870/1 1078/869/1 1079/871/1
f 788/872/1 789/870/1 1079/871/1
f 787/873/1 788/872/1 1079/871/1
f 787/873/1 1079/871/1 1080/874/1
f 786/875/1 787/873/1 1080/874/1
f 785/876/1 786/875/1 1080/874/1
f 785/876/1 1080/874/1 1081/877/1
f 784/878/1 785/876/1 1081/877/1
f 784/878/1 1081/877/1 1082/879/1
f 783/880/1 784/878/1 1082/879/1
f 782/881/1 783/880/1 1082/879/1
f 782/881/1 1082/879/1 1083/882/1
f 781/883/1 782/881/1 1083/882/1
f 780/884/1 781/883/1 1083/882/1
f 780/884/1 1083/882/1 1084/885/1
f 779/886/1 780/884/1 1084/885/1
f 779/886/1 1084/885/1 1085/887/1
f 778/888/1 779/886/1 1085/887/1
f 777/889/1 778/888/1 1085/887/1
f 777/889/1 1085/887/1 1086/890/1
f 777/889/1 1086/890/1 1087/891/1
f 777/889/1 1087/891/1 1088/892/1
f 777/889/1 1088/892/1 1089/893/1
f 777/889/1 1089/893/1 1090/894/1
f 777/889/1 1090/894/1 1091/895/1
f 777/889/1 1091/895/1 1092/896/1
f 777/889/1 1092/896/1 1093/897/1
f 777/889/1 1093/897/1 1094/898/1
f 777/889/1 1094/898/1 1095/899/1
f 777/889/1 1095/899/1 1096/38/1
f 777/889/1 1096/38/1 1048/818/1
f 777/889/1 1048/818/1 876/814/1
f 776/900/1 777/889/1 876/814/1
f 775/901/1 776/900/1 876/814/1
f 774/902/1 775/901/1 876/814/1
f 773/903/1 774/902/1 876/814/1
f 773/903/1 876/814/1 877/904/1
f 773/903/1 877/904/1 878/905/1
f 773/903/1 878/905/1 879/906/1
f 772/907/1 773/903/1 879/906/1
f 772/907/1 879/906/1 880/908/1
f 772/907/1 880/908/1 881/909/1
f 772/907/1 881/909/1 882/910/1
f 771/911/1 772/907/1 882/910/1
f 771/911/1 882/910/1 883/912/1
f 771/911/1 883/912/1 884/913/1
f 770/914/1 771/911/1 884/913/1
f 770/914/1 884/913/1 885/915/1
f 770/914/1 885/915/1 886/916/1
f 769/917/1 770/914/1 886/916/1
f 769/917/1 886/916/1 887/918/1
f 769/917/1 887/918/1 888/919/1
f 768/920/1 769/917/1 888/919/1
f 768/920/1 888/919/1 889/921/1
f 767/922/1 768/920/1 889/921/1
f 767/922/1 889/921/1 890/923/1
f 766/924/1 767/922/1 890/923/1
f 766/924/1 890/923/1 891/925/1
f 765/926/1 766/924/1 891/925/1
f 765/926/1 891/925/1 892/927/1
f 764/928/1 765/926/1 892/927/1
f 764/928/1 892/927/1 893/929/1
f 763/3/1 764/928/1 1047/930/1
f 1047/930/1 764/928/1 893/929/1
f 1047/930/1 893/929/1 894/931/1
f 1047/930/1 894/931/1 895/932/1
f 1047/930/1 895/932/1 896/933/1
f 763/3/1 1047/930/1 987/934/1
f 1046/935/1 1047/930/1 896/933/1
f 1045/936/1 1046/935/1 896/933/1
f 1045/936/1 896/933/1 897/937/1
f 1044/938/1 1045/936/1 897/937/1
f 1044/938/1 897/937/1 898/939/1
f 1043/940/1 1044/938/1 898/939/1
f 1043/940/1 898/939/1 899/941/1
f 1042/942/1 1043/940/1 899/941/1
f 1041/943/1 1042/942/1 899/941/1
f 1041/943/1 899/941/1 900/944/1
f 1040/945/1 1041/943/1 900/944/1
f 1039/946/1 1040/945/1 900/944/1
f 1039/946/1 900/944/1 901/947/1
f 1038/948/1 1039/946/1 901/947/1
f 1037/949/1 1038/948/1 901/947/1
f 1037/949/1 901/947/1 902/950/1
f 1036/951/1 1037/949/1 902/950/1
f 1035/952/1 1036/951/1 902/950/1
f 1034/953/1 1035/952/1 902/950/1
f 1034/953/1 902/950/1 903/954/1
f 1034/953/1 903/954/1 904/955/1
f 1033/956/1 1034/953/1 904/955/1
f 1033/956/1 904/955/1 905/957/1
f 1032/958/1 1033/956/1 905/957/1
f 1032/958/1 905/957/1 906/959/1
f 1032/958/1 906/959/1 907/960/1
f 1031/961/1 1032/958/1 907/960/1
f 1031/961/1 907/960/1 908/962/1
f 1031/961/1 908/962/1 909/963/1
f 1030/964/1 1031/961/1 909/963/1
f 1030/964/1 909/963/1 910/965/1
f 1029/966/1 1030/964/1 910/965/1
f 1029/966/1 910/965/1 911/967/1
f 1029/966/1 911/967/1 912/968/1
f 1028/969/1 1029/966/1 912/968/1
f 1028/969/1 912/968/1 913/970/1
f 1028/969/1 913/970/1 914/971/1
f 1027/972/1 1028/969/1 914/971/1
f 1027/972/1 914/971/1 915/973/1
f 1026/974/1 1027/972/1 915/973/1
f 1026/974/1 915/973/1 916/975/1
f 1026/974/1 916/975/1 917/976/1
f 1025/977/1 1026/974/1 917/976/1
f 1025/977/1 917/976/1 918/978/1
f 1025/977/1 918/978/1 919/979/1
f 1024/980/1 1025/977/1 919/979/1
f 1024/980/1 919/979/1 920/981/1
f 1024/980/1 920/981/1 921/982/1
f 1024/980/1 921/982/1 922/983/1
f 1023/984/1 1024/980/1 922/983/1
f 1023/984/1 922/983/1 923/985/1
f 1023/984/1 923/985/1 924/986/1
f 1023/984/1 924/986/1 925/987/1
f 1022/988/1 1023/984/1 925/987/1
f 1021/989/1 1022/988/1 925/987/1
f 1020/990/1 1021/989/1 925/987/1
f 1019/991/1 1020/990/1 925/987/1
f 1019/991/1 925/987/1 926/992/1
f 1018/993/1 1019/991/1 926/992/1
f 1017/994/1 1018/993/1 926/992/1
f 1016/995/1 1017/994/1 926/992/1
f 1015/996/1 1016/995/1 926/992/1
f 1015/996/1 926/992/1 927/997/1
f 1014/998/1 1015/996/1 927/997/1
f 1013/999/1 1014/998/1 927/997/1
f 1012/1000/1 1013/999/1 927/997/1
f 1011/1001/1 1012/1000/1 927/997/1
f 949/1002/1 950/1003/1 951/1004/1
f 1011/1001/1 927/997/1 928/1005/1
f 1010/1006/1 1011/1001/1 928/1005/1
f 1010/1006/1 928/1005/1 929/1007/1
f 1009/1008/1 1010/1006/1 929/1007/1
f 949/1002/1 951/1004/1 952/1009/1
f 1009/1008/1 929/1007/1 930/1010/1
f 949/1002/1 952/1009/1 953/1011/1
f 1008/1012/1 1009/1008/1 930/1010/1
f 949/1002/1 953/1011/1 954/1013/1
f 1008/1012/1 930/1010/1 931/1014/1
f 1007/1015/1 1008/1012/1 931/1014/1
f 949/1002/1 954/1013/1 955/1016/1
f 1007/1015/1 931/1014/1 932/1017/1
f 949/1002/1 955/1016/1 956/1018/1
f 1006/1019/1 1007/1015/1 932/1017/1
f 1006/1019/1 932/1017/1 933/1020/1
f 949/1002/1 956/1018/1 957/1021/1
f 949/1002/1 957/1021/1 958/1022/1
f 1005/1023/1 1006/1019/1 933/1020/1
f 1005/1023/1 933/1020/1 934/1024/1
f 949/1002/1 958/1022/1 959/1025/1
f 1005/1023/1 934/1024/1 935/1026/1
f 1004/1027/1 1005/1023/1 935/1026/1
f 949/1002/1 959/1025/1 960/1028/1
f 949/1002/1 960/1028/1 961/1029/1
f 1004/1027/1 935/1026/1 936/1030/1
f 1003/1031/1 1004/1027/1 936/1030/1
f 949/1002/1 961/1029/1 962/1032/1
f 1003/1031/1 936/1030/1 937/1033/1
f 949/1002/1 962/1032/1 963/1034/1
f 949/1002/1 963/1034/1 964/1035/1
f 1002/1036/1 1003/1031/1 937/1033/1
f 949/1002/1 964/1035/1 965/1037/1
f 1002/1036/1 937/1033/1 938/1038/1
f 1001/1039/1 1002/1036/1 938/1038/1
f 949/1002/1 965/1037/1 966/1040/1
f 949/1002/1 966/1040/1 967/1041/1
f 1001/1039/1 938/1038/1 939/1042/1
f 1000/1043/1 1001/1039/1 939/1042/1
f 949/1002/1 967/1041/1 968/1044/1
f 949/1002/1 968/1044/1 969/1045/1
f 1000/1043/1 939/1042/1 940/1046/1
f 999/1047/1 1000/1043/1 940/1046/1
f 949/1002/1 969/1045/1 970/1048/1
f 949/1002/1 970/1048/1 971/1049/1
f 999/1047/1 940/1046/1 941/1050/1
f 998/1051/1 999/1047/1 941/1050/1
f 997/1052/1 998/1051/1 941/1050/1
f 949/1002/1 971/1049/1 972/1053/1
f 996/1054/1 997/1052/1 941/1050/1
f 995/1055/1 996/1054/1 941/1050/1
f 994/1056/1 995/1055/1 941/1050/1
f 993/1057/1 994/1056/1 941/1050/1
f 949/1002/1 972/1053/1 973/1058/1
f 992/1059/1 993/1057/1 941/1050/1
f 991/1060/1 992/1059/1 941/1050/1
f 990/1061/1 991/1060/1 941/1050/1
f 989/1062/1 990/1061/1 941/1050/1
f 988/1063/1 989/1062/1 941/1050/1
f 949/1002/1 973/1058/1 974/1064/1
f 987/934/1 988/1063/1 941/1050/1
f 763/3/1 987/934/1 941/1050/1
f 763/3/1 941/1050/1 942/1065/1
f 949/1002/1 974/1064/1 975/1066/1
f 949/1002/1 975/1066/1 976/1067/1
f 949/1002/1 976/1067/1 977/1068/1
f 949/1002/1 977/1068/1 978/1069/1
f 949/1002/1 978/1069/1 979/1070/1
f 949/1002/1 979/1070/1 980/1071/1
f 986/1072/1 763/3/1 942/1065/1
f 949/1002/1 980/1071/1 981/1073/1
f 985/1074/1 986/1072/1 942/1065/1
f 949/1002/1 981/1073/1 982/1075/1
f 984/1076/1 985/1074/1 942/1065/1
f 949/1002/1 982/1075/1 983/1077/1
f 983/1077/1 984/1076/1 942/1065/1
f 949/1002/1 983/1077/1 942/1065/1
f 949/1002/1 942/1065/1 943/1078/1
f 949/1002/1 943/1078/1 944/1079/1
f 949/1002/1 944/1079/1 945/1080/1
f 949/1002/1 945/1080/1 946/1081/1
f 949/1002/1 946/1081/1 947/1082/1
f 949/1002/1 947/1082/1 948/1083/1
f 1264/38/1 1169/1084/1 1170/1085/1
f 1264/38/1 1170/1085/1 1171/1086/1
f 1263/1087/1 1264/38/1 1171/1086/1
f 1263/1087/1 1171/1086/1 1172/1088/1
f 1262/1089/1 1263/1087/1 1172/1088/1
f 1262/1089/1 1172/1088/1 1173/1090/1
f 1261/1091/1 1262/1089/1 1173/1090/1
f 1261/1091/1 1173/1090/1 1174/1092/1
f 1260/1093/1 1261/1091/1 1174/1092/1
f 1260/1093/1 1174/1092/1 1175/1094/1
f 1259/1095/1 1260/1093/1 1175/1094/1
f 1259/1095/1 1175/1094/1 1121/1096/1
f 1121/1096/1 1175/1094/1 1120/1097/1
f 1120/1097/1 1175/1094/1 1176/1098/1
f 1258/1099/1 1259/1095/1 1121/1096/1
f 1258/1099/1 1121/1096/1 1122/1100/1
f 1119/1101/1 1120/1097/1 1176/1098/1
f 1258/1099/1 1122/1100/1 1123/1102/1
f 1118/1103/1 1119/1101/1 1176/1098/1
f 1258/1099/1 1123/1102/1 1124/1104/1
f 1117/1105/1 1118/1103/1 1176/1098/1
f 1258/1099/1 1124/1104/1 1125/1106/1
f 1117/1105/1 1176/1098/1 1177/1107/1
f 1116/1108/1 1117/1105/1 1177/1107/1
f 1257/1109/1 1258/1099/1 1125/1106/1
f 1257/1109/1 1125/1106/1 1126/1110/1
f 1115/1111/1 1116/1108/1 1177/1107/1
f 1257/1109/1 1126/1110/1 1127/1112/1
f 1115/1111/1 1177/1107/1 1178/1113/1
f 1114/1114/1 1115/1111/1 1178/1113/1
f 1256/1115/1 1257/1109/1 1127/1112/1
f 1256/1115/1 1127/1112/1 1128/1116/1
f 1113/1117/1 1114/1114/1 1178/1113/1
f 1256/1115/1 1128/1116/1 1129/1118/1
f 1113/1117/1 1178/1113/1 1179/1119/1
f 1255/1120/1 1256/1115/1 1129/1118/1
f 1112/1121/1 1113/1117/1 1179/1119/1
f 1255/1120/1 1129/1118/1 1130/1122/1
f 1111/1123/1 1112/1121/1 1179/1119/1
f 1111/1123/1 1179/1119/1 1180/1124/1
f 1255/1120/1 1130/1122/1 1131/1125/1
f 1254/1126/1 1255/1120/1 1131/1125/1
f 1110/1127/1 1111/1123/1 1180/1124/1
f 1254/1126/1 1131/1125/1 1132/1128/1
f 1110/1127/1 1180/1124/1 1181/1129/1
f 1253/1130/1 1254/1126/1 1132/1128/1
f 1109/1131/1 1110/1127/1 1181/1129/1
f 1253/1130/1 1132/1128/1 1133/1132/1
f 1109/1131/1 1181/1129/1 1182/1133/1
f 1108/1134/1 1109/1131/1 1182/1133/1
f 1252/1135/1 1253/1130/1 1133/1132/1
f 1252/1135/1 1133/1132/1 1134/1136/1
f 1107/1137/1 1108/1134/1 1182/1133/1
f 1107/1137/1 1182/1133/1 1183/1138/1
f 1252/1135/1 1134/1136/1 1135/1139/1
f 1251/1140/1 1252/1135/1 1135/1139/1
f 1106/1141/1 1107/1137/1 1183/1138/1
f 1251/1140/1 1135/1139/1 1136/1142/1
f 1106/1141/1 1183/1138/1 1184/1143/1
f 1250/1144/1 1251/1140/1 1136/1142/1
f 1105/1145/1 1106/1141/1 1184/1143/1
f 1250/1144/1 1136/1142/1 1137/1146/1
f 1105/1145/1 1184/1143/1 1185/1147/1
f 1249/1148/1 1250/1144/1 1137/1146/1
f 1104/1149/1 1105/1145/1 1185/1147/1
f 1249/1148/1 1137/1146/1 1138/1150/1
f 1104/1149/1 1185/1147/1 1186/1151/1
f 1248/1152/1 1249/1148/1 1138/1150/1
f 1103/1153/1 1104/1149/1 1186/1151/1
f 1248/1152/1 1138/1150/1 1139/1154/1
f 1103/1153/1 1186/1151/1 1187/1155/1
f 1247/1156/1 1248/1152/1 1139/1154/1
f 1102/1157/1 1103/1153/1 1187/1155/1
f 1247/1156/1 1139/1154/1 1140/1158/1
f 1102/1157/1 1187/1155/1 1188/1159/1
f 1246/1160/1 1247/1156/1 1140/1158/1
f 1246/1160/1 1140/1158/1 1141/1161/1
f 1101/1162/1 1102/1157/1 1188/1159/1
f 1101/1162/1 1188/1159/1 1189/1163/1
f 1245/1164/1 1246/1160/1 1141/1161/1
f 1245/1164/1 1141/1161/1 1142/1165/1
f 1100/1166/1 1101/1162/1 1189/1163/1
f 1100/1166/1 1189/1163/1 1190/1167/1
f 1244/1168/1 1245/1164/1 1142/1165/1
f 1244/1168/1 1142/1165/1 1143/1169/1
f 1099/1170/1 1100/1166/1 1190/1167/1
f 1099/1170/1 1190/1167/1 1191/1171/1
f 1243/1172/1 1244/1168/1 1143/1169/1
f 1243/1172/1 1143/1169/1 1144/1173/1
f 1098/1174/1 1099/1170/1 1191/1171/1
f 1098/1174/1 1191/1171/1 1192/1175/1
f 1242/1176/1 1243/1172/1 1144/1173/1
f 1242/1176/1 1144/1173/1 1145/1177/1
f 1097/3/1 1098/1174/1 1192/1175/1
f 1097/3/1 1192/1175/1 1193/1178/1
f 1241/1179/1 1242/1176/1 1145/1177/1
f 1241/1179/1 1145/1177/1 1146/1180/1
f 1168/1181/1 1097/3/1 1193/1178/1
f 1240/1182/1 1241/1179/1 1146/1180/1
f 1168/1181/1 1193/1178/1 1194/1183/1
f 1168/1181/1 1194/1183/1 1195/1184/1
f 1239/1185/1 1240/1182/1 1146/1180/1
f 1168/1181/1 1195/1184/1 1196/1186/1
f 1239/1185/1 1146/1180/1 1147/1187/1
f 1167/1188/1 1168/1181/1 1196/1186/1
f 1238/1189/1 1239/1185/1 1147/1187/1
f 1167/1188/1 1196/1186/1 1197/1190/1
f 1237/1191/1 1238/1189/1 1147/1187/1
f 1167/1188/1 1197/1190/1 1198/1192/1
f 1237/1191/1 1147/1187/1 1148/1193/1
f 1166/1194/1 1167/1188/1 1198/1192/1
f 1166/1194/1 1198/1192/1 1199/1195/1
f 1236/1196/1 1237/1191/1 1148/1193/1
f 1166/1194/1 1199/1195/1 1200/1197/1
f 1235/1198/1 1236/1196/1 1148/1193/1
f 1166/1194/1 1200/1197/1 1201/1199/1
f 1235/1198/1 1148/1193/1 1149/1200/1
f 1165/1201/1 1166/1194/1 1201/1199/1
f 1234/1202/1 1235/1198/1 1149/1200/1
f 1165/1201/1 1201/1199/1 1202/1203/1
f 1233/1204/1 1234/1202/1 1149/1200/1
f 1165/1201/1 1202/1203/1 1203/1205/1
f 1233/1204/1 1149/1200/1 1150/1206/1
f 1164/1207/1 1165/1201/1 1203/1205/1
f 1232/1208/1 1233/1204/1 1150/1206/1
f 1164/1207/1 1203/1205/1 1204/1209/1
f 1164/1207/1 1204/1209/1 1205/1210/1
f 1231/1211/1 1232/1208/1 1150/1206/1
f 1231/1211/1 1150/1206/1 1151/1212/1
f 1163/1213/1 1164/1207/1 1205/1210/1
f 1163/1213/1 1205/1210/1 1206/1214/1
f 1230/1215/1 1231/1211/1 1151/1212/1
f 1229/1216/1 1230/1215/1 1151/1212/1
f 1163/1213/1 1206/1214/1 1207/1217/1
f 1229/1216/1 1151/1212/1 1152/1218/1
f 1162/1219/1 1163/1213/1 1207/1217/1
f 1228/1220/1 1229/1216/1 1152/1218/1
f 1162/1219/1 1207/1217/1 1208/1221/1
f 1228/1220/1 1152/1218/1 1153/1222/1
f 1161/1223/1 1162/1219/1 1208/1221/1
f 1227/1224/1 1228/1220/1 1153/1222/1
f 1161/1223/1 1208/1221/1 1209/1225/1
f 1226/1226/1 1227/1224/1 1153/1222/1
f 1226/1226/1 1153/1222/1 1154/1227/1
f 1160/1228/1 1161/1223/1 1209/1225/1
f 1160/1228/1 1209/1225/1 1210/1229/1
f 1225/1230/1 1226/1226/1 1154/1227/1
f 1225/1230/1 1154/1227/1 1155/1231/1
f 1159/1232/1 1160/1228/1 1210/1229/1
f 1224/1233/1 1225/1230/1 1155/1231/1
f 1159/1232/1 1210/1229/1 1211/1234/1
f 1224/1233/1 1155/1231/1 1156/1235/1
f 1158/1236/1 1159/1232/1 1211/1234/1
f 1223/1237/1 1224/1233/1 1156/1235/1
f 1223/1237/1 1156/1235/1 1157/1238/1
f 1157/1238/1 1158/1236/1 1211/1234/1
f 1157/1238/1 1211/1234/1 1212/1239/1
f 1223/1237/1 1157/1238/1 1212/1239/1
f 1222/1240/1 1223/1237/1 1212/1239/1
f 1222/1240/1 1212/1239/1 1213/1241/1
f 1221/1242/1 1222/1240/1 1213/1241/1
f 1221/1242/1 1213/1241/1 1214/1243/1
f 1220/1244/1 1221/1242/1 1214/1243/1
f 1220/1244/1 1214/1243/1 1215/1245/1
f 1219/1246/1 1220/1244/1 1215/1245/1
f 1218/1247/1 1219/1246/1 1215/1245/1
f 1218/1247/1 1215/1245/1 1216/1248/1
f 1217/1249/1 1218/1247/1 1216/1248/1
f 1291/1250/1 1292/1251/1 1293/1252/1
f 1291/1250/1 1293/1252/1 1294/1253/1
f 1291/1250/1 1294/1253/1 1295/1254/1
f 1291/1250/1 1295/1254/1 1296/1255/1
f 1291/1250/1 1296/1255/1 1297/1256/1
f 1291/1250/1 1297/1256/1 1298/1257/1
f 1291/1250/1 1298/1257/1 1299/97/1
f 1291/1250/1 1299/97/1 1300/1258/1
f 1291/1250/1 1300/1258/1 1301/1259/1
f 1290/1260/1 1291/1250/1 1301/1259/1
f 1290/1260/1 1301/1259/1 1302/1261/1
f 1290/1260/1 1302/1261/1 1303/1262/1
f 1289/1263/1 1290/1260/1 1303/1262/1
f 1289/1263/1 1303/1262/1 1304/1264/1
f 1289/1263/1 1304/1264/1 1305/1265/1
f 1288/1266/1 1289/1263/1 1305/1265/1
f 1287/1267/1 1288/1266/1 1305/1265/1
f 1286/1268/1 1287/1267/1 1305/1265/1
f 1285/1269/1 1286/1268/1 1305/1265/1
f 1284/1270/1 1285/1269/1 1305/1265/1
f 1283/1271/1 1284/1270/1 1305/1265/1
f 1282/80/1 1283/1271/1 1305/1265/1
f 1281/1272/1 1282/80/1 1305/1265/1
f 1280/1273/1 1281/1272/1 1305/1265/1
f 1279/1274/1 1280/1273/1 1305/1265/1
f 1278/1275/1 1279/1274/1 1305/1265/1
f 1278/1275/1 1305/1265/1 1277/1276/1
f 1277/1276/1 1305/1265/1 1276/1277/1
f 1276/1277/1 1305/1265/1 1275/1278/1
f 1275/1278/1 1305/1265/1 1274/1279/1
f 1274/1279/1 1305/1265/1 1306/1280/1
f 1273/1281/1 1274/1279/1 1306/1280/1
f 1272/1282/1 1273/1281/1 1306/1280/1
f 1271/1283/1 1272/1282/1 1306/1280/1
f 1270/1284/1 1271/1283/1 1306/1280/1
f 1269/1285/1 1270/1284/1 1306/1280/1
f 1268/1286/1 1269/1285/1 1306/1280/1
f 1267/1287/1 1268/1286/1 1306/1280/1
f 1266/1288/1 1267/1287/1 1306/1280/1
f 1265/3/1 1266/1288/1 1306/1280/1
f 1349/1289/1 1350/38/1 1265/3/1
f 1349/1289/1 1265/3/1 1306/1280/1
f 1349/1289/1 1306/1280/1 1307/1290/1
f 1349/1289/1 1307/1290/1 1308/1291/1
f 1348/1292/13 1349/1289/13 1308/1291/13
f 1347/1293/1 1348/1292/1 1309/1294/1
f 1309/1294/3 1348/1292/3 1308/1291/3
f 1347/1293/1 1309/1294/1 1345/1295/1
f 1345/1295/1 1309/1294/1 1336/1296/1
f 1336/1296/1 1309/1294/1 1335/1297/1
f 1335/1297/1 1309/1294/1 1334/1298/1
f 1334/1298/1 1309/1294/1 1333/20/1
f 1333/20/1 1309/1294/1 1332/1299/1
f 1332/1299/1 1309/1294/1 1331/1300/1
f 1331/1300/1 1309/1294/1 1330/1301/1
f 1330/1301/1 1309/1294/1 1329/1302/1
f 1329/1302/1 1309/1294/1 1328/1303/1
f 1328/1303/1 1309/1294/1 1327/1304/1
f 1327/1304/1 1309/1294/1 1326/1305/1
f 1326/1305/1 1309/1294/1 1325/1306/1
f 1325/1306/1 1309/1294/1 1324/1307/1
f 1324/1307/1 1309/1294/1 1321/1308/1
f 1321/1308/1 1309/1294/1 1320/1309/1
f 1320/1309/1 1309/1294/1 1319/1310/1
f 1319/1310/1 1309/1294/1 1318/1311/1
f 1318/1311/1 1309/1294/1 1317/1312/1
f 1317/1312/1 1309/1294/1 1316/103/1
f 1316/103/1 1309/1294/1 1315/1313/1
f 1315/1313/1 1309/1294/1 1314/1314/1
f 1314/1314/1 1309/1294/1 1313/1315/1
f 1313/1315/1 1309/1294/1 1312/1316/1
f 1312/1316/1 1309/1294/1 1311/1317/1
f 1311/1317/1 1309/1294/1 1310/1318/1
f 1324/1307/14 1321/1308/14 1323/1319/14
f 1323/1319/1 1321/1308/1 1322/1320/1
f 1345/1295/15 1336/1296/15 1337/1321/15
f 1345/1295/1 1337/1321/1 1338/1322/1
f 1345/1295/16 1338/1322/16 1339/1323/16
f 1345/1295/17 1339/1323/17 1340/1324/17
f 1345/1295/3 1340/1324/3 1341/1325/3
f 1345/1295/18 1341/1325/18 1342/1326/18
f 1345/1295/3 1342/1326/3 1343/1327/3
f 1345/1295/13 1343/1327/13 1344/1328/13
f 1347/1293/3 1345/1295/3 1346/1329/3
f 1431/1330/1 1432/1331/1 1433/1332/1
f 1431/1330/1 1433/1332/1 1434/1333/1
f 1431/1330/1 1434/1333/1 1435/1306/1
f 1431/1330/1 1435/1306/1 1436/1334/1
f 1431/1330/1 1436/1334/1 1437/1335/1
f 1431/1330/1 1437/1335/1 1438/1336/1
f 1431/1330/1 1438/1336/1 1439/1337/1
f 1431/1330/1 1439/1337/1 1440/1338/1
f 1430/1339/1 1431/1330/1 1440/1338/1
f 1430/1339/1 1440/1338/1 1441/1340/1
f 1430/1339/1 1441/1340/1 1442/1301/1
f 1429/1341/1 1430/1339/1 1442/1301/1
f 1429/1341/1 1442/1301/1 1443/1342/1
f 1429/1341/1 1443/1342/1 1444/1343/1
f 1429/1341/1 1444/1343/1 1445/1344/1
f 1428/1309/1 1429/1341/1 1445/1344/1
f 1427/1345/1 1428/1309/1 1445/1344/1
f 1426/1346/1 1427/1345/1 1445/1344/1
f 1425/1347/1 1426/1346/1 1445/1344/1
f 1424/1348/1 1425/1347/1 1445/1344/1
f 1423/1349/1 1424/1348/1 1445/1344/1
f 1422/1350/1 1423/1349/1 1445/1344/1
f 1421/1313/1 1422/1350/1 1445/1344/1
f 1420/1351/1 1421/1313/1 1445/1344/1
f 1419/1352/1 1420/1351/1 1445/1344/1
f 1418/1353/1 1419/1352/1 1445/1344/1
f 1418/1353/1 1445/1344/1 1417/1354/1
f 1417/1354/1 1445/1344/1 1416/1355/1
f 1416/1355/1 1445/1344/1 1415/1356/1
f 1415/1356/1 1445/1344/1 1414/1318/1
f 1414/1318/1 1445/1344/1 1413/1357/1
f 1413/1357/1 1445/1344/1 1412/1358/1
f 1412/1358/1 1445/1344/1 1411/1359/1
f 1411/1359/1 1445/1344/1 1410/1360/1
f 1410/1360/1 1445/1344/1 1446/1361/1
f 1409/1362/1 1410/1360/1 1446/1361/1
f 1408/1363/1 1409/1362/1 1446/1361/1
f 1407/1265/1 1408/1363/1 1446/1361/1
f 1406/1364/1 1407/1265/1 1446/1361/1
f 1405/1365/1 1406/1364/1 1446/1361/1
f 1457/1366/1 1458/1367/1 1459/1368/1
f 1457/1366/1 1459/1368/1 1460/1369/1
f 1456/1324/1 1457/1366/1 1460/1369/1
f 1456/1324/1 1460/1369/1 1461/1370/1
f 1455/1371/1 1456/1324/1 1461/1370/1
f 1455/1371/1 1461/1370/1 1462/1372/1
f 1454/1373/1 1455/1371/1 1462/1372/1
f 1454/1373/1 1462/1372/1 1463/1295/1
f 1454/1373/1 1463/1295/1 1464/1374/1
f 1453/1375/1 1454/1373/1 1464/1374/1
f 1453/1375/1 1464/1374/1 1465/1376/1
f 1453/1375/1 1465/1376/1 1466/1377/1
f 1452/1378/1 1453/1375/1 1466/1377/1
f 1452/1378/1 1466/1377/1 1467/1379/1
f 1452/1378/1 1467/1379/1 1468/1380/1
f 1452/1378/1 1468/1380/1 1469/1381/1
f 1452/1378/1 1469/1381/1 1470/38/1
f 1452/1378/1 1470/38/1 1351/3/1
f 1451/1382/1 1452/1378/1 1351/3/1
f 1450/1383/1 1451/1382/1 1351/3/1
f 1449/1297/1 1450/1383/1 1351/3/1
f 1448/1384/1 1449/1297/1 1351/3/1
f 1447/1385/1 1448/1384/1 1390/1386/1
f 1390/1386/1 1448/1384/1 1351/3/1
f 1390/1386/1 1351/3/1 1389/1387/1
f 1389/1387/1 1351/3/1 1388/1388/1
f 1388/1388/1 1351/3/1 1387/1389/1
f 1387/1389/1 1351/3/1 1386/1260/1
f 1386/1260/1 1351/3/1 1385/1390/1
f 1385/1390/1 1351/3/1 1384/1391/1
f 1384/1391/1 1351/3/1 1383/1392/1
f 1383/1392/1 1351/3/1 1382/1393/1
f 1382/1393/1 1351/3/1 1381/1394/1
f 1381/1394/1 1351/3/1 1352/1395/1
f 1447/1385/1 1390/1386/1 1391/1396/1
f 1446/1361/1 1447/1385/1 1391/1396/1
f 1405/1365/1 1446/1361/1 1391/1396/1
f 1380/1397/1 1381/1394/1 1352/1395/1
f 1379/1269/1 1380/1397/1 1352/1395/1
f 1378/1398/1 1379/1269/1 1352/1395/1
f 1377/1399/1 1378/1398/1 1352/1395/1
f 1405/1365/1 1391/1396/1 1403/1400/1
f 1403/1400/1 1391/1396/1 1402/1401/1
f 1402/1401/1 1391/1396/1 1401/1402/1
f 1401/1402/1 1391/1396/1 1400/1258/1
f 1400/1258/1 1391/1396/1 1399/1403/1
f 1399/1403/1 1391/1396/1 1398/1404/1
f 1398/1404/1 1391/1396/1 1397/1405/1
f 1397/1405/1 1391/1396/1 1396/1406/1
f 1396/1406/1 1391/1396/1 1395/1407/1
f 1395/1407/1 1391/1396/1 1394/1408/1
f 1394/1408/1 1391/1396/1 1393/1254/1
f 1393/1254/1 1391/1396/1 1392/1409/1
f 1376/1410/1 1377/1399/1 1375/1411/1
f 1375/1411/1 1377/1399/1 1374/1412/1
f 1374/1412/1 1377/1399/1 1373/1413/1
f 1373/1413/1 1377/1399/1 1372/1273/1
f 1372/1273/1 1377/1399/1 1371/1414/1
f 1371/1414/1 1377/1399/1 1370/1415/1
f 1370/1415/1 1377/1399/1 1369/1416/1
f 1369/1416/1 1377/1399/1 1368/1417/1
f 1368/1417/1 1377/1399/1 1367/1418/1
f 1367/1418/1 1377/1399/1 1366/1419/1
f 1366/1419/1 1377/1399/1 1365/1278/1
f 1365/1278/1 1377/1399/1 1364/1420/1
f 1364/1420/1 1377/1399/1 1363/1421/1
f 1363/1421/1 1377/1399/1 1362/1422/1
f 1362/1422/1 1377/1399/1 1361/1423/1
f 1361/1423/1 1377/1399/1 1360/1424/1
f 1360/1424/1 1377/1399/1 1359/1425/1
f 1359/1425/1 1377/1399/1 1358/1284/1
f 1358/1284/1 1377/1399/1 1357/1426/1
f 1357/1426/1 1377/1399/1 1356/1427/1
f 1356/1427/1 1377/1399/1 1355/1428/1
f 1355/1428/1 1377/1399/1 1354/1429/1
f 1354/1429/1 1377/1399/1 1353/1430/1
f 1353/1430/1 1377/1399/1 1352/1395/1
f 1405/1365/2 1403/1400/2 1404/1431/2
f 1518/1432/1 1519/1433/1 1520/1434/1
f 1517/1435/1 1518/1432/1 1520/1434/1
f 1516/1436/1 1517/1435/1 1520/1434/1
f 1516/1436/1 1520/1434/1 1521/1437/1
f 1515/1438/1 1516/1436/1 1521/1437/1
f 1514/1439/1 1515/1438/1 1521/1437/1
f 1514/1439/1 1521/1437/1 1522/1440/1
f 1513/1441/1 1514/1439/1 1522/1440/1
f 1513/1441/1 1522/1440/1 1523/1442/1
f 1512/1443/1 1513/1441/1 1523/1442/1
f 1511/1444/1 1512/1443/1 1523/1442/1
f 1511/1444/1 1523/1442/1 1579/1445/1
f 1579/1445/1 1523/1442/1 1524/1446/1
f 1510/1447/1 1511/1444/1 1581/1448/1
f 1581/1448/1 1511/1444/1 1580/1449/1
f 1580/1449/1 1511/1444/1 1579/1445/1
f 1510/1447/1 1581/1448/1 1582/1450/1
f 1578/1451/1 1579/1445/1 1524/1446/1
f 1510/1447/1 1582/1450/1 1583/1452/1
f 1577/1453/1 1578/1451/1 1524/1446/1
f 1510/1447/1 1583/1452/1 1584/1454/1
f 1509/1455/1 1510/1447/1 1584/1454/1
f 1509/1455/1 1584/1454/1 1585/1456/1
f 1576/1457/1 1577/1453/1 1524/1446/1
f 1509/1455/1 1585/1456/1 1586/1458/1
f 1575/1459/1 1576/1457/1 1524/1446/1
f 1509/1455/1 1586/1458/1 1587/1460/1
f 1575/1459/1 1524/1446/1 1525/1461/1
f 1574/1462/1 1575/1459/1 1525/1461/1
f 1509/1455/1 1587/1460/1 1588/1463/1
f 1508/1464/1 1509/1455/1 1588/1463/1
f 1508/1464/1 1588/1463/1 1589/1465/1
f 1573/1466/1 1574/1462/1 1525/1461/1
f 1508/1464/1 1589/1465/1 1590/1467/1
f 1572/1468/1 1573/1466/1 1525/1461/1
f 1507/1469/1 1508/1464/1 1590/1467/1
f 1507/1469/1 1590/1467/1 1591/1470/1
f 1507/1469/1 1591/1470/1 1592/1471/1
f 1571/1472/1 1572/1468/1 1525/1461/1
f 1571/1472/1 1525/1461/1 1526/1473/1
f 1506/1474/1 1507/1469/1 1592/1471/1
f 1506/1474/1 1592/1471/1 1593/1475/1
f 1570/1476/1 1571/1472/1 1526/1473/1
f 1506/1474/1 1593/1475/1 1594/1477/1
f 1569/1478/1 1570/1476/1 1526/1473/1
f 1505/1479/1 1506/1474/1 1594/1477/1
f 1569/1478/1 1526/1473/1 1527/1480/1
f 1568/1481/1 1569/1478/1 1527/1480/1
f 1505/1479/1 1594/1477/1 1595/1482/1
f 1567/1483/1 1568/1481/1 1527/1480/1
f 1505/1479/1 1595/1482/1 1596/1484/1
f 1504/1485/1 1505/1479/1 1596/1484/1
f 1567/1483/1 1527/1480/1 1528/1486/1
f 1566/1487/1 1567/1483/1 1528/1486/1
f 1504/1485/1 1596/1484/1 1597/1488/1
f 1503/1489/1 1504/1485/1 1597/1488/1
f 1565/1490/1 1566/1487/1 1528/1486/1
f 1503/1489/1 1597/1488/1 1598/1491/1
f 1502/1492/1 1503/1489/1 1598/1491/1
f 1565/1490/1 1528/1486/1 1529/1493/1
f 1564/1494/1 1565/1490/1 1529/1493/1
f 1502/1492/1 1598/1491/1 1599/1495/1
f 1563/1496/1 1564/1494/1 1529/1493/1
f 1501/1497/1 1502/1492/1 1599/1495/1
f 1501/1497/1 1599/1495/1 1600/1498/1
f 1562/1499/1 1563/1496/1 1529/1493/1
f 1562/1499/1 1529/1493/1 1530/1500/1
f 1500/1501/1 1501/1497/1 1600/1498/1
f 1561/1502/1 1562/1499/1 1530/1500/1
f 1500/1501/1 1600/1498/1 1601/1503/1
f 1560/1504/1 1561/1502/1 1530/1500/1
f 1499/1505/1 1500/1501/1 1601/1503/1
f 1499/1505/1 1601/1503/1 1602/1506/1
f 1559/1507/1 1560/1504/1 1530/1500/1
f 1559/1507/1 1530/1500/1 1531/1508/1
f 1558/1509/1 1559/1507/1 1531/1508/1
f 1498/1510/1 1499/1505/1 1602/1506/1
f 1557/1511/1 1558/1509/1 1531/1508/1
f 1498/1510/1 1602/1506/1 1603/1512/1
f 1556/1513/1 1557/1511/1 1531/1508/1
f 1555/1514/1 1556/1513/1 1531/1508/1
f 1554/1515/1 1555/1514/1 1531/1508/1
f 1497/1516/1 1498/1510/1 1603/1512/1
f 1553/1517/1 1554/1515/1 1531/1508/1
f 1497/1516/1 1603/1512/1 1604/1518/1
f 1552/1519/1 1553/1517/1 1531/1508/1
f 1551/1520/1 1552/1519/1 1531/1508/1
f 1550/1521/1 1551/1520/1 1531/1508/1
f 1550/1521/1 1531/1508/1 1534/1522/1
f 1534/1522/1 1531/1508/1 1533/1523/1
f 1533/1523/1 1531/1508/1 1532/1524/1
f 1549/1525/1 1550/1521/1 1535/1526/1
f 1535/1526/2 1550/1521/2 1534/1522/2
f 1548/1527/1 1549/1525/1 1536/1528/1
f 1536/1528/2 1549/1525/2 1535/1526/2
f 1547/1529/1 1548/1527/1 1538/1530/1
f 1538/1530/1 1548/1527/1 1537/1531/1
f 1537/1531/1 1548/1527/1 1536/1528/1
f 1546/1532/1 1547/1529/1 1539/1533/1
f 1539/1533/1 1547/1529/1 1538/1530/1
f 1545/1534/1 1546/1532/1 1541/1535/1
f 1541/1535/1 1546/1532/1 1540/1536/1
f 1540/1536/1 1546/1532/1 1539/1533/1
f 1544/811/1 1545/1534/1 1543/1537/1
f 1543/1537/1 1545/1534/1 1542/1538/1
f 1542/1538/1 1545/1534/1 1541/1535/1
f 1496/1539/1 1497/1516/1 1604/1518/1
f 1496/1539/1 1604/1518/1 1605/1540/1
f 1496/1539/1 1605/1540/1 1606/1541/1
f 1495/1542/1 1496/1539/1 1606/1541/1
f 1495/1542/1 1606/1541/1 1607/1543/1
f 1495/1542/1 1607/1543/1 1608/1544/1
f 1494/1545/1 1495/1542/1 1608/1544/1
f 1494/1545/1 1608/1544/1 1609/1546/1
f 1493/1547/1 1494/1545/1 1609/1546/1
f 1492/1548/1 1493/1547/1 1609/1546/1
f 1492/1548/1 1609/1546/1 1610/1549/1
f 1491/1550/1 1492/1548/1 1610/1549/1
f 1491/1550/1 1610/1549/1 1611/1551/1
f 1490/1552/1 1491/1550/1 1611/1551/1
f 1489/1553/1 1490/1552/1 1611/1551/1
f 1489/1553/1 1611/1551/1 1612/1554/1
f 1488/1555/1 1489/1553/1 1612/1554/1
f 1488/1555/1 1612/1554/1 1613/1556/1
f 1487/1557/1 1488/1555/1 1613/1556/1
f 1486/1558/1 1487/1557/1 1613/1556/1
f 1486/1558/1 1613/1556/1 1614/1559/1
f 1485/1560/1 1486/1558/1 1614/1559/1
f 1484/1561/1 1485/1560/1 1614/1559/1
f 1484/1561/1 1614/1559/1 1615/1562/1
f 1483/1563/1 1484/1561/1 1615/1562/1
f 1482/1564/1 1483/1563/1 1615/1562/1
f 1482/1564/1 1615/1562/1 1616/1565/1
f 1481/1566/1 1482/1564/1 1616/1565/1
f 1481/1566/1 1616/1565/1 1617/1074/1
f 1481/1566/1 1617/1074/1 1618/1567/1
f 1480/1568/1 1481/1566/1 1618/1567/1
f 1480/1568/1 1618/1567/1 1619/1569/1
f 1480/1568/1 1619/1569/1 1620/1570/1
f 1479/1571/1 1480/1568/1 1620/1570/1
f 1479/1571/1 1620/1570/1 1621/1572/1
f 1479/1571/1 1621/1572/1 1622/1573/1
f 1478/1574/1 1479/1571/1 1622/1573/1
f 1478/1574/1 1622/1573/1 1623/1575/1
f 1653/1576/1 1654/1577/1 1655/1578/1
f 1478/1574/1 1623/1575/1 1624/1579/1
f 1477/1580/1 1478/1574/1 1624/1579/1
f 1477/1580/1 1624/1579/1 1625/1581/1
f 1476/1582/1 1477/1580/1 1625/1581/1
f 1476/1582/1 1625/1581/1 1626/1583/1
f 1476/1582/1 1626/1583/1 1627/1584/1
f 1475/1585/1 1476/1582/1 1627/1584/1
f 1475/1585/1 1627/1584/1 1628/1586/1
f 1475/1585/1 1628/1586/1 1629/1587/1
f 1474/1588/1 1475/1585/1 1629/1587/1
f 1473/1589/1 1474/1588/1 1629/1587/1
f 1473/1589/1 1629/1587/1 1630/1590/1
f 1472/1591/1 1473/1589/1 1630/1590/1
f 1653/1576/1 1655/1578/1 1656/1592/1
f 1472/1591/1 1630/1590/1 1631/1593/1
f 1653/1576/1 1656/1592/1 1657/1594/1
f 1653/1576/1 1657/1594/1 1658/1595/1
f 1471/3/1 1472/1591/1 1631/1593/1
f 1653/1576/1 1658/1595/1 1659/1596/1
f 1653/1576/1 1659/1596/1 1660/1597/1
f 1690/38/1 1471/3/1 1631/1593/1
f 1653/1576/1 1660/1597/1 1661/1598/1
f 1690/38/1 1631/1593/1 1632/1599/1
f 1653/1576/1 1661/1598/1 1662/1600/1
f 1653/1576/1 1662/1600/1 1663/1601/1
f 1689/1602/1 1690/38/1 1632/1599/1
f 1653/1576/1 1663/1601/1 1664/1603/1
f 1689/1602/1 1632/1599/1 1633/1604/1
f 1653/1576/1 1664/1603/1 1665/1605/1
f 1688/1606/1 1689/1602/1 1633/1604/1
f 1653/1576/1 1665/1605/1 1666/1607/1
f 1688/1606/1 1633/1604/1 1634/1608/1
f 1653/1576/1 1666/1607/1 1667/1609/1
f 1687/1610/1 1688/1606/1 1634/1608/1
f 1653/1576/1 1667/1609/1 1668/1611/1
f 1687/1610/1 1634/1608/1 1635/1612/1
f 1686/1613/1 1687/1610/1 1635/1612/1
f 1653/1576/1 1668/1611/1 1669/1614/1
f 1653/1576/1 1669/1614/1 1670/1615/1
f 1686/1613/1 1635/1612/1 1636/1616/1
f 1685/1617/1 1686/1613/1 1636/1616/1
f 1653/1576/1 1670/1615/1 1671/1618/1
f 1684/1619/1 1685/1617/1 1636/1616/1
f 1653/1576/1 1671/1618/1 1672/1620/1
f 1684/1619/1 1636/1616/1 1637/1621/1
f 1653/1576/1 1672/1620/1 1673/1622/1
f 1683/1623/1 1684/1619/1 1637/1621/1
f 1653/1576/1 1673/1622/1 1674/1624/1
f 1682/1625/1 1683/1623/1 1637/1621/1
f 1682/1625/1 1637/1621/1 1638/1626/1
f 1653/1576/1 1674/1624/1 1675/1627/1
f 1681/1628/1 1682/1625/1 1638/1626/1
f 1653/1576/1 1675/1627/1 1676/1629/1
f 1653/1576/1 1676/1629/1 1677/1630/1
f 1680/1631/1 1681/1628/1 1638/1626/1
f 1680/1631/1 1638/1626/1 1639/1632/1
f 1653/1576/1 1677/1630/1 1678/1633/1
f 1679/1634/1 1680/1631/1 1639/1632/1
f 1653/1576/1 1678/1633/1 1679/1634/1
f 1653/1576/1 1679/1634/1 1639/1632/1
f 1653/1576/1 1639/1632/1 1640/1635/1
f 1653/1576/1 1640/1635/1 1641/1636/1
f 1653/1576/1 1641/1636/1 1642/1637/1
f 1653/1576/1 1642/1637/1 1643/1638/1
f 1653/1576/1 1643/1638/1 1644/1639/1
f 1653/1576/1 1644/1639/1 1645/1640/1
f 1653/1576/1 1645/1640/1 1646/1641/1
f 1653/1576/1 1646/1641/1 1647/1642/1
f 1653/1576/1 1647/1642/1 1648/1643/1
f 1653/1576/1 1648/1643/1 1649/1644/1
f 1653/1576/1 1649/1644/1 1650/1645/1
f 1653/1576/1 1650/1645/1 1651/1646/1
f 1653/1576/1 1651/1646/1 1652/1647/1
f 1716/1648/1 1717/1649/1 1718/1650/1
f 1771/1651/1 1772/1652/1 1773/1653/1
f 1716/1648/1 1718/1650/1 1719/1654/1
f 1771/1651/1 1773/1653/1 1774/1655/1
f 1716/1648/1 1719/1654/1 1720/1656/1
f 1771/1651/1 1774/1655/1 1775/1352/1
f 1716/1648/1 1720/1656/1 1721/1657/1
f 1771/1651/1 1775/1352/1 1776/1658/1
f 1716/1648/1 1721/1657/1 1722/1659/1
f 1771/1651/1 1776/1658/1 1777/1660/1
f 1716/1648/1 1722/1659/1 1723/1661/1
f 1771/1651/1 1777/1660/1 1778/1662/1
f 1716/1648/1 1723/1661/1 1724/1663/1
f 1771/1651/1 1778/1662/1 1779/1664/1
f 1716/1648/1 1724/1663/1 1725/1665/1
f 1771/1651/1 1779/1664/1 1780/1666/1
f 1716/1648/1 1725/1665/1 1726/1667/1
f 1771/1651/1 1780/1666/1 1781/1668/1
f 1715/1669/1 1716/1648/1 1726/1667/1
f 1770/1670/1 1771/1651/1 1781/1668/1
f 1715/1669/1 1726/1667/1 1727/1671/1
f 1770/1670/1 1781/1668/1 1782/1672/1
f 1769/1673/1 1770/1670/1 1782/1672/1
f 1714/1674/1 1715/1669/1 1727/1671/1
f 1714/1674/1 1727/1671/1 1728/1675/1
f 1769/1673/1 1782/1672/1 1783/1676/1
f 1714/1674/1 1728/1675/1 1729/1677/1
f 1769/1673/1 1783/1676/1 1784/1678/1
f 1714/1674/1 1729/1677/1 1730/1679/1
f 1769/1673/1 1784/1678/1 1785/1680/1
f 1768/1681/1 1769/1673/1 1785/1680/1
f 1713/1682/1 1714/1674/1 1730/1679/1
f 1767/1683/1 1768/1681/1 1785/1680/1
f 1712/1417/1 1713/1682/1 1730/1679/1
f 1766/1684/1 1767/1683/1 1785/1680/1
f 1711/1685/1 1712/1417/1 1730/1679/1
f 1765/1686/1 1766/1684/1 1785/1680/1
f 1710/1687/1 1711/1685/1 1730/1679/1
f 1764/1688/1 1765/1686/1 1785/1680/1
f 1709/1689/1 1710/1687/1 1730/1679/1
f 1763/1690/1 1764/1688/1 1785/1680/1
f 1708/1691/1 1709/1689/1 1730/1679/1
f 1762/1692/1 1763/1690/1 1785/1680/1
f 1707/1693/1 1708/1691/1 1730/1679/1
f 1761/1694/1 1762/1692/1 1785/1680/1
f 1706/1695/1 1707/1693/1 1730/1679/1
f 1760/1696/1 1761/1694/1 1785/1680/1
f 1705/1697/1 1706/1695/1 1730/1679/1
f 1759/1698/1 1760/1696/1 1785/1680/1
f 1704/1699/1 1705/1697/1 1730/1679/1
f 1703/1700/1 1704/1699/1 1730/1679/1
f 1758/1701/1 1759/1698/1 1785/1680/1
f 1703/1700/1 1730/1679/1 1702/1702/1
f 1702/1702/1 1730/1679/1 1701/1703/1
f 1701/1703/1 1730/1679/1 1700/1704/1
f 1700/1704/1 1730/1679/1 1699/1705/1
f 1699/1705/1 1730/1679/1 1698/1706/1
f 1698/1706/1 1730/1679/1 1697/1707/1
f 1697/1707/1 1730/1679/1 1696/1708/1
f 1696/1708/1 1730/1679/1 1695/1709/1
f 1695/1709/1 1730/1679/1 1731/1710/1
f 1758/1701/1 1785/1680/1 1757/1711/1
f 1757/1711/1 1785/1680/1 1756/1712/1
f 1756/1712/1 1785/1680/1 1755/1713/1
f 1755/1713/1 1785/1680/1 1754/1401/1
f 1754/1401/1 1785/1680/1 1753/1714/1
f 1753/1714/1 1785/1680/1 1752/1715/1
f 1752/1715/1 1785/1680/1 1751/1716/1
f 1751/1716/1 1785/1680/1 1750/1717/1
f 1750/1717/1 1785/1680/1 1786/1718/1
f 1694/1719/1 1695/1709/1 1731/1710/1
f 1749/1720/1 1750/1717/1 1786/1718/1
f 1693/1721/1 1694/1719/1 1731/1710/1
f 1748/1722/1 1749/1720/1 1786/1718/1
f 1692/1723/1 1693/1721/1 1731/1710/1
f 1747/1724/1 1748/1722/1 1786/1718/1
f 1691/3/1 1692/1723/1 1731/1710/1
f 1746/1725/1 1747/1724/1 1786/1718/1
f 1838/38/1 1691/3/1 1731/1710/1
f 1745/1726/1 1746/1725/1 1786/1718/1
f 1838/38/1 1731/1710/1 1732/1727/1
f 1744/1728/1 1745/1726/1 1813/1729/1
f 1813/1729/1 1745/1726/1 1786/1718/1
f 1838/38/1 1732/1727/1 1733/1390/1
f 1838/38/1 1733/1390/1 1734/1730/1
f 1838/38/1 1734/1730/1 1735/1731/1
f 1838/38/1 1735/1731/1 1736/1732/1
f 1838/38/1 1736/1732/1 1737/1733/1
f 1838/38/1 1737/1733/1 1738/1734/1
f 1838/38/1 1738/1734/1 1739/1735/1
f 1744/1728/1 1813/1729/1 1814/1736/1
f 1812/1737/1 1813/1729/1 1810/1738/1
f 1810/1738/1 1813/1729/1 1809/1739/1
f 1809/1739/1 1813/1729/1 1808/1740/1
f 1808/1740/1 1813/1729/1 1807/1741/1
f 1807/1741/1 1813/1729/1 1806/1742/1
f 1806/1742/1 1813/1729/1 1805/1743/1
f 1805/1743/1 1813/1729/1 1804/1744/1
f 1804/1744/1 1813/1729/1 1803/1745/1
f 1803/1745/1 1813/1729/1 1802/1746/1
f 1802/1746/1 1813/1729/1 1801/1747/1
f 1801/1747/1 1813/1729/1 1800/1748/1
f 1800/1748/1 1813/1729/1 1797/1749/1
f 1797/1749/1 1813/1729/1 1796/1334/1
f 1796/1334/1 1813/1729/1 1795/1750/1
f 1795/1750/1 1813/1729/1 1794/1751/1
f 1794/1751/1 1813/1729/1 1793/1752/1
f 1793/1752/1 1813/1729/1 1792/1753/1
f 1792/1753/1 1813/1729/1 1791/1754/1
f 1791/1754/1 1813/1729/1 1790/1755/1
f 1790/1755/1 1813/1729/1 1789/1074/1
f 1789/1074/1 1813/1729/1 1788/1756/1
f 1788/1756/1 1813/1729/1 1787/1757/1
f 1787/1757/1 1813/1729/1 1786/1718/1
f 1838/38/1 1739/1735/1 1740/811/1
f 1838/38/1 1740/811/1 1741/1758/1
f 1744/1728/1 1814/1736/1 1815/1759/1
f 1838/38/1 1741/1758/1 1742/1760/1
f 1838/38/1 1742/1760/1 1743/1761/1
f 1838/38/1 1743/1761/1 1744/1728/1
f 1838/38/1 1744/1728/1 1815/1759/1
f 1837/1762/1 1838/38/1 1815/1759/1
f 1837/1762/1 1815/1759/1 1816/1763/1
f 1837/1762/1 1816/1763/1 1817/1375/1
f 1837/1762/1 1817/1375/1 1818/1764/1
f 1800/1748/19 1797/1749/19 1799/1765/19
f 1799/1765/1 1797/1749/1 1798/1766/1
f 1837/1762/1 1818/1764/1 1819/1767/1
f 1837/1762/1 1819/1767/1 1820/1768/1
f 1836/1769/1 1837/1762/1 1820/1768/1
f 1835/1770/1 1836/1769/1 1820/1768/1
f 1834/1771/1 1835/1770/1 1820/1768/1
f 1833/1772/1 1834/1771/1 1820/1768/1
f 1833/1772/1 1820/1768/1 1821/1773/1
f 1832/1774/1 1833/1772/1 1821/1773/1
f 1831/1775/1 1832/1774/1 1821/1773/1
f 1812/1737/1 1810/1738/1 1811/1776/1
f 1830/1777/1 1831/1775/1 1821/1773/1
f 1830/1777/1 1821/1773/1 1822/1778/1
f 1829/1779/1 1830/1777/1 1822/1778/1
f 1829/1779/1 1822/1778/1 1823/1780/1
f 1828/1781/1 1829/1779/1 1823/1780/1
f 1827/1782/1 1828/1781/1 1823/1780/1
f 1827/1782/1 1823/1780/1 1824/1783/1
f 1826/1784/1 1827/1782/1 1824/1783/1
f 1826/1784/1 1824/1783/1 1825/1785/1
f 2077/1786/1 2078/1787/1 2079/1788/1
f 2077/1786/1 2079/1788/1 2080/1789/1
f 2077/1786/1 2080/1789/1 2081/1790/1
f 2077/1786/1 2081/1790/1 2082/1791/1
f 2077/1786/1 2082/1791/1 2083/1792/1
f 2077/1786/1 2083/1792/1 2084/1793/1
f 2077/1786/1 2084/1793/1 2085/1794/1
f 2077/1786/1 2085/1794/1 2086/1795/1
f 2077/1786/1 2086/1795/1 2087/1796/1
f 2076/1797/1 2077/1786/1 2087/1796/1
f 2076/1797/1 2087/1796/1 2088/1798/1
f 2076/1797/1 2088/1798/1 2089/1799/1
f 2075/1800/1 2076/1797/1 2089/1799/1
f 2075/1800/1 2089/1799/1 2090/38/1
f 2075/1800/1 2090/38/1 2013/1801/1
f 2074/1802/1 2075/1800/1 2013/1801/1
f 2073/1803/1 2074/1802/1 2013/1801/1
f 2072/1804/1 2073/1803/1 2013/1801/1
f 2071/1805/1 2072/1804/1 2013/1801/1
f 2070/1806/1 2071/1805/1 2013/1801/1
f 2069/1807/1 2070/1806/1 2013/1801/1
f 2068/1808/1 2069/1807/1 2013/1801/1
f 2067/1809/1 2068/1808/1 2013/1801/1
f 2066/1810/1 2067/1809/1 2013/1801/1
f 2065/1811/1 2066/1810/1 2013/1801/1
f 2064/1812/1 2065/1811/1 2013/1801/1
f 2064/1812/1 2013/1801/1 2063/1813/1
f 2063/1813/1 2013/1801/1 2062/1814/1
f 2062/1814/1 2013/1801/1 2061/1815/1
f 2061/1815/1 2013/1801/1 2060/1816/1
f 2060/1816/1 2013/1801/1 2059/1817/1
f 2059/1817/1 2013/1801/1 2058/1818/1
f 2058/1818/1 2013/1801/1 2057/1819/1
f 2057/1819/1 2013/1801/1 2056/1820/1
f 2056/1820/1 2013/1801/1 2055/1821/1
f 2055/1821/1 2013/1801/1 2054/1822/1
f 2054/1822/1 2013/1801/1 2014/1823/1
f 2053/1824/1 2054/1822/1 2014/1823/1
f 2052/1825/1 2053/1824/1 2014/1823/1
f 2051/1826/1 2052/1825/1 2038/1827/1
f 2038/1827/1 2052/1825/1 2037/1828/1
f 2037/1828/1 2052/1825/1 2036/1829/1
f 2036/1829/1 2052/1825/1 2035/1830/1
f 2035/1830/1 2052/1825/1 2034/1831/1
f 2034/1831/1 2052/1825/1 2033/1832/1
f 2033/1832/1 2052/1825/1 2032/1833/1
f 2032/1833/1 2052/1825/1 2031/1834/1
f 2031/1834/1 2052/1825/1 2030/1835/1
f 2030/1835/1 2052/1825/1 2029/1836/1
f 2029/1836/1 2052/1825/1 2028/1837/1
f 2028/1837/1 2052/1825/1 2025/1838/1
f 2025/1838/1 2052/1825/1 2024/1839/1
f 2024/1839/1 2052/1825/1 2023/1840/1
f 2023/1840/1 2052/1825/1 2022/1841/1
f 2022/1841/1 2052/1825/1 2021/1842/1
f 2021/1842/1 2052/1825/1 2020/1843/1
f 2020/1843/1 2052/1825/1 2019/1844/1
f 2019/1844/1 2052/1825/1 2018/1845/1
f 2018/1845/1 2052/1825/1 2017/1846/1
f 2017/1846/1 2052/1825/1 2016/1847/1
f 2016/1847/1 2052/1825/1 2015/1848/1
f 2015/1848/1 2052/1825/1 2014/1823/1
f 2028/1837/20 2025/1838/20 2027/1849/20
f 2027/1849/1 2025/1838/1 2026/1850/1
f 2051/1826/5 2038/1827/5 2039/1851/5
f 2051/1826/21 2039/1851/21 2040/1852/21
f 2051/1826/5 2040/1852/5 2041/1853/5
f 2051/1826/5 2041/1853/5 2042/1854/5
f 2051/1826/2 2042/1854/2 2043/1855/2
f 2051/1826/1 2043/1855/1 2044/1856/1
f 2051/1826/1 2044/1856/1 2045/1857/1
f 2051/1826/1 2045/1857/1 2046/1858/1
f 2051/1826/1 2046/1858/1 2047/1859/1
f 2051/1826/1 2047/1859/1 2048/1860/1
f 2051/1826/1 2048/1860/1 2049/1861/1
f 2051/1826/1 2049/1861/1 2050/1862/1
f 1839/3/1 1840/1863/1 1841/1864/1
f 1839/3/1 1841/1864/1 1842/1865/1
f 1839/3/1 1842/1865/1 1843/1866/1
f 1839/3/1 1843/1866/1 1844/1867/1
f 1839/3/1 1844/1867/1 1845/1868/1
f 1839/3/1 1845/1868/1 1846/1869/1
f 1839/3/1 1846/1869/1 1847/1870/1
f 1839/3/1 1847/1870/1 1848/1871/1
f 1839/3/1 1848/1871/1 1986/1872/1
f 1986/1872/1 1848/1871/1 1849/1873/1
f 1986/1872/1 1849/1873/1 1985/1874/1
f 1985/1874/1 1849/1873/1 1850/1875/1
f 1985/1874/1 1850/1875/1 1851/1876/1
f 1985/1874/1 1851/1876/1 1984/1877/1
f 1984/1877/1 1851/1876/1 1852/1878/1
f 1984/1877/1 1852/1878/1 1983/1879/1
f 1983/1879/1 1852/1878/1 1853/1880/1
f 1983/1879/1 1853/1880/1 1854/1881/1
f 1983/1879/1 1854/1881/1 1982/1882/1
f 1982/1882/1 1854/1881/1 1855/1883/1
f 1982/1882/1 1855/1883/1 1981/1884/1
f 1981/1884/1 1855/1883/1 1856/1885/1
f 1981/1884/1 1856/1885/1 1857/1886/1
f 1981/1884/22 1857/1886/22 1980/1887/22
f 1980/1887/1 1857/1886/1 1858/1888/1
f 1980/1887/1 1858/1888/1 1979/1889/1
f 1979/1889/1 1858/1888/1 1859/1890/1
f 1979/1889/1 1859/1890/1 1860/1891/1
f 1979/1889/1 1860/1891/1 1978/1892/1
f 1978/1892/1 1860/1891/1 1861/1893/1
f 1978/1892/1 1861/1893/1 1862/1894/1
f 1978/1892/1 1862/1894/1 1863/1895/1
f 1978/1892/1 1863/1895/1 1864/1896/1
f 1978/1892/1 1864/1896/1 1977/1897/1
f 1977/1897/1 1864/1896/1 1865/1898/1
f 1977/1897/1 1865/1898/1 1976/1899/1
f 1976/1899/1 1865/1898/1 1975/1900/1
f 1975/1900/1 1865/1898/1 1866/1901/1
f 1975/1900/1 1866/1901/1 1974/1902/1
f 1974/1902/1 1866/1901/1 1973/1903/1
f 1973/1903/1 1866/1901/1 1972/1904/1
f 1972/1904/1 1866/1901/1 1971/1905/1
f 1971/1905/1 1866/1901/1 1867/1906/1
f 1971/1905/1 1867/1906/1 1970/1907/1
f 1970/1907/1 1867/1906/1 1969/1908/1
f 1969/1908/1 1867/1906/1 1968/1909/1
f 1968/1909/1 1867/1906/1 1868/1910/1
f 1968/1909/1 1868/1910/1 1967/1911/1
f 1967/1911/1 1868/1910/1 1869/1912/1
f 1967/1911/1 1869/1912/1 1966/1913/1
f 1966/1913/1 1869/1912/1 1870/1914/1
f 1966/1913/1 1870/1914/1 1871/1915/1
f 1966/1913/1 1871/1915/1 1965/1916/1
f 1965/1916/1 1871/1915/1 1872/1917/1
f 1965/1916/1 1872/1917/1 1873/1918/1
f 1964/1919/1 1965/1916/1 1873/1918/1
f 1963/1920/1 1964/1919/1 1873/1918/1
f 1962/1921/1 1963/1920/1 1873/1918/1
f 1962/1921/1 1873/1918/1 1874/1922/1
f 1961/1923/1 1962/1921/1 1874/1922/1
f 1960/1924/1 1961/1923/1 1874/1922/1
f 1960/1924/1 1874/1922/1 1875/1925/1
f 1959/1926/1 1960/1924/1 1875/1925/1
f 1959/1926/1 1875/1925/1 1876/1927/1
f 1958/1928/1 1959/1926/1 1876/1927/1
f 1958/1928/1 1876/1927/1 1877/1929/1
f 1957/1930/1 1958/1928/1 1877/1929/1
f 1957/1930/1 1877/1929/1 1878/1931/1
f 1956/1932/1 1957/1930/1 1878/1931/1
f 1956/1932/1 1878/1931/1 1879/1933/1
f 1955/1934/1 1956/1932/1 1879/1933/1
f 1955/1934/1 1879/1933/1 1880/1935/1
f 1954/1936/1 1955/1934/1 1880/1935/1
f 1954/1936/1 1880/1935/1 1881/1937/1
f 1954/1936/1 1881/1937/1 1882/1938/1
f 1953/1939/1 1954/1936/1 1882/1938/1
f 1953/1939/1 1882/1938/1 1883/1940/1
f 1952/1941/1 1953/1939/1 1883/1940/1
f 1952/1941/1 1883/1940/1 1884/1942/1
f 1951/1943/1 1952/1941/1 1884/1942/1
f 1951/1943/1 1884/1942/1 1885/1944/1
f 1951/1943/1 1885/1944/1 1886/1945/1
f 1950/1946/1 1951/1943/1 1886/1945/1
f 1950/1946/1 1886/1945/1 1887/1947/1
f 1949/1948/1 1950/1946/1 1887/1947/1
f 1949/1948/1 1887/1947/1 1888/1949/1
f 1949/1948/1 1888/1949/1 1889/1950/1
f 1948/1951/1 1949/1948/1 1889/1950/1
f 1948/1951/1 1889/1950/1 1890/1952/1
f 1947/1953/1 1948/1951/1 1890/1952/1
f 1947/1953/1 1890/1952/1 1891/1954/1
f 1947/1953/1 1891/1954/1 1892/1955/1
f 1946/1956/1 1947/1953/1 1892/1955/1
f 1946/1956/1 1892/1955/1 1893/1957/1
f 1945/1958/1 1946/1956/1 1893/1957/1
f 1945/1958/1 1893/1957/1 1894/1959/1
f 1945/1958/1 1894/1959/1 1895/1960/1
f 1944/1961/1 1945/1958/1 1895/1960/1
f 1944/1961/1 1895/1960/1 1896/1962/1
f 1839/3/1 1986/1872/1 1987/1963/1
f 1943/1964/1 1944/1961/1 1896/1962/1
f 1943/1964/1 1896/1962/1 1897/1965/1
f 1943/1964/1 1897/1965/1 1898/1966/1
f 1839/3/1 1987/1963/1 1988/1967/1
f 1942/1968/1 1943/1964/1 1898/1966/1
f 1942/1968/1 1898/1966/1 1899/1969/1
f 1839/3/1 1988/1967/1 1989/1970/1
f 1941/1971/1 1942/1968/1 1899/1969/1
f 1941/1971/1 1899/1969/1 1900/1972/1
f 1941/1971/1 1900/1972/1 1901/1973/1
f 1839/3/1 1989/1970/1 1990/1974/1
f 2012/1975/1 1941/1971/1 1901/1973/1
f 2012/1975/1 1901/1973/1 1902/1976/1
f 2012/1975/1 1902/1976/1 1903/1977/1
f 1839/3/1 1990/1974/1 1991/1978/1
f 2011/1979/1 2012/1975/1 1903/1977/1
f 2011/1979/1 1903/1977/1 1904/1980/1
f 2011/1979/1 1904/1980/1 1905/1981/1
f 1839/3/1 1991/1978/1 1992/1982/1
f 2010/1983/1 2011/1979/1 1905/1981/1
f 2010/1983/1 1905/1981/1 1906/1984/1
f 2010/1983/1 1906/1984/1 1907/1985/1
f 1839/3/1 1992/1982/1 1993/1986/1
f 2009/1987/1 2010/1983/1 1907/1985/1
f 2009/1987/1 1907/1985/1 1908/1988/1
f 1839/3/1 1993/1986/1 1939/1989/1
f 1939/1989/1 1993/1986/1 1994/1990/1
f 2008/1991/1 2009/1987/1 1908/1988/1
f 2008/1991/1 1908/1988/1 1909/1992/1
f 2008/1991/1 1909/1992/1 1910/1993/1
f 1939/1989/1 1994/1990/1 1995/1994/1
f 2007/1995/1 2008/1991/1 1910/1993/1
f 2007/1995/1 1910/1993/1 1911/1996/1
f 2007/1995/1 1911/1996/1 1912/1997/1
f 1939/1989/1 1995/1994/1 1996/1998/1
f 2006/1999/1 2007/1995/1 1912/1997/1
f 2006/1999/1 1912/1997/1 1913/2000/1
f 1939/1989/1 1996/1998/1 1997/2001/1
f 2005/2002/1 2006/1999/1 1913/2000/1
f 2005/2002/1 1913/2000/1 1914/2003/1
f 1939/1989/1 1997/2001/1 1938/2004/1
f 1938/2004/1 1997/2001/1 1937/2005/1
f 1937/2005/1 1997/2001/1 1998/2006/1
f 2004/2007/1 2005/2002/1 1914/2003/1
f 2004/2007/1 1914/2003/1 1915/2008/1
f 2004/2007/1 1915/2008/1 1916/2009/1
f 2004/2007/1 1916/2009/1 1917/2010/1
f 1937/2005/1 1998/2006/1 1936/2011/1
f 1936/2011/1 1998/2006/1 1999/2012/1
f 2003/2013/1 2004/2007/1 1917/2010/1
f 2003/2013/1 1917/2010/1 1918/2014/1
f 2003/2013/1 1918/2014/1 1919/2015/1
f 2002/2016/1 2003/2013/1 1919/2015/1
f 1936/2011/1 1999/2012/1 1935/2017/1
f 1935/2017/1 1999/2012/1 1934/2018/1
f 1934/2018/1 1999/2012/1 2000/2019/1
f 2002/2016/1 1919/2015/1 1920/2020/1
f 2001/2021/1 2002/2016/1 1920/2020/1
f 1934/2018/1 2000/2019/1 1933/2022/1
f 1933/2022/1 2000/2019/1 2001/2021/1
f 2001/2021/1 1920/2020/1 1921/2023/1
f 1933/2022/5 2001/2021/5 1932/2024/5
f 1932/2024/1 2001/2021/1 1931/2025/1
f 1931/2025/1 2001/2021/1 1930/2026/1
f 1930/2026/1 2001/2021/1 1929/2027/1
f 1929/2027/1 2001/2021/1 1921/2023/1
f 1929/2027/1 1921/2023/1 1922/2028/1
f 1929/2027/1 1922/2028/1 1928/2029/1
f 1928/2029/1 1922/2028/1 1923/2030/1
f 1928/2029/1 1923/2030/1 1924/2031/1
f 1928/2029/1 1924/2031/1 1927/2032/1
f 1927/2032/1 1924/2031/1 1925/2033/1
f 1927/2032/5 1925/2033/5 1926/2034/5
f 1839/3/1 1939/1989/1 1940/2035/1
f 2205/1/23 2091/3/23 2206/2/23
f 2205/1/24 2209/4/24 2091/3/24
f 2209/4/24 2092/5/24 2091/3/24
f 2204/6/24 2209/4/24 2205/1/24
f 2203/7/24 2209/4/24 2204/6/24
f 2202/8/24 2209/4/24 2203/7/24
f 2201/9/24 2209/4/24 2202/8/24
f 2200/10/24 2209/4/24 2201/9/24
f 2199/11/24 2209/4/24 2200/10/24
f 2198/12/24 2209/4/24 2199/11/24
f 2197/13/24 2210/14/24 2198/12/24
f 2210/14/24 2209/4/24 2198/12/24
f 2197/13/24 2211/15/24 2210/14/24
f 2208/16/24 2092/5/24 2209/4/24
f 2197/13/24 2212/17/24 2211/15/24
f 2196/18/24 2212/17/24 2197/13/24
f 2196/18/24 2213/19/24 2212/17/24
f 2195/20/24 2213/19/24 2196/18/24
f 2194/21/24 2213/19/24 2195/20/24
f 2194/21/24 2214/22/24 2213/19/24
f 2193/23/24 2214/22/24 2194/21/24
f 2193/23/24 2215/24/24 2214/22/24
f 2192/25/24 2215/24/24 2193/23/24
f 2192/25/24 2216/26/24 2215/24/24
f 2191/27/24 2216/26/24 2192/25/24
f 2191/27/24 2217/28/24 2216/26/24
f 2190/29/24 2217/28/24 2191/27/24
f 2189/30/24 2217/28/24 2190/29/24
f 2189/30/24 2218/31/24 2217/28/24
f 2188/32/24 2218/31/24 2189/30/24
f 2188/32/24 2219/33/24 2218/31/24
f 2187/34/24 2219/33/24 2188/32/24
f 2187/34/24 2220/35/24 2219/33/24
f 2186/36/24 2220/35/24 2187/34/24
f 2185/37/24 2220/35/24 2186/36/24
f 2185/37/24 2221/38/24 2220/35/24
f 2184/39/24 2221/38/24 2185/37/24
f 2184/39/24 2207/40/24 2221/38/24
f 2183/41/24 2207/40/24 2184/39/24
f 2183/41/24 2208/16/24 2207/40/24
f 2183/41/24 2092/5/24 2208/16/24
f 2182/42/24 2092/5/24 2183/41/24
f 2182/42/24 2093/43/24 2092/5/24
f 2182/42/24 2107/44/24 2093/43/24
f 2107/44/24 2094/45/24 2093/43/24
f 2107/44/24 2095/46/24 2094/45/24
f 2107/44/24 2096/47/24 2095/46/24
f 2107/44/24 2097/48/24 2096/47/24
f 2107/44/24 2106/49/24 2097/48/24
f 2106/49/24 2098/50/24 2097/48/24
f 2182/42/24 2108/51/24 2107/44/24
f 2105/52/24 2104/53/24 2106/49/24
f 2104/53/24 2103/54/24 2106/49/24
f 2103/54/24 2102/55/24 2106/49/24
f 2102/55/24 2101/56/24 2106/49/24
f 2101/56/24 2100/57/24 2106/49/24
f 2100/57/24 2099/58/24 2106/49/24
f 2099/58/24 2098/50/24 2106/49/24
f 2181/59/24 2108/51/24 2182/42/24
f 2181/59/24 2109/60/24 2108/51/24
f 2180/61/24 2109/60/24 2181/59/24
f 2180/61/24 2110/62/24 2109/60/24
f 2179/63/24 2110/62/24 2180/61/24
f 2179/63/24 2111/64/24 2110/62/24
f 2178/65/24 2111/64/24 2179/63/24
f 2178/65/24 2112/66/24 2111/64/24
f 2177/67/24 2112/66/24 2178/65/24
f 2155/68/24 2157/70/24 2156/69/24
f 2177/67/24 2113/71/24 2112/66/24
f 2176/72/24 2113/71/24 2177/67/24
f 2176/72/24 2114/73/24 2113/71/24
f 2176/72/24 2115/74/24 2114/73/24
f 2175/75/24 2115/74/24 2176/72/24
f 2175/75/24 2116/76/24 2115/74/24
f 2174/77/24 2116/76/24 2175/75/24
f 2154/78/24 2157/70/24 2155/68/24
f 2153/79/24 2157/70/24 2154/78/24
f 2174/77/24 2117/80/24 2116/76/24
f 2152/81/24 2157/70/24 2153/79/24
f 2151/82/24 2157/70/24 2152/81/24
f 2173/83/24 2117/80/24 2174/77/24
f 2150/84/24 2157/70/24 2151/82/24
f 2173/83/24 2118/85/24 2117/80/24
f 2149/86/24 2157/70/24 2150/84/24
f 2148/87/24 2157/70/24 2149/86/24
f 2173/83/24 2119/88/24 2118/85/24
f 2147/89/24 2157/70/24 2148/87/24
f 2172/90/24 2119/88/24 2173/83/24
f 2172/90/24 2120/91/24 2119/88/24
f 2146/92/24 2157/70/24 2147/89/24
f 2145/93/24 2157/70/24 2146/92/24
f 2172/90/24 2121/94/24 2120/91/24
f 2144/95/24 2157/70/24 2145/93/24
f 2171/96/24 2121/94/24 2172/90/24
f 2143/97/24 2157/70/24 2144/95/24
f 2171/96/24 2122/98/24 2121/94/24
f 2142/99/24 2157/70/24 2143/97/24
f 2170/100/24 2122/98/24 2171/96/24
f 2170/100/24 2123/101/24 2122/98/24
f 2141/102/24 2157/70/24 2142/99/24
f 2169/103/24 2123/101/24 2170/100/24
f 2169/103/24 2124/104/24 2123/101/24
f 2140/105/24 2157/70/24 2141/102/24
f 2139/106/24 2157/70/24 2140/105/24
f 2169/103/24 2125/107/24 2124/104/24
f 2168/108/24 2125/107/24 2169/103/24
f 2138/109/24 2157/70/24 2139/106/24
f 2168/108/24 2126/110/24 2125/107/24
f 2137/111/24 2157/70/24 2138/109/24
f 2167/112/24 2126/110/24 2168/108/24
f 2167/112/24 2127/113/24 2126/110/24
f 2136/114/24 2157/70/24 2137/111/24
f 2167/112/24 2128/115/24 2127/113/24
f 2135/116/24 2157/70/24 2136/114/24
f 2134/117/24 2157/70/24 2135/116/24
f 2166/118/24 2128/115/24 2167/112/24
f 2166/118/24 2129/119/24 2128/115/24
f 2133/120/24 2157/70/24 2134/117/24
f 2166/118/24 2130/121/24 2129/119/24
f 2132/122/24 2157/70/24 2133/120/24
f 2166/118/24 2131/123/24 2130/121/24
f 2131/123/24 2157/70/24 2132/122/24
f 2166/118/24 2157/70/24 2131/123/24
f 2165/124/24 2157/70/24 2166/118/24
f 2164/125/24 2157/70/24 2165/124/24
f 2163/126/24 2157/70/24 2164/125/24
f 2162/127/24 2157/70/24 2163/126/24
f 2161/128/24 2157/70/24 2162/127/24
f 2160/129/24 2157/70/24 2161/128/24
f 2159/130/24 2157/70/24 2160/129/24
f 2158/131/24 2157/70/24 2159/130/24
f 2381/132/24 2383/134/24 2382/133/24
f 2380/135/24 2383/134/24 2381/132/24
f 2380/135/24 2384/136/24 2383/134/24
f 2379/137/24 2384/136/24 2380/135/24
f 2378/138/24 2384/136/24 2379/137/24
f 2378/138/24 2385/139/24 2384/136/24
f 2377/140/24 2385/139/24 2378/138/24
f 2376/141/24 2385/139/24 2377/140/24
f 2376/141/24 2386/142/24 2385/139/24
f 2375/143/24 2386/142/24 2376/141/24
f 2374/144/24 2386/142/24 2375/143/24
f 2374/144/24 2387/145/24 2386/142/24
f 2373/146/24 2259/147/24 2374/144/24
f 2259/147/24 2258/148/24 2374/144/24
f 2258/148/24 2387/145/24 2374/144/24
f 2373/146/24 2260/149/24 2259/147/24
f 2257/150/23 2387/145/23 2258/148/23
f 2256/151/24 2387/145/24 2257/150/24
f 2255/152/24 2387/145/24 2256/151/24
f 2255/152/24 2388/153/24 2387/145/24
f 2373/146/24 2261/154/24 2260/149/24
f 2372/155/24 2261/154/24 2373/146/24
f 2254/156/24 2388/153/24 2255/152/24
f 2253/157/24 2388/153/24 2254/156/24
f 2252/158/24 2388/153/24 2253/157/24
f 2372/155/24 2262/159/24 2261/154/24
f 2371/160/24 2262/159/24 2372/155/24
f 2251/161/24 2388/153/24 2252/158/24
f 2251/161/24 2389/162/24 2388/153/24
f 2250/163/24 2389/162/24 2251/161/24
f 2370/164/24 2262/159/24 2371/160/24
f 2370/164/24 2263/165/24 2262/159/24
f 2249/166/24 2389/162/24 2250/163/24
f 2369/167/24 2263/165/24 2370/164/24
f 2248/168/24 2389/162/24 2249/166/24
f 2248/168/24 2390/169/24 2389/162/24
f 2247/170/24 2390/169/24 2248/168/24
f 2369/167/24 2264/171/24 2263/165/24
f 2246/172/24 2390/169/24 2247/170/24
f 2368/173/24 2264/171/24 2369/167/24
f 2246/172/24 2391/174/24 2390/169/24
f 2245/175/24 2391/174/24 2246/172/24
f 2244/176/24 2391/174/24 2245/175/24
f 2368/173/24 2265/177/24 2264/171/24
f 2367/178/24 2265/177/24 2368/173/24
f 2243/179/24 2391/174/24 2244/176/24
f 2243/179/24 2392/180/24 2391/174/24
f 2242/181/24 2392/180/24 2243/179/24
f 2366/182/24 2265/177/24 2367/178/24
f 2241/183/24 2392/180/24 2242/181/24
f 2366/182/24 2266/184/24 2265/177/24
f 2240/185/24 2392/180/24 2241/183/24
f 2240/185/24 2393/186/24 2392/180/24
f 2239/187/24 2393/186/24 2240/185/24
f 2365/188/24 2266/184/24 2366/182/24
f 2238/189/24 2393/186/24 2239/187/24
f 2237/190/24 2393/186/24 2238/189/24
f 2236/191/24 2393/186/24 2237/190/24
f 2365/188/24 2267/192/24 2266/184/24
f 2236/191/24 2394/193/24 2393/186/24
f 2364/194/24 2267/192/24 2365/188/24
f 2235/195/24 2394/193/24 2236/191/24
f 2234/196/24 2394/193/24 2235/195/24
f 2233/197/24 2394/193/24 2234/196/24
f 2232/198/24 2394/193/24 2233/197/24
f 2231/199/24 2394/193/24 2232/198/24
f 2230/200/24 2394/193/24 2231/199/24
f 2229/201/24 2394/193/24 2230/200/24
f 2228/202/24 2394/193/24 2229/201/24
f 2363/203/24 2267/192/24 2364/194/24
f 2228/202/24 2397/204/24 2394/193/24
f 2397/204/24 2396/205/24 2394/193/24
f 2396/205/24 2395/206/24 2394/193/24
f 2227/207/24 2398/208/24 2228/202/24
f 2398/208/24 2397/204/24 2228/202/24
f 2226/209/24 2399/210/24 2227/207/24
f 2399/210/23 2398/208/23 2227/207/23
f 2225/211/24 2401/212/24 2226/209/24
f 2401/212/24 2400/213/24 2226/209/24
f 2400/213/24 2399/210/24 2226/209/24
f 2224/214/24 2402/215/24 2225/211/24
f 2402/215/24 2401/212/24 2225/211/24
f 2223/216/24 2404/217/24 2224/214/24
f 2404/217/24 2403/218/24 2224/214/24
f 2403/218/24 2402/215/24 2224/214/24
f 2222/3/24 2406/38/24 2223/216/24
f 2406/38/24 2405/219/24 2223/216/24
f 2405/219/24 2404/217/24 2223/216/24
f 2363/203/24 2268/220/24 2267/192/24
f 2362/221/24 2268/220/24 2363/203/24
f 2362/221/24 2269/222/24 2268/220/24
f 2361/223/24 2269/222/24 2362/221/24
f 2360/224/24 2269/222/24 2361/223/24
f 2360/224/24 2270/225/24 2269/222/24
f 2359/226/24 2270/225/24 2360/224/24
f 2358/227/24 2270/225/24 2359/226/24
f 2358/227/24 2271/228/24 2270/225/24
f 2357/229/24 2271/228/24 2358/227/24
f 2356/230/24 2271/228/24 2357/229/24
f 2356/230/24 2272/231/24 2271/228/24
f 2355/232/24 2272/231/24 2356/230/24
f 2354/233/24 2272/231/24 2355/232/24
f 2354/233/24 2273/234/24 2272/231/24
f 2353/235/24 2273/234/24 2354/233/24
f 2352/236/24 2273/234/24 2353/235/24
f 2352/236/24 2274/237/24 2273/234/24
f 2351/238/24 2274/237/24 2352/236/24
f 2351/238/24 2275/239/24 2274/237/24
f 2350/240/24 2275/239/24 2351/238/24
f 2349/241/24 2275/239/24 2350/240/24
f 2349/241/24 2276/242/24 2275/239/24
f 2348/243/24 2276/242/24 2349/241/24
f 2319/244/24 2321/246/24 2320/245/24
f 2347/247/24 2276/242/24 2348/243/24
f 2347/247/24 2277/248/24 2276/242/24
f 2346/249/24 2277/248/24 2347/247/24
f 2345/250/24 2277/248/24 2346/249/24
f 2345/250/24 2278/251/24 2277/248/24
f 2344/252/24 2278/251/24 2345/250/24
f 2344/252/24 2279/253/24 2278/251/24
f 2343/254/24 2279/253/24 2344/252/24
f 2342/255/24 2279/253/24 2343/254/24
f 2342/255/24 2280/256/24 2279/253/24
f 2318/257/24 2321/246/24 2319/244/24
f 2341/258/24 2280/256/24 2342/255/24
f 2317/259/24 2321/246/24 2318/257/24
f 2341/258/24 2281/260/24 2280/256/24
f 2316/261/24 2321/246/24 2317/259/24
f 2315/262/24 2321/246/24 2316/261/24
f 2340/263/24 2281/260/24 2341/258/24
f 2314/69/24 2321/246/24 2315/262/24
f 2340/263/24 2282/264/24 2281/260/24
f 2313/265/24 2321/246/24 2314/69/24
f 2339/266/24 2282/264/24 2340/263/24
f 2312/267/24 2321/246/24 2313/265/24
f 2339/266/24 2283/268/24 2282/264/24
f 2311/269/24 2321/246/24 2312/267/24
f 2338/270/24 2283/268/24 2339/266/24
f 2310/271/24 2321/246/24 2311/269/24
f 2338/270/24 2284/272/24 2283/268/24
f 2309/273/24 2321/246/24 2310/271/24
f 2337/274/24 2284/272/24 2338/270/24
f 2337/274/24 2285/275/24 2284/272/24
f 2308/276/24 2321/246/24 2309/273/24
f 2307/277/24 2321/246/24 2308/276/24
f 2336/278/24 2285/275/24 2337/274/24
f 2336/278/24 2286/279/24 2285/275/24
f 2306/280/24 2321/246/24 2307/277/24
f 2335/281/24 2286/279/24 2336/278/24
f 2335/281/24 2287/282/24 2286/279/24
f 2305/283/24 2321/246/24 2306/280/24
f 2335/281/24 2288/284/24 2287/282/24
f 2334/285/24 2288/284/24 2335/281/24
f 2304/286/24 2321/246/24 2305/283/24
f 2303/287/24 2321/246/24 2304/286/24
f 2334/285/24 2289/288/24 2288/284/24
f 2333/289/24 2289/288/24 2334/285/24
f 2302/290/24 2321/246/24 2303/287/24
f 2333/289/24 2290/291/24 2289/288/24
f 2301/292/24 2321/246/24 2302/290/24
f 2332/293/24 2290/291/24 2333/289/24
f 2332/293/24 2291/294/24 2290/291/24
f 2300/295/24 2321/246/24 2301/292/24
f 2332/293/24 2292/296/24 2291/294/24
f 2299/297/24 2321/246/24 2300/295/24
f 2331/298/24 2292/296/24 2332/293/24
f 2331/298/24 2293/299/24 2292/296/24
f 2298/300/24 2321/246/24 2299/297/24
f 2297/301/24 2321/246/24 2298/300/24
f 2331/298/24 2294/302/24 2293/299/24
f 2296/303/24 2321/246/24 2297/301/24
f 2331/298/24 2295/304/24 2294/302/24
f 2295/304/24 2321/246/24 2296/303/24
f 2331/298/24 2321/246/24 2295/304/24
f 2330/305/24 2321/246/24 2331/298/24
f 2329/306/24 2321/246/24 2330/305/24
f 2328/307/24 2321/246/24 2329/306/24
f 2327/308/24 2321/246/24 2328/307/24
f 2326/309/24 2321/246/24 2327/308/24
f 2325/310/24 2321/246/24 2326/309/24
f 2324/311/24 2321/246/24 2325/310/24
f 2323/312/24 2321/246/24 2324/311/24
f 2322/313/24 2321/246/24 2323/312/24
f 2442/314/24 2444/316/24 2443/315/24
f 2441/317/24 2444/316/24 2442/314/24
f 2440/318/24 2444/316/24 2441/317/24
f 2439/319/24 2444/316/24 2440/318/24
f 2438/320/24 2444/316/24 2439/319/24
f 2437/321/24 2444/316/24 2438/320/24
f 2436/322/24 2444/316/24 2437/321/24
f 2435/323/24 2444/316/24 2436/322/24
f 2434/324/24 2444/316/24 2435/323/24
f 2433/325/24 2444/316/24 2434/324/24
f 2432/326/24 2444/316/24 2433/325/24
f 2567/327/24 2408/328/24 2407/3/24
f 2567/327/24 2409/329/24 2408/328/24
f 2566/330/24 2409/329/24 2567/327/24
f 2431/331/24 2444/316/24 2432/326/24
f 2566/330/24 2410/332/24 2409/329/24
f 2565/333/24 2410/332/24 2566/330/24
f 2430/334/24 2444/316/24 2431/331/24
f 2565/333/24 2411/335/24 2410/332/24
f 2564/336/24 2411/335/24 2565/333/24
f 2564/336/24 2412/337/24 2411/335/24
f 2429/338/24 2444/316/24 2430/334/24
f 2563/339/24 2412/337/24 2564/336/24
f 2563/339/24 2413/340/24 2412/337/24
f 2562/341/24 2413/340/24 2563/339/24
f 2428/342/24 2444/316/24 2429/338/24
f 2562/341/24 2414/343/24 2413/340/24
f 2427/344/24 2444/316/24 2428/342/24
f 2561/345/24 2414/343/24 2562/341/24
f 2561/345/24 2415/346/24 2414/343/24
f 2426/347/24 2444/316/24 2427/344/24
f 2560/348/24 2415/346/24 2561/345/24
f 2560/348/24 2416/349/24 2415/346/24
f 2425/350/24 2444/316/24 2426/347/24
f 2559/351/24 2416/349/24 2560/348/24
f 2424/352/24 2444/316/24 2425/350/24
f 2559/351/24 2631/353/24 2416/349/24
f 2631/353/24 2630/354/24 2416/349/24
f 2630/354/24 2417/355/24 2416/349/24
f 2423/356/24 2444/316/24 2424/352/24
f 2559/351/24 2632/357/24 2631/353/24
f 2629/358/24 2417/355/24 2630/354/24
f 2629/358/24 2418/359/24 2417/355/24
f 2558/360/24 2632/357/24 2559/351/24
f 2422/361/24 2444/316/24 2423/356/24
f 2558/360/24 2633/362/24 2632/357/24
f 2421/363/24 2444/316/24 2422/361/24
f 2629/358/24 2419/364/24 2418/359/24
f 2557/365/24 2633/362/24 2558/360/24
f 2420/366/24 2444/316/24 2421/363/24
f 2557/365/24 2634/367/24 2633/362/24
f 2419/364/24 2444/316/24 2420/366/24
f 2629/358/24 2628/368/24 2419/364/24
f 2628/368/24 2627/369/24 2419/364/24
f 2627/369/24 2626/370/24 2419/364/24
f 2626/370/24 2625/371/24 2419/364/24
f 2625/371/24 2624/372/24 2419/364/24
f 2624/372/24 2623/373/24 2419/364/24
f 2623/373/24 2622/374/24 2419/364/24
f 2622/374/24 2621/375/24 2419/364/24
f 2621/375/24 2620/376/24 2419/364/24
f 2620/376/24 2619/377/24 2419/364/24
f 2619/377/24 2618/378/24 2419/364/24
f 2618/378/24 2617/379/24 2419/364/24
f 2617/379/24 2444/316/24 2419/364/24
f 2556/380/24 2634/367/24 2557/365/24
f 2556/380/24 2635/381/24 2634/367/24
f 2555/382/24 2635/381/24 2556/380/24
f 2555/382/24 2636/383/24 2635/381/24
f 2554/384/24 2636/383/24 2555/382/24
f 2616/385/24 2444/316/24 2617/379/24
f 2554/384/24 2637/386/24 2636/383/24
f 2553/387/24 2637/386/24 2554/384/24
f 2552/388/24 2637/386/24 2553/387/24
f 2552/388/24 2638/389/24 2637/386/24
f 2551/390/24 2638/389/24 2552/388/24
f 2551/390/24 2639/391/24 2638/389/24
f 2550/392/24 2639/391/24 2551/390/24
f 2549/393/24 2639/391/24 2550/392/24
f 2549/393/24 2640/394/24 2639/391/24
f 2548/103/24 2640/394/24 2549/393/24
f 2548/103/24 2641/395/24 2640/394/24
f 2547/396/24 2641/395/24 2548/103/24
f 2546/397/24 2641/395/24 2547/396/24
f 2546/397/24 2642/38/24 2641/395/24
f 2545/398/24 2642/38/24 2546/397/24
f 2544/399/24 2642/38/24 2545/398/24
f 2544/399/24 2568/400/24 2642/38/24
f 2543/401/24 2568/400/24 2544/399/24
f 2542/402/24 2568/400/24 2543/401/24
f 2542/402/24 2569/403/24 2568/400/24
f 2615/404/24 2444/316/24 2616/385/24
f 2541/405/24 2569/403/24 2542/402/24
f 2541/405/24 2570/406/24 2569/403/24
f 2614/407/24 2444/316/24 2615/404/24
f 2540/408/24 2570/406/24 2541/405/24
f 2539/409/24 2570/406/24 2540/408/24
f 2539/409/24 2571/410/24 2570/406/24
f 2613/411/24 2444/316/24 2614/407/24
f 2538/412/24 2571/410/24 2539/409/24
f 2538/412/24 2572/413/24 2571/410/24
f 2612/414/24 2444/316/24 2613/411/24
f 2537/415/24 2572/413/24 2538/412/24
f 2537/415/24 2573/416/24 2572/413/24
f 2536/417/24 2573/416/24 2537/415/24
f 2611/418/24 2444/316/24 2612/414/24
f 2535/419/24 2573/416/24 2536/417/24
f 2535/419/24 2574/420/24 2573/416/24
f 2610/421/24 2444/316/24 2611/418/24
f 2534/422/24 2574/420/24 2535/419/24
f 2534/422/24 2575/423/24 2574/420/24
f 2533/424/24 2575/423/24 2534/422/24
f 2609/425/24 2444/316/24 2610/421/24
f 2532/426/24 2575/423/24 2533/424/24
f 2532/426/24 2576/427/24 2575/423/24
f 2531/428/24 2576/427/24 2532/426/24
f 2608/429/24 2444/316/24 2609/425/24
f 2530/430/24 2576/427/24 2531/428/24
f 2530/430/24 2577/431/24 2576/427/24
f 2607/432/24 2444/316/24 2608/429/24
f 2529/433/24 2577/431/24 2530/430/24
f 2529/433/24 2578/434/24 2577/431/24
f 2528/435/24 2578/434/24 2529/433/24
f 2606/436/24 2444/316/24 2607/432/24
f 2527/437/24 2578/434/24 2528/435/24
f 2527/437/24 2579/438/24 2578/434/24
f 2605/439/24 2444/316/24 2606/436/24
f 2526/440/24 2579/438/24 2527/437/24
f 2526/440/24 2580/441/24 2579/438/24
f 2525/442/24 2580/441/24 2526/440/24
f 2604/443/24 2444/316/24 2605/439/24
f 2525/442/24 2581/444/24 2580/441/24
f 2524/445/24 2581/444/24 2525/442/24
f 2603/446/24 2444/316/24 2604/443/24
f 2523/447/24 2581/444/24 2524/445/24
f 2523/447/24 2582/448/24 2581/444/24
f 2603/446/24 2445/449/24 2444/316/24
f 2602/450/24 2445/449/24 2603/446/24
f 2522/451/24 2582/448/24 2523/447/24
f 2522/451/24 2583/452/24 2582/448/24
f 2601/453/24 2445/449/24 2602/450/24
f 2521/454/24 2583/452/24 2522/451/24
f 2521/454/24 2584/455/24 2583/452/24
f 2600/456/24 2445/449/24 2601/453/24
f 2520/457/24 2584/455/24 2521/454/24
f 2600/456/24 2446/458/24 2445/449/24
f 2600/456/24 2447/459/24 2446/458/24
f 2520/457/24 2585/460/24 2584/455/24
f 2600/456/24 2448/461/24 2447/459/24
f 2599/462/24 2448/461/24 2600/456/24
f 2519/463/24 2585/460/24 2520/457/24
f 2599/462/24 2449/464/24 2448/461/24
f 2599/462/24 2450/465/24 2449/464/24
f 2599/462/24 2451/466/24 2450/465/24
f 2519/463/24 2586/467/24 2585/460/24
f 2598/468/24 2451/466/24 2599/462/24
f 2518/469/24 2586/467/24 2519/463/24
f 2598/468/24 2452/470/24 2451/466/24
f 2598/468/24 2453/471/24 2452/470/24
f 2598/468/24 2454/80/24 2453/471/24
f 2518/469/24 2587/472/24 2586/467/24
f 2597/473/24 2454/80/24 2598/468/24
f 2517/474/24 2587/472/24 2518/469/24
f 2597/473/24 2455/475/24 2454/80/24
f 2597/473/24 2456/476/24 2455/475/24
f 2517/474/24 2588/477/24 2587/472/24
f 2596/478/24 2456/476/24 2597/473/24
f 2596/478/24 2457/479/24 2456/476/24
f 2516/480/24 2588/477/24 2517/474/24
f 2596/478/24 2458/481/24 2457/479/24
f 2516/480/24 2589/482/24 2588/477/24
f 2596/478/24 2459/483/24 2458/481/24
f 2595/20/24 2459/483/24 2596/478/24
f 2595/20/24 2460/484/24 2459/483/24
f 2515/485/24 2589/482/24 2516/480/24
f 2515/485/24 2590/486/24 2589/482/24
f 2595/20/24 2461/487/24 2460/484/24
f 2594/488/24 2461/487/24 2595/20/24
f 2594/488/24 2462/489/24 2461/487/24
f 2515/485/24 2591/490/24 2590/486/24
f 2593/491/24 2462/489/24 2594/488/24
f 2514/492/24 2591/490/24 2515/485/24
f 2593/491/24 2463/493/24 2462/489/24
f 2514/492/24 2592/494/24 2591/490/24
f 2592/494/24 2463/493/24 2593/491/24
f 2514/492/24 2463/493/24 2592/494/24
f 2514/492/24 2464/495/24 2463/493/24
f 2513/496/24 2464/495/24 2514/492/24
f 2513/496/24 2465/497/24 2464/495/24
f 2513/496/24 2466/498/24 2465/497/24
f 2512/499/24 2466/498/24 2513/496/24
f 2512/499/24 2467/500/24 2466/498/24
f 2511/501/24 2467/500/24 2512/499/24
f 2511/501/24 2468/502/24 2467/500/24
f 2510/503/24 2468/502/24 2511/501/24
f 2510/503/24 2469/504/24 2468/502/24
f 2509/505/24 2469/504/24 2510/503/24
f 2508/506/24 2469/504/24 2509/505/24
f 2507/507/3 2469/504/3 2508/506/3
f 2506/508/24 2469/504/24 2507/507/24
f 2506/508/25 2505/509/25 2469/504/25
f 2505/509/23 2504/510/23 2469/504/23
f 2504/510/24 2503/511/24 2469/504/24
f 2503/511/24 2502/512/24 2469/504/24
f 2502/512/24 2501/97/24 2469/504/24
f 2501/97/24 2500/513/24 2469/504/24
f 2500/513/24 2499/514/24 2469/504/24
f 2499/514/24 2498/515/24 2469/504/24
f 2498/515/24 2497/516/24 2469/504/24
f 2497/516/24 2496/517/24 2469/504/24
f 2496/517/24 2494/518/24 2469/504/24
f 2494/518/24 2493/519/24 2469/504/24
f 2493/519/24 2492/520/24 2469/504/24
f 2492/520/24 2491/521/24 2469/504/24
f 2491/521/24 2490/522/24 2469/504/24
f 2490/522/24 2489/523/24 2469/504/24
f 2489/523/24 2488/524/24 2469/504/24
f 2488/524/24 2487/525/24 2469/504/24
f 2487/525/24 2486/526/24 2469/504/24
f 2486/526/24 2485/527/24 2469/504/24
f 2485/527/24 2470/528/24 2469/504/24
f 2495/529/24 2494/518/24 2496/517/24
f 2484/530/24 2470/528/24 2485/527/24
f 2483/531/23 2470/528/23 2484/530/23
f 2482/532/24 2470/528/24 2483/531/24
f 2481/533/24 2470/528/24 2482/532/24
f 2480/534/24 2470/528/24 2481/533/24
f 2479/535/24 2470/528/24 2480/534/24
f 2478/536/24 2470/528/24 2479/535/24
f 2477/537/24 2470/528/24 2478/536/24
f 2476/538/24 2470/528/24 2477/537/24
f 2475/539/24 2470/528/24 2476/538/24
f 2475/539/24 2474/540/24 2470/528/24
f 2474/540/24 2473/541/24 2470/528/24
f 2473/541/24 2472/542/24 2470/528/24
f 2472/542/24 2471/543/24 2470/528/24
f 2840/544/24 2842/546/24 2841/545/24
f 2840/544/24 2843/547/24 2842/546/24
f 2840/544/24 2844/548/24 2843/547/24
f 2840/544/24 2845/549/24 2844/548/24
f 2840/544/24 2846/550/24 2845/549/24
f 2840/544/24 2847/551/24 2846/550/24
f 2840/544/24 2848/552/24 2847/551/24
f 2840/544/24 2849/553/24 2848/552/24
f 2726/554/24 2728/556/24 2727/555/24
f 2726/554/24 2729/557/24 2728/556/24
f 2725/558/24 2729/557/24 2726/554/24
f 2724/559/24 2729/557/24 2725/558/24
f 2724/559/24 2730/560/24 2729/557/24
f 2723/561/24 2730/560/24 2724/559/24
f 2722/562/24 2730/560/24 2723/561/24
f 2722/562/24 2731/563/24 2730/560/24
f 2721/564/24 2731/563/24 2722/562/24
f 2840/544/24 2850/565/24 2849/553/24
f 2720/566/24 2731/563/24 2721/564/24
f 2720/566/24 2732/567/24 2731/563/24
f 2719/568/24 2732/567/24 2720/566/24
f 2718/569/24 2732/567/24 2719/568/24
f 2718/569/24 2733/570/24 2732/567/24
f 2840/544/24 2851/571/24 2850/565/24
f 2717/572/24 2733/570/24 2718/569/24
f 2840/544/24 2852/38/24 2851/571/24
f 2716/573/24 2733/570/24 2717/572/24
f 2839/574/24 2852/38/24 2840/544/24
f 2716/573/24 2734/575/24 2733/570/24
f 2715/576/24 2734/575/24 2716/573/24
f 2839/574/24 2715/576/24 2852/38/24
f 2839/574/24 2734/575/24 2715/576/24
f 2838/577/24 2734/575/24 2839/574/24
f 2838/577/24 2667/578/24 2734/575/24
f 2667/578/24 2735/579/24 2734/575/24
f 2838/577/24 2668/580/24 2667/578/24
f 2666/581/24 2735/579/24 2667/578/24
f 2838/577/24 2669/582/24 2668/580/24
f 2665/583/24 2735/579/24 2666/581/24
f 2837/584/24 2669/582/24 2838/577/24
f 2837/584/24 2670/585/24 2669/582/24
f 2664/586/24 2735/579/24 2665/583/24
f 2664/586/24 2736/587/24 2735/579/24
f 2837/584/24 2671/588/24 2670/585/24
f 2663/589/24 2736/587/24 2664/586/24
f 2836/590/24 2671/588/24 2837/584/24
f 2663/589/24 2737/591/24 2736/587/24
f 2836/590/24 2672/592/24 2671/588/24
f 2835/593/24 2672/592/24 2836/590/24
f 2662/594/24 2737/591/24 2663/589/24
f 2834/595/24 2672/592/24 2835/593/24
f 2662/594/24 2738/596/24 2737/591/24
f 2834/595/24 2673/597/24 2672/592/24
f 2661/598/24 2738/596/24 2662/594/24
f 2833/599/24 2673/597/24 2834/595/24
f 2832/600/24 2673/597/24 2833/599/24
f 2832/600/24 2674/601/24 2673/597/24
f 2661/598/24 2739/602/24 2738/596/24
f 2660/603/24 2739/602/24 2661/598/24
f 2831/604/24 2674/601/24 2832/600/24
f 2830/605/24 2674/601/24 2831/604/24
f 2660/603/24 2740/606/24 2739/602/24
f 2830/605/24 2675/607/24 2674/601/24
f 2829/608/24 2675/607/24 2830/605/24
f 2659/609/24 2740/606/24 2660/603/24
f 2828/610/24 2675/607/24 2829/608/24
f 2827/611/24 2675/607/24 2828/610/24
f 2659/609/24 2741/612/24 2740/606/24
f 2827/611/24 2676/613/24 2675/607/24
f 2658/614/24 2741/612/24 2659/609/24
f 2826/615/24 2676/613/24 2827/611/24
f 2826/615/24 2677/616/24 2676/613/24
f 2825/617/24 2677/616/24 2826/615/24
f 2824/618/24 2677/616/24 2825/617/24
f 2657/619/24 2741/612/24 2658/614/24
f 2657/619/24 2742/620/24 2741/612/24
f 2823/621/24 2677/616/24 2824/618/24
f 2822/622/24 2677/616/24 2823/621/24
f 2821/623/24 2677/616/24 2822/622/24
f 2821/623/24 2678/624/24 2677/616/24
f 2656/625/24 2742/620/24 2657/619/24
f 2820/626/24 2678/624/24 2821/623/24
f 2819/627/24 2678/624/24 2820/626/24
f 2656/625/24 2743/628/24 2742/620/24
f 2819/627/24 2679/629/24 2678/624/24
f 2818/630/24 2679/629/24 2819/627/24
f 2655/631/24 2743/628/24 2656/625/24
f 2817/632/24 2679/629/24 2818/630/24
f 2817/632/24 2680/633/24 2679/629/24
f 2816/634/24 2680/633/24 2817/632/24
f 2655/631/24 2744/635/24 2743/628/24
f 2654/636/24 2744/635/24 2655/631/24
f 2815/637/24 2680/633/24 2816/634/24
f 2815/637/24 2681/638/24 2680/633/24
f 2814/639/24 2682/640/24 2815/637/24
f 2682/640/24 2681/638/24 2815/637/24
f 2653/641/24 2744/635/24 2654/636/24
f 2653/641/24 2745/642/24 2744/635/24
f 2652/643/24 2745/642/24 2653/641/24
f 2652/643/24 2746/644/24 2745/642/24
f 2814/639/24 2683/645/24 2682/640/24
f 2651/646/24 2746/644/24 2652/643/24
f 2814/639/24 2684/647/24 2683/645/24
f 2651/646/24 2747/648/24 2746/644/24
f 2650/649/24 2747/648/24 2651/646/24
f 2814/639/24 2685/650/24 2684/647/24
f 2649/651/24 2747/648/24 2650/649/24
f 2649/651/24 2748/652/24 2747/648/24
f 2814/639/24 2686/653/24 2685/650/24
f 2648/654/24 2748/652/24 2649/651/24
f 2648/654/24 2749/655/24 2748/652/24
f 2814/639/24 2687/656/24 2686/653/24
f 2647/657/24 2749/655/24 2648/654/24
f 2814/639/24 2688/658/24 2687/656/24
f 2647/657/24 2750/659/24 2749/655/24
f 2646/660/24 2750/659/24 2647/657/24
f 2814/639/24 2689/661/24 2688/658/24
f 2645/662/24 2750/659/24 2646/660/24
f 2645/662/24 2751/663/24 2750/659/24
f 2814/639/24 2690/664/24 2689/661/24
f 2644/665/24 2751/663/24 2645/662/24
f 2644/665/24 2752/666/24 2751/663/24
f 2814/639/24 2691/667/24 2690/664/24
f 2643/3/24 2752/666/24 2644/665/24
f 2814/639/24 2692/668/24 2691/667/24
f 2714/669/24 2752/666/24 2643/3/24
f 2714/669/24 2753/670/24 2752/666/24
f 2714/669/24 2754/671/24 2753/670/24
f 2814/639/24 2693/672/24 2692/668/24
f 2713/673/24 2754/671/24 2714/669/24
f 2713/673/24 2755/674/24 2754/671/24
f 2713/673/24 2756/675/24 2755/674/24
f 2814/639/24 2694/676/24 2693/672/24
f 2712/677/24 2756/675/24 2713/673/24
f 2712/677/24 2757/678/24 2756/675/24
f 2814/639/24 2695/679/24 2694/676/24
f 2711/680/24 2757/678/24 2712/677/24
f 2711/680/24 2758/681/24 2757/678/24
f 2711/680/24 2759/682/24 2758/681/24
f 2814/639/24 2696/683/24 2695/679/24
f 2710/684/24 2759/682/24 2711/680/24
f 2710/684/24 2760/685/24 2759/682/24
f 2814/639/24 2697/686/24 2696/683/24
f 2709/687/24 2760/685/24 2710/684/24
f 2709/687/24 2761/688/24 2760/685/24
f 2709/687/24 2762/689/24 2761/688/24
f 2814/639/24 2698/690/24 2697/686/24
f 2708/691/24 2762/689/24 2709/687/24
f 2708/691/24 2763/692/24 2762/689/24
f 2814/639/24 2699/693/24 2698/690/24
f 2707/694/24 2763/692/24 2708/691/24
f 2707/694/24 2764/695/24 2763/692/24
f 2814/639/24 2789/696/24 2699/693/24
f 2789/696/24 2788/697/24 2699/693/24
f 2788/697/24 2700/698/24 2699/693/24
f 2706/699/24 2764/695/24 2707/694/24
f 2706/699/24 2765/700/24 2764/695/24
f 2706/699/24 2766/701/24 2765/700/24
f 2706/699/24 2767/702/24 2766/701/24
f 2788/697/24 2787/703/24 2700/698/24
f 2787/703/24 2786/704/24 2700/698/24
f 2786/704/24 2701/705/24 2700/698/24
f 2705/706/24 2767/702/24 2706/699/24
f 2705/706/24 2768/707/24 2767/702/24
f 2705/706/24 2769/708/24 2768/707/24
f 2786/704/24 2785/709/24 2701/705/24
f 2785/709/24 2784/710/24 2701/705/24
f 2784/710/24 2702/711/24 2701/705/24
f 2704/712/24 2769/708/24 2705/706/24
f 2704/712/24 2770/713/24 2769/708/24
f 2784/710/24 2783/714/24 2702/711/24
f 2783/714/24 2703/715/24 2702/711/24
f 2703/715/24 2770/713/24 2704/712/24
f 2703/715/24 2771/716/24 2770/713/24
f 2783/714/26 2782/717/26 2703/715/26
f 2782/717/24 2781/718/24 2703/715/24
f 2781/718/24 2780/719/24 2703/715/24
f 2780/719/24 2779/720/24 2703/715/24
f 2779/720/24 2771/716/24 2703/715/24
f 2779/720/25 2778/721/25 2771/716/25
f 2778/721/24 2772/722/24 2771/716/24
f 2778/721/24 2773/723/24 2772/722/24
f 2778/721/24 2777/724/24 2773/723/24
f 2777/724/24 2774/725/24 2773/723/24
f 2777/724/24 2775/726/24 2774/725/24
f 2777/724/24 2776/727/24 2775/726/24
f 2814/639/24 2802/728/24 2789/696/24
f 2802/728/24 2801/729/24 2789/696/24
f 2801/729/24 2800/730/24 2789/696/24
f 2800/730/24 2799/731/24 2789/696/24
f 2799/731/24 2798/732/24 2789/696/24
f 2798/732/24 2797/733/24 2789/696/24
f 2797/733/24 2796/734/24 2789/696/24
f 2796/734/24 2795/735/24 2789/696/24
f 2795/735/24 2794/736/24 2789/696/24
f 2794/736/24 2793/737/24 2789/696/24
f 2793/737/24 2792/738/24 2789/696/24
f 2792/738/24 2791/739/24 2789/696/24
f 2791/739/24 2790/740/24 2789/696/24
f 2814/639/24 2803/741/24 2802/728/24
f 2814/639/27 2804/742/27 2803/741/27
f 2814/639/28 2805/743/28 2804/742/28
f 2814/639/23 2806/744/23 2805/743/23
f 2814/639/25 2807/745/25 2806/744/25
f 2814/639/29 2808/746/29 2807/745/29
f 2814/639/30 2809/747/30 2808/746/30
f 2814/639/24 2810/748/24 2809/747/24
f 2814/639/31 2811/749/31 2810/748/31
f 2814/639/32 2812/750/32 2811/749/32
f 2814/639/24 2813/751/24 2812/750/24
f 2913/752/24 2915/754/24 2914/753/24
f 2913/752/24 2943/755/24 2915/754/24
f 2943/755/24 2942/756/24 2915/754/24
f 2942/756/24 2941/757/24 2915/754/24
f 2941/757/24 2940/758/24 2915/754/24
f 2940/758/24 2939/759/24 2915/754/24
f 2939/759/24 2938/760/24 2915/754/24
f 2938/760/24 2937/761/24 2915/754/24
f 2937/761/24 2936/762/24 2915/754/24
f 2936/762/24 2935/763/24 2915/754/24
f 2935/763/24 2934/764/24 2915/754/24
f 2934/764/24 2933/765/24 2915/754/24
f 2933/765/24 2932/766/24 2915/754/24
f 2932/766/24 2931/767/24 2915/754/24
f 2931/767/24 2930/768/24 2915/754/24
f 2930/768/24 2929/769/24 2915/754/24
f 2929/769/24 2928/770/24 2915/754/24
f 2928/770/24 2927/771/24 2915/754/24
f 2927/771/24 2926/772/24 2915/754/24
f 2926/772/24 2925/773/24 2915/754/24
f 2925/773/24 2924/774/24 2915/754/24
f 2924/774/24 2923/775/24 2915/754/24
f 2923/775/24 2922/776/24 2915/754/24
f 2922/776/24 2921/777/24 2915/754/24
f 2921/777/24 2920/778/24 2915/754/24
f 2920/778/24 2919/779/24 2915/754/24
f 2919/779/24 2918/780/24 2915/754/24
f 2918/780/24 2917/781/24 2915/754/24
f 2917/781/24 2916/782/24 2915/754/24
f 2912/783/24 2944/784/24 2913/752/24
f 2944/784/25 2943/755/25 2913/752/25
f 2911/785/24 2944/784/24 2912/783/24
f 2910/786/24 2945/787/24 2911/785/24
f 2945/787/24 2944/784/24 2911/785/24
f 2909/788/24 2945/787/24 2910/786/24
f 2908/789/24 2946/790/24 2909/788/24
f 2946/790/24 2945/787/24 2909/788/24
f 2907/791/24 2946/790/24 2908/789/24
f 2907/791/26 2947/792/26 2946/790/26
f 2907/791/24 2948/793/24 2947/792/24
f 2907/791/24 2949/794/24 2948/793/24
f 2907/791/24 2950/795/24 2949/794/24
f 2907/791/24 2951/796/24 2950/795/24
f 2906/797/24 2951/796/24 2907/791/24
f 2906/797/24 2952/798/24 2951/796/24
f 2906/797/24 2953/799/24 2952/798/24
f 2906/797/24 2954/800/24 2953/799/24
f 2906/797/24 2955/801/24 2954/800/24
f 2906/797/24 2956/802/24 2955/801/24
f 2906/797/24 2957/803/24 2956/802/24
f 2905/804/24 2957/803/24 2906/797/24
f 2905/804/24 2958/805/24 2957/803/24
f 2905/804/24 2959/806/24 2958/805/24
f 2905/804/24 2960/807/24 2959/806/24
f 2905/804/24 2961/808/24 2960/807/24
f 2905/804/24 2962/809/24 2961/808/24
f 2905/804/24 2963/810/24 2962/809/24
f 2905/804/24 2964/811/24 2963/810/24
f 2905/804/24 2965/812/24 2964/811/24
f 2905/804/24 3139/813/24 2965/812/24
f 3139/813/24 2966/814/24 2965/812/24
f 2904/815/24 3139/813/24 2905/804/24
f 2903/816/24 3139/813/24 2904/815/24
f 2903/816/24 3140/817/24 3139/813/24
f 3138/818/24 2966/814/24 3139/813/24
f 2902/819/24 3140/817/24 2903/816/24
f 2902/819/24 3141/820/24 3140/817/24
f 2902/819/24 3142/821/24 3141/820/24
f 2901/822/24 3142/821/24 2902/819/24
f 2901/822/24 3143/823/24 3142/821/24
f 2900/824/24 3143/823/24 2901/822/24
f 2900/824/24 3144/825/24 3143/823/24
f 2899/826/24 3144/825/24 2900/824/24
f 2899/826/24 3145/827/24 3144/825/24
f 2898/828/24 3145/827/24 2899/826/24
f 2898/828/24 3146/829/24 3145/827/24
f 2897/830/24 3146/829/24 2898/828/24
f 2897/830/24 3147/831/24 3146/829/24
f 2896/832/24 3147/831/24 2897/830/24
f 2896/832/24 3148/833/24 3147/831/24
f 2895/834/24 3148/833/24 2896/832/24
f 2895/834/24 3149/835/24 3148/833/24
f 2894/836/24 3149/835/24 2895/834/24
f 2894/836/24 3150/837/24 3149/835/24
f 2893/838/24 3150/837/24 2894/836/24
f 2893/838/24 3151/839/24 3150/837/24
f 2893/838/24 3152/840/24 3151/839/24
f 2892/841/24 3152/840/24 2893/838/24
f 2892/841/24 3153/842/24 3152/840/24
f 2892/841/24 3154/843/24 3153/842/24
f 2892/841/24 3155/844/24 3154/843/24
f 2892/841/24 3156/845/24 3155/844/24
f 2891/846/24 3156/845/24 2892/841/24
f 2891/846/24 3157/847/24 3156/845/24
f 2891/846/24 3158/848/24 3157/847/24
f 2891/846/24 3159/849/24 3158/848/24
f 2891/846/24 3160/850/24 3159/849/24
f 2890/851/24 3160/850/24 2891/846/24
f 2890/851/24 3161/852/24 3160/850/24
f 2890/851/24 3162/853/24 3161/852/24
f 2890/851/24 3163/854/24 3162/853/24
f 2890/851/24 3164/855/24 3163/854/24
f 2889/856/24 3164/855/24 2890/851/24
f 2888/857/24 3164/855/24 2889/856/24
f 2887/858/24 3164/855/24 2888/857/24
f 2887/858/24 3165/859/24 3164/855/24
f 2886/860/24 3165/859/24 2887/858/24
f 2885/861/24 3165/859/24 2886/860/24
f 2884/862/24 3165/859/24 2885/861/24
f 2884/862/24 3166/863/24 3165/859/24
f 2883/864/24 3166/863/24 2884/862/24
f 2882/865/24 3166/863/24 2883/864/24
f 2882/865/24 3167/866/24 3166/863/24
f 2881/867/24 3167/866/24 2882/865/24
f 2880/868/24 3167/866/24 2881/867/24
f 2880/868/24 3168/869/24 3167/866/24
f 2879/870/24 3168/869/24 2880/868/24
f 2879/870/24 3169/871/24 3168/869/24
f 2878/872/24 3169/871/24 2879/870/24
f 2877/873/24 3169/871/24 2878/872/24
f 2877/873/24 3170/874/24 3169/871/24
f 2876/875/24 3170/874/24 2877/873/24
f 2875/876/24 3170/874/24 2876/875/24
f 2875/876/24 3171/877/24 3170/874/24
f 2874/878/24 3171/877/24 2875/876/24
f 2874/878/24 3172/879/24 3171/877/24
f 2873/880/24 3172/879/24 2874/878/24
f 2872/881/24 3172/879/24 2873/880/24
f 2872/881/24 3173/882/24 3172/879/24
f 2871/883/24 3173/882/24 2872/881/24
f 2870/884/24 3173/882/24 2871/883/24
f 2870/884/24 3174/885/24 3173/882/24
f 2869/886/24 3174/885/24 2870/884/24
f 2869/886/24 3175/887/24 3174/885/24
f 2868/888/24 3175/887/24 2869/886/24
f 2867/889/24 3175/887/24 2868/888/24
f 2867/889/24 3176/890/24 3175/887/24
f 2867/889/24 3177/891/24 3176/890/24
f 2867/889/24 3178/892/24 3177/891/24
f 2867/889/24 3179/893/24 3178/892/24
f 2867/889/24 3180/894/24 3179/893/24
f 2867/889/24 3181/895/24 3180/894/24
f 2867/889/24 3182/896/24 3181/895/24
f 2867/889/24 3183/897/24 3182/896/24
f 2867/889/24 3184/898/24 3183/897/24
f 2867/889/24 3185/899/24 3184/898/24
f 2867/889/24 3186/38/24 3185/899/24
f 2867/889/24 3138/818/24 3186/38/24
f 2867/889/24 2966/814/24 3138/818/24
f 2866/900/24 2966/814/24 2867/889/24
f 2865/901/24 2966/814/24 2866/900/24
f 2864/902/24 2966/814/24 2865/901/24
f 2863/903/24 2966/814/24 2864/902/24
f 2863/903/24 2967/904/24 2966/814/24
f 2863/903/24 2968/905/24 2967/904/24
f 2863/903/24 2969/906/24 2968/905/24
f 2862/907/24 2969/906/24 2863/903/24
f 2862/907/24 2970/908/24 2969/906/24
f 2862/907/24 2971/909/24 2970/908/24
f 2862/907/24 2972/910/24 2971/909/24
f 2861/911/24 2972/910/24 2862/907/24
f 2861/911/24 2973/912/24 2972/910/24
f 2861/911/24 2974/913/24 2973/912/24
f 2860/914/24 2974/913/24 2861/911/24
f 2860/914/24 2975/915/24 2974/913/24
f 2860/914/24 2976/916/24 2975/915/24
f 2859/917/24 2976/916/24 2860/914/24
f 2859/917/24 2977/918/24 2976/916/24
f 2859/917/24 2978/919/24 2977/918/24
f 2858/920/24 2978/919/24 2859/917/24
f 2858/920/24 2979/921/24 2978/919/24
f 2857/922/24 2979/921/24 2858/920/24
f 2857/922/24 2980/923/24 2979/921/24
f 2856/924/24 2980/923/24 2857/922/24
f 2856/924/24 2981/925/24 2980/923/24
f 2855/926/24 2981/925/24 2856/924/24
f 2855/926/24 2982/927/24 2981/925/24
f 2854/928/24 2982/927/24 2855/926/24
f 2854/928/24 2983/929/24 2982/927/24
f 2853/3/24 3137/930/24 2854/928/24
f 3137/930/24 2983/929/24 2854/928/24
f 3137/930/24 2984/931/24 2983/929/24
f 3137/930/24 2985/932/24 2984/931/24
f 3137/930/24 2986/933/24 2985/932/24
f 2853/3/24 3077/934/24 3137/930/24
f 3136/935/24 2986/933/24 3137/930/24
f 3135/936/24 2986/933/24 3136/935/24
f 3135/936/24 2987/937/24 2986/933/24
f 3134/938/24 2987/937/24 3135/936/24
f 3134/938/24 2988/939/24 2987/937/24
f 3133/940/24 2988/939/24 3134/938/24
f 3133/940/24 2989/941/24 2988/939/24
f 3132/942/24 2989/941/24 3133/940/24
f 3131/943/24 2989/941/24 3132/942/24
f 3131/943/24 2990/944/24 2989/941/24
f 3130/945/24 2990/944/24 3131/943/24
f 3129/946/24 2990/944/24 3130/945/24
f 3129/946/24 2991/947/24 2990/944/24
f 3128/948/24 2991/947/24 3129/946/24
f 3127/949/24 2991/947/24 3128/948/24
f 3127/949/24 2992/950/24 2991/947/24
f 3126/951/24 2992/950/24 3127/949/24
f 3125/952/24 2992/950/24 3126/951/24
f 3124/953/24 2992/950/24 3125/952/24
f 3124/953/24 2993/954/24 2992/950/24
f 3124/953/24 2994/955/24 2993/954/24
f 3123/956/24 2994/955/24 3124/953/24
f 3123/956/24 2995/957/24 2994/955/24
f 3122/958/24 2995/957/24 3123/956/24
f 3122/958/24 2996/959/24 2995/957/24
f 3122/958/24 2997/960/24 2996/959/24
f 3121/961/24 2997/960/24 3122/958/24
f 3121/961/24 2998/962/24 2997/960/24
f 3121/961/24 2999/963/24 2998/962/24
f 3120/964/24 2999/963/24 3121/961/24
f 3120/964/24 3000/965/24 2999/963/24
f 3119/966/24 3000/965/24 3120/964/24
f 3119/966/24 3001/967/24 3000/965/24
f 3119/966/24 3002/968/24 3001/967/24
f 3118/969/24 3002/968/24 3119/966/24
f 3118/969/24 3003/970/24 3002/968/24
f 3118/969/24 3004/971/24 3003/970/24
f 3117/972/24 3004/971/24 3118/969/24
f 3117/972/24 3005/973/24 3004/971/24
f 3116/974/24 3005/973/24 3117/972/24
f 3116/974/24 3006/975/24 3005/973/24
f 3116/974/24 3007/976/24 3006/975/24
f 3115/977/24 3007/976/24 3116/974/24
f 3115/977/24 3008/978/24 3007/976/24
f 3115/977/24 3009/979/24 3008/978/24
f 3114/980/24 3009/979/24 3115/977/24
f 3114/980/24 3010/981/24 3009/979/24
f 3114/980/24 3011/982/24 3010/981/24
f 3114/980/24 3012/983/24 3011/982/24
f 3113/984/24 3012/983/24 3114/980/24
f 3113/984/24 3013/985/24 3012/983/24
f 3113/984/24 3014/986/24 3013/985/24
f 3113/984/24 3015/987/24 3014/986/24
f 3112/988/24 3015/987/24 3113/984/24
f 3111/989/24 3015/987/24 3112/988/24
f 3110/990/24 3015/987/24 3111/989/24
f 3109/991/24 3015/987/24 3110/990/24
f 3109/991/24 3016/992/24 3015/987/24
f 3108/993/24 3016/992/24 3109/991/24
f 3107/994/24 3016/992/24 3108/993/24
f 3106/995/24 3016/992/24 3107/994/24
f 3105/996/24 3016/992/24 3106/995/24
f 3105/996/24 3017/997/24 3016/992/24
f 3104/998/24 3017/997/24 3105/996/24
f 3103/999/24 3017/997/24 3104/998/24
f 3102/1000/24 3017/997/24 3103/999/24
f 3101/1001/24 3017/997/24 3102/1000/24
f 3039/1002/24 3041/1004/24 3040/1003/24
f 3101/1001/24 3018/1005/24 3017/997/24
f 3100/1006/24 3018/1005/24 3101/1001/24
f 3100/1006/24 3019/1007/24 3018/1005/24
f 3099/1008/24 3019/1007/24 3100/1006/24
f 3039/1002/24 3042/1009/24 3041/1004/24
f 3099/1008/24 3020/1010/24 3019/1007/24
f 3039/1002/24 3043/1011/24 3042/1009/24
f 3098/1012/24 3020/1010/24 3099/1008/24
f 3039/1002/24 3044/1013/24 3043/1011/24
f 3098/1012/24 3021/1014/24 3020/1010/24
f 3097/1015/24 3021/1014/24 3098/1012/24
f 3039/1002/24 3045/1016/24 3044/1013/24
f 3097/1015/24 3022/1017/24 3021/1014/24
f 3039/1002/24 3046/1018/24 3045/1016/24
f 3096/1019/24 3022/1017/24 3097/1015/24
f 3096/1019/24 3023/1020/24 3022/1017/24
f 3039/1002/24 3047/1021/24 3046/1018/24
f 3039/1002/24 3048/1022/24 3047/1021/24
f 3095/1023/24 3023/1020/24 3096/1019/24
f 3095/1023/24 3024/1024/24 3023/1020/24
f 3039/1002/24 3049/1025/24 3048/1022/24
f 3095/1023/24 3025/1026/24 3024/1024/24
f 3094/1027/24 3025/1026/24 3095/1023/24
f 3039/1002/24 3050/1028/24 3049/1025/24
f 3039/1002/24 3051/1029/24 3050/1028/24
f 3094/1027/24 3026/1030/24 3025/1026/24
f 3093/1031/24 3026/1030/24 3094/1027/24
f 3039/1002/24 3052/1032/24 3051/1029/24
f 3093/1031/24 3027/1033/24 3026/1030/24
f 3039/1002/24 3053/1034/24 3052/1032/24
f 3039/1002/24 3054/1035/24 3053/1034/24
f 3092/1036/24 3027/1033/24 3093/1031/24
f 3039/1002/24 3055/1037/24 3054/1035/24
f 3092/1036/24 3028/1038/24 3027/1033/24
f 3091/1039/24 3028/1038/24 3092/1036/24
f 3039/1002/24 3056/1040/24 3055/1037/24
f 3039/1002/24 3057/1041/24 3056/1040/24
f 3091/1039/24 3029/1042/24 3028/1038/24
f 3090/1043/24 3029/1042/24 3091/1039/24
f 3039/1002/24 3058/1044/24 3057/1041/24
f 3039/1002/24 3059/1045/24 3058/1044/24
f 3090/1043/24 3030/1046/24 3029/1042/24
f 3089/1047/24 3030/1046/24 3090/1043/24
f 3039/1002/24 3060/1048/24 3059/1045/24
f 3039/1002/24 3061/1049/24 3060/1048/24
f 3089/1047/24 3031/1050/24 3030/1046/24
f 3088/1051/24 3031/1050/24 3089/1047/24
f 3087/1052/24 3031/1050/24 3088/1051/24
f 3039/1002/24 3062/1053/24 3061/1049/24
f 3086/1054/24 3031/1050/24 3087/1052/24
f 3085/1055/24 3031/1050/24 3086/1054/24
f 3084/1056/24 3031/1050/24 3085/1055/24
f 3083/1057/24 3031/1050/24 3084/1056/24
f 3039/1002/24 3063/1058/24 3062/1053/24
f 3082/1059/24 3031/1050/24 3083/1057/24
f 3081/1060/24 3031/1050/24 3082/1059/24
f 3080/1061/24 3031/1050/24 3081/1060/24
f 3079/1062/24 3031/1050/24 3080/1061/24
f 3078/1063/24 3031/1050/24 3079/1062/24
f 3039/1002/24 3064/1064/24 3063/1058/24
f 3077/934/24 3031/1050/24 3078/1063/24
f 2853/3/24 3031/1050/24 3077/934/24
f 2853/3/24 3032/1065/24 3031/1050/24
f 3039/1002/24 3065/1066/24 3064/1064/24
f 3039/1002/24 3066/1067/24 3065/1066/24
f 3039/1002/24 3067/1068/24 3066/1067/24
f 3039/1002/24 3068/1069/24 3067/1068/24
f 3039/1002/24 3069/1070/24 3068/1069/24
f 3039/1002/24 3070/1071/24 3069/1070/24
f 3076/1072/24 3032/1065/24 2853/3/24
f 3039/1002/24 3071/1073/24 3070/1071/24
f 3075/1074/24 3032/1065/24 3076/1072/24
f 3039/1002/24 3072/1075/24 3071/1073/24
f 3074/1076/23 3032/1065/23 3075/1074/23
f 3039/1002/24 3073/1077/24 3072/1075/24
f 3073/1077/24 3032/1065/24 3074/1076/24
f 3039/1002/24 3032/1065/24 3073/1077/24
f 3039/1002/24 3033/1078/24 3032/1065/24
f 3039/1002/24 3034/1079/24 3033/1078/24
f 3039/1002/24 3035/1080/24 3034/1079/24
f 3039/1002/24 3036/1081/24 3035/1080/24
f 3039/1002/24 3037/1082/24 3036/1081/24
f 3039/1002/24 3038/1083/24 3037/1082/24
f 3354/38/24 3260/1085/24 3259/1084/24
f 3354/38/24 3261/1086/24 3260/1085/24
f 3353/1087/24 3261/1086/24 3354/38/24
f 3353/1087/24 3262/1088/24 3261/1086/24
f 3352/1089/24 3262/1088/24 3353/1087/24
f 3352/1089/24 3263/1090/24 3262/1088/24
f 3351/1091/24 3263/1090/24 3352/1089/24
f 3351/1091/24 3264/1092/24 3263/1090/24
f 3350/1093/24 3264/1092/24 3351/1091/24
f 3350/1093/24 3265/1094/24 3264/1092/24
f 3349/1095/24 3265/1094/24 3350/1093/24
f 3349/1095/24 3211/1096/24 3265/1094/24
f 3211/1096/24 3210/1097/24 3265/1094/24
f 3210/1097/24 3266/1098/24 3265/1094/24
f 3348/1099/24 3211/1096/24 3349/1095/24
f 3348/1099/24 3212/1100/24 3211/1096/24
f 3209/1101/24 3266/1098/24 3210/1097/24
f 3348/1099/24 3213/1102/24 3212/1100/24
f 3208/1103/24 3266/1098/24 3209/1101/24
f 3348/1099/24 3214/1104/24 3213/1102/24
f 3207/1105/24 3266/1098/24 3208/1103/24
f 3348/1099/24 3215/1106/24 3214/1104/24
f 3207/1105/24 3267/1107/24 3266/1098/24
f 3206/1108/24 3267/1107/24 3207/1105/24
f 3347/1109/24 3215/1106/24 3348/1099/24
f 3347/1109/24 3216/1110/24 3215/1106/24
f 3205/1111/24 3267/1107/24 3206/1108/24
f 3347/1109/24 3217/1112/24 3216/1110/24
f 3205/1111/24 3268/1113/24 3267/1107/24
f 3204/1114/24 3268/1113/24 3205/1111/24
f 3346/1115/24 3217/1112/24 3347/1109/24
f 3346/1115/24 3218/1116/24 3217/1112/24
f 3203/1117/24 3268/1113/24 3204/1114/24
f 3346/1115/24 3219/1118/24 3218/1116/24
f 3203/1117/24 3269/1119/24 3268/1113/24
f 3345/1120/24 3219/1118/24 3346/1115/24
f 3202/1121/24 3269/1119/24 3203/1117/24
f 3345/1120/24 3220/1122/24 3219/1118/24
f 3201/1123/24 3269/1119/24 3202/1121/24
f 3201/1123/24 3270/1124/24 3269/1119/24
f 3345/1120/24 3221/1125/24 3220/1122/24
f 3344/1126/24 3221/1125/24 3345/1120/24
f 3200/1127/24 3270/1124/24 3201/1123/24
f 3344/1126/24 3222/1128/24 3221/1125/24
f 3200/1127/24 3271/1129/24 3270/1124/24
f 3343/1130/24 3222/1128/24 3344/1126/24
f 3199/1131/24 3271/1129/24 3200/1127/24
f 3343/1130/24 3223/1132/24 3222/1128/24
f 3199/1131/24 3272/1133/24 3271/1129/24
f 3198/1134/24 3272/1133/24 3199/1131/24
f 3342/1135/24 3223/1132/24 3343/1130/24
f 3342/1135/24 3224/1136/24 3223/1132/24
f 3197/1137/24 3272/1133/24 3198/1134/24
f 3197/1137/24 3273/1138/24 3272/1133/24
f 3342/1135/24 3225/1139/24 3224/1136/24
f 3341/1140/24 3225/1139/24 3342/1135/24
f 3196/1141/24 3273/1138/24 3197/1137/24
f 3341/1140/24 3226/1142/24 3225/1139/24
f 3196/1141/24 3274/1143/24 3273/1138/24
f 3340/1144/24 3226/1142/24 3341/1140/24
f 3195/1145/24 3274/1143/24 3196/1141/24
f 3340/1144/24 3227/1146/24 3226/1142/24
f 3195/1145/24 3275/1147/24 3274/1143/24
f 3339/1148/24 3227/1146/24 3340/1144/24
f 3194/1149/24 3275/1147/24 3195/1145/24
f 3339/1148/24 3228/1150/24 3227/1146/24
f 3194/1149/24 3276/1151/24 3275/1147/24
f 3338/1152/24 3228/1150/24 3339/1148/24
f 3193/1153/24 3276/1151/24 3194/1149/24
f 3338/1152/24 3229/1154/24 3228/1150/24
f 3193/1153/24 3277/1155/24 3276/1151/24
f 3337/1156/24 3229/1154/24 3338/1152/24
f 3192/1157/24 3277/1155/24 3193/1153/24
f 3337/1156/24 3230/1158/24 3229/1154/24
f 3192/1157/24 3278/1159/24 3277/1155/24
f 3336/1160/24 3230/1158/24 3337/1156/24
f 3336/1160/24 3231/1161/24 3230/1158/24
f 3191/1162/24 3278/1159/24 3192/1157/24
f 3191/1162/24 3279/1163/24 3278/1159/24
f 3335/1164/24 3231/1161/24 3336/1160/24
f 3335/1164/24 3232/1165/24 3231/1161/24
f 3190/1166/24 3279/1163/24 3191/1162/24
f 3190/1166/24 3280/1167/24 3279/1163/24
f 3334/1168/24 3232/1165/24 3335/1164/24
f 3334/1168/24 3233/1169/24 3232/1165/24
f 3189/1170/24 3280/1167/24 3190/1166/24
f 3189/1170/24 3281/1171/24 3280/1167/24
f 3333/1172/24 3233/1169/24 3334/1168/24
f 3333/1172/24 3234/1173/24 3233/1169/24
f 3188/1174/24 3281/1171/24 3189/1170/24
f 3188/1174/24 3282/1175/24 3281/1171/24
f 3332/1176/24 3234/1173/24 3333/1172/24
f 3332/1176/24 3235/1177/24 3234/1173/24
f 3187/3/24 3282/1175/24 3188/1174/24
f 3187/3/24 3283/1178/24 3282/1175/24
f 3331/1179/24 3235/1177/24 3332/1176/24
f 3331/1179/24 3236/1180/24 3235/1177/24
f 3258/1181/24 3283/1178/24 3187/3/24
f 3330/1182/24 3236/1180/24 3331/1179/24
f 3258/1181/24 3284/1183/24 3283/1178/24
f 3258/1181/24 3285/1184/24 3284/1183/24
f 3329/1185/24 3236/1180/24 3330/1182/24
f 3258/1181/24 3286/1186/24 3285/1184/24
f 3329/1185/24 3237/1187/24 3236/1180/24
f 3257/1188/24 3286/1186/24 3258/1181/24
f 3328/1189/24 3237/1187/24 3329/1185/24
f 3257/1188/24 3287/1190/24 3286/1186/24
f 3327/1191/24 3237/1187/24 3328/1189/24
f 3257/1188/24 3288/1192/24 3287/1190/24
f 3327/1191/24 3238/1193/24 3237/1187/24
f 3256/1194/24 3288/1192/24 3257/1188/24
f 3256/1194/24 3289/1195/24 3288/1192/24
f 3326/1196/24 3238/1193/24 3327/1191/24
f 3256/1194/24 3290/1197/24 3289/1195/24
f 3325/1198/24 3238/1193/24 3326/1196/24
f 3256/1194/24 3291/1199/24 3290/1197/24
f 3325/1198/24 3239/1200/24 3238/1193/24
f 3255/1201/24 3291/1199/24 3256/1194/24
f 3324/1202/24 3239/1200/24 3325/1198/24
f 3255/1201/24 3292/1203/24 3291/1199/24
f 3323/1204/24 3239/1200/24 3324/1202/24
f 3255/1201/24 3293/1205/24 3292/1203/24
f 3323/1204/24 3240/1206/24 3239/1200/24
f 3254/1207/24 3293/1205/24 3255/1201/24
f 3322/1208/24 3240/1206/24 3323/1204/24
f 3254/1207/24 3294/1209/24 3293/1205/24
f 3254/1207/24 3295/1210/24 3294/1209/24
f 3321/1211/24 3240/1206/24 3322/1208/24
f 3321/1211/24 3241/1212/24 3240/1206/24
f 3253/1213/24 3295/1210/24 3254/1207/24
f 3253/1213/24 3296/1214/24 3295/1210/24
f 3320/1215/24 3241/1212/24 3321/1211/24
f 3319/1216/24 3241/1212/24 3320/1215/24
f 3253/1213/24 3297/1217/24 3296/1214/24
f 3319/1216/24 3242/1218/24 3241/1212/24
f 3252/1219/24 3297/1217/24 3253/1213/24
f 3318/1220/24 3242/1218/24 3319/1216/24
f 3252/1219/24 3298/1221/24 3297/1217/24
f 3318/1220/24 3243/1222/24 3242/1218/24
f 3251/1223/24 3298/1221/24 3252/1219/24
f 3317/1224/24 3243/1222/24 3318/1220/24
f 3251/1223/24 3299/1225/24 3298/1221/24
f 3316/1226/24 3243/1222/24 3317/1224/24
f 3316/1226/24 3244/1227/24 3243/1222/24
f 3250/1228/24 3299/1225/24 3251/1223/24
f 3250/1228/24 3300/1229/24 3299/1225/24
f 3315/1230/24 3244/1227/24 3316/1226/24
f 3315/1230/24 3245/1231/24 3244/1227/24
f 3249/1232/24 3300/1229/24 3250/1228/24
f 3314/1233/24 3245/1231/24 3315/1230/24
f 3249/1232/24 3301/1234/24 3300/1229/24
f 3314/1233/24 3246/1235/24 3245/1231/24
f 3248/1236/24 3301/1234/24 3249/1232/24
f 3313/1237/24 3246/1235/24 3314/1233/24
f 3313/1237/24 3247/1238/24 3246/1235/24
f 3247/1238/24 3301/1234/24 3248/1236/24
f 3247/1238/24 3302/1239/24 3301/1234/24
f 3313/1237/24 3302/1239/24 3247/1238/24
f 3312/1240/24 3302/1239/24 3313/1237/24
f 3312/1240/24 3303/1241/24 3302/1239/24
f 3311/1242/24 3303/1241/24 3312/1240/24
f 3311/1242/24 3304/1243/24 3303/1241/24
f 3310/1244/24 3304/1243/24 3311/1242/24
f 3310/1244/24 3305/1245/24 3304/1243/24
f 3309/1246/24 3305/1245/24 3310/1244/24
f 3308/1247/24 3305/1245/24 3309/1246/24
f 3308/1247/24 3306/1248/24 3305/1245/24
f 3307/1249/24 3306/1248/24 3308/1247/24
f 3381/1250/24 3383/1252/24 3382/1251/24
f 3381/1250/24 3384/1253/24 3383/1252/24
f 3381/1250/24 3385/1254/24 3384/1253/24
f 3381/1250/24 3386/1255/24 3385/1254/24
f 3381/1250/24 3387/1256/24 3386/1255/24
f 3381/1250/24 3388/1257/24 3387/1256/24
f 3381/1250/24 3389/97/24 3388/1257/24
f 3381/1250/24 3390/1258/24 3389/97/24
f 3381/1250/24 3391/1259/24 3390/1258/24
f 3380/1260/24 3391/1259/24 3381/1250/24
f 3380/1260/24 3392/1261/24 3391/1259/24
f 3380/1260/24 3393/1262/24 3392/1261/24
f 3379/1263/24 3393/1262/24 3380/1260/24
f 3379/1263/24 3394/1264/24 3393/1262/24
f 3379/1263/24 3395/1265/24 3394/1264/24
f 3378/1266/24 3395/1265/24 3379/1263/24
f 3377/1267/24 3395/1265/24 3378/1266/24
f 3376/1268/24 3395/1265/24 3377/1267/24
f 3375/1269/24 3395/1265/24 3376/1268/24
f 3374/1270/24 3395/1265/24 3375/1269/24
f 3373/1271/24 3395/1265/24 3374/1270/24
f 3372/80/24 3395/1265/24 3373/1271/24
f 3371/1272/24 3395/1265/24 3372/80/24
f 3370/1273/24 3395/1265/24 3371/1272/24
f 3369/1274/24 3395/1265/24 3370/1273/24
f 3368/1275/24 3395/1265/24 3369/1274/24
f 3368/1275/24 3367/1276/24 3395/1265/24
f 3367/1276/24 3366/1277/24 3395/1265/24
f 3366/1277/24 3365/1278/24 3395/1265/24
f 3365/1278/24 3364/1279/24 3395/1265/24
f 3364/1279/24 3396/1280/24 3395/1265/24
f 3363/1281/24 3396/1280/24 3364/1279/24
f 3362/1282/24 3396/1280/24 3363/1281/24
f 3361/1283/24 3396/1280/24 3362/1282/24
f 3360/1284/24 3396/1280/24 3361/1283/24
f 3359/1285/24 3396/1280/24 3360/1284/24
f 3358/1286/24 3396/1280/24 3359/1285/24
f 3357/1287/24 3396/1280/24 3358/1286/24
f 3356/1288/24 3396/1280/24 3357/1287/24
f 3355/3/24 3396/1280/24 3356/1288/24
f 3439/1289/24 3355/3/24 3440/38/24
f 3439/1289/24 3396/1280/24 3355/3/24
f 3439/1289/24 3397/1290/24 3396/1280/24
f 3439/1289/24 3398/1291/24 3397/1290/24
f 3438/1292/3 3398/1291/3 3439/1289/3
f 3437/1293/24 3399/1294/24 3438/1292/24
f 3399/1294/3 3398/1291/3 3438/1292/3
f 3437/1293/24 3435/1295/24 3399/1294/24
f 3435/1295/24 3426/1296/24 3399/1294/24
f 3426/1296/24 3425/1297/24 3399/1294/24
f 3425/1297/24 3424/1298/24 3399/1294/24
f 3424/1298/24 3423/20/24 3399/1294/24
f 3423/20/24 3422/1299/24 3399/1294/24
f 3422/1299/24 3421/1300/24 3399/1294/24
f 3421/1300/24 3420/1301/24 3399/1294/24
f 3420/1301/24 3419/1302/24 3399/1294/24
f 3419/1302/24 3418/1303/24 3399/1294/24
f 3418/1303/24 3417/1304/24 3399/1294/24
f 3417/1304/24 3416/1305/24 3399/1294/24
f 3416/1305/24 3415/1306/24 3399/1294/24
f 3415/1306/24 3414/1307/24 3399/1294/24
f 3414/1307/24 3411/1308/24 3399/1294/24
f 3411/1308/24 3410/1309/24 3399/1294/24
f 3410/1309/24 3409/1310/24 3399/1294/24
f 3409/1310/24 3408/1311/24 3399/1294/24
f 3408/1311/24 3407/1312/24 3399/1294/24
f 3407/1312/24 3406/103/24 3399/1294/24
f 3406/103/24 3405/1313/24 3399/1294/24
f 3405/1313/24 3404/1314/24 3399/1294/24
f 3404/1314/24 3403/1315/24 3399/1294/24
f 3403/1315/24 3402/1316/24 3399/1294/24
f 3402/1316/24 3401/1317/24 3399/1294/24
f 3401/1317/24 3400/1318/24 3399/1294/24
f 3414/1307/24 3413/1319/24 3411/1308/24
f 3413/1319/25 3412/1320/25 3411/1308/25
f 3435/1295/24 3427/1321/24 3426/1296/24
f 3435/1295/33 3428/1322/33 3427/1321/33
f 3435/1295/34 3429/1323/34 3428/1322/34
f 3435/1295/35 3430/1324/35 3429/1323/35
f 3435/1295/13 3431/1325/13 3430/1324/13
f 3435/1295/36 3432/1326/36 3431/1325/36
f 3435/1295/3 3433/1327/3 3432/1326/3
f 3435/1295/13 3434/1328/13 3433/1327/13
f 3437/1293/37 3436/1329/37 3435/1295/37
f 3521/1330/24 3523/1332/24 3522/1331/24
f 3521/1330/24 3524/1333/24 3523/1332/24
f 3521/1330/24 3525/1306/24 3524/1333/24
f 3521/1330/24 3526/1334/24 3525/1306/24
f 3521/1330/24 3527/1335/24 3526/1334/24
f 3521/1330/24 3528/1336/24 3527/1335/24
f 3521/1330/24 3529/1337/24 3528/1336/24
f 3521/1330/24 3530/1338/24 3529/1337/24
f 3520/1339/24 3530/1338/24 3521/1330/24
f 3520/1339/24 3531/1340/24 3530/1338/24
f 3520/1339/24 3532/1301/24 3531/1340/24
f 3519/1341/24 3532/1301/24 3520/1339/24
f 3519/1341/24 3533/1342/24 3532/1301/24
f 3519/1341/24 3534/1343/24 3533/1342/24
f 3519/1341/24 3535/1344/24 3534/1343/24
f 3518/1309/24 3535/1344/24 3519/1341/24
f 3517/1345/24 3535/1344/24 3518/1309/24
f 3516/1346/24 3535/1344/24 3517/1345/24
f 3515/1347/24 3535/1344/24 3516/1346/24
f 3514/1348/24 3535/1344/24 3515/1347/24
f 3513/1349/24 3535/1344/24 3514/1348/24
f 3512/1350/24 3535/1344/24 3513/1349/24
f 3511/1313/24 3535/1344/24 3512/1350/24
f 3510/1351/24 3535/1344/24 3511/1313/24
f 3509/1352/24 3535/1344/24 3510/1351/24
f 3508/1353/24 3535/1344/24 3509/1352/24
f 3508/1353/24 3507/1354/24 3535/1344/24
f 3507/1354/24 3506/1355/24 3535/1344/24
f 3506/1355/24 3505/1356/24 3535/1344/24
f 3505/1356/24 3504/1318/24 3535/1344/24
f 3504/1318/24 3503/1357/24 3535/1344/24
f 3503/1357/24 3502/1358/24 3535/1344/24
f 3502/1358/24 3501/1359/24 3535/1344/24
f 3501/1359/24 3500/1360/24 3535/1344/24
f 3500/1360/24 3536/1361/24 3535/1344/24
f 3499/1362/24 3536/1361/24 3500/1360/24
f 3498/1363/24 3536/1361/24 3499/1362/24
f 3497/1265/24 3536/1361/24 3498/1363/24
f 3496/1364/24 3536/1361/24 3497/1265/24
f 3495/1365/24 3536/1361/24 3496/1364/24
f 3547/1366/24 3549/1368/24 3548/1367/24
f 3547/1366/24 3550/1369/24 3549/1368/24
f 3546/1324/24 3550/1369/24 3547/1366/24
f 3546/1324/24 3551/1370/24 3550/1369/24
f 3545/1371/24 3551/1370/24 3546/1324/24
f 3545/1371/24 3552/1372/24 3551/1370/24
f 3544/1373/24 3552/1372/24 3545/1371/24
f 3544/1373/24 3553/1295/24 3552/1372/24
f 3544/1373/24 3554/1374/24 3553/1295/24
f 3543/1375/24 3554/1374/24 3544/1373/24
f 3543/1375/24 3555/1376/24 3554/1374/24
f 3543/1375/24 3556/1377/24 3555/1376/24
f 3542/1378/24 3556/1377/24 3543/1375/24
f 3542/1378/24 3557/1379/24 3556/1377/24
f 3542/1378/24 3558/1380/24 3557/1379/24
f 3542/1378/24 3559/1381/24 3558/1380/24
f 3542/1378/24 3560/38/24 3559/1381/24
f 3542/1378/24 3441/3/24 3560/38/24
f 3541/1382/24 3441/3/24 3542/1378/24
f 3540/1383/24 3441/3/24 3541/1382/24
f 3539/1297/24 3441/3/24 3540/1383/24
f 3538/1384/24 3441/3/24 3539/1297/24
f 3537/1385/24 3480/1386/24 3538/1384/24
f 3480/1386/24 3441/3/24 3538/1384/24
f 3480/1386/24 3479/1387/24 3441/3/24
f 3479/1387/24 3478/1388/24 3441/3/24
f 3478/1388/24 3477/1389/24 3441/3/24
f 3477/1389/24 3476/1260/24 3441/3/24
f 3476/1260/24 3475/1390/24 3441/3/24
f 3475/1390/24 3474/1391/24 3441/3/24
f 3474/1391/24 3473/1392/24 3441/3/24
f 3473/1392/24 3472/1393/24 3441/3/24
f 3472/1393/24 3471/1394/24 3441/3/24
f 3471/1394/24 3442/1395/24 3441/3/24
f 3537/1385/24 3481/1396/24 3480/1386/24
f 3536/1361/24 3481/1396/24 3537/1385/24
f 3495/1365/24 3481/1396/24 3536/1361/24
f 3470/1397/24 3442/1395/24 3471/1394/24
f 3469/1269/24 3442/1395/24 3470/1397/24
f 3468/1398/24 3442/1395/24 3469/1269/24
f 3467/1399/24 3442/1395/24 3468/1398/24
f 3495/1365/24 3493/1400/24 3481/1396/24
f 3493/1400/24 3492/1401/24 3481/1396/24
f 3492/1401/24 3491/1402/24 3481/1396/24
f 3491/1402/24 3490/1258/24 3481/1396/24
f 3490/1258/24 3489/1403/24 3481/1396/24
f 3489/1403/24 3488/1404/24 3481/1396/24
f 3488/1404/24 3487/1405/24 3481/1396/24
f 3487/1405/24 3486/1406/24 3481/1396/24
f 3486/1406/24 3485/1407/24 3481/1396/24
f 3485/1407/24 3484/1408/24 3481/1396/24
f 3484/1408/24 3483/1254/24 3481/1396/24
f 3483/1254/24 3482/1409/24 3481/1396/24
f 3466/1410/24 3465/1411/24 3467/1399/24
f 3465/1411/24 3464/1412/24 3467/1399/24
f 3464/1412/24 3463/1413/24 3467/1399/24
f 3463/1413/24 3462/1273/24 3467/1399/24
f 3462/1273/24 3461/1414/24 3467/1399/24
f 3461/1414/24 3460/1415/24 3467/1399/24
f 3460/1415/24 3459/1416/24 3467/1399/24
f 3459/1416/24 3458/1417/24 3467/1399/24
f 3458/1417/24 3457/1418/24 3467/1399/24
f 3457/1418/24 3456/1419/24 3467/1399/24
f 3456/1419/24 3455/1278/24 3467/1399/24
f 3455/1278/24 3454/1420/24 3467/1399/24
f 3454/1420/24 3453/1421/24 3467/1399/24
f 3453/1421/24 3452/1422/24 3467/1399/24
f 3452/1422/24 3451/1423/24 3467/1399/24
f 3451/1423/24 3450/1424/24 3467/1399/24
f 3450/1424/24 3449/1425/24 3467/1399/24
f 3449/1425/24 3448/1284/24 3467/1399/24
f 3448/1284/24 3447/1426/24 3467/1399/24
f 3447/1426/24 3446/1427/24 3467/1399/24
f 3446/1427/24 3445/1428/24 3467/1399/24
f 3445/1428/24 3444/1429/24 3467/1399/24
f 3444/1429/24 3443/1430/24 3467/1399/24
f 3443/1430/24 3442/1395/24 3467/1399/24
f 3495/1365/24 3494/1431/24 3493/1400/24
f 3608/1432/24 3610/1434/24 3609/1433/24
f 3607/1435/24 3610/1434/24 3608/1432/24
f 3606/1436/24 3610/1434/24 3607/1435/24
f 3606/1436/24 3611/1437/24 3610/1434/24
f 3605/1438/24 3611/1437/24 3606/1436/24
f 3604/1439/24 3611/1437/24 3605/1438/24
f 3604/1439/24 3612/1440/24 3611/1437/24
f 3603/1441/24 3612/1440/24 3604/1439/24
f 3603/1441/24 3613/1442/24 3612/1440/24
f 3602/1443/24 3613/1442/24 3603/1441/24
f 3601/1444/24 3613/1442/24 3602/1443/24
f 3601/1444/24 3669/1445/24 3613/1442/24
f 3669/1445/24 3614/1446/24 3613/1442/24
f 3600/1447/24 3671/1448/24 3601/1444/24
f 3671/1448/24 3670/1449/24 3601/1444/24
f 3670/1449/24 3669/1445/24 3601/1444/24
f 3600/1447/24 3672/1450/24 3671/1448/24
f 3668/1451/24 3614/1446/24 3669/1445/24
f 3600/1447/24 3673/1452/24 3672/1450/24
f 3667/1453/24 3614/1446/24 3668/1451/24
f 3600/1447/24 3674/1454/24 3673/1452/24
f 3599/1455/24 3674/1454/24 3600/1447/24
f 3599/1455/24 3675/1456/24 3674/1454/24
f 3666/1457/24 3614/1446/24 3667/1453/24
f 3599/1455/24 3676/1458/24 3675/1456/24
f 3665/1459/24 3614/1446/24 3666/1457/24
f 3599/1455/24 3677/1460/24 3676/1458/24
f 3665/1459/24 3615/1461/24 3614/1446/24
f 3664/1462/24 3615/1461/24 3665/1459/24
f 3599/1455/24 3678/1463/24 3677/1460/24
f 3598/1464/24 3678/1463/24 3599/1455/24
f 3598/1464/24 3679/1465/24 3678/1463/24
f 3663/1466/24 3615/1461/24 3664/1462/24
f 3598/1464/24 3680/1467/24 3679/1465/24
f 3662/1468/24 3615/1461/24 3663/1466/24
f 3597/1469/24 3680/1467/24 3598/1464/24
f 3597/1469/24 3681/1470/24 3680/1467/24
f 3597/1469/24 3682/1471/24 3681/1470/24
f 3661/1472/24 3615/1461/24 3662/1468/24
f 3661/1472/24 3616/1473/24 3615/1461/24
f 3596/1474/24 3682/1471/24 3597/1469/24
f 3596/1474/24 3683/1475/24 3682/1471/24
f 3660/1476/24 3616/1473/24 3661/1472/24
f 3596/1474/24 3684/1477/24 3683/1475/24
f 3659/1478/24 3616/1473/24 3660/1476/24
f 3595/1479/24 3684/1477/24 3596/1474/24
f 3659/1478/24 3617/1480/24 3616/1473/24
f 3658/1481/24 3617/1480/24 3659/1478/24
f 3595/1479/24 3685/1482/24 3684/1477/24
f 3657/1483/24 3617/1480/24 3658/1481/24
f 3595/1479/24 3686/1484/24 3685/1482/24
f 3594/1485/24 3686/1484/24 3595/1479/24
f 3657/1483/24 3618/1486/24 3617/1480/24
f 3656/1487/24 3618/1486/24 3657/1483/24
f 3594/1485/24 3687/1488/24 3686/1484/24
f 3593/1489/24 3687/1488/24 3594/1485/24
f 3655/1490/24 3618/1486/24 3656/1487/24
f 3593/1489/24 3688/1491/24 3687/1488/24
f 3592/1492/24 3688/1491/24 3593/1489/24
f 3655/1490/24 3619/1493/24 3618/1486/24
f 3654/1494/24 3619/1493/24 3655/1490/24
f 3592/1492/24 3689/1495/24 3688/1491/24
f 3653/1496/24 3619/1493/24 3654/1494/24
f 3591/1497/24 3689/1495/24 3592/1492/24
f 3591/1497/24 3690/1498/24 3689/1495/24
f 3652/1499/24 3619/1493/24 3653/1496/24
f 3652/1499/24 3620/1500/24 3619/1493/24
f 3590/1501/24 3690/1498/24 3591/1497/24
f 3651/1502/24 3620/1500/24 3652/1499/24
f 3590/1501/24 3691/1503/24 3690/1498/24
f 3650/1504/24 3620/1500/24 3651/1502/24
f 3589/1505/24 3691/1503/24 3590/1501/24
f 3589/1505/24 3692/1506/24 3691/1503/24
f 3649/1507/24 3620/1500/24 3650/1504/24
f 3649/1507/24 3621/1508/24 3620/1500/24
f 3648/1509/24 3621/1508/24 3649/1507/24
f 3588/1510/24 3692/1506/24 3589/1505/24
f 3647/1511/24 3621/1508/24 3648/1509/24
f 3588/1510/24 3693/1512/24 3692/1506/24
f 3646/1513/24 3621/1508/24 3647/1511/24
f 3645/1514/24 3621/1508/24 3646/1513/24
f 3644/1515/24 3621/1508/24 3645/1514/24
f 3587/1516/24 3693/1512/24 3588/1510/24
f 3643/1517/24 3621/1508/24 3644/1515/24
f 3587/1516/24 3694/1518/24 3693/1512/24
f 3642/1519/24 3621/1508/24 3643/1517/24
f 3641/1520/24 3621/1508/24 3642/1519/24
f 3640/1521/24 3621/1508/24 3641/1520/24
f 3640/1521/24 3624/1522/24 3621/1508/24
f 3624/1522/24 3623/1523/24 3621/1508/24
f 3623/1523/24 3622/1524/24 3621/1508/24
f 3639/1525/24 3625/1526/24 3640/1521/24
f 3625/1526/24 3624/1522/24 3640/1521/24
f 3638/1527/24 3626/1528/24 3639/1525/24
f 3626/1528/23 3625/1526/23 3639/1525/23
f 3637/1529/24 3628/1530/24 3638/1527/24
f 3628/1530/24 3627/1531/24 3638/1527/24
f 3627/1531/24 3626/1528/24 3638/1527/24
f 3636/1532/24 3629/1533/24 3637/1529/24
f 3629/1533/24 3628/1530/24 3637/1529/24
f 3635/1534/24 3631/1535/24 3636/1532/24
f 3631/1535/24 3630/1536/24 3636/1532/24
f 3630/1536/24 3629/1533/24 3636/1532/24
f 3634/811/24 3633/1537/24 3635/1534/24
f 3633/1537/24 3632/1538/24 3635/1534/24
f 3632/1538/24 3631/1535/24 3635/1534/24
f 3586/1539/24 3694/1518/24 3587/1516/24
f 3586/1539/24 3695/1540/24 3694/1518/24
f 3586/1539/24 3696/1541/24 3695/1540/24
f 3585/1542/24 3696/1541/24 3586/1539/24
f 3585/1542/24 3697/1543/24 3696/1541/24
f 3585/1542/24 3698/1544/24 3697/1543/24
f 3584/1545/24 3698/1544/24 3585/1542/24
f 3584/1545/24 3699/1546/24 3698/1544/24
f 3583/1547/24 3699/1546/24 3584/1545/24
f 3582/1548/24 3699/1546/24 3583/1547/24
f 3582/1548/24 3700/1549/24 3699/1546/24
f 3581/1550/24 3700/1549/24 3582/1548/24
f 3581/1550/24 3701/1551/24 3700/1549/24
f 3580/1552/24 3701/1551/24 3581/1550/24
f 3579/1553/24 3701/1551/24 3580/1552/24
f 3579/1553/24 3702/1554/24 3701/1551/24
f 3578/1555/24 3702/1554/24 3579/1553/24
f 3578/1555/24 3703/1556/24 3702/1554/24
f 3577/1557/24 3703/1556/24 3578/1555/24
f 3576/1558/24 3703/1556/24 3577/1557/24
f 3576/1558/24 3704/1559/24 3703/1556/24
f 3575/1560/24 3704/1559/24 3576/1558/24
f 3574/1561/24 3704/1559/24 3575/1560/24
f 3574/1561/24 3705/1562/24 3704/1559/24
f 3573/1563/24 3705/1562/24 3574/1561/24
f 3572/1564/24 3705/1562/24 3573/1563/24
f 3572/1564/24 3706/1565/24 3705/1562/24
f 3571/1566/24 3706/1565/24 3572/1564/24
f 3571/1566/24 3707/1074/24 3706/1565/24
f 3571/1566/24 3708/1567/24 3707/1074/24
f 3570/1568/24 3708/1567/24 3571/1566/24
f 3570/1568/24 3709/1569/24 3708/1567/24
f 3570/1568/24 3710/1570/24 3709/1569/24
f 3569/1571/24 3710/1570/24 3570/1568/24
f 3569/1571/24 3711/1572/24 3710/1570/24
f 3569/1571/24 3712/1573/24 3711/1572/24
f 3568/1574/24 3712/1573/24 3569/1571/24
f 3568/1574/24 3713/1575/24 3712/1573/24
f 3743/1576/24 3745/1578/24 3744/1577/24
f 3568/1574/24 3714/1579/24 3713/1575/24
f 3567/1580/24 3714/1579/24 3568/1574/24
f 3567/1580/24 3715/1581/24 3714/1579/24
f 3566/1582/24 3715/1581/24 3567/1580/24
f 3566/1582/24 3716/1583/24 3715/1581/24
f 3566/1582/24 3717/1584/24 3716/1583/24
f 3565/1585/24 3717/1584/24 3566/1582/24
f 3565/1585/24 3718/1586/24 3717/1584/24
f 3565/1585/24 3719/1587/24 3718/1586/24
f 3564/1588/24 3719/1587/24 3565/1585/24
f 3563/1589/24 3719/1587/24 3564/1588/24
f 3563/1589/24 3720/1590/24 3719/1587/24
f 3562/1591/24 3720/1590/24 3563/1589/24
f 3743/1576/24 3746/1592/24 3745/1578/24
f 3562/1591/24 3721/1593/24 3720/1590/24
f 3743/1576/24 3747/1594/24 3746/1592/24
f 3743/1576/24 3748/1595/24 3747/1594/24
f 3561/3/24 3721/1593/24 3562/1591/24
f 3743/1576/24 3749/1596/24 3748/1595/24
f 3743/1576/24 3750/1597/24 3749/1596/24
f 3780/38/24 3721/1593/24 3561/3/24
f 3743/1576/24 3751/1598/24 3750/1597/24
f 3780/38/24 3722/1599/24 3721/1593/24
f 3743/1576/24 3752/1600/24 3751/1598/24
f 3743/1576/24 3753/1601/24 3752/1600/24
f 3779/1602/24 3722/1599/24 3780/38/24
f 3743/1576/24 3754/1603/24 3753/1601/24
f 3779/1602/24 3723/1604/24 3722/1599/24
f 3743/1576/24 3755/1605/24 3754/1603/24
f 3778/1606/24 3723/1604/24 3779/1602/24
f 3743/1576/24 3756/1607/24 3755/1605/24
f 3778/1606/24 3724/1608/24 3723/1604/24
f 3743/1576/24 3757/1609/24 3756/1607/24
f 3777/1610/24 3724/1608/24 3778/1606/24
f 3743/1576/24 3758/1611/24 3757/1609/24
f 3777/1610/24 3725/1612/24 3724/1608/24
f 3776/1613/24 3725/1612/24 3777/1610/24
f 3743/1576/24 3759/1614/24 3758/1611/24
f 3743/1576/24 3760/1615/24 3759/1614/24
f 3776/1613/24 3726/1616/24 3725/1612/24
f 3775/1617/24 3726/1616/24 3776/1613/24
f 3743/1576/24 3761/1618/24 3760/1615/24
f 3774/1619/24 3726/1616/24 3775/1617/24
f 3743/1576/24 3762/1620/24 3761/1618/24
f 3774/1619/24 3727/1621/24 3726/1616/24
f 3743/1576/24 3763/1622/24 3762/1620/24
f 3773/1623/24 3727/1621/24 3774/1619/24
f 3743/1576/24 3764/1624/24 3763/1622/24
f 3772/1625/24 3727/1621/24 3773/1623/24
f 3772/1625/24 3728/1626/24 3727/1621/24
f 3743/1576/24 3765/1627/24 3764/1624/24
f 3771/1628/24 3728/1626/24 3772/1625/24
f 3743/1576/24 3766/1629/24 3765/1627/24
f 3743/1576/24 3767/1630/24 3766/1629/24
f 3770/1631/24 3728/1626/24 3771/1628/24
f 3770/1631/24 3729/1632/24 3728/1626/24
f 3743/1576/24 3768/1633/24 3767/1630/24
f 3769/1634/24 3729/1632/24 3770/1631/24
f 3743/1576/24 3769/1634/24 3768/1633/24
f 3743/1576/24 3729/1632/24 3769/1634/24
f 3743/1576/24 3730/1635/24 3729/1632/24
f 3743/1576/24 3731/1636/24 3730/1635/24
f 3743/1576/24 3732/1637/24 3731/1636/24
f 3743/1576/24 3733/1638/24 3732/1637/24
f 3743/1576/24 3734/1639/24 3733/1638/24
f 3743/1576/24 3735/1640/24 3734/1639/24
f 3743/1576/24 3736/1641/24 3735/1640/24
f 3743/1576/24 3737/1642/24 3736/1641/24
f 3743/1576/24 3738/1643/24 3737/1642/24
f 3743/1576/24 3739/1644/24 3738/1643/24
f 3743/1576/24 3740/1645/24 3739/1644/24
f 3743/1576/24 3741/1646/24 3740/1645/24
f 3743/1576/24 3742/1647/24 3741/1646/24
f 3806/1648/24 3808/1650/24 3807/1649/24
f 3861/1651/24 3863/1653/24 3862/1652/24
f 3806/1648/24 3809/1654/24 3808/1650/24
f 3861/1651/24 3864/1655/24 3863/1653/24
f 3806/1648/24 3810/1656/24 3809/1654/24
f 3861/1651/24 3865/1352/24 3864/1655/24
f 3806/1648/24 3811/1657/24 3810/1656/24
f 3861/1651/24 3866/1658/24 3865/1352/24
f 3806/1648/24 3812/1659/24 3811/1657/24
f 3861/1651/24 3867/1660/24 3866/1658/24
f 3806/1648/24 3813/1661/24 3812/1659/24
f 3861/1651/24 3868/1662/24 3867/1660/24
f 3806/1648/24 3814/1663/24 3813/1661/24
f 3861/1651/24 3869/1664/24 3868/1662/24
f 3806/1648/24 3815/1665/24 3814/1663/24
f 3861/1651/24 3870/1666/24 3869/1664/24
f 3806/1648/24 3816/1667/24 3815/1665/24
f 3861/1651/24 3871/1668/24 3870/1666/24
f 3805/1669/24 3816/1667/24 3806/1648/24
f 3860/1670/24 3871/1668/24 3861/1651/24
f 3805/1669/24 3817/1671/24 3816/1667/24
f 3860/1670/24 3872/1672/24 3871/1668/24
f 3859/1673/24 3872/1672/24 3860/1670/24
f 3804/1674/24 3817/1671/24 3805/1669/24
f 3804/1674/24 3818/1675/24 3817/1671/24
f 3859/1673/24 3873/1676/24 3872/1672/24
f 3804/1674/24 3819/1677/24 3818/1675/24
f 3859/1673/24 3874/1678/24 3873/1676/24
f 3804/1674/24 3820/1679/24 3819/1677/24
f 3859/1673/24 3875/1680/24 3874/1678/24
f 3858/1681/24 3875/1680/24 3859/1673/24
f 3803/1682/24 3820/1679/24 3804/1674/24
f 3857/1683/24 3875/1680/24 3858/1681/24
f 3802/1417/24 3820/1679/24 3803/1682/24
f 3856/1684/24 3875/1680/24 3857/1683/24
f 3801/1685/24 3820/1679/24 3802/1417/24
f 3855/1686/24 3875/1680/24 3856/1684/24
f 3800/1687/24 3820/1679/24 3801/1685/24
f 3854/1688/24 3875/1680/24 3855/1686/24
f 3799/1689/24 3820/1679/24 3800/1687/24
f 3853/1690/24 3875/1680/24 3854/1688/24
f 3798/1691/24 3820/1679/24 3799/1689/24
f 3852/1692/24 3875/1680/24 3853/1690/24
f 3797/1693/24 3820/1679/24 3798/1691/24
f 3851/1694/24 3875/1680/24 3852/1692/24
f 3796/1695/24 3820/1679/24 3797/1693/24
f 3850/1696/24 3875/1680/24 3851/1694/24
f 3795/1697/24 3820/1679/24 3796/1695/24
f 3849/1698/24 3875/1680/24 3850/1696/24
f 3794/1699/24 3820/1679/24 3795/1697/24
f 3793/1700/24 3820/1679/24 3794/1699/24
f 3848/1701/24 3875/1680/24 3849/1698/24
f 3793/1700/24 3792/1702/24 3820/1679/24
f 3792/1702/24 3791/1703/24 3820/1679/24
f 3791/1703/24 3790/1704/24 3820/1679/24
f 3790/1704/24 3789/1705/24 3820/1679/24
f 3789/1705/24 3788/1706/24 3820/1679/24
f 3788/1706/24 3787/1707/24 3820/1679/24
f 3787/1707/24 3786/1708/24 3820/1679/24
f 3786/1708/24 3785/1709/24 3820/1679/24
f 3785/1709/24 3821/1710/24 3820/1679/24
f 3848/1701/24 3847/1711/24 3875/1680/24
f 3847/1711/24 3846/1712/24 3875/1680/24
f 3846/1712/24 3845/1713/24 3875/1680/24
f 3845/1713/24 3844/1401/24 3875/1680/24
f 3844/1401/24 3843/1714/24 3875/1680/24
f 3843/1714/24 3842/1715/24 3875/1680/24
f 3842/1715/24 3841/1716/24 3875/1680/24
f 3841/1716/24 3840/1717/24 3875/1680/24
f 3840/1717/24 3876/1718/24 3875/1680/24
f 3784/1719/24 3821/1710/24 3785/1709/24
f 3839/1720/24 3876/1718/24 3840/1717/24
f 3783/1721/24 3821/1710/24 3784/1719/24
f 3838/1722/24 3876/1718/24 3839/1720/24
f 3782/1723/24 3821/1710/24 3783/1721/24
f 3837/1724/24 3876/1718/24 3838/1722/24
f 3781/3/24 3821/1710/24 3782/1723/24
f 3836/1725/24 3876/1718/24 3837/1724/24
f 3928/38/24 3821/1710/24 3781/3/24
f 3835/1726/24 3876/1718/24 3836/1725/24
f 3928/38/24 3822/1727/24 3821/1710/24
f 3834/1728/24 3903/1729/24 3835/1726/24
f 3903/1729/24 3876/1718/24 3835/1726/24
f 3928/38/24 3823/1390/24 3822/1727/24
f 3928/38/24 3824/1730/24 3823/1390/24
f 3928/38/24 3825/1731/24 3824/1730/24
f 3928/38/24 3826/1732/24 3825/1731/24
f 3928/38/24 3827/1733/24 3826/1732/24
f 3928/38/24 3828/1734/24 3827/1733/24
f 3928/38/24 3829/1735/24 3828/1734/24
f 3834/1728/24 3904/1736/24 3903/1729/24
f 3902/1737/24 3900/1738/24 3903/1729/24
f 3900/1738/24 3899/1739/24 3903/1729/24
f 3899/1739/24 3898/1740/24 3903/1729/24
f 3898/1740/24 3897/1741/24 3903/1729/24
f 3897/1741/24 3896/1742/24 3903/1729/24
f 3896/1742/24 3895/1743/24 3903/1729/24
f 3895/1743/24 3894/1744/24 3903/1729/24
f 3894/1744/24 3893/1745/24 3903/1729/24
f 3893/1745/24 3892/1746/24 3903/1729/24
f 3892/1746/24 3891/1747/24 3903/1729/24
f 3891/1747/24 3890/1748/24 3903/1729/24
f 3890/1748/24 3887/1749/24 3903/1729/24
f 3887/1749/24 3886/1334/24 3903/1729/24
f 3886/1334/24 3885/1750/24 3903/1729/24
f 3885/1750/24 3884/1751/24 3903/1729/24
f 3884/1751/24 3883/1752/24 3903/1729/24
f 3883/1752/24 3882/1753/24 3903/1729/24
f 3882/1753/24 3881/1754/24 3903/1729/24
f 3881/1754/24 3880/1755/24 3903/1729/24
f 3880/1755/24 3879/1074/24 3903/1729/24
f 3879/1074/24 3878/1756/24 3903/1729/24
f 3878/1756/24 3877/1757/24 3903/1729/24
f 3877/1757/24 3876/1718/24 3903/1729/24
f 3928/38/24 3830/811/24 3829/1735/24
f 3928/38/24 3831/1758/24 3830/811/24
f 3834/1728/24 3905/1759/24 3904/1736/24
f 3928/38/24 3832/1760/24 3831/1758/24
f 3928/38/24 3833/1761/24 3832/1760/24
f 3928/38/24 3834/1728/24 3833/1761/24
f 3928/38/24 3905/1759/24 3834/1728/24
f 3927/1762/24 3905/1759/24 3928/38/24
f 3927/1762/24 3906/1763/24 3905/1759/24
f 3927/1762/24 3907/1375/24 3906/1763/24
f 3927/1762/24 3908/1764/24 3907/1375/24
f 3890/1748/24 3889/1765/24 3887/1749/24
f 3889/1765/25 3888/1766/25 3887/1749/25
f 3927/1762/24 3909/1767/24 3908/1764/24
f 3927/1762/24 3910/1768/24 3909/1767/24
f 3926/1769/24 3910/1768/24 3927/1762/24
f 3925/1770/24 3910/1768/24 3926/1769/24
f 3924/1771/24 3910/1768/24 3925/1770/24
f 3923/1772/24 3910/1768/24 3924/1771/24
f 3923/1772/24 3911/1773/24 3910/1768/24
f 3922/1774/24 3911/1773/24 3923/1772/24
f 3921/1775/24 3911/1773/24 3922/1774/24
f 3902/1737/24 3901/1776/24 3900/1738/24
f 3920/1777/24 3911/1773/24 3921/1775/24
f 3920/1777/24 3912/1778/24 3911/1773/24
f 3919/1779/24 3912/1778/24 3920/1777/24
f 3919/1779/24 3913/1780/24 3912/1778/24
f 3918/1781/24 3913/1780/24 3919/1779/24
f 3917/1782/24 3913/1780/24 3918/1781/24
f 3917/1782/24 3914/1783/24 3913/1780/24
f 3916/1784/24 3914/1783/24 3917/1782/24
f 3916/1784/24 3915/1785/24 3914/1783/24
f 4167/1786/24 4169/1788/24 4168/1787/24
f 4167/1786/24 4170/1789/24 4169/1788/24
f 4167/1786/24 4171/1790/24 4170/1789/24
f 4167/1786/24 4172/1791/24 4171/1790/24
f 4167/1786/24 4173/1792/24 4172/1791/24
f 4167/1786/24 4174/1793/24 4173/1792/24
f 4167/1786/24 4175/1794/24 4174/1793/24
f 4167/1786/24 4176/1795/24 4175/1794/24
f 4167/1786/24 4177/1796/24 4176/1795/24
f 4166/1797/24 4177/1796/24 4167/1786/24
f 4166/1797/24 4178/1798/24 4177/1796/24
f 4166/1797/24 4179/1799/24 4178/1798/24
f 4165/1800/24 4179/1799/24 4166/1797/24
f 4165/1800/24 4180/38/24 4179/1799/24
f 4165/1800/24 4103/1801/24 4180/38/24
f 4164/1802/24 4103/1801/24 4165/1800/24
f 4163/1803/24 4103/1801/24 4164/1802/24
f 4162/1804/24 4103/1801/24 4163/1803/24
f 4161/1805/24 4103/1801/24 4162/1804/24
f 4160/1806/24 4103/1801/24 4161/1805/24
f 4159/1807/24 4103/1801/24 4160/1806/24
f 4158/1808/24 4103/1801/24 4159/1807/24
f 4157/1809/24 4103/1801/24 4158/1808/24
f 4156/1810/24 4103/1801/24 4157/1809/24
f 4155/1811/24 4103/1801/24 4156/1810/24
f 4154/1812/24 4103/1801/24 4155/1811/24
f 4154/1812/24 4153/1813/24 4103/1801/24
f 4153/1813/24 4152/1814/24 4103/1801/24
f 4152/1814/24 4151/1815/24 4103/1801/24
f 4151/1815/24 4150/1816/24 4103/1801/24
f 4150/1816/24 4149/1817/24 4103/1801/24
f 4149/1817/24 4148/1818/24 4103/1801/24
f 4148/1818/24 4147/1819/24 4103/1801/24
f 4147/1819/24 4146/1820/24 4103/1801/24
f 4146/1820/24 4145/1821/24 4103/1801/24
f 4145/1821/24 4144/1822/24 4103/1801/24
f 4144/1822/24 4104/1823/24 4103/1801/24
f 4143/1824/24 4104/1823/24 4144/1822/24
f 4142/1825/24 4104/1823/24 4143/1824/24
f 4141/1826/24 4128/1827/24 4142/1825/24
f 4128/1827/24 4127/1828/24 4142/1825/24
f 4127/1828/24 4126/1829/24 4142/1825/24
f 4126/1829/24 4125/1830/24 4142/1825/24
f 4125/1830/24 4124/1831/24 4142/1825/24
f 4124/1831/24 4123/1832/24 4142/1825/24
f 4123/1832/24 4122/1833/24 4142/1825/24
f 4122/1833/24 4121/1834/24 4142/1825/24
f 4121/1834/24 4120/1835/24 4142/1825/24
f 4120/1835/24 4119/1836/24 4142/1825/24
f 4119/1836/24 4118/1837/24 4142/1825/24
f 4118/1837/24 4115/1838/24 4142/1825/24
f 4115/1838/24 4114/1839/24 4142/1825/24
f 4114/1839/24 4113/1840/24 4142/1825/24
f 4113/1840/24 4112/1841/24 4142/1825/24
f 4112/1841/24 4111/1842/24 4142/1825/24
f 4111/1842/24 4110/1843/24 4142/1825/24
f 4110/1843/24 4109/1844/24 4142/1825/24
f 4109/1844/24 4108/1845/24 4142/1825/24
f 4108/1845/24 4107/1846/24 4142/1825/24
f 4107/1846/24 4106/1847/24 4142/1825/24
f 4106/1847/24 4105/1848/24 4142/1825/24
f 4105/1848/24 4104/1823/24 4142/1825/24
f 4118/1837/24 4117/1849/24 4115/1838/24
f 4117/1849/25 4116/1850/25 4115/1838/25
f 4141/1826/29 4129/1851/29 4128/1827/29
f 4141/1826/24 4130/1852/24 4129/1851/24
f 4141/1826/25 4131/1853/25 4130/1852/25
f 4141/1826/25 4132/1854/25 4131/1853/25
f 4141/1826/24 4133/1855/24 4132/1854/24
f 4141/1826/24 4134/1856/24 4133/1855/24
f 4141/1826/23 4135/1857/23 4134/1856/23
f 4141/1826/38 4136/1858/38 4135/1857/38
f 4141/1826/24 4137/1859/24 4136/1858/24
f 4141/1826/24 4138/1860/24 4137/1859/24
f 4141/1826/24 4139/1861/24 4138/1860/24
f 4141/1826/24 4140/1862/24 4139/1861/24
f 3929/3/24 3931/1864/24 3930/1863/24
f 3929/3/24 3932/1865/24 3931/1864/24
f 3929/3/24 3933/1866/24 3932/1865/24
f 3929/3/24 3934/1867/24 3933/1866/24
f 3929/3/24 3935/1868/24 3934/1867/24
f 3929/3/24 3936/1869/24 3935/1868/24
f 3929/3/24 3937/1870/24 3936/1869/24
f 3929/3/24 3938/1871/24 3937/1870/24
f 3929/3/24 4076/1872/24 3938/1871/24
f 4076/1872/24 3939/1873/24 3938/1871/24
f 4076/1872/24 4075/1874/24 3939/1873/24
f 4075/1874/24 3940/1875/24 3939/1873/24
f 4075/1874/24 3941/1876/24 3940/1875/24
f 4075/1874/24 4074/1877/24 3941/1876/24
f 4074/1877/24 3942/1878/24 3941/1876/24
f 4074/1877/24 4073/1879/24 3942/1878/24
f 4073/1879/24 3943/1880/24 3942/1878/24
f 4073/1879/24 3944/1881/24 3943/1880/24
f 4073/1879/24 4072/1882/24 3944/1881/24
f 4072/1882/24 3945/1883/24 3944/1881/24
f 4072/1882/24 4071/1884/24 3945/1883/24
f 4071/1884/24 3946/1885/24 3945/1883/24
f 4071/1884/24 3947/1886/24 3946/1885/24
f 4071/1884/39 4070/1887/39 3947/1886/39
f 4070/1887/24 3948/1888/24 3947/1886/24
f 4070/1887/24 4069/1889/24 3948/1888/24
f 4069/1889/24 3949/1890/24 3948/1888/24
f 4069/1889/24 3950/1891/24 3949/1890/24
f 4069/1889/24 4068/1892/24 3950/1891/24
f 4068/1892/24 3951/1893/24 3950/1891/24
f 4068/1892/24 3952/1894/24 3951/1893/24
f 4068/1892/24 3953/1895/24 3952/1894/24
f 4068/1892/24 3954/1896/24 3953/1895/24
f 4068/1892/40 4067/1897/40 3954/1896/40
f 4067/1897/24 3955/1898/24 3954/1896/24
f 4067/1897/24 4066/1899/24 3955/1898/24
f 4066/1899/24 4065/1900/24 3955/1898/24
f 4065/1900/24 3956/1901/24 3955/1898/24
f 4065/1900/24 4064/1902/24 3956/1901/24
f 4064/1902/24 4063/1903/24 3956/1901/24
f 4063/1903/24 4062/1904/24 3956/1901/24
f 4062/1904/24 4061/1905/24 3956/1901/24
f 4061/1905/24 3957/1906/24 3956/1901/24
f 4061/1905/24 4060/1907/24 3957/1906/24
f 4060/1907/24 4059/1908/24 3957/1906/24
f 4059/1908/24 4058/1909/24 3957/1906/24
f 4058/1909/24 3958/1910/24 3957/1906/24
f 4058/1909/24 4057/1911/24 3958/1910/24
f 4057/1911/24 3959/1912/24 3958/1910/24
f 4057/1911/24 4056/1913/24 3959/1912/24
f 4056/1913/24 3960/1914/24 3959/1912/24
f 4056/1913/24 3961/1915/24 3960/1914/24
f 4056/1913/24 4055/1916/24 3961/1915/24
f 4055/1916/24 3962/1917/24 3961/1915/24
f 4055/1916/24 3963/1918/24 3962/1917/24
f 4054/1919/24 3963/1918/24 4055/1916/24
f 4053/1920/24 3963/1918/24 4054/1919/24
f 4052/1921/24 3963/1918/24 4053/1920/24
f 4052/1921/24 3964/1922/24 3963/1918/24
f 4051/1923/24 3964/1922/24 4052/1921/24
f 4050/1924/24 3964/1922/24 4051/1923/24
f 4050/1924/24 3965/1925/24 3964/1922/24
f 4049/1926/24 3965/1925/24 4050/1924/24
f 4049/1926/24 3966/1927/24 3965/1925/24
f 4048/1928/24 3966/1927/24 4049/1926/24
f 4048/1928/24 3967/1929/24 3966/1927/24
f 4047/1930/24 3967/1929/24 4048/1928/24
f 4047/1930/24 3968/1931/24 3967/1929/24
f 4046/1932/24 3968/1931/24 4047/1930/24
f 4046/1932/24 3969/1933/24 3968/1931/24
f 4045/1934/24 3969/1933/24 4046/1932/24
f 4045/1934/24 3970/1935/24 3969/1933/24
f 4044/1936/24 3970/1935/24 4045/1934/24
f 4044/1936/24 3971/1937/24 3970/1935/24
f 4044/1936/24 3972/1938/24 3971/1937/24
f 4043/1939/24 3972/1938/24 4044/1936/24
f 4043/1939/24 3973/1940/24 3972/1938/24
f 4042/1941/24 3973/1940/24 4043/1939/24
f 4042/1941/24 3974/1942/24 3973/1940/24
f 4041/1943/24 3974/1942/24 4042/1941/24
f 4041/1943/24 3975/1944/24 3974/1942/24
f 4041/1943/24 3976/1945/24 3975/1944/24
f 4040/1946/24 3976/1945/24 4041/1943/24
f 4040/1946/24 3977/1947/24 3976/1945/24
f 4039/1948/24 3977/1947/24 4040/1946/24
f 4039/1948/24 3978/1949/24 3977/1947/24
f 4039/1948/24 3979/1950/24 3978/1949/24
f 4038/1951/24 3979/1950/24 4039/1948/24
f 4038/1951/24 3980/1952/24 3979/1950/24
f 4037/1953/24 3980/1952/24 4038/1951/24
f 4037/1953/24 3981/1954/24 3980/1952/24
f 4037/1953/24 3982/1955/24 3981/1954/24
f 4036/1956/24 3982/1955/24 4037/1953/24
f 4036/1956/24 3983/1957/24 3982/1955/24
f 4035/1958/24 3983/1957/24 4036/1956/24
f 4035/1958/24 3984/1959/24 3983/1957/24
f 4035/1958/24 3985/1960/24 3984/1959/24
f 4034/1961/24 3985/1960/24 4035/1958/24
f 4034/1961/24 3986/1962/24 3985/1960/24
f 3929/3/24 4077/1963/24 4076/1872/24
f 4033/1964/24 3986/1962/24 4034/1961/24
f 4033/1964/24 3987/1965/24 3986/1962/24
f 4033/1964/24 3988/1966/24 3987/1965/24
f 3929/3/24 4078/1967/24 4077/1963/24
f 4032/1968/24 3988/1966/24 4033/1964/24
f 4032/1968/24 3989/1969/24 3988/1966/24
f 3929/3/24 4079/1970/24 4078/1967/24
f 4031/1971/24 3989/1969/24 4032/1968/24
f 4031/1971/24 3990/1972/24 3989/1969/24
f 4031/1971/24 3991/1973/24 3990/1972/24
f 3929/3/24 4080/1974/24 4079/1970/24
f 4102/1975/24 3991/1973/24 4031/1971/24
f 4102/1975/24 3992/1976/24 3991/1973/24
f 4102/1975/24 3993/1977/24 3992/1976/24
f 3929/3/24 4081/1978/24 4080/1974/24
f 4101/1979/24 3993/1977/24 4102/1975/24
f 4101/1979/24 3994/1980/24 3993/1977/24
f 4101/1979/24 3995/1981/24 3994/1980/24
f 3929/3/24 4082/1982/24 4081/1978/24
f 4100/1983/24 3995/1981/24 4101/1979/24
f 4100/1983/24 3996/1984/24 3995/1981/24
f 4100/1983/24 3997/1985/24 3996/1984/24
f 3929/3/24 4083/1986/24 4082/1982/24
f 4099/1987/24 3997/1985/24 4100/1983/24
f 4099/1987/24 3998/1988/24 3997/1985/24
f 3929/3/24 4029/1989/24 4083/1986/24
f 4029/1989/24 4084/1990/24 4083/1986/24
f 4098/1991/24 3998/1988/24 4099/1987/24
f 4098/1991/24 3999/1992/24 3998/1988/24
f 4098/1991/24 4000/1993/24 3999/1992/24
f 4029/1989/24 4085/1994/24 4084/1990/24
f 4097/1995/24 4000/1993/24 4098/1991/24
f 4097/1995/24 4001/1996/24 4000/1993/24
f 4097/1995/24 4002/1997/24 4001/1996/24
f 4029/1989/24 4086/1998/24 4085/1994/24
f 4096/1999/24 4002/1997/24 4097/1995/24
f 4096/1999/24 4003/2000/24 4002/1997/24
f 4029/1989/24 4087/2001/24 4086/1998/24
f 4095/2002/24 4003/2000/24 4096/1999/24
f 4095/2002/24 4004/2003/24 4003/2000/24
f 4029/1989/24 4028/2004/24 4087/2001/24
f 4028/2004/24 4027/2005/24 4087/2001/24
f 4027/2005/24 4088/2006/24 4087/2001/24
f 4094/2007/24 4004/2003/24 4095/2002/24
f 4094/2007/24 4005/2008/24 4004/2003/24
f 4094/2007/24 4006/2009/24 4005/2008/24
f 4094/2007/24 4007/2010/24 4006/2009/24
f 4027/2005/24 4026/2011/24 4088/2006/24
f 4026/2011/24 4089/2012/24 4088/2006/24
f 4093/2013/24 4007/2010/24 4094/2007/24
f 4093/2013/24 4008/2014/24 4007/2010/24
f 4093/2013/24 4009/2015/24 4008/2014/24
f 4092/2016/24 4009/2015/24 4093/2013/24
f 4026/2011/24 4025/2017/24 4089/2012/24
f 4025/2017/24 4024/2018/24 4089/2012/24
f 4024/2018/24 4090/2019/24 4089/2012/24
f 4092/2016/24 4010/2020/24 4009/2015/24
f 4091/2021/24 4010/2020/24 4092/2016/24
f 4024/2018/24 4023/2022/24 4090/2019/24
f 4023/2022/24 4091/2021/24 4090/2019/24
f 4091/2021/24 4011/2023/24 4010/2020/24
f 4023/2022/24 4022/2024/24 4091/2021/24
f 4022/2024/24 4021/2025/24 4091/2021/24
f 4021/2025/24 4020/2026/24 4091/2021/24
f 4020/2026/24 4019/2027/24 4091/2021/24
f 4019/2027/24 4011/2023/24 4091/2021/24
f 4019/2027/24 4012/2028/24 4011/2023/24
f 4019/2027/24 4018/2029/24 4012/2028/24
f 4018/2029/24 4013/2030/24 4012/2028/24
f 4018/2029/24 4014/2031/24 4013/2030/24
f 4018/2029/24 4017/2032/24 4014/2031/24
f 4017/2032/24 4015/2033/24 4014/2031/24
f 4017/2032/24 4016/2034/24 4015/2033/24
f 3929/3/24 4030/2035/24 4029/1989/24
f 255/250/41 2344/252/41 2345/250/41
f 570/603/42 2659/609/42 2660/603/42
f 2042/1854/43 4133/1855/43 2043/1855/43
f 2050/1862/44 4141/1826/44 2051/1826/44
f 1842/1865/45 3933/1866/45 1843/1866/45
f 1524/1446/46 3615/1461/46 1525/1461/46
f 190/256/47 2281/260/47 191/260/47
f 738/610/48 2827/611/48 2828/610/48
f 1400/1258/49 3491/1402/49 1401/1402/49
f 1509/1455/50 3598/1464/50 3599/1455/50
f 223/265/51 2312/267/51 2313/265/51
f 1392/1409/52 3483/1254/52 1393/1254/52
f 1850/1875/53 3941/1876/53 1851/1876/53
f 1377/1399/54 3466/1410/54 3467/1399/54
f 247/274/55 2336/278/55 2337/274/55
f 585/607/56 2676/613/56 586/613/56
f 1368/1417/57 3459/1416/57 1369/1416/57
f 1588/1463/58 3679/1465/58 1589/1465/58
f 730/626/59 2819/627/59 2820/626/59
f 1858/1888/60 3949/1890/60 1859/1890/60
f 1360/1424/61 3451/1423/61 1361/1423/61
f 1978/1892/62 4069/1889/62 1979/1889/62
f 1573/1466/63 3662/1468/63 3663/1466/63
f 215/283/64 2304/286/64 2305/283/64
f 562/643/65 2651/646/65 2652/643/65
f 1596/1484/66 3687/1488/66 1597/1488/66
f 1352/1395/67 3443/1430/67 1353/1430/67
f 1565/1490/68 3654/1494/68 3655/1490/68
f 198/284/69 2289/288/69 199/288/69
f 593/645/70 2684/647/70 594/647/70
f 1520/1434/71 3611/1437/71 1521/1437/71
f 1501/1497/72 3590/1501/72 3591/1497/72
f 206/303/73 2297/301/73 207/301/73
f 1513/1441/74 3602/1443/74 3603/1441/74
f 657/648/75 2748/652/75 658/652/75
f 239/306/76 2328/307/76 2329/306/76
f 1584/1454/77 3675/1456/77 1585/1456/77
f 1867/1906/78 3956/1901/78 3957/1906/78
f 1557/1511/79 3646/1513/79 3647/1511/79
f 351/317/80 2440/318/80 2441/317/80
f 554/665/81 2643/3/81 2644/665/81
f 1577/1453/82 3666/1457/82 3667/1453/82
f 1970/1907/83 4061/1905/83 1971/1905/83
f 1533/1523/84 3622/1524/84 3623/1523/84
f 1592/1471/85 3683/1475/85 1593/1475/85
f 1962/1921/86 4053/1920/86 1963/1920/86
f 1548/1527/87 3639/1525/87 1549/1525/87
f 342/326/88 2433/325/88 343/325/88
f 601/667/89 2692/668/89 602/668/89
f 1569/1478/90 3658/1481/90 3659/1478/90
f 1541/1535/91 3630/1536/91 3631/1535/91
f 553/3/92 2714/669/92 2643/3/92
f 1505/1479/93 3594/1485/93 3595/1479/93
f 665/674/94 2756/675/94 666/675/94
f 1604/1518/95 3695/1540/95 1605/1540/95
f 318/328/96 2409/329/96 319/329/96
f 1874/1922/97 3965/1925/97 1875/1925/97
f 1493/1547/98 3582/1548/98 3583/1547/98
f 470/348/99 2561/345/99 471/345/99
f 618/691/100 2707/694/100 2708/691/100
f 1955/1934/101 4044/1936/101 4045/1934/101
f 1612/1554/102 3703/1556/102 1613/1556/102
f 335/350/103 2424/352/103 2425/350/103
f 673/692/104 2764/695/104 674/695/104
f 1528/1486/105 3619/1493/105 1529/1493/105
f 1882/1938/106 3973/1940/106 1883/1940/106
f 1485/1560/107 3574/1561/107 3575/1560/107
f 1600/1498/108 3691/1503/108 1601/1503/108
f 1561/1502/109 3650/1504/109 3651/1502/109
f 609/693/110 2700/698/110 610/698/110
f 1552/1519/111 3643/1517/111 1553/1517/111
f 1890/1952/112 3981/1954/112 1891/1954/112
f 1620/1570/113 3711/1572/113 1621/1572/113
f 326/349/114 2417/355/114 327/355/114
f 697/703/115 2788/697/115 698/697/115
f 1947/1953/116 4036/1956/116 4037/1953/116
f 1477/1580/117 3566/1582/117 3567/1580/117
f 542/357/118 2633/362/118 543/362/118
f 689/720/119 2780/719/119 690/719/119
f 1986/1872/120 4077/1963/120 1987/1963/120
f 535/371/121 2624/372/121 2625/371/121
f 1537/1531/122 3626/1528/122 3627/1531/122
f 527/379/54 2616/385/54 2617/379/54
f 1544/811/123 3635/1534/123 1545/1534/123
f 463/387/124 2552/388/124 2553/387/124
f 681/716/125 2772/722/125 682/722/125
f 1497/1516/126 3586/1539/126 3587/1516/126
f 1898/1966/127 3989/1969/127 1899/1969/127
f 1628/1586/128 3719/1587/128 1629/1587/128
f 705/735/129 2796/734/129 706/734/129
f 2011/1979/130 4100/1983/130 4101/1979/130
f 1660/1597/131 3751/1598/131 1661/1598/131
f 1668/1611/132 3759/1614/132 1669/1614/132
f 550/394/133 2641/395/133 551/395/133
f 713/741/134 2804/742/134 714/742/134
f 1906/1984/135 3997/1985/135 1907/1985/135
f 455/398/136 2544/399/136 2545/398/136
f 1608/1544/137 3699/1546/137 1609/1546/137
f 1994/1990/138 4085/1994/138 1995/1994/138
f 721/749/139 2812/750/139 722/750/139
f 1489/1553/140 3578/1555/140 3579/1553/140
f 1685/1617/141 3774/1619/141 3775/1617/141
f 1938/2004/142 4029/1989/142 1939/1989/142
f 552/38/143 2568/400/143 478/400/143
f 1636/1616/144 3727/1621/144 1637/1621/144
f 478/400/145 2569/403/145 479/403/145
f 1616/1565/146 3707/1074/146 1617/1074/146
f 1676/1629/147 3767/1630/147 1677/1630/147
f 447/415/148 2536/417/148 2537/415/148
f 1481/1566/149 3570/1568/149 3571/1566/149
f 1914/2003/150 4005/2008/150 1915/2008/150
f 850/758/151 2939/759/151 2940/758/151
f 2003/2013/152 4092/2016/152 4093/2013/152
f 1644/1639/153 3735/1640/153 1645/1640/153
f 519/425/154 2608/429/154 2609/425/154
f 1930/2026/155 4021/2025/155 1931/2025/155
f 1652/1647/13 3743/1576/13 1653/1576/13
f 486/427/156 2577/431/156 487/431/156
f 1717/1649/157 3806/1648/157 3807/1649/157
f 439/433/158 2528/435/158 2529/433/158
f 1624/1579/159 3715/1581/159 1625/1581/159
f 1473/1589/160 3562/1591/160 3563/1589/160
f 1772/1652/161 3863/1653/161 1773/1653/161
f 511/453/162 2600/456/162 2601/453/162
f 1923/2030/163 4012/2028/163 4013/2030/163
f 431/454/164 2520/457/164 2521/454/164
f 115/1/165 2206/2/165 116/2/165
f 1656/1592/166 3747/1594/166 1657/1594/166
f 108/12/167 2197/13/167 2198/12/167
f 494/455/168 2585/460/168 495/460/168
f 842/766/169 2931/767/169 2932/766/169
f 1632/1599/170 3723/1604/170 1633/1604/170
f 1664/1603/171 3755/1605/171 1665/1605/171
f 358/461/172 2449/464/172 359/464/172
f 1689/1602/173 3778/1606/173 3779/1602/173
f 123/19/174 2214/22/174 124/22/174
f 1724/1663/175 3815/1665/175 1725/1665/175
f 1672/1620/176 3763/1622/176 1673/1622/176
f 100/29/177 2189/30/177 2190/29/177
f 1681/1628/178 3770/1631/178 3771/1628/178
f 1780/1666/179 3871/1668/179 1781/1668/179
f 366/476/180 2457/479/180 367/479/180
f 1764/1688/181 3855/1686/181 1765/1686/181
f 502/494/182 2593/491/182 503/491/182
f 1640/1635/183 3731/1636/183 1641/1636/183
f 1708/1691/184 3799/1689/184 1709/1689/184
f 834/774/185 2923/775/185 2924/774/185
f 1648/1643/186 3739/1644/186 1649/1644/186
f 3/43/187 2094/45/187 4/45/187
f 374/495/188 2465/497/188 375/497/188
f 1720/1656/189 3811/1657/189 1721/1657/189
f 11/56/190 2102/55/190 12/55/190
f 1700/1704/191 3791/1703/191 1701/1703/191
f 423/496/192 2512/499/192 2513/496/192
f 1776/1658/193 3867/1660/193 1777/1660/193
f 415/509/194 2504/510/194 2505/509/194
f 1728/1675/195 3819/1677/195 1729/1677/195
f 92/42/196 2181/59/196 2182/42/196
f 1757/1711/197 3846/1712/197 3847/1711/197
f 406/517/198 2497/516/198 407/516/198
f 1784/1678/199 3875/1680/199 1785/1680/199
f 398/524/200 2489/523/200 399/523/200
f 1769/1673/201 3858/1681/201 3859/1673/201
f 1749/1720/202 3838/1722/202 3839/1720/202
f 391/533/203 2480/534/203 2481/533/203
f 19/60/204 2110/62/204 20/62/204
f 383/541/205 2472/542/205 2473/541/205
f 1713/1682/206 3802/1417/206 3803/1682/206
f 1693/1721/207 3782/1723/207 3783/1721/207
f 751/545/208 2840/544/208 2841/545/208
f 825/754/209 2916/782/209 826/782/209
f 84/77/210 2173/83/210 2174/77/210
f 818/789/211 2907/791/211 2908/789/211
f 1761/1694/212 3850/1696/212 3851/1694/212
f 27/80/213 2118/85/213 28/85/213
f 1732/1727/214 3823/1390/214 1733/1390/214
f 1705/1697/215 3794/1699/215 3795/1697/215
f 59/86/216 2150/84/216 60/84/216
f 1813/1729/54 3902/1737/54 3903/1729/54
f 1804/1744/217 3895/1743/217 1805/1743/217
f 857/792/218 2948/793/218 858/793/218
f 1697/1707/219 3786/1708/219 3787/1707/219
f 52/99/220 2141/102/220 2142/99/220
f 1796/1334/221 3887/1749/221 1797/1749/221
f 1753/1714/222 3842/1715/222 3843/1714/222
f 1789/1074/223 3878/1756/223 3879/1074/223
f 758/552/224 2849/553/224 759/553/224
f 866/802/225 2955/801/225 2956/802/225
f 1745/1726/226 3834/1728/226 3835/1726/226
f 35/107/227 2126/110/227 36/110/227
f 638/556/228 2729/557/228 639/557/228
f 873/810/229 2964/811/229 874/811/229
f 43/120/230 2134/117/230 44/117/230
f 1049/813/231 3140/817/231 1050/817/231
f 1740/811/232 3831/1758/232 1741/1758/232
f 631/564/233 2720/566/233 2721/564/233
f 810/824/234 2899/826/234 2900/824/234
f 1736/1732/235 3827/1733/235 1737/1733/235
f 76/118/236 2165/124/236 2166/118/236
f 1836/1769/237 3927/1762/237 1837/1762/237
f 520/421/238 2609/425/238 2610/421/238
f 1808/1740/239 3899/1739/239 1809/1739/239
f 440/430/240 2529/433/240 2530/430/240
f 1057/831/241 3148/833/241 1058/833/241
f 1066/845/242 3155/844/242 3156/845/242
f 1800/1748/243 3891/1747/243 1801/1747/243
f 575/583/244 2664/586/244 2665/583/244
f 802/841/245 2891/846/245 2892/841/245
f 487/431/246 2578/434/246 488/434/246
f 1792/1753/247 3883/1752/247 1793/1752/247
f 1820/1768/248 3911/1773/248 1821/1773/248
f 512/450/249 2601/453/249 2602/450/249
f 1829/1779/250 3918/1781/250 3919/1779/250
f 646/587/251 2737/591/251 647/591/251
f 432/451/252 2521/454/252 2522/451/252
f 2084/1793/253 4175/1794/253 2085/1794/253
f 67/70/13 2158/131/13 68/131/13
f 2077/1786/254 4166/1797/254 4167/1786/254
f 292/133/255 2381/132/255 2382/133/255
f 1073/854/256 3164/855/256 1074/855/256
f 1816/1763/257 3907/1375/257 1817/1375/257
f 582/592/258 2673/597/258 583/597/258
f 359/464/259 2450/465/259 360/465/259
f 794/862/260 2883/864/260 2884/862/260
f 1832/1774/261 3923/1772/261 1833/1772/261
f 284/144/262 2373/146/262 2374/144/262
f 743/599/263 2832/600/263 2833/599/263
f 495/460/264 2586/467/264 496/467/264
f 2069/1807/265 4158/1808/265 4159/1807/265
f 734/618/266 2825/617/266 735/617/266
f 786/875/267 2875/876/267 2876/875/267
f 2060/1816/268 4151/1815/268 2061/1815/268
f 567/619/269 2656/625/269 2657/619/269
f 367/479/270 2458/481/270 368/481/270
f 1824/1783/271 3915/1785/271 1825/1785/271
f 163/157/272 2254/156/272 164/156/272
f 2053/1824/273 4142/1825/273 4143/1824/273
f 504/488/274 2593/491/274 2594/488/274
f 2080/1789/275 4171/1790/275 2081/1790/275
f 2036/1829/239 4127/1828/239 2037/1828/239
f 423/496/276 2514/492/276 424/492/276
f 1081/877/277 3172/879/277 1082/879/277
f 2088/1798/278 4179/1799/278 2089/1799/278
f 171/154/279 2262/159/279 172/159/279
f 777/889/280 2868/888/280 778/888/280
f 2073/1803/281 4162/1804/281 4163/1803/281
f 299/162/282 2390/169/282 300/169/282
f 2028/1837/243 4119/1836/243 2029/1836/243
f 727/632/283 2816/634/283 2817/632/283
f 375/497/284 2466/498/284 376/498/284
f 2065/1811/285 4154/1812/285 4155/1811/285
f 156/172/286 2245/175/286 2246/172/286
f 415/509/287 2506/508/287 416/508/287
f 2057/1819/59 4146/1820/59 4147/1819/59
f 2020/1843/247 4111/1842/247 2021/1842/247
f 407/516/288 2498/515/288 408/515/288
f 2032/1833/217 4123/1832/217 2033/1832/217
f 276/182/289 2365/188/289 2366/182/289
f 590/633/290 2681/638/290 591/638/290
f 400/522/291 2489/523/291 2490/522/291
f 148/189/292 2237/190/292 2238/189/292
f 654/635/293 2745/642/293 655/642/293
f 391/533/294 2482/532/294 392/532/294
f 2024/1839/221 4115/1838/221 2025/1838/221
f 2044/1856/43 4135/1857/43 2045/1857/43
f 559/651/295 2648/654/295 2649/651/295
f 384/540/296 2473/541/296 2474/540/296
f 140/200/297 2229/201/297 2230/200/297
f 1844/1867/298 3935/1868/298 1845/1868/298
f 751/545/299 2842/546/299 752/546/299
f 1089/893/300 3180/894/300 1090/894/300
f 2016/1847/223 4107/1846/223 2017/1846/223
f 639/557/301 2730/560/301 640/560/301
f 308/208/302 2397/204/302 2398/208/302
f 631/564/303 2722/562/303 632/562/303
f 316/38/304 2405/219/304 2406/38/304
f 1852/1878/305 3943/1880/305 1853/1880/305
f 598/658/306 2689/661/306 599/661/306
f 2040/1852/43 4131/1853/43 2041/1853/43
f 1980/1887/307 4071/1884/307 1981/1884/307
f 662/666/308 2753/670/308 663/670/308
f 759/553/309 2850/565/309 760/565/309
f 623/673/310 2712/677/310 2713/673/310
f 576/581/311 2665/583/311 2666/581/311
f 2048/1860/43 4139/1861/43 2049/1861/43
f 1840/1863/3 3931/1864/3 1841/1864/3
f 179/222/312 2270/225/312 180/225/312
f 1860/1891/313 3951/1893/313 1861/1893/313
f 647/591/314 2738/596/314 648/596/314
f 268/227/315 2357/229/315 2358/227/315
f 1972/1904/316 4063/1903/316 1973/1903/316
f 1848/1871/317 3939/1873/317 1849/1873/317
f 260/240/318 2349/241/318 2350/240/318
f 606/683/319 2697/686/319 607/686/319
f 743/599/320 2834/595/320 744/595/320
f 881/909/321 2972/910/321 882/910/321
f 1984/1877/322 4075/1874/322 1985/1874/322
f 670/685/323 2761/688/323 671/688/323
f 770/914/324 2859/917/324 2860/914/324
f 1868/1910/325 3959/1912/325 1869/1912/325
f 678/707/326 2769/708/326 679/708/326
f 1857/1886/327 3946/1885/327 3947/1886/327
f 1964/1919/328 4055/1916/328 1965/1916/328
f 694/710/329 2785/709/329 695/709/329
f 583/597/330 2674/601/330 584/601/330
f 187/248/331 2278/251/331 188/251/331
f 615/706/332 2704/712/332 2705/706/332
f 736/615/333 2825/617/333 2826/615/333
f 252/255/334 2341/258/334 2342/255/334
f 568/614/335 2657/619/335 2658/614/335
f 889/921/336 2980/923/336 890/923/336
f 1864/1896/337 3955/1898/337 1865/1898/337
f 228/257/338 2317/259/338 2318/257/338
f 1876/1927/339 3967/1929/339 1877/1929/339
f 1976/1899/340 4067/1897/340 1977/1897/340
f 1957/1930/341 4046/1932/341 4047/1930/341
f 686/727/342 2777/724/342 687/724/342
f 1968/1909/343 4059/1908/343 1969/1908/343
f 220/271/344 2309/273/344 2310/271/344
f 710/730/345 2801/729/345 711/729/345
f 728/630/346 2817/632/346 2818/630/346
f 897/937/347 2988/939/347 898/939/347
f 702/738/348 2793/737/348 703/737/348
f 1042/942/349 3131/943/349 3132/942/349
f 1872/1917/350 3963/1918/350 1873/1918/350
f 1884/1942/351 3975/1944/351 1885/1944/351
f 591/638/352 2682/640/352 592/640/352
f 1034/953/353 3123/956/353 3124/953/353
f 1961/1923/354 4050/1924/354 4051/1923/354
f 1949/1948/355 4038/1951/355 4039/1948/355
f 718/746/356 2809/747/356 719/747/356
f 655/642/357 2746/644/357 656/644/357
f 195/275/358 2286/279/358 196/279/358
f 846/762/359 2937/761/359 847/761/359
f 560/649/360 2649/651/360 2650/649/360
f 244/285/361 2333/289/361 2334/285/361
f 839/769/362 2928/770/362 2929/769/362
f 905/957/363 2996/959/363 906/959/363
f 1880/1935/364 3971/1937/364 1881/1937/364
f 212/290/365 2301/292/365 2302/290/365
f 1892/1955/366 3983/1957/366 1893/1957/366
f 831/777/367 2920/778/367 2921/777/367
f 1953/1939/368 4042/1941/368 4043/1939/368
f 1988/1967/369 4079/1970/369 1989/1970/369
f 823/752/370 2912/783/370 2913/752/370
f 913/970/371 3004/971/371 914/971/371
f 599/661/372 2690/664/372 600/664/372
f 1026/974/373 3115/977/373 3116/974/373
f 1888/1949/374 3979/1950/374 1889/1950/374
f 203/299/375 2294/302/375 204/302/375
f 1900/1972/376 3991/1973/376 1901/1973/376
f 854/784/377 2945/787/377 855/787/377
f 663/670/378 2754/671/378 664/671/378
f 1945/1958/379 4034/1961/379 4035/1958/379
f 236/309/380 2325/310/380 2326/309/380
f 862/798/381 2953/799/381 863/799/381
f 624/669/382 2713/673/382 2714/669/382
f 921/982/383 3012/983/383 922/983/383
f 348/320/384 2437/321/384 2438/320/384
f 870/807/385 2961/808/385 871/808/385
f 1018/993/386 3107/994/386 3108/993/386
f 1908/1988/387 3999/1992/387 1909/1992/387
f 815/804/388 2904/815/388 2905/804/388
f 1896/1962/389 3987/1965/389 1897/1965/389
f 476/330/390 2565/333/390 2566/330/390
f 1996/1998/391 4087/2001/391 1997/2001/391
f 1010/1006/392 3099/1008/392 3100/1006/392
f 340/334/393 2429/338/393 2430/334/393
f 2005/2002/394 4094/2007/394 4095/2002/394
f 1054/825/395 3145/827/395 1055/827/395
f 1904/1980/396 3995/1981/396 1905/1981/396
f 807/830/397 2896/832/397 2897/830/397
f 671/688/398 2762/689/398 672/689/398
f 929/1007/399 3020/1010/399 930/1010/399
f 1992/1982/400 4083/1986/400 1993/1986/400
f 1916/2009/401 4007/2010/401 1917/2010/401
f 607/686/402 2698/690/402 608/690/402
f 953/1011/403 3044/1013/403 954/1013/403
f 2009/1987/404 4098/1991/404 4099/1987/404
f 1932/2024/405 4023/2022/405 1933/2022/405
f 616/699/406 2705/706/406 2706/699/406
f 961/1029/407 3052/1032/407 962/1032/407
f 323/340/408 2414/343/408 324/343/408
f 1062/840/409 3153/842/409 1063/842/409
f 540/354/410 2629/358/410 2630/354/410
f 1070/850/411 3161/852/411 1071/852/411
f 1912/1997/412 4003/2000/412 1913/2000/412
f 331/363/413 2422/361/413 332/361/413
f 799/856/414 2888/857/414 2889/856/414
f 937/1033/415 3028/1038/415 938/1038/415
f 1937/2005/416 4026/2011/416 4027/2005/416
f 1924/2031/417 4015/2033/417 1925/2033/417
f 695/709/61 2786/704/61 696/704/61
f 1002/1036/418 3091/1039/418 3092/1036/418
f 468/360/419 2557/365/419 2558/360/419
f 110/10/420 2199/11/420 2200/10/420
f 791/867/421 2880/868/421 2881/867/421
f 679/708/422 2770/713/422 680/713/422
f 969/1045/423 3060/1048/423 970/1048/423
f 688/721/424 2777/724/424 2778/721/424
f 993/1057/425 3084/1056/425 994/1056/425
f 125/24/426 2216/26/426 126/26/426
f 711/729/427 2802/728/427 712/728/427
f 977/1068/428 3068/1069/428 978/1069/428
f 532/374/429 2621/375/429 2622/374/429
f 102/25/430 2191/27/430 2192/25/430
f 1078/869/431 3169/871/431 1079/871/431
f 703/737/432 2794/736/432 704/736/432
f 986/1072/433 3075/1074/433 3076/1072/433
f 2000/2019/434 4091/2021/434 2001/2021/434
f 547/386/435 2638/389/435 548/389/435
f 783/880/436 2872/881/436 2873/880/436
f 1920/2020/437 4011/2023/437 1921/2023/437
f 460/392/438 2549/393/438 2550/392/438
f 719/747/439 2810/748/439 720/748/439
f 945/1080/440 3036/1081/440 946/1081/440
f 1928/2029/441 4019/2027/441 1929/2027/441
f 131/38/442 2207/40/442 117/40/442
f 823/752/443 2914/753/443 824/753/443
f 1169/1084/444 3354/38/444 3259/1084/444
f 94/39/445 2183/41/445 2184/39/445
f 1086/890/446 3177/891/446 1087/891/446
f 1169/1084/447 3260/1085/447 1170/1085/447
f 452/402/448 2541/405/448 2542/402/448
f 1094/898/449 3185/899/449 1095/899/449
f 775/901/450 2864/902/450 2865/901/450
f 848/760/451 2937/761/451 2938/760/451
f 117/40/3 2208/16/3 118/16/3
f 840/768/452 2929/769/452 2930/768/452
f 524/407/453 2613/411/453 2614/407/453
f 878/905/454 2969/906/454 879/906/454
f 832/776/455 2921/777/455 2922/776/455
f 1121/1096/456 3212/1100/456 1122/1100/456
f 483/416/457 2574/420/457 484/420/457
f 5/46/458 2096/47/458 6/47/458
f 886/916/459 2977/918/459 887/918/459
f 1258/1099/460 3347/1109/460 3348/1099/460
f 444/422/461 2533/424/461 2534/422/461
f 13/54/462 2104/53/462 14/53/462
f 767/922/463 2856/924/463 2857/922/463
f 856/790/464 2945/787/464 2946/790/464
f 1177/1107/465 3268/1113/465 1178/1113/465
f 863/799/466 2954/800/466 864/800/466
f 1114/1114/467 3203/1117/467 3204/1114/467
f 516/436/468 2605/439/468 2606/436/468
f 816/797/469 2905/804/469 2906/797/469
f 436/440/470 2525/442/470 2526/440/470
f 21/64/471 2112/66/471 22/66/471
f 894/931/472 2985/932/472 895/932/472
f 86/72/473 2175/75/473 2176/72/473
f 1047/930/474 3136/935/474 3137/930/474
f 491/444/475 2582/448/475 492/448/475
f 62/81/476 2151/82/476 2152/81/476
f 1039/946/477 3128/948/477 3129/946/477
f 1129/1118/478 3220/1122/478 1130/1122/478
f 1106/1141/479 3195/1145/479 3196/1141/479
f 871/808/480 2962/809/480 872/809/480
f 29/88/481 2120/91/481 30/91/481
f 355/449/482 2446/458/482 356/458/482
f 54/95/483 2143/97/483 2144/95/483
f 902/950/484 2993/954/484 903/954/484
f 1250/1144/485 3339/1148/485 3340/1144/485
f 1031/961/486 3120/964/486 3121/961/486
f 363/471/487 2454/80/487 364/80/487
f 78/108/488 2167/112/488 2168/108/488
f 1137/1146/489 3228/1150/489 1138/1150/489
f 508/468/490 2597/473/490 2598/468/490
f 1055/827/491 3146/829/491 1056/829/491
f 1185/1147/492 3276/1151/492 1186/1151/492
f 428/469/493 2517/474/493 2518/469/493
f 37/113/494 2128/115/494 38/115/494
f 910/965/495 3001/967/495 911/967/495
f 808/828/496 2897/830/496 2898/828/496
f 46/114/497 2135/116/497 2136/114/497
f 1098/1174/498 3187/3/498 3188/1174/498
f 918/978/499 3009/979/499 919/979/499
f 499/482/500 2590/486/500 500/486/500
f 69/130/501 2160/129/501 70/129/501
f 1023/984/502 3112/988/502 3113/984/502
f 1064/843/503 3153/842/503 3154/843/503
f 293/134/504 2384/136/504 294/136/504
f 1071/852/505 3162/853/505 1072/853/505
f 1242/1176/506 3331/1179/506 3332/1176/506
f 286/141/507 2375/143/507 2376/141/507
f 800/851/508 2889/856/508 2890/851/508
f 372/489/509 2461/487/509 2462/489/509
f 1145/1177/510 3236/1180/510 1146/1180/510
f 165/152/511 2256/151/511 166/151/511
f 792/865/512 2881/867/512 2882/865/512
f 1097/3/513 3258/1181/513 3187/3/513
f 420/503/514 2509/505/514 2510/503/514
f 1193/1178/515 3284/1183/515 1194/1183/515
f 926/992/516 3017/997/516 927/997/516
f 1079/871/517 3170/874/517 1080/874/517
f 1201/1199/518 3292/1203/518 1202/1203/518
f 1015/996/519 3104/998/519 3105/996/519
f 784/878/520 2873/880/520 2874/878/520
f 1234/1202/521 3323/1204/521 3324/1202/521
f 950/1003/522 3041/1004/522 951/1004/522
f 158/168/523 2247/170/523 2248/168/523
f 1007/1015/524 3096/1019/524 3097/1015/524
f 1087/891/525 3178/892/525 1088/892/525
f 1162/1219/526 3251/1223/526 3252/1219/526
f 1095/899/527 3186/38/527 1096/38/527
f 173/165/528 2264/171/528 174/171/528
f 958/1022/529 3049/1025/529 959/1025/529
f 776/900/530 2865/901/530 2866/900/530
f 278/173/531 2367/178/531 2368/173/531
f 934/1024/532 3025/1026/532 935/1026/532
f 301/174/533 2392/180/533 302/180/533
f 966/1040/534 3057/1041/534 967/1041/534
f 879/906/535 2970/908/535 880/908/535
f 411/97/536 2502/512/536 412/512/536
f 150/185/537 2239/187/537 2240/185/537
f 999/1047/538 3088/1051/538 3089/1047/538
f 887/918/539 2978/919/539 888/919/539
f 1153/1222/540 3244/1227/540 1154/1227/540
f 990/1061/541 3081/1060/541 991/1060/541
f 768/920/542 2857/922/542 2858/920/542
f 1209/1225/543 3300/1229/543 1210/1229/543
f 142/198/544 2231/199/544 2232/198/544
f 974/1064/545 3065/1066/545 975/1066/545
f 1226/1226/546 3315/1230/546 3316/1226/546
f 1217/1249/547 3308/1247/547 1218/1247/547
f 310/213/122 2399/210/122 2400/213/122
f 1297/1256/548 3388/1257/548 1298/1257/548
f 133/216/549 2224/214/549 134/214/549
f 895/932/550 2986/933/550 896/933/550
f 1290/1260/551 3379/1263/551 3380/1260/551
f 982/1075/552 3073/1077/552 983/1077/552
f 1040/945/553 3129/946/553 3130/945/553
f 403/519/554 2494/518/554 404/518/554
f 903/954/555 2994/955/555 904/955/555
f 270/224/556 2359/226/556 2360/224/556
f 942/1065/557 3033/1078/557 943/1078/557
f 1032/958/558 3121/961/558 3122/958/558
f 1282/80/559 3371/1272/559 3372/80/559
f 1262/1089/560 3353/1087/560 1263/1087/560
f 911/967/561 3002/968/561 912/968/561
f 1305/1265/209 3396/1280/209 1306/1280/209
f 1274/1279/562 3363/1281/562 3364/1279/562
f 181/228/563 2272/231/563 182/231/563
f 1174/1092/564 3265/1094/564 1175/1094/564
f 262/236/565 2351/238/565 2352/236/565
f 1118/1103/566 3209/1101/566 1119/1101/566
f 919/979/567 3010/981/567 920/981/567
f 1266/1288/54 3355/3/54 3356/1288/54
f 230/245/568 2319/244/568 2320/245/568
f 1024/980/569 3113/984/569 3114/980/569
f 1015/996/570 3106/995/570 1016/995/570
f 395/527/571 2486/526/571 396/526/571
f 1126/1110/572 3217/1112/572 1127/1112/572
f 1350/38/3 3355/3/3 1265/3/3
f 254/252/573 2343/254/573 2344/252/573
f 1255/1120/574 3344/1126/574 3345/1120/574
f 379/504/575 2470/528/575 380/528/575
f 1111/1123/576 3200/1127/576 3201/1123/576
f 1329/1302/577 3420/1301/577 1330/1301/577
f 388/536/578 2477/537/578 2478/536/578
f 755/549/579 2846/550/579 756/550/579
f 189/253/580 2280/256/580 190/256/580
f 1313/1315/581 3404/1314/581 1314/1314/581
f 635/558/582 2726/554/582 636/554/582
f 222/267/583 2311/269/583 2312/267/583
f 927/997/584 3018/1005/584 928/1005/584
f 1182/1133/585 3273/1138/585 1183/1138/585
f 951/1004/586 3042/1009/586 952/1009/586
f 1321/1308/587 3412/1320/587 1322/1320/587
f 627/572/588 2718/569/588 628/569/588
f 246/278/589 2335/281/589 2336/278/589
f 1134/1136/590 3225/1139/590 1135/1139/590
f 1008/1012/591 3097/1015/591 3098/1012/591
f 1103/1153/592 3192/1157/592 3193/1153/592
f 1337/1321/43 3428/1322/43 1338/1322/43
f 643/570/593 2734/575/593 644/575/593
f 197/282/594 2288/284/594 198/284/594
f 1345/1295/43 3436/1329/43 1346/1329/43
f 214/286/595 2303/287/595 2304/286/595
f 959/1025/596 3050/1028/596 960/1028/596
f 1433/1332/597 3524/1333/597 1434/1333/597
f 747/584/598 2838/577/598 748/577/598
f 1247/1156/599 3336/1160/599 3337/1156/599
f 935/1026/600 3026/1030/600 936/1030/600
f 1441/1340/601 3532/1301/601 1442/1301/601
f 967/1041/602 3058/1044/602 968/1044/602
f 1426/1346/603 3515/1347/603 3516/1346/603
f 579/582/604 2670/585/604 580/585/604
f 205/304/605 2296/303/605 206/303/605
f 1000/1043/606 3089/1047/606 3090/1043/606
f 572/594/607 2661/598/607 2662/594/607
f 1142/1165/608 3233/1169/608 1143/1169/608
f 991/1060/609 3082/1059/609 992/1059/609
f 1417/1354/610 3508/1353/610 1418/1353/610
f 237/308/611 2328/307/611 238/307/611
f 1190/1167/612 3281/1171/612 1191/1171/612
f 975/1066/613 3066/1067/613 976/1067/613
f 350/318/614 2439/319/614 2440/318/614
f 1239/1185/615 3328/1189/615 3329/1185/615
f 983/1077/616 3074/1076/616 984/1076/616
f 1410/1360/617 3499/1362/617 3500/1360/617
f 739/608/618 2830/605/618 740/605/618
f 1167/1188/619 3256/1194/619 3257/1188/619
f 317/3/620 2567/327/620 2407/3/620
f 943/1078/621 3034/1079/621 944/1079/621
f 1458/1367/622 3547/1366/622 3548/1367/622
f 317/3/623 2408/328/623 318/328/623
f 1263/1087/624 3354/38/624 1264/38/624
f 341/331/625 2432/326/625 342/326/625
f 1198/1192/626 3289/1195/626 1199/1195/626
f 651/612/627 2742/620/627 652/620/627
f 1465/1376/628 3556/1377/628 1466/1377/628
f 1175/1094/629 3266/1098/629 1176/1098/629
f 1450/1383/630 3539/1297/630 3540/1383/630
f 1119/1101/631 3210/1097/631 1120/1097/631
f 1386/1260/632 3475/1390/632 3476/1260/632
f 732/622/633 2821/623/633 2822/622/633
f 325/346/634 2416/349/634 326/349/634
f 1378/1398/635 3467/1399/635 3468/1398/635
f 469/351/636 2560/348/636 470/348/636
f 1401/1402/637 3492/1401/637 1402/1401/637
f 587/616/638 2678/624/638 588/624/638
f 1150/1206/639 3241/1212/639 1151/1212/639
f 1393/1254/640 3484/1408/640 1394/1408/640
f 564/636/641 2653/641/641 2654/636/641
f 333/356/642 2424/352/642 334/352/642
f 1231/1211/643 3320/1215/643 3321/1211/643
f 1127/1112/644 3218/1116/644 1128/1116/644
f 1369/1416/645 3460/1415/645 1370/1415/645
f 1206/1214/646 3297/1217/646 1207/1217/646
f 1256/1115/647 3345/1120/647 3346/1115/647
f 1159/1232/648 3248/1236/648 3249/1232/648
f 1112/1121/649 3201/1123/649 3202/1121/649
f 1361/1423/650 3452/1422/650 1362/1422/650
f 541/353/651 2632/357/651 542/357/651
f 595/650/652 2686/653/652 596/653/652
f 533/373/653 2624/372/653 534/372/653
f 1223/1237/654 3312/1240/654 3313/1237/654
f 1353/1430/655 3444/1429/655 1354/1429/655
f 659/655/656 2750/659/656 660/659/656
f 462/388/657 2551/390/657 2552/388/657
f 556/660/658 2645/662/658 2646/660/658
f 1521/1437/659 3612/1440/659 1522/1440/659
f 1214/1243/660 3305/1245/660 1215/1245/660
f 1135/1139/661 3226/1142/661 1136/1142/661
f 1514/1439/541 3603/1441/541 3604/1439/541
f 549/391/662 2640/394/662 550/394/662
f 1294/1253/275 3385/1254/275 1295/1254/275
f 1183/1138/663 3274/1143/663 1184/1143/663
f 454/399/664 2543/401/664 2544/399/664
f 1302/1261/665 3393/1262/665 1303/1262/665
f 1104/1149/666 3193/1153/666 3194/1149/666
f 603/672/667 2694/676/667 604/676/667
f 1287/1267/668 3376/1268/668 3377/1267/668
f 1577/1453/669 3668/1451/669 1578/1451/669
f 667/678/670 2758/681/670 668/681/670
f 526/385/671 2615/404/671 2616/385/671
f 1585/1456/672 3676/1458/672 1586/1458/672
f 620/684/673 2709/687/673 2710/684/673
f 446/417/674 2535/419/674 2536/417/674
f 1279/1274/285 3368/1275/285 3369/1274/285
f 1248/1152/675 3337/1156/675 3338/1152/675
f 1593/1475/676 3684/1477/676 1594/1477/676
f 1570/1476/677 3659/1478/677 3660/1476/677
f 1271/1283/678 3360/1284/678 3361/1283/678
f 1506/1474/679 3595/1479/679 3596/1474/679
f 485/423/680 2576/427/680 486/427/680
f 1143/1169/681 3234/1173/681 1144/1173/681
f 518/429/682 2607/432/682 2608/429/682
f 1334/1298/43 3425/1297/43 1335/1297/43
f 1191/1171/683 3282/1175/683 1192/1175/683
f 675/700/684 2766/701/684 676/701/684
f 438/435/685 2527/437/685 2528/435/685
f 1326/1305/686 3417/1304/686 1327/1304/686
f 1240/1182/687 3329/1185/687 3330/1182/687
f 1318/1311/688 3409/1310/688 1319/1310/688
f 1168/1181/689 3257/1188/689 3258/1181/689
f 1311/1317/690 3400/1318/690 3401/1317/690
f 493/452/691 2584/455/691 494/455/691
f 611/705/692 2702/711/692 612/711/692
f 1342/1326/43 3433/1327/43 1343/1327/43
f 691/718/693 2782/717/693 692/717/693
f 357/459/694 2448/461/694 358/461/694
f 1438/1336/695 3529/1337/695 1439/1337/695
f 1199/1195/696 3290/1197/696 1200/1197/696
f 1529/1493/697 3620/1500/697 1530/1500/697
f 510/456/698 2599/462/698 2600/456/698
f 1431/1330/699 3520/1339/699 3521/1330/699
f 1232/1208/700 3321/1211/700 3322/1208/700
f 1562/1499/701 3651/1502/701 3652/1499/701
f 430/457/702 2519/463/702 2520/457/702
f 1601/1503/703 3692/1506/703 1602/1506/703
f 683/723/704 2774/725/704 684/725/704
f 1498/1510/705 3587/1516/705 3588/1510/705
f 1423/1349/706 3512/1350/706 3513/1349/706
f 1151/1212/707 3242/1218/707 1152/1218/707
f 1553/1517/544 3644/1515/544 1554/1515/544
f 365/475/708 2456/476/708 366/476/708
f 1207/1217/709 3298/1221/709 1208/1221/709
f 1414/1318/710 3505/1356/710 1415/1356/710
f 1160/1228/711 3249/1232/711 3250/1228/711
f 1538/1530/712 3627/1531/712 3628/1530/712
f 501/490/713 2592/494/713 502/494/713
f 707/733/714 2798/732/714 708/732/714
f 1407/1265/715 3496/1364/715 3497/1265/715
f 1545/1534/549 3636/1532/549 1546/1532/549
f 1224/1233/716 3313/1237/716 3314/1233/716
f 1609/1546/717 3700/1549/717 1610/1549/717
f 373/493/718 2464/495/718 374/495/718
f 1455/1371/719 3544/1373/719 3545/1371/719
f 1490/1552/720 3579/1553/720 3580/1552/720
f 421/501/721 2512/499/721 422/499/721
f 413/511/722 2504/510/722 414/510/722
f 397/525/723 2488/524/723 398/524/723
f 1462/1372/724 3553/1295/724 1463/1295/724
f 1215/1245/725 3306/1248/725 1216/1248/725
f 1482/1564/726 3571/1566/726 3572/1564/726
f 405/529/727 2496/517/727 406/517/727
f 1295/1254/189 3386/1255/189 1296/1255/189
f 390/534/728 2479/535/728 2480/534/728
f 1303/1262/729 3394/1264/729 1304/1264/729
f 699/696/209 2790/740/209 700/740/209
f 382/542/730 2471/543/730 2472/542/730
f 1287/1267/731 3378/1266/731 1288/1266/731
f 757/551/732 2848/552/732 758/552/732
f 1383/1392/733 3472/1393/733 3473/1392/733
f 1617/1074/734 3708/1567/734 1618/1567/734
f 715/743/735 2806/744/735 716/744/735
f 637/555/3 2728/556/3 638/556/3
f 1390/1386/736 3481/1396/736 1391/1396/736
f 1279/1274/737 3370/1273/737 1280/1273/737
f 1625/1581/738 3716/1583/738 1626/1583/738
f 723/751/739 2814/639/739 724/639/739
f 629/568/740 2720/566/740 630/566/740
f 1447/1385/741 3536/1361/741 3537/1385/741
f 1474/1588/742 3563/1589/742 3564/1588/742
f 852/756/743 2941/757/743 2942/756/743
f 1398/1404/744 3489/1403/744 1399/1403/744
f 1272/1282/745 3361/1283/745 3362/1282/745
f 844/764/746 2933/765/746 2934/764/746
f 750/544/747 2839/574/747 2840/544/747
f 1374/1412/748 3465/1411/748 1375/1411/748
f 836/772/749 2925/773/749 2926/772/749
f 1335/1297/43 3426/1296/43 1336/1296/43
f 1657/1594/750 3748/1595/750 1658/1595/750
f 828/780/751 2917/781/751 2918/780/751
f 645/579/752 2736/587/752 646/587/752
f 1366/1419/753 3457/1418/753 1367/1418/753
f 1328/1303/754 3417/1304/754 3418/1303/754
f 1690/38/755 3779/1602/755 3780/38/755
f 820/786/756 2909/788/756 2910/786/756
f 1319/1310/757 3410/1309/757 1320/1309/757
f 574/586/758 2663/589/758 2664/586/758
f 1358/1284/759 3449/1425/759 1359/1425/759
f 1312/1316/760 3401/1317/760 3402/1316/760
f 1665/1605/761 3756/1607/761 1666/1607/761
f 859/794/693 2950/795/693 860/795/693
f 1519/1433/443 3608/1432/443 3609/1433/443
f 1343/1327/43 3434/1328/43 1344/1328/43
f 1633/1604/762 3724/1608/762 1634/1608/762
f 868/805/763 2957/803/763 2958/805/763
f 1432/1331/764 3521/1330/764 3522/1331/764
f 1673/1622/765 3764/1624/765 1674/1624/765
f 581/588/766 2672/592/766 582/592/766
f 1510/1447/767 3601/1444/767 1511/1444/767
f 1682/1625/768 3771/1628/768 3772/1625/768
f 875/812/209 2966/814/209 876/814/209
f 742/600/769 2831/604/769 2832/600/769
f 1051/820/770 3142/821/770 1052/821/770
f 734/618/771 2823/621/771 2824/618/771
f 1641/1636/772 3732/1637/772 1642/1637/772
f 812/819/773 2901/822/773 2902/819/773
f 1582/1450/774 3673/1452/774 1583/1452/774
f 1649/1644/775 3740/1645/775 1650/1645/775
f 566/625/776 2655/631/776 2656/625/776
f 1721/1657/193 3812/1659/193 1722/1659/193
f 1059/835/777 3150/837/777 1060/837/777
f 1575/1459/778 3664/1462/778 3665/1459/778
f 1777/1660/548 3868/1662/548 1778/1662/548
f 804/836/779 2893/838/779 2894/836/779
f 1590/1467/780 3681/1470/780 1591/1470/780
f 1770/1670/551 3859/1673/551 3860/1670/551
f 589/629/781 2680/633/781 590/633/781
f 1439/1337/782 3530/1338/782 1440/1338/782
f 1424/1348/783 3513/1349/783 3514/1348/783
f 653/628/784 2744/635/784 654/635/784
f 1067/847/785 3158/848/785 1068/848/785
f 726/634/273 2815/637/273 2816/634/273
f 1526/1473/786 3617/1480/786 1527/1480/786
f 1415/1356/787 3506/1355/787 1416/1355/787
f 1729/1677/199 3820/1679/199 1730/1679/199
f 796/860/788 2885/861/788 2886/860/788
f 1567/1483/789 3656/1487/789 3657/1483/789
f 558/654/790 2647/657/790 2648/654/790
f 1503/1489/791 3592/1492/791 3593/1489/791
f 1408/1363/792 3497/1265/792 3498/1363/792
f 1714/1674/793 3803/1682/793 3804/1674/793
f 1075/859/794 3166/863/794 1076/863/794
f 788/872/795 2877/873/795 2878/872/795
f 597/656/796 2688/658/796 598/658/796
f 1456/1324/797 3545/1371/797 3546/1324/797
f 1762/1692/559 3851/1694/559 3852/1692/559
f 1598/1491/798 3689/1495/798 1599/1495/798
f 661/663/799 2752/666/799 662/666/799
f 1559/1507/800 3648/1509/800 3649/1507/800
f 1706/1695/801 3795/1697/801 3796/1695/801
f 1083/882/802 3174/885/802 1084/885/802
f 1550/1521/803 3641/1520/803 1551/1520/803
f 1463/1295/804 3554/1374/804 1464/1374/804
f 780/884/805 2869/886/805 2870/884/805
f 622/677/806 2711/680/806 2712/677/806
f 1698/1706/807 3787/1707/807 3788/1706/807
f 1535/1526/302 3624/1522/302 3625/1526/302
f 1470/38/808 3441/3/808 1351/3/808
f 1543/1537/304 3632/1538/304 3633/1537/304
f 1753/1714/809 3844/1401/809 1754/1401/809
f 1091/895/810 3182/896/810 1092/896/810
f 772/907/811 2861/911/811 2862/907/811
f 605/679/812 2696/683/812 606/683/812
f 1606/1541/813 3697/1543/813 1607/1543/813
f 1785/1680/209 3876/1718/209 1786/1718/209
f 669/682/814 2760/685/814 670/685/814
f 1495/1542/815 3584/1545/815 3585/1542/815
f 1746/1725/54 3835/1726/54 3836/1725/54
f 677/702/816 2768/707/816 678/707/816
f 1448/1384/817 3537/1385/817 3538/1384/817
f 693/714/818 2784/710/818 694/710/818
f 883/912/819 2974/913/819 884/913/819
f 1487/1557/820 3576/1558/820 3577/1557/820
f 891/925/821 2982/927/821 892/927/821
f 614/712/822 2703/715/822 2704/712/822
f 1737/1733/823 3828/1734/823 1738/1734/823
f 764/928/54 2853/3/54 2854/928/54
f 1809/1739/824 3900/1738/824 1810/1738/824
f 1614/1559/825 3705/1562/825 1615/1562/825
f 1479/1571/826 3568/1574/826 3569/1571/826
f 1801/1747/827 3892/1746/827 1802/1746/827
f 1047/930/209 3077/934/209 987/934/209
f 1043/940/828 3134/938/828 1044/938/828
f 1384/1391/829 3473/1392/829 3474/1391/829
f 1793/1752/830 3884/1751/830 1794/1751/830
f 1622/1573/831 3713/1575/831 1623/1575/831
f 1654/1577/832 3745/1578/832 1655/1578/832
f 686/727/833 2775/726/833 2776/727/833
f 1817/1375/834 3908/1764/834 1818/1764/834
f 899/941/835 2990/944/835 900/944/835
f 709/731/836 2800/730/836 710/730/836
f 1630/1590/837 3721/1593/837 1631/1593/837
f 1351/3/209 3442/1395/209 1352/1395/209
f 1834/1771/838 3923/1772/838 3924/1771/838
f 1035/952/839 3126/951/839 1036/951/839
f 701/739/840 2792/738/840 702/738/840
f 1662/1600/841 3753/1601/841 1663/1601/841
f 1826/1784/842 3915/1785/842 3916/1784/842
f 1687/1610/843 3776/1613/843 3777/1610/843
f 2081/1790/189 4172/1791/189 2082/1791/189
f 717/745/844 2808/746/844 718/746/844
f 1670/1615/845 3761/1618/845 1671/1618/845
f 2089/1799/729 4180/38/729 2090/38/729
f 907/960/846 2998/962/846 908/962/846
f 846/762/847 2935/763/847 2936/762/847
f 2074/1802/206 4163/1803/206 4164/1802/206
f 1028/969/848 3117/972/848 3118/969/848
f 838/770/849 2927/771/849 2928/770/849
f 2065/1811/215 4156/1810/215 2066/1810/215
f 830/778/850 2919/779/850 2920/778/850
f 2058/1818/851 4147/1819/851 4148/1818/851
f 854/784/722 2943/755/722 2944/784/722
f 1638/1626/852 3729/1632/852 1639/1632/852
f 2033/1832/577 4124/1831/577 2034/1831/577
f 915/973/853 3006/975/853 916/975/853
f 822/783/854 2911/785/854 2912/783/854
f 1679/1634/855 3768/1633/855 3769/1634/855
f 1399/1403/856 3490/1258/856 1400/1258/856
f 923/985/857 3014/986/857 924/986/857
f 1647/1642/858 3736/1641/858 3737/1642/858
f 1020/990/859 3109/991/859 3110/990/859
f 861/796/860 2952/798/860 862/798/860
f 1718/1650/861 3809/1654/861 1719/1654/861
f 2017/1846/581 4108/1845/581 2018/1845/581
f 1012/1000/862 3101/1001/862 3102/1000/862
f 869/806/863 2960/807/863 870/807/863
f 1774/1655/275 3865/1352/275 1775/1352/275
f 814/815/864 2903/816/864 2904/815/864
f 1726/1667/865 3817/1671/865 1727/1671/865
f 1782/1672/665 3873/1676/665 1783/1676/665
f 2025/1838/587 4116/1850/587 2026/1850/587
f 931/1014/866 3022/1017/866 932/1017/866
f 1766/1684/668 3857/1683/668 1767/1683/668
f 955/1016/867 3046/1018/867 956/1018/867
f 1053/823/868 3144/825/868 1054/825/868
f 1391/1396/209 3482/1409/209 1392/1409/209
f 2041/1853/869 4132/1854/869 2042/1854/869
f 1004/1027/870 3093/1031/870 3094/1027/870
f 806/832/871 2895/834/871 2896/832/871
f 1710/1687/872 3801/1685/872 1711/1685/872
f 1375/1411/873 3466/1410/873 1376/1410/873
f 963/1034/874 3054/1035/874 964/1035/874
f 2049/1861/43 4140/1862/43 2050/1862/43
f 1759/1698/285 3848/1701/285 3849/1698/285
f 1367/1418/875 3458/1417/875 1368/1417/875
f 1841/1864/876 3932/1865/876 1842/1865/876
f 1061/839/877 3152/840/877 1062/840/877
f 939/1042/878 3030/1046/878 940/1046/878
f 1069/849/879 3160/850/879 1070/850/879
f 1702/1702/880 3793/1700/880 1703/1700/880
f 1359/1425/881 3450/1424/881 1360/1424/881
f 1985/1874/882 4076/1872/882 1986/1872/882
f 971/1049/883 3062/1053/883 972/1053/883
f 798/857/884 2887/858/884 2888/857/884
f 996/1054/885 3085/1055/885 3086/1054/885
f 1751/1716/886 3840/1717/886 3841/1716/886
f 1520/1434/887 3609/1433/887 3610/1434/887
f 1849/1873/888 3940/1875/888 1850/1875/888
f 987/934/889 3078/1063/889 988/1063/889
f 1512/1443/890 3601/1444/890 3602/1443/890
f 1077/866/891 3168/869/891 1078/869/891
f 790/868/892 2879/870/892 2880/868/892
f 1695/1709/893 3784/1719/893 3785/1709/893
f 1857/1886/894 3948/1888/894 1858/1888/894
f 979/1070/895 3070/1071/895 980/1071/895
f 1977/1897/896 4068/1892/896 1978/1892/896
f 986/1072/897 2853/3/897 763/3/897
f 782/881/898 2871/883/898 2872/881/898
f 1734/1730/899 3825/1731/899 1735/1731/899
f 1584/1454/900 3673/1452/900 3674/1454/900
f 947/1082/901 3038/1083/901 948/1083/901
f 1806/1742/902 3897/1741/902 1807/1741/902
f 1576/1457/903 3665/1459/903 3666/1457/903
f 1085/887/904 3176/890/904 1086/890/904
f 1591/1470/905 3682/1471/905 1592/1471/905
f 1865/1898/3 3956/1901/3 1866/1901/3
f 1093/897/906 3184/898/906 1094/898/906
f 1790/1755/907 3881/1754/907 1791/1754/907
f 1969/1908/908 4060/1907/908 1970/1907/908
f 1171/1086/909 3262/1088/909 1172/1088/909
f 774/902/910 2863/903/910 2864/902/910
f 1260/1093/911 3349/1095/911 3350/1093/911
f 1814/1736/912 3905/1759/912 1815/1759/912
f 1568/1481/913 3657/1483/913 3658/1481/913
f 1123/1102/914 3214/1104/914 1124/1104/914
f 1742/1760/915 3833/1761/915 1743/1761/915
f 1527/1480/916 3618/1486/916 1528/1486/916
f 1116/1108/917 3205/1111/917 3206/1108/917
f 877/904/918 2968/905/918 878/905/918
f 1798/1766/919 3889/1765/919 1799/1765/919
f 1504/1485/920 3593/1489/920 3594/1485/920
f 1873/1918/921 3964/1922/921 1874/1922/921
f 1831/1775/922 3920/1777/922 3921/1775/922
f 1962/1921/923 4051/1923/923 4052/1921/923
f 885/915/924 2976/916/924 886/916/924
f 1179/1119/925 3270/1124/925 1180/1124/925
f 766/924/926 2855/926/926 2856/924/926
f 1599/1495/927 3690/1498/927 1600/1498/927
f 1881/1937/928 3972/1938/928 1882/1938/928
f 1822/1778/929 3913/1780/929 1823/1780/929
f 1560/1504/930 3649/1507/930 3650/1504/930
f 1954/1936/931 4043/1939/931 4044/1936/931
f 2078/1787/161 4169/1788/161 2079/1788/161
f 1552/1519/297 3641/1520/297 3642/1519/297
f 1131/1125/932 3222/1128/932 1132/1128/932
f 2086/1795/179 4177/1796/179 2087/1796/179
f 1108/1134/933 3197/1137/933 3198/1134/933
f 893/929/934 2984/931/934 894/931/934
f 2071/1805/935 4160/1806/935 4161/1805/935
f 1889/1950/936 3980/1952/936 1890/1952/936
f 1046/935/937 3135/936/937 3136/935/937
f 2062/1814/333 4153/1813/333 2063/1813/333
f 1536/1528/938 3625/1526/938 3626/1528/938
f 1946/1956/939 4035/1958/939 4036/1956/939
f 2055/1821/346 4144/1822/346 4145/1821/346
f 1543/1537/940 3634/811/940 1544/811/940
f 1252/1135/941 3341/1140/941 3342/1135/941
f 1897/1965/942 3988/1966/942 1898/1966/942
f 1038/948/943 3127/949/943 3128/948/943
f 1496/1539/944 3585/1542/944 3586/1539/944
f 1139/1154/945 3230/1158/945 1140/1158/945
f 901/947/946 2992/950/946 902/950/946
f 1905/1981/947 3996/1984/947 1906/1984/947
f 1187/1155/948 3278/1159/948 1188/1159/948
f 2010/1983/949 4099/1987/949 4100/1983/949
f 1100/1166/950 3189/1170/950 3190/1166/950
f 2030/1835/686 4121/1834/686 2031/1834/686
f 1607/1543/951 3698/1544/951 1608/1544/951
f 1993/1986/952 4084/1990/952 1994/1990/952
f 909/963/953 3000/965/953 910/965/953
f 1488/1555/954 3577/1557/954 3578/1555/954
f 1030/964/955 3119/966/955 3120/964/955
f 2022/1841/688 4113/1840/688 2023/1840/688
f 1244/1168/956 3333/1172/956 3334/1168/956
f 1615/1562/957 3706/1565/957 1616/1565/957
f 1913/2000/958 4004/2003/958 1914/2003/958
f 1195/1184/959 3286/1186/959 1196/1186/959
f 2014/1823/960 4105/1848/960 2015/1848/960
f 1480/1568/961 3569/1571/961 3570/1568/961
f 1937/2005/962 4028/2004/962 1938/2004/962
f 917/976/963 3008/978/963 918/978/963
f 2038/1827/964 4129/1851/964 2039/1851/964
f 2047/1859/43 4136/1858/43 4137/1859/43
f 2002/2016/965 4091/2021/965 4092/2016/965
f 1147/1187/966 3238/1193/966 1148/1193/966
f 1022/988/967 3111/989/967 3112/988/967
f 1846/1869/968 3937/1870/968 1847/1870/968
f 1623/1575/969 3714/1579/969 1624/1579/969
f 1236/1196/970 3325/1198/970 3326/1196/970
f 1655/1578/971 3746/1592/971 1656/1592/971
f 1929/2027/972 4020/2026/972 1930/2026/972
f 1203/1205/973 3294/1209/973 1204/1209/973
f 1982/1882/974 4073/1879/974 1983/1879/974
f 1472/1591/975 3561/3/975 3562/1591/975
f 1164/1207/976 3253/1213/976 3254/1207/976
f 925/987/977 3016/992/977 926/992/977
f 1855/1883/978 3944/1881/978 3945/1883/978
f 1471/3/979 3780/38/979 3561/3/979
f 1921/2023/980 4012/2028/980 1922/2028/980
f 1013/999/689 3104/998/689 1014/998/689
f 950/1003/54 3039/1002/54 3040/1003/54
f 1862/1894/981 3953/1895/981 1863/1895/981
f 1631/1593/982 3722/1599/982 1632/1599/982
f 114/6/983 2205/1/983 115/1/983
f 1228/1220/984 3317/1224/984 3318/1220/984
f 1974/1902/985 4065/1900/985 1975/1900/985
f 1663/1601/986 3754/1603/986 1664/1603/986
f 1966/1913/987 4057/1911/987 1967/1911/987
f 1688/1606/988 3777/1610/988 3778/1606/988
f 1671/1618/989 3762/1620/989 1672/1620/989
f 107/13/990 2196/18/990 2197/13/990
f 1155/1231/991 3246/1235/991 1156/1235/991
f 1871/1915/992 3960/1914/992 3961/1915/992
f 1211/1234/993 3302/1239/993 1212/1239/993
f 1959/1926/994 4048/1928/994 4049/1926/994
f 1679/1634/995 3770/1631/995 1680/1631/995
f 1220/1244/996 3309/1246/996 3310/1244/996
f 122/17/997 2213/19/997 123/19/997
f 1292/1251/764 3381/1250/764 3382/1251/764
f 99/30/998 2188/32/998 2189/30/998
f 1878/1931/999 3969/1933/999 1879/1933/999
f 1639/1632/1000 3730/1635/1000 1640/1635/1000
f 957/1021/1001 3048/1022/1001 958/1022/1001
f 1951/1943/1002 4040/1946/1002 4041/1943/1002
f 1647/1642/1003 3738/1643/1003 1648/1643/1003
f 130/35/1004 2221/38/1004 131/38/1004
f 1006/1019/1005 3095/1023/1005 3096/1019/1005
f 1719/1654/275 3810/1656/275 1720/1656/275
f 1886/1945/1006 3977/1947/1006 1887/1947/1006
f 1775/1352/189 3866/1658/189 1776/1658/189
f 933/1020/1007 3024/1024/1007 934/1024/1007
f 1727/1671/665 3818/1675/665 1728/1675/665
f 2/5/1008 2093/43/1008 3/43/1008
f 1894/1959/1009 3985/1960/1009 1895/1960/1009
f 1783/1676/195 3874/1678/195 1784/1678/195
f 1943/1964/1010 4032/1968/1010 4033/1964/1010
f 1768/1681/731 3857/1683/731 3858/1681/731
f 10/57/1011 2101/56/1011 11/56/1011
f 1299/97/175 3390/1258/175 1300/1258/175
f 1902/1976/1012 3993/1977/1012 1903/1977/1012
f 1712/1417/281 3801/1685/281 3802/1417/281
f 1284/1270/1013 3373/1271/1013 3374/1270/1013
f 1990/1974/1014 4081/1978/1014 1991/1978/1014
f 18/51/1015 2109/60/1015 19/60/1015
f 1760/1696/737 3849/1698/737 3850/1696/737
f 91/59/1016 2180/61/1016 2181/59/1016
f 1276/1277/787 3365/1278/787 3366/1277/787
f 66/69/209 2157/70/209 67/70/209
f 1910/1993/1017 4001/1996/1017 1911/1996/1017
f 1704/1699/285 3793/1700/285 3794/1699/285
f 1268/1286/792 3357/1287/792 3358/1286/792
f 965/1037/1018 3056/1040/1018 966/1040/1018
f 2007/1995/1019 4096/1999/1019 4097/1995/1019
f 1998/2006/1020 4089/2012/1020 1999/2012/1020
f 1696/1708/1021 3785/1709/1021 3786/1708/1021
f 26/76/1022 2117/80/1022 27/80/1022
f 59/86/1023 2148/87/1023 2149/86/1023
f 1307/1290/209 3398/1291/209 1308/1291/209
f 1918/2014/1024 4009/2015/1024 1919/2015/1024
f 1348/1292/54 3437/1293/54 3438/1292/54
f 1934/2018/1025 4025/2017/1025 1935/2017/1025
f 1752/1715/1026 3841/1716/1026 3842/1715/1026
f 83/83/1027 2172/90/1027 2173/83/1027
f 1331/1300/1028 3422/1299/1028 1332/1299/1028
f 1315/1313/1029 3406/103/1029 1316/103/1029
f 51/102/1030 2140/105/1030 2141/102/1030
f 1323/1319/1031 3414/1307/1031 1324/1307/1031
f 1926/2034/1032 4017/2032/1032 1927/2032/1032
f 1735/1731/1033 3826/1732/1033 1736/1732/1033
f 998/1051/1034 3087/1052/1034 3088/1051/1034
f 111/9/1035 2202/8/1035 112/8/1035
f 1807/1741/1028 3898/1740/1028 1808/1740/1028
f 34/104/1036 2125/107/1036 35/107/1036
f 1339/1323/43 3430/1324/43 1340/1324/43
f 43/120/1037 2132/122/1037 2133/120/1037
f 1435/1306/1038 3526/1334/1038 1436/1334/1038
f 119/4/13 2210/14/13 120/14/13
f 1791/1754/1029 3882/1753/1029 1792/1753/1029
f 1443/1342/1039 3534/1343/1039 1444/1343/1039
f 104/21/1040 2193/23/1040 2194/21/1040
f 75/124/1041 2164/125/1041 2165/124/1041
f 1428/1309/1042 3517/1345/1042 3518/1309/1042
f 290/135/1043 2381/132/1043 291/132/1043
f 1743/1761/1044 3834/1728/1044 1744/1728/1044
f 1420/1351/1045 3509/1352/1045 3510/1351/1045
f 127/28/1046 2218/31/1046 128/31/1046
f 96/36/1047 2185/37/1047 2186/36/1047
f 1411/1359/1048 3502/1358/1048 1412/1358/1048
f 1815/1759/1049 3906/1763/1049 1816/1763/1049
f 170/149/1050 2261/154/1050 171/154/1050
f 1799/1765/1031 3890/1748/1031 1800/1748/1031
f 283/146/1051 2372/155/1051 2373/146/1051
f 1459/1368/1052 3550/1369/1052 1460/1369/1052
f 1832/1774/1053 3921/1775/1053 3922/1774/1053
f 163/157/1054 2252/158/1054 2253/157/1054
f 1467/1379/1055 3558/1380/1055 1468/1380/1055
f 990/1061/1056 3079/1062/1056 3080/1061/1056
f 1452/1378/1057 3541/1382/1057 3542/1378/1057
f 7/48/1058 2098/50/1058 8/50/1058
f 298/153/1059 2389/162/1059 299/162/1059
f 1388/1388/1060 3477/1389/1060 3478/1388/1060
f 16/49/54 2105/52/54 2106/49/54
f 155/175/1061 2244/176/1061 2245/175/1061
f 1380/1397/1062 3469/1269/1062 3470/1397/1062
f 88/65/1063 2177/67/1063 2178/65/1063
f 1823/1780/1064 3914/1783/1064 1824/1783/1064
f 973/1058/1065 3064/1064/1065 974/1064/1065
f 2079/1788/1066 4170/1789/1066 2080/1789/1066
f 147/190/1067 2236/191/1067 2237/190/1067
f 1395/1407/1068 3486/1406/1068 1396/1406/1068
f 2088/1798/865 4177/1796/865 4178/1798/865
f 1371/1414/1069 3462/1273/1069 1372/1273/1069
f 941/1050/1070 3032/1065/1070 942/1065/1070
f 23/71/1071 2114/73/1071 24/73/1071
f 2072/1804/872 4161/1805/872 4162/1804/872
f 64/78/1072 2153/79/1072 2154/78/1072
f 2063/1813/1073 4154/1812/1073 2064/1812/1073
f 275/188/1074 2364/194/1074 2365/188/1074
f 1363/1421/1075 3454/1420/1075 1364/1420/1075
f 2056/1820/1076 4145/1821/1076 4146/1820/1076
f 139/201/803 2228/202/803 2229/201/803
f 56/92/1077 2145/93/1077 2146/92/1077
f 2031/1834/1078 4122/1833/1078 2032/1833/1078
f 1355/1428/1079 3446/1427/1079 1356/1427/1079
f 2023/1840/757 4114/1839/757 2024/1839/757
f 307/204/1080 2396/205/1080 2397/204/1080
f 1403/1400/1081 3494/1431/1081 1404/1431/1081
f 1516/1436/1082 3605/1438/1082 3606/1436/1082
f 31/94/1083 2122/98/1083 32/98/1083
f 2015/1848/760 4106/1847/760 2016/1847/760
f 315/219/654 2404/217/654 2405/219/654
f 80/100/1084 2169/103/1084 2170/100/1084
f 982/1075/1085 3071/1073/1085 3072/1075/1085
f 48/109/1086 2137/111/1086 2138/109/1086
f 1523/1442/1087 3614/1446/1087 1524/1446/1087
f 2040/1852/43 4129/1851/43 4130/1852/43
f 178/220/1088 2269/222/1088 179/222/1088
f 1579/1445/1089 3670/1449/1089 1580/1449/1089
f 267/229/1090 2356/230/1090 2357/229/1090
f 1587/1460/1091 3678/1463/1091 1588/1463/1091
f 1262/1089/1092 3351/1091/1092 3352/1089/1092
f 39/119/1093 2130/121/1093 40/121/1093
f 2047/1859/43 4138/1860/43 2048/1860/43
f 1508/1464/1094 3597/1469/1094 3598/1464/1094
f 71/128/1095 2162/127/1095 72/127/1095
f 1840/1863/54 3929/3/54 3930/1863/54
f 259/241/1096 2348/243/1096 2349/241/1096
f 1173/1090/1097 3264/1092/1097 1174/1092/1097
f 287/140/1098 2378/138/1098 288/138/1098
f 1118/1103/1099 3207/1105/1099 3208/1103/1099
f 295/139/1100 2386/142/1100 296/142/1100
f 186/242/1101 2277/248/1101 187/248/1101
f 1572/1468/1102 3661/1472/1102 3662/1468/1102
f 167/150/1103 2258/148/1103 168/148/1103
f 227/259/1104 2316/261/1104 2317/259/1104
f 1595/1482/1105 3686/1484/1105 1596/1484/1105
f 1564/1494/1106 3653/1496/1106 3654/1494/1106
f 160/163/1107 2249/166/1107 2250/163/1107
f 251/258/1108 2340/263/1108 2341/258/1108
f 1500/1501/1109 3589/1505/1109 3590/1501/1109
f 1125/1106/1110 3216/1110/1110 1126/1110/1110
f 1254/1126/1111 3343/1130/1111 3344/1126/1111
f 280/164/1112 2369/167/1112 2370/164/1112
f 1110/1127/1113 3199/1131/1113 3200/1127/1113
f 1847/1870/1114 3938/1871/1114 1848/1871/1114
f 194/272/1115 2285/275/1115 195/275/1115
f 218/276/1116 2309/273/1116 219/273/1116
f 1983/1879/1117 4074/1877/1117 1984/1877/1117
f 152/181/1118 2241/183/1118 2242/181/1118
f 243/289/1119 2332/293/1119 2333/289/1119
f 1181/1129/1120 3272/1133/1120 1182/1133/1120
f 210/295/1121 2301/292/1121 211/292/1121
f 1556/1513/1122 3645/1514/1122 3646/1513/1122
f 175/177/1123 2266/184/1123 176/184/1123
f 1855/1883/1124 3946/1885/1124 1856/1885/1124
f 1133/1132/1125 3224/1136/1125 1134/1136/1125
f 303/186/1126 2394/193/1126 304/193/1126
f 143/197/1127 2234/196/1127 144/196/1127
f 1864/1896/1128 3953/1895/1128 3954/1896/1128
f 1102/1157/1129 3191/1162/1129 3192/1157/1129
f 1975/1900/1130 4066/1899/1130 1976/1899/1130
f 202/296/1131 2293/299/1131 203/299/1131
f 1603/1512/1132 3694/1518/1132 1604/1518/1132
f 135/211/1133 2226/209/1133 136/209/1133
f 1967/1911/248 4058/1909/248 1968/1909/248
f 234/311/1134 2325/310/1134 235/310/1134
f 347/321/1135 2436/322/1135 2437/321/1135
f 1246/1160/1136 3335/1164/1136 3336/1160/1136
f 312/215/1137 2401/212/1137 2402/215/1137
f 1871/1915/1138 3962/1917/1138 1872/1917/1138
f 475/333/1139 2564/336/1139 2565/333/1139
f 1141/1161/1140 3232/1165/1140 1142/1165/1140
f 272/221/1141 2361/223/1141 2362/221/1141
f 1960/1924/1142 4049/1926/1142 4050/1924/1142
f 1189/1163/1143 3280/1167/1143 1190/1167/1143
f 1531/1508/1144 3622/1524/1144 1532/1524/1144
f 1238/1189/1145 3327/1191/1145 3328/1189/1145
f 264/233/1146 2353/235/1146 2354/233/1146
f 322/337/1147 2413/340/1147 323/340/1147
f 1547/1529/1133 3638/1527/1133 1548/1527/1133
f 1197/1190/1148 3288/1192/1148 1198/1192/1148
f 1879/1933/1149 3970/1935/1149 1880/1935/1149
f 339/338/1150 2428/342/1150 2429/338/1150
f 1952/1941/1151 4041/1943/1151 4042/1941/1151
f 1166/1194/1152 3255/1201/1152 3256/1194/1152
f 183/234/1153 2274/237/1153 184/237/1153
f 331/363/1154 2420/366/1154 2421/363/1154
f 1540/1536/1155 3629/1533/1155 3630/1536/1155
f 256/249/1156 2345/250/1156 2346/249/1156
f 1492/1548/1157 3581/1550/1157 3582/1548/1157
f 1887/1947/1158 3978/1949/1158 1888/1949/1158
f 538/368/1159 2629/358/1159 539/358/1159
f 531/375/1160 2620/376/1160 2621/375/1160
f 191/260/1161 2282/264/1161 192/264/1161
f 1611/1551/1162 3702/1554/1162 1612/1554/1162
f 223/265/1163 2314/69/1163 224/69/1163
f 1895/1960/1164 3986/1962/1164 1896/1962/1164
f 467/365/1165 2556/380/1165 2557/365/1165
f 1484/1561/1166 3573/1563/1166 3574/1561/1166
f 1149/1200/1167 3240/1206/1167 1150/1206/1167
f 1205/1210/1168 3296/1214/1168 1206/1214/1168
f 248/270/1169 2337/274/1169 2338/270/1169
f 1944/1961/1170 4033/1964/1170 4034/1961/1170
f 1619/1569/1171 3710/1570/1171 1620/1570/1171
f 1230/1215/1172 3319/1216/1172 3320/1215/1172
f 216/280/1173 2305/283/1173 2306/280/1173
f 1476/1582/1174 3565/1585/1174 3566/1582/1174
f 546/383/1175 2637/386/1175 547/386/1175
f 1158/1236/1176 3247/1238/1176 3248/1236/1176
f 459/393/1177 2548/103/1177 2549/393/1177
f 1627/1584/1178 3718/1586/1178 1628/1586/1178
f 199/288/1179 2290/291/1179 200/291/1179
f 208/300/1180 2297/301/1180 2298/300/1180
f 1659/1596/1181 3750/1597/1181 1660/1597/1181
f 1222/1240/1182 3311/1242/1182 3312/1240/1182
f 1903/1977/1183 3994/1980/1183 1904/1980/1183
f 1667/1609/1184 3758/1611/1184 1668/1611/1184
f 451/405/1185 2540/408/1185 2541/405/1185
f 1213/1241/1186 3304/1243/1186 1214/1243/1186
f 1991/1978/1187 4082/1982/1187 1992/1982/1187
f 1293/1252/861 3384/1253/861 1294/1253/861
f 239/306/1188 2330/305/1188 240/305/1188
f 1635/1612/1189 3726/1616/1189 1636/1616/1189
f 1301/1259/865 3392/1261/865 1302/1261/865
f 523/411/1190 2612/414/1190 2613/411/1190
f 1684/1619/1191 3773/1623/1191 3774/1619/1191
f 1285/1269/1192 3376/1268/1192 1286/1268/1192
f 2008/1991/1193 4097/1995/1193 4098/1991/1193
f 1675/1627/1194 3766/1629/1194 1676/1629/1194
f 482/413/1195 2573/416/1195 483/416/1195
f 1278/1275/610 3367/1276/610 3368/1275/610
f 1911/1996/1196 4002/1997/1196 1912/1997/1196
f 1643/1638/1197 3734/1639/1197 1644/1639/1197
f 1270/1284/617 3359/1285/617 3360/1284/617
f 1651/1646/1198 3742/1647/1198 1652/1647/1198
f 1936/2011/1199 4025/2017/1199 4026/2011/1199
f 443/424/1200 2532/426/1200 2533/424/1200
f 1772/1652/157 3861/1651/157 3862/1652/157
f 1350/38/54 3439/1289/54 3440/38/54
f 231/246/13 2322/313/13 232/313/13
f 352/314/1201 2441/317/1201 2442/314/1201
f 1999/2012/1202 4090/2019/1202 2000/2019/1202
f 1919/2015/1203 4010/2020/1203 1920/2020/1203
f 343/325/1204 2434/324/1204 344/324/1204
f 1927/2032/1205 4018/2029/1205 1928/2029/1205
f 1940/2035/13 3929/3/13 1839/3/13
f 112/8/1206 2203/7/1206 113/7/1206
f 515/439/1207 2604/443/1207 2605/439/1207
f 1723/1661/253 3814/1663/253 1724/1663/253
f 1334/1298/1208 3423/20/1208 3424/1298/1208
f 319/329/1209 2410/332/1209 320/332/1209
f 120/14/1210 2211/15/1210 121/15/1210
f 472/341/1211 2561/345/1211 2562/341/1211
f 105/20/1030 2194/21/1030 2195/20/1030
f 490/441/108 2581/444/108 491/444/108
f 336/347/1212 2425/350/1212 2426/347/1212
f 435/442/1213 2524/445/1213 2525/442/1213
f 1779/1664/175 3870/1666/175 1780/1666/175
f 128/31/1214 2219/33/1214 129/33/1214
f 1715/1669/1215 3806/1648/1215 1716/1648/1215
f 97/34/1216 2186/36/1216 2187/34/1216
f 354/316/209 2445/449/209 355/449/209
f 327/355/1217 2418/359/1217 328/359/1217
f 543/362/1218 2634/367/1218 544/367/1218
f 16/49/13 2107/44/13 17/44/13
f 362/470/1219 2453/471/1219 363/471/1219
f 1763/1690/1013 3854/1688/1013 1764/1688/1013
f 536/370/1220 2625/371/1220 2626/370/1220
f 507/473/1221 2596/478/1221 2597/473/1221
f 1325/1306/827 3416/1305/827 1326/1305/827
f 528/378/1222 2617/379/1222 2618/378/1222
f 8/50/1223 2099/58/1223 9/58/1223
f 427/474/1224 2516/480/1224 2517/474/1224
f 1708/1691/265 3797/1693/265 3798/1691/265
f 464/384/1225 2553/387/1225 2554/384/1225
f 89/63/1226 2178/65/1226 2179/63/1226
f 1700/1704/1227 3789/1705/1227 3790/1704/1227
f 551/395/1228 2642/38/1228 552/38/1228
f 24/73/1229 2115/74/1229 25/74/1229
f 498/477/1230 2589/482/1230 499/482/1230
f 456/397/1231 2545/398/1231 2546/397/1231
f 65/68/1232 2154/78/1232 2155/68/1232
f 1756/1712/1233 3845/1713/1233 3846/1712/1233
f 370/484/1234 2461/487/1234 371/487/1234
f 479/403/376 2570/406/376 480/406/376
f 57/89/1235 2146/92/1235 2147/89/1235
f 1748/1722/1236 3837/1724/1236 3838/1722/1236
f 1317/1312/830 3408/1311/830 1318/1311/830
f 448/412/1237 2537/415/1237 2538/412/1237
f 378/502/1238 2469/504/1238 379/504/1238
f 1692/1723/1239 3781/3/1239 3782/1723/1239
f 81/96/1240 2170/100/1240 2171/96/1240
f 419/505/1241 2508/506/1241 2509/505/1241
f 410/513/1242 2501/97/1242 411/97/1242
f 1691/3/54 3928/38/54 3781/3/54
f 261/238/1243 2350/240/1243 2351/238/1243
f 32/98/1244 2123/101/1244 33/101/1244
f 402/520/1245 2493/519/1245 403/519/1245
f 49/106/1246 2138/109/1246 2139/106/1246
f 394/530/1247 2485/527/1247 395/527/1247
f 1731/1710/1248 3822/1727/1248 1732/1727/1248
f 386/538/1249 2477/537/1249 387/537/1249
f 188/251/1250 2279/253/1250 189/253/1250
f 754/548/1251 2845/549/1251 755/549/1251
f 1803/1745/1078 3894/1744/1078 1804/1744/1078
f 253/254/1252 2342/255/1252 2343/254/1252
f 1309/1294/209 3400/1318/209 1310/1318/209
f 41/123/1253 2130/121/1253 2131/123/1253
f 634/559/1254 2725/558/1254 635/558/1254
f 229/244/1255 2318/257/1255 2319/244/1255
f 72/127/1256 2163/126/1256 73/126/1256
f 1795/1750/757 3886/1334/757 1796/1334/757
f 1341/1325/43 3432/1326/43 1342/1326/43
f 288/138/1257 2379/137/1257 289/137/1257
f 221/269/1258 2310/271/1258 2311/269/1258
f 1437/1335/1259 3528/1336/1259 1438/1336/1259
f 642/567/1260 2733/570/1260 643/570/1260
f 1787/1757/760 3878/1756/760 1788/1756/760
f 1430/1339/1261 3519/1341/1261 3520/1339/1261
f 626/573/1262 2717/572/1262 627/572/1262
f 296/142/1263 2387/145/1263 297/145/1263
f 1739/1735/1264 3830/811/1264 1740/811/1264
f 168/148/13 2259/147/13 169/147/13
f 196/279/199 2287/282/199 197/282/199
f 1819/1767/1265 3910/1768/1265 1820/1768/1265
f 245/281/1266 2334/285/1266 2335/281/1266
f 578/580/1267 2669/582/1267 579/582/1267
f 1836/1769/1268 3925/1770/1268 3926/1769/1268
f 213/287/1269 2302/290/1269 2303/287/1269
f 1422/1350/1270 3511/1313/1270 3512/1350/1270
f 161/161/1271 2250/163/1271 2251/161/1271
f 746/590/1272 2837/584/1272 747/584/1272
f 1811/1776/44 3902/1737/44 1812/1737/44
f 571/598/1273 2660/603/1273 2661/598/1273
f 1828/1781/1274 3917/1782/1274 3918/1781/1274
f 1414/1318/562 3503/1357/562 3504/1318/562
f 281/160/1275 2370/164/1275 2371/160/1275
f 2083/1792/548 4174/1793/548 2084/1793/548
f 205/304/1276 2294/302/1276 2295/304/1276
f 153/179/1277 2242/181/1277 2243/179/1277
f 2076/1797/1278 4165/1800/1278 4166/1797/1278
f 237/308/1279 2326/309/1279 2327/308/1279
f 1445/1344/209 3536/1361/209 1446/1361/209
f 738/610/1280 2829/608/1280 739/608/1280
f 349/319/1281 2438/320/1281 2439/319/1281
f 1406/1364/54 3495/1365/54 3496/1364/54
f 650/606/1282 2741/612/1282 651/612/1282
f 2068/1808/1283 4157/1809/1283 4158/1808/1283
f 476/330/1284 2567/327/1284 477/327/1284
f 1461/1370/1285 3552/1372/1285 1462/1372/1285
f 176/184/1286 2267/192/1286 177/192/1286
f 2060/1816/1287 4149/1817/1287 4150/1816/1287
f 341/331/1288 2430/334/1288 2431/331/1288
f 1454/1373/1289 3543/1375/1289 3544/1373/1289
f 145/195/1290 2234/196/1290 2235/195/1290
f 586/613/1291 2677/616/1291 587/616/1291
f 2052/1825/54 4141/1826/54 4142/1825/54
f 731/623/851 2820/626/851 2821/623/851
f 2035/1830/1028 4126/1829/1028 2036/1829/1028
f 563/641/1292 2652/643/1292 2653/641/1292
f 2019/1844/1029 4110/1843/1029 2020/1843/1029
f 324/343/1293 2415/346/1293 325/346/1293
f 1469/1381/1294 3560/38/1294 1470/38/1294
f 304/193/1144 2395/206/1144 305/206/1144
f 540/354/13 2631/353/13 541/353/13
f 1390/1386/1295 3479/1387/1295 3480/1386/1295
f 136/209/87 2227/207/87 137/207/87
f 2027/1849/1031 4118/1837/1031 2028/1837/1031
f 469/351/1296 2558/360/1296 2559/351/1296
f 1381/1394/1297 3472/1393/1297 1382/1393/1297
f 594/647/1298 2685/650/1298 595/650/1298
f 1397/1405/1299 3488/1404/1299 1398/1404/1299
f 658/652/1300 2749/655/1300 659/655/1300
f 2043/1855/43 4134/1856/43 2044/1856/43
f 333/356/1301 2422/361/1301 2423/356/1301
f 1373/1413/1302 3464/1412/1302 1374/1412/1302
f 555/662/68 2644/665/68 2645/662/68
f 1843/1866/1303 3934/1867/1303 1844/1867/1303
f 313/218/1155 2402/215/1155 2403/218/1155
f 1365/1278/1304 3456/1419/1304 1366/1419/1304
f 273/203/1305 2362/221/1305 2363/203/1305
f 532/374/1306 2623/373/1306 533/373/1306
f 265/232/1307 2354/233/1307 2355/232/1307
f 1851/1876/1308 3942/1878/1308 1852/1878/1308
f 548/389/1309 2639/391/1309 549/391/1309
f 1357/1426/1310 3448/1284/1310 1358/1284/1310
f 602/668/1311 2693/672/1311 603/672/1311
f 1979/1889/1312 4070/1887/1312 1980/1887/1312
f 461/390/1313 2550/392/1313 2551/390/1313
f 666/675/1314 2757/678/1314 667/678/1314
f 1518/1432/1315 3607/1435/1315 3608/1432/1315
f 184/237/1316 2275/239/1316 185/239/1316
f 619/687/1317 2708/691/1317 2709/687/1317
f 1859/1890/1318 3950/1891/1318 1860/1891/1318
f 453/401/1319 2542/402/1319 2543/401/1319
f 257/247/1320 2346/249/1320 2347/247/1320
f 1971/1905/1321 4062/1904/1321 1972/1904/1321
f 1581/1448/1322 3672/1450/1322 1582/1450/1322
f 225/262/1323 2314/69/1323 2315/262/1323
f 1510/1447/1324 3599/1455/1324 3600/1447/1324
f 698/697/1325 2789/696/1325 699/696/1325
f 525/404/1326 2614/407/1326 2615/404/1326
f 445/419/1327 2534/422/1327 2535/419/1327
f 674/695/1328 2765/700/1328 675/700/1328
f 192/264/1329 2283/268/1329 193/268/1329
f 1867/1906/1330 3958/1910/1330 1868/1910/1330
f 249/266/1331 2338/270/1331 2339/266/1331
f 1963/1920/1332 4054/1919/1332 1964/1919/1332
f 484/420/1333 2575/423/1333 485/423/1333
f 217/277/1334 2306/280/1334 2307/277/1334
f 610/698/1335 2701/705/1335 611/705/1335
f 517/432/1336 2606/436/1336 2607/432/1336
f 690/719/1337 2781/718/1337 691/718/1337
f 437/437/1338 2526/440/1338 2527/437/1338
f 1875/1925/1339 3966/1927/1339 1876/1927/1339
f 1574/1462/1340 3663/1466/1340 3664/1462/1340
f 682/722/1341 2773/723/1341 683/723/1341
f 1956/1932/1342 4045/1934/1342 4046/1932/1342
f 200/291/1343 2291/294/1343 201/294/1343
f 706/734/1344 2797/733/1344 707/733/1344
f 492/448/1345 2583/452/1345 493/452/1345
f 1589/1465/1346 3680/1467/1346 1590/1467/1346
f 208/300/1347 2299/297/1347 209/297/1347
f 714/742/1348 2805/743/1348 715/743/1348
f 1883/1940/1349 3974/1942/1349 1884/1942/1349
f 356/458/1350 2447/459/1350 357/459/1350
f 241/298/1351 2330/305/1351 2331/298/1351
f 1948/1951/1352 4037/1953/1352 4038/1951/1352
f 509/462/1353 2598/468/1353 2599/462/1353
f 1525/1461/1354 3616/1473/1354 1526/1473/1354
f 232/313/1355 2323/312/1355 233/312/1355
f 722/750/1356 2813/751/1356 723/751/1356
f 429/463/1357 2518/469/1357 2519/463/1357
f 1566/1487/1358 3655/1490/1358 3656/1487/1358
f 353/315/1359 2442/314/1359 2443/315/1359
f 851/757/1360 2940/758/1360 2941/757/1360
f 1891/1954/1361 3982/1955/1361 1892/1955/1361
f 1597/1488/1362 3688/1491/1362 1598/1491/1362
f 843/765/1363 2932/766/1363 2933/765/1363
f 1987/1963/1364 4078/1967/1364 1988/1967/1364
f 1502/1492/1365 3591/1497/1365 3592/1492/1365
f 344/324/1366 2435/323/1366 345/323/1366
f 835/773/1367 2924/774/1367 2925/773/1367
f 827/781/1368 2916/782/1368 2917/781/1368
f 819/788/1369 2908/789/1369 2909/788/1369
f 1899/1969/1370 3990/1972/1370 1900/1972/1370
f 364/80/1371 2455/475/1371 365/475/1371
f 1558/1509/1372 3647/1511/1372 3648/1509/1372
f 2012/1975/1373 4101/1979/1373 4102/1975/1373
f 1534/1522/1080 3623/1523/1080 3624/1522/1080
f 320/332/1374 2411/335/1374 321/335/1374
f 858/793/1375 2949/794/1375 859/794/1375
f 501/490/1376 2590/486/1376 2591/490/1376
f 1550/1521/1377 3639/1525/1377 3640/1521/1377
f 473/339/1378 2562/341/1378 2563/339/1378
f 866/802/1379 2957/803/1379 867/803/1379
f 337/344/1380 2426/347/1380 2427/344/1380
f 874/811/1381 2965/812/1381 875/812/1381
f 1907/1985/1382 3998/1988/1382 1908/1988/1382
f 372/489/1383 2463/493/1383 373/493/1383
f 1050/817/1384 3141/820/1384 1051/820/1384
f 420/503/1385 2511/501/1385 421/501/1385
f 1542/1538/654 3631/1535/654 3632/1538/654
f 811/822/1386 2900/824/1386 2901/822/1386
f 412/512/1387 2503/511/1387 413/511/1387
f 1605/1540/1388 3696/1541/1388 1606/1541/1388
f 328/359/1389 2419/364/1389 329/364/1389
f 1494/1545/1390 3583/1547/1390 3584/1545/1390
f 536/370/1391 2627/369/1391 537/369/1391
f 396/526/1392 2487/525/1392 397/525/1392
f 529/377/1393 2618/378/1393 2619/377/1393
f 1058/833/1394 3149/835/1394 1059/835/1394
f 1995/1994/1395 4086/1998/1395 1996/1998/1395
f 1613/1556/1396 3704/1559/1396 1614/1559/1396
f 544/367/1397 2635/381/1397 545/381/1397
f 803/838/1398 2892/841/1398 2893/838/1398
f 405/529/1399 2494/518/1399 2495/529/1399
f 1486/1558/1400 3575/1560/1400 3576/1558/1400
f 465/382/1401 2554/384/1401 2555/382/1401
f 1915/2008/1402 4006/2009/1402 1916/2009/1402
f 1621/1572/1403 3712/1573/1403 1622/1573/1403
f 2004/2007/1404 4093/2013/1404 4094/2007/1404
f 1654/1577/54 3743/1576/54 3744/1577/54
f 457/396/1405 2546/397/1405 2547/396/1405
f 1931/2025/1406 4022/2024/1406 1932/2024/1406
f 1478/1574/1407 3567/1580/1407 3568/1574/1407
f 1066/845/1408 3157/847/1408 1067/847/1408
f 480/406/1409 2571/410/1409 481/410/1409
f 1074/855/1410 3165/859/1410 1075/859/1410
f 1923/2030/1411 4014/2031/1411 1924/2031/1411
f 388/536/1412 2479/535/1412 389/535/1412
f 449/409/1413 2538/412/1413 2539/409/1413
f 795/861/1414 2884/862/1414 2885/861/1414
f 1939/1989/209 4030/2035/209 1940/2035/209
f 1629/1587/1415 3720/1590/1415 1630/1590/1415
f 109/11/1416 2198/12/1416 2199/11/1416
f 521/418/1417 2610/421/1417 2611/418/1417
f 787/873/1418 2876/875/1418 2877/873/1418
f 441/428/1419 2530/430/1419 2531/428/1419
f 124/22/1420 2215/24/1420 125/24/1420
f 1082/879/1421 3173/882/1421 1083/882/1421
f 101/27/1422 2190/29/1422 2191/27/1422
f 779/886/1423 2868/888/1423 2869/886/1423
f 488/434/1424 2579/438/1424 489/438/1424
f 93/41/1425 2182/42/1425 2183/41/1425
f 380/528/1426 2471/543/1426 381/543/1426
f 513/446/1427 2602/450/1427 2603/446/1427
f 1090/894/1428 3181/895/1428 1091/895/1428
f 756/550/1429 2847/551/1429 757/551/1429
f 1661/1598/1430 3752/1600/1430 1662/1600/1430
f 433/447/1431 2522/451/1431 2523/447/1431
f 882/910/1432 2973/912/1432 883/912/1432
f 4/45/1433 2095/46/1433 5/46/1433
f 636/554/1434 2727/555/1434 637/555/1434
f 771/911/1435 2860/914/1435 2861/911/1435
f 12/55/1436 2103/54/1436 13/54/1436
f 628/569/1437 2719/568/1437 629/568/1437
f 360/465/1438 2451/466/1438 361/466/1438
f 496/467/1439 2587/472/1439 497/472/1439
f 890/923/1440 2981/925/1440 891/925/1440
f 20/62/1441 2111/64/1441 21/64/1441
f 85/75/1442 2174/77/1442 2175/75/1442
f 368/481/1443 2459/483/1443 369/483/1443
f 61/82/1444 2150/84/1444 2151/82/1444
f 749/574/1445 2838/577/1445 2839/574/1445
f 505/20/226 2594/488/226 2595/20/226
f 898/939/1446 2989/941/1446 899/941/1446
f 1669/1614/1447 3760/1615/1447 1670/1615/1447
f 425/485/1448 2514/492/1448 2515/485/1448
f 1043/940/1449 3132/942/1449 3133/940/1449
f 644/575/1450 2735/579/1450 645/579/1450
f 1686/1613/1451 3775/1617/1451 3776/1613/1451
f 1035/952/1452 3124/953/1452 3125/952/1452
f 28/85/1453 2119/88/1453 29/88/1453
f 53/97/1454 2142/99/1454 2143/97/1454
f 580/585/1455 2671/588/1455 581/588/1455
f 906/959/1456 2997/960/1456 907/960/1456
f 573/589/1457 2662/594/1457 2663/589/1457
f 376/498/1458 2467/500/1458 377/500/1458
f 417/507/1459 2506/508/1459 2507/507/1459
f 914/971/1460 3005/973/1460 915/973/1460
f 36/110/1461 2127/113/1461 37/113/1461
f 741/604/1462 2830/605/1462 2831/604/1462
f 408/515/1463 2499/514/1463 409/514/1463
f 1027/972/1464 3116/974/1464 3117/972/1464
f 44/117/1465 2135/116/1465 45/116/1465
f 733/621/1287 2822/622/1287 2823/621/1287
f 400/522/654 2491/521/654 401/521/654
f 1637/1621/1466 3728/1626/1466 1638/1626/1466
f 392/532/1467 2483/531/1467 393/531/1467
f 77/112/1468 2166/118/1468 2167/112/1468
f 385/539/1469 2474/540/1469 2475/539/1469
f 922/983/1470 3013/985/1470 923/985/1470
f 68/131/1471 2159/130/1471 69/130/1471
f 752/546/1472 2843/547/1472 753/547/1472
f 1019/991/1473 3108/993/1473 3109/991/1473
f 292/133/1474 2383/134/1474 293/134/1474
f 652/620/1475 2743/628/1475 653/628/1475
f 633/561/1476 2722/562/1476 2723/561/1476
f 1011/1001/1477 3100/1006/1477 3101/1001/1477
f 285/143/1478 2374/144/1478 2375/143/1478
f 588/624/1479 2679/629/1479 589/629/1479
f 565/631/1480 2654/636/1480 2655/631/1480
f 1678/1633/1481 3767/1630/1481 3768/1633/1481
f 640/560/1482 2731/563/1482 641/563/1482
f 930/1010/1483 3021/1014/1483 931/1014/1483
f 164/156/1484 2255/152/1484 165/152/1484
f 725/637/54 2814/639/54 2815/637/54
f 760/565/1485 2851/571/1485 761/571/1485
f 954/1013/1486 3045/1016/1486 955/1016/1486
f 1645/1640/1487 3736/1641/1487 1646/1641/1487
f 576/581/1488 2667/578/1488 577/578/1488
f 962/1032/1489 3053/1034/1489 963/1034/1489
f 596/653/1490 2687/656/1490 597/656/1490
f 1717/1649/161 3808/1650/161 1718/1650/161
f 1003/1031/1491 3092/1036/1491 3093/1031/1491
f 557/657/1492 2646/660/1492 2647/657/1492
f 1773/1653/861 3864/1655/861 1774/1655/861
f 745/593/1493 2834/595/1493 2835/593/1493
f 1725/1665/179 3816/1667/179 1726/1667/179
f 172/159/1494 2263/165/1494 173/165/1494
f 660/659/1495 2751/663/1495 661/663/1495
f 1781/1668/865 3872/1672/865 1782/1672/865
f 648/596/1496 2739/602/1496 649/602/1496
f 938/1038/1497 3029/1042/1497 939/1042/1497
f 157/170/1498 2246/172/1498 2247/170/1498
f 1766/1684/1192 3855/1686/1192 3856/1684/1192
f 970/1048/1499 3061/1049/1499 971/1049/1499
f 604/676/1500 2695/679/1500 605/679/1500
f 994/1056/1501 3085/1055/1501 995/1055/1501
f 668/681/1502 2759/682/1502 669/682/1502
f 1710/1687/935 3799/1689/935 3800/1687/935
f 584/601/1503 2675/607/1503 585/607/1503
f 979/1070/1504 3068/1069/1504 3069/1070/1504
f 300/169/1505 2391/174/1505 301/174/1505
f 621/680/1506 2710/684/1506 2711/680/1506
f 569/609/1507 2658/614/1507 2659/609/1507
f 277/178/394 2366/182/394 2367/178/394
f 1701/1703/511 3792/1702/511 1702/1702/511
f 946/1081/1508 3037/1082/1508 947/1082/1508
f 149/187/1509 2238/189/1509 2239/187/1509
f 736/615/1510 2827/611/1510 737/611/1510
f 676/701/1511 2767/702/1511 677/702/1511
f 1757/1711/1512 3848/1701/1512 1758/1701/1512
f 729/627/1076 2818/630/1076 2819/627/1076
f 1170/1085/1513 3261/1086/1513 1171/1086/1513
f 140/200/365 2231/199/365 141/199/365
f 1259/1095/1514 3348/1099/1514 3349/1095/1514
f 1750/1717/1515 3839/1720/1515 3840/1717/1515
f 309/210/938 2398/208/938 2399/210/938
f 612/711/1516 2703/715/1516 613/715/1516
f 592/640/1517 2683/645/1517 593/645/1517
f 1123/1102/1518 3212/1100/1518 3213/1102/1518
f 132/3/123 2223/216/123 133/216/123
f 692/717/1519 2783/714/1519 693/714/1519
f 1694/1719/1520 3783/1721/1520 3784/1719/1520
f 656/644/1521 2747/648/1521 657/648/1521
f 1115/1111/1522 3204/1114/1522 3205/1111/1522
f 316/38/940 2222/3/940 132/3/940
f 561/646/1523 2650/649/1523 2651/646/1523
f 684/725/1524 2775/726/1524 685/726/1524
f 1178/1113/1525 3269/1119/1525 1179/1119/1525
f 708/732/1526 2799/731/1526 709/731/1526
f 1733/1390/1527 3824/1730/1527 1734/1730/1527
f 269/226/1528 2358/227/1528 2359/226/1528
f 700/740/1529 2791/739/1529 701/739/1529
f 1813/1729/1530 3904/1736/1530 1814/1736/1530
f 600/664/1531 2691/667/1531 601/667/1531
f 1130/1122/1532 3221/1125/1532 1131/1125/1532
f 1805/1743/577 3896/1742/577 1806/1742/577
f 1107/1137/1533 3196/1141/1533 3197/1137/1533
f 180/225/1534 2271/228/1534 181/228/1534
f 716/744/1535 2807/745/1535 717/745/1535
f 852/756/1536 2943/755/1536 853/755/1536
f 845/763/1537 2934/764/1537 2935/763/1537
f 664/671/1538 2755/674/1538 665/674/1538
f 1251/1140/1539 3340/1144/1539 3341/1140/1539
f 837/771/1540 2926/772/1540 2927/771/1540
f 1789/1074/581 3880/1755/581 1790/1755/581
f 116/2/3 2091/3/3 1/3/3
f 829/779/1541 2918/780/1541 2919/779/1541
f 672/689/1542 2763/692/1542 673/692/1542
f 821/785/1543 2910/786/1543 2911/785/1543
f 1/3/209 2092/5/209 2/5/209
f 608/690/1544 2699/693/1544 609/693/1544
f 1138/1150/1545 3229/1154/1545 1139/1154/1545
f 1741/1758/1546 3832/1760/1546 1742/1760/1546
f 114/6/1547 2203/7/1547 2204/6/1547
f 617/694/1548 2706/699/1548 2707/694/1548
f 1186/1151/1549 3277/1155/1549 1187/1155/1549
f 860/795/1550 2951/796/1550 861/796/1550
f 1838/38/1551 3927/1762/1551 3928/38/1551
f 1099/1170/1552 3188/1174/1552 3189/1170/1552
f 868/805/1553 2959/806/1553 869/806/1553
f 121/15/1554 2212/17/1554 122/17/1554
f 1797/1749/587 3888/1766/587 1798/1766/587
f 106/18/1555 2195/20/1555 2196/18/1555
f 1243/1172/1556 3332/1176/1556 3333/1172/1556
f 813/816/1557 2902/819/1557 2903/816/1557
f 98/32/1558 2187/34/1558 2188/32/1558
f 696/704/1559 2787/703/1559 697/703/1559
f 680/713/1560 2771/716/1560 681/716/1560
f 688/721/1561 2779/720/1561 689/720/1561
f 1194/1183/1562 3285/1184/1562 1195/1184/1562
f 1821/1773/1563 3912/1778/1563 1822/1778/1563
f 129/33/1564 2220/35/1564 130/35/1564
f 1052/821/1565 3143/823/1565 1053/823/1565
f 1830/1777/1566 3919/1779/1566 3920/1777/1566
f 704/736/1567 2795/735/1567 705/735/1567
f 1146/1180/1568 3237/1187/1568 1147/1187/1568
f 805/834/1569 2894/836/1569 2895/834/1569
f 2078/1787/764 4167/1786/764 4168/1787/764
f 17/44/1570 2108/51/1570 18/51/1570
f 712/728/1571 2803/741/1571 713/741/1571
f 1235/1198/1572 3324/1202/1572 3325/1198/1572
f 9/58/1573 2100/57/1573 10/57/1573
f 1202/1203/1574 3293/1205/1574 1203/1205/1574
f 720/748/1575 2811/749/1575 721/749/1575
f 1163/1213/1576 3252/1219/1576 3253/1213/1576
f 1060/837/1577 3151/839/1577 1061/839/1577
f 90/61/1578 2179/63/1578 2180/61/1578
f 824/753/3 2915/754/3 825/754/3
f 1068/848/1579 3159/849/1579 1069/849/1579
f 66/69/1580 2155/68/1580 2156/69/1580
f 849/759/1581 2938/760/1581 2939/759/1581
f 797/858/1582 2886/860/1582 2887/858/1582
f 841/767/1583 2930/768/1583 2931/767/1583
f 1227/1224/1584 3316/1226/1584 3317/1224/1584
f 833/775/1585 2922/776/1585 2923/775/1585
f 1076/863/1586 3167/866/1586 1077/866/1586
f 856/790/1587 2947/792/1587 857/792/1587
f 789/870/1588 2878/872/1588 2879/870/1588
f 25/74/1589 2116/76/1589 26/76/1589
f 817/791/1590 2906/797/1590 2907/791/1590
f 1154/1227/1591 3245/1231/1591 1155/1231/1591
f 2085/1794/175 4176/1795/175 2086/1795/175
f 58/87/1592 2147/89/1592 2148/87/1592
f 1210/1229/1593 3301/1234/1593 1211/1234/1593
f 781/883/1594 2870/884/1594 2871/883/1594
f 1219/1246/1595 3308/1247/1595 3309/1246/1595
f 82/90/1596 2171/96/1596 2172/90/1596
f 1298/1257/253 3389/97/253 1299/97/253
f 2090/38/199 4103/1801/199 2013/1801/199
f 1291/1250/1597 3380/1260/1597 3381/1250/1597
f 1084/885/1598 3175/887/1598 1085/887/1598
f 1092/896/1599 3183/897/1599 1093/897/1599
f 33/101/1600 2124/104/1600 34/104/1600
f 864/800/1601 2955/801/1601 865/801/1601
f 876/814/1602 2967/904/1602 877/904/1602
f 50/105/1603 2139/106/1603 2140/105/1603
f 773/903/1604 2862/907/1604 2863/903/1604
f 1283/1271/1605 3372/80/1605 3373/1271/1605
f 872/809/1606 2963/810/1606 873/810/1606
f 2069/1807/184 4160/1806/184 2070/1806/184
f 41/123/1607 2132/122/1607 42/122/1607
f 1049/813/54 3138/818/54 3139/813/54
f 1274/1279/1608 3365/1278/1608 1275/1278/1608
f 809/826/1609 2898/828/1609 2899/826/1609
f 74/125/1610 2163/126/1610 2164/125/1610
f 884/913/1611 2975/915/1611 885/915/1611
f 290/135/1612 2379/137/1612 2380/135/1612
f 1267/1287/715 3356/1288/715 3357/1287/715
f 765/926/474 2854/928/474 2855/926/474
f 1056/829/1613 3147/831/1613 1057/831/1613
f 1064/843/1614 3155/844/1614 1065/844/1614
f 801/846/1615 2890/851/1615 2891/846/1615
f 1306/1280/3 3397/1290/3 1307/1290/3
f 892/927/1616 2983/929/1616 893/929/1616
f 169/147/1617 2260/149/1617 170/149/1617
f 1330/1301/902 3421/1300/902 1331/1300/902
f 297/145/1618 2388/153/1618 298/153/1618
f 1314/1314/907 3405/1313/907 1315/1313/907
f 1045/936/1619 3134/938/1619 3135/936/1619
f 2062/1814/1620 4151/1815/1620 4152/1814/1620
f 282/155/1621 2371/160/1621 2372/155/1621
f 1322/1320/919 3413/1319/919 1323/1319/919
f 162/158/1622 2251/161/1622 2252/158/1622
f 1072/853/1623 3163/854/1623 1073/854/1623
f 1338/1322/43 3429/1323/43 1339/1323/43
f 1346/1329/43 3437/1293/43 1347/1293/43
f 900/944/1624 2991/947/1624 901/947/1624
f 154/176/1625 2243/179/1625 2244/176/1625
f 793/864/1626 2882/865/1626 2883/864/1626
f 1434/1333/1627 3525/1306/1627 1435/1306/1627
f 1037/949/1628 3126/951/1628 3127/949/1628
f 1442/1301/1629 3533/1342/1629 1443/1342/1629
f 1427/1345/1630 3516/1346/1630 3517/1345/1630
f 908/962/1631 2999/963/1631 909/963/1631
f 1080/874/1632 3171/877/1632 1081/877/1632
f 1029/966/1633 3118/969/1633 3119/966/1633
f 785/876/1634 2874/878/1634 2875/876/1634
f 1419/1352/285 3508/1353/285 3509/1352/285
f 2013/1801/209 4104/1823/209 2014/1823/209
f 146/191/1635 2235/195/1635 2236/191/1635
f 916/975/1636 3007/976/1636 917/976/1636
f 2054/1822/283 4143/1824/283 4144/1822/283
f 1411/1359/678 3500/1360/678 3501/1359/678
f 2037/1828/824 4128/1827/824 2038/1827/824
f 274/194/1637 2363/203/1637 2364/194/1637
f 1088/892/1638 3179/893/1638 1089/893/1638
f 924/986/1639 3015/987/1639 925/987/1639
f 1096/38/1640 3138/818/1640 1048/818/1640
f 1021/989/1641 3110/990/1641 3111/989/1641
f 2030/1835/827 4119/1836/827 4120/1835/827
f 306/205/84 2395/206/84 2396/205/84
f 776/900/1642 2867/889/1642 777/889/1642
f 1458/1367/1259 3549/1368/1259 1459/1368/1259
f 1013/999/1643 3102/1000/1643 3103/999/1643
f 137/207/1377 2228/202/1377 138/202/1377
f 1466/1377/1644 3557/1379/1644 1467/1379/1644
f 2021/1842/830 4112/1841/830 2022/1841/830
f 880/908/1645 2971/909/1645 881/909/1645
f 1451/1382/1646 3540/1383/1646 3541/1382/1646
f 769/917/1647 2858/920/1647 2859/917/1647
f 1387/1389/1648 3476/1260/1648 3477/1389/1648
f 932/1017/1649 3023/1020/1649 933/1020/1649
f 314/217/91 2403/218/91 2404/217/91
f 1379/1269/1650 3468/1398/1650 3469/1269/1650
f 956/1018/1651 3047/1021/1651 957/1021/1651
f 2045/1857/43 4136/1858/43 2046/1858/43
f 177/192/1652 2268/220/1652 178/220/1652
f 1402/1401/1653 3493/1400/1653 1403/1400/1653
f 1005/1023/1654 3094/1027/1654 3095/1023/1654
f 1845/1868/1655 3936/1869/1655 1846/1869/1655
f 266/230/1656 2355/232/1656 2356/230/1656
f 888/919/1657 2979/921/1657 889/921/1657
f 1394/1408/1658 3485/1407/1658 1395/1407/1658
f 964/1035/1659 3055/1037/1659 965/1037/1659
f 1370/1415/1660 3461/1414/1660 1371/1414/1660
f 1853/1880/1661 3944/1881/1661 1854/1881/1661
f 1981/1884/1662 4072/1882/1662 1982/1882/1662
f 1362/1422/1663 3453/1421/1663 1363/1421/1663
f 940/1046/1664 3031/1050/1664 941/1050/1664
f 185/239/1665 2276/242/1665 186/242/1665
f 896/933/1018 2987/937/1018 897/937/1018
f 996/1054/1666 3087/1052/1666 997/1052/1666
f 1861/1893/1667 3952/1894/1667 1862/1894/1667
f 258/243/1668 2347/247/1668 2348/243/1668
f 1041/943/1669 3130/945/1669 3131/943/1669
f 1354/1429/1670 3445/1428/1670 1355/1428/1670
f 972/1053/1671 3063/1058/1671 973/1058/1671
f 1973/1903/1672 4064/1902/1672 1974/1902/1672
f 226/261/1673 2315/262/1673 2316/261/1673
f 988/1063/1674 3079/1062/1674 989/1062/1674
f 1515/1438/1675 3604/1439/1675 3605/1438/1675
f 980/1071/1676 3071/1073/1676 981/1073/1676
f 250/263/1677 2339/266/1677 2340/263/1677
f 904/955/1678 2995/957/1678 905/957/1678
f 948/1083/13 3039/1002/13 949/1002/13
f 1869/1912/1679 3960/1914/1679 1870/1914/1679
f 1033/956/1680 3122/958/1680 3123/956/1680
f 1965/1916/1681 4056/1913/1681 1966/1913/1681
f 1522/1440/1682 3613/1442/1682 1523/1442/1682
f 193/268/1683 2284/272/1683 194/272/1683
f 1579/1445/1684 3668/1451/1684 3669/1445/1684
f 1172/1088/1685 3263/1090/1685 1173/1090/1685
f 1958/1928/1686 4047/1930/1686 4048/1928/1686
f 218/276/1687 2307/277/1687 2308/276/1687
f 912/968/1688 3003/970/1688 913/970/1688
f 1586/1458/1689 3677/1460/1689 1587/1460/1689
f 1261/1091/1690 3350/1093/1690 3351/1091/1690
f 1025/977/1691 3114/980/1691 3115/977/1691
f 1507/1469/1692 3596/1474/1692 3597/1469/1692
f 1877/1929/1693 3968/1931/1693 1878/1931/1693
f 1124/1104/1694 3215/1106/1694 1125/1106/1694
f 201/294/1695 2292/296/1695 202/296/1695
f 920/981/1696 3011/982/1696 921/982/1696
f 1117/1105/1697 3206/1108/1697 3207/1105/1697
f 1885/1944/1698 3976/1945/1698 1886/1945/1698
f 210/295/1699 2299/297/1699 2300/295/1699
f 1017/994/1700 3106/995/1700 3107/994/1700
f 1571/1472/1701 3660/1476/1701 3661/1472/1701
f 1950/1946/1702 4039/1948/1702 4040/1946/1702
f 242/293/1703 2331/298/1703 2332/293/1703
f 1594/1477/1704 3685/1482/1704 1595/1482/1704
f 1180/1124/1705 3271/1129/1705 1181/1129/1705
f 234/311/1706 2323/312/1706 2324/311/1706
f 928/1005/1707 3019/1007/1707 929/1007/1707
f 1563/1496/1708 3652/1499/1708 3653/1496/1708
f 1893/1957/586 3984/1959/586 1894/1959/586
f 353/315/1709 2444/316/1709 354/316/1709
f 952/1009/1710 3043/1011/1710 953/1011/1710
f 1132/1128/1711 3223/1132/1711 1133/1132/1711
f 1942/1968/1712 4031/1971/1712 4032/1968/1712
f 346/322/1713 2435/323/1713 2436/322/1713
f 1009/1008/1714 3098/1012/1714 3099/1008/1714
f 1109/1131/1715 3198/1134/1715 3199/1131/1715
f 960/1028/1716 3051/1029/1716 961/1029/1716
f 1989/1970/1717 4080/1974/1717 1990/1974/1717
f 1253/1130/1718 3342/1135/1718 3343/1130/1718
f 1941/1971/1719 4102/1975/1719 4031/1971/1719
f 1530/1500/1720 3621/1508/1720 1531/1508/1720
f 321/335/1721 2412/337/1721 322/337/1721
f 936/1030/1722 3027/1033/1722 937/1033/1722
f 1499/1505/1723 3588/1510/1723 3589/1505/1723
f 1901/1973/1724 3992/1976/1724 1902/1976/1724
f 474/336/1725 2563/339/1725 2564/336/1725
f 1001/1039/1726 3090/1043/1726 3091/1039/1726
f 1140/1158/1727 3231/1161/1727 1141/1161/1727
f 337/344/1728 2428/342/1728 338/342/1728
f 968/1044/1729 3059/1045/1729 969/1045/1729
f 1188/1159/1730 3279/1163/1730 1189/1163/1730
f 1909/1992/1731 4000/1993/1731 1910/1993/1731
f 993/1057/1732 3082/1059/1732 3083/1057/1732
f 1602/1506/1733 3693/1512/1733 1603/1512/1733
f 1101/1162/1734 3190/1166/1734 3191/1162/1734
f 2006/1999/1735 4095/2002/1735 4096/1999/1735
f 976/1067/1736 3067/1068/1736 977/1068/1736
f 1555/1514/1737 3644/1515/1737 3645/1514/1737
f 1997/2001/1738 4088/2006/1738 1998/2006/1738
f 329/364/1121 2420/366/1121 330/366/1121
f 984/1076/1739 3075/1074/1739 985/1074/1739
f 1245/1164/1740 3334/1168/1740 3335/1164/1740
f 944/1079/1741 3035/1080/1741 945/1080/1741
f 1547/1529/1742 3636/1532/1742 3637/1529/1742
f 1196/1186/1214 3287/1190/1214 1197/1190/1214
f 1917/2010/1743 4008/2014/1743 1918/2014/1743
f 538/368/1744 2627/369/1744 2628/368/1744
f 1120/1097/1745 3211/1096/1745 1121/1096/1745
f 1539/1533/1137 3628/1530/1137 3629/1533/1137
f 1933/2022/1746 4024/2018/1746 1934/2018/1746
f 1610/1549/1747 3701/1551/1747 1611/1551/1747
f 1237/1191/1748 3326/1196/1748 3327/1191/1748
f 1491/1550/1749 3580/1552/1749 3581/1550/1749
f 1176/1098/1750 3267/1107/1750 1177/1107/1750
f 1257/1109/1751 3346/1115/1751 3347/1109/1751
f 1483/1563/1752 3572/1564/1752 3573/1563/1752
f 1148/1193/1753 3239/1200/1753 1149/1200/1753
f 1926/2034/1754 4015/2033/1754 4016/2034/1754
f 1165/1201/1755 3254/1207/1755 3255/1201/1755
f 111/9/1756 2200/10/1756 2201/9/1756
f 1128/1116/1757 3219/1118/1757 1129/1118/1757
f 1113/1117/1758 3202/1121/1758 3203/1117/1758
f 1618/1567/1759 3709/1569/1759 1619/1569/1759
f 119/4/54 2208/16/54 2209/4/54
f 1626/1583/1760 3717/1584/1760 1627/1584/1760
f 103/23/1761 2192/25/1761 2193/23/1761
f 530/376/1762 2619/377/1762 2620/376/1762
f 1475/1585/1763 3564/1588/1763 3565/1585/1763
f 1204/1209/1764 3295/1210/1764 1205/1210/1764
f 1229/1216/1765 3318/1220/1765 3319/1216/1765
f 1136/1142/1766 3227/1146/1766 1137/1146/1766
f 1658/1595/1767 3749/1596/1767 1659/1596/1767
f 126/26/1768 2217/28/1768 127/28/1768
f 1184/1143/1769 3275/1147/1769 1185/1147/1769
f 95/37/1770 2184/39/1770 2185/37/1770
f 466/380/1771 2555/382/1771 2556/380/1771
f 1105/1145/1772 3194/1149/1772 3195/1145/1772
f 1666/1607/1773 3757/1609/1773 1667/1609/1773
f 1156/1235/1774 3247/1238/1774 1157/1238/1774
f 1634/1608/1775 3725/1612/1775 1635/1612/1775
f 545/381/1776 2636/383/1776 546/383/1776
f 1249/1148/1777 3338/1152/1777 3339/1148/1777
f 1683/1623/872 3772/1625/872 3773/1623/872
f 1212/1239/1778 3303/1241/1778 1213/1241/1778
f 6/47/1779 2097/48/1779 7/48/1779
f 458/103/1780 2547/396/1780 2548/103/1780
f 1674/1624/1781 3765/1627/1781 1675/1627/1781
f 1220/1244/1782 3311/1242/1782 1221/1242/1782
f 14/53/43 2105/52/43 15/52/43
f 1292/1251/161 3383/1252/161 1293/1252/161
f 450/408/1783 2539/409/1783 2540/408/1783
f 1144/1173/1784 3235/1177/1784 1145/1177/1784
f 1642/1637/1785 3733/1638/1785 1643/1638/1785
f 1300/1258/179 3391/1259/179 1301/1259/179
f 1192/1175/1786 3283/1178/1786 1193/1178/1786
f 1285/1269/181 3374/1270/181 3375/1269/181
f 1650/1645/1787 3741/1646/1787 1651/1646/1787
f 22/66/1788 2113/71/1788 23/71/1788
f 481/410/1789 2572/413/1789 482/413/1789
f 1241/1179/1790 3330/1182/1790 3331/1179/1790
f 1722/1659/548 3813/1661/548 1723/1661/548
f 1276/1277/1791 3367/1276/1791 1277/1276/1791
f 87/67/1792 2176/72/1792 2177/67/1792
f 522/414/1793 2611/418/1793 2612/414/1793
f 1778/1662/253 3869/1664/253 1779/1664/253
f 63/79/1794 2152/81/1794 2153/79/1794
f 442/426/1795 2531/428/1795 2532/426/1795
f 1771/1651/1597 3860/1670/1597 3861/1651/1597
f 1269/1285/1796 3358/1286/1796 3359/1285/1796
f 489/438/1797 2580/441/1797 490/441/1797
f 1200/1197/1798 3291/1199/1798 1201/1199/1798
f 30/91/1799 2121/94/1799 31/94/1799
f 514/443/1800 2603/446/1800 2604/443/1800
f 1233/1204/1801 3322/1208/1801 3323/1204/1801
f 1715/1669/1278 3804/1674/1278 3805/1669/1278
f 1348/1292/13 3439/1289/13 1349/1289/13
f 55/93/1802 2144/95/1802 2145/93/1802
f 434/445/1803 2523/447/1803 2524/445/1803
f 1308/1291/13 3399/1294/13 1309/1294/13
f 79/103/1804 2168/108/1804 2169/103/1804
f 1152/1218/1805 3243/1222/1805 1153/1222/1805
f 1332/1299/239 3423/20/239 1333/20/239
f 46/114/1806 2137/111/1806 47/111/1806
f 1208/1221/1807 3299/1225/1807 1209/1225/1807
f 1324/1307/1808 3415/1306/1808 1325/1306/1808
f 1161/1223/1809 3250/1228/1809 3251/1223/1809
f 1763/1690/1810 3852/1692/1810 3853/1690/1810
f 1316/103/247 3407/1312/247 1317/1312/247
f 361/466/1811 2452/470/1811 362/470/1811
f 497/472/1812 2588/477/1812 498/477/1812
f 1707/1693/1813 3796/1695/1813 3797/1693/1813
f 1340/1324/43 3431/1325/43 1341/1325/43
f 38/115/1814 2129/119/1814 39/119/1814
f 1225/1230/1815 3314/1233/1815 3315/1230/1815
f 1436/1334/1816 3527/1335/1816 1437/1335/1816
f 70/129/1817 2161/128/1817 71/128/1817
f 506/478/1818 2595/20/1818 2596/478/1818
f 1699/1705/1819 3788/1706/1819 3789/1705/1819
f 1444/1343/808 3535/1344/808 1445/1344/808
f 294/136/1820 2385/139/1820 295/139/1820
f 1216/1248/1821 3307/1249/1821 1217/1249/1821
f 1429/1341/1822 3518/1309/1822 3519/1341/1822
f 287/140/1823 2376/141/1823 2377/140/1823
f 369/483/401 2460/484/401 370/484/401
f 1296/1255/193 3387/1256/193 1297/1256/193
f 1730/1679/209 3821/1710/209 1731/1710/209
f 426/480/1824 2515/485/1824 2516/480/1824
f 1304/1264/199 3395/1265/199 1305/1265/199
f 1754/1401/1825 3845/1713/1825 1755/1713/1825
f 1421/1313/1826 3510/1351/1826 3511/1313/1826
f 1289/1263/201 3378/1266/201 3379/1263/201
f 166/151/1827 2257/150/1827 167/150/1827
f 1747/1724/1828 3836/1725/1828 3837/1724/1828
f 1413/1357/1829 3502/1358/1829 3503/1357/1829
f 1281/1272/212 3370/1273/212 3371/1272/212
f 159/166/1830 2248/168/1830 2249/166/1830
f 1460/1369/1831 3551/1370/1831 1461/1370/1831
f 1272/1282/1832 3363/1281/1832 1273/1281/1832
f 1453/1375/1833 3542/1378/1833 3543/1375/1833
f 377/500/1834 2468/502/1834 378/502/1834
f 1738/1734/1835 3829/1735/1835 1739/1735/1835
f 417/507/13 2508/506/13 418/506/13
f 279/167/1836 2368/173/1836 2369/167/1836
f 410/513/311 2499/514/311 2500/513/311
f 1328/1303/217 3419/1302/217 1329/1302/217
f 401/521/1837 2492/520/1837 402/520/1837
f 1321/1308/221 3410/1309/221 3411/1308/221
f 1802/1746/686 3893/1745/686 1803/1745/686
f 174/171/1838 2265/177/1838 175/177/1838
f 394/530/1839 2483/531/1839 2484/530/1839
f 1312/1316/223 3403/1315/223 1313/1315/223
f 1468/1380/1840 3559/1381/1840 1469/1381/1840
f 151/183/1841 2240/185/1841 2241/183/1841
f 386/538/1842 2475/539/1842 2476/538/1842
f 1336/1296/43 3427/1321/43 1337/1321/43
f 1794/1751/688 3885/1750/688 1795/1750/688
f 753/547/1843 2844/548/1843 754/548/1843
f 1344/1328/43 3435/1295/43 1345/1295/43
f 1388/1388/1844 3479/1387/1844 1389/1387/1844
f 633/561/1845 2724/559/1845 634/559/1845
f 1432/1331/1846 3523/1332/1846 1433/1332/1846
f 1786/1718/690 3877/1757/690 1787/1757/690
f 1381/1394/1847 3470/1397/1847 3471/1394/1847
f 302/180/1848 2393/186/1848 303/186/1848
f 1440/1338/865 3531/1340/865 1441/1340/865
f 1396/1406/1849 3487/1405/1849 1397/1405/1849
f 142/198/1737 2233/197/1737 143/197/1737
f 641/563/1850 2732/567/1850 642/567/1850
f 1424/1348/1851 3515/1347/1851 1425/1347/1851
f 1818/1764/1852 3909/1767/1852 1819/1767/1852
f 1372/1273/1853 3463/1413/1853 1373/1413/1853
f 761/571/407 2852/38/407 762/38/407
f 1834/1771/1765 3925/1770/1765 1835/1770/1765
f 311/212/712 2400/213/712 2401/212/712
f 626/573/1854 2715/576/1854 2716/573/1854
f 1416/1355/1791 3507/1354/1791 1417/1354/1791
f 1810/1738/43 3901/1776/43 1811/1776/43
f 1364/1420/1855 3455/1278/1855 1365/1278/1855
f 135/211/1742 2224/214/1742 2225/211/1742
f 1827/1782/1856 3916/1784/1856 3917/1782/1856
f 1409/1362/1796 3498/1363/1796 3499/1362/1796
f 2082/1791/193 4173/1792/193 2083/1792/193
f 1356/1427/1857 3447/1426/1857 1357/1426/1857
f 625/576/1858 2852/38/1858 2715/576/1858
f 2075/1800/793 4164/1802/793 4165/1800/793
f 1457/1366/1859 3546/1324/1859 3547/1366/1859
f 2067/1809/801 4156/1810/801 4157/1809/801
f 1404/1431/43 3495/1365/43 1405/1365/43
f 271/223/1860 2360/224/1860 2361/223/1860
f 2059/1817/633 4148/1818/633 4149/1817/633
f 1517/1435/1861 3606/1436/1861 3607/1435/1861
f 2035/1830/902 4124/1831/902 4125/1830/902
f 577/578/1862 2668/580/1862 578/580/1862
f 1464/1374/1863 3555/1376/1863 1465/1376/1863
f 745/593/507 2836/590/507 746/590/507
f 1449/1297/1864 3538/1384/1864 3539/1297/1864
f 2019/1844/907 4108/1845/907 4109/1844/907
f 182/231/1865 2273/234/1865 183/234/1865
f 649/602/1866 2740/606/1866 650/606/1866
f 1385/1390/1867 3474/1391/1867 3475/1390/1867
f 1581/1448/1868 3670/1449/1868 3671/1448/1868
f 263/235/1869 2352/236/1869 2353/235/1869
f 2026/1850/919 4117/1849/919 2027/1849/919
f 230/245/209 2321/246/209 231/246/209
f 255/250/41 254/252/41 2344/252/41
f 570/603/42 569/609/42 2659/609/42
f 2042/1854/43 4132/1854/43 4133/1855/43
f 2050/1862/44 4140/1862/44 4141/1826/44
f 1842/1865/45 3932/1865/45 3933/1866/45
f 1524/1446/46 3614/1446/46 3615/1461/46
f 190/256/47 2280/256/47 2281/260/47
f 738/610/48 737/611/48 2827/611/48
f 1400/1258/49 3490/1258/49 3491/1402/49
f 1509/1455/50 1508/1464/50 3598/1464/50
f 223/265/51 222/267/51 2312/267/51
f 1392/1409/52 3482/1409/52 3483/1254/52
f 1850/1875/1870 3940/1875/1870 3941/1876/1870
f 1377/1399/54 1376/1410/54 3466/1410/54
f 247/274/55 246/278/55 2336/278/55
f 585/607/56 2675/607/56 2676/613/56
f 1368/1417/57 3458/1417/57 3459/1416/57
f 1588/1463/58 3678/1463/58 3679/1465/58
f 730/626/59 729/627/59 2819/627/59
f 1858/1888/60 3948/1888/60 3949/1890/60
f 1360/1424/61 3450/1424/61 3451/1423/61
f 1978/1892/62 4068/1892/62 4069/1889/62
f 1573/1466/63 1572/1468/63 3662/1468/63
f 215/283/64 214/286/64 2304/286/64
f 562/643/65 561/646/65 2651/646/65
f 1596/1484/66 3686/1484/66 3687/1488/66
f 1352/1395/67 3442/1395/67 3443/1430/67
f 1565/1490/68 1564/1494/68 3654/1494/68
f 198/284/69 2288/284/69 2289/288/69
f 593/645/70 2683/645/70 2684/647/70
f 1520/1434/71 3610/1434/71 3611/1437/71
f 1501/1497/72 1500/1501/72 3590/1501/72
f 206/303/73 2296/303/73 2297/301/73
f 1513/1441/74 1512/1443/74 3602/1443/74
f 657/648/75 2747/648/75 2748/652/75
f 239/306/76 238/307/76 2328/307/76
f 1584/1454/77 3674/1454/77 3675/1456/77
f 1867/1906/78 1866/1901/78 3956/1901/78
f 1557/1511/79 1556/1513/79 3646/1513/79
f 351/317/80 350/318/80 2440/318/80
f 554/665/81 553/3/81 2643/3/81
f 1577/1453/82 1576/1457/82 3666/1457/82
f 1970/1907/83 4060/1907/83 4061/1905/83
f 1533/1523/84 1532/1524/84 3622/1524/84
f 1592/1471/85 3682/1471/85 3683/1475/85
f 1962/1921/86 4052/1921/86 4053/1920/86
f 1548/1527/87 3638/1527/87 3639/1525/87
f 342/326/1871 2432/326/1871 2433/325/1871
f 601/667/89 2691/667/89 2692/668/89
f 1569/1478/90 1568/1481/90 3658/1481/90
f 1541/1535/91 1540/1536/91 3630/1536/91
f 553/3/92 624/669/92 2714/669/92
f 1505/1479/93 1504/1485/93 3594/1485/93
f 665/674/94 2755/674/94 2756/675/94
f 1604/1518/95 3694/1518/95 3695/1540/95
f 318/328/96 2408/328/96 2409/329/96
f 1874/1922/97 3964/1922/97 3965/1925/97
f 1493/1547/98 1492/1548/98 3582/1548/98
f 470/348/99 2560/348/99 2561/345/99
f 618/691/100 617/694/100 2707/694/100
f 1955/1934/101 1954/1936/101 4044/1936/101
f 1612/1554/102 3702/1554/102 3703/1556/102
f 335/350/103 334/352/103 2424/352/103
f 673/692/104 2763/692/104 2764/695/104
f 1528/1486/105 3618/1486/105 3619/1493/105
f 1882/1938/106 3972/1938/106 3973/1940/106
f 1485/1560/107 1484/1561/107 3574/1561/107
f 1600/1498/108 3690/1498/108 3691/1503/108
f 1561/1502/109 1560/1504/109 3650/1504/109
f 609/693/110 2699/693/110 2700/698/110
f 1552/1519/111 3642/1519/111 3643/1517/111
f 1890/1952/112 3980/1952/112 3981/1954/112
f 1620/1570/113 3710/1570/113 3711/1572/113
f 326/349/114 2416/349/114 2417/355/114
f 697/703/115 2787/703/115 2788/697/115
f 1947/1953/116 1946/1956/116 4036/1956/116
f 1477/1580/117 1476/1582/117 3566/1582/117
f 542/357/118 2632/357/118 2633/362/118
f 689/720/119 2779/720/119 2780/719/119
f 1986/1872/120 4076/1872/120 4077/1963/120
f 535/371/121 534/372/121 2624/372/121
f 1537/1531/122 1536/1528/122 3626/1528/122
f 527/379/54 526/385/54 2616/385/54
f 1544/811/123 3634/811/123 3635/1534/123
f 463/387/124 462/388/124 2552/388/124
f 681/716/125 2771/716/125 2772/722/125
f 1497/1516/126 1496/1539/126 3586/1539/126
f 1898/1966/127 3988/1966/127 3989/1969/127
f 1628/1586/128 3718/1586/128 3719/1587/128
f 705/735/129 2795/735/129 2796/734/129
f 2011/1979/130 2010/1983/130 4100/1983/130
f 1660/1597/131 3750/1597/131 3751/1598/131
f 1668/1611/132 3758/1611/132 3759/1614/132
f 550/394/133 2640/394/133 2641/395/133
f 713/741/1872 2803/741/1872 2804/742/1872
f 1906/1984/135 3996/1984/135 3997/1985/135
f 455/398/136 454/399/136 2544/399/136
f 1608/1544/137 3698/1544/137 3699/1546/137
f 1994/1990/138 4084/1990/138 4085/1994/138
f 721/749/139 2811/749/139 2812/750/139
f 1489/1553/140 1488/1555/140 3578/1555/140
f 1685/1617/141 1684/1619/141 3774/1619/141
f 1938/2004/142 4028/2004/142 4029/1989/142
f 552/38/143 2642/38/143 2568/400/143
f 1636/1616/144 3726/1616/144 3727/1621/144
f 478/400/145 2568/400/145 2569/403/145
f 1616/1565/146 3706/1565/146 3707/1074/146
f 1676/1629/147 3766/1629/147 3767/1630/147
f 447/415/148 446/417/148 2536/417/148
f 1481/1566/149 1480/1568/149 3570/1568/149
f 1914/2003/150 4004/2003/150 4005/2008/150
f 850/758/151 849/759/151 2939/759/151
f 2003/2013/152 2002/2016/152 4092/2016/152
f 1644/1639/153 3734/1639/153 3735/1640/153
f 519/425/154 518/429/154 2608/429/154
f 1930/2026/155 4020/2026/155 4021/2025/155
f 1652/1647/13 3742/1647/13 3743/1576/13
f 486/427/156 2576/427/156 2577/431/156
f 1717/1649/157 1716/1648/157 3806/1648/157
f 439/433/158 438/435/158 2528/435/158
f 1624/1579/159 3714/1579/159 3715/1581/159
f 1473/1589/160 1472/1591/160 3562/1591/160
f 1772/1652/161 3862/1652/161 3863/1653/161
f 511/453/162 510/456/162 2600/456/162
f 1923/2030/163 1922/2028/163 4012/2028/163
f 431/454/164 430/457/164 2520/457/164
f 115/1/165 2205/1/165 2206/2/165
f 1656/1592/166 3746/1592/166 3747/1594/166
f 108/12/167 107/13/167 2197/13/167
f 494/455/1873 2584/455/1873 2585/460/1873
f 842/766/169 841/767/169 2931/767/169
f 1632/1599/170 3722/1599/170 3723/1604/170
f 1664/1603/171 3754/1603/171 3755/1605/171
f 358/461/172 2448/461/172 2449/464/172
f 1689/1602/173 1688/1606/173 3778/1606/173
f 123/19/174 2213/19/174 2214/22/174
f 1724/1663/175 3814/1663/175 3815/1665/175
f 1672/1620/176 3762/1620/176 3763/1622/176
f 100/29/177 99/30/177 2189/30/177
f 1681/1628/178 1680/1631/178 3770/1631/178
f 1780/1666/179 3870/1666/179 3871/1668/179
f 366/476/180 2456/476/180 2457/479/180
f 1764/1688/181 3854/1688/181 3855/1686/181
f 502/494/182 2592/494/182 2593/491/182
f 1640/1635/183 3730/1635/183 3731/1636/183
f 1708/1691/184 3798/1691/184 3799/1689/184
f 834/774/185 833/775/185 2923/775/185
f 1648/1643/186 3738/1643/186 3739/1644/186
f 3/43/187 2093/43/187 2094/45/187
f 374/495/188 2464/495/188 2465/497/188
f 1720/1656/189 3810/1656/189 3811/1657/189
f 11/56/190 2101/56/190 2102/55/190
f 1700/1704/191 3790/1704/191 3791/1703/191
f 423/496/192 422/499/192 2512/499/192
f 1776/1658/193 3866/1658/193 3867/1660/193
f 415/509/1874 414/510/1874 2504/510/1874
f 1728/1675/195 3818/1675/195 3819/1677/195
f 92/42/196 91/59/196 2181/59/196
f 1757/1711/197 1756/1712/197 3846/1712/197
f 406/517/1875 2496/517/1875 2497/516/1875
f 1784/1678/199 3874/1678/199 3875/1680/199
f 398/524/1876 2488/524/1876 2489/523/1876
f 1769/1673/201 1768/1681/201 3858/1681/201
f 1749/1720/202 1748/1722/202 3838/1722/202
f 391/533/1877 390/534/1877 2480/534/1877
f 19/60/204 2109/60/204 2110/62/204
f 383/541/205 382/542/205 2472/542/205
f 1713/1682/206 1712/1417/206 3802/1417/206
f 1693/1721/207 1692/1723/207 3782/1723/207
f 751/545/208 750/544/208 2840/544/208
f 825/754/209 2915/754/209 2916/782/209
f 84/77/210 83/83/210 2173/83/210
f 818/789/211 817/791/211 2907/791/211
f 1761/1694/212 1760/1696/212 3850/1696/212
f 27/80/213 2117/80/213 2118/85/213
f 1732/1727/214 3822/1727/214 3823/1390/214
f 1705/1697/215 1704/1699/215 3794/1699/215
f 59/86/216 2149/86/216 2150/84/216
f 1813/1729/54 1812/1737/54 3902/1737/54
f 1804/1744/217 3894/1744/217 3895/1743/217
f 857/792/218 2947/792/218 2948/793/218
f 1697/1707/219 1696/1708/219 3786/1708/219
f 52/99/220 51/102/220 2141/102/220
f 1796/1334/221 3886/1334/221 3887/1749/221
f 1753/1714/222 1752/1715/222 3842/1715/222
f 1789/1074/223 1788/1756/223 3878/1756/223
f 758/552/224 2848/552/224 2849/553/224
f 866/802/225 865/801/225 2955/801/225
f 1745/1726/226 1744/1728/226 3834/1728/226
f 35/107/227 2125/107/227 2126/110/227
f 638/556/228 2728/556/228 2729/557/228
f 873/810/1878 2963/810/1878 2964/811/1878
f 43/120/230 2133/120/230 2134/117/230
f 1049/813/231 3139/813/231 3140/817/231
f 1740/811/232 3830/811/232 3831/1758/232
f 631/564/233 630/566/233 2720/566/233
f 810/824/234 809/826/234 2899/826/234
f 1736/1732/235 3826/1732/235 3827/1733/235
f 76/118/236 75/124/236 2165/124/236
f 1836/1769/1879 3926/1769/1879 3927/1762/1879
f 520/421/238 519/425/238 2609/425/238
f 1808/1740/239 3898/1740/239 3899/1739/239
f 440/430/240 439/433/240 2529/433/240
f 1057/831/241 3147/831/241 3148/833/241
f 1066/845/242 1065/844/242 3155/844/242
f 1800/1748/243 3890/1748/243 3891/1747/243
f 575/583/244 574/586/244 2664/586/244
f 802/841/245 801/846/245 2891/846/245
f 487/431/246 2577/431/246 2578/434/246
f 1792/1753/247 3882/1753/247 3883/1752/247
f 1820/1768/248 3910/1768/248 3911/1773/248
f 512/450/249 511/453/249 2601/453/249
f 1829/1779/250 1828/1781/250 3918/1781/250
f 646/587/251 2736/587/251 2737/591/251
f 432/451/252 431/454/252 2521/454/252
f 2084/1793/1880 4174/1793/1880 4175/1794/1880
f 67/70/13 2157/70/13 2158/131/13
f 2077/1786/1215 2076/1797/1215 4166/1797/1215
f 292/133/255 291/132/255 2381/132/255
f 1073/854/256 3163/854/256 3164/855/256
f 1816/1763/257 3906/1763/257 3907/1375/257
f 582/592/258 2672/592/258 2673/597/258
f 359/464/259 2449/464/259 2450/465/259
f 794/862/260 793/864/260 2883/864/260
f 1832/1774/261 3922/1774/261 3923/1772/261
f 284/144/262 283/146/262 2373/146/262
f 743/599/263 742/600/263 2832/600/263
f 495/460/264 2585/460/264 2586/467/264
f 2069/1807/265 2068/1808/265 4158/1808/265
f 734/618/266 2824/618/266 2825/617/266
f 786/875/1881 785/876/1881 2875/876/1881
f 2060/1816/268 4150/1816/268 4151/1815/268
f 567/619/269 566/625/269 2656/625/269
f 367/479/270 2457/479/270 2458/481/270
f 1824/1783/271 3914/1783/271 3915/1785/271
f 163/157/272 2253/157/272 2254/156/272
f 2053/1824/273 2052/1825/273 4142/1825/273
f 504/488/274 503/491/274 2593/491/274
f 2080/1789/275 4170/1789/275 4171/1790/275
f 2036/1829/239 4126/1829/239 4127/1828/239
f 423/496/276 2513/496/276 2514/492/276
f 1081/877/277 3171/877/277 3172/879/277
f 2088/1798/665 4178/1798/665 4179/1799/665
f 171/154/279 2261/154/279 2262/159/279
f 777/889/280 2867/889/280 2868/888/280
f 2073/1803/281 2072/1804/281 4162/1804/281
f 299/162/282 2389/162/282 2390/169/282
f 2028/1837/1808 4118/1837/1808 4119/1836/1808
f 727/632/283 726/634/283 2816/634/283
f 375/497/1882 2465/497/1882 2466/498/1882
f 2065/1811/285 2064/1812/285 4154/1812/285
f 156/172/286 155/175/286 2245/175/286
f 415/509/287 2505/509/287 2506/508/287
f 2057/1819/59 2056/1820/59 4146/1820/59
f 2020/1843/247 4110/1843/247 4111/1842/247
f 407/516/288 2497/516/288 2498/515/288
f 2032/1833/217 4122/1833/217 4123/1832/217
f 276/182/289 275/188/289 2365/188/289
f 590/633/290 2680/633/290 2681/638/290
f 400/522/291 399/523/291 2489/523/291
f 148/189/292 147/190/292 2237/190/292
f 654/635/293 2744/635/293 2745/642/293
f 391/533/294 2481/533/294 2482/532/294
f 2024/1839/1883 4114/1839/1883 4115/1838/1883
f 2044/1856/43 4134/1856/43 4135/1857/43
f 559/651/295 558/654/295 2648/654/295
f 384/540/296 383/541/296 2473/541/296
f 140/200/297 139/201/297 2229/201/297
f 1844/1867/298 3934/1867/298 3935/1868/298
f 751/545/299 2841/545/299 2842/546/299
f 1089/893/1884 3179/893/1884 3180/894/1884
f 2016/1847/223 4106/1847/223 4107/1846/223
f 639/557/301 2729/557/301 2730/560/301
f 308/208/302 307/204/302 2397/204/302
f 631/564/303 2721/564/303 2722/562/303
f 316/38/304 315/219/304 2405/219/304
f 1852/1878/305 3942/1878/305 3943/1880/305
f 598/658/306 2688/658/306 2689/661/306
f 2040/1852/43 4130/1852/43 4131/1853/43
f 1980/1887/307 4070/1887/307 4071/1884/307
f 662/666/308 2752/666/308 2753/670/308
f 759/553/309 2849/553/309 2850/565/309
f 623/673/310 622/677/310 2712/677/310
f 576/581/311 575/583/311 2665/583/311
f 2048/1860/43 4138/1860/43 4139/1861/43
f 1840/1863/3 3930/1863/3 3931/1864/3
f 179/222/312 2269/222/312 2270/225/312
f 1860/1891/1885 3950/1891/1885 3951/1893/1885
f 647/591/314 2737/591/314 2738/596/314
f 268/227/315 267/229/315 2357/229/315
f 1972/1904/316 4062/1904/316 4063/1903/316
f 1848/1871/317 3938/1871/317 3939/1873/317
f 260/240/318 259/241/318 2349/241/318
f 606/683/319 2696/683/319 2697/686/319
f 743/599/320 2833/599/320 2834/595/320
f 881/909/321 2971/909/321 2972/910/321
f 1984/1877/322 4074/1877/322 4075/1874/322
f 670/685/323 2760/685/323 2761/688/323
f 770/914/324 769/917/324 2859/917/324
f 1868/1910/325 3958/1910/325 3959/1912/325
f 678/707/326 2768/707/326 2769/708/326
f 1857/1886/1886 1856/1885/1886 3946/1885/1886
f 1964/1919/328 4054/1919/328 4055/1916/328
f 694/710/1887 2784/710/1887 2785/709/1887
f 583/597/330 2673/597/330 2674/601/330
f 187/248/331 2277/248/331 2278/251/331
f 615/706/332 614/712/332 2704/712/332
f 736/615/333 735/617/333 2825/617/333
f 252/255/334 251/258/334 2341/258/334
f 568/614/335 567/619/335 2657/619/335
f 889/921/336 2979/921/336 2980/923/336
f 1864/1896/1888 3954/1896/1888 3955/1898/1888
f 228/257/338 227/259/338 2317/259/338
f 1876/1927/339 3966/1927/339 3967/1929/339
f 1976/1899/340 4066/1899/340 4067/1897/340
f 1957/1930/341 1956/1932/341 4046/1932/341
f 686/727/342 2776/727/342 2777/724/342
f 1968/1909/343 4058/1909/343 4059/1908/343
f 220/271/344 219/273/344 2309/273/344
f 710/730/345 2800/730/345 2801/729/345
f 728/630/346 727/632/346 2817/632/346
f 897/937/347 2987/937/347 2988/939/347
f 702/738/348 2792/738/348 2793/737/348
f 1042/942/349 1041/943/349 3131/943/349
f 1872/1917/350 3962/1917/350 3963/1918/350
f 1884/1942/351 3974/1942/351 3975/1944/351
f 591/638/352 2681/638/352 2682/640/352
f 1034/953/353 1033/956/353 3123/956/353
f 1961/1923/354 1960/1924/354 4050/1924/354
f 1949/1948/355 1948/1951/355 4038/1951/355
f 718/746/1889 2808/746/1889 2809/747/1889
f 655/642/357 2745/642/357 2746/644/357
f 195/275/358 2285/275/358 2286/279/358
f 846/762/359 2936/762/359 2937/761/359
f 560/649/360 559/651/360 2649/651/360
f 244/285/361 243/289/361 2333/289/361
f 839/769/362 838/770/362 2928/770/362
f 905/957/363 2995/957/363 2996/959/363
f 1880/1935/364 3970/1935/364 3971/1937/364
f 212/290/365 211/292/365 2301/292/365
f 1892/1955/366 3982/1955/366 3983/1957/366
f 831/777/367 830/778/367 2920/778/367
f 1953/1939/368 1952/1941/368 4042/1941/368
f 1988/1967/369 4078/1967/369 4079/1970/369
f 823/752/370 822/783/370 2912/783/370
f 913/970/371 3003/970/371 3004/971/371
f 599/661/372 2689/661/372 2690/664/372
f 1026/974/373 1025/977/373 3115/977/373
f 1888/1949/374 3978/1949/374 3979/1950/374
f 203/299/375 2293/299/375 2294/302/375
f 1900/1972/376 3990/1972/376 3991/1973/376
f 854/784/377 2944/784/377 2945/787/377
f 663/670/378 2753/670/378 2754/671/378
f 1945/1958/379 1944/1961/379 4034/1961/379
f 236/309/380 235/310/380 2325/310/380
f 862/798/381 2952/798/381 2953/799/381
f 624/669/382 623/673/382 2713/673/382
f 921/982/383 3011/982/383 3012/983/383
f 348/320/1890 347/321/1890 2437/321/1890
f 870/807/1891 2960/807/1891 2961/808/1891
f 1018/993/386 1017/994/386 3107/994/386
f 1908/1988/387 3998/1988/387 3999/1992/387
f 815/804/388 814/815/388 2904/815/388
f 1896/1962/389 3986/1962/389 3987/1965/389
f 476/330/390 475/333/390 2565/333/390
f 1996/1998/391 4086/1998/391 4087/2001/391
f 1010/1006/392 1009/1008/392 3099/1008/392
f 340/334/393 339/338/393 2429/338/393
f 2005/2002/394 2004/2007/394 4094/2007/394
f 1054/825/395 3144/825/395 3145/827/395
f 1904/1980/396 3994/1980/396 3995/1981/396
f 807/830/397 806/832/397 2896/832/397
f 671/688/398 2761/688/398 2762/689/398
f 929/1007/399 3019/1007/399 3020/1010/399
f 1992/1982/400 4082/1982/400 4083/1986/400
f 1916/2009/401 4006/2009/401 4007/2010/401
f 607/686/402 2697/686/402 2698/690/402
f 953/1011/403 3043/1011/403 3044/1013/403
f 2009/1987/404 2008/1991/404 4098/1991/404
f 1932/2024/405 4022/2024/405 4023/2022/405
f 616/699/406 615/706/406 2705/706/406
f 961/1029/407 3051/1029/407 3052/1032/407
f 323/340/408 2413/340/408 2414/343/408
f 1062/840/409 3152/840/409 3153/842/409
f 540/354/1892 539/358/1892 2629/358/1892
f 1070/850/411 3160/850/411 3161/852/411
f 1912/1997/412 4002/1997/412 4003/2000/412
f 331/363/413 2421/363/413 2422/361/413
f 799/856/414 798/857/414 2888/857/414
f 937/1033/415 3027/1033/415 3028/1038/415
f 1937/2005/416 1936/2011/416 4026/2011/416
f 1924/2031/417 4014/2031/417 4015/2033/417
f 695/709/61 2785/709/61 2786/704/61
f 1002/1036/418 1001/1039/418 3091/1039/418
f 468/360/419 467/365/419 2557/365/419
f 110/10/420 109/11/420 2199/11/420
f 791/867/421 790/868/421 2880/868/421
f 679/708/422 2769/708/422 2770/713/422
f 969/1045/423 3059/1045/423 3060/1048/423
f 688/721/424 687/724/424 2777/724/424
f 993/1057/425 3083/1057/425 3084/1056/425
f 125/24/426 2215/24/426 2216/26/426
f 711/729/427 2801/729/427 2802/728/427
f 977/1068/1893 3067/1068/1893 3068/1069/1893
f 532/374/429 531/375/429 2621/375/429
f 102/25/430 101/27/430 2191/27/430
f 1078/869/431 3168/869/431 3169/871/431
f 703/737/432 2793/737/432 2794/736/432
f 986/1072/433 985/1074/433 3075/1074/433
f 2000/2019/434 4090/2019/434 4091/2021/434
f 547/386/435 2637/386/435 2638/389/435
f 783/880/436 782/881/436 2872/881/436
f 1920/2020/437 4010/2020/437 4011/2023/437
f 460/392/438 459/393/438 2549/393/438
f 719/747/439 2809/747/439 2810/748/439
f 945/1080/440 3035/1080/440 3036/1081/440
f 1928/2029/441 4018/2029/441 4019/2027/441
f 131/38/442 2221/38/442 2207/40/442
f 823/752/443 2913/752/443 2914/753/443
f 1169/1084/444 1264/38/444 3354/38/444
f 94/39/445 93/41/445 2183/41/445
f 1086/890/1894 3176/890/1894 3177/891/1894
f 1169/1084/447 3259/1084/447 3260/1085/447
f 452/402/448 451/405/448 2541/405/448
f 1094/898/1895 3184/898/1895 3185/899/1895
f 775/901/450 774/902/450 2864/902/450
f 848/760/451 847/761/451 2937/761/451
f 117/40/3 2207/40/3 2208/16/3
f 840/768/452 839/769/452 2929/769/452
f 524/407/453 523/411/453 2613/411/453
f 878/905/454 2968/905/454 2969/906/454
f 832/776/455 831/777/455 2921/777/455
f 1121/1096/1896 3211/1096/1896 3212/1100/1896
f 483/416/457 2573/416/457 2574/420/457
f 5/46/458 2095/46/458 2096/47/458
f 886/916/459 2976/916/459 2977/918/459
f 1258/1099/460 1257/1109/460 3347/1109/460
f 444/422/461 443/424/461 2533/424/461
f 13/54/462 2103/54/462 2104/53/462
f 767/922/463 766/924/463 2856/924/463
f 856/790/464 855/787/464 2945/787/464
f 1177/1107/465 3267/1107/465 3268/1113/465
f 863/799/1897 2953/799/1897 2954/800/1897
f 1114/1114/467 1113/1117/467 3203/1117/467
f 516/436/468 515/439/468 2605/439/468
f 816/797/469 815/804/469 2905/804/469
f 436/440/470 435/442/470 2525/442/470
f 21/64/471 2111/64/471 2112/66/471
f 894/931/472 2984/931/472 2985/932/472
f 86/72/473 85/75/473 2175/75/473
f 1047/930/474 1046/935/474 3136/935/474
f 491/444/475 2581/444/475 2582/448/475
f 62/81/476 61/82/476 2151/82/476
f 1039/946/477 1038/948/477 3128/948/477
f 1129/1118/478 3219/1118/478 3220/1122/478
f 1106/1141/479 1105/1145/479 3195/1145/479
f 871/808/1898 2961/808/1898 2962/809/1898
f 29/88/481 2119/88/481 2120/91/481
f 355/449/482 2445/449/482 2446/458/482
f 54/95/483 53/97/483 2143/97/483
f 902/950/484 2992/950/484 2993/954/484
f 1250/1144/485 1249/1148/485 3339/1148/485
f 1031/961/486 1030/964/486 3120/964/486
f 363/471/487 2453/471/487 2454/80/487
f 78/108/488 77/112/488 2167/112/488
f 1137/1146/489 3227/1146/489 3228/1150/489
f 508/468/490 507/473/490 2597/473/490
f 1055/827/491 3145/827/491 3146/829/491
f 1185/1147/492 3275/1147/492 3276/1151/492
f 428/469/493 427/474/493 2517/474/493
f 37/113/494 2127/113/494 2128/115/494
f 910/965/495 3000/965/495 3001/967/495
f 808/828/496 807/830/496 2897/830/496
f 46/114/497 45/116/497 2135/116/497
f 1098/1174/498 1097/3/498 3187/3/498
f 918/978/499 3008/978/499 3009/979/499
f 499/482/500 2589/482/500 2590/486/500
f 69/130/501 2159/130/501 2160/129/501
f 1023/984/502 1022/988/502 3112/988/502
f 1064/843/503 1063/842/503 3153/842/503
f 293/134/504 2383/134/504 2384/136/504
f 1071/852/505 3161/852/505 3162/853/505
f 1242/1176/506 1241/1179/506 3331/1179/506
f 286/141/507 285/143/507 2375/143/507
f 800/851/508 799/856/508 2889/856/508
f 372/489/1899 371/487/1899 2461/487/1899
f 1145/1177/510 3235/1177/510 3236/1180/510
f 165/152/511 2255/152/511 2256/151/511
f 792/865/512 791/867/512 2881/867/512
f 1097/3/513 1168/1181/513 3258/1181/513
f 420/503/1900 419/505/1900 2509/505/1900
f 1193/1178/515 3283/1178/515 3284/1183/515
f 926/992/516 3016/992/516 3017/997/516
f 1079/871/517 3169/871/517 3170/874/517
f 1201/1199/518 3291/1199/518 3292/1203/518
f 1015/996/519 1014/998/519 3104/998/519
f 784/878/520 783/880/520 2873/880/520
f 1234/1202/521 1233/1204/521 3323/1204/521
f 950/1003/522 3040/1003/522 3041/1004/522
f 158/168/523 157/170/523 2247/170/523
f 1007/1015/524 1006/1019/524 3096/1019/524
f 1087/891/525 3177/891/525 3178/892/525
f 1162/1219/526 1161/1223/526 3251/1223/526
f 1095/899/527 3185/899/527 3186/38/527
f 173/165/528 2263/165/528 2264/171/528
f 958/1022/529 3048/1022/529 3049/1025/529
f 776/900/530 775/901/530 2865/901/530
f 278/173/531 277/178/531 2367/178/531
f 934/1024/532 3024/1024/532 3025/1026/532
f 301/174/533 2391/174/533 2392/180/533
f 966/1040/534 3056/1040/534 3057/1041/534
f 879/906/535 2969/906/535 2970/908/535
f 411/97/1901 2501/97/1901 2502/512/1901
f 150/185/537 149/187/537 2239/187/537
f 999/1047/538 998/1051/538 3088/1051/538
f 887/918/539 2977/918/539 2978/919/539
f 1153/1222/1902 3243/1222/1902 3244/1227/1902
f 990/1061/541 3080/1061/541 3081/1060/541
f 768/920/542 767/922/542 2857/922/542
f 1209/1225/543 3299/1225/543 3300/1229/543
f 142/198/544 141/199/544 2231/199/544
f 974/1064/545 3064/1064/545 3065/1066/545
f 1226/1226/546 1225/1230/546 3315/1230/546
f 1217/1249/547 3307/1249/547 3308/1247/547
f 310/213/122 309/210/122 2399/210/122
f 1297/1256/548 3387/1256/548 3388/1257/548
f 133/216/549 2223/216/549 2224/214/549
f 895/932/550 2985/932/550 2986/933/550
f 1290/1260/1903 1289/1263/1903 3379/1263/1903
f 982/1075/552 3072/1075/552 3073/1077/552
f 1040/945/553 1039/946/553 3129/946/553
f 403/519/554 2493/519/554 2494/518/554
f 903/954/555 2993/954/555 2994/955/555
f 270/224/556 269/226/556 2359/226/556
f 942/1065/557 3032/1065/557 3033/1078/557
f 1032/958/558 1031/961/558 3121/961/558
f 1282/80/559 1281/1272/559 3371/1272/559
f 1262/1089/560 3352/1089/560 3353/1087/560
f 911/967/561 3001/967/561 3002/968/561
f 1305/1265/209 3395/1265/209 3396/1280/209
f 1274/1279/562 1273/1281/562 3363/1281/562
f 181/228/563 2271/228/563 2272/231/563
f 1174/1092/564 3264/1092/564 3265/1094/564
f 262/236/565 261/238/565 2351/238/565
f 1118/1103/566 3208/1103/566 3209/1101/566
f 919/979/567 3009/979/567 3010/981/567
f 1266/1288/54 1265/3/54 3355/3/54
f 230/245/568 229/244/568 2319/244/568
f 1024/980/569 1023/984/569 3113/984/569
f 1015/996/570 3105/996/570 3106/995/570
f 395/527/571 2485/527/571 2486/526/571
f 1126/1110/572 3216/1110/572 3217/1112/572
f 1350/38/3 3440/38/3 3355/3/3
f 254/252/573 253/254/573 2343/254/573
f 1255/1120/574 1254/1126/574 3344/1126/574
f 379/504/575 2469/504/575 2470/528/575
f 1111/1123/576 1110/1127/576 3200/1127/576
f 1329/1302/577 3419/1302/577 3420/1301/577
f 388/536/578 387/537/578 2477/537/578
f 755/549/579 2845/549/579 2846/550/579
f 189/253/580 2279/253/580 2280/256/580
f 1313/1315/581 3403/1315/581 3404/1314/581
f 635/558/582 2725/558/582 2726/554/582
f 222/267/583 221/269/583 2311/269/583
f 927/997/584 3017/997/584 3018/1005/584
f 1182/1133/585 3272/1133/585 3273/1138/585
f 951/1004/586 3041/1004/586 3042/1009/586
f 1321/1308/587 3411/1308/587 3412/1320/587
f 627/572/588 2717/572/588 2718/569/588
f 246/278/589 245/281/589 2335/281/589
f 1134/1136/590 3224/1136/590 3225/1139/590
f 1008/1012/591 1007/1015/591 3097/1015/591
f 1103/1153/592 1102/1157/592 3192/1157/592
f 1337/1321/43 3427/1321/43 3428/1322/43
f 643/570/593 2733/570/593 2734/575/593
f 197/282/594 2287/282/594 2288/284/594
f 1345/1295/43 3435/1295/43 3436/1329/43
f 214/286/595 213/287/595 2303/287/595
f 959/1025/596 3049/1025/596 3050/1028/596
f 1433/1332/597 3523/1332/597 3524/1333/597
f 747/584/598 2837/584/598 2838/577/598
f 1247/1156/599 1246/1160/599 3336/1160/599
f 935/1026/600 3025/1026/600 3026/1030/600
f 1441/1340/601 3531/1340/601 3532/1301/601
f 967/1041/602 3057/1041/602 3058/1044/602
f 1426/1346/603 1425/1347/603 3515/1347/603
f 579/582/604 2669/582/604 2670/585/604
f 205/304/605 2295/304/605 2296/303/605
f 1000/1043/606 999/1047/606 3089/1047/606
f 572/594/607 571/598/607 2661/598/607
f 1142/1165/608 3232/1165/608 3233/1169/608
f 991/1060/609 3081/1060/609 3082/1059/609
f 1417/1354/610 3507/1354/610 3508/1353/610
f 237/308/611 2327/308/611 2328/307/611
f 1190/1167/612 3280/1167/612 3281/1171/612
f 975/1066/613 3065/1066/613 3066/1067/613
f 350/318/614 349/319/614 2439/319/614
f 1239/1185/615 1238/1189/615 3328/1189/615
f 983/1077/616 3073/1077/616 3074/1076/616
f 1410/1360/617 1409/1362/617 3499/1362/617
f 739/608/618 2829/608/618 2830/605/618
f 1167/1188/619 1166/1194/619 3256/1194/619
f 317/3/620 477/327/620 2567/327/620
f 943/1078/621 3033/1078/621 3034/1079/621
f 1458/1367/622 1457/1366/622 3547/1366/622
f 317/3/623 2407/3/623 2408/328/623
f 1263/1087/624 3353/1087/624 3354/38/624
f 341/331/625 2431/331/625 2432/326/625
f 1198/1192/626 3288/1192/626 3289/1195/626
f 651/612/627 2741/612/627 2742/620/627
f 1465/1376/628 3555/1376/628 3556/1377/628
f 1175/1094/629 3265/1094/629 3266/1098/629
f 1450/1383/630 1449/1297/630 3539/1297/630
f 1119/1101/631 3209/1101/631 3210/1097/631
f 1386/1260/632 1385/1390/632 3475/1390/632
f 732/622/633 731/623/633 2821/623/633
f 325/346/634 2415/346/634 2416/349/634
f 1378/1398/635 1377/1399/635 3467/1399/635
f 469/351/636 2559/351/636 2560/348/636
f 1401/1402/637 3491/1402/637 3492/1401/637
f 587/616/638 2677/616/638 2678/624/638
f 1150/1206/639 3240/1206/639 3241/1212/639
f 1393/1254/640 3483/1254/640 3484/1408/640
f 564/636/641 563/641/641 2653/641/641
f 333/356/642 2423/356/642 2424/352/642
f 1231/1211/643 1230/1215/643 3320/1215/643
f 1127/1112/644 3217/1112/644 3218/1116/644
f 1369/1416/645 3459/1416/645 3460/1415/645
f 1206/1214/646 3296/1214/646 3297/1217/646
f 1256/1115/647 1255/1120/647 3345/1120/647
f 1159/1232/648 1158/1236/648 3248/1236/648
f 1112/1121/649 1111/1123/649 3201/1123/649
f 1361/1423/650 3451/1423/650 3452/1422/650
f 541/353/651 2631/353/651 2632/357/651
f 595/650/652 2685/650/652 2686/653/652
f 533/373/653 2623/373/653 2624/372/653
f 1223/1237/1904 1222/1240/1904 3312/1240/1904
f 1353/1430/655 3443/1430/655 3444/1429/655
f 659/655/656 2749/655/656 2750/659/656
f 462/388/657 461/390/657 2551/390/657
f 556/660/658 555/662/658 2645/662/658
f 1521/1437/659 3611/1437/659 3612/1440/659
f 1214/1243/660 3304/1243/660 3305/1245/660
f 1135/1139/661 3225/1139/661 3226/1142/661
f 1514/1439/541 1513/1441/541 3603/1441/541
f 549/391/662 2639/391/662 2640/394/662
f 1294/1253/275 3384/1253/275 3385/1254/275
f 1183/1138/663 3273/1138/663 3274/1143/663
f 454/399/664 453/401/664 2543/401/664
f 1302/1261/665 3392/1261/665 3393/1262/665
f 1104/1149/666 1103/1153/666 3193/1153/666
f 603/672/667 2693/672/667 2694/676/667
f 1287/1267/668 1286/1268/668 3376/1268/668
f 1577/1453/669 3667/1453/669 3668/1451/669
f 667/678/670 2757/678/670 2758/681/670
f 526/385/671 525/404/671 2615/404/671
f 1585/1456/672 3675/1456/672 3676/1458/672
f 620/684/673 619/687/673 2709/687/673
f 446/417/674 445/419/674 2535/419/674
f 1279/1274/285 1278/1275/285 3368/1275/285
f 1248/1152/675 1247/1156/675 3337/1156/675
f 1593/1475/676 3683/1475/676 3684/1477/676
f 1570/1476/677 1569/1478/677 3659/1478/677
f 1271/1283/678 1270/1284/678 3360/1284/678
f 1506/1474/679 1505/1479/679 3595/1479/679
f 485/423/680 2575/423/680 2576/427/680
f 1143/1169/681 3233/1169/681 3234/1173/681
f 518/429/682 517/432/682 2607/432/682
f 1334/1298/43 3424/1298/43 3425/1297/43
f 1191/1171/683 3281/1171/683 3282/1175/683
f 675/700/684 2765/700/684 2766/701/684
f 438/435/685 437/437/685 2527/437/685
f 1326/1305/686 3416/1305/686 3417/1304/686
f 1240/1182/687 1239/1185/687 3329/1185/687
f 1318/1311/688 3408/1311/688 3409/1310/688
f 1168/1181/689 1167/1188/689 3257/1188/689
f 1311/1317/690 1310/1318/690 3400/1318/690
f 493/452/691 2583/452/691 2584/455/691
f 611/705/692 2701/705/692 2702/711/692
f 1342/1326/43 3432/1326/43 3433/1327/43
f 691/718/693 2781/718/693 2782/717/693
f 357/459/694 2447/459/694 2448/461/694
f 1438/1336/695 3528/1336/695 3529/1337/695
f 1199/1195/696 3289/1195/696 3290/1197/696
f 1529/1493/697 3619/1493/697 3620/1500/697
f 510/456/698 509/462/698 2599/462/698
f 1431/1330/699 1430/1339/699 3520/1339/699
f 1232/1208/700 1231/1211/700 3321/1211/700
f 1562/1499/701 1561/1502/701 3651/1502/701
f 430/457/702 429/463/702 2519/463/702
f 1601/1503/703 3691/1503/703 3692/1506/703
f 683/723/704 2773/723/704 2774/725/704
f 1498/1510/705 1497/1516/705 3587/1516/705
f 1423/1349/706 1422/1350/706 3512/1350/706
f 1151/1212/707 3241/1212/707 3242/1218/707
f 1553/1517/544 3643/1517/544 3644/1515/544
f 365/475/708 2455/475/708 2456/476/708
f 1207/1217/709 3297/1217/709 3298/1221/709
f 1414/1318/710 3504/1318/710 3505/1356/710
f 1160/1228/711 1159/1232/711 3249/1232/711
f 1538/1530/712 1537/1531/712 3627/1531/712
f 501/490/713 2591/490/713 2592/494/713
f 707/733/714 2797/733/714 2798/732/714
f 1407/1265/715 1406/1364/715 3496/1364/715
f 1545/1534/549 3635/1534/549 3636/1532/549
f 1224/1233/716 1223/1237/716 3313/1237/716
f 1609/1546/717 3699/1546/717 3700/1549/717
f 373/493/1905 2463/493/1905 2464/495/1905
f 1455/1371/719 1454/1373/719 3544/1373/719
f 1490/1552/720 1489/1553/720 3579/1553/720
f 421/501/721 2511/501/721 2512/499/721
f 413/511/722 2503/511/722 2504/510/722
f 397/525/723 2487/525/723 2488/524/723
f 1462/1372/724 3552/1372/724 3553/1295/724
f 1215/1245/725 3305/1245/725 3306/1248/725
f 1482/1564/726 1481/1566/726 3571/1566/726
f 405/529/1906 2495/529/1906 2496/517/1906
f 1295/1254/189 3385/1254/189 3386/1255/189
f 390/534/728 389/535/728 2479/535/728
f 1303/1262/729 3393/1262/729 3394/1264/729
f 699/696/209 2789/696/209 2790/740/209
f 382/542/730 381/543/730 2471/543/730
f 1287/1267/731 3377/1267/731 3378/1266/731
f 757/551/732 2847/551/732 2848/552/732
f 1383/1392/733 1382/1393/733 3472/1393/733
f 1617/1074/734 3707/1074/734 3708/1567/734
f 715/743/735 2805/743/735 2806/744/735
f 637/555/3 2727/555/3 2728/556/3
f 1390/1386/736 3480/1386/736 3481/1396/736
f 1279/1274/737 3369/1274/737 3370/1273/737
f 1625/1581/738 3715/1581/738 3716/1583/738
f 723/751/739 2813/751/739 2814/639/739
f 629/568/740 2719/568/740 2720/566/740
f 1447/1385/741 1446/1361/741 3536/1361/741
f 1474/1588/742 1473/1589/742 3563/1589/742
f 852/756/743 851/757/743 2941/757/743
f 1398/1404/744 3488/1404/744 3489/1403/744
f 1272/1282/745 1271/1283/745 3361/1283/745
f 844/764/1907 843/765/1907 2933/765/1907
f 750/544/747 749/574/747 2839/574/747
f 1374/1412/748 3464/1412/748 3465/1411/748
f 836/772/749 835/773/749 2925/773/749
f 1335/1297/43 3425/1297/43 3426/1296/43
f 1657/1594/750 3747/1594/750 3748/1595/750
f 828/780/751 827/781/751 2917/781/751
f 645/579/752 2735/579/752 2736/587/752
f 1366/1419/753 3456/1419/753 3457/1418/753
f 1328/1303/754 1327/1304/754 3417/1304/754
f 1690/38/755 1689/1602/755 3779/1602/755
f 820/786/756 819/788/756 2909/788/756
f 1319/1310/757 3409/1310/757 3410/1309/757
f 574/586/758 573/589/758 2663/589/758
f 1358/1284/759 3448/1284/759 3449/1425/759
f 1312/1316/760 1311/1317/760 3401/1317/760
f 1665/1605/761 3755/1605/761 3756/1607/761
f 859/794/1908 2949/794/1908 2950/795/1908
f 1519/1433/443 1518/1432/443 3608/1432/443
f 1343/1327/43 3433/1327/43 3434/1328/43
f 1633/1604/762 3723/1604/762 3724/1608/762
f 868/805/1909 867/803/1909 2957/803/1909
f 1432/1331/764 1431/1330/764 3521/1330/764
f 1673/1622/765 3763/1622/765 3764/1624/765
f 581/588/766 2671/588/766 2672/592/766
f 1510/1447/767 3600/1447/767 3601/1444/767
f 1682/1625/768 1681/1628/768 3771/1628/768
f 875/812/209 2965/812/209 2966/814/209
f 742/600/769 741/604/769 2831/604/769
f 1051/820/770 3141/820/770 3142/821/770
f 734/618/771 733/621/771 2823/621/771
f 1641/1636/772 3731/1636/772 3732/1637/772
f 812/819/773 811/822/773 2901/822/773
f 1582/1450/774 3672/1450/774 3673/1452/774
f 1649/1644/775 3739/1644/775 3740/1645/775
f 566/625/776 565/631/776 2655/631/776
f 1721/1657/193 3811/1657/193 3812/1659/193
f 1059/835/777 3149/835/777 3150/837/777
f 1575/1459/778 1574/1462/778 3664/1462/778
f 1777/1660/548 3867/1660/548 3868/1662/548
f 804/836/779 803/838/779 2893/838/779
f 1590/1467/780 3680/1467/780 3681/1470/780
f 1770/1670/1903 1769/1673/1903 3859/1673/1903
f 589/629/781 2679/629/781 2680/633/781
f 1439/1337/782 3529/1337/782 3530/1338/782
f 1424/1348/783 1423/1349/783 3513/1349/783
f 653/628/784 2743/628/784 2744/635/784
f 1067/847/785 3157/847/785 3158/848/785
f 726/634/273 725/637/273 2815/637/273
f 1526/1473/786 3616/1473/786 3617/1480/786
f 1415/1356/787 3505/1356/787 3506/1355/787
f 1729/1677/199 3819/1677/199 3820/1679/199
f 796/860/788 795/861/788 2885/861/788
f 1567/1483/789 1566/1487/789 3656/1487/789
f 558/654/790 557/657/790 2647/657/790
f 1503/1489/791 1502/1492/791 3592/1492/791
f 1408/1363/792 1407/1265/792 3497/1265/792
f 1714/1674/793 1713/1682/793 3803/1682/793
f 1075/859/794 3165/859/794 3166/863/794
f 788/872/795 787/873/795 2877/873/795
f 597/656/796 2687/656/796 2688/658/796
f 1456/1324/797 1455/1371/797 3545/1371/797
f 1762/1692/559 1761/1694/559 3851/1694/559
f 1598/1491/798 3688/1491/798 3689/1495/798
f 661/663/799 2751/663/799 2752/666/799
f 1559/1507/800 1558/1509/800 3648/1509/800
f 1706/1695/801 1705/1697/801 3795/1697/801
f 1083/882/802 3173/882/802 3174/885/802
f 1550/1521/803 3640/1521/803 3641/1520/803
f 1463/1295/804 3553/1295/804 3554/1374/804
f 780/884/805 779/886/805 2869/886/805
f 622/677/806 621/680/806 2711/680/806
f 1698/1706/807 1697/1707/807 3787/1707/807
f 1535/1526/302 1534/1522/302 3624/1522/302
f 1470/38/808 3560/38/808 3441/3/808
f 1543/1537/304 1542/1538/304 3632/1538/304
f 1753/1714/809 3843/1714/809 3844/1401/809
f 1091/895/810 3181/895/810 3182/896/810
f 772/907/811 771/911/811 2861/911/811
f 605/679/812 2695/679/812 2696/683/812
f 1606/1541/813 3696/1541/813 3697/1543/813
f 1785/1680/209 3875/1680/209 3876/1718/209
f 669/682/814 2759/682/814 2760/685/814
f 1495/1542/815 1494/1545/815 3584/1545/815
f 1746/1725/54 1745/1726/54 3835/1726/54
f 677/702/816 2767/702/816 2768/707/816
f 1448/1384/817 1447/1385/817 3537/1385/817
f 693/714/818 2783/714/818 2784/710/818
f 883/912/819 2973/912/819 2974/913/819
f 1487/1557/820 1486/1558/820 3576/1558/820
f 891/925/821 2981/925/821 2982/927/821
f 614/712/822 613/715/822 2703/715/822
f 1737/1733/823 3827/1733/823 3828/1734/823
f 764/928/54 763/3/54 2853/3/54
f 1809/1739/824 3899/1739/824 3900/1738/824
f 1614/1559/825 3704/1559/825 3705/1562/825
f 1479/1571/826 1478/1574/826 3568/1574/826
f 1801/1747/827 3891/1747/827 3892/1746/827
f 1047/930/209 3137/930/209 3077/934/209
f 1043/940/828 3133/940/828 3134/938/828
f 1384/1391/829 1383/1392/829 3473/1392/829
f 1793/1752/830 3883/1752/830 3884/1751/830
f 1622/1573/831 3712/1573/831 3713/1575/831
f 1654/1577/832 3744/1577/832 3745/1578/832
f 686/727/833 685/726/833 2775/726/833
f 1817/1375/834 3907/1375/834 3908/1764/834
f 899/941/835 2989/941/835 2990/944/835
f 709/731/836 2799/731/836 2800/730/836
f 1630/1590/837 3720/1590/837 3721/1593/837
f 1351/3/209 3441/3/209 3442/1395/209
f 1834/1771/838 1833/1772/838 3923/1772/838
f 1035/952/839 3125/952/839 3126/951/839
f 701/739/840 2791/739/840 2792/738/840
f 1662/1600/841 3752/1600/841 3753/1601/841
f 1826/1784/842 1825/1785/842 3915/1785/842
f 1687/1610/843 1686/1613/843 3776/1613/843
f 2081/1790/189 4171/1790/189 4172/1791/189
f 717/745/844 2807/745/844 2808/746/844
f 1670/1615/845 3760/1615/845 3761/1618/845
f 2089/1799/1910 4179/1799/1910 4180/38/1910
f 907/960/846 2997/960/846 2998/962/846
f 846/762/847 845/763/847 2935/763/847
f 2074/1802/206 2073/1803/206 4163/1803/206
f 1028/969/848 1027/972/848 3117/972/848
f 838/770/1911 837/771/1911 2927/771/1911
f 2065/1811/215 4155/1811/215 4156/1810/215
f 830/778/850 829/779/850 2919/779/850
f 2058/1818/851 2057/1819/851 4147/1819/851
f 854/784/722 853/755/722 2943/755/722
f 1638/1626/852 3728/1626/852 3729/1632/852
f 2033/1832/577 4123/1832/577 4124/1831/577
f 915/973/853 3005/973/853 3006/975/853
f 822/783/854 821/785/854 2911/785/854
f 1679/1634/855 1678/1633/855 3768/1633/855
f 1399/1403/1912 3489/1403/1912 3490/1258/1912
f 923/985/857 3013/985/857 3014/986/857
f 1647/1642/858 1646/1641/858 3736/1641/858
f 1020/990/859 1019/991/859 3109/991/859
f 861/796/860 2951/796/860 2952/798/860
f 1718/1650/861 3808/1650/861 3809/1654/861
f 2017/1846/581 4107/1846/581 4108/1845/581
f 1012/1000/862 1011/1001/862 3101/1001/862
f 869/806/863 2959/806/863 2960/807/863
f 1774/1655/275 3864/1655/275 3865/1352/275
f 814/815/864 813/816/864 2903/816/864
f 1726/1667/865 3816/1667/865 3817/1671/865
f 1782/1672/665 3872/1672/665 3873/1676/665
f 2025/1838/587 4115/1838/587 4116/1850/587
f 931/1014/866 3021/1014/866 3022/1017/866
f 1766/1684/668 3856/1684/668 3857/1683/668
f 955/1016/867 3045/1016/867 3046/1018/867
f 1053/823/868 3143/823/868 3144/825/868
f 1391/1396/209 3481/1396/209 3482/1409/209
f 2041/1853/43 4131/1853/43 4132/1854/43
f 1004/1027/870 1003/1031/870 3093/1031/870
f 806/832/871 805/834/871 2895/834/871
f 1710/1687/872 3800/1687/872 3801/1685/872
f 1375/1411/873 3465/1411/873 3466/1410/873
f 963/1034/874 3053/1034/874 3054/1035/874
f 2049/1861/43 4139/1861/43 4140/1862/43
f 1759/1698/285 1758/1701/285 3848/1701/285
f 1367/1418/1913 3457/1418/1913 3458/1417/1913
f 1841/1864/876 3931/1864/876 3932/1865/876
f 1061/839/877 3151/839/877 3152/840/877
f 939/1042/1914 3029/1042/1914 3030/1046/1914
f 1069/849/879 3159/849/879 3160/850/879
f 1702/1702/1915 3792/1702/1915 3793/1700/1915
f 1359/1425/881 3449/1425/881 3450/1424/881
f 1985/1874/882 4075/1874/882 4076/1872/882
f 971/1049/883 3061/1049/883 3062/1053/883
f 798/857/884 797/858/884 2887/858/884
f 996/1054/885 995/1055/885 3085/1055/885
f 1751/1716/886 1750/1717/886 3840/1717/886
f 1520/1434/887 1519/1433/887 3609/1433/887
f 1849/1873/888 3939/1873/888 3940/1875/888
f 987/934/889 3077/934/889 3078/1063/889
f 1512/1443/890 1511/1444/890 3601/1444/890
f 1077/866/891 3167/866/891 3168/869/891
f 790/868/892 789/870/892 2879/870/892
f 1695/1709/893 1694/1719/893 3784/1719/893
f 1857/1886/894 3947/1886/894 3948/1888/894
f 979/1070/895 3069/1070/895 3070/1071/895
f 1977/1897/896 4067/1897/896 4068/1892/896
f 986/1072/1916 3076/1072/1916 2853/3/1916
f 782/881/898 781/883/898 2871/883/898
f 1734/1730/899 3824/1730/899 3825/1731/899
f 1584/1454/900 1583/1452/900 3673/1452/900
f 947/1082/901 3037/1082/901 3038/1083/901
f 1806/1742/902 3896/1742/902 3897/1741/902
f 1576/1457/903 1575/1459/903 3665/1459/903
f 1085/887/904 3175/887/904 3176/890/904
f 1591/1470/905 3681/1470/905 3682/1471/905
f 1865/1898/3 3955/1898/3 3956/1901/3
f 1093/897/906 3183/897/906 3184/898/906
f 1790/1755/907 3880/1755/907 3881/1754/907
f 1969/1908/908 4059/1908/908 4060/1907/908
f 1171/1086/909 3261/1086/909 3262/1088/909
f 774/902/910 773/903/910 2863/903/910
f 1260/1093/911 1259/1095/911 3349/1095/911
f 1814/1736/912 3904/1736/912 3905/1759/912
f 1568/1481/913 1567/1483/913 3657/1483/913
f 1123/1102/914 3213/1102/914 3214/1104/914
f 1742/1760/1917 3832/1760/1917 3833/1761/1917
f 1527/1480/916 3617/1480/916 3618/1486/916
f 1116/1108/917 1115/1111/917 3205/1111/917
f 877/904/918 2967/904/918 2968/905/918
f 1798/1766/919 3888/1766/919 3889/1765/919
f 1504/1485/920 1503/1489/920 3593/1489/920
f 1873/1918/921 3963/1918/921 3964/1922/921
f 1831/1775/922 1830/1777/922 3920/1777/922
f 1962/1921/923 1961/1923/923 4051/1923/923
f 885/915/924 2975/915/924 2976/916/924
f 1179/1119/925 3269/1119/925 3270/1124/925
f 766/924/926 765/926/926 2855/926/926
f 1599/1495/927 3689/1495/927 3690/1498/927
f 1881/1937/928 3971/1937/928 3972/1938/928
f 1822/1778/929 3912/1778/929 3913/1780/929
f 1560/1504/930 1559/1507/930 3649/1507/930
f 1954/1936/931 1953/1939/931 4043/1939/931
f 2078/1787/161 4168/1787/161 4169/1788/161
f 1552/1519/297 1551/1520/297 3641/1520/297
f 1131/1125/932 3221/1125/932 3222/1128/932
f 2086/1795/179 4176/1795/179 4177/1796/179
f 1108/1134/933 1107/1137/933 3197/1137/933
f 893/929/934 2983/929/934 2984/931/934
f 2071/1805/935 2070/1806/935 4160/1806/935
f 1889/1950/936 3979/1950/936 3980/1952/936
f 1046/935/937 1045/936/937 3135/936/937
f 2062/1814/333 4152/1814/333 4153/1813/333
f 1536/1528/938 1535/1526/938 3625/1526/938
f 1946/1956/939 1945/1958/939 4035/1958/939
f 2055/1821/346 2054/1822/346 4144/1822/346
f 1543/1537/940 3633/1537/940 3634/811/940
f 1252/1135/941 1251/1140/941 3341/1140/941
f 1897/1965/942 3987/1965/942 3988/1966/942
f 1038/948/943 1037/949/943 3127/949/943
f 1496/1539/944 1495/1542/944 3585/1542/944
f 1139/1154/945 3229/1154/945 3230/1158/945
f 901/947/946 2991/947/946 2992/950/946
f 1905/1981/947 3995/1981/947 3996/1984/947
f 1187/1155/948 3277/1155/948 3278/1159/948
f 2010/1983/949 2009/1987/949 4099/1987/949
f 1100/1166/950 1099/1170/950 3189/1170/950
f 2030/1835/686 4120/1835/686 4121/1834/686
f 1607/1543/951 3697/1543/951 3698/1544/951
f 1993/1986/952 4083/1986/952 4084/1990/952
f 909/963/953 2999/963/953 3000/965/953
f 1488/1555/954 1487/1557/954 3577/1557/954
f 1030/964/955 1029/966/955 3119/966/955
f 2022/1841/688 4112/1841/688 4113/1840/688
f 1244/1168/956 1243/1172/956 3333/1172/956
f 1615/1562/957 3705/1562/957 3706/1565/957
f 1913/2000/958 4003/2000/958 4004/2003/958
f 1195/1184/959 3285/1184/959 3286/1186/959
f 2014/1823/690 4104/1823/690 4105/1848/690
f 1480/1568/961 1479/1571/961 3569/1571/961
f 1937/2005/962 4027/2005/962 4028/2004/962
f 917/976/963 3007/976/963 3008/978/963
f 2038/1827/1918 4128/1827/1918 4129/1851/1918
f 2047/1859/43 2046/1858/43 4136/1858/43
f 2002/2016/965 2001/2021/965 4091/2021/965
f 1147/1187/966 3237/1187/966 3238/1193/966
f 1022/988/967 1021/989/967 3111/989/967
f 1846/1869/968 3936/1869/968 3937/1870/968
f 1623/1575/969 3713/1575/969 3714/1579/969
f 1236/1196/970 1235/1198/970 3325/1198/970
f 1655/1578/971 3745/1578/971 3746/1592/971
f 1929/2027/972 4019/2027/972 4020/2026/972
f 1203/1205/1919 3293/1205/1919 3294/1209/1919
f 1982/1882/974 4072/1882/974 4073/1879/974
f 1472/1591/975 1471/3/975 3561/3/975
f 1164/1207/1920 1163/1213/1920 3253/1213/1920
f 925/987/977 3015/987/977 3016/992/977
f 1855/1883/1921 1854/1881/1921 3944/1881/1921
f 1471/3/979 1690/38/979 3780/38/979
f 1921/2023/980 4011/2023/980 4012/2028/980
f 1013/999/689 3103/999/689 3104/998/689
f 950/1003/54 949/1002/54 3039/1002/54
f 1862/1894/1922 3952/1894/1922 3953/1895/1922
f 1631/1593/982 3721/1593/982 3722/1599/982
f 114/6/983 2204/6/983 2205/1/983
f 1228/1220/984 1227/1224/984 3317/1224/984
f 1974/1902/985 4064/1902/985 4065/1900/985
f 1663/1601/986 3753/1601/986 3754/1603/986
f 1966/1913/987 4056/1913/987 4057/1911/987
f 1688/1606/1923 1687/1610/1923 3777/1610/1923
f 1671/1618/989 3761/1618/989 3762/1620/989
f 107/13/990 106/18/990 2196/18/990
f 1155/1231/991 3245/1231/991 3246/1235/991
f 1871/1915/992 1870/1914/992 3960/1914/992
f 1211/1234/993 3301/1234/993 3302/1239/993
f 1959/1926/994 1958/1928/994 4048/1928/994
f 1679/1634/1924 3769/1634/1924 3770/1631/1924
f 1220/1244/996 1219/1246/996 3309/1246/996
f 122/17/997 2212/17/997 2213/19/997
f 1292/1251/764 1291/1250/764 3381/1250/764
f 99/30/998 98/32/998 2188/32/998
f 1878/1931/999 3968/1931/999 3969/1933/999
f 1639/1632/1000 3729/1632/1000 3730/1635/1000
f 957/1021/1001 3047/1021/1001 3048/1022/1001
f 1951/1943/1002 1950/1946/1002 4040/1946/1002
f 1647/1642/1003 3737/1642/1003 3738/1643/1003
f 130/35/1004 2220/35/1004 2221/38/1004
f 1006/1019/1005 1005/1023/1005 3095/1023/1005
f 1719/1654/275 3809/1654/275 3810/1656/275
f 1886/1945/1006 3976/1945/1006 3977/1947/1006
f 1775/1352/189 3865/1352/189 3866/1658/189
f 933/1020/1007 3023/1020/1007 3024/1024/1007
f 1727/1671/665 3817/1671/665 3818/1675/665
f 2/5/1008 2092/5/1008 2093/43/1008
f 1894/1959/1009 3984/1959/1009 3985/1960/1009
f 1783/1676/195 3873/1676/195 3874/1678/195
f 1943/1964/1010 1942/1968/1010 4032/1968/1010
f 1768/1681/731 1767/1683/731 3857/1683/731
f 10/57/1925 2100/57/1925 2101/56/1925
f 1299/97/175 3389/97/175 3390/1258/175
f 1902/1976/1012 3992/1976/1012 3993/1977/1012
f 1712/1417/281 1711/1685/281 3801/1685/281
f 1284/1270/1013 1283/1271/1013 3373/1271/1013
f 1990/1974/1014 4080/1974/1014 4081/1978/1014
f 18/51/1015 2108/51/1015 2109/60/1015
f 1760/1696/737 1759/1698/737 3849/1698/737
f 91/59/1016 90/61/1016 2180/61/1016
f 1276/1277/787 1275/1278/787 3365/1278/787
f 66/69/209 2156/69/209 2157/70/209
f 1910/1993/1017 4000/1993/1017 4001/1996/1017
f 1704/1699/285 1703/1700/285 3793/1700/285
f 1268/1286/792 1267/1287/792 3357/1287/792
f 965/1037/1018 3055/1037/1018 3056/1040/1018
f 2007/1995/1019 2006/1999/1019 4096/1999/1019
f 1998/2006/1020 4088/2006/1020 4089/2012/1020
f 1696/1708/1021 1695/1709/1021 3785/1709/1021
f 26/76/1022 2116/76/1022 2117/80/1022
f 59/86/1926 58/87/1926 2148/87/1926
f 1307/1290/209 3397/1290/209 3398/1291/209
f 1918/2014/1024 4008/2014/1024 4009/2015/1024
f 1348/1292/54 1347/1293/54 3437/1293/54
f 1934/2018/1025 4024/2018/1025 4025/2017/1025
f 1752/1715/1026 1751/1716/1026 3841/1716/1026
f 83/83/1027 82/90/1027 2172/90/1027
f 1331/1300/1028 3421/1300/1028 3422/1299/1028
f 1315/1313/1029 3405/1313/1029 3406/103/1029
f 51/102/1030 50/105/1030 2140/105/1030
f 1323/1319/1031 3413/1319/1031 3414/1307/1031
f 1926/2034/1032 4016/2034/1032 4017/2032/1032
f 1735/1731/1033 3825/1731/1033 3826/1732/1033
f 998/1051/1034 997/1052/1034 3087/1052/1034
f 111/9/1035 2201/9/1035 2202/8/1035
f 1807/1741/1028 3897/1741/1028 3898/1740/1028
f 34/104/1036 2124/104/1036 2125/107/1036
f 1339/1323/43 3429/1323/43 3430/1324/43
f 43/120/1927 42/122/1927 2132/122/1927
f 1435/1306/1038 3525/1306/1038 3526/1334/1038
f 119/4/13 2209/4/13 2210/14/13
f 1791/1754/1029 3881/1754/1029 3882/1753/1029
f 1443/1342/1928 3533/1342/1928 3534/1343/1928
f 104/21/1040 103/23/1040 2193/23/1040
f 75/124/1041 74/125/1041 2164/125/1041
f 1428/1309/1042 1427/1345/1042 3517/1345/1042
f 290/135/1043 2380/135/1043 2381/132/1043
f 1743/1761/1044 3833/1761/1044 3834/1728/1044
f 1420/1351/1045 1419/1352/1045 3509/1352/1045
f 127/28/1046 2217/28/1046 2218/31/1046
f 96/36/1047 95/37/1047 2185/37/1047
f 1411/1359/745 3501/1359/745 3502/1358/745
f 1815/1759/1049 3905/1759/1049 3906/1763/1049
f 170/149/1050 2260/149/1050 2261/154/1050
f 1799/1765/1031 3889/1765/1031 3890/1748/1031
f 283/146/1051 282/155/1051 2372/155/1051
f 1459/1368/1052 3549/1368/1052 3550/1369/1052
f 1832/1774/1929 1831/1775/1929 3921/1775/1929
f 163/157/1054 162/158/1054 2252/158/1054
f 1467/1379/1055 3557/1379/1055 3558/1380/1055
f 990/1061/1056 989/1062/1056 3079/1062/1056
f 1452/1378/1057 1451/1382/1057 3541/1382/1057
f 7/48/1058 2097/48/1058 2098/50/1058
f 298/153/1059 2388/153/1059 2389/162/1059
f 1388/1388/1060 1387/1389/1060 3477/1389/1060
f 16/49/54 15/52/54 2105/52/54
f 155/175/1061 154/176/1061 2244/176/1061
f 1380/1397/1062 1379/1269/1062 3469/1269/1062
f 88/65/1063 87/67/1063 2177/67/1063
f 1823/1780/1930 3913/1780/1930 3914/1783/1930
f 973/1058/1065 3063/1058/1065 3064/1064/1065
f 2079/1788/861 4169/1788/861 4170/1789/861
f 147/190/1067 146/191/1067 2236/191/1067
f 1395/1407/1068 3485/1407/1068 3486/1406/1068
f 2088/1798/865 2087/1796/865 4177/1796/865
f 1371/1414/1931 3461/1414/1931 3462/1273/1931
f 941/1050/1070 3031/1050/1070 3032/1065/1070
f 23/71/1071 2113/71/1071 2114/73/1071
f 2072/1804/872 2071/1805/872 4161/1805/872
f 64/78/1072 63/79/1072 2153/79/1072
f 2063/1813/1073 4153/1813/1073 4154/1812/1073
f 275/188/1074 274/194/1074 2364/194/1074
f 1363/1421/1075 3453/1421/1075 3454/1420/1075
f 2056/1820/1076 2055/1821/1076 4145/1821/1076
f 139/201/803 138/202/803 2228/202/803
f 56/92/1077 55/93/1077 2145/93/1077
f 2031/1834/1078 4121/1834/1078 4122/1833/1078
f 1355/1428/1079 3445/1428/1079 3446/1427/1079
f 2023/1840/757 4113/1840/757 4114/1839/757
f 307/204/1080 306/205/1080 2396/205/1080
f 1403/1400/1081 3493/1400/1081 3494/1431/1081
f 1516/1436/1082 1515/1438/1082 3605/1438/1082
f 31/94/1083 2121/94/1083 2122/98/1083
f 2015/1848/760 4105/1848/760 4106/1847/760
f 315/219/654 314/217/654 2404/217/654
f 80/100/1084 79/103/1084 2169/103/1084
f 982/1075/1085 981/1073/1085 3071/1073/1085
f 48/109/1086 47/111/1086 2137/111/1086
f 1523/1442/1087 3613/1442/1087 3614/1446/1087
f 2040/1852/1932 2039/1851/1932 4129/1851/1932
f 178/220/1088 2268/220/1088 2269/222/1088
f 1579/1445/1089 3669/1445/1089 3670/1449/1089
f 267/229/1090 266/230/1090 2356/230/1090
f 1587/1460/1091 3677/1460/1091 3678/1463/1091
f 1262/1089/1092 1261/1091/1092 3351/1091/1092
f 39/119/1093 2129/119/1093 2130/121/1093
f 2047/1859/43 4137/1859/43 4138/1860/43
f 1508/1464/1094 1507/1469/1094 3597/1469/1094
f 71/128/1095 2161/128/1095 2162/127/1095
f 1840/1863/54 1839/3/54 3929/3/54
f 259/241/1096 258/243/1096 2348/243/1096
f 1173/1090/1097 3263/1090/1097 3264/1092/1097
f 287/140/1098 2377/140/1098 2378/138/1098
f 1118/1103/1099 1117/1105/1099 3207/1105/1099
f 295/139/1100 2385/139/1100 2386/142/1100
f 186/242/1101 2276/242/1101 2277/248/1101
f 1572/1468/1102 1571/1472/1102 3661/1472/1102
f 167/150/1103 2257/150/1103 2258/148/1103
f 227/259/1104 226/261/1104 2316/261/1104
f 1595/1482/1105 3685/1482/1105 3686/1484/1105
f 1564/1494/1106 1563/1496/1106 3653/1496/1106
f 160/163/1107 159/166/1107 2249/166/1107
f 251/258/1108 250/263/1108 2340/263/1108
f 1500/1501/1109 1499/1505/1109 3589/1505/1109
f 1125/1106/1110 3215/1106/1110 3216/1110/1110
f 1254/1126/1111 1253/1130/1111 3343/1130/1111
f 280/164/1112 279/167/1112 2369/167/1112
f 1110/1127/1113 1109/1131/1113 3199/1131/1113
f 1847/1870/1114 3937/1870/1114 3938/1871/1114
f 194/272/1115 2284/272/1115 2285/275/1115
f 218/276/1116 2308/276/1116 2309/273/1116
f 1983/1879/1117 4073/1879/1117 4074/1877/1117
f 152/181/1118 151/183/1118 2241/183/1118
f 243/289/1119 242/293/1119 2332/293/1119
f 1181/1129/1120 3271/1129/1120 3272/1133/1120
f 210/295/1121 2300/295/1121 2301/292/1121
f 1556/1513/1122 1555/1514/1122 3645/1514/1122
f 175/177/1123 2265/177/1123 2266/184/1123
f 1855/1883/1124 3945/1883/1124 3946/1885/1124
f 1133/1132/1125 3223/1132/1125 3224/1136/1125
f 303/186/1126 2393/186/1126 2394/193/1126
f 143/197/1127 2233/197/1127 2234/196/1127
f 1864/1896/1128 1863/1895/1128 3953/1895/1128
f 1102/1157/1129 1101/1162/1129 3191/1162/1129
f 1975/1900/1933 4065/1900/1933 4066/1899/1933
f 202/296/1131 2292/296/1131 2293/299/1131
f 1603/1512/1132 3693/1512/1132 3694/1518/1132
f 135/211/1934 2225/211/1934 2226/209/1934
f 1967/1911/248 4057/1911/248 4058/1909/248
f 234/311/1134 2324/311/1134 2325/310/1134
f 347/321/1135 346/322/1135 2436/322/1135
f 1246/1160/1136 1245/1164/1136 3335/1164/1136
f 312/215/1137 311/212/1137 2401/212/1137
f 1871/1915/1138 3961/1915/1138 3962/1917/1138
f 475/333/1139 474/336/1139 2564/336/1139
f 1141/1161/1140 3231/1161/1140 3232/1165/1140
f 272/221/1141 271/223/1141 2361/223/1141
f 1960/1924/1142 1959/1926/1142 4049/1926/1142
f 1189/1163/1143 3279/1163/1143 3280/1167/1143
f 1531/1508/1144 3621/1508/1144 3622/1524/1144
f 1238/1189/1145 1237/1191/1145 3327/1191/1145
f 264/233/1146 263/235/1146 2353/235/1146
f 322/337/1147 2412/337/1147 2413/340/1147
f 1547/1529/1133 3637/1529/1133 3638/1527/1133
f 1197/1190/1148 3287/1190/1148 3288/1192/1148
f 1879/1933/1149 3969/1933/1149 3970/1935/1149
f 339/338/1150 338/342/1150 2428/342/1150
f 1952/1941/1151 1951/1943/1151 4041/1943/1151
f 1166/1194/1152 1165/1201/1152 3255/1201/1152
f 183/234/1153 2273/234/1153 2274/237/1153
f 331/363/1154 330/366/1154 2420/366/1154
f 1540/1536/1155 1539/1533/1155 3629/1533/1155
f 256/249/1156 255/250/1156 2345/250/1156
f 1492/1548/1157 1491/1550/1157 3581/1550/1157
f 1887/1947/1158 3977/1947/1158 3978/1949/1158
f 538/368/1935 2628/368/1935 2629/358/1935
f 531/375/1160 530/376/1160 2620/376/1160
f 191/260/1161 2281/260/1161 2282/264/1161
f 1611/1551/1162 3701/1551/1162 3702/1554/1162
f 223/265/1163 2313/265/1163 2314/69/1163
f 1895/1960/1164 3985/1960/1164 3986/1962/1164
f 467/365/1165 466/380/1165 2556/380/1165
f 1484/1561/1166 1483/1563/1166 3573/1563/1166
f 1149/1200/1167 3239/1200/1167 3240/1206/1167
f 1205/1210/1168 3295/1210/1168 3296/1214/1168
f 248/270/1169 247/274/1169 2337/274/1169
f 1944/1961/1170 1943/1964/1170 4033/1964/1170
f 1619/1569/1171 3709/1569/1171 3710/1570/1171
f 1230/1215/1172 1229/1216/1172 3319/1216/1172
f 216/280/1173 215/283/1173 2305/283/1173
f 1476/1582/1174 1475/1585/1174 3565/1585/1174
f 546/383/1175 2636/383/1175 2637/386/1175
f 1158/1236/1176 1157/1238/1176 3247/1238/1176
f 459/393/1177 458/103/1177 2548/103/1177
f 1627/1584/1178 3717/1584/1178 3718/1586/1178
f 199/288/1179 2289/288/1179 2290/291/1179
f 208/300/1180 207/301/1180 2297/301/1180
f 1659/1596/1181 3749/1596/1181 3750/1597/1181
f 1222/1240/1182 1221/1242/1182 3311/1242/1182
f 1903/1977/1183 3993/1977/1183 3994/1980/1183
f 1667/1609/1184 3757/1609/1184 3758/1611/1184
f 451/405/1185 450/408/1185 2540/408/1185
f 1213/1241/1186 3303/1241/1186 3304/1243/1186
f 1991/1978/1187 4081/1978/1187 4082/1982/1187
f 1293/1252/861 3383/1252/861 3384/1253/861
f 239/306/1936 2329/306/1936 2330/305/1936
f 1635/1612/1189 3725/1612/1189 3726/1616/1189
f 1301/1259/865 3391/1259/865 3392/1261/865
f 523/411/1190 522/414/1190 2612/414/1190
f 1684/1619/1191 1683/1623/1191 3773/1623/1191
f 1285/1269/1192 3375/1269/1192 3376/1268/1192
f 2008/1991/1193 2007/1995/1193 4097/1995/1193
f 1675/1627/1194 3765/1627/1194 3766/1629/1194
f 482/413/1195 2572/413/1195 2573/416/1195
f 1278/1275/610 1277/1276/610 3367/1276/610
f 1911/1996/1196 4001/1996/1196 4002/1997/1196
f 1643/1638/1197 3733/1638/1197 3734/1639/1197
f 1270/1284/617 1269/1285/617 3359/1285/617
f 1651/1646/1198 3741/1646/1198 3742/1647/1198
f 1936/2011/1199 1935/2017/1199 4025/2017/1199
f 443/424/1200 442/426/1200 2532/426/1200
f 1772/1652/157 1771/1651/157 3861/1651/157
f 1350/38/54 1349/1289/54 3439/1289/54
f 231/246/13 2321/246/13 2322/313/13
f 352/314/1201 351/317/1201 2441/317/1201
f 1999/2012/1202 4089/2012/1202 4090/2019/1202
f 1919/2015/1203 4009/2015/1203 4010/2020/1203
f 343/325/1204 2433/325/1204 2434/324/1204
f 1927/2032/1205 4017/2032/1205 4018/2029/1205
f 1940/2035/13 4030/2035/13 3929/3/13
f 112/8/1206 2202/8/1206 2203/7/1206
f 515/439/1207 514/443/1207 2604/443/1207
f 1723/1661/253 3813/1661/253 3814/1663/253
f 1334/1298/1208 1333/20/1208 3423/20/1208
f 319/329/1209 2409/329/1209 2410/332/1209
f 120/14/1210 2210/14/1210 2211/15/1210
f 472/341/1211 471/345/1211 2561/345/1211
f 105/20/1030 104/21/1030 2194/21/1030
f 490/441/108 2580/441/108 2581/444/108
f 336/347/1212 335/350/1212 2425/350/1212
f 435/442/1213 434/445/1213 2524/445/1213
f 1779/1664/175 3869/1664/175 3870/1666/175
f 128/31/1214 2218/31/1214 2219/33/1214
f 1715/1669/1215 3805/1669/1215 3806/1648/1215
f 97/34/1216 96/36/1216 2186/36/1216
f 354/316/209 2444/316/209 2445/449/209
f 327/355/1217 2417/355/1217 2418/359/1217
f 543/362/1218 2633/362/1218 2634/367/1218
f 16/49/13 2106/49/13 2107/44/13
f 362/470/1219 2452/470/1219 2453/471/1219
f 1763/1690/1013 3853/1690/1013 3854/1688/1013
f 536/370/1220 535/371/1220 2625/371/1220
f 507/473/1221 506/478/1221 2596/478/1221
f 1325/1306/827 3415/1306/827 3416/1305/827
f 528/378/1222 527/379/1222 2617/379/1222
f 8/50/1223 2098/50/1223 2099/58/1223
f 427/474/1224 426/480/1224 2516/480/1224
f 1708/1691/265 1707/1693/265 3797/1693/265
f 464/384/1225 463/387/1225 2553/387/1225
f 89/63/1226 88/65/1226 2178/65/1226
f 1700/1704/1227 1699/1705/1227 3789/1705/1227
f 551/395/1228 2641/395/1228 2642/38/1228
f 24/73/1229 2114/73/1229 2115/74/1229
f 498/477/1230 2588/477/1230 2589/482/1230
f 456/397/1231 455/398/1231 2545/398/1231
f 65/68/1232 64/78/1232 2154/78/1232
f 1756/1712/1233 1755/1713/1233 3845/1713/1233
f 370/484/1234 2460/484/1234 2461/487/1234
f 479/403/376 2569/403/376 2570/406/376
f 57/89/1235 56/92/1235 2146/92/1235
f 1748/1722/1236 1747/1724/1236 3837/1724/1236
f 1317/1312/830 3407/1312/830 3408/1311/830
f 448/412/1237 447/415/1237 2537/415/1237
f 378/502/1238 2468/502/1238 2469/504/1238
f 1692/1723/1239 1691/3/1239 3781/3/1239
f 81/96/1240 80/100/1240 2170/100/1240
f 419/505/1241 418/506/1241 2508/506/1241
f 410/513/1242 2500/513/1242 2501/97/1242
f 1691/3/54 1838/38/54 3928/38/54
f 261/238/1243 260/240/1243 2350/240/1243
f 32/98/1244 2122/98/1244 2123/101/1244
f 402/520/1937 2492/520/1937 2493/519/1937
f 49/106/1246 48/109/1246 2138/109/1246
f 394/530/1938 2484/530/1938 2485/527/1938
f 1731/1710/1248 3821/1710/1248 3822/1727/1248
f 386/538/1939 2476/538/1939 2477/537/1939
f 188/251/1250 2278/251/1250 2279/253/1250
f 754/548/1251 2844/548/1251 2845/549/1251
f 1803/1745/1078 3893/1745/1078 3894/1744/1078
f 253/254/1252 252/255/1252 2342/255/1252
f 1309/1294/209 3399/1294/209 3400/1318/209
f 41/123/1253 40/121/1253 2130/121/1253
f 634/559/1254 2724/559/1254 2725/558/1254
f 229/244/1255 228/257/1255 2318/257/1255
f 72/127/1256 2162/127/1256 2163/126/1256
f 1795/1750/757 3885/1750/757 3886/1334/757
f 1341/1325/43 3431/1325/43 3432/1326/43
f 288/138/1257 2378/138/1257 2379/137/1257
f 221/269/1258 220/271/1258 2310/271/1258
f 1437/1335/1259 3527/1335/1259 3528/1336/1259
f 642/567/1260 2732/567/1260 2733/570/1260
f 1787/1757/760 3877/1757/760 3878/1756/760
f 1430/1339/1261 1429/1341/1261 3519/1341/1261
f 626/573/1262 2716/573/1262 2717/572/1262
f 296/142/1263 2386/142/1263 2387/145/1263
f 1739/1735/1264 3829/1735/1264 3830/811/1264
f 168/148/13 2258/148/13 2259/147/13
f 196/279/199 2286/279/199 2287/282/199
f 1819/1767/1940 3909/1767/1940 3910/1768/1940
f 245/281/1266 244/285/1266 2334/285/1266
f 578/580/1267 2668/580/1267 2669/582/1267
f 1836/1769/1268 1835/1770/1268 3925/1770/1268
f 213/287/1269 212/290/1269 2302/290/1269
f 1422/1350/1270 1421/1313/1270 3511/1313/1270
f 161/161/1271 160/163/1271 2250/163/1271
f 746/590/1272 2836/590/1272 2837/584/1272
f 1811/1776/44 3901/1776/44 3902/1737/44
f 571/598/1273 570/603/1273 2660/603/1273
f 1828/1781/1274 1827/1782/1274 3917/1782/1274
f 1414/1318/562 1413/1357/562 3503/1357/562
f 281/160/1275 280/164/1275 2370/164/1275
f 2083/1792/548 4173/1792/548 4174/1793/548
f 205/304/1276 204/302/1276 2294/302/1276
f 153/179/1277 152/181/1277 2242/181/1277
f 2076/1797/1278 2075/1800/1278 4165/1800/1278
f 237/308/1279 236/309/1279 2326/309/1279
f 1445/1344/209 3535/1344/209 3536/1361/209
f 738/610/1280 2828/610/1280 2829/608/1280
f 349/319/1281 348/320/1281 2438/320/1281
f 1406/1364/54 1405/1365/54 3495/1365/54
f 650/606/1282 2740/606/1282 2741/612/1282
f 2068/1808/1813 2067/1809/1813 4157/1809/1813
f 476/330/1284 2566/330/1284 2567/327/1284
f 1461/1370/1941 3551/1370/1941 3552/1372/1941
f 176/184/1286 2266/184/1286 2267/192/1286
f 2060/1816/1287 2059/1817/1287 4149/1817/1287
f 341/331/1288 340/334/1288 2430/334/1288
f 1454/1373/1289 1453/1375/1289 3543/1375/1289
f 145/195/1290 144/196/1290 2234/196/1290
f 586/613/1291 2676/613/1291 2677/616/1291
f 2052/1825/54 2051/1826/54 4141/1826/54
f 731/623/851 730/626/851 2820/626/851
f 2035/1830/1028 4125/1830/1028 4126/1829/1028
f 563/641/1292 562/643/1292 2652/643/1292
f 2019/1844/1029 4109/1844/1029 4110/1843/1029
f 324/343/1293 2414/343/1293 2415/346/1293
f 1469/1381/1294 3559/1381/1294 3560/38/1294
f 304/193/1144 2394/193/1144 2395/206/1144
f 540/354/13 2630/354/13 2631/353/13
f 1390/1386/1295 1389/1387/1295 3479/1387/1295
f 136/209/87 2226/209/87 2227/207/87
f 2027/1849/1031 4117/1849/1031 4118/1837/1031
f 469/351/1296 468/360/1296 2558/360/1296
f 1381/1394/1297 3471/1394/1297 3472/1393/1297
f 594/647/1298 2684/647/1298 2685/650/1298
f 1397/1405/1299 3487/1405/1299 3488/1404/1299
f 658/652/1300 2748/652/1300 2749/655/1300
f 2043/1855/43 4133/1855/43 4134/1856/43
f 333/356/1301 332/361/1301 2422/361/1301
f 1373/1413/1302 3463/1413/1302 3464/1412/1302
f 555/662/68 554/665/68 2644/665/68
f 1843/1866/1303 3933/1866/1303 3934/1867/1303
f 313/218/1155 312/215/1155 2402/215/1155
f 1365/1278/1304 3455/1278/1304 3456/1419/1304
f 273/203/1305 272/221/1305 2362/221/1305
f 532/374/1306 2622/374/1306 2623/373/1306
f 265/232/1307 264/233/1307 2354/233/1307
f 1851/1876/1308 3941/1876/1308 3942/1878/1308
f 548/389/1309 2638/389/1309 2639/391/1309
f 1357/1426/1310 3447/1426/1310 3448/1284/1310
f 602/668/1311 2692/668/1311 2693/672/1311
f 1979/1889/1312 4069/1889/1312 4070/1887/1312
f 461/390/1313 460/392/1313 2550/392/1313
f 666/675/1314 2756/675/1314 2757/678/1314
f 1518/1432/1315 1517/1435/1315 3607/1435/1315
f 184/237/1316 2274/237/1316 2275/239/1316
f 619/687/1317 618/691/1317 2708/691/1317
f 1859/1890/1942 3949/1890/1942 3950/1891/1942
f 453/401/1319 452/402/1319 2542/402/1319
f 257/247/1320 256/249/1320 2346/249/1320
f 1971/1905/1321 4061/1905/1321 4062/1904/1321
f 1581/1448/1322 3671/1448/1322 3672/1450/1322
f 225/262/1323 224/69/1323 2314/69/1323
f 1510/1447/1324 1509/1455/1324 3599/1455/1324
f 698/697/1325 2788/697/1325 2789/696/1325
f 525/404/1326 524/407/1326 2614/407/1326
f 445/419/1327 444/422/1327 2534/422/1327
f 674/695/1328 2764/695/1328 2765/700/1328
f 192/264/1329 2282/264/1329 2283/268/1329
f 1867/1906/1330 3957/1906/1330 3958/1910/1330
f 249/266/1331 248/270/1331 2338/270/1331
f 1963/1920/1332 4053/1920/1332 4054/1919/1332
f 484/420/1333 2574/420/1333 2575/423/1333
f 217/277/1334 216/280/1334 2306/280/1334
f 610/698/1335 2700/698/1335 2701/705/1335
f 517/432/1336 516/436/1336 2606/436/1336
f 690/719/1337 2780/719/1337 2781/718/1337
f 437/437/1338 436/440/1338 2526/440/1338
f 1875/1925/1339 3965/1925/1339 3966/1927/1339
f 1574/1462/1340 1573/1466/1340 3663/1466/1340
f 682/722/1341 2772/722/1341 2773/723/1341
f 1956/1932/1342 1955/1934/1342 4045/1934/1342
f 200/291/1343 2290/291/1343 2291/294/1343
f 706/734/1344 2796/734/1344 2797/733/1344
f 492/448/1345 2582/448/1345 2583/452/1345
f 1589/1465/1346 3679/1465/1346 3680/1467/1346
f 208/300/1347 2298/300/1347 2299/297/1347
f 714/742/1943 2804/742/1943 2805/743/1943
f 1883/1940/1349 3973/1940/1349 3974/1942/1349
f 356/458/1350 2446/458/1350 2447/459/1350
f 241/298/1351 240/305/1351 2330/305/1351
f 1948/1951/1352 1947/1953/1352 4037/1953/1352
f 509/462/1353 508/468/1353 2598/468/1353
f 1525/1461/1354 3615/1461/1354 3616/1473/1354
f 232/313/1355 2322/313/1355 2323/312/1355
f 722/750/1356 2812/750/1356 2813/751/1356
f 429/463/1357 428/469/1357 2518/469/1357
f 1566/1487/1358 1565/1490/1358 3655/1490/1358
f 353/315/1359 352/314/1359 2442/314/1359
f 851/757/1360 850/758/1360 2940/758/1360
f 1891/1954/1361 3981/1954/1361 3982/1955/1361
f 1597/1488/1362 3687/1488/1362 3688/1491/1362
f 843/765/1363 842/766/1363 2932/766/1363
f 1987/1963/1364 4077/1963/1364 4078/1967/1364
f 1502/1492/1365 1501/1497/1365 3591/1497/1365
f 344/324/1366 2434/324/1366 2435/323/1366
f 835/773/1367 834/774/1367 2924/774/1367
f 827/781/1368 826/782/1368 2916/782/1368
f 819/788/1369 818/789/1369 2908/789/1369
f 1899/1969/1370 3989/1969/1370 3990/1972/1370
f 364/80/1371 2454/80/1371 2455/475/1371
f 1558/1509/1372 1557/1511/1372 3647/1511/1372
f 2012/1975/1373 2011/1979/1373 4101/1979/1373
f 1534/1522/1080 1533/1523/1080 3623/1523/1080
f 320/332/1374 2410/332/1374 2411/335/1374
f 858/793/1375 2948/793/1375 2949/794/1375
f 501/490/1376 500/486/1376 2590/486/1376
f 1550/1521/1377 1549/1525/1377 3639/1525/1377
f 473/339/1378 472/341/1378 2562/341/1378
f 866/802/1944 2956/802/1944 2957/803/1944
f 337/344/1380 336/347/1380 2426/347/1380
f 874/811/1945 2964/811/1945 2965/812/1945
f 1907/1985/1382 3997/1985/1382 3998/1988/1382
f 372/489/1383 2462/489/1383 2463/493/1383
f 1050/817/1384 3140/817/1384 3141/820/1384
f 420/503/1385 2510/503/1385 2511/501/1385
f 1542/1538/654 1541/1535/654 3631/1535/654
f 811/822/1386 810/824/1386 2900/824/1386
f 412/512/1946 2502/512/1946 2503/511/1946
f 1605/1540/1388 3695/1540/1388 3696/1541/1388
f 328/359/1389 2418/359/1389 2419/364/1389
f 1494/1545/1390 1493/1547/1390 3583/1547/1390
f 536/370/1391 2626/370/1391 2627/369/1391
f 396/526/1392 2486/526/1392 2487/525/1392
f 529/377/1393 528/378/1393 2618/378/1393
f 1058/833/1394 3148/833/1394 3149/835/1394
f 1995/1994/1395 4085/1994/1395 4086/1998/1395
f 1613/1556/1396 3703/1556/1396 3704/1559/1396
f 544/367/1397 2634/367/1397 2635/381/1397
f 803/838/1398 802/841/1398 2892/841/1398
f 405/529/1399 404/518/1399 2494/518/1399
f 1486/1558/1400 1485/1560/1400 3575/1560/1400
f 465/382/1401 464/384/1401 2554/384/1401
f 1915/2008/1402 4005/2008/1402 4006/2009/1402
f 1621/1572/1403 3711/1572/1403 3712/1573/1403
f 2004/2007/1404 2003/2013/1404 4093/2013/1404
f 1654/1577/54 1653/1576/54 3743/1576/54
f 457/396/1405 456/397/1405 2546/397/1405
f 1931/2025/1406 4021/2025/1406 4022/2024/1406
f 1478/1574/1407 1477/1580/1407 3567/1580/1407
f 1066/845/1408 3156/845/1408 3157/847/1408
f 480/406/1409 2570/406/1409 2571/410/1409
f 1074/855/1410 3164/855/1410 3165/859/1410
f 1923/2030/1411 4013/2030/1411 4014/2031/1411
f 388/536/1412 2478/536/1412 2479/535/1412
f 449/409/1413 448/412/1413 2538/412/1413
f 795/861/1414 794/862/1414 2884/862/1414
f 1939/1989/209 4029/1989/209 4030/2035/209
f 1629/1587/1415 3719/1587/1415 3720/1590/1415
f 109/11/1416 108/12/1416 2198/12/1416
f 521/418/1417 520/421/1417 2610/421/1417
f 787/873/1418 786/875/1418 2876/875/1418
f 441/428/1419 440/430/1419 2530/430/1419
f 124/22/1420 2214/22/1420 2215/24/1420
f 1082/879/1421 3172/879/1421 3173/882/1421
f 101/27/1422 100/29/1422 2190/29/1422
f 779/886/1423 778/888/1423 2868/888/1423
f 488/434/1424 2578/434/1424 2579/438/1424
f 93/41/1425 92/42/1425 2182/42/1425
f 380/528/1426 2470/528/1426 2471/543/1426
f 513/446/1427 512/450/1427 2602/450/1427
f 1090/894/1947 3180/894/1947 3181/895/1947
f 756/550/1429 2846/550/1429 2847/551/1429
f 1661/1598/179 3751/1598/179 3752/1600/179
f 433/447/1431 432/451/1431 2522/451/1431
f 882/910/1432 2972/910/1432 2973/912/1432
f 4/45/1433 2094/45/1433 2095/46/1433
f 636/554/1434 2726/554/1434 2727/555/1434
f 771/911/1435 770/914/1435 2860/914/1435
f 12/55/1436 2102/55/1436 2103/54/1436
f 628/569/1437 2718/569/1437 2719/568/1437
f 360/465/1438 2450/465/1438 2451/466/1438
f 496/467/1439 2586/467/1439 2587/472/1439
f 890/923/1440 2980/923/1440 2981/925/1440
f 20/62/1441 2110/62/1441 2111/64/1441
f 85/75/1442 84/77/1442 2174/77/1442
f 368/481/1443 2458/481/1443 2459/483/1443
f 61/82/1444 60/84/1444 2150/84/1444
f 749/574/1445 748/577/1445 2838/577/1445
f 505/20/226 504/488/226 2594/488/226
f 898/939/1446 2988/939/1446 2989/941/1446
f 1669/1614/1447 3759/1614/1447 3760/1615/1447
f 425/485/1448 424/492/1448 2514/492/1448
f 1043/940/1449 1042/942/1449 3132/942/1449
f 644/575/1450 2734/575/1450 2735/579/1450
f 1686/1613/1451 1685/1617/1451 3775/1617/1451
f 1035/952/1452 1034/953/1452 3124/953/1452
f 28/85/1453 2118/85/1453 2119/88/1453
f 53/97/1454 52/99/1454 2142/99/1454
f 580/585/1455 2670/585/1455 2671/588/1455
f 906/959/1456 2996/959/1456 2997/960/1456
f 573/589/1457 572/594/1457 2662/594/1457
f 376/498/1458 2466/498/1458 2467/500/1458
f 417/507/1459 416/508/1459 2506/508/1459
f 914/971/1460 3004/971/1460 3005/973/1460
f 36/110/1461 2126/110/1461 2127/113/1461
f 741/604/1462 740/605/1462 2830/605/1462
f 408/515/1463 2498/515/1463 2499/514/1463
f 1027/972/1464 1026/974/1464 3116/974/1464
f 44/117/1465 2134/117/1465 2135/116/1465
f 733/621/1287 732/622/1287 2822/622/1287
f 400/522/1904 2490/522/1904 2491/521/1904
f 1637/1621/1466 3727/1621/1466 3728/1626/1466
f 392/532/1467 2482/532/1467 2483/531/1467
f 77/112/1468 76/118/1468 2166/118/1468
f 385/539/1469 384/540/1469 2474/540/1469
f 922/983/1470 3012/983/1470 3013/985/1470
f 68/131/1471 2158/131/1471 2159/130/1471
f 752/546/1472 2842/546/1472 2843/547/1472
f 1019/991/1473 1018/993/1473 3108/993/1473
f 292/133/1474 2382/133/1474 2383/134/1474
f 652/620/1475 2742/620/1475 2743/628/1475
f 633/561/1476 632/562/1476 2722/562/1476
f 1011/1001/1477 1010/1006/1477 3100/1006/1477
f 285/143/1478 284/144/1478 2374/144/1478
f 588/624/1479 2678/624/1479 2679/629/1479
f 565/631/1480 564/636/1480 2654/636/1480
f 1678/1633/1481 1677/1630/1481 3767/1630/1481
f 640/560/1482 2730/560/1482 2731/563/1482
f 930/1010/1483 3020/1010/1483 3021/1014/1483
f 164/156/1484 2254/156/1484 2255/152/1484
f 725/637/54 724/639/54 2814/639/54
f 760/565/1485 2850/565/1485 2851/571/1485
f 954/1013/1486 3044/1013/1486 3045/1016/1486
f 1645/1640/1487 3735/1640/1487 3736/1641/1487
f 576/581/1488 2666/581/1488 2667/578/1488
f 962/1032/1489 3052/1032/1489 3053/1034/1489
f 596/653/1490 2686/653/1490 2687/656/1490
f 1717/1649/161 3807/1649/161 3808/1650/161
f 1003/1031/1491 1002/1036/1491 3092/1036/1491
f 557/657/1492 556/660/1492 2646/660/1492
f 1773/1653/861 3863/1653/861 3864/1655/861
f 745/593/1493 744/595/1493 2834/595/1493
f 1725/1665/179 3815/1665/179 3816/1667/179
f 172/159/1494 2262/159/1494 2263/165/1494
f 660/659/1495 2750/659/1495 2751/663/1495
f 1781/1668/865 3871/1668/865 3872/1672/865
f 648/596/1496 2738/596/1496 2739/602/1496
f 938/1038/1497 3028/1038/1497 3029/1042/1497
f 157/170/1498 156/172/1498 2246/172/1498
f 1766/1684/1192 1765/1686/1192 3855/1686/1192
f 970/1048/1948 3060/1048/1948 3061/1049/1948
f 604/676/1500 2694/676/1500 2695/679/1500
f 994/1056/1949 3084/1056/1949 3085/1055/1949
f 668/681/1502 2758/681/1502 2759/682/1502
f 1710/1687/935 1709/1689/935 3799/1689/935
f 584/601/1503 2674/601/1503 2675/607/1503
f 979/1070/1504 978/1069/1504 3068/1069/1504
f 300/169/1505 2390/169/1505 2391/174/1505
f 621/680/1506 620/684/1506 2710/684/1506
f 569/609/1507 568/614/1507 2658/614/1507
f 277/178/394 276/182/394 2366/182/394
f 1701/1703/511 3791/1703/511 3792/1702/511
f 946/1081/1508 3036/1081/1508 3037/1082/1508
f 149/187/1509 148/189/1509 2238/189/1509
f 736/615/1510 2826/615/1510 2827/611/1510
f 676/701/1511 2766/701/1511 2767/702/1511
f 1757/1711/1512 3847/1711/1512 3848/1701/1512
f 729/627/1076 728/630/1076 2818/630/1076
f 1170/1085/1513 3260/1085/1513 3261/1086/1513
f 140/200/365 2230/200/365 2231/199/365
f 1259/1095/1514 1258/1099/1514 3348/1099/1514
f 1750/1717/1515 1749/1720/1515 3839/1720/1515
f 309/210/938 308/208/938 2398/208/938
f 612/711/1516 2702/711/1516 2703/715/1516
f 592/640/1517 2682/640/1517 2683/645/1517
f 1123/1102/1518 1122/1100/1518 3212/1100/1518
f 132/3/123 2222/3/123 2223/216/123
f 692/717/1519 2782/717/1519 2783/714/1519
f 1694/1719/1520 1693/1721/1520 3783/1721/1520
f 656/644/1521 2746/644/1521 2747/648/1521
f 1115/1111/1522 1114/1114/1522 3204/1114/1522
f 316/38/940 2406/38/940 2222/3/940
f 561/646/1523 560/649/1523 2650/649/1523
f 684/725/1524 2774/725/1524 2775/726/1524
f 1178/1113/1525 3268/1113/1525 3269/1119/1525
f 708/732/1526 2798/732/1526 2799/731/1526
f 1733/1390/1527 3823/1390/1527 3824/1730/1527
f 269/226/1528 268/227/1528 2358/227/1528
f 700/740/1529 2790/740/1529 2791/739/1529
f 1813/1729/1530 3903/1729/1530 3904/1736/1530
f 600/664/1531 2690/664/1531 2691/667/1531
f 1130/1122/1532 3220/1122/1532 3221/1125/1532
f 1805/1743/577 3895/1743/577 3896/1742/577
f 1107/1137/1533 1106/1141/1533 3196/1141/1533
f 180/225/1534 2270/225/1534 2271/228/1534
f 716/744/1535 2806/744/1535 2807/745/1535
f 852/756/1536 2942/756/1536 2943/755/1536
f 845/763/1537 844/764/1537 2934/764/1537
f 664/671/1538 2754/671/1538 2755/674/1538
f 1251/1140/1539 1250/1144/1539 3340/1144/1539
f 837/771/1540 836/772/1540 2926/772/1540
f 1789/1074/581 3879/1074/581 3880/1755/581
f 116/2/3 2206/2/3 2091/3/3
f 829/779/1541 828/780/1541 2918/780/1541
f 672/689/1542 2762/689/1542 2763/692/1542
f 821/785/1543 820/786/1543 2910/786/1543
f 1/3/209 2091/3/209 2092/5/209
f 608/690/1544 2698/690/1544 2699/693/1544
f 1138/1150/1545 3228/1150/1545 3229/1154/1545
f 1741/1758/1546 3831/1758/1546 3832/1760/1546
f 114/6/1547 113/7/1547 2203/7/1547
f 617/694/1548 616/699/1548 2706/699/1548
f 1186/1151/1549 3276/1151/1549 3277/1155/1549
f 860/795/1550 2950/795/1550 2951/796/1550
f 1838/38/1551 1837/1762/1551 3927/1762/1551
f 1099/1170/1552 1098/1174/1552 3188/1174/1552
f 868/805/1553 2958/805/1553 2959/806/1553
f 121/15/1554 2211/15/1554 2212/17/1554
f 1797/1749/587 3887/1749/587 3888/1766/587
f 106/18/1555 105/20/1555 2195/20/1555
f 1243/1172/1556 1242/1176/1556 3332/1176/1556
f 813/816/1557 812/819/1557 2902/819/1557
f 98/32/1558 97/34/1558 2187/34/1558
f 696/704/1950 2786/704/1950 2787/703/1950
f 680/713/1560 2770/713/1560 2771/716/1560
f 688/721/1561 2778/721/1561 2779/720/1561
f 1194/1183/1562 3284/1183/1562 3285/1184/1562
f 1821/1773/1563 3911/1773/1563 3912/1778/1563
f 129/33/1564 2219/33/1564 2220/35/1564
f 1052/821/1565 3142/821/1565 3143/823/1565
f 1830/1777/1566 1829/1779/1566 3919/1779/1566
f 704/736/1567 2794/736/1567 2795/735/1567
f 1146/1180/1568 3236/1180/1568 3237/1187/1568
f 805/834/1569 804/836/1569 2894/836/1569
f 2078/1787/764 2077/1786/764 4167/1786/764
f 17/44/1570 2107/44/1570 2108/51/1570
f 712/728/1951 2802/728/1951 2803/741/1951
f 1235/1198/1572 1234/1202/1572 3324/1202/1572
f 9/58/1573 2099/58/1573 2100/57/1573
f 1202/1203/1574 3292/1203/1574 3293/1205/1574
f 720/748/1575 2810/748/1575 2811/749/1575
f 1163/1213/1576 1162/1219/1576 3252/1219/1576
f 1060/837/1577 3150/837/1577 3151/839/1577
f 90/61/1578 89/63/1578 2179/63/1578
f 824/753/3 2914/753/3 2915/754/3
f 1068/848/1579 3158/848/1579 3159/849/1579
f 66/69/1580 65/68/1580 2155/68/1580
f 849/759/1581 848/760/1581 2938/760/1581
f 797/858/1582 796/860/1582 2886/860/1582
f 841/767/1583 840/768/1583 2930/768/1583
f 1227/1224/1584 1226/1226/1584 3316/1226/1584
f 833/775/1585 832/776/1585 2922/776/1585
f 1076/863/1586 3166/863/1586 3167/866/1586
f 856/790/1587 2946/790/1587 2947/792/1587
f 789/870/1588 788/872/1588 2878/872/1588
f 25/74/1589 2115/74/1589 2116/76/1589
f 817/791/1590 816/797/1590 2906/797/1590
f 1154/1227/1591 3244/1227/1591 3245/1231/1591
f 2085/1794/175 4175/1794/175 4176/1795/175
f 58/87/1592 57/89/1592 2147/89/1592
f 1210/1229/1593 3300/1229/1593 3301/1234/1593
f 781/883/1594 780/884/1594 2870/884/1594
f 1219/1246/1595 1218/1247/1595 3308/1247/1595
f 82/90/1596 81/96/1596 2171/96/1596
f 1298/1257/253 3388/1257/253 3389/97/253
f 2090/38/199 4180/38/199 4103/1801/199
f 1291/1250/1597 1290/1260/1597 3380/1260/1597
f 1084/885/1598 3174/885/1598 3175/887/1598
f 1092/896/1952 3182/896/1952 3183/897/1952
f 33/101/1600 2123/101/1600 2124/104/1600
f 864/800/1953 2954/800/1953 2955/801/1953
f 876/814/1602 2966/814/1602 2967/904/1602
f 50/105/1603 49/106/1603 2139/106/1603
f 773/903/1604 772/907/1604 2862/907/1604
f 1283/1271/1810 1282/80/1810 3372/80/1810
f 872/809/1954 2962/809/1954 2963/810/1954
f 2069/1807/184 4159/1807/184 4160/1806/184
f 41/123/1955 2131/123/1955 2132/122/1955
f 1049/813/54 1048/818/54 3138/818/54
f 1274/1279/710 3364/1279/710 3365/1278/710
f 809/826/1609 808/828/1609 2898/828/1609
f 74/125/1610 73/126/1610 2163/126/1610
f 884/913/1611 2974/913/1611 2975/915/1611
f 290/135/1612 289/137/1612 2379/137/1612
f 1267/1287/715 1266/1288/715 3356/1288/715
f 765/926/474 764/928/474 2854/928/474
f 1056/829/1613 3146/829/1613 3147/831/1613
f 1064/843/1614 3154/843/1614 3155/844/1614
f 801/846/1615 800/851/1615 2890/851/1615
f 1306/1280/3 3396/1280/3 3397/1290/3
f 892/927/1616 2982/927/1616 2983/929/1616
f 169/147/1617 2259/147/1617 2260/149/1617
f 1330/1301/902 3420/1301/902 3421/1300/902
f 297/145/1618 2387/145/1618 2388/153/1618
f 1314/1314/907 3404/1314/907 3405/1313/907
f 1045/936/1619 1044/938/1619 3134/938/1619
f 2062/1814/266 2061/1815/266 4151/1815/266
f 282/155/1621 281/160/1621 2371/160/1621
f 1322/1320/919 3412/1320/919 3413/1319/919
f 162/158/1622 161/161/1622 2251/161/1622
f 1072/853/1623 3162/853/1623 3163/854/1623
f 1338/1322/43 3428/1322/43 3429/1323/43
f 1346/1329/43 3436/1329/43 3437/1293/43
f 900/944/1624 2990/944/1624 2991/947/1624
f 154/176/1625 153/179/1625 2243/179/1625
f 793/864/1626 792/865/1626 2882/865/1626
f 1434/1333/1627 3524/1333/1627 3525/1306/1627
f 1037/949/1628 1036/951/1628 3126/951/1628
f 1442/1301/1629 3532/1301/1629 3533/1342/1629
f 1427/1345/1630 1426/1346/1630 3516/1346/1630
f 908/962/1631 2998/962/1631 2999/963/1631
f 1080/874/1632 3170/874/1632 3171/877/1632
f 1029/966/1633 1028/969/1633 3118/969/1633
f 785/876/1634 784/878/1634 2874/878/1634
f 1419/1352/285 1418/1353/285 3508/1353/285
f 2013/1801/209 4103/1801/209 4104/1823/209
f 146/191/1635 145/195/1635 2235/195/1635
f 916/975/1636 3006/975/1636 3007/976/1636
f 2054/1822/283 2053/1824/283 4143/1824/283
f 1411/1359/678 1410/1360/678 3500/1360/678
f 2037/1828/824 4127/1828/824 4128/1827/824
f 274/194/1637 273/203/1637 2363/203/1637
f 1088/892/1956 3178/892/1956 3179/893/1956
f 924/986/1639 3014/986/1639 3015/987/1639
f 1096/38/1957 3186/38/1957 3138/818/1957
f 1021/989/1641 1020/990/1641 3110/990/1641
f 2030/1835/827 2029/1836/827 4119/1836/827
f 306/205/84 305/206/84 2395/206/84
f 776/900/1642 2866/900/1642 2867/889/1642
f 1458/1367/1259 3548/1367/1259 3549/1368/1259
f 1013/999/1643 1012/1000/1643 3102/1000/1643
f 137/207/1377 2227/207/1377 2228/202/1377
f 1466/1377/1644 3556/1377/1644 3557/1379/1644
f 2021/1842/830 4111/1842/830 4112/1841/830
f 880/908/1645 2970/908/1645 2971/909/1645
f 1451/1382/1646 1450/1383/1646 3540/1383/1646
f 769/917/1647 768/920/1647 2858/920/1647
f 1387/1389/1648 1386/1260/1648 3476/1260/1648
f 932/1017/1649 3022/1017/1649 3023/1020/1649
f 314/217/91 313/218/91 2403/218/91
f 1379/1269/1650 1378/1398/1650 3468/1398/1650
f 956/1018/1651 3046/1018/1651 3047/1021/1651
f 2045/1857/43 4135/1857/43 4136/1858/43
f 177/192/1652 2267/192/1652 2268/220/1652
f 1402/1401/1653 3492/1401/1653 3493/1400/1653
f 1005/1023/1654 1004/1027/1654 3094/1027/1654
f 1845/1868/1655 3935/1868/1655 3936/1869/1655
f 266/230/1656 265/232/1656 2355/232/1656
f 888/919/1657 2978/919/1657 2979/921/1657
f 1394/1408/1658 3484/1408/1658 3485/1407/1658
f 964/1035/1659 3054/1035/1659 3055/1037/1659
f 1370/1415/1958 3460/1415/1958 3461/1414/1958
f 1853/1880/1661 3943/1880/1661 3944/1881/1661
f 1981/1884/1662 4071/1884/1662 4072/1882/1662
f 1362/1422/1959 3452/1422/1959 3453/1421/1959
f 940/1046/1664 3030/1046/1664 3031/1050/1664
f 185/239/1665 2275/239/1665 2276/242/1665
f 896/933/1018 2986/933/1018 2987/937/1018
f 996/1054/1666 3086/1054/1666 3087/1052/1666
f 1861/1893/1667 3951/1893/1667 3952/1894/1667
f 258/243/1668 257/247/1668 2347/247/1668
f 1041/943/1669 1040/945/1669 3130/945/1669
f 1354/1429/1670 3444/1429/1670 3445/1428/1670
f 972/1053/1671 3062/1053/1671 3063/1058/1671
f 1973/1903/1672 4063/1903/1672 4064/1902/1672
f 226/261/1673 225/262/1673 2315/262/1673
f 988/1063/1674 3078/1063/1674 3079/1062/1674
f 1515/1438/1675 1514/1439/1675 3604/1439/1675
f 980/1071/1676 3070/1071/1676 3071/1073/1676
f 250/263/1677 249/266/1677 2339/266/1677
f 904/955/1678 2994/955/1678 2995/957/1678
f 948/1083/13 3038/1083/13 3039/1002/13
f 1869/1912/1679 3959/1912/1679 3960/1914/1679
f 1033/956/1680 1032/958/1680 3122/958/1680
f 1965/1916/1681 4055/1916/1681 4056/1913/1681
f 1522/1440/1682 3612/1440/1682 3613/1442/1682
f 193/268/1683 2283/268/1683 2284/272/1683
f 1579/1445/1684 1578/1451/1684 3668/1451/1684
f 1172/1088/1685 3262/1088/1685 3263/1090/1685
f 1958/1928/1686 1957/1930/1686 4047/1930/1686
f 218/276/1687 217/277/1687 2307/277/1687
f 912/968/1688 3002/968/1688 3003/970/1688
f 1586/1458/1689 3676/1458/1689 3677/1460/1689
f 1261/1091/1690 1260/1093/1690 3350/1093/1690
f 1025/977/1691 1024/980/1691 3114/980/1691
f 1507/1469/1692 1506/1474/1692 3596/1474/1692
f 1877/1929/1693 3967/1929/1693 3968/1931/1693
f 1124/1104/1694 3214/1104/1694 3215/1106/1694
f 201/294/1695 2291/294/1695 2292/296/1695
f 920/981/1696 3010/981/1696 3011/982/1696
f 1117/1105/1697 1116/1108/1697 3206/1108/1697
f 1885/1944/1698 3975/1944/1698 3976/1945/1698
f 210/295/1699 209/297/1699 2299/297/1699
f 1017/994/1700 1016/995/1700 3106/995/1700
f 1571/1472/1701 1570/1476/1701 3660/1476/1701
f 1950/1946/1702 1949/1948/1702 4039/1948/1702
f 242/293/1703 241/298/1703 2331/298/1703
f 1594/1477/1704 3684/1477/1704 3685/1482/1704
f 1180/1124/1705 3270/1124/1705 3271/1129/1705
f 234/311/1706 233/312/1706 2323/312/1706
f 928/1005/1707 3018/1005/1707 3019/1007/1707
f 1563/1496/1708 1562/1499/1708 3652/1499/1708
f 1893/1957/586 3983/1957/586 3984/1959/586
f 353/315/1709 2443/315/1709 2444/316/1709
f 952/1009/1710 3042/1009/1710 3043/1011/1710
f 1132/1128/1711 3222/1128/1711 3223/1132/1711
f 1942/1968/1712 1941/1971/1712 4031/1971/1712
f 346/322/1713 345/323/1713 2435/323/1713
f 1009/1008/1714 1008/1012/1714 3098/1012/1714
f 1109/1131/1715 1108/1134/1715 3198/1134/1715
f 960/1028/1716 3050/1028/1716 3051/1029/1716
f 1989/1970/1717 4079/1970/1717 4080/1974/1717
f 1253/1130/1718 1252/1135/1718 3342/1135/1718
f 1941/1971/1719 2012/1975/1719 4102/1975/1719
f 1530/1500/1720 3620/1500/1720 3621/1508/1720
f 321/335/1721 2411/335/1721 2412/337/1721
f 936/1030/1722 3026/1030/1722 3027/1033/1722
f 1499/1505/1723 1498/1510/1723 3588/1510/1723
f 1901/1973/1724 3991/1973/1724 3992/1976/1724
f 474/336/1725 473/339/1725 2563/339/1725
f 1001/1039/1726 1000/1043/1726 3090/1043/1726
f 1140/1158/1727 3230/1158/1727 3231/1161/1727
f 337/344/1728 2427/344/1728 2428/342/1728
f 968/1044/1729 3058/1044/1729 3059/1045/1729
f 1188/1159/1730 3278/1159/1730 3279/1163/1730
f 1909/1992/1731 3999/1992/1731 4000/1993/1731
f 993/1057/1732 992/1059/1732 3082/1059/1732
f 1602/1506/1733 3692/1506/1733 3693/1512/1733
f 1101/1162/1734 1100/1166/1734 3190/1166/1734
f 2006/1999/1735 2005/2002/1735 4095/2002/1735
f 976/1067/1736 3066/1067/1736 3067/1068/1736
f 1555/1514/1737 1554/1515/1737 3644/1515/1737
f 1997/2001/1738 4087/2001/1738 4088/2006/1738
f 329/364/1121 2419/364/1121 2420/366/1121
f 984/1076/1960 3074/1076/1960 3075/1074/1960
f 1245/1164/1740 1244/1168/1740 3334/1168/1740
f 944/1079/1741 3034/1079/1741 3035/1080/1741
f 1547/1529/1742 1546/1532/1742 3636/1532/1742
f 1196/1186/1214 3286/1186/1214 3287/1190/1214
f 1917/2010/1743 4007/2010/1743 4008/2014/1743
f 538/368/1744 537/369/1744 2627/369/1744
f 1120/1097/1745 3210/1097/1745 3211/1096/1745
f 1539/1533/1137 1538/1530/1137 3628/1530/1137
f 1933/2022/1746 4023/2022/1746 4024/2018/1746
f 1610/1549/1747 3700/1549/1747 3701/1551/1747
f 1237/1191/1748 1236/1196/1748 3326/1196/1748
f 1491/1550/1749 1490/1552/1749 3580/1552/1749
f 1176/1098/1750 3266/1098/1750 3267/1107/1750
f 1257/1109/1751 1256/1115/1751 3346/1115/1751
f 1483/1563/1752 1482/1564/1752 3572/1564/1752
f 1148/1193/1753 3238/1193/1753 3239/1200/1753
f 1926/2034/1754 1925/2033/1754 4015/2033/1754
f 1165/1201/1755 1164/1207/1755 3254/1207/1755
f 111/9/1756 110/10/1756 2200/10/1756
f 1128/1116/1757 3218/1116/1757 3219/1118/1757
f 1113/1117/1758 1112/1121/1758 3202/1121/1758
f 1618/1567/1759 3708/1567/1759 3709/1569/1759
f 119/4/54 118/16/54 2208/16/54
f 1626/1583/1760 3716/1583/1760 3717/1584/1760
f 103/23/1761 102/25/1761 2192/25/1761
f 530/376/1762 529/377/1762 2619/377/1762
f 1475/1585/1763 1474/1588/1763 3564/1588/1763
f 1204/1209/1764 3294/1209/1764 3295/1210/1764
f 1229/1216/1765 1228/1220/1765 3318/1220/1765
f 1136/1142/1766 3226/1142/1766 3227/1146/1766
f 1658/1595/1767 3748/1595/1767 3749/1596/1767
f 126/26/1768 2216/26/1768 2217/28/1768
f 1184/1143/1769 3274/1143/1769 3275/1147/1769
f 95/37/1770 94/39/1770 2184/39/1770
f 466/380/1771 465/382/1771 2555/382/1771
f 1105/1145/1772 1104/1149/1772 3194/1149/1772
f 1666/1607/1773 3756/1607/1773 3757/1609/1773
f 1156/1235/1774 3246/1235/1774 3247/1238/1774
f 1634/1608/1775 3724/1608/1775 3725/1612/1775
f 545/381/1776 2635/381/1776 2636/383/1776
f 1249/1148/1777 1248/1152/1777 3338/1152/1777
f 1683/1623/872 1682/1625/872 3772/1625/872
f 1212/1239/1778 3302/1239/1778 3303/1241/1778
f 6/47/1779 2096/47/1779 2097/48/1779
f 458/103/1780 457/396/1780 2547/396/1780
f 1674/1624/1781 3764/1624/1781 3765/1627/1781
f 1220/1244/1782 3310/1244/1782 3311/1242/1782
f 14/53/43 2104/53/43 2105/52/43
f 1292/1251/161 3382/1251/161 3383/1252/161
f 450/408/1783 449/409/1783 2539/409/1783
f 1144/1173/1784 3234/1173/1784 3235/1177/1784
f 1642/1637/1785 3732/1637/1785 3733/1638/1785
f 1300/1258/179 3390/1258/179 3391/1259/179
f 1192/1175/1786 3282/1175/1786 3283/1178/1786
f 1285/1269/181 1284/1270/181 3374/1270/181
f 1650/1645/1787 3740/1645/1787 3741/1646/1787
f 22/66/1788 2112/66/1788 2113/71/1788
f 481/410/1789 2571/410/1789 2572/413/1789
f 1241/1179/1790 1240/1182/1790 3330/1182/1790
f 1722/1659/548 3812/1659/548 3813/1661/548
f 1276/1277/1791 3366/1277/1791 3367/1276/1791
f 87/67/1792 86/72/1792 2176/72/1792
f 522/414/1793 521/418/1793 2611/418/1793
f 1778/1662/253 3868/1662/253 3869/1664/253
f 63/79/1794 62/81/1794 2152/81/1794
f 442/426/1795 441/428/1795 2531/428/1795
f 1771/1651/1597 1770/1670/1597 3860/1670/1597
f 1269/1285/1796 1268/1286/1796 3358/1286/1796
f 489/438/1797 2579/438/1797 2580/441/1797
f 1200/1197/1798 3290/1197/1798 3291/1199/1798
f 30/91/1799 2120/91/1799 2121/94/1799
f 514/443/1800 513/446/1800 2603/446/1800
f 1233/1204/1801 1232/1208/1801 3322/1208/1801
f 1715/1669/1278 1714/1674/1278 3804/1674/1278
f 1348/1292/13 3438/1292/13 3439/1289/13
f 55/93/1802 54/95/1802 2144/95/1802
f 434/445/1803 433/447/1803 2523/447/1803
f 1308/1291/13 3398/1291/13 3399/1294/13
f 79/103/1804 78/108/1804 2168/108/1804
f 1152/1218/1805 3242/1218/1805 3243/1222/1805
f 1332/1299/239 3422/1299/239 3423/20/239
f 46/114/1806 2136/114/1806 2137/111/1806
f 1208/1221/1807 3298/1221/1807 3299/1225/1807
f 1324/1307/1961 3414/1307/1961 3415/1306/1961
f 1161/1223/1809 1160/1228/1809 3250/1228/1809
f 1763/1690/1810 1762/1692/1810 3852/1692/1810
f 1316/103/247 3406/103/247 3407/1312/247
f 361/466/1811 2451/466/1811 2452/470/1811
f 497/472/1812 2587/472/1812 2588/477/1812
f 1707/1693/1813 1706/1695/1813 3796/1695/1813
f 1340/1324/43 3430/1324/43 3431/1325/43
f 38/115/1814 2128/115/1814 2129/119/1814
f 1225/1230/1815 1224/1233/1815 3314/1233/1815
f 1436/1334/1816 3526/1334/1816 3527/1335/1816
f 70/129/1817 2160/129/1817 2161/128/1817
f 506/478/1962 505/20/1962 2595/20/1962
f 1699/1705/1819 1698/1706/1819 3788/1706/1819
f 1444/1343/808 3534/1343/808 3535/1344/808
f 294/136/1820 2384/136/1820 2385/139/1820
f 1216/1248/1821 3306/1248/1821 3307/1249/1821
f 1429/1341/1822 1428/1309/1822 3518/1309/1822
f 287/140/1823 286/141/1823 2376/141/1823
f 369/483/401 2459/483/401 2460/484/401
f 1296/1255/193 3386/1255/193 3387/1256/193
f 1730/1679/209 3820/1679/209 3821/1710/209
f 426/480/1824 425/485/1824 2515/485/1824
f 1304/1264/199 3394/1264/199 3395/1265/199
f 1754/1401/1825 3844/1401/1825 3845/1713/1825
f 1421/1313/1826 1420/1351/1826 3510/1351/1826
f 1289/1263/201 1288/1266/201 3378/1266/201
f 166/151/1963 2256/151/1963 2257/150/1963
f 1747/1724/1828 1746/1725/1828 3836/1725/1828
f 1413/1357/1829 1412/1358/1829 3502/1358/1829
f 1281/1272/212 1280/1273/212 3370/1273/212
f 159/166/1830 158/168/1830 2248/168/1830
f 1460/1369/1831 3550/1369/1831 3551/1370/1831
f 1272/1282/1829 3362/1282/1829 3363/1281/1829
f 1453/1375/1833 1452/1378/1833 3542/1378/1833
f 377/500/1834 2467/500/1834 2468/502/1834
f 1738/1734/1835 3828/1734/1835 3829/1735/1835
f 417/507/13 2507/507/13 2508/506/13
f 279/167/1836 278/173/1836 2368/173/1836
f 410/513/311 409/514/311 2499/514/311
f 1328/1303/217 3418/1303/217 3419/1302/217
f 401/521/1837 2491/521/1837 2492/520/1837
f 1321/1308/221 1320/1309/221 3410/1309/221
f 1802/1746/686 3892/1746/686 3893/1745/686
f 174/171/1838 2264/171/1838 2265/177/1838
f 394/530/1964 393/531/1964 2483/531/1964
f 1312/1316/223 3402/1316/223 3403/1315/223
f 1468/1380/1965 3558/1380/1965 3559/1381/1965
f 151/183/1841 150/185/1841 2240/185/1841
f 386/538/1842 385/539/1842 2475/539/1842
f 1336/1296/43 3426/1296/43 3427/1321/43
f 1794/1751/688 3884/1751/688 3885/1750/688
f 753/547/1843 2843/547/1843 2844/548/1843
f 1344/1328/43 3434/1328/43 3435/1295/43
f 1388/1388/1844 3478/1388/1844 3479/1387/1844
f 633/561/1845 2723/561/1845 2724/559/1845
f 1432/1331/1846 3522/1331/1846 3523/1332/1846
f 1786/1718/690 3876/1718/690 3877/1757/690
f 1381/1394/1847 1380/1397/1847 3470/1397/1847
f 302/180/1848 2392/180/1848 2393/186/1848
f 1440/1338/1966 3530/1338/1966 3531/1340/1966
f 1396/1406/1849 3486/1406/1849 3487/1405/1849
f 142/198/1737 2232/198/1737 2233/197/1737
f 641/563/1850 2731/563/1850 2732/567/1850
f 1424/1348/1851 3514/1348/1851 3515/1347/1851
f 1818/1764/1852 3908/1764/1852 3909/1767/1852
f 1372/1273/1853 3462/1273/1853 3463/1413/1853
f 761/571/407 2851/571/407 2852/38/407
f 1834/1771/1765 3924/1771/1765 3925/1770/1765
f 311/212/712 310/213/712 2400/213/712
f 626/573/1854 625/576/1854 2715/576/1854
f 1416/1355/1791 3506/1355/1791 3507/1354/1791
f 1810/1738/43 3900/1738/43 3901/1776/43
f 1364/1420/1855 3454/1420/1855 3455/1278/1855
f 135/211/1742 134/214/1742 2224/214/1742
f 1827/1782/1967 1826/1784/1967 3916/1784/1967
f 1409/1362/1796 1408/1363/1796 3498/1363/1796
f 2082/1791/193 4172/1791/193 4173/1792/193
f 1356/1427/1857 3446/1427/1857 3447/1426/1857
f 625/576/1858 762/38/1858 2852/38/1858
f 2075/1800/793 2074/1802/793 4164/1802/793
f 1457/1366/1859 1456/1324/1859 3546/1324/1859
f 2067/1809/801 2066/1810/801 4156/1810/801
f 1404/1431/43 3494/1431/43 3495/1365/43
f 271/223/1860 270/224/1860 2360/224/1860
f 2059/1817/633 2058/1818/633 4148/1818/633
f 1517/1435/1861 1516/1436/1861 3606/1436/1861
f 2035/1830/902 2034/1831/902 4124/1831/902
f 577/578/1862 2667/578/1862 2668/580/1862
f 1464/1374/1863 3554/1374/1863 3555/1376/1863
f 745/593/507 2835/593/507 2836/590/507
f 1449/1297/1864 1448/1384/1864 3538/1384/1864
f 2019/1844/907 2018/1845/907 4108/1845/907
f 182/231/1865 2272/231/1865 2273/234/1865
f 649/602/1866 2739/602/1866 2740/606/1866
f 1385/1390/1867 1384/1391/1867 3474/1391/1867
f 1581/1448/1868 1580/1449/1868 3670/1449/1868
f 263/235/1869 262/236/1869 2352/236/1869
f 2026/1850/919 4116/1850/919 4117/1849/919
f 230/245/209 2320/245/209 2321/246/209
