# Blender 4.4.3
# www.blender.org
mtllib titleText_na.mtl
o titleText_na
v 0.279696 0.078622 -0.061632
v 0.281395 0.073671 -0.061632
v 0.282960 0.068831 -0.061632
v 0.284389 0.064101 -0.061632
v 0.285683 0.059482 -0.061632
v 0.286843 0.054973 -0.061632
v 0.287867 0.050574 -0.061632
v 0.288757 0.046286 -0.061632
v 0.289512 0.042108 -0.061632
v 0.290131 0.038041 -0.061632
v 0.290616 0.034084 -0.061632
v 0.290965 0.030238 -0.061632
v 0.291180 0.026502 -0.061632
v 0.291174 0.026358 -0.061632
v 0.291156 0.026220 -0.061632
v 0.291125 0.026088 -0.061632
v 0.291082 0.025962 -0.061632
v 0.291027 0.025842 -0.061632
v 0.290959 0.025729 -0.061632
v 0.290880 0.025621 -0.061632
v 0.290788 0.025520 -0.061632
v 0.290683 0.025425 -0.061632
v 0.290567 0.025336 -0.061632
v 0.290438 0.025253 -0.061632
v 0.290297 0.025177 -0.061632
v 0.290150 0.025112 -0.061632
v 0.290002 0.025066 -0.061632
v 0.289855 0.025039 -0.061632
v 0.289708 0.025029 -0.061632
v 0.289561 0.025039 -0.061632
v 0.289413 0.025066 -0.061632
v 0.289266 0.025112 -0.061632
v 0.289119 0.025177 -0.061632
v 0.288972 0.025260 -0.061632
v 0.288825 0.025361 -0.061632
v 0.288677 0.025480 -0.061632
v 0.288530 0.025618 -0.061632
v 0.287110 0.028569 -0.061632
v 0.285499 0.031532 -0.061632
v 0.283699 0.034508 -0.061632
v 0.281708 0.037495 -0.061632
v 0.279527 0.040495 -0.061632
v 0.277156 0.043507 -0.061632
v 0.274595 0.046531 -0.061632
v 0.271844 0.049568 -0.061632
v 0.268902 0.052617 -0.061632
v 0.265770 0.055678 -0.061632
v 0.262448 0.058752 -0.061632
v 0.258936 0.061837 -0.061632
v 0.255314 0.064862 -0.061632
v 0.251661 0.067751 -0.061632
v 0.247977 0.070506 -0.061632
v 0.244262 0.073125 -0.061632
v 0.240517 0.075610 -0.061632
v 0.236741 0.077959 -0.061632
v 0.232935 0.080174 -0.061632
v 0.229097 0.082254 -0.061632
v 0.225229 0.084198 -0.061632
v 0.221331 0.086008 -0.061632
v 0.217402 0.087683 -0.061632
v 0.213442 0.089223 -0.061632
v 0.211675 0.089223 -0.061632
v 0.211380 0.089210 -0.061632
v 0.211086 0.089174 -0.061632
v 0.210791 0.089112 -0.061632
v 0.210497 0.089026 -0.061632
v 0.210203 0.088916 -0.061632
v 0.209908 0.088781 -0.061632
v 0.209614 0.088621 -0.061632
v 0.209319 0.088437 -0.061632
v 0.209025 0.088229 -0.061632
v 0.208730 0.087996 -0.061632
v 0.208436 0.087738 -0.061632
v 0.208141 0.087456 -0.061632
v 0.207859 0.087161 -0.061632
v 0.207601 0.086867 -0.061632
v 0.207368 0.086572 -0.061632
v 0.207160 0.086278 -0.061632
v 0.206976 0.085984 -0.061632
v 0.206816 0.085689 -0.061632
v 0.206681 0.085395 -0.061632
v 0.206571 0.085100 -0.061632
v 0.206485 0.084806 -0.061632
v 0.206424 0.084511 -0.061632
v 0.206387 0.084217 -0.061632
v 0.206375 0.083922 -0.061632
v 0.205491 -0.158127 -0.061632
v 0.204930 -0.175034 -0.061632
v 0.203540 -0.191303 -0.061632
v 0.201323 -0.206935 -0.061632
v 0.198277 -0.221928 -0.061632
v 0.194403 -0.236283 -0.061632
v 0.189701 -0.250000 -0.061632
v 0.184170 -0.263079 -0.061632
v 0.177812 -0.275520 -0.061632
v 0.170625 -0.287323 -0.061632
v 0.162610 -0.298488 -0.061632
v 0.153767 -0.309016 -0.061632
v 0.144095 -0.318905 -0.061632
v 0.133688 -0.328076 -0.061632
v 0.122636 -0.336450 -0.061632
v 0.110941 -0.344026 -0.061632
v 0.098601 -0.350805 -0.061632
v 0.085617 -0.356786 -0.061632
v 0.071989 -0.361970 -0.061632
v 0.057716 -0.366356 -0.061632
v 0.042800 -0.369945 -0.061632
v 0.027239 -0.372736 -0.061632
v 0.011034 -0.374730 -0.061632
v -0.005814 -0.375926 -0.061632
v -0.023307 -0.376325 -0.061632
v -0.029286 -0.376270 -0.061632
v -0.035147 -0.376104 -0.061632
v -0.040892 -0.375828 -0.061632
v -0.046521 -0.375442 -0.061632
v -0.052033 -0.374945 -0.061632
v -0.057428 -0.374337 -0.061632
v -0.062707 -0.373620 -0.061632
v -0.067870 -0.372791 -0.061632
v -0.072915 -0.371853 -0.061632
v -0.077845 -0.370804 -0.061632
v -0.082657 -0.369644 -0.061632
v -0.087353 -0.368375 -0.061632
v -0.092031 -0.367007 -0.061632
v -0.096789 -0.365553 -0.061632
v -0.101626 -0.364013 -0.061632
v -0.106543 -0.362387 -0.061632
v -0.111539 -0.360676 -0.061632
v -0.116616 -0.358878 -0.061632
v -0.121772 -0.356995 -0.061632
v -0.127008 -0.355026 -0.061632
v -0.132324 -0.352970 -0.061632
v -0.137719 -0.350829 -0.061632
v -0.143194 -0.348603 -0.061632
v -0.148749 -0.346290 -0.061632
v -0.154657 -0.343873 -0.061632
v -0.160307 -0.341627 -0.061632
v -0.165699 -0.339554 -0.061632
v -0.170834 -0.337652 -0.061632
v -0.175711 -0.335922 -0.061632
v -0.180330 -0.334364 -0.061632
v -0.184692 -0.332978 -0.061632
v -0.188796 -0.331763 -0.061632
v -0.192643 -0.330720 -0.061632
v -0.196231 -0.329849 -0.061632
v -0.199563 -0.329149 -0.061632
v -0.202636 -0.328622 -0.061632
v -0.203562 -0.328481 -0.061632
v -0.204575 -0.328352 -0.061632
v -0.205673 -0.328235 -0.061632
v -0.206857 -0.328131 -0.061632
v -0.208127 -0.328039 -0.061632
v -0.209482 -0.327959 -0.061632
v -0.210924 -0.327892 -0.061632
v -0.212452 -0.327837 -0.061632
v -0.214065 -0.327794 -0.061632
v -0.215764 -0.327763 -0.061632
v -0.217549 -0.327745 -0.061632
v -0.219421 -0.327738 -0.061632
v -0.223862 -0.327806 -0.061632
v -0.228353 -0.328008 -0.061632
v -0.232892 -0.328346 -0.061632
v -0.237481 -0.328818 -0.061632
v -0.242119 -0.329426 -0.061632
v -0.246806 -0.330168 -0.061632
v -0.251542 -0.331045 -0.061632
v -0.256327 -0.332057 -0.061632
v -0.261161 -0.333204 -0.061632
v -0.266044 -0.334487 -0.061632
v -0.270976 -0.335904 -0.061632
v -0.275958 -0.337456 -0.061632
v -0.276240 -0.337566 -0.061632
v -0.276498 -0.337603 -0.061632
v -0.276731 -0.337566 -0.061632
v -0.276939 -0.337456 -0.061632
v -0.277123 -0.337272 -0.061632
v -0.277283 -0.337014 -0.061632
v -0.277418 -0.336683 -0.061632
v -0.277528 -0.336278 -0.061632
v -0.277614 -0.335799 -0.061632
v -0.277675 -0.335247 -0.061632
v -0.277712 -0.334622 -0.061632
v -0.277724 -0.333922 -0.061632
v -0.275568 -0.330803 -0.061632
v -0.273516 -0.327628 -0.061632
v -0.271568 -0.324398 -0.061632
v -0.269725 -0.321113 -0.061632
v -0.267986 -0.317773 -0.061632
v -0.266351 -0.314377 -0.061632
v -0.264820 -0.310926 -0.061632
v -0.263394 -0.307420 -0.061632
v -0.262072 -0.303859 -0.061632
v -0.260854 -0.300243 -0.061632
v -0.259741 -0.296571 -0.061632
v -0.258732 -0.292844 -0.061632
v -0.257814 -0.289118 -0.061632
v -0.256977 -0.285446 -0.061632
v -0.256219 -0.281830 -0.061632
v -0.255541 -0.278269 -0.061632
v -0.254943 -0.274763 -0.061632
v -0.254425 -0.271312 -0.061632
v -0.253986 -0.267916 -0.061632
v -0.253627 -0.264576 -0.061632
v -0.253348 -0.261291 -0.061632
v -0.253149 -0.258061 -0.061632
v -0.253029 -0.254886 -0.061632
v -0.252989 -0.251767 -0.061632
v -0.252989 -0.204947 -0.061632
v -0.252695 -0.194168 -0.061632
v -0.251812 -0.183623 -0.061632
v -0.250339 -0.173311 -0.061632
v -0.248278 -0.163231 -0.061632
v -0.245628 -0.153385 -0.061632
v -0.242389 -0.143772 -0.061632
v -0.238561 -0.134392 -0.061632
v -0.234144 -0.125245 -0.061632
v -0.229138 -0.116332 -0.061632
v -0.223543 -0.107651 -0.061632
v -0.217359 -0.099204 -0.061632
v -0.210587 -0.090989 -0.061632
v -0.204173 -0.083852 -0.061632
v -0.197593 -0.077162 -0.061632
v -0.190848 -0.070920 -0.061632
v -0.183938 -0.065126 -0.061632
v -0.176861 -0.059779 -0.061632
v -0.169619 -0.054881 -0.061632
v -0.162212 -0.050430 -0.061632
v -0.154638 -0.046427 -0.061632
v -0.146900 -0.042872 -0.061632
v -0.138995 -0.039765 -0.061632
v -0.130925 -0.037106 -0.061632
v -0.122689 -0.034894 -0.061632
v -0.114453 -0.033008 -0.061632
v -0.106383 -0.031324 -0.061632
v -0.098479 -0.029842 -0.061632
v -0.090740 -0.028563 -0.061632
v -0.083166 -0.027486 -0.061632
v -0.075759 -0.026612 -0.061632
v -0.068517 -0.025940 -0.061632
v -0.061441 -0.025471 -0.061632
v -0.054530 -0.025204 -0.061632
v -0.047785 -0.025140 -0.061632
v -0.041205 -0.025278 -0.061632
v -0.034792 -0.025618 -0.061632
v -0.034503 -0.025769 -0.061632
v -0.034227 -0.025925 -0.061632
v -0.033963 -0.026088 -0.061632
v -0.033712 -0.026256 -0.061632
v -0.033473 -0.026431 -0.061632
v -0.033246 -0.026612 -0.061632
v -0.033031 -0.026799 -0.061632
v -0.032828 -0.026992 -0.061632
v -0.032638 -0.027192 -0.061632
v -0.032460 -0.027397 -0.061632
v -0.032295 -0.027609 -0.061632
v -0.032141 -0.027827 -0.061632
v -0.032013 -0.028051 -0.061632
v -0.031921 -0.028281 -0.061632
v -0.031865 -0.028517 -0.061632
v -0.031847 -0.028759 -0.061632
v -0.031865 -0.029008 -0.061632
v -0.031921 -0.029262 -0.061632
v -0.032013 -0.029523 -0.061632
v -0.032141 -0.029790 -0.061632
v -0.032307 -0.030063 -0.061632
v -0.032509 -0.030342 -0.061632
v -0.032749 -0.030627 -0.061632
v -0.033025 -0.030919 -0.061632
v -0.035365 -0.033412 -0.061632
v -0.037675 -0.036182 -0.061632
v -0.039954 -0.039228 -0.061632
v -0.042202 -0.042550 -0.061632
v -0.044420 -0.046148 -0.061632
v -0.046607 -0.050022 -0.061632
v -0.048763 -0.054172 -0.061632
v -0.050889 -0.058598 -0.061632
v -0.052984 -0.063301 -0.061632
v -0.055048 -0.068279 -0.061632
v -0.057082 -0.073533 -0.061632
v -0.059085 -0.079064 -0.061632
v -0.060990 -0.084815 -0.061632
v -0.062729 -0.090732 -0.061632
v -0.064302 -0.096814 -0.061632
v -0.065710 -0.103062 -0.061632
v -0.066953 -0.109476 -0.061632
v -0.068029 -0.116056 -0.061632
v -0.068940 -0.122801 -0.061632
v -0.069686 -0.129711 -0.061632
v -0.070265 -0.136788 -0.061632
v -0.070679 -0.144030 -0.061632
v -0.070928 -0.151437 -0.061632
v -0.071011 -0.159011 -0.061632
v -0.071011 -0.253534 -0.061632
v -0.070958 -0.254991 -0.061632
v -0.070802 -0.256417 -0.061632
v -0.070541 -0.257812 -0.061632
v -0.070176 -0.259177 -0.061632
v -0.069707 -0.260512 -0.061632
v -0.069133 -0.261815 -0.061632
v -0.068456 -0.263088 -0.061632
v -0.067673 -0.264331 -0.061632
v -0.066787 -0.265542 -0.061632
v -0.065796 -0.266723 -0.061632
v -0.064701 -0.267873 -0.061632
v -0.063502 -0.268993 -0.061632
v -0.062235 -0.270051 -0.061632
v -0.060938 -0.271017 -0.061632
v -0.059609 -0.271892 -0.061632
v -0.058251 -0.272674 -0.061632
v -0.056861 -0.273364 -0.061632
v -0.055441 -0.273962 -0.061632
v -0.053990 -0.274468 -0.061632
v -0.052508 -0.274882 -0.061632
v -0.050996 -0.275204 -0.061632
v -0.049453 -0.275434 -0.061632
v -0.047880 -0.275572 -0.061632
v -0.046276 -0.275618 -0.061632
v -0.044251 -0.275557 -0.061632
v -0.042300 -0.275373 -0.061632
v -0.040423 -0.275066 -0.061632
v -0.038620 -0.274637 -0.061632
v -0.036890 -0.274085 -0.061632
v -0.035233 -0.273410 -0.061632
v -0.033651 -0.272612 -0.061632
v -0.032141 -0.271692 -0.061632
v -0.030706 -0.270649 -0.061632
v -0.029344 -0.269484 -0.061632
v -0.028056 -0.268195 -0.061632
v -0.026841 -0.266784 -0.061632
v -0.026543 -0.266502 -0.061632
v -0.026240 -0.266245 -0.061632
v -0.025930 -0.266011 -0.061632
v -0.025614 -0.265803 -0.061632
v -0.025292 -0.265619 -0.061632
v -0.024964 -0.265459 -0.061632
v -0.024629 -0.265324 -0.061632
v -0.024289 -0.265214 -0.061632
v -0.023942 -0.265128 -0.061632
v -0.023590 -0.265067 -0.061632
v -0.023231 -0.265030 -0.061632
v -0.022866 -0.265018 -0.061632
v -0.022507 -0.265030 -0.061632
v -0.022166 -0.265067 -0.061632
v -0.021844 -0.265128 -0.061632
v -0.021541 -0.265214 -0.061632
v -0.021255 -0.265324 -0.061632
v -0.020989 -0.265459 -0.061632
v -0.020740 -0.265619 -0.061632
v -0.020510 -0.265803 -0.061632
v -0.020298 -0.266011 -0.061632
v -0.020105 -0.266245 -0.061632
v -0.019930 -0.266502 -0.061632
v -0.019774 -0.266784 -0.061632
v -0.018559 -0.268195 -0.061632
v -0.017271 -0.269484 -0.061632
v -0.015909 -0.270649 -0.061632
v -0.014474 -0.271692 -0.061632
v -0.012964 -0.272612 -0.061632
v -0.011382 -0.273410 -0.061632
v -0.009725 -0.274085 -0.061632
v -0.007995 -0.274637 -0.061632
v -0.006192 -0.275066 -0.061632
v -0.004315 -0.275373 -0.061632
v -0.002364 -0.275557 -0.061632
v -0.000339 -0.275618 -0.061632
v 0.001265 -0.275569 -0.061632
v 0.002838 -0.275422 -0.061632
v 0.004381 -0.275177 -0.061632
v 0.005894 -0.274833 -0.061632
v 0.007375 -0.274391 -0.061632
v 0.008826 -0.273852 -0.061632
v 0.010246 -0.273214 -0.061632
v 0.011636 -0.272477 -0.061632
v 0.012994 -0.271643 -0.061632
v 0.014323 -0.270711 -0.061632
v 0.015620 -0.269680 -0.061632
v 0.016887 -0.268551 -0.061632
v 0.018086 -0.267349 -0.061632
v 0.019181 -0.266097 -0.061632
v 0.020172 -0.264797 -0.061632
v 0.021058 -0.263447 -0.061632
v 0.021841 -0.262048 -0.061632
v 0.022519 -0.260601 -0.061632
v 0.023092 -0.259104 -0.061632
v 0.023561 -0.257558 -0.061632
v 0.023926 -0.255963 -0.061632
v 0.024187 -0.254319 -0.061632
v 0.024344 -0.252626 -0.061632
v 0.024396 -0.250883 -0.061632
v 0.024396 0.118375 -0.061632
v 0.024325 0.120697 -0.061632
v 0.024114 0.122951 -0.061632
v 0.023761 0.125138 -0.061632
v 0.023267 0.127258 -0.061632
v 0.022632 0.129310 -0.061632
v 0.021856 0.131294 -0.061632
v 0.020939 0.133211 -0.061632
v 0.019881 0.135061 -0.061632
v 0.018681 0.136843 -0.061632
v 0.017341 0.138558 -0.061632
v 0.015859 0.140205 -0.061632
v 0.014237 0.141784 -0.061632
v 0.012510 0.143266 -0.061632
v 0.010715 0.144619 -0.061632
v 0.008854 0.145843 -0.061632
v 0.006924 0.146938 -0.061632
v 0.004927 0.147904 -0.061632
v 0.002863 0.148741 -0.061632
v 0.000731 0.149450 -0.061632
v -0.001468 0.150029 -0.061632
v -0.003735 0.150480 -0.061632
v -0.006069 0.150802 -0.061632
v -0.008471 0.150996 -0.061632
v -0.010940 0.151060 -0.061632
v -0.012983 0.151005 -0.061632
v -0.014989 0.150839 -0.061632
v -0.016958 0.150563 -0.061632
v -0.018891 0.150177 -0.061632
v -0.020786 0.149680 -0.061632
v -0.022645 0.149072 -0.061632
v -0.024467 0.148355 -0.061632
v -0.026252 0.147527 -0.061632
v -0.028000 0.146588 -0.061632
v -0.029712 0.145539 -0.061632
v -0.031387 0.144379 -0.061632
v -0.033025 0.143110 -0.061632
v -0.034589 0.141754 -0.061632
v -0.036043 0.140337 -0.061632
v -0.037387 0.138858 -0.061632
v -0.038620 0.137318 -0.061632
v -0.039742 0.135717 -0.061632
v -0.040754 0.134055 -0.061632
v -0.041656 0.132331 -0.061632
v -0.042448 0.130546 -0.061632
v -0.043129 0.128699 -0.061632
v -0.043699 0.126791 -0.061632
v -0.044159 0.124822 -0.061632
v -0.044509 0.122792 -0.061632
v -0.044665 0.122353 -0.061632
v -0.044840 0.121920 -0.061632
v -0.045033 0.121494 -0.061632
v -0.045245 0.121074 -0.061632
v -0.045475 0.120660 -0.061632
v -0.045724 0.120252 -0.061632
v -0.045990 0.119850 -0.061632
v -0.046276 0.119454 -0.061632
v -0.046579 0.119065 -0.061632
v -0.046901 0.118681 -0.061632
v -0.047242 0.118304 -0.061632
v -0.047601 0.117933 -0.061632
v -0.047972 0.117580 -0.061632
v -0.048349 0.117258 -0.061632
v -0.048733 0.116967 -0.061632
v -0.049122 0.116706 -0.061632
v -0.049518 0.116476 -0.061632
v -0.049920 0.116277 -0.061632
v -0.050328 0.116108 -0.061632
v -0.050742 0.115970 -0.061632
v -0.051162 0.115862 -0.061632
v -0.051588 0.115786 -0.061632
v -0.052021 0.115740 -0.061632
v -0.052459 0.115724 -0.061632
v -0.065155 0.115194 -0.061632
v -0.077624 0.114485 -0.061632
v -0.089866 0.113599 -0.061632
v -0.101880 0.112534 -0.061632
v -0.113668 0.111292 -0.061632
v -0.125229 0.109872 -0.061632
v -0.136563 0.108274 -0.061632
v -0.147669 0.106498 -0.061632
v -0.158549 0.104544 -0.061632
v -0.169202 0.102412 -0.061632
v -0.179628 0.100102 -0.061632
v -0.189827 0.097615 -0.061632
v -0.199747 0.095008 -0.061632
v -0.209335 0.092339 -0.061632
v -0.218592 0.089609 -0.061632
v -0.227518 0.086818 -0.061632
v -0.236113 0.083965 -0.061632
v -0.244376 0.081051 -0.061632
v -0.252309 0.078076 -0.061632
v -0.259909 0.075039 -0.061632
v -0.267179 0.071941 -0.061632
v -0.274117 0.068782 -0.061632
v -0.280724 0.065561 -0.061632
v -0.287000 0.062279 -0.061632
v -0.292935 0.058988 -0.061632
v -0.298521 0.055740 -0.061632
v -0.303757 0.052534 -0.061632
v -0.308643 0.049372 -0.061632
v -0.313180 0.046252 -0.061632
v -0.317367 0.043176 -0.061632
v -0.321204 0.040142 -0.061632
v -0.324691 0.037152 -0.061632
v -0.327829 0.034204 -0.061632
v -0.330618 0.031299 -0.061632
v -0.333056 0.028437 -0.061632
v -0.335145 0.025618 -0.061632
v -0.335292 0.025480 -0.061632
v -0.335439 0.025361 -0.061632
v -0.335587 0.025260 -0.061632
v -0.335734 0.025177 -0.061632
v -0.335881 0.025112 -0.061632
v -0.336028 0.025066 -0.061632
v -0.336176 0.025039 -0.061632
v -0.336323 0.025029 -0.061632
v -0.336470 0.025039 -0.061632
v -0.336617 0.025066 -0.061632
v -0.336764 0.025112 -0.061632
v -0.336912 0.025177 -0.061632
v -0.337053 0.025253 -0.061632
v -0.337182 0.025336 -0.061632
v -0.337298 0.025425 -0.061632
v -0.337402 0.025520 -0.061632
v -0.337495 0.025621 -0.061632
v -0.337574 0.025729 -0.061632
v -0.337642 0.025842 -0.061632
v -0.337697 0.025962 -0.061632
v -0.337740 0.026088 -0.061632
v -0.337771 0.026220 -0.061632
v -0.337789 0.026358 -0.061632
v -0.337795 0.026502 -0.061632
v -0.337629 0.028845 -0.061632
v -0.337427 0.031164 -0.061632
v -0.337188 0.033459 -0.061632
v -0.336912 0.035728 -0.061632
v -0.336599 0.037974 -0.061632
v -0.336249 0.040194 -0.061632
v -0.335863 0.042391 -0.061632
v -0.335439 0.044562 -0.061632
v -0.334979 0.046709 -0.061632
v -0.334482 0.048832 -0.061632
v -0.333949 0.050930 -0.061632
v -0.333378 0.053004 -0.061632
v -0.332783 0.055053 -0.061632
v -0.332176 0.057077 -0.061632
v -0.331556 0.059077 -0.061632
v -0.330924 0.061052 -0.061632
v -0.330280 0.063003 -0.061632
v -0.329624 0.064929 -0.061632
v -0.328955 0.066831 -0.061632
v -0.328274 0.068708 -0.061632
v -0.327581 0.070561 -0.061632
v -0.326875 0.072389 -0.061632
v -0.326158 0.074193 -0.061632
v -0.325428 0.075972 -0.061632
v -0.324418 0.078309 -0.061632
v -0.323452 0.080610 -0.061632
v -0.322529 0.082873 -0.061632
v -0.321649 0.085100 -0.061632
v -0.320811 0.087290 -0.061632
v -0.320017 0.089444 -0.061632
v -0.319265 0.091560 -0.061632
v -0.318557 0.093640 -0.061632
v -0.317891 0.095682 -0.061632
v -0.317269 0.097689 -0.061632
v -0.316689 0.099658 -0.061632
v -0.316152 0.101590 -0.061632
v -0.315658 0.103535 -0.061632
v -0.315207 0.105541 -0.061632
v -0.314799 0.107608 -0.061632
v -0.314434 0.109737 -0.061632
v -0.314112 0.111927 -0.061632
v -0.313833 0.114179 -0.061632
v -0.313597 0.116491 -0.061632
v -0.313404 0.118865 -0.061632
v -0.313253 0.121301 -0.061632
v -0.313146 0.123798 -0.061632
v -0.313082 0.126356 -0.061632
v -0.313060 0.128975 -0.061632
v -0.313103 0.132675 -0.061632
v -0.313232 0.136411 -0.061632
v -0.313447 0.140183 -0.061632
v -0.313747 0.143993 -0.061632
v -0.314134 0.147839 -0.061632
v -0.314606 0.151723 -0.061632
v -0.315164 0.155643 -0.061632
v -0.315809 0.159600 -0.061632
v -0.316539 0.163593 -0.061632
v -0.317354 0.167624 -0.061632
v -0.318256 0.171691 -0.061632
v -0.319244 0.175795 -0.061632
v -0.320317 0.179893 -0.061632
v -0.321477 0.183942 -0.061632
v -0.322722 0.187942 -0.061632
v -0.324053 0.191892 -0.061632
v -0.325471 0.195794 -0.061632
v -0.326974 0.199647 -0.061632
v -0.328562 0.203450 -0.061632
v -0.330237 0.207205 -0.061632
v -0.331998 0.210910 -0.061632
v -0.333844 0.214566 -0.061632
v -0.335777 0.218173 -0.061632
v -0.337795 0.221731 -0.061632
v -0.337927 0.222023 -0.061632
v -0.338028 0.222308 -0.061632
v -0.338099 0.222587 -0.061632
v -0.338139 0.222860 -0.061632
v -0.338148 0.223127 -0.061632
v -0.338126 0.223388 -0.061632
v -0.338074 0.223642 -0.061632
v -0.337991 0.223891 -0.061632
v -0.337878 0.224133 -0.061632
v -0.337734 0.224369 -0.061632
v -0.337559 0.224599 -0.061632
v -0.337353 0.224823 -0.061632
v -0.337136 0.225029 -0.061632
v -0.336924 0.225204 -0.061632
v -0.336718 0.225348 -0.061632
v -0.336519 0.225461 -0.061632
v -0.336326 0.225544 -0.061632
v -0.336139 0.225596 -0.061632
v -0.335958 0.225618 -0.061632
v -0.335783 0.225609 -0.061632
v -0.335614 0.225569 -0.061632
v -0.335452 0.225498 -0.061632
v -0.335295 0.225397 -0.061632
v -0.335145 0.225265 -0.061632
v -0.331765 0.224136 -0.061632
v -0.328397 0.223106 -0.061632
v -0.325041 0.222173 -0.061632
v -0.321698 0.221339 -0.061632
v -0.318367 0.220603 -0.061632
v -0.315048 0.219965 -0.061632
v -0.311741 0.219425 -0.061632
v -0.308447 0.218983 -0.061632
v -0.305165 0.218640 -0.061632
v -0.301895 0.218394 -0.061632
v -0.298638 0.218247 -0.061632
v -0.295392 0.218198 -0.061632
v -0.292988 0.218222 -0.061632
v -0.290485 0.218296 -0.061632
v -0.287883 0.218419 -0.061632
v -0.285184 0.218591 -0.061632
v -0.282387 0.218811 -0.061632
v -0.279491 0.219081 -0.061632
v -0.276498 0.219400 -0.061632
v -0.273406 0.219768 -0.061632
v -0.270216 0.220186 -0.061632
v -0.266927 0.220652 -0.061632
v -0.263541 0.221167 -0.061632
v -0.260057 0.221731 -0.061632
v -0.258710 0.221900 -0.061632
v -0.257321 0.222112 -0.061632
v -0.255888 0.222366 -0.061632
v -0.254413 0.222664 -0.061632
v -0.252894 0.223004 -0.061632
v -0.251333 0.223388 -0.061632
v -0.249729 0.223814 -0.061632
v -0.248082 0.224284 -0.061632
v -0.246392 0.224796 -0.061632
v -0.244659 0.225351 -0.061632
v -0.242883 0.225949 -0.061632
v -0.241064 0.226590 -0.061632
v -0.239214 0.227250 -0.061632
v -0.237346 0.227903 -0.061632
v -0.235460 0.228550 -0.061632
v -0.233555 0.229191 -0.061632
v -0.231632 0.229826 -0.061632
v -0.229690 0.230455 -0.061632
v -0.227730 0.231078 -0.061632
v -0.225752 0.231694 -0.061632
v -0.223755 0.232305 -0.061632
v -0.221739 0.232909 -0.061632
v -0.219706 0.233507 -0.061632
v -0.217654 0.234099 -0.061632
v -0.209817 0.236995 -0.061632
v -0.201912 0.239792 -0.061632
v -0.193940 0.242491 -0.061632
v -0.185901 0.245092 -0.061632
v -0.177794 0.247595 -0.061632
v -0.169619 0.250000 -0.061632
v -0.161377 0.252307 -0.061632
v -0.153068 0.254515 -0.061632
v -0.144691 0.256625 -0.061632
v -0.136247 0.258638 -0.061632
v -0.127735 0.260552 -0.061632
v -0.119156 0.262368 -0.061632
v -0.110300 0.264067 -0.061632
v -0.100960 0.265631 -0.061632
v -0.091135 0.267061 -0.061632
v -0.080826 0.268355 -0.061632
v -0.070032 0.269514 -0.061632
v -0.058754 0.270539 -0.061632
v -0.046990 0.271428 -0.061632
v -0.034742 0.272183 -0.061632
v -0.022010 0.272803 -0.061632
v -0.008793 0.273287 -0.061632
v 0.004909 0.273637 -0.061632
v 0.019095 0.273852 -0.061632
v 0.019390 0.273864 -0.061632
v 0.019684 0.273901 -0.061632
v 0.019979 0.273962 -0.061632
v 0.020273 0.274048 -0.061632
v 0.020568 0.274158 -0.061632
v 0.020862 0.274293 -0.061632
v 0.021157 0.274453 -0.061632
v 0.021451 0.274637 -0.061632
v 0.021746 0.274845 -0.061632
v 0.022040 0.275079 -0.061632
v 0.022334 0.275336 -0.061632
v 0.022629 0.275618 -0.061632
v 0.022911 0.275913 -0.061632
v 0.023169 0.276207 -0.061632
v 0.023402 0.276502 -0.061632
v 0.023610 0.276796 -0.061632
v 0.023795 0.277091 -0.061632
v 0.023954 0.277385 -0.061632
v 0.024089 0.277680 -0.061632
v 0.024199 0.277974 -0.061632
v 0.024285 0.278269 -0.061632
v 0.024347 0.278563 -0.061632
v 0.024383 0.278858 -0.061632
v 0.024396 0.279152 -0.061632
v 0.024218 0.286035 -0.061632
v 0.023979 0.292550 -0.061632
v 0.023678 0.298697 -0.061632
v 0.023316 0.304476 -0.061632
v 0.022893 0.309887 -0.061632
v 0.022408 0.314929 -0.061632
v 0.021862 0.319604 -0.061632
v 0.021255 0.323911 -0.061632
v 0.020586 0.327849 -0.061632
v 0.019856 0.331419 -0.061632
v 0.019065 0.334622 -0.061632
v 0.018212 0.337456 -0.061632
v 0.017218 0.340118 -0.061632
v 0.016003 0.342805 -0.061632
v 0.014568 0.345517 -0.061632
v 0.012912 0.348253 -0.061632
v 0.011034 0.351014 -0.061632
v 0.008936 0.353799 -0.061632
v 0.006617 0.356608 -0.061632
v 0.004078 0.359443 -0.061632
v 0.001317 0.362301 -0.061632
v -0.001664 0.365185 -0.061632
v -0.004867 0.368092 -0.061632
v -0.008290 0.371025 -0.061632
v -0.008431 0.371178 -0.061632
v -0.008560 0.371344 -0.061632
v -0.008676 0.371522 -0.061632
v -0.008781 0.371712 -0.061632
v -0.008873 0.371914 -0.061632
v -0.008952 0.372129 -0.061632
v -0.009020 0.372356 -0.061632
v -0.009075 0.372595 -0.061632
v -0.009118 0.372847 -0.061632
v -0.009149 0.373111 -0.061632
v -0.009167 0.373387 -0.061632
v -0.009173 0.373675 -0.061632
v -0.009161 0.373957 -0.061632
v -0.009124 0.374215 -0.061632
v -0.009063 0.374448 -0.061632
v -0.008977 0.374656 -0.061632
v -0.008866 0.374841 -0.061632
v -0.008731 0.375000 -0.061632
v -0.008572 0.375135 -0.061632
v -0.008388 0.375245 -0.061632
v -0.008179 0.375331 -0.061632
v -0.007946 0.375393 -0.061632
v -0.007689 0.375429 -0.061632
v -0.007406 0.375442 -0.061632
v -0.002585 0.375248 -0.061632
v 0.002164 0.374963 -0.061632
v 0.006838 0.374586 -0.061632
v 0.011439 0.374117 -0.061632
v 0.015967 0.373555 -0.061632
v 0.020420 0.372902 -0.061632
v 0.024801 0.372157 -0.061632
v 0.029107 0.371319 -0.061632
v 0.033340 0.370390 -0.061632
v 0.037499 0.369368 -0.061632
v 0.041585 0.368255 -0.061632
v 0.045597 0.367050 -0.061632
v 0.049615 0.365764 -0.061632
v 0.053719 0.364412 -0.061632
v 0.057909 0.362991 -0.061632
v 0.062185 0.361504 -0.061632
v 0.066547 0.359949 -0.061632
v 0.070995 0.358326 -0.061632
v 0.075528 0.356636 -0.061632
v 0.080148 0.354878 -0.061632
v 0.084853 0.353053 -0.061632
v 0.089644 0.351161 -0.061632
v 0.094521 0.349201 -0.061632
v 0.099484 0.347173 -0.061632
v 0.105410 0.344615 -0.061632
v 0.111115 0.342241 -0.061632
v 0.116600 0.340051 -0.061632
v 0.121863 0.338045 -0.061632
v 0.126906 0.336223 -0.061632
v 0.131728 0.334585 -0.061632
v 0.136329 0.333131 -0.061632
v 0.140709 0.331861 -0.061632
v 0.144868 0.330775 -0.061632
v 0.148807 0.329873 -0.061632
v 0.152524 0.329156 -0.061632
v 0.156021 0.328622 -0.061632
v 0.158046 0.328340 -0.061632
v 0.159996 0.328082 -0.061632
v 0.161874 0.327849 -0.061632
v 0.163677 0.327640 -0.061632
v 0.165407 0.327456 -0.061632
v 0.167064 0.327297 -0.061632
v 0.168646 0.327162 -0.061632
v 0.170155 0.327051 -0.061632
v 0.171591 0.326966 -0.061632
v 0.172953 0.326904 -0.061632
v 0.174241 0.326867 -0.061632
v 0.175456 0.326855 -0.061632
v 0.178854 0.326898 -0.061632
v 0.182278 0.327027 -0.061632
v 0.185725 0.327242 -0.061632
v 0.189197 0.327542 -0.061632
v 0.192694 0.327929 -0.061632
v 0.196216 0.328401 -0.061632
v 0.199761 0.328959 -0.061632
v 0.203332 0.329604 -0.061632
v 0.206927 0.330334 -0.061632
v 0.210546 0.331149 -0.061632
v 0.214190 0.332051 -0.061632
v 0.217859 0.333039 -0.061632
v 0.218349 0.333205 -0.061632
v 0.218938 0.333407 -0.061632
v 0.219625 0.333646 -0.061632
v 0.220411 0.333922 -0.061632
v 0.221294 0.334235 -0.061632
v 0.222276 0.334585 -0.061632
v 0.223355 0.334971 -0.061632
v 0.224533 0.335395 -0.061632
v 0.225809 0.335855 -0.061632
v 0.227183 0.336352 -0.061632
v 0.228656 0.336885 -0.061632
v 0.230226 0.337456 -0.061632
v 0.230373 0.337447 -0.061632
v 0.230521 0.337419 -0.061632
v 0.230668 0.337373 -0.061632
v 0.230815 0.337309 -0.061632
v 0.230962 0.337226 -0.061632
v 0.231109 0.337125 -0.061632
v 0.231257 0.337005 -0.061632
v 0.231404 0.336867 -0.061632
v 0.231551 0.336711 -0.061632
v 0.231698 0.336536 -0.061632
v 0.231846 0.336342 -0.061632
v 0.231993 0.336131 -0.061632
v 0.232128 0.335913 -0.061632
v 0.232238 0.335701 -0.061632
v 0.232324 0.335496 -0.061632
v 0.232386 0.335296 -0.061632
v 0.232422 0.335103 -0.061632
v 0.232435 0.334916 -0.061632
v 0.232422 0.334735 -0.061632
v 0.232386 0.334560 -0.061632
v 0.232324 0.334392 -0.061632
v 0.232238 0.334229 -0.061632
v 0.232128 0.334073 -0.061632
v 0.231993 0.333922 -0.061632
v 0.229557 0.330450 -0.061632
v 0.227257 0.327101 -0.061632
v 0.225091 0.323874 -0.061632
v 0.223061 0.320770 -0.061632
v 0.221165 0.317788 -0.061632
v 0.219405 0.314929 -0.061632
v 0.217779 0.312193 -0.061632
v 0.216288 0.309580 -0.061632
v 0.214932 0.307089 -0.061632
v 0.213712 0.304721 -0.061632
v 0.212626 0.302476 -0.061632
v 0.211675 0.300353 -0.061632
v 0.210828 0.298274 -0.061632
v 0.210055 0.296157 -0.061632
v 0.209356 0.294004 -0.061632
v 0.208730 0.291814 -0.061632
v 0.208178 0.289587 -0.061632
v 0.207700 0.287323 -0.061632
v 0.207295 0.285023 -0.061632
v 0.206964 0.282686 -0.061632
v 0.206706 0.280311 -0.061632
v 0.206522 0.277900 -0.061632
v 0.206411 0.275453 -0.061632
v 0.206375 0.272968 -0.061632
v 0.206375 0.233216 -0.061632
v 0.206417 0.232203 -0.061632
v 0.206546 0.231228 -0.061632
v 0.206761 0.230289 -0.061632
v 0.207062 0.229388 -0.061632
v 0.207448 0.228523 -0.061632
v 0.207920 0.227694 -0.061632
v 0.208479 0.226903 -0.061632
v 0.209123 0.226148 -0.061632
v 0.209853 0.225431 -0.061632
v 0.210669 0.224750 -0.061632
v 0.211571 0.224106 -0.061632
v 0.212558 0.223498 -0.061632
v 0.226693 0.219965 -0.061632
v 0.229306 0.219400 -0.061632
v 0.231846 0.218885 -0.061632
v 0.234312 0.218419 -0.061632
v 0.236704 0.218002 -0.061632
v 0.239023 0.217634 -0.061632
v 0.241269 0.217315 -0.061632
v 0.243440 0.217045 -0.061632
v 0.245538 0.216824 -0.061632
v 0.247563 0.216652 -0.061632
v 0.249514 0.216529 -0.061632
v 0.251391 0.216456 -0.061632
v 0.253194 0.216431 -0.061632
v 0.255869 0.216486 -0.061632
v 0.258593 0.216652 -0.061632
v 0.261366 0.216928 -0.061632
v 0.264188 0.217315 -0.061632
v 0.267059 0.217811 -0.061632
v 0.269979 0.218419 -0.061632
v 0.272948 0.219137 -0.061632
v 0.275966 0.219965 -0.061632
v 0.279034 0.220903 -0.061632
v 0.282150 0.221952 -0.061632
v 0.285315 0.223112 -0.061632
v 0.288530 0.224382 -0.061632
v 0.288818 0.224517 -0.061632
v 0.289094 0.224627 -0.061632
v 0.289358 0.224713 -0.061632
v 0.289610 0.224774 -0.061632
v 0.289849 0.224811 -0.061632
v 0.290076 0.224823 -0.061632
v 0.290291 0.224811 -0.061632
v 0.290493 0.224774 -0.061632
v 0.290683 0.224713 -0.061632
v 0.290861 0.224627 -0.061632
v 0.291027 0.224517 -0.061632
v 0.291180 0.224382 -0.061632
v 0.291315 0.224228 -0.061632
v 0.291425 0.224063 -0.061632
v 0.291511 0.223885 -0.061632
v 0.291573 0.223695 -0.061632
v 0.291610 0.223492 -0.061632
v 0.291622 0.223277 -0.061632
v 0.291610 0.223050 -0.061632
v 0.291573 0.222811 -0.061632
v 0.291511 0.222560 -0.061632
v 0.291425 0.222296 -0.061632
v 0.291315 0.222020 -0.061632
v 0.291180 0.221731 -0.061632
v 0.289306 0.218063 -0.061632
v 0.287512 0.214419 -0.061632
v 0.285797 0.210800 -0.061632
v 0.284162 0.207205 -0.061632
v 0.282607 0.203634 -0.061632
v 0.281131 0.200088 -0.061632
v 0.279736 0.196567 -0.061632
v 0.278420 0.193070 -0.061632
v 0.277184 0.189598 -0.061632
v 0.276027 0.186150 -0.061632
v 0.274951 0.182727 -0.061632
v 0.273954 0.179329 -0.061632
v 0.273037 0.175912 -0.061632
v 0.272199 0.172433 -0.061632
v 0.271442 0.168894 -0.061632
v 0.270764 0.165293 -0.061632
v 0.270166 0.161630 -0.061632
v 0.269647 0.157906 -0.061632
v 0.269209 0.154121 -0.061632
v 0.268850 0.150275 -0.061632
v 0.268571 0.146367 -0.061632
v 0.268371 0.142398 -0.061632
v 0.268252 0.138367 -0.061632
v 0.268212 0.134276 -0.061632
v 0.268292 0.129840 -0.061632
v 0.268531 0.125368 -0.061632
v 0.268930 0.120859 -0.061632
v 0.269488 0.116313 -0.061632
v 0.270206 0.111731 -0.061632
v 0.271083 0.107111 -0.061632
v 0.272120 0.102455 -0.061632
v 0.273316 0.097762 -0.061632
v 0.274672 0.093032 -0.061632
v 0.276187 0.088266 -0.061632
v 0.277862 0.083462 -0.061632
v 0.279696 0.078622 0.061632
v 0.281395 0.073671 0.061632
v 0.282960 0.068831 0.061632
v 0.284389 0.064101 0.061632
v 0.285683 0.059482 0.061632
v 0.286843 0.054973 0.061632
v 0.287867 0.050574 0.061632
v 0.288757 0.046286 0.061632
v 0.289512 0.042108 0.061632
v 0.290131 0.038041 0.061632
v 0.290616 0.034084 0.061632
v 0.290965 0.030238 0.061632
v 0.291180 0.026502 0.061632
v 0.291174 0.026358 0.061632
v 0.291156 0.026220 0.061632
v 0.291125 0.026088 0.061632
v 0.291082 0.025962 0.061632
v 0.291027 0.025842 0.061632
v 0.290959 0.025729 0.061632
v 0.290880 0.025621 0.061632
v 0.290788 0.025520 0.061632
v 0.290683 0.025425 0.061632
v 0.290567 0.025336 0.061632
v 0.290438 0.025253 0.061632
v 0.290297 0.025177 0.061632
v 0.290150 0.025112 0.061632
v 0.290002 0.025066 0.061632
v 0.289855 0.025039 0.061632
v 0.289708 0.025029 0.061632
v 0.289561 0.025039 0.061632
v 0.289413 0.025066 0.061632
v 0.289266 0.025112 0.061632
v 0.289119 0.025177 0.061632
v 0.288972 0.025260 0.061632
v 0.288825 0.025361 0.061632
v 0.288677 0.025480 0.061632
v 0.288530 0.025618 0.061632
v 0.287110 0.028569 0.061632
v 0.285499 0.031532 0.061632
v 0.283699 0.034508 0.061632
v 0.281708 0.037495 0.061632
v 0.279527 0.040495 0.061632
v 0.277156 0.043507 0.061632
v 0.274595 0.046531 0.061632
v 0.271844 0.049568 0.061632
v 0.268902 0.052617 0.061632
v 0.265770 0.055678 0.061632
v 0.262448 0.058752 0.061632
v 0.258936 0.061837 0.061632
v 0.255314 0.064862 0.061632
v 0.251661 0.067751 0.061632
v 0.247977 0.070506 0.061632
v 0.244262 0.073125 0.061632
v 0.240517 0.075610 0.061632
v 0.236741 0.077959 0.061632
v 0.232935 0.080174 0.061632
v 0.229097 0.082254 0.061632
v 0.225229 0.084198 0.061632
v 0.221331 0.086008 0.061632
v 0.217402 0.087683 0.061632
v 0.213442 0.089223 0.061632
v 0.211675 0.089223 0.061632
v 0.211380 0.089210 0.061632
v 0.211086 0.089174 0.061632
v 0.210791 0.089112 0.061632
v 0.210497 0.089026 0.061632
v 0.210203 0.088916 0.061632
v 0.209908 0.088781 0.061632
v 0.209614 0.088621 0.061632
v 0.209319 0.088437 0.061632
v 0.209025 0.088229 0.061632
v 0.208730 0.087996 0.061632
v 0.208436 0.087738 0.061632
v 0.208141 0.087456 0.061632
v 0.207859 0.087161 0.061632
v 0.207601 0.086867 0.061632
v 0.207368 0.086572 0.061632
v 0.207160 0.086278 0.061632
v 0.206976 0.085984 0.061632
v 0.206816 0.085689 0.061632
v 0.206681 0.085395 0.061632
v 0.206571 0.085100 0.061632
v 0.206485 0.084806 0.061632
v 0.206424 0.084511 0.061632
v 0.206387 0.084217 0.061632
v 0.206375 0.083922 0.061632
v 0.205491 -0.158127 0.061632
v 0.204930 -0.175034 0.061632
v 0.203540 -0.191303 0.061632
v 0.201323 -0.206935 0.061632
v 0.198277 -0.221928 0.061632
v 0.194403 -0.236283 0.061632
v 0.189701 -0.250000 0.061632
v 0.184170 -0.263079 0.061632
v 0.177812 -0.275520 0.061632
v 0.170625 -0.287323 0.061632
v 0.162610 -0.298488 0.061632
v 0.153767 -0.309016 0.061632
v 0.144095 -0.318905 0.061632
v 0.133688 -0.328076 0.061632
v 0.122636 -0.336450 0.061632
v 0.110941 -0.344026 0.061632
v 0.098601 -0.350805 0.061632
v 0.085617 -0.356786 0.061632
v 0.071989 -0.361970 0.061632
v 0.057716 -0.366356 0.061632
v 0.042800 -0.369945 0.061632
v 0.027239 -0.372736 0.061632
v 0.011034 -0.374730 0.061632
v -0.005814 -0.375926 0.061632
v -0.023307 -0.376325 0.061632
v -0.029286 -0.376270 0.061632
v -0.035147 -0.376104 0.061632
v -0.040892 -0.375828 0.061632
v -0.046521 -0.375442 0.061632
v -0.052033 -0.374945 0.061632
v -0.057428 -0.374337 0.061632
v -0.062707 -0.373620 0.061632
v -0.067870 -0.372791 0.061632
v -0.072915 -0.371853 0.061632
v -0.077845 -0.370804 0.061632
v -0.082657 -0.369644 0.061632
v -0.087353 -0.368375 0.061632
v -0.092031 -0.367007 0.061632
v -0.096789 -0.365553 0.061632
v -0.101626 -0.364013 0.061632
v -0.106543 -0.362387 0.061632
v -0.111539 -0.360676 0.061632
v -0.116616 -0.358878 0.061632
v -0.121772 -0.356995 0.061632
v -0.127008 -0.355026 0.061632
v -0.132324 -0.352970 0.061632
v -0.137719 -0.350829 0.061632
v -0.143194 -0.348603 0.061632
v -0.148749 -0.346290 0.061632
v -0.154657 -0.343873 0.061632
v -0.160307 -0.341627 0.061632
v -0.165699 -0.339554 0.061632
v -0.170834 -0.337652 0.061632
v -0.175711 -0.335922 0.061632
v -0.180330 -0.334364 0.061632
v -0.184692 -0.332978 0.061632
v -0.188796 -0.331763 0.061632
v -0.192643 -0.330720 0.061632
v -0.196231 -0.329849 0.061632
v -0.199563 -0.329149 0.061632
v -0.202636 -0.328622 0.061632
v -0.203562 -0.328481 0.061632
v -0.204575 -0.328352 0.061632
v -0.205673 -0.328235 0.061632
v -0.206857 -0.328131 0.061632
v -0.208127 -0.328039 0.061632
v -0.209482 -0.327959 0.061632
v -0.210924 -0.327892 0.061632
v -0.212452 -0.327837 0.061632
v -0.214065 -0.327794 0.061632
v -0.215764 -0.327763 0.061632
v -0.217549 -0.327745 0.061632
v -0.219421 -0.327738 0.061632
v -0.223862 -0.327806 0.061632
v -0.228353 -0.328008 0.061632
v -0.232892 -0.328346 0.061632
v -0.237481 -0.328818 0.061632
v -0.242119 -0.329426 0.061632
v -0.246806 -0.330168 0.061632
v -0.251542 -0.331045 0.061632
v -0.256327 -0.332057 0.061632
v -0.261161 -0.333204 0.061632
v -0.266044 -0.334487 0.061632
v -0.270976 -0.335904 0.061632
v -0.275958 -0.337456 0.061632
v -0.276240 -0.337566 0.061632
v -0.276498 -0.337603 0.061632
v -0.276731 -0.337566 0.061632
v -0.276939 -0.337456 0.061632
v -0.277123 -0.337272 0.061632
v -0.277283 -0.337014 0.061632
v -0.277418 -0.336683 0.061632
v -0.277528 -0.336278 0.061632
v -0.277614 -0.335799 0.061632
v -0.277675 -0.335247 0.061632
v -0.277712 -0.334622 0.061632
v -0.277724 -0.333922 0.061632
v -0.275568 -0.330803 0.061632
v -0.273516 -0.327628 0.061632
v -0.271568 -0.324398 0.061632
v -0.269725 -0.321113 0.061632
v -0.267986 -0.317773 0.061632
v -0.266351 -0.314377 0.061632
v -0.264820 -0.310926 0.061632
v -0.263394 -0.307420 0.061632
v -0.262072 -0.303859 0.061632
v -0.260854 -0.300243 0.061632
v -0.259741 -0.296571 0.061632
v -0.258732 -0.292844 0.061632
v -0.257814 -0.289118 0.061632
v -0.256977 -0.285446 0.061632
v -0.256219 -0.281830 0.061632
v -0.255541 -0.278269 0.061632
v -0.254943 -0.274763 0.061632
v -0.254425 -0.271312 0.061632
v -0.253986 -0.267916 0.061632
v -0.253627 -0.264576 0.061632
v -0.253348 -0.261291 0.061632
v -0.253149 -0.258061 0.061632
v -0.253029 -0.254886 0.061632
v -0.252989 -0.251767 0.061632
v -0.252989 -0.204947 0.061632
v -0.252695 -0.194168 0.061632
v -0.251812 -0.183623 0.061632
v -0.250339 -0.173311 0.061632
v -0.248278 -0.163231 0.061632
v -0.245628 -0.153385 0.061632
v -0.242389 -0.143772 0.061632
v -0.238561 -0.134392 0.061632
v -0.234144 -0.125245 0.061632
v -0.229138 -0.116332 0.061632
v -0.223543 -0.107651 0.061632
v -0.217359 -0.099204 0.061632
v -0.210587 -0.090989 0.061632
v -0.204173 -0.083852 0.061632
v -0.197593 -0.077162 0.061632
v -0.190848 -0.070920 0.061632
v -0.183938 -0.065126 0.061632
v -0.176861 -0.059779 0.061632
v -0.169619 -0.054881 0.061632
v -0.162212 -0.050430 0.061632
v -0.154638 -0.046427 0.061632
v -0.146900 -0.042872 0.061632
v -0.138995 -0.039765 0.061632
v -0.130925 -0.037106 0.061632
v -0.122689 -0.034894 0.061632
v -0.114453 -0.033008 0.061632
v -0.106383 -0.031324 0.061632
v -0.098479 -0.029842 0.061632
v -0.090740 -0.028563 0.061632
v -0.083166 -0.027486 0.061632
v -0.075759 -0.026612 0.061632
v -0.068517 -0.025940 0.061632
v -0.061441 -0.025471 0.061632
v -0.054530 -0.025204 0.061632
v -0.047785 -0.025140 0.061632
v -0.041205 -0.025278 0.061632
v -0.034792 -0.025618 0.061632
v -0.034503 -0.025769 0.061632
v -0.034227 -0.025925 0.061632
v -0.033963 -0.026088 0.061632
v -0.033712 -0.026256 0.061632
v -0.033473 -0.026431 0.061632
v -0.033246 -0.026612 0.061632
v -0.033031 -0.026799 0.061632
v -0.032828 -0.026993 0.061632
v -0.032638 -0.027192 0.061632
v -0.032460 -0.027397 0.061632
v -0.032295 -0.027609 0.061632
v -0.032141 -0.027827 0.061632
v -0.032013 -0.028051 0.061632
v -0.031921 -0.028281 0.061632
v -0.031865 -0.028517 0.061632
v -0.031847 -0.028759 0.061632
v -0.031865 -0.029008 0.061632
v -0.031921 -0.029262 0.061632
v -0.032013 -0.029523 0.061632
v -0.032141 -0.029790 0.061632
v -0.032307 -0.030063 0.061632
v -0.032509 -0.030342 0.061632
v -0.032749 -0.030627 0.061632
v -0.033025 -0.030919 0.061632
v -0.035365 -0.033412 0.061632
v -0.037675 -0.036182 0.061632
v -0.039954 -0.039228 0.061632
v -0.042202 -0.042550 0.061632
v -0.044420 -0.046148 0.061632
v -0.046607 -0.050022 0.061632
v -0.048763 -0.054172 0.061632
v -0.050889 -0.058598 0.061632
v -0.052984 -0.063301 0.061632
v -0.055048 -0.068279 0.061632
v -0.057082 -0.073533 0.061632
v -0.059085 -0.079064 0.061632
v -0.060990 -0.084815 0.061632
v -0.062729 -0.090732 0.061632
v -0.064302 -0.096814 0.061632
v -0.065710 -0.103062 0.061632
v -0.066953 -0.109476 0.061632
v -0.068029 -0.116056 0.061632
v -0.068940 -0.122801 0.061632
v -0.069686 -0.129711 0.061632
v -0.070265 -0.136788 0.061632
v -0.070679 -0.144030 0.061632
v -0.070928 -0.151437 0.061632
v -0.071011 -0.159011 0.061632
v -0.071011 -0.253534 0.061632
v -0.070958 -0.254991 0.061632
v -0.070802 -0.256417 0.061632
v -0.070541 -0.257812 0.061632
v -0.070176 -0.259177 0.061632
v -0.069707 -0.260512 0.061632
v -0.069133 -0.261815 0.061632
v -0.068456 -0.263088 0.061632
v -0.067673 -0.264331 0.061632
v -0.066787 -0.265542 0.061632
v -0.065796 -0.266723 0.061632
v -0.064701 -0.267873 0.061632
v -0.063502 -0.268993 0.061632
v -0.062235 -0.270051 0.061632
v -0.060938 -0.271017 0.061632
v -0.059609 -0.271892 0.061632
v -0.058251 -0.272674 0.061632
v -0.056861 -0.273364 0.061632
v -0.055441 -0.273962 0.061632
v -0.053990 -0.274468 0.061632
v -0.052508 -0.274882 0.061632
v -0.050996 -0.275204 0.061632
v -0.049453 -0.275434 0.061632
v -0.047880 -0.275572 0.061632
v -0.046276 -0.275618 0.061632
v -0.044251 -0.275557 0.061632
v -0.042300 -0.275373 0.061632
v -0.040423 -0.275066 0.061632
v -0.038620 -0.274637 0.061632
v -0.036890 -0.274085 0.061632
v -0.035233 -0.273410 0.061632
v -0.033651 -0.272612 0.061632
v -0.032141 -0.271692 0.061632
v -0.030706 -0.270649 0.061632
v -0.029344 -0.269484 0.061632
v -0.028056 -0.268195 0.061632
v -0.026841 -0.266784 0.061632
v -0.026543 -0.266502 0.061632
v -0.026240 -0.266245 0.061632
v -0.025930 -0.266011 0.061632
v -0.025614 -0.265803 0.061632
v -0.025292 -0.265619 0.061632
v -0.024964 -0.265459 0.061632
v -0.024629 -0.265324 0.061632
v -0.024289 -0.265214 0.061632
v -0.023942 -0.265128 0.061632
v -0.023590 -0.265067 0.061632
v -0.023231 -0.265030 0.061632
v -0.022866 -0.265018 0.061632
v -0.022507 -0.265030 0.061632
v -0.022166 -0.265067 0.061632
v -0.021844 -0.265128 0.061632
v -0.021541 -0.265214 0.061632
v -0.021255 -0.265324 0.061632
v -0.020989 -0.265459 0.061632
v -0.020740 -0.265619 0.061632
v -0.020510 -0.265803 0.061632
v -0.020298 -0.266011 0.061632
v -0.020105 -0.266245 0.061632
v -0.019930 -0.266502 0.061632
v -0.019774 -0.266784 0.061632
v -0.018559 -0.268195 0.061632
v -0.017271 -0.269484 0.061632
v -0.015909 -0.270649 0.061632
v -0.014474 -0.271692 0.061632
v -0.012964 -0.272612 0.061632
v -0.011382 -0.273410 0.061632
v -0.009725 -0.274085 0.061632
v -0.007995 -0.274637 0.061632
v -0.006192 -0.275066 0.061632
v -0.004315 -0.275373 0.061632
v -0.002364 -0.275557 0.061632
v -0.000339 -0.275618 0.061632
v 0.001265 -0.275569 0.061632
v 0.002838 -0.275422 0.061632
v 0.004381 -0.275177 0.061632
v 0.005894 -0.274833 0.061632
v 0.007375 -0.274391 0.061632
v 0.008826 -0.273852 0.061632
v 0.010246 -0.273214 0.061632
v 0.011636 -0.272477 0.061632
v 0.012994 -0.271643 0.061632
v 0.014323 -0.270711 0.061632
v 0.015620 -0.269680 0.061632
v 0.016887 -0.268551 0.061632
v 0.018086 -0.267349 0.061632
v 0.019181 -0.266097 0.061632
v 0.020172 -0.264797 0.061632
v 0.021058 -0.263447 0.061632
v 0.021841 -0.262048 0.061632
v 0.022519 -0.260601 0.061632
v 0.023092 -0.259104 0.061632
v 0.023561 -0.257558 0.061632
v 0.023926 -0.255963 0.061632
v 0.024187 -0.254319 0.061632
v 0.024344 -0.252626 0.061632
v 0.024396 -0.250883 0.061632
v 0.024396 0.118375 0.061632
v 0.024325 0.120697 0.061632
v 0.024114 0.122951 0.061632
v 0.023761 0.125138 0.061632
v 0.023267 0.127258 0.061632
v 0.022632 0.129310 0.061632
v 0.021856 0.131294 0.061632
v 0.020939 0.133211 0.061632
v 0.019881 0.135061 0.061632
v 0.018681 0.136843 0.061632
v 0.017341 0.138558 0.061632
v 0.015859 0.140205 0.061632
v 0.014237 0.141784 0.061632
v 0.012510 0.143266 0.061632
v 0.010715 0.144619 0.061632
v 0.008854 0.145843 0.061632
v 0.006924 0.146938 0.061632
v 0.004927 0.147904 0.061632
v 0.002863 0.148741 0.061632
v 0.000731 0.149450 0.061632
v -0.001468 0.150029 0.061632
v -0.003735 0.150480 0.061632
v -0.006069 0.150802 0.061632
v -0.008471 0.150996 0.061632
v -0.010940 0.151060 0.061632
v -0.012983 0.151005 0.061632
v -0.014989 0.150839 0.061632
v -0.016958 0.150563 0.061632
v -0.018891 0.150177 0.061632
v -0.020786 0.149680 0.061632
v -0.022645 0.149072 0.061632
v -0.024467 0.148355 0.061632
v -0.026252 0.147527 0.061632
v -0.028000 0.146588 0.061632
v -0.029712 0.145539 0.061632
v -0.031387 0.144379 0.061632
v -0.033025 0.143110 0.061632
v -0.034589 0.141754 0.061632
v -0.036043 0.140337 0.061632
v -0.037387 0.138858 0.061632
v -0.038620 0.137318 0.061632
v -0.039742 0.135717 0.061632
v -0.040754 0.134055 0.061632
v -0.041656 0.132331 0.061632
v -0.042448 0.130546 0.061632
v -0.043129 0.128699 0.061632
v -0.043699 0.126791 0.061632
v -0.044159 0.124822 0.061632
v -0.044509 0.122792 0.061632
v -0.044665 0.122353 0.061632
v -0.044840 0.121920 0.061632
v -0.045033 0.121494 0.061632
v -0.045245 0.121074 0.061632
v -0.045475 0.120660 0.061632
v -0.045724 0.120252 0.061632
v -0.045990 0.119850 0.061632
v -0.046276 0.119454 0.061632
v -0.046579 0.119065 0.061632
v -0.046901 0.118681 0.061632
v -0.047242 0.118304 0.061632
v -0.047601 0.117933 0.061632
v -0.047972 0.117580 0.061632
v -0.048349 0.117258 0.061632
v -0.048733 0.116967 0.061632
v -0.049122 0.116706 0.061632
v -0.049518 0.116476 0.061632
v -0.049920 0.116277 0.061632
v -0.050328 0.116108 0.061632
v -0.050742 0.115970 0.061632
v -0.051162 0.115862 0.061632
v -0.051588 0.115786 0.061632
v -0.052021 0.115740 0.061632
v -0.052459 0.115724 0.061632
v -0.065155 0.115194 0.061632
v -0.077624 0.114485 0.061632
v -0.089866 0.113599 0.061632
v -0.101880 0.112534 0.061632
v -0.113668 0.111292 0.061632
v -0.125229 0.109872 0.061632
v -0.136563 0.108274 0.061632
v -0.147669 0.106498 0.061632
v -0.158549 0.104544 0.061632
v -0.169202 0.102412 0.061632
v -0.179628 0.100102 0.061632
v -0.189827 0.097615 0.061632
v -0.199747 0.095008 0.061632
v -0.209335 0.092339 0.061632
v -0.218592 0.089609 0.061632
v -0.227518 0.086818 0.061632
v -0.236113 0.083965 0.061632
v -0.244376 0.081051 0.061632
v -0.252309 0.078076 0.061632
v -0.259909 0.075039 0.061632
v -0.267179 0.071941 0.061632
v -0.274117 0.068782 0.061632
v -0.280724 0.065561 0.061632
v -0.287000 0.062279 0.061632
v -0.292935 0.058988 0.061632
v -0.298521 0.055740 0.061632
v -0.303757 0.052534 0.061632
v -0.308643 0.049372 0.061632
v -0.313180 0.046252 0.061632
v -0.317367 0.043176 0.061632
v -0.321204 0.040142 0.061632
v -0.324691 0.037152 0.061632
v -0.327829 0.034204 0.061632
v -0.330618 0.031299 0.061632
v -0.333056 0.028437 0.061632
v -0.335145 0.025618 0.061632
v -0.335292 0.025480 0.061632
v -0.335439 0.025361 0.061632
v -0.335587 0.025260 0.061632
v -0.335734 0.025177 0.061632
v -0.335881 0.025112 0.061632
v -0.336028 0.025066 0.061632
v -0.336176 0.025039 0.061632
v -0.336323 0.025029 0.061632
v -0.336470 0.025039 0.061632
v -0.336617 0.025066 0.061632
v -0.336764 0.025112 0.061632
v -0.336912 0.025177 0.061632
v -0.337053 0.025253 0.061632
v -0.337182 0.025336 0.061632
v -0.337298 0.025425 0.061632
v -0.337402 0.025520 0.061632
v -0.337495 0.025621 0.061632
v -0.337574 0.025729 0.061632
v -0.337642 0.025842 0.061632
v -0.337697 0.025962 0.061632
v -0.337740 0.026088 0.061632
v -0.337771 0.026220 0.061632
v -0.337789 0.026358 0.061632
v -0.337795 0.026502 0.061632
v -0.337629 0.028845 0.061632
v -0.337427 0.031164 0.061632
v -0.337188 0.033459 0.061632
v -0.336912 0.035728 0.061632
v -0.336599 0.037974 0.061632
v -0.336249 0.040194 0.061632
v -0.335863 0.042391 0.061632
v -0.335439 0.044562 0.061632
v -0.334979 0.046709 0.061632
v -0.334482 0.048832 0.061632
v -0.333949 0.050930 0.061632
v -0.333378 0.053004 0.061632
v -0.332783 0.055053 0.061632
v -0.332176 0.057077 0.061632
v -0.331556 0.059077 0.061632
v -0.330924 0.061052 0.061632
v -0.330280 0.063003 0.061632
v -0.329624 0.064929 0.061632
v -0.328955 0.066831 0.061632
v -0.328274 0.068708 0.061632
v -0.327581 0.070561 0.061632
v -0.326875 0.072389 0.061632
v -0.326158 0.074193 0.061632
v -0.325428 0.075972 0.061632
v -0.324418 0.078309 0.061632
v -0.323452 0.080610 0.061632
v -0.322529 0.082873 0.061632
v -0.321649 0.085100 0.061632
v -0.320811 0.087290 0.061632
v -0.320017 0.089444 0.061632
v -0.319265 0.091560 0.061632
v -0.318557 0.093640 0.061632
v -0.317891 0.095682 0.061632
v -0.317269 0.097689 0.061632
v -0.316689 0.099658 0.061632
v -0.316152 0.101590 0.061632
v -0.315658 0.103535 0.061632
v -0.315207 0.105541 0.061632
v -0.314799 0.107608 0.061632
v -0.314434 0.109737 0.061632
v -0.314112 0.111927 0.061632
v -0.313833 0.114179 0.061632
v -0.313597 0.116491 0.061632
v -0.313404 0.118865 0.061632
v -0.313253 0.121301 0.061632
v -0.313146 0.123798 0.061632
v -0.313082 0.126356 0.061632
v -0.313060 0.128975 0.061632
v -0.313103 0.132675 0.061632
v -0.313232 0.136411 0.061632
v -0.313447 0.140183 0.061632
v -0.313747 0.143993 0.061632
v -0.314134 0.147839 0.061632
v -0.314606 0.151723 0.061632
v -0.315164 0.155643 0.061632
v -0.315809 0.159600 0.061632
v -0.316539 0.163593 0.061632
v -0.317354 0.167624 0.061632
v -0.318256 0.171691 0.061632
v -0.319244 0.175795 0.061632
v -0.320317 0.179893 0.061632
v -0.321477 0.183942 0.061632
v -0.322722 0.187942 0.061632
v -0.324053 0.191892 0.061632
v -0.325471 0.195794 0.061632
v -0.326974 0.199647 0.061632
v -0.328562 0.203450 0.061632
v -0.330237 0.207205 0.061632
v -0.331998 0.210910 0.061632
v -0.333844 0.214566 0.061632
v -0.335777 0.218173 0.061632
v -0.337795 0.221731 0.061632
v -0.337927 0.222023 0.061632
v -0.338028 0.222308 0.061632
v -0.338099 0.222587 0.061632
v -0.338139 0.222860 0.061632
v -0.338148 0.223127 0.061632
v -0.338126 0.223388 0.061632
v -0.338074 0.223642 0.061632
v -0.337991 0.223891 0.061632
v -0.337878 0.224133 0.061632
v -0.337734 0.224369 0.061632
v -0.337559 0.224599 0.061632
v -0.337353 0.224823 0.061632
v -0.337136 0.225029 0.061632
v -0.336924 0.225204 0.061632
v -0.336718 0.225348 0.061632
v -0.336519 0.225461 0.061632
v -0.336326 0.225544 0.061632
v -0.336139 0.225596 0.061632
v -0.335958 0.225618 0.061632
v -0.335783 0.225609 0.061632
v -0.335614 0.225569 0.061632
v -0.335452 0.225498 0.061632
v -0.335295 0.225397 0.061632
v -0.335145 0.225265 0.061632
v -0.331765 0.224136 0.061632
v -0.328397 0.223106 0.061632
v -0.325041 0.222173 0.061632
v -0.321698 0.221339 0.061632
v -0.318367 0.220603 0.061632
v -0.315048 0.219965 0.061632
v -0.311741 0.219425 0.061632
v -0.308447 0.218983 0.061632
v -0.305165 0.218640 0.061632
v -0.301895 0.218394 0.061632
v -0.298638 0.218247 0.061632
v -0.295392 0.218198 0.061632
v -0.292988 0.218222 0.061632
v -0.290485 0.218296 0.061632
v -0.287883 0.218419 0.061632
v -0.285184 0.218591 0.061632
v -0.282387 0.218811 0.061632
v -0.279491 0.219081 0.061632
v -0.276498 0.219400 0.061632
v -0.273406 0.219768 0.061632
v -0.270216 0.220186 0.061632
v -0.266927 0.220652 0.061632
v -0.263541 0.221167 0.061632
v -0.260057 0.221731 0.061632
v -0.258710 0.221900 0.061632
v -0.257321 0.222112 0.061632
v -0.255888 0.222366 0.061632
v -0.254413 0.222664 0.061632
v -0.252894 0.223004 0.061632
v -0.251333 0.223388 0.061632
v -0.249729 0.223814 0.061632
v -0.248082 0.224284 0.061632
v -0.246392 0.224796 0.061632
v -0.244659 0.225351 0.061632
v -0.242883 0.225949 0.061632
v -0.241064 0.226590 0.061632
v -0.239214 0.227250 0.061632
v -0.237346 0.227903 0.061632
v -0.235460 0.228550 0.061632
v -0.233555 0.229191 0.061632
v -0.231632 0.229826 0.061632
v -0.229690 0.230455 0.061632
v -0.227730 0.231078 0.061632
v -0.225752 0.231694 0.061632
v -0.223755 0.232305 0.061632
v -0.221739 0.232909 0.061632
v -0.219706 0.233507 0.061632
v -0.217654 0.234099 0.061632
v -0.209817 0.236995 0.061632
v -0.201912 0.239792 0.061632
v -0.193940 0.242491 0.061632
v -0.185901 0.245092 0.061632
v -0.177794 0.247595 0.061632
v -0.169619 0.250000 0.061632
v -0.161377 0.252307 0.061632
v -0.153068 0.254515 0.061632
v -0.144691 0.256625 0.061632
v -0.136247 0.258638 0.061632
v -0.127735 0.260552 0.061632
v -0.119156 0.262368 0.061632
v -0.110300 0.264067 0.061632
v -0.100960 0.265631 0.061632
v -0.091135 0.267061 0.061632
v -0.080826 0.268355 0.061632
v -0.070032 0.269514 0.061632
v -0.058754 0.270539 0.061632
v -0.046990 0.271428 0.061632
v -0.034742 0.272183 0.061632
v -0.022010 0.272803 0.061632
v -0.008793 0.273287 0.061632
v 0.004909 0.273637 0.061632
v 0.019095 0.273852 0.061632
v 0.019390 0.273864 0.061632
v 0.019684 0.273901 0.061632
v 0.019979 0.273962 0.061632
v 0.020273 0.274048 0.061632
v 0.020568 0.274158 0.061632
v 0.020862 0.274293 0.061632
v 0.021157 0.274453 0.061632
v 0.021451 0.274637 0.061632
v 0.021746 0.274845 0.061632
v 0.022040 0.275079 0.061632
v 0.022334 0.275336 0.061632
v 0.022629 0.275618 0.061632
v 0.022911 0.275913 0.061632
v 0.023169 0.276207 0.061632
v 0.023402 0.276502 0.061632
v 0.023610 0.276796 0.061632
v 0.023795 0.277091 0.061632
v 0.023954 0.277385 0.061632
v 0.024089 0.277680 0.061632
v 0.024199 0.277974 0.061632
v 0.024285 0.278269 0.061632
v 0.024347 0.278563 0.061632
v 0.024383 0.278858 0.061632
v 0.024396 0.279152 0.061632
v 0.024218 0.286035 0.061632
v 0.023979 0.292550 0.061632
v 0.023678 0.298697 0.061632
v 0.023316 0.304476 0.061632
v 0.022893 0.309887 0.061632
v 0.022408 0.314929 0.061632
v 0.021862 0.319604 0.061632
v 0.021255 0.323911 0.061632
v 0.020586 0.327849 0.061632
v 0.019856 0.331419 0.061632
v 0.019065 0.334622 0.061632
v 0.018212 0.337456 0.061632
v 0.017218 0.340118 0.061632
v 0.016003 0.342805 0.061632
v 0.014568 0.345517 0.061632
v 0.012912 0.348253 0.061632
v 0.011034 0.351014 0.061632
v 0.008936 0.353799 0.061632
v 0.006617 0.356608 0.061632
v 0.004078 0.359443 0.061632
v 0.001317 0.362301 0.061632
v -0.001664 0.365185 0.061632
v -0.004867 0.368092 0.061632
v -0.008290 0.371025 0.061632
v -0.008431 0.371178 0.061632
v -0.008560 0.371344 0.061632
v -0.008676 0.371522 0.061632
v -0.008781 0.371712 0.061632
v -0.008873 0.371914 0.061632
v -0.008952 0.372129 0.061632
v -0.009020 0.372356 0.061632
v -0.009075 0.372595 0.061632
v -0.009118 0.372847 0.061632
v -0.009149 0.373111 0.061632
v -0.009167 0.373387 0.061632
v -0.009173 0.373675 0.061632
v -0.009161 0.373957 0.061632
v -0.009124 0.374215 0.061632
v -0.009063 0.374448 0.061632
v -0.008977 0.374656 0.061632
v -0.008866 0.374841 0.061632
v -0.008731 0.375000 0.061632
v -0.008572 0.375135 0.061632
v -0.008388 0.375245 0.061632
v -0.008179 0.375331 0.061632
v -0.007946 0.375393 0.061632
v -0.007689 0.375429 0.061632
v -0.007406 0.375442 0.061632
v -0.002585 0.375248 0.061632
v 0.002164 0.374963 0.061632
v 0.006838 0.374586 0.061632
v 0.011439 0.374117 0.061632
v 0.015967 0.373555 0.061632
v 0.020420 0.372902 0.061632
v 0.024801 0.372157 0.061632
v 0.029107 0.371319 0.061632
v 0.033340 0.370390 0.061632
v 0.037499 0.369368 0.061632
v 0.041585 0.368255 0.061632
v 0.045597 0.367050 0.061632
v 0.049615 0.365764 0.061632
v 0.053719 0.364412 0.061632
v 0.057909 0.362991 0.061632
v 0.062185 0.361504 0.061632
v 0.066547 0.359949 0.061632
v 0.070995 0.358326 0.061632
v 0.075528 0.356636 0.061632
v 0.080148 0.354878 0.061632
v 0.084853 0.353053 0.061632
v 0.089644 0.351161 0.061632
v 0.094521 0.349201 0.061632
v 0.099484 0.347173 0.061632
v 0.105410 0.344615 0.061632
v 0.111115 0.342241 0.061632
v 0.116600 0.340051 0.061632
v 0.121863 0.338045 0.061632
v 0.126906 0.336223 0.061632
v 0.131728 0.334585 0.061632
v 0.136329 0.333131 0.061632
v 0.140709 0.331861 0.061632
v 0.144868 0.330775 0.061632
v 0.148807 0.329873 0.061632
v 0.152524 0.329156 0.061632
v 0.156021 0.328622 0.061632
v 0.158046 0.328340 0.061632
v 0.159996 0.328082 0.061632
v 0.161874 0.327849 0.061632
v 0.163677 0.327640 0.061632
v 0.165407 0.327456 0.061632
v 0.167064 0.327297 0.061632
v 0.168646 0.327162 0.061632
v 0.170155 0.327051 0.061632
v 0.171591 0.326966 0.061632
v 0.172953 0.326904 0.061632
v 0.174241 0.326867 0.061632
v 0.175456 0.326855 0.061632
v 0.178854 0.326898 0.061632
v 0.182278 0.327027 0.061632
v 0.185725 0.327242 0.061632
v 0.189197 0.327542 0.061632
v 0.192694 0.327929 0.061632
v 0.196216 0.328401 0.061632
v 0.199761 0.328959 0.061632
v 0.203332 0.329604 0.061632
v 0.206927 0.330334 0.061632
v 0.210546 0.331149 0.061632
v 0.214190 0.332051 0.061632
v 0.217859 0.333039 0.061632
v 0.218349 0.333205 0.061632
v 0.218938 0.333407 0.061632
v 0.219625 0.333646 0.061632
v 0.220411 0.333922 0.061632
v 0.221294 0.334235 0.061632
v 0.222276 0.334585 0.061632
v 0.223355 0.334971 0.061632
v 0.224533 0.335395 0.061632
v 0.225809 0.335855 0.061632
v 0.227183 0.336352 0.061632
v 0.228656 0.336885 0.061632
v 0.230226 0.337456 0.061632
v 0.230373 0.337447 0.061632
v 0.230521 0.337419 0.061632
v 0.230668 0.337373 0.061632
v 0.230815 0.337309 0.061632
v 0.230962 0.337226 0.061632
v 0.231109 0.337125 0.061632
v 0.231257 0.337005 0.061632
v 0.231404 0.336867 0.061632
v 0.231551 0.336711 0.061632
v 0.231698 0.336536 0.061632
v 0.231846 0.336342 0.061632
v 0.231993 0.336131 0.061632
v 0.232128 0.335913 0.061632
v 0.232238 0.335701 0.061632
v 0.232324 0.335496 0.061632
v 0.232386 0.335296 0.061632
v 0.232422 0.335103 0.061632
v 0.232435 0.334916 0.061632
v 0.232422 0.334735 0.061632
v 0.232386 0.334560 0.061632
v 0.232324 0.334392 0.061632
v 0.232238 0.334229 0.061632
v 0.232128 0.334073 0.061632
v 0.231993 0.333922 0.061632
v 0.229557 0.330450 0.061632
v 0.227257 0.327101 0.061632
v 0.225091 0.323874 0.061632
v 0.223061 0.320770 0.061632
v 0.221165 0.317788 0.061632
v 0.219405 0.314929 0.061632
v 0.217779 0.312193 0.061632
v 0.216288 0.309580 0.061632
v 0.214932 0.307089 0.061632
v 0.213712 0.304721 0.061632
v 0.212626 0.302476 0.061632
v 0.211675 0.300353 0.061632
v 0.210828 0.298274 0.061632
v 0.210055 0.296157 0.061632
v 0.209356 0.294004 0.061632
v 0.208730 0.291814 0.061632
v 0.208178 0.289587 0.061632
v 0.207700 0.287323 0.061632
v 0.207295 0.285023 0.061632
v 0.206964 0.282686 0.061632
v 0.206706 0.280311 0.061632
v 0.206522 0.277900 0.061632
v 0.206411 0.275453 0.061632
v 0.206375 0.272968 0.061632
v 0.206375 0.233216 0.061632
v 0.206417 0.232203 0.061632
v 0.206546 0.231228 0.061632
v 0.206761 0.230289 0.061632
v 0.207062 0.229388 0.061632
v 0.207448 0.228523 0.061632
v 0.207920 0.227694 0.061632
v 0.208479 0.226903 0.061632
v 0.209123 0.226148 0.061632
v 0.209853 0.225431 0.061632
v 0.210669 0.224750 0.061632
v 0.211571 0.224106 0.061632
v 0.212558 0.223498 0.061632
v 0.226693 0.219965 0.061632
v 0.229306 0.219400 0.061632
v 0.231846 0.218885 0.061632
v 0.234312 0.218419 0.061632
v 0.236704 0.218002 0.061632
v 0.239023 0.217634 0.061632
v 0.241269 0.217315 0.061632
v 0.243440 0.217045 0.061632
v 0.245538 0.216824 0.061632
v 0.247563 0.216652 0.061632
v 0.249514 0.216529 0.061632
v 0.251391 0.216456 0.061632
v 0.253194 0.216431 0.061632
v 0.255869 0.216486 0.061632
v 0.258593 0.216652 0.061632
v 0.261366 0.216928 0.061632
v 0.264188 0.217315 0.061632
v 0.267059 0.217811 0.061632
v 0.269979 0.218419 0.061632
v 0.272948 0.219137 0.061632
v 0.275966 0.219965 0.061632
v 0.279034 0.220903 0.061632
v 0.282150 0.221952 0.061632
v 0.285315 0.223112 0.061632
v 0.288530 0.224382 0.061632
v 0.288818 0.224517 0.061632
v 0.289094 0.224627 0.061632
v 0.289358 0.224713 0.061632
v 0.289610 0.224774 0.061632
v 0.289849 0.224811 0.061632
v 0.290076 0.224823 0.061632
v 0.290291 0.224811 0.061632
v 0.290493 0.224774 0.061632
v 0.290683 0.224713 0.061632
v 0.290861 0.224627 0.061632
v 0.291027 0.224517 0.061632
v 0.291180 0.224382 0.061632
v 0.291315 0.224228 0.061632
v 0.291425 0.224063 0.061632
v 0.291511 0.223885 0.061632
v 0.291573 0.223695 0.061632
v 0.291610 0.223492 0.061632
v 0.291622 0.223277 0.061632
v 0.291610 0.223050 0.061632
v 0.291573 0.222811 0.061632
v 0.291511 0.222560 0.061632
v 0.291425 0.222296 0.061632
v 0.291315 0.222020 0.061632
v 0.291180 0.221731 0.061632
v 0.289306 0.218063 0.061632
v 0.287512 0.214419 0.061632
v 0.285797 0.210800 0.061632
v 0.284162 0.207205 0.061632
v 0.282607 0.203634 0.061632
v 0.281131 0.200088 0.061632
v 0.279736 0.196567 0.061632
v 0.278420 0.193070 0.061632
v 0.277184 0.189598 0.061632
v 0.276027 0.186150 0.061632
v 0.274951 0.182727 0.061632
v 0.273954 0.179329 0.061632
v 0.273037 0.175912 0.061632
v 0.272199 0.172433 0.061632
v 0.271442 0.168894 0.061632
v 0.270764 0.165293 0.061632
v 0.270166 0.161630 0.061632
v 0.269647 0.157906 0.061632
v 0.269209 0.154121 0.061632
v 0.268850 0.150275 0.061632
v 0.268571 0.146367 0.061632
v 0.268371 0.142398 0.061632
v 0.268252 0.138367 0.061632
v 0.268212 0.134276 0.061632
v 0.268292 0.129840 0.061632
v 0.268531 0.125368 0.061632
v 0.268930 0.120859 0.061632
v 0.269488 0.116313 0.061632
v 0.270206 0.111731 0.061632
v 0.271083 0.107111 0.061632
v 0.272120 0.102455 0.061632
v 0.273316 0.097762 0.061632
v 0.274672 0.093032 0.061632
v 0.276187 0.088266 0.061632
v 0.277862 0.083462 0.061632
vn -0.0000 -0.0000 -1.0000
vn -0.0007 -0.0000 -1.0000
vn 0.0702 -0.0000 -0.9975
vn -0.0002 -0.0000 -1.0000
vn 0.0001 -0.0000 -1.0000
vn -0.0001 -0.0000 -1.0000
vn -0.0000 -0.0000 1.0000
vn -0.0356 -0.0000 0.9994
vn -0.0002 -0.0000 1.0000
vn 0.0001 -0.0000 1.0000
vn -0.0001 -0.0000 1.0000
vn -0.2544 0.9671 -0.0000
vn -0.9900 0.1414 -0.0000
vn 0.1451 0.9894 -0.0000
vn -0.9374 -0.3482 -0.0000
vn 0.3130 0.9497 -0.0000
vn -0.6952 -0.7188 -0.0000
vn 0.3674 0.9301 -0.0000
vn -0.9112 -0.4119 -0.0000
vn 0.5665 0.8241 -0.0000
vn -0.3401 0.9404 -0.0000
vn 0.3216 0.9469 -0.0000
vn 0.8866 0.4625 -0.0000
vn 0.8842 -0.4671 -0.0000
vn -0.3251 0.9457 -0.0000
vn -0.1330 0.9911 -0.0000
vn 0.1309 0.9914 -0.0000
vn 0.5562 -0.8310 -0.0000
vn 0.0350 -0.9994 -0.0000
vn 0.9824 0.1866 -0.0000
vn 0.1579 -0.9875 -0.0000
vn -0.9635 0.2677 -0.0000
vn -0.0000 -1.0000 -0.0000
vn 0.2985 -0.9544 -0.0000
vn -0.9300 0.3676 -0.0000
vn 0.9991 -0.0417 -0.0000
vn -0.5528 -0.8333 -0.0000
vn -0.9401 0.3410 -0.0000
vn 0.4634 -0.8861 -0.0000
vn 0.9685 0.2490 -0.0000
vn -0.9642 0.2653 -0.0000
vn -0.7197 -0.6943 -0.0000
vn 0.6510 -0.7591 -0.0000
vn -0.9927 0.1208 -0.0000
vn -0.9011 -0.4337 -0.0000
vn 0.9991 -0.0423 -0.0000
vn -0.9080 -0.4189 -0.0000
vn 0.6738 -0.7389 -0.0000
vn 0.4903 -0.8716 -0.0000
vn -0.4005 -0.9163 -0.0000
vn -0.0624 -0.9981 -0.0000
vn 0.4930 0.8700 -0.0000
vn -0.1172 0.9931 -0.0000
vn 0.7560 0.6545 -0.0000
vn 0.9773 -0.2120 -0.0000
vn 0.7680 -0.6404 -0.0000
vn -0.3658 0.9307 -0.0000
vn 0.9237 -0.3830 -0.0000
vn -0.7130 0.7012 -0.0000
vn 0.9869 -0.1615 -0.0000
vn -0.9477 0.3193 -0.0000
vn 0.9210 -0.3895 -0.0000
vn 0.9994 0.0358 -0.0000
vn -0.9993 0.0377 -0.0000
vn -0.8728 0.4881 -0.0000
vn 0.8071 0.5905 -0.0000
vn 0.0342 0.9994 -0.0000
vn -0.4961 0.8683 -0.0000
vn 0.7019 0.7122 -0.0000
vn -0.5878 0.8090 -0.0000
vn -0.5232 0.8522 -0.0000
vn 0.5206 0.8538 -0.0000
vn 0.4448 0.8956 -0.0000
vn -0.0303 0.9995 -0.0000
vn -0.0306 0.9995 -0.0000
vn -0.9788 0.2051 -0.0000
vn -0.9141 0.4055 -0.0000
vn -0.0103 -0.9999 -0.0000
vn -0.1056 -0.9944 -0.0000
vn 0.0450 0.9990 -0.0000
vn 0.8515 -0.5244 -0.0000
vn -0.9954 -0.0957 -0.0000
vn 0.9393 -0.3430 -0.0000
vn 0.9971 -0.0761 -0.0000
vn 0.1821 -0.9833 -0.0000
vn -0.9790 0.2039 -0.0000
vn -0.7526 0.6585 -0.0000
vn -0.3029 -0.9530 -0.0000
vn -0.4167 0.9091 -0.0000
vn -0.9983 -0.0587 -0.0000
vn -0.0366 0.9993 -0.0000
vn 0.5437 -0.8393 -0.0000
vn -0.1559 -0.9878 -0.0000
vn -0.1652 0.9863 -0.0000
vn -0.3768 -0.9263 -0.0000
vn -0.3033 -0.9529 -0.0000
vn -0.2822 0.9593 -0.0000
vn -0.2872 0.9579 -0.0000
vn -0.1347 -0.9909 -0.0000
vn 0.9130 0.4079 -0.0000
vn -0.3301 0.9439 -0.0000
vn 0.0708 -0.9975 -0.0000
vn 0.3980 0.9174 -0.0000
vn -0.6368 0.7710 -0.0000
vn 0.1789 0.9839 -0.0000
vn -0.3674 0.9301 -0.0000
vn 0.9517 0.3070 -0.0000
vn 0.2425 0.9701 -0.0000
vn -0.2385 0.9711 -0.0000
vn -0.9966 0.0820 -0.0000
vn 0.9056 -0.4241 -0.0000
vn -0.1404 0.9901 -0.0000
vn 0.1888 0.9820 -0.0000
vn -0.0294 0.9996 -0.0000
vn -0.1357 0.9908 -0.0000
vn 0.1047 0.9945 -0.0000
vn -0.8926 -0.4508 -0.0000
vn 0.9359 -0.3522 -0.0000
vn -0.9614 -0.2753 -0.0000
vn 0.9827 -0.1850 -0.0000
vn -0.9927 -0.1208 -0.0000
vn 0.0823 -0.9966 -0.0000
vn -0.3759 -0.9267 -0.0000
vn 0.5226 -0.8526 -0.0000
vn -0.7878 -0.6159 -0.0000
vn 1.0000 -0.0097 -0.0000
vn 0.8541 -0.5200 -0.0000
vn -0.9991 0.0430 -0.0000
vn -0.9956 -0.0935 -0.0000
vn 0.9271 -0.3748 -0.0000
vn 0.7657 -0.6432 -0.0000
vn 0.6207 -0.7841 -0.0000
vn 0.4445 -0.8958 -0.0000
vn 0.0567 -0.9984 -0.0000
vn -0.9757 0.2193 -0.0000
vn 0.1962 -0.9806 -0.0000
vn 0.9690 0.2470 -0.0000
vn 0.1240 -0.9923 -0.0000
vn -0.9382 0.3462 -0.0000
vn 0.8793 -0.4763 -0.0000
vn 0.3326 -0.9431 -0.0000
vn -0.5029 -0.8644 -0.0000
vn -0.9329 0.3600 -0.0000
vn 0.5027 -0.8644 -0.0000
vn -0.6791 -0.7340 -0.0000
vn -0.9578 0.2874 -0.0000
vn 0.9792 0.2031 -0.0000
vn 0.0400 0.9992 -0.0000
vn -0.9878 0.1555 -0.0000
vn -0.8575 0.5145 -0.0000
vn -0.9857 -0.1683 -0.0000
vn -0.8555 -0.5177 -0.0000
vn 0.7214 -0.6925 -0.0000
vn 0.2145 0.9767 -0.0000
vn -0.7359 -0.6771 -0.0000
vn -0.9741 -0.2263 -0.0000
vn 0.9741 -0.2263 -0.0000
vn 0.3358 0.9419 -0.0000
vn -0.8269 -0.5623 -0.0000
vn -0.5408 -0.8412 -0.0000
vn 0.5408 -0.8412 -0.0000
vn 0.3963 0.9181 -0.0000
vn 0.0624 0.9980 -0.0000
vn 0.7282 0.6853 -0.0000
vn 0.2982 -0.9545 -0.0000
vn 0.9823 0.1871 -0.0000
vn -0.2982 -0.9545 -0.0000
vn -0.3338 0.9426 -0.0000
vn -0.0662 0.9978 -0.0000
vn 0.8187 -0.5742 -0.0000
vn 0.2526 0.9676 -0.0000
vn 0.5570 0.8305 -0.0000
vn -0.1990 0.9800 -0.0000
vn 0.8176 0.5758 -0.0000
vn 0.9006 -0.4348 -0.0000
vn -0.9859 -0.1674 -0.0000
vn -0.2593 0.9658 -0.0000
vn 0.8281 -0.5605 -0.0000
vn 0.1058 0.9944 -0.0000
vn -0.6425 0.7663 -0.0000
vn 0.9402 -0.3405 -0.0000
vn 0.9942 -0.1072 -0.0000
vn -0.9005 0.4349 -0.0000
vn -0.0126 0.9999 -0.0000
vn 0.9994 -0.0332 -0.0000
vn -1.0000 -0.0000 -0.0000
vn -0.1414 0.9900 -0.0000
vn 0.8783 -0.4781 -0.0000
vn 0.9830 0.1836 -0.0000
vn -0.9671 0.2545 -0.0000
vn 0.9706 -0.2406 -0.0000
vn -0.9338 0.3578 -0.0000
vn -0.9997 -0.0258 -0.0000
vn 0.1678 0.9858 -0.0000
vn -0.9585 -0.2850 -0.0000
vn 0.1871 0.9823 -0.0000
vn -0.3743 0.9273 -0.0000
vn -0.6723 -0.7403 -0.0000
vn -0.8480 0.5300 -0.0000
vn -0.5780 0.8160 -0.0000
vn 0.8275 0.5615 -0.0000
vn 0.3210 0.9471 -0.0000
vn -0.0417 0.9991 -0.0000
vn 0.7243 0.6895 -0.0000
vn 0.3729 0.9279 -0.0000
vn -0.8838 -0.4679 -0.0000
vn 1.0000 -0.0000 -0.0000
vn -0.7071 0.7071 -0.0000
vn -0.1068 0.9943 -0.0000
vn 0.6306 0.7761 -0.0000
vn -0.2443 0.9697 -0.0000
vn -0.3408 0.9401 -0.0000
vn -0.6220 0.7830 -0.0000
vn -0.3466 0.9380 -0.0000
vn -0.3135 0.9496 -0.0000
vn 0.9227 0.3856 -0.0000
vn 0.3013 0.9535 -0.0000
vn 0.7606 0.6493 -0.0000
vn 0.3773 0.9261 -0.0000
vn 0.8169 -0.5767 -0.0000
vn -0.3939 0.9191 -0.0000
vn -0.3288 0.9444 -0.0000
vn 0.3294 0.9442 -0.0000
vn -0.1555 0.9878 -0.0000
vn 0.3167 0.9485 -0.0000
vn -0.9858 0.1682 -0.0000
vn -0.2901 0.9570 -0.0000
vn 0.1232 0.9924 -0.0000
vn 0.0286 0.9996 -0.0000
vn -0.9932 -0.1160 -0.0000
vn -0.3096 0.9509 -0.0000
vn -0.1613 0.9869 -0.0000
vn -0.1571 0.9876 -0.0000
vn 0.8597 -0.5108 -0.0000
vn 0.5546 0.8321 -0.0000
vn 0.9511 -0.3089 -0.0000
vn -0.9056 0.4242 -0.0000
vn -0.9923 0.1240 -0.0000
vn 0.9985 -0.0540 -0.0000
vn 0.9990 -0.0451 -0.0000
vn -0.9110 -0.4123 -0.0000
vn -0.7840 0.6207 -0.0000
vn 0.8541 -0.5201 -0.0000
vn -0.1243 0.9922 -0.0000
vn -0.4763 0.8793 -0.0000
vn -0.2350 0.9720 -0.0000
vn -0.9375 0.3480 -0.0000
vn -0.0255 0.9997 -0.0000
vn 0.0152 -0.9999 -0.0000
vn 0.1041 0.9946 -0.0000
vn -0.1440 0.9896 -0.0000
vn 0.1858 0.9826 -0.0000
vn -0.0723 -0.9974 -0.0000
vn -0.0787 0.9969 -0.0000
vn -0.2617 -0.9652 -0.0000
vn -0.2695 0.9630 -0.0000
vn -0.8226 0.5686 -0.0000
vn 0.0392 0.9992 -0.0000
vn -0.2822 0.9594 -0.0000
vn 0.9037 -0.4281 -0.0000
vn 0.2309 -0.9730 -0.0000
vn -0.9399 -0.3414 -0.0000
vn -0.7071 -0.7071 -0.0000
vn -0.3787 -0.9255 -0.0000
vn -0.3245 0.9459 -0.0000
vn 0.9539 -0.3000 -0.0000
vn -0.9837 -0.1798 -0.0000
vn 0.8686 0.4954 -0.0000
vn 0.4184 -0.9083 -0.0000
vn 0.5431 0.8397 -0.0000
vn -0.3241 -0.9460 -0.0000
vn -0.5743 0.8187 -0.0000
vn 0.9934 -0.1151 -0.0000
vn -0.1829 -0.9831 -0.0000
vn -0.1951 -0.9808 -0.0000
vn -0.0092 -1.0000 -0.0000
vn 0.3070 0.9517 -0.0000
vn -0.4239 0.9057 -0.0000
vn 0.2536 -0.9673 -0.0000
vn -0.2569 0.9664 -0.0000
vn -0.6511 -0.7590 -0.0000
vn 0.9839 0.1786 -0.0000
vn -0.9797 0.2005 -0.0000
vn 0.6549 -0.7557 -0.0000
vn -0.9999 -0.0116 -0.0000
vn 0.8905 -0.4549 -0.0000
vn -0.1504 0.9886 -0.0000
vn 0.9382 -0.3460 -0.0000
vn -0.9553 -0.2956 -0.0000
vn 0.1611 0.9869 -0.0000
vn 0.2111 0.9775 -0.0000
vn 0.9961 0.0881 -0.0000
vn -0.0471 0.9989 -0.0000
vn 0.8742 -0.4856 -0.0000
vn -0.8815 -0.4722 -0.0000
vn 0.7220 -0.6919 -0.0000
vn -0.1705 0.9854 -0.0000
vn 0.6889 -0.7249 -0.0000
vn 0.2475 -0.9689 -0.0000
vn 0.1048 -0.9945 -0.0000
vn -0.9894 0.1455 -0.0000
vn 0.0845 0.9964 -0.0000
vn 0.3511 -0.9363 -0.0000
vn 0.9421 -0.3354 -0.0000
vn -0.9548 -0.2973 -0.0000
vn 0.2542 -0.9672 -0.0000
vn -0.9508 0.3098 -0.0000
vn 0.9443 0.3292 -0.0000
vn 0.9869 -0.1612 -0.0000
vn -0.4210 -0.9070 -0.0000
vn -0.9900 -0.1410 -0.0000
vn 0.9600 -0.2800 -0.0000
vn 0.1388 -0.9903 -0.0000
vn -0.3154 -0.9490 -0.0000
vn -0.9181 0.3964 -0.0000
vn 0.5692 -0.8222 -0.0000
vn -0.7435 -0.6687 -0.0000
vn 0.3920 -0.9199 -0.0000
vn 0.9515 0.3075 -0.0000
vn 0.9998 0.0180 -0.0000
vn -0.6204 -0.7843 -0.0000
vn 0.8861 -0.4635 -0.0000
vn -0.9496 0.3135 -0.0000
vn -0.9997 0.0252 -0.0000
vn -0.9872 -0.1592 -0.0000
vn 0.5666 -0.8240 -0.0000
vn -0.9778 0.2095 -0.0000
vn 0.9108 -0.4128 -0.0000
vn -0.7858 -0.6185 -0.0000
vn 0.7424 -0.6700 -0.0000
vn 0.9926 0.1216 -0.0000
vn 0.6585 -0.7526 -0.0000
vn -0.9975 0.0705 -0.0000
vn 0.3821 -0.9241 -0.0000
vn 0.0722 -0.9974 -0.0000
vn -0.9811 0.1936 -0.0000
vn 0.2039 -0.9790 -0.0000
vn 0.8594 -0.5113 -0.0000
vn -0.7398 -0.6728 -0.0000
vn 0.2163 -0.9763 -0.0000
vn 0.9613 0.2755 -0.0000
vn 0.6839 -0.7296 -0.0000
vn -0.9424 0.3346 -0.0000
vn -0.5666 -0.8240 -0.0000
vn 0.9091 -0.4166 -0.0000
vn 0.2983 -0.9545 -0.0000
vn -0.0624 -0.9980 -0.0000
vn -0.4765 -0.8792 -0.0000
vn 0.0210 0.9998 -0.0000
vn 0.3512 -0.9363 -0.0000
vn 0.6570 0.7539 -0.0000
vn -0.9291 0.3697 -0.0000
vn 0.9737 0.2276 -0.0000
vn -0.6600 -0.7512 -0.0000
vn -0.1842 0.9829 -0.0000
vn -0.9552 0.2959 -0.0000
vn 0.5221 -0.8529 -0.0000
vn 0.7662 -0.6426 -0.0000
vn 0.8874 -0.4611 -0.0000
vn 0.9841 0.1778 -0.0000
vn -0.5150 0.8572 -0.0000
vn -0.9849 0.1733 -0.0000
vn -0.8322 -0.5545 -0.0000
vn 0.9681 -0.2505 -0.0000
vn -0.8069 0.5907 -0.0000
vn 0.7612 -0.6486 -0.0000
vn -0.9912 -0.1324 -0.0000
vn 0.9994 -0.0335 -0.0000
vn 0.9463 -0.3234 -0.0000
vn -0.9900 0.1413 -0.0000
vn -0.6065 -0.7951 -0.0000
vn 0.9800 -0.1991 -0.0000
vn 0.4776 -0.8786 -0.0000
vn -0.9877 0.1566 -0.0000
vn -0.4008 -0.9162 -0.0000
vn 0.9153 0.4027 -0.0000
vn -0.9943 0.1068 -0.0000
vn 0.1843 -0.9829 -0.0000
vn -0.1713 0.9852 -0.0000
vn -0.0386 0.9993 -0.0000
vn 0.4513 0.8924 -0.0000
vn 0.5900 0.8074 -0.0000
vn 0.8668 0.4987 -0.0000
vn 0.8549 -0.5187 -0.0000
vn -0.6470 0.7625 -0.0000
vn -0.2233 0.9748 -0.0000
vn 0.8513 -0.5247 -0.0000
vn -0.6028 0.7979 -0.0000
vn 0.7071 0.7071 -0.0000
vn 0.5973 0.8020 -0.0000
vn -0.3773 0.9261 -0.0000
vn 0.9493 -0.3144 -0.0000
vn -0.8719 0.4897 -0.0000
vn -0.3487 0.9372 -0.0000
vn 0.1613 0.9869 -0.0000
vn 0.9967 -0.0816 -0.0000
vn 0.1475 0.9891 -0.0000
vn -0.9652 0.2614 -0.0000
vn 0.9964 -0.0851 -0.0000
vn -0.9996 0.0273 -0.0000
vn -0.9569 0.2905 -0.0000
vn 0.9661 0.2583 -0.0000
vn 0.7149 -0.6992 -0.0000
vn 0.2722 0.9623 -0.0000
vn -0.8721 0.4894 -0.0000
vn -0.3085 0.9512 -0.0000
vn -0.0361 -0.9993 -0.0000
vn 0.1024 -0.9947 -0.0000
vn 0.8746 0.4848 -0.0000
vn -0.1692 -0.9856 -0.0000
vn -0.7579 0.6524 -0.0000
vn 0.6824 0.7310 -0.0000
vn 0.2975 -0.9547 -0.0000
vn -0.6653 0.7466 -0.0000
vn -0.9647 -0.2633 -0.0000
vn -0.9889 0.1486 -0.0000
vn -0.3473 -0.9377 -0.0000
vn -0.3520 -0.9360 -0.0000
vn 0.3040 0.9527 -0.0000
vn 0.2339 -0.9723 -0.0000
vn -0.2610 -0.9653 -0.0000
vn 0.2692 0.9631 -0.0000
vn -0.0685 -0.9977 -0.0000
vn -0.2316 0.9728 -0.0000
vn -0.2215 0.9752 -0.0000
vn 0.8124 -0.5832 -0.0000
vn -0.9477 0.3191 -0.0000
vn -0.8398 0.5429 -0.0000
vn 0.0450 -0.9990 -0.0000
vn -0.0587 -0.9983 -0.0000
vn -0.2359 -0.9718 -0.0000
vn 0.2540 -0.9672 -0.0000
vn -0.8502 -0.5264 -0.0000
vn -0.3693 -0.9293 -0.0000
vn 0.3555 -0.9347 -0.0000
vn -0.3338 -0.9427 -0.0000
vn -0.2082 -0.9781 -0.0000
vn -0.0282 -0.9996 -0.0000
vn -0.6460 0.7634 -0.0000
vn 0.0805 0.9968 -0.0000
vn -0.9978 -0.0665 -0.0000
vn -0.8365 -0.5480 -0.0000
vn 0.2629 0.9648 -0.0000
vn 0.3493 0.9370 -0.0000
vn -0.7712 -0.6365 -0.0000
vn 0.3709 0.9287 -0.0000
vn 0.2983 0.9545 -0.0000
vn 0.7955 0.6060 -0.0000
vn -0.3370 0.9415 -0.0000
vn 0.9977 -0.0677 -0.0000
vn -0.9708 -0.2399 -0.0000
vn -0.2402 0.9707 -0.0000
vn 0.1896 0.9819 -0.0000
vn 0.0850 0.9964 -0.0000
vn -0.0622 0.9981 -0.0000
vn 0.8303 -0.5572 -0.0000
vn 0.9003 -0.4354 -0.0000
vn -0.9988 -0.0488 -0.0000
vn 0.9849 -0.1733 -0.0000
vn -0.9091 0.4166 -0.0000
vn -0.6585 0.7526 -0.0000
vn -0.2040 0.9790 -0.0000
vn -0.0754 0.9972 -0.0000
vn -0.2194 0.9756 -0.0000
vn -0.3207 0.9472 -0.0000
vn 0.9914 0.1309 -0.0000
vn -0.3028 0.9531 -0.0000
vn -0.3192 0.9477 -0.0000
vn -0.1179 0.9930 -0.0000
vn 0.6408 0.7677 -0.0000
vn -0.1521 0.9884 -0.0000
vn -0.7962 0.6050 -0.0000
vn 0.7507 0.6607 -0.0000
vn 0.2677 0.9635 -0.0000
vn 0.9715 -0.2370 -0.0000
vn -0.9696 -0.2448 -0.0000
vn -0.1750 0.9846 -0.0000
vn -0.2926 0.9562 -0.0000
vn -0.1060 0.9944 -0.0000
vn 0.0451 0.9990 -0.0000
vn 0.1568 0.9876 -0.0000
vn -0.0206 0.9998 -0.0000
vn 0.9168 -0.3993 -0.0000
vn -0.9227 -0.3855 -0.0000
vn 0.9658 -0.2592 -0.0000
vn -0.9763 -0.2165 -0.0000
vn -0.0802 -0.9968 -0.0000
vn 0.9975 -0.0712 -0.0000
vn 0.3665 -0.9304 -0.0000
vn -0.5493 -0.8356 -0.0000
vn 0.7401 -0.6725 -0.0000
vn -0.9984 -0.0568 -0.0000
vn -0.9021 -0.4316 -0.0000
vn 0.9738 -0.2275 -0.0000
vn 0.8330 -0.5532 -0.0000
vn 0.7841 -0.6207 -0.0000
vn 0.4763 -0.8793 -0.0000
vn 0.6051 -0.7962 -0.0000
vn -0.9948 0.1016 -0.0000
vn 0.9880 0.1547 -0.0000
vn 0.1058 -0.9944 -0.0000
vn 0.1396 -0.9902 -0.0000
vn -0.9593 0.2824 -0.0000
vn 0.2829 -0.9592 -0.0000
vn -0.3624 -0.9320 -0.0000
vn 0.9923 -0.1240 -0.0000
vn -0.9259 0.3777 -0.0000
vn -0.5763 -0.8172 -0.0000
vn 0.4382 -0.8989 -0.0000
vn -0.9434 0.3317 -0.0000
vn 0.9629 0.2698 -0.0000
vn -0.9691 0.2466 -0.0000
vn -0.7410 -0.6715 -0.0000
vn 0.6202 -0.7845 -0.0000
vn -0.9946 0.1037 -0.0000
vn 0.9984 0.0574 -0.0000
vn -0.8596 -0.5109 -0.0000
vn 0.7398 -0.6728 -0.0000
vn -0.6836 -0.7298 -0.0000
vn -0.2983 -0.9545 -0.0000
vn 0.0624 -0.9980 -0.0000
vn 0.4623 0.8867 -0.0000
vn 0.7236 0.6902 -0.0000
vn -0.1407 0.9900 -0.0000
vn 0.9973 -0.0739 -0.0000
vn 0.7292 -0.6843 -0.0000
vn -0.4174 0.9087 -0.0000
vn 0.9134 -0.4070 -0.0000
vn -0.7438 0.6684 -0.0000
vn 0.9818 -0.1902 -0.0000
vn -0.9656 0.2599 -0.0000
vn 0.9460 -0.3243 -0.0000
vn -0.9996 0.0299 -0.0000
vn -0.9981 0.0616 -0.0000
vn 0.8462 0.5328 -0.0000
vn -0.8358 0.5490 -0.0000
vn -0.0336 0.9994 -0.0000
vn 0.6247 0.7809 -0.0000
vn -0.5510 0.8345 -0.0000
vn 0.5878 0.8090 -0.0000
vn -0.5206 0.8538 -0.0000
vn 0.4989 0.8667 -0.0000
vn -0.4681 0.8836 -0.0000
vn 0.0303 0.9995 -0.0000
vn 0.0287 0.9996 -0.0000
vn -0.9750 0.2224 -0.0000
vn -0.9010 0.4338 -0.0000
vn -0.0180 -0.9998 -0.0000
vn -0.3808 0.9247 -0.0000
vn 0.1230 0.9924 -0.0000
vn -0.9991 0.0434 -0.0000
vn 0.6039 -0.7970 -0.0000
vn -0.9104 -0.4138 -0.0000
vn -0.1263 -0.9920 -0.0000
vn 0.3046 0.9525 -0.0000
vn 0.1564 -0.9877 -0.0000
vn -0.7193 -0.6946 -0.0000
vn -0.3196 -0.9475 -0.0000
vn -0.9939 -0.1105 -0.0000
vn 0.1414 -0.9900 -0.0000
vn 0.3616 0.9323 -0.0000
vn -0.3688 -0.9295 -0.0000
vn -0.9369 -0.3497 -0.0000
vn -0.2923 -0.9563 -0.0000
vn 0.3398 0.9405 -0.0000
vn 0.1221 -0.9925 -0.0000
vn 0.4903 0.8715 -0.0000
vn -0.1119 -0.9937 -0.0000
vn 0.8500 0.5268 -0.0000
vn -0.3392 0.9407 -0.0000
vn 0.9398 -0.3417 -0.0000
vn -0.3198 0.9475 -0.0000
vn 0.1381 0.9904 -0.0000
vn -0.1099 0.9939 -0.0000
vn 0.0597 0.9982 -0.0000
vn 0.8439 -0.5365 -0.0000
vn -0.9970 -0.0780 -0.0000
vn 0.9262 -0.3770 -0.0000
vn 0.9942 -0.1079 -0.0000
vn -0.9600 0.2800 -0.0000
vn -0.7220 0.6919 -0.0000
vn -0.3511 0.9363 -0.0000
vn -0.0486 0.9988 -0.0000
vn -0.1885 0.9821 -0.0000
vn -0.2950 0.9555 -0.0000
vn -0.2923 0.9563 -0.0000
vn 0.9487 0.3162 -0.0000
vn -0.3358 0.9419 -0.0000
vn 0.2299 0.9732 -0.0000
vn -0.6863 0.7273 -0.0000
vn 0.0569 0.9984 -0.0000
vn 0.5238 0.8518 -0.0000
vn 0.9006 0.4347 -0.0000
vn -0.9994 -0.0344 -0.0000
vn -0.3439 0.9390 -0.0000
vn -0.2188 0.9758 -0.0000
vn 0.9285 -0.3712 -0.0000
vn 0.2158 0.9764 -0.0000
vn -0.1297 0.9916 -0.0000
vn -0.0102 0.9999 -0.0000
vn 0.1233 0.9924 -0.0000
vn -0.0991 0.9951 -0.0000
vn -0.9032 -0.4292 -0.0000
vn 0.9296 -0.3685 -0.0000
vn -0.9674 -0.2534 -0.0000
vn 0.9779 -0.2093 -0.0000
vn 0.0270 -0.9996 -0.0000
vn -0.4356 -0.9002 -0.0000
vn -0.9950 -0.1000 -0.0000
vn 0.4730 -0.8811 -0.0000
vn 0.9996 -0.0297 -0.0000
vn 0.8188 -0.5741 -0.0000
vn -0.8296 -0.5583 -0.0000
vn 0.9419 -0.3359 -0.0000
vn -0.9995 -0.0304 -0.0000
vn 0.7887 -0.6148 -0.0000
vn 0.8480 -0.5300 -0.0000
vn 0.5780 -0.8160 -0.0000
vn 0.5026 -0.8645 -0.0000
vn 0.0418 -0.9991 -0.0000
vn 0.9761 0.2173 -0.0000
vn 0.1768 -0.9843 -0.0000
vn -0.9692 0.2461 -0.0000
vn 0.0417 -0.9991 -0.0000
vn -0.9341 0.3571 -0.0000
vn 0.3150 -0.9491 -0.0000
vn 1.0000 -0.0036 -0.0000
vn -0.5283 -0.8490 -0.0000
vn -0.9366 0.3504 -0.0000
vn 0.4849 -0.8745 -0.0000
vn -0.6990 -0.7151 -0.0000
vn -0.9603 0.2789 -0.0000
vn 0.9739 0.2268 -0.0000
vn -0.9904 0.1380 -0.0000
vn 0.6847 -0.7288 -0.0000
vn -0.8786 -0.4775 -0.0000
vn 0.9912 -0.1324 -0.0000
vn -0.9463 -0.3234 -0.0000
vn 0.6065 -0.7951 -0.0000
vn -0.4776 -0.8786 -0.0000
vn 0.4009 -0.9161 -0.0000
vn -0.1843 -0.9829 -0.0000
vn 0.5246 0.8513 -0.0000
vn -0.0924 0.9957 -0.0000
vn 0.7875 0.6163 -0.0000
vn 0.9430 -0.3328 -0.0000
vn 0.8007 -0.5991 -0.0000
vn -0.3130 0.9498 -0.0000
vn 0.9326 -0.3609 -0.0000
vn -0.6792 0.7339 -0.0000
vn 0.9910 -0.1338 -0.0000
vn -0.9259 0.3779 -0.0000
vn -0.9999 0.0128 -0.0000
vn 0.9940 0.1090 -0.0000
vn -0.9056 0.4240 -0.0000
vn 0.8904 -0.4551 -0.0000
vn 0.1075 0.9942 -0.0000
vn -0.4371 0.8994 -0.0000
vn 0.7661 0.6427 -0.0000
vn 0.7699 0.6382 -0.0000
vn -0.6502 0.7597 -0.0000
vn -0.5746 0.8184 -0.0000
vn 0.4500 0.8930 -0.0000
vn 0.3881 0.9216 -0.0000
vn -0.0939 0.9956 -0.0000
vn -0.0932 0.9957 -0.0000
vn -0.9824 0.1870 -0.0000
vn -0.9263 0.3768 -0.0000
vn -0.0033 -1.0000 -0.0000
vn -0.0877 -0.9961 -0.0000
vn 0.2070 -0.9784 -0.0000
vn -0.2838 -0.9589 -0.0000
vn -0.9998 -0.0175 -0.0000
vn -0.4678 -0.8838 -0.0000
vn 0.4815 -0.8765 -0.0000
vn -0.3844 -0.9232 -0.0000
vn -0.3139 -0.9495 -0.0000
vn -0.1584 -0.9874 -0.0000
vn 0.0228 -0.9997 -0.0000
vn 0.0600 0.9982 -0.0000
vn -0.7634 0.6459 -0.0000
vn -0.9933 -0.1155 -0.0000
vn -0.7894 -0.6139 -0.0000
vn 0.2385 0.9711 -0.0000
vn 0.3427 0.9394 -0.0000
vn -0.0434 0.9991 -0.0000
vn -0.7987 -0.6017 -0.0000
vn -0.9247 0.3807 -0.0000
vn 0.3842 0.9233 -0.0000
vn -0.9744 -0.2248 -0.0000
vn 0.1843 0.9829 -0.0000
vn 0.7650 0.6441 -0.0000
vn 0.1909 0.9816 -0.0000
vn 0.9979 0.0654 -0.0000
vn -0.6506 -0.7595 -0.0000
vn -0.3356 0.9420 -0.0000
vn -0.9797 -0.2003 -0.0000
vn 0.3286 0.9445 -0.0000
vn 0.3782 0.9257 -0.0000
vn -0.2199 0.9755 -0.0000
vn -0.8555 -0.5179 -0.0000
vn 0.2232 0.9748 -0.0000
vn -0.3415 0.9399 -0.0000
vn 0.8243 -0.5661 -0.0000
vn 0.0959 0.9954 -0.0000
vn -0.0376 0.9993 -0.0000
vn 0.6839 0.7296 -0.0000
vn 0.9558 0.2940 -0.0000
vn 0.8888 -0.4582 -0.0000
vn 0.7439 -0.6682 -0.0000
vn -0.9993 -0.0367 -0.0000
vn -0.3317 0.9434 -0.0000
vn 0.2785 0.9605 -0.0000
vn 0.9784 -0.2068 -0.0000
vn -0.1775 0.9841 -0.0000
vn -0.8793 0.4763 -0.0000
vn 0.1149 0.9934 -0.0000
vn 0.0101 0.9999 -0.0000
vn -0.6207 0.7840 -0.0000
vn -0.9902 -0.1396 -0.0000
vn -0.1240 0.9923 -0.0000
vn -0.0905 0.9959 -0.0000
vn 0.8686 -0.4955 -0.0000
vn 0.9615 -0.2747 -0.0000
vn -0.2318 0.9728 -0.0000
vn -0.9991 0.0417 -0.0000
vn -0.3336 0.9427 -0.0000
vn -0.8160 0.5780 -0.0000
vn 0.9991 0.0424 -0.0000
vn 0.9999 -0.0148 -0.0000
vn -0.3081 0.9514 -0.0000
vn -0.5300 0.8480 -0.0000
vn -0.0151 0.9999 -0.0000
vn 0.7011 0.7131 -0.0000
vn -0.2685 0.9633 -0.0000
vn -0.1246 0.9922 -0.0000
vn -0.3051 0.9523 -0.0000
vn -0.2772 0.9608 -0.0000
vn -0.2369 0.9715 -0.0000
vn -0.3190 0.9478 -0.0000
vn 0.6607 0.7506 -0.0000
vn 0.8171 0.5764 -0.0000
vn -0.8536 0.5210 -0.0000
vn -0.4946 0.8691 -0.0000
vn 0.2926 0.9562 -0.0000
vn 0.6597 0.7515 -0.0000
vn 0.9883 -0.1523 -0.0000
vn 0.4348 0.9005 -0.0000
vn -0.9425 -0.3343 -0.0000
vn -0.3714 0.9285 -0.0000
vn -0.2740 0.9617 -0.0000
vn -0.1506 0.9886 -0.0000
vn -0.2646 0.9644 -0.0000
vn -0.9487 0.3162 -0.0000
vn -0.0928 0.9957 -0.0000
vn 0.9984 0.0573 -0.0000
vn -0.8698 -0.4934 -0.0000
vn 0.0748 0.9972 -0.0000
vn -0.1599 0.9871 -0.0000
vn 0.1718 0.9851 -0.0000
vn 0.0136 0.9999 -0.0000
vn 0.9103 -0.4140 -0.0000
vn -0.9316 -0.3634 -0.0000
vn 0.1329 0.9911 -0.0000
vn 0.9596 -0.2814 -0.0000
vn 0.1988 0.9800 -0.0000
vn -0.9801 -0.1984 -0.0000
vn -0.0635 0.9980 -0.0000
vn 0.9957 -0.0929 -0.0000
vn -0.1367 -0.9906 -0.0000
vn -0.2036 0.9790 -0.0000
vn 0.3106 -0.9505 -0.0000
vn -0.6020 -0.7985 -0.0000
vn 0.8971 -0.4418 -0.0000
vn 0.6980 -0.7161 -0.0000
vn 0.0628 0.9980 -0.0000
vn -0.9994 -0.0345 -0.0000
vn -0.9476 -0.3193 -0.0000
vn -0.9313 -0.3642 -0.0000
vn 0.9481 -0.3180 -0.0000
vn 0.9904 -0.1379 -0.0000
vn -0.9870 -0.1607 -0.0000
vn 0.9581 -0.2865 -0.0000
vn 0.9925 0.1219 -0.0000
vn 0.8541 -0.5202 -0.0000
vn 0.1961 -0.9806 -0.0000
vn 0.7526 -0.6585 -0.0000
vn -0.2549 -0.9670 -0.0000
vn 0.6493 -0.7606 -0.0000
vn 0.6127 -0.7903 -0.0000
vn 0.4166 -0.9091 -0.0000
vn -0.6976 -0.7165 -0.0000
vn 0.1770 -0.9842 -0.0000
vn 0.9142 -0.4053 -0.0000
vn -0.9924 0.1230 -0.0000
vn 0.9986 0.0534 -0.0000
vn -1.0000 0.0082 -0.0000
vn -0.9739 -0.2269 -0.0000
vn 0.1219 -0.9925 -0.0000
vn -0.9550 0.2965 -0.0000
vn 0.8931 -0.4498 -0.0000
vn 0.2681 -0.9634 -0.0000
vn -0.3921 -0.9199 -0.0000
vn 0.6920 -0.7219 -0.0000
vn 0.7189 -0.6951 -0.0000
vn 0.9790 -0.2040 -0.0000
vn -0.9220 0.3872 -0.0000
vn 0.3162 -0.9487 -0.0000
vn 0.0882 -0.9961 -0.0000
vn -0.9856 0.1690 -0.0000
vn 0.2800 -0.9600 -0.0000
vn 0.4144 -0.9101 -0.0000
vn -0.5988 -0.8009 -0.0000
vn 0.9572 0.2893 -0.0000
vn -0.9466 0.3225 -0.0000
vn 0.2370 -0.9715 -0.0000
vn -0.9737 0.2279 -0.0000
vn 0.9530 0.3030 -0.0000
vn 0.9363 -0.3511 -0.0000
vn -0.7631 -0.6462 -0.0000
vn -0.4492 -0.8934 -0.0000
vn 0.5921 -0.8058 -0.0000
vn 0.9351 0.3544 -0.0000
vn 0.9959 0.0905 -0.0000
vn -0.9962 0.0870 -0.0000
vn -0.8026 -0.5965 -0.0000
vn 0.9458 0.3247 -0.0000
vn 0.8026 -0.5965 -0.0000
vn 0.3710 -0.9286 -0.0000
vn -0.9251 0.3796 -0.0000
vn 0.6306 -0.7761 -0.0000
vn -0.6409 -0.7676 -0.0000
vn -0.6306 -0.7761 -0.0000
vn -0.9525 0.3047 -0.0000
vn 0.5433 -0.8395 -0.0000
vn 0.0530 0.9986 -0.0000
vn 0.6905 0.7234 -0.0000
vn -0.9815 0.1913 -0.0000
vn 0.9971 0.0757 -0.0000
vn -0.1631 0.9866 -0.0000
vn 0.9886 0.1506 -0.0000
vn -0.8088 -0.5880 -0.0000
vn 0.8035 -0.5954 -0.0000
vn -0.9991 -0.0427 -0.0000
vn 0.7259 -0.6878 -0.0000
vn -0.4673 0.8841 -0.0000
vn 0.9080 -0.4189 -0.0000
vn -0.6738 -0.7389 -0.0000
vn -0.4903 -0.8716 -0.0000
vn 0.9014 -0.4329 -0.0000
vn -0.7716 0.6362 -0.0000
vn 0.4008 -0.9162 -0.0000
vn 0.0624 -0.9981 -0.0000
vn 0.9755 -0.2198 -0.0000
vn -0.0095 1.0000 -0.0000
vn 0.9999 -0.0109 -0.0000
vn -0.9797 0.2004 -0.0000
vn 0.6234 0.7819 -0.0000
vn 0.9285 0.3714 -0.0000
vn 0.8095 -0.5871 -0.0000
vn 0.9655 -0.2605 -0.0000
vn -0.2043 0.9789 -0.0000
vn -0.9958 0.0920 -0.0000
vn -0.9964 0.0847 -0.0000
vn 0.8708 -0.4916 -0.0000
vn -0.5603 0.8283 -0.0000
vn 0.8826 0.4700 -0.0000
vn 0.9594 -0.2820 -0.0000
vn -0.8405 0.5417 -0.0000
vn -0.7955 0.6060 -0.0000
vn -0.1020 0.9948 -0.0000
vn 0.9984 -0.0571 -0.0000
vn 0.5402 0.8415 -0.0000
vn -0.6013 0.7991 -0.0000
vn -0.9965 0.0835 -0.0000
vn 0.9901 -0.1405 -0.0000
vn 0.6502 0.7597 -0.0000
vn -0.9748 0.2231 -0.0000
vn 0.5498 0.8353 -0.0000
vn 0.9433 0.3318 -0.0000
vn -0.4500 0.8930 -0.0000
vn -0.2405 0.9706 -0.0000
vn -0.4098 0.9122 -0.0000
vn 0.3610 0.9326 -0.0000
vn 0.0939 0.9956 -0.0000
vn -0.6882 0.7256 -0.0000
vn 0.0874 0.9962 -0.0000
vn -0.9710 0.2390 -0.0000
vn 0.7579 0.6524 -0.0000
vn -0.7080 0.7062 -0.0000
vn -0.9918 0.1281 -0.0000
vn -0.8870 0.4618 -0.0000
vn 0.6611 -0.7503 -0.0000
vn 0.6411 0.7675 -0.0000
vn -0.0266 -0.9996 -0.0000
vn -0.1506 -0.9886 -0.0000
vn -0.3040 0.9527 -0.0000
vn 0.1298 -0.9915 -0.0000
vn -0.9843 -0.1767 -0.0000
vn -0.2857 0.9583 -0.0000
vn -0.3343 -0.9425 -0.0000
vn 0.2316 0.9728 -0.0000
vn 0.2083 0.9781 -0.0000
vn -0.9570 0.2902 -0.0000
vn 0.3644 -0.9313 -0.0000
vn -0.3606 -0.9327 -0.0000
vn -0.8563 0.5164 -0.0000
vn -0.2807 -0.9598 -0.0000
vn -0.0468 -0.9989 -0.0000
vn 0.0741 -0.9972 -0.0000
vn 0.1766 -0.9843 -0.0000
vn -0.2055 -0.9787 -0.0000
vn -0.0898 -0.9960 -0.0000
vn 0.2761 -0.9611 -0.0000
vn -0.9261 -0.3773 -0.0000
vn -0.3589 -0.9334 -0.0000
vn -0.3431 -0.9393 -0.0000
vn 0.2938 -0.9559 -0.0000
vn -0.2342 -0.9722 -0.0000
vn -0.0480 -0.9988 -0.0000
vn -0.5145 0.8575 -0.0000
vn 0.1015 0.9948 -0.0000
vn -0.9998 -0.0213 -0.0000
vn -0.8768 -0.4808 -0.0000
vn 0.2878 0.9577 -0.0000
vn -0.7447 -0.6674 -0.0000
vn 0.3556 0.9346 -0.0000
vn 0.3561 0.9344 -0.0000
vn -0.9576 -0.2881 -0.0000
vn 0.4008 0.9162 -0.0000
vn 0.8207 0.5714 -0.0000
vn -0.3382 0.9411 -0.0000
vn 0.9786 -0.2060 -0.0000
vn -0.2600 0.9656 -0.0000
vn 0.1509 0.9886 -0.0000
vn -0.0862 0.9963 -0.0000
vn 0.0730 0.9973 -0.0000
vn 0.8369 -0.5474 -0.0000
vn -0.9980 -0.0625 -0.0000
vn 0.9126 -0.4088 -0.0000
vn 0.9901 -0.1403 -0.0000
vn -0.9363 0.3511 -0.0000
vn -0.6919 0.7220 -0.0000
vn -0.2800 0.9600 -0.0000
vn -0.0615 0.9981 -0.0000
vn -0.2071 0.9783 -0.0000
vn -0.3078 0.9514 -0.0000
vn -0.2975 0.9547 -0.0000
vn 0.9748 0.2230 -0.0000
vn -0.3324 0.9431 -0.0000
vn 0.0526 0.9986 -0.0000
vn -0.0540 0.9985 -0.0000
vn -0.7366 0.6763 -0.0000
vn 0.5812 0.8137 -0.0000
vn 0.8320 0.5548 -0.0000
vn -0.9895 -0.1446 -0.0000
vn -0.1977 0.9803 -0.0000
vn 0.9509 -0.3096 -0.0000
vn 0.2421 0.9702 -0.0000
vn -0.3190 0.9477 -0.0000
vn -0.1182 0.9930 -0.0000
vn 0.0151 0.9999 -0.0000
vn 0.1407 0.9901 -0.0000
vn -0.0607 0.9982 -0.0000
vn -0.9133 -0.4074 -0.0000
vn 0.9233 -0.3842 -0.0000
vn 0.9722 -0.2341 -0.0000
vn -0.9722 -0.2340 -0.0000
vn -0.0261 -0.9997 -0.0000
vn 0.4208 -0.9071 -0.0000
vn -0.4936 -0.8697 -0.0000
vn 0.9987 -0.0502 -0.0000
vn -0.9969 -0.0787 -0.0000
vn 0.7806 -0.6251 -0.0000
vn -0.8680 -0.4966 -0.0000
vn 0.9855 -0.1697 -0.0000
vn 0.8112 -0.5848 -0.0000
vn -0.9967 0.0811 -0.0000
vn 0.8160 -0.5780 -0.0000
vn 0.5300 -0.8480 -0.0000
vn 0.5665 0.8240 -0.0000
vn 0.8866 0.4626 -0.0000
vn -0.9635 0.2676 -0.0000
vn 0.9991 -0.0416 -0.0000
vn -0.9927 0.1207 -0.0000
vn -0.9079 -0.4193 -0.0000
vn 0.7561 0.6545 -0.0000
vn 0.9773 -0.2119 -0.0000
vn -0.9476 0.3193 -0.0000
vn 0.8070 0.5905 -0.0000
vn -0.1055 -0.9944 -0.0000
vn -0.1560 -0.9878 -0.0000
vn -0.3302 0.9439 -0.0000
vn 0.1788 0.9839 -0.0000
vn 0.9057 -0.4240 -0.0000
vn -0.9382 0.3461 -0.0000
vn 0.8793 -0.4762 -0.0000
vn -0.9740 -0.2267 -0.0000
vn 0.9740 -0.2267 -0.0000
vn -0.5406 -0.8413 -0.0000
vn 0.5406 -0.8413 -0.0000
vn -0.2984 -0.9545 -0.0000
vn 0.8170 -0.5766 -0.0000
vn 0.5547 0.8320 -0.0000
vn -0.9057 0.4240 -0.0000
vn 0.9985 -0.0542 -0.0000
vn 0.5434 0.8395 -0.0000
vn 0.3071 0.9517 -0.0000
vn -0.4240 0.9057 -0.0000
vn -0.2568 0.9665 -0.0000
vn 0.9838 0.1792 -0.0000
vn -0.9797 0.2007 -0.0000
vn -0.6203 -0.7843 -0.0000
vn 0.8596 -0.5109 -0.0000
vn -0.7400 -0.6726 -0.0000
vn -0.5665 -0.8241 -0.0000
vn 0.9091 -0.4167 -0.0000
vn 0.2984 -0.9544 -0.0000
vn -0.9291 0.3698 -0.0000
vn 0.9738 0.2276 -0.0000
vn 0.9841 0.1777 -0.0000
vn 0.9464 -0.3230 -0.0000
vn -0.6067 -0.7949 -0.0000
vn 0.4513 0.8923 -0.0000
vn 0.9967 -0.0817 -0.0000
vn 0.2722 0.9622 -0.0000
vn -0.9648 -0.2630 -0.0000
vn 0.7954 0.6061 -0.0000
vn 0.8304 -0.5572 -0.0000
vn -0.7961 0.6051 -0.0000
vn 0.7505 0.6608 -0.0000
vn -0.9695 -0.2452 -0.0000
vn -0.9691 0.2465 -0.0000
vn -0.7411 -0.6714 -0.0000
vn 0.7400 -0.6726 -0.0000
vn -0.6838 -0.7297 -0.0000
vn 0.5665 -0.8241 -0.0000
vn 0.4622 0.8868 -0.0000
vn -0.9750 0.2223 -0.0000
vn -0.9939 -0.1103 -0.0000
vn 0.1414 -0.9899 -0.0000
vn 0.4903 0.8716 -0.0000
vn 0.9398 -0.3416 -0.0000
vn 0.0570 0.9984 -0.0000
vn 0.9285 -0.3714 -0.0000
vn -0.9692 0.2462 -0.0000
vn 0.4850 -0.8745 -0.0000
vn 0.6847 -0.7289 -0.0000
vn 0.9913 -0.1315 -0.0000
vn -0.9464 -0.3230 -0.0000
vn 0.6067 -0.7949 -0.0000
vn 0.3882 0.9216 -0.0000
vn 0.2070 -0.9783 -0.0000
vn 0.7649 0.6441 -0.0000
vn 0.6840 0.7295 -0.0000
vn 0.9558 0.2941 -0.0000
vn 0.2784 0.9605 -0.0000
vn -0.9991 0.0416 -0.0000
vn 0.6609 0.7505 -0.0000
vn -0.4947 0.8690 -0.0000
vn 0.9884 -0.1518 -0.0000
vn -0.9424 -0.3345 -0.0000
vn -0.9486 0.3164 -0.0000
vn 0.9984 0.0570 -0.0000
vn -0.9551 0.2964 -0.0000
vn 0.9790 -0.2039 -0.0000
vn -0.9466 0.3226 -0.0000
vn -0.7631 -0.6463 -0.0000
vn -0.8028 -0.5962 -0.0000
vn 0.9458 0.3246 -0.0000
vn 0.8028 -0.5962 -0.0000
vn 0.6307 -0.7760 -0.0000
vn 0.9971 0.0758 -0.0000
vn 0.8034 -0.5954 -0.0000
vn -0.9991 -0.0423 -0.0000
vn 0.9079 -0.4193 -0.0000
vn -0.6736 -0.7391 -0.0000
vn -0.4904 -0.8715 -0.0000
vn -0.7716 0.6361 -0.0000
vn -0.9261 -0.3772 -0.0000
vn 0.4007 0.9162 -0.0000
vn 0.8207 0.5713 -0.0000
vn -0.7367 0.6762 -0.0000
vn 0.8321 0.5546 -0.0000
vt 0.777096 0.000000
vt 0.778119 0.000000
vt 0.779141 0.000000
vt 0.776074 0.000000
vt 0.775051 0.000000
vt 0.774029 0.000000
vt 0.780164 0.000000
vt 0.773006 0.000000
vt 0.771984 0.000000
vt 0.770961 0.000000
vt 0.781186 0.000000
vt 0.769939 0.000000
vt 0.768916 0.000000
vt 0.782209 0.000000
vt 0.767894 0.000000
vt 0.766871 0.000000
vt 0.783231 0.000000
vt 0.765849 0.000000
vt 0.764826 0.000000
vt 0.784254 0.000000
vt 0.763804 0.000000
vt 0.762781 0.000000
vt 0.785276 0.000000
vt 0.761759 0.000000
vt 0.760736 0.000000
vt 0.759714 0.000000
vt 0.786299 0.000000
vt 0.758691 0.000000
vt 0.757669 0.000000
vt 0.756646 0.000000
vt 0.755624 0.000000
vt 0.754601 0.000000
vt 0.787321 0.000000
vt 0.753579 0.000000
vt 0.752556 0.000000
vt 0.788344 0.000000
vt 0.789366 0.000000
vt 0.790389 0.000000
vt 0.751534 0.000000
vt 0.791411 0.000000
vt 0.792434 0.000000
vt 0.750511 0.000000
vt 0.793456 0.000000
vt 0.794479 0.000000
vt 0.749489 0.000000
vt 0.795501 0.000000
vt 0.796524 0.000000
vt 0.748466 0.000000
vt 0.797546 0.000000
vt 0.798568 0.000000
vt 0.747444 0.000000
vt 0.799591 0.000000
vt 0.746421 0.000000
vt 0.800614 0.000000
vt 0.801636 0.000000
vt 0.745399 0.000000
vt 0.802658 0.000000
vt 0.744376 0.000000
vt 0.803681 0.000000
vt 0.743354 0.000000
vt 0.804703 0.000000
vt 0.742331 0.000000
vt 0.805726 0.000000
vt 0.741309 0.000000
vt 0.806748 0.000000
vt 0.807771 0.000000
vt 0.740286 0.000000
vt 0.850716 0.000000
vt 0.851738 0.000000
vt 0.852761 0.000000
vt 0.853783 0.000000
vt 0.854806 0.000000
vt 0.855828 0.000000
vt 0.856851 0.000000
vt 0.857873 0.000000
vt 0.858896 0.000000
vt 0.859918 0.000000
vt 0.849693 0.000000
vt 0.860941 0.000000
vt 0.861963 0.000000
vt 0.862986 0.000000
vt 0.848671 0.000000
vt 0.864008 0.000000
vt 0.808793 0.000000
vt 0.865031 0.000000
vt 0.866053 0.000000
vt 0.847648 0.000000
vt 0.867076 0.000000
vt 0.868098 0.000000
vt 0.846626 0.000000
vt 0.869121 0.000000
vt 0.870143 0.000000
vt 0.845603 0.000000
vt 0.871166 0.000000
vt 0.872188 0.000000
vt 0.739264 0.000000
vt 0.844581 0.000000
vt 0.809816 0.000000
vt 0.873211 0.000000
vt 0.874233 0.000000
vt 0.843558 0.000000
vt 0.875256 0.000000
vt 0.876278 0.000000
vt 0.842536 0.000000
vt 0.877301 0.000000
vt 0.841513 0.000000
vt 0.840491 0.000000
vt 0.839468 0.000000
vt 0.810838 0.000000
vt 0.838446 0.000000
vt 0.837423 0.000000
vt 0.811861 0.000000
vt 0.738241 0.000000
vt 0.836401 0.000000
vt 0.812883 0.000000
vt 0.878323 0.000000
vt 0.835378 0.000000
vt 0.813906 0.000000
vt 0.834356 0.000000
vt 0.814928 0.000000
vt 0.833333 0.000000
vt 0.815951 0.000000
vt 0.832311 0.000000
vt 0.816973 0.000000
vt 0.817996 0.000000
vt 0.831288 0.000000
vt 0.737219 0.000000
vt 0.819018 0.000000
vt 0.820041 0.000000
vt 0.830266 0.000000
vt 0.821063 0.000000
vt 0.822086 0.000000
vt 0.829243 0.000000
vt 0.823108 0.000000
vt 0.879346 0.000000
vt 0.824131 0.000000
vt 0.828221 0.000000
vt 0.825153 0.000000
vt 0.826176 0.000000
vt 0.827198 0.000000
vt 0.736196 0.000000
vt 0.880368 0.000000
vt 0.881391 0.000000
vt 0.735174 0.000000
vt 0.882413 0.000000
vt 0.734151 0.000000
vt 0.883436 0.000000
vt 0.884458 0.000000
vt 0.733129 0.000000
vt 0.885481 0.000000
vt 0.886503 0.000000
vt 0.887526 0.000000
vt 0.732106 0.000000
vt 0.888548 0.000000
vt 0.889571 0.000000
vt 0.731084 0.000000
vt 0.890593 0.000000
vt 0.891616 0.000000
vt 0.892638 0.000000
vt 0.730061 0.000000
vt 0.893661 0.000000
vt 0.894683 0.000000
vt 0.895706 0.000000
vt 0.729039 0.000000
vt 0.896728 0.000000
vt 0.897750 0.000000
vt 0.898773 0.000000
vt 0.728016 0.000000
vt 0.726994 0.000000
vt 0.725971 0.000000
vt 0.724949 0.000000
vt 0.723926 0.000000
vt 0.899795 0.000000
vt 0.722904 0.000000
vt 0.721881 0.000000
vt 0.720859 0.000000
vt 0.719836 0.000000
vt 0.718814 0.000000
vt 0.717791 0.000000
vt 0.716769 0.000000
vt 0.715746 0.000000
vt 0.900818 0.000000
vt 0.714724 0.000000
vt 0.713701 0.000000
vt 0.712679 0.000000
vt 0.711656 0.000000
vt 0.710634 0.000000
vt 0.709611 0.000000
vt 0.708589 0.000000
vt 0.707566 0.000000
vt 0.706544 0.000000
vt 0.705521 0.000000
vt 0.704499 0.000000
vt 0.703476 0.000000
vt 0.702454 0.000000
vt 0.701432 0.000000
vt 0.901841 0.000000
vt 0.700409 0.000000
vt 0.699386 0.000000
vt 0.698364 0.000000
vt 0.697342 0.000000
vt 0.696319 0.000000
vt 0.695297 0.000000
vt 0.694274 0.000000
vt 0.693252 0.000000
vt 0.692229 0.000000
vt 0.691207 0.000000
vt 0.690184 0.000000
vt 0.689162 0.000000
vt 0.688139 0.000000
vt 0.687117 0.000000
vt 0.686094 0.000000
vt 0.685072 0.000000
vt 0.684049 0.000000
vt 0.683027 0.000000
vt 0.682004 0.000000
vt 0.680982 0.000000
vt 0.679959 0.000000
vt 0.678937 0.000000
vt 0.677914 0.000000
vt 0.902863 0.000000
vt 0.676892 0.000000
vt 0.675869 0.000000
vt 0.903885 0.000000
vt 0.674847 0.000000
vt 0.904908 0.000000
vt 0.673824 0.000000
vt 0.672802 0.000000
vt 0.905930 0.000000
vt 0.671779 0.000000
vt 0.906953 0.000000
vt 0.670757 0.000000
vt 0.669734 0.000000
vt 0.907975 0.000000
vt 0.668712 0.000000
vt 0.908998 0.000000
vt 0.667689 0.000000
vt 0.910020 0.000000
vt 0.666667 0.000000
vt 0.911043 0.000000
vt 0.665644 0.000000
vt 0.624744 0.000000
vt 0.625767 0.000000
vt 0.626789 0.000000
vt 0.627812 0.000000
vt 0.623722 0.000000
vt 0.628834 0.000000
vt 0.622699 0.000000
vt 0.629857 0.000000
vt 0.621677 0.000000
vt 0.912065 0.000000
vt 0.630879 0.000000
vt 0.664622 0.000000
vt 0.620654 0.000000
vt 0.631902 0.000000
vt 0.619632 0.000000
vt 0.618609 0.000000
vt 0.944785 0.000000
vt 0.945808 0.000000
vt 0.946830 0.000000
vt 0.617587 0.000000
vt 0.947853 0.000000
vt 0.943763 0.000000
vt 0.663599 0.000000
vt 0.948875 0.000000
vt 0.942740 0.000000
vt 0.913088 0.000000
vt 0.949898 0.000000
vt 0.941718 0.000000
vt 0.950920 0.000000
vt 0.940695 0.000000
vt 0.616564 0.000000
vt 0.939673 0.000000
vt 0.951943 0.000000
vt 0.938650 0.000000
vt 0.952965 0.000000
vt 0.615542 0.000000
vt 0.662577 0.000000
vt 0.953988 0.000000
vt 0.632924 0.000000
vt 0.614519 0.000000
vt 0.914110 0.000000
vt 0.955010 0.000000
vt 0.613497 0.000000
vt 0.956033 0.000000
vt 0.661554 0.000000
vt 0.957055 0.000000
vt 0.612474 0.000000
vt 0.915133 0.000000
vt 0.958078 0.000000
vt 0.660532 0.000000
vt 0.611452 0.000000
vt 0.959100 0.000000
vt 0.610429 0.000000
vt 0.937628 0.000000
vt 0.633947 0.000000
vt 0.960123 0.000000
vt 0.659509 0.000000
vt 0.609407 0.000000
vt 0.961145 0.000000
vt 0.658487 0.000000
vt 0.608384 0.000000
vt 0.962168 0.000000
vt 0.657464 0.000000
vt 0.607362 0.000000
vt 0.963190 0.000000
vt 0.634969 0.000000
vt 0.656442 0.000000
vt 0.606339 0.000000
vt 0.964213 0.000000
vt 0.936605 0.000000
vt 0.655419 0.000000
vt 0.605317 0.000000
vt 0.654397 0.000000
vt 0.965235 0.000000
vt 0.635992 0.000000
vt 0.653374 0.000000
vt 0.935583 0.000000
vt 0.652352 0.000000
vt 0.637014 0.000000
vt 0.651329 0.000000
vt 0.638037 0.000000
vt 0.934560 0.000000
vt 0.916155 0.000000
vt 0.650307 0.000000
vt 0.639059 0.000000
vt 0.649284 0.000000
vt 0.917178 0.000000
vt 0.933538 0.000000
vt 0.648262 0.000000
vt 0.640082 0.000000
vt 0.918200 0.000000
vt 0.647239 0.000000
vt 0.641104 0.000000
vt 0.646217 0.000000
vt 0.645194 0.000000
vt 0.919223 0.000000
vt 0.932515 0.000000
vt 0.642127 0.000000
vt 0.644172 0.000000
vt 0.643149 0.000000
vt 0.604294 0.000000
vt 0.966258 0.000000
vt 0.920245 0.000000
vt 0.931493 0.000000
vt 0.921268 0.000000
vt 0.922290 0.000000
vt 0.930470 0.000000
vt 0.923313 0.000000
vt 0.929448 0.000000
vt 0.924335 0.000000
vt 0.925358 0.000000
vt 0.928425 0.000000
vt 0.926380 0.000000
vt 0.927403 0.000000
vt 0.603272 0.000000
vt 0.967280 0.000000
vt 0.602250 0.000000
vt 0.968303 0.000000
vt 0.969325 0.000000
vt 0.601227 0.000000
vt 0.970348 0.000000
vt 0.600205 0.000000
vt 0.971370 0.000000
vt 0.599182 0.000000
vt 0.972393 0.000000
vt 0.598159 0.000000
vt 0.973415 0.000000
vt 0.597137 0.000000
vt 0.974438 0.000000
vt 0.596115 0.000000
vt 0.975460 0.000000
vt 0.595092 0.000000
vt 0.976483 0.000000
vt 0.594070 0.000000
vt 0.977505 0.000000
vt 0.978528 0.000000
vt 0.593047 0.000000
vt 0.979550 0.000000
vt 0.592025 0.000000
vt 0.980573 0.000000
vt 0.591002 0.000000
vt 0.981595 0.000000
vt 0.589980 0.000000
vt 0.982618 0.000000
vt 0.588957 0.000000
vt 0.983640 0.000000
vt 0.587935 0.000000
vt 0.422290 0.000000
vt 0.984663 0.000000
vt 0.586912 0.000000
vt 0.423313 0.000000
vt 0.421268 0.000000
vt 0.424335 0.000000
vt 0.420245 0.000000
vt 0.425358 0.000000
vt 0.419223 0.000000
vt 0.426380 0.000000
vt 0.418200 0.000000
vt 0.985685 0.000000
vt 0.427403 0.000000
vt 0.417178 0.000000
vt 0.428425 0.000000
vt 0.416155 0.000000
vt 0.429448 0.000000
vt 0.415133 0.000000
vt 0.430470 0.000000
vt 0.414110 0.000000
vt 0.585890 0.000000
vt 0.431493 0.000000
vt 0.413088 0.000000
vt 0.432515 0.000000
vt 0.986708 0.000000
vt 0.412065 0.000000
vt 0.433538 0.000000
vt 0.411043 0.000000
vt 0.434560 0.000000
vt 0.584867 0.000000
vt 0.410020 0.000000
vt 0.435583 0.000000
vt 0.987730 0.000000
vt 0.408998 0.000000
vt 0.436605 0.000000
vt 0.437628 0.000000
vt 0.407975 0.000000
vt 0.583845 0.000000
vt 0.438650 0.000000
vt 0.406953 0.000000
vt 0.988753 0.000000
vt 0.439673 0.000000
vt 0.405930 0.000000
vt 0.582822 0.000000
vt 0.440695 0.000000
vt 0.404908 0.000000
vt 0.989775 0.000000
vt 0.441718 0.000000
vt 0.403885 0.000000
vt 0.581800 0.000000
vt 0.442740 0.000000
vt 0.402863 0.000000
vt 0.443763 0.000000
vt 0.990798 0.000000
vt 0.401840 0.000000
vt 0.580777 0.000000
vt 0.444785 0.000000
vt 0.400818 0.000000
vt 0.445808 0.000000
vt 0.579755 0.000000
vt 0.991820 0.000000
vt 0.399796 0.000000
vt 0.446830 0.000000
vt 0.578732 0.000000
vt 0.398773 0.000000
vt 0.447853 0.000000
vt 0.448875 0.000000
vt 0.449898 0.000000
vt 0.450920 0.000000
vt 0.577710 0.000000
vt 0.451943 0.000000
vt 0.992843 0.000000
vt 0.397750 0.000000
vt 0.452965 0.000000
vt 0.453988 0.000000
vt 0.455010 0.000000
vt 0.456033 0.000000
vt 0.457055 0.000000
vt 0.576687 0.000000
vt 0.458078 0.000000
vt 0.396728 0.000000
vt 0.079755 0.000000
vt 0.078732 0.000000
vt 0.077710 0.000000
vt 0.076687 0.000000
vt 0.075665 0.000000
vt 0.074642 0.000000
vt 0.073620 0.000000
vt 0.072597 0.000000
vt 0.071575 0.000000
vt 0.070552 0.000000
vt 0.069530 0.000000
vt 0.068507 0.000000
vt 0.459100 0.000000
vt 0.460123 0.000000
vt 0.461145 0.000000
vt 0.462168 0.000000
vt 0.463190 0.000000
vt 0.464213 0.000000
vt 0.575665 0.000000
vt 0.465235 0.000000
vt 0.067485 0.000000
vt 0.993865 0.000000
vt 0.466258 0.000000
vt 0.467280 0.000000
vt 0.468303 0.000000
vt 0.469325 0.000000
vt 0.470348 0.000000
vt 0.471370 0.000000
vt 0.472393 0.000000
vt 0.473415 0.000000
vt 0.474438 0.000000
vt 0.574642 0.000000
vt 0.475460 0.000000
vt 0.476483 0.000000
vt 0.573620 0.000000
vt 0.066462 0.000000
vt 0.994888 0.000000
vt 0.477505 0.000000
vt 0.478528 0.000000
vt 0.572597 0.000000
vt 0.479550 0.000000
vt 0.571575 0.000000
vt 0.065440 0.000000
vt 0.995910 0.000000
vt 0.480573 0.000000
vt 0.570552 0.000000
vt 0.481595 0.000000
vt 0.569530 0.000000
vt 0.064417 0.000000
vt 0.996933 0.000000
vt 0.482618 0.000000
vt 0.568507 0.000000
vt 0.483640 0.000000
vt 0.567485 0.000000
vt 0.063395 0.000000
vt 0.997955 0.000000
vt 0.566462 0.000000
vt 0.484663 0.000000
vt 0.565440 0.000000
vt 0.485685 0.000000
vt 0.564417 0.000000
vt 0.062372 0.000000
vt 0.061350 0.000000
vt 0.998977 0.000000
vt 0.486708 0.000000
vt 0.563395 0.000000
vt 0.487730 0.000000
vt 0.562372 0.000000
vt 0.060327 0.000000
vt 1.000000 0.000000
vt 0.059305 0.000000
vt 0.561350 0.000000
vt 0.488753 0.000000
vt 0.058282 0.000000
vt 0.080777 0.000000
vt 0.081800 0.000000
vt 0.082822 0.000000
vt 0.560327 0.000000
vt 0.083845 0.000000
vt 0.084867 0.000000
vt 0.085890 0.000000
vt 0.086912 0.000000
vt 0.057260 0.000000
vt 0.489775 0.000000
vt 0.087935 0.000000
vt 0.000000 0.000000
vt 0.559305 0.000000
vt 0.056237 0.000000
vt 0.490798 0.000000
vt 0.558282 0.000000
vt 0.055215 0.000000
vt 0.001022 0.000000
vt 0.557260 0.000000
vt 0.491820 0.000000
vt 0.054192 0.000000
vt 0.556237 0.000000
vt 0.053170 0.000000
vt 0.492843 0.000000
vt 0.555215 0.000000
vt 0.002045 0.000000
vt 0.052147 0.000000
vt 0.554192 0.000000
vt 0.493865 0.000000
vt 0.553170 0.000000
vt 0.051125 0.000000
vt 0.003067 0.000000
vt 0.494888 0.000000
vt 0.552147 0.000000
vt 0.050102 0.000000
vt 0.551125 0.000000
vt 0.495910 0.000000
vt 0.550102 0.000000
vt 0.049080 0.000000
vt 0.004090 0.000000
vt 0.549080 0.000000
vt 0.496933 0.000000
vt 0.048057 0.000000
vt 0.548057 0.000000
vt 0.005112 0.000000
vt 0.547035 0.000000
vt 0.497955 0.000000
vt 0.047035 0.000000
vt 0.546012 0.000000
vt 0.498978 0.000000
vt 0.046012 0.000000
vt 0.544990 0.000000
vt 0.006135 0.000000
vt 0.543967 0.000000
vt 0.044990 0.000000
vt 0.500000 0.000000
vt 0.542945 0.000000
vt 0.007157 0.000000
vt 0.043967 0.000000
vt 0.501023 0.000000
vt 0.541922 0.000000
vt 0.540900 0.000000
vt 0.042945 0.000000
vt 0.008180 0.000000
vt 0.502045 0.000000
vt 0.539877 0.000000
vt 0.041922 0.000000
vt 0.503067 0.000000
vt 0.538855 0.000000
vt 0.009202 0.000000
vt 0.040900 0.000000
vt 0.537832 0.000000
vt 0.504090 0.000000
vt 0.010225 0.000000
vt 0.536810 0.000000
vt 0.039877 0.000000
vt 0.505112 0.000000
vt 0.535787 0.000000
vt 0.038855 0.000000
vt 0.506135 0.000000
vt 0.011247 0.000000
vt 0.534765 0.000000
vt 0.037832 0.000000
vt 0.507157 0.000000
vt 0.533742 0.000000
vt 0.012270 0.000000
vt 0.532720 0.000000
vt 0.036810 0.000000
vt 0.508180 0.000000
vt 0.531697 0.000000
vt 0.013292 0.000000
vt 0.530675 0.000000
vt 0.014315 0.000000
vt 0.529652 0.000000
vt 0.015337 0.000000
vt 0.528630 0.000000
vt 0.016360 0.000000
vt 0.527607 0.000000
vt 0.017382 0.000000
vt 0.526585 0.000000
vt 0.018405 0.000000
vt 0.525562 0.000000
vt 0.019427 0.000000
vt 0.524540 0.000000
vt 0.020450 0.000000
vt 0.509202 0.000000
vt 0.035787 0.000000
vt 0.523517 0.000000
vt 0.021472 0.000000
vt 0.510225 0.000000
vt 0.034765 0.000000
vt 0.522495 0.000000
vt 0.022495 0.000000
vt 0.511247 0.000000
vt 0.033742 0.000000
vt 0.521472 0.000000
vt 0.023517 0.000000
vt 0.512270 0.000000
vt 0.032720 0.000000
vt 0.520450 0.000000
vt 0.024540 0.000000
vt 0.519427 0.000000
vt 0.025562 0.000000
vt 0.513292 0.000000
vt 0.031697 0.000000
vt 0.518405 0.000000
vt 0.026585 0.000000
vt 0.514315 0.000000
vt 0.030675 0.000000
vt 0.517382 0.000000
vt 0.027607 0.000000
vt 0.515337 0.000000
vt 0.029652 0.000000
vt 0.516360 0.000000
vt 0.028630 0.000000
vt 0.245399 0.000000
vt 0.246421 0.000000
vt 0.247444 0.000000
vt 0.244376 0.000000
vt 0.248466 0.000000
vt 0.243354 0.000000
vt 0.249489 0.000000
vt 0.250511 0.000000
vt 0.251534 0.000000
vt 0.242331 0.000000
vt 0.252556 0.000000
vt 0.253579 0.000000
vt 0.254601 0.000000
vt 0.241309 0.000000
vt 0.255624 0.000000
vt 0.256646 0.000000
vt 0.257669 0.000000
vt 0.258691 0.000000
vt 0.259714 0.000000
vt 0.240286 0.000000
vt 0.260736 0.000000
vt 0.261759 0.000000
vt 0.262781 0.000000
vt 0.263804 0.000000
vt 0.264826 0.000000
vt 0.239264 0.000000
vt 0.265849 0.000000
vt 0.266871 0.000000
vt 0.267894 0.000000
vt 0.268916 0.000000
vt 0.269939 0.000000
vt 0.238241 0.000000
vt 0.270961 0.000000
vt 0.271984 0.000000
vt 0.273006 0.000000
vt 0.274029 0.000000
vt 0.237219 0.000000
vt 0.236196 0.000000
vt 0.275051 0.000000
vt 0.235174 0.000000
vt 0.276074 0.000000
vt 0.234151 0.000000
vt 0.277096 0.000000
vt 0.233129 0.000000
vt 0.278119 0.000000
vt 0.232106 0.000000
vt 0.279141 0.000000
vt 0.231084 0.000000
vt 0.280164 0.000000
vt 0.230061 0.000000
vt 0.281186 0.000000
vt 0.229039 0.000000
vt 0.282209 0.000000
vt 0.228016 0.000000
vt 0.283231 0.000000
vt 0.226994 0.000000
vt 0.284254 0.000000
vt 0.225971 0.000000
vt 0.285276 0.000000
vt 0.224949 0.000000
vt 0.286299 0.000000
vt 0.223926 0.000000
vt 0.287321 0.000000
vt 0.288344 0.000000
vt 0.222904 0.000000
vt 0.289366 0.000000
vt 0.221881 0.000000
vt 0.290389 0.000000
vt 0.220859 0.000000
vt 0.291411 0.000000
vt 0.292434 0.000000
vt 0.219836 0.000000
vt 0.293456 0.000000
vt 0.218814 0.000000
vt 0.294479 0.000000
vt 0.217791 0.000000
vt 0.295501 0.000000
vt 0.216769 0.000000
vt 0.296524 0.000000
vt 0.297546 0.000000
vt 0.215746 0.000000
vt 0.088957 0.000000
vt 0.298569 0.000000
vt 0.214724 0.000000
vt 0.213701 0.000000
vt 0.089980 0.000000
vt 0.212679 0.000000
vt 0.091002 0.000000
vt 0.211656 0.000000
vt 0.210634 0.000000
vt 0.092025 0.000000
vt 0.093047 0.000000
vt 0.094070 0.000000
vt 0.095092 0.000000
vt 0.395706 0.000000
vt 0.209611 0.000000
vt 0.394683 0.000000
vt 0.299591 0.000000
vt 0.393661 0.000000
vt 0.208589 0.000000
vt 0.300613 0.000000
vt 0.392638 0.000000
vt 0.301636 0.000000
vt 0.391616 0.000000
vt 0.302658 0.000000
vt 0.207566 0.000000
vt 0.390593 0.000000
vt 0.303681 0.000000
vt 0.304703 0.000000
vt 0.389571 0.000000
vt 0.206544 0.000000
vt 0.305726 0.000000
vt 0.388548 0.000000
vt 0.096115 0.000000
vt 0.306748 0.000000
vt 0.387526 0.000000
vt 0.307771 0.000000
vt 0.205521 0.000000
vt 0.386503 0.000000
vt 0.346626 0.000000
vt 0.347648 0.000000
vt 0.348671 0.000000
vt 0.345603 0.000000
vt 0.349693 0.000000
vt 0.344581 0.000000
vt 0.350716 0.000000
vt 0.343558 0.000000
vt 0.351738 0.000000
vt 0.342536 0.000000
vt 0.352761 0.000000
vt 0.341513 0.000000
vt 0.353783 0.000000
vt 0.340491 0.000000
vt 0.354806 0.000000
vt 0.308793 0.000000
vt 0.339468 0.000000
vt 0.355828 0.000000
vt 0.338446 0.000000
vt 0.356851 0.000000
vt 0.337423 0.000000
vt 0.357873 0.000000
vt 0.385481 0.000000
vt 0.336401 0.000000
vt 0.358896 0.000000
vt 0.335378 0.000000
vt 0.359918 0.000000
vt 0.309816 0.000000
vt 0.334356 0.000000
vt 0.360941 0.000000
vt 0.384458 0.000000
vt 0.310838 0.000000
vt 0.204499 0.000000
vt 0.361963 0.000000
vt 0.333333 0.000000
vt 0.383436 0.000000
vt 0.311861 0.000000
vt 0.362986 0.000000
vt 0.332311 0.000000
vt 0.382413 0.000000
vt 0.312883 0.000000
vt 0.364008 0.000000
vt 0.331288 0.000000
vt 0.381391 0.000000
vt 0.313906 0.000000
vt 0.203476 0.000000
vt 0.380368 0.000000
vt 0.365031 0.000000
vt 0.330266 0.000000
vt 0.314928 0.000000
vt 0.379346 0.000000
vt 0.366053 0.000000
vt 0.329243 0.000000
vt 0.315951 0.000000
vt 0.378323 0.000000
vt 0.316973 0.000000
vt 0.367076 0.000000
vt 0.328221 0.000000
vt 0.377301 0.000000
vt 0.317996 0.000000
vt 0.368098 0.000000
vt 0.327198 0.000000
vt 0.376278 0.000000
vt 0.319018 0.000000
vt 0.369121 0.000000
vt 0.326176 0.000000
vt 0.202454 0.000000
vt 0.375256 0.000000
vt 0.320041 0.000000
vt 0.370143 0.000000
vt 0.325153 0.000000
vt 0.374233 0.000000
vt 0.321063 0.000000
vt 0.371166 0.000000
vt 0.324131 0.000000
vt 0.373211 0.000000
vt 0.322086 0.000000
vt 0.097137 0.000000
vt 0.372188 0.000000
vt 0.323108 0.000000
vt 0.201431 0.000000
vt 0.200409 0.000000
vt 0.199387 0.000000
vt 0.098160 0.000000
vt 0.198364 0.000000
vt 0.197342 0.000000
vt 0.196319 0.000000
vt 0.099182 0.000000
vt 0.195297 0.000000
vt 0.194274 0.000000
vt 0.193252 0.000000
vt 0.100204 0.000000
vt 0.192229 0.000000
vt 0.191207 0.000000
vt 0.190184 0.000000
vt 0.101227 0.000000
vt 0.189162 0.000000
vt 0.188139 0.000000
vt 0.187117 0.000000
vt 0.163599 0.000000
vt 0.162577 0.000000
vt 0.161554 0.000000
vt 0.160532 0.000000
vt 0.159509 0.000000
vt 0.158487 0.000000
vt 0.157464 0.000000
vt 0.156442 0.000000
vt 0.155419 0.000000
vt 0.154397 0.000000
vt 0.164622 0.000000
vt 0.153374 0.000000
vt 0.102249 0.000000
vt 0.152352 0.000000
vt 0.151329 0.000000
vt 0.165644 0.000000
vt 0.150307 0.000000
vt 0.149284 0.000000
vt 0.148262 0.000000
vt 0.166667 0.000000
vt 0.147239 0.000000
vt 0.167689 0.000000
vt 0.146217 0.000000
vt 0.168712 0.000000
vt 0.145194 0.000000
vt 0.186094 0.000000
vt 0.169734 0.000000
vt 0.144172 0.000000
vt 0.170757 0.000000
vt 0.143149 0.000000
vt 0.171779 0.000000
vt 0.185072 0.000000
vt 0.142127 0.000000
vt 0.172802 0.000000
vt 0.184049 0.000000
vt 0.183027 0.000000
vt 0.182004 0.000000
vt 0.173824 0.000000
vt 0.141104 0.000000
vt 0.180982 0.000000
vt 0.103272 0.000000
vt 0.179959 0.000000
vt 0.178937 0.000000
vt 0.177914 0.000000
vt 0.176892 0.000000
vt 0.174847 0.000000
vt 0.175869 0.000000
vt 0.140082 0.000000
vt 0.139059 0.000000
vt 0.138037 0.000000
vt 0.137014 0.000000
vt 0.104294 0.000000
vt 0.135992 0.000000
vt 0.134969 0.000000
vt 0.105317 0.000000
vt 0.133947 0.000000
vt 0.132924 0.000000
vt 0.131902 0.000000
vt 0.106339 0.000000
vt 0.130879 0.000000
vt 0.129857 0.000000
vt 0.128834 0.000000
vt 0.107362 0.000000
vt 0.127812 0.000000
vt 0.126789 0.000000
vt 0.125767 0.000000
vt 0.108384 0.000000
vt 0.124744 0.000000
vt 0.123722 0.000000
vt 0.122699 0.000000
vt 0.109407 0.000000
vt 0.121677 0.000000
vt 0.120654 0.000000
vt 0.110429 0.000000
vt 0.119632 0.000000
vt 0.118609 0.000000
vt 0.117587 0.000000
vt 0.111452 0.000000
vt 0.116564 0.000000
vt 0.115542 0.000000
vt 0.114519 0.000000
vt 0.112474 0.000000
vt 0.113497 0.000000
s 0
usemtl マテリアル
f 761/1/1 762/2/1 763/3/1
f 760/4/1 761/1/1 763/3/1
f 759/5/1 760/4/1 763/3/1
f 758/6/1 759/5/1 763/3/1
f 758/6/1 763/3/1 764/7/1
f 757/8/1 758/6/1 764/7/1
f 756/9/1 757/8/1 764/7/1
f 755/10/1 756/9/1 764/7/1
f 755/10/1 764/7/1 765/11/1
f 754/12/1 755/10/1 765/11/1
f 753/13/1 754/12/1 765/11/1
f 753/13/1 765/11/1 766/14/1
f 752/15/1 753/13/1 766/14/1
f 751/16/1 752/15/1 766/14/1
f 751/16/1 766/14/1 767/17/1
f 750/18/1 751/16/1 767/17/1
f 749/19/1 750/18/1 767/17/1
f 749/19/1 767/17/1 768/20/1
f 748/21/1 749/19/1 768/20/1
f 747/22/1 748/21/1 768/20/1
f 747/22/1 768/20/1 769/23/1
f 746/24/1 747/22/1 769/23/1
f 745/25/1 746/24/1 769/23/1
f 744/26/1 745/25/1 769/23/1
f 744/26/1 769/23/1 770/27/1
f 743/28/1 744/26/1 770/27/1
f 742/29/1 743/28/1 770/27/1
f 741/30/1 742/29/1 770/27/1
f 740/31/1 741/30/1 770/27/1
f 739/32/1 740/31/1 770/27/1
f 739/32/1 770/27/1 771/33/1
f 738/34/1 739/32/1 771/33/1
f 737/35/1 738/34/1 771/33/1
f 737/35/1 771/33/1 772/36/1
f 737/35/1 772/36/1 773/37/1
f 737/35/1 773/37/1 774/38/1
f 736/39/1 737/35/1 774/38/1
f 736/39/1 774/38/1 775/40/1
f 736/39/1 775/40/1 776/41/1
f 735/42/1 736/39/1 776/41/1
f 735/42/1 776/41/1 777/43/1
f 735/42/1 777/43/1 778/44/1
f 734/45/1 735/42/1 778/44/1
f 734/45/1 778/44/1 779/46/1
f 734/45/1 779/46/1 780/47/1
f 733/48/1 734/45/1 780/47/1
f 733/48/1 780/47/1 781/49/1
f 733/48/1 781/49/1 782/50/1
f 732/51/1 733/48/1 782/50/1
f 732/51/1 782/50/1 783/52/1
f 731/53/1 732/51/1 783/52/1
f 731/53/1 783/52/1 784/54/1
f 731/53/1 784/54/1 785/55/1
f 730/56/1 731/53/1 785/55/1
f 730/56/1 785/55/1 786/57/1
f 729/58/1 730/56/1 786/57/1
f 729/58/1 786/57/1 787/59/1
f 728/60/1 729/58/1 787/59/1
f 728/60/1 787/59/1 788/61/1
f 727/62/1 728/60/1 788/61/1
f 727/62/1 788/61/1 789/63/1
f 726/64/1 727/62/1 789/63/1
f 726/64/1 789/63/1 790/65/1
f 726/64/1 790/65/1 791/66/1
f 725/67/1 726/64/1 791/66/1
f 833/68/1 834/69/1 835/70/1
f 833/68/1 835/70/1 836/71/1
f 833/68/1 836/71/1 837/72/1
f 833/68/1 837/72/1 838/73/1
f 833/68/1 838/73/1 839/74/1
f 833/68/1 839/74/1 840/75/1
f 833/68/1 840/75/1 841/76/1
f 833/68/1 841/76/1 842/77/1
f 832/78/1 833/68/1 842/77/1
f 832/78/1 842/77/1 843/79/1
f 832/78/1 843/79/1 844/80/1
f 832/78/1 844/80/1 845/81/1
f 831/82/1 832/78/1 845/81/1
f 831/82/1 845/81/1 846/83/1
f 725/67/1 791/66/1 792/84/1
f 831/82/1 846/83/1 847/85/1
f 831/82/1 847/85/1 848/86/1
f 830/87/1 831/82/1 848/86/1
f 830/87/1 848/86/1 849/88/1
f 830/87/1 849/88/1 850/89/1
f 829/90/1 830/87/1 850/89/1
f 829/90/1 850/89/1 851/91/1
f 829/90/1 851/91/1 852/92/1
f 828/93/1 829/90/1 852/92/1
f 828/93/1 852/92/1 853/94/1
f 828/93/1 853/94/1 854/95/1
f 724/96/1 725/67/1 792/84/1
f 827/97/1 828/93/1 854/95/1
f 724/96/1 792/84/1 793/98/1
f 827/97/1 854/95/1 855/99/1
f 827/97/1 855/99/1 856/100/1
f 826/101/1 827/97/1 856/100/1
f 826/101/1 856/100/1 857/102/1
f 826/101/1 857/102/1 858/103/1
f 825/104/1 826/101/1 858/103/1
f 825/104/1 858/103/1 859/105/1
f 824/106/1 825/104/1 859/105/1
f 823/107/1 824/106/1 859/105/1
f 822/108/1 823/107/1 859/105/1
f 724/96/1 793/98/1 794/109/1
f 821/110/1 822/108/1 859/105/1
f 820/111/1 821/110/1 859/105/1
f 724/96/1 794/109/1 795/112/1
f 723/113/1 724/96/1 795/112/1
f 819/114/1 820/111/1 859/105/1
f 723/113/1 795/112/1 796/115/1
f 819/114/1 859/105/1 860/116/1
f 818/117/1 819/114/1 860/116/1
f 723/113/1 796/115/1 797/118/1
f 817/119/1 818/117/1 860/116/1
f 723/113/1 797/118/1 798/120/1
f 816/121/1 817/119/1 860/116/1
f 723/113/1 798/120/1 799/122/1
f 815/123/1 816/121/1 860/116/1
f 723/113/1 799/122/1 800/124/1
f 723/113/1 800/124/1 801/125/1
f 814/126/1 815/123/1 860/116/1
f 722/127/1 723/113/1 801/125/1
f 722/127/1 801/125/1 802/128/1
f 722/127/1 802/128/1 803/129/1
f 813/130/1 814/126/1 860/116/1
f 722/127/1 803/129/1 804/131/1
f 722/127/1 804/131/1 805/132/1
f 812/133/1 813/130/1 860/116/1
f 722/127/1 805/132/1 806/134/1
f 812/133/1 860/116/1 861/135/1
f 722/127/1 806/134/1 807/136/1
f 811/137/1 812/133/1 861/135/1
f 722/127/1 807/136/1 808/138/1
f 722/127/1 808/138/1 809/139/1
f 810/140/1 811/137/1 861/135/1
f 722/127/1 809/139/1 810/140/1
f 722/127/1 810/140/1 861/135/1
f 721/141/1 722/127/1 861/135/1
f 721/141/1 861/135/1 862/142/1
f 721/141/1 862/142/1 863/143/1
f 720/144/1 721/141/1 863/143/1
f 720/144/1 863/143/1 864/145/1
f 719/146/1 720/144/1 864/145/1
f 719/146/1 864/145/1 865/147/1
f 719/146/1 865/147/1 866/148/1
f 718/149/1 719/146/1 866/148/1
f 718/149/1 866/148/1 867/150/1
f 718/149/1 867/150/1 868/151/1
f 718/149/1 868/151/1 869/152/1
f 717/153/1 718/149/1 869/152/1
f 717/153/1 869/152/1 870/154/1
f 717/153/1 870/154/1 871/155/1
f 716/156/1 717/153/1 871/155/1
f 716/156/1 871/155/1 872/157/1
f 716/156/1 872/157/1 873/158/1
f 716/156/1 873/158/1 874/159/1
f 715/160/1 716/156/1 874/159/1
f 715/160/1 874/159/1 875/161/1
f 715/160/1 875/161/1 876/162/1
f 715/160/1 876/162/1 877/163/1
f 714/164/1 715/160/1 877/163/1
f 714/164/1 877/163/1 878/165/1
f 714/164/1 878/165/1 879/166/1
f 714/164/1 879/166/1 880/167/1
f 713/168/1 714/164/1 880/167/1
f 712/169/1 713/168/1 880/167/1
f 711/170/1 712/169/1 880/167/1
f 710/171/1 711/170/1 880/167/1
f 709/172/1 710/171/1 880/167/1
f 709/172/1 880/167/1 881/173/1
f 708/174/1 709/172/1 881/173/1
f 707/175/1 708/174/1 881/173/1
f 706/176/1 707/175/1 881/173/1
f 705/177/1 706/176/1 881/173/1
f 704/178/1 705/177/1 881/173/1
f 703/179/1 704/178/1 881/173/1
f 702/180/1 703/179/1 881/173/1
f 701/181/1 702/180/1 881/173/1
f 701/181/1 881/173/1 882/182/1
f 700/183/1 701/181/1 882/182/1
f 699/184/1 700/183/1 882/182/1
f 698/185/1 699/184/1 882/182/1
f 697/186/1 698/185/1 882/182/1
f 696/187/1 697/186/1 882/182/1
f 695/188/1 696/187/1 882/182/1
f 694/189/1 695/188/1 882/182/1
f 693/190/1 694/189/1 882/182/1
f 692/191/1 693/190/1 882/182/1
f 691/192/1 692/191/1 882/182/1
f 690/193/1 691/192/1 882/182/1
f 689/194/1 690/193/1 882/182/1
f 688/195/1 689/194/1 882/182/1
f 687/196/1 688/195/1 882/182/1
f 687/196/1 882/182/1 883/197/1
f 686/198/1 687/196/1 883/197/1
f 685/199/1 686/198/1 883/197/1
f 684/200/1 685/199/1 883/197/1
f 683/201/1 684/200/1 883/197/1
f 682/202/1 683/201/1 883/197/1
f 681/203/1 682/202/1 883/197/1
f 680/204/1 681/203/1 883/197/1
f 679/205/1 680/204/1 883/197/1
f 678/206/1 679/205/1 883/197/1
f 677/207/1 678/206/1 883/197/1
f 676/208/1 677/207/1 883/197/1
f 675/209/1 676/208/1 883/197/1
f 674/210/1 675/209/1 883/197/1
f 673/211/1 674/210/1 883/197/1
f 672/212/1 673/211/1 883/197/1
f 671/213/1 672/212/1 883/197/1
f 670/214/1 671/213/1 883/197/1
f 669/215/1 670/214/1 883/197/1
f 668/216/1 669/215/1 883/197/1
f 667/217/1 668/216/1 883/197/1
f 666/218/1 667/217/1 883/197/1
f 665/219/1 666/218/1 883/197/1
f 664/220/1 665/219/1 883/197/1
f 664/220/1 883/197/1 884/221/1
f 663/222/1 664/220/1 884/221/1
f 662/223/1 663/222/1 884/221/1
f 662/223/1 884/221/1 885/224/1
f 661/225/1 662/223/1 885/224/1
f 661/225/1 885/224/1 886/226/1
f 660/227/1 661/225/1 886/226/1
f 659/228/1 660/227/1 886/226/1
f 659/228/1 886/226/1 887/229/1
f 658/230/1 659/228/1 887/229/1
f 658/230/1 887/229/1 888/231/1
f 657/232/1 658/230/1 888/231/1
f 656/233/1 657/232/1 888/231/1
f 656/233/1 888/231/1 889/234/1
f 655/235/1 656/233/1 889/234/1
f 655/235/1 889/234/1 890/236/1
f 654/237/1 655/235/1 890/236/1
f 654/237/1 890/236/1 891/238/1
f 653/239/1 654/237/1 891/238/1
f 653/239/1 891/238/1 892/240/1
f 652/241/1 653/239/1 892/240/1
f 612/242/1 613/243/1 614/244/1
f 612/242/1 614/244/1 615/245/1
f 611/246/1 612/242/1 615/245/1
f 611/246/1 615/245/1 616/247/1
f 610/248/1 611/246/1 616/247/1
f 610/248/1 616/247/1 617/249/1
f 609/250/1 610/248/1 617/249/1
f 652/241/1 892/240/1 893/251/1
f 609/250/1 617/249/1 618/252/1
f 651/253/1 652/241/1 893/251/1
f 608/254/1 609/250/1 618/252/1
f 608/254/1 618/252/1 619/255/1
f 607/256/1 608/254/1 619/255/1
f 606/257/1 607/256/1 619/255/1
f 925/258/1 926/259/1 927/260/1
f 605/261/1 606/257/1 619/255/1
f 925/258/1 927/260/1 928/262/1
f 924/263/1 925/258/1 928/262/1
f 650/264/1 651/253/1 893/251/1
f 924/263/1 928/262/1 929/265/1
f 923/266/1 924/263/1 929/265/1
f 650/264/1 893/251/1 894/267/1
f 923/266/1 929/265/1 930/268/1
f 922/269/1 923/266/1 930/268/1
f 922/269/1 930/268/1 931/270/1
f 921/271/1 922/269/1 931/270/1
f 604/272/1 605/261/1 619/255/1
f 920/273/1 921/271/1 931/270/1
f 920/273/1 931/270/1 932/274/1
f 919/275/1 920/273/1 932/274/1
f 919/275/1 932/274/1 933/276/1
f 603/277/1 604/272/1 619/255/1
f 649/278/1 650/264/1 894/267/1
f 919/275/1 933/276/1 934/279/1
f 603/277/1 619/255/1 620/280/1
f 602/281/1 603/277/1 620/280/1
f 649/278/1 894/267/1 895/282/1
f 919/275/1 934/279/1 935/283/1
f 601/284/1 602/281/1 620/280/1
f 919/275/1 935/283/1 936/285/1
f 648/286/1 649/278/1 895/282/1
f 919/275/1 936/285/1 937/287/1
f 600/288/1 601/284/1 620/280/1
f 648/286/1 895/282/1 896/289/1
f 919/275/1 937/287/1 938/290/1
f 647/291/1 648/286/1 896/289/1
f 599/292/1 600/288/1 620/280/1
f 919/275/1 938/290/1 939/293/1
f 598/294/1 599/292/1 620/280/1
f 918/295/1 919/275/1 939/293/1
f 598/294/1 620/280/1 621/296/1
f 918/295/1 939/293/1 940/297/1
f 646/298/1 647/291/1 896/289/1
f 597/299/1 598/294/1 621/296/1
f 918/295/1 940/297/1 941/300/1
f 645/301/1 646/298/1 896/289/1
f 596/302/1 597/299/1 621/296/1
f 918/295/1 941/300/1 942/303/1
f 644/304/1 645/301/1 896/289/1
f 595/305/1 596/302/1 621/296/1
f 918/295/1 942/303/1 943/306/1
f 595/305/1 621/296/1 622/307/1
f 643/308/1 644/304/1 896/289/1
f 594/309/1 595/305/1 622/307/1
f 918/295/1 943/306/1 944/310/1
f 917/311/1 918/295/1 944/310/1
f 642/312/1 643/308/1 896/289/1
f 593/313/1 594/309/1 622/307/1
f 641/314/1 642/312/1 896/289/1
f 917/311/1 944/310/1 945/315/1
f 593/313/1 622/307/1 623/316/1
f 640/317/1 641/314/1 896/289/1
f 916/318/1 917/311/1 945/315/1
f 639/319/1 640/317/1 896/289/1
f 593/313/1 623/316/1 624/320/1
f 638/321/1 639/319/1 896/289/1
f 593/313/1 624/320/1 625/322/1
f 915/323/1 916/318/1 945/315/1
f 638/321/1 896/289/1 897/324/1
f 637/325/1 638/321/1 897/324/1
f 593/313/1 625/322/1 626/326/1
f 636/327/1 637/325/1 897/324/1
f 636/327/1 897/324/1 898/328/1
f 914/329/1 915/323/1 945/315/1
f 635/330/1 636/327/1 898/328/1
f 593/313/1 626/326/1 627/331/1
f 635/330/1 898/328/1 899/332/1
f 634/333/1 635/330/1 899/332/1
f 593/313/1 627/331/1 628/334/1
f 633/335/1 634/333/1 899/332/1
f 632/336/1 633/335/1 899/332/1
f 632/336/1 899/332/1 900/337/1
f 913/338/1 914/329/1 945/315/1
f 593/313/1 628/334/1 629/339/1
f 631/340/1 632/336/1 900/337/1
f 593/313/1 629/339/1 630/341/1
f 630/341/1 631/340/1 900/337/1
f 593/313/1 630/341/1 900/337/1
f 592/342/1 593/313/1 900/337/1
f 913/338/1 945/315/1 946/343/1
f 592/342/1 900/337/1 901/344/1
f 912/345/1 913/338/1 946/343/1
f 592/342/1 901/344/1 902/346/1
f 592/342/1 902/346/1 903/347/1
f 911/348/1 912/345/1 946/343/1
f 592/342/1 903/347/1 904/349/1
f 910/350/1 911/348/1 946/343/1
f 592/342/1 904/349/1 905/351/1
f 592/342/1 905/351/1 906/352/1
f 909/353/1 910/350/1 946/343/1
f 592/342/1 906/352/1 907/354/1
f 908/355/1 909/353/1 946/343/1
f 592/342/1 907/354/1 908/355/1
f 592/342/1 908/355/1 946/343/1
f 591/356/1 592/342/1 946/343/1
f 591/356/1 946/343/1 947/357/1
f 590/358/1 591/356/1 947/357/1
f 590/358/1 947/357/1 948/359/1
f 590/358/1 948/359/1 949/360/1
f 589/361/1 590/358/1 949/360/1
f 589/361/1 949/360/1 950/362/1
f 588/363/1 589/361/1 950/362/1
f 588/363/1 950/362/1 951/364/1
f 587/365/1 588/363/1 951/364/1
f 587/365/1 951/364/1 952/366/1
f 586/367/1 587/365/1 952/366/1
f 586/367/1 952/366/1 953/368/1
f 585/369/1 586/367/1 953/368/1
f 585/369/1 953/368/1 954/370/1
f 584/371/1 585/369/1 954/370/1
f 584/371/1 954/370/1 955/372/1
f 583/373/1 584/371/1 955/372/1
f 583/373/1 955/372/1 956/374/1
f 582/375/1 583/373/1 956/374/1
f 582/375/1 956/374/1 957/376/1
f 582/375/1 957/376/1 958/377/1
f 581/378/1 582/375/1 958/377/1
f 581/378/1 958/377/1 959/379/1
f 580/380/1 581/378/1 959/379/1
f 580/380/1 959/379/1 960/381/1
f 579/382/1 580/380/1 960/381/1
f 579/382/1 960/381/1 961/383/1
f 578/384/1 579/382/1 961/383/1
f 578/384/1 961/383/1 962/385/1
f 577/386/1 578/384/1 962/385/1
f 577/386/1 962/385/1 963/387/1
f 576/388/1 577/386/1 963/387/1
f 576/388/1 963/387/1 414/389/1
f 414/389/1 963/387/1 964/390/1
f 575/391/1 576/388/1 414/389/1
f 575/391/1 414/389/1 415/392/1
f 413/393/1 414/389/1 964/390/1
f 575/391/1 415/392/1 416/394/1
f 412/395/1 413/393/1 964/390/1
f 575/391/1 416/394/1 417/396/1
f 411/397/1 412/395/1 964/390/1
f 575/391/1 417/396/1 418/398/1
f 410/399/1 411/397/1 964/390/1
f 410/399/1 964/390/1 965/400/1
f 575/391/1 418/398/1 419/401/1
f 409/402/1 410/399/1 965/400/1
f 575/391/1 419/401/1 420/403/1
f 408/404/1 409/402/1 965/400/1
f 575/391/1 420/403/1 421/405/1
f 407/406/1 408/404/1 965/400/1
f 575/391/1 421/405/1 422/407/1
f 406/408/1 407/406/1 965/400/1
f 574/409/1 575/391/1 422/407/1
f 574/409/1 422/407/1 423/410/1
f 405/411/1 406/408/1 965/400/1
f 574/409/1 423/410/1 424/412/1
f 405/411/1 965/400/1 966/413/1
f 404/414/1 405/411/1 966/413/1
f 574/409/1 424/412/1 425/415/1
f 403/416/1 404/414/1 966/413/1
f 574/409/1 425/415/1 426/417/1
f 573/418/1 574/409/1 426/417/1
f 402/419/1 403/416/1 966/413/1
f 573/418/1 426/417/1 427/420/1
f 402/419/1 966/413/1 967/421/1
f 401/422/1 402/419/1 967/421/1
f 573/418/1 427/420/1 428/423/1
f 573/418/1 428/423/1 429/424/1
f 400/425/1 401/422/1 967/421/1
f 572/426/1 573/418/1 429/424/1
f 572/426/1 429/424/1 430/427/1
f 399/428/1 400/425/1 967/421/1
f 399/428/1 967/421/1 968/429/1
f 572/426/1 430/427/1 431/430/1
f 398/431/1 399/428/1 968/429/1
f 571/432/1 572/426/1 431/430/1
f 571/432/1 431/430/1 432/433/1
f 397/434/1 398/431/1 968/429/1
f 397/434/1 968/429/1 969/435/1
f 571/432/1 432/433/1 433/436/1
f 396/437/1 397/434/1 969/435/1
f 570/438/1 571/432/1 433/436/1
f 570/438/1 433/436/1 434/439/1
f 395/440/1 396/437/1 969/435/1
f 570/438/1 434/439/1 435/441/1
f 395/440/1 969/435/1 970/442/1
f 394/443/1 395/440/1 970/442/1
f 569/444/1 570/438/1 435/441/1
f 569/444/1 435/441/1 436/445/1
f 393/446/1 394/443/1 970/442/1
f 569/444/1 436/445/1 437/447/1
f 568/448/1 569/444/1 437/447/1
f 393/446/1 970/442/1 971/449/1
f 392/450/1 393/446/1 971/449/1
f 568/448/1 437/447/1 438/451/1
f 567/452/1 568/448/1 438/451/1
f 391/453/1 392/450/1 971/449/1
f 567/452/1 438/451/1 439/454/1
f 567/452/1 439/454/1 440/455/1
f 567/452/1 440/455/1 441/456/1
f 567/452/1 441/456/1 442/457/1
f 566/458/1 567/452/1 442/457/1
f 566/458/1 442/457/1 443/459/1
f 391/453/1 971/449/1 972/460/1
f 390/461/1 391/453/1 972/460/1
f 566/458/1 443/459/1 444/462/1
f 566/458/1 444/462/1 445/463/1
f 566/458/1 445/463/1 446/464/1
f 566/458/1 446/464/1 447/465/1
f 566/458/1 447/465/1 448/466/1
f 565/467/1 566/458/1 448/466/1
f 565/467/1 448/466/1 449/468/1
f 389/469/1 390/461/1 79/470/1
f 79/470/1 390/461/1 78/471/1
f 78/471/1 390/461/1 77/472/1
f 77/472/1 390/461/1 76/473/1
f 76/473/1 390/461/1 75/474/1
f 75/474/1 390/461/1 74/475/1
f 74/475/1 390/461/1 73/476/1
f 73/476/1 390/461/1 72/477/1
f 72/477/1 390/461/1 71/478/1
f 71/478/1 390/461/1 70/479/1
f 70/479/1 390/461/1 69/480/1
f 69/480/1 390/461/1 68/481/1
f 68/481/1 390/461/1 972/460/1
f 565/467/1 449/468/1 450/482/1
f 565/467/1 450/482/1 451/483/1
f 565/467/1 451/483/1 452/484/1
f 565/467/1 452/484/1 453/485/1
f 565/467/1 453/485/1 454/486/1
f 565/467/1 454/486/1 455/487/1
f 564/488/1 565/467/1 455/487/1
f 564/488/1 455/487/1 456/489/1
f 68/481/1 972/460/1 67/490/1
f 67/490/1 972/460/1 973/491/1
f 564/488/1 456/489/1 457/492/1
f 564/488/1 457/492/1 458/493/1
f 564/488/1 458/493/1 459/494/1
f 564/488/1 459/494/1 460/495/1
f 564/488/1 460/495/1 461/496/1
f 564/488/1 461/496/1 462/497/1
f 564/488/1 462/497/1 463/498/1
f 564/488/1 463/498/1 464/499/1
f 564/488/1 464/499/1 465/500/1
f 563/501/1 564/488/1 465/500/1
f 563/501/1 465/500/1 466/502/1
f 563/501/1 466/502/1 467/503/1
f 562/504/1 563/501/1 467/503/1
f 67/490/1 973/491/1 66/505/1
f 66/505/1 973/491/1 974/506/1
f 562/504/1 467/503/1 468/507/1
f 562/504/1 468/507/1 469/508/1
f 561/509/1 562/504/1 469/508/1
f 561/509/1 469/508/1 470/510/1
f 560/511/1 561/509/1 470/510/1
f 66/505/1 974/506/1 65/512/1
f 65/512/1 974/506/1 975/513/1
f 560/511/1 470/510/1 471/514/1
f 559/515/1 560/511/1 471/514/1
f 559/515/1 471/514/1 472/516/1
f 558/517/1 559/515/1 472/516/1
f 65/512/2 975/513/2 64/518/2
f 64/518/1 975/513/1 976/519/1
f 558/517/1 472/516/1 473/520/1
f 557/521/1 558/517/1 473/520/1
f 557/521/1 473/520/1 474/522/1
f 556/523/1 557/521/1 474/522/1
f 64/518/1 976/519/1 63/524/1
f 63/524/1 976/519/1 977/525/1
f 555/526/1 556/523/1 474/522/1
f 555/526/1 474/522/1 475/527/1
f 554/528/1 555/526/1 475/527/1
f 554/528/1 475/527/1 476/529/1
f 553/530/1 554/528/1 476/529/1
f 63/524/1 977/525/1 62/531/1
f 62/531/1 977/525/1 61/532/1
f 61/532/1 977/525/1 978/533/1
f 553/530/1 476/529/1 477/534/1
f 552/535/1 553/530/1 477/534/1
f 552/535/1 477/534/1 478/536/1
f 551/537/1 552/535/1 478/536/1
f 60/538/1 61/532/1 978/533/1
f 60/538/1 978/533/1 979/539/1
f 59/540/1 60/538/1 979/539/1
f 550/541/1 551/537/1 478/536/1
f 550/541/1 478/536/1 479/542/1
f 58/543/1 59/540/1 979/539/1
f 389/469/3 79/470/3 80/544/3
f 389/469/4 80/544/4 81/545/4
f 389/469/5 81/545/5 82/546/5
f 549/547/1 550/541/1 479/542/1
f 389/469/6 82/546/6 83/548/6
f 389/469/1 83/548/1 84/549/1
f 389/469/1 84/549/1 85/550/1
f 389/469/5 85/550/5 86/551/5
f 57/552/1 58/543/1 979/539/1
f 549/547/1 479/542/1 480/553/1
f 389/469/1 86/551/1 87/554/1
f 57/552/1 979/539/1 1/555/1
f 548/556/1 549/547/1 480/553/1
f 56/557/1 57/552/1 1/555/1
f 548/556/1 480/553/1 481/558/1
f 547/559/1 548/556/1 481/558/1
f 55/560/1 56/557/1 1/555/1
f 55/560/1 1/555/1 2/561/1
f 546/562/1 547/559/1 481/558/1
f 546/562/1 481/558/1 482/563/1
f 54/564/1 55/560/1 2/561/1
f 545/565/1 546/562/1 482/563/1
f 53/566/1 54/564/1 2/561/1
f 545/565/1 482/563/1 483/567/1
f 544/568/1 545/565/1 483/567/1
f 53/566/1 2/561/1 3/569/1
f 52/570/1 53/566/1 3/569/1
f 543/571/1 544/568/1 483/567/1
f 543/571/1 483/567/1 484/572/1
f 542/573/1 543/571/1 484/572/1
f 51/574/1 52/570/1 3/569/1
f 51/574/1 3/569/1 4/575/1
f 542/573/1 484/572/1 485/576/1
f 541/577/1 542/573/1 485/576/1
f 50/578/1 51/574/1 4/575/1
f 540/579/1 541/577/1 485/576/1
f 540/579/1 485/576/1 486/580/1
f 539/581/1 540/579/1 486/580/1
f 49/582/1 50/578/1 4/575/1
f 49/582/1 4/575/1 5/583/1
f 538/584/1 539/581/1 486/580/1
f 538/584/1 486/580/1 487/585/1
f 48/586/1 49/582/1 5/583/1
f 537/587/1 538/584/1 487/585/1
f 48/586/1 5/583/1 6/588/1
f 536/589/1 537/587/1 487/585/1
f 536/589/1 487/585/1 488/590/1
f 47/591/1 48/586/1 6/588/1
f 535/592/1 536/589/1 488/590/1
f 535/592/1 488/590/1 489/593/1
f 46/594/1 47/591/1 6/588/1
f 534/595/1 535/592/1 489/593/1
f 46/594/1 6/588/1 7/596/1
f 533/597/1 534/595/1 489/593/1
f 45/598/1 46/594/1 7/596/1
f 533/597/1 489/593/1 490/599/1
f 532/600/1 533/597/1 490/599/1
f 45/598/1 7/596/1 8/601/1
f 44/602/1 45/598/1 8/601/1
f 532/600/1 490/599/1 491/603/1
f 531/604/1 532/600/1 491/603/1
f 530/605/1 531/604/1 491/603/1
f 43/606/1 44/602/1 8/601/1
f 43/606/1 8/601/1 9/607/1
f 530/605/1 491/603/1 492/608/1
f 529/609/1 530/605/1 492/608/1
f 42/610/1 43/606/1 9/607/1
f 529/609/1 492/608/1 493/611/1
f 528/612/1 529/609/1 493/611/1
f 42/610/1 9/607/1 10/613/1
f 41/614/1 42/610/1 10/613/1
f 527/615/1 528/612/1 493/611/1
f 527/615/1 493/611/1 494/616/1
f 41/614/1 10/613/1 11/617/1
f 526/618/1 527/615/1 494/616/1
f 40/619/1 41/614/1 11/617/1
f 526/618/1 494/616/1 495/620/1
f 525/621/1 526/618/1 495/620/1
f 39/622/1 40/619/1 11/617/1
f 525/621/1 495/620/1 496/623/1
f 39/622/1 11/617/1 12/624/1
f 524/625/1 525/621/1 496/623/1
f 38/626/1 39/622/1 12/624/1
f 524/625/1 496/623/1 497/627/1
f 523/628/1 524/625/1 497/627/1
f 38/626/1 12/624/1 13/629/1
f 522/630/1 523/628/1 497/627/1
f 37/631/1 38/626/1 13/629/1
f 522/630/1 497/627/1 498/632/1
f 521/633/1 522/630/1 498/632/1
f 37/631/1 13/629/1 14/634/1
f 520/635/1 521/633/1 498/632/1
f 37/631/1 14/634/1 15/636/1
f 519/637/1 520/635/1 498/632/1
f 37/631/1 15/636/1 16/638/1
f 518/639/1 519/637/1 498/632/1
f 37/631/1 16/638/1 17/640/1
f 517/641/1 518/639/1 498/632/1
f 37/631/1 17/640/1 18/642/1
f 516/643/1 517/641/1 498/632/1
f 37/631/1 18/642/1 19/644/1
f 515/645/1 516/643/1 498/632/1
f 37/631/1 19/644/1 20/646/1
f 514/647/1 515/645/1 498/632/1
f 37/631/1 20/646/1 21/648/1
f 514/647/1 498/632/1 499/649/1
f 36/650/1 37/631/1 21/648/1
f 513/651/1 514/647/1 499/649/1
f 36/650/1 21/648/1 22/652/1
f 513/651/1 499/649/1 500/653/1
f 35/654/1 36/650/1 22/652/1
f 512/655/1 513/651/1 500/653/1
f 35/654/1 22/652/1 23/656/1
f 512/655/1 500/653/1 501/657/1
f 34/658/1 35/654/1 23/656/1
f 511/659/1 512/655/1 501/657/1
f 34/658/1 23/656/1 24/660/1
f 511/659/1 501/657/1 502/661/1
f 33/662/1 34/658/1 24/660/1
f 510/663/1 511/659/1 502/661/1
f 33/662/1 24/660/1 25/664/1
f 509/665/1 510/663/1 502/661/1
f 33/662/1 25/664/1 26/666/1
f 509/665/1 502/661/1 503/667/1
f 32/668/1 33/662/1 26/666/1
f 508/669/1 509/665/1 503/667/1
f 32/668/1 26/666/1 27/670/1
f 508/669/1 503/667/1 504/671/1
f 31/672/1 32/668/1 27/670/1
f 507/673/1 508/669/1 504/671/1
f 31/672/1 27/670/1 28/674/1
f 507/673/1 504/671/1 505/675/1
f 30/676/1 31/672/1 28/674/1
f 506/677/1 507/673/1 505/675/1
f 30/676/1 28/674/1 29/678/1
f 241/679/1 242/680/1 243/681/1
f 240/682/1 241/679/1 243/681/1
f 240/682/1 243/681/1 244/683/1
f 239/684/1 240/682/1 244/683/1
f 239/684/1 244/683/1 245/685/1
f 239/684/1 245/685/1 246/686/1
f 239/684/1 246/686/1 247/687/1
f 238/688/1 239/684/1 247/687/1
f 238/688/1 247/687/1 248/689/1
f 238/688/1 248/689/1 249/690/1
f 238/688/1 249/690/1 250/691/1
f 237/692/1 238/688/1 250/691/1
f 237/692/1 250/691/1 251/693/1
f 237/692/1 251/693/1 252/694/1
f 237/692/1 252/694/1 253/695/1
f 237/692/1 253/695/1 254/696/1
f 237/692/1 254/696/1 255/697/1
f 236/698/1 237/692/1 255/697/1
f 236/698/1 255/697/1 256/699/1
f 236/698/1 256/699/1 257/700/1
f 236/698/1 257/700/1 258/701/1
f 236/698/1 258/701/1 259/702/1
f 236/698/1 259/702/1 260/703/1
f 235/704/1 236/698/1 260/703/1
f 235/704/1 260/703/1 261/705/1
f 235/704/1 261/705/1 262/706/1
f 235/704/1 262/706/1 263/707/1
f 235/704/1 263/707/1 264/708/1
f 235/704/1 264/708/1 265/709/1
f 234/710/1 235/704/1 265/709/1
f 234/710/1 265/709/1 266/711/1
f 234/710/1 266/711/1 267/712/1
f 234/710/1 267/712/1 268/713/1
f 234/710/1 268/713/1 269/714/1
f 233/715/1 234/710/1 269/714/1
f 232/716/1 233/715/1 269/714/1
f 232/716/1 269/714/1 270/717/1
f 231/718/1 232/716/1 270/717/1
f 231/718/1 270/717/1 271/719/1
f 230/720/1 231/718/1 271/719/1
f 230/720/1 271/719/1 272/721/1
f 229/722/1 230/720/1 272/721/1
f 229/722/1 272/721/1 273/723/1
f 228/724/1 229/722/1 273/723/1
f 228/724/1 273/723/1 274/725/1
f 227/726/1 228/724/1 274/725/1
f 227/726/1 274/725/1 275/727/1
f 226/728/1 227/726/1 275/727/1
f 226/728/1 275/727/1 276/729/1
f 225/730/1 226/728/1 276/729/1
f 225/730/1 276/729/1 277/731/1
f 224/732/1 225/730/1 277/731/1
f 224/732/1 277/731/1 278/733/1
f 223/734/1 224/732/1 278/733/1
f 223/734/1 278/733/1 279/735/1
f 222/736/1 223/734/1 279/735/1
f 222/736/1 279/735/1 280/737/1
f 221/738/1 222/736/1 280/737/1
f 221/738/1 280/737/1 281/739/1
f 220/740/1 221/738/1 281/739/1
f 220/740/1 281/739/1 282/741/1
f 220/740/1 282/741/1 283/742/1
f 219/743/1 220/740/1 283/742/1
f 219/743/1 283/742/1 284/744/1
f 218/745/1 219/743/1 284/744/1
f 218/745/1 284/744/1 285/746/1
f 217/747/1 218/745/1 285/746/1
f 217/747/1 285/746/1 286/748/1
f 217/747/1 286/748/1 287/749/1
f 216/750/1 217/747/1 287/749/1
f 216/750/1 287/749/1 288/751/1
f 215/752/1 216/750/1 288/751/1
f 215/752/1 288/751/1 289/753/1
f 214/754/1 215/752/1 289/753/1
f 214/754/1 289/753/1 290/755/1
f 213/756/1 214/754/1 290/755/1
f 213/756/1 290/755/1 291/757/1
f 213/756/1 291/757/1 292/758/1
f 212/759/1 213/756/1 292/758/1
f 389/469/1 87/554/1 88/760/1
f 212/759/1 292/758/1 293/761/1
f 211/762/1 212/759/1 293/761/1
f 210/763/1 211/762/1 293/761/1
f 389/469/1 88/760/1 89/764/1
f 209/765/1 210/763/1 293/761/1
f 389/469/1 89/764/1 90/766/1
f 208/767/1 209/765/1 293/761/1
f 207/768/1 208/767/1 293/761/1
f 389/469/1 90/766/1 91/769/1
f 389/469/1 91/769/1 92/770/1
f 389/469/1 92/770/1 93/771/1
f 389/469/1 93/771/1 94/772/1
f 388/773/1 389/469/1 94/772/1
f 206/774/1 207/768/1 293/761/1
f 387/775/1 388/773/1 94/772/1
f 206/774/1 293/761/1 294/776/1
f 386/777/1 387/775/1 94/772/1
f 205/778/1 206/774/1 294/776/1
f 205/778/1 294/776/1 295/779/1
f 385/780/1 386/777/1 94/772/1
f 205/778/1 295/779/1 296/781/1
f 384/782/1 385/780/1 94/772/1
f 205/778/1 296/781/1 297/783/1
f 204/784/1 205/778/1 297/783/1
f 383/785/1 384/782/1 94/772/1
f 204/784/1 297/783/1 298/786/1
f 204/784/1 298/786/1 299/787/1
f 382/788/1 383/785/1 94/772/1
f 203/789/1 204/784/1 299/787/1
f 203/789/1 299/787/1 300/790/1
f 381/791/1 382/788/1 94/772/1
f 381/791/1 94/772/1 95/792/1
f 203/789/1 300/790/1 301/793/1
f 380/794/1 381/791/1 95/792/1
f 203/789/1 301/793/1 302/795/1
f 202/796/1 203/789/1 302/795/1
f 379/797/1 380/794/1 95/792/1
f 340/798/1 341/799/1 342/800/1
f 339/801/1 340/798/1 342/800/1
f 339/801/1 342/800/1 343/802/1
f 338/803/1 339/801/1 343/802/1
f 338/803/1 343/802/1 344/804/1
f 337/805/1 338/803/1 344/804/1
f 337/805/1 344/804/1 345/806/1
f 336/807/1 337/805/1 345/806/1
f 336/807/1 345/806/1 346/808/1
f 335/809/1 336/807/1 346/808/1
f 335/809/1 346/808/1 347/810/1
f 334/811/1 335/809/1 347/810/1
f 334/811/1 347/810/1 348/812/1
f 202/796/1 302/795/1 303/813/1
f 333/814/1 334/811/1 348/812/1
f 333/814/1 348/812/1 349/815/1
f 332/816/1 333/814/1 349/815/1
f 332/816/1 349/815/1 350/817/1
f 331/818/1 332/816/1 350/817/1
f 331/818/1 350/817/1 351/819/1
f 378/820/1 379/797/1 95/792/1
f 330/821/1 331/818/1 351/819/1
f 330/821/1 351/819/1 352/822/1
f 329/823/1 330/821/1 352/822/1
f 329/823/1 352/822/1 353/824/1
f 202/796/1 303/813/1 304/825/1
f 328/826/1 329/823/1 353/824/1
f 328/826/1 353/824/1 354/827/1
f 377/828/1 378/820/1 95/792/1
f 202/796/1 304/825/1 305/829/1
f 201/830/1 202/796/1 305/829/1
f 328/826/1 354/827/1 355/831/1
f 327/832/1 328/826/1 355/831/1
f 376/833/1 377/828/1 95/792/1
f 201/830/1 305/829/1 306/834/1
f 327/832/1 355/831/1 356/835/1
f 326/836/1 327/832/1 356/835/1
f 375/837/1 376/833/1 95/792/1
f 201/830/1 306/834/1 307/838/1
f 326/836/1 356/835/1 357/839/1
f 325/840/1 326/836/1 357/839/1
f 374/841/1 375/837/1 95/792/1
f 201/830/1 307/838/1 308/842/1
f 200/843/1 201/830/1 308/842/1
f 373/844/1 374/841/1 95/792/1
f 325/840/1 357/839/1 358/845/1
f 324/846/1 325/840/1 358/845/1
f 200/843/1 308/842/1 309/847/1
f 372/848/1 373/844/1 95/792/1
f 324/846/1 358/845/1 359/849/1
f 323/850/1 324/846/1 359/849/1
f 200/843/1 309/847/1 310/851/1
f 371/852/1 372/848/1 95/792/1
f 200/843/1 310/851/1 311/853/1
f 323/850/1 359/849/1 360/854/1
f 322/855/1 323/850/1 360/854/1
f 370/856/1 371/852/1 95/792/1
f 200/843/1 311/853/1 312/857/1
f 322/855/1 360/854/1 361/858/1
f 321/859/1 322/855/1 361/858/1
f 369/860/1 370/856/1 95/792/1
f 200/843/1 312/857/1 313/861/1
f 321/859/1 361/858/1 362/862/1
f 320/863/1 321/859/1 362/862/1
f 199/864/1 200/843/1 313/861/1
f 368/865/1 369/860/1 95/792/1
f 199/864/1 313/861/1 314/866/1
f 320/863/1 362/862/1 363/867/1
f 319/868/1 320/863/1 363/867/1
f 367/869/1 368/865/1 95/792/1
f 199/864/1 314/866/1 315/870/1
f 319/868/1 363/867/1 364/871/1
f 318/872/1 319/868/1 364/871/1
f 366/873/1 367/869/1 95/792/1
f 199/864/1 315/870/1 316/874/1
f 366/873/1 95/792/1 96/875/1
f 318/872/1 364/871/1 365/876/1
f 317/877/1 318/872/1 365/876/1
f 365/876/1 366/873/1 96/875/1
f 199/864/1 316/874/1 317/877/1
f 199/864/1 317/877/1 365/876/1
f 199/864/1 365/876/1 96/875/1
f 198/878/1 199/864/1 96/875/1
f 197/879/1 198/878/1 96/875/1
f 196/880/1 197/879/1 96/875/1
f 196/880/1 96/875/1 97/881/1
f 195/882/1 196/880/1 97/881/1
f 194/883/1 195/882/1 97/881/1
f 193/884/1 194/883/1 97/881/1
f 193/884/1 97/881/1 98/885/1
f 192/886/1 193/884/1 98/885/1
f 191/887/1 192/886/1 98/885/1
f 190/888/1 191/887/1 98/885/1
f 190/888/1 98/885/1 99/889/1
f 189/890/1 190/888/1 99/889/1
f 188/891/1 189/890/1 99/889/1
f 187/892/1 188/891/1 99/889/1
f 187/892/1 99/889/1 100/893/1
f 186/894/1 187/892/1 100/893/1
f 185/895/1 186/894/1 100/893/1
f 184/896/1 185/895/1 161/897/1
f 161/897/1 185/895/1 160/898/1
f 160/898/1 185/895/1 159/899/1
f 159/899/1 185/895/1 100/893/1
f 158/900/1 159/899/1 100/893/1
f 157/901/1 158/900/1 100/893/1
f 156/902/1 157/901/1 100/893/1
f 155/903/1 156/902/1 100/893/1
f 154/904/1 155/903/1 100/893/1
f 153/905/1 154/904/1 100/893/1
f 152/906/1 153/905/1 100/893/1
f 184/896/1 161/897/1 162/907/1
f 151/908/1 152/906/1 100/893/1
f 151/908/1 100/893/1 101/909/1
f 150/910/1 151/908/1 101/909/1
f 149/911/1 150/910/1 101/909/1
f 184/896/1 162/907/1 163/912/1
f 148/913/1 149/911/1 101/909/1
f 147/914/1 148/913/1 101/909/1
f 146/915/1 147/914/1 101/909/1
f 184/896/1 163/912/1 164/916/1
f 145/917/1 146/915/1 101/909/1
f 184/896/1 164/916/1 165/918/1
f 144/919/1 145/917/1 101/909/1
f 184/896/1 165/918/1 166/920/1
f 143/921/1 144/919/1 101/909/1
f 183/922/1 184/896/1 166/920/1
f 183/922/1 166/920/1 167/923/1
f 142/924/1 143/921/1 101/909/1
f 183/922/1 167/923/1 168/925/1
f 141/926/1 142/924/1 101/909/1
f 183/922/1 168/925/1 169/927/1
f 182/928/1 183/922/1 169/927/1
f 140/929/1 141/926/1 101/909/1
f 182/928/1 169/927/1 170/930/1
f 181/931/1 182/928/1 170/930/1
f 180/932/1 181/931/1 170/930/1
f 179/933/1 180/932/1 170/930/1
f 179/933/1 170/930/1 171/934/1
f 139/935/1 140/929/1 101/909/1
f 178/936/1 179/933/1 171/934/1
f 139/935/1 101/909/1 102/937/1
f 177/938/1 178/936/1 171/934/1
f 176/939/1 177/938/1 171/934/1
f 175/940/1 176/939/1 171/934/1
f 174/941/1 175/940/1 171/934/1
f 174/941/1 171/934/1 172/942/1
f 173/943/1 174/941/1 172/942/1
f 138/944/1 139/935/1 102/937/1
f 137/945/1 138/944/1 102/937/1
f 136/946/1 137/945/1 102/937/1
f 135/947/1 136/946/1 102/937/1
f 135/947/1 102/937/1 103/948/1
f 134/949/1 135/947/1 103/948/1
f 133/950/1 134/949/1 103/948/1
f 133/950/1 103/948/1 104/951/1
f 132/952/1 133/950/1 104/951/1
f 131/953/1 132/952/1 104/951/1
f 130/954/1 131/953/1 104/951/1
f 130/954/1 104/951/1 105/955/1
f 129/956/1 130/954/1 105/955/1
f 128/957/1 129/956/1 105/955/1
f 127/958/1 128/957/1 105/955/1
f 127/958/1 105/955/1 106/959/1
f 126/960/1 127/958/1 106/959/1
f 125/961/1 126/960/1 106/959/1
f 124/962/1 125/961/1 106/959/1
f 124/962/1 106/959/1 107/963/1
f 123/964/1 124/962/1 107/963/1
f 122/965/1 123/964/1 107/963/1
f 121/966/1 122/965/1 107/963/1
f 121/966/1 107/963/1 108/967/1
f 120/968/1 121/966/1 108/967/1
f 119/969/1 120/968/1 108/967/1
f 119/969/1 108/967/1 109/970/1
f 118/971/1 119/969/1 109/970/1
f 117/972/1 118/971/1 109/970/1
f 116/973/1 117/972/1 109/970/1
f 116/973/1 109/970/1 110/974/1
f 115/975/1 116/973/1 110/974/1
f 114/976/1 115/975/1 110/974/1
f 113/977/1 114/976/1 110/974/1
f 113/977/1 110/974/1 111/978/1
f 112/979/1 113/977/1 111/978/1
f 1740/1/7 1742/3/7 1741/2/7
f 1739/4/7 1742/3/7 1740/1/7
f 1738/5/7 1742/3/7 1739/4/7
f 1737/6/7 1742/3/7 1738/5/7
f 1737/6/7 1743/7/7 1742/3/7
f 1736/8/7 1743/7/7 1737/6/7
f 1735/9/7 1743/7/7 1736/8/7
f 1734/10/7 1743/7/7 1735/9/7
f 1734/10/7 1744/11/7 1743/7/7
f 1733/12/7 1744/11/7 1734/10/7
f 1732/13/7 1744/11/7 1733/12/7
f 1732/13/7 1745/14/7 1744/11/7
f 1731/15/7 1745/14/7 1732/13/7
f 1730/16/7 1745/14/7 1731/15/7
f 1730/16/7 1746/17/7 1745/14/7
f 1729/18/7 1746/17/7 1730/16/7
f 1728/19/7 1746/17/7 1729/18/7
f 1728/19/7 1747/20/7 1746/17/7
f 1727/21/7 1747/20/7 1728/19/7
f 1726/22/7 1747/20/7 1727/21/7
f 1726/22/7 1748/23/7 1747/20/7
f 1725/24/7 1748/23/7 1726/22/7
f 1724/25/7 1748/23/7 1725/24/7
f 1723/26/7 1748/23/7 1724/25/7
f 1723/26/7 1749/27/7 1748/23/7
f 1722/28/7 1749/27/7 1723/26/7
f 1721/29/7 1749/27/7 1722/28/7
f 1720/30/7 1749/27/7 1721/29/7
f 1719/31/7 1749/27/7 1720/30/7
f 1718/32/7 1749/27/7 1719/31/7
f 1718/32/7 1750/33/7 1749/27/7
f 1717/34/7 1750/33/7 1718/32/7
f 1716/35/7 1750/33/7 1717/34/7
f 1716/35/7 1751/36/7 1750/33/7
f 1716/35/7 1752/37/7 1751/36/7
f 1716/35/7 1753/38/7 1752/37/7
f 1715/39/7 1753/38/7 1716/35/7
f 1715/39/7 1754/40/7 1753/38/7
f 1715/39/7 1755/41/7 1754/40/7
f 1714/42/7 1755/41/7 1715/39/7
f 1714/42/7 1756/43/7 1755/41/7
f 1714/42/7 1757/44/7 1756/43/7
f 1713/45/7 1757/44/7 1714/42/7
f 1713/45/7 1758/46/7 1757/44/7
f 1713/45/7 1759/47/7 1758/46/7
f 1712/48/7 1759/47/7 1713/45/7
f 1712/48/7 1760/49/7 1759/47/7
f 1712/48/7 1761/50/7 1760/49/7
f 1711/51/7 1761/50/7 1712/48/7
f 1711/51/7 1762/52/7 1761/50/7
f 1710/53/7 1762/52/7 1711/51/7
f 1710/53/7 1763/54/7 1762/52/7
f 1710/53/7 1764/55/7 1763/54/7
f 1709/56/7 1764/55/7 1710/53/7
f 1709/56/7 1765/57/7 1764/55/7
f 1708/58/7 1765/57/7 1709/56/7
f 1708/58/7 1766/59/7 1765/57/7
f 1707/60/7 1766/59/7 1708/58/7
f 1707/60/7 1767/61/7 1766/59/7
f 1706/62/7 1767/61/7 1707/60/7
f 1706/62/7 1768/63/7 1767/61/7
f 1705/64/7 1768/63/7 1706/62/7
f 1705/64/7 1769/65/7 1768/63/7
f 1705/64/7 1770/66/7 1769/65/7
f 1704/67/7 1770/66/7 1705/64/7
f 1812/68/7 1814/70/7 1813/69/7
f 1812/68/7 1815/71/7 1814/70/7
f 1812/68/7 1816/72/7 1815/71/7
f 1812/68/7 1817/73/7 1816/72/7
f 1812/68/7 1818/74/7 1817/73/7
f 1812/68/7 1819/75/7 1818/74/7
f 1812/68/7 1820/76/7 1819/75/7
f 1812/68/7 1821/77/7 1820/76/7
f 1811/78/7 1821/77/7 1812/68/7
f 1811/78/7 1822/79/7 1821/77/7
f 1811/78/7 1823/80/7 1822/79/7
f 1811/78/7 1824/81/7 1823/80/7
f 1810/82/7 1824/81/7 1811/78/7
f 1810/82/7 1825/83/7 1824/81/7
f 1704/67/7 1771/84/7 1770/66/7
f 1810/82/7 1826/85/7 1825/83/7
f 1810/82/7 1827/86/7 1826/85/7
f 1809/87/7 1827/86/7 1810/82/7
f 1809/87/7 1828/88/7 1827/86/7
f 1809/87/7 1829/89/7 1828/88/7
f 1808/90/7 1829/89/7 1809/87/7
f 1808/90/7 1830/91/7 1829/89/7
f 1808/90/7 1831/92/7 1830/91/7
f 1807/93/7 1831/92/7 1808/90/7
f 1807/93/7 1832/94/7 1831/92/7
f 1807/93/7 1833/95/7 1832/94/7
f 1703/96/7 1771/84/7 1704/67/7
f 1806/97/7 1833/95/7 1807/93/7
f 1703/96/7 1772/98/7 1771/84/7
f 1806/97/7 1834/99/7 1833/95/7
f 1806/97/7 1835/100/7 1834/99/7
f 1805/101/7 1835/100/7 1806/97/7
f 1805/101/7 1836/102/7 1835/100/7
f 1805/101/7 1837/103/7 1836/102/7
f 1804/104/7 1837/103/7 1805/101/7
f 1804/104/7 1838/105/7 1837/103/7
f 1803/106/7 1838/105/7 1804/104/7
f 1802/107/7 1838/105/7 1803/106/7
f 1801/108/7 1838/105/7 1802/107/7
f 1703/96/7 1773/109/7 1772/98/7
f 1800/110/7 1838/105/7 1801/108/7
f 1799/111/7 1838/105/7 1800/110/7
f 1703/96/7 1774/112/7 1773/109/7
f 1702/113/7 1774/112/7 1703/96/7
f 1798/114/7 1838/105/7 1799/111/7
f 1702/113/7 1775/115/7 1774/112/7
f 1798/114/7 1839/116/7 1838/105/7
f 1797/117/7 1839/116/7 1798/114/7
f 1702/113/7 1776/118/7 1775/115/7
f 1796/119/7 1839/116/7 1797/117/7
f 1702/113/7 1777/120/7 1776/118/7
f 1795/121/7 1839/116/7 1796/119/7
f 1702/113/7 1778/122/7 1777/120/7
f 1794/123/7 1839/116/7 1795/121/7
f 1702/113/7 1779/124/7 1778/122/7
f 1702/113/7 1780/125/7 1779/124/7
f 1793/126/7 1839/116/7 1794/123/7
f 1701/127/7 1780/125/7 1702/113/7
f 1701/127/7 1781/128/7 1780/125/7
f 1701/127/7 1782/129/7 1781/128/7
f 1792/130/7 1839/116/7 1793/126/7
f 1701/127/7 1783/131/7 1782/129/7
f 1701/127/7 1784/132/7 1783/131/7
f 1791/133/7 1839/116/7 1792/130/7
f 1701/127/7 1785/134/7 1784/132/7
f 1791/133/7 1840/135/7 1839/116/7
f 1701/127/7 1786/136/7 1785/134/7
f 1790/137/7 1840/135/7 1791/133/7
f 1701/127/7 1787/138/7 1786/136/7
f 1701/127/7 1788/139/7 1787/138/7
f 1789/140/7 1840/135/7 1790/137/7
f 1701/127/7 1789/140/7 1788/139/7
f 1701/127/7 1840/135/7 1789/140/7
f 1700/141/7 1840/135/7 1701/127/7
f 1700/141/7 1841/142/7 1840/135/7
f 1700/141/7 1842/143/7 1841/142/7
f 1699/144/7 1842/143/7 1700/141/7
f 1699/144/7 1843/145/7 1842/143/7
f 1698/146/7 1843/145/7 1699/144/7
f 1698/146/7 1844/147/7 1843/145/7
f 1698/146/7 1845/148/7 1844/147/7
f 1697/149/7 1845/148/7 1698/146/7
f 1697/149/7 1846/150/7 1845/148/7
f 1697/149/7 1847/151/7 1846/150/7
f 1697/149/7 1848/152/7 1847/151/7
f 1696/153/7 1848/152/7 1697/149/7
f 1696/153/7 1849/154/7 1848/152/7
f 1696/153/7 1850/155/7 1849/154/7
f 1695/156/7 1850/155/7 1696/153/7
f 1695/156/7 1851/157/7 1850/155/7
f 1695/156/7 1852/158/7 1851/157/7
f 1695/156/7 1853/159/7 1852/158/7
f 1694/160/7 1853/159/7 1695/156/7
f 1694/160/7 1854/161/7 1853/159/7
f 1694/160/7 1855/162/7 1854/161/7
f 1694/160/7 1856/163/7 1855/162/7
f 1693/164/7 1856/163/7 1694/160/7
f 1693/164/7 1857/165/7 1856/163/7
f 1693/164/7 1858/166/7 1857/165/7
f 1693/164/7 1859/167/7 1858/166/7
f 1692/168/7 1859/167/7 1693/164/7
f 1691/169/7 1859/167/7 1692/168/7
f 1690/170/7 1859/167/7 1691/169/7
f 1689/171/7 1859/167/7 1690/170/7
f 1688/172/7 1859/167/7 1689/171/7
f 1688/172/7 1860/173/7 1859/167/7
f 1687/174/7 1860/173/7 1688/172/7
f 1686/175/7 1860/173/7 1687/174/7
f 1685/176/7 1860/173/7 1686/175/7
f 1684/177/7 1860/173/7 1685/176/7
f 1683/178/7 1860/173/7 1684/177/7
f 1682/179/7 1860/173/7 1683/178/7
f 1681/180/7 1860/173/7 1682/179/7
f 1680/181/7 1860/173/7 1681/180/7
f 1680/181/7 1861/182/7 1860/173/7
f 1679/183/7 1861/182/7 1680/181/7
f 1678/184/7 1861/182/7 1679/183/7
f 1677/185/7 1861/182/7 1678/184/7
f 1676/186/7 1861/182/7 1677/185/7
f 1675/187/7 1861/182/7 1676/186/7
f 1674/188/7 1861/182/7 1675/187/7
f 1673/189/7 1861/182/7 1674/188/7
f 1672/190/7 1861/182/7 1673/189/7
f 1671/191/7 1861/182/7 1672/190/7
f 1670/192/7 1861/182/7 1671/191/7
f 1669/193/7 1861/182/7 1670/192/7
f 1668/194/7 1861/182/7 1669/193/7
f 1667/195/7 1861/182/7 1668/194/7
f 1666/196/7 1861/182/7 1667/195/7
f 1666/196/7 1862/197/7 1861/182/7
f 1665/198/7 1862/197/7 1666/196/7
f 1664/199/7 1862/197/7 1665/198/7
f 1663/200/7 1862/197/7 1664/199/7
f 1662/201/7 1862/197/7 1663/200/7
f 1661/202/7 1862/197/7 1662/201/7
f 1660/203/7 1862/197/7 1661/202/7
f 1659/204/7 1862/197/7 1660/203/7
f 1658/205/7 1862/197/7 1659/204/7
f 1657/206/7 1862/197/7 1658/205/7
f 1656/207/7 1862/197/7 1657/206/7
f 1655/208/7 1862/197/7 1656/207/7
f 1654/209/7 1862/197/7 1655/208/7
f 1653/210/7 1862/197/7 1654/209/7
f 1652/211/7 1862/197/7 1653/210/7
f 1651/212/7 1862/197/7 1652/211/7
f 1650/213/7 1862/197/7 1651/212/7
f 1649/214/7 1862/197/7 1650/213/7
f 1648/215/7 1862/197/7 1649/214/7
f 1647/216/7 1862/197/7 1648/215/7
f 1646/217/7 1862/197/7 1647/216/7
f 1645/218/7 1862/197/7 1646/217/7
f 1644/219/7 1862/197/7 1645/218/7
f 1643/220/7 1862/197/7 1644/219/7
f 1643/220/7 1863/221/7 1862/197/7
f 1642/222/7 1863/221/7 1643/220/7
f 1641/223/7 1863/221/7 1642/222/7
f 1641/223/7 1864/224/7 1863/221/7
f 1640/225/7 1864/224/7 1641/223/7
f 1640/225/7 1865/226/7 1864/224/7
f 1639/227/7 1865/226/7 1640/225/7
f 1638/228/7 1865/226/7 1639/227/7
f 1638/228/7 1866/229/7 1865/226/7
f 1637/230/7 1866/229/7 1638/228/7
f 1637/230/7 1867/231/7 1866/229/7
f 1636/232/7 1867/231/7 1637/230/7
f 1635/233/7 1867/231/7 1636/232/7
f 1635/233/7 1868/234/7 1867/231/7
f 1634/235/7 1868/234/7 1635/233/7
f 1634/235/7 1869/236/7 1868/234/7
f 1633/237/7 1869/236/7 1634/235/7
f 1633/237/7 1870/238/7 1869/236/7
f 1632/239/7 1870/238/7 1633/237/7
f 1632/239/7 1871/240/7 1870/238/7
f 1631/241/7 1871/240/7 1632/239/7
f 1591/242/7 1593/244/7 1592/243/7
f 1591/242/7 1594/245/7 1593/244/7
f 1590/246/7 1594/245/7 1591/242/7
f 1590/246/7 1595/247/7 1594/245/7
f 1589/248/7 1595/247/7 1590/246/7
f 1589/248/7 1596/249/7 1595/247/7
f 1588/250/7 1596/249/7 1589/248/7
f 1631/241/7 1872/251/7 1871/240/7
f 1588/250/7 1597/252/7 1596/249/7
f 1630/253/7 1872/251/7 1631/241/7
f 1587/254/7 1597/252/7 1588/250/7
f 1587/254/7 1598/255/7 1597/252/7
f 1586/256/7 1598/255/7 1587/254/7
f 1585/257/7 1598/255/7 1586/256/7
f 1904/258/7 1906/260/7 1905/259/7
f 1584/261/7 1598/255/7 1585/257/7
f 1904/258/7 1907/262/7 1906/260/7
f 1903/263/7 1907/262/7 1904/258/7
f 1629/264/7 1872/251/7 1630/253/7
f 1903/263/7 1908/265/7 1907/262/7
f 1902/266/7 1908/265/7 1903/263/7
f 1629/264/7 1873/267/7 1872/251/7
f 1902/266/7 1909/268/7 1908/265/7
f 1901/269/7 1909/268/7 1902/266/7
f 1901/269/7 1910/270/7 1909/268/7
f 1900/271/7 1910/270/7 1901/269/7
f 1583/272/7 1598/255/7 1584/261/7
f 1899/273/7 1910/270/7 1900/271/7
f 1899/273/7 1911/274/7 1910/270/7
f 1898/275/7 1911/274/7 1899/273/7
f 1898/275/7 1912/276/7 1911/274/7
f 1582/277/7 1598/255/7 1583/272/7
f 1628/278/7 1873/267/7 1629/264/7
f 1898/275/7 1913/279/7 1912/276/7
f 1582/277/7 1599/280/7 1598/255/7
f 1581/281/7 1599/280/7 1582/277/7
f 1628/278/7 1874/282/7 1873/267/7
f 1898/275/7 1914/283/7 1913/279/7
f 1580/284/7 1599/280/7 1581/281/7
f 1898/275/7 1915/285/7 1914/283/7
f 1627/286/7 1874/282/7 1628/278/7
f 1898/275/7 1916/287/7 1915/285/7
f 1579/288/7 1599/280/7 1580/284/7
f 1627/286/7 1875/289/7 1874/282/7
f 1898/275/7 1917/290/7 1916/287/7
f 1626/291/7 1875/289/7 1627/286/7
f 1578/292/7 1599/280/7 1579/288/7
f 1898/275/7 1918/293/7 1917/290/7
f 1577/294/7 1599/280/7 1578/292/7
f 1897/295/7 1918/293/7 1898/275/7
f 1577/294/7 1600/296/7 1599/280/7
f 1897/295/7 1919/297/7 1918/293/7
f 1625/298/7 1875/289/7 1626/291/7
f 1576/299/7 1600/296/7 1577/294/7
f 1897/295/7 1920/300/7 1919/297/7
f 1624/301/7 1875/289/7 1625/298/7
f 1575/302/7 1600/296/7 1576/299/7
f 1897/295/7 1921/303/7 1920/300/7
f 1623/304/7 1875/289/7 1624/301/7
f 1574/305/7 1600/296/7 1575/302/7
f 1897/295/7 1922/306/7 1921/303/7
f 1574/305/7 1601/307/7 1600/296/7
f 1622/308/7 1875/289/7 1623/304/7
f 1573/309/7 1601/307/7 1574/305/7
f 1897/295/7 1923/310/7 1922/306/7
f 1896/311/7 1923/310/7 1897/295/7
f 1621/312/7 1875/289/7 1622/308/7
f 1572/313/7 1601/307/7 1573/309/7
f 1620/314/7 1875/289/7 1621/312/7
f 1896/311/7 1924/315/7 1923/310/7
f 1572/313/7 1602/316/7 1601/307/7
f 1619/317/7 1875/289/7 1620/314/7
f 1895/318/7 1924/315/7 1896/311/7
f 1618/319/7 1875/289/7 1619/317/7
f 1572/313/7 1603/320/7 1602/316/7
f 1617/321/7 1875/289/7 1618/319/7
f 1572/313/7 1604/322/7 1603/320/7
f 1894/323/7 1924/315/7 1895/318/7
f 1617/321/7 1876/324/7 1875/289/7
f 1616/325/7 1876/324/7 1617/321/7
f 1572/313/7 1605/326/7 1604/322/7
f 1615/327/7 1876/324/7 1616/325/7
f 1615/327/7 1877/328/7 1876/324/7
f 1893/329/7 1924/315/7 1894/323/7
f 1614/330/7 1877/328/7 1615/327/7
f 1572/313/7 1606/331/7 1605/326/7
f 1614/330/7 1878/332/7 1877/328/7
f 1613/333/7 1878/332/7 1614/330/7
f 1572/313/7 1607/334/7 1606/331/7
f 1612/335/7 1878/332/7 1613/333/7
f 1611/336/7 1878/332/7 1612/335/7
f 1611/336/7 1879/337/7 1878/332/7
f 1892/338/7 1924/315/7 1893/329/7
f 1572/313/7 1608/339/7 1607/334/7
f 1610/340/7 1879/337/7 1611/336/7
f 1572/313/7 1609/341/7 1608/339/7
f 1609/341/7 1879/337/7 1610/340/7
f 1572/313/7 1879/337/7 1609/341/7
f 1571/342/7 1879/337/7 1572/313/7
f 1892/338/7 1925/343/7 1924/315/7
f 1571/342/7 1880/344/7 1879/337/7
f 1891/345/7 1925/343/7 1892/338/7
f 1571/342/7 1881/346/7 1880/344/7
f 1571/342/7 1882/347/7 1881/346/7
f 1890/348/7 1925/343/7 1891/345/7
f 1571/342/7 1883/349/7 1882/347/7
f 1889/350/7 1925/343/7 1890/348/7
f 1571/342/7 1884/351/7 1883/349/7
f 1571/342/7 1885/352/7 1884/351/7
f 1888/353/7 1925/343/7 1889/350/7
f 1571/342/7 1886/354/7 1885/352/7
f 1887/355/7 1925/343/7 1888/353/7
f 1571/342/7 1887/355/7 1886/354/7
f 1571/342/7 1925/343/7 1887/355/7
f 1570/356/7 1925/343/7 1571/342/7
f 1570/356/7 1926/357/7 1925/343/7
f 1569/358/7 1926/357/7 1570/356/7
f 1569/358/7 1927/359/7 1926/357/7
f 1569/358/7 1928/360/7 1927/359/7
f 1568/361/7 1928/360/7 1569/358/7
f 1568/361/7 1929/362/7 1928/360/7
f 1567/363/7 1929/362/7 1568/361/7
f 1567/363/7 1930/364/7 1929/362/7
f 1566/365/7 1930/364/7 1567/363/7
f 1566/365/7 1931/366/7 1930/364/7
f 1565/367/7 1931/366/7 1566/365/7
f 1565/367/7 1932/368/7 1931/366/7
f 1564/369/7 1932/368/7 1565/367/7
f 1564/369/7 1933/370/7 1932/368/7
f 1563/371/7 1933/370/7 1564/369/7
f 1563/371/7 1934/372/7 1933/370/7
f 1562/373/7 1934/372/7 1563/371/7
f 1562/373/7 1935/374/7 1934/372/7
f 1561/375/7 1935/374/7 1562/373/7
f 1561/375/7 1936/376/7 1935/374/7
f 1561/375/7 1937/377/7 1936/376/7
f 1560/378/7 1937/377/7 1561/375/7
f 1560/378/7 1938/379/7 1937/377/7
f 1559/380/7 1938/379/7 1560/378/7
f 1559/380/7 1939/381/7 1938/379/7
f 1558/382/7 1939/381/7 1559/380/7
f 1558/382/7 1940/383/7 1939/381/7
f 1557/384/7 1940/383/7 1558/382/7
f 1557/384/7 1941/385/7 1940/383/7
f 1556/386/7 1941/385/7 1557/384/7
f 1556/386/7 1942/387/7 1941/385/7
f 1555/388/7 1942/387/7 1556/386/7
f 1555/388/7 1393/389/7 1942/387/7
f 1393/389/7 1943/390/7 1942/387/7
f 1554/391/7 1393/389/7 1555/388/7
f 1554/391/7 1394/392/7 1393/389/7
f 1392/393/7 1943/390/7 1393/389/7
f 1554/391/7 1395/394/7 1394/392/7
f 1391/395/7 1943/390/7 1392/393/7
f 1554/391/7 1396/396/7 1395/394/7
f 1390/397/7 1943/390/7 1391/395/7
f 1554/391/7 1397/398/7 1396/396/7
f 1389/399/7 1943/390/7 1390/397/7
f 1389/399/7 1944/400/7 1943/390/7
f 1554/391/7 1398/401/7 1397/398/7
f 1388/402/7 1944/400/7 1389/399/7
f 1554/391/7 1399/403/7 1398/401/7
f 1387/404/7 1944/400/7 1388/402/7
f 1554/391/7 1400/405/7 1399/403/7
f 1386/406/7 1944/400/7 1387/404/7
f 1554/391/7 1401/407/7 1400/405/7
f 1385/408/7 1944/400/7 1386/406/7
f 1553/409/7 1401/407/7 1554/391/7
f 1553/409/7 1402/410/7 1401/407/7
f 1384/411/7 1944/400/7 1385/408/7
f 1553/409/7 1403/412/7 1402/410/7
f 1384/411/7 1945/413/7 1944/400/7
f 1383/414/7 1945/413/7 1384/411/7
f 1553/409/7 1404/415/7 1403/412/7
f 1382/416/7 1945/413/7 1383/414/7
f 1553/409/7 1405/417/7 1404/415/7
f 1552/418/7 1405/417/7 1553/409/7
f 1381/419/7 1945/413/7 1382/416/7
f 1552/418/7 1406/420/7 1405/417/7
f 1381/419/7 1946/421/7 1945/413/7
f 1380/422/7 1946/421/7 1381/419/7
f 1552/418/7 1407/423/7 1406/420/7
f 1552/418/7 1408/424/7 1407/423/7
f 1379/425/7 1946/421/7 1380/422/7
f 1551/426/7 1408/424/7 1552/418/7
f 1551/426/7 1409/427/7 1408/424/7
f 1378/428/7 1946/421/7 1379/425/7
f 1378/428/7 1947/429/7 1946/421/7
f 1551/426/7 1410/430/7 1409/427/7
f 1377/431/7 1947/429/7 1378/428/7
f 1550/432/7 1410/430/7 1551/426/7
f 1550/432/7 1411/433/7 1410/430/7
f 1376/434/7 1947/429/7 1377/431/7
f 1376/434/7 1948/435/7 1947/429/7
f 1550/432/7 1412/436/7 1411/433/7
f 1375/437/7 1948/435/7 1376/434/7
f 1549/438/7 1412/436/7 1550/432/7
f 1549/438/7 1413/439/7 1412/436/7
f 1374/440/7 1948/435/7 1375/437/7
f 1549/438/7 1414/441/7 1413/439/7
f 1374/440/7 1949/442/7 1948/435/7
f 1373/443/7 1949/442/7 1374/440/7
f 1548/444/7 1414/441/7 1549/438/7
f 1548/444/7 1415/445/7 1414/441/7
f 1372/446/7 1949/442/7 1373/443/7
f 1548/444/7 1416/447/7 1415/445/7
f 1547/448/7 1416/447/7 1548/444/7
f 1372/446/7 1950/449/7 1949/442/7
f 1371/450/7 1950/449/7 1372/446/7
f 1547/448/7 1417/451/7 1416/447/7
f 1546/452/7 1417/451/7 1547/448/7
f 1370/453/7 1950/449/7 1371/450/7
f 1546/452/7 1418/454/7 1417/451/7
f 1546/452/7 1419/455/7 1418/454/7
f 1546/452/7 1420/456/7 1419/455/7
f 1546/452/7 1421/457/7 1420/456/7
f 1545/458/7 1421/457/7 1546/452/7
f 1545/458/7 1422/459/7 1421/457/7
f 1370/453/7 1951/460/7 1950/449/7
f 1369/461/7 1951/460/7 1370/453/7
f 1545/458/7 1423/462/7 1422/459/7
f 1545/458/7 1424/463/7 1423/462/7
f 1545/458/7 1425/464/7 1424/463/7
f 1545/458/7 1426/465/7 1425/464/7
f 1545/458/7 1427/466/7 1426/465/7
f 1544/467/7 1427/466/7 1545/458/7
f 1544/467/7 1428/468/7 1427/466/7
f 1368/469/7 1058/470/7 1369/461/7
f 1058/470/7 1057/471/7 1369/461/7
f 1057/471/7 1056/472/7 1369/461/7
f 1056/472/7 1055/473/7 1369/461/7
f 1055/473/7 1054/474/7 1369/461/7
f 1054/474/7 1053/475/7 1369/461/7
f 1053/475/7 1052/476/7 1369/461/7
f 1052/476/7 1051/477/7 1369/461/7
f 1051/477/7 1050/478/7 1369/461/7
f 1050/478/7 1049/479/7 1369/461/7
f 1049/479/7 1048/480/7 1369/461/7
f 1048/480/7 1047/481/7 1369/461/7
f 1047/481/7 1951/460/7 1369/461/7
f 1544/467/7 1429/482/7 1428/468/7
f 1544/467/7 1430/483/7 1429/482/7
f 1544/467/7 1431/484/7 1430/483/7
f 1544/467/7 1432/485/7 1431/484/7
f 1544/467/7 1433/486/7 1432/485/7
f 1544/467/7 1434/487/7 1433/486/7
f 1543/488/7 1434/487/7 1544/467/7
f 1543/488/7 1435/489/7 1434/487/7
f 1047/481/7 1046/490/7 1951/460/7
f 1046/490/7 1952/491/7 1951/460/7
f 1543/488/7 1436/492/7 1435/489/7
f 1543/488/7 1437/493/7 1436/492/7
f 1543/488/7 1438/494/7 1437/493/7
f 1543/488/7 1439/495/7 1438/494/7
f 1543/488/7 1440/496/7 1439/495/7
f 1543/488/7 1441/497/7 1440/496/7
f 1543/488/7 1442/498/7 1441/497/7
f 1543/488/7 1443/499/7 1442/498/7
f 1543/488/7 1444/500/7 1443/499/7
f 1542/501/7 1444/500/7 1543/488/7
f 1542/501/7 1445/502/7 1444/500/7
f 1542/501/7 1446/503/7 1445/502/7
f 1541/504/7 1446/503/7 1542/501/7
f 1046/490/7 1045/505/7 1952/491/7
f 1045/505/7 1953/506/7 1952/491/7
f 1541/504/7 1447/507/7 1446/503/7
f 1541/504/7 1448/508/7 1447/507/7
f 1540/509/7 1448/508/7 1541/504/7
f 1540/509/7 1449/510/7 1448/508/7
f 1539/511/7 1449/510/7 1540/509/7
f 1045/505/7 1044/512/7 1953/506/7
f 1044/512/7 1954/513/7 1953/506/7
f 1539/511/7 1450/514/7 1449/510/7
f 1538/515/7 1450/514/7 1539/511/7
f 1538/515/7 1451/516/7 1450/514/7
f 1537/517/7 1451/516/7 1538/515/7
f 1044/512/7 1043/518/7 1954/513/7
f 1043/518/7 1955/519/7 1954/513/7
f 1537/517/7 1452/520/7 1451/516/7
f 1536/521/7 1452/520/7 1537/517/7
f 1536/521/7 1453/522/7 1452/520/7
f 1535/523/7 1453/522/7 1536/521/7
f 1043/518/7 1042/524/7 1955/519/7
f 1042/524/7 1956/525/7 1955/519/7
f 1534/526/7 1453/522/7 1535/523/7
f 1534/526/7 1454/527/7 1453/522/7
f 1533/528/7 1454/527/7 1534/526/7
f 1533/528/7 1455/529/7 1454/527/7
f 1532/530/7 1455/529/7 1533/528/7
f 1042/524/7 1041/531/7 1956/525/7
f 1041/531/7 1040/532/7 1956/525/7
f 1040/532/7 1957/533/7 1956/525/7
f 1532/530/7 1456/534/7 1455/529/7
f 1531/535/7 1456/534/7 1532/530/7
f 1531/535/7 1457/536/7 1456/534/7
f 1530/537/7 1457/536/7 1531/535/7
f 1039/538/7 1957/533/7 1040/532/7
f 1039/538/7 1958/539/7 1957/533/7
f 1038/540/7 1958/539/7 1039/538/7
f 1529/541/7 1457/536/7 1530/537/7
f 1529/541/7 1458/542/7 1457/536/7
f 1037/543/7 1958/539/7 1038/540/7
f 1368/469/8 1059/544/8 1058/470/8
f 1368/469/9 1060/545/9 1059/544/9
f 1368/469/10 1061/546/10 1060/545/10
f 1528/547/7 1458/542/7 1529/541/7
f 1368/469/11 1062/548/11 1061/546/11
f 1368/469/10 1063/549/10 1062/548/10
f 1368/469/7 1064/550/7 1063/549/7
f 1368/469/7 1065/551/7 1064/550/7
f 1036/552/7 1958/539/7 1037/543/7
f 1528/547/7 1459/553/7 1458/542/7
f 1368/469/7 1066/554/7 1065/551/7
f 1036/552/7 980/555/7 1958/539/7
f 1527/556/7 1459/553/7 1528/547/7
f 1035/557/7 980/555/7 1036/552/7
f 1527/556/7 1460/558/7 1459/553/7
f 1526/559/7 1460/558/7 1527/556/7
f 1034/560/7 980/555/7 1035/557/7
f 1034/560/7 981/561/7 980/555/7
f 1525/562/7 1460/558/7 1526/559/7
f 1525/562/7 1461/563/7 1460/558/7
f 1033/564/7 981/561/7 1034/560/7
f 1524/565/7 1461/563/7 1525/562/7
f 1032/566/7 981/561/7 1033/564/7
f 1524/565/7 1462/567/7 1461/563/7
f 1523/568/7 1462/567/7 1524/565/7
f 1032/566/7 982/569/7 981/561/7
f 1031/570/7 982/569/7 1032/566/7
f 1522/571/7 1462/567/7 1523/568/7
f 1522/571/7 1463/572/7 1462/567/7
f 1521/573/7 1463/572/7 1522/571/7
f 1030/574/7 982/569/7 1031/570/7
f 1030/574/7 983/575/7 982/569/7
f 1521/573/7 1464/576/7 1463/572/7
f 1520/577/7 1464/576/7 1521/573/7
f 1029/578/7 983/575/7 1030/574/7
f 1519/579/7 1464/576/7 1520/577/7
f 1519/579/7 1465/580/7 1464/576/7
f 1518/581/7 1465/580/7 1519/579/7
f 1028/582/7 983/575/7 1029/578/7
f 1028/582/7 984/583/7 983/575/7
f 1517/584/7 1465/580/7 1518/581/7
f 1517/584/7 1466/585/7 1465/580/7
f 1027/586/7 984/583/7 1028/582/7
f 1516/587/7 1466/585/7 1517/584/7
f 1027/586/7 985/588/7 984/583/7
f 1515/589/7 1466/585/7 1516/587/7
f 1515/589/7 1467/590/7 1466/585/7
f 1026/591/7 985/588/7 1027/586/7
f 1514/592/7 1467/590/7 1515/589/7
f 1514/592/7 1468/593/7 1467/590/7
f 1025/594/7 985/588/7 1026/591/7
f 1513/595/7 1468/593/7 1514/592/7
f 1025/594/7 986/596/7 985/588/7
f 1512/597/7 1468/593/7 1513/595/7
f 1024/598/7 986/596/7 1025/594/7
f 1512/597/7 1469/599/7 1468/593/7
f 1511/600/7 1469/599/7 1512/597/7
f 1024/598/7 987/601/7 986/596/7
f 1023/602/7 987/601/7 1024/598/7
f 1511/600/7 1470/603/7 1469/599/7
f 1510/604/7 1470/603/7 1511/600/7
f 1509/605/7 1470/603/7 1510/604/7
f 1022/606/7 987/601/7 1023/602/7
f 1022/606/7 988/607/7 987/601/7
f 1509/605/7 1471/608/7 1470/603/7
f 1508/609/7 1471/608/7 1509/605/7
f 1021/610/7 988/607/7 1022/606/7
f 1508/609/7 1472/611/7 1471/608/7
f 1507/612/7 1472/611/7 1508/609/7
f 1021/610/7 989/613/7 988/607/7
f 1020/614/7 989/613/7 1021/610/7
f 1506/615/7 1472/611/7 1507/612/7
f 1506/615/7 1473/616/7 1472/611/7
f 1020/614/7 990/617/7 989/613/7
f 1505/618/7 1473/616/7 1506/615/7
f 1019/619/7 990/617/7 1020/614/7
f 1505/618/7 1474/620/7 1473/616/7
f 1504/621/7 1474/620/7 1505/618/7
f 1018/622/7 990/617/7 1019/619/7
f 1504/621/7 1475/623/7 1474/620/7
f 1018/622/7 991/624/7 990/617/7
f 1503/625/7 1475/623/7 1504/621/7
f 1017/626/7 991/624/7 1018/622/7
f 1503/625/7 1476/627/7 1475/623/7
f 1502/628/7 1476/627/7 1503/625/7
f 1017/626/7 992/629/7 991/624/7
f 1501/630/7 1476/627/7 1502/628/7
f 1016/631/7 992/629/7 1017/626/7
f 1501/630/7 1477/632/7 1476/627/7
f 1500/633/7 1477/632/7 1501/630/7
f 1016/631/7 993/634/7 992/629/7
f 1499/635/7 1477/632/7 1500/633/7
f 1016/631/7 994/636/7 993/634/7
f 1498/637/7 1477/632/7 1499/635/7
f 1016/631/7 995/638/7 994/636/7
f 1497/639/7 1477/632/7 1498/637/7
f 1016/631/7 996/640/7 995/638/7
f 1496/641/7 1477/632/7 1497/639/7
f 1016/631/7 997/642/7 996/640/7
f 1495/643/7 1477/632/7 1496/641/7
f 1016/631/7 998/644/7 997/642/7
f 1494/645/7 1477/632/7 1495/643/7
f 1016/631/7 999/646/7 998/644/7
f 1493/647/7 1477/632/7 1494/645/7
f 1016/631/7 1000/648/7 999/646/7
f 1493/647/7 1478/649/7 1477/632/7
f 1015/650/7 1000/648/7 1016/631/7
f 1492/651/7 1478/649/7 1493/647/7
f 1015/650/7 1001/652/7 1000/648/7
f 1492/651/7 1479/653/7 1478/649/7
f 1014/654/7 1001/652/7 1015/650/7
f 1491/655/7 1479/653/7 1492/651/7
f 1014/654/7 1002/656/7 1001/652/7
f 1491/655/7 1480/657/7 1479/653/7
f 1013/658/7 1002/656/7 1014/654/7
f 1490/659/7 1480/657/7 1491/655/7
f 1013/658/7 1003/660/7 1002/656/7
f 1490/659/7 1481/661/7 1480/657/7
f 1012/662/7 1003/660/7 1013/658/7
f 1489/663/7 1481/661/7 1490/659/7
f 1012/662/7 1004/664/7 1003/660/7
f 1488/665/7 1481/661/7 1489/663/7
f 1012/662/7 1005/666/7 1004/664/7
f 1488/665/7 1482/667/7 1481/661/7
f 1011/668/7 1005/666/7 1012/662/7
f 1487/669/7 1482/667/7 1488/665/7
f 1011/668/7 1006/670/7 1005/666/7
f 1487/669/7 1483/671/7 1482/667/7
f 1010/672/7 1006/670/7 1011/668/7
f 1486/673/7 1483/671/7 1487/669/7
f 1010/672/7 1007/674/7 1006/670/7
f 1486/673/7 1484/675/7 1483/671/7
f 1009/676/7 1007/674/7 1010/672/7
f 1485/677/7 1484/675/7 1486/673/7
f 1009/676/7 1008/678/7 1007/674/7
f 1220/679/7 1222/681/7 1221/680/7
f 1219/682/7 1222/681/7 1220/679/7
f 1219/682/7 1223/683/7 1222/681/7
f 1218/684/7 1223/683/7 1219/682/7
f 1218/684/7 1224/685/7 1223/683/7
f 1218/684/7 1225/686/7 1224/685/7
f 1218/684/7 1226/687/7 1225/686/7
f 1217/688/7 1226/687/7 1218/684/7
f 1217/688/7 1227/689/7 1226/687/7
f 1217/688/7 1228/690/7 1227/689/7
f 1217/688/7 1229/691/7 1228/690/7
f 1216/692/7 1229/691/7 1217/688/7
f 1216/692/7 1230/693/7 1229/691/7
f 1216/692/7 1231/694/7 1230/693/7
f 1216/692/7 1232/695/7 1231/694/7
f 1216/692/7 1233/696/7 1232/695/7
f 1216/692/7 1234/697/7 1233/696/7
f 1215/698/7 1234/697/7 1216/692/7
f 1215/698/7 1235/699/7 1234/697/7
f 1215/698/7 1236/700/7 1235/699/7
f 1215/698/7 1237/701/7 1236/700/7
f 1215/698/7 1238/702/7 1237/701/7
f 1215/698/7 1239/703/7 1238/702/7
f 1214/704/7 1239/703/7 1215/698/7
f 1214/704/7 1240/705/7 1239/703/7
f 1214/704/7 1241/706/7 1240/705/7
f 1214/704/7 1242/707/7 1241/706/7
f 1214/704/7 1243/708/7 1242/707/7
f 1214/704/7 1244/709/7 1243/708/7
f 1213/710/7 1244/709/7 1214/704/7
f 1213/710/7 1245/711/7 1244/709/7
f 1213/710/7 1246/712/7 1245/711/7
f 1213/710/7 1247/713/7 1246/712/7
f 1213/710/7 1248/714/7 1247/713/7
f 1212/715/7 1248/714/7 1213/710/7
f 1211/716/7 1248/714/7 1212/715/7
f 1211/716/7 1249/717/7 1248/714/7
f 1210/718/7 1249/717/7 1211/716/7
f 1210/718/7 1250/719/7 1249/717/7
f 1209/720/7 1250/719/7 1210/718/7
f 1209/720/7 1251/721/7 1250/719/7
f 1208/722/7 1251/721/7 1209/720/7
f 1208/722/7 1252/723/7 1251/721/7
f 1207/724/7 1252/723/7 1208/722/7
f 1207/724/7 1253/725/7 1252/723/7
f 1206/726/7 1253/725/7 1207/724/7
f 1206/726/7 1254/727/7 1253/725/7
f 1205/728/7 1254/727/7 1206/726/7
f 1205/728/7 1255/729/7 1254/727/7
f 1204/730/7 1255/729/7 1205/728/7
f 1204/730/7 1256/731/7 1255/729/7
f 1203/732/7 1256/731/7 1204/730/7
f 1203/732/7 1257/733/7 1256/731/7
f 1202/734/7 1257/733/7 1203/732/7
f 1202/734/7 1258/735/7 1257/733/7
f 1201/736/7 1258/735/7 1202/734/7
f 1201/736/7 1259/737/7 1258/735/7
f 1200/738/7 1259/737/7 1201/736/7
f 1200/738/7 1260/739/7 1259/737/7
f 1199/740/7 1260/739/7 1200/738/7
f 1199/740/7 1261/741/7 1260/739/7
f 1199/740/7 1262/742/7 1261/741/7
f 1198/743/7 1262/742/7 1199/740/7
f 1198/743/7 1263/744/7 1262/742/7
f 1197/745/7 1263/744/7 1198/743/7
f 1197/745/7 1264/746/7 1263/744/7
f 1196/747/7 1264/746/7 1197/745/7
f 1196/747/7 1265/748/7 1264/746/7
f 1196/747/7 1266/749/7 1265/748/7
f 1195/750/7 1266/749/7 1196/747/7
f 1195/750/7 1267/751/7 1266/749/7
f 1194/752/7 1267/751/7 1195/750/7
f 1194/752/7 1268/753/7 1267/751/7
f 1193/754/7 1268/753/7 1194/752/7
f 1193/754/7 1269/755/7 1268/753/7
f 1192/756/7 1269/755/7 1193/754/7
f 1192/756/7 1270/757/7 1269/755/7
f 1192/756/7 1271/758/7 1270/757/7
f 1191/759/7 1271/758/7 1192/756/7
f 1368/469/7 1067/760/7 1066/554/7
f 1191/759/7 1272/761/7 1271/758/7
f 1190/762/7 1272/761/7 1191/759/7
f 1189/763/7 1272/761/7 1190/762/7
f 1368/469/7 1068/764/7 1067/760/7
f 1188/765/7 1272/761/7 1189/763/7
f 1368/469/7 1069/766/7 1068/764/7
f 1187/767/7 1272/761/7 1188/765/7
f 1186/768/7 1272/761/7 1187/767/7
f 1368/469/7 1070/769/7 1069/766/7
f 1368/469/7 1071/770/7 1070/769/7
f 1368/469/7 1072/771/7 1071/770/7
f 1368/469/7 1073/772/7 1072/771/7
f 1367/773/7 1073/772/7 1368/469/7
f 1185/774/7 1272/761/7 1186/768/7
f 1366/775/7 1073/772/7 1367/773/7
f 1185/774/7 1273/776/7 1272/761/7
f 1365/777/7 1073/772/7 1366/775/7
f 1184/778/7 1273/776/7 1185/774/7
f 1184/778/7 1274/779/7 1273/776/7
f 1364/780/7 1073/772/7 1365/777/7
f 1184/778/7 1275/781/7 1274/779/7
f 1363/782/7 1073/772/7 1364/780/7
f 1184/778/7 1276/783/7 1275/781/7
f 1183/784/7 1276/783/7 1184/778/7
f 1362/785/7 1073/772/7 1363/782/7
f 1183/784/7 1277/786/7 1276/783/7
f 1183/784/7 1278/787/7 1277/786/7
f 1361/788/7 1073/772/7 1362/785/7
f 1182/789/7 1278/787/7 1183/784/7
f 1182/789/7 1279/790/7 1278/787/7
f 1360/791/7 1073/772/7 1361/788/7
f 1360/791/7 1074/792/7 1073/772/7
f 1182/789/7 1280/793/7 1279/790/7
f 1359/794/7 1074/792/7 1360/791/7
f 1182/789/7 1281/795/7 1280/793/7
f 1181/796/7 1281/795/7 1182/789/7
f 1358/797/7 1074/792/7 1359/794/7
f 1319/798/7 1321/800/7 1320/799/7
f 1318/801/7 1321/800/7 1319/798/7
f 1318/801/7 1322/802/7 1321/800/7
f 1317/803/7 1322/802/7 1318/801/7
f 1317/803/7 1323/804/7 1322/802/7
f 1316/805/7 1323/804/7 1317/803/7
f 1316/805/7 1324/806/7 1323/804/7
f 1315/807/7 1324/806/7 1316/805/7
f 1315/807/7 1325/808/7 1324/806/7
f 1314/809/7 1325/808/7 1315/807/7
f 1314/809/7 1326/810/7 1325/808/7
f 1313/811/7 1326/810/7 1314/809/7
f 1313/811/7 1327/812/7 1326/810/7
f 1181/796/7 1282/813/7 1281/795/7
f 1312/814/7 1327/812/7 1313/811/7
f 1312/814/7 1328/815/7 1327/812/7
f 1311/816/7 1328/815/7 1312/814/7
f 1311/816/7 1329/817/7 1328/815/7
f 1310/818/7 1329/817/7 1311/816/7
f 1310/818/7 1330/819/7 1329/817/7
f 1357/820/7 1074/792/7 1358/797/7
f 1309/821/7 1330/819/7 1310/818/7
f 1309/821/7 1331/822/7 1330/819/7
f 1308/823/7 1331/822/7 1309/821/7
f 1308/823/7 1332/824/7 1331/822/7
f 1181/796/7 1283/825/7 1282/813/7
f 1307/826/7 1332/824/7 1308/823/7
f 1307/826/7 1333/827/7 1332/824/7
f 1356/828/7 1074/792/7 1357/820/7
f 1181/796/7 1284/829/7 1283/825/7
f 1180/830/7 1284/829/7 1181/796/7
f 1307/826/7 1334/831/7 1333/827/7
f 1306/832/7 1334/831/7 1307/826/7
f 1355/833/7 1074/792/7 1356/828/7
f 1180/830/7 1285/834/7 1284/829/7
f 1306/832/7 1335/835/7 1334/831/7
f 1305/836/7 1335/835/7 1306/832/7
f 1354/837/7 1074/792/7 1355/833/7
f 1180/830/7 1286/838/7 1285/834/7
f 1305/836/7 1336/839/7 1335/835/7
f 1304/840/7 1336/839/7 1305/836/7
f 1353/841/7 1074/792/7 1354/837/7
f 1180/830/7 1287/842/7 1286/838/7
f 1179/843/7 1287/842/7 1180/830/7
f 1352/844/7 1074/792/7 1353/841/7
f 1304/840/7 1337/845/7 1336/839/7
f 1303/846/7 1337/845/7 1304/840/7
f 1179/843/7 1288/847/7 1287/842/7
f 1351/848/7 1074/792/7 1352/844/7
f 1303/846/7 1338/849/7 1337/845/7
f 1302/850/7 1338/849/7 1303/846/7
f 1179/843/7 1289/851/7 1288/847/7
f 1350/852/7 1074/792/7 1351/848/7
f 1179/843/7 1290/853/7 1289/851/7
f 1302/850/7 1339/854/7 1338/849/7
f 1301/855/7 1339/854/7 1302/850/7
f 1349/856/7 1074/792/7 1350/852/7
f 1179/843/7 1291/857/7 1290/853/7
f 1301/855/7 1340/858/7 1339/854/7
f 1300/859/7 1340/858/7 1301/855/7
f 1348/860/7 1074/792/7 1349/856/7
f 1179/843/7 1292/861/7 1291/857/7
f 1300/859/7 1341/862/7 1340/858/7
f 1299/863/7 1341/862/7 1300/859/7
f 1178/864/7 1292/861/7 1179/843/7
f 1347/865/7 1074/792/7 1348/860/7
f 1178/864/7 1293/866/7 1292/861/7
f 1299/863/7 1342/867/7 1341/862/7
f 1298/868/7 1342/867/7 1299/863/7
f 1346/869/7 1074/792/7 1347/865/7
f 1178/864/7 1294/870/7 1293/866/7
f 1298/868/7 1343/871/7 1342/867/7
f 1297/872/7 1343/871/7 1298/868/7
f 1345/873/7 1074/792/7 1346/869/7
f 1178/864/7 1295/874/7 1294/870/7
f 1345/873/7 1075/875/7 1074/792/7
f 1297/872/7 1344/876/7 1343/871/7
f 1296/877/7 1344/876/7 1297/872/7
f 1344/876/7 1075/875/7 1345/873/7
f 1178/864/7 1296/877/7 1295/874/7
f 1178/864/7 1344/876/7 1296/877/7
f 1178/864/7 1075/875/7 1344/876/7
f 1177/878/7 1075/875/7 1178/864/7
f 1176/879/7 1075/875/7 1177/878/7
f 1175/880/7 1075/875/7 1176/879/7
f 1175/880/7 1076/881/7 1075/875/7
f 1174/882/7 1076/881/7 1175/880/7
f 1173/883/7 1076/881/7 1174/882/7
f 1172/884/7 1076/881/7 1173/883/7
f 1172/884/7 1077/885/7 1076/881/7
f 1171/886/7 1077/885/7 1172/884/7
f 1170/887/7 1077/885/7 1171/886/7
f 1169/888/7 1077/885/7 1170/887/7
f 1169/888/7 1078/889/7 1077/885/7
f 1168/890/7 1078/889/7 1169/888/7
f 1167/891/7 1078/889/7 1168/890/7
f 1166/892/7 1078/889/7 1167/891/7
f 1166/892/7 1079/893/7 1078/889/7
f 1165/894/7 1079/893/7 1166/892/7
f 1164/895/7 1079/893/7 1165/894/7
f 1163/896/7 1140/897/7 1164/895/7
f 1140/897/7 1139/898/7 1164/895/7
f 1139/898/7 1138/899/7 1164/895/7
f 1138/899/7 1079/893/7 1164/895/7
f 1137/900/7 1079/893/7 1138/899/7
f 1136/901/7 1079/893/7 1137/900/7
f 1135/902/7 1079/893/7 1136/901/7
f 1134/903/7 1079/893/7 1135/902/7
f 1133/904/7 1079/893/7 1134/903/7
f 1132/905/7 1079/893/7 1133/904/7
f 1131/906/7 1079/893/7 1132/905/7
f 1163/896/7 1141/907/7 1140/897/7
f 1130/908/7 1079/893/7 1131/906/7
f 1130/908/7 1080/909/7 1079/893/7
f 1129/910/7 1080/909/7 1130/908/7
f 1128/911/7 1080/909/7 1129/910/7
f 1163/896/7 1142/912/7 1141/907/7
f 1127/913/7 1080/909/7 1128/911/7
f 1126/914/7 1080/909/7 1127/913/7
f 1125/915/7 1080/909/7 1126/914/7
f 1163/896/7 1143/916/7 1142/912/7
f 1124/917/7 1080/909/7 1125/915/7
f 1163/896/7 1144/918/7 1143/916/7
f 1123/919/7 1080/909/7 1124/917/7
f 1163/896/7 1145/920/7 1144/918/7
f 1122/921/7 1080/909/7 1123/919/7
f 1162/922/7 1145/920/7 1163/896/7
f 1162/922/7 1146/923/7 1145/920/7
f 1121/924/7 1080/909/7 1122/921/7
f 1162/922/7 1147/925/7 1146/923/7
f 1120/926/7 1080/909/7 1121/924/7
f 1162/922/7 1148/927/7 1147/925/7
f 1161/928/7 1148/927/7 1162/922/7
f 1119/929/7 1080/909/7 1120/926/7
f 1161/928/7 1149/930/7 1148/927/7
f 1160/931/7 1149/930/7 1161/928/7
f 1159/932/7 1149/930/7 1160/931/7
f 1158/933/7 1149/930/7 1159/932/7
f 1158/933/7 1150/934/7 1149/930/7
f 1118/935/7 1080/909/7 1119/929/7
f 1157/936/7 1150/934/7 1158/933/7
f 1118/935/7 1081/937/7 1080/909/7
f 1156/938/7 1150/934/7 1157/936/7
f 1155/939/7 1150/934/7 1156/938/7
f 1154/940/7 1150/934/7 1155/939/7
f 1153/941/7 1150/934/7 1154/940/7
f 1153/941/7 1151/942/7 1150/934/7
f 1152/943/7 1151/942/7 1153/941/7
f 1117/944/7 1081/937/7 1118/935/7
f 1116/945/7 1081/937/7 1117/944/7
f 1115/946/7 1081/937/7 1116/945/7
f 1114/947/7 1081/937/7 1115/946/7
f 1114/947/7 1082/948/7 1081/937/7
f 1113/949/7 1082/948/7 1114/947/7
f 1112/950/7 1082/948/7 1113/949/7
f 1112/950/7 1083/951/7 1082/948/7
f 1111/952/7 1083/951/7 1112/950/7
f 1110/953/7 1083/951/7 1111/952/7
f 1109/954/7 1083/951/7 1110/953/7
f 1109/954/7 1084/955/7 1083/951/7
f 1108/956/7 1084/955/7 1109/954/7
f 1107/957/7 1084/955/7 1108/956/7
f 1106/958/7 1084/955/7 1107/957/7
f 1106/958/7 1085/959/7 1084/955/7
f 1105/960/7 1085/959/7 1106/958/7
f 1104/961/7 1085/959/7 1105/960/7
f 1103/962/7 1085/959/7 1104/961/7
f 1103/962/7 1086/963/7 1085/959/7
f 1102/964/7 1086/963/7 1103/962/7
f 1101/965/7 1086/963/7 1102/964/7
f 1100/966/7 1086/963/7 1101/965/7
f 1100/966/7 1087/967/7 1086/963/7
f 1099/968/7 1087/967/7 1100/966/7
f 1098/969/7 1087/967/7 1099/968/7
f 1098/969/7 1088/970/7 1087/967/7
f 1097/971/7 1088/970/7 1098/969/7
f 1096/972/7 1088/970/7 1097/971/7
f 1095/973/7 1088/970/7 1096/972/7
f 1095/973/7 1089/974/7 1088/970/7
f 1094/975/7 1089/974/7 1095/973/7
f 1093/976/7 1089/974/7 1094/975/7
f 1092/977/7 1089/974/7 1093/976/7
f 1092/977/7 1090/978/7 1089/974/7
f 1091/979/7 1090/978/7 1092/977/7
f 759/5/12 1739/4/12 760/4/12
f 751/16/13 1731/15/13 752/15/13
f 767/17/14 1747/20/14 768/20/14
f 743/28/15 1723/26/15 744/26/15
f 775/40/16 1755/41/16 776/41/16
f 735/42/17 1715/39/17 736/39/17
f 783/52/18 1763/54/18 784/54/18
f 727/62/19 1707/60/19 728/60/19
f 839/74/20 1819/75/20 840/75/20
f 831/82/21 1811/78/21 832/78/21
f 791/66/22 1771/84/22 792/84/22
f 847/85/23 1827/86/23 848/86/23
f 855/99/24 1835/100/24 856/100/24
f 823/107/25 1803/106/25 824/106/25
f 815/123/26 1795/121/26 816/121/26
f 799/122/27 1779/124/27 800/124/27
f 453/485/28 1433/486/28 454/486/28
f 461/496/29 1441/497/29 462/497/29
f 973/491/30 1953/506/30 974/506/30
f 469/508/31 1449/510/31 470/510/31
f 557/521/32 1537/517/32 558/517/32
f 61/532/33 1041/531/33 62/531/33
f 477/534/34 1457/536/34 478/536/34
f 549/547/35 1529/541/35 550/541/35
f 85/550/36 1065/551/36 86/551/36
f 53/566/37 1033/564/37 54/564/37
f 541/577/38 1521/573/38 542/573/38
f 485/576/39 1465/580/39 486/580/39
f 5/583/40 985/588/40 6/588/40
f 533/597/41 1513/595/41 534/595/41
f 45/598/42 1025/594/42 46/594/42
f 493/611/43 1473/616/43 494/616/43
f 525/621/44 1505/618/44 526/618/44
f 37/631/45 1017/626/45 38/626/45
f 13/629/46 993/634/46 14/634/46
f 517/641/47 1497/639/47 518/639/47
f 21/648/48 1001/652/48 22/652/48
f 501/657/49 1481/661/49 502/661/49
f 509/665/50 1489/663/50 510/663/50
f 29/678/51 1009/676/51 30/676/51
f 245/685/52 1225/686/52 246/686/52
f 237/692/53 1217/688/53 238/688/53
f 253/695/54 1233/696/54 254/696/54
f 261/705/55 1241/706/55 262/706/55
f 269/714/56 1249/717/56 270/717/56
f 229/722/57 1209/720/57 230/720/57
f 277/731/58 1257/733/58 278/733/58
f 221/738/59 1201/736/59 222/736/59
f 285/746/60 1265/748/60 286/748/60
f 213/756/61 1193/754/61 214/754/61
f 93/771/62 1073/772/62 94/772/62
f 293/761/63 1273/776/63 294/776/63
f 205/778/64 1185/774/64 206/774/64
f 381/791/65 1361/788/65 382/788/65
f 301/793/66 1281/795/66 302/795/66
f 341/799/67 1321/800/67 342/800/67
f 333/814/68 1313/811/68 334/811/68
f 349/815/69 1329/817/69 350/817/69
f 325/840/70 1305/836/70 326/836/70
f 373/844/71 1353/841/71 374/841/71
f 357/839/72 1337/845/72 358/845/72
f 309/847/73 1289/851/73 310/851/73
f 317/877/74 1297/872/74 318/872/74
f 365/876/75 1345/873/75 366/873/75
f 197/879/76 1177/878/76 198/878/76
f 189/890/77 1169/888/77 190/888/77
f 157/901/78 1137/900/78 158/900/78
f 149/911/79 1129/910/79 150/910/79
f 807/136/80 1787/138/80 808/138/80
f 863/143/81 1843/145/81 864/145/81
f 719/146/82 1699/144/82 720/144/82
f 871/155/83 1851/157/83 872/157/83
f 879/166/84 1859/167/84 880/167/84
f 165/918/85 1145/920/85 166/920/85
f 711/170/86 1691/169/86 712/169/86
f 703/179/87 1683/178/87 704/178/87
f 141/926/88 1121/924/88 142/924/88
f 695/188/89 1675/187/89 696/187/89
f 181/931/90 1161/928/90 182/928/90
f 687/196/91 1667/195/91 688/195/91
f 101/909/92 1081/937/92 102/937/92
f 173/943/93 1153/941/93 174/941/93
f 679/205/94 1659/204/94 680/204/94
f 133/950/95 1113/949/95 134/949/95
f 125/961/96 1105/960/96 126/960/96
f 671/213/97 1651/212/97 672/212/97
f 663/222/98 1643/220/98 664/220/98
f 117/972/99 1097/971/99 118/971/99
f 887/229/100 1867/231/100 888/231/100
f 655/235/101 1635/233/101 656/233/101
f 109/970/102 1089/974/102 110/974/102
f 615/245/103 1595/247/103 616/247/103
f 607/256/104 1587/254/104 608/254/104
f 927/260/105 1907/262/105 928/262/105
f 919/275/106 1899/273/106 920/273/106
f 935/283/107 1915/285/107 936/285/107
f 895/282/108 1875/289/108 896/289/108
f 647/291/109 1627/286/109 648/286/109
f 599/292/110 1579/288/110 600/288/110
f 943/306/111 1923/310/111 944/310/111
f 639/319/112 1619/317/112 640/317/112
f 623/316/113 1603/320/113 624/320/113
f 631/340/114 1611/336/114 632/336/114
f 911/348/115 1891/345/115 912/345/115
f 903/347/116 1883/349/116 904/349/116
f 591/356/117 1571/342/117 592/342/117
f 951/364/118 1931/366/118 952/366/118
f 583/373/119 1563/371/119 584/371/119
f 959/379/120 1939/381/120 960/381/120
f 575/391/121 1555/388/121 576/388/121
f 415/392/122 1395/394/122 416/394/122
f 407/406/123 1387/404/123 408/404/123
f 423/410/124 1403/412/124 424/412/124
f 399/428/125 1379/425/125 400/425/125
f 967/421/126 1947/429/126 968/429/126
f 431/430/127 1411/433/127 432/433/127
f 567/452/128 1547/448/128 568/448/128
f 391/453/129 1371/450/129 392/450/129
f 439/454/130 1419/455/130 440/455/130
f 447/465/131 1427/466/131 448/466/131
f 71/478/132 1051/477/132 72/477/132
f 455/487/133 1435/489/133 456/489/133
f 463/498/134 1443/499/134 464/499/134
f 559/515/135 1539/511/135 560/511/135
f 471/514/136 1451/516/136 472/516/136
f 975/513/137 1955/519/137 976/519/137
f 63/524/138 1043/518/138 64/518/138
f 551/537/139 1531/535/139 552/535/139
f 79/470/140 1059/544/140 80/544/140
f 479/542/141 1459/553/141 480/553/141
f 55/560/142 1035/557/142 56/557/142
f 543/571/143 1523/568/143 544/568/143
f 487/585/144 1467/590/144 488/590/144
f 47/591/145 1027/586/145 48/586/145
f 535/592/146 1515/589/146 536/589/146
f 7/596/147 987/601/147 8/601/147
f 762/2/148 1742/3/148 763/3/148
f 527/615/149 1507/612/149 528/612/149
f 754/12/150 1734/10/150 755/10/150
f 746/24/151 1726/22/151 747/22/151
f 39/622/152 1019/619/152 40/619/152
f 495/620/153 1475/623/153 496/623/153
f 770/27/154 1750/33/154 771/33/154
f 738/34/155 1718/32/155 739/32/155
f 519/637/156 1499/635/156 520/635/156
f 15/636/157 995/638/157 16/638/157
f 778/44/158 1758/46/158 779/46/158
f 730/56/159 1710/53/159 731/53/159
f 511/659/160 1491/655/160 512/655/160
f 23/656/161 1003/660/161 24/660/161
f 786/57/162 1766/59/162 787/59/162
f 834/69/163 1814/70/163 835/70/163
f 842/77/164 1822/79/164 843/79/164
f 503/667/165 1483/671/165 504/671/165
f 850/89/166 1830/91/166 851/91/166
f 31/672/167 1011/668/167 32/668/167
f 826/101/168 1806/97/168 827/97/168
f 239/684/169 1219/682/169 240/682/169
f 858/103/170 1838/105/170 859/105/170
f 794/109/171 1774/112/171 795/112/171
f 247/687/172 1227/689/172 248/689/172
f 818/117/173 1798/114/173 819/114/173
f 255/697/174 1235/699/174 256/699/174
f 263/707/175 1243/708/175 264/708/175
f 722/127/176 1702/113/176 723/113/176
f 231/718/177 1211/716/177 232/716/177
f 271/719/178 1251/721/178 272/721/178
f 802/128/179 1782/129/179 803/129/179
f 223/734/180 1203/732/180 224/732/180
f 279/735/181 1259/737/181 280/737/181
f 287/749/182 1267/751/182 288/751/182
f 215/752/183 1195/750/183 216/750/183
f 810/140/184 1790/137/184 811/137/184
f 87/554/185 1067/760/185 88/760/185
f 207/768/186 1187/767/186 208/767/186
f 760/4/187 1740/1/187 761/1/187
f 866/148/188 1846/150/188 867/150/188
f 295/779/189 1275/781/189 296/781/189
f 752/15/190 1732/13/190 753/13/190
f 874/159/191 1854/161/191 875/161/191
f 383/785/192 1363/782/192 384/782/192
f 714/164/193 1694/160/193 715/160/193
f 768/20/194 1748/23/194 769/23/194
f 744/26/195 1724/25/195 745/25/195
f 343/802/196 1323/804/196 344/804/196
f 335/809/197 1315/807/197 336/807/197
f 736/39/198 1716/35/198 737/35/198
f 706/176/199 1686/175/199 707/175/199
f 698/185/200 1678/184/200 699/184/200
f 351/819/201 1331/822/201 352/822/201
f 776/41/202 1756/43/202 777/43/202
f 690/193/203 1670/192/203 691/192/203
f 303/813/204 1283/825/204 304/825/204
f 784/54/205 1764/55/205 785/55/205
f 728/60/206 1708/58/206 729/58/206
f 882/182/207 1862/197/207 883/197/207
f 327/832/208 1307/826/208 328/826/208
f 682/202/209 1662/201/209 683/201/209
f 840/75/210 1820/76/210 841/76/210
f 674/210/211 1654/209/211 675/209/211
f 832/78/212 1812/68/212 833/68/212
f 375/837/213 1355/833/213 376/833/213
f 666/218/214 1646/217/214 667/217/214
f 658/230/215 1638/228/215 659/228/215
f 848/86/216 1828/88/216 849/88/216
f 792/84/217 1772/98/217 793/98/217
f 890/236/218 1870/238/218 891/238/218
f 359/849/219 1339/854/219 360/854/219
f 856/100/220 1836/102/220 857/102/220
f 610/248/221 1590/246/221 611/246/221
f 824/106/222 1804/104/222 825/104/222
f 311/853/223 1291/857/223 312/857/223
f 816/121/224 1796/119/224 817/119/224
f 618/252/225 1598/255/225 619/255/225
f 199/864/226 1179/843/226 200/843/226
f 650/264/227 1630/253/227 651/253/227
f 800/124/228 1780/125/228 801/125/228
f 808/138/229 1788/139/229 809/139/229
f 720/144/230 1700/141/230 721/141/230
f 922/269/231 1902/266/231 923/266/231
f 319/868/232 1299/863/232 320/863/232
f 367/869/233 1347/865/233 368/865/233
f 864/145/234 1844/147/234 865/147/234
f 930/268/235 1910/270/235 931/270/235
f 872/157/236 1852/158/236 873/158/236
f 602/281/237 1582/277/237 603/277/237
f 712/169/238 1692/168/238 713/168/238
f 938/290/239 1918/293/239 939/293/239
f 880/167/240 1860/173/240 881/173/240
f 594/309/241 1574/305/241 595/305/241
f 704/178/242 1684/177/242 705/177/242
f 95/792/243 1075/875/243 96/875/243
f 642/312/244 1622/308/244 643/308/244
f 696/187/245 1676/186/245 697/186/245
f 914/329/246 1894/323/246 915/323/246
f 191/887/247 1171/886/247 192/886/247
f 688/195/248 1668/194/248 689/194/248
f 159/899/249 1139/898/249 160/898/249
f 626/326/250 1606/331/250 627/331/250
f 680/204/251 1660/203/251 681/203/251
f 898/328/252 1878/332/252 899/332/252
f 151/908/253 1131/906/253 152/906/253
f 634/333/254 1614/330/254 635/330/254
f 143/921/255 1123/919/255 144/919/255
f 672/212/256 1652/211/256 673/211/256
f 183/922/257 1163/896/257 184/896/257
f 906/352/258 1886/354/258 907/354/258
f 664/220/259 1644/219/259 665/219/259
f 946/343/260 1926/357/260 947/357/260
f 167/923/261 1147/925/261 168/925/261
f 586/367/262 1566/365/262 587/365/262
f 175/940/263 1155/939/263 176/939/263
f 135/947/264 1115/946/264 136/946/264
f 656/233/265 1636/232/265 657/232/265
f 954/370/266 1934/372/266 955/372/266
f 578/384/267 1558/382/267 579/382/267
f 888/231/268 1868/234/268 889/234/268
f 103/948/269 1083/951/269 104/951/269
f 616/247/270 1596/249/270 617/249/270
f 127/958/271 1107/957/271 128/957/271
f 608/254/272 1588/250/272 609/250/272
f 962/385/273 1942/387/273 963/387/273
f 119/969/274 1099/968/274 120/968/274
f 410/399/275 1390/397/275 411/397/275
f 111/978/276 1091/979/276 112/979/276
f 928/262/277 1908/265/277 929/265/277
f 920/273/278 1900/271/278 921/271/278
f 418/398/279 1398/401/279 419/401/279
f 648/286/280 1628/278/280 649/278/280
f 402/419/281 1382/416/281 403/416/281
f 936/285/282 1916/287/282 937/287/282
f 600/288/283 1580/284/283 601/284/283
f 426/417/284 1406/420/284 427/420/284
f 570/438/285 1550/432/285 571/432/285
f 944/310/286 1924/315/286 945/315/286
f 640/317/287 1620/314/287 641/314/287
f 434/439/288 1414/441/288 435/441/288
f 394/443/289 1374/440/289 395/440/289
f 624/320/290 1604/322/290 625/322/290
f 896/289/291 1876/324/291 897/324/291
f 970/442/292 1950/449/292 971/449/292
f 632/336/293 1612/335/293 633/335/293
f 442/457/294 1422/459/294 443/459/294
f 592/342/295 1572/313/295 593/313/295
f 74/475/296 1054/474/296 75/474/296
f 912/345/297 1892/338/297 913/338/297
f 450/482/298 1430/483/298 451/483/298
f 458/493/299 1438/494/299 459/494/299
f 466/502/300 1446/503/300 467/503/300
f 562/504/301 1542/501/301 563/501/301
f 904/349/302 1884/351/302 905/351/302
f 66/505/303 1046/490/303 67/490/303
f 952/366/304 1932/368/304 953/368/304
f 584/371/305 1564/369/305 585/369/305
f 474/522/306 1454/527/306 475/527/306
f 554/528/307 1534/526/307 555/526/307
f 978/533/308 1958/539/308 979/539/308
f 960/381/309 1940/383/309 961/383/309
f 58/543/310 1038/540/310 59/540/310
f 576/388/311 1556/386/311 577/386/311
f 82/546/312 1062/548/312 83/548/312
f 416/394/313 1396/396/313 417/396/313
f 408/404/314 1388/402/314 409/402/314
f 546/562/315 1526/559/315 547/559/315
f 424/412/316 1404/415/316 425/415/316
f 400/425/317 1380/422/317 401/422/317
f 482/563/318 1462/567/318 483/567/318
f 2/561/319 982/569/319 3/569/319
f 968/429/320 1948/435/320 969/435/320
f 50/578/321 1030/574/321 51/574/321
f 432/433/322 1412/436/322 433/436/322
f 538/584/323 1518/581/323 539/581/323
f 568/448/324 1548/444/324 569/444/324
f 392/450/325 1372/446/325 393/446/325
f 490/599/326 1470/603/326 491/603/326
f 530/605/327 1510/604/327 531/604/327
f 440/455/328 1420/456/328 441/456/328
f 42/610/329 1022/606/329 43/606/329
f 448/466/330 1428/468/330 449/468/330
f 10/613/331 990/617/331 11/617/331
f 72/477/332 1052/476/332 73/476/332
f 522/630/333 1502/628/333 523/628/333
f 456/489/334 1436/492/334 457/492/334
f 464/499/335 1444/500/335 465/500/335
f 560/511/336 1540/509/336 561/509/336
f 64/518/337 1044/512/337 65/512/337
f 18/642/338 998/644/338 19/644/338
f 514/647/339 1494/645/339 515/645/339
f 472/516/340 1452/520/340 473/520/340
f 976/519/341 1956/525/341 977/525/341
f 498/632/342 1478/649/342 499/649/342
f 552/535/343 1532/530/343 553/530/343
f 34/658/344 1014/654/344 35/654/344
f 80/544/345 1060/545/345 81/545/345
f 26/666/346 1006/670/346 27/670/346
f 506/677/347 1486/673/347 507/673/347
f 56/557/348 1036/552/348 57/552/348
f 242/680/349 1222/681/349 243/681/349
f 480/553/350 1460/558/350 481/558/350
f 250/691/351 1230/693/351 251/693/351
f 544/568/352 1524/565/352 545/565/352
f 258/701/353 1238/702/353 259/702/353
f 48/586/354 1028/582/354 49/582/354
f 234/710/355 1214/704/355 235/704/355
f 536/589/356 1516/587/356 537/587/356
f 488/590/357 1468/593/357 489/593/357
f 266/711/358 1246/712/358 267/712/358
f 274/725/359 1254/727/359 275/727/359
f 8/601/360 988/607/360 9/607/360
f 226/728/361 1206/726/361 227/726/361
f 528/612/362 1508/609/362 529/609/362
f 40/619/363 1020/614/363 41/614/363
f 282/741/364 1262/742/364 283/742/364
f 218/745/365 1198/743/365 219/743/365
f 496/623/366 1476/627/366 497/627/366
f 520/635/367 1500/633/367 521/633/367
f 290/755/368 1270/757/368 291/757/368
f 16/638/369 996/640/369 17/640/369
f 210/763/370 1190/762/370 211/762/370
f 512/655/371 1492/651/371 513/651/371
f 90/766/372 1070/769/372 91/769/372
f 24/660/373 1004/664/373 25/664/373
f 386/777/374 1366/775/374 387/775/374
f 32/668/375 1012/662/375 33/662/375
f 298/786/376 1278/787/376 299/787/376
f 202/796/377 1182/789/377 203/789/377
f 504/671/378 1484/675/378 505/675/378
f 338/803/379 1318/801/379 339/801/379
f 240/682/380 1220/679/380 241/679/380
f 346/808/381 1326/810/381 347/810/381
f 248/689/382 1228/690/382 249/690/382
f 256/699/383 1236/700/383 257/700/383
f 378/820/87 1358/797/87 379/797/87
f 264/708/384 1244/709/384 265/709/384
f 330/821/385 1310/818/385 331/818/385
f 232/716/386 1212/715/386 233/715/386
f 272/721/387 1252/723/387 273/723/387
f 224/732/388 1204/730/388 225/730/388
f 354/827/389 1334/831/389 355/831/389
f 306/834/390 1286/838/390 307/838/390
f 322/855/391 1302/850/391 323/850/391
f 280/737/392 1260/739/392 281/739/392
f 216/750/393 1196/747/393 217/747/393
f 370/856/394 1350/852/394 371/852/394
f 362/862/395 1342/867/395 363/867/395
f 288/751/396 1268/753/396 289/753/396
f 314/866/397 1294/870/397 315/870/397
f 194/883/398 1174/882/398 195/882/398
f 88/760/399 1068/764/399 89/764/399
f 208/767/400 1188/765/400 209/765/400
f 384/782/401 1364/780/401 385/780/401
f 296/781/402 1276/783/402 297/783/402
f 98/885/403 1078/889/403 99/889/403
f 344/804/404 1324/806/404 345/806/404
f 186/894/405 1166/892/405 187/892/405
f 336/807/406 1316/805/406 337/805/406
f 154/904/407 1134/903/407 155/903/407
f 162/907/408 1142/912/408 163/912/408
f 352/822/409 1332/824/409 353/824/409
f 146/915/410 1126/914/410 147/914/410
f 328/826/411 1308/823/411 329/823/411
f 304/825/412 1284/829/412 305/829/412
f 170/930/413 1150/934/413 171/934/413
f 376/833/414 1356/828/414 377/828/414
f 178/936/415 1158/933/415 179/933/415
f 200/843/416 1180/830/416 201/830/416
f 138/944/417 1118/935/417 139/935/417
f 130/954/418 1110/953/418 131/953/418
f 360/854/419 1340/858/419 361/858/419
f 106/959/420 1086/963/420 107/963/420
f 122/965/421 1102/964/421 123/964/421
f 312/857/422 1292/861/422 313/861/422
f 114/976/423 1094/975/423 115/975/423
f 320/863/424 1300/859/424 321/859/424
f 368/865/425 1348/860/425 369/860/425
f 96/875/426 1076/881/426 97/881/426
f 192/886/427 1172/884/427 193/884/427
f 184/896/428 1164/895/428 185/895/428
f 160/898/429 1140/897/429 161/897/429
f 152/906/430 1132/905/430 153/905/430
f 144/919/431 1124/917/431 145/917/431
f 168/925/432 1148/927/432 169/927/432
f 176/939/433 1156/938/433 177/938/433
f 136/946/434 1116/945/434 137/945/434
f 104/951/435 1084/955/435 105/955/435
f 128/957/436 1108/956/436 129/956/436
f 120/968/437 1100/966/437 121/966/437
f 112/979/438 1092/977/438 113/977/438
f 756/9/439 1736/8/439 757/8/439
f 764/7/440 1744/11/440 765/11/440
f 748/21/441 1728/19/441 749/19/441
f 740/31/442 1720/30/442 741/30/442
f 772/36/443 1752/37/443 773/37/443
f 780/47/444 1760/49/444 781/49/444
f 732/51/445 1712/48/445 733/48/445
f 788/61/446 1768/63/446 789/63/446
f 836/71/447 1816/72/447 837/72/447
f 844/80/448 1824/81/448 845/81/448
f 828/93/449 1808/90/449 829/90/449
f 852/92/450 1832/94/450 853/94/450
f 724/96/451 1704/67/451 725/67/451
f 820/111/452 1800/110/452 821/110/452
f 796/115/453 1776/118/453 797/118/453
f 804/131/454 1784/132/454 805/132/454
f 812/133/455 1792/130/455 813/130/455
f 860/116/456 1840/135/456 861/135/456
f 868/151/457 1848/152/457 869/152/457
f 716/156/458 1696/153/458 717/153/458
f 876/162/459 1856/163/459 877/163/459
f 708/174/460 1688/172/460 709/172/460
f 700/183/461 1680/181/461 701/181/461
f 692/191/462 1672/190/462 693/190/462
f 684/200/463 1664/199/463 685/199/463
f 676/208/464 1656/207/464 677/207/464
f 668/216/465 1648/215/465 669/215/465
f 884/221/466 1864/224/466 885/224/466
f 660/227/467 1640/225/467 661/225/467
f 652/241/468 1632/239/468 653/239/468
f 612/242/469 1592/243/469 613/243/469
f 892/240/470 1872/251/470 893/251/470
f 924/263/471 1904/258/471 925/258/471
f 604/272/472 1584/261/472 605/261/472
f 932/274/473 1912/276/473 933/276/473
f 620/280/474 1600/296/474 621/296/474
f 940/297/475 1920/300/475 941/300/475
f 596/302/476 1576/299/476 597/299/476
f 644/304/477 1624/301/477 645/301/477
f 916/318/478 1896/311/478 917/311/478
f 636/327/479 1616/325/479 637/325/479
f 628/334/480 1608/339/480 629/339/480
f 900/337/481 1880/344/481 901/344/481
f 908/355/482 1888/353/482 909/353/482
f 948/359/483 1928/360/483 949/360/483
f 588/363/484 1568/361/484 589/361/484
f 956/374/485 1936/376/485 957/376/485
f 580/380/486 1560/378/486 581/378/486
f 412/395/487 1392/393/487 413/393/487
f 964/390/488 1944/400/488 965/400/488
f 420/403/489 1400/405/489 421/405/489
f 404/414/490 1384/411/490 405/411/490
f 428/423/491 1408/424/491 429/424/491
f 572/426/492 1552/418/492 573/418/492
f 396/437/493 1376/434/493 397/434/493
f 436/445/494 1416/447/494 437/447/494
f 444/462/495 1424/463/495 445/463/495
f 76/473/496 1056/472/496 77/472/496
f 68/481/497 1048/480/497 69/480/497
f 452/484/498 1432/485/498 453/485/498
f 564/488/499 1544/467/499 565/467/499
f 972/460/500 1952/491/500 973/491/500
f 460/495/501 1440/496/501 461/496/501
f 468/507/502 1448/508/502 469/508/502
f 556/523/503 1536/521/503 557/521/503
f 476/529/504 1456/534/504 477/534/504
f 60/538/505 1040/532/505 61/532/505
f 84/549/506 1064/550/506 85/550/506
f 548/556/507 1528/547/507 549/547/507
f 52/570/508 1032/566/508 53/566/508
f 484/572/509 1464/576/509 485/576/509
f 540/579/510 1520/577/510 541/577/510
f 4/575/511 984/583/511 5/583/511
f 532/600/512 1512/597/512 533/597/512
f 44/602/513 1024/598/513 45/598/513
f 492/608/514 1472/611/514 493/611/514
f 524/625/515 1504/621/515 525/621/515
f 12/624/516 992/629/516 13/629/516
f 516/643/517 1496/641/517 517/641/517
f 20/646/518 1000/648/518 21/648/518
f 36/650/519 1016/631/519 37/631/519
f 500/653/326 1480/657/326 501/657/326
f 508/669/520 1488/665/520 509/665/520
f 28/674/521 1008/678/521 29/678/521
f 244/683/522 1224/685/522 245/685/522
f 252/694/523 1232/695/523 253/695/523
f 236/698/524 1216/692/524 237/692/524
f 260/703/525 1240/705/525 261/705/525
f 268/713/526 1248/714/526 269/714/526
f 228/724/527 1208/722/527 229/722/527
f 276/729/528 1256/731/528 277/731/528
f 220/740/529 1200/738/529 221/738/529
f 284/744/530 1264/746/530 285/746/530
f 212/759/531 1192/756/531 213/756/531
f 292/758/207 1272/761/207 293/761/207
f 92/770/532 1072/771/532 93/771/532
f 388/773/533 1368/469/533 389/469/533
f 204/784/534 1184/778/534 205/778/534
f 300/790/535 1280/793/535 301/793/535
f 380/794/536 1360/791/536 381/791/536
f 340/798/537 1320/799/537 341/799/537
f 348/812/538 1328/815/538 349/815/538
f 332/816/539 1312/814/539 333/814/539
f 356/835/540 1336/839/540 357/839/540
f 324/846/541 1304/840/541 325/840/541
f 308/842/542 1288/847/542 309/847/542
f 372/848/543 1352/844/543 373/844/543
f 364/871/544 1344/876/544 365/876/544
f 316/874/545 1296/877/545 317/877/545
f 196/880/546 1176/879/546 197/879/546
f 188/891/547 1168/890/547 189/890/547
f 156/902/548 1136/901/548 157/901/548
f 758/6/549 1738/5/549 759/5/549
f 766/14/550 1746/17/550 767/17/550
f 750/18/551 1730/16/551 751/16/551
f 100/893/552 1080/909/552 101/909/552
f 742/29/553 1722/28/553 743/28/553
f 148/913/554 1128/911/554 149/911/554
f 774/38/555 1754/40/555 775/40/555
f 164/916/556 1144/918/556 165/918/556
f 734/45/557 1714/42/557 735/42/557
f 140/929/558 1120/926/558 141/926/558
f 180/932/559 1160/931/559 181/931/559
f 172/942/560 1152/943/560 173/943/560
f 782/50/561 1762/52/561 783/52/561
f 132/952/562 1112/950/562 133/950/562
f 726/64/563 1706/62/563 727/62/563
f 124/962/564 1104/961/564 125/961/564
f 790/65/565 1770/66/565 791/66/565
f 108/967/566 1088/970/566 109/970/566
f 838/73/567 1818/74/567 839/74/567
f 116/973/568 1096/972/568 117/972/568
f 846/83/569 1826/85/569 847/85/569
f 830/87/570 1810/82/570 831/82/570
f 854/95/571 1834/99/571 855/99/571
f 822/108/572 1802/107/572 823/107/572
f 798/120/573 1778/122/573 799/122/573
f 814/126/574 1794/123/574 815/123/574
f 806/134/575 1786/136/575 807/136/575
f 862/142/576 1842/143/576 863/143/576
f 718/149/577 1698/146/577 719/146/577
f 870/154/578 1850/155/578 871/155/578
f 878/165/579 1858/166/579 879/166/579
f 710/171/580 1690/170/580 711/170/580
f 702/180/581 1682/179/581 703/179/581
f 694/189/582 1674/188/582 695/188/582
f 686/198/583 1666/196/583 687/196/583
f 678/206/584 1658/205/584 679/205/584
f 670/214/585 1650/213/585 671/213/585
f 662/223/586 1642/222/586 663/222/586
f 886/226/587 1866/229/587 887/229/587
f 654/237/588 1634/235/588 655/235/588
f 614/244/589 1594/245/589 615/245/589
f 606/257/590 1586/256/590 607/256/590
f 926/259/591 1906/260/591 927/260/591
f 894/267/592 1874/282/592 895/282/592
f 934/279/593 1914/283/593 935/283/593
f 598/294/594 1578/292/594 599/292/594
f 918/295/595 1898/275/595 919/275/595
f 646/298/596 1626/291/596 647/291/596
f 942/303/597 1922/306/597 943/306/597
f 622/307/598 1602/316/598 623/316/598
f 638/321/599 1618/319/599 639/319/599
f 630/341/600 1610/340/600 631/340/600
f 902/346/601 1882/347/601 903/347/601
f 910/350/602 1890/348/602 911/348/602
f 590/358/603 1570/356/603 591/356/603
f 950/362/604 1930/364/604 951/364/604
f 582/375/605 1562/373/605 583/373/605
f 958/377/606 1938/379/606 959/379/606
f 414/389/607 1394/392/607 415/392/607
f 406/408/608 1386/406/608 407/406/608
f 574/409/609 1554/391/609 575/391/609
f 422/407/610 1402/410/610 423/410/610
f 966/413/611 1946/421/611 967/421/611
f 430/427/612 1410/430/612 431/430/612
f 398/431/613 1378/428/613 399/428/613
f 438/451/614 1418/454/614 439/454/614
f 566/458/534 1546/452/534 567/452/534
f 390/461/615 1370/453/615 391/453/615
f 446/464/616 1426/465/616 447/465/616
f 78/471/617 1058/470/617 79/470/617
f 70/479/618 1050/478/618 71/478/618
f 454/486/619 1434/487/619 455/487/619
f 462/497/620 1442/498/620 463/498/620
f 974/506/621 1954/513/621 975/513/621
f 470/510/622 1450/514/622 471/514/622
f 558/517/623 1538/515/623 559/515/623
f 62/531/624 1042/524/624 63/524/624
f 550/541/625 1530/537/625 551/537/625
f 478/536/626 1458/542/626 479/542/626
f 86/551/627 1066/554/627 87/554/627
f 54/564/628 1034/560/628 55/560/628
f 542/573/629 1522/571/629 543/571/629
f 486/580/630 1466/585/630 487/585/630
f 46/594/631 1026/591/631 47/591/631
f 534/595/632 1514/592/632 535/592/632
f 6/588/633 986/596/633 7/596/633
f 526/618/634 1506/615/634 527/615/634
f 494/616/635 1474/620/635 495/620/635
f 38/626/636 1018/622/636 39/622/636
f 14/634/637 994/636/637 15/636/637
f 518/639/638 1498/637/638 519/637/638
f 22/652/639 1002/656/639 23/656/639
f 510/663/640 1490/659/640 511/659/640
f 502/661/641 1482/667/641 503/667/641
f 30/676/642 1010/672/642 31/672/642
f 246/686/643 1226/687/643 247/687/643
f 238/688/644 1218/684/644 239/684/644
f 254/696/645 1234/697/645 255/697/645
f 262/706/646 1242/707/646 263/707/646
f 270/717/647 1250/719/647 271/719/647
f 230/720/648 1210/718/648 231/718/648
f 278/733/649 1258/735/649 279/735/649
f 222/736/650 1202/734/650 223/734/650
f 286/748/651 1266/749/651 287/749/651
f 214/754/652 1194/752/652 215/752/652
f 206/774/653 1186/768/653 207/768/653
f 294/776/654 1274/779/654 295/779/654
f 382/788/655 1362/785/655 383/785/655
f 94/772/656 1074/792/656 95/792/656
f 342/800/657 1322/802/657 343/802/657
f 334/811/658 1314/809/658 335/809/658
f 302/795/659 1282/813/659 303/813/659
f 350/817/660 1330/819/660 351/819/660
f 326/836/661 1306/832/661 327/832/661
f 374/841/662 1354/837/662 375/837/662
f 358/845/663 1338/849/663 359/849/663
f 310/851/664 1290/853/664 311/853/664
f 318/872/665 1298/868/665 319/868/665
f 366/873/666 1346/869/666 367/869/666
f 198/878/667 1178/864/667 199/864/667
f 190/888/668 1170/887/668 191/887/668
f 158/900/669 1138/899/669 159/899/669
f 150/910/670 1130/908/670 151/908/670
f 166/920/671 1146/923/671 167/923/671
f 142/924/672 1122/921/672 143/921/672
f 182/928/673 1162/922/673 183/922/673
f 174/941/674 1154/940/674 175/940/674
f 102/937/675 1082/948/675 103/948/675
f 134/949/676 1114/947/676 135/947/676
f 126/960/677 1106/958/677 127/958/677
f 118/971/678 1098/969/678 119/969/678
f 110/974/679 1090/978/679 111/978/679
f 763/3/680 1743/7/680 764/7/680
f 755/10/681 1735/9/681 756/9/681
f 747/22/682 1727/21/682 748/21/682
f 739/32/683 1719/31/683 740/31/683
f 771/33/684 1751/36/684 772/36/684
f 779/46/685 1759/47/685 780/47/685
f 761/1/686 1741/2/686 762/2/686
f 731/53/687 1711/51/687 732/51/687
f 753/13/688 1733/12/688 754/12/688
f 787/59/689 1767/61/689 788/61/689
f 745/25/690 1725/24/690 746/24/690
f 835/70/691 1815/71/691 836/71/691
f 843/79/692 1823/80/692 844/80/692
f 769/23/693 1749/27/693 770/27/693
f 851/91/694 1831/92/694 852/92/694
f 737/35/695 1717/34/695 738/34/695
f 827/97/696 1807/93/696 828/93/696
f 723/113/697 1703/96/697 724/96/697
f 777/43/698 1757/44/698 778/44/698
f 785/55/699 1765/57/699 786/57/699
f 819/114/700 1799/111/700 820/111/700
f 729/58/701 1709/56/701 730/56/701
f 795/112/702 1775/115/702 796/115/702
f 833/68/703 1813/69/703 834/69/703
f 859/105/704 1839/116/704 860/116/704
f 803/129/705 1783/131/705 804/131/705
f 811/137/706 1791/133/706 812/133/706
f 841/76/707 1821/77/707 842/77/707
f 849/88/708 1829/89/708 850/89/708
f 867/150/709 1847/151/709 868/151/709
f 857/102/710 1837/103/710 858/103/710
f 715/160/711 1695/156/711 716/156/711
f 825/104/712 1805/101/712 826/101/712
f 793/98/713 1773/109/713 794/109/713
f 875/161/714 1855/162/714 876/162/714
f 817/119/715 1797/117/715 818/117/715
f 707/175/716 1687/174/716 708/174/716
f 801/125/717 1781/128/717 802/128/717
f 809/139/718 1789/140/718 810/140/718
f 699/184/719 1679/183/719 700/183/719
f 721/141/720 1701/127/720 722/127/720
f 691/192/721 1671/191/721 692/191/721
f 683/201/722 1663/200/722 684/200/722
f 865/147/723 1845/148/723 866/148/723
f 873/158/724 1853/159/724 874/159/724
f 675/209/725 1655/208/725 676/208/725
f 713/168/726 1693/164/726 714/164/726
f 667/217/727 1647/216/727 668/216/727
f 705/177/728 1685/176/728 706/176/728
f 883/197/729 1863/221/729 884/221/729
f 881/173/730 1861/182/730 882/182/730
f 659/228/731 1639/227/731 660/227/731
f 697/186/732 1677/185/732 698/185/732
f 689/194/733 1669/193/733 690/193/733
f 891/238/734 1871/240/734 892/240/734
f 611/246/735 1591/242/735 612/242/735
f 681/203/736 1661/202/736 682/202/736
f 673/211/280 1653/210/280 674/210/280
f 651/253/737 1631/241/737 652/241/737
f 665/219/738 1645/218/738 666/218/738
f 923/266/739 1903/263/739 924/263/739
f 657/232/740 1637/230/740 658/230/740
f 931/270/741 1911/274/741 932/274/741
f 889/234/742 1869/236/742 890/236/742
f 603/277/743 1583/272/743 604/272/743
f 609/250/744 1589/248/744 610/248/744
f 619/255/745 1599/280/745 620/280/745
f 617/249/746 1597/252/746 618/252/746
f 939/293/747 1919/297/747 940/297/747
f 929/265/748 1909/268/748 930/268/748
f 595/305/749 1575/302/749 596/302/749
f 921/271/750 1901/269/750 922/269/750
f 649/278/751 1629/264/751 650/264/751
f 643/308/752 1623/304/752 644/304/752
f 915/323/753 1895/318/753 916/318/753
f 601/284/754 1581/281/754 602/281/754
f 635/330/755 1615/327/755 636/327/755
f 937/287/756 1917/290/756 938/290/756
f 593/313/757 1573/309/757 594/309/757
f 627/331/758 1607/334/758 628/334/758
f 641/314/759 1621/312/759 642/312/759
f 899/332/760 1879/337/760 900/337/760
f 907/354/761 1887/355/761 908/355/761
f 947/357/762 1927/359/762 948/359/762
f 587/365/763 1567/363/763 588/363/763
f 625/322/764 1605/326/764 626/326/764
f 955/372/765 1935/374/765 956/374/765
f 897/324/766 1877/328/766 898/328/766
f 579/382/767 1559/380/767 580/380/767
f 633/335/768 1613/333/768 634/333/768
f 963/387/769 1943/390/769 964/390/769
f 411/397/770 1391/395/770 412/395/770
f 913/338/771 1893/329/771 914/329/771
f 419/401/772 1399/403/772 420/403/772
f 403/416/773 1383/414/773 404/414/773
f 945/315/774 1925/343/774 946/343/774
f 427/420/775 1407/423/775 428/423/775
f 905/351/776 1885/352/776 906/352/776
f 571/432/777 1551/426/777 572/426/777
f 585/369/778 1565/367/778 586/367/778
f 395/440/779 1375/437/779 396/437/779
f 953/368/780 1933/370/780 954/370/780
f 961/383/781 1941/385/781 962/385/781
f 577/386/782 1557/384/782 578/384/782
f 435/441/783 1415/445/783 436/445/783
f 971/449/784 1951/460/784 972/460/784
f 443/459/785 1423/462/785 444/462/785
f 417/396/786 1397/398/786 418/398/786
f 75/474/787 1055/473/787 76/473/787
f 409/402/788 1389/399/788 410/399/788
f 451/483/789 1431/484/789 452/484/789
f 425/415/790 1405/417/790 426/417/790
f 67/490/791 1047/481/791 68/481/791
f 401/422/792 1381/419/792 402/419/792
f 459/494/793 1439/495/793 460/495/793
f 433/436/794 1413/439/794 434/439/794
f 563/501/795 1543/488/795 564/488/795
f 969/435/796 1949/442/796 970/442/796
f 569/444/797 1549/438/797 570/438/797
f 393/446/798 1373/443/798 394/443/798
f 467/503/799 1447/507/799 468/507/799
f 555/526/800 1535/523/800 556/523/800
f 441/456/801 1421/457/801 442/457/801
f 475/527/802 1455/529/802 476/529/802
f 59/540/803 1039/538/803 60/538/803
f 73/476/804 1053/475/804 74/475/804
f 449/468/805 1429/482/805 450/482/805
f 83/548/806 1063/549/806 84/549/806
f 547/559/807 1527/556/807 548/556/807
f 457/492/808 1437/493/808 458/493/808
f 465/500/809 1445/502/809 466/502/809
f 561/509/810 1541/504/810 562/504/810
f 65/512/811 1045/505/811 66/505/811
f 483/567/812 1463/572/812 484/572/812
f 51/574/813 1031/570/813 52/570/813
f 3/569/814 983/575/814 4/575/814
f 539/581/815 1519/579/815 540/579/815
f 473/520/816 1453/522/816 474/522/816
f 553/530/815 1533/528/815 554/528/815
f 531/604/817 1511/600/817 532/600/817
f 977/525/818 1957/533/818 978/533/818
f 81/545/819 1061/546/819 82/546/819
f 43/606/820 1023/602/820 44/602/820
f 57/552/821 1037/543/821 58/543/821
f 491/603/822 1471/608/822 492/608/822
f 979/539/823 980/555/823 1/555/823
f 11/617/824 991/624/824 12/624/824
f 523/628/825 1503/625/825 524/625/825
f 515/645/826 1495/643/826 516/643/826
f 1/555/827 981/561/827 2/561/827
f 19/644/828 999/646/828 20/646/828
f 481/558/829 1461/563/829 482/563/829
f 545/565/830 1525/562/830 546/562/830
f 499/649/831 1479/653/831 500/653/831
f 49/582/832 1029/578/832 50/578/832
f 35/654/833 1015/650/833 36/650/833
f 537/587/834 1517/584/834 538/584/834
f 507/673/642 1487/669/642 508/669/642
f 27/670/378 1007/674/378 28/674/378
f 489/593/835 1469/599/835 490/599/835
f 243/681/836 1223/683/836 244/683/836
f 251/693/837 1231/694/837 252/694/837
f 529/609/838 1509/605/838 530/605/838
f 259/702/839 1239/703/839 260/703/839
f 235/704/840 1215/698/840 236/698/840
f 9/607/841 989/613/841 10/613/841
f 41/614/842 1021/610/842 42/610/842
f 497/627/843 1477/632/843 498/632/843
f 521/633/844 1501/630/844 522/630/844
f 267/712/845 1247/713/845 268/713/845
f 227/726/846 1207/724/846 228/724/846
f 17/640/847 997/642/847 18/642/847
f 513/651/848 1493/647/848 514/647/848
f 33/662/849 1013/658/849 34/658/849
f 275/727/850 1255/729/850 276/729/850
f 219/743/851 1199/740/851 220/740/851
f 25/664/852 1005/666/852 26/666/852
f 505/675/853 1485/677/853 506/677/853
f 283/742/854 1263/744/854 284/744/854
f 241/679/855 1221/680/855 242/680/855
f 291/757/856 1271/758/856 292/758/856
f 211/762/857 1191/759/857 212/759/857
f 249/690/858 1229/691/858 250/691/858
f 257/700/859 1237/701/859 258/701/859
f 265/709/860 1245/711/860 266/711/860
f 91/769/861 1071/770/861 92/770/861
f 233/715/862 1213/710/862 234/710/862
f 387/775/863 1367/773/863 388/773/863
f 203/789/864 1183/784/864 204/784/864
f 273/723/865 1253/725/865 274/725/865
f 225/730/866 1205/728/866 226/728/866
f 299/787/867 1279/790/867 300/790/867
f 281/739/868 1261/741/868 282/741/868
f 217/747/869 1197/745/869 218/745/869
f 379/797/870 1359/794/870 380/794/870
f 339/801/871 1319/798/871 340/798/871
f 289/753/872 1269/755/872 290/755/872
f 347/810/873 1327/812/873 348/812/873
f 331/818/874 1311/816/874 332/816/874
f 209/765/875 1189/763/875 210/763/875
f 89/764/876 1069/766/876 90/766/876
f 355/831/877 1335/835/877 356/835/877
f 385/780/878 1365/777/878 386/777/878
f 307/838/879 1287/842/879 308/842/879
f 297/783/880 1277/786/880 298/786/880
f 323/850/881 1303/846/881 324/846/881
f 337/805/882 1317/803/882 338/803/882
f 371/852/883 1351/848/883 372/848/883
f 345/806/884 1325/808/884 346/808/884
f 363/867/885 1343/871/885 364/871/885
f 329/823/886 1309/821/886 330/821/886
f 315/870/887 1295/874/887 316/874/887
f 195/882/888 1175/880/888 196/880/888
f 353/824/889 1333/827/889 354/827/889
f 377/828/890 1357/820/890 378/820/890
f 201/830/891 1181/796/891 202/796/891
f 187/892/892 1167/891/892 188/891/892
f 99/889/893 1079/893/893 100/893/893
f 305/829/894 1285/834/894 306/834/894
f 155/903/895 1135/902/895 156/902/895
f 147/914/896 1127/913/896 148/913/896
f 321/859/897 1301/855/897 322/855/897
f 163/912/898 1143/916/898 164/916/898
f 179/933/899 1159/932/899 180/932/899
f 369/860/900 1349/856/900 370/856/900
f 139/935/901 1119/929/901 140/929/901
f 361/858/902 1341/862/902 362/862/902
f 313/861/903 1293/866/903 314/866/903
f 193/884/904 1173/883/904 194/883/904
f 171/934/905 1151/942/905 172/942/905
f 131/953/906 1111/952/906 132/952/906
f 97/881/131 1077/885/131 98/885/131
f 185/895/907 1165/894/907 186/894/907
f 123/964/908 1103/962/908 124/962/908
f 153/905/909 1133/904/909 154/904/909
f 161/897/910 1141/907/910 162/907/910
f 107/963/911 1087/967/911 108/967/911
f 145/917/912 1125/915/912 146/915/912
f 115/975/913 1095/973/913 116/973/913
f 169/927/914 1149/930/914 170/930/914
f 177/938/915 1157/936/915 178/936/915
f 137/945/916 1117/944/916 138/944/916
f 129/956/917 1109/954/917 130/954/917
f 105/955/918 1085/959/918 106/959/918
f 121/966/919 1101/965/919 122/965/919
f 113/977/920 1093/976/920 114/976/920
f 757/8/921 1737/6/921 758/6/921
f 765/11/922 1745/14/922 766/14/922
f 749/19/923 1729/18/923 750/18/923
f 741/30/924 1721/29/924 742/29/924
f 773/37/925 1753/38/925 774/38/925
f 733/48/926 1713/45/926 734/45/926
f 781/49/927 1761/50/927 782/50/927
f 789/63/928 1769/65/928 790/65/928
f 725/67/929 1705/64/929 726/64/929
f 837/72/930 1817/73/930 838/73/930
f 845/81/931 1825/83/931 846/83/931
f 829/90/932 1809/87/932 830/87/932
f 853/94/933 1833/95/933 854/95/933
f 821/110/934 1801/108/934 822/108/934
f 797/118/935 1777/120/935 798/120/935
f 813/130/936 1793/126/936 814/126/936
f 805/132/937 1785/134/937 806/134/937
f 861/135/938 1841/142/938 862/142/938
f 717/153/939 1697/149/939 718/149/939
f 869/152/940 1849/154/940 870/154/940
f 877/163/941 1857/165/941 878/165/941
f 709/172/942 1689/171/942 710/171/942
f 701/181/943 1681/180/943 702/180/943
f 693/190/944 1673/189/944 694/189/944
f 685/199/945 1665/198/945 686/198/945
f 677/207/946 1657/206/946 678/206/946
f 669/215/947 1649/214/947 670/214/947
f 661/225/948 1641/223/948 662/223/948
f 885/224/949 1865/226/949 886/226/949
f 653/239/950 1633/237/950 654/237/950
f 613/243/951 1593/244/951 614/244/951
f 925/258/952 1905/259/952 926/259/952
f 605/261/953 1585/257/953 606/257/953
f 893/251/954 1873/267/954 894/267/954
f 933/276/955 1913/279/955 934/279/955
f 597/299/956 1577/294/956 598/294/956
f 645/301/957 1625/298/957 646/298/957
f 941/300/958 1921/303/958 942/303/958
f 621/296/959 1601/307/959 622/307/959
f 917/311/960 1897/295/960 918/295/960
f 637/325/961 1617/321/961 638/321/961
f 629/339/962 1609/341/962 630/341/962
f 901/344/963 1881/346/963 902/346/963
f 909/353/964 1889/350/964 910/350/964
f 589/361/965 1569/358/965 590/358/965
f 949/360/966 1929/362/966 950/362/966
f 957/376/967 1937/377/967 958/377/967
f 581/378/968 1561/375/968 582/375/968
f 413/393/969 1393/389/969 414/389/969
f 421/405/970 1401/407/970 422/407/970
f 405/411/971 1385/408/971 406/408/971
f 965/400/972 1945/413/972 966/413/972
f 573/418/973 1553/409/973 574/409/973
f 429/424/974 1409/427/974 430/427/974
f 397/434/975 1377/431/975 398/431/975
f 437/447/976 1417/451/976 438/451/976
f 445/463/977 1425/464/977 446/464/977
f 565/467/978 1545/458/978 566/458/978
f 389/469/186 1369/461/186 390/461/186
f 77/472/979 1057/471/979 78/471/979
f 69/480/980 1049/479/980 70/479/980
f 759/5/12 1738/5/12 1739/4/12
f 751/16/13 1730/16/13 1731/15/13
f 767/17/14 1746/17/14 1747/20/14
f 743/28/15 1722/28/15 1723/26/15
f 775/40/16 1754/40/16 1755/41/16
f 735/42/17 1714/42/17 1715/39/17
f 783/52/18 1762/52/18 1763/54/18
f 727/62/19 1706/62/19 1707/60/19
f 839/74/981 1818/74/981 1819/75/981
f 831/82/21 1810/82/21 1811/78/21
f 791/66/22 1770/66/22 1771/84/22
f 847/85/982 1826/85/982 1827/86/982
f 855/99/24 1834/99/24 1835/100/24
f 823/107/25 1802/107/25 1803/106/25
f 815/123/26 1794/123/26 1795/121/26
f 799/122/27 1778/122/27 1779/124/27
f 453/485/28 1432/485/28 1433/486/28
f 461/496/29 1440/496/29 1441/497/29
f 973/491/30 1952/491/30 1953/506/30
f 469/508/31 1448/508/31 1449/510/31
f 557/521/983 1536/521/983 1537/517/983
f 61/532/33 1040/532/33 1041/531/33
f 477/534/34 1456/534/34 1457/536/34
f 549/547/35 1528/547/35 1529/541/35
f 85/550/984 1064/550/984 1065/551/984
f 53/566/37 1032/566/37 1033/564/37
f 541/577/38 1520/577/38 1521/573/38
f 485/576/39 1464/576/39 1465/580/39
f 5/583/40 984/583/40 985/588/40
f 533/597/41 1512/597/41 1513/595/41
f 45/598/42 1024/598/42 1025/594/42
f 493/611/43 1472/611/43 1473/616/43
f 525/621/985 1504/621/985 1505/618/985
f 37/631/45 1016/631/45 1017/626/45
f 13/629/46 992/629/46 993/634/46
f 517/641/986 1496/641/986 1497/639/986
f 21/648/48 1000/648/48 1001/652/48
f 501/657/49 1480/657/49 1481/661/49
f 509/665/375 1488/665/375 1489/663/375
f 29/678/51 1008/678/51 1009/676/51
f 245/685/52 1224/685/52 1225/686/52
f 237/692/53 1216/692/53 1217/688/53
f 253/695/987 1232/695/987 1233/696/987
f 261/705/988 1240/705/988 1241/706/988
f 269/714/56 1248/714/56 1249/717/56
f 229/722/57 1208/722/57 1209/720/57
f 277/731/58 1256/731/58 1257/733/58
f 221/738/59 1200/738/59 1201/736/59
f 285/746/60 1264/746/60 1265/748/60
f 213/756/989 1192/756/989 1193/754/989
f 93/771/62 1072/771/62 1073/772/62
f 293/761/63 1272/761/63 1273/776/63
f 205/778/64 1184/778/64 1185/774/64
f 381/791/65 1360/791/65 1361/788/65
f 301/793/990 1280/793/990 1281/795/990
f 341/799/67 1320/799/67 1321/800/67
f 333/814/68 1312/814/68 1313/811/68
f 349/815/69 1328/815/69 1329/817/69
f 325/840/70 1304/840/70 1305/836/70
f 373/844/71 1352/844/71 1353/841/71
f 357/839/72 1336/839/72 1337/845/72
f 309/847/73 1288/847/73 1289/851/73
f 317/877/74 1296/877/74 1297/872/74
f 365/876/75 1344/876/75 1345/873/75
f 197/879/76 1176/879/76 1177/878/76
f 189/890/77 1168/890/77 1169/888/77
f 157/901/78 1136/901/78 1137/900/78
f 149/911/991 1128/911/991 1129/910/991
f 807/136/80 1786/136/80 1787/138/80
f 863/143/81 1842/143/81 1843/145/81
f 719/146/82 1698/146/82 1699/144/82
f 871/155/83 1850/155/83 1851/157/83
f 879/166/84 1858/166/84 1859/167/84
f 165/918/85 1144/918/85 1145/920/85
f 711/170/86 1690/170/86 1691/169/86
f 703/179/87 1682/179/87 1683/178/87
f 141/926/88 1120/926/88 1121/924/88
f 695/188/89 1674/188/89 1675/187/89
f 181/931/90 1160/931/90 1161/928/90
f 687/196/91 1666/196/91 1667/195/91
f 101/909/92 1080/909/92 1081/937/92
f 173/943/992 1152/943/992 1153/941/992
f 679/205/94 1658/205/94 1659/204/94
f 133/950/95 1112/950/95 1113/949/95
f 125/961/96 1104/961/96 1105/960/96
f 671/213/97 1650/213/97 1651/212/97
f 663/222/98 1642/222/98 1643/220/98
f 117/972/99 1096/972/99 1097/971/99
f 887/229/100 1866/229/100 1867/231/100
f 655/235/993 1634/235/993 1635/233/993
f 109/970/102 1088/970/102 1089/974/102
f 615/245/103 1594/245/103 1595/247/103
f 607/256/104 1586/256/104 1587/254/104
f 927/260/994 1906/260/994 1907/262/994
f 919/275/106 1898/275/106 1899/273/106
f 935/283/107 1914/283/107 1915/285/107
f 895/282/108 1874/282/108 1875/289/108
f 647/291/109 1626/291/109 1627/286/109
f 599/292/110 1578/292/110 1579/288/110
f 943/306/995 1922/306/995 1923/310/995
f 639/319/112 1618/319/112 1619/317/112
f 623/316/113 1602/316/113 1603/320/113
f 631/340/114 1610/340/114 1611/336/114
f 911/348/115 1890/348/115 1891/345/115
f 903/347/116 1882/347/116 1883/349/116
f 591/356/117 1570/356/117 1571/342/117
f 951/364/118 1930/364/118 1931/366/118
f 583/373/119 1562/373/119 1563/371/119
f 959/379/120 1938/379/120 1939/381/120
f 575/391/121 1554/391/121 1555/388/121
f 415/392/122 1394/392/122 1395/394/122
f 407/406/123 1386/406/123 1387/404/123
f 423/410/124 1402/410/124 1403/412/124
f 399/428/125 1378/428/125 1379/425/125
f 967/421/126 1946/421/126 1947/429/126
f 431/430/127 1410/430/127 1411/433/127
f 567/452/128 1546/452/128 1547/448/128
f 391/453/129 1370/453/129 1371/450/129
f 439/454/130 1418/454/130 1419/455/130
f 447/465/131 1426/465/131 1427/466/131
f 71/478/132 1050/478/132 1051/477/132
f 455/487/133 1434/487/133 1435/489/133
f 463/498/134 1442/498/134 1443/499/134
f 559/515/135 1538/515/135 1539/511/135
f 471/514/136 1450/514/136 1451/516/136
f 975/513/137 1954/513/137 1955/519/137
f 63/524/138 1042/524/138 1043/518/138
f 551/537/996 1530/537/996 1531/535/996
f 79/470/997 1058/470/997 1059/544/997
f 479/542/141 1458/542/141 1459/553/141
f 55/560/142 1034/560/142 1035/557/142
f 543/571/143 1522/571/143 1523/568/143
f 487/585/144 1466/585/144 1467/590/144
f 47/591/145 1026/591/145 1027/586/145
f 535/592/146 1514/592/146 1515/589/146
f 7/596/147 986/596/147 987/601/147
f 762/2/148 1741/2/148 1742/3/148
f 527/615/149 1506/615/149 1507/612/149
f 754/12/150 1733/12/150 1734/10/150
f 746/24/151 1725/24/151 1726/22/151
f 39/622/152 1018/622/152 1019/619/152
f 495/620/153 1474/620/153 1475/623/153
f 770/27/154 1749/27/154 1750/33/154
f 738/34/155 1717/34/155 1718/32/155
f 519/637/998 1498/637/998 1499/635/998
f 15/636/999 994/636/999 995/638/999
f 778/44/158 1757/44/158 1758/46/158
f 730/56/159 1709/56/159 1710/53/159
f 511/659/1000 1490/659/1000 1491/655/1000
f 23/656/1001 1002/656/1001 1003/660/1001
f 786/57/162 1765/57/162 1766/59/162
f 834/69/163 1813/69/163 1814/70/163
f 842/77/164 1821/77/164 1822/79/164
f 503/667/165 1482/667/165 1483/671/165
f 850/89/166 1829/89/166 1830/91/166
f 31/672/1002 1010/672/1002 1011/668/1002
f 826/101/168 1805/101/168 1806/97/168
f 239/684/169 1218/684/169 1219/682/169
f 858/103/170 1837/103/170 1838/105/170
f 794/109/171 1773/109/171 1774/112/171
f 247/687/172 1226/687/172 1227/689/172
f 818/117/173 1797/117/173 1798/114/173
f 255/697/174 1234/697/174 1235/699/174
f 263/707/175 1242/707/175 1243/708/175
f 722/127/176 1701/127/176 1702/113/176
f 231/718/177 1210/718/177 1211/716/177
f 271/719/178 1250/719/178 1251/721/178
f 802/128/179 1781/128/179 1782/129/179
f 223/734/180 1202/734/180 1203/732/180
f 279/735/181 1258/735/181 1259/737/181
f 287/749/182 1266/749/182 1267/751/182
f 215/752/183 1194/752/183 1195/750/183
f 810/140/184 1789/140/184 1790/137/184
f 87/554/185 1066/554/185 1067/760/185
f 207/768/186 1186/768/186 1187/767/186
f 760/4/187 1739/4/187 1740/1/187
f 866/148/188 1845/148/188 1846/150/188
f 295/779/189 1274/779/189 1275/781/189
f 752/15/190 1731/15/190 1732/13/190
f 874/159/191 1853/159/191 1854/161/191
f 383/785/192 1362/785/192 1363/782/192
f 714/164/193 1693/164/193 1694/160/193
f 768/20/194 1747/20/194 1748/23/194
f 744/26/195 1723/26/195 1724/25/195
f 343/802/196 1322/802/196 1323/804/196
f 335/809/197 1314/809/197 1315/807/197
f 736/39/198 1715/39/198 1716/35/198
f 706/176/199 1685/176/199 1686/175/199
f 698/185/200 1677/185/200 1678/184/200
f 351/819/201 1330/819/201 1331/822/201
f 776/41/202 1755/41/202 1756/43/202
f 690/193/203 1669/193/203 1670/192/203
f 303/813/204 1282/813/204 1283/825/204
f 784/54/205 1763/54/205 1764/55/205
f 728/60/206 1707/60/206 1708/58/206
f 882/182/207 1861/182/207 1862/197/207
f 327/832/208 1306/832/208 1307/826/208
f 682/202/209 1661/202/209 1662/201/209
f 840/75/210 1819/75/210 1820/76/210
f 674/210/211 1653/210/211 1654/209/211
f 832/78/212 1811/78/212 1812/68/212
f 375/837/213 1354/837/213 1355/833/213
f 666/218/214 1645/218/214 1646/217/214
f 658/230/215 1637/230/215 1638/228/215
f 848/86/216 1827/86/216 1828/88/216
f 792/84/217 1771/84/217 1772/98/217
f 890/236/218 1869/236/218 1870/238/218
f 359/849/219 1338/849/219 1339/854/219
f 856/100/1003 1835/100/1003 1836/102/1003
f 610/248/221 1589/248/221 1590/246/221
f 824/106/222 1803/106/222 1804/104/222
f 311/853/223 1290/853/223 1291/857/223
f 816/121/224 1795/121/224 1796/119/224
f 618/252/225 1597/252/225 1598/255/225
f 199/864/226 1178/864/226 1179/843/226
f 650/264/227 1629/264/227 1630/253/227
f 800/124/228 1779/124/228 1780/125/228
f 808/138/229 1787/138/229 1788/139/229
f 720/144/230 1699/144/230 1700/141/230
f 922/269/231 1901/269/231 1902/266/231
f 319/868/232 1298/868/232 1299/863/232
f 367/869/233 1346/869/233 1347/865/233
f 864/145/234 1843/145/234 1844/147/234
f 930/268/1004 1909/268/1004 1910/270/1004
f 872/157/236 1851/157/236 1852/158/236
f 602/281/1005 1581/281/1005 1582/277/1005
f 712/169/238 1691/169/238 1692/168/238
f 938/290/1006 1917/290/1006 1918/293/1006
f 880/167/240 1859/167/240 1860/173/240
f 594/309/241 1573/309/241 1574/305/241
f 704/178/242 1683/178/242 1684/177/242
f 95/792/243 1074/792/243 1075/875/243
f 642/312/244 1621/312/244 1622/308/244
f 696/187/245 1675/187/245 1676/186/245
f 914/329/246 1893/329/246 1894/323/246
f 191/887/247 1170/887/247 1171/886/247
f 688/195/248 1667/195/248 1668/194/248
f 159/899/249 1138/899/249 1139/898/249
f 626/326/250 1605/326/250 1606/331/250
f 680/204/251 1659/204/251 1660/203/251
f 898/328/252 1877/328/252 1878/332/252
f 151/908/253 1130/908/253 1131/906/253
f 634/333/254 1613/333/254 1614/330/254
f 143/921/255 1122/921/255 1123/919/255
f 672/212/256 1651/212/256 1652/211/256
f 183/922/257 1162/922/257 1163/896/257
f 906/352/258 1885/352/258 1886/354/258
f 664/220/259 1643/220/259 1644/219/259
f 946/343/260 1925/343/260 1926/357/260
f 167/923/261 1146/923/261 1147/925/261
f 586/367/262 1565/367/262 1566/365/262
f 175/940/263 1154/940/263 1155/939/263
f 135/947/264 1114/947/264 1115/946/264
f 656/233/265 1635/233/265 1636/232/265
f 954/370/266 1933/370/266 1934/372/266
f 578/384/267 1557/384/267 1558/382/267
f 888/231/268 1867/231/268 1868/234/268
f 103/948/269 1082/948/269 1083/951/269
f 616/247/1007 1595/247/1007 1596/249/1007
f 127/958/271 1106/958/271 1107/957/271
f 608/254/272 1587/254/272 1588/250/272
f 962/385/273 1941/385/273 1942/387/273
f 119/969/274 1098/969/274 1099/968/274
f 410/399/275 1389/399/275 1390/397/275
f 111/978/276 1090/978/276 1091/979/276
f 928/262/1008 1907/262/1008 1908/265/1008
f 920/273/1009 1899/273/1009 1900/271/1009
f 418/398/279 1397/398/279 1398/401/279
f 648/286/1010 1627/286/1010 1628/278/1010
f 402/419/281 1381/419/281 1382/416/281
f 936/285/1011 1915/285/1011 1916/287/1011
f 600/288/1012 1579/288/1012 1580/284/1012
f 426/417/284 1405/417/284 1406/420/284
f 570/438/285 1549/438/285 1550/432/285
f 944/310/286 1923/310/286 1924/315/286
f 640/317/287 1619/317/287 1620/314/287
f 434/439/288 1413/439/288 1414/441/288
f 394/443/289 1373/443/289 1374/440/289
f 624/320/290 1603/320/290 1604/322/290
f 896/289/291 1875/289/291 1876/324/291
f 970/442/292 1949/442/292 1950/449/292
f 632/336/293 1611/336/293 1612/335/293
f 442/457/294 1421/457/294 1422/459/294
f 592/342/295 1571/342/295 1572/313/295
f 74/475/296 1053/475/296 1054/474/296
f 912/345/297 1891/345/297 1892/338/297
f 450/482/298 1429/482/298 1430/483/298
f 458/493/299 1437/493/299 1438/494/299
f 466/502/300 1445/502/300 1446/503/300
f 562/504/301 1541/504/301 1542/501/301
f 904/349/302 1883/349/302 1884/351/302
f 66/505/303 1045/505/303 1046/490/303
f 952/366/304 1931/366/304 1932/368/304
f 584/371/305 1563/371/305 1564/369/305
f 474/522/306 1453/522/306 1454/527/306
f 554/528/307 1533/528/307 1534/526/307
f 978/533/308 1957/533/308 1958/539/308
f 960/381/309 1939/381/309 1940/383/309
f 58/543/310 1037/543/310 1038/540/310
f 576/388/311 1555/388/311 1556/386/311
f 82/546/312 1061/546/312 1062/548/312
f 416/394/313 1395/394/313 1396/396/313
f 408/404/314 1387/404/314 1388/402/314
f 546/562/315 1525/562/315 1526/559/315
f 424/412/316 1403/412/316 1404/415/316
f 400/425/317 1379/425/317 1380/422/317
f 482/563/318 1461/563/318 1462/567/318
f 2/561/319 981/561/319 982/569/319
f 968/429/320 1947/429/320 1948/435/320
f 50/578/1013 1029/578/1013 1030/574/1013
f 432/433/322 1411/433/322 1412/436/322
f 538/584/323 1517/584/323 1518/581/323
f 568/448/324 1547/448/324 1548/444/324
f 392/450/325 1371/450/325 1372/446/325
f 490/599/326 1469/599/326 1470/603/326
f 530/605/327 1509/605/327 1510/604/327
f 440/455/328 1419/455/328 1420/456/328
f 42/610/329 1021/610/329 1022/606/329
f 448/466/330 1427/466/330 1428/468/330
f 10/613/331 989/613/331 990/617/331
f 72/477/332 1051/477/332 1052/476/332
f 522/630/333 1501/630/333 1502/628/333
f 456/489/334 1435/489/334 1436/492/334
f 464/499/335 1443/499/335 1444/500/335
f 560/511/336 1539/511/336 1540/509/336
f 64/518/337 1043/518/337 1044/512/337
f 18/642/1014 997/642/1014 998/644/1014
f 514/647/1015 1493/647/1015 1494/645/1015
f 472/516/340 1451/516/340 1452/520/340
f 976/519/341 1955/519/341 1956/525/341
f 498/632/342 1477/632/342 1478/649/342
f 552/535/343 1531/535/343 1532/530/343
f 34/658/1016 1013/658/1016 1014/654/1016
f 80/544/1017 1059/544/1017 1060/545/1017
f 26/666/1018 1005/666/1018 1006/670/1018
f 506/677/347 1485/677/347 1486/673/347
f 56/557/348 1035/557/348 1036/552/348
f 242/680/349 1221/680/349 1222/681/349
f 480/553/350 1459/553/350 1460/558/350
f 250/691/351 1229/691/351 1230/693/351
f 544/568/1019 1523/568/1019 1524/565/1019
f 258/701/1020 1237/701/1020 1238/702/1020
f 48/586/354 1027/586/354 1028/582/354
f 234/710/355 1213/710/355 1214/704/355
f 536/589/356 1515/589/356 1516/587/356
f 488/590/357 1467/590/357 1468/593/357
f 266/711/358 1245/711/358 1246/712/358
f 274/725/359 1253/725/359 1254/727/359
f 8/601/1021 987/601/1021 988/607/1021
f 226/728/361 1205/728/361 1206/726/361
f 528/612/362 1507/612/362 1508/609/362
f 40/619/363 1019/619/363 1020/614/363
f 282/741/364 1261/741/364 1262/742/364
f 218/745/365 1197/745/365 1198/743/365
f 496/623/366 1475/623/366 1476/627/366
f 520/635/367 1499/635/367 1500/633/367
f 290/755/368 1269/755/368 1270/757/368
f 16/638/1022 995/638/1022 996/640/1022
f 210/763/370 1189/763/370 1190/762/370
f 512/655/1023 1491/655/1023 1492/651/1023
f 90/766/372 1069/766/372 1070/769/372
f 24/660/373 1003/660/373 1004/664/373
f 386/777/374 1365/777/374 1366/775/374
f 32/668/375 1011/668/375 1012/662/375
f 298/786/376 1277/786/376 1278/787/376
f 202/796/377 1181/796/377 1182/789/377
f 504/671/378 1483/671/378 1484/675/378
f 338/803/379 1317/803/379 1318/801/379
f 240/682/380 1219/682/380 1220/679/380
f 346/808/1024 1325/808/1024 1326/810/1024
f 248/689/382 1227/689/382 1228/690/382
f 256/699/383 1235/699/383 1236/700/383
f 378/820/87 1357/820/87 1358/797/87
f 264/708/384 1243/708/384 1244/709/384
f 330/821/385 1309/821/385 1310/818/385
f 232/716/386 1211/716/386 1212/715/386
f 272/721/387 1251/721/387 1252/723/387
f 224/732/388 1203/732/388 1204/730/388
f 354/827/389 1333/827/389 1334/831/389
f 306/834/390 1285/834/390 1286/838/390
f 322/855/391 1301/855/391 1302/850/391
f 280/737/392 1259/737/392 1260/739/392
f 216/750/393 1195/750/393 1196/747/393
f 370/856/394 1349/856/394 1350/852/394
f 362/862/395 1341/862/395 1342/867/395
f 288/751/1025 1267/751/1025 1268/753/1025
f 314/866/397 1293/866/397 1294/870/397
f 194/883/398 1173/883/398 1174/882/398
f 88/760/399 1067/760/399 1068/764/399
f 208/767/400 1187/767/400 1188/765/400
f 384/782/401 1363/782/401 1364/780/401
f 296/781/402 1275/781/402 1276/783/402
f 98/885/403 1077/885/403 1078/889/403
f 344/804/1026 1323/804/1026 1324/806/1026
f 186/894/405 1165/894/405 1166/892/405
f 336/807/406 1315/807/406 1316/805/406
f 154/904/407 1133/904/407 1134/903/407
f 162/907/408 1141/907/408 1142/912/408
f 352/822/409 1331/822/409 1332/824/409
f 146/915/410 1125/915/410 1126/914/410
f 328/826/411 1307/826/411 1308/823/411
f 304/825/412 1283/825/412 1284/829/412
f 170/930/413 1149/930/413 1150/934/413
f 376/833/414 1355/833/414 1356/828/414
f 178/936/1027 1157/936/1027 1158/933/1027
f 200/843/416 1179/843/416 1180/830/416
f 138/944/417 1117/944/417 1118/935/417
f 130/954/418 1109/954/418 1110/953/418
f 360/854/419 1339/854/419 1340/858/419
f 106/959/420 1085/959/420 1086/963/420
f 122/965/421 1101/965/421 1102/964/421
f 312/857/422 1291/857/422 1292/861/422
f 114/976/423 1093/976/423 1094/975/423
f 320/863/424 1299/863/424 1300/859/424
f 368/865/425 1347/865/425 1348/860/425
f 96/875/426 1075/875/426 1076/881/426
f 192/886/427 1171/886/427 1172/884/427
f 184/896/428 1163/896/428 1164/895/428
f 160/898/429 1139/898/429 1140/897/429
f 152/906/430 1131/906/430 1132/905/430
f 144/919/431 1123/919/431 1124/917/431
f 168/925/432 1147/925/432 1148/927/432
f 176/939/433 1155/939/433 1156/938/433
f 136/946/434 1115/946/434 1116/945/434
f 104/951/435 1083/951/435 1084/955/435
f 128/957/436 1107/957/436 1108/956/436
f 120/968/437 1099/968/437 1100/966/437
f 112/979/438 1091/979/438 1092/977/438
f 756/9/439 1735/9/439 1736/8/439
f 764/7/440 1743/7/440 1744/11/440
f 748/21/441 1727/21/441 1728/19/441
f 740/31/442 1719/31/442 1720/30/442
f 772/36/443 1751/36/443 1752/37/443
f 780/47/444 1759/47/444 1760/49/444
f 732/51/445 1711/51/445 1712/48/445
f 788/61/446 1767/61/446 1768/63/446
f 836/71/447 1815/71/447 1816/72/447
f 844/80/1028 1823/80/1028 1824/81/1028
f 828/93/449 1807/93/449 1808/90/449
f 852/92/450 1831/92/450 1832/94/450
f 724/96/451 1703/96/451 1704/67/451
f 820/111/452 1799/111/452 1800/110/452
f 796/115/453 1775/115/453 1776/118/453
f 804/131/454 1783/131/454 1784/132/454
f 812/133/455 1791/133/455 1792/130/455
f 860/116/1029 1839/116/1029 1840/135/1029
f 868/151/457 1847/151/457 1848/152/457
f 716/156/458 1695/156/458 1696/153/458
f 876/162/459 1855/162/459 1856/163/459
f 708/174/460 1687/174/460 1688/172/460
f 700/183/461 1679/183/461 1680/181/461
f 692/191/462 1671/191/462 1672/190/462
f 684/200/463 1663/200/463 1664/199/463
f 676/208/464 1655/208/464 1656/207/464
f 668/216/465 1647/216/465 1648/215/465
f 884/221/466 1863/221/466 1864/224/466
f 660/227/467 1639/227/467 1640/225/467
f 652/241/468 1631/241/468 1632/239/468
f 612/242/469 1591/242/469 1592/243/469
f 892/240/470 1871/240/470 1872/251/470
f 924/263/471 1903/263/471 1904/258/471
f 604/272/1030 1583/272/1030 1584/261/1030
f 932/274/1031 1911/274/1031 1912/276/1031
f 620/280/474 1599/280/474 1600/296/474
f 940/297/475 1919/297/475 1920/300/475
f 596/302/1032 1575/302/1032 1576/299/1032
f 644/304/477 1623/304/477 1624/301/477
f 916/318/478 1895/318/478 1896/311/478
f 636/327/479 1615/327/479 1616/325/479
f 628/334/480 1607/334/480 1608/339/480
f 900/337/481 1879/337/481 1880/344/481
f 908/355/482 1887/355/482 1888/353/482
f 948/359/483 1927/359/483 1928/360/483
f 588/363/484 1567/363/484 1568/361/484
f 956/374/485 1935/374/485 1936/376/485
f 580/380/486 1559/380/486 1560/378/486
f 412/395/487 1391/395/487 1392/393/487
f 964/390/488 1943/390/488 1944/400/488
f 420/403/489 1399/403/489 1400/405/489
f 404/414/490 1383/414/490 1384/411/490
f 428/423/491 1407/423/491 1408/424/491
f 572/426/492 1551/426/492 1552/418/492
f 396/437/493 1375/437/493 1376/434/493
f 436/445/494 1415/445/494 1416/447/494
f 444/462/495 1423/462/495 1424/463/495
f 76/473/496 1055/473/496 1056/472/496
f 68/481/497 1047/481/497 1048/480/497
f 452/484/498 1431/484/498 1432/485/498
f 564/488/499 1543/488/499 1544/467/499
f 972/460/500 1951/460/500 1952/491/500
f 460/495/501 1439/495/501 1440/496/501
f 468/507/502 1447/507/502 1448/508/502
f 556/523/503 1535/523/503 1536/521/503
f 476/529/504 1455/529/504 1456/534/504
f 60/538/505 1039/538/505 1040/532/505
f 84/549/506 1063/549/506 1064/550/506
f 548/556/507 1527/556/507 1528/547/507
f 52/570/508 1031/570/508 1032/566/508
f 484/572/509 1463/572/509 1464/576/509
f 540/579/510 1519/579/510 1520/577/510
f 4/575/511 983/575/511 984/583/511
f 532/600/1033 1511/600/1033 1512/597/1033
f 44/602/1034 1023/602/1034 1024/598/1034
f 492/608/514 1471/608/514 1472/611/514
f 524/625/515 1503/625/515 1504/621/515
f 12/624/516 991/624/516 992/629/516
f 516/643/517 1495/643/517 1496/641/517
f 20/646/1035 999/646/1035 1000/648/1035
f 36/650/1036 1015/650/1036 1016/631/1036
f 500/653/1037 1479/653/1037 1480/657/1037
f 508/669/520 1487/669/520 1488/665/520
f 28/674/521 1007/674/521 1008/678/521
f 244/683/1038 1223/683/1038 1224/685/1038
f 252/694/523 1231/694/523 1232/695/523
f 236/698/524 1215/698/524 1216/692/524
f 260/703/525 1239/703/525 1240/705/525
f 268/713/526 1247/713/526 1248/714/526
f 228/724/527 1207/724/527 1208/722/527
f 276/729/528 1255/729/528 1256/731/528
f 220/740/529 1199/740/529 1200/738/529
f 284/744/530 1263/744/530 1264/746/530
f 212/759/531 1191/759/531 1192/756/531
f 292/758/207 1271/758/207 1272/761/207
f 92/770/532 1071/770/532 1072/771/532
f 388/773/533 1367/773/533 1368/469/533
f 204/784/534 1183/784/534 1184/778/534
f 300/790/535 1279/790/535 1280/793/535
f 380/794/536 1359/794/536 1360/791/536
f 340/798/537 1319/798/537 1320/799/537
f 348/812/538 1327/812/538 1328/815/538
f 332/816/539 1311/816/539 1312/814/539
f 356/835/540 1335/835/540 1336/839/540
f 324/846/541 1303/846/541 1304/840/541
f 308/842/542 1287/842/542 1288/847/542
f 372/848/543 1351/848/543 1352/844/543
f 364/871/544 1343/871/544 1344/876/544
f 316/874/545 1295/874/545 1296/877/545
f 196/880/1039 1175/880/1039 1176/879/1039
f 188/891/547 1167/891/547 1168/890/547
f 156/902/548 1135/902/548 1136/901/548
f 758/6/549 1737/6/549 1738/5/549
f 766/14/550 1745/14/550 1746/17/550
f 750/18/551 1729/18/551 1730/16/551
f 100/893/552 1079/893/552 1080/909/552
f 742/29/553 1721/29/553 1722/28/553
f 148/913/554 1127/913/554 1128/911/554
f 774/38/555 1753/38/555 1754/40/555
f 164/916/556 1143/916/556 1144/918/556
f 734/45/557 1713/45/557 1714/42/557
f 140/929/558 1119/929/558 1120/926/558
f 180/932/1040 1159/932/1040 1160/931/1040
f 172/942/1041 1151/942/1041 1152/943/1041
f 782/50/561 1761/50/561 1762/52/561
f 132/952/562 1111/952/562 1112/950/562
f 726/64/563 1705/64/563 1706/62/563
f 124/962/564 1103/962/564 1104/961/564
f 790/65/565 1769/65/565 1770/66/565
f 108/967/566 1087/967/566 1088/970/566
f 838/73/1042 1817/73/1042 1818/74/1042
f 116/973/568 1095/973/568 1096/972/568
f 846/83/569 1825/83/569 1826/85/569
f 830/87/570 1809/87/570 1810/82/570
f 854/95/1043 1833/95/1043 1834/99/1043
f 822/108/572 1801/108/572 1802/107/572
f 798/120/573 1777/120/573 1778/122/573
f 814/126/574 1793/126/574 1794/123/574
f 806/134/575 1785/134/575 1786/136/575
f 862/142/576 1841/142/576 1842/143/576
f 718/149/577 1697/149/577 1698/146/577
f 870/154/578 1849/154/578 1850/155/578
f 878/165/579 1857/165/579 1858/166/579
f 710/171/580 1689/171/580 1690/170/580
f 702/180/581 1681/180/581 1682/179/581
f 694/189/582 1673/189/582 1674/188/582
f 686/198/583 1665/198/583 1666/196/583
f 678/206/584 1657/206/584 1658/205/584
f 670/214/585 1649/214/585 1650/213/585
f 662/223/586 1641/223/586 1642/222/586
f 886/226/587 1865/226/587 1866/229/587
f 654/237/588 1633/237/588 1634/235/588
f 614/244/589 1593/244/589 1594/245/589
f 606/257/590 1585/257/590 1586/256/590
f 926/259/1044 1905/259/1044 1906/260/1044
f 894/267/592 1873/267/592 1874/282/592
f 934/279/593 1913/279/593 1914/283/593
f 598/294/594 1577/294/594 1578/292/594
f 918/295/595 1897/295/595 1898/275/595
f 646/298/596 1625/298/596 1626/291/596
f 942/303/1045 1921/303/1045 1922/306/1045
f 622/307/598 1601/307/598 1602/316/598
f 638/321/599 1617/321/599 1618/319/599
f 630/341/600 1609/341/600 1610/340/600
f 902/346/601 1881/346/601 1882/347/601
f 910/350/602 1889/350/602 1890/348/602
f 590/358/603 1569/358/603 1570/356/603
f 950/362/604 1929/362/604 1930/364/604
f 582/375/605 1561/375/605 1562/373/605
f 958/377/606 1937/377/606 1938/379/606
f 414/389/607 1393/389/607 1394/392/607
f 406/408/608 1385/408/608 1386/406/608
f 574/409/609 1553/409/609 1554/391/609
f 422/407/610 1401/407/610 1402/410/610
f 966/413/611 1945/413/611 1946/421/611
f 430/427/612 1409/427/612 1410/430/612
f 398/431/613 1377/431/613 1378/428/613
f 438/451/614 1417/451/614 1418/454/614
f 566/458/534 1545/458/534 1546/452/534
f 390/461/615 1369/461/615 1370/453/615
f 446/464/616 1425/464/616 1426/465/616
f 78/471/617 1057/471/617 1058/470/617
f 70/479/618 1049/479/618 1050/478/618
f 454/486/619 1433/486/619 1434/487/619
f 462/497/620 1441/497/620 1442/498/620
f 974/506/621 1953/506/621 1954/513/621
f 470/510/622 1449/510/622 1450/514/622
f 558/517/1046 1537/517/1046 1538/515/1046
f 62/531/624 1041/531/624 1042/524/624
f 550/541/625 1529/541/625 1530/537/625
f 478/536/626 1457/536/626 1458/542/626
f 86/551/627 1065/551/627 1066/554/627
f 54/564/628 1033/564/628 1034/560/628
f 542/573/629 1521/573/629 1522/571/629
f 486/580/1047 1465/580/1047 1466/585/1047
f 46/594/631 1025/594/631 1026/591/631
f 534/595/632 1513/595/632 1514/592/632
f 6/588/633 985/588/633 986/596/633
f 526/618/634 1505/618/634 1506/615/634
f 494/616/1048 1473/616/1048 1474/620/1048
f 38/626/636 1017/626/636 1018/622/636
f 14/634/1049 993/634/1049 994/636/1049
f 518/639/1050 1497/639/1050 1498/637/1050
f 22/652/1051 1001/652/1051 1002/656/1051
f 510/663/640 1489/663/640 1490/659/640
f 502/661/852 1481/661/852 1482/667/852
f 30/676/642 1009/676/642 1010/672/642
f 246/686/643 1225/686/643 1226/687/643
f 238/688/644 1217/688/644 1218/684/644
f 254/696/645 1233/696/645 1234/697/645
f 262/706/646 1241/706/646 1242/707/646
f 270/717/647 1249/717/647 1250/719/647
f 230/720/648 1209/720/648 1210/718/648
f 278/733/649 1257/733/649 1258/735/649
f 222/736/650 1201/736/650 1202/734/650
f 286/748/651 1265/748/651 1266/749/651
f 214/754/652 1193/754/652 1194/752/652
f 206/774/653 1185/774/653 1186/768/653
f 294/776/654 1273/776/654 1274/779/654
f 382/788/655 1361/788/655 1362/785/655
f 94/772/656 1073/772/656 1074/792/656
f 342/800/657 1321/800/657 1322/802/657
f 334/811/658 1313/811/658 1314/809/658
f 302/795/659 1281/795/659 1282/813/659
f 350/817/660 1329/817/660 1330/819/660
f 326/836/661 1305/836/661 1306/832/661
f 374/841/662 1353/841/662 1354/837/662
f 358/845/663 1337/845/663 1338/849/663
f 310/851/1052 1289/851/1052 1290/853/1052
f 318/872/665 1297/872/665 1298/868/665
f 366/873/666 1345/873/666 1346/869/666
f 198/878/667 1177/878/667 1178/864/667
f 190/888/668 1169/888/668 1170/887/668
f 158/900/669 1137/900/669 1138/899/669
f 150/910/670 1129/910/670 1130/908/670
f 166/920/1053 1145/920/1053 1146/923/1053
f 142/924/672 1121/924/672 1122/921/672
f 182/928/673 1161/928/673 1162/922/673
f 174/941/674 1153/941/674 1154/940/674
f 102/937/675 1081/937/675 1082/948/675
f 134/949/676 1113/949/676 1114/947/676
f 126/960/677 1105/960/677 1106/958/677
f 118/971/678 1097/971/678 1098/969/678
f 110/974/679 1089/974/679 1090/978/679
f 763/3/680 1742/3/680 1743/7/680
f 755/10/681 1734/10/681 1735/9/681
f 747/22/682 1726/22/682 1727/21/682
f 739/32/683 1718/32/683 1719/31/683
f 771/33/684 1750/33/684 1751/36/684
f 779/46/685 1758/46/685 1759/47/685
f 761/1/686 1740/1/686 1741/2/686
f 731/53/687 1710/53/687 1711/51/687
f 753/13/688 1732/13/688 1733/12/688
f 787/59/689 1766/59/689 1767/61/689
f 745/25/690 1724/25/690 1725/24/690
f 835/70/691 1814/70/691 1815/71/691
f 843/79/1054 1822/79/1054 1823/80/1054
f 769/23/693 1748/23/693 1749/27/693
f 851/91/694 1830/91/694 1831/92/694
f 737/35/695 1716/35/695 1717/34/695
f 827/97/696 1806/97/696 1807/93/696
f 723/113/697 1702/113/697 1703/96/697
f 777/43/698 1756/43/698 1757/44/698
f 785/55/699 1764/55/699 1765/57/699
f 819/114/700 1798/114/700 1799/111/700
f 729/58/701 1708/58/701 1709/56/701
f 795/112/702 1774/112/702 1775/115/702
f 833/68/703 1812/68/703 1813/69/703
f 859/105/704 1838/105/704 1839/116/704
f 803/129/705 1782/129/705 1783/131/705
f 811/137/706 1790/137/706 1791/133/706
f 841/76/1055 1820/76/1055 1821/77/1055
f 849/88/1056 1828/88/1056 1829/89/1056
f 867/150/709 1846/150/709 1847/151/709
f 857/102/710 1836/102/710 1837/103/710
f 715/160/711 1694/160/711 1695/156/711
f 825/104/712 1804/104/712 1805/101/712
f 793/98/1057 1772/98/1057 1773/109/1057
f 875/161/714 1854/161/714 1855/162/714
f 817/119/715 1796/119/715 1797/117/715
f 707/175/716 1686/175/716 1687/174/716
f 801/125/717 1780/125/717 1781/128/717
f 809/139/718 1788/139/718 1789/140/718
f 699/184/719 1678/184/719 1679/183/719
f 721/141/720 1700/141/720 1701/127/720
f 691/192/721 1670/192/721 1671/191/721
f 683/201/722 1662/201/722 1663/200/722
f 865/147/723 1844/147/723 1845/148/723
f 873/158/724 1852/158/724 1853/159/724
f 675/209/725 1654/209/725 1655/208/725
f 713/168/1058 1692/168/1058 1693/164/1058
f 667/217/727 1646/217/727 1647/216/727
f 705/177/728 1684/177/728 1685/176/728
f 883/197/729 1862/197/729 1863/221/729
f 881/173/730 1860/173/730 1861/182/730
f 659/228/731 1638/228/731 1639/227/731
f 697/186/732 1676/186/732 1677/185/732
f 689/194/733 1668/194/733 1669/193/733
f 891/238/734 1870/238/734 1871/240/734
f 611/246/735 1590/246/735 1591/242/735
f 681/203/736 1660/203/736 1661/202/736
f 673/211/280 1652/211/280 1653/210/280
f 651/253/737 1630/253/737 1631/241/737
f 665/219/738 1644/219/738 1645/218/738
f 923/266/739 1902/266/739 1903/263/739
f 657/232/740 1636/232/740 1637/230/740
f 931/270/1059 1910/270/1059 1911/274/1059
f 889/234/742 1868/234/742 1869/236/742
f 603/277/743 1582/277/743 1583/272/743
f 609/250/1060 1588/250/1060 1589/248/1060
f 619/255/745 1598/255/745 1599/280/745
f 617/249/746 1596/249/746 1597/252/746
f 939/293/1061 1918/293/1061 1919/297/1061
f 929/265/748 1908/265/748 1909/268/748
f 595/305/1062 1574/305/1062 1575/302/1062
f 921/271/750 1900/271/750 1901/269/750
f 649/278/751 1628/278/751 1629/264/751
f 643/308/752 1622/308/752 1623/304/752
f 915/323/753 1894/323/753 1895/318/753
f 601/284/1063 1580/284/1063 1581/281/1063
f 635/330/755 1614/330/755 1615/327/755
f 937/287/1064 1916/287/1064 1917/290/1064
f 593/313/757 1572/313/757 1573/309/757
f 627/331/758 1606/331/758 1607/334/758
f 641/314/759 1620/314/759 1621/312/759
f 899/332/760 1878/332/760 1879/337/760
f 907/354/761 1886/354/761 1887/355/761
f 947/357/762 1926/357/762 1927/359/762
f 587/365/763 1566/365/763 1567/363/763
f 625/322/764 1604/322/764 1605/326/764
f 955/372/765 1934/372/765 1935/374/765
f 897/324/766 1876/324/766 1877/328/766
f 579/382/767 1558/382/767 1559/380/767
f 633/335/768 1612/335/768 1613/333/768
f 963/387/769 1942/387/769 1943/390/769
f 411/397/770 1390/397/770 1391/395/770
f 913/338/771 1892/338/771 1893/329/771
f 419/401/772 1398/401/772 1399/403/772
f 403/416/773 1382/416/773 1383/414/773
f 945/315/774 1924/315/774 1925/343/774
f 427/420/775 1406/420/775 1407/423/775
f 905/351/776 1884/351/776 1885/352/776
f 571/432/777 1550/432/777 1551/426/777
f 585/369/778 1564/369/778 1565/367/778
f 395/440/779 1374/440/779 1375/437/779
f 953/368/780 1932/368/780 1933/370/780
f 961/383/781 1940/383/781 1941/385/781
f 577/386/782 1556/386/782 1557/384/782
f 435/441/783 1414/441/783 1415/445/783
f 971/449/784 1950/449/784 1951/460/784
f 443/459/785 1422/459/785 1423/462/785
f 417/396/786 1396/396/786 1397/398/786
f 75/474/787 1054/474/787 1055/473/787
f 409/402/788 1388/402/788 1389/399/788
f 451/483/789 1430/483/789 1431/484/789
f 425/415/790 1404/415/790 1405/417/790
f 67/490/791 1046/490/791 1047/481/791
f 401/422/792 1380/422/792 1381/419/792
f 459/494/793 1438/494/793 1439/495/793
f 433/436/794 1412/436/794 1413/439/794
f 563/501/795 1542/501/795 1543/488/795
f 969/435/796 1948/435/796 1949/442/796
f 569/444/797 1548/444/797 1549/438/797
f 393/446/798 1372/446/798 1373/443/798
f 467/503/799 1446/503/799 1447/507/799
f 555/526/1065 1534/526/1065 1535/523/1065
f 441/456/801 1420/456/801 1421/457/801
f 475/527/802 1454/527/802 1455/529/802
f 59/540/803 1038/540/803 1039/538/803
f 73/476/804 1052/476/804 1053/475/804
f 449/468/805 1428/468/805 1429/482/805
f 83/548/1066 1062/548/1066 1063/549/1066
f 547/559/807 1526/559/807 1527/556/807
f 457/492/808 1436/492/808 1437/493/808
f 465/500/809 1444/500/809 1445/502/809
f 561/509/810 1540/509/810 1541/504/810
f 65/512/811 1044/512/811 1045/505/811
f 483/567/812 1462/567/812 1463/572/812
f 51/574/813 1030/574/813 1031/570/813
f 3/569/814 982/569/814 983/575/814
f 539/581/1067 1518/581/1067 1519/579/1067
f 473/520/816 1452/520/816 1453/522/816
f 553/530/815 1532/530/815 1533/528/815
f 531/604/817 1510/604/817 1511/600/817
f 977/525/818 1956/525/818 1957/533/818
f 81/545/819 1060/545/819 1061/546/819
f 43/606/1068 1022/606/1068 1023/602/1068
f 57/552/821 1036/552/821 1037/543/821
f 491/603/822 1470/603/822 1471/608/822
f 979/539/823 1958/539/823 980/555/823
f 11/617/824 990/617/824 991/624/824
f 523/628/825 1502/628/825 1503/625/825
f 515/645/1069 1494/645/1069 1495/643/1069
f 1/555/1070 980/555/1070 981/561/1070
f 19/644/1071 998/644/1071 999/646/1071
f 481/558/829 1460/558/829 1461/563/829
f 545/565/830 1524/565/830 1525/562/830
f 499/649/1072 1478/649/1072 1479/653/1072
f 49/582/832 1028/582/832 1029/578/832
f 35/654/833 1014/654/833 1015/650/833
f 537/587/834 1516/587/834 1517/584/834
f 507/673/642 1486/673/642 1487/669/642
f 27/670/378 1006/670/378 1007/674/378
f 489/593/835 1468/593/835 1469/599/835
f 243/681/836 1222/681/836 1223/683/836
f 251/693/837 1230/693/837 1231/694/837
f 529/609/838 1508/609/838 1509/605/838
f 259/702/1073 1238/702/1073 1239/703/1073
f 235/704/840 1214/704/840 1215/698/840
f 9/607/841 988/607/841 989/613/841
f 41/614/842 1020/614/842 1021/610/842
f 497/627/1074 1476/627/1074 1477/632/1074
f 521/633/1075 1500/633/1075 1501/630/1075
f 267/712/845 1246/712/845 1247/713/845
f 227/726/846 1206/726/846 1207/724/846
f 17/640/1076 996/640/1076 997/642/1076
f 513/651/1077 1492/651/1077 1493/647/1077
f 33/662/1078 1012/662/1078 1013/658/1078
f 275/727/850 1254/727/850 1255/729/850
f 219/743/1079 1198/743/1079 1199/740/1079
f 25/664/852 1004/664/852 1005/666/852
f 505/675/853 1484/675/853 1485/677/853
f 283/742/854 1262/742/854 1263/744/854
f 241/679/855 1220/679/855 1221/680/855
f 291/757/856 1270/757/856 1271/758/856
f 211/762/857 1190/762/857 1191/759/857
f 249/690/858 1228/690/858 1229/691/858
f 257/700/859 1236/700/859 1237/701/859
f 265/709/860 1244/709/860 1245/711/860
f 91/769/861 1070/769/861 1071/770/861
f 233/715/862 1212/715/862 1213/710/862
f 387/775/863 1366/775/863 1367/773/863
f 203/789/864 1182/789/864 1183/784/864
f 273/723/865 1252/723/865 1253/725/865
f 225/730/866 1204/730/866 1205/728/866
f 299/787/867 1278/787/867 1279/790/867
f 281/739/868 1260/739/868 1261/741/868
f 217/747/869 1196/747/869 1197/745/869
f 379/797/870 1358/797/870 1359/794/870
f 339/801/871 1318/801/871 1319/798/871
f 289/753/872 1268/753/872 1269/755/872
f 347/810/873 1326/810/873 1327/812/873
f 331/818/874 1310/818/874 1311/816/874
f 209/765/875 1188/765/875 1189/763/875
f 89/764/876 1068/764/876 1069/766/876
f 355/831/877 1334/831/877 1335/835/877
f 385/780/878 1364/780/878 1365/777/878
f 307/838/879 1286/838/879 1287/842/879
f 297/783/880 1276/783/880 1277/786/880
f 323/850/881 1302/850/881 1303/846/881
f 337/805/882 1316/805/882 1317/803/882
f 371/852/883 1350/852/883 1351/848/883
f 345/806/884 1324/806/884 1325/808/884
f 363/867/885 1342/867/885 1343/871/885
f 329/823/886 1308/823/886 1309/821/886
f 315/870/887 1294/870/887 1295/874/887
f 195/882/888 1174/882/888 1175/880/888
f 353/824/889 1332/824/889 1333/827/889
f 377/828/890 1356/828/890 1357/820/890
f 201/830/891 1180/830/891 1181/796/891
f 187/892/892 1166/892/892 1167/891/892
f 99/889/893 1078/889/893 1079/893/893
f 305/829/894 1284/829/894 1285/834/894
f 155/903/895 1134/903/895 1135/902/895
f 147/914/896 1126/914/896 1127/913/896
f 321/859/897 1300/859/897 1301/855/897
f 163/912/898 1142/912/898 1143/916/898
f 179/933/899 1158/933/899 1159/932/899
f 369/860/900 1348/860/900 1349/856/900
f 139/935/901 1118/935/901 1119/929/901
f 361/858/902 1340/858/902 1341/862/902
f 313/861/903 1292/861/903 1293/866/903
f 193/884/904 1172/884/904 1173/883/904
f 171/934/905 1150/934/905 1151/942/905
f 131/953/906 1110/953/906 1111/952/906
f 97/881/131 1076/881/131 1077/885/131
f 185/895/907 1164/895/907 1165/894/907
f 123/964/908 1102/964/908 1103/962/908
f 153/905/909 1132/905/909 1133/904/909
f 161/897/910 1140/897/910 1141/907/910
f 107/963/911 1086/963/911 1087/967/911
f 145/917/912 1124/917/912 1125/915/912
f 115/975/913 1094/975/913 1095/973/913
f 169/927/914 1148/927/914 1149/930/914
f 177/938/1080 1156/938/1080 1157/936/1080
f 137/945/916 1116/945/916 1117/944/916
f 129/956/917 1108/956/917 1109/954/917
f 105/955/918 1084/955/918 1085/959/918
f 121/966/919 1100/966/919 1101/965/919
f 113/977/920 1092/977/920 1093/976/920
f 757/8/921 1736/8/921 1737/6/921
f 765/11/922 1744/11/922 1745/14/922
f 749/19/923 1728/19/923 1729/18/923
f 741/30/924 1720/30/924 1721/29/924
f 773/37/925 1752/37/925 1753/38/925
f 733/48/926 1712/48/926 1713/45/926
f 781/49/927 1760/49/927 1761/50/927
f 789/63/928 1768/63/928 1769/65/928
f 725/67/929 1704/67/929 1705/64/929
f 837/72/1081 1816/72/1081 1817/73/1081
f 845/81/1082 1824/81/1082 1825/83/1082
f 829/90/932 1808/90/932 1809/87/932
f 853/94/933 1832/94/933 1833/95/933
f 821/110/934 1800/110/934 1801/108/934
f 797/118/935 1776/118/935 1777/120/935
f 813/130/936 1792/130/936 1793/126/936
f 805/132/937 1784/132/937 1785/134/937
f 861/135/938 1840/135/938 1841/142/938
f 717/153/939 1696/153/939 1697/149/939
f 869/152/940 1848/152/940 1849/154/940
f 877/163/941 1856/163/941 1857/165/941
f 709/172/942 1688/172/942 1689/171/942
f 701/181/943 1680/181/943 1681/180/943
f 693/190/944 1672/190/944 1673/189/944
f 685/199/945 1664/199/945 1665/198/945
f 677/207/946 1656/207/946 1657/206/946
f 669/215/947 1648/215/947 1649/214/947
f 661/225/948 1640/225/948 1641/223/948
f 885/224/949 1864/224/949 1865/226/949
f 653/239/950 1632/239/950 1633/237/950
f 613/243/951 1592/243/951 1593/244/951
f 925/258/952 1904/258/952 1905/259/952
f 605/261/1083 1584/261/1083 1585/257/1083
f 893/251/954 1872/251/954 1873/267/954
f 933/276/1084 1912/276/1084 1913/279/1084
f 597/299/956 1576/299/956 1577/294/956
f 645/301/957 1624/301/957 1625/298/957
f 941/300/958 1920/300/958 1921/303/958
f 621/296/959 1600/296/959 1601/307/959
f 917/311/960 1896/311/960 1897/295/960
f 637/325/961 1616/325/961 1617/321/961
f 629/339/962 1608/339/962 1609/341/962
f 901/344/963 1880/344/963 1881/346/963
f 909/353/964 1888/353/964 1889/350/964
f 589/361/965 1568/361/965 1569/358/965
f 949/360/966 1928/360/966 1929/362/966
f 957/376/967 1936/376/967 1937/377/967
f 581/378/968 1560/378/968 1561/375/968
f 413/393/969 1392/393/969 1393/389/969
f 421/405/970 1400/405/970 1401/407/970
f 405/411/971 1384/411/971 1385/408/971
f 965/400/972 1944/400/972 1945/413/972
f 573/418/973 1552/418/973 1553/409/973
f 429/424/974 1408/424/974 1409/427/974
f 397/434/975 1376/434/975 1377/431/975
f 437/447/976 1416/447/976 1417/451/976
f 445/463/977 1424/463/977 1425/464/977
f 565/467/978 1544/467/978 1545/458/978
f 389/469/186 1368/469/186 1369/461/186
f 77/472/979 1056/472/979 1057/471/979
f 69/480/980 1048/480/980 1049/479/980
