# Blender 5.0.1
# www.blender.org
mtllib TD_Healer.mtl
o 球
v 0.000000 0.247229 0.000000
v 0.137353 0.205563 0.000000
v 0.205563 0.137353 0.000000
v 0.242478 0.048232 0.000000
v 0.247229 0.000000 0.000000
v 0.242478 -0.048232 0.000000
v 0.205563 -0.137353 0.000000
v 0.000000 -0.247229 0.000000
v 0.047305 0.242478 0.009410
v 0.092793 0.228410 0.018458
v 0.134714 0.205563 0.026796
v 0.171458 0.174817 0.034105
v 0.201613 0.137353 0.040103
v 0.224021 0.094610 0.044561
v 0.237819 0.048232 0.047305
v 0.242478 0.000000 0.048232
v 0.237819 -0.048232 0.047305
v 0.224021 -0.094610 0.044561
v 0.201613 -0.137353 0.040103
v 0.171458 -0.174817 0.034105
v 0.134714 -0.205563 0.026796
v 0.092793 -0.228410 0.018458
v 0.047305 -0.242478 0.009410
v 0.044561 0.242478 0.018458
v 0.087409 0.228410 0.036206
v 0.126898 0.205563 0.052563
v 0.161510 0.174817 0.066900
v 0.189916 0.137353 0.078666
v 0.211023 0.094610 0.087409
v 0.224021 0.048232 0.092793
v 0.228410 0.000000 0.094610
v 0.224021 -0.048232 0.092793
v 0.211023 -0.094610 0.087409
v 0.189916 -0.137353 0.078666
v 0.161510 -0.174817 0.066900
v 0.126898 -0.205563 0.052563
v 0.087409 -0.228410 0.036206
v 0.044561 -0.242478 0.018458
v 0.040103 0.242478 0.026796
v 0.078666 0.228410 0.052563
v 0.114205 0.205563 0.076309
v 0.145355 0.174817 0.097123
v 0.170920 0.137353 0.114205
v 0.189916 0.094610 0.126898
v 0.201613 0.048232 0.134714
v 0.205563 0.000000 0.137353
v 0.201613 -0.048232 0.134714
v 0.189916 -0.094610 0.126898
v 0.170920 -0.137353 0.114205
v 0.145355 -0.174817 0.097123
v 0.114205 -0.205563 0.076309
v 0.078666 -0.228410 0.052563
v 0.040103 -0.242478 0.026796
v 0.034105 0.242478 0.034105
v 0.066900 0.228410 0.066900
v 0.097123 0.205563 0.097123
v 0.123614 0.174817 0.123614
v 0.145355 0.137353 0.145355
v 0.161510 0.094610 0.161510
v 0.171458 0.048232 0.171458
v 0.174817 0.000000 0.174817
v 0.171458 -0.048232 0.171458
v 0.161510 -0.094610 0.161510
v 0.145355 -0.137353 0.145355
v 0.123614 -0.174817 0.123614
v 0.097123 -0.205563 0.097123
v 0.066900 -0.228410 0.066900
v 0.034105 -0.242478 0.034105
v 0.026796 0.242478 0.040103
v 0.052563 0.228410 0.078666
v 0.076309 0.205563 0.114205
v 0.097123 0.174817 0.145355
v 0.114205 0.137353 0.170920
v 0.126898 0.094610 0.189916
v 0.134714 0.048232 0.201613
v 0.137353 0.000000 0.205563
v 0.134714 -0.048232 0.201613
v 0.126898 -0.094610 0.189916
v 0.114205 -0.137353 0.170920
v 0.097123 -0.174817 0.145355
v 0.076309 -0.205563 0.114205
v 0.052563 -0.228410 0.078666
v 0.026796 -0.242478 0.040103
v 0.018458 0.242478 0.044561
v 0.036206 0.228410 0.087409
v 0.052563 0.205563 0.126898
v 0.066900 0.174817 0.161510
v 0.078666 0.137353 0.189916
v 0.087409 0.094610 0.211023
v 0.092792 0.048232 0.224021
v 0.094610 0.000000 0.228410
v 0.092792 -0.048232 0.224021
v 0.087409 -0.094610 0.211023
v 0.078666 -0.137353 0.189916
v 0.066900 -0.174817 0.161510
v 0.052563 -0.205563 0.126898
v 0.036206 -0.228410 0.087409
v 0.018458 -0.242478 0.044561
v 0.009410 0.242478 0.047305
v 0.018458 0.228410 0.092792
v 0.026796 0.205563 0.134714
v 0.034105 0.174817 0.171458
v 0.040103 0.137353 0.201613
v 0.044561 0.094610 0.224021
v 0.047305 0.048232 0.237819
v 0.048232 0.000000 0.242478
v 0.047305 -0.048232 0.237819
v 0.044561 -0.094610 0.224021
v 0.040103 -0.137353 0.201613
v 0.034105 -0.174817 0.171458
v 0.026796 -0.205563 0.134714
v 0.018458 -0.228410 0.092792
v 0.009410 -0.242478 0.047305
v -0.000000 0.242478 0.048232
v -0.000000 0.228410 0.094610
v -0.000000 0.205563 0.137353
v -0.000000 0.174817 0.174817
v -0.000000 0.137353 0.205563
v 0.000000 0.094610 0.228410
v -0.000000 0.048232 0.242478
v -0.000000 0.000000 0.247229
v -0.000000 -0.048232 0.242478
v 0.000000 -0.094610 0.228410
v -0.000000 -0.137353 0.205563
v -0.000000 -0.174817 0.174817
v -0.000000 -0.205563 0.137353
v -0.000000 -0.228410 0.094610
v -0.000000 -0.242478 0.048232
v -0.009410 0.242478 0.047305
v -0.018458 0.228410 0.092792
v -0.026796 0.205563 0.134714
v -0.034105 0.174817 0.171458
v -0.040103 0.137353 0.201613
v -0.044561 0.094610 0.224021
v -0.047305 0.048232 0.237819
v -0.048232 0.000000 0.242478
v -0.047305 -0.048232 0.237819
v -0.044561 -0.094610 0.224021
v -0.040103 -0.137353 0.201613
v -0.034105 -0.174817 0.171458
v -0.026796 -0.205563 0.134714
v -0.018458 -0.228410 0.092792
v -0.009410 -0.242478 0.047305
v -0.018458 0.242478 0.044561
v -0.036206 0.228410 0.087409
v -0.052563 0.205563 0.126898
v -0.066900 0.174817 0.161510
v -0.078666 0.137353 0.189916
v -0.087409 0.094610 0.211023
v -0.092793 0.048232 0.224021
v -0.094610 0.000000 0.228410
v -0.092793 -0.048232 0.224021
v -0.087409 -0.094610 0.211023
v -0.078666 -0.137353 0.189916
v -0.066900 -0.174817 0.161510
v -0.052563 -0.205563 0.126898
v -0.036206 -0.228410 0.087409
v -0.018458 -0.242478 0.044561
v -0.026796 0.242478 0.040103
v -0.052563 0.228410 0.078666
v -0.076309 0.205563 0.114205
v -0.097123 0.174817 0.145355
v -0.114205 0.137353 0.170920
v -0.126898 0.094610 0.189916
v -0.134714 0.048232 0.201613
v -0.137353 0.000000 0.205563
v -0.134714 -0.048232 0.201613
v -0.126898 -0.094610 0.189916
v -0.114205 -0.137353 0.170920
v -0.097123 -0.174817 0.145355
v -0.076309 -0.205563 0.114205
v -0.052563 -0.228410 0.078666
v -0.026796 -0.242478 0.040103
v -0.034105 0.242478 0.034105
v -0.066900 0.228410 0.066900
v -0.097123 0.205563 0.097123
v -0.123614 0.174817 0.123614
v -0.145355 0.137353 0.145355
v -0.161510 0.094610 0.161510
v -0.171458 0.048232 0.171458
v -0.174817 0.000000 0.174817
v -0.171458 -0.048232 0.171458
v -0.161510 -0.094610 0.161510
v -0.145355 -0.137353 0.145355
v -0.123614 -0.174817 0.123614
v -0.097123 -0.205563 0.097123
v -0.066900 -0.228410 0.066900
v -0.034105 -0.242478 0.034105
v -0.040103 0.242478 0.026796
v -0.078666 0.228410 0.052563
v -0.114205 0.205563 0.076309
v -0.145355 0.174817 0.097123
v -0.170920 0.137353 0.114205
v -0.189916 0.094610 0.126898
v -0.201613 0.048232 0.134714
v -0.205563 0.000000 0.137353
v -0.201613 -0.048232 0.134714
v -0.189916 -0.094610 0.126898
v -0.170920 -0.137353 0.114205
v -0.145355 -0.174817 0.097123
v -0.114205 -0.205563 0.076309
v -0.078666 -0.228410 0.052563
v -0.040103 -0.242478 0.026796
v -0.044561 0.242478 0.018458
v -0.087409 0.228410 0.036206
v -0.126898 0.205563 0.052563
v -0.161510 0.174817 0.066900
v -0.189916 0.137353 0.078666
v -0.211023 0.094610 0.087409
v -0.224021 0.048232 0.092792
v -0.228410 0.000000 0.094610
v -0.224021 -0.048232 0.092792
v -0.211023 -0.094610 0.087409
v -0.189916 -0.137353 0.078666
v -0.161510 -0.174817 0.066900
v -0.126898 -0.205563 0.052563
v -0.087409 -0.228410 0.036206
v -0.044561 -0.242478 0.018458
v -0.047305 0.242478 0.009410
v -0.092792 0.228410 0.018458
v -0.134714 0.205563 0.026796
v -0.171458 0.174817 0.034105
v -0.201613 0.137353 0.040103
v -0.224021 0.094610 0.044561
v -0.237819 0.048232 0.047305
v -0.242478 0.000000 0.048232
v -0.237819 -0.048232 0.047305
v -0.224021 -0.094610 0.044561
v -0.201613 -0.137353 0.040103
v -0.171458 -0.174817 0.034105
v -0.134714 -0.205563 0.026796
v -0.092792 -0.228410 0.018458
v -0.047305 -0.242478 0.009410
v -0.048232 0.242478 -0.000000
v -0.094610 0.228410 -0.000000
v -0.137353 0.205563 -0.000000
v -0.174817 0.174817 -0.000000
v -0.205563 0.137353 -0.000000
v -0.228410 0.094610 -0.000000
v -0.242478 0.048232 -0.000000
v -0.247229 0.000000 -0.000000
v -0.242478 -0.048232 -0.000000
v -0.228410 -0.094610 -0.000000
v -0.205563 -0.137353 -0.000000
v -0.174817 -0.174817 -0.000000
v -0.137353 -0.205563 -0.000000
v -0.094610 -0.228410 -0.000000
v -0.048232 -0.242478 -0.000000
v -0.047305 0.242478 -0.009410
v -0.092792 0.228410 -0.018458
v -0.134714 0.205563 -0.026796
v -0.171458 0.174817 -0.034105
v -0.201613 0.137353 -0.040103
v -0.224021 0.094610 -0.044561
v -0.237819 0.048232 -0.047305
v -0.242478 0.000000 -0.048232
v -0.237819 -0.048232 -0.047305
v -0.224021 -0.094610 -0.044561
v -0.201613 -0.137353 -0.040103
v -0.171458 -0.174817 -0.034105
v -0.134714 -0.205563 -0.026796
v -0.092792 -0.228410 -0.018458
v -0.047305 -0.242478 -0.009410
v -0.044560 0.242478 -0.018458
v -0.087409 0.228410 -0.036206
v -0.126898 0.205563 -0.052563
v -0.161510 0.174817 -0.066900
v -0.189916 0.137353 -0.078666
v -0.211023 0.094610 -0.087409
v -0.224021 0.048232 -0.092793
v -0.228410 0.000000 -0.094610
v -0.224021 -0.048232 -0.092793
v -0.211023 -0.094610 -0.087409
v -0.189916 -0.137353 -0.078666
v -0.161510 -0.174817 -0.066900
v -0.126898 -0.205563 -0.052563
v -0.087409 -0.228410 -0.036206
v -0.044560 -0.242478 -0.018458
v -0.040103 0.242478 -0.026796
v -0.078666 0.228410 -0.052563
v -0.114205 0.205563 -0.076309
v -0.145355 0.174817 -0.097123
v -0.170920 0.137353 -0.114205
v -0.189916 0.094610 -0.126898
v -0.201613 0.048232 -0.134714
v -0.205563 0.000000 -0.137353
v -0.201613 -0.048232 -0.134714
v -0.189916 -0.094610 -0.126898
v -0.170920 -0.137353 -0.114205
v -0.145355 -0.174817 -0.097123
v -0.114205 -0.205563 -0.076309
v -0.078666 -0.228410 -0.052563
v -0.040103 -0.242478 -0.026796
v -0.034105 0.242478 -0.034105
v -0.066900 0.228410 -0.066900
v -0.097123 0.205563 -0.097123
v -0.123614 0.174817 -0.123614
v -0.145355 0.137353 -0.145355
v -0.161510 0.094610 -0.161510
v -0.171458 0.048232 -0.171458
v -0.174817 0.000000 -0.174817
v -0.171458 -0.048232 -0.171458
v -0.161510 -0.094610 -0.161510
v -0.145355 -0.137353 -0.145355
v -0.123614 -0.174817 -0.123614
v -0.097123 -0.205563 -0.097123
v -0.066900 -0.228410 -0.066900
v -0.034105 -0.242478 -0.034105
v -0.026796 0.242478 -0.040103
v -0.052563 0.228410 -0.078666
v -0.076309 0.205563 -0.114205
v -0.097123 0.174817 -0.145355
v -0.114205 0.137353 -0.170920
v -0.126898 0.094610 -0.189916
v -0.134714 0.048232 -0.201613
v -0.137353 0.000000 -0.205563
v -0.134714 -0.048232 -0.201613
v -0.126898 -0.094610 -0.189916
v -0.114205 -0.137353 -0.170920
v -0.097123 -0.174817 -0.145355
v -0.076309 -0.205563 -0.114205
v -0.052563 -0.228410 -0.078666
v -0.026796 -0.242478 -0.040103
v -0.018458 0.242478 -0.044560
v -0.036206 0.228410 -0.087409
v -0.052563 0.205563 -0.126898
v -0.066900 0.174817 -0.161510
v -0.078666 0.137353 -0.189916
v -0.087409 0.094610 -0.211023
v -0.092792 0.048232 -0.224021
v -0.094610 0.000000 -0.228410
v -0.092792 -0.048232 -0.224021
v -0.087409 -0.094610 -0.211023
v -0.078666 -0.137353 -0.189916
v -0.066900 -0.174817 -0.161510
v -0.052563 -0.205563 -0.126898
v -0.036206 -0.228410 -0.087409
v -0.018458 -0.242478 -0.044560
v -0.009410 0.242478 -0.047305
v -0.018458 0.228410 -0.092792
v -0.026796 0.205563 -0.134714
v -0.034105 0.174817 -0.171458
v -0.040103 0.137353 -0.201613
v -0.044560 0.094610 -0.224021
v -0.047305 0.048232 -0.237819
v -0.048232 0.000000 -0.242478
v -0.047305 -0.048232 -0.237819
v -0.044560 -0.094610 -0.224021
v -0.040103 -0.137353 -0.201613
v -0.034105 -0.174817 -0.171458
v -0.026796 -0.205563 -0.134714
v -0.018458 -0.228410 -0.092792
v -0.009410 -0.242478 -0.047305
v 0.000000 0.242478 -0.048232
v 0.000000 0.228410 -0.094610
v 0.000000 0.205563 -0.137353
v 0.000000 0.174817 -0.174817
v 0.000000 0.137353 -0.205563
v 0.000000 0.094610 -0.228410
v 0.000000 0.048232 -0.242478
v 0.000000 0.000000 -0.247229
v 0.000000 -0.048232 -0.242478
v 0.000000 -0.094610 -0.228410
v 0.000000 -0.137353 -0.205563
v 0.000000 -0.174817 -0.174817
v 0.000000 -0.205563 -0.137353
v 0.000000 -0.228410 -0.094610
v 0.000000 -0.242478 -0.048232
v 0.009410 0.242478 -0.047305
v 0.018458 0.228410 -0.092792
v 0.026796 0.205563 -0.134714
v 0.034105 0.174817 -0.171458
v 0.040103 0.137353 -0.201613
v 0.044561 0.094610 -0.224021
v 0.047305 0.048232 -0.237819
v 0.048232 0.000000 -0.242478
v 0.047305 -0.048232 -0.237819
v 0.044561 -0.094610 -0.224021
v 0.040103 -0.137353 -0.201613
v 0.034105 -0.174817 -0.171458
v 0.026796 -0.205563 -0.134714
v 0.018458 -0.228410 -0.092792
v 0.009410 -0.242478 -0.047305
v 0.018458 0.242478 -0.044560
v 0.036206 0.228410 -0.087409
v 0.052563 0.205563 -0.126898
v 0.066900 0.174817 -0.161510
v 0.078666 0.137353 -0.189916
v 0.087409 0.094610 -0.211023
v 0.092793 0.048232 -0.224021
v 0.094610 0.000000 -0.228409
v 0.092793 -0.048232 -0.224021
v 0.087409 -0.094610 -0.211023
v 0.078666 -0.137353 -0.189916
v 0.066900 -0.174817 -0.161510
v 0.052563 -0.205563 -0.126898
v 0.036206 -0.228410 -0.087409
v 0.018458 -0.242478 -0.044560
v 0.026796 0.242478 -0.040103
v 0.052563 0.228410 -0.078666
v 0.076309 0.205563 -0.114205
v 0.097123 0.174817 -0.145355
v 0.114205 0.137353 -0.170920
v 0.126898 0.094610 -0.189916
v 0.134714 0.048232 -0.201613
v 0.137353 0.000000 -0.205563
v 0.134714 -0.048232 -0.201613
v 0.126898 -0.094610 -0.189916
v 0.114205 -0.137353 -0.170920
v 0.097123 -0.174817 -0.145355
v 0.076309 -0.205563 -0.114205
v 0.052563 -0.228410 -0.078666
v 0.026796 -0.242478 -0.040103
v 0.034105 0.242478 -0.034105
v 0.066900 0.228410 -0.066900
v 0.097123 0.205563 -0.097123
v 0.123614 0.174817 -0.123614
v 0.145355 0.137353 -0.145355
v 0.161510 0.094610 -0.161510
v 0.171458 0.048232 -0.171458
v 0.174817 0.000000 -0.174817
v 0.171458 -0.048232 -0.171458
v 0.161510 -0.094610 -0.161510
v 0.145355 -0.137353 -0.145355
v 0.123614 -0.174817 -0.123614
v 0.097123 -0.205563 -0.097123
v 0.066900 -0.228410 -0.066900
v 0.034105 -0.242478 -0.034105
v 0.040103 0.242478 -0.026796
v 0.078666 0.228410 -0.052563
v 0.114205 0.205563 -0.076309
v 0.145355 0.174817 -0.097123
v 0.170920 0.137353 -0.114205
v 0.189916 0.094610 -0.126898
v 0.201613 0.048232 -0.134714
v 0.205563 0.000000 -0.137353
v 0.201613 -0.048232 -0.134714
v 0.189916 -0.094610 -0.126898
v 0.170920 -0.137353 -0.114205
v 0.145355 -0.174817 -0.097123
v 0.114205 -0.205563 -0.076309
v 0.078666 -0.228410 -0.052563
v 0.040103 -0.242478 -0.026796
v 0.044560 0.242478 -0.018458
v 0.087409 0.228410 -0.036206
v 0.126898 0.205563 -0.052563
v 0.161510 0.174817 -0.066900
v 0.189916 0.137353 -0.078666
v 0.211023 0.094610 -0.087409
v 0.224021 0.048232 -0.092792
v 0.228410 0.000000 -0.094610
v 0.224021 -0.048232 -0.092792
v 0.211023 -0.094610 -0.087409
v 0.189916 -0.137353 -0.078666
v 0.161510 -0.174817 -0.066900
v 0.126898 -0.205563 -0.052563
v 0.087409 -0.228410 -0.036206
v 0.044560 -0.242478 -0.018458
v 0.047305 0.242478 -0.009410
v 0.092792 0.228410 -0.018458
v 0.134714 0.205563 -0.026796
v 0.171458 0.174817 -0.034105
v 0.201613 0.137353 -0.040103
v 0.224021 0.094610 -0.044560
v 0.237819 0.048232 -0.047305
v 0.242478 0.000000 -0.048232
v 0.237819 -0.048232 -0.047305
v 0.224021 -0.094610 -0.044560
v 0.201613 -0.137353 -0.040103
v 0.171458 -0.174817 -0.034105
v 0.134714 -0.205563 -0.026796
v 0.092792 -0.228410 -0.018458
v 0.047305 -0.242478 -0.009410
v 0.048232 0.242478 0.000000
v 0.094610 0.228410 0.000000
v 0.174817 0.174817 0.000000
v 0.228410 0.094610 0.000000
v 0.228410 -0.094610 0.000000
v 0.174817 -0.174817 0.000000
v 0.137353 -0.205563 0.000000
v 0.094610 -0.228410 0.000000
v 0.048232 -0.242478 0.000000
v -0.000000 0.025735 0.264910
v 0.014297 0.021397 0.264910
v 0.021397 0.014297 0.264910
v 0.025240 0.005021 0.264910
v 0.025734 0.000000 0.264910
v 0.025240 -0.005021 0.264910
v 0.021397 -0.014297 0.264910
v -0.000000 -0.025735 0.264910
v 0.004924 0.025240 0.265890
v 0.009659 0.023776 0.266832
v 0.014023 0.021397 0.267700
v 0.017847 0.018197 0.268460
v 0.020986 0.014297 0.269085
v 0.023319 0.009848 0.269549
v 0.024755 0.005021 0.269834
v 0.025240 0.000000 0.269931
v 0.024755 -0.005021 0.269834
v 0.023319 -0.009848 0.269549
v 0.020986 -0.014297 0.269085
v 0.017847 -0.018197 0.268460
v 0.014023 -0.021397 0.267700
v 0.009659 -0.023776 0.266832
v 0.004924 -0.025240 0.265890
v 0.004638 0.025240 0.266832
v 0.009099 0.023776 0.268679
v 0.013209 0.021397 0.270382
v 0.016812 0.018197 0.271874
v 0.019769 0.014297 0.273099
v 0.021966 0.009848 0.274009
v 0.023319 0.005021 0.274569
v 0.023776 0.000000 0.274758
v 0.023319 -0.005021 0.274569
v 0.021966 -0.009848 0.274009
v 0.019769 -0.014297 0.273099
v 0.016812 -0.018197 0.271874
v 0.013209 -0.021397 0.270382
v 0.009099 -0.023776 0.268679
v 0.004638 -0.025240 0.266832
v 0.004174 0.025240 0.267700
v 0.008188 0.023776 0.270382
v 0.011888 0.021397 0.272853
v 0.015130 0.018197 0.275020
v 0.017791 0.014297 0.276798
v 0.019769 0.009848 0.278119
v 0.020986 0.005021 0.278933
v 0.021397 0.000000 0.279208
v 0.020986 -0.005021 0.278933
v 0.019769 -0.009848 0.278119
v 0.017791 -0.014297 0.276798
v 0.015130 -0.018197 0.275020
v 0.011888 -0.021397 0.272853
v 0.008188 -0.023776 0.270382
v 0.004174 -0.025240 0.267700
v 0.003550 0.025240 0.268460
v 0.006964 0.023776 0.271874
v 0.010110 0.021397 0.275020
v 0.012867 0.018197 0.277778
v 0.015130 0.014297 0.280041
v 0.016812 0.009848 0.281722
v 0.017847 0.005021 0.282758
v 0.018197 0.000000 0.283107
v 0.017847 -0.005021 0.282758
v 0.016812 -0.009848 0.281722
v 0.015130 -0.014297 0.280041
v 0.012867 -0.018197 0.277778
v 0.010110 -0.021397 0.275020
v 0.006964 -0.023776 0.271874
v 0.003550 -0.025240 0.268460
v 0.002789 0.025240 0.269085
v 0.005471 0.023776 0.273099
v 0.007943 0.021397 0.276798
v 0.010110 0.018197 0.280041
v 0.011888 0.014297 0.282702
v 0.013209 0.009848 0.284679
v 0.014023 0.005021 0.285897
v 0.014297 0.000000 0.286308
v 0.014023 -0.005021 0.285897
v 0.013209 -0.009848 0.284679
v 0.011888 -0.014297 0.282702
v 0.010110 -0.018197 0.280041
v 0.007943 -0.021397 0.276798
v 0.005471 -0.023776 0.273099
v 0.002789 -0.025240 0.269085
v 0.001921 0.025240 0.269549
v 0.003769 0.023776 0.274009
v 0.005471 0.021397 0.278119
v 0.006964 0.018197 0.281722
v 0.008188 0.014297 0.284679
v 0.009099 0.009848 0.286876
v 0.009659 0.005021 0.288229
v 0.009848 0.000000 0.288686
v 0.009659 -0.005021 0.288229
v 0.009099 -0.009848 0.286876
v 0.008188 -0.014297 0.284679
v 0.006964 -0.018197 0.281722
v 0.005471 -0.021397 0.278119
v 0.003769 -0.023776 0.274009
v 0.001921 -0.025240 0.269549
v 0.000979 0.025240 0.269834
v 0.001921 0.023776 0.274569
v 0.002789 0.021397 0.278933
v 0.003550 0.018197 0.282758
v 0.004174 0.014297 0.285897
v 0.004638 0.009848 0.288229
v 0.004924 0.005021 0.289665
v 0.005021 0.000000 0.290150
v 0.004924 -0.005021 0.289665
v 0.004638 -0.009848 0.288229
v 0.004174 -0.014297 0.285897
v 0.003550 -0.018197 0.282758
v 0.002789 -0.021397 0.278933
v 0.001921 -0.023776 0.274569
v 0.000979 -0.025240 0.269834
v -0.000000 0.025240 0.269931
v -0.000000 0.023776 0.274758
v -0.000000 0.021397 0.279208
v -0.000000 0.018197 0.283107
v -0.000000 0.014297 0.286308
v -0.000000 0.009848 0.288686
v -0.000000 0.005021 0.290150
v -0.000000 0.000000 0.290645
v -0.000000 -0.005021 0.290150
v -0.000000 -0.009848 0.288686
v -0.000000 -0.014297 0.286308
v -0.000000 -0.018197 0.283107
v -0.000000 -0.021397 0.279208
v -0.000000 -0.023776 0.274758
v -0.000000 -0.025240 0.269931
v -0.000979 0.025240 0.269834
v -0.001921 0.023776 0.274569
v -0.002789 0.021397 0.278933
v -0.003550 0.018197 0.282758
v -0.004174 0.014297 0.285897
v -0.004638 0.009848 0.288229
v -0.004924 0.005021 0.289665
v -0.005021 0.000000 0.290150
v -0.004924 -0.005021 0.289665
v -0.004638 -0.009848 0.288229
v -0.004174 -0.014297 0.285897
v -0.003550 -0.018197 0.282758
v -0.002789 -0.021397 0.278933
v -0.001921 -0.023776 0.274569
v -0.000979 -0.025240 0.269834
v -0.001921 0.025240 0.269549
v -0.003769 0.023776 0.274009
v -0.005471 0.021397 0.278119
v -0.006964 0.018197 0.281722
v -0.008188 0.014297 0.284679
v -0.009099 0.009848 0.286876
v -0.009659 0.005021 0.288229
v -0.009848 0.000000 0.288686
v -0.009659 -0.005021 0.288229
v -0.009099 -0.009848 0.286876
v -0.008188 -0.014297 0.284679
v -0.006964 -0.018197 0.281722
v -0.005471 -0.021397 0.278119
v -0.003769 -0.023776 0.274009
v -0.001921 -0.025240 0.269549
v -0.002789 0.025240 0.269085
v -0.005471 0.023776 0.273099
v -0.007943 0.021397 0.276798
v -0.010110 0.018197 0.280041
v -0.011888 0.014297 0.282702
v -0.013209 0.009848 0.284679
v -0.014023 0.005021 0.285897
v -0.014297 0.000000 0.286308
v -0.014023 -0.005021 0.285897
v -0.013209 -0.009848 0.284679
v -0.011888 -0.014297 0.282702
v -0.010110 -0.018197 0.280041
v -0.007943 -0.021397 0.276798
v -0.005471 -0.023776 0.273099
v -0.002789 -0.025240 0.269085
v -0.003550 0.025240 0.268460
v -0.006964 0.023776 0.271874
v -0.010110 0.021397 0.275020
v -0.012867 0.018197 0.277778
v -0.015130 0.014297 0.280041
v -0.016812 0.009848 0.281722
v -0.017847 0.005021 0.282758
v -0.018197 0.000000 0.283107
v -0.017847 -0.005021 0.282758
v -0.016812 -0.009848 0.281722
v -0.015130 -0.014297 0.280041
v -0.012867 -0.018197 0.277778
v -0.010110 -0.021397 0.275020
v -0.006964 -0.023776 0.271874
v -0.003550 -0.025240 0.268460
v -0.004174 0.025240 0.267700
v -0.008188 0.023776 0.270382
v -0.011888 0.021397 0.272853
v -0.015130 0.018197 0.275020
v -0.017791 0.014297 0.276798
v -0.019769 0.009848 0.278119
v -0.020986 0.005021 0.278933
v -0.021397 0.000000 0.279208
v -0.020986 -0.005021 0.278933
v -0.019769 -0.009848 0.278119
v -0.017791 -0.014297 0.276798
v -0.015130 -0.018197 0.275020
v -0.011888 -0.021397 0.272853
v -0.008188 -0.023776 0.270382
v -0.004174 -0.025240 0.267700
v -0.004638 0.025240 0.266832
v -0.009099 0.023776 0.268679
v -0.013209 0.021397 0.270382
v -0.016812 0.018197 0.271874
v -0.019769 0.014297 0.273099
v -0.021966 0.009848 0.274009
v -0.023319 0.005021 0.274569
v -0.023776 0.000000 0.274758
v -0.023319 -0.005021 0.274569
v -0.021966 -0.009848 0.274009
v -0.019769 -0.014297 0.273099
v -0.016812 -0.018197 0.271874
v -0.013209 -0.021397 0.270382
v -0.009099 -0.023776 0.268679
v -0.004638 -0.025240 0.266832
v -0.004924 0.025240 0.265890
v -0.009659 0.023776 0.266832
v -0.014023 0.021397 0.267700
v -0.017847 0.018197 0.268460
v -0.020986 0.014297 0.269085
v -0.023319 0.009848 0.269549
v -0.024755 0.005021 0.269834
v -0.025240 0.000000 0.269931
v -0.024755 -0.005021 0.269834
v -0.023319 -0.009848 0.269549
v -0.020986 -0.014297 0.269085
v -0.017847 -0.018197 0.268460
v -0.014023 -0.021397 0.267700
v -0.009659 -0.023776 0.266832
v -0.004924 -0.025240 0.265890
v -0.005021 0.025240 0.264910
v -0.009848 0.023776 0.264910
v -0.014297 0.021397 0.264910
v -0.018197 0.018197 0.264910
v -0.021397 0.014297 0.264910
v -0.023776 0.009848 0.264910
v -0.025240 0.005021 0.264910
v -0.025734 0.000000 0.264910
v -0.025240 -0.005021 0.264910
v -0.023776 -0.009848 0.264910
v -0.021397 -0.014297 0.264910
v -0.018197 -0.018197 0.264910
v -0.014297 -0.021397 0.264910
v -0.009848 -0.023776 0.264910
v -0.005021 -0.025240 0.264910
v -0.004924 0.025240 0.263931
v -0.009659 0.023776 0.262989
v -0.014023 0.021397 0.262121
v -0.017847 0.018197 0.261360
v -0.020986 0.014297 0.260736
v -0.023319 0.009848 0.260272
v -0.024755 0.005021 0.259986
v -0.025240 0.000000 0.259890
v -0.024755 -0.005021 0.259986
v -0.023319 -0.009848 0.260272
v -0.020986 -0.014297 0.260736
v -0.017847 -0.018197 0.261360
v -0.014023 -0.021397 0.262121
v -0.009659 -0.023776 0.262989
v -0.004924 -0.025240 0.263931
v -0.004638 0.025240 0.262989
v -0.009099 0.023776 0.261142
v -0.013209 0.021397 0.259439
v -0.016812 0.018197 0.257947
v -0.019769 0.014297 0.256722
v -0.021966 0.009848 0.255812
v -0.023319 0.005021 0.255251
v -0.023776 0.000000 0.255062
v -0.023319 -0.005021 0.255251
v -0.021966 -0.009848 0.255812
v -0.019769 -0.014297 0.256722
v -0.016812 -0.018197 0.257947
v -0.013209 -0.021397 0.259439
v -0.009099 -0.023776 0.261142
v -0.004638 -0.025240 0.262989
v -0.004174 0.025240 0.262121
v -0.008188 0.023776 0.259439
v -0.011888 0.021397 0.256967
v -0.015130 0.018197 0.254801
v -0.017791 0.014297 0.253022
v -0.019769 0.009848 0.251701
v -0.020986 0.005021 0.250888
v -0.021397 0.000000 0.250613
v -0.020986 -0.005021 0.250888
v -0.019769 -0.009848 0.251701
v -0.017791 -0.014297 0.253022
v -0.015130 -0.018197 0.254801
v -0.011888 -0.021397 0.256967
v -0.008188 -0.023776 0.259439
v -0.004174 -0.025240 0.262121
v -0.003550 0.025240 0.261360
v -0.006964 0.023776 0.257947
v -0.010110 0.021397 0.254801
v -0.012867 0.018197 0.252043
v -0.015130 0.014297 0.249780
v -0.016812 0.009848 0.248098
v -0.017847 0.005021 0.247063
v -0.018197 0.000000 0.246713
v -0.017847 -0.005021 0.247063
v -0.016812 -0.009848 0.248098
v -0.015130 -0.014297 0.249780
v -0.012867 -0.018197 0.252043
v -0.010110 -0.021397 0.254801
v -0.006964 -0.023776 0.257947
v -0.003550 -0.025240 0.261360
v -0.002789 0.025240 0.260736
v -0.005471 0.023776 0.256722
v -0.007943 0.021397 0.253022
v -0.010110 0.018197 0.249780
v -0.011888 0.014297 0.247119
v -0.013209 0.009848 0.245142
v -0.014023 0.005021 0.243924
v -0.014297 0.000000 0.243513
v -0.014023 -0.005021 0.243924
v -0.013209 -0.009848 0.245142
v -0.011888 -0.014297 0.247119
v -0.010110 -0.018197 0.249780
v -0.007943 -0.021397 0.253022
v -0.005471 -0.023776 0.256722
v -0.002789 -0.025240 0.260736
v -0.001921 0.025240 0.260272
v -0.003769 0.023776 0.255812
v -0.005471 0.021397 0.251701
v -0.006964 0.018197 0.248098
v -0.008188 0.014297 0.245142
v -0.009099 0.009848 0.242945
v -0.009659 0.005021 0.241592
v -0.009848 0.000000 0.241135
v -0.009659 -0.005021 0.241592
v -0.009099 -0.009848 0.242945
v -0.008188 -0.014297 0.245142
v -0.006964 -0.018197 0.248098
v -0.005471 -0.021397 0.251701
v -0.003769 -0.023776 0.255812
v -0.001921 -0.025240 0.260272
v -0.000979 0.025240 0.259986
v -0.001921 0.023776 0.255251
v -0.002789 0.021397 0.250888
v -0.003550 0.018197 0.247063
v -0.004174 0.014297 0.243924
v -0.004638 0.009848 0.241592
v -0.004924 0.005021 0.240155
v -0.005021 0.000000 0.239670
v -0.004924 -0.005021 0.240155
v -0.004638 -0.009848 0.241592
v -0.004174 -0.014297 0.243924
v -0.003550 -0.018197 0.247063
v -0.002789 -0.021397 0.250888
v -0.001921 -0.023776 0.255251
v -0.000979 -0.025240 0.259986
v -0.000000 0.025240 0.259890
v -0.000000 0.023776 0.255062
v -0.000000 0.021397 0.250613
v -0.000000 0.018197 0.246713
v -0.000000 0.014297 0.243513
v -0.000000 0.009848 0.241135
v -0.000000 0.005021 0.239670
v 0.000000 0.000000 0.239176
v -0.000000 -0.005021 0.239670
v -0.000000 -0.009848 0.241135
v -0.000000 -0.014297 0.243513
v -0.000000 -0.018197 0.246713
v -0.000000 -0.021397 0.250613
v -0.000000 -0.023776 0.255062
v -0.000000 -0.025240 0.259890
v 0.000979 0.025240 0.259986
v 0.001921 0.023776 0.255251
v 0.002789 0.021397 0.250888
v 0.003550 0.018197 0.247063
v 0.004174 0.014297 0.243924
v 0.004638 0.009848 0.241592
v 0.004924 0.005021 0.240155
v 0.005021 0.000000 0.239670
v 0.004924 -0.005021 0.240155
v 0.004638 -0.009848 0.241592
v 0.004174 -0.014297 0.243924
v 0.003550 -0.018197 0.247063
v 0.002789 -0.021397 0.250888
v 0.001921 -0.023776 0.255251
v 0.000979 -0.025240 0.259986
v 0.001921 0.025240 0.260272
v 0.003769 0.023776 0.255812
v 0.005471 0.021397 0.251701
v 0.006964 0.018197 0.248098
v 0.008188 0.014297 0.245142
v 0.009099 0.009848 0.242945
v 0.009659 0.005021 0.241592
v 0.009848 0.000000 0.241135
v 0.009659 -0.005021 0.241592
v 0.009099 -0.009848 0.242945
v 0.008188 -0.014297 0.245142
v 0.006964 -0.018197 0.248098
v 0.005471 -0.021397 0.251701
v 0.003769 -0.023776 0.255812
v 0.001921 -0.025240 0.260272
v 0.002789 0.025240 0.260736
v 0.005471 0.023776 0.256722
v 0.007943 0.021397 0.253023
v 0.010110 0.018197 0.249780
v 0.011888 0.014297 0.247119
v 0.013209 0.009848 0.245142
v 0.014023 0.005021 0.243924
v 0.014297 0.000000 0.243513
v 0.014023 -0.005021 0.243924
v 0.013209 -0.009848 0.245142
v 0.011888 -0.014297 0.247119
v 0.010110 -0.018197 0.249780
v 0.007943 -0.021397 0.253023
v 0.005471 -0.023776 0.256722
v 0.002789 -0.025240 0.260736
v 0.003550 0.025240 0.261360
v 0.006964 0.023776 0.257947
v 0.010110 0.021397 0.254801
v 0.012867 0.018197 0.252043
v 0.015130 0.014297 0.249780
v 0.016812 0.009848 0.248098
v 0.017847 0.005021 0.247063
v 0.018197 0.000000 0.246713
v 0.017847 -0.005021 0.247063
v 0.016812 -0.009848 0.248098
v 0.015130 -0.014297 0.249780
v 0.012867 -0.018197 0.252043
v 0.010110 -0.021397 0.254801
v 0.006964 -0.023776 0.257947
v 0.003550 -0.025240 0.261360
v 0.004174 0.025240 0.262121
v 0.008188 0.023776 0.259439
v 0.011888 0.021397 0.256967
v 0.015130 0.018197 0.254801
v 0.017791 0.014297 0.253022
v 0.019769 0.009848 0.251701
v 0.020986 0.005021 0.250888
v 0.021397 0.000000 0.250613
v 0.020986 -0.005021 0.250888
v 0.019769 -0.009848 0.251701
v 0.017791 -0.014297 0.253022
v 0.015130 -0.018197 0.254801
v 0.011888 -0.021397 0.256967
v 0.008188 -0.023776 0.259439
v 0.004174 -0.025240 0.262121
v 0.004638 0.025240 0.262989
v 0.009099 0.023776 0.261142
v 0.013209 0.021397 0.259439
v 0.016812 0.018197 0.257947
v 0.019769 0.014297 0.256722
v 0.021966 0.009848 0.255812
v 0.023319 0.005021 0.255251
v 0.023776 0.000000 0.255062
v 0.023319 -0.005021 0.255251
v 0.021966 -0.009848 0.255812
v 0.019769 -0.014297 0.256722
v 0.016812 -0.018197 0.257947
v 0.013209 -0.021397 0.259439
v 0.009099 -0.023776 0.261142
v 0.004638 -0.025240 0.262989
v 0.004924 0.025240 0.263931
v 0.009659 0.023776 0.262989
v 0.014023 0.021397 0.262121
v 0.017847 0.018197 0.261360
v 0.020986 0.014297 0.260736
v 0.023319 0.009848 0.260272
v 0.024755 0.005021 0.259986
v 0.025240 0.000000 0.259890
v 0.024755 -0.005021 0.259986
v 0.023319 -0.009848 0.260272
v 0.020986 -0.014297 0.260736
v 0.017847 -0.018197 0.261360
v 0.014023 -0.021397 0.262121
v 0.009659 -0.023776 0.262989
v 0.004924 -0.025240 0.263931
v 0.005021 0.025240 0.264910
v 0.009848 0.023776 0.264910
v 0.018197 0.018197 0.264910
v 0.023776 0.009848 0.264910
v 0.023776 -0.009848 0.264910
v 0.018197 -0.018197 0.264910
v 0.014297 -0.021397 0.264910
v 0.009848 -0.023776 0.264910
v 0.005021 -0.025240 0.264910
v -0.060672 -0.042084 0.222626
v -0.048775 0.047727 0.227605
v 0.060672 -0.042084 0.222626
v 0.048775 0.047727 0.227605
v -0.060672 -0.042084 0.252341
v -0.048775 0.047727 0.251494
v 0.060672 -0.042084 0.252341
v 0.048775 0.047727 0.251494
v -0.070612 0.000000 0.224692
v 0.070612 0.000000 0.224692
v 0.070612 0.000000 0.254408
v -0.070612 0.000000 0.254408
v -0.000000 -0.067523 0.224692
v -0.000000 0.032018 0.224692
v -0.000000 -0.067523 0.254408
v -0.000000 0.032018 0.254408
v -0.000000 0.000000 0.254408
v -0.000000 0.000000 0.224692
v -0.030336 -0.060672 0.224692
v -0.030336 0.047792 0.254408
v -0.030336 0.000000 0.254408
v -0.030336 0.047792 0.224692
v -0.030336 -0.060672 0.254408
v -0.030336 0.000000 0.224692
v 0.030336 0.047283 0.224692
v 0.030336 -0.060672 0.254408
v 0.030336 0.000000 0.224692
v 0.030336 -0.060672 0.224692
v 0.030336 0.047283 0.254408
v 0.030336 0.000000 0.254408
v 0.060672 -0.030336 0.224692
v 0.060672 -0.030336 0.254408
v -0.060672 -0.030336 0.254408
v -0.060672 -0.030336 0.224692
v -0.000000 -0.030336 0.224692
v -0.000000 -0.030336 0.254408
v -0.030336 -0.030336 0.224692
v -0.030336 -0.030336 0.254408
v 0.030336 -0.030336 0.254408
v 0.030336 -0.030336 0.224692
v -0.075606 0.030336 0.224692
v 0.075605 0.030336 0.224692
v 0.075605 0.030336 0.254408
v -0.075606 0.030336 0.254408
v -0.000000 0.030336 0.254408
v -0.000000 0.030336 0.224692
v -0.030336 0.030336 0.224692
v -0.030336 0.030336 0.254408
v 0.030336 0.030336 0.254408
v 0.030336 0.030336 0.224692
v 0.091169 0.125549 0.209845
v 0.105467 0.121212 0.209845
v 0.112567 0.114112 0.209845
v 0.116409 0.104835 0.209845
v 0.116904 0.099814 0.209845
v 0.116409 0.094794 0.209845
v 0.112567 0.085517 0.209845
v 0.091169 0.074080 0.209845
v 0.096093 0.125054 0.210824
v 0.100828 0.123590 0.211766
v 0.105192 0.121212 0.212634
v 0.109017 0.118011 0.213395
v 0.112156 0.114112 0.214019
v 0.114488 0.109662 0.214483
v 0.115924 0.104835 0.214769
v 0.116409 0.099814 0.214865
v 0.115924 0.094794 0.214769
v 0.114488 0.089966 0.214483
v 0.112156 0.085517 0.214019
v 0.109017 0.081617 0.213395
v 0.105192 0.078417 0.212634
v 0.100828 0.076039 0.211766
v 0.096093 0.074574 0.210824
v 0.095808 0.125054 0.211766
v 0.100268 0.123590 0.213613
v 0.104378 0.121212 0.215316
v 0.107981 0.118011 0.216808
v 0.110938 0.114112 0.218033
v 0.113135 0.109662 0.218943
v 0.114488 0.104835 0.219503
v 0.114945 0.099814 0.219693
v 0.114488 0.094794 0.219503
v 0.113135 0.089966 0.218943
v 0.110938 0.085517 0.218033
v 0.107981 0.081617 0.216808
v 0.104378 0.078417 0.215316
v 0.100268 0.076039 0.213613
v 0.095808 0.074574 0.211766
v 0.095344 0.125054 0.212634
v 0.099358 0.123590 0.215316
v 0.103057 0.121212 0.217788
v 0.106300 0.118011 0.219954
v 0.108961 0.114112 0.221732
v 0.110938 0.109662 0.223054
v 0.112156 0.104835 0.223867
v 0.112567 0.099814 0.224142
v 0.112156 0.094794 0.223867
v 0.110938 0.089966 0.223054
v 0.108961 0.085517 0.221732
v 0.106300 0.081617 0.219954
v 0.103057 0.078417 0.217788
v 0.099358 0.076039 0.215316
v 0.095344 0.074574 0.212634
v 0.094719 0.125054 0.213395
v 0.098133 0.123590 0.216808
v 0.101279 0.121212 0.219954
v 0.104037 0.118011 0.222712
v 0.106300 0.114112 0.224975
v 0.107981 0.109662 0.226656
v 0.109017 0.104835 0.227692
v 0.109366 0.099814 0.228042
v 0.109017 0.094794 0.227692
v 0.107981 0.089966 0.226656
v 0.106300 0.085517 0.224975
v 0.104037 0.081617 0.222712
v 0.101279 0.078417 0.219954
v 0.098133 0.076039 0.216808
v 0.094719 0.074574 0.213395
v 0.093959 0.125054 0.214019
v 0.096641 0.123590 0.218033
v 0.099112 0.121212 0.221732
v 0.101279 0.118011 0.224975
v 0.103057 0.114112 0.227636
v 0.104378 0.109662 0.229613
v 0.105192 0.104835 0.230831
v 0.105467 0.099814 0.231242
v 0.105192 0.094794 0.230831
v 0.104378 0.089966 0.229613
v 0.103057 0.085517 0.227636
v 0.101279 0.081617 0.224975
v 0.099112 0.078417 0.221732
v 0.096641 0.076039 0.218033
v 0.093959 0.074574 0.214019
v 0.093091 0.125054 0.214483
v 0.094938 0.123590 0.218943
v 0.096641 0.121212 0.223054
v 0.098133 0.118011 0.226656
v 0.099358 0.114112 0.229613
v 0.100268 0.109662 0.231810
v 0.100828 0.104835 0.233163
v 0.101017 0.099814 0.233620
v 0.100828 0.094794 0.233163
v 0.100268 0.089966 0.231810
v 0.099358 0.085517 0.229613
v 0.098133 0.081617 0.226656
v 0.096641 0.078417 0.223054
v 0.094938 0.076039 0.218943
v 0.093091 0.074574 0.214483
v 0.092149 0.125054 0.214769
v 0.093091 0.123590 0.219503
v 0.093959 0.121212 0.223867
v 0.094719 0.118011 0.227692
v 0.095344 0.114112 0.230831
v 0.095808 0.109662 0.233163
v 0.096093 0.104835 0.234600
v 0.096190 0.099814 0.235085
v 0.096093 0.094794 0.234600
v 0.095808 0.089966 0.233163
v 0.095344 0.085517 0.230831
v 0.094719 0.081617 0.227692
v 0.093959 0.078417 0.223867
v 0.093091 0.076039 0.219503
v 0.092149 0.074574 0.214769
v 0.091169 0.125054 0.214865
v 0.091169 0.123590 0.219693
v 0.091169 0.121212 0.224142
v 0.091169 0.118011 0.228042
v 0.091169 0.114112 0.231242
v 0.091169 0.109662 0.233620
v 0.091169 0.104835 0.235085
v 0.091169 0.099814 0.235579
v 0.091169 0.094794 0.235085
v 0.091169 0.089966 0.233620
v 0.091169 0.085517 0.231242
v 0.091169 0.081617 0.228042
v 0.091169 0.078417 0.224142
v 0.091169 0.076039 0.219693
v 0.091169 0.074574 0.214865
v 0.090190 0.125054 0.214769
v 0.089248 0.123590 0.219503
v 0.088380 0.121212 0.223867
v 0.087619 0.118011 0.227692
v 0.086995 0.114112 0.230831
v 0.086531 0.109662 0.233163
v 0.086245 0.104835 0.234600
v 0.086149 0.099814 0.235085
v 0.086245 0.094794 0.234600
v 0.086531 0.089966 0.233163
v 0.086995 0.085517 0.230831
v 0.087619 0.081617 0.227692
v 0.088380 0.078417 0.223867
v 0.089248 0.076039 0.219503
v 0.090190 0.074574 0.214769
v 0.089248 0.125054 0.214483
v 0.087401 0.123590 0.218943
v 0.085698 0.121212 0.223054
v 0.084206 0.118011 0.226656
v 0.082981 0.114112 0.229613
v 0.082071 0.109662 0.231810
v 0.081510 0.104835 0.233163
v 0.081321 0.099814 0.233620
v 0.081510 0.094794 0.233163
v 0.082071 0.089966 0.231810
v 0.082981 0.085517 0.229613
v 0.084206 0.081617 0.226656
v 0.085698 0.078417 0.223054
v 0.087401 0.076039 0.218943
v 0.089248 0.074574 0.214483
v 0.088380 0.125054 0.214019
v 0.085698 0.123590 0.218033
v 0.083226 0.121212 0.221732
v 0.081060 0.118011 0.224975
v 0.079281 0.114112 0.227636
v 0.077960 0.109662 0.229613
v 0.077147 0.104835 0.230831
v 0.076872 0.099814 0.231242
v 0.077147 0.094794 0.230831
v 0.077960 0.089966 0.229613
v 0.079281 0.085517 0.227636
v 0.081060 0.081617 0.224975
v 0.083226 0.078417 0.221732
v 0.085698 0.076039 0.218033
v 0.088380 0.074574 0.214019
v 0.087619 0.125054 0.213395
v 0.084206 0.123590 0.216808
v 0.081060 0.121212 0.219954
v 0.078302 0.118011 0.222712
v 0.076039 0.114112 0.224975
v 0.074357 0.109662 0.226656
v 0.073322 0.104835 0.227692
v 0.072972 0.099814 0.228042
v 0.073322 0.094794 0.227692
v 0.074357 0.089966 0.226656
v 0.076039 0.085517 0.224975
v 0.078302 0.081617 0.222712
v 0.081060 0.078417 0.219954
v 0.084206 0.076039 0.216808
v 0.087619 0.074574 0.213395
v 0.086995 0.125054 0.212634
v 0.082981 0.123590 0.215316
v 0.079281 0.121212 0.217788
v 0.076039 0.118011 0.219954
v 0.073378 0.114112 0.221732
v 0.071401 0.109662 0.223054
v 0.070183 0.104835 0.223867
v 0.069772 0.099814 0.224142
v 0.070183 0.094794 0.223867
v 0.071401 0.089966 0.223054
v 0.073378 0.085517 0.221732
v 0.076039 0.081617 0.219954
v 0.079281 0.078417 0.217788
v 0.082981 0.076039 0.215316
v 0.086995 0.074574 0.212634
v 0.086531 0.125054 0.211766
v 0.082071 0.123590 0.213613
v 0.077960 0.121212 0.215316
v 0.074357 0.118011 0.216808
v 0.071401 0.114112 0.218033
v 0.069204 0.109662 0.218943
v 0.067851 0.104835 0.219503
v 0.067394 0.099814 0.219693
v 0.067851 0.094794 0.219503
v 0.069204 0.089966 0.218943
v 0.071401 0.085517 0.218033
v 0.074357 0.081617 0.216808
v 0.077960 0.078417 0.215316
v 0.082071 0.076039 0.213613
v 0.086531 0.074574 0.211766
v 0.086245 0.125054 0.210824
v 0.081510 0.123590 0.211766
v 0.077147 0.121212 0.212634
v 0.073322 0.118011 0.213395
v 0.070183 0.114112 0.214019
v 0.067851 0.109662 0.214483
v 0.066414 0.104835 0.214769
v 0.065929 0.099814 0.214865
v 0.066414 0.094794 0.214769
v 0.067851 0.089966 0.214483
v 0.070183 0.085517 0.214019
v 0.073322 0.081617 0.213395
v 0.077147 0.078417 0.212634
v 0.081510 0.076039 0.211766
v 0.086245 0.074574 0.210824
v 0.086149 0.125054 0.209845
v 0.081321 0.123590 0.209845
v 0.076872 0.121212 0.209845
v 0.072972 0.118011 0.209845
v 0.069772 0.114112 0.209845
v 0.067394 0.109662 0.209845
v 0.065929 0.104835 0.209845
v 0.065435 0.099814 0.209845
v 0.065929 0.094794 0.209845
v 0.067394 0.089966 0.209845
v 0.069772 0.085517 0.209845
v 0.072972 0.081617 0.209845
v 0.076872 0.078417 0.209845
v 0.081321 0.076039 0.209845
v 0.086149 0.074574 0.209845
v 0.086245 0.125054 0.208865
v 0.081510 0.123590 0.207923
v 0.077147 0.121212 0.207055
v 0.073322 0.118011 0.206294
v 0.070183 0.114112 0.205670
v 0.067851 0.109662 0.205206
v 0.066414 0.104835 0.204920
v 0.065929 0.099814 0.204824
v 0.066414 0.094794 0.204920
v 0.067851 0.089966 0.205206
v 0.070183 0.085517 0.205670
v 0.073322 0.081617 0.206294
v 0.077147 0.078417 0.207055
v 0.081510 0.076039 0.207923
v 0.086245 0.074574 0.208865
v 0.086531 0.125054 0.207923
v 0.082071 0.123590 0.206076
v 0.077960 0.121212 0.204373
v 0.074357 0.118011 0.202881
v 0.071401 0.114112 0.201656
v 0.069204 0.109662 0.200746
v 0.067851 0.104835 0.200186
v 0.067394 0.099814 0.199996
v 0.067851 0.094794 0.200186
v 0.069204 0.089966 0.200746
v 0.071401 0.085517 0.201656
v 0.074357 0.081617 0.202881
v 0.077960 0.078417 0.204373
v 0.082071 0.076039 0.206076
v 0.086531 0.074574 0.207923
v 0.086995 0.125054 0.207055
v 0.082981 0.123590 0.204373
v 0.079281 0.121212 0.201901
v 0.076039 0.118011 0.199735
v 0.073378 0.114112 0.197957
v 0.071401 0.109662 0.196636
v 0.070183 0.104835 0.195822
v 0.069772 0.099814 0.195547
v 0.070183 0.094794 0.195822
v 0.071401 0.089966 0.196636
v 0.073378 0.085517 0.197957
v 0.076039 0.081617 0.199735
v 0.079281 0.078417 0.201901
v 0.082981 0.076039 0.204373
v 0.086995 0.074574 0.207055
v 0.087619 0.125054 0.206294
v 0.084206 0.123590 0.202881
v 0.081060 0.121212 0.199735
v 0.078302 0.118011 0.196977
v 0.076039 0.114112 0.194714
v 0.074357 0.109662 0.193033
v 0.073322 0.104835 0.191997
v 0.072972 0.099814 0.191648
v 0.073322 0.094794 0.191997
v 0.074357 0.089966 0.193033
v 0.076039 0.085517 0.194714
v 0.078302 0.081617 0.196977
v 0.081060 0.078417 0.199735
v 0.084206 0.076039 0.202881
v 0.087619 0.074574 0.206294
v 0.088380 0.125054 0.205670
v 0.085698 0.123590 0.201656
v 0.083226 0.121212 0.197957
v 0.081060 0.118011 0.194714
v 0.079281 0.114112 0.192053
v 0.077960 0.109662 0.190076
v 0.077147 0.104835 0.188858
v 0.076872 0.099814 0.188447
v 0.077147 0.094794 0.188858
v 0.077960 0.089966 0.190076
v 0.079281 0.085517 0.192053
v 0.081060 0.081617 0.194714
v 0.083226 0.078417 0.197957
v 0.085698 0.076039 0.201656
v 0.088380 0.074574 0.205670
v 0.089248 0.125054 0.205206
v 0.087401 0.123590 0.200746
v 0.085698 0.121212 0.196636
v 0.084206 0.118011 0.193033
v 0.082981 0.114112 0.190076
v 0.082071 0.109662 0.187879
v 0.081510 0.104835 0.186526
v 0.081321 0.099814 0.186069
v 0.081510 0.094794 0.186526
v 0.082071 0.089966 0.187879
v 0.082981 0.085517 0.190076
v 0.084206 0.081617 0.193033
v 0.085698 0.078417 0.196636
v 0.087401 0.076039 0.200746
v 0.089248 0.074574 0.205206
v 0.090190 0.125054 0.204920
v 0.089248 0.123590 0.200186
v 0.088380 0.121212 0.195822
v 0.087619 0.118011 0.191997
v 0.086995 0.114112 0.188858
v 0.086531 0.109662 0.186526
v 0.086245 0.104835 0.185090
v 0.086149 0.099814 0.184605
v 0.086245 0.094794 0.185090
v 0.086531 0.089966 0.186526
v 0.086995 0.085517 0.188858
v 0.087619 0.081617 0.191997
v 0.088380 0.078417 0.195822
v 0.089248 0.076039 0.200186
v 0.090190 0.074574 0.204920
v 0.091169 0.125054 0.204824
v 0.091169 0.123590 0.199996
v 0.091169 0.121212 0.195547
v 0.091169 0.118011 0.191648
v 0.091169 0.114112 0.188447
v 0.091169 0.109662 0.186069
v 0.091169 0.104835 0.184605
v 0.091169 0.099814 0.184110
v 0.091169 0.094794 0.184605
v 0.091169 0.089966 0.186069
v 0.091169 0.085517 0.188447
v 0.091169 0.081617 0.191648
v 0.091169 0.078417 0.195547
v 0.091169 0.076039 0.199996
v 0.091169 0.074574 0.204824
v 0.092149 0.125054 0.204920
v 0.093091 0.123590 0.200186
v 0.093959 0.121212 0.195822
v 0.094719 0.118011 0.191997
v 0.095344 0.114112 0.188858
v 0.095808 0.109662 0.186526
v 0.096093 0.104835 0.185090
v 0.096190 0.099814 0.184605
v 0.096093 0.094794 0.185090
v 0.095808 0.089966 0.186526
v 0.095344 0.085517 0.188858
v 0.094719 0.081617 0.191997
v 0.093959 0.078417 0.195822
v 0.093091 0.076039 0.200186
v 0.092149 0.074574 0.204920
v 0.093091 0.125054 0.205206
v 0.094938 0.123590 0.200746
v 0.096641 0.121212 0.196636
v 0.098133 0.118011 0.193033
v 0.099358 0.114112 0.190076
v 0.100268 0.109662 0.187879
v 0.100828 0.104835 0.186526
v 0.101017 0.099814 0.186069
v 0.100828 0.094794 0.186526
v 0.100268 0.089966 0.187879
v 0.099358 0.085517 0.190076
v 0.098133 0.081617 0.193033
v 0.096641 0.078417 0.196636
v 0.094938 0.076039 0.200746
v 0.093091 0.074574 0.205206
v 0.093959 0.125054 0.205670
v 0.096641 0.123590 0.201656
v 0.099112 0.121212 0.197957
v 0.101279 0.118011 0.194714
v 0.103057 0.114112 0.192053
v 0.104378 0.109662 0.190076
v 0.105192 0.104835 0.188858
v 0.105467 0.099814 0.188447
v 0.105192 0.094794 0.188858
v 0.104378 0.089966 0.190076
v 0.103057 0.085517 0.192053
v 0.101279 0.081617 0.194714
v 0.099112 0.078417 0.197957
v 0.096641 0.076039 0.201656
v 0.093959 0.074574 0.205670
v 0.094719 0.125054 0.206294
v 0.098133 0.123590 0.202881
v 0.101279 0.121212 0.199735
v 0.104037 0.118011 0.196977
v 0.106300 0.114112 0.194714
v 0.107981 0.109662 0.193033
v 0.109017 0.104835 0.191997
v 0.109366 0.099814 0.191648
v 0.109017 0.094794 0.191997
v 0.107981 0.089966 0.193033
v 0.106300 0.085517 0.194714
v 0.104037 0.081617 0.196977
v 0.101279 0.078417 0.199735
v 0.098133 0.076039 0.202881
v 0.094719 0.074574 0.206294
v 0.095344 0.125054 0.207055
v 0.099358 0.123590 0.204373
v 0.103057 0.121212 0.201901
v 0.106300 0.118011 0.199735
v 0.108961 0.114112 0.197957
v 0.110938 0.109662 0.196636
v 0.112156 0.104835 0.195822
v 0.112567 0.099814 0.195547
v 0.112156 0.094794 0.195822
v 0.110938 0.089966 0.196636
v 0.108961 0.085517 0.197957
v 0.106300 0.081617 0.199735
v 0.103057 0.078417 0.201901
v 0.099358 0.076039 0.204373
v 0.095344 0.074574 0.207055
v 0.095808 0.125054 0.207923
v 0.100268 0.123590 0.206076
v 0.104378 0.121212 0.204373
v 0.107981 0.118011 0.202881
v 0.110938 0.114112 0.201656
v 0.113135 0.109662 0.200746
v 0.114488 0.104835 0.200186
v 0.114945 0.099814 0.199996
v 0.114488 0.094794 0.200186
v 0.113135 0.089966 0.200746
v 0.110938 0.085517 0.201656
v 0.107981 0.081617 0.202881
v 0.104378 0.078417 0.204373
v 0.100268 0.076039 0.206076
v 0.095808 0.074574 0.207923
v 0.096093 0.125054 0.208865
v 0.100828 0.123590 0.207923
v 0.105192 0.121212 0.207055
v 0.109017 0.118011 0.206294
v 0.112156 0.114112 0.205670
v 0.114488 0.109662 0.205206
v 0.115924 0.104835 0.204920
v 0.116409 0.099814 0.204824
v 0.115924 0.094794 0.204920
v 0.114488 0.089966 0.205206
v 0.112156 0.085517 0.205670
v 0.109017 0.081617 0.206294
v 0.105192 0.078417 0.207055
v 0.100828 0.076039 0.207923
v 0.096093 0.074574 0.208865
v 0.096190 0.125054 0.209845
v 0.101017 0.123590 0.209845
v 0.109366 0.118011 0.209845
v 0.114945 0.109662 0.209845
v 0.114945 0.089966 0.209845
v 0.109366 0.081617 0.209845
v 0.105467 0.078417 0.209845
v 0.101017 0.076039 0.209845
v 0.096190 0.074574 0.209845
v -0.091169 0.125549 0.209845
v -0.076872 0.121212 0.209845
v -0.069772 0.114112 0.209845
v -0.065929 0.104835 0.209845
v -0.065435 0.099814 0.209845
v -0.065929 0.094794 0.209845
v -0.069772 0.085517 0.209845
v -0.091169 0.074080 0.209845
v -0.086245 0.125054 0.210824
v -0.081510 0.123590 0.211766
v -0.077146 0.121212 0.212634
v -0.073322 0.118011 0.213395
v -0.070183 0.114112 0.214019
v -0.067850 0.109662 0.214483
v -0.066414 0.104835 0.214769
v -0.065929 0.099814 0.214865
v -0.066414 0.094794 0.214769
v -0.067850 0.089966 0.214483
v -0.070183 0.085517 0.214019
v -0.073322 0.081617 0.213395
v -0.077146 0.078417 0.212634
v -0.081510 0.076039 0.211766
v -0.086245 0.074574 0.210824
v -0.086531 0.125054 0.211766
v -0.082070 0.123590 0.213613
v -0.077960 0.121212 0.215316
v -0.074357 0.118011 0.216808
v -0.071400 0.114112 0.218033
v -0.069203 0.109662 0.218943
v -0.067850 0.104835 0.219503
v -0.067393 0.099814 0.219693
v -0.067850 0.094794 0.219503
v -0.069203 0.089966 0.218943
v -0.071400 0.085517 0.218033
v -0.074357 0.081617 0.216808
v -0.077960 0.078417 0.215316
v -0.082070 0.076039 0.213613
v -0.086531 0.074574 0.211766
v -0.086995 0.125054 0.212634
v -0.082981 0.123590 0.215316
v -0.079281 0.121212 0.217788
v -0.076039 0.118011 0.219954
v -0.073378 0.114112 0.221732
v -0.071400 0.109662 0.223054
v -0.070183 0.104835 0.223867
v -0.069772 0.099814 0.224142
v -0.070183 0.094794 0.223867
v -0.071400 0.089966 0.223054
v -0.073378 0.085517 0.221732
v -0.076039 0.081617 0.219954
v -0.079281 0.078417 0.217788
v -0.082981 0.076039 0.215316
v -0.086995 0.074574 0.212634
v -0.087619 0.125054 0.213395
v -0.084205 0.123590 0.216808
v -0.081059 0.121212 0.219954
v -0.078302 0.118011 0.222712
v -0.076039 0.114112 0.224975
v -0.074357 0.109662 0.226656
v -0.073322 0.104835 0.227692
v -0.072972 0.099814 0.228042
v -0.073322 0.094794 0.227692
v -0.074357 0.089966 0.226656
v -0.076039 0.085517 0.224975
v -0.078302 0.081617 0.222712
v -0.081059 0.078417 0.219954
v -0.084205 0.076039 0.216808
v -0.087619 0.074574 0.213395
v -0.088380 0.125054 0.214019
v -0.085698 0.123590 0.218033
v -0.083226 0.121212 0.221732
v -0.081059 0.118011 0.224975
v -0.079281 0.114112 0.227636
v -0.077960 0.109662 0.229613
v -0.077146 0.104835 0.230831
v -0.076872 0.099814 0.231242
v -0.077146 0.094794 0.230831
v -0.077960 0.089966 0.229613
v -0.079281 0.085517 0.227636
v -0.081059 0.081617 0.224975
v -0.083226 0.078417 0.221732
v -0.085698 0.076039 0.218033
v -0.088380 0.074574 0.214019
v -0.089248 0.125054 0.214483
v -0.087400 0.123590 0.218943
v -0.085698 0.121212 0.223054
v -0.084205 0.118011 0.226656
v -0.082981 0.114112 0.229613
v -0.082070 0.109662 0.231810
v -0.081510 0.104835 0.233163
v -0.081321 0.099814 0.233620
v -0.081510 0.094794 0.233163
v -0.082070 0.089966 0.231810
v -0.082981 0.085517 0.229613
v -0.084205 0.081617 0.226656
v -0.085698 0.078417 0.223054
v -0.087400 0.076039 0.218943
v -0.089248 0.074574 0.214483
v -0.090190 0.125054 0.214769
v -0.089248 0.123590 0.219503
v -0.088380 0.121212 0.223867
v -0.087619 0.118011 0.227692
v -0.086995 0.114112 0.230831
v -0.086531 0.109662 0.233163
v -0.086245 0.104835 0.234600
v -0.086148 0.099814 0.235085
v -0.086245 0.094794 0.234600
v -0.086531 0.089966 0.233163
v -0.086995 0.085517 0.230831
v -0.087619 0.081617 0.227692
v -0.088380 0.078417 0.223867
v -0.089248 0.076039 0.219503
v -0.090190 0.074574 0.214769
v -0.091169 0.125054 0.214865
v -0.091169 0.123590 0.219693
v -0.091169 0.121212 0.224142
v -0.091169 0.118011 0.228042
v -0.091169 0.114112 0.231242
v -0.091169 0.109662 0.233620
v -0.091169 0.104835 0.235085
v -0.091169 0.099814 0.235579
v -0.091169 0.094794 0.235085
v -0.091169 0.089966 0.233620
v -0.091169 0.085517 0.231242
v -0.091169 0.081617 0.228042
v -0.091169 0.078417 0.224142
v -0.091169 0.076039 0.219693
v -0.091169 0.074574 0.214865
v -0.092148 0.125054 0.214769
v -0.093090 0.123590 0.219503
v -0.093958 0.121212 0.223867
v -0.094719 0.118011 0.227692
v -0.095343 0.114112 0.230831
v -0.095807 0.109662 0.233163
v -0.096093 0.104835 0.234600
v -0.096190 0.099814 0.235085
v -0.096093 0.094794 0.234600
v -0.095807 0.089966 0.233163
v -0.095343 0.085517 0.230831
v -0.094719 0.081617 0.227692
v -0.093958 0.078417 0.223867
v -0.093090 0.076039 0.219503
v -0.092148 0.074574 0.214769
v -0.093090 0.125054 0.214483
v -0.094938 0.123590 0.218943
v -0.096640 0.121212 0.223054
v -0.098133 0.118011 0.226656
v -0.099357 0.114112 0.229613
v -0.100268 0.109662 0.231810
v -0.100828 0.104835 0.233163
v -0.101017 0.099814 0.233620
v -0.100828 0.094794 0.233163
v -0.100268 0.089966 0.231810
v -0.099357 0.085517 0.229613
v -0.098133 0.081617 0.226656
v -0.096640 0.078417 0.223054
v -0.094938 0.076039 0.218943
v -0.093090 0.074574 0.214483
v -0.093958 0.125054 0.214019
v -0.096640 0.123590 0.218033
v -0.099112 0.121212 0.221732
v -0.101279 0.118011 0.224975
v -0.103057 0.114112 0.227636
v -0.104378 0.109662 0.229613
v -0.105192 0.104835 0.230831
v -0.105466 0.099814 0.231242
v -0.105192 0.094794 0.230831
v -0.104378 0.089966 0.229613
v -0.103057 0.085517 0.227636
v -0.101279 0.081617 0.224975
v -0.099112 0.078417 0.221732
v -0.096640 0.076039 0.218033
v -0.093958 0.074574 0.214019
v -0.094719 0.125054 0.213395
v -0.098133 0.123590 0.216808
v -0.101279 0.121212 0.219954
v -0.104036 0.118011 0.222712
v -0.106299 0.114112 0.224975
v -0.107981 0.109662 0.226656
v -0.109016 0.104835 0.227692
v -0.109366 0.099814 0.228042
v -0.109016 0.094794 0.227692
v -0.107981 0.089966 0.226656
v -0.106299 0.085517 0.224975
v -0.104036 0.081617 0.222712
v -0.101279 0.078417 0.219954
v -0.098133 0.076039 0.216808
v -0.094719 0.074574 0.213395
v -0.095343 0.125054 0.212634
v -0.099357 0.123590 0.215316
v -0.103057 0.121212 0.217788
v -0.106299 0.118011 0.219954
v -0.108960 0.114112 0.221732
v -0.110938 0.109662 0.223054
v -0.112155 0.104835 0.223867
v -0.112566 0.099814 0.224142
v -0.112155 0.094794 0.223867
v -0.110938 0.089966 0.223054
v -0.108960 0.085517 0.221732
v -0.106299 0.081617 0.219954
v -0.103057 0.078417 0.217788
v -0.099357 0.076039 0.215316
v -0.095343 0.074574 0.212634
v -0.095807 0.125054 0.211766
v -0.100268 0.123590 0.213613
v -0.104378 0.121212 0.215316
v -0.107981 0.118011 0.216808
v -0.110938 0.114112 0.218033
v -0.113135 0.109662 0.218943
v -0.114488 0.104835 0.219503
v -0.114945 0.099814 0.219693
v -0.114488 0.094794 0.219503
v -0.113135 0.089966 0.218943
v -0.110938 0.085517 0.218033
v -0.107981 0.081617 0.216808
v -0.104378 0.078417 0.215316
v -0.100268 0.076039 0.213613
v -0.095807 0.074574 0.211766
v -0.096093 0.125054 0.210824
v -0.100828 0.123590 0.211766
v -0.105192 0.121212 0.212634
v -0.109016 0.118011 0.213395
v -0.112155 0.114112 0.214019
v -0.114488 0.109662 0.214483
v -0.115924 0.104835 0.214769
v -0.116409 0.099814 0.214865
v -0.115924 0.094794 0.214769
v -0.114488 0.089966 0.214483
v -0.112155 0.085517 0.214019
v -0.109016 0.081617 0.213395
v -0.105192 0.078417 0.212634
v -0.100828 0.076039 0.211766
v -0.096093 0.074574 0.210824
v -0.096190 0.125054 0.209845
v -0.101017 0.123590 0.209845
v -0.105466 0.121212 0.209845
v -0.109366 0.118011 0.209845
v -0.112566 0.114112 0.209845
v -0.114945 0.109662 0.209845
v -0.116409 0.104835 0.209845
v -0.116903 0.099814 0.209845
v -0.116409 0.094794 0.209845
v -0.114945 0.089966 0.209845
v -0.112566 0.085517 0.209845
v -0.109366 0.081617 0.209845
v -0.105466 0.078417 0.209845
v -0.101017 0.076039 0.209845
v -0.096190 0.074574 0.209845
v -0.096093 0.125054 0.208865
v -0.100828 0.123590 0.207923
v -0.105192 0.121212 0.207055
v -0.109016 0.118011 0.206294
v -0.112155 0.114112 0.205670
v -0.114488 0.109662 0.205206
v -0.115924 0.104835 0.204920
v -0.116409 0.099814 0.204824
v -0.115924 0.094794 0.204920
v -0.114488 0.089966 0.205206
v -0.112155 0.085517 0.205670
v -0.109016 0.081617 0.206294
v -0.105192 0.078417 0.207055
v -0.100828 0.076039 0.207923
v -0.096093 0.074574 0.208865
v -0.095807 0.125054 0.207923
v -0.100268 0.123590 0.206076
v -0.104378 0.121212 0.204373
v -0.107981 0.118011 0.202881
v -0.110938 0.114112 0.201656
v -0.113135 0.109662 0.200746
v -0.114488 0.104835 0.200186
v -0.114945 0.099814 0.199996
v -0.114488 0.094794 0.200186
v -0.113135 0.089966 0.200746
v -0.110938 0.085517 0.201656
v -0.107981 0.081617 0.202881
v -0.104378 0.078417 0.204373
v -0.100268 0.076039 0.206076
v -0.095807 0.074574 0.207923
v -0.095343 0.125054 0.207055
v -0.099357 0.123590 0.204373
v -0.103057 0.121212 0.201901
v -0.106299 0.118011 0.199735
v -0.108960 0.114112 0.197957
v -0.110938 0.109662 0.196636
v -0.112155 0.104835 0.195822
v -0.112566 0.099814 0.195547
v -0.112155 0.094794 0.195822
v -0.110938 0.089966 0.196636
v -0.108960 0.085517 0.197957
v -0.106299 0.081617 0.199735
v -0.103057 0.078417 0.201901
v -0.099357 0.076039 0.204373
v -0.095343 0.074574 0.207055
v -0.094719 0.125054 0.206294
v -0.098133 0.123590 0.202881
v -0.101279 0.121212 0.199735
v -0.104036 0.118011 0.196977
v -0.106299 0.114112 0.194714
v -0.107981 0.109662 0.193033
v -0.109016 0.104835 0.191997
v -0.109366 0.099814 0.191648
v -0.109016 0.094794 0.191997
v -0.107981 0.089966 0.193033
v -0.106299 0.085517 0.194714
v -0.104036 0.081617 0.196977
v -0.101279 0.078417 0.199735
v -0.098133 0.076039 0.202881
v -0.094719 0.074574 0.206294
v -0.093958 0.125054 0.205670
v -0.096640 0.123590 0.201656
v -0.099112 0.121212 0.197957
v -0.101279 0.118011 0.194714
v -0.103057 0.114112 0.192053
v -0.104378 0.109662 0.190076
v -0.105192 0.104835 0.188858
v -0.105466 0.099814 0.188447
v -0.105192 0.094794 0.188858
v -0.104378 0.089966 0.190076
v -0.103057 0.085517 0.192053
v -0.101279 0.081617 0.194714
v -0.099112 0.078417 0.197957
v -0.096640 0.076039 0.201656
v -0.093958 0.074574 0.205670
v -0.093090 0.125054 0.205206
v -0.094938 0.123590 0.200746
v -0.096640 0.121212 0.196636
v -0.098133 0.118011 0.193033
v -0.099357 0.114112 0.190076
v -0.100268 0.109662 0.187879
v -0.100828 0.104835 0.186526
v -0.101017 0.099814 0.186069
v -0.100828 0.094794 0.186526
v -0.100268 0.089966 0.187879
v -0.099357 0.085517 0.190076
v -0.098133 0.081617 0.193033
v -0.096640 0.078417 0.196636
v -0.094938 0.076039 0.200746
v -0.093090 0.074574 0.205206
v -0.092148 0.125054 0.204920
v -0.093090 0.123590 0.200186
v -0.093958 0.121212 0.195822
v -0.094719 0.118011 0.191997
v -0.095343 0.114112 0.188858
v -0.095807 0.109662 0.186526
v -0.096093 0.104835 0.185090
v -0.096190 0.099814 0.184605
v -0.096093 0.094794 0.185090
v -0.095807 0.089966 0.186526
v -0.095343 0.085517 0.188858
v -0.094719 0.081617 0.191997
v -0.093958 0.078417 0.195822
v -0.093090 0.076039 0.200186
v -0.092148 0.074574 0.204920
v -0.091169 0.125054 0.204824
v -0.091169 0.123590 0.199996
v -0.091169 0.121212 0.195547
v -0.091169 0.118011 0.191648
v -0.091169 0.114112 0.188447
v -0.091169 0.109662 0.186069
v -0.091169 0.104835 0.184605
v -0.091169 0.099814 0.184110
v -0.091169 0.094794 0.184605
v -0.091169 0.089966 0.186069
v -0.091169 0.085517 0.188447
v -0.091169 0.081617 0.191648
v -0.091169 0.078417 0.195547
v -0.091169 0.076039 0.199996
v -0.091169 0.074574 0.204824
v -0.090190 0.125054 0.204920
v -0.089248 0.123590 0.200186
v -0.088380 0.121212 0.195822
v -0.087619 0.118011 0.191997
v -0.086995 0.114112 0.188858
v -0.086531 0.109662 0.186526
v -0.086245 0.104835 0.185090
v -0.086148 0.099814 0.184605
v -0.086245 0.094794 0.185090
v -0.086531 0.089966 0.186526
v -0.086995 0.085517 0.188858
v -0.087619 0.081617 0.191997
v -0.088380 0.078417 0.195822
v -0.089248 0.076039 0.200186
v -0.090190 0.074574 0.204920
v -0.089248 0.125054 0.205206
v -0.087400 0.123590 0.200746
v -0.085698 0.121212 0.196636
v -0.084205 0.118011 0.193033
v -0.082981 0.114112 0.190076
v -0.082070 0.109662 0.187879
v -0.081510 0.104835 0.186526
v -0.081321 0.099814 0.186069
v -0.081510 0.094794 0.186526
v -0.082070 0.089966 0.187879
v -0.082981 0.085517 0.190076
v -0.084205 0.081617 0.193033
v -0.085698 0.078417 0.196636
v -0.087400 0.076039 0.200746
v -0.089248 0.074574 0.205206
v -0.088380 0.125054 0.205670
v -0.085698 0.123590 0.201656
v -0.083226 0.121212 0.197957
v -0.081059 0.118011 0.194714
v -0.079281 0.114112 0.192053
v -0.077960 0.109662 0.190076
v -0.077146 0.104835 0.188858
v -0.076872 0.099814 0.188447
v -0.077146 0.094794 0.188858
v -0.077960 0.089966 0.190076
v -0.079281 0.085517 0.192053
v -0.081059 0.081617 0.194714
v -0.083226 0.078417 0.197957
v -0.085698 0.076039 0.201656
v -0.088380 0.074574 0.205670
v -0.087619 0.125054 0.206294
v -0.084205 0.123590 0.202881
v -0.081059 0.121212 0.199735
v -0.078302 0.118011 0.196977
v -0.076039 0.114112 0.194714
v -0.074357 0.109662 0.193033
v -0.073322 0.104835 0.191997
v -0.072972 0.099814 0.191648
v -0.073322 0.094794 0.191997
v -0.074357 0.089966 0.193033
v -0.076039 0.085517 0.194714
v -0.078302 0.081617 0.196977
v -0.081059 0.078417 0.199735
v -0.084205 0.076039 0.202881
v -0.087619 0.074574 0.206294
v -0.086995 0.125054 0.207055
v -0.082981 0.123590 0.204373
v -0.079281 0.121212 0.201901
v -0.076039 0.118011 0.199735
v -0.073378 0.114112 0.197957
v -0.071400 0.109662 0.196636
v -0.070183 0.104835 0.195822
v -0.069772 0.099814 0.195547
v -0.070183 0.094794 0.195822
v -0.071400 0.089966 0.196636
v -0.073378 0.085517 0.197957
v -0.076039 0.081617 0.199735
v -0.079281 0.078417 0.201901
v -0.082981 0.076039 0.204373
v -0.086995 0.074574 0.207055
v -0.086531 0.125054 0.207923
v -0.082070 0.123590 0.206076
v -0.077960 0.121212 0.204373
v -0.074357 0.118011 0.202881
v -0.071400 0.114112 0.201656
v -0.069203 0.109662 0.200746
v -0.067850 0.104835 0.200186
v -0.067393 0.099814 0.199996
v -0.067850 0.094794 0.200186
v -0.069203 0.089966 0.200746
v -0.071400 0.085517 0.201656
v -0.074357 0.081617 0.202881
v -0.077960 0.078417 0.204373
v -0.082070 0.076039 0.206076
v -0.086531 0.074574 0.207923
v -0.086245 0.125054 0.208865
v -0.081510 0.123590 0.207923
v -0.077146 0.121212 0.207055
v -0.073322 0.118011 0.206294
v -0.070183 0.114112 0.205670
v -0.067850 0.109662 0.205206
v -0.066414 0.104835 0.204920
v -0.065929 0.099814 0.204824
v -0.066414 0.094794 0.204920
v -0.067850 0.089966 0.205206
v -0.070183 0.085517 0.205670
v -0.073322 0.081617 0.206294
v -0.077146 0.078417 0.207055
v -0.081510 0.076039 0.207923
v -0.086245 0.074574 0.208865
v -0.086148 0.125054 0.209845
v -0.081321 0.123590 0.209845
v -0.072972 0.118011 0.209845
v -0.067393 0.109662 0.209845
v -0.067393 0.089966 0.209845
v -0.072972 0.081617 0.209845
v -0.076872 0.078417 0.209845
v -0.081321 0.076039 0.209845
v -0.086148 0.074574 0.209845
v 0.041130 -0.020546 0.208956
v 0.041130 -0.020546 0.273610
v 0.040339 -0.026853 0.208956
v 0.040339 -0.026853 0.273610
v 0.037999 -0.032917 0.208956
v 0.037999 -0.032917 0.273610
v 0.034198 -0.038506 0.208956
v 0.034198 -0.038506 0.273610
v 0.029083 -0.043405 0.208956
v 0.029083 -0.043405 0.273610
v 0.022850 -0.047425 0.208956
v 0.022850 -0.047425 0.273610
v 0.015740 -0.050412 0.208956
v 0.015740 -0.050412 0.273610
v 0.008024 -0.052252 0.208956
v 0.008024 -0.052252 0.273610
v -0.000000 -0.052873 0.208956
v -0.000000 -0.052873 0.273610
v -0.008024 -0.052252 0.208956
v -0.008024 -0.052252 0.273610
v -0.015740 -0.050412 0.208956
v -0.015740 -0.050412 0.273610
v -0.022850 -0.047425 0.208956
v -0.022850 -0.047425 0.273610
v -0.029083 -0.043405 0.208956
v -0.029083 -0.043405 0.273610
v -0.034198 -0.038506 0.208956
v -0.034198 -0.038506 0.273610
v -0.037999 -0.032917 0.208956
v -0.037999 -0.032917 0.273610
v -0.040339 -0.026853 0.208956
v -0.040339 -0.026853 0.273610
v -0.041130 -0.020546 0.208956
v -0.041130 -0.020546 0.273610
v -0.040339 -0.014239 0.208956
v -0.040339 -0.014239 0.273610
v -0.037999 -0.008175 0.208956
v -0.037999 -0.008175 0.273610
v -0.034198 -0.002586 0.208956
v -0.034198 -0.002586 0.273610
v -0.029083 0.002313 0.208956
v -0.029083 0.002313 0.273610
v -0.022850 0.006333 0.208956
v -0.022850 0.006333 0.273610
v -0.015740 0.009320 0.208956
v -0.015740 0.009320 0.273610
v -0.008024 0.011160 0.208956
v -0.008024 0.011160 0.273610
v -0.000000 0.011781 0.208956
v -0.000000 0.011781 0.273610
v 0.008024 0.011160 0.208956
v 0.008024 0.011160 0.273610
v 0.015740 0.009320 0.208956
v 0.015740 0.009320 0.273610
v 0.022850 0.006333 0.208956
v 0.022850 0.006333 0.273610
v 0.029083 0.002313 0.208956
v 0.029083 0.002313 0.273610
v 0.034198 -0.002586 0.208956
v 0.034198 -0.002586 0.273610
v 0.037999 -0.008175 0.208956
v 0.037999 -0.008175 0.273610
v 0.040339 -0.014239 0.208956
v 0.040339 -0.014239 0.273610
vn 0.6332 -0.7715 0.0624
vn 0.8786 0.4696 0.0865
vn 0.4709 -0.8810 0.0464
vn 0.9527 0.2890 0.0938
vn 0.2902 -0.9565 0.0286
vn 0.9904 0.0975 0.0975
vn 0.0980 0.9951 0.0097
vn 0.0980 -0.9951 0.0097
vn 0.9904 -0.0976 0.0975
vn 0.2902 0.9565 0.0286
vn 0.9527 -0.2890 0.0938
vn 0.4709 0.8810 0.0464
vn 0.8786 -0.4696 0.0865
vn 0.6332 0.7715 0.0624
vn 0.7708 -0.6326 0.0759
vn 0.7708 0.6326 0.0759
vn 0.6088 0.7715 0.1847
vn 0.7412 -0.6326 0.2248
vn 0.7412 0.6326 0.2248
vn 0.6088 -0.7715 0.1847
vn 0.8448 0.4696 0.2563
vn 0.4528 -0.8810 0.1374
vn 0.9161 0.2890 0.2779
vn 0.2790 -0.9565 0.0846
vn 0.9524 0.0976 0.2889
vn 0.0942 0.9951 0.0286
vn 0.0942 -0.9951 0.0286
vn 0.9524 -0.0976 0.2889
vn 0.2790 0.9565 0.0846
vn 0.9161 -0.2890 0.2779
vn 0.4528 0.8810 0.1374
vn 0.8448 -0.4696 0.2563
vn 0.8777 0.0975 0.4691
vn 0.0869 0.9951 0.0464
vn 0.0869 -0.9951 0.0464
vn 0.8777 -0.0975 0.4691
vn 0.2571 0.9565 0.1374
vn 0.8443 -0.2890 0.4513
vn 0.4173 0.8810 0.2231
vn 0.7786 -0.4696 0.4162
vn 0.5611 0.7715 0.2999
vn 0.6831 -0.6326 0.3651
vn 0.6831 0.6326 0.3651
vn 0.5611 -0.7715 0.2999
vn 0.7786 0.4696 0.4162
vn 0.4173 -0.8810 0.2230
vn 0.8443 0.2890 0.4513
vn 0.2571 -0.9565 0.1374
vn 0.5987 -0.6326 0.4913
vn 0.5987 0.6326 0.4913
vn 0.4918 -0.7715 0.4036
vn 0.6825 0.4696 0.5601
vn 0.3658 -0.8810 0.3002
vn 0.7400 0.2890 0.6073
vn 0.2254 -0.9565 0.1850
vn 0.7693 0.0975 0.6314
vn 0.0761 0.9951 0.0625
vn 0.0761 -0.9951 0.0625
vn 0.7693 -0.0975 0.6314
vn 0.2254 0.9565 0.1850
vn 0.7400 -0.2890 0.6073
vn 0.3658 0.8810 0.3002
vn 0.6825 -0.4696 0.5601
vn 0.4918 0.7715 0.4036
vn 0.0625 -0.9951 0.0761
vn 0.6314 -0.0975 0.7693
vn 0.1850 0.9565 0.2254
vn 0.6073 -0.2890 0.7400
vn 0.3002 0.8810 0.3658
vn 0.5601 -0.4696 0.6825
vn 0.4036 0.7715 0.4918
vn 0.4913 -0.6326 0.5987
vn 0.4913 0.6326 0.5987
vn 0.4036 -0.7715 0.4918
vn 0.5601 0.4696 0.6825
vn 0.3002 -0.8810 0.3658
vn 0.6073 0.2890 0.7400
vn 0.1850 -0.9566 0.2254
vn 0.6314 0.0975 0.7693
vn 0.0625 0.9951 0.0761
vn 0.2999 -0.7715 0.5611
vn 0.4162 0.4696 0.7786
vn 0.2230 -0.8810 0.4173
vn 0.4513 0.2890 0.8443
vn 0.1374 -0.9565 0.2571
vn 0.4691 0.0975 0.8777
vn 0.0464 0.9951 0.0869
vn 0.0464 -0.9951 0.0869
vn 0.4691 -0.0975 0.8777
vn 0.1374 0.9565 0.2571
vn 0.4513 -0.2890 0.8443
vn 0.2230 0.8810 0.4173
vn 0.4162 -0.4696 0.7786
vn 0.2999 0.7715 0.5611
vn 0.3651 -0.6326 0.6831
vn 0.3651 0.6326 0.6831
vn 0.0846 0.9565 0.2790
vn 0.2779 -0.2890 0.9161
vn 0.1374 0.8810 0.4528
vn 0.2563 -0.4696 0.8448
vn 0.1847 0.7715 0.6088
vn 0.2248 -0.6326 0.7412
vn 0.2248 0.6326 0.7412
vn 0.1847 -0.7715 0.6088
vn 0.2563 0.4696 0.8448
vn 0.1374 -0.8810 0.4528
vn 0.2779 0.2890 0.9161
vn 0.0846 -0.9565 0.2790
vn 0.2889 0.0975 0.9524
vn 0.0286 0.9951 0.0942
vn 0.0286 -0.9951 0.0942
vn 0.2889 -0.0975 0.9524
vn 0.0865 0.4696 0.8786
vn 0.0464 -0.8810 0.4709
vn 0.0938 0.2890 0.9527
vn 0.0286 -0.9565 0.2902
vn 0.0975 0.0975 0.9904
vn 0.0097 0.9951 0.0980
vn 0.0097 -0.9951 0.0980
vn 0.0975 -0.0975 0.9904
vn 0.0286 0.9565 0.2902
vn 0.0938 -0.2890 0.9527
vn 0.0464 0.8810 0.4709
vn 0.0865 -0.4696 0.8786
vn 0.0624 0.7715 0.6332
vn 0.0759 -0.6326 0.7708
vn 0.0759 0.6326 0.7708
vn 0.0624 -0.7715 0.6332
vn -0.0938 -0.2890 0.9527
vn -0.0464 0.8810 0.4709
vn -0.0865 -0.4696 0.8786
vn -0.0624 0.7715 0.6332
vn -0.0759 -0.6326 0.7708
vn -0.0759 0.6326 0.7708
vn -0.0624 -0.7715 0.6332
vn -0.0865 0.4696 0.8786
vn -0.0464 -0.8810 0.4709
vn -0.0938 0.2890 0.9527
vn -0.0286 -0.9565 0.2902
vn -0.0976 0.0975 0.9904
vn -0.0097 0.9951 0.0980
vn -0.0097 -0.9951 0.0980
vn -0.0976 -0.0975 0.9904
vn -0.0286 0.9565 0.2902
vn -0.1374 -0.8810 0.4528
vn -0.2779 0.2890 0.9161
vn -0.0846 -0.9565 0.2790
vn -0.2889 0.0975 0.9524
vn -0.0286 0.9951 0.0942
vn -0.0286 -0.9951 0.0942
vn -0.2889 -0.0975 0.9524
vn -0.0846 0.9565 0.2790
vn -0.2779 -0.2890 0.9161
vn -0.1374 0.8810 0.4528
vn -0.2563 -0.4696 0.8448
vn -0.1847 0.7715 0.6088
vn -0.2248 -0.6326 0.7412
vn -0.2248 0.6326 0.7412
vn -0.1847 -0.7715 0.6088
vn -0.2563 0.4696 0.8448
vn -0.2231 0.8810 0.4173
vn -0.4162 -0.4696 0.7786
vn -0.2999 0.7715 0.5611
vn -0.3651 -0.6326 0.6831
vn -0.3651 0.6326 0.6831
vn -0.2999 -0.7715 0.5611
vn -0.4162 0.4696 0.7786
vn -0.2230 -0.8810 0.4173
vn -0.4513 0.2890 0.8443
vn -0.1374 -0.9565 0.2571
vn -0.4691 0.0975 0.8777
vn -0.0464 0.9951 0.0869
vn -0.0464 -0.9951 0.0869
vn -0.4691 -0.0975 0.8777
vn -0.1374 0.9565 0.2571
vn -0.4513 -0.2890 0.8443
vn -0.6073 0.2890 0.7400
vn -0.1850 -0.9565 0.2254
vn -0.6314 0.0975 0.7693
vn -0.0625 0.9951 0.0761
vn -0.0625 -0.9951 0.0761
vn -0.6314 -0.0975 0.7693
vn -0.1850 0.9565 0.2254
vn -0.6073 -0.2890 0.7400
vn -0.3002 0.8810 0.3658
vn -0.5601 -0.4696 0.6825
vn -0.4036 0.7715 0.4918
vn -0.4913 -0.6326 0.5987
vn -0.4913 0.6326 0.5987
vn -0.4036 -0.7715 0.4918
vn -0.5601 0.4696 0.6825
vn -0.3002 -0.8810 0.3658
vn -0.6825 -0.4696 0.5601
vn -0.4918 0.7715 0.4036
vn -0.5987 -0.6326 0.4913
vn -0.5987 0.6326 0.4913
vn -0.4918 -0.7715 0.4036
vn -0.6825 0.4696 0.5601
vn -0.3658 -0.8810 0.3002
vn -0.7400 0.2890 0.6073
vn -0.2254 -0.9565 0.1850
vn -0.7693 0.0975 0.6314
vn -0.0761 0.9951 0.0625
vn -0.0761 -0.9951 0.0625
vn -0.7693 -0.0975 0.6314
vn -0.2254 0.9565 0.1850
vn -0.7400 -0.2890 0.6073
vn -0.3658 0.8810 0.3002
vn -0.2571 -0.9565 0.1374
vn -0.8777 0.0975 0.4691
vn -0.0869 0.9951 0.0464
vn -0.0869 -0.9951 0.0464
vn -0.8777 -0.0975 0.4691
vn -0.2571 0.9565 0.1374
vn -0.8443 -0.2890 0.4513
vn -0.4173 0.8810 0.2230
vn -0.7786 -0.4696 0.4162
vn -0.5611 0.7715 0.2999
vn -0.6831 -0.6326 0.3651
vn -0.6831 0.6326 0.3651
vn -0.5611 -0.7715 0.2999
vn -0.7786 0.4696 0.4162
vn -0.4173 -0.8810 0.2230
vn -0.8443 0.2890 0.4513
vn -0.7412 -0.6326 0.2248
vn -0.7412 0.6326 0.2248
vn -0.6088 -0.7715 0.1847
vn -0.8448 0.4696 0.2563
vn -0.4528 -0.8810 0.1374
vn -0.9161 0.2890 0.2779
vn -0.2790 -0.9565 0.0846
vn -0.9524 0.0975 0.2889
vn -0.0942 0.9951 0.0286
vn -0.0942 -0.9951 0.0286
vn -0.9524 -0.0975 0.2889
vn -0.2790 0.9565 0.0846
vn -0.9161 -0.2890 0.2779
vn -0.4528 0.8810 0.1374
vn -0.8448 -0.4696 0.2563
vn -0.6088 0.7715 0.1847
vn -0.0980 0.9951 0.0097
vn -0.0980 -0.9951 0.0097
vn -0.9904 -0.0975 0.0975
vn -0.2902 0.9565 0.0286
vn -0.9527 -0.2890 0.0938
vn -0.4709 0.8810 0.0464
vn -0.8786 -0.4696 0.0865
vn -0.6332 0.7715 0.0624
vn -0.7708 -0.6326 0.0759
vn -0.7708 0.6326 0.0759
vn -0.6332 -0.7715 0.0624
vn -0.8786 0.4696 0.0865
vn -0.4709 -0.8810 0.0464
vn -0.9527 0.2890 0.0938
vn -0.2902 -0.9565 0.0286
vn -0.9904 0.0975 0.0975
vn -0.7708 0.6326 -0.0759
vn -0.6332 -0.7715 -0.0624
vn -0.8786 0.4696 -0.0865
vn -0.4709 -0.8810 -0.0464
vn -0.9527 0.2890 -0.0938
vn -0.2902 -0.9565 -0.0286
vn -0.9904 0.0975 -0.0976
vn -0.0980 0.9951 -0.0097
vn -0.0980 -0.9951 -0.0097
vn -0.9904 -0.0975 -0.0975
vn -0.2902 0.9565 -0.0286
vn -0.9527 -0.2890 -0.0938
vn -0.4709 0.8810 -0.0464
vn -0.8786 -0.4696 -0.0865
vn -0.6332 0.7715 -0.0624
vn -0.7708 -0.6326 -0.0759
vn -0.9524 -0.0975 -0.2889
vn -0.2790 0.9565 -0.0846
vn -0.9161 -0.2890 -0.2779
vn -0.4528 0.8810 -0.1374
vn -0.8448 -0.4696 -0.2563
vn -0.6088 0.7715 -0.1847
vn -0.7412 -0.6326 -0.2248
vn -0.7412 0.6326 -0.2248
vn -0.6088 -0.7715 -0.1847
vn -0.8448 0.4696 -0.2563
vn -0.4528 -0.8810 -0.1374
vn -0.9161 0.2890 -0.2779
vn -0.2790 -0.9565 -0.0846
vn -0.9524 0.0975 -0.2889
vn -0.0942 0.9951 -0.0286
vn -0.0942 -0.9951 -0.0286
vn -0.5611 -0.7715 -0.2999
vn -0.7786 0.4696 -0.4162
vn -0.4173 -0.8810 -0.2230
vn -0.8443 0.2890 -0.4513
vn -0.2571 -0.9565 -0.1374
vn -0.8777 0.0975 -0.4691
vn -0.0869 0.9951 -0.0464
vn -0.0869 -0.9951 -0.0464
vn -0.8777 -0.0975 -0.4691
vn -0.2571 0.9565 -0.1374
vn -0.8443 -0.2890 -0.4513
vn -0.4173 0.8810 -0.2230
vn -0.7786 -0.4696 -0.4162
vn -0.5611 0.7715 -0.2999
vn -0.6831 -0.6326 -0.3651
vn -0.6831 0.6326 -0.3651
vn -0.2254 0.9565 -0.1850
vn -0.7400 -0.2890 -0.6073
vn -0.3658 0.8810 -0.3002
vn -0.6825 -0.4696 -0.5601
vn -0.4918 0.7715 -0.4036
vn -0.5987 -0.6326 -0.4913
vn -0.5987 0.6326 -0.4913
vn -0.4918 -0.7715 -0.4036
vn -0.6825 0.4696 -0.5601
vn -0.3658 -0.8810 -0.3002
vn -0.7400 0.2890 -0.6073
vn -0.2254 -0.9565 -0.1850
vn -0.7693 0.0975 -0.6314
vn -0.0761 0.9951 -0.0625
vn -0.0761 -0.9951 -0.0625
vn -0.7693 -0.0975 -0.6314
vn -0.5601 0.4696 -0.6825
vn -0.3002 -0.8810 -0.3658
vn -0.6073 0.2890 -0.7400
vn -0.1850 -0.9566 -0.2254
vn -0.6314 0.0975 -0.7693
vn -0.0625 0.9951 -0.0761
vn -0.0625 -0.9951 -0.0761
vn -0.6314 -0.0975 -0.7693
vn -0.1850 0.9565 -0.2254
vn -0.6073 -0.2890 -0.7400
vn -0.3002 0.8810 -0.3658
vn -0.5601 -0.4696 -0.6825
vn -0.4036 0.7715 -0.4918
vn -0.4913 -0.6326 -0.5987
vn -0.4913 0.6326 -0.5987
vn -0.4036 -0.7715 -0.4918
vn -0.4513 -0.2890 -0.8443
vn -0.2230 0.8810 -0.4173
vn -0.4162 -0.4696 -0.7786
vn -0.2999 0.7715 -0.5611
vn -0.3651 -0.6326 -0.6831
vn -0.3651 0.6326 -0.6831
vn -0.2999 -0.7715 -0.5611
vn -0.4162 0.4696 -0.7786
vn -0.2231 -0.8810 -0.4173
vn -0.4513 0.2890 -0.8443
vn -0.1374 -0.9565 -0.2571
vn -0.4691 0.0975 -0.8777
vn -0.0464 0.9951 -0.0869
vn -0.0464 -0.9951 -0.0869
vn -0.4691 -0.0975 -0.8777
vn -0.1374 0.9565 -0.2571
vn -0.1374 -0.8810 -0.4528
vn -0.2779 0.2890 -0.9161
vn -0.0846 -0.9565 -0.2790
vn -0.2889 0.0975 -0.9524
vn -0.0286 0.9951 -0.0942
vn -0.0286 -0.9951 -0.0942
vn -0.2889 -0.0975 -0.9524
vn -0.0846 0.9565 -0.2790
vn -0.2779 -0.2890 -0.9161
vn -0.1374 0.8810 -0.4528
vn -0.2563 -0.4696 -0.8448
vn -0.1847 0.7715 -0.6088
vn -0.2248 -0.6326 -0.7412
vn -0.2248 0.6326 -0.7412
vn -0.1847 -0.7715 -0.6088
vn -0.2563 0.4696 -0.8448
vn -0.0865 -0.4696 -0.8786
vn -0.0624 0.7715 -0.6332
vn -0.0759 -0.6326 -0.7708
vn -0.0759 0.6326 -0.7708
vn -0.0624 -0.7715 -0.6332
vn -0.0865 0.4696 -0.8786
vn -0.0464 -0.8810 -0.4709
vn -0.0938 0.2890 -0.9527
vn -0.0286 -0.9565 -0.2902
vn -0.0975 0.0975 -0.9904
vn -0.0097 0.9951 -0.0980
vn -0.0097 -0.9951 -0.0980
vn -0.0976 -0.0975 -0.9904
vn -0.0286 0.9565 -0.2902
vn -0.0938 -0.2890 -0.9527
vn -0.0464 0.8810 -0.4709
vn 0.0286 -0.9565 -0.2902
vn 0.0975 0.0975 -0.9904
vn 0.0097 0.9951 -0.0980
vn 0.0097 -0.9951 -0.0980
vn 0.0976 -0.0975 -0.9904
vn 0.0286 0.9565 -0.2902
vn 0.0938 -0.2890 -0.9527
vn 0.0464 0.8810 -0.4709
vn 0.0865 -0.4696 -0.8786
vn 0.0624 0.7715 -0.6332
vn 0.0759 -0.6326 -0.7708
vn 0.0759 0.6326 -0.7708
vn 0.0624 -0.7715 -0.6332
vn 0.0865 0.4696 -0.8786
vn 0.0464 -0.8810 -0.4709
vn 0.0938 0.2890 -0.9527
vn 0.1847 0.7715 -0.6088
vn 0.2248 -0.6326 -0.7412
vn 0.2248 0.6326 -0.7412
vn 0.1847 -0.7715 -0.6088
vn 0.2563 0.4696 -0.8448
vn 0.1374 -0.8810 -0.4528
vn 0.2779 0.2890 -0.9161
vn 0.0846 -0.9565 -0.2790
vn 0.2889 0.0975 -0.9524
vn 0.0286 0.9951 -0.0942
vn 0.0286 -0.9951 -0.0942
vn 0.2889 -0.0975 -0.9524
vn 0.0846 0.9565 -0.2790
vn 0.2779 -0.2890 -0.9161
vn 0.1374 0.8810 -0.4528
vn 0.2563 -0.4696 -0.8448
vn 0.4691 0.0975 -0.8777
vn 0.0464 0.9951 -0.0869
vn 0.0464 -0.9951 -0.0869
vn 0.4691 -0.0975 -0.8777
vn 0.1374 0.9565 -0.2571
vn 0.4513 -0.2890 -0.8443
vn 0.2231 0.8810 -0.4173
vn 0.4162 -0.4696 -0.7786
vn 0.2999 0.7715 -0.5611
vn 0.3651 -0.6326 -0.6831
vn 0.3651 0.6326 -0.6831
vn 0.2999 -0.7715 -0.5611
vn 0.4162 0.4696 -0.7786
vn 0.2231 -0.8810 -0.4173
vn 0.4513 0.2890 -0.8443
vn 0.1374 -0.9565 -0.2571
vn 0.4913 -0.6326 -0.5987
vn 0.4913 0.6326 -0.5987
vn 0.4036 -0.7715 -0.4918
vn 0.5601 0.4696 -0.6825
vn 0.3002 -0.8810 -0.3658
vn 0.6073 0.2890 -0.7400
vn 0.1850 -0.9565 -0.2254
vn 0.6314 0.0975 -0.7693
vn 0.0625 0.9951 -0.0761
vn 0.0625 -0.9951 -0.0761
vn 0.6314 -0.0975 -0.7693
vn 0.1850 0.9565 -0.2254
vn 0.6073 -0.2890 -0.7400
vn 0.3002 0.8810 -0.3658
vn 0.5601 -0.4696 -0.6825
vn 0.4036 0.7715 -0.4918
vn 0.0761 0.9951 -0.0625
vn 0.0761 -0.9951 -0.0625
vn 0.7693 -0.0975 -0.6314
vn 0.2254 0.9565 -0.1850
vn 0.7400 -0.2890 -0.6073
vn 0.3658 0.8810 -0.3002
vn 0.6825 -0.4696 -0.5601
vn 0.4918 0.7715 -0.4036
vn 0.5987 -0.6326 -0.4913
vn 0.5987 0.6326 -0.4913
vn 0.4918 -0.7715 -0.4036
vn 0.6825 0.4696 -0.5601
vn 0.3658 -0.8810 -0.3002
vn 0.7400 0.2890 -0.6073
vn 0.2254 -0.9565 -0.1850
vn 0.7693 0.0975 -0.6314
vn 0.6831 0.6326 -0.3651
vn 0.5611 -0.7715 -0.2999
vn 0.7786 0.4696 -0.4162
vn 0.4173 -0.8810 -0.2230
vn 0.8443 0.2890 -0.4513
vn 0.2571 -0.9565 -0.1374
vn 0.8777 0.0975 -0.4691
vn 0.0869 0.9951 -0.0464
vn 0.0869 -0.9951 -0.0464
vn 0.8777 -0.0975 -0.4691
vn 0.2571 0.9565 -0.1374
vn 0.8443 -0.2890 -0.4513
vn 0.4173 0.8810 -0.2230
vn 0.7786 -0.4696 -0.4162
vn 0.5611 0.7715 -0.2999
vn 0.6831 -0.6326 -0.3651
vn 0.9524 -0.0975 -0.2889
vn 0.2790 0.9565 -0.0846
vn 0.9161 -0.2890 -0.2779
vn 0.4528 0.8810 -0.1374
vn 0.8448 -0.4696 -0.2563
vn 0.6088 0.7715 -0.1847
vn 0.7412 -0.6326 -0.2248
vn 0.7412 0.6326 -0.2248
vn 0.6088 -0.7715 -0.1847
vn 0.8448 0.4696 -0.2563
vn 0.4528 -0.8810 -0.1374
vn 0.9161 0.2890 -0.2779
vn 0.2790 -0.9565 -0.0846
vn 0.9524 0.0975 -0.2889
vn 0.0942 0.9951 -0.0286
vn 0.0942 -0.9951 -0.0286
vn 0.6332 -0.7715 -0.0624
vn 0.8786 0.4696 -0.0865
vn 0.4709 -0.8810 -0.0464
vn 0.9527 0.2890 -0.0938
vn 0.2902 -0.9565 -0.0286
vn 0.9904 0.0975 -0.0976
vn 0.0980 0.9951 -0.0097
vn 0.0980 -0.9951 -0.0097
vn 0.9904 -0.0975 -0.0976
vn 0.2902 0.9565 -0.0286
vn 0.9527 -0.2890 -0.0938
vn 0.4709 0.8810 -0.0464
vn 0.8786 -0.4696 -0.0865
vn 0.6332 0.7715 -0.0624
vn 0.7708 -0.6326 -0.0759
vn 0.7708 0.6326 -0.0759
vn 0.9904 -0.0976 0.0976
vn 0.9904 0.0976 0.0976
vn 0.9524 0.0975 0.2889
vn 0.9524 -0.0975 0.2889
vn 0.2790 0.9566 0.0846
vn 0.8449 0.4696 0.2563
vn 0.4173 -0.8810 0.2231
vn 0.8777 0.0976 0.4692
vn 0.8777 -0.0976 0.4691
vn 0.4173 0.8810 0.2230
vn 0.7693 0.0976 0.6314
vn 0.7693 -0.0976 0.6314
vn 0.2254 -0.9566 0.1850
vn 0.1850 -0.9565 0.2254
vn 0.2231 0.8810 0.4173
vn 0.2231 -0.8810 0.4173
vn 0.1374 -0.9566 0.2571
vn 0.4692 0.0976 0.8777
vn 0.2889 0.0976 0.9524
vn -0.0976 0.0976 0.9904
vn -0.2889 0.0976 0.9524
vn -0.2889 -0.0976 0.9524
vn -0.2231 -0.8810 0.4173
vn -0.1374 -0.9566 0.2571
vn -0.4692 0.0976 0.8777
vn -0.4691 -0.0976 0.8777
vn -0.6314 0.0976 0.7693
vn -0.2254 -0.9566 0.1850
vn -0.8777 -0.0975 0.4692
vn -0.2790 0.9566 0.0846
vn -0.8449 0.4696 0.2563
vn -0.9904 0.0975 -0.0975
vn -0.2790 0.9566 -0.0846
vn -0.4173 0.8810 -0.2231
vn -0.2572 -0.9565 -0.1374
vn -0.7693 -0.0976 -0.6314
vn -0.1850 0.9566 -0.2254
vn -0.4914 -0.6326 -0.5987
vn -0.1850 -0.9565 -0.2254
vn -0.2230 -0.8810 -0.4173
vn -0.1374 -0.9566 -0.2571
vn -0.2231 0.8810 -0.4173
vn -0.0847 -0.9565 -0.2790
vn -0.0976 0.0975 -0.9904
vn -0.0975 -0.0975 -0.9904
vn 0.0976 0.0975 -0.9904
vn 0.0975 -0.0975 -0.9904
vn 0.2230 -0.8810 -0.4173
vn 0.1375 -0.9565 -0.2571
vn 0.4692 0.0975 -0.8777
vn 0.2230 0.8810 -0.4173
vn 0.4914 0.6326 -0.5987
vn 0.4173 0.8810 -0.2231
vn 0.4173 -0.8810 -0.2231
vn 0.2572 -0.9565 -0.1374
vn 0.8777 0.0975 -0.4692
vn 0.2790 0.9566 -0.0846
vn -0.0000 0.1652 -0.9863
vn 0.5439 0.8391 -0.0000
vn -0.0000 0.1652 0.9863
vn -0.5439 0.8391 -0.0000
vn -0.5225 -0.8527 -0.0000
vn -0.0035 1.0000 -0.0000
vn -0.9503 -0.3114 -0.0000
vn -0.0000 -0.0000 1.0000
vn 0.9503 -0.3114 -0.0000
vn -0.0000 -0.0000 -1.0000
vn -0.4495 0.8933 -0.0000
vn 0.2203 -0.9754 -0.0000
vn 0.4613 0.8872 -0.0000
vn -0.2203 -0.9754 -0.0000
vn 0.5225 -0.8527 -0.0000
vn -0.0241 0.9997 -0.0000
vn 0.0680 -0.0000 0.9977
vn 0.0680 -0.0000 -0.9977
vn -0.0680 -0.0000 -0.9977
vn 1.0000 -0.0000 -0.0000
vn -0.0680 -0.0000 0.9977
vn -1.0000 -0.0000 -0.0000
vn -0.9867 -0.1624 -0.0000
vn 0.9867 -0.1624 -0.0000
vn 0.2790 -0.9566 0.0846
vn 0.4528 -0.8810 0.1373
vn 0.2571 -0.9566 0.1374
vn 0.6314 0.0976 0.7693
vn 0.4691 -0.0976 0.8777
vn 0.1375 0.9565 0.2571
vn 0.4692 0.0975 0.8777
vn 0.0286 0.9951 0.0943
vn 0.2889 -0.0976 0.9524
vn 0.0846 0.9566 0.2790
vn 0.1373 0.8810 0.4528
vn 0.0286 0.9566 0.2902
vn 0.0286 -0.9566 0.2902
vn 0.0976 0.0975 0.9904
vn -0.0286 -0.9566 0.2902
vn -0.0975 -0.0975 0.9904
vn -0.1373 0.8810 0.4528
vn -0.0846 -0.9566 0.2790
vn -0.0286 0.9951 0.0943
vn -0.4691 0.0976 0.8777
vn -0.4692 -0.0975 0.8777
vn -0.6314 -0.0976 0.7693
vn -0.7693 0.0976 0.6314
vn -0.4173 -0.8810 0.2231
vn -0.8777 0.0975 0.4692
vn -0.2571 0.9566 0.1374
vn -0.2790 -0.9566 0.0846
vn -0.9524 0.0976 0.2889
vn -0.9904 -0.0975 0.0976
vn -0.9904 -0.0975 -0.0976
vn -0.2902 0.9566 -0.0286
vn -0.2902 -0.9566 -0.0286
vn -0.2790 -0.9566 -0.0846
vn -0.8777 -0.0975 -0.4692
vn -0.2571 0.9566 -0.1374
vn -0.4173 -0.8810 -0.2231
vn -0.4692 0.0975 -0.8777
vn -0.0846 -0.9566 -0.2790
vn -0.0286 0.9951 -0.0943
vn -0.0846 0.9566 -0.2790
vn -0.0286 -0.9566 -0.2902
vn -0.0286 0.9566 -0.2902
vn 0.0846 -0.9566 -0.2790
vn 0.0286 0.9951 -0.0943
vn 0.4692 -0.0975 -0.8777
vn 0.1850 -0.9566 -0.2254
vn 0.2254 -0.9566 -0.1850
vn 0.7693 0.0976 -0.6314
vn 0.2790 -0.9566 -0.0846
vn 0.8449 -0.4696 -0.2563
vn 0.2902 0.9566 -0.0286
vn 0.9904 0.0976 -0.0976
vn 0.9904 -0.0975 0.0976
vn 0.9904 0.0976 0.0975
vn 0.0846 -0.9566 0.2790
vn -0.1375 0.9565 0.2571
vn -0.8777 0.0976 0.4692
vn -0.9524 -0.0976 -0.2889
vn -0.8777 -0.0976 -0.4692
vn 0.2563 0.4696 -0.8449
vn 0.9922 -0.1243 -0.0000
vn 0.9329 -0.3601 -0.0000
vn 0.8269 -0.5623 -0.0000
vn 0.6917 -0.7222 -0.0000
vn 0.5421 -0.8403 -0.0000
vn 0.3873 -0.9219 -0.0000
vn 0.2319 -0.9727 -0.0000
vn 0.0772 -0.9970 -0.0000
vn -0.0772 -0.9970 -0.0000
vn -0.2319 -0.9727 -0.0000
vn -0.3873 -0.9219 -0.0000
vn -0.5421 -0.8403 -0.0000
vn -0.6917 -0.7222 -0.0000
vn -0.8269 -0.5623 -0.0000
vn -0.9329 -0.3601 -0.0000
vn -0.9922 -0.1243 -0.0000
vn -0.9922 0.1243 -0.0000
vn -0.9329 0.3601 -0.0000
vn -0.8269 0.5623 -0.0000
vn -0.6917 0.7222 -0.0000
vn -0.5421 0.8403 -0.0000
vn -0.3873 0.9219 -0.0000
vn -0.2319 0.9727 -0.0000
vn -0.0772 0.9970 -0.0000
vn 0.0772 0.9970 -0.0000
vn 0.2319 0.9727 -0.0000
vn 0.3873 0.9219 -0.0000
vn 0.5421 0.8403 -0.0000
vn 0.6917 0.7222 -0.0000
vn 0.8269 0.5623 -0.0000
vn 0.9329 0.3601 -0.0000
vn 0.9922 0.1243 -0.0000
vn 0.9904 -0.0975 0.0975
vn -0.2230 0.8810 0.4173
vn 0.8449 -0.4696 0.2563
vn 0.8777 0.0976 0.4691
vn 0.8777 -0.0976 0.4692
vn 0.2254 0.9566 0.1850
vn 0.4692 -0.0976 0.8777
vn 0.1374 0.9566 0.2571
vn 0.0976 -0.0975 0.9904
vn -0.0976 -0.0976 0.9904
vn -0.4692 -0.0976 0.8777
vn -0.1374 0.9566 0.2571
vn -0.7693 -0.0976 0.6314
vn -0.2254 0.9566 0.1850
vn -0.8449 -0.4696 0.2563
vn -0.2572 0.9565 -0.1374
vn -0.7693 0.0976 -0.6314
vn -0.2254 0.9566 -0.1850
vn -0.4914 0.6326 -0.5987
vn 0.1375 0.9565 -0.2571
vn 0.4914 -0.6326 -0.5987
vn 0.8777 -0.0975 -0.4692
vn 0.2572 0.9565 -0.1374
vn 0.9904 -0.0976 -0.0976
vn 0.1561 -0.0000 -0.9877
vn -0.1561 -0.0000 0.9877
vn -0.1561 -0.0000 -0.9877
vn 0.1561 -0.0000 0.9877
vn -0.0000 -0.1732 0.9849
vn -0.0000 0.1732 -0.9849
vn 0.2571 0.9566 0.1374
vn 0.6314 -0.0976 0.7693
vn 0.1850 0.9566 0.2254
vn 0.4692 -0.0975 0.8777
vn 0.1375 -0.9565 0.2571
vn 0.4691 0.0976 0.8777
vn 0.1373 -0.8810 0.4528
vn -0.0975 0.0975 0.9904
vn -0.0846 0.9566 0.2790
vn -0.1375 -0.9565 0.2571
vn -0.4692 0.0975 0.8777
vn -0.1850 -0.9566 0.2254
vn -0.2571 -0.9566 0.1374
vn -0.4173 0.8810 0.2231
vn -0.4528 0.8810 0.1373
vn -0.9904 0.0975 0.0976
vn -0.4692 -0.0975 -0.8777
vn -0.1374 0.9566 -0.2571
vn 0.0846 0.9566 -0.2790
vn 0.1374 0.9566 -0.2571
vn 0.2254 0.9566 -0.1850
vn 0.8449 0.4696 -0.2563
vn 0.2902 -0.9566 -0.0286
vn -0.0286 0.9566 0.2902
vn -0.1373 -0.8810 0.4528
vn -0.8777 -0.0976 0.4691
vn -0.8777 0.0976 -0.4691
vt 0.750000 0.250000
vt 0.718750 0.187500
vt 0.750000 0.187500
vt 0.750000 0.625000
vt 0.718750 0.687500
vt 0.718750 0.625000
vt 0.718750 0.125000
vt 0.750000 0.125000
vt 0.750000 0.562500
vt 0.718750 0.562500
vt 0.718750 0.062500
vt 0.750000 0.062500
vt 0.718750 0.500000
vt 0.750000 0.500000
vt 0.750000 0.937500
vt 0.734375 1.000000
vt 0.718750 0.937500
vt 0.734375 0.000000
vt 0.718750 0.437500
vt 0.750000 0.437500
vt 0.750000 0.875000
vt 0.718750 0.875000
vt 0.718750 0.375000
vt 0.750000 0.375000
vt 0.750000 0.812500
vt 0.718750 0.812500
vt 0.718750 0.312500
vt 0.750000 0.312500
vt 0.750000 0.750000
vt 0.718750 0.750000
vt 0.718750 0.250000
vt 0.750000 0.687500
vt 0.687500 0.750000
vt 0.687500 0.250000
vt 0.687500 0.687500
vt 0.687500 0.187500
vt 0.687500 0.625000
vt 0.687500 0.125000
vt 0.687500 0.562500
vt 0.687500 0.062500
vt 0.687500 0.500000
vt 0.703125 1.000000
vt 0.687500 0.937500
vt 0.703125 0.000000
vt 0.687500 0.437500
vt 0.687500 0.875000
vt 0.687500 0.375000
vt 0.687500 0.812500
vt 0.687500 0.312500
vt 0.656250 0.500000
vt 0.671875 1.000000
vt 0.656250 0.937500
vt 0.671875 0.000000
vt 0.656250 0.062500
vt 0.656250 0.437500
vt 0.656250 0.875000
vt 0.656250 0.375000
vt 0.656250 0.812500
vt 0.656250 0.312500
vt 0.656250 0.750000
vt 0.656250 0.250000
vt 0.656250 0.687500
vt 0.656250 0.187500
vt 0.656250 0.625000
vt 0.656250 0.125000
vt 0.656250 0.562500
vt 0.625000 0.250000
vt 0.625000 0.687500
vt 0.625000 0.187500
vt 0.625000 0.625000
vt 0.625000 0.125000
vt 0.625000 0.562500
vt 0.625000 0.062500
vt 0.625000 0.500000
vt 0.640625 1.000000
vt 0.625000 0.937500
vt 0.640625 0.000000
vt 0.625000 0.437500
vt 0.625000 0.875000
vt 0.625000 0.375000
vt 0.625000 0.812500
vt 0.625000 0.312500
vt 0.625000 0.750000
vt 0.609375 0.000000
vt 0.593750 0.062500
vt 0.593750 0.437500
vt 0.593750 0.875000
vt 0.593750 0.375000
vt 0.593750 0.812500
vt 0.593750 0.312500
vt 0.593750 0.750000
vt 0.593750 0.250000
vt 0.593750 0.687500
vt 0.593750 0.187500
vt 0.593750 0.625000
vt 0.593750 0.125000
vt 0.593750 0.562500
vt 0.593750 0.500000
vt 0.609375 1.000000
vt 0.593750 0.937500
vt 0.562500 0.187500
vt 0.562500 0.625000
vt 0.562500 0.125000
vt 0.562500 0.562500
vt 0.562500 0.062500
vt 0.562500 0.500000
vt 0.578125 1.000000
vt 0.562500 0.937500
vt 0.578125 0.000000
vt 0.562500 0.437500
vt 0.562500 0.875000
vt 0.562500 0.375000
vt 0.562500 0.812500
vt 0.562500 0.312500
vt 0.562500 0.750000
vt 0.562500 0.250000
vt 0.562500 0.687500
vt 0.531250 0.937500
vt 0.531250 0.875000
vt 0.531250 0.375000
vt 0.531250 0.812500
vt 0.531250 0.312500
vt 0.531250 0.750000
vt 0.531250 0.250000
vt 0.531250 0.687500
vt 0.531250 0.187500
vt 0.531250 0.625000
vt 0.531250 0.125000
vt 0.531250 0.562500
vt 0.531250 0.062500
vt 0.531250 0.500000
vt 0.546875 1.000000
vt 0.546875 0.000000
vt 0.531250 0.437500
vt 0.500000 0.625000
vt 0.500000 0.125000
vt 0.500000 0.562500
vt 0.500000 0.062500
vt 0.500000 0.500000
vt 0.515625 1.000000
vt 0.500000 0.937500
vt 0.515625 0.000000
vt 0.500000 0.437500
vt 0.500000 0.875000
vt 0.500000 0.375000
vt 0.500000 0.812500
vt 0.500000 0.312500
vt 0.500000 0.750000
vt 0.500000 0.250000
vt 0.500000 0.687500
vt 0.500000 0.187500
vt 0.468750 0.375000
vt 0.468750 0.812500
vt 0.468750 0.312500
vt 0.468750 0.750000
vt 0.468750 0.250000
vt 0.468750 0.687500
vt 0.468750 0.187500
vt 0.468750 0.625000
vt 0.468750 0.125000
vt 0.468750 0.562500
vt 0.468750 0.062500
vt 0.468750 0.500000
vt 0.484375 1.000000
vt 0.468750 0.937500
vt 0.484375 0.000000
vt 0.468750 0.437500
vt 0.468750 0.875000
vt 0.437500 0.125000
vt 0.437500 0.625000
vt 0.437500 0.562500
vt 0.437500 0.062500
vt 0.437500 0.500000
vt 0.453125 1.000000
vt 0.437500 0.937500
vt 0.453125 0.000000
vt 0.437500 0.437500
vt 0.437500 0.875000
vt 0.437500 0.375000
vt 0.437500 0.812500
vt 0.437500 0.312500
vt 0.437500 0.750000
vt 0.437500 0.250000
vt 0.437500 0.687500
vt 0.437500 0.187500
vt 0.406250 0.875000
vt 0.406250 0.812500
vt 0.406250 0.375000
vt 0.406250 0.312500
vt 0.406250 0.750000
vt 0.406250 0.250000
vt 0.406250 0.687500
vt 0.406250 0.187500
vt 0.406250 0.625000
vt 0.406250 0.125000
vt 0.406250 0.562500
vt 0.406250 0.062500
vt 0.406250 0.500000
vt 0.421875 1.000000
vt 0.406250 0.937500
vt 0.421875 0.000000
vt 0.406250 0.437500
vt 0.375000 0.625000
vt 0.375000 0.562500
vt 0.375000 0.125000
vt 0.375000 0.062500
vt 0.375000 0.500000
vt 0.390625 1.000000
vt 0.375000 0.937500
vt 0.390625 0.000000
vt 0.375000 0.437500
vt 0.375000 0.875000
vt 0.375000 0.375000
vt 0.375000 0.812500
vt 0.375000 0.312500
vt 0.375000 0.750000
vt 0.375000 0.250000
vt 0.375000 0.687500
vt 0.375000 0.187500
vt 0.343750 0.375000
vt 0.343750 0.312500
vt 0.343750 0.750000
vt 0.343750 0.250000
vt 0.343750 0.687500
vt 0.343750 0.187500
vt 0.343750 0.625000
vt 0.343750 0.125000
vt 0.343750 0.562500
vt 0.343750 0.062500
vt 0.343750 0.500000
vt 0.359375 1.000000
vt 0.343750 0.937500
vt 0.359375 0.000000
vt 0.343750 0.437500
vt 0.343750 0.875000
vt 0.343750 0.812500
vt 0.312500 0.062500
vt 0.312500 0.562500
vt 0.312500 0.500000
vt 0.328125 1.000000
vt 0.312500 0.937500
vt 0.328125 0.000000
vt 0.312500 0.437500
vt 0.312500 0.875000
vt 0.312500 0.375000
vt 0.312500 0.812500
vt 0.312500 0.312500
vt 0.312500 0.750000
vt 0.312500 0.250000
vt 0.312500 0.687500
vt 0.312500 0.187500
vt 0.312500 0.625000
vt 0.312500 0.125000
vt 0.281250 0.250000
vt 0.281250 0.750000
vt 0.281250 0.687500
vt 0.281250 0.187500
vt 0.281250 0.625000
vt 0.281250 0.125000
vt 0.281250 0.562500
vt 0.281250 0.062500
vt 0.281250 0.500000
vt 0.296875 1.000000
vt 0.281250 0.937500
vt 0.296875 0.000000
vt 0.281250 0.437500
vt 0.281250 0.875000
vt 0.281250 0.375000
vt 0.281250 0.812500
vt 0.281250 0.312500
vt 0.265625 1.000000
vt 0.250000 0.937500
vt 0.265625 0.000000
vt 0.250000 0.062500
vt 0.250000 0.437500
vt 0.250000 0.875000
vt 0.250000 0.375000
vt 0.250000 0.812500
vt 0.250000 0.312500
vt 0.250000 0.750000
vt 0.250000 0.250000
vt 0.250000 0.687500
vt 0.250000 0.187500
vt 0.250000 0.625000
vt 0.250000 0.125000
vt 0.250000 0.562500
vt 0.250000 0.500000
vt 0.218750 0.750000
vt 0.218750 0.687500
vt 0.218750 0.250000
vt 0.218750 0.187500
vt 0.218750 0.625000
vt 0.218750 0.125000
vt 0.218750 0.562500
vt 0.218750 0.062500
vt 0.218750 0.500000
vt 0.234375 1.000000
vt 0.218750 0.937500
vt 0.234375 0.000000
vt 0.218750 0.437500
vt 0.218750 0.875000
vt 0.218750 0.375000
vt 0.218750 0.812500
vt 0.218750 0.312500
vt 0.187500 0.437500
vt 0.187500 0.937500
vt 0.187500 0.875000
vt 0.187500 0.375000
vt 0.187500 0.812500
vt 0.187500 0.312500
vt 0.187500 0.750000
vt 0.187500 0.250000
vt 0.187500 0.687500
vt 0.187500 0.187500
vt 0.187500 0.625000
vt 0.187500 0.125000
vt 0.187500 0.562500
vt 0.187500 0.062500
vt 0.187500 0.500000
vt 0.203125 1.000000
vt 0.203125 0.000000
vt 0.156250 0.250000
vt 0.156250 0.187500
vt 0.156250 0.625000
vt 0.156250 0.125000
vt 0.156250 0.562500
vt 0.156250 0.062500
vt 0.156250 0.500000
vt 0.171875 1.000000
vt 0.156250 0.937500
vt 0.171875 0.000000
vt 0.156250 0.437500
vt 0.156250 0.875000
vt 0.156250 0.375000
vt 0.156250 0.812500
vt 0.156250 0.312500
vt 0.156250 0.750000
vt 0.156250 0.687500
vt 0.125000 0.875000
vt 0.125000 0.375000
vt 0.125000 0.812500
vt 0.125000 0.312500
vt 0.125000 0.750000
vt 0.125000 0.250000
vt 0.125000 0.687500
vt 0.125000 0.187500
vt 0.125000 0.625000
vt 0.125000 0.125000
vt 0.125000 0.562500
vt 0.125000 0.062500
vt 0.125000 0.500000
vt 0.140625 1.000000
vt 0.125000 0.937500
vt 0.140625 0.000000
vt 0.125000 0.437500
vt 0.093750 0.625000
vt 0.093750 0.125000
vt 0.093750 0.562500
vt 0.093750 0.062500
vt 0.093750 0.500000
vt 0.109375 1.000000
vt 0.093750 0.937500
vt 0.109375 0.000000
vt 0.093750 0.437500
vt 0.093750 0.875000
vt 0.093750 0.375000
vt 0.093750 0.812500
vt 0.093750 0.312500
vt 0.093750 0.750000
vt 0.093750 0.250000
vt 0.093750 0.687500
vt 0.093750 0.187500
vt 0.062500 0.375000
vt 0.062500 0.812500
vt 0.062500 0.312500
vt 0.062500 0.750000
vt 0.062500 0.250000
vt 0.062500 0.687500
vt 0.062500 0.187500
vt 0.062500 0.625000
vt 0.062500 0.125000
vt 0.062500 0.562500
vt 0.062500 0.062500
vt 0.062500 0.500000
vt 0.078125 1.000000
vt 0.062500 0.937500
vt 0.078125 0.000000
vt 0.062500 0.437500
vt 0.062500 0.875000
vt 0.031250 0.125000
vt 0.031250 0.625000
vt 0.031250 0.562500
vt 0.031250 0.062500
vt 0.031250 0.500000
vt 0.046875 1.000000
vt 0.031250 0.937500
vt 0.046875 0.000000
vt 0.031250 0.437500
vt 0.031250 0.875000
vt 0.031250 0.375000
vt 0.031250 0.812500
vt 0.031250 0.312500
vt 0.031250 0.750000
vt 0.031250 0.250000
vt 0.031250 0.687500
vt 0.031250 0.187500
vt 0.000000 0.375000
vt 0.000000 0.312500
vt 0.000000 0.750000
vt 0.000000 0.250000
vt 0.000000 0.687500
vt 0.000000 0.187500
vt 0.000000 0.625000
vt 0.000000 0.125000
vt 0.000000 0.562500
vt 0.000000 0.062500
vt 0.000000 0.500000
vt 0.015625 1.000000
vt 0.000000 0.937500
vt 0.015625 0.000000
vt 0.000000 0.437500
vt 0.000000 0.875000
vt 0.000000 0.812500
vt 1.000000 0.125000
vt 0.968750 0.062500
vt 1.000000 0.062500
vt 1.000000 0.500000
vt 0.968750 0.562500
vt 0.968750 0.500000
vt 1.000000 0.937500
vt 0.984375 1.000000
vt 0.968750 0.937500
vt 0.984375 0.000000
vt 0.968750 0.437500
vt 1.000000 0.437500
vt 0.968750 0.875000
vt 1.000000 0.875000
vt 0.968750 0.375000
vt 1.000000 0.375000
vt 1.000000 0.812500
vt 0.968750 0.812500
vt 1.000000 0.312500
vt 0.968750 0.312500
vt 0.968750 0.750000
vt 1.000000 0.750000
vt 0.968750 0.250000
vt 1.000000 0.250000
vt 1.000000 0.687500
vt 0.968750 0.687500
vt 1.000000 0.187500
vt 0.968750 0.187500
vt 0.968750 0.625000
vt 1.000000 0.625000
vt 0.968750 0.125000
vt 1.000000 0.562500
vt 0.937500 0.750000
vt 0.937500 0.250000
vt 0.937500 0.687500
vt 0.937500 0.187500
vt 0.937500 0.625000
vt 0.937500 0.125000
vt 0.937500 0.562500
vt 0.937500 0.062500
vt 0.937500 0.500000
vt 0.953125 1.000000
vt 0.937500 0.937500
vt 0.953125 0.000000
vt 0.937500 0.437500
vt 0.937500 0.875000
vt 0.937500 0.375000
vt 0.937500 0.812500
vt 0.937500 0.312500
vt 0.906250 0.562500
vt 0.906250 0.500000
vt 0.921875 1.000000
vt 0.906250 0.937500
vt 0.921875 0.000000
vt 0.906250 0.062500
vt 0.906250 0.437500
vt 0.906250 0.875000
vt 0.906250 0.375000
vt 0.906250 0.812500
vt 0.906250 0.312500
vt 0.906250 0.750000
vt 0.906250 0.250000
vt 0.906250 0.687500
vt 0.906250 0.187500
vt 0.906250 0.625000
vt 0.906250 0.125000
vt 0.875000 0.250000
vt 0.875000 0.750000
vt 0.875000 0.687500
vt 0.875000 0.187500
vt 0.875000 0.625000
vt 0.875000 0.125000
vt 0.875000 0.562500
vt 0.875000 0.062500
vt 0.875000 0.500000
vt 0.890625 1.000000
vt 0.875000 0.937500
vt 0.890625 0.000000
vt 0.875000 0.437500
vt 0.875000 0.875000
vt 0.875000 0.375000
vt 0.875000 0.812500
vt 0.875000 0.312500
vt 0.859375 1.000000
vt 0.843750 0.937500
vt 0.859375 0.000000
vt 0.843750 0.062500
vt 0.843750 0.437500
vt 0.843750 0.875000
vt 0.843750 0.375000
vt 0.843750 0.812500
vt 0.843750 0.312500
vt 0.843750 0.750000
vt 0.843750 0.250000
vt 0.843750 0.687500
vt 0.843750 0.187500
vt 0.843750 0.625000
vt 0.843750 0.125000
vt 0.843750 0.562500
vt 0.843750 0.500000
vt 0.812500 0.750000
vt 0.812500 0.687500
vt 0.812500 0.250000
vt 0.812500 0.187500
vt 0.812500 0.625000
vt 0.812500 0.125000
vt 0.812500 0.562500
vt 0.812500 0.062500
vt 0.812500 0.500000
vt 0.828125 1.000000
vt 0.812500 0.937500
vt 0.828125 0.000000
vt 0.812500 0.437500
vt 0.812500 0.875000
vt 0.812500 0.375000
vt 0.812500 0.812500
vt 0.812500 0.312500
vt 0.781250 0.437500
vt 0.781250 0.875000
vt 0.781250 0.375000
vt 0.781250 0.812500
vt 0.781250 0.312500
vt 0.781250 0.750000
vt 0.781250 0.250000
vt 0.781250 0.687500
vt 0.781250 0.187500
vt 0.781250 0.625000
vt 0.781250 0.125000
vt 0.781250 0.562500
vt 0.781250 0.062500
vt 0.781250 0.500000
vt 0.796875 1.000000
vt 0.781250 0.937500
vt 0.796875 0.000000
vt 0.765625 1.000000
vt 0.765625 0.000000
vt 0.562500 0.750000
vt 0.562500 1.000000
vt 0.125000 0.687500
vt 0.375000 0.750000
vt 0.125000 0.750000
vt 0.625000 0.687500
vt 0.875000 0.750000
vt 0.500000 0.750000
vt 0.437500 1.000000
vt 0.437500 0.750000
vt 0.500000 0.687500
vt 0.437500 0.687500
vt 0.437500 0.500000
vt 0.500000 0.187500
vt 0.437500 0.187500
vt 0.500000 0.062500
vt 0.437500 0.062500
vt 0.437500 0.625000
vt 0.875000 0.562500
vt 0.625000 0.625000
vt 0.125000 0.625000
vt 0.125000 0.562500
vt 0.562500 0.625000
vt 0.562500 0.062500
vt 0.625000 0.000000
vt 0.562500 0.000000
vt 0.437500 0.000000
vt 0.500000 0.625000
vt 0.875000 0.625000
vt 0.375000 0.625000
vt 0.375000 0.500000
vt 0.125000 0.500000
vt 0.875000 0.500000
vt 0.375000 0.187500
vt 0.375000 0.687500
vt 0.375000 0.000000
vt 0.375000 0.062500
vt 0.375000 1.000000
vt 0.500000 0.500000
vt 0.500000 0.000000
vt 0.500000 1.000000
vt 1.000000 1.000000
vt 0.968750 0.500000
vt 0.968750 1.000000
vt 0.937500 0.500000
vt 0.937500 1.000000
vt 0.906250 0.500000
vt 0.906250 1.000000
vt 0.875000 1.000000
vt 0.843750 0.500000
vt 0.843750 1.000000
vt 0.812500 0.500000
vt 0.812500 1.000000
vt 0.781250 0.500000
vt 0.781250 1.000000
vt 0.750000 1.000000
vt 0.718750 1.000000
vt 0.687500 1.000000
vt 0.656250 1.000000
vt 0.625000 1.000000
vt 0.593750 1.000000
vt 0.531250 1.000000
vt 0.468750 0.500000
vt 0.468750 1.000000
vt 0.406250 0.500000
vt 0.406250 1.000000
vt 0.343750 0.500000
vt 0.343750 1.000000
vt 0.312500 0.500000
vt 0.312500 1.000000
vt 0.281250 0.500000
vt 0.281250 1.000000
vt 0.250000 0.500000
vt 0.250000 1.000000
vt 0.218750 0.500000
vt 0.218750 1.000000
vt 0.187500 0.500000
vt 0.187500 1.000000
vt 0.156250 0.500000
vt 0.125000 1.000000
vt 0.093750 0.500000
vt 0.093750 1.000000
vt 0.062500 0.500000
vt 0.158156 0.028269
vt 0.471731 0.158156
vt 0.341844 0.471731
vt 0.062500 1.000000
vt 0.031250 0.500000
vt 0.031250 1.000000
vt 0.796822 0.014612
vt 0.514612 0.203178
vt 0.703178 0.485388
vt 0.875000 0.687500
vt 0.625000 0.062500
vt 0.156250 1.000000
vt 0.296822 0.485388
vt 0.250000 0.490000
vt 0.203178 0.485388
vt 0.158156 0.471731
vt 0.116663 0.449553
vt 0.080294 0.419706
vt 0.050447 0.383337
vt 0.028269 0.341844
vt 0.014612 0.296822
vt 0.010000 0.250000
vt 0.014612 0.203178
vt 0.028269 0.158156
vt 0.050447 0.116663
vt 0.080294 0.080294
vt 0.116663 0.050447
vt 0.203178 0.014612
vt 0.250000 0.010000
vt 0.296822 0.014612
vt 0.341844 0.028269
vt 0.383337 0.050447
vt 0.419706 0.080294
vt 0.449553 0.116663
vt 0.485388 0.203178
vt 0.490000 0.250000
vt 0.485388 0.296822
vt 0.471731 0.341844
vt 0.449553 0.383337
vt 0.419706 0.419706
vt 0.383337 0.449553
vt 0.000000 1.000000
vt 0.750000 0.490000
vt 0.796822 0.485388
vt 0.841844 0.471731
vt 0.883337 0.449553
vt 0.919706 0.419706
vt 0.949553 0.383337
vt 0.971731 0.341844
vt 0.985388 0.296822
vt 0.990000 0.250000
vt 0.985388 0.203178
vt 0.971731 0.158156
vt 0.949553 0.116663
vt 0.919706 0.080294
vt 0.883337 0.050447
vt 0.841844 0.028269
vt 0.750000 0.010000
vt 0.703178 0.014612
vt 0.658156 0.028269
vt 0.616663 0.050447
vt 0.580294 0.080294
vt 0.550447 0.116663
vt 0.528269 0.158156
vt 0.510000 0.250000
vt 0.514612 0.296822
vt 0.528269 0.341844
vt 0.550447 0.383337
vt 0.580294 0.419706
vt 0.616663 0.449553
vt 0.658156 0.471731
s 0
usemtl マテリアル.001
f 479/1/1 21/2/1 480/3/1
f 477/4/2 13/5/2 14/6/2
f 480/3/3 22/7/3 481/8/3
f 4/9/4 14/6/4 15/10/4
f 481/8/5 23/11/5 482/12/5
f 4/9/6 16/13/6 5/14/6
f 474/15/7 1/16/7 9/17/7
f 8/18/8 482/12/8 23/11/8
f 5/14/9 17/19/9 6/20/9
f 475/21/10 9/17/10 10/22/10
f 6/20/11 18/23/11 478/24/11
f 2/25/12 10/22/12 11/26/12
f 478/24/13 19/27/13 7/28/13
f 476/29/14 11/26/14 12/30/14
f 7/28/15 20/31/15 479/1/15
f 3/32/16 12/30/16 13/5/16
f 11/26/17 27/33/17 12/30/17
f 19/27/18 35/34/18 20/31/18
f 12/30/19 28/35/19 13/5/19
f 21/2/20 35/34/20 36/36/20
f 13/5/21 29/37/21 14/6/21
f 22/7/22 36/36/22 37/38/22
f 15/10/23 29/37/23 30/39/23
f 22/7/24 38/40/24 23/11/24
f 15/10/25 31/41/25 16/13/25
f 9/17/26 1/42/26 24/43/26
f 8/44/27 23/11/27 38/40/27
f 16/13/28 32/45/28 17/19/28
f 9/17/29 25/46/29 10/22/29
f 17/19/30 33/47/30 18/23/30
f 10/22/31 26/48/31 11/26/31
f 18/23/32 34/49/32 19/27/32
f 30/39/33 46/50/33 31/41/33
f 24/43/34 1/51/34 39/52/34
f 8/53/35 38/40/35 53/54/35
f 32/45/36 46/50/36 47/55/36
f 24/43/37 40/56/37 25/46/37
f 32/45/38 48/57/38 33/47/38
f 25/46/39 41/58/39 26/48/39
f 34/49/40 48/57/40 49/59/40
f 26/48/41 42/60/41 27/33/41
f 35/34/42 49/59/42 50/61/42
f 27/33/43 43/62/43 28/35/43
f 36/36/44 50/61/44 51/63/44
f 28/35/45 44/64/45 29/37/45
f 36/36/46 52/65/46 37/38/46
f 29/37/47 45/66/47 30/39/47
f 37/38/48 53/54/48 38/40/48
f 49/59/49 65/67/49 50/61/49
f 42/60/50 58/68/50 43/62/50
f 50/61/51 66/69/51 51/63/51
f 43/62/52 59/70/52 44/64/52
f 51/63/53 67/71/53 52/65/53
f 45/66/54 59/70/54 60/72/54
f 52/65/55 68/73/55 53/54/55
f 46/50/56 60/72/56 61/74/56
f 39/52/57 1/75/57 54/76/57
f 8/77/58 53/54/58 68/73/58
f 46/50/59 62/78/59 47/55/59
f 39/52/60 55/79/60 40/56/60
f 47/55/61 63/80/61 48/57/61
f 40/56/62 56/81/62 41/58/62
f 49/59/63 63/80/63 64/82/63
f 41/58/64 57/83/64 42/60/64
f 8/84/65 68/73/65 83/85/65
f 61/74/66 77/86/66 62/78/66
f 54/76/67 70/87/67 55/79/67
f 62/78/68 78/88/68 63/80/68
f 55/79/69 71/89/69 56/81/69
f 64/82/70 78/88/70 79/90/70
f 56/81/71 72/91/71 57/83/71
f 64/82/72 80/92/72 65/67/72
f 58/68/73 72/91/73 73/93/73
f 65/67/74 81/94/74 66/69/74
f 58/68/75 74/95/75 59/70/75
f 67/71/76 81/94/76 82/96/76
f 60/72/77 74/95/77 75/97/77
f 67/71/78 83/85/78 68/73/78
f 61/74/79 75/97/79 76/98/79
f 54/76/80 1/99/80 69/100/80
f 80/92/81 96/101/81 81/94/81
f 73/93/82 89/102/82 74/95/82
f 81/94/83 97/103/83 82/96/83
f 75/97/84 89/102/84 90/104/84
f 83/85/85 97/103/85 98/105/85
f 76/98/86 90/104/86 91/106/86
f 69/100/87 1/107/87 84/108/87
f 8/109/88 83/85/88 98/105/88
f 76/98/89 92/110/89 77/86/89
f 69/100/90 85/111/90 70/87/90
f 77/86/91 93/112/91 78/88/91
f 70/87/92 86/113/92 71/89/92
f 79/90/93 93/112/93 94/114/93
f 71/89/94 87/115/94 72/91/94
f 79/90/95 95/116/95 80/92/95
f 73/93/96 87/115/96 88/117/96
f 85/111/97 99/118/97 100/119/97
f 92/110/98 108/120/98 93/112/98
f 85/111/99 101/121/99 86/113/99
f 94/114/100 108/120/100 109/122/100
f 86/113/101 102/123/101 87/115/101
f 94/114/102 110/124/102 95/116/102
f 88/117/103 102/123/103 103/125/103
f 96/101/104 110/124/104 111/126/104
f 88/117/105 104/127/105 89/102/105
f 97/103/106 111/126/106 112/128/106
f 90/104/107 104/127/107 105/129/107
f 97/103/108 113/130/108 98/105/108
f 91/106/109 105/129/109 106/131/109
f 84/108/110 1/132/110 99/118/110
f 8/133/111 98/105/111 113/130/111
f 91/106/112 107/134/112 92/110/112
f 103/125/113 119/135/113 104/127/113
f 111/126/114 127/136/114 112/128/114
f 105/129/115 119/135/115 120/137/115
f 112/128/116 128/138/116 113/130/116
f 106/131/117 120/137/117 121/139/117
f 99/118/118 1/140/118 114/141/118
f 8/142/119 113/130/119 128/138/119
f 106/131/120 122/143/120 107/134/120
f 100/119/121 114/141/121 115/144/121
f 107/134/122 123/145/122 108/120/122
f 100/119/123 116/146/123 101/121/123
f 109/122/124 123/145/124 124/147/124
f 101/121/125 117/148/125 102/123/125
f 109/122/126 125/149/126 110/124/126
f 103/125/127 117/148/127 118/150/127
f 111/126/128 125/149/128 126/151/128
f 122/143/129 138/152/129 123/145/129
f 115/144/130 131/153/130 116/146/130
f 124/147/131 138/152/131 139/154/131
f 116/146/132 132/155/132 117/148/132
f 124/147/133 140/156/133 125/149/133
f 118/150/134 132/155/134 133/157/134
f 126/151/135 140/156/135 141/158/135
f 118/150/136 134/159/136 119/135/136
f 126/151/137 142/160/137 127/136/137
f 120/137/138 134/159/138 135/161/138
f 127/136/139 143/162/139 128/138/139
f 121/139/140 135/161/140 136/163/140
f 114/141/141 1/164/141 129/165/141
f 8/166/142 128/138/142 143/162/142
f 121/139/143 137/167/143 122/143/143
f 114/141/144 130/168/144 115/144/144
f 141/158/145 157/169/145 142/160/145
f 135/161/146 149/170/146 150/171/146
f 143/162/147 157/169/147 158/172/147
f 136/163/148 150/171/148 151/173/148
f 129/165/149 1/174/149 144/175/149
f 8/176/150 143/162/150 158/172/150
f 136/163/151 152/177/151 137/167/151
f 129/165/152 145/178/152 130/168/152
f 137/167/153 153/179/153 138/152/153
f 131/153/154 145/178/154 146/180/154
f 139/154/155 153/179/155 154/181/155
f 131/153/156 147/182/156 132/155/156
f 139/154/157 155/183/157 140/156/157
f 133/157/158 147/182/158 148/184/158
f 141/158/159 155/183/159 156/185/159
f 133/157/160 149/170/160 134/159/160
f 146/180/161 160/186/161 161/187/161
f 154/181/162 168/188/162 169/189/162
f 146/180/163 162/190/163 147/182/163
f 154/181/164 170/191/164 155/183/164
f 148/184/165 162/190/165 163/192/165
f 156/185/166 170/191/166 171/193/166
f 148/184/167 164/194/167 149/170/167
f 156/185/168 172/195/168 157/169/168
f 150/171/169 164/194/169 165/196/169
f 157/169/170 173/197/170 158/172/170
f 151/173/171 165/196/171 166/198/171
f 144/175/172 1/199/172 159/200/172
f 8/201/173 158/172/173 173/197/173
f 151/173/174 167/202/174 152/177/174
f 144/175/175 160/186/175 145/178/175
f 152/177/176 168/188/176 153/179/176
f 165/196/177 179/203/177 180/204/177
f 173/197/178 187/205/178 188/206/178
f 166/198/179 180/204/179 181/207/179
f 159/200/180 1/208/180 174/209/180
f 8/210/181 173/197/181 188/206/181
f 166/198/182 182/211/182 167/202/182
f 159/200/183 175/212/183 160/186/183
f 167/202/184 183/213/184 168/188/184
f 160/186/185 176/214/185 161/187/185
f 169/189/186 183/213/186 184/215/186
f 161/187/187 177/216/187 162/190/187
f 169/189/188 185/217/188 170/191/188
f 163/192/189 177/216/189 178/218/189
f 170/191/190 186/219/190 171/193/190
f 163/192/191 179/203/191 164/194/191
f 172/195/192 186/219/192 187/205/192
f 184/215/193 198/220/193 199/221/193
f 176/214/194 192/222/194 177/216/194
f 184/215/195 200/223/195 185/217/195
f 178/218/196 192/222/196 193/224/196
f 186/219/197 200/223/197 201/225/197
f 178/218/198 194/226/198 179/203/198
f 186/219/199 202/227/199 187/205/199
f 180/204/200 194/226/200 195/228/200
f 187/205/201 203/229/201 188/206/201
f 181/207/202 195/228/202 196/230/202
f 174/209/203 1/231/203 189/232/203
f 8/233/204 188/206/204 203/229/204
f 181/207/205 197/234/205 182/211/205
f 175/212/206 189/232/206 190/235/206
f 182/211/207 198/220/207 183/213/207
f 176/214/208 190/235/208 191/236/208
f 202/227/209 218/237/209 203/229/209
f 196/230/210 210/238/210 211/239/210
f 189/232/211 1/240/211 204/241/211
f 8/242/212 203/229/212 218/237/212
f 196/230/213 212/243/213 197/234/213
f 189/232/214 205/244/214 190/235/214
f 197/234/215 213/245/215 198/220/215
f 190/235/216 206/246/216 191/236/216
f 199/221/217 213/245/217 214/247/217
f 191/236/218 207/248/218 192/222/218
f 199/221/219 215/249/219 200/223/219
f 193/224/220 207/248/220 208/250/220
f 201/225/221 215/249/221 216/251/221
f 193/224/222 209/252/222 194/226/222
f 201/225/223 217/253/223 202/227/223
f 195/228/224 209/252/224 210/238/224
f 214/247/225 230/254/225 215/249/225
f 208/250/226 222/255/226 223/256/226
f 216/251/227 230/254/227 231/257/227
f 208/250/228 224/258/228 209/252/228
f 216/251/229 232/259/229 217/253/229
f 210/238/230 224/258/230 225/260/230
f 217/253/231 233/261/231 218/237/231
f 211/239/232 225/260/232 226/262/232
f 204/241/233 1/263/233 219/264/233
f 8/265/234 218/237/234 233/261/234
f 211/239/235 227/266/235 212/243/235
f 204/241/236 220/267/236 205/244/236
f 212/243/237 228/268/237 213/245/237
f 205/244/238 221/269/238 206/246/238
f 214/247/239 228/268/239 229/270/239
f 206/246/240 222/255/240 207/248/240
f 219/264/241 1/271/241 234/272/241
f 8/273/242 233/261/242 248/274/242
f 226/262/243 242/275/243 227/266/243
f 219/264/244 235/276/244 220/267/244
f 227/266/245 243/277/245 228/268/245
f 221/269/246 235/276/246 236/278/246
f 229/270/247 243/277/247 244/279/247
f 221/269/248 237/280/248 222/255/248
f 229/270/249 245/281/249 230/254/249
f 223/256/250 237/280/250 238/282/250
f 231/257/251 245/281/251 246/283/251
f 223/256/252 239/284/252 224/258/252
f 231/257/253 247/285/253 232/259/253
f 225/260/254 239/284/254 240/286/254
f 233/261/255 247/285/255 248/274/255
f 226/262/256 240/286/256 241/287/256
f 238/282/257 252/288/257 253/289/257
f 246/283/258 260/290/258 261/291/258
f 238/282/259 254/292/259 239/284/259
f 246/283/260 262/293/260 247/285/260
f 240/286/261 254/292/261 255/294/261
f 247/285/262 263/295/262 248/274/262
f 241/287/263 255/294/263 256/296/263
f 234/272/264 1/297/264 249/298/264
f 8/299/265 248/274/265 263/295/265
f 241/287/266 257/300/266 242/275/266
f 234/272/267 250/301/267 235/276/267
f 242/275/268 258/302/268 243/277/268
f 235/276/269 251/303/269 236/278/269
f 244/279/270 258/302/270 259/304/270
f 236/278/271 252/288/271 237/280/271
f 244/279/272 260/290/272 245/281/272
f 256/296/273 272/305/273 257/300/273
f 250/301/274 264/306/274 265/307/274
f 257/300/275 273/308/275 258/302/275
f 250/301/276 266/309/276 251/303/276
f 259/304/277 273/308/277 274/310/277
f 251/303/278 267/311/278 252/288/278
f 259/304/279 275/312/279 260/290/279
f 253/289/280 267/311/280 268/313/280
f 261/291/281 275/312/281 276/314/281
f 253/289/282 269/315/282 254/292/282
f 261/291/283 277/316/283 262/293/283
f 255/294/284 269/315/284 270/317/284
f 262/293/285 278/318/285 263/295/285
f 256/296/286 270/317/286 271/319/286
f 249/298/287 1/320/287 264/306/287
f 8/321/288 263/295/288 278/318/288
f 276/314/289 290/322/289 291/323/289
f 268/313/290 284/324/290 269/315/290
f 276/314/291 292/325/291 277/316/291
f 270/317/292 284/324/292 285/326/292
f 278/318/293 292/325/293 293/327/293
f 271/319/294 285/326/294 286/328/294
f 264/306/295 1/329/295 279/330/295
f 8/331/296 278/318/296 293/327/296
f 271/319/297 287/332/297 272/305/297
f 265/307/298 279/330/298 280/333/298
f 272/305/299 288/334/299 273/308/299
f 265/307/300 281/335/300 266/309/300
f 274/310/301 288/334/301 289/336/301
f 266/309/302 282/337/302 267/311/302
f 274/310/303 290/322/303 275/312/303
f 268/313/304 282/337/304 283/338/304
f 279/330/305 295/339/305 280/333/305
f 287/332/306 303/340/306 288/334/306
f 280/333/307 296/341/307 281/335/307
f 289/336/308 303/340/308 304/342/308
f 281/335/309 297/343/309 282/337/309
f 289/336/310 305/344/310 290/322/310
f 283/338/311 297/343/311 298/345/311
f 291/323/312 305/344/312 306/346/312
f 283/338/313 299/347/313 284/324/313
f 291/323/314 307/348/314 292/325/314
f 285/326/315 299/347/315 300/349/315
f 293/327/316 307/348/316 308/350/316
f 286/328/317 300/349/317 301/351/317
f 279/330/318 1/352/318 294/353/318
f 8/354/319 293/327/319 308/350/319
f 286/328/320 302/355/320 287/332/320
f 298/345/321 314/356/321 299/347/321
f 306/346/322 322/357/322 307/348/322
f 300/349/323 314/356/323 315/358/323
f 307/348/324 323/359/324 308/350/324
f 301/351/325 315/358/325 316/360/325
f 294/353/326 1/361/326 309/362/326
f 8/363/327 308/350/327 323/359/327
f 301/351/328 317/364/328 302/355/328
f 294/353/329 310/365/329 295/339/329
f 302/355/330 318/366/330 303/340/330
f 295/339/331 311/367/331 296/341/331
f 304/342/332 318/366/332 319/368/332
f 296/341/333 312/369/333 297/343/333
f 304/342/334 320/370/334 305/344/334
f 298/345/335 312/369/335 313/371/335
f 306/346/336 320/370/336 321/372/336
f 317/364/337 333/373/337 318/366/337
f 310/365/338 326/374/338 311/367/338
f 319/368/339 333/373/339 334/375/339
f 311/367/340 327/376/340 312/369/340
f 319/368/341 335/377/341 320/370/341
f 312/369/342 328/378/342 313/371/342
f 321/372/343 335/377/343 336/379/343
f 313/371/344 329/380/344 314/356/344
f 321/372/345 337/381/345 322/357/345
f 315/358/346 329/380/346 330/382/346
f 322/357/347 338/383/347 323/359/347
f 316/360/348 330/382/348 331/384/348
f 309/362/349 1/385/349 324/386/349
f 8/387/350 323/359/350 338/383/350
f 316/360/351 332/388/351 317/364/351
f 309/362/352 325/389/352 310/365/352
f 336/379/353 352/390/353 337/381/353
f 330/382/354 344/391/354 345/392/354
f 337/381/355 353/393/355 338/383/355
f 331/384/356 345/392/356 346/394/356
f 324/386/357 1/395/357 339/396/357
f 8/397/358 338/383/358 353/393/358
f 331/384/359 347/398/359 332/388/359
f 324/386/360 340/399/360 325/389/360
f 332/388/361 348/400/361 333/373/361
f 325/389/362 341/401/362 326/374/362
f 334/375/363 348/400/363 349/402/363
f 326/374/364 342/403/364 327/376/364
f 334/375/365 350/404/365 335/377/365
f 328/378/366 342/403/366 343/405/366
f 336/379/367 350/404/367 351/406/367
f 328/378/368 344/391/368 329/380/368
f 349/402/369 363/407/369 364/408/369
f 341/401/370 357/409/370 342/403/370
f 349/402/371 365/410/371 350/404/371
f 343/405/372 357/409/372 358/411/372
f 351/406/373 365/410/373 366/412/373
f 343/405/374 359/413/374 344/391/374
f 351/406/375 367/414/375 352/390/375
f 345/392/376 359/413/376 360/415/376
f 352/390/377 368/416/377 353/393/377
f 346/394/378 360/415/378 361/417/378
f 339/396/379 1/418/379 354/419/379
f 8/420/380 353/393/380 368/416/380
f 346/394/381 362/421/381 347/398/381
f 339/396/382 355/422/382 340/399/382
f 347/398/383 363/407/383 348/400/383
f 341/401/384 355/422/384 356/423/384
f 367/424/385 383/425/385 368/426/385
f 361/427/386 375/428/386 376/429/386
f 354/430/387 1/431/387 369/432/387
f 8/433/388 368/426/388 383/425/388
f 361/427/389 377/434/389 362/435/389
f 354/430/390 370/436/390 355/437/390
f 362/435/391 378/438/391 363/439/391
f 356/440/392 370/436/392 371/441/392
f 364/442/393 378/438/393 379/443/393
f 356/440/394 372/444/394 357/445/394
f 364/442/395 380/446/395 365/447/395
f 358/448/396 372/444/396 373/449/396
f 366/450/397 380/446/397 381/451/397
f 358/448/398 374/452/398 359/453/398
f 366/450/399 382/454/399 367/424/399
f 360/455/400 374/452/400 375/428/400
f 371/441/401 387/456/401 372/444/401
f 379/443/402 395/457/402 380/446/402
f 373/449/403 387/456/403 388/458/403
f 381/451/404 395/457/404 396/459/404
f 373/449/405 389/460/405 374/452/405
f 381/451/406 397/461/406 382/454/406
f 375/428/407 389/460/407 390/462/407
f 382/454/408 398/463/408 383/425/408
f 376/429/409 390/462/409 391/464/409
f 369/432/410 1/465/410 384/466/410
f 8/467/411 383/425/411 398/463/411
f 376/429/412 392/468/412 377/434/412
f 369/432/413 385/469/413 370/436/413
f 377/434/414 393/470/414 378/438/414
f 371/441/415 385/469/415 386/471/415
f 379/443/416 393/470/416 394/472/416
f 391/464/417 405/473/417 406/474/417
f 384/466/418 1/475/418 399/476/418
f 8/477/419 398/463/419 413/478/419
f 391/464/420 407/479/420 392/468/420
f 385/469/421 399/476/421 400/480/421
f 392/468/422 408/481/422 393/470/422
f 385/469/423 401/482/423 386/471/423
f 394/472/424 408/481/424 409/483/424
f 386/471/425 402/484/425 387/456/425
f 394/472/426 410/485/426 395/457/426
f 388/458/427 402/484/427 403/486/427
f 396/459/428 410/485/428 411/487/428
f 388/458/429 404/488/429 389/460/429
f 397/461/430 411/487/430 412/489/430
f 390/462/431 404/488/431 405/473/431
f 397/461/432 413/478/432 398/463/432
f 409/483/433 425/490/433 410/485/433
f 403/486/434 417/491/434 418/492/434
f 411/487/435 425/490/435 426/493/435
f 403/486/436 419/494/436 404/488/436
f 411/487/437 427/495/437 412/489/437
f 405/473/438 419/494/438 420/496/438
f 412/489/439 428/497/439 413/478/439
f 406/474/440 420/496/440 421/498/440
f 399/476/441 1/499/441 414/500/441
f 8/501/442 413/478/442 428/497/442
f 406/474/443 422/502/443 407/479/443
f 399/476/444 415/503/444 400/480/444
f 407/479/445 423/504/445 408/481/445
f 401/482/446 415/503/446 416/505/446
f 409/483/447 423/504/447 424/506/447
f 401/482/448 417/491/448 402/484/448
f 414/500/449 1/507/449 429/508/449
f 8/509/450 428/497/450 443/510/450
f 421/498/451 437/511/451 422/502/451
f 414/500/452 430/512/452 415/503/452
f 422/502/453 438/513/453 423/504/453
f 416/505/454 430/512/454 431/514/454
f 424/506/455 438/513/455 439/515/455
f 416/505/456 432/516/456 417/491/456
f 424/506/457 440/517/457 425/490/457
f 418/492/458 432/516/458 433/518/458
f 426/493/459 440/517/459 441/519/459
f 418/492/460 434/520/460 419/494/460
f 426/493/461 442/521/461 427/495/461
f 420/496/462 434/520/462 435/522/462
f 427/495/463 443/510/463 428/497/463
f 421/498/464 435/522/464 436/523/464
f 433/518/465 447/524/465 448/525/465
f 441/519/466 455/526/466 456/527/466
f 433/518/467 449/528/467 434/520/467
f 441/519/468 457/529/468 442/521/468
f 435/522/469 449/528/469 450/530/469
f 442/521/470 458/531/470 443/510/470
f 436/523/471 450/530/471 451/532/471
f 429/508/472 1/533/472 444/534/472
f 8/535/473 443/510/473 458/531/473
f 436/523/474 452/536/474 437/511/474
f 430/512/475 444/534/475 445/537/475
f 437/511/476 453/538/476 438/513/476
f 430/512/477 446/539/477 431/514/477
f 439/515/478 453/538/478 454/540/478
f 431/514/479 447/524/479 432/516/479
f 439/515/480 455/526/480 440/517/480
f 451/532/481 467/541/481 452/536/481
f 444/534/482 460/542/482 445/537/482
f 452/536/483 468/543/483 453/538/483
f 446/539/484 460/542/484 461/544/484
f 454/540/485 468/543/485 469/545/485
f 446/539/486 462/546/486 447/524/486
f 454/540/487 470/547/487 455/526/487
f 448/525/488 462/546/488 463/548/488
f 456/527/489 470/547/489 471/549/489
f 448/525/490 464/550/490 449/528/490
f 456/527/491 472/551/491 457/529/491
f 450/530/492 464/550/492 465/552/492
f 458/531/493 472/551/493 473/553/493
f 451/532/494 465/552/494 466/554/494
f 444/534/495 1/555/495 459/556/495
f 8/557/496 458/531/496 473/553/496
f 471/549/497 479/1/497 480/3/497
f 464/550/498 3/32/498 477/4/498
f 471/549/499 481/8/499 472/551/499
f 465/552/500 477/4/500 4/9/500
f 472/551/501 482/12/501 473/553/501
f 466/554/502 4/9/502 5/14/502
f 459/556/503 1/558/503 474/15/503
f 8/559/504 473/553/504 482/12/504
f 466/554/505 6/20/505 467/541/505
f 460/542/506 474/15/506 475/21/506
f 467/541/507 478/24/507 468/543/507
f 461/544/508 475/21/508 2/25/508
f 468/543/509 7/28/509 469/545/509
f 462/546/510 2/25/510 476/29/510
f 469/545/511 479/1/511 470/547/511
f 463/548/512 476/29/512 3/32/512
f 479/1/1 20/31/1 21/2/1
f 477/4/2 3/32/2 13/5/2
f 480/3/3 21/2/3 22/7/3
f 4/9/4 477/4/4 14/6/4
f 481/8/5 22/7/5 23/11/5
f 4/9/647 15/10/647 16/13/647
f 5/14/686 16/13/686 17/19/686
f 475/21/10 474/15/10 9/17/10
f 6/20/11 17/19/11 18/23/11
f 2/25/12 475/21/12 10/22/12
f 478/24/13 18/23/13 19/27/13
f 476/29/14 2/25/14 11/26/14
f 7/28/15 19/27/15 20/31/15
f 3/32/16 476/29/16 12/30/16
f 11/26/17 26/48/17 27/33/17
f 19/27/18 34/49/18 35/34/18
f 12/30/19 27/33/19 28/35/19
f 21/2/20 20/31/20 35/34/20
f 13/5/21 28/35/21 29/37/21
f 22/7/22 21/2/22 36/36/22
f 15/10/23 14/6/23 29/37/23
f 22/7/24 37/38/24 38/40/24
f 15/10/25 30/39/25 31/41/25
f 16/13/28 31/41/28 32/45/28
f 9/17/29 24/43/29 25/46/29
f 17/19/30 32/45/30 33/47/30
f 10/22/31 25/46/31 26/48/31
f 18/23/32 33/47/32 34/49/32
f 30/39/33 45/66/33 46/50/33
f 32/45/36 31/41/36 46/50/36
f 24/43/37 39/52/37 40/56/37
f 32/45/38 47/55/38 48/57/38
f 25/46/522 40/56/522 41/58/522
f 34/49/40 33/47/40 48/57/40
f 26/48/41 41/58/41 42/60/41
f 35/34/42 34/49/42 49/59/42
f 27/33/43 42/60/43 43/62/43
f 36/36/44 35/34/44 50/61/44
f 28/35/45 43/62/45 44/64/45
f 36/36/519 51/63/519 52/65/519
f 29/37/47 44/64/47 45/66/47
f 37/38/48 52/65/48 53/54/48
f 49/59/49 64/82/49 65/67/49
f 42/60/50 57/83/50 58/68/50
f 50/61/51 65/67/51 66/69/51
f 43/62/52 58/68/52 59/70/52
f 51/63/53 66/69/53 67/71/53
f 45/66/54 44/64/54 59/70/54
f 52/65/55 67/71/55 68/73/55
f 46/50/56 45/66/56 60/72/56
f 46/50/59 61/74/59 62/78/59
f 39/52/60 54/76/60 55/79/60
f 47/55/61 62/78/61 63/80/61
f 40/56/62 55/79/62 56/81/62
f 49/59/63 48/57/63 63/80/63
f 41/58/64 56/81/64 57/83/64
f 61/74/66 76/98/66 77/86/66
f 54/76/67 69/100/67 70/87/67
f 62/78/68 77/86/68 78/88/68
f 55/79/69 70/87/69 71/89/69
f 64/82/70 63/80/70 78/88/70
f 56/81/71 71/89/71 72/91/71
f 64/82/72 79/90/72 80/92/72
f 58/68/73 57/83/73 72/91/73
f 65/67/74 80/92/74 81/94/74
f 58/68/75 73/93/75 74/95/75
f 67/71/76 66/69/76 81/94/76
f 60/72/77 59/70/77 74/95/77
f 67/71/526 82/96/526 83/85/526
f 61/74/79 60/72/79 75/97/79
f 80/92/81 95/116/81 96/101/81
f 73/93/82 88/117/82 89/102/82
f 81/94/83 96/101/83 97/103/83
f 75/97/84 74/95/84 89/102/84
f 83/85/85 82/96/85 97/103/85
f 76/98/86 75/97/86 90/104/86
f 76/98/89 91/106/89 92/110/89
f 69/100/90 84/108/90 85/111/90
f 77/86/91 92/110/91 93/112/91
f 70/87/92 85/111/92 86/113/92
f 79/90/93 78/88/93 93/112/93
f 71/89/94 86/113/94 87/115/94
f 79/90/95 94/114/95 95/116/95
f 73/93/96 72/91/96 87/115/96
f 85/111/97 84/108/97 99/118/97
f 92/110/98 107/134/98 108/120/98
f 85/111/99 100/119/99 101/121/99
f 94/114/100 93/112/100 108/120/100
f 86/113/101 101/121/101 102/123/101
f 94/114/102 109/122/102 110/124/102
f 88/117/103 87/115/103 102/123/103
f 96/101/104 95/116/104 110/124/104
f 88/117/105 103/125/105 104/127/105
f 97/103/106 96/101/106 111/126/106
f 90/104/107 89/102/107 104/127/107
f 97/103/108 112/128/108 113/130/108
f 91/106/109 90/104/109 105/129/109
f 91/106/112 106/131/112 107/134/112
f 103/125/113 118/150/113 119/135/113
f 111/126/114 126/151/114 127/136/114
f 105/129/115 104/127/115 119/135/115
f 112/128/116 127/136/116 128/138/116
f 106/131/117 105/129/117 120/137/117
f 106/131/120 121/139/120 122/143/120
f 100/119/121 99/118/121 114/141/121
f 107/134/122 122/143/122 123/145/122
f 100/119/123 115/144/123 116/146/123
f 109/122/124 108/120/124 123/145/124
f 101/121/125 116/146/125 117/148/125
f 109/122/126 124/147/126 125/149/126
f 103/125/127 102/123/127 117/148/127
f 111/126/128 110/124/128 125/149/128
f 122/143/129 137/167/129 138/152/129
f 115/144/130 130/168/130 131/153/130
f 124/147/131 123/145/131 138/152/131
f 116/146/132 131/153/132 132/155/132
f 124/147/133 139/154/133 140/156/133
f 118/150/134 117/148/134 132/155/134
f 126/151/135 125/149/135 140/156/135
f 118/150/136 133/157/136 134/159/136
f 126/151/137 141/158/137 142/160/137
f 120/137/138 119/135/138 134/159/138
f 127/136/139 142/160/139 143/162/139
f 121/139/140 120/137/140 135/161/140
f 121/139/143 136/163/143 137/167/143
f 114/141/144 129/165/144 130/168/144
f 141/158/145 156/185/145 157/169/145
f 135/161/146 134/159/146 149/170/146
f 143/162/147 142/160/147 157/169/147
f 136/163/148 135/161/148 150/171/148
f 136/163/151 151/173/151 152/177/151
f 129/165/152 144/175/152 145/178/152
f 137/167/153 152/177/153 153/179/153
f 131/153/154 130/168/154 145/178/154
f 139/154/155 138/152/155 153/179/155
f 131/153/156 146/180/156 147/182/156
f 139/154/157 154/181/157 155/183/157
f 133/157/158 132/155/158 147/182/158
f 141/158/159 140/156/159 155/183/159
f 133/157/160 148/184/160 149/170/160
f 146/180/687 145/178/687 160/186/687
f 154/181/162 153/179/162 168/188/162
f 146/180/163 161/187/163 162/190/163
f 154/181/164 169/189/164 170/191/164
f 148/184/165 147/182/165 162/190/165
f 156/185/166 155/183/166 170/191/166
f 148/184/167 163/192/167 164/194/167
f 156/185/535 171/193/535 172/195/535
f 150/171/169 149/170/169 164/194/169
f 157/169/170 172/195/170 173/197/170
f 151/173/171 150/171/171 165/196/171
f 151/173/174 166/198/174 167/202/174
f 144/175/175 159/200/175 160/186/175
f 152/177/176 167/202/176 168/188/176
f 165/196/177 164/194/177 179/203/177
f 173/197/178 172/195/178 187/205/178
f 166/198/179 165/196/179 180/204/179
f 166/198/182 181/207/182 182/211/182
f 159/200/183 174/209/183 175/212/183
f 167/202/184 182/211/184 183/213/184
f 160/186/185 175/212/185 176/214/185
f 169/189/186 168/188/186 183/213/186
f 161/187/187 176/214/187 177/216/187
f 169/189/188 184/215/188 185/217/188
f 163/192/189 162/190/189 177/216/189
f 170/191/190 185/217/190 186/219/190
f 163/192/191 178/218/191 179/203/191
f 172/195/192 171/193/192 186/219/192
f 184/215/193 183/213/193 198/220/193
f 176/214/194 191/236/194 192/222/194
f 184/215/195 199/221/195 200/223/195
f 178/218/196 177/216/196 192/222/196
f 186/219/197 185/217/197 200/223/197
f 178/218/198 193/224/198 194/226/198
f 186/219/199 201/225/199 202/227/199
f 180/204/200 179/203/200 194/226/200
f 187/205/201 202/227/201 203/229/201
f 181/207/202 180/204/202 195/228/202
f 181/207/205 196/230/205 197/234/205
f 175/212/206 174/209/206 189/232/206
f 182/211/207 197/234/207 198/220/207
f 176/214/208 175/212/208 190/235/208
f 202/227/209 217/253/209 218/237/209
f 196/230/210 195/228/210 210/238/210
f 196/230/213 211/239/213 212/243/213
f 189/232/214 204/241/214 205/244/214
f 197/234/215 212/243/215 213/245/215
f 190/235/216 205/244/216 206/246/216
f 199/221/217 198/220/217 213/245/217
f 191/236/218 206/246/218 207/248/218
f 199/221/219 214/247/219 215/249/219
f 193/224/220 192/222/220 207/248/220
f 201/225/221 200/223/221 215/249/221
f 193/224/222 208/250/222 209/252/222
f 201/225/617 216/251/617 217/253/617
f 195/228/224 194/226/224 209/252/224
f 214/247/225 229/270/225 230/254/225
f 208/250/226 207/248/226 222/255/226
f 216/251/227 215/249/227 230/254/227
f 208/250/228 223/256/228 224/258/228
f 216/251/229 231/257/229 232/259/229
f 210/238/230 209/252/230 224/258/230
f 217/253/231 232/259/231 233/261/231
f 211/239/232 210/238/232 225/260/232
f 211/239/235 226/262/235 227/266/235
f 204/241/236 219/264/236 220/267/236
f 212/243/237 227/266/237 228/268/237
f 205/244/238 220/267/238 221/269/238
f 214/247/239 213/245/239 228/268/239
f 206/246/240 221/269/240 222/255/240
f 226/262/243 241/287/243 242/275/243
f 219/264/244 234/272/244 235/276/244
f 227/266/245 242/275/245 243/277/245
f 221/269/246 220/267/246 235/276/246
f 229/270/247 228/268/247 243/277/247
f 221/269/248 236/278/248 237/280/248
f 229/270/249 244/279/249 245/281/249
f 223/256/250 222/255/250 237/280/250
f 231/257/251 230/254/251 245/281/251
f 223/256/252 238/282/252 239/284/252
f 231/257/253 246/283/253 247/285/253
f 225/260/254 224/258/254 239/284/254
f 233/261/255 232/259/255 247/285/255
f 226/262/256 225/260/256 240/286/256
f 238/282/257 237/280/257 252/288/257
f 246/283/258 245/281/258 260/290/258
f 238/282/259 253/289/259 254/292/259
f 246/283/260 261/291/260 262/293/260
f 240/286/261 239/284/261 254/292/261
f 247/285/262 262/293/262 263/295/262
f 241/287/544 240/286/544 255/294/544
f 241/287/623 256/296/623 257/300/623
f 234/272/267 249/298/267 250/301/267
f 242/275/268 257/300/268 258/302/268
f 235/276/269 250/301/269 251/303/269
f 244/279/270 243/277/270 258/302/270
f 236/278/271 251/303/271 252/288/271
f 244/279/272 259/304/272 260/290/272
f 256/296/273 271/319/273 272/305/273
f 250/301/274 249/298/274 264/306/274
f 257/300/275 272/305/275 273/308/275
f 250/301/276 265/307/276 266/309/276
f 259/304/277 258/302/277 273/308/277
f 251/303/278 266/309/278 267/311/278
f 259/304/279 274/310/279 275/312/279
f 253/289/280 252/288/280 267/311/280
f 261/291/281 260/290/281 275/312/281
f 253/289/282 268/313/282 269/315/282
f 261/291/283 276/314/283 277/316/283
f 255/294/284 254/292/284 269/315/284
f 262/293/285 277/316/285 278/318/285
f 256/296/286 255/294/286 270/317/286
f 276/314/289 275/312/289 290/322/289
f 268/313/290 283/338/290 284/324/290
f 276/314/629 291/323/629 292/325/629
f 270/317/292 269/315/292 284/324/292
f 278/318/293 277/316/293 292/325/293
f 271/319/294 270/317/294 285/326/294
f 271/319/297 286/328/297 287/332/297
f 265/307/298 264/306/298 279/330/298
f 272/305/299 287/332/299 288/334/299
f 265/307/546 280/333/546 281/335/546
f 274/310/301 273/308/301 288/334/301
f 266/309/302 281/335/302 282/337/302
f 274/310/303 289/336/303 290/322/303
f 268/313/304 267/311/304 282/337/304
f 279/330/305 294/353/305 295/339/305
f 287/332/306 302/355/306 303/340/306
f 280/333/307 295/339/307 296/341/307
f 289/336/308 288/334/308 303/340/308
f 281/335/309 296/341/309 297/343/309
f 289/336/310 304/342/310 305/344/310
f 283/338/311 282/337/311 297/343/311
f 291/323/312 290/322/312 305/344/312
f 283/338/313 298/345/313 299/347/313
f 291/323/314 306/346/314 307/348/314
f 285/326/315 284/324/315 299/347/315
f 293/327/316 292/325/316 307/348/316
f 286/328/317 285/326/317 300/349/317
f 286/328/320 301/351/320 302/355/320
f 298/345/321 313/371/321 314/356/321
f 306/346/322 321/372/322 322/357/322
f 300/349/323 299/347/323 314/356/323
f 307/348/551 322/357/551 323/359/551
f 301/351/325 300/349/325 315/358/325
f 301/351/328 316/360/328 317/364/328
f 294/353/329 309/362/329 310/365/329
f 302/355/330 317/364/330 318/366/330
f 295/339/331 310/365/331 311/367/331
f 304/342/332 303/340/332 318/366/332
f 296/341/333 311/367/333 312/369/333
f 304/342/334 319/368/334 320/370/334
f 298/345/335 297/343/335 312/369/335
f 306/346/336 305/344/336 320/370/336
f 317/364/337 332/388/337 333/373/337
f 310/365/338 325/389/338 326/374/338
f 319/368/339 318/366/339 333/373/339
f 311/367/340 326/374/340 327/376/340
f 319/368/341 334/375/341 335/377/341
f 312/369/342 327/376/342 328/378/342
f 321/372/343 320/370/343 335/377/343
f 313/371/344 328/378/344 329/380/344
f 321/372/552 336/379/552 337/381/552
f 315/358/346 314/356/346 329/380/346
f 322/357/347 337/381/347 338/383/347
f 316/360/348 315/358/348 330/382/348
f 316/360/351 331/384/351 332/388/351
f 309/362/352 324/386/352 325/389/352
f 336/379/353 351/406/353 352/390/353
f 330/382/354 329/380/354 344/391/354
f 337/381/355 352/390/355 353/393/355
f 331/384/356 330/382/356 345/392/356
f 331/384/359 346/394/359 347/398/359
f 324/386/360 339/396/360 340/399/360
f 332/388/361 347/398/361 348/400/361
f 325/389/362 340/399/362 341/401/362
f 334/375/363 333/373/363 348/400/363
f 326/374/364 341/401/364 342/403/364
f 334/375/365 349/402/365 350/404/365
f 328/378/366 327/376/366 342/403/366
f 336/379/367 335/377/367 350/404/367
f 328/378/368 343/405/368 344/391/368
f 349/402/369 348/400/369 363/407/369
f 341/401/370 356/423/370 357/409/370
f 349/402/371 364/408/371 365/410/371
f 343/405/372 342/403/372 357/409/372
f 351/406/373 350/404/373 365/410/373
f 343/405/374 358/411/374 359/413/374
f 351/406/375 366/412/375 367/414/375
f 345/392/376 344/391/376 359/413/376
f 352/390/377 367/414/377 368/416/377
f 346/394/556 345/392/556 360/415/556
f 346/394/557 361/417/557 362/421/557
f 339/396/382 354/419/382 355/422/382
f 347/398/383 362/421/383 363/407/383
f 341/401/384 340/399/384 355/422/384
f 367/424/385 382/454/385 383/425/385
f 361/427/558 360/455/558 375/428/558
f 361/427/559 376/429/559 377/434/559
f 354/430/390 369/432/390 370/436/390
f 362/435/391 377/434/391 378/438/391
f 356/440/392 355/437/392 370/436/392
f 364/442/393 363/439/393 378/438/393
f 356/440/394 371/441/394 372/444/394
f 364/442/395 379/443/395 380/446/395
f 358/448/396 357/445/396 372/444/396
f 366/450/397 365/447/397 380/446/397
f 358/448/398 373/449/398 374/452/398
f 366/450/399 381/451/399 382/454/399
f 360/455/400 359/453/400 374/452/400
f 371/441/401 386/471/401 387/456/401
f 379/443/402 394/472/402 395/457/402
f 373/449/403 372/444/403 387/456/403
f 381/451/404 380/446/404 395/457/404
f 373/449/405 388/458/405 389/460/405
f 381/451/406 396/459/406 397/461/406
f 375/428/407 374/452/407 389/460/407
f 382/454/408 397/461/408 398/463/408
f 376/429/409 375/428/409 390/462/409
f 376/429/412 391/464/412 392/468/412
f 369/432/413 384/466/413 385/469/413
f 377/434/414 392/468/414 393/470/414
f 371/441/415 370/436/415 385/469/415
f 379/443/416 378/438/416 393/470/416
f 391/464/417 390/462/417 405/473/417
f 391/464/420 406/474/420 407/479/420
f 385/469/421 384/466/421 399/476/421
f 392/468/422 407/479/422 408/481/422
f 385/469/423 400/480/423 401/482/423
f 394/472/424 393/470/424 408/481/424
f 386/471/425 401/482/425 402/484/425
f 394/472/426 409/483/426 410/485/426
f 388/458/427 387/456/427 402/484/427
f 396/459/428 395/457/428 410/485/428
f 388/458/429 403/486/429 404/488/429
f 397/461/430 396/459/430 411/487/430
f 390/462/431 389/460/431 404/488/431
f 397/461/432 412/489/432 413/478/432
f 409/483/433 424/506/433 425/490/433
f 403/486/434 402/484/434 417/491/434
f 411/487/435 410/485/435 425/490/435
f 403/486/436 418/492/436 419/494/436
f 411/487/437 426/493/437 427/495/437
f 405/473/438 404/488/438 419/494/438
f 412/489/439 427/495/439 428/497/439
f 406/474/440 405/473/440 420/496/440
f 406/474/443 421/498/443 422/502/443
f 399/476/444 414/500/444 415/503/444
f 407/479/445 422/502/445 423/504/445
f 401/482/446 400/480/446 415/503/446
f 409/483/447 408/481/447 423/504/447
f 401/482/448 416/505/448 417/491/448
f 421/498/451 436/523/451 437/511/451
f 414/500/452 429/508/452 430/512/452
f 422/502/453 437/511/453 438/513/453
f 416/505/454 415/503/454 430/512/454
f 424/506/455 423/504/455 438/513/455
f 416/505/456 431/514/456 432/516/456
f 424/506/457 439/515/457 440/517/457
f 418/492/458 417/491/458 432/516/458
f 426/493/459 425/490/459 440/517/459
f 418/492/460 433/518/460 434/520/460
f 426/493/461 441/519/461 442/521/461
f 420/496/462 419/494/462 434/520/462
f 427/495/463 442/521/463 443/510/463
f 421/498/464 420/496/464 435/522/464
f 433/518/465 432/516/465 447/524/465
f 441/519/466 440/517/466 455/526/466
f 433/518/467 448/525/467 449/528/467
f 441/519/468 456/527/468 457/529/468
f 435/522/469 434/520/469 449/528/469
f 442/521/470 457/529/470 458/531/470
f 436/523/471 435/522/471 450/530/471
f 436/523/474 451/532/474 452/536/474
f 430/512/475 429/508/475 444/534/475
f 437/511/476 452/536/476 453/538/476
f 430/512/477 445/537/477 446/539/477
f 439/515/478 438/513/478 453/538/478
f 431/514/479 446/539/479 447/524/479
f 439/515/480 454/540/480 455/526/480
f 451/532/481 466/554/481 467/541/481
f 444/534/482 459/556/482 460/542/482
f 452/536/483 467/541/483 468/543/483
f 446/539/484 445/537/484 460/542/484
f 454/540/485 453/538/485 468/543/485
f 446/539/486 461/544/486 462/546/486
f 454/540/487 469/545/487 470/547/487
f 448/525/488 447/524/488 462/546/488
f 456/527/489 455/526/489 470/547/489
f 448/525/490 463/548/490 464/550/490
f 456/527/491 471/549/491 472/551/491
f 450/530/492 449/528/492 464/550/492
f 458/531/493 457/529/493 472/551/493
f 451/532/494 450/530/494 465/552/494
f 471/549/497 470/547/497 479/1/497
f 464/550/498 463/548/498 3/32/498
f 471/549/499 480/3/499 481/8/499
f 465/552/500 464/550/500 477/4/500
f 472/551/501 481/8/501 482/12/501
f 466/554/502 465/552/502 4/9/502
f 466/554/505 5/14/505 6/20/505
f 460/542/506 459/556/506 474/15/506
f 467/541/507 6/20/507 478/24/507
f 461/544/508 460/542/508 475/21/508
f 468/543/509 478/24/509 7/28/509
f 462/546/510 461/544/510 2/25/510
f 469/545/511 7/28/511 479/1/511
f 463/548/512 462/546/512 476/29/512
usemtl マテリアル.004
f 956/15/7 483/16/7 491/17/7
f 490/18/8 964/12/8 505/11/8
f 487/14/513 499/19/513 488/20/513
f 957/21/10 491/17/10 492/22/10
f 488/20/11 500/23/11 960/24/11
f 957/21/12 493/26/12 484/25/12
f 489/28/13 500/23/13 501/27/13
f 958/29/14 493/26/14 494/30/14
f 489/28/15 502/31/15 961/1/15
f 485/32/16 494/30/16 495/5/16
f 961/1/1 503/2/1 962/3/1
f 485/32/2 496/6/2 959/4/2
f 962/3/3 504/7/3 963/8/3
f 959/4/4 497/10/4 486/9/4
f 963/8/5 505/11/5 964/12/5
f 486/9/514 498/13/514 487/14/514
f 505/11/24 519/38/24 520/40/24
f 497/10/515 513/41/515 498/13/515
f 491/17/26 483/42/26 506/43/26
f 490/44/27 505/11/27 520/40/27
f 498/13/516 514/45/516 499/19/516
f 491/17/517 507/46/517 492/22/517
f 499/19/30 515/47/30 500/23/30
f 493/26/31 507/46/31 508/48/31
f 501/27/32 515/47/32 516/49/32
f 494/30/17 508/48/17 509/33/17
f 502/31/18 516/49/18 517/34/18
f 494/30/19 510/35/19 495/5/19
f 502/31/20 518/36/20 503/2/20
f 495/5/518 511/37/518 496/6/518
f 503/2/22 519/38/22 504/7/22
f 496/6/23 512/39/23 497/10/23
f 508/48/41 524/60/41 509/33/41
f 516/49/42 532/61/42 517/34/42
f 509/33/43 525/62/43 510/35/43
f 518/36/44 532/61/44 533/63/44
f 510/35/45 526/64/45 511/37/45
f 519/38/519 533/63/519 534/65/519
f 511/37/47 527/66/47 512/39/47
f 520/40/48 534/65/48 535/54/48
f 512/39/520 528/50/520 513/41/520
f 506/43/34 483/51/34 521/52/34
f 490/53/35 520/40/35 535/54/35
f 514/45/521 528/50/521 529/55/521
f 507/46/37 521/52/37 522/56/37
f 514/45/38 530/57/38 515/47/38
f 507/46/522 523/58/522 508/48/522
f 515/47/40 531/59/40 516/49/40
f 528/50/523 542/72/523 543/74/523
f 521/52/57 483/75/57 536/76/57
f 490/77/58 535/54/58 550/73/58
f 528/50/524 544/78/524 529/55/524
f 522/56/60 536/76/60 537/79/60
f 529/55/61 545/80/61 530/57/61
f 522/56/62 538/81/62 523/58/62
f 530/57/63 546/82/63 531/59/63
f 524/60/64 538/81/64 539/83/64
f 531/59/49 547/67/49 532/61/49
f 524/60/50 540/68/50 525/62/50
f 533/63/51 547/67/51 548/69/51
f 525/62/52 541/70/52 526/64/52
f 533/63/53 549/71/53 534/65/53
f 526/64/54 542/72/54 527/66/54
f 534/65/525 550/73/525 535/54/525
f 547/67/72 561/90/72 562/92/72
f 539/83/73 555/93/73 540/68/73
f 548/69/74 562/92/74 563/94/74
f 540/68/75 556/95/75 541/70/75
f 548/69/76 564/96/76 549/71/76
f 542/72/77 556/95/77 557/97/77
f 549/71/526 565/85/526 550/73/526
f 543/74/79 557/97/79 558/98/79
f 536/76/80 483/99/80 551/100/80
f 490/84/65 550/73/65 565/85/65
f 543/74/66 559/86/66 544/78/66
f 536/76/67 552/87/67 537/79/67
f 544/78/68 560/88/68 545/80/68
f 537/79/69 553/89/69 538/81/69
f 546/82/70 560/88/70 561/90/70
f 538/81/71 554/91/71 539/83/71
f 551/100/87 483/107/87 566/108/87
f 490/109/88 565/85/88 580/105/88
f 558/98/89 574/110/89 559/86/89
f 552/87/90 566/108/90 567/111/90
f 559/86/91 575/112/91 560/88/91
f 553/89/527 567/111/527 568/113/527
f 561/90/93 575/112/93 576/114/93
f 554/91/94 568/113/94 569/115/94
f 562/92/95 576/114/95 577/116/95
f 554/91/96 570/117/96 555/93/96
f 562/92/81 578/101/81 563/94/81
f 555/93/82 571/102/82 556/95/82
f 563/94/528 579/103/528 564/96/528
f 557/97/84 571/102/84 572/104/84
f 564/96/529 580/105/529 565/85/529
f 558/98/530 572/104/530 573/106/530
f 569/115/103 585/125/103 570/117/103
f 577/116/104 593/126/104 578/101/104
f 571/102/105 585/125/105 586/127/105
f 579/103/106 593/126/106 594/128/106
f 572/104/107 586/127/107 587/129/107
f 580/105/108 594/128/108 595/130/108
f 572/104/531 588/131/531 573/106/531
f 566/108/110 483/132/110 581/118/110
f 490/133/111 580/105/111 595/130/111
f 574/110/112 588/131/112 589/134/112
f 566/108/97 582/119/97 567/111/97
f 574/110/98 590/120/98 575/112/98
f 567/111/99 583/121/99 568/113/99
f 575/112/100 591/122/100 576/114/100
f 569/115/101 583/121/101 584/123/101
f 577/116/102 591/122/102 592/124/102
f 588/131/120 604/143/120 589/134/120
f 582/119/121 596/141/121 597/144/121
f 589/134/122 605/145/122 590/120/122
f 583/121/123 597/144/123 598/146/123
f 590/120/124 606/147/124 591/122/124
f 584/123/125 598/146/125 599/148/125
f 591/122/126 607/149/126 592/124/126
f 585/125/127 599/148/127 600/150/127
f 592/124/128 608/151/128 593/126/128
f 586/127/113 600/150/113 601/135/113
f 593/126/114 609/136/114 594/128/114
f 587/129/115 601/135/115 602/137/115
f 594/128/116 610/138/116 595/130/116
f 587/129/117 603/139/117 588/131/117
f 581/118/118 483/140/118 596/141/118
f 490/142/119 595/130/119 610/138/119
f 608/151/135 622/156/135 623/158/135
f 600/150/136 616/159/136 601/135/136
f 609/136/137 623/158/137 624/160/137
f 602/137/138 616/159/138 617/161/138
f 610/138/139 624/160/139 625/162/139
f 603/139/532 617/161/532 618/163/532
f 596/141/141 483/164/141 611/165/141
f 490/166/142 610/138/142 625/162/142
f 603/139/143 619/167/143 604/143/143
f 596/141/144 612/168/144 597/144/144
f 604/143/129 620/152/129 605/145/129
f 597/144/130 613/153/130 598/146/130
f 606/147/131 620/152/131 621/154/131
f 598/146/132 614/155/132 599/148/132
f 607/149/133 621/154/133 622/156/133
f 599/148/134 615/157/134 600/150/134
f 619/167/153 635/179/153 620/152/153
f 613/153/154 627/178/154 628/180/154
f 621/154/155 635/179/155 636/181/155
f 614/155/156 628/180/156 629/182/156
f 621/154/157 637/183/157 622/156/157
f 615/157/158 629/182/158 630/184/158
f 622/156/159 638/185/159 623/158/159
f 615/157/160 631/170/160 616/159/160
f 623/158/145 639/169/145 624/160/145
f 617/161/146 631/170/146 632/171/146
f 624/160/147 640/172/147 625/162/147
f 617/161/533 633/173/533 618/163/533
f 611/165/149 483/174/149 626/175/149
f 490/176/150 625/162/150 640/172/150
f 619/167/534 633/173/534 634/177/534
f 612/168/152 626/175/152 627/178/152
f 639/169/535 653/193/535 654/195/535
f 631/170/169 647/196/169 632/171/169
f 640/172/536 654/195/536 655/197/536
f 632/171/537 648/198/537 633/173/537
f 626/175/172 483/199/172 641/200/172
f 490/201/173 640/172/173 655/197/173
f 634/177/538 648/198/538 649/202/538
f 626/175/175 642/186/175 627/178/175
f 634/177/176 650/188/176 635/179/176
f 627/178/161 643/187/161 628/180/161
f 635/179/162 651/189/162 636/181/162
f 628/180/163 644/190/163 629/182/163
f 636/181/164 652/191/164 637/183/164
f 630/184/165 644/190/165 645/192/165
f 638/185/166 652/191/166 653/193/166
f 631/170/167 645/192/167 646/194/167
f 642/186/185 658/214/185 643/187/185
f 651/189/186 665/213/186 666/215/186
f 643/187/187 659/216/187 644/190/187
f 651/189/188 667/217/188 652/191/188
f 645/192/189 659/216/189 660/218/189
f 653/193/190 667/217/190 668/219/190
f 645/192/191 661/203/191 646/194/191
f 654/195/192 668/219/192 669/205/192
f 647/196/177 661/203/177 662/204/177
f 655/197/178 669/205/178 670/206/178
f 647/196/539 663/207/539 648/198/539
f 641/200/180 483/208/180 656/209/180
f 490/210/181 655/197/181 670/206/181
f 649/202/182 663/207/182 664/211/182
f 641/200/183 657/212/183 642/186/183
f 649/202/184 665/213/184 650/188/184
f 661/203/200 677/228/200 662/204/200
f 670/206/540 684/227/540 685/229/540
f 663/207/202 677/228/202 678/230/202
f 656/209/203 483/231/203 671/232/203
f 490/233/204 670/206/204 685/229/204
f 664/211/205 678/230/205 679/234/205
f 657/212/206 671/232/206 672/235/206
f 665/213/207 679/234/207 680/220/207
f 658/214/208 672/235/208 673/236/208
f 666/215/193 680/220/193 681/221/193
f 658/214/194 674/222/194 659/216/194
f 667/217/195 681/221/195 682/223/195
f 659/216/196 675/224/196 660/218/196
f 668/219/197 682/223/197 683/225/197
f 660/218/198 676/226/198 661/203/198
f 668/219/199 684/227/199 669/205/199
f 681/221/217 695/245/217 696/247/217
f 674/222/218 688/246/218 689/248/218
f 681/221/219 697/249/219 682/223/219
f 674/222/220 690/250/220 675/224/220
f 682/223/221 698/251/221 683/225/221
f 675/224/222 691/252/222 676/226/222
f 684/227/223 698/251/223 699/253/223
f 676/226/224 692/238/224 677/228/224
f 685/229/209 699/253/209 700/237/209
f 678/230/210 692/238/210 693/239/210
f 671/232/211 483/240/211 686/241/211
f 490/242/212 685/229/212 700/237/212
f 678/230/541 694/243/541 679/234/541
f 671/232/214 687/244/214 672/235/214
f 680/220/215 694/243/215 695/245/215
f 672/235/216 688/246/216 673/236/216
f 699/253/231 715/261/231 700/237/231
f 693/239/232 707/260/232 708/262/232
f 686/241/233 483/263/233 701/264/233
f 490/265/234 700/237/234 715/261/234
f 693/239/235 709/266/235 694/243/235
f 687/244/542 701/264/542 702/267/542
f 694/243/237 710/268/237 695/245/237
f 687/244/238 703/269/238 688/246/238
f 696/247/239 710/268/239 711/270/239
f 688/246/240 704/255/240 689/248/240
f 696/247/225 712/254/225 697/249/225
f 690/250/226 704/255/226 705/256/226
f 698/251/227 712/254/227 713/257/227
f 690/250/543 706/258/543 691/252/543
f 699/253/229 713/257/229 714/259/229
f 692/238/230 706/258/230 707/260/230
f 703/269/248 719/280/248 704/255/248
f 711/270/249 727/281/249 712/254/249
f 705/256/250 719/280/250 720/282/250
f 713/257/251 727/281/251 728/283/251
f 706/258/252 720/282/252 721/284/252
f 713/257/253 729/285/253 714/259/253
f 706/258/254 722/286/254 707/260/254
f 714/259/255 730/274/255 715/261/255
f 708/262/256 722/286/256 723/287/256
f 701/264/241 483/271/241 716/272/241
f 490/273/242 715/261/242 730/274/242
f 708/262/243 724/275/243 709/266/243
f 702/267/244 716/272/244 717/276/244
f 710/268/245 724/275/245 725/277/245
f 703/269/246 717/276/246 718/278/246
f 710/268/247 726/279/247 711/270/247
f 723/287/544 737/294/544 738/296/544
f 716/272/264 483/297/264 731/298/264
f 490/299/265 730/274/265 745/295/265
f 723/287/266 739/300/266 724/275/266
f 716/272/267 732/301/267 717/276/267
f 725/277/268 739/300/268 740/302/268
f 717/276/269 733/303/269 718/278/269
f 725/277/270 741/304/270 726/279/270
f 719/280/271 733/303/271 734/288/271
f 727/281/272 741/304/272 742/290/272
f 719/280/257 735/289/257 720/282/257
f 727/281/258 743/291/258 728/283/258
f 720/282/259 736/292/259 721/284/259
f 729/285/260 743/291/260 744/293/260
f 721/284/261 737/294/261 722/286/261
f 730/274/262 744/293/262 745/295/262
f 742/290/279 756/310/279 757/312/279
f 734/288/280 750/313/280 735/289/280
f 742/290/281 758/314/281 743/291/281
f 735/289/282 751/315/282 736/292/282
f 743/291/283 759/316/283 744/293/283
f 737/294/284 751/315/284 752/317/284
f 745/295/285 759/316/285 760/318/285
f 737/294/286 753/319/286 738/296/286
f 731/298/287 483/320/287 746/306/287
f 490/321/288 745/295/288 760/318/288
f 738/296/273 754/305/273 739/300/273
f 731/298/545 747/307/545 732/301/545
f 739/300/275 755/308/275 740/302/275
f 733/303/276 747/307/276 748/309/276
f 740/302/277 756/310/277 741/304/277
f 734/288/278 748/309/278 749/311/278
f 490/331/296 760/318/296 775/327/296
f 753/319/297 769/332/297 754/305/297
f 747/307/298 761/330/298 762/333/298
f 754/305/299 770/334/299 755/308/299
f 748/309/546 762/333/546 763/335/546
f 755/308/301 771/336/301 756/310/301
f 748/309/302 764/337/302 749/311/302
f 756/310/303 772/322/303 757/312/303
f 749/311/304 765/338/304 750/313/304
f 757/312/289 773/323/289 758/314/289
f 750/313/290 766/324/290 751/315/290
f 758/314/291 774/325/291 759/316/291
f 752/317/292 766/324/292 767/326/292
f 759/316/547 775/327/547 760/318/547
f 753/319/294 767/326/294 768/328/294
f 746/306/295 483/329/295 761/330/295
f 772/322/312 788/346/312 773/323/312
f 765/338/313 781/347/313 766/324/313
f 774/325/314 788/346/314 789/348/314
f 767/326/315 781/347/315 782/349/315
f 774/325/316 790/350/316 775/327/316
f 768/328/317 782/349/317 783/351/317
f 761/330/318 483/352/318 776/353/318
f 490/354/319 775/327/319 790/350/319
f 768/328/548 784/355/548 769/332/548
f 761/330/305 777/339/305 762/333/305
f 769/332/306 785/340/306 770/334/306
f 762/333/307 778/341/307 763/335/307
f 770/334/308 786/342/308 771/336/308
f 764/337/309 778/341/309 779/343/309
f 772/322/310 786/342/310 787/344/310
f 764/337/311 780/345/311 765/338/311
f 777/339/549 791/362/549 792/365/549
f 784/355/330 800/366/330 785/340/330
f 778/341/331 792/365/331 793/367/331
f 786/342/332 800/366/332 801/368/332
f 778/341/333 794/369/333 779/343/333
f 787/344/550 801/368/550 802/370/550
f 779/343/335 795/371/335 780/345/335
f 788/346/336 802/370/336 803/372/336
f 780/345/321 796/356/321 781/347/321
f 788/346/322 804/357/322 789/348/322
f 782/349/323 796/356/323 797/358/323
f 789/348/551 805/359/551 790/350/551
f 782/349/325 798/360/325 783/351/325
f 776/353/326 483/361/326 791/362/326
f 490/363/327 790/350/327 805/359/327
f 783/351/328 799/364/328 784/355/328
f 795/371/344 811/380/344 796/356/344
f 803/372/552 819/381/552 804/357/552
f 797/358/346 811/380/346 812/382/346
f 804/357/553 820/383/553 805/359/553
f 798/360/348 812/382/348 813/384/348
f 791/362/349 483/385/349 806/386/349
f 490/387/350 805/359/350 820/383/350
f 798/360/351 814/388/351 799/364/351
f 792/365/352 806/386/352 807/389/352
f 799/364/337 815/373/337 800/366/337
f 793/367/554 807/389/554 808/374/554
f 800/366/339 816/375/339 801/368/339
f 793/367/340 809/376/340 794/369/340
f 801/368/341 817/377/341 802/370/341
f 795/371/342 809/376/342 810/378/342
f 802/370/343 818/379/343 803/372/343
f 814/388/361 830/400/361 815/373/361
f 808/374/362 822/399/362 823/401/362
f 816/375/363 830/400/363 831/402/363
f 808/374/364 824/403/364 809/376/364
f 817/377/365 831/402/365 832/404/365
f 809/376/366 825/405/366 810/378/366
f 818/379/367 832/404/367 833/406/367
f 810/378/368 826/391/368 811/380/368
f 818/379/353 834/390/353 819/381/353
f 812/382/354 826/391/354 827/392/354
f 819/381/555 835/393/555 820/383/555
f 813/384/356 827/392/356 828/394/356
f 806/386/357 483/395/357 821/396/357
f 490/397/358 820/383/358 835/393/358
f 813/384/359 829/398/359 814/388/359
f 806/386/360 822/399/360 807/389/360
f 834/390/375 848/412/375 849/414/375
f 827/392/376 841/413/376 842/415/376
f 835/393/377 849/414/377 850/416/377
f 828/394/556 842/415/556 843/417/556
f 821/396/379 483/418/379 836/419/379
f 490/420/380 835/393/380 850/416/380
f 828/394/557 844/421/557 829/398/557
f 821/396/382 837/422/382 822/399/382
f 829/398/383 845/407/383 830/400/383
f 822/399/384 838/423/384 823/401/384
f 831/402/369 845/407/369 846/408/369
f 823/401/370 839/409/370 824/403/370
f 831/402/371 847/410/371 832/404/371
f 825/405/372 839/409/372 840/411/372
f 833/406/373 847/410/373 848/412/373
f 825/405/374 841/413/374 826/391/374
f 838/440/392 852/436/392 853/441/392
f 846/442/393 860/438/393 861/443/393
f 839/445/394 853/441/394 854/444/394
f 846/442/395 862/446/395 847/447/395
f 839/445/396 855/449/396 840/448/396
f 847/447/397 863/451/397 848/450/397
f 840/448/398 856/452/398 841/453/398
f 848/450/399 864/454/399 849/424/399
f 842/455/400 856/452/400 857/428/400
f 849/424/385 865/425/385 850/426/385
f 843/427/558 857/428/558 858/429/558
f 836/430/387 483/431/387 851/432/387
f 490/433/388 850/426/388 865/425/388
f 843/427/559 859/434/559 844/435/559
f 837/437/390 851/432/390 852/436/390
f 844/435/391 860/438/391 845/439/391
f 857/428/407 871/460/407 872/462/407
f 865/425/408 879/461/408 880/463/408
f 858/429/409 872/462/409 873/464/409
f 851/432/410 483/465/410 866/466/410
f 490/467/411 865/425/411 880/463/411
f 858/429/412 874/468/412 859/434/412
f 851/432/413 867/469/413 852/436/413
f 859/434/414 875/470/414 860/438/414
f 852/436/415 868/471/415 853/441/415
f 861/443/416 875/470/416 876/472/416
f 854/444/401 868/471/401 869/456/401
f 862/446/402 876/472/402 877/457/402
f 855/449/403 869/456/403 870/458/403
f 862/446/404 878/459/404 863/451/404
f 855/449/405 871/460/405 856/452/405
f 864/454/406 878/459/406 879/461/406
f 876/472/424 890/481/424 891/483/424
f 868/471/425 884/484/425 869/456/425
f 877/457/426 891/483/426 892/485/426
f 869/456/427 885/486/427 870/458/427
f 878/459/428 892/485/428 893/487/428
f 870/458/429 886/488/429 871/460/429
f 878/459/560 894/489/560 879/461/560
f 872/462/431 886/488/431 887/473/431
f 879/461/561 895/478/561 880/463/561
f 872/462/562 888/474/562 873/464/562
f 866/466/418 483/475/418 881/476/418
f 490/477/419 880/463/419 895/478/419
f 874/468/420 888/474/420 889/479/420
f 867/469/421 881/476/421 882/480/421
f 874/468/422 890/481/422 875/470/422
f 868/471/563 882/480/563 883/482/563
f 895/478/439 909/495/439 910/497/439
f 887/473/440 903/498/440 888/474/440
f 881/476/441 483/499/441 896/500/441
f 490/501/442 895/478/442 910/497/442
f 888/474/443 904/502/443 889/479/443
f 882/480/444 896/500/444 897/503/444
f 890/481/445 904/502/445 905/504/445
f 883/482/446 897/503/446 898/505/446
f 890/481/447 906/506/447 891/483/447
f 884/484/448 898/505/448 899/491/448
f 892/485/433 906/506/433 907/490/433
f 884/484/564 900/492/564 885/486/564
f 892/485/435 908/493/435 893/487/435
f 885/486/436 901/494/436 886/488/436
f 893/487/437 909/495/437 894/489/437
f 886/488/438 902/496/438 887/473/438
f 907/490/457 921/515/457 922/517/457
f 899/491/458 915/518/458 900/492/458
f 907/490/459 923/519/459 908/493/459
f 901/494/460 915/518/460 916/520/460
f 908/493/461 924/521/461 909/495/461
f 901/494/462 917/522/462 902/496/462
f 910/497/463 924/521/463 925/510/463
f 903/498/464 917/522/464 918/523/464
f 896/500/449 483/507/449 911/508/449
f 490/509/450 910/497/450 925/510/450
f 903/498/451 919/511/451 904/502/451
f 896/500/452 912/512/452 897/503/452
f 905/504/453 919/511/453 920/513/453
f 898/505/454 912/512/454 913/514/454
f 905/504/455 921/515/455 906/506/455
f 899/491/456 913/514/456 914/516/456
f 911/508/472 483/533/472 926/534/472
f 490/535/473 925/510/473 940/531/473
f 919/511/474 933/532/474 934/536/474
f 911/508/475 927/537/475 912/512/475
f 919/511/476 935/538/476 920/513/476
f 913/514/565 927/537/565 928/539/565
f 920/513/478 936/540/478 921/515/478
f 914/516/479 928/539/479 929/524/479
f 921/515/480 937/526/480 922/517/480
f 915/518/465 929/524/465 930/525/465
f 922/517/466 938/527/466 923/519/466
f 915/518/467 931/528/467 916/520/467
f 923/519/566 939/529/566 924/521/566
f 917/522/469 931/528/469 932/530/469
f 925/510/567 939/529/567 940/531/567
f 917/522/568 933/532/568 918/523/568
f 929/524/488 945/548/488 930/525/488
f 937/526/489 953/549/489 938/527/489
f 931/528/490 945/548/490 946/550/490
f 938/527/491 954/551/491 939/529/491
f 932/530/492 946/550/492 947/552/492
f 939/529/493 955/553/493 940/531/493
f 932/530/494 948/554/494 933/532/494
f 926/534/495 483/555/495 941/556/495
f 490/557/496 940/531/496 955/553/496
f 933/532/481 949/541/481 934/536/481
f 927/537/569 941/556/569 942/542/569
f 934/536/483 950/543/483 935/538/483
f 927/537/484 943/544/484 928/539/484
f 935/538/485 951/545/485 936/540/485
f 929/524/486 943/544/486 944/546/486
f 937/526/487 951/545/487 952/547/487
f 948/554/505 488/20/505 949/541/505
f 942/542/506 956/15/506 957/21/506
f 949/541/507 960/24/507 950/543/507
f 943/544/508 957/21/508 484/25/508
f 950/543/509 489/28/509 951/545/509
f 944/546/510 484/25/510 958/29/510
f 951/545/511 961/1/511 952/547/511
f 945/548/512 958/29/512 485/32/512
f 953/549/497 961/1/497 962/3/497
f 946/550/498 485/32/498 959/4/498
f 954/551/499 962/3/499 963/8/499
f 947/552/500 959/4/500 486/9/500
f 954/551/501 964/12/501 955/553/501
f 947/552/502 487/14/502 948/554/502
f 941/556/503 483/558/503 956/15/503
f 490/559/504 955/553/504 964/12/504
f 487/14/686 498/13/686 499/19/686
f 957/21/10 956/15/10 491/17/10
f 488/20/11 499/19/11 500/23/11
f 957/21/12 492/22/12 493/26/12
f 489/28/13 960/24/13 500/23/13
f 958/29/14 484/25/14 493/26/14
f 489/28/15 501/27/15 502/31/15
f 485/32/16 958/29/16 494/30/16
f 961/1/1 502/31/1 503/2/1
f 485/32/2 495/5/2 496/6/2
f 962/3/3 503/2/3 504/7/3
f 959/4/4 496/6/4 497/10/4
f 963/8/5 504/7/5 505/11/5
f 486/9/6 497/10/6 498/13/6
f 505/11/594 504/7/594 519/38/594
f 497/10/515 512/39/515 513/41/515
f 498/13/28 513/41/28 514/45/28
f 491/17/29 506/43/29 507/46/29
f 499/19/30 514/45/30 515/47/30
f 493/26/31 492/22/31 507/46/31
f 501/27/688 500/23/688 515/47/688
f 494/30/17 493/26/17 508/48/17
f 502/31/18 501/27/18 516/49/18
f 494/30/19 509/33/19 510/35/19
f 502/31/20 517/34/20 518/36/20
f 495/5/21 510/35/21 511/37/21
f 503/2/22 518/36/22 519/38/22
f 496/6/23 511/37/23 512/39/23
f 508/48/41 523/58/41 524/60/41
f 516/49/42 531/59/42 532/61/42
f 509/33/43 524/60/43 525/62/43
f 518/36/44 517/34/44 532/61/44
f 510/35/45 525/62/45 526/64/45
f 519/38/46 518/36/46 533/63/46
f 511/37/47 526/64/47 527/66/47
f 520/40/48 519/38/48 534/65/48
f 512/39/689 527/66/689 528/50/689
f 514/45/690 513/41/690 528/50/690
f 507/46/37 506/43/37 521/52/37
f 514/45/38 529/55/38 530/57/38
f 507/46/39 522/56/39 523/58/39
f 515/47/40 530/57/40 531/59/40
f 528/50/523 527/66/523 542/72/523
f 528/50/524 543/74/524 544/78/524
f 522/56/691 521/52/691 536/76/691
f 529/55/61 544/78/61 545/80/61
f 522/56/62 537/79/62 538/81/62
f 530/57/63 545/80/63 546/82/63
f 524/60/64 523/58/64 538/81/64
f 531/59/49 546/82/49 547/67/49
f 524/60/50 539/83/50 540/68/50
f 533/63/51 532/61/51 547/67/51
f 525/62/52 540/68/52 541/70/52
f 533/63/53 548/69/53 549/71/53
f 526/64/54 541/70/54 542/72/54
f 534/65/55 549/71/55 550/73/55
f 547/67/72 546/82/72 561/90/72
f 539/83/73 554/91/73 555/93/73
f 548/69/74 547/67/74 562/92/74
f 540/68/75 555/93/75 556/95/75
f 548/69/76 563/94/76 564/96/76
f 542/72/77 541/70/77 556/95/77
f 549/71/526 564/96/526 565/85/526
f 543/74/79 542/72/79 557/97/79
f 543/74/66 558/98/66 559/86/66
f 536/76/67 551/100/67 552/87/67
f 544/78/68 559/86/68 560/88/68
f 537/79/69 552/87/69 553/89/69
f 546/82/70 545/80/70 560/88/70
f 538/81/71 553/89/71 554/91/71
f 558/98/692 573/106/692 574/110/692
f 552/87/693 551/100/693 566/108/693
f 559/86/91 574/110/91 575/112/91
f 553/89/527 552/87/527 567/111/527
f 561/90/93 560/88/93 575/112/93
f 554/91/94 553/89/94 568/113/94
f 562/92/95 561/90/95 576/114/95
f 554/91/96 569/115/96 570/117/96
f 562/92/81 577/116/81 578/101/81
f 555/93/82 570/117/82 571/102/82
f 563/94/528 578/101/528 579/103/528
f 557/97/84 556/95/84 571/102/84
f 564/96/85 579/103/85 580/105/85
f 558/98/86 557/97/86 572/104/86
f 569/115/103 584/123/103 585/125/103
f 577/116/104 592/124/104 593/126/104
f 571/102/105 570/117/105 585/125/105
f 579/103/106 578/101/106 593/126/106
f 572/104/107 571/102/107 586/127/107
f 580/105/108 579/103/108 594/128/108
f 572/104/109 587/129/109 588/131/109
f 574/110/602 573/106/602 588/131/602
f 566/108/97 581/118/97 582/119/97
f 574/110/98 589/134/98 590/120/98
f 567/111/99 582/119/99 583/121/99
f 575/112/100 590/120/100 591/122/100
f 569/115/101 568/113/101 583/121/101
f 577/116/102 576/114/102 591/122/102
f 588/131/694 603/139/694 604/143/694
f 582/119/121 581/118/121 596/141/121
f 589/134/122 604/143/122 605/145/122
f 583/121/123 582/119/123 597/144/123
f 590/120/124 605/145/124 606/147/124
f 584/123/125 583/121/125 598/146/125
f 591/122/126 606/147/126 607/149/126
f 585/125/127 584/123/127 599/148/127
f 592/124/128 607/149/128 608/151/128
f 586/127/113 585/125/113 600/150/113
f 593/126/114 608/151/114 609/136/114
f 587/129/115 586/127/115 601/135/115
f 594/128/116 609/136/116 610/138/116
f 587/129/607 602/137/607 603/139/607
f 608/151/135 607/149/135 622/156/135
f 600/150/136 615/157/136 616/159/136
f 609/136/137 608/151/137 623/158/137
f 602/137/138 601/135/138 616/159/138
f 610/138/139 609/136/139 624/160/139
f 603/139/140 602/137/140 617/161/140
f 603/139/695 618/163/695 619/167/695
f 596/141/144 611/165/144 612/168/144
f 604/143/129 619/167/129 620/152/129
f 597/144/130 612/168/130 613/153/130
f 606/147/131 605/145/131 620/152/131
f 598/146/132 613/153/132 614/155/132
f 607/149/133 606/147/133 621/154/133
f 599/148/134 614/155/134 615/157/134
f 619/167/153 634/177/153 635/179/153
f 613/153/154 612/168/154 627/178/154
f 621/154/155 620/152/155 635/179/155
f 614/155/156 613/153/156 628/180/156
f 621/154/157 636/181/157 637/183/157
f 615/157/158 614/155/158 629/182/158
f 622/156/159 637/183/159 638/185/159
f 615/157/160 630/184/160 631/170/160
f 623/158/145 638/185/145 639/169/145
f 617/161/146 616/159/146 631/170/146
f 624/160/147 639/169/147 640/172/147
f 617/161/533 632/171/533 633/173/533
f 619/167/534 618/163/534 633/173/534
f 612/168/152 611/165/152 626/175/152
f 639/169/535 638/185/535 653/193/535
f 631/170/169 646/194/169 647/196/169
f 640/172/170 639/169/170 654/195/170
f 632/171/613 647/196/613 648/198/613
f 634/177/696 633/173/696 648/198/696
f 626/175/697 641/200/697 642/186/697
f 634/177/176 649/202/176 650/188/176
f 627/178/161 642/186/161 643/187/161
f 635/179/162 650/188/162 651/189/162
f 628/180/163 643/187/163 644/190/163
f 636/181/164 651/189/164 652/191/164
f 630/184/165 629/182/165 644/190/165
f 638/185/166 637/183/166 652/191/166
f 631/170/167 630/184/167 645/192/167
f 642/186/185 657/212/185 658/214/185
f 651/189/186 650/188/186 665/213/186
f 643/187/187 658/214/187 659/216/187
f 651/189/188 666/215/188 667/217/188
f 645/192/189 644/190/189 659/216/189
f 653/193/190 652/191/190 667/217/190
f 645/192/191 660/218/191 661/203/191
f 654/195/192 653/193/192 668/219/192
f 647/196/177 646/194/177 661/203/177
f 655/197/178 654/195/178 669/205/178
f 647/196/179 662/204/179 663/207/179
f 649/202/615 648/198/615 663/207/615
f 641/200/183 656/209/183 657/212/183
f 649/202/184 664/211/184 665/213/184
f 661/203/200 676/226/200 677/228/200
f 670/206/201 669/205/201 684/227/201
f 663/207/202 662/204/202 677/228/202
f 664/211/698 663/207/698 678/230/698
f 657/212/699 656/209/699 671/232/699
f 665/213/207 664/211/207 679/234/207
f 658/214/208 657/212/208 672/235/208
f 666/215/193 665/213/193 680/220/193
f 658/214/194 673/236/194 674/222/194
f 667/217/195 666/215/195 681/221/195
f 659/216/196 674/222/196 675/224/196
f 668/219/197 667/217/197 682/223/197
f 660/218/198 675/224/198 676/226/198
f 668/219/199 683/225/199 684/227/199
f 681/221/217 680/220/217 695/245/217
f 674/222/218 673/236/218 688/246/218
f 681/221/219 696/247/219 697/249/219
f 674/222/220 689/248/220 690/250/220
f 682/223/221 697/249/221 698/251/221
f 675/224/222 690/250/222 691/252/222
f 684/227/223 683/225/223 698/251/223
f 676/226/224 691/252/224 692/238/224
f 685/229/209 684/227/209 699/253/209
f 678/230/618 677/228/618 692/238/618
f 678/230/213 693/239/213 694/243/213
f 671/232/214 686/241/214 687/244/214
f 680/220/215 679/234/215 694/243/215
f 672/235/216 687/244/216 688/246/216
f 699/253/620 714/259/620 715/261/620
f 693/239/232 692/238/232 707/260/232
f 693/239/235 708/262/235 709/266/235
f 687/244/236 686/241/236 701/264/236
f 694/243/237 709/266/237 710/268/237
f 687/244/238 702/267/238 703/269/238
f 696/247/700 695/245/700 710/268/700
f 688/246/240 703/269/240 704/255/240
f 696/247/225 711/270/225 712/254/225
f 690/250/226 689/248/226 704/255/226
f 698/251/227 697/249/227 712/254/227
f 690/250/228 705/256/228 706/258/228
f 699/253/229 698/251/229 713/257/229
f 692/238/230 691/252/230 706/258/230
f 703/269/248 718/278/248 719/280/248
f 711/270/249 726/279/249 727/281/249
f 705/256/250 704/255/250 719/280/250
f 713/257/251 712/254/251 727/281/251
f 706/258/252 705/256/252 720/282/252
f 713/257/253 728/283/253 729/285/253
f 706/258/254 721/284/254 722/286/254
f 714/259/255 729/285/255 730/274/255
f 708/262/256 707/260/256 722/286/256
f 708/262/243 723/287/243 724/275/243
f 702/267/244 701/264/244 716/272/244
f 710/268/245 709/266/245 724/275/245
f 703/269/246 702/267/246 717/276/246
f 710/268/247 725/277/247 726/279/247
f 723/287/544 722/286/544 737/294/544
f 723/287/266 738/296/266 739/300/266
f 716/272/267 731/298/267 732/301/267
f 725/277/268 724/275/268 739/300/268
f 717/276/269 732/301/269 733/303/269
f 725/277/270 740/302/270 741/304/270
f 719/280/271 718/278/271 733/303/271
f 727/281/272 726/279/272 741/304/272
f 719/280/257 734/288/257 735/289/257
f 727/281/258 742/290/258 743/291/258
f 720/282/259 735/289/259 736/292/259
f 729/285/260 728/283/260 743/291/260
f 721/284/261 736/292/261 737/294/261
f 730/274/262 729/285/262 744/293/262
f 742/290/279 741/304/279 756/310/279
f 734/288/280 749/311/280 750/313/280
f 742/290/281 757/312/281 758/314/281
f 735/289/282 750/313/282 751/315/282
f 743/291/283 758/314/283 759/316/283
f 737/294/284 736/292/284 751/315/284
f 745/295/626 744/293/626 759/316/626
f 737/294/286 752/317/286 753/319/286
f 738/296/273 753/319/273 754/305/273
f 731/298/274 746/306/274 747/307/274
f 739/300/275 754/305/275 755/308/275
f 733/303/276 732/301/276 747/307/276
f 740/302/277 755/308/277 756/310/277
f 734/288/278 733/303/278 748/309/278
f 753/319/297 768/328/297 769/332/297
f 747/307/701 746/306/701 761/330/701
f 754/305/299 769/332/299 770/334/299
f 748/309/300 747/307/300 762/333/300
f 755/308/301 770/334/301 771/336/301
f 748/309/302 763/335/302 764/337/302
f 756/310/303 771/336/303 772/322/303
f 749/311/304 764/337/304 765/338/304
f 757/312/289 772/322/289 773/323/289
f 750/313/290 765/338/290 766/324/290
f 758/314/629 773/323/629 774/325/629
f 752/317/292 751/315/292 766/324/292
f 759/316/293 774/325/293 775/327/293
f 753/319/294 752/317/294 767/326/294
f 772/322/312 787/344/312 788/346/312
f 765/338/313 780/345/313 781/347/313
f 774/325/314 773/323/314 788/346/314
f 767/326/315 766/324/315 781/347/315
f 774/325/316 789/348/316 790/350/316
f 768/328/702 767/326/702 782/349/702
f 768/328/320 783/351/320 784/355/320
f 761/330/703 776/353/703 777/339/703
f 769/332/306 784/355/306 785/340/306
f 762/333/307 777/339/307 778/341/307
f 770/334/308 785/340/308 786/342/308
f 764/337/309 763/335/309 778/341/309
f 772/322/310 771/336/310 786/342/310
f 764/337/311 779/343/311 780/345/311
f 777/339/329 776/353/329 791/362/329
f 784/355/330 799/364/330 800/366/330
f 778/341/331 777/339/331 792/365/331
f 786/342/332 785/340/332 800/366/332
f 778/341/333 793/367/333 794/369/333
f 787/344/334 786/342/334 801/368/334
f 779/343/704 794/369/704 795/371/704
f 788/346/336 787/344/336 802/370/336
f 780/345/321 795/371/321 796/356/321
f 788/346/322 803/372/322 804/357/322
f 782/349/323 781/347/323 796/356/323
f 789/348/324 804/357/324 805/359/324
f 782/349/325 797/358/325 798/360/325
f 783/351/328 798/360/328 799/364/328
f 795/371/344 810/378/344 811/380/344
f 803/372/345 818/379/345 819/381/345
f 797/358/346 796/356/346 811/380/346
f 804/357/347 819/381/347 820/383/347
f 798/360/348 797/358/348 812/382/348
f 798/360/351 813/384/351 814/388/351
f 792/365/352 791/362/352 806/386/352
f 799/364/337 814/388/337 815/373/337
f 793/367/338 792/365/338 807/389/338
f 800/366/339 815/373/339 816/375/339
f 793/367/340 808/374/340 809/376/340
f 801/368/341 816/375/341 817/377/341
f 795/371/342 794/369/342 809/376/342
f 802/370/343 817/377/343 818/379/343
f 814/388/361 829/398/361 830/400/361
f 808/374/362 807/389/362 822/399/362
f 816/375/363 815/373/363 830/400/363
f 808/374/364 823/401/364 824/403/364
f 817/377/365 816/375/365 831/402/365
f 809/376/366 824/403/366 825/405/366
f 818/379/367 817/377/367 832/404/367
f 810/378/368 825/405/368 826/391/368
f 818/379/353 833/406/353 834/390/353
f 812/382/354 811/380/354 826/391/354
f 819/381/355 834/390/355 835/393/355
f 813/384/356 812/382/356 827/392/356
f 813/384/359 828/394/359 829/398/359
f 806/386/360 821/396/360 822/399/360
f 834/390/375 833/406/375 848/412/375
f 827/392/376 826/391/376 841/413/376
f 835/393/377 834/390/377 849/414/377
f 828/394/378 827/392/378 842/415/378
f 828/394/381 843/417/381 844/421/381
f 821/396/382 836/419/382 837/422/382
f 829/398/383 844/421/383 845/407/383
f 822/399/384 837/422/384 838/423/384
f 831/402/369 830/400/369 845/407/369
f 823/401/370 838/423/370 839/409/370
f 831/402/371 846/408/371 847/410/371
f 825/405/372 824/403/372 839/409/372
f 833/406/373 832/404/373 847/410/373
f 825/405/374 840/411/374 841/413/374
f 838/440/392 837/437/392 852/436/392
f 846/442/393 845/439/393 860/438/393
f 839/445/394 838/440/394 853/441/394
f 846/442/395 861/443/395 862/446/395
f 839/445/396 854/444/396 855/449/396
f 847/447/397 862/446/397 863/451/397
f 840/448/398 855/449/398 856/452/398
f 848/450/399 863/451/399 864/454/399
f 842/455/400 841/453/400 856/452/400
f 849/424/385 864/454/385 865/425/385
f 843/427/386 842/455/386 857/428/386
f 843/427/389 858/429/389 859/434/389
f 837/437/390 836/430/390 851/432/390
f 844/435/391 859/434/391 860/438/391
f 857/428/407 856/452/407 871/460/407
f 865/425/408 864/454/408 879/461/408
f 858/429/409 857/428/409 872/462/409
f 858/429/412 873/464/412 874/468/412
f 851/432/413 866/466/413 867/469/413
f 859/434/414 874/468/414 875/470/414
f 852/436/415 867/469/415 868/471/415
f 861/443/416 860/438/416 875/470/416
f 854/444/401 853/441/401 868/471/401
f 862/446/402 861/443/402 876/472/402
f 855/449/403 854/444/403 869/456/403
f 862/446/404 877/457/404 878/459/404
f 855/449/405 870/458/405 871/460/405
f 864/454/406 863/451/406 878/459/406
f 876/472/424 875/470/424 890/481/424
f 868/471/425 883/482/425 884/484/425
f 877/457/426 876/472/426 891/483/426
f 869/456/427 884/484/427 885/486/427
f 878/459/428 877/457/428 892/485/428
f 870/458/429 885/486/429 886/488/429
f 878/459/560 893/487/560 894/489/560
f 872/462/431 871/460/431 886/488/431
f 879/461/432 894/489/432 895/478/432
f 872/462/417 887/473/417 888/474/417
f 874/468/638 873/464/638 888/474/638
f 867/469/705 866/466/705 881/476/705
f 874/468/422 889/479/422 890/481/422
f 868/471/563 867/469/563 882/480/563
f 895/478/439 894/489/439 909/495/439
f 887/473/440 902/496/440 903/498/440
f 888/474/443 903/498/443 904/502/443
f 882/480/444 881/476/444 896/500/444
f 890/481/445 889/479/445 904/502/445
f 883/482/446 882/480/446 897/503/446
f 890/481/447 905/504/447 906/506/447
f 884/484/448 883/482/448 898/505/448
f 892/485/706 891/483/706 906/506/706
f 884/484/434 899/491/434 900/492/434
f 892/485/435 907/490/435 908/493/435
f 885/486/436 900/492/436 901/494/436
f 893/487/437 908/493/437 909/495/437
f 886/488/438 901/494/438 902/496/438
f 907/490/457 906/506/457 921/515/457
f 899/491/458 914/516/458 915/518/458
f 907/490/459 922/517/459 923/519/459
f 901/494/460 900/492/460 915/518/460
f 908/493/461 923/519/461 924/521/461
f 901/494/462 916/520/462 917/522/462
f 910/497/463 909/495/463 924/521/463
f 903/498/464 902/496/464 917/522/464
f 903/498/451 918/523/451 919/511/451
f 896/500/452 911/508/452 912/512/452
f 905/504/453 904/502/453 919/511/453
f 898/505/454 897/503/454 912/512/454
f 905/504/455 920/513/455 921/515/455
f 899/491/456 898/505/456 913/514/456
f 919/511/707 918/523/707 933/532/707
f 911/508/708 926/534/708 927/537/708
f 919/511/476 934/536/476 935/538/476
f 913/514/565 912/512/565 927/537/565
f 920/513/478 935/538/478 936/540/478
f 914/516/479 913/514/479 928/539/479
f 921/515/480 936/540/480 937/526/480
f 915/518/465 914/516/465 929/524/465
f 922/517/466 937/526/466 938/527/466
f 915/518/467 930/525/467 931/528/467
f 923/519/566 938/527/566 939/529/566
f 917/522/469 916/520/469 931/528/469
f 925/510/470 924/521/470 939/529/470
f 917/522/471 932/530/471 933/532/471
f 929/524/488 944/546/488 945/548/488
f 937/526/489 952/547/489 953/549/489
f 931/528/490 930/525/490 945/548/490
f 938/527/491 953/549/491 954/551/491
f 932/530/492 931/528/492 946/550/492
f 939/529/642 954/551/642 955/553/642
f 932/530/494 947/552/494 948/554/494
f 933/532/481 948/554/481 949/541/481
f 927/537/482 926/534/482 941/556/482
f 934/536/483 949/541/483 950/543/483
f 927/537/484 942/542/484 943/544/484
f 935/538/485 950/543/485 951/545/485
f 929/524/486 928/539/486 943/544/486
f 937/526/487 936/540/487 951/545/487
f 948/554/709 487/14/709 488/20/709
f 942/542/506 941/556/506 956/15/506
f 949/541/507 488/20/507 960/24/507
f 943/544/508 942/542/508 957/21/508
f 950/543/509 960/24/509 489/28/509
f 944/546/510 943/544/510 484/25/510
f 951/545/511 489/28/511 961/1/511
f 945/548/512 944/546/512 958/29/512
f 953/549/497 952/547/497 961/1/497
f 946/550/498 945/548/498 485/32/498
f 954/551/499 953/549/499 962/3/499
f 947/552/500 946/550/500 959/4/500
f 954/551/501 963/8/501 964/12/501
f 947/552/502 486/9/502 487/14/502
usemtl マテリアル.005
f 1014/101/570 968/67/570 1006/116/570
f 968/67/571 1007/106/571 1006/116/571
f 1012/117/572 970/83/572 1008/560/572
f 970/83/573 1005/561/573 1008/560/573
f 983/562/574 969/563/574 965/564/574
f 984/565/575 966/566/575 970/83/575
f 976/567/576 998/568/576 997/569/576
f 985/570/577 997/569/577 1002/571/577
f 974/149/578 996/572/578 995/183/578
f 991/573/579 995/183/579 1004/574/579
f 988/575/579 999/169/579 1001/576/579
f 994/137/577 1000/577/577 1003/171/577
f 989/578/580 980/579/580 993/72/580
f 990/204/581 977/580/581 992/581/581
f 1013/104/577 980/579/577 1009/582/577
f 1011/583/579 978/71/579 1010/103/579
f 966/584/570 1011/583/570 1005/585/570
f 998/586/579 988/575/579 1001/576/579
f 981/587/577 1002/571/577 1000/577/577
f 978/588/582 984/565/582 980/579/582
f 979/589/583 983/562/583 977/580/583
f 980/579/577 1012/117/577 1009/582/577
f 972/74/572 1013/104/572 1007/106/572
f 971/590/584 992/581/584 967/591/584
f 968/592/585 993/72/585 972/74/585
f 996/572/577 994/137/577 1003/171/577
f 982/136/579 1004/574/579 999/169/579
f 978/71/579 1014/101/579 1010/103/579
f 999/169/579 992/593/579 977/205/579
f 971/590/586 1003/171/586 990/204/586
f 1000/577/577 987/594/577 979/589/577
f 965/595/587 1001/576/587 983/596/587
f 990/204/577 1000/577/577 979/589/577
f 983/596/579 999/169/579 977/205/579
f 1004/574/588 967/217/588 992/593/588
f 995/183/589 971/590/589 967/217/589
f 1002/571/590 969/563/590 987/594/590
f 969/563/591 998/568/591 965/597/591
f 1010/103/579 991/573/579 982/136/579
f 975/598/577 1013/104/577 994/137/577
f 1009/582/577 985/570/577 981/587/577
f 973/599/579 1011/583/579 988/575/579
f 1011/583/579 982/136/579 988/575/579
f 1013/104/577 981/587/577 994/137/577
f 1008/560/592 973/600/592 976/567/592
f 1012/117/577 976/567/577 985/570/577
f 1006/116/593 975/598/593 974/149/593
f 1014/101/579 974/149/579 991/573/579
f 1014/101/710 989/69/710 968/67/710
f 968/67/571 972/74/571 1007/106/571
f 1012/117/711 984/565/711 970/83/711
f 970/83/573 966/619/573 1005/561/573
f 983/562/574 987/594/574 969/563/574
f 984/565/575 986/652/575 966/566/575
f 976/567/576 973/600/576 998/568/576
f 985/570/577 976/567/577 997/569/577
f 974/149/578 975/598/578 996/572/578
f 991/573/579 974/149/579 995/183/579
f 988/575/579 982/136/579 999/169/579
f 994/137/577 981/587/577 1000/577/577
f 989/578/580 978/588/580 980/579/580
f 990/204/581 979/589/581 977/580/581
f 1013/104/577 993/72/577 980/579/577
f 1011/583/579 986/653/579 978/71/579
f 966/584/712 986/653/712 1011/583/712
f 998/586/579 973/599/579 988/575/579
f 981/587/577 985/570/577 1002/571/577
f 978/588/582 986/652/582 984/565/582
f 979/589/583 987/594/583 983/562/583
f 980/579/577 984/565/577 1012/117/577
f 972/74/713 993/72/713 1013/104/713
f 971/590/584 990/204/584 992/581/584
f 968/592/585 989/578/585 993/72/585
f 996/572/577 975/598/577 994/137/577
f 982/136/579 991/573/579 1004/574/579
f 978/71/579 989/69/579 1014/101/579
f 999/169/579 1004/574/579 992/593/579
f 971/590/714 996/572/714 1003/171/714
f 1000/577/577 1002/571/577 987/594/577
f 965/595/715 998/586/715 1001/576/715
f 990/204/577 1003/171/577 1000/577/577
f 983/596/579 1001/576/579 999/169/579
f 1004/574/715 995/183/715 967/217/715
f 995/183/589 996/572/589 971/590/589
f 1002/571/714 997/569/714 969/563/714
f 969/563/591 997/569/591 998/568/591
f 1010/103/579 1014/101/579 991/573/579
f 975/598/577 1007/106/577 1013/104/577
f 1009/582/577 1012/117/577 985/570/577
f 973/599/579 1005/585/579 1011/583/579
f 1011/583/579 1010/103/579 982/136/579
f 1013/104/577 1009/582/577 981/587/577
f 1008/560/592 1005/561/592 973/600/592
f 1012/117/577 1008/560/577 976/567/577
f 1006/116/593 1007/106/593 975/598/593
f 1014/101/579 1006/116/579 974/149/579
usemtl マテリアル.002
f 1488/15/7 1015/16/7 1023/17/7
f 1022/18/8 1496/12/8 1037/11/8
f 1019/14/513 1031/19/513 1020/20/513
f 1489/21/10 1023/17/10 1024/22/10
f 1020/20/11 1032/23/11 1492/24/11
f 1016/25/12 1024/22/12 1025/26/12
f 1492/24/13 1033/27/13 1021/28/13
f 1016/25/14 1026/30/14 1490/29/14
f 1021/28/15 1034/31/15 1493/1/15
f 1017/32/16 1026/30/16 1027/5/16
f 1493/1/1 1035/2/1 1494/3/1
f 1017/32/2 1028/6/2 1491/4/2
f 1494/3/3 1036/7/3 1495/8/3
f 1018/9/4 1028/6/4 1029/10/4
f 1496/12/5 1036/7/5 1037/11/5
f 1018/9/6 1030/13/6 1019/14/6
f 1036/7/594 1052/40/594 1037/11/594
f 1029/10/515 1045/41/515 1030/13/515
f 1023/17/26 1015/42/26 1038/43/26
f 1022/44/27 1037/11/27 1052/40/27
f 1031/19/28 1045/41/28 1046/45/28
f 1024/22/29 1038/43/29 1039/46/29
f 1031/19/30 1047/47/30 1032/23/30
f 1025/26/31 1039/46/31 1040/48/31
f 1033/27/32 1047/47/32 1048/49/32
f 1025/26/17 1041/33/17 1026/30/17
f 1033/27/18 1049/34/18 1034/31/18
f 1026/30/19 1042/35/19 1027/5/19
f 1035/2/20 1049/34/20 1050/36/20
f 1027/5/21 1043/37/21 1028/6/21
f 1035/2/595 1051/38/595 1036/7/595
f 1029/10/23 1043/37/23 1044/39/23
f 1040/48/41 1056/60/41 1041/33/41
f 1048/49/42 1064/61/42 1049/34/42
f 1042/35/43 1056/60/43 1057/62/43
f 1050/36/44 1064/61/44 1065/63/44
f 1043/37/45 1057/62/45 1058/64/45
f 1051/38/519 1065/63/519 1066/65/519
f 1043/37/47 1059/66/47 1044/39/47
f 1052/40/596 1066/65/596 1067/54/596
f 1044/39/33 1060/50/33 1045/41/33
f 1038/43/34 1015/51/34 1053/52/34
f 1022/53/35 1052/40/35 1067/54/35
f 1046/45/36 1060/50/36 1061/55/36
f 1038/43/37 1054/56/37 1039/46/37
f 1047/47/38 1061/55/38 1062/57/38
f 1039/46/522 1055/58/522 1040/48/522
f 1047/47/40 1063/59/40 1048/49/40
f 1059/66/56 1075/74/56 1060/50/56
f 1053/52/57 1015/75/57 1068/76/57
f 1022/77/58 1067/54/58 1082/73/58
f 1061/55/59 1075/74/59 1076/78/59
f 1053/52/60 1069/79/60 1054/56/60
f 1061/55/61 1077/80/61 1062/57/61
f 1054/56/62 1070/81/62 1055/58/62
f 1063/59/63 1077/80/63 1078/82/63
f 1055/58/64 1071/83/64 1056/60/64
f 1063/59/49 1079/67/49 1064/61/49
f 1057/62/50 1071/83/50 1072/68/50
f 1065/63/51 1079/67/51 1080/69/51
f 1057/62/52 1073/70/52 1058/64/52
f 1066/65/53 1080/69/53 1081/71/53
f 1059/66/54 1073/70/54 1074/72/54
f 1067/54/55 1081/71/55 1082/73/55
f 1078/82/72 1094/92/72 1079/67/72
f 1072/68/73 1086/91/73 1087/93/73
f 1080/69/74 1094/92/74 1095/94/74
f 1072/68/75 1088/95/75 1073/70/75
f 1080/69/76 1096/96/76 1081/71/76
f 1074/72/77 1088/95/77 1089/97/77
f 1082/73/78 1096/96/78 1097/85/78
f 1075/74/597 1089/97/597 1090/98/597
f 1068/76/80 1015/99/80 1083/100/80
f 1022/84/65 1082/73/65 1097/85/65
f 1075/74/66 1091/86/66 1076/78/66
f 1069/79/67 1083/100/67 1084/87/67
f 1076/78/68 1092/88/68 1077/80/68
f 1069/79/69 1085/89/69 1070/81/69
f 1077/80/70 1093/90/70 1078/82/70
f 1070/81/71 1086/91/71 1071/83/71
f 1083/100/87 1015/107/87 1098/108/87
f 1022/109/88 1097/85/88 1112/105/88
f 1090/98/598 1106/110/598 1091/86/598
f 1083/100/599 1099/111/599 1084/87/599
f 1091/86/91 1107/112/91 1092/88/91
f 1084/87/527 1100/113/527 1085/89/527
f 1093/90/93 1107/112/93 1108/114/93
f 1085/89/94 1101/115/94 1086/91/94
f 1093/90/95 1109/116/95 1094/92/95
f 1087/93/96 1101/115/96 1102/117/96
f 1095/94/81 1109/116/81 1110/101/81
f 1087/93/82 1103/102/82 1088/95/82
f 1095/94/528 1111/103/528 1096/96/528
f 1089/97/84 1103/102/84 1104/104/84
f 1097/85/529 1111/103/529 1112/105/529
f 1090/98/600 1104/104/600 1105/106/600
f 1102/117/103 1116/123/103 1117/125/103
f 1110/101/104 1124/124/104 1125/126/104
f 1102/117/105 1118/127/105 1103/102/105
f 1110/101/106 1126/128/106 1111/103/106
f 1104/104/107 1118/127/107 1119/129/107
f 1112/105/108 1126/128/108 1127/130/108
f 1105/106/109 1119/129/109 1120/131/109
f 1098/108/601 1015/132/601 1113/118/601
f 1022/133/111 1112/105/111 1127/130/111
f 1105/106/602 1121/134/602 1106/110/602
f 1098/108/603 1114/119/603 1099/111/603
f 1106/110/98 1122/120/98 1107/112/98
f 1100/113/604 1114/119/604 1115/121/604
f 1108/114/100 1122/120/100 1123/122/100
f 1100/113/101 1116/123/101 1101/115/101
f 1108/114/102 1124/124/102 1109/116/102
f 1120/131/120 1136/143/120 1121/134/120
f 1114/119/605 1128/141/605 1129/144/605
f 1121/134/122 1137/145/122 1122/120/122
f 1114/119/123 1130/146/123 1115/121/123
f 1122/120/124 1138/147/124 1123/122/124
f 1115/121/125 1131/148/125 1116/123/125
f 1123/122/126 1139/149/126 1124/124/126
f 1116/123/127 1132/150/127 1117/125/127
f 1125/126/128 1139/149/128 1140/151/128
f 1118/127/113 1132/150/113 1133/135/113
f 1126/128/114 1140/151/114 1141/136/114
f 1119/129/115 1133/135/115 1134/137/115
f 1127/130/606 1141/136/606 1142/138/606
f 1120/131/607 1134/137/607 1135/139/607
f 1113/118/118 1015/140/118 1128/141/118
f 1022/142/119 1127/130/119 1142/138/119
f 1139/149/135 1155/158/135 1140/151/135
f 1132/150/136 1148/159/136 1133/135/136
f 1140/151/137 1156/160/137 1141/136/137
f 1134/137/138 1148/159/138 1149/161/138
f 1142/138/608 1156/160/608 1157/162/608
f 1135/139/140 1149/161/140 1150/163/140
f 1128/141/141 1015/164/141 1143/165/141
f 1022/166/142 1142/138/142 1157/162/142
f 1135/139/609 1151/167/609 1136/143/609
f 1129/144/144 1143/165/144 1144/168/144
f 1136/143/129 1152/152/129 1137/145/129
f 1130/146/130 1144/168/130 1145/153/130
f 1138/147/131 1152/152/131 1153/154/131
f 1130/146/132 1146/155/132 1131/148/132
f 1138/147/133 1154/156/133 1139/149/133
f 1132/150/134 1146/155/134 1147/157/134
f 1151/167/153 1167/179/153 1152/152/153
f 1144/168/610 1160/180/610 1145/153/610
f 1153/154/155 1167/179/155 1168/181/155
f 1145/153/156 1161/182/156 1146/155/156
f 1154/156/157 1168/181/157 1169/183/157
f 1146/155/158 1162/184/158 1147/157/158
f 1155/158/159 1169/183/159 1170/185/159
f 1147/157/160 1163/170/160 1148/159/160
f 1155/158/145 1171/169/145 1156/160/145
f 1148/159/146 1164/171/146 1149/161/146
f 1157/162/611 1171/169/611 1172/172/611
f 1149/161/148 1165/173/148 1150/163/148
f 1143/165/612 1015/174/612 1158/175/612
f 1022/176/150 1157/162/150 1172/172/150
f 1150/163/151 1166/177/151 1151/167/151
f 1144/168/152 1158/175/152 1159/178/152
f 1170/185/168 1186/195/168 1171/169/168
f 1164/171/169 1178/194/169 1179/196/169
f 1171/169/536 1187/197/536 1172/172/536
f 1165/173/613 1179/196/613 1180/198/613
f 1158/175/172 1015/199/172 1173/200/172
f 1022/201/173 1172/172/173 1187/197/173
f 1165/173/614 1181/202/614 1166/177/614
f 1158/175/175 1174/186/175 1159/178/175
f 1166/177/176 1182/188/176 1167/179/176
f 1160/180/161 1174/186/161 1175/187/161
f 1168/181/162 1182/188/162 1183/189/162
f 1160/180/163 1176/190/163 1161/182/163
f 1169/183/164 1183/189/164 1184/191/164
f 1162/184/165 1176/190/165 1177/192/165
f 1170/185/166 1184/191/166 1185/193/166
f 1163/170/167 1177/192/167 1178/194/167
f 1174/186/185 1190/214/185 1175/187/185
f 1182/188/186 1198/215/186 1183/189/186
f 1176/190/187 1190/214/187 1191/216/187
f 1183/189/188 1199/217/188 1184/191/188
f 1177/192/189 1191/216/189 1192/218/189
f 1184/191/190 1200/219/190 1185/193/190
f 1178/194/191 1192/218/191 1193/203/191
f 1186/195/192 1200/219/192 1201/205/192
f 1179/196/177 1193/203/177 1194/204/177
f 1187/197/178 1201/205/178 1202/206/178
f 1180/198/179 1194/204/179 1195/207/179
f 1173/200/180 1015/208/180 1188/209/180
f 1022/210/181 1187/197/181 1202/206/181
f 1180/198/615 1196/211/615 1181/202/615
f 1173/200/183 1189/212/183 1174/186/183
f 1181/202/184 1197/213/184 1182/188/184
f 1193/203/200 1209/228/200 1194/204/200
f 1202/206/201 1216/227/201 1217/229/201
f 1195/207/616 1209/228/616 1210/230/616
f 1188/209/203 1015/231/203 1203/232/203
f 1022/233/204 1202/206/204 1217/229/204
f 1195/207/205 1211/234/205 1196/211/205
f 1189/212/206 1203/232/206 1204/235/206
f 1196/211/207 1212/220/207 1197/213/207
f 1190/214/208 1204/235/208 1205/236/208
f 1197/213/193 1213/221/193 1198/215/193
f 1190/214/194 1206/222/194 1191/216/194
f 1199/217/195 1213/221/195 1214/223/195
f 1191/216/196 1207/224/196 1192/218/196
f 1200/219/197 1214/223/197 1215/225/197
f 1193/203/198 1207/224/198 1208/226/198
f 1201/205/199 1215/225/199 1216/227/199
f 1213/221/217 1227/245/217 1228/247/217
f 1205/236/218 1221/248/218 1206/222/218
f 1214/223/219 1228/247/219 1229/249/219
f 1206/222/220 1222/250/220 1207/224/220
f 1214/223/221 1230/251/221 1215/225/221
f 1207/224/222 1223/252/222 1208/226/222
f 1215/225/617 1231/253/617 1216/227/617
f 1209/228/224 1223/252/224 1224/238/224
f 1217/229/209 1231/253/209 1232/237/209
f 1209/228/618 1225/239/618 1210/230/618
f 1203/232/211 1015/240/211 1218/241/211
f 1022/242/212 1217/229/212 1232/237/212
f 1210/230/213 1226/243/213 1211/234/213
f 1203/232/619 1219/244/619 1204/235/619
f 1211/234/215 1227/245/215 1212/220/215
f 1205/236/216 1219/244/216 1220/246/216
f 1231/253/620 1247/261/620 1232/237/620
f 1224/238/621 1240/262/621 1225/239/621
f 1218/241/233 1015/263/233 1233/264/233
f 1022/265/234 1232/237/234 1247/261/234
f 1225/239/235 1241/266/235 1226/243/235
f 1219/244/236 1233/264/236 1234/267/236
f 1226/243/237 1242/268/237 1227/245/237
f 1219/244/238 1235/269/238 1220/246/238
f 1227/245/239 1243/270/239 1228/247/239
f 1221/248/240 1235/269/240 1236/255/240
f 1229/249/225 1243/270/225 1244/254/225
f 1222/250/226 1236/255/226 1237/256/226
f 1229/249/227 1245/257/227 1230/251/227
f 1222/250/228 1238/258/228 1223/252/228
f 1230/251/229 1246/259/229 1231/253/229
f 1224/238/230 1238/258/230 1239/260/230
f 1236/255/248 1250/278/248 1251/280/248
f 1243/270/249 1259/281/249 1244/254/249
f 1236/255/250 1252/282/250 1237/256/250
f 1244/254/251 1260/283/251 1245/257/251
f 1237/256/252 1253/284/252 1238/258/252
f 1246/259/253 1260/283/253 1261/285/253
f 1239/260/254 1253/284/254 1254/286/254
f 1247/261/255 1261/285/255 1262/274/255
f 1240/262/256 1254/286/256 1255/287/256
f 1233/264/241 1015/271/241 1248/272/241
f 1022/273/242 1247/261/242 1262/274/242
f 1240/262/622 1256/275/622 1241/266/622
f 1233/264/244 1249/276/244 1234/267/244
f 1241/266/245 1257/277/245 1242/268/245
f 1234/267/246 1250/278/246 1235/269/246
f 1243/270/247 1257/277/247 1258/279/247
f 1255/287/263 1269/294/263 1270/296/263
f 1248/272/264 1015/297/264 1263/298/264
f 1022/299/265 1262/274/265 1277/295/265
f 1255/287/623 1271/300/623 1256/275/623
f 1248/272/624 1264/301/624 1249/276/624
f 1256/275/268 1272/302/268 1257/277/268
f 1250/278/269 1264/301/269 1265/303/269
f 1257/277/270 1273/304/270 1258/279/270
f 1250/278/271 1266/288/271 1251/280/271
f 1259/281/272 1273/304/272 1274/290/272
f 1252/282/257 1266/288/257 1267/289/257
f 1259/281/258 1275/291/258 1260/283/258
f 1252/282/259 1268/292/259 1253/284/259
f 1260/283/260 1276/293/260 1261/285/260
f 1254/286/261 1268/292/261 1269/294/261
f 1261/285/625 1277/295/625 1262/274/625
f 1273/304/279 1289/312/279 1274/290/279
f 1267/289/280 1281/311/280 1282/313/280
f 1275/291/281 1289/312/281 1290/314/281
f 1268/292/282 1282/313/282 1283/315/282
f 1275/291/283 1291/316/283 1276/293/283
f 1269/294/284 1283/315/284 1284/317/284
f 1277/295/626 1291/316/626 1292/318/626
f 1269/294/286 1285/319/286 1270/296/286
f 1263/298/287 1015/320/287 1278/306/287
f 1022/321/288 1277/295/288 1292/318/288
f 1270/296/273 1286/305/273 1271/300/273
f 1263/298/274 1279/307/274 1264/301/274
f 1271/300/275 1287/308/275 1272/302/275
f 1264/301/276 1280/309/276 1265/303/276
f 1272/302/277 1288/310/277 1273/304/277
f 1265/303/278 1281/311/278 1266/288/278
f 1022/331/296 1292/318/296 1307/327/296
f 1285/319/627 1301/332/627 1286/305/627
f 1278/306/628 1294/333/628 1279/307/628
f 1286/305/299 1302/334/299 1287/308/299
f 1279/307/546 1295/335/546 1280/309/546
f 1288/310/301 1302/334/301 1303/336/301
f 1281/311/302 1295/335/302 1296/337/302
f 1288/310/303 1304/322/303 1289/312/303
f 1282/313/304 1296/337/304 1297/338/304
f 1290/314/289 1304/322/289 1305/323/289
f 1282/313/290 1298/324/290 1283/315/290
f 1291/316/629 1305/323/629 1306/325/629
f 1284/317/292 1298/324/292 1299/326/292
f 1292/318/547 1306/325/547 1307/327/547
f 1284/317/294 1300/328/294 1285/319/294
f 1278/306/295 1015/329/295 1293/330/295
f 1305/323/312 1319/344/312 1320/346/312
f 1297/338/313 1313/347/313 1298/324/313
f 1306/325/314 1320/346/314 1321/348/314
f 1299/326/315 1313/347/315 1314/349/315
f 1307/327/316 1321/348/316 1322/350/316
f 1299/326/317 1315/351/317 1300/328/317
f 1293/330/318 1015/352/318 1308/353/318
f 1022/354/319 1307/327/319 1322/350/319
f 1301/332/320 1315/351/320 1316/355/320
f 1293/330/305 1309/339/305 1294/333/305
f 1301/332/306 1317/340/306 1302/334/306
f 1294/333/307 1310/341/307 1295/335/307
f 1303/336/308 1317/340/308 1318/342/308
f 1295/335/309 1311/343/309 1296/337/309
f 1303/336/310 1319/344/310 1304/322/310
f 1297/338/311 1311/343/311 1312/345/311
f 1308/353/329 1324/365/329 1309/339/329
f 1316/355/330 1332/366/330 1317/340/330
f 1310/341/331 1324/365/331 1325/367/331
f 1318/342/332 1332/366/332 1333/368/332
f 1310/341/333 1326/369/333 1311/343/333
f 1318/342/334 1334/370/334 1319/344/334
f 1312/345/335 1326/369/335 1327/371/335
f 1320/346/336 1334/370/336 1335/372/336
f 1312/345/321 1328/356/321 1313/347/321
f 1320/346/322 1336/357/322 1321/348/322
f 1314/349/323 1328/356/323 1329/358/323
f 1321/348/551 1337/359/551 1322/350/551
f 1315/351/325 1329/358/325 1330/360/325
f 1308/353/326 1015/361/326 1323/362/326
f 1022/363/327 1322/350/327 1337/359/327
f 1315/351/328 1331/364/328 1316/355/328
f 1328/356/344 1342/378/344 1343/380/344
f 1336/357/552 1350/379/552 1351/381/552
f 1329/358/346 1343/380/346 1344/382/346
f 1337/359/347 1351/381/347 1352/383/347
f 1330/360/630 1344/382/630 1345/384/630
f 1323/362/349 1015/385/349 1338/386/349
f 1022/387/350 1337/359/350 1352/383/350
f 1330/360/351 1346/388/351 1331/364/351
f 1324/365/352 1338/386/352 1339/389/352
f 1331/364/337 1347/373/337 1332/366/337
f 1324/365/554 1340/374/554 1325/367/554
f 1332/366/339 1348/375/339 1333/368/339
f 1325/367/340 1341/376/340 1326/369/340
f 1333/368/341 1349/377/341 1334/370/341
f 1326/369/342 1342/378/342 1327/371/342
f 1335/372/343 1349/377/343 1350/379/343
f 1346/388/361 1362/400/361 1347/373/361
f 1339/389/362 1355/401/362 1340/374/362
f 1348/375/363 1362/400/363 1363/402/363
f 1340/374/364 1356/403/364 1341/376/364
f 1348/375/365 1364/404/365 1349/377/365
f 1342/378/366 1356/403/366 1357/405/366
f 1350/379/367 1364/404/367 1365/406/367
f 1342/378/368 1358/391/368 1343/380/368
f 1351/381/353 1365/406/353 1366/390/353
f 1344/382/354 1358/391/354 1359/392/354
f 1351/381/631 1367/393/631 1352/383/631
f 1345/384/356 1359/392/356 1360/394/356
f 1338/386/632 1015/395/632 1353/396/632
f 1022/397/358 1352/383/358 1367/393/358
f 1345/384/359 1361/398/359 1346/388/359
f 1338/386/633 1354/399/633 1339/389/633
f 1365/406/375 1381/414/375 1366/390/375
f 1358/391/376 1374/415/376 1359/392/376
f 1366/390/634 1382/416/634 1367/393/634
f 1359/392/556 1375/417/556 1360/394/556
f 1353/396/379 1015/418/379 1368/419/379
f 1022/420/380 1367/393/380 1382/416/380
f 1360/394/557 1376/421/557 1361/398/557
f 1354/399/635 1368/419/635 1369/422/635
f 1361/398/383 1377/407/383 1362/400/383
f 1355/401/384 1369/422/384 1370/423/384
f 1363/402/369 1377/407/369 1378/408/369
f 1355/401/370 1371/409/370 1356/403/370
f 1364/404/371 1378/408/371 1379/410/371
f 1356/403/372 1372/411/372 1357/405/372
f 1365/406/373 1379/410/373 1380/412/373
f 1357/405/374 1373/413/374 1358/391/374
f 1369/437/392 1385/441/392 1370/440/392
f 1378/442/393 1392/438/393 1393/443/393
f 1370/440/394 1386/444/394 1371/445/394
f 1378/442/395 1394/446/395 1379/447/395
f 1372/448/396 1386/444/396 1387/449/396
f 1380/450/397 1394/446/397 1395/451/397
f 1372/448/398 1388/452/398 1373/453/398
f 1381/424/399 1395/451/399 1396/454/399
f 1374/455/400 1388/452/400 1389/428/400
f 1382/426/385 1396/454/385 1397/425/385
f 1375/427/558 1389/428/558 1390/429/558
f 1368/430/387 1015/431/387 1383/432/387
f 1022/433/388 1382/426/388 1397/425/388
f 1375/427/389 1391/434/389 1376/435/389
f 1368/430/390 1384/436/390 1369/437/390
f 1376/435/391 1392/438/391 1377/439/391
f 1389/428/407 1403/460/407 1404/462/407
f 1396/454/636 1412/463/636 1397/425/636
f 1389/428/409 1405/464/409 1390/429/409
f 1383/432/637 1015/465/637 1398/466/637
f 1022/467/411 1397/425/411 1412/463/411
f 1390/429/412 1406/468/412 1391/434/412
f 1384/436/413 1398/466/413 1399/469/413
f 1391/434/414 1407/470/414 1392/438/414
f 1384/436/415 1400/471/415 1385/441/415
f 1393/443/416 1407/470/416 1408/472/416
f 1385/441/401 1401/456/401 1386/444/401
f 1394/446/402 1408/472/402 1409/457/402
f 1387/449/403 1401/456/403 1402/458/403
f 1395/451/404 1409/457/404 1410/459/404
f 1387/449/405 1403/460/405 1388/452/405
f 1396/454/406 1410/459/406 1411/461/406
f 1408/472/424 1422/481/424 1423/483/424
f 1400/471/425 1416/484/425 1401/456/425
f 1408/472/426 1424/485/426 1409/457/426
f 1402/458/427 1416/484/427 1417/486/427
f 1409/457/428 1425/487/428 1410/459/428
f 1402/458/429 1418/488/429 1403/460/429
f 1411/461/430 1425/487/430 1426/489/430
f 1404/462/431 1418/488/431 1419/473/431
f 1411/461/432 1427/478/432 1412/463/432
f 1404/462/417 1420/474/417 1405/464/417
f 1398/466/418 1015/475/418 1413/476/418
f 1022/477/419 1412/463/419 1427/478/419
f 1406/468/638 1420/474/638 1421/479/638
f 1398/466/421 1414/480/421 1399/469/421
f 1406/468/422 1422/481/422 1407/470/422
f 1399/469/563 1415/482/563 1400/471/563
f 1426/489/639 1442/497/639 1427/478/639
f 1419/473/440 1435/498/440 1420/474/440
f 1413/476/441 1015/499/441 1428/500/441
f 1022/501/442 1427/478/442 1442/497/442
f 1421/479/443 1435/498/443 1436/502/443
f 1414/480/444 1428/500/444 1429/503/444
f 1421/479/445 1437/504/445 1422/481/445
f 1414/480/446 1430/505/446 1415/482/446
f 1422/481/447 1438/506/447 1423/483/447
f 1415/482/448 1431/491/448 1416/484/448
f 1423/483/433 1439/490/433 1424/485/433
f 1417/486/434 1431/491/434 1432/492/434
f 1425/487/435 1439/490/435 1440/493/435
f 1417/486/436 1433/494/436 1418/488/436
f 1426/489/437 1440/493/437 1441/495/437
f 1419/473/438 1433/494/438 1434/496/438
f 1438/506/457 1454/517/457 1439/490/457
f 1432/492/458 1446/516/458 1447/518/458
f 1440/493/459 1454/517/459 1455/519/459
f 1432/492/460 1448/520/460 1433/494/460
f 1441/495/461 1455/519/461 1456/521/461
f 1434/496/462 1448/520/462 1449/522/462
f 1441/495/640 1457/510/640 1442/497/640
f 1434/496/641 1450/523/641 1435/498/641
f 1428/500/449 1015/507/449 1443/508/449
f 1022/509/450 1442/497/450 1457/510/450
f 1435/498/451 1451/511/451 1436/502/451
f 1429/503/452 1443/508/452 1444/512/452
f 1436/502/453 1452/513/453 1437/504/453
f 1429/503/454 1445/514/454 1430/505/454
f 1438/506/455 1452/513/455 1453/515/455
f 1430/505/456 1446/516/456 1431/491/456
f 1443/508/472 1015/533/472 1458/534/472
f 1022/535/473 1457/510/473 1472/531/473
f 1451/511/474 1465/532/474 1466/536/474
f 1443/508/475 1459/537/475 1444/512/475
f 1451/511/476 1467/538/476 1452/513/476
f 1444/512/565 1460/539/565 1445/514/565
f 1453/515/478 1467/538/478 1468/540/478
f 1445/514/479 1461/524/479 1446/516/479
f 1454/517/480 1468/540/480 1469/526/480
f 1446/516/465 1462/525/465 1447/518/465
f 1454/517/466 1470/527/466 1455/519/466
f 1447/518/467 1463/528/467 1448/520/467
f 1456/521/468 1470/527/468 1471/529/468
f 1448/520/469 1464/530/469 1449/522/469
f 1456/521/567 1472/531/567 1457/510/567
f 1450/523/471 1464/530/471 1465/532/471
f 1462/525/488 1476/546/488 1477/548/488
f 1470/527/489 1484/547/489 1485/549/489
f 1462/525/490 1478/550/490 1463/528/490
f 1471/529/491 1485/549/491 1486/551/491
f 1463/528/492 1479/552/492 1464/530/492
f 1472/531/642 1486/551/642 1487/553/642
f 1465/532/494 1479/552/494 1480/554/494
f 1458/534/495 1015/555/495 1473/556/495
f 1022/557/496 1472/531/496 1487/553/496
f 1465/532/481 1481/541/481 1466/536/481
f 1458/534/482 1474/542/482 1459/537/482
f 1467/538/483 1481/541/483 1482/543/483
f 1460/539/484 1474/542/484 1475/544/484
f 1468/540/643 1482/543/643 1483/545/643
f 1460/539/486 1476/546/486 1461/524/486
f 1468/540/487 1484/547/487 1469/526/487
f 1480/554/505 1020/20/505 1481/541/505
f 1474/542/644 1488/15/644 1489/21/644
f 1481/541/507 1492/24/507 1482/543/507
f 1475/544/508 1489/21/508 1016/25/508
f 1483/545/509 1492/24/509 1021/28/509
f 1476/546/510 1016/25/510 1490/29/510
f 1483/545/511 1493/1/511 1484/547/511
f 1477/548/512 1490/29/512 1017/32/512
f 1485/549/497 1493/1/497 1494/3/497
f 1477/548/498 1491/4/498 1478/550/498
f 1485/549/499 1495/8/499 1486/551/499
f 1478/550/500 1018/9/500 1479/552/500
f 1486/551/501 1496/12/501 1487/553/501
f 1480/554/645 1018/9/645 1019/14/645
f 1473/556/503 1015/558/503 1488/15/503
f 1022/559/504 1487/553/504 1496/12/504
f 1019/14/686 1030/13/686 1031/19/686
f 1489/21/10 1488/15/10 1023/17/10
f 1020/20/11 1031/19/11 1032/23/11
f 1016/25/12 1489/21/12 1024/22/12
f 1492/24/13 1032/23/13 1033/27/13
f 1016/25/14 1025/26/14 1026/30/14
f 1021/28/15 1033/27/15 1034/31/15
f 1017/32/16 1490/29/16 1026/30/16
f 1493/1/1 1034/31/1 1035/2/1
f 1017/32/2 1027/5/2 1028/6/2
f 1494/3/3 1035/2/3 1036/7/3
f 1018/9/4 1491/4/4 1028/6/4
f 1496/12/5 1495/8/5 1036/7/5
f 1018/9/514 1029/10/514 1030/13/514
f 1036/7/24 1051/38/24 1052/40/24
f 1029/10/25 1044/39/25 1045/41/25
f 1031/19/516 1030/13/516 1045/41/516
f 1024/22/517 1023/17/517 1038/43/517
f 1031/19/30 1046/45/30 1047/47/30
f 1025/26/31 1024/22/31 1039/46/31
f 1033/27/32 1032/23/32 1047/47/32
f 1025/26/17 1040/48/17 1041/33/17
f 1033/27/18 1048/49/18 1049/34/18
f 1026/30/19 1041/33/19 1042/35/19
f 1035/2/20 1034/31/20 1049/34/20
f 1027/5/21 1042/35/21 1043/37/21
f 1035/2/22 1050/36/22 1051/38/22
f 1029/10/23 1028/6/23 1043/37/23
f 1040/48/41 1055/58/41 1056/60/41
f 1048/49/42 1063/59/42 1064/61/42
f 1042/35/43 1041/33/43 1056/60/43
f 1050/36/44 1049/34/44 1064/61/44
f 1043/37/45 1042/35/45 1057/62/45
f 1051/38/46 1050/36/46 1065/63/46
f 1043/37/47 1058/64/47 1059/66/47
f 1052/40/48 1051/38/48 1066/65/48
f 1044/39/33 1059/66/33 1060/50/33
f 1046/45/36 1045/41/36 1060/50/36
f 1038/43/716 1053/52/716 1054/56/716
f 1047/47/38 1046/45/38 1061/55/38
f 1039/46/39 1054/56/39 1055/58/39
f 1047/47/40 1062/57/40 1063/59/40
f 1059/66/56 1074/72/56 1075/74/56
f 1061/55/59 1060/50/59 1075/74/59
f 1053/52/691 1068/76/691 1069/79/691
f 1061/55/61 1076/78/61 1077/80/61
f 1054/56/62 1069/79/62 1070/81/62
f 1063/59/63 1062/57/63 1077/80/63
f 1055/58/64 1070/81/64 1071/83/64
f 1063/59/49 1078/82/49 1079/67/49
f 1057/62/50 1056/60/50 1071/83/50
f 1065/63/51 1064/61/51 1079/67/51
f 1057/62/52 1072/68/52 1073/70/52
f 1066/65/53 1065/63/53 1080/69/53
f 1059/66/54 1058/64/54 1073/70/54
f 1067/54/55 1066/65/55 1081/71/55
f 1078/82/72 1093/90/72 1094/92/72
f 1072/68/73 1071/83/73 1086/91/73
f 1080/69/74 1079/67/74 1094/92/74
f 1072/68/75 1087/93/75 1088/95/75
f 1080/69/76 1095/94/76 1096/96/76
f 1074/72/77 1073/70/77 1088/95/77
f 1082/73/526 1081/71/526 1096/96/526
f 1075/74/79 1074/72/79 1089/97/79
f 1075/74/717 1090/98/717 1091/86/717
f 1069/79/718 1068/76/718 1083/100/718
f 1076/78/68 1091/86/68 1092/88/68
f 1069/79/69 1084/87/69 1085/89/69
f 1077/80/70 1092/88/70 1093/90/70
f 1070/81/71 1085/89/71 1086/91/71
f 1090/98/719 1105/106/719 1106/110/719
f 1083/100/693 1098/108/693 1099/111/693
f 1091/86/91 1106/110/91 1107/112/91
f 1084/87/92 1099/111/92 1100/113/92
f 1093/90/93 1092/88/93 1107/112/93
f 1085/89/94 1100/113/94 1101/115/94
f 1093/90/95 1108/114/95 1109/116/95
f 1087/93/96 1086/91/96 1101/115/96
f 1095/94/81 1094/92/81 1109/116/81
f 1087/93/82 1102/117/82 1103/102/82
f 1095/94/83 1110/101/83 1111/103/83
f 1089/97/84 1088/95/84 1103/102/84
f 1097/85/720 1096/96/720 1111/103/720
f 1090/98/721 1089/97/721 1104/104/721
f 1102/117/103 1101/115/103 1116/123/103
f 1110/101/104 1109/116/104 1124/124/104
f 1102/117/105 1117/125/105 1118/127/105
f 1110/101/722 1125/126/722 1126/128/722
f 1104/104/107 1103/102/107 1118/127/107
f 1112/105/108 1111/103/108 1126/128/108
f 1105/106/531 1104/104/531 1119/129/531
f 1105/106/112 1120/131/112 1121/134/112
f 1098/108/97 1113/118/97 1114/119/97
f 1106/110/98 1121/134/98 1122/120/98
f 1100/113/99 1099/111/99 1114/119/99
f 1108/114/100 1107/112/100 1122/120/100
f 1100/113/101 1115/121/101 1116/123/101
f 1108/114/102 1123/122/102 1124/124/102
f 1120/131/694 1135/139/694 1136/143/694
f 1114/119/121 1113/118/121 1128/141/121
f 1121/134/122 1136/143/122 1137/145/122
f 1114/119/123 1129/144/123 1130/146/123
f 1122/120/124 1137/145/124 1138/147/124
f 1115/121/125 1130/146/125 1131/148/125
f 1123/122/126 1138/147/126 1139/149/126
f 1116/123/127 1131/148/127 1132/150/127
f 1125/126/128 1124/124/128 1139/149/128
f 1118/127/113 1117/125/113 1132/150/113
f 1126/128/114 1125/126/114 1140/151/114
f 1119/129/115 1118/127/115 1133/135/115
f 1127/130/116 1126/128/116 1141/136/116
f 1120/131/117 1119/129/117 1134/137/117
f 1139/149/135 1154/156/135 1155/158/135
f 1132/150/136 1147/157/136 1148/159/136
f 1140/151/137 1155/158/137 1156/160/137
f 1134/137/138 1133/135/138 1148/159/138
f 1142/138/139 1141/136/139 1156/160/139
f 1135/139/723 1134/137/723 1149/161/723
f 1135/139/143 1150/163/143 1151/167/143
f 1129/144/144 1128/141/144 1143/165/144
f 1136/143/129 1151/167/129 1152/152/129
f 1130/146/130 1129/144/130 1144/168/130
f 1138/147/131 1137/145/131 1152/152/131
f 1130/146/132 1145/153/132 1146/155/132
f 1138/147/133 1153/154/133 1154/156/133
f 1132/150/134 1131/148/134 1146/155/134
f 1151/167/153 1166/177/153 1167/179/153
f 1144/168/154 1159/178/154 1160/180/154
f 1153/154/155 1152/152/155 1167/179/155
f 1145/153/156 1160/180/156 1161/182/156
f 1154/156/157 1153/154/157 1168/181/157
f 1146/155/158 1161/182/158 1162/184/158
f 1155/158/159 1154/156/159 1169/183/159
f 1147/157/160 1162/184/160 1163/170/160
f 1155/158/145 1170/185/145 1171/169/145
f 1148/159/146 1163/170/146 1164/171/146
f 1157/162/147 1156/160/147 1171/169/147
f 1149/161/148 1164/171/148 1165/173/148
f 1150/163/151 1165/173/151 1166/177/151
f 1144/168/724 1143/165/724 1158/175/724
f 1170/185/535 1185/193/535 1186/195/535
f 1164/171/169 1163/170/169 1178/194/169
f 1171/169/725 1186/195/725 1187/197/725
f 1165/173/726 1164/171/726 1179/196/726
f 1165/173/538 1180/198/538 1181/202/538
f 1158/175/697 1173/200/697 1174/186/697
f 1166/177/176 1181/202/176 1182/188/176
f 1160/180/687 1159/178/687 1174/186/687
f 1168/181/162 1167/179/162 1182/188/162
f 1160/180/163 1175/187/163 1176/190/163
f 1169/183/164 1168/181/164 1183/189/164
f 1162/184/165 1161/182/165 1176/190/165
f 1170/185/166 1169/183/166 1184/191/166
f 1163/170/167 1162/184/167 1177/192/167
f 1174/186/185 1189/212/185 1190/214/185
f 1182/188/186 1197/213/186 1198/215/186
f 1176/190/187 1175/187/187 1190/214/187
f 1183/189/188 1198/215/188 1199/217/188
f 1177/192/189 1176/190/189 1191/216/189
f 1184/191/190 1199/217/190 1200/219/190
f 1178/194/191 1177/192/191 1192/218/191
f 1186/195/192 1185/193/192 1200/219/192
f 1179/196/177 1178/194/177 1193/203/177
f 1187/197/727 1186/195/727 1201/205/727
f 1180/198/539 1179/196/539 1194/204/539
f 1180/198/182 1195/207/182 1196/211/182
f 1173/200/183 1188/209/183 1189/212/183
f 1181/202/184 1196/211/184 1197/213/184
f 1193/203/200 1208/226/200 1209/228/200
f 1202/206/201 1201/205/201 1216/227/201
f 1195/207/202 1194/204/202 1209/228/202
f 1195/207/698 1210/230/698 1211/234/698
f 1189/212/699 1188/209/699 1203/232/699
f 1196/211/207 1211/234/207 1212/220/207
f 1190/214/208 1189/212/208 1204/235/208
f 1197/213/193 1212/220/193 1213/221/193
f 1190/214/194 1205/236/194 1206/222/194
f 1199/217/195 1198/215/195 1213/221/195
f 1191/216/196 1206/222/196 1207/224/196
f 1200/219/197 1199/217/197 1214/223/197
f 1193/203/198 1192/218/198 1207/224/198
f 1201/205/199 1200/219/199 1215/225/199
f 1213/221/217 1212/220/217 1227/245/217
f 1205/236/218 1220/246/218 1221/248/218
f 1214/223/219 1213/221/219 1228/247/219
f 1206/222/220 1221/248/220 1222/250/220
f 1214/223/221 1229/249/221 1230/251/221
f 1207/224/222 1222/250/222 1223/252/222
f 1215/225/223 1230/251/223 1231/253/223
f 1209/228/224 1208/226/224 1223/252/224
f 1217/229/728 1216/227/728 1231/253/728
f 1209/228/210 1224/238/210 1225/239/210
f 1210/230/213 1225/239/213 1226/243/213
f 1203/232/214 1218/241/214 1219/244/214
f 1211/234/215 1226/243/215 1227/245/215
f 1205/236/729 1204/235/729 1219/244/729
f 1231/253/231 1246/259/231 1247/261/231
f 1224/238/232 1239/260/232 1240/262/232
f 1225/239/235 1240/262/235 1241/266/235
f 1219/244/542 1218/241/542 1233/264/542
f 1226/243/237 1241/266/237 1242/268/237
f 1219/244/730 1234/267/730 1235/269/730
f 1227/245/239 1242/268/239 1243/270/239
f 1221/248/240 1220/246/240 1235/269/240
f 1229/249/225 1228/247/225 1243/270/225
f 1222/250/226 1221/248/226 1236/255/226
f 1229/249/227 1244/254/227 1245/257/227
f 1222/250/228 1237/256/228 1238/258/228
f 1230/251/229 1245/257/229 1246/259/229
f 1224/238/230 1223/252/230 1238/258/230
f 1236/255/248 1235/269/248 1250/278/248
f 1243/270/249 1258/279/249 1259/281/249
f 1236/255/250 1251/280/250 1252/282/250
f 1244/254/251 1259/281/251 1260/283/251
f 1237/256/252 1252/282/252 1253/284/252
f 1246/259/253 1245/257/253 1260/283/253
f 1239/260/254 1238/258/254 1253/284/254
f 1247/261/255 1246/259/255 1261/285/255
f 1240/262/731 1239/260/731 1254/286/731
f 1240/262/243 1255/287/243 1256/275/243
f 1233/264/244 1248/272/244 1249/276/244
f 1241/266/245 1256/275/245 1257/277/245
f 1234/267/246 1249/276/246 1250/278/246
f 1243/270/247 1242/268/247 1257/277/247
f 1255/287/263 1254/286/263 1269/294/263
f 1255/287/623 1270/296/623 1271/300/623
f 1248/272/267 1263/298/267 1264/301/267
f 1256/275/268 1271/300/268 1272/302/268
f 1250/278/269 1249/276/269 1264/301/269
f 1257/277/270 1272/302/270 1273/304/270
f 1250/278/271 1265/303/271 1266/288/271
f 1259/281/272 1258/279/272 1273/304/272
f 1252/282/257 1251/280/257 1266/288/257
f 1259/281/258 1274/290/258 1275/291/258
f 1252/282/259 1267/289/259 1268/292/259
f 1260/283/260 1275/291/260 1276/293/260
f 1254/286/261 1253/284/261 1268/292/261
f 1261/285/262 1276/293/262 1277/295/262
f 1273/304/279 1288/310/279 1289/312/279
f 1267/289/280 1266/288/280 1281/311/280
f 1275/291/281 1274/290/281 1289/312/281
f 1268/292/282 1267/289/282 1282/313/282
f 1275/291/283 1290/314/283 1291/316/283
f 1269/294/284 1268/292/284 1283/315/284
f 1277/295/285 1276/293/285 1291/316/285
f 1269/294/286 1284/317/286 1285/319/286
f 1270/296/273 1285/319/273 1286/305/273
f 1263/298/545 1278/306/545 1279/307/545
f 1271/300/275 1286/305/275 1287/308/275
f 1264/301/276 1279/307/276 1280/309/276
f 1272/302/277 1287/308/277 1288/310/277
f 1265/303/278 1280/309/278 1281/311/278
f 1285/319/297 1300/328/297 1301/332/297
f 1278/306/701 1293/330/701 1294/333/701
f 1286/305/299 1301/332/299 1302/334/299
f 1279/307/546 1294/333/546 1295/335/546
f 1288/310/301 1287/308/301 1302/334/301
f 1281/311/302 1280/309/302 1295/335/302
f 1288/310/303 1303/336/303 1304/322/303
f 1282/313/304 1281/311/304 1296/337/304
f 1290/314/289 1289/312/289 1304/322/289
f 1282/313/290 1297/338/290 1298/324/290
f 1291/316/291 1290/314/291 1305/323/291
f 1284/317/292 1283/315/292 1298/324/292
f 1292/318/293 1291/316/293 1306/325/293
f 1284/317/294 1299/326/294 1300/328/294
f 1305/323/312 1304/322/312 1319/344/312
f 1297/338/313 1312/345/313 1313/347/313
f 1306/325/314 1305/323/314 1320/346/314
f 1299/326/315 1298/324/315 1313/347/315
f 1307/327/316 1306/325/316 1321/348/316
f 1299/326/317 1314/349/317 1315/351/317
f 1301/332/320 1300/328/320 1315/351/320
f 1293/330/703 1308/353/703 1309/339/703
f 1301/332/306 1316/355/306 1317/340/306
f 1294/333/307 1309/339/307 1310/341/307
f 1303/336/308 1302/334/308 1317/340/308
f 1295/335/309 1310/341/309 1311/343/309
f 1303/336/310 1318/342/310 1319/344/310
f 1297/338/311 1296/337/311 1311/343/311
f 1308/353/329 1323/362/329 1324/365/329
f 1316/355/330 1331/364/330 1332/366/330
f 1310/341/331 1309/339/331 1324/365/331
f 1318/342/332 1317/340/332 1332/366/332
f 1310/341/333 1325/367/333 1326/369/333
f 1318/342/334 1333/368/334 1334/370/334
f 1312/345/335 1311/343/335 1326/369/335
f 1320/346/336 1319/344/336 1334/370/336
f 1312/345/321 1327/371/321 1328/356/321
f 1320/346/322 1335/372/322 1336/357/322
f 1314/349/323 1313/347/323 1328/356/323
f 1321/348/551 1336/357/551 1337/359/551
f 1315/351/325 1314/349/325 1329/358/325
f 1315/351/328 1330/360/328 1331/364/328
f 1328/356/344 1327/371/344 1342/378/344
f 1336/357/345 1335/372/345 1350/379/345
f 1329/358/346 1328/356/346 1343/380/346
f 1337/359/347 1336/357/347 1351/381/347
f 1330/360/348 1329/358/348 1344/382/348
f 1330/360/732 1345/384/732 1346/388/732
f 1324/365/733 1323/362/733 1338/386/733
f 1331/364/337 1346/388/337 1347/373/337
f 1324/365/338 1339/389/338 1340/374/338
f 1332/366/339 1347/373/339 1348/375/339
f 1325/367/340 1340/374/340 1341/376/340
f 1333/368/341 1348/375/341 1349/377/341
f 1326/369/342 1341/376/342 1342/378/342
f 1335/372/343 1334/370/343 1349/377/343
f 1346/388/361 1361/398/361 1362/400/361
f 1339/389/362 1354/399/362 1355/401/362
f 1348/375/363 1347/373/363 1362/400/363
f 1340/374/364 1355/401/364 1356/403/364
f 1348/375/365 1363/402/365 1364/404/365
f 1342/378/366 1341/376/366 1356/403/366
f 1350/379/367 1349/377/367 1364/404/367
f 1342/378/368 1357/405/368 1358/391/368
f 1351/381/353 1350/379/353 1365/406/353
f 1344/382/354 1343/380/354 1358/391/354
f 1351/381/355 1366/390/355 1367/393/355
f 1345/384/356 1344/382/356 1359/392/356
f 1345/384/359 1360/394/359 1361/398/359
f 1338/386/360 1353/396/360 1354/399/360
f 1365/406/375 1380/412/375 1381/414/375
f 1358/391/376 1373/413/376 1374/415/376
f 1366/390/377 1381/414/377 1382/416/377
f 1359/392/378 1374/415/378 1375/417/378
f 1360/394/381 1375/417/381 1376/421/381
f 1354/399/382 1353/396/382 1368/419/382
f 1361/398/383 1376/421/383 1377/407/383
f 1355/401/384 1354/399/384 1369/422/384
f 1363/402/369 1362/400/369 1377/407/369
f 1355/401/370 1370/423/370 1371/409/370
f 1364/404/371 1363/402/371 1378/408/371
f 1356/403/372 1371/409/372 1372/411/372
f 1365/406/373 1364/404/373 1379/410/373
f 1357/405/374 1372/411/374 1373/413/374
f 1369/437/392 1384/436/392 1385/441/392
f 1378/442/393 1377/439/393 1392/438/393
f 1370/440/394 1385/441/394 1386/444/394
f 1378/442/395 1393/443/395 1394/446/395
f 1372/448/396 1371/445/396 1386/444/396
f 1380/450/397 1379/447/397 1394/446/397
f 1372/448/398 1387/449/398 1388/452/398
f 1381/424/399 1380/450/399 1395/451/399
f 1374/455/400 1373/453/400 1388/452/400
f 1382/426/385 1381/424/385 1396/454/385
f 1375/427/558 1374/455/558 1389/428/558
f 1375/427/389 1390/429/389 1391/434/389
f 1368/430/390 1383/432/390 1384/436/390
f 1376/435/391 1391/434/391 1392/438/391
f 1389/428/407 1388/452/407 1403/460/407
f 1396/454/408 1411/461/408 1412/463/408
f 1389/428/409 1404/462/409 1405/464/409
f 1390/429/412 1405/464/412 1406/468/412
f 1384/436/734 1383/432/734 1398/466/734
f 1391/434/414 1406/468/414 1407/470/414
f 1384/436/415 1399/469/415 1400/471/415
f 1393/443/416 1392/438/416 1407/470/416
f 1385/441/401 1400/471/401 1401/456/401
f 1394/446/402 1393/443/402 1408/472/402
f 1387/449/403 1386/444/403 1401/456/403
f 1395/451/404 1394/446/404 1409/457/404
f 1387/449/405 1402/458/405 1403/460/405
f 1396/454/406 1395/451/406 1410/459/406
f 1408/472/424 1407/470/424 1422/481/424
f 1400/471/425 1415/482/425 1416/484/425
f 1408/472/426 1423/483/426 1424/485/426
f 1402/458/427 1401/456/427 1416/484/427
f 1409/457/428 1424/485/428 1425/487/428
f 1402/458/429 1417/486/429 1418/488/429
f 1411/461/560 1410/459/560 1425/487/560
f 1404/462/431 1403/460/431 1418/488/431
f 1411/461/432 1426/489/432 1427/478/432
f 1404/462/562 1419/473/562 1420/474/562
f 1406/468/420 1405/464/420 1420/474/420
f 1398/466/735 1413/476/735 1414/480/735
f 1406/468/422 1421/479/422 1422/481/422
f 1399/469/423 1414/480/423 1415/482/423
f 1426/489/439 1441/495/439 1442/497/439
f 1419/473/440 1434/496/440 1435/498/440
f 1421/479/443 1420/474/443 1435/498/443
f 1414/480/444 1413/476/444 1428/500/444
f 1421/479/445 1436/502/445 1437/504/445
f 1414/480/446 1429/503/446 1430/505/446
f 1422/481/447 1437/504/447 1438/506/447
f 1415/482/448 1430/505/448 1431/491/448
f 1423/483/433 1438/506/433 1439/490/433
f 1417/486/434 1416/484/434 1431/491/434
f 1425/487/435 1424/485/435 1439/490/435
f 1417/486/436 1432/492/436 1433/494/436
f 1426/489/437 1425/487/437 1440/493/437
f 1419/473/438 1418/488/438 1433/494/438
f 1438/506/457 1453/515/457 1454/517/457
f 1432/492/458 1431/491/458 1446/516/458
f 1440/493/459 1439/490/459 1454/517/459
f 1432/492/460 1447/518/460 1448/520/460
f 1441/495/461 1440/493/461 1455/519/461
f 1434/496/462 1433/494/462 1448/520/462
f 1441/495/640 1456/521/640 1457/510/640
f 1434/496/464 1449/522/464 1450/523/464
f 1435/498/451 1450/523/451 1451/511/451
f 1429/503/736 1428/500/736 1443/508/736
f 1436/502/453 1451/511/453 1452/513/453
f 1429/503/454 1444/512/454 1445/514/454
f 1438/506/455 1437/504/455 1452/513/455
f 1430/505/456 1445/514/456 1446/516/456
f 1451/511/474 1450/523/474 1465/532/474
f 1443/508/475 1458/534/475 1459/537/475
f 1451/511/476 1466/536/476 1467/538/476
f 1444/512/565 1459/537/565 1460/539/565
f 1453/515/478 1452/513/478 1467/538/478
f 1445/514/479 1460/539/479 1461/524/479
f 1454/517/480 1453/515/480 1468/540/480
f 1446/516/465 1461/524/465 1462/525/465
f 1454/517/466 1469/526/466 1470/527/466
f 1447/518/467 1462/525/467 1463/528/467
f 1456/521/566 1455/519/566 1470/527/566
f 1448/520/469 1463/528/469 1464/530/469
f 1456/521/470 1471/529/470 1472/531/470
f 1450/523/471 1449/522/471 1464/530/471
f 1462/525/488 1461/524/488 1476/546/488
f 1470/527/489 1469/526/489 1484/547/489
f 1462/525/737 1477/548/737 1478/550/737
f 1471/529/491 1470/527/491 1485/549/491
f 1463/528/492 1478/550/492 1479/552/492
f 1472/531/493 1471/529/493 1486/551/493
f 1465/532/494 1464/530/494 1479/552/494
f 1465/532/481 1480/554/481 1481/541/481
f 1458/534/569 1473/556/569 1474/542/569
f 1467/538/483 1466/536/483 1481/541/483
f 1460/539/484 1459/537/484 1474/542/484
f 1468/540/485 1467/538/485 1482/543/485
f 1460/539/486 1475/544/486 1476/546/486
f 1468/540/487 1483/545/487 1484/547/487
f 1480/554/709 1019/14/709 1020/20/709
f 1474/542/506 1473/556/506 1488/15/506
f 1481/541/507 1020/20/507 1492/24/507
f 1475/544/508 1474/542/508 1489/21/508
f 1483/545/509 1482/543/509 1492/24/509
f 1476/546/510 1475/544/510 1016/25/510
f 1483/545/511 1021/28/511 1493/1/511
f 1477/548/512 1476/546/512 1490/29/512
f 1485/549/497 1484/547/497 1493/1/497
f 1477/548/498 1017/32/498 1491/4/498
f 1485/549/499 1494/3/499 1495/8/499
f 1478/550/500 1491/4/500 1018/9/500
f 1486/551/738 1495/8/738 1496/12/738
f 1480/554/502 1479/552/502 1018/9/502
usemtl マテリアル.003
f 1970/15/7 1497/16/7 1505/17/7
f 1504/18/8 1978/12/8 1519/11/8
f 1501/14/646 1513/19/646 1502/20/646
f 1971/21/10 1505/17/10 1506/22/10
f 1502/20/11 1514/23/11 1974/24/11
f 1498/25/12 1506/22/12 1507/26/12
f 1974/24/13 1515/27/13 1503/28/13
f 1498/25/14 1508/30/14 1972/29/14
f 1503/28/15 1516/31/15 1975/1/15
f 1499/32/16 1508/30/16 1509/5/16
f 1975/1/1 1517/2/1 1976/3/1
f 1499/32/2 1510/6/2 1973/4/2
f 1976/3/3 1518/7/3 1977/8/3
f 1500/9/4 1510/6/4 1511/10/4
f 1977/8/5 1519/11/5 1978/12/5
f 1500/9/647 1512/13/647 1501/14/647
f 1519/11/594 1533/38/594 1534/40/594
f 1511/10/515 1527/41/515 1512/13/515
f 1505/17/26 1497/42/26 1520/43/26
f 1504/44/27 1519/11/27 1534/40/27
f 1513/19/28 1527/41/28 1528/45/28
f 1505/17/29 1521/46/29 1506/22/29
f 1513/19/30 1529/47/30 1514/23/30
f 1507/26/31 1521/46/31 1522/48/31
f 1515/27/32 1529/47/32 1530/49/32
f 1507/26/17 1523/33/17 1508/30/17
f 1515/27/18 1531/34/18 1516/31/18
f 1509/5/19 1523/33/19 1524/35/19
f 1517/2/20 1531/34/20 1532/36/20
f 1509/5/21 1525/37/21 1510/6/21
f 1517/2/595 1533/38/595 1518/7/595
f 1511/10/23 1525/37/23 1526/39/23
f 1522/48/41 1538/60/41 1523/33/41
f 1530/49/42 1546/61/42 1531/34/42
f 1524/35/43 1538/60/43 1539/62/43
f 1531/34/44 1547/63/44 1532/36/44
f 1524/35/45 1540/64/45 1525/37/45
f 1532/36/46 1548/65/46 1533/38/46
f 1526/39/47 1540/64/47 1541/66/47
f 1533/38/596 1549/54/596 1534/40/596
f 1526/39/33 1542/50/33 1527/41/33
f 1520/43/34 1497/51/34 1535/52/34
f 1504/53/35 1534/40/35 1549/54/35
f 1528/45/36 1542/50/36 1543/55/36
f 1520/43/37 1536/56/37 1521/46/37
f 1528/45/38 1544/57/38 1529/47/38
f 1522/48/522 1536/56/522 1537/58/522
f 1530/49/40 1544/57/40 1545/59/40
f 1541/66/56 1557/74/56 1542/50/56
f 1535/52/57 1497/75/57 1550/76/57
f 1504/77/58 1549/54/58 1564/73/58
f 1543/55/59 1557/74/59 1558/78/59
f 1535/52/60 1551/79/60 1536/56/60
f 1544/57/61 1558/78/61 1559/80/61
f 1536/56/62 1552/81/62 1537/58/62
f 1545/59/63 1559/80/63 1560/82/63
f 1537/58/64 1553/83/64 1538/60/64
f 1545/59/49 1561/67/49 1546/61/49
f 1538/60/50 1554/68/50 1539/62/50
f 1547/63/51 1561/67/51 1562/69/51
f 1539/62/52 1555/70/52 1540/64/52
f 1548/65/53 1562/69/53 1563/71/53
f 1540/64/54 1556/72/54 1541/66/54
f 1549/54/55 1563/71/55 1564/73/55
f 1561/67/72 1575/90/72 1576/92/72
f 1554/68/73 1568/91/73 1569/93/73
f 1562/69/74 1576/92/74 1577/94/74
f 1554/68/75 1570/95/75 1555/70/75
f 1562/69/76 1578/96/76 1563/71/76
f 1555/70/77 1571/97/77 1556/72/77
f 1564/73/78 1578/96/78 1579/85/78
f 1557/74/79 1571/97/79 1572/98/79
f 1550/76/80 1497/99/80 1565/100/80
f 1504/84/65 1564/73/65 1579/85/65
f 1557/74/66 1573/86/66 1558/78/66
f 1551/79/67 1565/100/67 1566/87/67
f 1559/80/68 1573/86/68 1574/88/68
f 1551/79/69 1567/89/69 1552/81/69
f 1559/80/70 1575/90/70 1560/82/70
f 1552/81/71 1568/91/71 1553/83/71
f 1565/100/87 1497/107/87 1580/108/87
f 1504/109/88 1579/85/88 1594/105/88
f 1572/98/89 1588/110/89 1573/86/89
f 1565/100/599 1581/111/599 1566/87/599
f 1573/86/91 1589/112/91 1574/88/91
f 1566/87/527 1582/113/527 1567/89/527
f 1575/90/93 1589/112/93 1590/114/93
f 1567/89/94 1583/115/94 1568/91/94
f 1576/92/95 1590/114/95 1591/116/95
f 1569/93/96 1583/115/96 1584/117/96
f 1577/94/81 1591/116/81 1592/101/81
f 1569/93/82 1585/102/82 1570/95/82
f 1578/96/83 1592/101/83 1593/103/83
f 1571/97/84 1585/102/84 1586/104/84
f 1579/85/529 1593/103/529 1594/105/529
f 1572/98/600 1586/104/600 1587/106/600
f 1584/117/103 1598/123/103 1599/125/103
f 1591/116/104 1607/126/104 1592/101/104
f 1584/117/105 1600/127/105 1585/102/105
f 1592/101/106 1608/128/106 1593/103/106
f 1586/104/107 1600/127/107 1601/129/107
f 1594/105/648 1608/128/648 1609/130/648
f 1586/104/531 1602/131/531 1587/106/531
f 1580/108/601 1497/132/601 1595/118/601
f 1504/133/111 1594/105/111 1609/130/111
f 1587/106/602 1603/134/602 1588/110/602
f 1580/108/97 1596/119/97 1581/111/97
f 1588/110/98 1604/120/98 1589/112/98
f 1582/113/604 1596/119/604 1597/121/604
f 1590/114/100 1604/120/100 1605/122/100
f 1583/115/101 1597/121/101 1598/123/101
f 1590/114/102 1606/124/102 1591/116/102
f 1602/131/120 1618/143/120 1603/134/120
f 1596/119/605 1610/141/605 1611/144/605
f 1604/120/122 1618/143/122 1619/145/122
f 1596/119/123 1612/146/123 1597/121/123
f 1605/122/124 1619/145/124 1620/147/124
f 1597/121/125 1613/148/125 1598/123/125
f 1605/122/126 1621/149/126 1606/124/126
f 1598/123/127 1614/150/127 1599/125/127
f 1607/126/128 1621/149/128 1622/151/128
f 1599/125/113 1615/135/113 1600/127/113
f 1608/128/114 1622/151/114 1623/136/114
f 1601/129/115 1615/135/115 1616/137/115
f 1609/130/606 1623/136/606 1624/138/606
f 1602/131/607 1616/137/607 1617/139/607
f 1595/118/118 1497/140/118 1610/141/118
f 1504/142/119 1609/130/119 1624/138/119
f 1621/149/135 1637/158/135 1622/151/135
f 1614/150/136 1630/159/136 1615/135/136
f 1622/151/137 1638/160/137 1623/136/137
f 1616/137/138 1630/159/138 1631/161/138
f 1624/138/608 1638/160/608 1639/162/608
f 1617/139/140 1631/161/140 1632/163/140
f 1610/141/141 1497/164/141 1625/165/141
f 1504/166/142 1624/138/142 1639/162/142
f 1617/139/609 1633/167/609 1618/143/609
f 1610/141/144 1626/168/144 1611/144/144
f 1618/143/129 1634/152/129 1619/145/129
f 1612/146/130 1626/168/130 1627/153/130
f 1620/147/131 1634/152/131 1635/154/131
f 1613/148/132 1627/153/132 1628/155/132
f 1620/147/133 1636/156/133 1621/149/133
f 1613/148/134 1629/157/134 1614/150/134
f 1633/167/153 1649/179/153 1634/152/153
f 1626/168/610 1642/180/610 1627/153/610
f 1635/154/155 1649/179/155 1650/181/155
f 1627/153/156 1643/182/156 1628/155/156
f 1635/154/157 1651/183/157 1636/156/157
f 1628/155/158 1644/184/158 1629/157/158
f 1637/158/159 1651/183/159 1652/185/159
f 1629/157/160 1645/170/160 1630/159/160
f 1638/160/145 1652/185/145 1653/169/145
f 1630/159/146 1646/171/146 1631/161/146
f 1639/162/611 1653/169/611 1654/172/611
f 1632/163/148 1646/171/148 1647/173/148
f 1625/165/612 1497/174/612 1640/175/612
f 1504/176/150 1639/162/150 1654/172/150
f 1632/163/151 1648/177/151 1633/167/151
f 1626/168/152 1640/175/152 1641/178/152
f 1652/185/168 1668/195/168 1653/169/168
f 1646/171/169 1660/194/169 1661/196/169
f 1654/172/170 1668/195/170 1669/197/170
f 1647/173/171 1661/196/171 1662/198/171
f 1640/175/172 1497/199/172 1655/200/172
f 1504/201/173 1654/172/173 1669/197/173
f 1647/173/614 1663/202/614 1648/177/614
f 1641/178/649 1655/200/649 1656/186/649
f 1648/177/176 1664/188/176 1649/179/176
f 1642/180/161 1656/186/161 1657/187/161
f 1650/181/162 1664/188/162 1665/189/162
f 1642/180/163 1658/190/163 1643/182/163
f 1651/183/164 1665/189/164 1666/191/164
f 1643/182/165 1659/192/165 1644/184/165
f 1652/185/166 1666/191/166 1667/193/166
f 1644/184/167 1660/194/167 1645/170/167
f 1656/186/185 1672/214/185 1657/187/185
f 1664/188/186 1680/215/186 1665/189/186
f 1658/190/187 1672/214/187 1673/216/187
f 1665/189/188 1681/217/188 1666/191/188
f 1659/192/189 1673/216/189 1674/218/189
f 1666/191/190 1682/219/190 1667/193/190
f 1659/192/191 1675/203/191 1660/194/191
f 1668/195/192 1682/219/192 1683/205/192
f 1661/196/177 1675/203/177 1676/204/177
f 1669/197/178 1683/205/178 1684/206/178
f 1662/198/179 1676/204/179 1677/207/179
f 1655/200/180 1497/208/180 1670/209/180
f 1504/210/181 1669/197/181 1684/206/181
f 1662/198/615 1678/211/615 1663/202/615
f 1655/200/183 1671/212/183 1656/186/183
f 1663/202/184 1679/213/184 1664/188/184
f 1676/204/200 1690/226/200 1691/228/200
f 1683/205/540 1699/229/540 1684/206/540
f 1677/207/616 1691/228/616 1692/230/616
f 1670/209/203 1497/231/203 1685/232/203
f 1504/233/204 1684/206/204 1699/229/204
f 1677/207/205 1693/234/205 1678/211/205
f 1670/209/206 1686/235/206 1671/212/206
f 1678/211/207 1694/220/207 1679/213/207
f 1672/214/208 1686/235/208 1687/236/208
f 1679/213/193 1695/221/193 1680/215/193
f 1672/214/194 1688/222/194 1673/216/194
f 1680/215/195 1696/223/195 1681/217/195
f 1674/218/196 1688/222/196 1689/224/196
f 1681/217/197 1697/225/197 1682/219/197
f 1675/203/198 1689/224/198 1690/226/198
f 1682/219/199 1698/227/199 1683/205/199
f 1695/221/217 1709/245/217 1710/247/217
f 1687/236/218 1703/248/218 1688/222/218
f 1696/223/219 1710/247/219 1711/249/219
f 1688/222/220 1704/250/220 1689/224/220
f 1697/225/221 1711/249/221 1712/251/221
f 1689/224/222 1705/252/222 1690/226/222
f 1697/225/617 1713/253/617 1698/227/617
f 1691/228/224 1705/252/224 1706/238/224
f 1699/229/209 1713/253/209 1714/237/209
f 1691/228/650 1707/239/650 1692/230/650
f 1685/232/211 1497/240/211 1700/241/211
f 1504/242/212 1699/229/212 1714/237/212
f 1693/234/213 1707/239/213 1708/243/213
f 1685/232/619 1701/244/619 1686/235/619
f 1693/234/215 1709/245/215 1694/220/215
f 1686/235/216 1702/246/216 1687/236/216
f 1714/237/620 1728/259/620 1729/261/620
f 1707/239/232 1721/260/232 1722/262/232
f 1700/241/233 1497/263/233 1715/264/233
f 1504/265/234 1714/237/234 1729/261/234
f 1707/239/235 1723/266/235 1708/243/235
f 1700/241/236 1716/267/236 1701/244/236
f 1708/243/237 1724/268/237 1709/245/237
f 1702/246/238 1716/267/238 1717/269/238
f 1710/247/239 1724/268/239 1725/270/239
f 1703/248/240 1717/269/240 1718/255/240
f 1710/247/225 1726/254/225 1711/249/225
f 1704/250/226 1718/255/226 1719/256/226
f 1711/249/227 1727/257/227 1712/251/227
f 1704/250/228 1720/258/228 1705/252/228
f 1712/251/229 1728/259/229 1713/253/229
f 1706/238/230 1720/258/230 1721/260/230
f 1717/269/248 1733/280/248 1718/255/248
f 1725/270/249 1741/281/249 1726/254/249
f 1719/256/250 1733/280/250 1734/282/250
f 1726/254/251 1742/283/251 1727/257/251
f 1720/258/252 1734/282/252 1735/284/252
f 1728/259/253 1742/283/253 1743/285/253
f 1721/260/254 1735/284/254 1736/286/254
f 1729/261/255 1743/285/255 1744/274/255
f 1722/262/256 1736/286/256 1737/287/256
f 1715/264/241 1497/271/241 1730/272/241
f 1504/273/242 1729/261/242 1744/274/242
f 1722/262/622 1738/275/622 1723/266/622
f 1715/264/244 1731/276/244 1716/267/244
f 1723/266/245 1739/277/245 1724/268/245
f 1716/267/246 1732/278/246 1717/269/246
f 1725/270/247 1739/277/247 1740/279/247
f 1737/287/263 1751/294/263 1752/296/263
f 1730/272/264 1497/297/264 1745/298/264
f 1504/299/265 1744/274/265 1759/295/265
f 1737/287/623 1753/300/623 1738/275/623
f 1730/272/624 1746/301/624 1731/276/624
f 1738/275/268 1754/302/268 1739/277/268
f 1732/278/269 1746/301/269 1747/303/269
f 1740/279/270 1754/302/270 1755/304/270
f 1732/278/271 1748/288/271 1733/280/271
f 1741/281/272 1755/304/272 1756/290/272
f 1733/280/257 1749/289/257 1734/282/257
f 1741/281/258 1757/291/258 1742/283/258
f 1734/282/259 1750/292/259 1735/284/259
f 1742/283/260 1758/293/260 1743/285/260
f 1736/286/261 1750/292/261 1751/294/261
f 1743/285/625 1759/295/625 1744/274/625
f 1755/304/279 1771/312/279 1756/290/279
f 1749/289/280 1763/311/280 1764/313/280
f 1757/291/281 1771/312/281 1772/314/281
f 1750/292/282 1764/313/282 1765/315/282
f 1757/291/283 1773/316/283 1758/293/283
f 1751/294/284 1765/315/284 1766/317/284
f 1758/293/626 1774/318/626 1759/295/626
f 1751/294/286 1767/319/286 1752/296/286
f 1745/298/287 1497/320/287 1760/306/287
f 1504/321/288 1759/295/288 1774/318/288
f 1752/296/651 1768/305/651 1753/300/651
f 1746/301/274 1760/306/274 1761/307/274
f 1753/300/275 1769/308/275 1754/302/275
f 1747/303/276 1761/307/276 1762/309/276
f 1754/302/277 1770/310/277 1755/304/277
f 1747/303/278 1763/311/278 1748/288/278
f 1504/331/296 1774/318/296 1789/327/296
f 1768/305/652 1782/328/652 1783/332/652
f 1760/306/628 1776/333/628 1761/307/628
f 1768/305/299 1784/334/299 1769/308/299
f 1762/309/300 1776/333/300 1777/335/300
f 1770/310/301 1784/334/301 1785/336/301
f 1762/309/302 1778/337/302 1763/311/302
f 1770/310/303 1786/322/303 1771/312/303
f 1764/313/304 1778/337/304 1779/338/304
f 1772/314/289 1786/322/289 1787/323/289
f 1764/313/290 1780/324/290 1765/315/290
f 1773/316/629 1787/323/629 1788/325/629
f 1766/317/292 1780/324/292 1781/326/292
f 1774/318/547 1788/325/547 1789/327/547
f 1767/319/294 1781/326/294 1782/328/294
f 1760/306/295 1497/329/295 1775/330/295
f 1787/323/312 1801/344/312 1802/346/312
f 1779/338/313 1795/347/313 1780/324/313
f 1788/325/314 1802/346/314 1803/348/314
f 1781/326/315 1795/347/315 1796/349/315
f 1789/327/316 1803/348/316 1804/350/316
f 1781/326/317 1797/351/317 1782/328/317
f 1775/330/318 1497/352/318 1790/353/318
f 1504/354/319 1789/327/319 1804/350/319
f 1782/328/320 1798/355/320 1783/332/320
f 1775/330/305 1791/339/305 1776/333/305
f 1783/332/306 1799/340/306 1784/334/306
f 1776/333/307 1792/341/307 1777/335/307
f 1784/334/308 1800/342/308 1785/336/308
f 1777/335/309 1793/343/309 1778/337/309
f 1785/336/310 1801/344/310 1786/322/310
f 1779/338/311 1793/343/311 1794/345/311
f 1791/339/329 1805/362/329 1806/365/329
f 1798/355/330 1814/366/330 1799/340/330
f 1792/341/331 1806/365/331 1807/367/331
f 1799/340/332 1815/368/332 1800/342/332
f 1792/341/333 1808/369/333 1793/343/333
f 1801/344/334 1815/368/334 1816/370/334
f 1794/345/335 1808/369/335 1809/371/335
f 1802/346/336 1816/370/336 1817/372/336
f 1794/345/321 1810/356/321 1795/347/321
f 1802/346/322 1818/357/322 1803/348/322
f 1795/347/323 1811/358/323 1796/349/323
f 1804/350/551 1818/357/551 1819/359/551
f 1796/349/325 1812/360/325 1797/351/325
f 1790/353/326 1497/361/326 1805/362/326
f 1504/363/327 1804/350/327 1819/359/327
f 1797/351/328 1813/364/328 1798/355/328
f 1810/356/344 1824/378/344 1825/380/344
f 1818/357/552 1832/379/552 1833/381/552
f 1811/358/346 1825/380/346 1826/382/346
f 1819/359/347 1833/381/347 1834/383/347
f 1812/360/630 1826/382/630 1827/384/630
f 1805/362/349 1497/385/349 1820/386/349
f 1504/387/350 1819/359/350 1834/383/350
f 1812/360/351 1828/388/351 1813/364/351
f 1806/365/352 1820/386/352 1821/389/352
f 1813/364/337 1829/373/337 1814/366/337
f 1807/367/338 1821/389/338 1822/374/338
f 1815/368/339 1829/373/339 1830/375/339
f 1807/367/340 1823/376/340 1808/369/340
f 1816/370/341 1830/375/341 1831/377/341
f 1809/371/342 1823/376/342 1824/378/342
f 1817/372/343 1831/377/343 1832/379/343
f 1828/388/361 1844/400/361 1829/373/361
f 1821/389/362 1837/401/362 1822/374/362
f 1829/373/363 1845/402/363 1830/375/363
f 1823/376/364 1837/401/364 1838/403/364
f 1830/375/365 1846/404/365 1831/377/365
f 1824/378/366 1838/403/366 1839/405/366
f 1831/377/367 1847/406/367 1832/379/367
f 1825/380/368 1839/405/368 1840/391/368
f 1833/381/353 1847/406/353 1848/390/353
f 1826/382/354 1840/391/354 1841/392/354
f 1834/383/355 1848/390/355 1849/393/355
f 1827/384/356 1841/392/356 1842/394/356
f 1820/386/632 1497/395/632 1835/396/632
f 1504/397/358 1834/383/358 1849/393/358
f 1827/384/359 1843/398/359 1828/388/359
f 1821/389/360 1835/396/360 1836/399/360
f 1847/406/375 1863/414/375 1848/390/375
f 1841/392/376 1855/413/376 1856/415/376
f 1848/390/634 1864/416/634 1849/393/634
f 1842/394/556 1856/415/556 1857/417/556
f 1835/396/379 1497/418/379 1850/419/379
f 1504/420/380 1849/393/380 1864/416/380
f 1842/394/557 1858/421/557 1843/398/557
f 1836/399/635 1850/419/635 1851/422/635
f 1843/398/383 1859/407/383 1844/400/383
f 1837/401/384 1851/422/384 1852/423/384
f 1845/402/369 1859/407/369 1860/408/369
f 1837/401/370 1853/409/370 1838/403/370
f 1845/402/371 1861/410/371 1846/404/371
f 1838/403/372 1854/411/372 1839/405/372
f 1846/404/373 1862/412/373 1847/406/373
f 1839/405/374 1855/413/374 1840/391/374
f 1852/440/392 1866/436/392 1867/441/392
f 1860/442/393 1874/438/393 1875/443/393
f 1852/440/394 1868/444/394 1853/445/394
f 1860/442/395 1876/446/395 1861/447/395
f 1854/448/396 1868/444/396 1869/449/396
f 1862/450/397 1876/446/397 1877/451/397
f 1854/448/398 1870/452/398 1855/453/398
f 1863/424/399 1877/451/399 1878/454/399
f 1856/455/400 1870/452/400 1871/428/400
f 1864/426/385 1878/454/385 1879/425/385
f 1857/427/558 1871/428/558 1872/429/558
f 1850/430/387 1497/431/387 1865/432/387
f 1504/433/388 1864/426/388 1879/425/388
f 1857/427/389 1873/434/389 1858/435/389
f 1850/430/390 1866/436/390 1851/437/390
f 1858/435/391 1874/438/391 1859/439/391
f 1871/428/407 1885/460/407 1886/462/407
f 1879/425/408 1893/461/408 1894/463/408
f 1872/429/409 1886/462/409 1887/464/409
f 1865/432/637 1497/465/637 1880/466/637
f 1504/467/411 1879/425/411 1894/463/411
f 1872/429/412 1888/468/412 1873/434/412
f 1866/436/413 1880/466/413 1881/469/413
f 1873/434/414 1889/470/414 1874/438/414
f 1866/436/415 1882/471/415 1867/441/415
f 1874/438/416 1890/472/416 1875/443/416
f 1867/441/401 1883/456/401 1868/444/401
f 1876/446/402 1890/472/402 1891/457/402
f 1868/444/403 1884/458/403 1869/449/403
f 1877/451/404 1891/457/404 1892/459/404
f 1870/452/653 1884/458/653 1885/460/653
f 1877/451/406 1893/461/406 1878/454/406
f 1890/472/424 1904/481/424 1905/483/424
f 1882/471/425 1898/484/425 1883/456/425
f 1890/472/426 1906/485/426 1891/457/426
f 1884/458/427 1898/484/427 1899/486/427
f 1891/457/428 1907/487/428 1892/459/428
f 1884/458/429 1900/488/429 1885/460/429
f 1892/459/560 1908/489/560 1893/461/560
f 1886/462/431 1900/488/431 1901/473/431
f 1893/461/432 1909/478/432 1894/463/432
f 1886/462/417 1902/474/417 1887/464/417
f 1880/466/418 1497/475/418 1895/476/418
f 1504/477/419 1894/463/419 1909/478/419
f 1887/464/420 1903/479/420 1888/468/420
f 1881/469/421 1895/476/421 1896/480/421
f 1888/468/422 1904/481/422 1889/470/422
f 1882/471/423 1896/480/423 1897/482/423
f 1909/478/439 1923/495/439 1924/497/439
f 1902/474/440 1916/496/440 1917/498/440
f 1895/476/441 1497/499/441 1910/500/441
f 1504/501/442 1909/478/442 1924/497/442
f 1903/479/443 1917/498/443 1918/502/443
f 1896/480/444 1910/500/444 1911/503/444
f 1903/479/445 1919/504/445 1904/481/445
f 1896/480/446 1912/505/446 1897/482/446
f 1904/481/447 1920/506/447 1905/483/447
f 1897/482/448 1913/491/448 1898/484/448
f 1906/485/433 1920/506/433 1921/490/433
f 1898/484/434 1914/492/434 1899/486/434
f 1907/487/435 1921/490/435 1922/493/435
f 1899/486/436 1915/494/436 1900/488/436
f 1908/489/437 1922/493/437 1923/495/437
f 1901/473/438 1915/494/438 1916/496/438
f 1921/490/457 1935/515/457 1936/517/457
f 1914/492/458 1928/516/458 1929/518/458
f 1922/493/459 1936/517/459 1937/519/459
f 1914/492/460 1930/520/460 1915/494/460
f 1923/495/461 1937/519/461 1938/521/461
f 1916/496/462 1930/520/462 1931/522/462
f 1923/495/463 1939/510/463 1924/497/463
f 1916/496/641 1932/523/641 1917/498/641
f 1910/500/449 1497/507/449 1925/508/449
f 1504/509/450 1924/497/450 1939/510/450
f 1917/498/451 1933/511/451 1918/502/451
f 1911/503/452 1925/508/452 1926/512/452
f 1918/502/453 1934/513/453 1919/504/453
f 1911/503/454 1927/514/454 1912/505/454
f 1920/506/455 1934/513/455 1935/515/455
f 1912/505/456 1928/516/456 1913/491/456
f 1925/508/472 1497/533/472 1940/534/472
f 1504/535/473 1939/510/473 1954/531/473
f 1932/523/474 1948/536/474 1933/511/474
f 1925/508/475 1941/537/475 1926/512/475
f 1933/511/476 1949/538/476 1934/513/476
f 1927/514/565 1941/537/565 1942/539/565
f 1935/515/478 1949/538/478 1950/540/478
f 1927/514/479 1943/524/479 1928/516/479
f 1936/517/480 1950/540/480 1951/526/480
f 1928/516/465 1944/525/465 1929/518/465
f 1936/517/466 1952/527/466 1937/519/466
f 1929/518/467 1945/528/467 1930/520/467
f 1937/519/566 1953/529/566 1938/521/566
f 1931/522/469 1945/528/469 1946/530/469
f 1938/521/567 1954/531/567 1939/510/567
f 1931/522/471 1947/532/471 1932/523/471
f 1944/525/488 1958/546/488 1959/548/488
f 1952/527/489 1966/547/489 1967/549/489
f 1944/525/490 1960/550/490 1945/528/490
f 1952/527/491 1968/551/491 1953/529/491
f 1945/528/492 1961/552/492 1946/530/492
f 1954/531/642 1968/551/642 1969/553/642
f 1946/530/494 1962/554/494 1947/532/494
f 1940/534/495 1497/555/495 1955/556/495
f 1504/557/496 1954/531/496 1969/553/496
f 1947/532/481 1963/541/481 1948/536/481
f 1940/534/482 1956/542/482 1941/537/482
f 1949/538/483 1963/541/483 1964/543/483
f 1941/537/484 1957/544/484 1942/539/484
f 1950/540/643 1964/543/643 1965/545/643
f 1942/539/486 1958/546/486 1943/524/486
f 1950/540/487 1966/547/487 1951/526/487
f 1962/554/505 1502/20/505 1963/541/505
f 1955/556/506 1971/21/506 1956/542/506
f 1964/543/507 1502/20/507 1974/24/507
f 1956/542/508 1498/25/508 1957/544/508
f 1965/545/509 1974/24/509 1503/28/509
f 1958/546/510 1498/25/510 1972/29/510
f 1965/545/511 1975/1/511 1966/547/511
f 1959/548/512 1972/29/512 1499/32/512
f 1966/547/497 1976/3/497 1967/549/497
f 1959/548/498 1973/4/498 1960/550/498
f 1967/549/499 1977/8/499 1968/551/499
f 1961/552/500 1973/4/500 1500/9/500
f 1968/551/501 1978/12/501 1969/553/501
f 1962/554/645 1500/9/645 1501/14/645
f 1955/556/503 1497/558/503 1970/15/503
f 1504/559/504 1969/553/504 1978/12/504
f 1501/14/9 1512/13/9 1513/19/9
f 1971/21/10 1970/15/10 1505/17/10
f 1502/20/11 1513/19/11 1514/23/11
f 1498/25/12 1971/21/12 1506/22/12
f 1974/24/13 1514/23/13 1515/27/13
f 1498/25/14 1507/26/14 1508/30/14
f 1503/28/15 1515/27/15 1516/31/15
f 1499/32/16 1972/29/16 1508/30/16
f 1975/1/1 1516/31/1 1517/2/1
f 1499/32/2 1509/5/2 1510/6/2
f 1976/3/3 1517/2/3 1518/7/3
f 1500/9/4 1973/4/4 1510/6/4
f 1977/8/5 1518/7/5 1519/11/5
f 1500/9/514 1511/10/514 1512/13/514
f 1519/11/24 1518/7/24 1533/38/24
f 1511/10/25 1526/39/25 1527/41/25
f 1513/19/516 1512/13/516 1527/41/516
f 1505/17/517 1520/43/517 1521/46/517
f 1513/19/30 1528/45/30 1529/47/30
f 1507/26/31 1506/22/31 1521/46/31
f 1515/27/32 1514/23/32 1529/47/32
f 1507/26/17 1522/48/17 1523/33/17
f 1515/27/18 1530/49/18 1531/34/18
f 1509/5/19 1508/30/19 1523/33/19
f 1517/2/20 1516/31/20 1531/34/20
f 1509/5/21 1524/35/21 1525/37/21
f 1517/2/22 1532/36/22 1533/38/22
f 1511/10/23 1510/6/23 1525/37/23
f 1522/48/41 1537/58/41 1538/60/41
f 1530/49/42 1545/59/42 1546/61/42
f 1524/35/43 1523/33/43 1538/60/43
f 1531/34/44 1546/61/44 1547/63/44
f 1524/35/45 1539/62/45 1540/64/45
f 1532/36/46 1547/63/46 1548/65/46
f 1526/39/47 1525/37/47 1540/64/47
f 1533/38/596 1548/65/596 1549/54/596
f 1526/39/33 1541/66/33 1542/50/33
f 1528/45/36 1527/41/36 1542/50/36
f 1520/43/716 1535/52/716 1536/56/716
f 1528/45/38 1543/55/38 1544/57/38
f 1522/48/39 1521/46/39 1536/56/39
f 1530/49/40 1529/47/40 1544/57/40
f 1541/66/56 1556/72/56 1557/74/56
f 1543/55/59 1542/50/59 1557/74/59
f 1535/52/691 1550/76/691 1551/79/691
f 1544/57/61 1543/55/61 1558/78/61
f 1536/56/62 1551/79/62 1552/81/62
f 1545/59/63 1544/57/63 1559/80/63
f 1537/58/64 1552/81/64 1553/83/64
f 1545/59/49 1560/82/49 1561/67/49
f 1538/60/50 1553/83/50 1554/68/50
f 1547/63/51 1546/61/51 1561/67/51
f 1539/62/52 1554/68/52 1555/70/52
f 1548/65/53 1547/63/53 1562/69/53
f 1540/64/54 1555/70/54 1556/72/54
f 1549/54/55 1548/65/55 1563/71/55
f 1561/67/72 1560/82/72 1575/90/72
f 1554/68/73 1553/83/73 1568/91/73
f 1562/69/74 1561/67/74 1576/92/74
f 1554/68/75 1569/93/75 1570/95/75
f 1562/69/76 1577/94/76 1578/96/76
f 1555/70/77 1570/95/77 1571/97/77
f 1564/73/526 1563/71/526 1578/96/526
f 1557/74/79 1556/72/79 1571/97/79
f 1557/74/66 1572/98/66 1573/86/66
f 1551/79/718 1550/76/718 1565/100/718
f 1559/80/68 1558/78/68 1573/86/68
f 1551/79/69 1566/87/69 1567/89/69
f 1559/80/70 1574/88/70 1575/90/70
f 1552/81/71 1567/89/71 1568/91/71
f 1572/98/719 1587/106/719 1588/110/719
f 1565/100/693 1580/108/693 1581/111/693
f 1573/86/91 1588/110/91 1589/112/91
f 1566/87/92 1581/111/92 1582/113/92
f 1575/90/93 1574/88/93 1589/112/93
f 1567/89/94 1582/113/94 1583/115/94
f 1576/92/95 1575/90/95 1590/114/95
f 1569/93/96 1568/91/96 1583/115/96
f 1577/94/81 1576/92/81 1591/116/81
f 1569/93/82 1584/117/82 1585/102/82
f 1578/96/528 1577/94/528 1592/101/528
f 1571/97/84 1570/95/84 1585/102/84
f 1579/85/720 1578/96/720 1593/103/720
f 1572/98/86 1571/97/86 1586/104/86
f 1584/117/103 1583/115/103 1598/123/103
f 1591/116/104 1606/124/104 1607/126/104
f 1584/117/105 1599/125/105 1600/127/105
f 1592/101/722 1607/126/722 1608/128/722
f 1586/104/107 1585/102/107 1600/127/107
f 1594/105/108 1593/103/108 1608/128/108
f 1586/104/109 1601/129/109 1602/131/109
f 1587/106/112 1602/131/112 1603/134/112
f 1580/108/603 1595/118/603 1596/119/603
f 1588/110/98 1603/134/98 1604/120/98
f 1582/113/99 1581/111/99 1596/119/99
f 1590/114/100 1589/112/100 1604/120/100
f 1583/115/101 1582/113/101 1597/121/101
f 1590/114/102 1605/122/102 1606/124/102
f 1602/131/694 1617/139/694 1618/143/694
f 1596/119/121 1595/118/121 1610/141/121
f 1604/120/122 1603/134/122 1618/143/122
f 1596/119/123 1611/144/123 1612/146/123
f 1605/122/124 1604/120/124 1619/145/124
f 1597/121/125 1612/146/125 1613/148/125
f 1605/122/126 1620/147/126 1621/149/126
f 1598/123/127 1613/148/127 1614/150/127
f 1607/126/128 1606/124/128 1621/149/128
f 1599/125/113 1614/150/113 1615/135/113
f 1608/128/114 1607/126/114 1622/151/114
f 1601/129/115 1600/127/115 1615/135/115
f 1609/130/116 1608/128/116 1623/136/116
f 1602/131/117 1601/129/117 1616/137/117
f 1621/149/135 1636/156/135 1637/158/135
f 1614/150/136 1629/157/136 1630/159/136
f 1622/151/137 1637/158/137 1638/160/137
f 1616/137/138 1615/135/138 1630/159/138
f 1624/138/139 1623/136/139 1638/160/139
f 1617/139/723 1616/137/723 1631/161/723
f 1617/139/143 1632/163/143 1633/167/143
f 1610/141/739 1625/165/739 1626/168/739
f 1618/143/129 1633/167/129 1634/152/129
f 1612/146/130 1611/144/130 1626/168/130
f 1620/147/131 1619/145/131 1634/152/131
f 1613/148/132 1612/146/132 1627/153/132
f 1620/147/133 1635/154/133 1636/156/133
f 1613/148/134 1628/155/134 1629/157/134
f 1633/167/153 1648/177/153 1649/179/153
f 1626/168/154 1641/178/154 1642/180/154
f 1635/154/155 1634/152/155 1649/179/155
f 1627/153/156 1642/180/156 1643/182/156
f 1635/154/157 1650/181/157 1651/183/157
f 1628/155/158 1643/182/158 1644/184/158
f 1637/158/159 1636/156/159 1651/183/159
f 1629/157/160 1644/184/160 1645/170/160
f 1638/160/740 1637/158/740 1652/185/740
f 1630/159/146 1645/170/146 1646/171/146
f 1639/162/147 1638/160/147 1653/169/147
f 1632/163/148 1631/161/148 1646/171/148
f 1632/163/151 1647/173/151 1648/177/151
f 1626/168/724 1625/165/724 1640/175/724
f 1652/185/535 1667/193/535 1668/195/535
f 1646/171/169 1645/170/169 1660/194/169
f 1654/172/170 1653/169/170 1668/195/170
f 1647/173/726 1646/171/726 1661/196/726
f 1647/173/174 1662/198/174 1663/202/174
f 1641/178/697 1640/175/697 1655/200/697
f 1648/177/176 1663/202/176 1664/188/176
f 1642/180/687 1641/178/687 1656/186/687
f 1650/181/162 1649/179/162 1664/188/162
f 1642/180/163 1657/187/163 1658/190/163
f 1651/183/164 1650/181/164 1665/189/164
f 1643/182/165 1658/190/165 1659/192/165
f 1652/185/166 1651/183/166 1666/191/166
f 1644/184/167 1659/192/167 1660/194/167
f 1656/186/185 1671/212/185 1672/214/185
f 1664/188/186 1679/213/186 1680/215/186
f 1658/190/187 1657/187/187 1672/214/187
f 1665/189/188 1680/215/188 1681/217/188
f 1659/192/189 1658/190/189 1673/216/189
f 1666/191/190 1681/217/190 1682/219/190
f 1659/192/191 1674/218/191 1675/203/191
f 1668/195/192 1667/193/192 1682/219/192
f 1661/196/177 1660/194/177 1675/203/177
f 1669/197/727 1668/195/727 1683/205/727
f 1662/198/539 1661/196/539 1676/204/539
f 1662/198/182 1677/207/182 1678/211/182
f 1655/200/183 1670/209/183 1671/212/183
f 1663/202/184 1678/211/184 1679/213/184
f 1676/204/200 1675/203/200 1690/226/200
f 1683/205/201 1698/227/201 1699/229/201
f 1677/207/202 1676/204/202 1691/228/202
f 1677/207/698 1692/230/698 1693/234/698
f 1670/209/206 1685/232/206 1686/235/206
f 1678/211/207 1693/234/207 1694/220/207
f 1672/214/208 1671/212/208 1686/235/208
f 1679/213/193 1694/220/193 1695/221/193
f 1672/214/194 1687/236/194 1688/222/194
f 1680/215/195 1695/221/195 1696/223/195
f 1674/218/196 1673/216/196 1688/222/196
f 1681/217/197 1696/223/197 1697/225/197
f 1675/203/198 1674/218/198 1689/224/198
f 1682/219/199 1697/225/199 1698/227/199
f 1695/221/217 1694/220/217 1709/245/217
f 1687/236/218 1702/246/218 1703/248/218
f 1696/223/219 1695/221/219 1710/247/219
f 1688/222/220 1703/248/220 1704/250/220
f 1697/225/221 1696/223/221 1711/249/221
f 1689/224/222 1704/250/222 1705/252/222
f 1697/225/223 1712/251/223 1713/253/223
f 1691/228/224 1690/226/224 1705/252/224
f 1699/229/728 1698/227/728 1713/253/728
f 1691/228/210 1706/238/210 1707/239/210
f 1693/234/741 1692/230/741 1707/239/741
f 1685/232/214 1700/241/214 1701/244/214
f 1693/234/215 1708/243/215 1709/245/215
f 1686/235/729 1701/244/729 1702/246/729
f 1714/237/231 1713/253/231 1728/259/231
f 1707/239/232 1706/238/232 1721/260/232
f 1707/239/235 1722/262/235 1723/266/235
f 1700/241/542 1715/264/542 1716/267/542
f 1708/243/237 1723/266/237 1724/268/237
f 1702/246/730 1701/244/730 1716/267/730
f 1710/247/239 1709/245/239 1724/268/239
f 1703/248/240 1702/246/240 1717/269/240
f 1710/247/225 1725/270/225 1726/254/225
f 1704/250/226 1703/248/226 1718/255/226
f 1711/249/227 1726/254/227 1727/257/227
f 1704/250/228 1719/256/228 1720/258/228
f 1712/251/229 1727/257/229 1728/259/229
f 1706/238/230 1705/252/230 1720/258/230
f 1717/269/248 1732/278/248 1733/280/248
f 1725/270/249 1740/279/249 1741/281/249
f 1719/256/250 1718/255/250 1733/280/250
f 1726/254/251 1741/281/251 1742/283/251
f 1720/258/252 1719/256/252 1734/282/252
f 1728/259/253 1727/257/253 1742/283/253
f 1721/260/254 1720/258/254 1735/284/254
f 1729/261/255 1728/259/255 1743/285/255
f 1722/262/731 1721/260/731 1736/286/731
f 1722/262/243 1737/287/243 1738/275/243
f 1715/264/244 1730/272/244 1731/276/244
f 1723/266/245 1738/275/245 1739/277/245
f 1716/267/246 1731/276/246 1732/278/246
f 1725/270/247 1724/268/247 1739/277/247
f 1737/287/263 1736/286/263 1751/294/263
f 1737/287/623 1752/296/623 1753/300/623
f 1730/272/267 1745/298/267 1746/301/267
f 1738/275/268 1753/300/268 1754/302/268
f 1732/278/269 1731/276/269 1746/301/269
f 1740/279/270 1739/277/270 1754/302/270
f 1732/278/271 1747/303/271 1748/288/271
f 1741/281/272 1740/279/272 1755/304/272
f 1733/280/257 1748/288/257 1749/289/257
f 1741/281/258 1756/290/258 1757/291/258
f 1734/282/259 1749/289/259 1750/292/259
f 1742/283/260 1757/291/260 1758/293/260
f 1736/286/261 1735/284/261 1750/292/261
f 1743/285/262 1758/293/262 1759/295/262
f 1755/304/279 1770/310/279 1771/312/279
f 1749/289/280 1748/288/280 1763/311/280
f 1757/291/281 1756/290/281 1771/312/281
f 1750/292/282 1749/289/282 1764/313/282
f 1757/291/283 1772/314/283 1773/316/283
f 1751/294/284 1750/292/284 1765/315/284
f 1758/293/285 1773/316/285 1774/318/285
f 1751/294/286 1766/317/286 1767/319/286
f 1752/296/273 1767/319/273 1768/305/273
f 1746/301/274 1745/298/274 1760/306/274
f 1753/300/275 1768/305/275 1769/308/275
f 1747/303/276 1746/301/276 1761/307/276
f 1754/302/277 1769/308/277 1770/310/277
f 1747/303/278 1762/309/278 1763/311/278
f 1768/305/297 1767/319/297 1782/328/297
f 1760/306/701 1775/330/701 1776/333/701
f 1768/305/299 1783/332/299 1784/334/299
f 1762/309/546 1761/307/546 1776/333/546
f 1770/310/301 1769/308/301 1784/334/301
f 1762/309/302 1777/335/302 1778/337/302
f 1770/310/303 1785/336/303 1786/322/303
f 1764/313/304 1763/311/304 1778/337/304
f 1772/314/289 1771/312/289 1786/322/289
f 1764/313/290 1779/338/290 1780/324/290
f 1773/316/291 1772/314/291 1787/323/291
f 1766/317/292 1765/315/292 1780/324/292
f 1774/318/293 1773/316/293 1788/325/293
f 1767/319/742 1766/317/742 1781/326/742
f 1787/323/312 1786/322/312 1801/344/312
f 1779/338/313 1794/345/313 1795/347/313
f 1788/325/314 1787/323/314 1802/346/314
f 1781/326/315 1780/324/315 1795/347/315
f 1789/327/316 1788/325/316 1803/348/316
f 1781/326/317 1796/349/317 1797/351/317
f 1782/328/320 1797/351/320 1798/355/320
f 1775/330/703 1790/353/703 1791/339/703
f 1783/332/306 1798/355/306 1799/340/306
f 1776/333/307 1791/339/307 1792/341/307
f 1784/334/308 1799/340/308 1800/342/308
f 1777/335/309 1792/341/309 1793/343/309
f 1785/336/310 1800/342/310 1801/344/310
f 1779/338/311 1778/337/311 1793/343/311
f 1791/339/329 1790/353/329 1805/362/329
f 1798/355/330 1813/364/330 1814/366/330
f 1792/341/331 1791/339/331 1806/365/331
f 1799/340/332 1814/366/332 1815/368/332
f 1792/341/333 1807/367/333 1808/369/333
f 1801/344/334 1800/342/334 1815/368/334
f 1794/345/335 1793/343/335 1808/369/335
f 1802/346/336 1801/344/336 1816/370/336
f 1794/345/321 1809/371/321 1810/356/321
f 1802/346/322 1817/372/322 1818/357/322
f 1795/347/323 1810/356/323 1811/358/323
f 1804/350/551 1803/348/551 1818/357/551
f 1796/349/325 1811/358/325 1812/360/325
f 1797/351/328 1812/360/328 1813/364/328
f 1810/356/344 1809/371/344 1824/378/344
f 1818/357/345 1817/372/345 1832/379/345
f 1811/358/346 1810/356/346 1825/380/346
f 1819/359/347 1818/357/347 1833/381/347
f 1812/360/348 1811/358/348 1826/382/348
f 1812/360/732 1827/384/732 1828/388/732
f 1806/365/733 1805/362/733 1820/386/733
f 1813/364/337 1828/388/337 1829/373/337
f 1807/367/554 1806/365/554 1821/389/554
f 1815/368/339 1814/366/339 1829/373/339
f 1807/367/340 1822/374/340 1823/376/340
f 1816/370/341 1815/368/341 1830/375/341
f 1809/371/342 1808/369/342 1823/376/342
f 1817/372/343 1816/370/343 1831/377/343
f 1828/388/361 1843/398/361 1844/400/361
f 1821/389/362 1836/399/362 1837/401/362
f 1829/373/363 1844/400/363 1845/402/363
f 1823/376/364 1822/374/364 1837/401/364
f 1830/375/365 1845/402/365 1846/404/365
f 1824/378/366 1823/376/366 1838/403/366
f 1831/377/367 1846/404/367 1847/406/367
f 1825/380/368 1824/378/368 1839/405/368
f 1833/381/353 1832/379/353 1847/406/353
f 1826/382/354 1825/380/354 1840/391/354
f 1834/383/355 1833/381/355 1848/390/355
f 1827/384/356 1826/382/356 1841/392/356
f 1827/384/359 1842/394/359 1843/398/359
f 1821/389/633 1820/386/633 1835/396/633
f 1847/406/375 1862/412/375 1863/414/375
f 1841/392/376 1840/391/376 1855/413/376
f 1848/390/377 1863/414/377 1864/416/377
f 1842/394/378 1841/392/378 1856/415/378
f 1842/394/381 1857/417/381 1858/421/381
f 1836/399/382 1835/396/382 1850/419/382
f 1843/398/383 1858/421/383 1859/407/383
f 1837/401/384 1836/399/384 1851/422/384
f 1845/402/369 1844/400/369 1859/407/369
f 1837/401/370 1852/423/370 1853/409/370
f 1845/402/371 1860/408/371 1861/410/371
f 1838/403/372 1853/409/372 1854/411/372
f 1846/404/373 1861/410/373 1862/412/373
f 1839/405/374 1854/411/374 1855/413/374
f 1852/440/392 1851/437/392 1866/436/392
f 1860/442/393 1859/439/393 1874/438/393
f 1852/440/394 1867/441/394 1868/444/394
f 1860/442/395 1875/443/395 1876/446/395
f 1854/448/396 1853/445/396 1868/444/396
f 1862/450/397 1861/447/397 1876/446/397
f 1854/448/398 1869/449/398 1870/452/398
f 1863/424/399 1862/450/399 1877/451/399
f 1856/455/400 1855/453/400 1870/452/400
f 1864/426/385 1863/424/385 1878/454/385
f 1857/427/558 1856/455/558 1871/428/558
f 1857/427/389 1872/429/389 1873/434/389
f 1850/430/390 1865/432/390 1866/436/390
f 1858/435/391 1873/434/391 1874/438/391
f 1871/428/407 1870/452/407 1885/460/407
f 1879/425/408 1878/454/408 1893/461/408
f 1872/429/409 1871/428/409 1886/462/409
f 1872/429/412 1887/464/412 1888/468/412
f 1866/436/734 1865/432/734 1880/466/734
f 1873/434/414 1888/468/414 1889/470/414
f 1866/436/415 1881/469/415 1882/471/415
f 1874/438/416 1889/470/416 1890/472/416
f 1867/441/401 1882/471/401 1883/456/401
f 1876/446/402 1875/443/402 1890/472/402
f 1868/444/403 1883/456/403 1884/458/403
f 1877/451/404 1876/446/404 1891/457/404
f 1870/452/405 1869/449/405 1884/458/405
f 1877/451/406 1892/459/406 1893/461/406
f 1890/472/424 1889/470/424 1904/481/424
f 1882/471/425 1897/482/425 1898/484/425
f 1890/472/426 1905/483/426 1906/485/426
f 1884/458/427 1883/456/427 1898/484/427
f 1891/457/428 1906/485/428 1907/487/428
f 1884/458/429 1899/486/429 1900/488/429
f 1892/459/430 1907/487/430 1908/489/430
f 1886/462/431 1885/460/431 1900/488/431
f 1893/461/432 1908/489/432 1909/478/432
f 1886/462/562 1901/473/562 1902/474/562
f 1887/464/638 1902/474/638 1903/479/638
f 1881/469/735 1880/466/735 1895/476/735
f 1888/468/422 1903/479/422 1904/481/422
f 1882/471/563 1881/469/563 1896/480/563
f 1909/478/439 1908/489/439 1923/495/439
f 1902/474/440 1901/473/440 1916/496/440
f 1903/479/443 1902/474/443 1917/498/443
f 1896/480/444 1895/476/444 1910/500/444
f 1903/479/445 1918/502/445 1919/504/445
f 1896/480/446 1911/503/446 1912/505/446
f 1904/481/447 1919/504/447 1920/506/447
f 1897/482/448 1912/505/448 1913/491/448
f 1906/485/433 1905/483/433 1920/506/433
f 1898/484/434 1913/491/434 1914/492/434
f 1907/487/435 1906/485/435 1921/490/435
f 1899/486/436 1914/492/436 1915/494/436
f 1908/489/437 1907/487/437 1922/493/437
f 1901/473/438 1900/488/438 1915/494/438
f 1921/490/457 1920/506/457 1935/515/457
f 1914/492/458 1913/491/458 1928/516/458
f 1922/493/459 1921/490/459 1936/517/459
f 1914/492/460 1929/518/460 1930/520/460
f 1923/495/461 1922/493/461 1937/519/461
f 1916/496/462 1915/494/462 1930/520/462
f 1923/495/640 1938/521/640 1939/510/640
f 1916/496/464 1931/522/464 1932/523/464
f 1917/498/451 1932/523/451 1933/511/451
f 1911/503/736 1910/500/736 1925/508/736
f 1918/502/453 1933/511/453 1934/513/453
f 1911/503/454 1926/512/454 1927/514/454
f 1920/506/455 1919/504/455 1934/513/455
f 1912/505/456 1927/514/456 1928/516/456
f 1932/523/474 1947/532/474 1948/536/474
f 1925/508/475 1940/534/475 1941/537/475
f 1933/511/476 1948/536/476 1949/538/476
f 1927/514/565 1926/512/565 1941/537/565
f 1935/515/478 1934/513/478 1949/538/478
f 1927/514/479 1942/539/479 1943/524/479
f 1936/517/480 1935/515/480 1950/540/480
f 1928/516/465 1943/524/465 1944/525/465
f 1936/517/466 1951/526/466 1952/527/466
f 1929/518/467 1944/525/467 1945/528/467
f 1937/519/468 1952/527/468 1953/529/468
f 1931/522/469 1930/520/469 1945/528/469
f 1938/521/470 1953/529/470 1954/531/470
f 1931/522/471 1946/530/471 1947/532/471
f 1944/525/488 1943/524/488 1958/546/488
f 1952/527/489 1951/526/489 1966/547/489
f 1944/525/737 1959/548/737 1960/550/737
f 1952/527/491 1967/549/491 1968/551/491
f 1945/528/492 1960/550/492 1961/552/492
f 1954/531/493 1953/529/493 1968/551/493
f 1946/530/494 1961/552/494 1962/554/494
f 1947/532/481 1962/554/481 1963/541/481
f 1940/534/569 1955/556/569 1956/542/569
f 1949/538/483 1948/536/483 1963/541/483
f 1941/537/484 1956/542/484 1957/544/484
f 1950/540/485 1949/538/485 1964/543/485
f 1942/539/486 1957/544/486 1958/546/486
f 1950/540/487 1965/545/487 1966/547/487
f 1962/554/709 1501/14/709 1502/20/709
f 1955/556/644 1970/15/644 1971/21/644
f 1964/543/507 1963/541/507 1502/20/507
f 1956/542/508 1971/21/508 1498/25/508
f 1965/545/509 1964/543/509 1974/24/509
f 1958/546/510 1957/544/510 1498/25/510
f 1965/545/511 1503/28/511 1975/1/511
f 1959/548/512 1958/546/512 1972/29/512
f 1966/547/497 1975/1/497 1976/3/497
f 1959/548/498 1499/32/498 1973/4/498
f 1967/549/499 1976/3/499 1977/8/499
f 1961/552/500 1960/550/500 1973/4/500
f 1968/551/738 1977/8/738 1978/12/738
f 1962/554/502 1961/552/502 1500/9/502
usemtl マテリアル
f 1980/601/654 1981/602/654 1979/427/654
f 1982/603/655 1983/604/655 1981/602/655
f 1984/605/656 1985/606/656 1983/604/656
f 1986/607/657 1987/592/657 1985/606/657
f 1988/608/658 1989/609/658 1987/592/658
f 1990/610/659 1991/611/659 1989/609/659
f 1992/612/660 1993/613/660 1991/611/660
f 1994/614/661 1995/14/661 1993/613/661
f 1996/615/662 1997/13/662 1995/14/662
f 1998/616/663 1999/41/663 1997/13/663
f 2000/617/664 2001/50/664 1999/41/664
f 2002/618/665 2003/74/665 2001/50/665
f 2004/619/666 2005/98/666 2003/74/666
f 2006/620/667 2007/106/667 2005/98/667
f 2008/561/668 2009/131/668 2007/106/668
f 2010/621/669 2011/598/669 2009/131/669
f 2012/600/670 2013/622/670 2011/598/670
f 2014/623/671 2015/572/671 2013/622/671
f 2016/568/672 2017/624/672 2015/572/672
f 2018/625/673 2019/590/673 2017/624/673
f 2020/597/674 2021/626/674 2019/590/674
f 2022/627/675 2023/628/675 2021/626/675
f 2024/629/676 2025/630/676 2023/628/676
f 2026/631/677 2027/632/677 2025/630/677
f 2028/633/678 2029/634/678 2027/632/678
f 2030/635/679 2031/636/679 2029/634/679
f 2032/637/680 2033/638/680 2031/636/680
f 2033/638/681 2036/639/681 2035/591/681
f 2036/639/682 2037/640/682 2035/591/682
f 2038/641/683 2039/642/683 2037/640/683
f 2016/643/577 2000/644/577 1984/645/577
f 2040/646/684 2041/647/684 2039/642/684
f 2042/648/685 1979/417/685 2041/647/685
f 2009/649/579 2025/650/579 2041/651/579
f 1980/601/654 1982/603/654 1981/602/654
f 1982/603/655 1984/605/655 1983/604/655
f 1984/605/656 1986/607/656 1985/606/656
f 1986/607/657 1988/608/657 1987/592/657
f 1988/608/658 1990/610/658 1989/609/658
f 1990/610/659 1992/612/659 1991/611/659
f 1992/612/660 1994/614/660 1993/613/660
f 1994/614/661 1996/615/661 1995/14/661
f 1996/615/662 1998/616/662 1997/13/662
f 1998/616/663 2000/617/663 1999/41/663
f 2000/617/664 2002/618/664 2001/50/664
f 2002/618/665 2004/619/665 2003/74/665
f 2004/619/666 2006/620/666 2005/98/666
f 2006/620/667 2008/561/667 2007/106/667
f 2008/561/668 2010/621/668 2009/131/668
f 2010/621/669 2012/600/669 2011/598/669
f 2012/600/670 2014/623/670 2013/622/670
f 2014/623/671 2016/568/671 2015/572/671
f 2016/568/672 2018/625/672 2017/624/672
f 2018/625/673 2020/597/673 2019/590/673
f 2020/597/674 2022/627/674 2021/626/674
f 2022/627/675 2024/629/675 2023/628/675
f 2024/629/676 2026/631/676 2025/630/676
f 2026/631/677 2028/633/677 2027/632/677
f 2028/633/678 2030/635/678 2029/634/678
f 2030/635/679 2032/637/679 2031/636/679
f 2032/637/680 2034/654/680 2033/638/680
f 2033/638/681 2034/654/681 2036/639/681
f 2036/639/682 2038/641/682 2037/640/682
f 2038/641/683 2040/646/683 2039/642/683
f 1984/645/577 1982/655/577 1980/656/577
f 1980/656/577 2042/657/577 2040/658/577
f 2040/658/577 2038/659/577 2036/660/577
f 2036/660/577 2034/661/577 2032/662/577
f 2032/662/577 2030/663/577 2028/664/577
f 2028/664/577 2026/665/577 2024/666/577
f 2024/666/577 2022/667/577 2020/668/577
f 2020/668/577 2018/669/577 2016/643/577
f 2016/643/577 2014/670/577 2012/671/577
f 2012/671/577 2010/672/577 2008/673/577
f 2008/673/577 2006/674/577 2004/675/577
f 2004/675/577 2002/676/577 2000/644/577
f 2000/644/577 1998/677/577 1996/678/577
f 1996/678/577 1994/679/577 1992/680/577
f 1992/680/577 1990/681/577 1988/682/577
f 1988/682/577 1986/683/577 1984/645/577
f 1984/645/577 1980/656/577 2040/658/577
f 2040/658/577 2036/660/577 2032/662/577
f 2032/662/577 2028/664/577 2024/666/577
f 2024/666/577 2020/668/577 2016/643/577
f 2016/643/577 2012/671/577 2008/673/577
f 2008/673/577 2004/675/577 2000/644/577
f 2000/644/577 1996/678/577 1992/680/577
f 1992/680/577 1988/682/577 1984/645/577
f 1984/645/577 2040/658/577 2032/662/577
f 2032/662/577 2024/666/577 2016/643/577
f 2016/643/577 2008/673/577 2000/644/577
f 2000/644/577 1992/680/577 1984/645/577
f 1984/645/577 2032/662/577 2016/643/577
f 2040/646/684 2042/648/684 2041/647/684
f 2042/648/685 1980/684/685 1979/417/685
f 2041/651/579 1979/685/579 1981/686/579
f 1981/686/579 1983/687/579 1985/688/579
f 1985/688/579 1987/689/579 1989/690/579
f 1989/690/579 1991/691/579 1993/692/579
f 1993/692/579 1995/693/579 1997/694/579
f 1997/694/579 1999/695/579 2001/696/579
f 2001/696/579 2003/697/579 2005/698/579
f 2005/698/579 2007/699/579 2009/649/579
f 2009/649/579 2011/700/579 2013/701/579
f 2013/701/579 2015/702/579 2017/703/579
f 2017/703/579 2019/704/579 2021/705/579
f 2021/705/579 2023/706/579 2025/650/579
f 2025/650/579 2027/707/579 2029/708/579
f 2029/708/579 2031/709/579 2033/710/579
f 2033/710/579 2035/711/579 2037/712/579
f 2037/712/579 2039/713/579 2041/651/579
f 2041/651/579 1981/686/579 1985/688/579
f 1985/688/579 1989/690/579 1993/692/579
f 1993/692/579 1997/694/579 2001/696/579
f 2001/696/579 2005/698/579 2009/649/579
f 2009/649/579 2013/701/579 2017/703/579
f 2017/703/579 2021/705/579 2025/650/579
f 2025/650/579 2029/708/579 2033/710/579
f 2033/710/579 2037/712/579 2041/651/579
f 2041/651/579 1985/688/579 1993/692/579
f 1993/692/579 2001/696/579 2009/649/579
f 2009/649/579 2017/703/579 2025/650/579
f 2025/650/579 2033/710/579 2041/651/579
f 2041/651/579 1993/692/579 2009/649/579
