# Blender 4.4.3
# www.blender.org
mtllib text_retry.mtl
o テキスト
v 1.442868 -0.402390 -0.025000
v 1.533383 -0.402390 -0.025000
v 1.544081 -0.385443 -0.025000
v 1.553768 -0.366592 -0.025000
v 1.562440 -0.346098 -0.025000
v 1.570094 -0.324222 -0.025000
v 1.576728 -0.301226 -0.025000
v 1.582338 -0.277371 -0.025000
v 1.586921 -0.252919 -0.025000
v 1.590474 -0.228131 -0.025000
v 1.592994 -0.203267 -0.025000
v 1.594478 -0.178591 -0.025000
v 1.594922 -0.154363 -0.025000
v 1.594324 -0.130844 -0.025000
v 1.593779 -0.123767 -0.025000
v 1.593026 -0.116426 -0.025000
v 1.592042 -0.108817 -0.025000
v 1.590806 -0.100938 -0.025000
v 1.589296 -0.092784 -0.025000
v 1.587491 -0.084354 -0.025000
v 1.585368 -0.075644 -0.025000
v 1.582906 -0.066650 -0.025000
v 1.580083 -0.057370 -0.025000
v 1.576878 -0.047801 -0.025000
v 1.573268 -0.037939 -0.025000
v 1.569231 -0.027782 -0.025000
v 1.569231 0.167588 -0.025000
v 1.705452 0.167588 -0.025000
v 1.705452 0.247349 -0.025000
v 1.569231 0.247349 -0.025000
v 1.569231 0.328006 -0.025000
v 1.492158 0.328006 -0.025000
v 1.492158 0.247349 -0.025000
v 1.130097 0.247349 -0.025000
v 1.130097 0.167588 -0.025000
v 1.492158 0.167588 -0.025000
v 1.492158 0.062733 -0.025000
v 1.485028 0.067823 -0.025000
v 1.477906 0.072753 -0.025000
v 1.470692 0.077479 -0.025000
v 1.463281 0.081952 -0.025000
v 1.455572 0.086126 -0.025000
v 1.447461 0.089955 -0.025000
v 1.438846 0.093392 -0.025000
v 1.429624 0.096390 -0.025000
v 1.419693 0.098903 -0.025000
v 1.408950 0.100884 -0.025000
v 1.397291 0.102286 -0.025000
v 1.384616 0.103062 -0.025000
v 1.356843 0.102248 -0.025000
v 1.330545 0.097743 -0.025000
v 1.305891 0.089815 -0.025000
v 1.283047 0.078732 -0.025000
v 1.262183 0.064761 -0.025000
v 1.243465 0.048170 -0.025000
v 1.227063 0.029227 -0.025000
v 1.213144 0.008198 -0.025000
v 1.201876 -0.014647 -0.025000
v 1.193428 -0.039042 -0.025000
v 1.187967 -0.064720 -0.025000
v 1.185661 -0.091412 -0.025000
v 1.187201 -0.119042 -0.025000
v 1.192080 -0.144938 -0.025000
v 1.200014 -0.168974 -0.025000
v 1.210721 -0.191022 -0.025000
v 1.223918 -0.210953 -0.025000
v 1.239321 -0.228641 -0.025000
v 1.256646 -0.243958 -0.025000
v 1.275612 -0.256775 -0.025000
v 1.295935 -0.266967 -0.025000
v 1.317331 -0.274405 -0.025000
v 1.339517 -0.278961 -0.025000
v 1.362211 -0.280508 -0.025000
v 1.377153 -0.280057 -0.025000
v 1.391532 -0.278691 -0.025000
v 1.405382 -0.276391 -0.025000
v 1.418737 -0.273139 -0.025000
v 1.431632 -0.268916 -0.025000
v 1.444100 -0.263704 -0.025000
v 1.456176 -0.257484 -0.025000
v 1.467895 -0.250237 -0.025000
v 1.479290 -0.241944 -0.025000
v 1.490395 -0.232587 -0.025000
v 1.501245 -0.222147 -0.025000
v 1.511875 -0.210605 -0.025000
v 1.511167 -0.220146 -0.025000
v 1.509875 -0.231595 -0.025000
v 1.507898 -0.244730 -0.025000
v 1.505137 -0.259331 -0.025000
v 1.501492 -0.275177 -0.025000
v 1.496863 -0.292046 -0.025000
v 1.491152 -0.309719 -0.025000
v 1.484259 -0.327973 -0.025000
v 1.476083 -0.346588 -0.025000
v 1.466526 -0.365343 -0.025000
v 1.455487 -0.384017 -0.025000
v 1.262734 -0.088723 -0.025000
v 1.263829 -0.072635 -0.025000
v 1.267020 -0.057178 -0.025000
v 1.272158 -0.042499 -0.025000
v 1.279097 -0.028745 -0.025000
v 1.287693 -0.016060 -0.025000
v 1.297797 -0.004593 -0.025000
v 1.309264 0.005511 -0.025000
v 1.321949 0.014107 -0.025000
v 1.335703 0.021046 -0.025000
v 1.350382 0.026184 -0.025000
v 1.365839 0.029375 -0.025000
v 1.381927 0.030470 -0.025000
v 1.398015 0.029375 -0.025000
v 1.413472 0.026185 -0.025000
v 1.428151 0.021046 -0.025000
v 1.441905 0.014107 -0.025000
v 1.454589 0.005511 -0.025000
v 1.466057 -0.004593 -0.025000
v 1.476161 -0.016060 -0.025000
v 1.484757 -0.028745 -0.025000
v 1.491696 -0.042499 -0.025000
v 1.496834 -0.057178 -0.025000
v 1.500024 -0.072635 -0.025000
v 1.501120 -0.088723 -0.025000
v 1.500025 -0.104811 -0.025000
v 1.496835 -0.120268 -0.025000
v 1.491696 -0.134947 -0.025000
v 1.484757 -0.148701 -0.025000
v 1.476161 -0.161385 -0.025000
v 1.466057 -0.172853 -0.025000
v 1.454590 -0.182957 -0.025000
v 1.441905 -0.191553 -0.025000
v 1.428151 -0.198492 -0.025000
v 1.413472 -0.203630 -0.025000
v 1.398015 -0.206820 -0.025000
v 1.381927 -0.207916 -0.025000
v 1.365839 -0.206821 -0.025000
v 1.350382 -0.203630 -0.025000
v 1.335703 -0.198492 -0.025000
v 1.321949 -0.191553 -0.025000
v 1.309264 -0.182957 -0.025000
v 1.297797 -0.172853 -0.025000
v 1.287693 -0.161385 -0.025000
v 1.279097 -0.148701 -0.025000
v 1.272158 -0.134947 -0.025000
v 1.267020 -0.120268 -0.025000
v 1.263829 -0.104811 -0.025000
v 0.604033 0.008066 -0.025000
v 0.574552 -0.001955 -0.025000
v 0.547125 -0.013248 -0.025000
v 0.521863 -0.025892 -0.025000
v 0.498880 -0.039964 -0.025000
v 0.478286 -0.055542 -0.025000
v 0.460194 -0.072704 -0.025000
v 0.444716 -0.091527 -0.025000
v 0.431964 -0.112090 -0.025000
v 0.422050 -0.134471 -0.025000
v 0.415086 -0.158746 -0.025000
v 0.411184 -0.184995 -0.025000
v 0.410456 -0.213294 -0.025000
v 0.412476 -0.240230 -0.025000
v 0.416687 -0.265003 -0.025000
v 0.423002 -0.287579 -0.025000
v 0.431334 -0.307925 -0.025000
v 0.441594 -0.326005 -0.025000
v 0.453697 -0.341785 -0.025000
v 0.467555 -0.355231 -0.025000
v 0.483080 -0.366310 -0.025000
v 0.500187 -0.374986 -0.025000
v 0.518787 -0.381226 -0.025000
v 0.538793 -0.384995 -0.025000
v 0.560119 -0.386258 -0.025000
v 0.581720 -0.385240 -0.025000
v 0.600888 -0.382221 -0.025000
v 0.617728 -0.377254 -0.025000
v 0.632346 -0.370393 -0.025000
v 0.644848 -0.361688 -0.025000
v 0.655340 -0.351195 -0.025000
v 0.663927 -0.338965 -0.025000
v 0.670716 -0.325052 -0.025000
v 0.675812 -0.309508 -0.025000
v 0.679321 -0.292387 -0.025000
v 0.681349 -0.273740 -0.025000
v 0.682002 -0.253622 -0.025000
v 0.682002 -0.056460 -0.025000
v 0.704037 -0.053864 -0.025000
v 0.727587 -0.052199 -0.025000
v 0.752002 -0.051909 -0.025000
v 0.776633 -0.053440 -0.025000
v 0.800827 -0.057235 -0.025000
v 0.823936 -0.063742 -0.025000
v 0.845308 -0.073403 -0.025000
v 0.864293 -0.086665 -0.025000
v 0.880242 -0.103972 -0.025000
v 0.892503 -0.125770 -0.025000
v 0.900426 -0.152502 -0.025000
v 0.903361 -0.184615 -0.025000
v 0.902257 -0.207423 -0.025000
v 0.898187 -0.227940 -0.025000
v 0.891360 -0.246229 -0.025000
v 0.881985 -0.262352 -0.025000
v 0.870270 -0.276371 -0.025000
v 0.856423 -0.288350 -0.025000
v 0.840653 -0.298349 -0.025000
v 0.823168 -0.306431 -0.025000
v 0.804178 -0.312659 -0.025000
v 0.783889 -0.317094 -0.025000
v 0.762512 -0.319799 -0.025000
v 0.740254 -0.320836 -0.025000
v 0.740254 -0.400598 -0.025000
v 0.770585 -0.398950 -0.025000
v 0.800378 -0.395187 -0.025000
v 0.829243 -0.389059 -0.025000
v 0.856792 -0.380317 -0.025000
v 0.882636 -0.368712 -0.025000
v 0.906385 -0.353996 -0.025000
v 0.927652 -0.335918 -0.025000
v 0.946046 -0.314231 -0.025000
v 0.961179 -0.288686 -0.025000
v 0.972662 -0.259032 -0.025000
v 0.980106 -0.225023 -0.025000
v 0.983122 -0.186408 -0.025000
v 0.979593 -0.137237 -0.025000
v 0.968036 -0.095951 -0.025000
v 0.949683 -0.061921 -0.025000
v 0.925766 -0.034520 -0.025000
v 0.897517 -0.013118 -0.025000
v 0.866169 0.002913 -0.025000
v 0.832954 0.014201 -0.025000
v 0.799104 0.021376 -0.025000
v 0.765851 0.025065 -0.025000
v 0.734429 0.025898 -0.025000
v 0.706068 0.024503 -0.025000
v 0.682002 0.021509 -0.025000
v 0.682002 0.149664 -0.025000
v 0.810157 0.149664 -0.025000
v 0.810157 0.228529 -0.025000
v 0.682002 0.228529 -0.025000
v 0.682002 0.322629 -0.025000
v 0.604033 0.322629 -0.025000
v 0.604033 0.228529 -0.025000
v 0.433757 0.228529 -0.025000
v 0.433757 0.149664 -0.025000
v 0.604033 0.149664 -0.025000
v 0.488424 -0.209709 -0.025000
v 0.489141 -0.194858 -0.025000
v 0.491698 -0.180375 -0.025000
v 0.496028 -0.166328 -0.025000
v 0.502066 -0.152784 -0.025000
v 0.509748 -0.139813 -0.025000
v 0.519007 -0.127483 -0.025000
v 0.529778 -0.115863 -0.025000
v 0.541996 -0.105020 -0.025000
v 0.555596 -0.095024 -0.025000
v 0.570513 -0.085943 -0.025000
v 0.586680 -0.077845 -0.025000
v 0.604033 -0.070799 -0.025000
v 0.604033 -0.267065 -0.025000
v 0.603541 -0.275201 -0.025000
v 0.602116 -0.282188 -0.025000
v 0.599832 -0.288112 -0.025000
v 0.596764 -0.293055 -0.025000
v 0.592986 -0.297101 -0.025000
v 0.588574 -0.300336 -0.025000
v 0.583601 -0.302843 -0.025000
v 0.578143 -0.304705 -0.025000
v 0.572274 -0.306007 -0.025000
v 0.566069 -0.306833 -0.025000
v 0.559603 -0.307268 -0.025000
v 0.552950 -0.307394 -0.025000
v 0.544167 -0.306635 -0.025000
v 0.535785 -0.304390 -0.025000
v 0.527871 -0.300700 -0.025000
v 0.520488 -0.295610 -0.025000
v 0.513703 -0.289164 -0.025000
v 0.507580 -0.281404 -0.025000
v 0.502186 -0.272375 -0.025000
v 0.497585 -0.262119 -0.025000
v 0.493843 -0.250682 -0.025000
v 0.491026 -0.238105 -0.025000
v 0.489197 -0.224433 -0.025000
v 0.805676 0.319044 -0.025000
v 0.816488 0.300168 -0.025000
v 0.826973 0.281180 -0.025000
v 0.837141 0.262080 -0.025000
v 0.847000 0.242868 -0.025000
v 0.856561 0.223544 -0.025000
v 0.865833 0.204108 -0.025000
v 0.874824 0.184559 -0.025000
v 0.883545 0.164899 -0.025000
v 0.892004 0.145127 -0.025000
v 0.900212 0.125243 -0.025000
v 0.908176 0.105246 -0.025000
v 0.915907 0.085138 -0.025000
v 1.002838 0.085138 -0.025000
v 0.994698 0.105246 -0.025000
v 0.986412 0.125243 -0.025000
v 0.977983 0.145127 -0.025000
v 0.969413 0.164899 -0.025000
v 0.960707 0.184559 -0.025000
v 0.951867 0.204108 -0.025000
v 0.942896 0.223544 -0.025000
v 0.933798 0.242868 -0.025000
v 0.924575 0.262080 -0.025000
v 0.915231 0.281180 -0.025000
v 0.905769 0.300168 -0.025000
v 0.896191 0.319044 -0.025000
v -0.324421 0.148768 -0.025000
v -0.228529 0.148768 -0.025000
v -0.233548 0.122956 -0.025000
v -0.239179 0.095747 -0.025000
v -0.245402 0.067200 -0.025000
v -0.252195 0.037374 -0.025000
v -0.259535 0.006329 -0.025000
v -0.267401 -0.025878 -0.025000
v -0.275771 -0.059185 -0.025000
v -0.284624 -0.093536 -0.025000
v -0.293937 -0.128870 -0.025000
v -0.303689 -0.165127 -0.025000
v -0.313857 -0.202250 -0.025000
v -0.324421 -0.240179 -0.025000
v -0.241075 -0.240179 -0.025000
v -0.231574 -0.204544 -0.025000
v -0.222343 -0.169359 -0.025000
v -0.213392 -0.134667 -0.025000
v -0.204730 -0.100506 -0.025000
v -0.196367 -0.066918 -0.025000
v -0.188312 -0.033943 -0.025000
v -0.180575 -0.001622 -0.025000
v -0.173164 0.030006 -0.025000
v -0.166090 0.060899 -0.025000
v -0.159360 0.091017 -0.025000
v -0.152986 0.120320 -0.025000
v -0.146975 0.148768 -0.025000
v 0.006273 0.148768 -0.025000
v 0.006273 0.227633 -0.025000
v -0.135325 0.227633 -0.025000
v -0.133722 0.235615 -0.025000
v -0.132060 0.243847 -0.025000
v -0.130354 0.252278 -0.025000
v -0.128620 0.260858 -0.025000
v -0.126874 0.269538 -0.025000
v -0.125131 0.278267 -0.025000
v -0.123406 0.286997 -0.025000
v -0.121716 0.295677 -0.025000
v -0.120076 0.304257 -0.025000
v -0.118501 0.312688 -0.025000
v -0.117006 0.320919 -0.025000
v -0.115609 0.328902 -0.025000
v -0.195370 0.328902 -0.025000
v -0.196339 0.322357 -0.025000
v -0.197448 0.315302 -0.025000
v -0.198688 0.307786 -0.025000
v -0.200050 0.299859 -0.025000
v -0.201523 0.291571 -0.025000
v -0.203099 0.282972 -0.025000
v -0.204769 0.274112 -0.025000
v -0.206522 0.265040 -0.025000
v -0.208350 0.255807 -0.025000
v -0.210244 0.246461 -0.025000
v -0.212194 0.237053 -0.025000
v -0.214190 0.227633 -0.025000
v -0.324421 0.227633 -0.025000
v -0.163107 -0.235698 -0.025000
v -0.161324 -0.263588 -0.025000
v -0.156161 -0.288611 -0.025000
v -0.147900 -0.310852 -0.025000
v -0.136819 -0.330396 -0.025000
v -0.123198 -0.347325 -0.025000
v -0.107319 -0.361725 -0.025000
v -0.089461 -0.373679 -0.025000
v -0.069903 -0.383271 -0.025000
v -0.048927 -0.390585 -0.025000
v -0.026811 -0.395706 -0.025000
v -0.003837 -0.398716 -0.025000
v 0.019716 -0.399701 -0.025000
v 0.041405 -0.398572 -0.025000
v 0.060816 -0.395220 -0.025000
v 0.078025 -0.389703 -0.025000
v 0.093104 -0.382076 -0.025000
v 0.106130 -0.372395 -0.025000
v 0.117177 -0.360717 -0.025000
v 0.126319 -0.347097 -0.025000
v 0.133632 -0.331591 -0.025000
v 0.139190 -0.314255 -0.025000
v 0.143067 -0.295146 -0.025000
v 0.145339 -0.274319 -0.025000
v 0.146079 -0.251830 -0.025000
v 0.146079 -0.163107 -0.025000
v 0.155634 -0.167256 -0.025000
v 0.165833 -0.172027 -0.025000
v 0.176536 -0.177334 -0.025000
v 0.187603 -0.183089 -0.025000
v 0.198894 -0.189204 -0.025000
v 0.210269 -0.195594 -0.025000
v 0.221588 -0.202170 -0.025000
v 0.232711 -0.208846 -0.025000
v 0.243498 -0.215534 -0.025000
v 0.253809 -0.222148 -0.025000
v 0.263504 -0.228599 -0.025000
v 0.272442 -0.234802 -0.025000
v 0.272442 -0.139806 -0.025000
v 0.262887 -0.134911 -0.025000
v 0.252689 -0.129695 -0.025000
v 0.241986 -0.124249 -0.025000
v 0.230919 -0.118662 -0.025000
v 0.219627 -0.113026 -0.025000
v 0.208252 -0.107431 -0.025000
v 0.196933 -0.101966 -0.025000
v 0.185810 -0.096722 -0.025000
v 0.175023 -0.091790 -0.025000
v 0.164712 -0.087258 -0.025000
v 0.155018 -0.083219 -0.025000
v 0.146079 -0.079761 -0.025000
v 0.146079 0.149664 -0.025000
v 0.157705 0.149422 -0.025000
v 0.169629 0.149145 -0.025000
v 0.181703 0.148838 -0.025000
v 0.193776 0.148502 -0.025000
v 0.205701 0.148142 -0.025000
v 0.217326 0.147759 -0.025000
v 0.228504 0.147359 -0.025000
v 0.239084 0.146942 -0.025000
v 0.248917 0.146513 -0.025000
v 0.257854 0.146075 -0.025000
v 0.265746 0.145631 -0.025000
v 0.272442 0.145183 -0.025000
v 0.272442 0.226736 -0.025000
v 0.257212 0.227371 -0.025000
v 0.240818 0.227931 -0.025000
v 0.223516 0.228417 -0.025000
v 0.205560 0.228827 -0.025000
v 0.187205 0.229164 -0.025000
v 0.168708 0.229425 -0.025000
v 0.150323 0.229612 -0.025000
v 0.132304 0.229724 -0.025000
v 0.114908 0.229761 -0.025000
v 0.098390 0.229724 -0.025000
v 0.083004 0.229612 -0.025000
v 0.069007 0.229425 -0.025000
v 0.069903 -0.061837 -0.025000
v 0.037455 -0.057779 -0.025000
v 0.006589 -0.057601 -0.025000
v -0.022461 -0.061151 -0.025000
v -0.049457 -0.068277 -0.025000
v -0.074162 -0.078825 -0.025000
v -0.096341 -0.092644 -0.025000
v -0.115756 -0.109581 -0.025000
v -0.132172 -0.129483 -0.025000
v -0.145351 -0.152198 -0.025000
v -0.155058 -0.177575 -0.025000
v -0.161055 -0.205459 -0.025000
v -0.086034 -0.233010 -0.025000
v -0.083565 -0.215226 -0.025000
v -0.078902 -0.199104 -0.025000
v -0.072129 -0.184699 -0.025000
v -0.063331 -0.172069 -0.025000
v -0.052591 -0.161268 -0.025000
v -0.039993 -0.152353 -0.025000
v -0.025621 -0.145379 -0.025000
v -0.009559 -0.140403 -0.025000
v 0.008108 -0.137481 -0.025000
v 0.027296 -0.136669 -0.025000
v 0.047923 -0.138023 -0.025000
v 0.069903 -0.141598 -0.025000
v 0.069903 -0.246453 -0.025000
v 0.069877 -0.256268 -0.025000
v 0.069700 -0.265530 -0.025000
v 0.069217 -0.274207 -0.025000
v 0.068276 -0.282267 -0.025000
v 0.066726 -0.289680 -0.025000
v 0.064414 -0.296415 -0.025000
v 0.061186 -0.302441 -0.025000
v 0.056891 -0.307726 -0.025000
v 0.051377 -0.312239 -0.025000
v 0.044490 -0.315949 -0.025000
v 0.036078 -0.318825 -0.025000
v 0.025989 -0.320836 -0.025000
v 0.014115 -0.321864 -0.025000
v 0.001572 -0.321737 -0.025000
v -0.011300 -0.320346 -0.025000
v -0.024164 -0.317584 -0.025000
v -0.036679 -0.313340 -0.025000
v -0.048506 -0.307506 -0.025000
v -0.059307 -0.299973 -0.025000
v -0.068741 -0.290631 -0.025000
v -0.076470 -0.279374 -0.025000
v -0.082155 -0.266090 -0.025000
v -0.085456 -0.250672 -0.025000
v -0.837939 0.311875 -0.025000
v -0.916804 0.311875 -0.025000
v -0.920224 0.288178 -0.025000
v -0.923326 0.265019 -0.025000
v -0.926130 0.242378 -0.025000
v -0.928653 0.220231 -0.025000
v -0.930916 0.198557 -0.025000
v -0.932935 0.177334 -0.025000
v -0.934731 0.156540 -0.025000
v -0.936321 0.136155 -0.025000
v -0.937724 0.116155 -0.025000
v -0.938959 0.096519 -0.025000
v -0.940045 0.077225 -0.025000
v -0.941001 0.058252 -0.025000
v -0.940979 0.038720 -0.025000
v -0.940901 0.019546 -0.025000
v -0.940749 0.000714 -0.025000
v -0.940503 -0.017791 -0.025000
v -0.940145 -0.035985 -0.025000
v -0.939657 -0.053884 -0.025000
v -0.939019 -0.071502 -0.025000
v -0.938213 -0.088856 -0.025000
v -0.937220 -0.105961 -0.025000
v -0.936022 -0.122832 -0.025000
v -0.934600 -0.139486 -0.025000
v -0.932935 -0.155937 -0.025000
v -0.859447 -0.155937 -0.025000
v -0.860456 -0.146131 -0.025000
v -0.861244 -0.135665 -0.025000
v -0.861814 -0.124739 -0.025000
v -0.862169 -0.113551 -0.025000
v -0.862313 -0.102301 -0.025000
v -0.862248 -0.091187 -0.025000
v -0.861978 -0.080410 -0.025000
v -0.861505 -0.070168 -0.025000
v -0.860834 -0.060661 -0.025000
v -0.859966 -0.052087 -0.025000
v -0.858905 -0.044646 -0.025000
v -0.857655 -0.038536 -0.025000
v -0.851703 -0.018983 -0.025000
v -0.843345 0.004070 -0.025000
v -0.832716 0.029644 -0.025000
v -0.819949 0.056759 -0.025000
v -0.805178 0.084433 -0.025000
v -0.788536 0.111688 -0.025000
v -0.770159 0.137542 -0.025000
v -0.750179 0.161016 -0.025000
v -0.728730 0.181129 -0.025000
v -0.705946 0.196901 -0.025000
v -0.681961 0.207352 -0.025000
v -0.656908 0.211501 -0.025000
v -0.639286 0.209916 -0.025000
v -0.623177 0.204344 -0.025000
v -0.608598 0.194908 -0.025000
v -0.595569 0.181728 -0.025000
v -0.584108 0.164926 -0.025000
v -0.574235 0.144623 -0.025000
v -0.565967 0.120941 -0.025000
v -0.559323 0.094000 -0.025000
v -0.554322 0.063924 -0.025000
v -0.550983 0.030831 -0.025000
v -0.549325 -0.005155 -0.025000
v -0.549365 -0.043913 -0.025000
v -0.551171 -0.086274 -0.025000
v -0.557464 -0.124695 -0.025000
v -0.568213 -0.159270 -0.025000
v -0.583387 -0.190092 -0.025000
v -0.602955 -0.217255 -0.025000
v -0.626886 -0.240851 -0.025000
v -0.655148 -0.260975 -0.025000
v -0.687711 -0.277720 -0.025000
v -0.724543 -0.291178 -0.025000
v -0.765613 -0.301444 -0.025000
v -0.810890 -0.308610 -0.025000
v -0.860344 -0.312771 -0.025000
v -0.860344 -0.392532 -0.025000
v -0.795818 -0.388103 -0.025000
v -0.737491 -0.378533 -0.025000
v -0.685250 -0.364022 -0.025000
v -0.638984 -0.344768 -0.025000
v -0.598581 -0.320971 -0.025000
v -0.563928 -0.292831 -0.025000
v -0.534914 -0.260545 -0.025000
v -0.511426 -0.224313 -0.025000
v -0.493353 -0.184335 -0.025000
v -0.480583 -0.140810 -0.025000
v -0.473002 -0.093936 -0.025000
v -0.470500 -0.043913 -0.025000
v -0.471790 0.011339 -0.025000
v -0.475662 0.061514 -0.025000
v -0.482123 0.106647 -0.025000
v -0.491179 0.146776 -0.025000
v -0.502837 0.181939 -0.025000
v -0.517102 0.212173 -0.025000
v -0.533982 0.237516 -0.025000
v -0.553481 0.258003 -0.025000
v -0.575607 0.273674 -0.025000
v -0.600365 0.284566 -0.025000
v -0.627762 0.290714 -0.025000
v -0.657804 0.292158 -0.025000
v -0.678188 0.289345 -0.025000
v -0.698465 0.283321 -0.025000
v -0.718493 0.274347 -0.025000
v -0.738130 0.262684 -0.025000
v -0.757231 0.248593 -0.025000
v -0.775654 0.232338 -0.025000
v -0.793255 0.214177 -0.025000
v -0.809891 0.194374 -0.025000
v -0.825420 0.173189 -0.025000
v -0.839698 0.150884 -0.025000
v -0.852582 0.127720 -0.025000
v -0.863928 0.103958 -0.025000
v -0.862904 0.120457 -0.025000
v -0.861630 0.136848 -0.025000
v -0.860120 0.153207 -0.025000
v -0.858385 0.169612 -0.025000
v -0.856439 0.186143 -0.025000
v -0.854294 0.202875 -0.025000
v -0.851963 0.219888 -0.025000
v -0.849457 0.237258 -0.025000
v -0.846789 0.255064 -0.025000
v -0.843971 0.273384 -0.025000
v -0.841017 0.292295 -0.025000
v -1.700971 0.099477 -0.025000
v -1.700075 0.005377 -0.025000
v -1.690533 0.011280 -0.025000
v -1.681168 0.016903 -0.025000
v -1.671971 0.022265 -0.025000
v -1.662933 0.027384 -0.025000
v -1.654044 0.032278 -0.025000
v -1.645295 0.036968 -0.025000
v -1.636677 0.041471 -0.025000
v -1.628181 0.045805 -0.025000
v -1.619796 0.049991 -0.025000
v -1.611514 0.054045 -0.025000
v -1.603325 0.057988 -0.025000
v -1.595220 0.061837 -0.025000
v -1.586842 0.016677 -0.025000
v -1.578305 -0.027375 -0.025000
v -1.569637 -0.070295 -0.025000
v -1.560866 -0.112057 -0.025000
v -1.552021 -0.152637 -0.025000
v -1.543129 -0.192009 -0.025000
v -1.534219 -0.230149 -0.025000
v -1.525318 -0.267032 -0.025000
v -1.516454 -0.302633 -0.025000
v -1.507655 -0.336926 -0.025000
v -1.498950 -0.369888 -0.025000
v -1.490366 -0.401494 -0.025000
v -1.407916 -0.401494 -0.025000
v -1.420748 -0.355637 -0.025000
v -1.432827 -0.310817 -0.025000
v -1.444184 -0.267023 -0.025000
v -1.454850 -0.224247 -0.025000
v -1.464857 -0.182479 -0.025000
v -1.474235 -0.141710 -0.025000
v -1.483015 -0.101931 -0.025000
v -1.491229 -0.063132 -0.025000
v -1.498908 -0.025303 -0.025000
v -1.506083 0.011563 -0.025000
v -1.512784 0.047478 -0.025000
v -1.519044 0.082450 -0.025000
v -1.504006 0.087138 -0.025000
v -1.489777 0.091358 -0.025000
v -1.476307 0.095122 -0.025000
v -1.463547 0.098448 -0.025000
v -1.451446 0.101351 -0.025000
v -1.439955 0.103846 -0.025000
v -1.429025 0.105949 -0.025000
v -1.418604 0.107676 -0.025000
v -1.408645 0.109041 -0.025000
v -1.399096 0.110061 -0.025000
v -1.389907 0.110752 -0.025000
v -1.381031 0.111128 -0.025000
v -1.353953 0.110995 -0.025000
v -1.327591 0.109617 -0.025000
v -1.302250 0.106871 -0.025000
v -1.278234 0.102630 -0.025000
v -1.255849 0.096772 -0.025000
v -1.235399 0.089171 -0.025000
v -1.217190 0.079703 -0.025000
v -1.201527 0.068243 -0.025000
v -1.188714 0.054668 -0.025000
v -1.179056 0.038852 -0.025000
v -1.172858 0.020670 -0.025000
v -1.170426 -0.000000 -0.025000
v -1.172059 -0.022384 -0.025000
v -1.177670 -0.042474 -0.025000
v -1.186977 -0.060255 -0.025000
v -1.199701 -0.075712 -0.025000
v -1.215562 -0.088828 -0.025000
v -1.234279 -0.099589 -0.025000
v -1.255573 -0.107979 -0.025000
v -1.279163 -0.113982 -0.025000
v -1.304770 -0.117583 -0.025000
v -1.332113 -0.118766 -0.025000
v -1.360913 -0.117516 -0.025000
v -1.390889 -0.113816 -0.025000
v -1.390889 -0.189096 -0.025000
v -1.353184 -0.194859 -0.025000
v -1.316136 -0.196884 -0.025000
v -1.280251 -0.195132 -0.025000
v -1.246038 -0.189561 -0.025000
v -1.214003 -0.180132 -0.025000
v -1.184653 -0.166804 -0.025000
v -1.158496 -0.149536 -0.025000
v -1.136039 -0.128288 -0.025000
v -1.117789 -0.103020 -0.025000
v -1.104253 -0.073691 -0.025000
v -1.095939 -0.040261 -0.025000
v -1.093353 -0.002689 -0.025000
v -1.095120 0.024240 -0.025000
v -1.099942 0.049037 -0.025000
v -1.107777 0.071737 -0.025000
v -1.118580 0.092374 -0.025000
v -1.132308 0.110982 -0.025000
v -1.148917 0.127595 -0.025000
v -1.168365 0.142248 -0.025000
v -1.190607 0.154975 -0.025000
v -1.215599 0.165809 -0.025000
v -1.243299 0.174786 -0.025000
v -1.273663 0.181940 -0.025000
v -1.306647 0.187304 -0.025000
v -1.307977 0.199279 -0.025000
v -1.309298 0.211032 -0.025000
v -1.310638 0.222605 -0.025000
v -1.312024 0.234039 -0.025000
v -1.313485 0.245372 -0.025000
v -1.315049 0.256647 -0.025000
v -1.316743 0.267903 -0.025000
v -1.318596 0.279180 -0.025000
v -1.320636 0.290520 -0.025000
v -1.322890 0.301962 -0.025000
v -1.325388 0.313548 -0.025000
v -1.328155 0.325317 -0.025000
v -1.408813 0.325317 -0.025000
v -1.405769 0.313908 -0.025000
v -1.402909 0.302527 -0.025000
v -1.400229 0.291164 -0.025000
v -1.397727 0.279811 -0.025000
v -1.395398 0.268458 -0.025000
v -1.393242 0.257095 -0.025000
v -1.391253 0.245714 -0.025000
v -1.389429 0.234304 -0.025000
v -1.387766 0.222858 -0.025000
v -1.386263 0.211364 -0.025000
v -1.384915 0.199815 -0.025000
v -1.383719 0.188200 -0.025000
v -1.392568 0.188048 -0.025000
v -1.402079 0.187582 -0.025000
v -1.412243 0.186786 -0.025000
v -1.423052 0.185644 -0.025000
v -1.434496 0.184142 -0.025000
v -1.446565 0.182263 -0.025000
v -1.459250 0.179992 -0.025000
v -1.472542 0.177313 -0.025000
v -1.486431 0.174211 -0.025000
v -1.500909 0.170670 -0.025000
v -1.515965 0.166675 -0.025000
v -1.531591 0.162211 -0.025000
v -1.533451 0.175891 -0.025000
v -1.535420 0.189951 -0.025000
v -1.537458 0.204248 -0.025000
v -1.539524 0.218637 -0.025000
v -1.541577 0.232978 -0.025000
v -1.543577 0.247125 -0.025000
v -1.545484 0.260936 -0.025000
v -1.547258 0.274268 -0.025000
v -1.548856 0.286977 -0.025000
v -1.550241 0.298921 -0.025000
v -1.551370 0.309957 -0.025000
v -1.552203 0.319940 -0.025000
v -1.632861 0.319940 -0.025000
v -1.631014 0.305802 -0.025000
v -1.629068 0.291229 -0.025000
v -1.627035 0.276307 -0.025000
v -1.624928 0.261124 -0.025000
v -1.622758 0.245766 -0.025000
v -1.620538 0.230321 -0.025000
v -1.618281 0.214876 -0.025000
v -1.615999 0.199519 -0.025000
v -1.613705 0.184335 -0.025000
v -1.611410 0.169413 -0.025000
v -1.609128 0.154840 -0.025000
v -1.606871 0.140702 -0.025000
v -1.616287 0.136947 -0.025000
v -1.625293 0.133292 -0.025000
v -1.633925 0.129724 -0.025000
v -1.642221 0.126230 -0.025000
v -1.650218 0.122799 -0.025000
v -1.657954 0.119417 -0.025000
v -1.665466 0.116073 -0.025000
v -1.672791 0.112754 -0.025000
v -1.679967 0.109447 -0.025000
v -1.687030 0.106141 -0.025000
v -1.694019 0.102821 -0.025000
v 1.442868 -0.402390 0.025000
v 1.533383 -0.402390 0.025000
v 1.544081 -0.385443 0.025000
v 1.553768 -0.366592 0.025000
v 1.562440 -0.346098 0.025000
v 1.570094 -0.324222 0.025000
v 1.576728 -0.301226 0.025000
v 1.582338 -0.277371 0.025000
v 1.586921 -0.252919 0.025000
v 1.590474 -0.228131 0.025000
v 1.592994 -0.203267 0.025000
v 1.594478 -0.178591 0.025000
v 1.594922 -0.154363 0.025000
v 1.594324 -0.130844 0.025000
v 1.593779 -0.123767 0.025000
v 1.593026 -0.116426 0.025000
v 1.592042 -0.108817 0.025000
v 1.590806 -0.100938 0.025000
v 1.589296 -0.092784 0.025000
v 1.587491 -0.084354 0.025000
v 1.585368 -0.075644 0.025000
v 1.582906 -0.066650 0.025000
v 1.580083 -0.057370 0.025000
v 1.576878 -0.047801 0.025000
v 1.573268 -0.037939 0.025000
v 1.569231 -0.027782 0.025000
v 1.569231 0.167588 0.025000
v 1.705452 0.167588 0.025000
v 1.705452 0.247349 0.025000
v 1.569231 0.247349 0.025000
v 1.569231 0.328006 0.025000
v 1.492158 0.328006 0.025000
v 1.492158 0.247349 0.025000
v 1.130097 0.247349 0.025000
v 1.130097 0.167588 0.025000
v 1.492158 0.167588 0.025000
v 1.492158 0.062733 0.025000
v 1.485028 0.067823 0.025000
v 1.477906 0.072753 0.025000
v 1.470692 0.077479 0.025000
v 1.463281 0.081952 0.025000
v 1.455572 0.086126 0.025000
v 1.447461 0.089955 0.025000
v 1.438846 0.093392 0.025000
v 1.429624 0.096390 0.025000
v 1.419693 0.098903 0.025000
v 1.408950 0.100884 0.025000
v 1.397291 0.102286 0.025000
v 1.384616 0.103062 0.025000
v 1.356843 0.102248 0.025000
v 1.330545 0.097743 0.025000
v 1.305891 0.089815 0.025000
v 1.283047 0.078732 0.025000
v 1.262183 0.064761 0.025000
v 1.243465 0.048170 0.025000
v 1.227063 0.029227 0.025000
v 1.213144 0.008198 0.025000
v 1.201876 -0.014647 0.025000
v 1.193428 -0.039042 0.025000
v 1.187967 -0.064720 0.025000
v 1.185661 -0.091412 0.025000
v 1.187201 -0.119042 0.025000
v 1.192080 -0.144938 0.025000
v 1.200014 -0.168974 0.025000
v 1.210721 -0.191022 0.025000
v 1.223918 -0.210953 0.025000
v 1.239321 -0.228641 0.025000
v 1.256646 -0.243958 0.025000
v 1.275612 -0.256775 0.025000
v 1.295935 -0.266967 0.025000
v 1.317331 -0.274405 0.025000
v 1.339517 -0.278961 0.025000
v 1.362211 -0.280508 0.025000
v 1.377153 -0.280057 0.025000
v 1.391532 -0.278691 0.025000
v 1.405382 -0.276391 0.025000
v 1.418737 -0.273139 0.025000
v 1.431632 -0.268916 0.025000
v 1.444100 -0.263704 0.025000
v 1.456176 -0.257484 0.025000
v 1.467895 -0.250237 0.025000
v 1.479290 -0.241944 0.025000
v 1.490395 -0.232587 0.025000
v 1.501245 -0.222147 0.025000
v 1.511875 -0.210605 0.025000
v 1.511167 -0.220146 0.025000
v 1.509875 -0.231595 0.025000
v 1.507898 -0.244730 0.025000
v 1.505137 -0.259331 0.025000
v 1.501492 -0.275177 0.025000
v 1.496863 -0.292046 0.025000
v 1.491152 -0.309719 0.025000
v 1.484259 -0.327973 0.025000
v 1.476083 -0.346588 0.025000
v 1.466526 -0.365343 0.025000
v 1.455487 -0.384017 0.025000
v 1.262734 -0.088723 0.025000
v 1.263829 -0.072635 0.025000
v 1.267020 -0.057178 0.025000
v 1.272158 -0.042499 0.025000
v 1.279097 -0.028745 0.025000
v 1.287693 -0.016060 0.025000
v 1.297797 -0.004593 0.025000
v 1.309264 0.005511 0.025000
v 1.321949 0.014107 0.025000
v 1.335703 0.021046 0.025000
v 1.350382 0.026184 0.025000
v 1.365839 0.029375 0.025000
v 1.381927 0.030470 0.025000
v 1.398015 0.029375 0.025000
v 1.413472 0.026185 0.025000
v 1.428151 0.021046 0.025000
v 1.441905 0.014107 0.025000
v 1.454589 0.005511 0.025000
v 1.466057 -0.004593 0.025000
v 1.476161 -0.016060 0.025000
v 1.484757 -0.028745 0.025000
v 1.491696 -0.042499 0.025000
v 1.496834 -0.057178 0.025000
v 1.500024 -0.072635 0.025000
v 1.501120 -0.088723 0.025000
v 1.500025 -0.104811 0.025000
v 1.496835 -0.120268 0.025000
v 1.491696 -0.134947 0.025000
v 1.484757 -0.148701 0.025000
v 1.476161 -0.161385 0.025000
v 1.466057 -0.172853 0.025000
v 1.454590 -0.182957 0.025000
v 1.441905 -0.191553 0.025000
v 1.428151 -0.198492 0.025000
v 1.413472 -0.203630 0.025000
v 1.398015 -0.206820 0.025000
v 1.381927 -0.207916 0.025000
v 1.365839 -0.206821 0.025000
v 1.350382 -0.203630 0.025000
v 1.335703 -0.198492 0.025000
v 1.321949 -0.191553 0.025000
v 1.309264 -0.182957 0.025000
v 1.297797 -0.172853 0.025000
v 1.287693 -0.161385 0.025000
v 1.279097 -0.148701 0.025000
v 1.272158 -0.134947 0.025000
v 1.267020 -0.120268 0.025000
v 1.263829 -0.104811 0.025000
v 0.604033 0.008066 0.025000
v 0.574552 -0.001955 0.025000
v 0.547125 -0.013248 0.025000
v 0.521863 -0.025892 0.025000
v 0.498880 -0.039964 0.025000
v 0.478286 -0.055542 0.025000
v 0.460194 -0.072704 0.025000
v 0.444716 -0.091527 0.025000
v 0.431964 -0.112090 0.025000
v 0.422050 -0.134471 0.025000
v 0.415086 -0.158746 0.025000
v 0.411184 -0.184995 0.025000
v 0.410456 -0.213294 0.025000
v 0.412476 -0.240230 0.025000
v 0.416687 -0.265003 0.025000
v 0.423002 -0.287579 0.025000
v 0.431334 -0.307925 0.025000
v 0.441594 -0.326005 0.025000
v 0.453697 -0.341785 0.025000
v 0.467555 -0.355231 0.025000
v 0.483080 -0.366310 0.025000
v 0.500187 -0.374986 0.025000
v 0.518787 -0.381226 0.025000
v 0.538793 -0.384995 0.025000
v 0.560119 -0.386258 0.025000
v 0.581720 -0.385240 0.025000
v 0.600888 -0.382221 0.025000
v 0.617728 -0.377254 0.025000
v 0.632346 -0.370393 0.025000
v 0.644848 -0.361688 0.025000
v 0.655340 -0.351195 0.025000
v 0.663927 -0.338965 0.025000
v 0.670716 -0.325052 0.025000
v 0.675812 -0.309508 0.025000
v 0.679321 -0.292387 0.025000
v 0.681349 -0.273740 0.025000
v 0.682002 -0.253622 0.025000
v 0.682002 -0.056460 0.025000
v 0.704037 -0.053864 0.025000
v 0.727587 -0.052199 0.025000
v 0.752002 -0.051909 0.025000
v 0.776633 -0.053440 0.025000
v 0.800827 -0.057235 0.025000
v 0.823936 -0.063742 0.025000
v 0.845308 -0.073403 0.025000
v 0.864293 -0.086665 0.025000
v 0.880242 -0.103972 0.025000
v 0.892503 -0.125770 0.025000
v 0.900426 -0.152502 0.025000
v 0.903361 -0.184615 0.025000
v 0.902257 -0.207423 0.025000
v 0.898187 -0.227940 0.025000
v 0.891360 -0.246229 0.025000
v 0.881985 -0.262352 0.025000
v 0.870270 -0.276371 0.025000
v 0.856423 -0.288350 0.025000
v 0.840653 -0.298349 0.025000
v 0.823168 -0.306431 0.025000
v 0.804178 -0.312659 0.025000
v 0.783889 -0.317094 0.025000
v 0.762512 -0.319799 0.025000
v 0.740254 -0.320836 0.025000
v 0.740254 -0.400598 0.025000
v 0.770585 -0.398950 0.025000
v 0.800378 -0.395187 0.025000
v 0.829243 -0.389059 0.025000
v 0.856792 -0.380317 0.025000
v 0.882636 -0.368712 0.025000
v 0.906385 -0.353996 0.025000
v 0.927652 -0.335918 0.025000
v 0.946046 -0.314231 0.025000
v 0.961179 -0.288686 0.025000
v 0.972662 -0.259032 0.025000
v 0.980106 -0.225023 0.025000
v 0.983122 -0.186408 0.025000
v 0.979593 -0.137237 0.025000
v 0.968036 -0.095951 0.025000
v 0.949683 -0.061921 0.025000
v 0.925766 -0.034520 0.025000
v 0.897517 -0.013118 0.025000
v 0.866169 0.002913 0.025000
v 0.832954 0.014201 0.025000
v 0.799104 0.021376 0.025000
v 0.765851 0.025065 0.025000
v 0.734429 0.025898 0.025000
v 0.706068 0.024503 0.025000
v 0.682002 0.021509 0.025000
v 0.682002 0.149664 0.025000
v 0.810157 0.149664 0.025000
v 0.810157 0.228529 0.025000
v 0.682002 0.228529 0.025000
v 0.682002 0.322629 0.025000
v 0.604033 0.322629 0.025000
v 0.604033 0.228529 0.025000
v 0.433757 0.228529 0.025000
v 0.433757 0.149664 0.025000
v 0.604033 0.149664 0.025000
v 0.488424 -0.209709 0.025000
v 0.489141 -0.194858 0.025000
v 0.491698 -0.180375 0.025000
v 0.496028 -0.166328 0.025000
v 0.502066 -0.152784 0.025000
v 0.509748 -0.139813 0.025000
v 0.519007 -0.127483 0.025000
v 0.529778 -0.115863 0.025000
v 0.541996 -0.105020 0.025000
v 0.555596 -0.095024 0.025000
v 0.570513 -0.085943 0.025000
v 0.586680 -0.077845 0.025000
v 0.604033 -0.070799 0.025000
v 0.604033 -0.267065 0.025000
v 0.603541 -0.275201 0.025000
v 0.602116 -0.282188 0.025000
v 0.599832 -0.288112 0.025000
v 0.596764 -0.293055 0.025000
v 0.592986 -0.297101 0.025000
v 0.588574 -0.300336 0.025000
v 0.583601 -0.302843 0.025000
v 0.578143 -0.304705 0.025000
v 0.572274 -0.306007 0.025000
v 0.566069 -0.306833 0.025000
v 0.559603 -0.307268 0.025000
v 0.552950 -0.307394 0.025000
v 0.544167 -0.306635 0.025000
v 0.535785 -0.304390 0.025000
v 0.527871 -0.300700 0.025000
v 0.520488 -0.295610 0.025000
v 0.513703 -0.289164 0.025000
v 0.507580 -0.281404 0.025000
v 0.502186 -0.272375 0.025000
v 0.497585 -0.262119 0.025000
v 0.493843 -0.250682 0.025000
v 0.491026 -0.238105 0.025000
v 0.489197 -0.224433 0.025000
v 0.805676 0.319044 0.025000
v 0.816488 0.300168 0.025000
v 0.826973 0.281180 0.025000
v 0.837141 0.262080 0.025000
v 0.847000 0.242868 0.025000
v 0.856561 0.223544 0.025000
v 0.865833 0.204108 0.025000
v 0.874824 0.184559 0.025000
v 0.883545 0.164899 0.025000
v 0.892004 0.145127 0.025000
v 0.900212 0.125243 0.025000
v 0.908176 0.105246 0.025000
v 0.915907 0.085138 0.025000
v 1.002838 0.085138 0.025000
v 0.994698 0.105246 0.025000
v 0.986412 0.125243 0.025000
v 0.977983 0.145127 0.025000
v 0.969413 0.164899 0.025000
v 0.960707 0.184559 0.025000
v 0.951867 0.204108 0.025000
v 0.942896 0.223544 0.025000
v 0.933798 0.242868 0.025000
v 0.924575 0.262080 0.025000
v 0.915231 0.281180 0.025000
v 0.905769 0.300168 0.025000
v 0.896191 0.319044 0.025000
v -0.324421 0.148768 0.025000
v -0.228529 0.148768 0.025000
v -0.233548 0.122956 0.025000
v -0.239179 0.095747 0.025000
v -0.245402 0.067200 0.025000
v -0.252195 0.037374 0.025000
v -0.259535 0.006329 0.025000
v -0.267401 -0.025878 0.025000
v -0.275771 -0.059185 0.025000
v -0.284624 -0.093536 0.025000
v -0.293937 -0.128870 0.025000
v -0.303689 -0.165127 0.025000
v -0.313857 -0.202250 0.025000
v -0.324421 -0.240179 0.025000
v -0.241075 -0.240179 0.025000
v -0.231574 -0.204544 0.025000
v -0.222343 -0.169359 0.025000
v -0.213392 -0.134667 0.025000
v -0.204730 -0.100506 0.025000
v -0.196367 -0.066918 0.025000
v -0.188312 -0.033943 0.025000
v -0.180575 -0.001622 0.025000
v -0.173164 0.030006 0.025000
v -0.166090 0.060899 0.025000
v -0.159360 0.091017 0.025000
v -0.152986 0.120320 0.025000
v -0.146975 0.148768 0.025000
v 0.006273 0.148768 0.025000
v 0.006273 0.227633 0.025000
v -0.135325 0.227633 0.025000
v -0.133722 0.235615 0.025000
v -0.132060 0.243847 0.025000
v -0.130354 0.252278 0.025000
v -0.128620 0.260858 0.025000
v -0.126874 0.269538 0.025000
v -0.125131 0.278267 0.025000
v -0.123406 0.286997 0.025000
v -0.121716 0.295677 0.025000
v -0.120076 0.304257 0.025000
v -0.118501 0.312688 0.025000
v -0.117006 0.320919 0.025000
v -0.115609 0.328902 0.025000
v -0.195370 0.328902 0.025000
v -0.196339 0.322357 0.025000
v -0.197448 0.315302 0.025000
v -0.198688 0.307786 0.025000
v -0.200050 0.299859 0.025000
v -0.201523 0.291571 0.025000
v -0.203099 0.282972 0.025000
v -0.204769 0.274112 0.025000
v -0.206522 0.265040 0.025000
v -0.208350 0.255807 0.025000
v -0.210244 0.246461 0.025000
v -0.212194 0.237053 0.025000
v -0.214190 0.227633 0.025000
v -0.324421 0.227633 0.025000
v -0.163107 -0.235698 0.025000
v -0.161324 -0.263588 0.025000
v -0.156161 -0.288611 0.025000
v -0.147900 -0.310852 0.025000
v -0.136819 -0.330396 0.025000
v -0.123198 -0.347325 0.025000
v -0.107319 -0.361725 0.025000
v -0.089461 -0.373679 0.025000
v -0.069903 -0.383271 0.025000
v -0.048927 -0.390585 0.025000
v -0.026811 -0.395706 0.025000
v -0.003837 -0.398716 0.025000
v 0.019716 -0.399701 0.025000
v 0.041405 -0.398572 0.025000
v 0.060816 -0.395220 0.025000
v 0.078025 -0.389703 0.025000
v 0.093104 -0.382076 0.025000
v 0.106130 -0.372395 0.025000
v 0.117177 -0.360717 0.025000
v 0.126319 -0.347097 0.025000
v 0.133632 -0.331591 0.025000
v 0.139190 -0.314255 0.025000
v 0.143067 -0.295146 0.025000
v 0.145339 -0.274319 0.025000
v 0.146079 -0.251830 0.025000
v 0.146079 -0.163107 0.025000
v 0.155634 -0.167256 0.025000
v 0.165833 -0.172027 0.025000
v 0.176536 -0.177334 0.025000
v 0.187603 -0.183089 0.025000
v 0.198894 -0.189204 0.025000
v 0.210269 -0.195594 0.025000
v 0.221588 -0.202170 0.025000
v 0.232711 -0.208846 0.025000
v 0.243498 -0.215534 0.025000
v 0.253809 -0.222148 0.025000
v 0.263504 -0.228599 0.025000
v 0.272442 -0.234802 0.025000
v 0.272442 -0.139806 0.025000
v 0.262887 -0.134911 0.025000
v 0.252689 -0.129695 0.025000
v 0.241986 -0.124249 0.025000
v 0.230919 -0.118662 0.025000
v 0.219627 -0.113026 0.025000
v 0.208252 -0.107431 0.025000
v 0.196933 -0.101966 0.025000
v 0.185810 -0.096722 0.025000
v 0.175023 -0.091790 0.025000
v 0.164712 -0.087258 0.025000
v 0.155018 -0.083219 0.025000
v 0.146079 -0.079761 0.025000
v 0.146079 0.149664 0.025000
v 0.157705 0.149422 0.025000
v 0.169629 0.149145 0.025000
v 0.181703 0.148838 0.025000
v 0.193776 0.148502 0.025000
v 0.205701 0.148142 0.025000
v 0.217326 0.147759 0.025000
v 0.228504 0.147359 0.025000
v 0.239084 0.146942 0.025000
v 0.248917 0.146513 0.025000
v 0.257854 0.146075 0.025000
v 0.265746 0.145631 0.025000
v 0.272442 0.145183 0.025000
v 0.272442 0.226736 0.025000
v 0.257212 0.227371 0.025000
v 0.240818 0.227931 0.025000
v 0.223516 0.228417 0.025000
v 0.205560 0.228827 0.025000
v 0.187205 0.229164 0.025000
v 0.168708 0.229425 0.025000
v 0.150323 0.229612 0.025000
v 0.132304 0.229724 0.025000
v 0.114908 0.229761 0.025000
v 0.098390 0.229724 0.025000
v 0.083004 0.229612 0.025000
v 0.069007 0.229425 0.025000
v 0.069903 -0.061837 0.025000
v 0.037455 -0.057779 0.025000
v 0.006589 -0.057601 0.025000
v -0.022461 -0.061151 0.025000
v -0.049457 -0.068277 0.025000
v -0.074162 -0.078825 0.025000
v -0.096341 -0.092644 0.025000
v -0.115756 -0.109581 0.025000
v -0.132172 -0.129483 0.025000
v -0.145351 -0.152198 0.025000
v -0.155058 -0.177575 0.025000
v -0.161055 -0.205459 0.025000
v -0.086034 -0.233010 0.025000
v -0.083565 -0.215226 0.025000
v -0.078902 -0.199104 0.025000
v -0.072129 -0.184699 0.025000
v -0.063331 -0.172069 0.025000
v -0.052591 -0.161268 0.025000
v -0.039993 -0.152353 0.025000
v -0.025621 -0.145379 0.025000
v -0.009559 -0.140403 0.025000
v 0.008108 -0.137481 0.025000
v 0.027296 -0.136669 0.025000
v 0.047923 -0.138023 0.025000
v 0.069903 -0.141598 0.025000
v 0.069903 -0.246453 0.025000
v 0.069877 -0.256268 0.025000
v 0.069700 -0.265530 0.025000
v 0.069217 -0.274207 0.025000
v 0.068276 -0.282267 0.025000
v 0.066726 -0.289680 0.025000
v 0.064414 -0.296415 0.025000
v 0.061186 -0.302441 0.025000
v 0.056891 -0.307726 0.025000
v 0.051377 -0.312239 0.025000
v 0.044490 -0.315949 0.025000
v 0.036078 -0.318825 0.025000
v 0.025989 -0.320836 0.025000
v 0.014115 -0.321864 0.025000
v 0.001572 -0.321737 0.025000
v -0.011300 -0.320346 0.025000
v -0.024164 -0.317584 0.025000
v -0.036679 -0.313340 0.025000
v -0.048506 -0.307506 0.025000
v -0.059307 -0.299973 0.025000
v -0.068741 -0.290631 0.025000
v -0.076470 -0.279374 0.025000
v -0.082155 -0.266090 0.025000
v -0.085456 -0.250672 0.025000
v -0.837939 0.311875 0.025000
v -0.916804 0.311875 0.025000
v -0.920224 0.288178 0.025000
v -0.923326 0.265019 0.025000
v -0.926130 0.242378 0.025000
v -0.928653 0.220231 0.025000
v -0.930916 0.198557 0.025000
v -0.932935 0.177334 0.025000
v -0.934731 0.156540 0.025000
v -0.936321 0.136155 0.025000
v -0.937724 0.116155 0.025000
v -0.938959 0.096519 0.025000
v -0.940045 0.077225 0.025000
v -0.941001 0.058252 0.025000
v -0.940979 0.038720 0.025000
v -0.940901 0.019546 0.025000
v -0.940749 0.000714 0.025000
v -0.940503 -0.017791 0.025000
v -0.940145 -0.035985 0.025000
v -0.939657 -0.053884 0.025000
v -0.939019 -0.071502 0.025000
v -0.938213 -0.088856 0.025000
v -0.937220 -0.105961 0.025000
v -0.936022 -0.122832 0.025000
v -0.934600 -0.139486 0.025000
v -0.932935 -0.155937 0.025000
v -0.859447 -0.155937 0.025000
v -0.860456 -0.146131 0.025000
v -0.861244 -0.135665 0.025000
v -0.861814 -0.124739 0.025000
v -0.862169 -0.113551 0.025000
v -0.862313 -0.102301 0.025000
v -0.862248 -0.091187 0.025000
v -0.861978 -0.080410 0.025000
v -0.861505 -0.070168 0.025000
v -0.860834 -0.060661 0.025000
v -0.859966 -0.052087 0.025000
v -0.858905 -0.044646 0.025000
v -0.857655 -0.038536 0.025000
v -0.851703 -0.018983 0.025000
v -0.843345 0.004070 0.025000
v -0.832716 0.029644 0.025000
v -0.819949 0.056759 0.025000
v -0.805178 0.084433 0.025000
v -0.788536 0.111688 0.025000
v -0.770159 0.137542 0.025000
v -0.750179 0.161016 0.025000
v -0.728730 0.181129 0.025000
v -0.705946 0.196901 0.025000
v -0.681961 0.207352 0.025000
v -0.656908 0.211501 0.025000
v -0.639286 0.209916 0.025000
v -0.623177 0.204344 0.025000
v -0.608598 0.194908 0.025000
v -0.595569 0.181728 0.025000
v -0.584108 0.164926 0.025000
v -0.574235 0.144623 0.025000
v -0.565967 0.120941 0.025000
v -0.559323 0.094000 0.025000
v -0.554322 0.063924 0.025000
v -0.550983 0.030831 0.025000
v -0.549325 -0.005155 0.025000
v -0.549365 -0.043913 0.025000
v -0.551171 -0.086274 0.025000
v -0.557464 -0.124695 0.025000
v -0.568213 -0.159270 0.025000
v -0.583387 -0.190092 0.025000
v -0.602955 -0.217255 0.025000
v -0.626886 -0.240851 0.025000
v -0.655148 -0.260975 0.025000
v -0.687711 -0.277720 0.025000
v -0.724543 -0.291178 0.025000
v -0.765613 -0.301444 0.025000
v -0.810890 -0.308610 0.025000
v -0.860344 -0.312771 0.025000
v -0.860344 -0.392532 0.025000
v -0.795818 -0.388103 0.025000
v -0.737491 -0.378533 0.025000
v -0.685250 -0.364022 0.025000
v -0.638984 -0.344768 0.025000
v -0.598581 -0.320971 0.025000
v -0.563928 -0.292831 0.025000
v -0.534914 -0.260545 0.025000
v -0.511426 -0.224313 0.025000
v -0.493353 -0.184335 0.025000
v -0.480583 -0.140810 0.025000
v -0.473002 -0.093936 0.025000
v -0.470500 -0.043913 0.025000
v -0.471790 0.011339 0.025000
v -0.475662 0.061514 0.025000
v -0.482123 0.106647 0.025000
v -0.491179 0.146776 0.025000
v -0.502837 0.181939 0.025000
v -0.517102 0.212173 0.025000
v -0.533982 0.237516 0.025000
v -0.553481 0.258003 0.025000
v -0.575607 0.273674 0.025000
v -0.600365 0.284566 0.025000
v -0.627762 0.290714 0.025000
v -0.657804 0.292158 0.025000
v -0.678188 0.289345 0.025000
v -0.698465 0.283321 0.025000
v -0.718493 0.274347 0.025000
v -0.738130 0.262684 0.025000
v -0.757231 0.248593 0.025000
v -0.775654 0.232338 0.025000
v -0.793255 0.214177 0.025000
v -0.809891 0.194374 0.025000
v -0.825420 0.173189 0.025000
v -0.839698 0.150884 0.025000
v -0.852582 0.127720 0.025000
v -0.863928 0.103958 0.025000
v -0.862904 0.120457 0.025000
v -0.861630 0.136848 0.025000
v -0.860120 0.153207 0.025000
v -0.858385 0.169612 0.025000
v -0.856439 0.186143 0.025000
v -0.854294 0.202875 0.025000
v -0.851963 0.219888 0.025000
v -0.849457 0.237258 0.025000
v -0.846789 0.255064 0.025000
v -0.843971 0.273384 0.025000
v -0.841017 0.292295 0.025000
v -1.700971 0.099477 0.025000
v -1.700075 0.005377 0.025000
v -1.690533 0.011280 0.025000
v -1.681168 0.016903 0.025000
v -1.671971 0.022265 0.025000
v -1.662933 0.027384 0.025000
v -1.654044 0.032278 0.025000
v -1.645295 0.036968 0.025000
v -1.636677 0.041471 0.025000
v -1.628181 0.045805 0.025000
v -1.619796 0.049991 0.025000
v -1.611514 0.054045 0.025000
v -1.603325 0.057988 0.025000
v -1.595220 0.061837 0.025000
v -1.586842 0.016677 0.025000
v -1.578305 -0.027375 0.025000
v -1.569637 -0.070295 0.025000
v -1.560866 -0.112057 0.025000
v -1.552021 -0.152637 0.025000
v -1.543129 -0.192009 0.025000
v -1.534219 -0.230149 0.025000
v -1.525318 -0.267032 0.025000
v -1.516454 -0.302633 0.025000
v -1.507655 -0.336926 0.025000
v -1.498950 -0.369888 0.025000
v -1.490366 -0.401494 0.025000
v -1.407916 -0.401494 0.025000
v -1.420748 -0.355637 0.025000
v -1.432827 -0.310817 0.025000
v -1.444184 -0.267023 0.025000
v -1.454850 -0.224247 0.025000
v -1.464857 -0.182479 0.025000
v -1.474235 -0.141710 0.025000
v -1.483015 -0.101931 0.025000
v -1.491229 -0.063132 0.025000
v -1.498908 -0.025303 0.025000
v -1.506083 0.011563 0.025000
v -1.512784 0.047478 0.025000
v -1.519044 0.082450 0.025000
v -1.504006 0.087138 0.025000
v -1.489777 0.091358 0.025000
v -1.476307 0.095122 0.025000
v -1.463547 0.098448 0.025000
v -1.451446 0.101351 0.025000
v -1.439955 0.103846 0.025000
v -1.429025 0.105949 0.025000
v -1.418604 0.107676 0.025000
v -1.408645 0.109041 0.025000
v -1.399096 0.110061 0.025000
v -1.389907 0.110752 0.025000
v -1.381031 0.111128 0.025000
v -1.353953 0.110995 0.025000
v -1.327591 0.109617 0.025000
v -1.302250 0.106871 0.025000
v -1.278234 0.102630 0.025000
v -1.255849 0.096772 0.025000
v -1.235399 0.089171 0.025000
v -1.217190 0.079703 0.025000
v -1.201527 0.068243 0.025000
v -1.188714 0.054668 0.025000
v -1.179056 0.038852 0.025000
v -1.172858 0.020670 0.025000
v -1.170426 -0.000000 0.025000
v -1.172059 -0.022384 0.025000
v -1.177670 -0.042474 0.025000
v -1.186977 -0.060255 0.025000
v -1.199701 -0.075712 0.025000
v -1.215562 -0.088828 0.025000
v -1.234279 -0.099589 0.025000
v -1.255573 -0.107979 0.025000
v -1.279163 -0.113982 0.025000
v -1.304770 -0.117583 0.025000
v -1.332113 -0.118766 0.025000
v -1.360913 -0.117516 0.025000
v -1.390889 -0.113816 0.025000
v -1.390889 -0.189096 0.025000
v -1.353184 -0.194859 0.025000
v -1.316136 -0.196884 0.025000
v -1.280251 -0.195132 0.025000
v -1.246038 -0.189561 0.025000
v -1.214003 -0.180132 0.025000
v -1.184653 -0.166804 0.025000
v -1.158496 -0.149536 0.025000
v -1.136039 -0.128288 0.025000
v -1.117789 -0.103020 0.025000
v -1.104253 -0.073691 0.025000
v -1.095939 -0.040261 0.025000
v -1.093353 -0.002689 0.025000
v -1.095120 0.024240 0.025000
v -1.099942 0.049037 0.025000
v -1.107777 0.071737 0.025000
v -1.118580 0.092374 0.025000
v -1.132308 0.110982 0.025000
v -1.148917 0.127595 0.025000
v -1.168365 0.142248 0.025000
v -1.190607 0.154975 0.025000
v -1.215599 0.165809 0.025000
v -1.243299 0.174786 0.025000
v -1.273663 0.181940 0.025000
v -1.306647 0.187304 0.025000
v -1.307977 0.199279 0.025000
v -1.309298 0.211032 0.025000
v -1.310638 0.222605 0.025000
v -1.312024 0.234039 0.025000
v -1.313485 0.245372 0.025000
v -1.315049 0.256647 0.025000
v -1.316743 0.267903 0.025000
v -1.318596 0.279180 0.025000
v -1.320636 0.290520 0.025000
v -1.322890 0.301962 0.025000
v -1.325388 0.313548 0.025000
v -1.328155 0.325317 0.025000
v -1.408813 0.325317 0.025000
v -1.405769 0.313908 0.025000
v -1.402909 0.302527 0.025000
v -1.400229 0.291164 0.025000
v -1.397727 0.279811 0.025000
v -1.395398 0.268458 0.025000
v -1.393242 0.257095 0.025000
v -1.391253 0.245714 0.025000
v -1.389429 0.234304 0.025000
v -1.387766 0.222858 0.025000
v -1.386263 0.211364 0.025000
v -1.384915 0.199815 0.025000
v -1.383719 0.188200 0.025000
v -1.392568 0.188048 0.025000
v -1.402079 0.187582 0.025000
v -1.412243 0.186786 0.025000
v -1.423052 0.185644 0.025000
v -1.434496 0.184142 0.025000
v -1.446565 0.182263 0.025000
v -1.459250 0.179992 0.025000
v -1.472542 0.177313 0.025000
v -1.486431 0.174211 0.025000
v -1.500909 0.170670 0.025000
v -1.515965 0.166675 0.025000
v -1.531591 0.162211 0.025000
v -1.533451 0.175891 0.025000
v -1.535420 0.189951 0.025000
v -1.537458 0.204248 0.025000
v -1.539524 0.218637 0.025000
v -1.541577 0.232978 0.025000
v -1.543577 0.247125 0.025000
v -1.545484 0.260936 0.025000
v -1.547258 0.274268 0.025000
v -1.548856 0.286977 0.025000
v -1.550241 0.298921 0.025000
v -1.551370 0.309957 0.025000
v -1.552203 0.319940 0.025000
v -1.632861 0.319940 0.025000
v -1.631014 0.305802 0.025000
v -1.629068 0.291229 0.025000
v -1.627035 0.276307 0.025000
v -1.624928 0.261124 0.025000
v -1.622758 0.245766 0.025000
v -1.620538 0.230321 0.025000
v -1.618281 0.214876 0.025000
v -1.615999 0.199519 0.025000
v -1.613705 0.184335 0.025000
v -1.611410 0.169413 0.025000
v -1.609128 0.154840 0.025000
v -1.606871 0.140702 0.025000
v -1.616287 0.136947 0.025000
v -1.625293 0.133292 0.025000
v -1.633925 0.129724 0.025000
v -1.642221 0.126230 0.025000
v -1.650218 0.122799 0.025000
v -1.657954 0.119417 0.025000
v -1.665466 0.116073 0.025000
v -1.672791 0.112754 0.025000
v -1.679967 0.109447 0.025000
v -1.687030 0.106141 0.025000
v -1.694019 0.102821 0.025000
vn -0.0000 -0.0000 -1.0000
vn -0.0000 -0.0000 1.0000
vn -0.0000 -1.0000 -0.0000
vn -0.0000 1.0000 -0.0000
vn -0.0000 0.0001 -1.0000
vn -0.9733 -0.2295 -0.0000
vn -0.4442 -0.8959 -0.0000
vn 0.8801 0.4747 -0.0000
vn -0.4119 -0.9112 -0.0000
vn -0.4613 -0.8872 -0.0000
vn 0.9811 0.1933 -0.0000
vn -0.4763 -0.8793 -0.0000
vn -1.0000 -0.0000 -0.0000
vn 0.9934 0.1151 -0.0000
vn 0.3762 -0.9265 -0.0000
vn -0.9908 -0.1350 -0.0000
vn -0.4897 -0.8719 -0.0000
vn -0.9766 -0.2152 -0.0000
vn -0.7724 0.6351 -0.0000
vn -0.5024 -0.8647 -0.0000
vn 1.0000 -0.0000 -0.0000
vn -0.5727 -0.8198 -0.0000
vn -0.5146 -0.8574 -0.0000
vn 0.9842 0.1770 -0.0000
vn -0.5270 -0.8499 -0.0000
vn 0.9922 0.1248 -0.0000
vn 0.4478 -0.8941 -0.0000
vn -0.9796 -0.2009 -0.0000
vn -0.5399 -0.8417 -0.0000
vn 0.5200 -0.8542 -0.0000
vn -0.7354 -0.6776 -0.0000
vn -0.5540 -0.8325 -0.0000
vn 0.9868 0.1621 -0.0000
vn -0.9905 -0.1375 -0.0000
vn -0.8498 0.5270 -0.0000
vn -0.5701 -0.8216 -0.0000
vn 0.9913 0.1318 -0.0000
vn 0.5922 -0.8058 -0.0000
vn 0.2959 -0.9552 -0.0000
vn -0.9825 -0.1865 -0.0000
vn 0.9630 0.2696 -0.0000
vn -0.8716 -0.4903 -0.0000
vn 0.9889 0.1489 -0.0000
vn 0.4365 -0.8997 -0.0000
vn -0.0293 0.9996 -0.0000
vn -0.9902 -0.1399 -0.0000
vn -0.9340 0.3573 -0.0000
vn 0.6637 -0.7480 -0.0000
vn 0.0611 0.9981 -0.0000
vn -0.9143 0.4050 -0.0000
vn 0.9906 0.1368 -0.0000
vn 0.5777 -0.8163 -0.0000
vn 0.1194 0.9928 -0.0000
vn -0.9851 -0.1721 -0.0000
vn -0.1688 0.9856 -0.0000
vn 0.7334 -0.6798 -0.0000
vn 0.7091 -0.7051 -0.0000
vn -0.9588 -0.2842 -0.0000
vn 0.9905 0.1374 -0.0000
vn 0.1813 0.9834 -0.0000
vn -0.9645 0.2642 -0.0000
vn 0.9902 0.1400 -0.0000
vn 0.7996 -0.6005 -0.0000
vn 0.2453 0.9695 -0.0000
vn -0.9898 -0.1423 -0.0000
vn -0.9612 0.2758 -0.0000
vn -0.3061 0.9520 -0.0000
vn 0.9673 -0.2538 -0.0000
vn -0.9875 -0.1579 -0.0000
vn 0.9974 0.0716 -0.0000
vn 0.8205 -0.5716 -0.0000
vn 0.3092 0.9510 -0.0000
vn -0.9776 0.2103 -0.0000
vn 0.9918 0.1279 -0.0000
vn 0.8604 -0.5096 -0.0000
vn 0.3706 0.9288 -0.0000
vn -0.9896 -0.1437 -0.0000
vn -0.9958 -0.0910 -0.0000
vn 0.9050 -0.4255 -0.0000
vn 0.4269 0.9043 -0.0000
vn -0.4365 0.8997 -0.0000
vn 0.9927 0.1204 -0.0000
vn 0.9133 -0.4072 -0.0000
vn 0.9606 -0.2778 -0.0000
vn -0.9891 0.1470 -0.0000
vn -0.9633 0.2683 -0.0000
vn 0.9899 0.1417 -0.0000
vn 0.4762 0.8794 -0.0000
vn -0.9895 -0.1446 -0.0000
vn 0.9556 -0.2946 -0.0000
vn 0.9662 -0.2576 -0.0000
vn 0.5168 0.8561 -0.0000
vn -0.9916 -0.1297 -0.0000
vn -0.9977 0.0677 -0.0000
vn -0.5564 0.8309 -0.0000
vn 0.9848 -0.1738 -0.0000
vn -0.9988 0.0484 -0.0000
vn 0.9934 0.1150 -0.0000
vn 0.9905 -0.1375 -0.0000
vn 0.5479 0.8365 -0.0000
vn -0.9997 0.0257 -0.0000
vn 0.9899 0.1421 -0.0000
vn 0.9995 0.0327 -0.0000
vn 0.5692 0.8222 -0.0000
vn -0.9891 -0.1470 -0.0000
vn -0.9980 -0.0638 -0.0000
vn 0.9970 -0.0779 -0.0000
vn 0.5809 0.8139 -0.0000
vn -0.9933 -0.1159 -0.0000
vn -1.0000 0.0026 -0.0000
vn -0.6633 0.7483 -0.0000
vn 0.9988 -0.0482 -0.0000
vn -0.9809 0.1946 -0.0000
vn 0.9937 0.1117 -0.0000
vn 0.9778 0.2094 -0.0000
vn -0.2021 -0.9794 -0.0000
vn 0.9900 0.1411 -0.0000
vn 0.9986 0.0524 -0.0000
vn 0.9995 -0.0329 -0.0000
vn -0.9947 -0.1024 -0.0000
vn -0.9972 -0.0748 -0.0000
vn -0.9998 0.0192 -0.0000
vn -0.7560 0.6546 -0.0000
vn -0.9888 -0.1494 -0.0000
vn -0.9794 -0.2020 -0.0000
vn 0.9912 0.1325 -0.0000
vn -0.9985 0.0556 -0.0000
vn -0.0680 -0.9977 -0.0000
vn 0.9939 0.1104 -0.0000
vn 0.9769 -0.2138 -0.0000
vn -0.9369 0.3497 -0.0000
vn 0.0680 -0.9977 -0.0000
vn 0.9903 0.1387 -0.0000
vn 0.9194 0.3934 -0.0000
vn -0.0172 0.9999 -0.0000
vn -0.9933 0.1159 -0.0000
vn 0.2021 -0.9794 -0.0000
vn 0.9758 0.2186 -0.0000
vn -0.8339 0.5520 -0.0000
vn -0.0490 0.9988 -0.0000
vn -0.9859 -0.1676 -0.0000
vn 0.9941 -0.1084 -0.0000
vn -0.3304 -0.9438 -0.0000
vn -0.0781 0.9969 -0.0000
vn -0.8645 0.5027 -0.0000
vn 0.8244 0.5660 -0.0000
vn -0.9788 0.2047 -0.0000
vn 0.3304 -0.9438 -0.0000
vn 0.1605 0.9870 -0.0000
vn 0.9504 0.3109 -0.0000
vn -0.4505 -0.8928 -0.0000
vn -0.1050 0.9945 -0.0000
vn -0.9374 -0.3482 -0.0000
vn 0.9995 -0.0324 -0.0000
vn -0.1302 0.9915 -0.0000
vn -0.9458 0.3248 -0.0000
vn 0.4505 -0.8928 -0.0000
vn 0.9325 -0.3611 -0.0000
vn -0.5610 -0.8278 -0.0000
vn -0.9884 -0.1520 -0.0000
vn 0.9124 0.4093 -0.0000
vn 0.7036 0.7106 -0.0000
vn -0.1538 0.9881 -0.0000
vn -0.7673 0.6412 -0.0000
vn 0.5610 -0.8278 -0.0000
vn 0.9800 -0.1988 -0.0000
vn -0.8968 0.4423 -0.0000
vn -0.1762 0.9843 -0.0000
vn -0.9630 -0.2694 -0.0000
vn -0.8815 0.4722 -0.0000
vn -0.6611 -0.7503 -0.0000
vn -0.9982 0.0603 -0.0000
vn 0.2293 0.9734 -0.0000
vn 0.5721 0.8202 -0.0000
vn -0.1976 0.9803 -0.0000
vn -0.7761 0.6307 -0.0000
vn 0.6611 -0.7503 -0.0000
vn 0.8585 0.5129 -0.0000
vn -0.7503 -0.6611 -0.0000
vn -0.2180 0.9760 -0.0000
vn 0.9941 -0.1081 -0.0000
vn 0.4424 0.8968 -0.0000
vn -0.9798 0.1998 -0.0000
vn -0.6333 0.7739 -0.0000
vn 0.7503 -0.6611 -0.0000
vn 0.9909 0.1347 -0.0000
vn -0.9449 0.3272 -0.0000
vn -0.6542 0.7563 -0.0000
vn -0.8699 -0.4932 -0.0000
vn 0.3083 0.9513 -0.0000
vn -0.8278 -0.5610 -0.0000
vn -0.2376 0.9714 -0.0000
vn -0.4743 0.8804 -0.0000
vn 0.7851 0.6194 -0.0000
vn -0.2565 0.9666 -0.0000
vn -0.9330 0.3598 -0.0000
vn 0.8278 -0.5610 -0.0000
vn 0.3211 0.9470 -0.0000
vn -0.9880 -0.1547 -0.0000
vn -0.9254 -0.3790 -0.0000
vn 0.9293 0.3693 -0.0000
vn 0.9523 -0.3053 -0.0000
vn -0.8928 -0.4505 -0.0000
vn -0.2747 0.9615 -0.0000
vn -0.8496 0.5274 -0.0000
vn -0.3236 0.9462 -0.0000
vn -0.5355 0.8445 -0.0000
vn 0.8928 -0.4505 -0.0000
vn 0.3977 0.9175 -0.0000
vn 0.2100 0.9777 -0.0000
vn -0.1955 0.9807 -0.0000
vn 0.9391 0.3438 -0.0000
vn 0.8604 -0.5097 -0.0000
vn -0.9781 0.2080 -0.0000
vn 0.4966 0.8680 -0.0000
vn -0.9875 -0.1577 -0.0000
vn 0.6888 0.7250 -0.0000
vn 0.1074 0.9942 -0.0000
vn -0.9438 -0.3304 -0.0000
vn -0.0862 0.9963 -0.0000
vn 0.9796 -0.2008 -0.0000
vn 0.6018 0.7987 -0.0000
vn -0.7310 0.6824 -0.0000
vn 0.9438 -0.3304 -0.0000
vn -0.3704 0.9289 -0.0000
vn 0.0101 0.9999 -0.0000
vn 0.9482 0.3176 -0.0000
vn -0.3761 0.9266 -0.0000
vn 0.5676 0.8233 -0.0000
vn -0.7791 -0.6268 -0.0000
vn -0.9794 -0.2021 -0.0000
vn -0.5912 0.8065 -0.0000
vn -0.3820 0.9242 -0.0000
vn -0.4196 0.9077 -0.0000
vn 0.9045 -0.4265 -0.0000
vn 0.9794 -0.2021 -0.0000
vn -0.3881 0.9216 -0.0000
vn -0.4501 0.8930 -0.0000
vn 0.8303 -0.5573 -0.0000
vn 0.9567 0.2910 -0.0000
vn -0.6718 -0.7408 -0.0000
vn -0.9963 0.0861 -0.0000
vn 0.7072 0.7070 -0.0000
vn -0.3943 0.9190 -0.0000
vn 0.4225 0.9064 -0.0000
vn -0.3229 0.9464 -0.0000
vn 0.7265 -0.6872 -0.0000
vn 0.9645 0.2640 -0.0000
vn -0.4005 0.9163 -0.0000
vn -0.5563 -0.8310 -0.0000
vn -0.9977 -0.0680 -0.0000
vn -0.4067 0.9136 -0.0000
vn 0.2588 0.9659 -0.0000
vn -0.2166 0.9763 -0.0000
vn 0.5965 -0.8026 -0.0000
vn 0.9977 -0.0680 -0.0000
vn -0.4127 0.9109 -0.0000
vn -0.4403 -0.8978 -0.0000
vn -0.1320 0.9913 -0.0000
vn 0.9716 0.2368 -0.0000
vn -0.4185 0.9082 -0.0000
vn -0.3116 0.9502 -0.0000
vn 0.4513 -0.8924 -0.0000
vn -0.3292 -0.9442 -0.0000
vn 0.9977 0.0680 -0.0000
vn 0.0860 0.9963 -0.0000
vn -0.9977 0.0680 -0.0000
vn 0.0423 -0.9991 -0.0000
vn -0.0670 0.9978 -0.0000
vn 0.3053 -0.9523 -0.0000
vn -0.0049 -1.0000 -0.0000
vn -0.2256 -0.9742 -0.0000
vn -0.9985 -0.0556 -0.0000
vn -0.0189 0.9998 -0.0000
vn -0.0522 -0.9986 -0.0000
vn 0.1701 -0.9854 -0.0000
vn 0.9833 0.1821 -0.0000
vn -0.8697 -0.4936 -0.0000
vn -0.1299 -0.9915 -0.0000
vn 0.8047 0.5937 -0.0000
vn 0.9879 0.1549 -0.0000
vn -0.0418 -0.9991 -0.0000
vn 0.0749 -0.9972 -0.0000
vn 0.9502 -0.3115 -0.0000
vn 0.0520 -0.9986 -0.0000
vn 0.9794 0.2021 -0.0000
vn -0.2136 0.9769 -0.0000
vn -0.9897 0.1428 -0.0000
vn -0.9794 0.2021 -0.0000
vn 0.1062 -0.9943 -0.0000
vn -0.1078 -0.9942 -0.0000
vn 0.7626 -0.6468 -0.0000
vn 0.9917 0.1282 -0.0000
vn -0.4240 0.9057 -0.0000
vn -0.1255 0.9921 -0.0000
vn 0.9879 -0.1553 -0.0000
vn 0.9948 0.1021 -0.0000
vn -0.0465 0.9989 -0.0000
vn 0.9880 -0.1543 -0.0000
vn -0.9827 -0.1851 -0.0000
vn 0.1358 -0.9907 -0.0000
vn -0.1367 0.9906 -0.0000
vn 0.1635 -0.9866 -0.0000
vn 0.0480 0.9988 -0.0000
vn 0.9438 0.3304 -0.0000
vn -0.1739 -0.9848 -0.0000
vn -0.9438 0.3304 -0.0000
vn 0.8987 -0.4385 -0.0000
vn 0.2190 0.9757 -0.0000
vn -0.4290 0.9033 -0.0000
vn -0.7935 -0.6086 -0.0000
vn -0.2848 0.9586 -0.0000
vn 0.9970 0.0768 -0.0000
vn -0.9911 0.1328 -0.0000
vn 0.1889 -0.9820 -0.0000
vn 0.6477 -0.7619 -0.0000
vn 0.9997 0.0254 -0.0000
vn 0.2122 -0.9772 -0.0000
vn 0.8184 -0.5747 -0.0000
vn 0.4027 0.9153 -0.0000
vn 0.8928 0.4505 -0.0000
vn -0.4335 0.9012 -0.0000
vn -0.6964 -0.7177 -0.0000
vn -0.4089 0.9126 -0.0000
vn -0.8928 0.4505 -0.0000
vn -0.2532 -0.9674 -0.0000
vn -0.5107 0.8598 -0.0000
vn -0.9496 -0.3135 -0.0000
vn 0.7072 -0.7071 -0.0000
vn 0.2333 -0.9724 -0.0000
vn 0.5267 -0.8500 -0.0000
vn 0.5780 0.8161 -0.0000
vn 0.8278 0.5610 -0.0000
vn -1.0000 -0.0095 -0.0000
vn -0.5808 -0.8140 -0.0000
vn -0.8278 0.5610 -0.0000
vn 0.5261 -0.8504 -0.0000
vn 0.9884 -0.1520 -0.0000
vn -0.9924 0.1229 -0.0000
vn 0.5148 -0.8573 -0.0000
vn 0.5714 -0.8207 -0.0000
vn 0.9998 -0.0183 -0.0000
vn -0.4523 -0.8919 -0.0000
vn -0.5936 0.8047 -0.0000
vn -0.7503 0.6611 -0.0000
vn 0.5036 -0.8639 -0.0000
vn 0.4928 -0.8701 -0.0000
vn 0.4096 -0.9122 -0.0000
vn 0.7244 0.6894 -0.0000
vn 0.7503 0.6611 -0.0000
vn -0.8995 -0.4369 -0.0000
vn 0.4824 -0.8760 -0.0000
vn 0.4249 -0.9052 -0.0000
vn 0.9890 -0.1482 -0.0000
vn -0.3180 -0.9481 -0.0000
vn -0.6616 0.7498 -0.0000
vn -0.6611 0.7503 -0.0000
vn 0.4724 -0.8814 -0.0000
vn -0.9936 0.1132 -0.0000
vn 0.4631 -0.8863 -0.0000
vn 0.2829 -0.9591 -0.0000
vn 0.6611 0.7503 -0.0000
vn 0.4544 -0.8908 -0.0000
vn 0.3025 -0.9532 -0.0000
vn 0.8323 0.5543 -0.0000
vn 0.9982 -0.0600 -0.0000
vn -0.1851 -0.9827 -0.0000
vn -0.5610 0.8278 -0.0000
vn 0.4466 -0.8947 -0.0000
vn 0.9898 -0.1428 -0.0000
vn -0.7181 0.6960 -0.0000
vn 0.4397 -0.8981 -0.0000
vn 0.1556 -0.9878 -0.0000
vn 0.5610 0.8278 -0.0000
vn -0.0592 -0.9982 -0.0000
vn -0.9946 0.1038 -0.0000
vn -0.8338 -0.5521 -0.0000
vn 0.4338 -0.9010 -0.0000
vn 0.0471 -0.9989 -0.0000
vn -0.4505 0.8928 -0.0000
vn 0.4290 -0.9033 -0.0000
vn 0.2077 -0.9782 -0.0000
vn 0.9907 -0.1358 -0.0000
vn 0.0542 -0.9985 -0.0000
vn -0.7657 0.6432 -0.0000
vn 0.1253 -0.9921 -0.0000
vn 0.4505 0.8928 -0.0000
vn -0.9892 0.1465 -0.0000
vn -0.3304 0.9438 -0.0000
vn 0.2692 -0.9631 -0.0000
vn -0.0896 -0.9960 -0.0000
vn 0.2522 -0.9677 -0.0000
vn 0.3304 0.9438 -0.0000
vn -0.3484 -0.9373 -0.0000
vn 0.9850 -0.1725 -0.0000
vn -0.9879 0.1553 -0.0000
vn 0.9044 0.4267 -0.0000
vn 0.8860 0.4638 -0.0000
vn 0.1634 -0.9866 -0.0000
vn 0.9949 -0.1008 -0.0000
vn 0.9839 -0.1786 -0.0000
vn -0.3269 -0.9451 -0.0000
vn -0.2021 0.9794 -0.0000
vn 0.2843 -0.9587 -0.0000
vn -0.9867 0.1628 -0.0000
vn 0.3995 -0.9168 -0.0000
vn 0.2021 0.9794 -0.0000
vn 0.9830 -0.1836 -0.0000
vn -0.5434 -0.8395 -0.0000
vn -0.0680 0.9977 -0.0000
vn 0.2977 -0.9547 -0.0000
vn -0.9856 0.1693 -0.0000
vn 0.9844 0.1762 -0.0000
vn 0.9919 -0.1272 -0.0000
vn 0.0680 0.9977 -0.0000
vn -0.5905 -0.8071 -0.0000
vn 0.9822 -0.1878 -0.0000
vn -0.9955 0.0947 -0.0000
vn -0.9846 0.1750 -0.0000
vn 0.7356 -0.6774 -0.0000
vn 0.9453 0.3262 -0.0000
vn 0.5692 -0.8222 -0.0000
vn -0.9973 0.0739 -0.0000
vn -0.7272 -0.6864 -0.0000
vn 0.9816 -0.1911 -0.0000
vn -0.7112 -0.7030 -0.0000
vn -0.9836 0.1803 -0.0000
vn -0.7541 -0.6567 -0.0000
vn -0.9832 -0.1824 -0.0000
vn -0.8065 0.5912 -0.0000
vn -0.9937 0.1122 -0.0000
vn -0.8535 -0.5212 -0.0000
vn 0.9810 -0.1938 -0.0000
vn -0.9827 0.1852 -0.0000
vn 0.9931 -0.1169 -0.0000
vn 0.6934 -0.7206 -0.0000
vn 0.9816 0.1909 -0.0000
vn 0.9492 0.3147 -0.0000
vn 0.9806 -0.1958 -0.0000
vn -0.8261 -0.5635 -0.0000
vn 0.9899 -0.1419 -0.0000
vn 0.9830 0.1834 -0.0000
vn -0.9818 0.1898 -0.0000
vn -0.6623 -0.7492 -0.0000
vn -0.9465 -0.3226 -0.0000
vn 0.6840 -0.7295 -0.0000
vn -0.9889 0.1488 -0.0000
vn 0.9804 -0.1972 -0.0000
vn -0.9963 0.0860 -0.0000
vn 0.9979 0.0655 -0.0000
vn -0.9810 0.1942 -0.0000
vn -0.9931 -0.1169 -0.0000
vn -0.8422 0.5391 -0.0000
vn 0.6443 -0.7647 -0.0000
vn -0.9817 -0.1903 -0.0000
vn 0.9802 -0.1981 -0.0000
vn 0.5884 -0.8085 -0.0000
vn -0.9801 0.1986 -0.0000
vn 0.9945 -0.1051 -0.0000
vn -0.5600 -0.8285 -0.0000
vn -0.8993 -0.4373 -0.0000
vn 0.9816 0.1910 -0.0000
vn -0.9826 0.1858 -0.0000
vn -0.9973 0.0728 -0.0000
vn 0.9801 -0.1983 -0.0000
vn -0.9792 0.2029 -0.0000
vn 0.7615 -0.6482 -0.0000
vn -0.9970 0.0778 -0.0000
vn 0.5260 -0.8505 -0.0000
vn 0.9976 -0.0687 -0.0000
vn -0.9631 0.2690 -0.0000
vn 0.9802 -0.1979 -0.0000
vn 0.9829 -0.1842 -0.0000
vn -0.9783 0.2073 -0.0000
vn 0.9958 -0.0919 -0.0000
vn -0.4483 -0.8939 -0.0000
vn -0.8739 0.4861 -0.0000
vn 0.9800 0.1989 -0.0000
vn -0.9802 -0.1980 -0.0000
vn 0.9804 -0.1969 -0.0000
vn 0.4579 -0.8890 -0.0000
vn -0.0023 1.0000 -0.0000
vn 0.9755 0.2201 -0.0000
vn -0.9745 0.2242 -0.0000
vn -0.9441 -0.3296 -0.0000
vn 0.9704 -0.2413 -0.0000
vn 0.0021 1.0000 -0.0000
vn -0.8860 0.4637 -0.0000
vn -0.0073 1.0000 -0.0000
vn 0.3857 -0.9226 -0.0000
vn 0.8151 -0.5794 -0.0000
vn -0.3283 -0.9446 -0.0000
vn -0.7721 0.6356 -0.0000
vn 0.0062 1.0000 -0.0000
vn 0.9970 -0.0775 -0.0000
vn -0.0133 0.9999 -0.0000
vn -0.9975 0.0700 -0.0000
vn 0.3112 -0.9503 -0.0000
vn 0.9783 0.2071 -0.0000
vn -0.9787 -0.2055 -0.0000
vn -0.9024 0.4309 -0.0000
vn 0.2366 -0.9716 -0.0000
vn 0.0102 0.9999 -0.0000
vn -0.2012 -0.9796 -0.0000
vn -1.0000 -0.0031 -0.0000
vn -0.9709 -0.2394 -0.0000
vn 0.9080 -0.4190 -0.0000
vn -0.9644 0.2646 -0.0000
vn -0.6373 0.7706 -0.0000
vn 0.9981 -0.0620 -0.0000
vn -0.4984 0.8669 -0.0000
vn -0.9980 0.0628 -0.0000
vn 0.1638 -0.9865 -0.0000
vn 0.0141 0.9999 -0.0000
vn -0.3666 0.9304 -0.0000
vn 0.9734 -0.2289 -0.0000
vn 0.0183 0.9998 -0.0000
vn 0.8535 -0.5211 -0.0000
vn 0.0946 -0.9955 -0.0000
vn 0.9765 0.2155 -0.0000
vn 0.0229 0.9997 -0.0000
vn 0.0302 -0.9995 -0.0000
vn 0.8107 -0.5855 -0.0000
vn 0.0280 0.9996 -0.0000
vn -0.9984 0.0562 -0.0000
vn -0.9515 0.3075 -0.0000
vn -0.2466 0.9691 -0.0000
vn 0.0341 0.9994 -0.0000
vn -0.9865 -0.1640 -0.0000
vn -0.9771 -0.2130 -0.0000
vn 0.9608 -0.2772 -0.0000
vn -0.9355 0.3533 -0.0000
vn 0.8822 -0.4709 -0.0000
vn -0.9987 0.0503 -0.0000
vn 0.1225 0.9925 -0.0000
vn 0.9439 -0.3303 -0.0000
vn -0.1393 0.9903 -0.0000
vn -0.9949 -0.1004 -0.0000
vn -0.9156 0.4021 -0.0000
vn 0.0434 0.9991 -0.0000
vn 0.9970 0.0769 -0.0000
vn 0.9209 -0.3897 -0.0000
vn -0.0432 0.9991 -0.0000
vn 0.0416 0.9991 -0.0000
vn -1.0000 -0.0011 -0.0000
vn -0.8910 0.4540 -0.0000
vn -0.0208 -0.9998 -0.0000
vn -0.8608 0.5089 -0.0000
vn -0.0232 -0.9997 -0.0000
vn 0.9047 -0.4260 -0.0000
vn 0.6873 -0.7264 -0.0000
vn -1.0000 -0.0041 -0.0000
vn -0.0255 -0.9997 -0.0000
vn 0.8894 -0.4570 -0.0000
vn 0.9746 0.2242 -0.0000
vn -0.9989 -0.0460 -0.0000
vn -0.8243 0.5662 -0.0000
vn -0.0278 -0.9996 -0.0000
vn 0.5509 -0.8345 -0.0000
vn -0.9754 -0.2203 -0.0000
vn -0.0302 -0.9995 -0.0000
vn 0.9234 -0.3838 -0.0000
vn 0.8456 -0.5338 -0.0000
vn -1.0000 -0.0081 -0.0000
vn -0.0329 -0.9995 -0.0000
vn 0.4135 -0.9105 -0.0000
vn -0.0358 -0.9994 -0.0000
vn 0.9997 0.0233 -0.0000
vn 0.2824 -0.9593 -0.0000
vn -0.0393 -0.9992 -0.0000
vn 0.9401 -0.3408 -0.0000
vn -0.8677 -0.4970 -0.0000
vn 0.9725 0.2330 -0.0000
vn -0.9999 -0.0133 -0.0000
vn -0.1511 -0.9885 -0.0000
vn -0.0436 -0.9991 -0.0000
vn -1.0000 0.0010 -0.0000
vn -0.0490 -0.9988 -0.0000
vn 0.8918 0.4525 -0.0000
vn 0.1607 -0.9870 -0.0000
vn -0.9998 -0.0197 -0.0000
vn -0.9738 -0.2275 -0.0000
vn -0.0562 -0.9984 -0.0000
vn 0.8950 0.4460 -0.0000
vn -0.8754 -0.4834 -0.0000
vn -0.0546 -0.9985 -0.0000
vn -0.0667 -0.9978 -0.0000
vn 0.9567 -0.2912 -0.0000
vn 0.0488 -0.9988 -0.0000
vn -0.9996 -0.0273 -0.0000
vn -0.8827 -0.4699 -0.0000
vn 0.9703 0.2419 -0.0000
vn -0.9721 -0.2346 -0.0000
vn 0.9797 -0.2005 -0.0000
vn 0.8983 0.4395 -0.0000
vn -0.9991 0.0426 -0.0000
vn -0.8897 -0.4566 -0.0000
vn -0.9816 0.1909 -0.0000
vn 0.9680 0.2510 -0.0000
vn -0.9704 -0.2416 -0.0000
vn 0.9988 -0.0500 -0.0000
vn 0.9015 0.4328 -0.0000
vn -0.8963 -0.4435 -0.0000
vn -0.9686 -0.2485 -0.0000
vn 0.9900 -0.1411 -0.0000
vn 0.9784 -0.2067 -0.0000
vn -0.9792 0.2027 -0.0000
vn 0.9949 -0.1007 -0.0000
vn 0.9047 0.4260 -0.0000
vn 0.9656 0.2602 -0.0000
vn -0.9993 -0.0362 -0.0000
vn -0.9669 -0.2553 -0.0000
vn 0.9771 -0.2126 -0.0000
vn -0.9771 0.2130 -0.0000
vn 0.9975 -0.0705 -0.0000
vn 0.9630 0.2695 -0.0000
vn -0.9650 -0.2621 -0.0000
vn 0.9989 -0.0461 -0.0000
vn 0.9759 -0.2180 -0.0000
vn -0.9989 -0.0464 -0.0000
vn -0.9750 0.2221 -0.0000
vn -0.9026 -0.4305 -0.0000
vn 0.9997 -0.0251 -0.0000
vn 0.9748 -0.2232 -0.0000
vn -0.9869 0.1616 -0.0000
vn -0.9732 0.2301 -0.0000
vn 0.9080 0.4191 -0.0000
vn -0.9983 -0.0579 -0.0000
vn -0.9085 -0.4179 -0.0000
vn 0.9736 -0.2281 -0.0000
vn -0.9714 0.2373 -0.0000
vn 1.0000 -0.0058 -0.0000
vn 0.9112 0.4120 -0.0000
vn -0.9141 -0.4055 -0.0000
vn 0.9872 -0.1596 -0.0000
vn 0.9725 -0.2328 -0.0000
vn -0.9698 0.2437 -0.0000
vn 0.9999 0.0128 -0.0000
vn 0.9144 0.4049 -0.0000
vn -0.9975 -0.0708 -0.0000
vn -0.9194 -0.3934 -0.0000
vn 0.9714 -0.2373 -0.0000
vn -0.1213 0.9926 -0.0000
vn 0.9995 0.0317 -0.0000
vn 0.9175 0.3977 -0.0000
vn -0.9964 -0.0851 -0.0000
vn 0.0058 1.0000 -0.0000
vn -0.9549 0.2969 -0.0000
vn 0.1241 0.9923 -0.0000
vn -0.9684 0.2496 -0.0000
vn 0.9986 0.0521 -0.0000
vn -0.2552 0.9669 -0.0000
vn 0.9972 0.0751 -0.0000
vn -0.9949 -0.1007 -0.0000
vn -0.9244 -0.3815 -0.0000
vn 0.9704 -0.2416 -0.0000
vn -0.3927 0.9197 -0.0000
vn 0.9595 -0.2815 -0.0000
vn 0.9207 0.3903 -0.0000
vn -0.9290 -0.3700 -0.0000
vn -0.5288 0.8487 -0.0000
vn 0.9948 0.1023 -0.0000
vn -0.8972 0.4417 -0.0000
vn 0.9238 0.3828 -0.0000
vn 0.3608 0.9327 -0.0000
vn -0.9334 -0.3589 -0.0000
vn 0.9112 -0.4119 -0.0000
vn 0.3846 0.9231 -0.0000
vn -0.8114 0.5845 -0.0000
vn 0.9269 0.3752 -0.0000
vn 0.4023 0.9155 -0.0000
vn -0.7021 0.7121 -0.0000
vn -0.0491 0.9988 -0.0000
vn 0.4159 0.9094 -0.0000
vn 0.0265 0.9996 -0.0000
vn -0.6574 0.7536 -0.0000
vn 0.8391 -0.5440 -0.0000
vn -0.5800 0.8146 -0.0000
vn 0.1103 0.9939 -0.0000
vn -0.9670 0.2549 -0.0000
vn -0.1235 0.9923 -0.0000
vn 0.7438 -0.6684 -0.0000
vn 0.4264 0.9045 -0.0000
vn -0.4573 0.8893 -0.0000
vn 0.2074 0.9783 -0.0000
vn 0.9693 -0.2458 -0.0000
vn -0.3432 0.9393 -0.0000
vn 0.3218 0.9468 -0.0000
vn 0.4348 0.9005 -0.0000
vn -0.2425 0.9702 -0.0000
vn -0.3218 0.9468 -0.0000
vn 0.4414 0.8973 -0.0000
vn -0.7714 0.6363 -0.0000
vn 0.6304 -0.7763 -0.0000
vn 0.4553 0.8903 -0.0000
vn -0.1563 0.9877 -0.0000
vn -0.3807 0.9247 -0.0000
vn 0.4466 0.8947 -0.0000
vn -0.0838 0.9965 -0.0000
vn 0.6039 0.7971 -0.0000
vn 0.4506 0.8927 -0.0000
vn -0.4476 0.8942 -0.0000
vn 0.4535 0.8913 -0.0000
vn -0.5222 0.8528 -0.0000
vn -0.9657 0.2597 -0.0000
vn 0.5075 -0.8617 -0.0000
vn -0.8650 0.5018 -0.0000
vn 0.3842 -0.9232 -0.0000
vn 0.2676 -0.9635 -0.0000
vn 0.7534 0.6576 -0.0000
vn 0.0685 -0.9977 -0.0000
vn -0.6033 0.7975 -0.0000
vn 0.1619 -0.9868 -0.0000
vn -0.9662 -0.2578 -0.0000
vn 0.0119 -0.9999 -0.0000
vn -0.0620 -0.9981 -0.0000
vn 0.9683 -0.2498 -0.0000
vn 0.9734 0.2289 -0.0000
vn -0.9916 -0.1295 -0.0000
vn 0.0705 -0.9975 -0.0000
vn 0.4560 0.8900 -0.0000
vn -0.1550 -0.9879 -0.0000
vn -0.0655 -0.9979 -0.0000
vn 0.9965 0.0832 -0.0000
vn 0.1170 -0.9931 -0.0000
vn 0.1632 -0.9866 -0.0000
vn -0.9698 -0.2437 -0.0000
vn -0.6882 0.7255 -0.0000
vn -0.1606 -0.9870 -0.0000
vn 0.9776 0.2107 -0.0000
vn -0.3983 -0.9173 -0.0000
vn 0.9948 0.1018 -0.0000
vn -0.9912 -0.1323 -0.0000
vn -0.2710 -0.9626 -0.0000
vn -0.4238 -0.9058 -0.0000
vn -0.7674 0.6412 -0.0000
vn -0.9798 0.1999 -0.0000
vn -0.3235 0.9462 -0.0000
vn -0.4523 -0.8918 -0.0000
vn -0.8609 0.5089 -0.0000
vn 0.9745 0.2242 -0.0000
vt 0.697674 0.000000
vt 0.598837 0.000000
vt 0.703488 0.000000
vt 0.037736 0.000000
vt 0.685535 0.000000
vt 0.232704 0.000000
vt 0.237762 0.000000
vt 0.230769 0.000000
vt 0.223776 0.000000
vt 0.202797 0.000000
vt 0.195804 0.000000
vt 0.188811 0.000000
vt 0.244755 0.000000
vt 0.251748 0.000000
vt 0.181818 0.000000
vt 0.174825 0.000000
vt 0.342657 0.000000
vt 0.335664 0.000000
vt 0.328671 0.000000
vt 0.321678 0.000000
vt 0.349650 0.000000
vt 0.314685 0.000000
vt 0.307692 0.000000
vt 0.356643 0.000000
vt 0.300699 0.000000
vt 0.293706 0.000000
vt 0.286713 0.000000
vt 0.363636 0.000000
vt 0.279720 0.000000
vt 0.272727 0.000000
vt 0.370629 0.000000
vt 0.265734 0.000000
vt 0.258741 0.000000
vt 0.377622 0.000000
vt 0.762238 0.000000
vt 0.769231 0.000000
vt 0.384615 0.000000
vt 0.755245 0.000000
vt 0.748252 0.000000
vt 0.741259 0.000000
vt 0.391608 0.000000
vt 0.776224 0.000000
vt 0.734266 0.000000
vt 0.783217 0.000000
vt 0.727273 0.000000
vt 0.790210 0.000000
vt 0.720280 0.000000
vt 0.398601 0.000000
vt 0.797203 0.000000
vt 0.713287 0.000000
vt 0.804196 0.000000
vt 0.706294 0.000000
vt 0.405594 0.000000
vt 0.811189 0.000000
vt 0.699301 0.000000
vt 0.056604 0.000000
vt 0.635220 0.000000
vt 0.062893 0.000000
vt 0.692308 0.000000
vt 0.867133 0.000000
vt 0.076923 0.000000
vt 0.874126 0.000000
vt 0.377907 0.000000
vt 0.488372 0.000000
vt 0.383721 0.000000
vt 0.901163 0.000000
vt 0.825581 0.000000
vt 0.819767 0.000000
vt 0.540881 0.000000
vt 0.603774 0.000000
vt 0.000000 0.000000
vt 0.412587 0.000000
vt 0.685315 0.000000
vt 0.678322 0.000000
vt 0.832168 0.000000
vt 0.153846 0.000000
vt 0.146853 0.000000
vt 0.419580 0.000000
vt 1.000000 0.000000
vt 0.426573 0.000000
vt 0.314465 0.000000
vt 0.465409 0.000000
vt 0.459119 0.000000
vt 0.994475 0.000000
vt 0.314917 0.000000
vt 0.320442 0.000000
vt 0.597484 0.000000
vt 0.566038 0.000000
vt 0.584906 0.000000
vt 0.839161 0.000000
vt 0.139860 0.000000
vt 0.132867 0.000000
vt 0.125874 0.000000
vt 0.139535 0.000000
vt 0.162791 0.000000
vt 0.156977 0.000000
vt 0.254144 0.000000
vt 0.198895 0.000000
vt 0.259668 0.000000
vt 0.591195 0.000000
vt 0.454545 0.000000
vt 0.580420 0.000000
vt 0.587413 0.000000
vt 0.846154 0.000000
vt 0.118881 0.000000
vt 0.111888 0.000000
vt 0.065574 0.000000
vt 0.926230 0.000000
vt 0.073770 0.000000
vt 0.643357 0.000000
vt 0.020979 0.000000
vt 0.650350 0.000000
vt 0.853147 0.000000
vt 0.104895 0.000000
vt 0.097902 0.000000
vt 0.132597 0.000000
vt 0.011050 0.000000
vt 0.016575 0.000000
vt 0.433566 0.000000
vt 0.993007 0.000000
vt 0.986014 0.000000
vt 0.327044 0.000000
vt 0.446541 0.000000
vt 0.333333 0.000000
vt 0.825175 0.000000
vt 0.167832 0.000000
vt 0.160839 0.000000
vt 0.090909 0.000000
vt 0.860140 0.000000
vt 0.440559 0.000000
vt 0.979021 0.000000
vt 0.972028 0.000000
vt 0.325967 0.000000
vt 0.988950 0.000000
vt 0.983425 0.000000
vt 0.881119 0.000000
vt 0.885246 0.000000
vt 0.368852 0.000000
vt 0.893443 0.000000
vt 0.888112 0.000000
vt 0.447552 0.000000
vt 0.965035 0.000000
vt 0.958042 0.000000
vt 0.069930 0.000000
vt 0.895105 0.000000
vt 0.951049 0.000000
vt 0.902098 0.000000
vt 0.944056 0.000000
vt 0.909091 0.000000
vt 0.937063 0.000000
vt 0.088050 0.000000
vt 0.830189 0.000000
vt 0.823899 0.000000
vt 0.916084 0.000000
vt 0.930070 0.000000
vt 0.923077 0.000000
vt 0.482517 0.000000
vt 0.538462 0.000000
vt 0.545455 0.000000
vt 0.461538 0.000000
vt 0.573427 0.000000
vt 0.893082 0.000000
vt 0.962264 0.000000
vt 0.886792 0.000000
vt 0.468531 0.000000
vt 0.608392 0.000000
vt 0.601399 0.000000
vt 0.055944 0.000000
vt 0.566434 0.000000
vt 0.559441 0.000000
vt 0.475524 0.000000
vt 0.552448 0.000000
vt 0.372093 0.000000
vt 0.500000 0.000000
vt 0.366279 0.000000
vt 0.622378 0.000000
vt 0.615385 0.000000
vt 0.048951 0.000000
vt 0.489510 0.000000
vt 0.531469 0.000000
vt 0.524476 0.000000
vt 0.496504 0.000000
vt 0.145349 0.000000
vt 0.151163 0.000000
vt 0.517483 0.000000
vt 0.510490 0.000000
vt 0.503497 0.000000
vt 0.075581 0.000000
vt 0.215116 0.000000
vt 0.081395 0.000000
vt 0.040984 0.000000
vt 0.959016 0.000000
vt 0.049180 0.000000
vt 0.955975 0.000000
vt 0.657343 0.000000
vt 0.849057 0.000000
vt 0.993711 0.000000
vt 0.216783 0.000000
vt 0.131148 0.000000
vt 0.327869 0.000000
vt 0.122951 0.000000
vt 0.113208 0.000000
vt 0.201258 0.000000
vt 0.194969 0.000000
vt 0.013986 0.000000
vt 0.664336 0.000000
vt 0.861635 0.000000
vt 0.855346 0.000000
vt 0.987421 0.000000
vt 0.491803 0.000000
vt 0.729508 0.000000
vt 0.721311 0.000000
vt 0.087209 0.000000
vt 0.209302 0.000000
vt 0.203488 0.000000
vt 0.114754 0.000000
vt 0.559748 0.000000
vt 0.553459 0.000000
vt 0.292818 0.000000
vt 0.160221 0.000000
vt 0.298343 0.000000
vt 0.872928 0.000000
vt 0.447514 0.000000
vt 0.441989 0.000000
vt 0.308176 0.000000
vt 0.232044 0.000000
vt 0.220994 0.000000
vt 0.237569 0.000000
vt 0.494186 0.000000
vt 0.547170 0.000000
vt 0.081967 0.000000
vt 0.909836 0.000000
vt 0.090164 0.000000
vt 0.248619 0.000000
vt 0.204420 0.000000
vt 0.918239 0.000000
vt 0.930818 0.000000
vt 0.924528 0.000000
vt 0.534591 0.000000
vt 0.528302 0.000000
vt 0.522013 0.000000
vt 0.515723 0.000000
vt 0.509434 0.000000
vt 0.503145 0.000000
vt 0.006289 0.000000
vt 0.496855 0.000000
vt 0.012579 0.000000
vt 0.490566 0.000000
vt 0.018868 0.000000
vt 0.025157 0.000000
vt 0.251572 0.000000
vt 0.484277 0.000000
vt 0.031447 0.000000
vt 0.245283 0.000000
vt 0.257862 0.000000
vt 0.238994 0.000000
vt 0.264151 0.000000
vt 0.319672 0.000000
vt 0.270440 0.000000
vt 0.477987 0.000000
vt 0.276730 0.000000
vt 0.679245 0.000000
vt 0.044025 0.000000
vt 0.283019 0.000000
vt 0.672956 0.000000
vt 0.666667 0.000000
vt 0.289308 0.000000
vt 0.050314 0.000000
vt 0.660377 0.000000
vt 0.106918 0.000000
vt 0.207547 0.000000
vt 0.654088 0.000000
vt 0.647799 0.000000
vt 0.301887 0.000000
vt 0.295597 0.000000
vt 0.471698 0.000000
vt 0.641509 0.000000
vt 0.918033 0.000000
vt 0.628931 0.000000
vt 0.069182 0.000000
vt 0.622642 0.000000
vt 0.616352 0.000000
vt 0.906977 0.000000
vt 0.813953 0.000000
vt 0.795580 0.000000
vt 0.801105 0.000000
vt 0.309392 0.000000
vt 0.713115 0.000000
vt 0.508197 0.000000
vt 0.918605 0.000000
vt 0.808140 0.000000
vt 0.802326 0.000000
vt 0.483607 0.000000
vt 0.081761 0.000000
vt 0.836478 0.000000
vt 0.320755 0.000000
vt 0.452830 0.000000
vt 0.098837 0.000000
vt 0.197674 0.000000
vt 0.191860 0.000000
vt 0.874214 0.000000
vt 0.981132 0.000000
vt 0.974843 0.000000
vt 0.817610 0.000000
vt 0.691824 0.000000
vt 0.226415 0.000000
vt 0.220126 0.000000
vt 0.710692 0.000000
vt 0.716981 0.000000
vt 0.339623 0.000000
vt 0.104651 0.000000
vt 0.186047 0.000000
vt 0.094340 0.000000
vt 0.811321 0.000000
vt 0.805031 0.000000
vt 0.704403 0.000000
vt 0.698113 0.000000
vt 0.213836 0.000000
vt 0.345912 0.000000
vt 0.818182 0.000000
vt 0.066298 0.000000
vt 0.077348 0.000000
vt 0.071823 0.000000
vt 0.352201 0.000000
vt 0.440252 0.000000
vt 0.100629 0.000000
vt 0.798742 0.000000
vt 0.792453 0.000000
vt 0.723270 0.000000
vt 0.786164 0.000000
vt 0.729560 0.000000
vt 0.358491 0.000000
vt 0.735849 0.000000
vt 0.779874 0.000000
vt 0.742138 0.000000
vt 0.773585 0.000000
vt 0.748428 0.000000
vt 0.754717 0.000000
vt 0.364780 0.000000
vt 0.767296 0.000000
vt 0.761006 0.000000
vt 0.371069 0.000000
vt 0.433962 0.000000
vt 0.377358 0.000000
vt 0.383648 0.000000
vt 0.389937 0.000000
vt 0.337017 0.000000
vt 0.419890 0.000000
vt 0.414365 0.000000
vt 0.427673 0.000000
vt 0.188679 0.000000
vt 0.119497 0.000000
vt 0.182390 0.000000
vt 0.421384 0.000000
vt 0.125786 0.000000
vt 0.176101 0.000000
vt 0.132075 0.000000
vt 0.415094 0.000000
vt 0.169811 0.000000
vt 0.138365 0.000000
vt 0.163522 0.000000
vt 0.408805 0.000000
vt 0.144654 0.000000
vt 0.157233 0.000000
vt 0.150943 0.000000
vt 0.402516 0.000000
vt 0.396226 0.000000
vt 0.044199 0.000000
vt 0.099448 0.000000
vt 0.049724 0.000000
vt 0.038674 0.000000
vt 0.104972 0.000000
vt 0.033149 0.000000
vt 0.110497 0.000000
vt 0.265193 0.000000
vt 0.187845 0.000000
vt 0.270718 0.000000
vt 0.193370 0.000000
vt 0.900553 0.000000
vt 0.425414 0.000000
vt 0.906077 0.000000
vt 0.027624 0.000000
vt 0.116022 0.000000
vt 0.911950 0.000000
vt 0.943396 0.000000
vt 0.937107 0.000000
vt 0.629371 0.000000
vt 0.034965 0.000000
vt 0.636364 0.000000
vt 0.899371 0.000000
vt 0.949686 0.000000
vt 0.055249 0.000000
vt 0.088398 0.000000
vt 0.060773 0.000000
vt 0.718232 0.000000
vt 0.712707 0.000000
vt 0.707182 0.000000
vt 0.723757 0.000000
vt 0.701657 0.000000
vt 0.729282 0.000000
vt 0.696133 0.000000
vt 0.734807 0.000000
vt 0.591160 0.000000
vt 0.690608 0.000000
vt 0.685083 0.000000
vt 0.679558 0.000000
vt 0.674033 0.000000
vt 0.668508 0.000000
vt 0.303867 0.000000
vt 0.154696 0.000000
vt 0.149171 0.000000
vt 0.662983 0.000000
vt 0.596685 0.000000
vt 0.602210 0.000000
vt 0.607735 0.000000
vt 0.613260 0.000000
vt 0.618785 0.000000
vt 0.624309 0.000000
vt 0.629834 0.000000
vt 0.635359 0.000000
vt 0.640884 0.000000
vt 0.646409 0.000000
vt 0.651934 0.000000
vt 0.657459 0.000000
vt 0.585635 0.000000
vt 0.005525 0.000000
vt 0.968553 0.000000
vt 0.143646 0.000000
vt 0.133721 0.000000
vt 0.276243 0.000000
vt 0.176796 0.000000
vt 0.281768 0.000000
vt 0.182320 0.000000
vt 0.116279 0.000000
vt 0.180233 0.000000
vt 0.174419 0.000000
vt 0.022099 0.000000
vt 0.121547 0.000000
vt 0.027972 0.000000
vt 0.751381 0.000000
vt 0.745856 0.000000
vt 0.740331 0.000000
vt 0.139344 0.000000
vt 0.311475 0.000000
vt 0.147541 0.000000
vt 0.756906 0.000000
vt 0.762431 0.000000
vt 0.767956 0.000000
vt 0.580110 0.000000
vt 0.574586 0.000000
vt 0.569061 0.000000
vt 0.563536 0.000000
vt 0.773481 0.000000
vt 0.008197 0.000000
vt 0.016393 0.000000
vt 0.558011 0.000000
vt 0.552486 0.000000
vt 0.546961 0.000000
vt 0.779006 0.000000
vt 0.541436 0.000000
vt 0.535912 0.000000
vt 0.530387 0.000000
vt 0.880503 0.000000
vt 0.784530 0.000000
vt 0.850829 0.000000
vt 0.856354 0.000000
vt 0.524862 0.000000
vt 0.519337 0.000000
vt 0.861878 0.000000
vt 0.845304 0.000000
vt 0.867403 0.000000
vt 0.453039 0.000000
vt 0.458564 0.000000
vt 0.464088 0.000000
vt 0.469613 0.000000
vt 0.475138 0.000000
vt 0.480663 0.000000
vt 0.486188 0.000000
vt 0.491713 0.000000
vt 0.497238 0.000000
vt 0.502762 0.000000
vt 0.508287 0.000000
vt 0.513812 0.000000
vt 0.839779 0.000000
vt 0.354651 0.000000
vt 0.517442 0.000000
vt 0.511628 0.000000
vt 0.834254 0.000000
vt 0.790055 0.000000
vt 0.828729 0.000000
vt 0.823204 0.000000
vt 0.867925 0.000000
vt 0.817680 0.000000
vt 0.360656 0.000000
vt 0.901639 0.000000
vt 0.812155 0.000000
vt 0.806630 0.000000
vt 0.083916 0.000000
vt 0.883978 0.000000
vt 0.436464 0.000000
vt 0.924419 0.000000
vt 0.796512 0.000000
vt 0.878453 0.000000
vt 0.532787 0.000000
vt 0.680328 0.000000
vt 0.540984 0.000000
vt 0.912791 0.000000
vt 0.889503 0.000000
vt 0.062937 0.000000
vt 0.127907 0.000000
vt 0.168605 0.000000
vt 0.895028 0.000000
vt 0.430939 0.000000
vt 0.977901 0.000000
vt 0.911602 0.000000
vt 0.972376 0.000000
vt 0.917127 0.000000
vt 0.966851 0.000000
vt 0.922652 0.000000
vt 0.331492 0.000000
vt 0.928177 0.000000
vt 0.961326 0.000000
vt 0.933702 0.000000
vt 0.955801 0.000000
vt 0.939227 0.000000
vt 0.950276 0.000000
vt 0.944751 0.000000
vt 0.877049 0.000000
vt 0.377049 0.000000
vt 0.408840 0.000000
vt 0.342541 0.000000
vt 0.403315 0.000000
vt 0.348066 0.000000
vt 0.397790 0.000000
vt 0.353591 0.000000
vt 0.392265 0.000000
vt 0.359116 0.000000
vt 0.386740 0.000000
vt 0.364641 0.000000
vt 0.381215 0.000000
vt 0.370166 0.000000
vt 0.375691 0.000000
vt 0.287293 0.000000
vt 0.165746 0.000000
vt 0.895349 0.000000
vt 0.991803 0.000000
vt 0.819672 0.000000
vt 0.811475 0.000000
vt 0.803279 0.000000
vt 0.795082 0.000000
vt 0.827869 0.000000
vt 0.709302 0.000000
vt 0.587209 0.000000
vt 0.715116 0.000000
vt 0.786885 0.000000
vt 0.836066 0.000000
vt 0.844262 0.000000
vt 0.778689 0.000000
vt 0.196721 0.000000
vt 0.221311 0.000000
vt 0.204918 0.000000
vt 0.852459 0.000000
vt 0.770492 0.000000
vt 0.860656 0.000000
vt 0.110465 0.000000
vt 0.762295 0.000000
vt 0.868852 0.000000
vt 0.127072 0.000000
vt 0.409836 0.000000
vt 0.418033 0.000000
vt 0.754098 0.000000
vt 0.401639 0.000000
vt 0.426230 0.000000
vt 0.393443 0.000000
vt 0.434426 0.000000
vt 0.950820 0.000000
vt 0.686047 0.000000
vt 0.622093 0.000000
vt 0.616279 0.000000
vt 0.385246 0.000000
vt 0.442623 0.000000
vt 0.006993 0.000000
vt 0.745902 0.000000
vt 0.450820 0.000000
vt 0.024590 0.000000
vt 0.983607 0.000000
vt 0.459016 0.000000
vt 0.674419 0.000000
vt 0.633721 0.000000
vt 0.627907 0.000000
vt 0.467213 0.000000
vt 0.737705 0.000000
vt 0.344262 0.000000
vt 0.098361 0.000000
vt 0.475410 0.000000
vt 0.093023 0.000000
vt 0.505814 0.000000
vt 0.352459 0.000000
vt 0.106557 0.000000
vt 0.336066 0.000000
vt 0.082873 0.000000
vt 0.122093 0.000000
vt 0.041958 0.000000
vt 0.303279 0.000000
vt 0.155738 0.000000
vt 0.171271 0.000000
vt 0.680233 0.000000
vt 0.295082 0.000000
vt 0.286885 0.000000
vt 0.075472 0.000000
vt 0.172131 0.000000
vt 0.270492 0.000000
vt 0.262295 0.000000
vt 0.237705 0.000000
vt 0.229508 0.000000
vt 0.889535 0.000000
vt 0.831395 0.000000
vt 0.930233 0.000000
vt 0.790698 0.000000
vt 0.188525 0.000000
vt 0.245902 0.000000
vt 0.180328 0.000000
vt 0.163934 0.000000
vt 0.278689 0.000000
vt 0.877907 0.000000
vt 0.854651 0.000000
vt 0.848837 0.000000
vt 0.213115 0.000000
vt 0.549180 0.000000
vt 0.557377 0.000000
vt 0.672131 0.000000
vt 0.565574 0.000000
vt 0.663934 0.000000
vt 0.573770 0.000000
vt 0.581967 0.000000
vt 0.590164 0.000000
vt 0.655738 0.000000
vt 0.598361 0.000000
vt 0.606557 0.000000
vt 0.614754 0.000000
vt 0.647541 0.000000
vt 0.639344 0.000000
vt 0.631148 0.000000
vt 0.622951 0.000000
vt 0.656977 0.000000
vt 0.651163 0.000000
vt 0.645349 0.000000
vt 0.594406 0.000000
vt 0.254098 0.000000
vt 0.842767 0.000000
vt 0.691860 0.000000
vt 0.610465 0.000000
vt 0.516393 0.000000
vt 0.696721 0.000000
vt 0.524590 0.000000
vt 0.593023 0.000000
vt 0.581395 0.000000
vt 0.720930 0.000000
vt 0.704918 0.000000
vt 0.883721 0.000000
vt 0.837209 0.000000
vt 0.843023 0.000000
vt 0.604651 0.000000
vt 0.057377 0.000000
vt 0.934426 0.000000
vt 0.942623 0.000000
vt 0.032787 0.000000
vt 0.967213 0.000000
vt 0.975410 0.000000
vt 0.872093 0.000000
vt 0.860465 0.000000
vt 0.575581 0.000000
vt 0.671329 0.000000
vt 0.726744 0.000000
vt 0.732558 0.000000
vt 0.738372 0.000000
vt 0.569767 0.000000
vt 0.744186 0.000000
vt 0.750000 0.000000
vt 0.755814 0.000000
vt 0.761628 0.000000
vt 0.563953 0.000000
vt 0.767442 0.000000
vt 0.773256 0.000000
vt 0.688525 0.000000
vt 0.558140 0.000000
vt 0.779070 0.000000
vt 0.784884 0.000000
vt 0.552326 0.000000
vt 0.546512 0.000000
vt 0.936047 0.000000
vt 0.540698 0.000000
vt 0.941860 0.000000
vt 0.947674 0.000000
vt 0.953488 0.000000
vt 0.959302 0.000000
vt 0.534884 0.000000
vt 0.965116 0.000000
vt 0.970930 0.000000
vt 0.976744 0.000000
vt 0.982558 0.000000
vt 0.988372 0.000000
vt 0.290698 0.000000
vt 0.284884 0.000000
vt 0.296512 0.000000
vt 0.302326 0.000000
vt 0.529070 0.000000
vt 0.279070 0.000000
vt 0.273256 0.000000
vt 0.308140 0.000000
vt 0.994186 0.000000
vt 0.267442 0.000000
vt 0.261628 0.000000
vt 0.313953 0.000000
vt 0.255814 0.000000
vt 0.250000 0.000000
vt 0.319767 0.000000
vt 0.244186 0.000000
vt 0.005814 0.000000
vt 0.011628 0.000000
vt 0.017442 0.000000
vt 0.023256 0.000000
vt 0.029070 0.000000
vt 0.034884 0.000000
vt 0.040698 0.000000
vt 0.046512 0.000000
vt 0.052326 0.000000
vt 0.058140 0.000000
vt 0.063953 0.000000
vt 0.069767 0.000000
vt 0.232558 0.000000
vt 0.238372 0.000000
vt 0.325581 0.000000
vt 0.523256 0.000000
vt 0.226744 0.000000
vt 0.331395 0.000000
vt 0.220930 0.000000
vt 0.905660 0.000000
vt 0.337209 0.000000
vt 0.343023 0.000000
vt 0.348837 0.000000
vt 0.093923 0.000000
vt 0.610063 0.000000
vt 0.360465 0.000000
vt 0.215470 0.000000
vt 0.243094 0.000000
vt 0.389535 0.000000
vt 0.395349 0.000000
vt 0.401163 0.000000
vt 0.668605 0.000000
vt 0.639535 0.000000
vt 0.482558 0.000000
vt 0.406977 0.000000
vt 0.436047 0.000000
vt 0.430233 0.000000
vt 0.424419 0.000000
vt 0.412791 0.000000
vt 0.418605 0.000000
vt 0.476744 0.000000
vt 0.662791 0.000000
vt 0.470930 0.000000
vt 0.465116 0.000000
vt 0.459302 0.000000
vt 0.209945 0.000000
vt 0.441860 0.000000
vt 0.453488 0.000000
vt 0.447674 0.000000
vt 0.138122 0.000000
vt 0.578616 0.000000
vt 0.866279 0.000000
vt 0.209790 0.000000
vt 0.226519 0.000000
vt 0.572327 0.000000
s 0
f 730/1/1 713/2/1 731/3/1
f 933/4/2 1036/5/2 964/6/2
f 35/7/1 34/8/1 33/9/1
f 35/7/1 33/9/1 30/10/1
f 35/7/1 30/10/1 29/11/1
f 35/7/1 29/11/1 28/12/1
f 36/13/3 35/7/3 28/12/3
f 37/14/1 36/13/1 27/15/1
f 27/15/4 36/13/4 28/12/4
f 37/14/1 27/15/1 26/16/1
f 50/17/1 49/18/1 48/19/1
f 50/17/1 48/19/1 47/20/1
f 51/21/1 50/17/1 47/20/1
f 51/21/1 47/20/1 46/22/1
f 51/21/1 46/22/1 45/23/1
f 52/24/1 51/21/1 45/23/1
f 52/24/1 45/23/1 44/25/1
f 52/24/1 44/25/1 43/26/1
f 52/24/1 43/26/1 42/27/1
f 53/28/1 52/24/1 42/27/1
f 53/28/1 42/27/1 41/29/1
f 53/28/1 41/29/1 40/30/1
f 54/31/1 53/28/1 40/30/1
f 54/31/1 40/30/1 39/32/1
f 54/31/1 39/32/1 38/33/1
f 54/31/1 38/33/1 37/14/1
f 55/34/1 54/31/1 37/14/1
f 55/34/1 37/14/1 110/35/1
f 110/35/1 37/14/1 111/36/1
f 111/36/1 37/14/1 26/16/1
f 56/37/1 55/34/1 109/38/1
f 109/38/1 55/34/1 110/35/1
f 56/37/1 109/38/1 108/39/1
f 56/37/1 108/39/1 107/40/1
f 57/41/1 56/37/1 107/40/1
f 112/42/5 111/36/5 26/16/5
f 57/41/1 107/40/1 106/43/1
f 113/44/1 112/42/1 26/16/1
f 57/41/1 106/43/1 105/45/1
f 114/46/1 113/44/1 26/16/1
f 57/41/1 105/45/1 104/47/1
f 58/48/1 57/41/1 104/47/1
f 115/49/1 114/46/1 26/16/1
f 58/48/1 104/47/1 103/50/1
f 116/51/1 115/49/1 26/16/1
f 58/48/1 103/50/1 102/52/1
f 59/53/1 58/48/1 102/52/1
f 117/54/1 116/51/1 26/16/1
f 59/53/1 102/52/1 101/55/1
f 154/56/1 246/57/1 155/58/1
f 833/21/2 827/23/2 828/22/2
f 59/53/1 101/55/1 100/59/1
f 125/60/1 12/61/1 126/62/1
f 675/63/1 694/64/1 676/65/1
f 836/31/2 820/33/2 821/32/2
f 835/28/2 823/29/2 824/27/2
f 765/66/1 752/67/1 751/68/1
f 1013/69/2 1023/70/2 927/71/2
f 60/72/1 99/73/1 98/74/1
f 120/75/1 23/76/1 22/77/1
f 61/78/1 144/79/1 62/80/1
f 195/81/1 219/82/1 218/83/1
f 1267/84/2 1144/85/2 1145/86/2
f 1022/87/2 1017/88/2 1020/89/2
f 121/90/1 21/91/1 20/92/1
f 121/90/1 20/92/1 19/93/1
f 634/94/1 638/95/1 637/96/1
f 351/97/1 341/98/1 352/99/1
f 1022/87/2 1020/89/2 1021/100/2
f 848/101/2 866/102/2 867/103/2
f 122/104/1 18/105/1 17/106/1
f 495/107/1 600/108/1 496/109/1
f 93/110/1 4/111/1 94/112/1
f 903/90/2 801/93/2 802/92/2
f 123/113/1 16/114/1 15/115/1
f 1111/116/2 1089/117/2 1090/118/2
f 63/119/1 143/120/1 142/121/1
f 197/122/1 216/123/1 198/124/1
f 839/41/2 887/45/2 888/43/2
f 119/125/1 25/126/1 24/127/1
f 123/113/1 14/128/1 124/129/1
f 836/31/2 819/14/2 820/33/2
f 896/46/2 808/16/2 895/44/2
f 64/130/1 141/131/1 140/132/1
f 364/133/1 484/134/1 483/135/1
f 836/31/2 821/32/2 822/30/2
f 127/136/1 126/62/1 12/61/1
f 595/137/1 532/138/1 596/139/1
f 832/17/2 830/19/2 831/18/2
f 128/140/1 127/136/1 12/61/1
f 65/141/1 139/142/1 138/143/1
f 128/140/1 12/61/1 11/144/1
f 129/145/1 128/140/1 11/144/1
f 65/141/1 138/143/1 137/146/1
f 66/101/1 65/141/1 137/146/1
f 130/147/1 129/145/1 11/144/1
f 66/101/1 137/146/1 136/148/1
f 131/149/1 130/147/1 11/144/1
f 66/101/1 136/148/1 135/150/1
f 131/149/1 11/144/1 85/103/1
f 159/151/1 277/152/1 276/153/1
f 132/154/1 131/149/1 85/103/1
f 66/101/1 135/150/1 134/155/1
f 133/156/1 132/154/1 85/103/1
f 66/101/1 134/155/1 133/156/1
f 66/101/1 133/156/1 85/103/1
f 66/101/1 85/103/1 84/102/1
f 852/157/2 860/158/2 861/159/2
f 67/160/1 66/101/1 84/102/1
f 241/70/1 231/69/1 145/71/1
f 67/160/1 84/102/1 83/161/1
f 1069/162/2 1080/163/2 1068/164/2
f 68/165/1 67/160/1 83/161/1
f 88/166/1 87/167/1 9/168/1
f 68/165/1 83/161/1 82/169/1
f 68/165/1 82/169/1 81/170/1
f 69/171/1 68/165/1 81/170/1
f 362/85/1 485/84/1 363/86/1
f 69/171/1 81/170/1 80/172/1
f 1456/173/2 1478/174/2 1455/175/2
f 70/157/1 69/171/1 80/172/1
f 70/157/1 80/172/1 79/159/1
f 90/176/1 89/177/1 8/178/1
f 70/157/1 79/159/1 78/158/1
f 71/179/1 70/157/1 78/158/1
f 71/179/1 78/158/1 77/180/1
f 71/179/1 77/180/1 76/181/1
f 72/182/1 71/179/1 76/181/1
f 635/183/1 637/96/1 636/184/1
f 72/182/1 76/181/1 75/185/1
f 1028/57/2 936/56/2 937/58/2
f 72/182/1 75/185/1 74/186/1
f 73/187/1 72/182/1 74/186/1
f 623/188/1 647/189/1 624/190/1
f 796/128/2 905/113/2 906/129/2
f 492/191/1 604/192/1 493/193/1
f 1314/138/2 1377/137/2 1378/139/2
f 287/162/1 298/163/1 297/194/1
f 903/90/2 802/92/2 803/91/2
f 95/195/1 94/112/1 4/111/1
f 280/196/1 304/79/1 303/197/1
f 819/14/2 809/15/2 818/13/2
f 1495/2/2 1512/1/2 1513/3/2
f 817/7/2 815/9/2 816/8/2
f 32/198/1 30/10/1 33/9/1
f 1285/199/2 1309/200/2 1284/201/2
f 163/202/1 177/203/1 176/204/1
f 818/13/4 810/12/4 817/7/4
f 95/195/1 3/205/1 96/206/1
f 809/15/4 810/12/4 818/13/4
f 282/207/1 281/208/1 302/209/1
f 547/210/1 576/211/1 575/212/1
f 838/37/2 891/38/2 837/34/2
f 625/213/1 646/214/1 645/215/1
f 839/41/2 888/43/2 889/40/2
f 501/216/1 527/200/1 502/201/1
f 240/87/1 239/100/1 238/89/1
f 240/87/1 238/89/1 235/88/1
f 240/87/1 235/88/1 234/217/1
f 240/87/1 234/217/1 233/218/1
f 840/48/2 885/50/2 886/47/2
f 358/219/1 334/220/1 359/221/1
f 841/53/2 884/52/2 840/48/2
f 463/222/1 386/223/1 385/224/1
f 977/81/2 1001/82/2 976/225/2
f 307/117/1 329/116/1 308/118/1
f 1123/98/2 1133/97/2 1134/99/2
f 347/226/1 345/227/1 348/228/1
f 241/70/4 240/87/4 233/218/4
f 674/173/1 696/174/1 695/229/1
f 232/230/4 241/70/4 233/218/4
f 1386/192/2 1274/191/2 1275/193/2
f 998/123/2 979/122/2 980/124/2
f 497/231/1 598/232/1 498/233/1
f 847/141/2 919/146/2 920/143/2
f 350/234/1 342/235/1 351/97/1
f 848/101/2 916/155/2 917/150/2
f 291/236/1 293/237/1 292/238/1
f 230/239/1 229/240/1 228/241/1
f 230/239/1 228/241/1 227/242/1
f 231/69/1 230/239/1 227/242/1
f 145/71/1 231/69/1 227/242/1
f 145/71/1 227/242/1 226/243/1
f 145/71/1 226/243/1 225/244/1
f 146/245/1 145/71/1 225/244/1
f 146/245/1 225/244/1 224/246/1
f 147/247/1 146/245/1 224/246/1
f 147/247/1 224/246/1 223/248/1
f 148/249/1 147/247/1 223/248/1
f 149/250/1 148/249/1 223/248/1
f 149/250/1 223/248/1 185/251/1
f 185/251/1 223/248/1 222/252/1
f 150/253/1 149/250/1 184/254/1
f 184/254/1 149/250/1 185/251/1
f 186/255/1 185/251/1 222/252/1
f 150/253/1 184/254/1 183/256/1
f 187/257/1 186/255/1 222/252/1
f 150/253/1 183/256/1 182/6/1
f 151/4/1 150/253/1 182/6/1
f 151/4/1 182/6/1 254/5/1
f 503/199/1 527/200/1 526/258/1
f 188/259/1 187/257/1 222/252/1
f 188/259/1 222/252/1 221/260/1
f 189/261/1 188/259/1 221/260/1
f 151/4/1 254/5/1 253/262/1
f 794/61/2 907/60/2 908/62/2
f 152/263/1 151/4/1 253/262/1
f 190/264/1 189/261/1 221/260/1
f 152/263/1 253/262/1 252/265/1
f 152/263/1 252/265/1 251/266/1
f 191/267/1 190/264/1 221/260/1
f 153/268/1 152/263/1 251/266/1
f 153/268/1 251/266/1 250/269/1
f 162/270/1 178/271/1 177/203/1
f 833/21/2 829/20/2 832/17/2
f 153/268/1 250/269/1 249/272/1
f 154/56/1 153/268/1 249/272/1
f 154/56/1 249/272/1 248/273/1
f 193/274/1 192/275/1 220/276/1
f 154/56/1 248/273/1 247/277/1
f 192/275/1 221/260/1 220/276/1
f 496/109/1 599/278/1 497/231/1
f 833/21/2 828/22/2 829/20/2
f 850/165/2 865/161/2 849/160/2
f 155/58/1 246/57/1 245/279/1
f 64/130/1 142/121/1 141/131/1
f 839/41/2 886/47/2 887/45/2
f 156/280/1 244/281/1 243/282/1
f 766/283/1 751/68/1 750/284/1
f 449/285/1 450/286/1 361/287/1
f 851/171/2 863/170/2 850/165/2
f 854/182/2 856/186/2 857/185/2
f 548/174/1 574/288/1 549/289/1
f 768/290/1 749/291/1 748/292/1
f 1329/210/2 1358/211/2 1328/293/2
f 158/294/1 278/295/1 277/152/1
f 850/165/2 864/169/2 865/161/2
f 197/122/1 196/296/1 217/297/1
f 627/298/1 644/299/1 643/300/1
f 872/176/2 790/178/2 871/177/2
f 284/301/1 301/302/1 300/303/1
f 159/151/1 276/153/1 275/304/1
f 255/305/1 181/306/1 180/307/1
f 895/44/2 808/16/2 894/42/2
f 258/308/1 178/271/1 259/309/1
f 199/310/1 198/124/1 216/123/1
f 892/35/2 893/36/2 819/14/2
f 628/311/1 643/300/1 642/312/1
f 160/313/1 274/314/1 273/315/1
f 945/202/2 959/203/2 944/270/2
f 257/316/1 256/317/1 179/318/1
f 200/319/1 199/310/1 216/123/1
f 118/320/1 26/16/1 25/126/1
f 258/308/1 257/316/1 179/318/1
f 834/24/2 827/23/2 833/21/2
f 317/321/1 319/322/1 318/323/1
f 201/324/1 200/319/1 216/123/1
f 201/324/1 216/123/1 215/325/1
f 161/326/1 272/327/1 271/328/1
f 837/34/2 892/35/2 819/14/2
f 260/329/1 259/309/1 178/271/1
f 161/326/1 271/328/1 270/330/1
f 261/331/1 260/329/1 178/271/1
f 202/332/1 201/324/1 215/325/1
f 262/333/1 261/331/1 178/271/1
f 161/326/1 270/330/1 269/334/1
f 263/335/1 262/333/1 178/271/1
f 161/326/1 269/334/1 268/336/1
f 264/337/1 263/335/1 178/271/1
f 265/338/1 264/337/1 178/271/1
f 203/339/1 202/332/1 215/325/1
f 161/326/1 268/336/1 267/340/1
f 266/341/1 265/338/1 178/271/1
f 267/340/1 266/341/1 178/271/1
f 161/326/1 267/340/1 178/271/1
f 65/141/1 140/132/1 139/142/1
f 832/17/2 829/20/2 830/19/2
f 204/342/1 203/339/1 215/325/1
f 204/342/1 215/325/1 214/343/1
f 205/344/1 204/342/1 214/343/1
f 206/345/1 205/344/1 214/343/1
f 207/346/1 206/345/1 214/343/1
f 366/347/1 381/348/1 380/349/1
f 817/7/2 810/12/2 811/11/2
f 207/346/1 214/343/1 213/350/1
f 163/202/1 176/204/1 175/351/1
f 164/352/1 163/202/1 175/351/1
f 164/352/1 175/351/1 174/353/1
f 207/346/1 213/350/1 212/354/1
f 165/355/1 164/352/1 174/353/1
f 165/355/1 174/353/1 173/356/1
f 166/357/1 165/355/1 173/356/1
f 207/346/1 212/354/1 211/358/1
f 166/357/1 173/356/1 172/359/1
f 167/360/1 166/357/1 172/359/1
f 167/360/1 172/359/1 171/361/1
f 207/346/1 211/358/1 210/362/1
f 168/363/1 167/360/1 171/361/1
f 168/363/1 171/361/1 170/364/1
f 169/365/1 168/363/1 170/364/1
f 207/346/1 210/362/1 209/366/1
f 207/346/1 209/366/1 208/367/1
f 313/368/1 323/369/1 314/370/1
f 845/119/2 924/121/2 925/120/2
f 312/371/1 324/372/1 313/368/1
f 847/141/2 920/143/2 921/142/2
f 311/373/1 325/374/1 312/371/1
f 913/149/2 793/144/2 912/147/2
f 353/375/1 339/376/1 354/377/1
f 914/154/2 867/103/2 913/149/2
f 352/99/1 340/378/1 353/375/1
f 848/101/2 867/103/2 915/156/2
f 468/379/1 382/380/1 469/381/1
f 848/101/2 915/156/2 916/155/2
f 310/382/1 326/383/1 311/373/1
f 941/151/2 1059/152/2 940/294/2
f 290/384/1 295/385/1 294/386/1
f 848/101/2 919/146/2 847/141/2
f 91/387/1 6/388/1 92/389/1
f 846/130/2 922/132/2 923/131/2
f 288/390/1 297/194/1 296/391/1
f 904/104/2 799/106/2 800/105/2
f 254/5/1 181/306/1 255/305/1
f 1476/64/2 1457/63/2 1458/65/2
f 315/392/1 321/393/1 316/394/1
f 840/48/2 884/52/2 885/50/2
f 435/395/1 434/396/1 433/397/1
f 436/398/1 435/395/1 433/397/1
f 436/398/1 433/397/1 432/399/1
f 437/400/1 436/398/1 432/399/1
f 437/400/1 432/399/1 431/401/1
f 438/402/1 437/400/1 431/401/1
f 438/402/1 431/401/1 412/403/1
f 412/403/1 431/401/1 430/404/1
f 412/403/1 430/404/1 429/405/1
f 412/403/1 429/405/1 428/406/1
f 412/403/1 428/406/1 427/407/1
f 412/403/1 427/407/1 426/408/1
f 305/71/1 360/409/1 359/221/1
f 305/71/1 359/221/1 334/220/1
f 305/71/1 334/220/1 333/410/1
f 305/71/1 333/410/1 332/411/1
f 412/403/1 426/408/1 425/412/1
f 412/403/1 425/412/1 413/413/1
f 413/413/1 425/412/1 414/414/1
f 414/414/1 425/412/1 415/415/1
f 415/415/1 425/412/1 416/416/1
f 416/416/1 425/412/1 417/417/1
f 417/417/1 425/412/1 418/418/1
f 418/418/1 425/412/1 419/419/1
f 419/419/1 425/412/1 420/420/1
f 420/420/1 425/412/1 421/421/1
f 421/421/1 425/412/1 422/422/1
f 422/422/1 425/412/1 423/423/1
f 423/423/1 425/412/1 424/424/1
f 438/402/1 412/403/1 411/425/1
f 306/426/4 305/71/4 332/411/4
f 286/164/1 299/427/1 298/163/1
f 331/428/4 306/426/4 332/411/4
f 899/54/2 808/16/2 898/51/2
f 122/104/1 16/114/1 123/113/1
f 1416/94/2 1420/95/2 1415/429/2
f 355/430/1 337/431/1 356/432/1
f 1146/133/2 1266/134/2 1145/86/2
f 354/377/1 338/433/1 355/430/1
f 912/147/2 793/144/2 911/145/2
f 630/434/1 641/435/1 640/436/1
f 913/149/2 867/103/2 793/144/2
f 309/437/1 327/438/1 310/382/1
f 848/101/2 918/148/2 919/146/2
f 92/389/1 5/439/1 93/110/1
f 910/140/2 794/61/2 909/136/2
f 441/440/1 440/441/1 439/442/1
f 441/440/1 439/442/1 438/402/1
f 504/443/1 525/444/1 505/445/1
f 442/446/1 441/440/1 438/402/1
f 442/446/1 438/402/1 411/425/1
f 905/113/2 797/115/2 798/114/2
f 443/447/1 442/446/1 411/425/1
f 444/448/1 443/447/1 411/425/1
f 444/448/1 411/425/1 410/449/1
f 444/448/1 410/449/1 409/450/1
f 444/448/1 409/450/1 408/451/1
f 444/448/1 408/451/1 407/452/1
f 445/453/1 444/448/1 407/452/1
f 488/454/1 609/79/1 489/455/1
f 445/453/1 407/452/1 406/456/1
f 842/72/2 880/74/2 881/73/2
f 445/453/1 406/456/1 405/457/1
f 445/453/1 405/457/1 404/458/1
f 446/459/1 445/453/1 404/458/1
f 446/459/1 404/458/1 403/460/1
f 446/459/1 403/460/1 402/461/1
f 446/459/1 402/461/1 401/462/1
f 285/463/1 300/303/1 299/427/1
f 447/464/1 446/459/1 459/465/1
f 459/465/1 446/459/1 460/466/1
f 460/466/1 446/459/1 401/462/1
f 460/466/1 401/462/1 400/467/1
f 898/51/2 808/16/2 897/49/2
f 460/466/1 400/467/1 399/468/1
f 461/469/1 460/466/1 399/468/1
f 447/464/1 459/465/1 458/470/1
f 462/471/1 461/469/1 399/468/1
f 462/471/1 399/468/1 386/223/1
f 386/223/1 399/468/1 387/472/1
f 387/472/1 399/468/1 388/473/1
f 388/473/1 399/468/1 389/474/1
f 389/474/1 399/468/1 390/475/1
f 390/475/1 399/468/1 391/476/1
f 391/476/1 399/468/1 392/477/1
f 392/477/1 399/468/1 393/478/1
f 393/478/1 399/468/1 394/479/1
f 394/479/1 399/468/1 395/480/1
f 395/480/1 399/468/1 396/481/1
f 396/481/1 399/468/1 397/482/1
f 397/482/1 399/468/1 398/483/1
f 447/464/1 458/470/1 457/484/1
f 671/485/1 699/486/1 698/487/1
f 447/464/1 457/484/1 456/488/1
f 448/489/1 447/464/1 456/488/1
f 448/489/1 456/488/1 455/490/1
f 448/489/1 455/490/1 454/491/1
f 926/79/2 843/78/2 844/80/2
f 283/492/1 302/209/1 301/302/1
f 891/38/2 892/35/2 837/34/2
f 448/489/1 454/491/1 453/493/1
f 596/139/1 531/494/1 597/495/1
f 834/24/2 824/27/2 825/26/2
f 449/285/1 452/496/1 451/497/1
f 124/129/1 13/498/1 125/60/1
f 837/34/2 819/14/2 836/31/2
f 465/499/1 385/224/1 384/500/1
f 854/182/2 857/185/2 858/181/2
f 769/501/1 748/292/1 747/502/1
f 1022/87/2 1015/218/2 1016/217/2
f 464/503/1 463/222/1 385/224/1
f 552/504/1 570/505/1 553/506/1
f 767/507/1 750/284/1 749/291/1
f 1417/183/2 1419/96/2 1416/94/2
f 1023/70/4 1015/218/4 1022/87/4
f 466/508/1 465/499/1 384/500/1
f 363/86/1 485/84/1 484/134/1
f 87/167/1 10/509/1 9/168/1
f 877/195/2 786/111/2 876/112/2
f 632/510/1 639/511/1 638/95/1
f 468/379/1 467/512/1 383/513/1
f 836/31/2 822/30/2 835/28/2
f 291/236/1 294/386/1 293/237/1
f 364/133/1 483/135/1 482/514/1
f 915/156/2 867/103/2 914/154/2
f 470/515/1 469/381/1 382/380/1
f 364/133/1 482/514/1 481/516/1
f 471/517/1 470/515/1 382/380/1
f 364/133/1 481/516/1 480/518/1
f 472/519/1 471/517/1 382/380/1
f 365/520/1 364/133/1 480/518/1
f 473/521/1 472/519/1 382/380/1
f 365/520/1 480/518/1 479/522/1
f 473/521/1 382/380/1 381/348/1
f 474/523/1 473/521/1 381/348/1
f 365/520/1 479/522/1 478/524/1
f 475/525/1 474/523/1 381/348/1
f 365/520/1 478/524/1 477/526/1
f 476/527/1 475/525/1 381/348/1
f 365/520/1 477/526/1 476/527/1
f 365/520/1 476/527/1 381/348/1
f 594/528/1 533/529/1 595/137/1
f 817/7/2 811/11/2 812/10/2
f 366/347/1 380/349/1 379/530/1
f 367/531/1 366/347/1 379/530/1
f 367/531/1 379/530/1 378/532/1
f 368/533/1 367/531/1 378/532/1
f 368/533/1 378/532/1 377/534/1
f 369/535/1 368/533/1 377/534/1
f 369/535/1 377/534/1 376/536/1
f 370/537/1 369/535/1 376/536/1
f 370/537/1 376/536/1 375/538/1
f 371/539/1 370/537/1 375/538/1
f 371/539/1 375/538/1 374/540/1
f 372/541/1 371/539/1 374/540/1
f 372/541/1 374/540/1 373/542/1
f 357/543/1 335/544/1 358/219/1
f 1547/66/2 1534/67/2 1546/545/2
f 489/455/1 609/79/1 608/546/1
f 587/547/1 586/548/1 585/549/1
f 587/547/1 585/549/1 584/550/1
f 588/551/1 587/547/1 584/550/1
f 732/552/1 711/553/1 733/554/1
f 588/551/1 584/550/1 583/555/1
f 589/556/1 588/551/1 583/555/1
f 590/557/1 589/556/1 583/555/1
f 590/557/1 583/555/1 582/558/1
f 967/251/2 1004/252/2 1005/248/2
f 511/559/1 514/560/1 512/561/1
f 591/562/1 590/557/1 582/558/1
f 591/562/1 582/558/1 581/563/1
f 929/247/2 1006/246/2 928/245/2
f 592/564/1 591/562/1 581/563/1
f 629/565/1 642/312/1 641/435/1
f 592/564/1 581/563/1 580/566/1
f 853/179/2 858/181/2 859/180/2
f 593/567/1 592/564/1 580/566/1
f 308/118/1 328/568/1 309/437/1
f 909/136/2 794/61/2 908/62/2
f 594/528/1 593/567/1 537/569/1
f 537/569/1 593/567/1 580/566/1
f 537/569/1 580/566/1 538/570/1
f 538/570/1 580/566/1 579/571/1
f 594/528/1 537/569/1 536/572/1
f 539/573/1 538/570/1 579/571/1
f 594/528/1 536/572/1 535/574/1
f 540/575/1 539/573/1 579/571/1
f 493/193/1 604/192/1 603/576/1
f 728/577/1 717/578/1 716/579/1
f 594/528/1 535/574/1 534/580/1
f 541/581/1 540/575/1 579/571/1
f 96/206/1 2/582/1 1/71/1
f 931/250/2 1005/248/2 930/249/2
f 541/581/1 579/571/1 578/583/1
f 542/584/1 541/581/1 578/583/1
f 817/7/2 812/10/2 815/9/2
f 490/585/1 608/546/1 607/586/1
f 281/208/1 303/197/1 302/209/1
f 932/253/2 966/254/2 931/250/2
f 543/587/1 542/584/1 578/583/1
f 819/14/2 808/16/2 809/15/2
f 726/588/1 719/589/1 718/590/1
f 1245/222/2 1168/223/2 1244/471/2
f 544/591/1 578/583/1 577/592/1
f 161/326/1 273/315/1 272/327/1
f 834/24/2 826/25/2 827/23/2
f 834/24/2 825/26/2 826/25/2
f 120/75/1 24/127/1 23/76/1
f 849/160/2 865/161/2 866/102/2
f 498/233/1 529/593/1 499/594/1
f 545/595/1 544/591/1 577/592/1
f 626/596/1 645/215/1 644/299/1
f 911/145/2 793/144/2 910/140/2
f 839/41/2 889/40/2 838/37/2
f 673/175/1 697/597/1 696/174/1
f 498/233/1 598/232/1 530/598/1
f 500/599/1 528/600/1 501/216/1
f 852/157/2 862/172/2 851/171/2
f 838/37/2 889/40/2 890/39/2
f 500/599/1 499/594/1 529/593/1
f 160/313/1 275/304/1 274/314/1
f 893/36/2 808/16/2 819/14/2
f 316/394/1 320/601/1 317/321/1
f 838/37/2 890/39/2 891/38/2
f 631/602/1 640/436/1 639/511/1
f 548/174/1 547/210/1 575/212/1
f 897/49/2 808/16/2 896/46/2
f 90/176/1 7/603/1 91/387/1
f 193/274/1 219/82/1 194/225/1
f 841/53/2 882/59/2 883/55/2
f 504/443/1 503/199/1 526/258/1
f 870/166/2 791/168/2 869/167/2
f 505/445/1 524/604/1 506/605/1
f 786/111/2 875/110/2 876/112/2
f 356/432/1 336/606/1 357/543/1
f 1382/108/2 1277/107/2 1278/109/2
f 727/607/1 718/590/1 717/578/1
f 927/71/2 1009/242/2 1013/69/2
f 506/605/1 524/604/1 523/608/1
f 506/605/1 523/608/1 522/609/1
f 88/166/1 8/178/1 89/177/1
f 1014/230/4 1015/218/4 1023/70/4
f 157/610/1 278/295/1 158/294/1
f 1407/213/2 1428/214/2 1406/190/2
f 508/611/1 520/612/1 519/613/1
f 511/559/1 516/614/1 515/615/1
f 763/616/1 753/617/1 764/545/1
f 927/71/2 1007/244/2 1008/243/2
f 1012/239/2 1009/242/2 1010/241/2
f 770/618/1 747/502/1 746/619/1
f 1073/236/2 1074/238/2 1075/237/2
f 510/620/1 517/621/1 516/614/1
f 509/622/1 517/621/1 510/620/1
f 507/623/1 522/609/1 521/624/1
f 1012/239/2 1010/241/2 1011/240/2
f 761/625/1 757/626/1 756/627/1
f 928/245/2 1006/246/2 1007/244/2
f 1380/232/2 1279/231/2 1280/233/2
f 512/561/1 514/560/1 513/628/1
f 62/80/1 143/120/1 63/119/1
f 1127/227/2 1129/226/2 1130/228/2
f 554/629/1 553/506/1 570/505/1
f 555/630/1 554/629/1 570/505/1
f 555/630/1 570/505/1 569/631/1
f 556/632/1 555/630/1 569/631/1
f 556/632/1 569/631/1 568/633/1
f 557/634/1 556/632/1 568/633/1
f 558/635/1 557/634/1 568/633/1
f 559/636/1 558/635/1 568/633/1
f 559/636/1 568/633/1 567/637/1
f 560/638/1 559/636/1 567/637/1
f 561/639/1 560/638/1 567/637/1
f 562/640/1 561/639/1 567/637/1
f 562/640/1 567/637/1 566/641/1
f 562/640/1 566/641/1 565/642/1
f 562/640/1 565/642/1 564/643/1
f 562/640/1 564/643/1 563/644/1
f 723/645/1 722/646/1 721/647/1
f 85/103/1 10/509/1 86/648/1
f 256/317/1 180/307/1 179/318/1
f 785/205/2 877/195/2 878/206/2
f 853/179/2 860/158/2 852/157/2
f 466/508/1 383/513/1 467/512/1
f 509/622/1 519/613/1 518/649/1
f 928/245/2 1007/244/2 927/71/2
f 1062/196/2 1086/79/2 1061/650/2
f 361/287/1 486/79/1 362/85/1
f 729/651/1 716/579/1 715/652/1
f 969/257/2 1004/252/2 968/255/2
f 1116/220/2 1140/219/2 1141/221/2
f 550/653/1 572/654/1 551/655/1
f 731/3/1 712/656/1 732/552/1
f 1013/69/2 1009/242/2 1012/239/2
f 733/554/1 710/657/1 734/658/1
f 968/255/2 1004/252/2 967/251/2
f 550/653/1 574/288/1 573/659/1
f 930/249/2 1005/248/2 929/247/2
f 762/660/1 754/661/1 763/616/1
f 927/71/2 1008/243/2 1009/242/2
f 764/545/1 753/617/1 752/67/1
f 932/253/2 965/256/2 966/254/2
f 762/660/1 756/627/1 755/662/1
f 122/104/1 19/93/1 18/105/1
f 849/160/2 866/102/2 848/101/2
f 932/253/2 964/6/2 965/256/2
f 730/1/1 715/652/1 714/663/1
f 933/4/2 964/6/2 932/253/2
f 494/664/1 601/665/1 495/107/1
f 196/296/1 218/83/1 217/297/1
f 850/165/2 863/170/2 864/169/2
f 966/254/2 967/251/2 931/250/2
f 494/664/1 603/576/1 602/666/1
f 491/667/1 605/668/1 492/191/1
f 854/182/2 858/181/2 853/179/2
f 931/250/2 967/251/2 1005/248/2
f 490/585/1 606/669/1 491/667/1
f 760/670/1 758/671/1 757/626/1
f 929/247/2 1005/248/2 1006/246/2
f 1064/207/2 1084/209/2 1063/208/2
f 734/658/1 710/657/1 709/672/1
f 60/72/1 97/673/1 61/78/1
f 735/674/1 734/658/1 709/672/1
f 736/675/1 735/674/1 709/672/1
f 737/676/1 736/675/1 709/672/1
f 737/676/1 709/672/1 708/677/1
f 738/678/1 737/676/1 708/677/1
f 739/679/1 738/678/1 708/677/1
f 1022/87/2 1016/217/2 1017/88/2
f 740/680/1 739/679/1 708/677/1
f 741/681/1 740/680/1 708/677/1
f 741/681/1 708/677/1 707/682/1
f 742/683/1 741/681/1 707/682/1
f 743/684/1 742/683/1 707/682/1
f 551/655/1 571/685/1 552/504/1
f 743/684/1 707/682/1 706/686/1
f 744/687/1 743/684/1 706/686/1
f 745/688/1 744/687/1 706/686/1
f 1124/235/2 1132/234/2 1133/97/2
f 746/619/1 745/688/1 706/686/1
f 746/619/1 706/686/1 705/689/1
f 770/618/1 746/619/1 705/689/1
f 770/618/1 705/689/1 704/690/1
f 771/691/1 770/618/1 704/690/1
f 771/691/1 704/690/1 703/692/1
f 772/693/1 771/691/1 703/692/1
f 773/694/1 772/693/1 703/692/1
f 774/695/1 773/694/1 703/692/1
f 775/696/1 774/695/1 703/692/1
f 775/696/1 703/692/1 702/697/1
f 776/698/1 775/696/1 702/697/1
f 777/699/1 776/698/1 702/697/1
f 778/700/1 777/699/1 702/697/1
f 779/701/1 778/700/1 702/697/1
f 780/702/1 779/701/1 660/703/1
f 660/703/1 779/701/1 702/697/1
f 780/702/1 660/703/1 659/704/1
f 661/705/1 660/703/1 702/697/1
f 662/706/1 661/705/1 702/697/1
f 662/706/1 702/697/1 701/707/1
f 780/702/1 659/704/1 658/708/1
f 780/702/1 658/708/1 657/709/1
f 663/710/1 662/706/1 701/707/1
f 781/711/1 780/702/1 657/709/1
f 781/711/1 657/709/1 656/712/1
f 781/711/1 656/712/1 655/713/1
f 664/714/1 663/710/1 701/707/1
f 782/79/1 781/711/1 655/713/1
f 782/79/1 655/713/1 654/715/1
f 782/79/1 654/715/1 653/716/1
f 610/71/1 782/79/1 653/716/1
f 665/717/1 664/714/1 701/707/1
f 610/71/1 653/716/1 652/718/1
f 611/719/1 610/71/1 612/720/1
f 612/720/1 610/71/1 613/721/1
f 613/721/1 610/71/1 614/722/1
f 614/722/1 610/71/1 615/723/1
f 615/723/1 610/71/1 616/724/1
f 616/724/1 610/71/1 617/725/1
f 617/725/1 610/71/1 618/726/1
f 618/726/1 610/71/1 619/727/1
f 619/727/1 610/71/1 620/728/1
f 620/728/1 610/71/1 621/729/1
f 621/729/1 610/71/1 622/730/1
f 622/730/1 610/71/1 623/188/1
f 623/188/1 610/71/1 650/731/1
f 650/731/1 610/71/1 651/732/1
f 651/732/1 610/71/1 652/718/1
f 666/733/1 665/717/1 701/707/1
f 666/733/1 701/707/1 700/734/1
f 623/188/1 650/731/1 649/735/1
f 667/736/1 666/733/1 700/734/1
f 623/188/1 649/735/1 648/737/1
f 289/738/1 296/391/1 295/385/1
f 668/739/1 667/736/1 700/734/1
f 668/739/1 700/734/1 699/486/1
f 669/740/1 668/739/1 699/486/1
f 901/125/2 807/126/2 900/320/2
f 670/741/1 669/740/1 699/486/1
f 314/370/1 322/742/1 315/392/1
f 624/190/1 647/189/1 646/214/1
f 902/75/2 804/77/2 805/76/2
f 157/610/1 243/282/1 242/743/1
f 855/187/2 856/186/2 854/182/2
f 597/495/1 530/598/1 598/232/1
f 894/42/2 808/16/2 893/36/2
f 121/90/1 22/77/1 21/91/1
f 851/171/2 862/172/2 863/170/2
f 672/744/1 698/487/1 697/597/1
f 348/228/1 344/745/1 349/746/1
f 910/140/2 793/144/2 794/61/2
f 1429/189/2 1405/188/2 1406/190/2
f 675/63/1 674/173/1 695/229/1
f 448/489/1 452/496/1 449/285/1
f 546/293/1 577/592/1 576/211/1
f 852/157/2 861/159/2 862/172/2
f 835/28/2 824/27/2 834/24/2
f 677/747/1 676/65/1 694/64/1
f 678/748/1 677/747/1 694/64/1
f 679/749/1 678/748/1 694/64/1
f 725/750/1 720/751/1 719/589/1
f 679/749/1 694/64/1 693/752/1
f 680/753/1 679/749/1 693/752/1
f 812/10/2 814/198/2 815/9/2
f 685/754/1 684/755/1 683/756/1
f 681/757/1 680/753/1 693/752/1
f 685/754/1 683/756/1 682/758/1
f 682/758/1 681/757/1 693/752/1
f 685/754/1 682/758/1 693/752/1
f 685/754/1 693/752/1 692/759/1
f 724/760/1 721/647/1 720/751/1
f 685/754/1 692/759/1 691/761/1
f 853/179/2 859/180/2 860/158/2
f 685/754/1 691/761/1 690/762/1
f 685/754/1 690/762/1 689/763/1
f 349/746/1 343/764/1 350/234/1
f 686/765/1 685/754/1 689/763/1
f 686/765/1 689/763/1 688/766/1
f 848/101/2 917/150/2 918/148/2
f 687/767/1 686/765/1 688/766/1
f 155/58/1 244/281/1 156/280/1
f 840/48/2 886/47/2 839/41/2
f 59/53/1 99/73/1 60/72/1
f 835/28/2 822/30/2 823/29/2
f 633/429/1 632/510/1 638/95/1
f 507/623/1 520/612/1 508/611/1
f 1309/200/2 1283/216/2 1284/201/2
f 306/426/1 330/768/1 307/117/1
f 841/53/2 883/55/2 884/52/2
f 237/769/1 235/88/1 238/89/1
f 970/259/2 1004/252/2 969/257/2
f 970/259/2 1003/260/2 1004/252/2
f 971/261/2 1003/260/2 970/259/2
f 933/4/2 1035/262/2 1036/5/2
f 934/263/2 1035/262/2 933/4/2
f 972/264/2 1003/260/2 971/261/2
f 934/263/2 1034/265/2 1035/262/2
f 934/263/2 1033/266/2 1034/265/2
f 973/267/2 1003/260/2 972/264/2
f 935/268/2 1033/266/2 934/263/2
f 935/268/2 1032/269/2 1033/266/2
f 944/270/2 960/271/2 943/326/2
f 935/268/2 1031/272/2 1032/269/2
f 936/56/2 1031/272/2 935/268/2
f 936/56/2 1030/273/2 1031/272/2
f 975/274/2 1002/276/2 974/275/2
f 936/56/2 1029/277/2 1030/273/2
f 974/275/2 1003/260/2 973/267/2
f 1381/278/2 1278/109/2 1279/231/2
f 937/58/2 1027/279/2 1028/57/2
f 846/130/2 924/121/2 845/119/2
f 938/280/2 1025/282/2 1026/281/2
f 1548/283/2 1533/68/2 1547/66/2
f 1232/286/2 1231/285/2 1143/287/2
f 1356/288/2 1330/174/2 1331/289/2
f 1550/290/2 1531/291/2 1549/507/2
f 940/294/2 1059/152/2 1060/295/2
f 979/122/2 999/297/2 978/296/2
f 1409/298/2 1426/299/2 1408/596/2
f 1066/301/2 1083/302/2 1065/492/2
f 941/151/2 1057/304/2 1058/153/2
f 1037/305/2 962/307/2 963/306/2
f 960/271/2 1040/308/2 1041/309/2
f 981/310/2 998/123/2 980/124/2
f 1410/311/2 1425/300/2 1409/298/2
f 942/313/2 1055/315/2 1056/314/2
f 1039/316/2 961/318/2 1038/317/2
f 982/319/2 998/123/2 981/310/2
f 900/320/2 808/16/2 899/54/2
f 1040/308/2 961/318/2 1039/316/2
f 1101/322/2 1099/321/2 1100/323/2
f 983/324/2 998/123/2 982/319/2
f 983/324/2 997/325/2 998/123/2
f 943/326/2 1053/328/2 1054/327/2
f 1042/329/2 960/271/2 1041/309/2
f 943/326/2 1052/330/2 1053/328/2
f 1043/331/2 960/271/2 1042/329/2
f 984/332/2 997/325/2 983/324/2
f 1044/333/2 960/271/2 1043/331/2
f 943/326/2 1051/334/2 1052/330/2
f 1045/335/2 960/271/2 1044/333/2
f 943/326/2 1050/336/2 1051/334/2
f 1046/337/2 960/271/2 1045/335/2
f 1047/338/2 960/271/2 1046/337/2
f 985/339/2 997/325/2 984/332/2
f 943/326/2 1049/340/2 1050/336/2
f 1048/341/2 960/271/2 1047/338/2
f 1049/340/2 960/271/2 1048/341/2
f 943/326/2 960/271/2 1049/340/2
f 847/141/2 922/132/2 846/130/2
f 986/342/2 997/325/2 985/339/2
f 986/342/2 996/343/2 997/325/2
f 987/344/2 996/343/2 986/342/2
f 988/345/2 996/343/2 987/344/2
f 989/346/2 996/343/2 988/345/2
f 1148/347/2 1163/348/2 1147/520/2
f 989/346/2 995/350/2 996/343/2
f 945/202/2 957/351/2 958/204/2
f 946/352/2 957/351/2 945/202/2
f 946/352/2 956/353/2 957/351/2
f 989/346/2 994/354/2 995/350/2
f 947/355/2 956/353/2 946/352/2
f 947/355/2 955/356/2 956/353/2
f 948/357/2 955/356/2 947/355/2
f 989/346/2 993/358/2 994/354/2
f 948/357/2 954/359/2 955/356/2
f 949/360/2 954/359/2 948/357/2
f 949/360/2 953/361/2 954/359/2
f 989/346/2 992/362/2 993/358/2
f 950/363/2 953/361/2 949/360/2
f 950/363/2 952/364/2 953/361/2
f 951/365/2 952/364/2 950/363/2
f 989/346/2 991/366/2 992/362/2
f 989/346/2 990/367/2 991/366/2
f 1105/369/2 1095/368/2 1096/370/2
f 1106/372/2 1094/371/2 1095/368/2
f 1107/374/2 1093/373/2 1094/371/2
f 1121/376/2 1135/375/2 1136/377/2
f 1122/378/2 1134/99/2 1135/375/2
f 1164/380/2 1250/379/2 1251/381/2
f 1108/383/2 1092/382/2 1093/373/2
f 1072/384/2 1077/385/2 1071/738/2
f 788/388/2 873/387/2 874/389/2
f 1070/390/2 1079/194/2 1069/162/2
f 963/306/2 1036/5/2 1037/305/2
f 1103/393/2 1097/392/2 1098/394/2
f 1217/395/2 1215/397/2 1216/396/2
f 1218/398/2 1215/397/2 1217/395/2
f 1218/398/2 1214/399/2 1215/397/2
f 1219/400/2 1214/399/2 1218/398/2
f 1219/400/2 1213/401/2 1214/399/2
f 1220/402/2 1213/401/2 1219/400/2
f 1220/402/2 1194/403/2 1213/401/2
f 1194/403/2 1212/404/2 1213/401/2
f 1194/403/2 1211/405/2 1212/404/2
f 1194/403/2 1210/406/2 1211/405/2
f 1194/403/2 1209/407/2 1210/406/2
f 1194/403/2 1208/408/2 1209/407/2
f 1087/71/2 1141/221/2 1142/409/2
f 1087/71/2 1116/220/2 1141/221/2
f 1087/71/2 1115/410/2 1116/220/2
f 1087/71/2 1114/411/2 1115/410/2
f 1194/403/2 1207/412/2 1208/408/2
f 1194/403/2 1195/413/2 1207/412/2
f 1195/413/2 1196/414/2 1207/412/2
f 1196/414/2 1197/415/2 1207/412/2
f 1197/415/2 1198/416/2 1207/412/2
f 1198/416/2 1199/417/2 1207/412/2
f 1199/417/2 1200/418/2 1207/412/2
f 1200/418/2 1201/419/2 1207/412/2
f 1201/419/2 1202/420/2 1207/412/2
f 1202/420/2 1203/421/2 1207/412/2
f 1203/421/2 1204/422/2 1207/412/2
f 1204/422/2 1205/423/2 1207/412/2
f 1205/423/2 1206/424/2 1207/412/2
f 1220/402/2 1193/425/2 1194/403/2
f 1088/426/4 1114/411/4 1087/71/4
f 1068/164/2 1081/427/2 1067/463/2
f 1113/428/4 1114/411/4 1088/426/4
f 798/114/2 904/104/2 905/113/2
f 1119/431/2 1137/430/2 1138/432/2
f 1120/433/2 1136/377/2 1137/430/2
f 1412/434/2 1423/435/2 1411/565/2
f 1109/438/2 1091/437/2 1092/382/2
f 787/439/2 874/389/2 875/110/2
f 1223/440/2 1221/442/2 1222/441/2
f 1223/440/2 1220/402/2 1221/442/2
f 1307/444/2 1286/443/2 1287/445/2
f 1224/446/2 1220/402/2 1223/440/2
f 1224/446/2 1193/425/2 1220/402/2
f 1225/447/2 1193/425/2 1224/446/2
f 1226/448/2 1193/425/2 1225/447/2
f 1226/448/2 1192/449/2 1193/425/2
f 1226/448/2 1191/450/2 1192/449/2
f 1226/448/2 1190/451/2 1191/450/2
f 1226/448/2 1189/452/2 1190/451/2
f 1227/453/2 1189/452/2 1226/448/2
f 1391/79/2 1270/454/2 1271/455/2
f 1227/453/2 1188/456/2 1189/452/2
f 1227/453/2 1187/457/2 1188/456/2
f 1227/453/2 1186/458/2 1187/457/2
f 1228/459/2 1186/458/2 1227/453/2
f 1228/459/2 1185/460/2 1186/458/2
f 1228/459/2 1184/461/2 1185/460/2
f 1228/459/2 1183/462/2 1184/461/2
f 1067/463/2 1082/303/2 1066/301/2
f 1229/464/2 1241/465/2 1228/459/2
f 1241/465/2 1242/466/2 1228/459/2
f 1242/466/2 1183/462/2 1228/459/2
f 1242/466/2 1182/467/2 1183/462/2
f 1242/466/2 1181/468/2 1182/467/2
f 1243/469/2 1181/468/2 1242/466/2
f 1229/464/2 1240/470/2 1241/465/2
f 1244/471/2 1181/468/2 1243/469/2
f 1244/471/2 1168/223/2 1181/468/2
f 1168/223/2 1169/472/2 1181/468/2
f 1169/472/2 1170/473/2 1181/468/2
f 1170/473/2 1171/474/2 1181/468/2
f 1171/474/2 1172/475/2 1181/468/2
f 1172/475/2 1173/476/2 1181/468/2
f 1173/476/2 1174/477/2 1181/468/2
f 1174/477/2 1175/478/2 1181/468/2
f 1175/478/2 1176/479/2 1181/468/2
f 1176/479/2 1177/480/2 1181/468/2
f 1177/480/2 1178/481/2 1181/468/2
f 1178/481/2 1179/482/2 1181/468/2
f 1179/482/2 1180/483/2 1181/468/2
f 1229/464/2 1239/484/2 1240/470/2
f 1453/485/2 1481/486/2 1452/741/2
f 1229/464/2 1238/488/2 1239/484/2
f 1230/489/2 1238/488/2 1229/464/2
f 1230/489/2 1237/490/2 1238/488/2
f 1230/489/2 1236/491/2 1237/490/2
f 1065/492/2 1084/209/2 1064/207/2
f 1230/489/2 1235/493/2 1236/491/2
f 1313/494/2 1378/139/2 1379/495/2
f 1231/285/2 1233/497/2 1234/496/2
f 795/498/2 906/129/2 907/60/2
f 1247/499/2 1167/224/2 1246/503/2
f 1551/501/2 1530/292/2 1550/290/2
f 1246/503/2 1167/224/2 1245/222/2
f 1352/505/2 1334/504/2 1335/506/2
f 1549/507/2 1532/284/2 1548/283/2
f 1248/508/2 1166/500/2 1247/499/2
f 1145/86/2 1266/134/2 1267/84/2
f 869/167/2 792/509/2 868/648/2
f 1414/510/2 1421/511/2 1413/602/2
f 1250/379/2 1165/513/2 1249/512/2
f 1073/236/2 1076/386/2 1072/384/2
f 1146/133/2 1264/514/2 1265/135/2
f 1252/515/2 1164/380/2 1251/381/2
f 1146/133/2 1263/516/2 1264/514/2
f 1253/517/2 1164/380/2 1252/515/2
f 1146/133/2 1262/518/2 1263/516/2
f 1254/519/2 1164/380/2 1253/517/2
f 1147/520/2 1262/518/2 1146/133/2
f 1255/521/2 1164/380/2 1254/519/2
f 1147/520/2 1261/522/2 1262/518/2
f 1255/521/2 1163/348/2 1164/380/2
f 1256/523/2 1163/348/2 1255/521/2
f 1147/520/2 1260/524/2 1261/522/2
f 1257/525/2 1163/348/2 1256/523/2
f 1147/520/2 1259/526/2 1260/524/2
f 1258/527/2 1163/348/2 1257/525/2
f 1147/520/2 1258/527/2 1259/526/2
f 1147/520/2 1163/348/2 1258/527/2
f 1315/529/2 1376/528/2 1377/137/2
f 1148/347/2 1161/530/2 1162/349/2
f 1149/531/2 1161/530/2 1148/347/2
f 1149/531/2 1160/532/2 1161/530/2
f 1150/533/2 1160/532/2 1149/531/2
f 1150/533/2 1159/534/2 1160/532/2
f 1151/535/2 1159/534/2 1150/533/2
f 1151/535/2 1158/536/2 1159/534/2
f 1152/537/2 1158/536/2 1151/535/2
f 1152/537/2 1157/538/2 1158/536/2
f 1153/539/2 1157/538/2 1152/537/2
f 1153/539/2 1156/540/2 1157/538/2
f 1154/541/2 1156/540/2 1153/539/2
f 1154/541/2 1155/542/2 1156/540/2
f 1117/544/2 1139/543/2 1140/219/2
f 1271/455/2 1390/546/2 1391/79/2
f 1369/547/2 1367/549/2 1368/548/2
f 1369/547/2 1366/550/2 1367/549/2
f 1370/551/2 1366/550/2 1369/547/2
f 1493/553/2 1514/552/2 1515/554/2
f 1370/551/2 1365/555/2 1366/550/2
f 1371/556/2 1365/555/2 1370/551/2
f 1372/557/2 1365/555/2 1371/556/2
f 1372/557/2 1364/558/2 1365/555/2
f 1296/560/2 1293/559/2 1294/561/2
f 1373/562/2 1364/558/2 1372/557/2
f 1373/562/2 1363/563/2 1364/558/2
f 1374/564/2 1363/563/2 1373/562/2
f 1411/565/2 1424/312/2 1410/311/2
f 1374/564/2 1362/566/2 1363/563/2
f 1375/567/2 1362/566/2 1374/564/2
f 1110/568/2 1090/118/2 1091/437/2
f 1376/528/2 1319/569/2 1375/567/2
f 1319/569/2 1362/566/2 1375/567/2
f 1319/569/2 1320/570/2 1362/566/2
f 1320/570/2 1361/571/2 1362/566/2
f 1376/528/2 1318/572/2 1319/569/2
f 1321/573/2 1361/571/2 1320/570/2
f 1376/528/2 1317/574/2 1318/572/2
f 1322/575/2 1361/571/2 1321/573/2
f 1275/193/2 1385/576/2 1386/192/2
f 1510/577/2 1499/578/2 1509/607/2
f 1376/528/2 1316/580/2 1317/574/2
f 1323/581/2 1361/571/2 1322/575/2
f 784/582/2 878/206/2 783/71/2
f 1323/581/2 1360/583/2 1361/571/2
f 1324/584/2 1360/583/2 1323/581/2
f 1272/585/2 1390/546/2 1271/455/2
f 1063/208/2 1085/197/2 1062/196/2
f 1325/587/2 1360/583/2 1324/584/2
f 1508/588/2 1501/589/2 1507/750/2
f 1326/591/2 1360/583/2 1325/587/2
f 943/326/2 1055/315/2 942/313/2
f 902/75/2 806/127/2 901/125/2
f 1311/593/2 1280/233/2 1281/594/2
f 1327/595/2 1359/592/2 1326/591/2
f 1408/596/2 1427/215/2 1407/213/2
f 1455/175/2 1479/597/2 1454/744/2
f 1280/233/2 1312/598/2 1380/232/2
f 1310/600/2 1282/599/2 1283/216/2
f 1282/599/2 1311/593/2 1281/594/2
f 942/313/2 1057/304/2 941/151/2
f 1102/601/2 1098/394/2 1099/321/2
f 1413/602/2 1422/436/2 1412/434/2
f 1330/174/2 1357/212/2 1329/210/2
f 789/603/2 872/176/2 873/387/2
f 1001/82/2 975/274/2 976/225/2
f 1286/443/2 1308/258/2 1285/199/2
f 1306/604/2 1287/445/2 1288/605/2
f 1118/606/2 1138/432/2 1139/543/2
f 1509/607/2 1500/590/2 1508/588/2
f 1288/605/2 1305/608/2 1306/604/2
f 1288/605/2 1304/609/2 1305/608/2
f 790/178/2 870/166/2 871/177/2
f 1060/295/2 939/610/2 940/294/2
f 1290/611/2 1301/613/2 1302/612/2
f 1293/559/2 1298/614/2 1292/620/2
f 1535/617/2 1545/616/2 1546/545/2
f 1552/618/2 1529/502/2 1551/501/2
f 1292/620/2 1298/614/2 1299/621/2
f 1299/621/2 1291/622/2 1292/620/2
f 1289/623/2 1304/609/2 1288/605/2
f 1543/625/2 1539/626/2 1542/670/2
f 1294/561/2 1295/628/2 1296/560/2
f 925/120/2 844/80/2 845/119/2
f 1336/629/2 1352/505/2 1335/506/2
f 1337/630/2 1352/505/2 1336/629/2
f 1337/630/2 1351/631/2 1352/505/2
f 1338/632/2 1351/631/2 1337/630/2
f 1338/632/2 1350/633/2 1351/631/2
f 1339/634/2 1350/633/2 1338/632/2
f 1340/635/2 1350/633/2 1339/634/2
f 1341/636/2 1350/633/2 1340/635/2
f 1341/636/2 1349/637/2 1350/633/2
f 1342/638/2 1349/637/2 1341/636/2
f 1343/639/2 1349/637/2 1342/638/2
f 1344/640/2 1349/637/2 1343/639/2
f 1344/640/2 1348/641/2 1349/637/2
f 1344/640/2 1347/642/2 1348/641/2
f 1344/640/2 1346/643/2 1347/642/2
f 1344/640/2 1345/644/2 1346/643/2
f 1505/645/2 1503/647/2 1504/646/2
f 792/509/2 867/103/2 868/648/2
f 1038/317/2 962/307/2 1037/305/2
f 1165/513/2 1248/508/2 1249/512/2
f 1291/622/2 1301/613/2 1290/611/2
f 1268/79/2 1143/287/2 1144/85/2
f 1511/651/2 1498/579/2 1510/577/2
f 1354/654/2 1332/653/2 1333/655/2
f 1494/656/2 1513/3/2 1514/552/2
f 1492/657/2 1515/554/2 1516/658/2
f 1332/653/2 1356/288/2 1331/289/2
f 1536/661/2 1544/660/2 1545/616/2
f 1546/545/2 1534/67/2 1535/617/2
f 1544/660/2 1538/627/2 1543/625/2
f 904/104/2 801/93/2 903/90/2
f 1512/1/2 1497/652/2 1511/651/2
f 1383/665/2 1276/664/2 1277/107/2
f 978/296/2 1000/83/2 977/81/2
f 1276/664/2 1385/576/2 1275/193/2
f 1387/668/2 1273/667/2 1274/191/2
f 1388/669/2 1272/585/2 1273/667/2
f 1542/670/2 1540/671/2 1541/770/2
f 1516/658/2 1491/672/2 1492/657/2
f 879/673/2 842/72/2 843/78/2
f 1517/674/2 1491/672/2 1516/658/2
f 1518/675/2 1491/672/2 1517/674/2
f 1519/676/2 1491/672/2 1518/675/2
f 1519/676/2 1490/677/2 1491/672/2
f 1520/678/2 1490/677/2 1519/676/2
f 1521/679/2 1490/677/2 1520/678/2
f 1522/680/2 1490/677/2 1521/679/2
f 1523/681/2 1490/677/2 1522/680/2
f 1523/681/2 1489/682/2 1490/677/2
f 1524/683/2 1489/682/2 1523/681/2
f 1525/684/2 1489/682/2 1524/683/2
f 1353/685/2 1333/655/2 1334/504/2
f 1525/684/2 1488/686/2 1489/682/2
f 1526/687/2 1488/686/2 1525/684/2
f 1527/688/2 1488/686/2 1526/687/2
f 1528/619/2 1488/686/2 1527/688/2
f 1528/619/2 1487/689/2 1488/686/2
f 1552/618/2 1487/689/2 1528/619/2
f 1552/618/2 1486/690/2 1487/689/2
f 1553/691/2 1486/690/2 1552/618/2
f 1553/691/2 1485/692/2 1486/690/2
f 1554/693/2 1485/692/2 1553/691/2
f 1555/694/2 1485/692/2 1554/693/2
f 1556/695/2 1485/692/2 1555/694/2
f 1557/696/2 1485/692/2 1556/695/2
f 1557/696/2 1484/697/2 1485/692/2
f 1558/698/2 1484/697/2 1557/696/2
f 1559/699/2 1484/697/2 1558/698/2
f 1560/700/2 1484/697/2 1559/699/2
f 1561/701/2 1484/697/2 1560/700/2
f 1562/702/2 1442/703/2 1561/701/2
f 1442/703/2 1484/697/2 1561/701/2
f 1562/702/2 1441/704/2 1442/703/2
f 1443/705/2 1484/697/2 1442/703/2
f 1444/706/2 1484/697/2 1443/705/2
f 1444/706/2 1483/707/2 1484/697/2
f 1562/702/2 1440/708/2 1441/704/2
f 1562/702/2 1439/709/2 1440/708/2
f 1445/710/2 1483/707/2 1444/706/2
f 1563/711/2 1439/709/2 1562/702/2
f 1563/711/2 1438/712/2 1439/709/2
f 1563/711/2 1437/713/2 1438/712/2
f 1446/714/2 1483/707/2 1445/710/2
f 1564/79/2 1437/713/2 1563/711/2
f 1564/79/2 1436/715/2 1437/713/2
f 1564/79/2 1435/716/2 1436/715/2
f 1392/71/2 1435/716/2 1564/79/2
f 1447/717/2 1483/707/2 1446/714/2
f 1392/71/2 1434/718/2 1435/716/2
f 1393/719/2 1394/720/2 1392/71/2
f 1394/720/2 1395/721/2 1392/71/2
f 1395/721/2 1396/722/2 1392/71/2
f 1396/722/2 1397/723/2 1392/71/2
f 1397/723/2 1398/724/2 1392/71/2
f 1398/724/2 1399/725/2 1392/71/2
f 1399/725/2 1400/726/2 1392/71/2
f 1400/726/2 1401/727/2 1392/71/2
f 1401/727/2 1402/728/2 1392/71/2
f 1402/728/2 1403/729/2 1392/71/2
f 1403/729/2 1404/730/2 1392/71/2
f 1404/730/2 1405/188/2 1392/71/2
f 1405/188/2 1432/731/2 1392/71/2
f 1432/731/2 1433/732/2 1392/71/2
f 1433/732/2 1434/718/2 1392/71/2
f 1448/733/2 1483/707/2 1447/717/2
f 1448/733/2 1482/734/2 1483/707/2
f 1405/188/2 1431/735/2 1432/731/2
f 1449/736/2 1482/734/2 1448/733/2
f 1405/188/2 1430/737/2 1431/735/2
f 1071/738/2 1078/391/2 1070/390/2
f 1450/739/2 1482/734/2 1449/736/2
f 1450/739/2 1481/486/2 1482/734/2
f 1451/740/2 1481/486/2 1450/739/2
f 1452/741/2 1481/486/2 1451/740/2
f 1104/742/2 1096/370/2 1097/392/2
f 1406/190/2 1428/214/2 1429/189/2
f 939/610/2 1025/282/2 938/280/2
f 1312/598/2 1379/495/2 1380/232/2
f 903/90/2 804/77/2 902/75/2
f 1454/744/2 1480/487/2 1453/485/2
f 1126/745/2 1130/228/2 1131/746/2
f 1457/63/2 1477/229/2 1456/173/2
f 1234/496/2 1230/489/2 1231/285/2
f 1328/293/2 1359/592/2 1327/595/2
f 1459/747/2 1476/64/2 1458/65/2
f 1460/748/2 1476/64/2 1459/747/2
f 1461/749/2 1476/64/2 1460/748/2
f 1507/750/2 1502/751/2 1506/760/2
f 1461/749/2 1475/752/2 1476/64/2
f 1462/753/2 1475/752/2 1461/749/2
f 1467/754/2 1465/756/2 1466/755/2
f 1463/757/2 1475/752/2 1462/753/2
f 1467/754/2 1464/758/2 1465/756/2
f 1464/758/2 1475/752/2 1463/757/2
f 1467/754/2 1475/752/2 1464/758/2
f 1467/754/2 1474/759/2 1475/752/2
f 1506/760/2 1503/647/2 1505/645/2
f 1467/754/2 1473/761/2 1474/759/2
f 1467/754/2 1472/762/2 1473/761/2
f 1467/754/2 1471/763/2 1472/762/2
f 1125/764/2 1131/746/2 1132/234/2
f 1468/765/2 1471/763/2 1467/754/2
f 1468/765/2 1470/766/2 1471/763/2
f 1469/767/2 1470/766/2 1468/765/2
f 1026/281/2 937/58/2 938/280/2
f 881/73/2 841/53/2 842/72/2
f 1415/429/2 1420/95/2 1414/510/2
f 1302/612/2 1289/623/2 1290/611/2
f 1112/768/2 1088/426/2 1089/117/2
f 1017/88/2 1019/769/2 1020/89/2
f 725/750/6 1506/760/6 724/760/6
f 389/474/7 1170/473/7 388/473/7
f 222/252/8 1003/260/8 221/260/8
f 189/261/9 970/259/9 188/259/9
f 390/475/10 1171/474/10 389/474/10
f 719/589/11 1500/590/11 718/590/11
f 391/476/12 1172/475/12 390/475/12
f 33/9/13 814/198/13 32/198/13
f 756/627/14 1537/662/14 755/662/14
f 254/5/15 1035/262/15 253/262/15
f 762/660/16 1543/625/16 761/625/16
f 255/305/13 1036/5/13 254/5/13
f 392/477/17 1173/476/17 391/476/17
f 32/198/4 813/771/4 31/771/4
f 726/588/18 1507/750/18 725/750/18
f 152/263/19 933/4/19 151/4/19
f 393/478/20 1174/477/20 392/477/20
f 31/771/21 812/10/21 30/10/21
f 35/7/13 816/8/13 34/8/13
f 190/264/22 971/261/22 189/261/22
f 394/479/23 1175/478/23 393/478/23
f 718/590/24 1499/578/24 717/578/24
f 34/8/4 815/9/4 33/9/4
f 395/480/25 1176/479/25 394/479/25
f 755/662/26 1536/661/26 754/661/26
f 253/262/27 1034/265/27 252/265/27
f 727/607/28 1508/588/28 726/588/28
f 396/481/29 1177/480/29 395/480/29
f 30/10/4 811/11/4 29/11/4
f 252/265/30 1033/266/30 251/266/30
f 191/267/31 972/264/31 190/264/31
f 397/482/32 1178/481/32 396/481/32
f 29/11/21 810/12/21 28/12/21
f 717/578/33 1498/579/33 716/579/33
f 36/13/3 817/7/3 35/7/3
f 763/616/34 1544/660/34 762/660/34
f 153/268/35 934/263/35 152/263/35
f 398/483/36 1179/482/36 397/482/36
f 399/468/21 1180/483/21 398/483/21
f 37/14/13 818/13/13 36/13/13
f 754/661/37 1535/617/37 753/617/37
f 251/266/38 1032/269/38 250/269/38
f 458/470/39 1239/484/39 457/484/39
f 728/577/40 1509/607/40 727/607/40
f 462/471/13 1245/222/13 1244/471/13
f 28/12/3 809/15/3 27/15/3
f 221/260/41 1002/276/41 220/276/41
f 192/275/42 973/267/42 191/267/42
f 27/15/21 808/16/21 26/16/21
f 716/579/43 1497/652/43 715/652/43
f 457/484/44 1238/488/44 456/488/44
f 50/17/45 831/18/45 49/18/45
f 764/545/46 1545/616/46 763/616/46
f 448/489/47 1229/464/47 447/464/47
f 250/269/48 1031/272/48 249/272/48
f 49/18/49 830/19/49 48/19/49
f 153/268/50 936/56/50 935/268/50
f 753/617/51 1534/67/51 752/67/51
f 456/488/52 1237/490/52 455/490/52
f 48/19/53 829/20/53 47/20/53
f 729/651/54 1510/577/54 728/577/54
f 51/21/55 832/17/55 50/17/55
f 249/272/56 1030/273/56 248/273/56
f 455/490/57 1236/491/57 454/491/57
f 192/275/58 975/274/58 974/275/58
f 715/652/59 1496/663/59 714/663/59
f 386/223/21 1167/224/21 385/224/21
f 47/20/60 828/22/60 46/22/60
f 317/321/61 1098/394/61 316/394/61
f 752/67/62 1533/68/62 751/68/62
f 248/273/63 1029/277/63 247/277/63
f 46/22/64 827/23/64 45/23/64
f 765/66/65 1546/545/65 764/545/65
f 155/58/66 936/56/66 154/56/66
f 52/24/67 833/21/67 51/21/67
f 321/393/68 1102/601/68 320/601/68
f 730/1/69 1511/651/69 729/651/69
f 220/276/70 1001/82/70 219/82/70
f 454/491/71 1235/493/71 453/493/71
f 45/23/72 826/25/72 44/25/72
f 449/285/73 1230/489/73 448/489/73
f 714/663/74 1495/2/74 713/2/74
f 247/277/75 1028/57/75 246/57/75
f 44/25/76 825/26/76 43/26/76
f 731/3/77 1512/1/77 730/1/77
f 194/225/78 975/274/78 193/274/78
f 453/493/79 1234/496/79 452/496/79
f 43/26/80 824/27/80 42/27/80
f 53/28/81 834/24/81 52/24/81
f 713/2/82 1494/656/82 712/656/82
f 246/57/83 1027/279/83 245/279/83
f 452/496/84 1233/497/84 451/497/84
f 156/280/85 937/58/85 155/58/85
f 317/321/86 1100/323/86 1099/321/86
f 751/68/87 1532/284/87 750/284/87
f 42/27/88 823/29/88 41/29/88
f 766/283/89 1547/66/89 765/66/89
f 319/322/3 1100/323/3 318/323/3
f 245/279/90 1026/281/90 244/281/90
f 320/601/91 1101/322/91 319/322/91
f 41/29/92 822/30/92 40/30/92
f 731/3/93 1514/552/93 1513/3/93
f 361/287/94 1231/285/94 449/285/94
f 54/31/95 835/28/95 53/28/95
f 243/282/96 1026/281/96 1025/282/96
f 195/81/97 976/225/97 194/225/97
f 712/656/98 1493/553/98 711/553/98
f 451/497/99 1232/286/99 450/286/99
f 40/30/100 821/32/100 39/32/100
f 157/610/101 938/280/101 156/280/101
f 750/284/102 1531/291/102 749/291/102
f 450/286/103 1268/79/103 486/79/103
f 39/32/104 820/33/104 38/33/104
f 767/507/105 1548/283/105 766/283/105
f 362/85/106 1143/287/106 361/287/106
f 219/82/107 1000/83/107 218/83/107
f 38/33/108 819/14/108 37/14/108
f 733/554/109 1514/552/109 732/552/109
f 464/503/110 1245/222/110 463/222/110
f 54/31/111 837/34/111 836/31/111
f 243/282/112 1024/743/112 242/743/112
f 195/81/113 978/296/113 977/81/113
f 711/553/114 1492/657/114 710/657/114
f 486/79/115 1267/84/115 485/84/115
f 110/35/116 893/36/116 892/35/116
f 749/291/117 1530/292/117 748/292/117
f 242/743/118 1060/295/118 278/295/118
f 385/224/119 1166/500/119 384/500/119
f 734/658/120 1515/554/120 733/554/120
f 158/294/121 939/610/121 157/610/121
f 465/499/122 1246/503/122 464/503/122
f 56/37/123 837/34/123 55/34/123
f 768/290/124 1549/507/124 767/507/124
f 363/86/125 1144/85/125 362/85/125
f 278/295/126 1059/152/126 277/152/126
f 466/508/127 1247/499/127 465/499/127
f 109/38/128 892/35/128 891/38/128
f 710/657/129 1491/672/129 709/672/129
f 218/83/130 999/297/130 217/297/130
f 196/296/131 979/122/131 978/296/131
f 109/38/132 890/39/132 108/39/132
f 748/292/133 1529/502/133 747/502/133
f 485/84/134 1266/134/134 484/134/134
f 735/674/135 1516/658/135 734/658/135
f 467/512/136 1248/508/136 466/508/136
f 108/39/137 889/40/137 107/40/137
f 277/152/138 1058/153/138 276/153/138
f 57/41/139 838/37/139 56/37/139
f 736/675/140 1517/674/140 735/674/140
f 159/151/141 940/294/141 158/294/141
f 384/500/142 1165/513/142 383/513/142
f 112/42/143 893/36/143 111/36/143
f 737/676/144 1518/675/144 736/675/144
f 198/124/145 979/122/145 197/122/145
f 484/134/146 1265/135/146 483/135/146
f 468/379/147 1249/512/147 467/512/147
f 107/40/148 888/43/148 106/43/148
f 709/672/149 1490/677/149 708/677/149
f 276/153/150 1057/304/150 275/304/150
f 113/44/151 894/42/151 112/42/151
f 738/678/152 1519/676/152 737/676/152
f 364/133/153 1145/86/153 363/86/153
f 181/306/154 962/307/154 180/307/154
f 739/679/155 1520/678/155 738/678/155
f 469/381/156 1250/379/156 468/379/156
f 106/43/157 887/45/157 105/45/157
f 217/297/158 998/123/158 216/123/158
f 114/46/159 895/44/159 113/44/159
f 769/501/160 1550/290/160 768/290/160
f 275/304/161 1056/314/161 274/314/161
f 483/135/162 1264/514/162 482/514/162
f 740/680/163 1521/679/163 739/679/163
f 199/310/164 980/124/164 198/124/164
f 105/45/165 886/47/165 104/47/165
f 383/513/166 1164/380/166 382/380/166
f 58/48/167 839/41/167 57/41/167
f 741/681/168 1522/680/168 740/680/168
f 160/313/169 941/151/169 159/151/169
f 470/515/170 1251/381/170 469/381/170
f 115/49/171 896/46/171 114/46/171
f 256/317/172 1037/305/172 255/305/172
f 708/677/173 1489/682/173 707/682/173
f 482/514/174 1263/516/174 481/516/174
f 742/683/175 1523/681/175 741/681/175
f 471/517/176 1252/515/176 470/515/176
f 104/47/177 885/50/177 103/50/177
f 274/314/178 1055/315/178 273/315/178
f 116/51/179 897/49/179 115/49/179
f 743/684/180 1524/683/180 742/683/180
f 180/307/181 961/318/181 179/318/181
f 481/516/182 1262/518/182 480/518/182
f 257/316/183 1038/317/183 256/317/183
f 472/519/184 1253/517/184 471/517/184
f 103/50/185 884/52/185 102/52/185
f 747/502/186 1528/619/186 746/619/186
f 59/53/187 840/48/187 58/48/187
f 200/319/188 981/310/188 199/310/188
f 365/520/189 1146/133/189 364/133/189
f 707/682/190 1488/686/190 706/686/190
f 117/54/191 898/51/191 116/51/191
f 744/687/192 1525/684/192 743/684/192
f 473/521/193 1254/519/193 472/519/193
f 273/315/194 1054/327/194 272/327/194
f 745/688/195 1526/687/195 744/687/195
f 258/308/196 1039/316/196 257/316/196
f 102/52/197 883/55/197 101/55/197
f 480/518/198 1261/522/198 479/522/198
f 770/618/199 1551/501/199 769/501/199
f 160/313/200 943/326/200 942/313/200
f 26/16/201 807/126/201 25/126/201
f 382/380/202 1163/348/202 381/348/202
f 118/320/203 899/54/203 117/54/203
f 746/619/204 1527/688/204 745/688/204
f 259/309/205 1040/308/205 258/308/205
f 474/523/206 1255/521/206 473/521/206
f 201/324/207 982/319/207 200/319/207
f 101/55/208 882/59/208 100/59/208
f 706/686/209 1487/689/209 705/689/209
f 478/524/210 1261/522/210 1260/524/210
f 475/525/211 1256/523/211 474/523/211
f 25/126/212 806/127/212 24/127/212
f 216/123/213 997/325/213 215/325/213
f 59/53/214 842/72/214 841/53/214
f 705/689/215 1486/690/215 704/690/215
f 771/691/216 1552/618/216 770/618/216
f 272/327/217 1053/328/217 271/328/217
f 478/524/218 1259/526/218 477/526/218
f 119/125/219 900/320/219 118/320/219
f 476/527/220 1257/525/220 475/525/220
f 179/318/221 960/271/221 178/271/221
f 704/690/222 1485/692/222 703/692/222
f 260/329/223 1041/309/223 259/309/223
f 100/59/224 881/73/224 99/73/224
f 772/693/225 1553/691/225 771/691/225
f 477/526/226 1258/527/226 476/527/226
f 24/127/227 805/76/227 23/76/227
f 773/694/228 1554/693/228 772/693/228
f 271/328/229 1052/330/229 270/330/229
f 366/347/230 1147/520/230 365/520/230
f 120/75/231 901/125/231 119/125/231
f 261/331/232 1042/329/232 260/329/232
f 774/695/233 1555/694/233 773/694/233
f 202/332/234 983/324/234 201/324/234
f 381/348/235 1162/349/235 380/349/235
f 99/73/236 880/74/236 98/74/236
f 774/695/237 1557/696/237 1556/695/237
f 262/333/238 1043/331/238 261/331/238
f 380/349/239 1161/530/239 379/530/239
f 23/76/240 804/77/240 22/77/240
f 367/531/241 1148/347/241 366/347/241
f 61/78/242 842/72/242 60/72/242
f 703/692/243 1484/697/243 702/697/243
f 776/698/244 1557/696/244 775/696/244
f 270/330/245 1051/334/245 269/334/245
f 263/335/246 1044/333/246 262/333/246
f 379/530/247 1160/532/247 378/532/247
f 22/77/248 803/91/248 21/91/248
f 777/699/249 1558/698/249 776/698/249
f 368/533/250 1149/531/250 367/531/250
f 121/90/251 902/75/251 120/75/251
f 778/700/252 1559/699/252 777/699/252
f 269/334/253 1050/336/253 268/336/253
f 264/337/254 1045/335/254 263/335/254
f 378/532/255 1159/534/255 377/534/255
f 98/74/256 879/673/256 97/673/256
f 779/701/257 1560/700/257 778/700/257
f 369/535/258 1150/533/258 368/533/258
f 265/338/259 1046/337/259 264/337/259
f 21/91/260 802/92/260 20/92/260
f 780/702/261 1561/701/261 779/701/261
f 203/339/262 984/332/262 202/332/262
f 377/534/263 1158/536/263 376/536/263
f 20/92/115 801/93/115 19/93/115
f 370/537/264 1151/535/264 369/535/264
f 97/673/265 926/79/265 144/79/265
f 268/336/266 1049/340/266 267/340/266
f 122/104/267 903/90/267 121/90/267
f 660/703/268 1441/704/268 659/704/268
f 266/341/269 1047/338/269 265/338/269
f 376/536/270 1157/538/270 375/538/270
f 661/705/271 1442/703/271 660/703/271
f 371/539/272 1152/537/272 370/537/272
f 62/80/273 843/78/273 61/78/273
f 267/340/274 1048/341/274 266/341/274
f 662/706/275 1443/705/275 661/705/275
f 375/538/276 1156/540/276 374/540/276
f 19/93/277 800/105/277 18/105/277
f 162/270/278 943/326/278 161/326/278
f 372/541/279 1153/539/279 371/539/279
f 702/697/280 1483/707/280 701/707/280
f 18/105/281 799/106/281 17/106/281
f 373/542/282 1154/541/282 372/541/282
f 659/704/283 1440/708/283 658/708/283
f 178/271/284 959/203/284 177/203/284
f 374/540/285 1155/542/285 373/542/285
f 144/79/286 925/120/286 143/120/286
f 204/342/287 985/339/287 203/339/287
f 489/455/288 1270/454/288 488/454/288
f 123/113/289 904/104/289 122/104/289
f 658/708/290 1439/709/290 657/709/290
f 663/710/291 1444/706/291 662/706/291
f 488/454/4 1269/71/4 487/71/4
f 215/325/292 996/343/292 214/343/292
f 17/106/293 798/114/293 16/114/293
f 781/711/294 1562/702/294 780/702/294
f 205/344/295 986/342/295 204/342/295
f 487/71/296 1391/79/296 609/79/296
f 16/114/297 797/115/297 15/115/297
f 206/345/298 987/344/298 205/344/298
f 609/79/299 1390/546/299 608/546/299
f 63/119/300 844/80/300 62/80/300
f 657/709/301 1438/712/301 656/712/301
f 587/547/302 1368/548/302 586/548/302
f 206/345/13 989/346/13 988/345/13
f 656/712/303 1437/713/303 655/713/303
f 586/548/304 1367/549/304 585/549/304
f 143/120/305 924/121/305 142/121/305
f 663/710/306 1446/714/306 1445/710/306
f 124/129/307 905/113/307 123/113/307
f 177/203/308 958/204/308 176/204/308
f 585/549/309 1366/550/309 584/550/309
f 782/79/310 1563/711/310 781/711/310
f 163/202/311 944/270/311 162/270/311
f 588/551/312 1369/547/312 587/547/312
f 15/115/313 796/128/313 14/128/313
f 490/585/314 1271/455/314 489/455/314
f 655/713/315 1436/715/315 654/715/315
f 214/343/316 995/350/316 213/350/316
f 14/128/317 795/498/317 13/498/317
f 654/715/318 1435/716/318 653/716/318
f 176/204/319 957/351/319 175/351/319
f 584/550/320 1365/555/320 583/555/320
f 142/121/321 923/131/321 141/131/321
f 610/71/322 1564/79/322 782/79/322
f 164/352/323 945/202/323 163/202/323
f 589/556/324 1370/551/324 588/551/324
f 125/60/325 906/129/325 124/129/325
f 665/717/326 1446/714/326 664/714/326
f 590/557/327 1371/556/327 589/556/327
f 64/130/328 845/119/328 63/119/328
f 175/351/329 956/353/329 174/353/329
f 653/716/330 1434/718/330 652/718/330
f 213/350/331 994/354/331 212/354/331
f 583/555/332 1364/558/332 582/558/332
f 141/131/333 922/132/333 140/132/333
f 611/719/334 1392/71/334 610/71/334
f 165/355/335 946/352/335 164/352/335
f 126/62/336 907/60/336 125/60/336
f 612/720/337 1393/719/337 611/719/337
f 608/546/338 1389/586/338 607/586/338
f 491/667/339 1272/585/339 490/585/339
f 613/721/340 1394/720/340 612/720/340
f 174/353/341 955/356/341 173/356/341
f 13/498/342 794/61/342 12/61/342
f 166/357/343 947/355/343 165/355/343
f 591/562/344 1372/557/344 590/557/344
f 127/136/345 908/62/345 126/62/345
f 614/722/346 1395/721/346 613/721/346
f 615/723/347 1396/722/347 614/722/347
f 212/354/348 993/358/348 211/358/348
f 582/558/349 1363/563/349 581/563/349
f 140/132/350 921/142/350 139/142/350
f 65/141/351 846/130/351 64/130/351
f 616/724/352 1397/723/352 615/723/352
f 173/356/353 954/359/353 172/359/353
f 607/586/354 1388/669/354 606/669/354
f 167/360/355 948/357/355 166/357/355
f 592/564/356 1373/562/356 591/562/356
f 128/140/357 909/136/357 127/136/357
f 617/725/358 1398/724/358 616/724/358
f 492/191/359 1273/667/359 491/667/359
f 618/726/360 1399/725/360 617/725/360
f 172/359/361 953/361/361 171/361/361
f 139/142/362 920/143/362 138/143/362
f 619/727/363 1400/726/363 618/726/363
f 211/358/364 992/362/364 210/362/364
f 581/563/365 1362/566/365 580/566/365
f 12/61/366 793/144/366 11/144/366
f 167/360/367 950/363/367 949/360/367
f 129/145/368 910/140/368 128/140/368
f 620/728/369 1401/727/369 619/727/369
f 606/669/370 1387/668/370 605/668/370
f 593/567/371 1374/564/371 592/564/371
f 621/729/372 1402/728/372 620/728/372
f 171/361/373 952/364/373 170/364/373
f 138/143/374 919/146/374 137/146/374
f 169/365/375 950/363/375 168/363/375
f 492/191/376 1275/193/376 1274/191/376
f 66/101/377 847/141/377 65/141/377
f 622/730/378 1403/729/378 621/729/378
f 170/364/379 951/365/379 169/365/379
f 130/147/380 911/145/380 129/145/380
f 623/188/381 1404/730/381 622/730/381
f 210/362/382 991/366/382 209/366/382
f 605/668/383 1386/192/383 604/192/383
f 208/367/384 989/346/384 207/346/384
f 594/528/385 1375/567/385 593/567/385
f 209/366/386 990/367/386 208/367/386
f 137/146/387 918/148/387 136/148/387
f 348/228/388 1129/226/388 347/226/388
f 131/149/389 912/147/389 130/147/389
f 651/732/390 1432/731/390 650/731/390
f 347/226/4 1128/772/4 346/772/4
f 538/570/391 1319/569/391 537/569/391
f 652/718/392 1433/732/392 651/732/392
f 136/148/393 917/150/393 135/150/393
f 666/733/394 1447/717/394 665/717/394
f 346/772/395 1127/227/395 345/227/395
f 349/746/396 1130/228/396 348/228/396
f 580/566/397 1361/571/397 579/571/397
f 701/707/398 1482/734/398 700/734/398
f 537/569/399 1318/572/399 536/572/399
f 11/144/400 792/509/400 10/509/400
f 345/227/401 1126/745/401 344/745/401
f 539/573/402 1320/570/402 538/570/402
f 132/154/403 913/149/403 131/149/403
f 650/731/404 1431/735/404 649/735/404
f 350/234/405 1131/746/405 349/746/405
f 667/736/10 1448/733/10 666/733/10
f 536/572/406 1317/574/406 535/574/406
f 135/150/407 916/155/407 134/155/407
f 344/745/408 1125/764/408 343/764/408
f 540/575/409 1321/573/409 539/573/409
f 133/156/410 914/154/410 132/154/410
f 649/735/411 1430/737/411 648/737/411
f 351/97/412 1132/234/412 350/234/412
f 648/737/413 1429/189/413 647/189/413
f 604/192/414 1385/576/414 603/576/414
f 134/155/415 915/156/415 133/156/415
f 668/739/416 1449/736/416 667/736/416
f 343/764/417 1124/235/417 342/235/417
f 494/664/418 1275/193/418 493/193/418
f 351/97/419 1134/99/419 1133/97/419
f 85/103/420 866/102/420 84/102/420
f 699/486/421 1482/734/421 1481/486/421
f 535/574/422 1316/580/422 534/580/422
f 85/103/423 868/648/423 867/103/423
f 669/740/424 1450/739/424 668/739/424
f 342/235/425 1123/98/425 341/98/425
f 540/575/426 1323/581/426 1322/575/426
f 353/375/427 1134/99/427 352/99/427
f 67/160/428 848/101/428 66/101/428
f 624/190/429 1405/188/429 623/188/429
f 595/137/430 1376/528/430 594/528/430
f 87/167/431 868/648/431 86/648/431
f 669/740/432 1452/741/432 1451/740/432
f 341/98/433 1122/378/433 340/378/433
f 353/375/434 1136/377/434 1135/375/434
f 603/576/435 1384/666/435 602/666/435
f 84/102/436 865/161/436 83/161/436
f 699/486/437 1480/487/437 698/487/437
f 579/571/438 1360/583/438 578/583/438
f 340/378/439 1121/376/439 339/376/439
f 542/584/440 1323/581/440 541/581/440
f 9/168/441 792/509/441 791/168/441
f 647/189/442 1428/214/442 646/214/442
f 355/430/443 1136/377/443 354/377/443
f 68/165/444 849/160/444 67/160/444
f 671/485/445 1452/741/445 670/741/445
f 534/580/446 1315/529/446 533/529/446
f 88/166/447 869/167/447 87/167/447
f 339/376/448 1120/433/448 338/433/448
f 495/107/449 1276/664/449 494/664/449
f 698/487/450 1479/597/450 697/597/450
f 356/432/451 1137/430/451 355/430/451
f 672/744/452 1453/485/452 671/485/452
f 596/139/453 1377/137/453 595/137/453
f 83/161/454 864/169/454 82/169/454
f 625/213/455 1406/190/455 624/190/455
f 338/433/456 1119/431/456 337/431/456
f 82/169/457 863/170/457 81/170/457
f 357/543/458 1138/432/458 356/432/458
f 602/666/459 1383/665/459 601/665/459
f 69/171/460 850/165/460 68/165/460
f 543/587/461 1324/584/461 542/584/461
f 646/214/462 1427/215/462 645/215/462
f 89/177/463 870/166/463 88/166/463
f 673/175/464 1454/744/464 672/744/464
f 337/431/465 1118/606/465 336/606/465
f 358/219/466 1139/543/466 357/543/466
f 533/529/467 1314/138/467 532/138/467
f 496/109/468 1277/107/468 495/107/468
f 81/170/469 862/172/469 80/172/469
f 696/174/470 1479/597/470 1478/174/470
f 674/173/471 1455/175/471 673/175/471
f 336/606/472 1117/544/472 335/544/472
f 8/178/473 791/168/473 790/178/473
f 359/221/474 1140/219/474 358/219/474
f 601/665/475 1382/108/475 600/108/475
f 70/157/476 851/171/476 69/171/476
f 597/495/477 1378/139/477 596/139/477
f 644/299/478 1427/215/478 1426/299/478
f 626/596/479 1407/213/479 625/213/479
f 335/544/480 1116/220/480 334/220/480
f 80/172/481 861/159/481 79/159/481
f 435/395/482 1216/396/482 434/396/482
f 578/583/483 1359/592/483 577/592/483
f 90/176/484 871/177/484 89/177/484
f 544/591/485 1325/587/485 543/587/485
f 696/174/486 1477/229/486 695/229/486
f 434/396/487 1215/397/487 433/397/487
f 675/63/488 1456/173/488 674/173/488
f 436/398/489 1217/395/489 435/395/489
f 79/159/490 860/158/490 78/158/490
f 532/138/491 1313/494/491 531/494/491
f 71/179/492 852/157/492 70/157/492
f 676/65/493 1457/63/493 675/63/493
f 433/397/494 1214/399/494 432/399/494
f 600/108/495 1381/278/495 599/278/495
f 437/400/496 1218/398/496 436/398/496
f 496/109/497 1279/231/497 1278/109/497
f 78/158/498 859/180/498 77/180/498
f 643/300/499 1426/299/499 1425/300/499
f 627/298/500 1408/596/500 626/596/500
f 598/232/501 1379/495/501 597/495/501
f 77/180/502 858/181/502 76/181/502
f 432/399/503 1213/401/503 431/401/503
f 72/182/504 853/179/504 71/179/504
f 438/402/505 1219/400/505 437/400/505
f 544/591/506 1327/595/506 1326/591/506
f 695/229/507 1476/64/507 694/64/507
f 91/387/508 872/176/508 90/176/508
f 677/747/509 1458/65/509 676/65/509
f 599/278/510 1380/232/510 598/232/510
f 678/748/511 1459/747/511 677/747/511
f 498/233/512 1279/231/512 497/231/512
f 75/185/513 858/181/513 857/185/513
f 431/401/514 1212/404/514 430/404/514
f 679/749/515 1460/748/515 678/748/515
f 8/178/516 789/603/516 7/603/516
f 430/404/517 1211/405/517 429/405/517
f 531/494/518 1312/598/518 530/598/518
f 75/185/519 856/186/519 74/186/519
f 643/300/520 1424/312/520 642/312/520
f 429/405/521 1210/406/521 428/406/521
f 577/592/87 1358/211/87 576/211/87
f 73/187/128 854/182/128 72/182/128
f 74/186/522 855/187/522 73/187/522
f 693/752/523 1476/64/523 1475/752/523
f 428/406/524 1209/407/524 427/407/524
f 499/594/525 1280/233/525 498/233/525
f 91/387/526 874/389/526 873/387/526
f 680/753/527 1461/749/527 679/749/527
f 427/407/528 1208/408/528 426/408/528
f 546/293/529 1327/595/529 545/595/529
f 628/311/530 1409/298/530 627/298/530
f 305/71/13 1142/409/13 360/409/13
f 6/388/531 789/603/531 788/388/531
f 92/389/532 875/110/532 874/389/532
f 685/754/13 1466/755/13 684/755/13
f 360/409/4 1141/221/4 359/221/4
f 530/598/533 1311/593/533 529/593/533
f 500/599/534 1281/594/534 499/594/534
f 684/755/535 1465/756/535 683/756/535
f 6/388/536 787/439/536 5/439/536
f 681/757/537 1462/753/537 680/753/537
f 334/220/4 1115/410/4 333/410/4
f 546/293/538 1329/210/538 1328/293/538
f 94/112/539 875/110/539 93/110/539
f 333/410/21 1114/411/21 332/411/21
f 683/756/540 1464/758/540 682/758/540
f 576/211/541 1357/212/541 575/212/541
f 5/439/542 786/111/542 4/111/542
f 682/758/543 1463/757/543 681/757/543
f 426/408/544 1207/412/544 425/412/544
f 501/216/545 1282/599/545 500/599/545
f 95/195/546 876/112/546 94/112/546
f 413/413/547 1194/403/547 412/403/547
f 95/195/548 878/206/548 877/195/548
f 414/414/549 1195/413/549 413/413/549
f 529/593/550 1310/600/550 528/600/550
f 693/752/551 1474/759/551 692/759/551
f 502/201/552 1283/216/552 501/216/552
f 415/415/553 1196/414/553 414/414/553
f 4/111/554 785/205/554 3/205/554
f 642/312/555 1423/435/555 641/435/555
f 548/174/556 1329/210/556 547/210/556
f 1/71/557 878/206/557 96/206/557
f 416/416/558 1197/415/558 415/415/558
f 692/759/559 1473/761/559 691/761/559
f 2/582/3 783/71/3 1/71/3
f 629/565/560 1410/311/560 628/311/560
f 417/417/561 1198/416/561 416/416/561
f 528/600/562 1309/200/562 527/200/562
f 3/205/563 784/582/563 2/582/563
f 503/199/564 1284/201/564 502/201/564
f 238/89/13 1019/769/13 237/769/13
f 418/418/565 1199/417/565 417/417/565
f 691/761/566 1472/762/566 690/762/566
f 237/769/4 1018/773/4 236/773/4
f 419/419/567 1200/418/567 418/418/567
f 574/288/568 1357/212/568 1356/288/568
f 690/762/569 1471/763/569 689/763/569
f 236/773/21 1017/88/21 235/88/21
f 420/420/570 1201/419/570 419/419/570
f 526/258/571 1309/200/571 1308/258/571
f 280/196/572 1061/650/572 279/650/572
f 640/436/573 1423/435/573 1422/436/573
f 504/443/574 1285/199/574 503/199/574
f 686/765/575 1467/754/575 685/754/575
f 421/421/576 1202/420/576 420/420/576
f 279/650/4 1086/79/4 304/79/4
f 549/289/577 1330/174/577 548/174/577
f 422/422/578 1203/421/578 421/421/578
f 304/79/579 1085/197/579 303/197/579
f 689/763/580 1470/766/580 688/766/580
f 505/445/581 1286/443/581 504/443/581
f 630/434/582 1411/565/582 629/565/582
f 423/423/583 1204/422/583 422/422/583
f 303/197/584 1084/209/584 302/209/584
f 281/208/585 1062/196/585 280/196/585
f 687/767/586 1468/765/586 686/765/586
f 424/424/587 1205/423/587 423/423/587
f 526/258/588 1307/444/588 525/444/588
f 688/766/589 1469/767/589 687/767/589
f 425/412/21 1206/424/21 424/424/21
f 506/605/590 1287/445/590 505/445/590
f 282/207/591 1063/208/591 281/208/591
f 640/436/592 1421/511/592 639/511/592
f 412/403/21 1193/425/21 411/425/21
f 631/602/593 1412/434/593 630/434/593
f 306/426/3 1087/71/3 305/71/3
f 525/444/594 1306/604/594 524/604/594
f 302/209/595 1083/302/595 301/302/595
f 550/653/596 1331/289/596 549/289/596
f 283/492/597 1064/207/597 282/207/597
f 306/426/598 1089/117/598 1088/426/598
f 639/511/599 1420/95/599 638/95/599
f 632/510/600 1413/602/600 631/602/600
f 574/288/601 1355/659/601 573/659/601
f 301/302/602 1082/303/602 300/303/602
f 332/411/3 1113/428/3 331/428/3
f 284/301/603 1065/492/603 283/492/603
f 633/429/604 1414/510/604 632/510/604
f 524/604/605 1305/608/605 523/608/605
f 331/428/606 1112/768/606 330/768/606
f 307/117/607 1090/118/607 1089/117/607
f 523/608/608 1304/609/608 522/609/608
f 300/303/609 1081/427/609 299/427/609
f 638/95/610 1419/96/610 637/96/610
f 507/623/611 1288/605/611 506/605/611
f 240/87/13 1021/100/13 239/100/13
f 634/94/612 1415/429/612 633/429/612
f 329/116/613 1112/768/613 1111/116/613
f 239/100/4 1020/89/4 238/89/4
f 309/437/614 1090/118/614 308/118/614
f 522/609/615 1303/624/615 521/624/615
f 636/184/616 1419/96/616 1418/184/616
f 635/183/617 1416/94/617 634/94/617
f 521/624/618 1302/612/618 520/612/618
f 235/88/4 1016/217/4 234/217/4
f 636/184/3 1417/183/3 635/183/3
f 329/116/619 1110/568/619 328/568/619
f 508/611/620 1289/623/620 507/623/620
f 310/382/621 1091/437/621 309/437/621
f 234/217/21 1015/218/21 233/218/21
f 285/463/622 1066/301/622 284/301/622
f 520/612/623 1301/613/623 519/613/623
f 327/438/624 1110/568/624 1109/438/624
f 551/655/625 1332/653/625 550/653/625
f 311/373/626 1092/382/626 310/382/626
f 299/427/627 1080/163/627 298/163/627
f 509/622/628 1290/611/628 508/611/628
f 286/164/629 1067/463/629 285/463/629
f 327/438/630 1108/383/630 326/383/630
f 312/371/631 1093/373/631 311/373/631
f 519/613/632 1300/649/632 518/649/632
f 298/163/633 1079/194/633 297/194/633
f 287/162/634 1068/164/634 286/164/634
f 573/659/635 1354/654/635 572/654/635
f 326/383/636 1107/374/636 325/374/636
f 313/368/637 1094/371/637 312/371/637
f 518/649/638 1299/621/638 517/621/638
f 297/194/639 1078/391/639 296/391/639
f 510/620/640 1291/622/640 509/622/640
f 288/390/641 1069/162/641 287/162/641
f 325/374/642 1106/372/642 324/372/642
f 441/440/643 1222/441/643 440/441/643
f 517/621/644 1298/614/644 516/614/644
f 296/391/645 1077/385/645 295/385/645
f 510/620/646 1293/559/646 1292/620/646
f 241/70/3 1022/87/3 240/87/3
f 440/441/647 1221/442/647 439/442/647
f 552/504/648 1333/655/648 551/655/648
f 145/71/13 1023/70/13 241/70/13
f 439/442/649 1220/402/649 438/402/649
f 314/370/650 1095/368/650 313/368/650
f 516/614/651 1297/615/651 515/615/651
f 233/218/3 1014/230/3 232/230/3
f 442/446/652 1223/440/652 441/440/652
f 515/615/653 1296/560/653 514/560/653
f 232/230/21 1013/69/21 231/69/21
f 512/561/654 1293/559/654 511/559/654
f 288/390/655 1071/738/655 1070/390/655
f 324/372/656 1105/369/656 323/369/656
f 443/447/657 1224/446/657 442/446/657
f 572/654/658 1353/685/658 571/685/658
f 295/385/659 1076/386/659 294/386/659
f 513/628/3 1294/561/3 512/561/3
f 290/384/660 1071/738/660 289/738/660
f 444/448/661 1225/447/661 443/447/661
f 514/560/662 1295/628/662 513/628/662
f 553/506/663 1334/504/663 552/504/663
f 294/386/664 1075/237/664 293/237/664
f 411/425/665 1192/449/665 410/449/665
f 291/236/666 1072/384/666 290/384/666
f 571/685/667 1352/505/667 570/505/667
f 410/449/668 1191/450/668 409/450/668
f 553/506/669 1336/629/669 1335/506/669
f 292/238/3 1073/236/3 291/236/3
f 293/237/670 1074/238/670 292/238/670
f 409/450/671 1190/451/671 408/451/671
f 555/630/672 1336/629/672 554/629/672
f 229/240/673 1012/239/673 1011/240/673
f 408/451/674 1189/452/674 407/452/674
f 228/241/675 1011/240/675 1010/241/675
f 445/453/676 1226/448/676 444/448/676
f 570/505/677 1351/631/677 569/631/677
f 556/632/678 1337/630/678 555/630/678
f 228/241/679 1009/242/679 227/242/679
f 314/370/680 1097/392/680 1096/370/680
f 230/239/681 1013/69/681 1012/239/681
f 569/631/682 1350/633/682 568/633/682
f 407/452/683 1188/456/683 406/456/683
f 557/634/684 1338/632/684 556/632/684
f 227/242/685 1008/243/685 226/243/685
f 323/369/686 1104/742/686 322/742/686
f 558/635/687 1339/634/687 557/634/687
f 226/243/688 1007/244/688 225/244/688
f 406/456/689 1187/457/689 405/457/689
f 559/636/690 1340/635/690 558/635/690
f 146/245/691 927/71/691 145/71/691
f 405/457/692 1186/458/692 404/458/692
f 446/459/693 1227/453/693 445/453/693
f 568/633/694 1349/637/694 567/637/694
f 225/244/695 1006/246/695 224/246/695
f 560/638/696 1341/636/696 559/636/696
f 146/245/697 929/247/697 928/245/697
f 404/458/698 1185/460/698 403/460/698
f 561/639/699 1342/638/699 560/638/699
f 224/246/700 1005/248/700 223/248/700
f 403/460/701 1184/461/701 402/461/701
f 561/639/13 1344/640/13 1343/639/13
f 148/249/702 929/247/702 147/247/702
f 402/461/703 1183/462/703 401/462/703
f 149/250/704 930/249/704 148/249/704
f 315/392/705 1098/394/705 1097/392/705
f 567/637/706 1348/641/706 566/641/706
f 447/464/707 1228/459/707 446/459/707
f 565/642/708 1348/641/708 1347/642/708
f 565/642/709 1346/643/709 564/643/709
f 223/248/710 1004/252/710 222/252/710
f 460/466/268 1241/465/268 459/465/268
f 563/644/711 1344/640/711 562/640/711
f 149/250/712 932/253/712 931/250/712
f 564/643/713 1345/644/713 563/644/713
f 723/645/714 1504/646/714 722/646/714
f 184/254/715 967/251/715 966/254/715
f 401/462/695 1182/467/695 400/467/695
f 722/646/4 1503/647/4 721/647/4
f 185/251/716 968/255/716 967/251/716
f 322/742/717 1103/393/717 321/393/717
f 721/647/718 1502/751/718 720/751/718
f 760/670/719 1541/770/719 759/770/719
f 184/254/720 965/256/720 183/256/720
f 400/467/721 1181/468/721 399/468/721
f 186/255/722 969/257/722 968/255/722
f 461/469/723 1242/466/723 460/466/723
f 759/770/4 1540/671/4 758/671/4
f 758/671/724 1539/626/724 757/626/724
f 183/256/725 964/6/725 182/6/725
f 459/465/726 1240/470/726 458/470/726
f 724/760/727 1505/645/727 723/645/727
f 151/4/728 932/253/728 150/253/728
f 462/471/729 1243/469/729 461/469/729
f 720/751/730 1501/589/730 719/589/730
f 387/472/731 1168/223/731 386/223/731
f 757/626/732 1538/627/732 756/627/732
f 182/6/21 963/306/21 181/306/21
f 761/625/733 1542/670/733 760/670/733
f 187/257/734 970/259/734 969/257/734
f 388/473/735 1169/472/735 387/472/735
f 730/1/1 714/663/1 713/2/1
f 154/56/1 247/277/1 246/57/1
f 125/60/1 13/498/1 12/61/1
f 675/63/1 695/229/1 694/64/1
f 765/66/1 764/545/1 752/67/1
f 1013/69/2 1014/230/2 1023/70/2
f 61/78/1 97/673/1 144/79/1
f 195/81/1 194/225/1 219/82/1
f 1267/84/2 1268/79/2 1144/85/2
f 634/94/1 633/429/1 638/95/1
f 351/97/1 342/235/1 341/98/1
f 495/107/1 601/665/1 600/108/1
f 93/110/1 5/439/1 4/111/1
f 1111/116/2 1112/768/2 1089/117/2
f 197/122/1 217/297/1 216/123/1
f 119/125/1 118/320/1 25/126/1
f 123/113/1 15/115/1 14/128/1
f 364/133/1 363/86/1 484/134/1
f 595/137/1 533/529/1 532/138/1
f 159/151/1 158/294/1 277/152/1
f 241/70/1 232/230/1 231/69/1
f 1069/162/2 1079/194/2 1080/163/2
f 362/85/1 486/79/1 485/84/1
f 1456/173/2 1477/229/2 1478/174/2
f 635/183/1 634/94/1 637/96/1
f 1028/57/2 1029/277/2 936/56/2
f 623/188/1 648/737/1 647/189/1
f 796/128/2 797/115/2 905/113/2
f 492/191/1 605/668/1 604/192/1
f 1314/138/2 1315/529/2 1377/137/2
f 287/162/1 286/164/1 298/163/1
f 280/196/1 279/650/1 304/79/1
f 1495/2/2 1496/663/2 1512/1/2
f 32/198/1 31/771/1 30/10/1
f 1285/199/2 1308/258/2 1309/200/2
f 163/202/1 162/270/1 177/203/1
f 95/195/1 4/111/1 3/205/1
f 547/210/1 546/293/1 576/211/1
f 625/213/1 624/190/1 646/214/1
f 501/216/1 528/600/1 527/200/1
f 358/219/1 335/544/1 334/220/1
f 463/222/1 462/471/1 386/223/1
f 977/81/2 1000/83/2 1001/82/2
f 307/117/1 330/768/1 329/116/1
f 1123/98/2 1124/235/2 1133/97/2
f 347/226/1 346/772/1 345/227/1
f 674/173/1 673/175/1 696/174/1
f 1386/192/2 1387/668/2 1274/191/2
f 998/123/2 999/297/2 979/122/2
f 497/231/1 599/278/1 598/232/1
f 350/234/1 343/764/1 342/235/1
f 503/199/1 502/201/1 527/200/1
f 794/61/2 795/498/2 907/60/2
f 162/270/1 161/326/1 178/271/1
f 192/275/1 191/267/1 221/260/1
f 496/109/1 600/108/1 599/278/1
f 64/130/1 63/119/1 142/121/1
f 766/283/1 765/66/1 751/68/1
f 449/285/1 451/497/1 450/286/1
f 548/174/1 575/212/1 574/288/1
f 768/290/1 767/507/1 749/291/1
f 1329/210/2 1357/212/2 1358/211/2
f 627/298/1 626/596/1 644/299/1
f 284/301/1 283/492/1 301/302/1
f 258/308/1 179/318/1 178/271/1
f 628/311/1 627/298/1 643/300/1
f 945/202/2 958/204/2 959/203/2
f 118/320/1 117/54/1 26/16/1
f 317/321/1 320/601/1 319/322/1
f 65/141/1 64/130/1 140/132/1
f 366/347/1 365/520/1 381/348/1
f 313/368/1 324/372/1 323/369/1
f 312/371/1 325/374/1 324/372/1
f 311/373/1 326/383/1 325/374/1
f 353/375/1 340/378/1 339/376/1
f 352/99/1 341/98/1 340/378/1
f 468/379/1 383/513/1 382/380/1
f 310/382/1 327/438/1 326/383/1
f 941/151/2 1058/153/2 1059/152/2
f 290/384/1 289/738/1 295/385/1
f 91/387/1 7/603/1 6/388/1
f 288/390/1 287/162/1 297/194/1
f 254/5/1 182/6/1 181/306/1
f 1476/64/2 1477/229/2 1457/63/2
f 315/392/1 322/742/1 321/393/1
f 286/164/1 285/463/1 299/427/1
f 122/104/1 17/106/1 16/114/1
f 1416/94/2 1419/96/2 1420/95/2
f 355/430/1 338/433/1 337/431/1
f 1146/133/2 1265/135/2 1266/134/2
f 354/377/1 339/376/1 338/433/1
f 630/434/1 629/565/1 641/435/1
f 309/437/1 328/568/1 327/438/1
f 92/389/1 6/388/1 5/439/1
f 504/443/1 526/258/1 525/444/1
f 488/454/1 487/71/1 609/79/1
f 285/463/1 284/301/1 300/303/1
f 671/485/1 670/741/1 699/486/1
f 926/79/2 879/673/2 843/78/2
f 283/492/1 282/207/1 302/209/1
f 596/139/1 532/138/1 531/494/1
f 124/129/1 14/128/1 13/498/1
f 465/499/1 464/503/1 385/224/1
f 769/501/1 768/290/1 748/292/1
f 552/504/1 571/685/1 570/505/1
f 767/507/1 766/283/1 750/284/1
f 1417/183/2 1418/184/2 1419/96/2
f 87/167/1 86/648/1 10/509/1
f 632/510/1 631/602/1 639/511/1
f 291/236/1 290/384/1 294/386/1
f 594/528/1 534/580/1 533/529/1
f 357/543/1 336/606/1 335/544/1
f 1547/66/2 1533/68/2 1534/67/2
f 732/552/1 712/656/1 711/553/1
f 511/559/1 515/615/1 514/560/1
f 629/565/1 628/311/1 642/312/1
f 308/118/1 329/116/1 328/568/1
f 728/577/1 727/607/1 717/578/1
f 96/206/1 3/205/1 2/582/1
f 490/585/1 489/455/1 608/546/1
f 281/208/1 280/196/1 303/197/1
f 726/588/1 725/750/1 719/589/1
f 1245/222/2 1167/224/2 1168/223/2
f 544/591/1 543/587/1 578/583/1
f 161/326/1 160/313/1 273/315/1
f 120/75/1 119/125/1 24/127/1
f 498/233/1 530/598/1 529/593/1
f 626/596/1 625/213/1 645/215/1
f 673/175/1 672/744/1 697/597/1
f 500/599/1 529/593/1 528/600/1
f 160/313/1 159/151/1 275/304/1
f 316/394/1 321/393/1 320/601/1
f 631/602/1 630/434/1 640/436/1
f 90/176/1 8/178/1 7/603/1
f 193/274/1 220/276/1 219/82/1
f 505/445/1 525/444/1 524/604/1
f 786/111/2 787/439/2 875/110/2
f 356/432/1 337/431/1 336/606/1
f 1382/108/2 1383/665/2 1277/107/2
f 727/607/1 726/588/1 718/590/1
f 88/166/1 9/168/1 8/178/1
f 157/610/1 242/743/1 278/295/1
f 1407/213/2 1427/215/2 1428/214/2
f 511/559/1 510/620/1 516/614/1
f 763/616/1 754/661/1 753/617/1
f 770/618/1 769/501/1 747/502/1
f 509/622/1 518/649/1 517/621/1
f 507/623/1 506/605/1 522/609/1
f 761/625/1 760/670/1 757/626/1
f 1380/232/2 1381/278/2 1279/231/2
f 62/80/1 144/79/1 143/120/1
f 1127/227/2 1128/772/2 1129/226/2
f 85/103/1 11/144/1 10/509/1
f 256/317/1 255/305/1 180/307/1
f 785/205/2 786/111/2 877/195/2
f 466/508/1 384/500/1 383/513/1
f 509/622/1 508/611/1 519/613/1
f 1062/196/2 1085/197/2 1086/79/2
f 361/287/1 450/286/1 486/79/1
f 729/651/1 728/577/1 716/579/1
f 1116/220/2 1117/544/2 1140/219/2
f 550/653/1 573/659/1 572/654/1
f 731/3/1 713/2/1 712/656/1
f 733/554/1 711/553/1 710/657/1
f 550/653/1 549/289/1 574/288/1
f 762/660/1 755/662/1 754/661/1
f 762/660/1 761/625/1 756/627/1
f 122/104/1 121/90/1 19/93/1
f 730/1/1 729/651/1 715/652/1
f 494/664/1 602/666/1 601/665/1
f 196/296/1 195/81/1 218/83/1
f 494/664/1 493/193/1 603/576/1
f 491/667/1 606/669/1 605/668/1
f 490/585/1 607/586/1 606/669/1
f 760/670/1 759/770/1 758/671/1
f 60/72/1 98/74/1 97/673/1
f 551/655/1 572/654/1 571/685/1
f 1124/235/2 1125/764/2 1132/234/2
f 289/738/1 288/390/1 296/391/1
f 901/125/2 806/127/2 807/126/2
f 314/370/1 323/369/1 322/742/1
f 157/610/1 156/280/1 243/282/1
f 597/495/1 531/494/1 530/598/1
f 121/90/1 120/75/1 22/77/1
f 672/744/1 671/485/1 698/487/1
f 348/228/1 345/227/1 344/745/1
f 1429/189/2 1430/737/2 1405/188/2
f 448/489/1 453/493/1 452/496/1
f 546/293/1 545/595/1 577/592/1
f 725/750/1 724/760/1 720/751/1
f 812/10/2 813/771/2 814/198/2
f 724/760/1 723/645/1 721/647/1
f 349/746/1 344/745/1 343/764/1
f 155/58/1 245/279/1 244/281/1
f 59/53/1 100/59/1 99/73/1
f 507/623/1 521/624/1 520/612/1
f 1309/200/2 1310/600/2 1283/216/2
f 306/426/1 331/428/1 330/768/1
f 237/769/1 236/773/1 235/88/1
f 944/270/2 959/203/2 960/271/2
f 974/275/2 1002/276/2 1003/260/2
f 1381/278/2 1382/108/2 1278/109/2
f 846/130/2 923/131/2 924/121/2
f 1548/283/2 1532/284/2 1533/68/2
f 1232/286/2 1233/497/2 1231/285/2
f 1356/288/2 1357/212/2 1330/174/2
f 1550/290/2 1530/292/2 1531/291/2
f 1409/298/2 1425/300/2 1426/299/2
f 1066/301/2 1082/303/2 1083/302/2
f 960/271/2 961/318/2 1040/308/2
f 1410/311/2 1424/312/2 1425/300/2
f 900/320/2 807/126/2 808/16/2
f 1101/322/2 1102/601/2 1099/321/2
f 847/141/2 921/142/2 922/132/2
f 1148/347/2 1162/349/2 1163/348/2
f 1105/369/2 1106/372/2 1095/368/2
f 1106/372/2 1107/374/2 1094/371/2
f 1107/374/2 1108/383/2 1093/373/2
f 1121/376/2 1122/378/2 1135/375/2
f 1122/378/2 1123/98/2 1134/99/2
f 1164/380/2 1165/513/2 1250/379/2
f 1108/383/2 1109/438/2 1092/382/2
f 1072/384/2 1076/386/2 1077/385/2
f 788/388/2 789/603/2 873/387/2
f 1070/390/2 1078/391/2 1079/194/2
f 963/306/2 964/6/2 1036/5/2
f 1103/393/2 1104/742/2 1097/392/2
f 1068/164/2 1080/163/2 1081/427/2
f 798/114/2 799/106/2 904/104/2
f 1119/431/2 1120/433/2 1137/430/2
f 1120/433/2 1121/376/2 1136/377/2
f 1412/434/2 1422/436/2 1423/435/2
f 1109/438/2 1110/568/2 1091/437/2
f 787/439/2 788/388/2 874/389/2
f 1307/444/2 1308/258/2 1286/443/2
f 1391/79/2 1269/71/2 1270/454/2
f 1067/463/2 1081/427/2 1082/303/2
f 1453/485/2 1480/487/2 1481/486/2
f 1065/492/2 1083/302/2 1084/209/2
f 1313/494/2 1314/138/2 1378/139/2
f 795/498/2 796/128/2 906/129/2
f 1247/499/2 1166/500/2 1167/224/2
f 1551/501/2 1529/502/2 1530/292/2
f 1352/505/2 1353/685/2 1334/504/2
f 1549/507/2 1531/291/2 1532/284/2
f 869/167/2 791/168/2 792/509/2
f 1414/510/2 1420/95/2 1421/511/2
f 1073/236/2 1075/237/2 1076/386/2
f 1315/529/2 1316/580/2 1376/528/2
f 1117/544/2 1118/606/2 1139/543/2
f 1493/553/2 1494/656/2 1514/552/2
f 1296/560/2 1297/615/2 1293/559/2
f 1411/565/2 1423/435/2 1424/312/2
f 1110/568/2 1111/116/2 1090/118/2
f 1510/577/2 1498/579/2 1499/578/2
f 784/582/2 785/205/2 878/206/2
f 1272/585/2 1389/586/2 1390/546/2
f 1063/208/2 1084/209/2 1085/197/2
f 1508/588/2 1500/590/2 1501/589/2
f 1326/591/2 1359/592/2 1360/583/2
f 943/326/2 1054/327/2 1055/315/2
f 902/75/2 805/76/2 806/127/2
f 1311/593/2 1312/598/2 1280/233/2
f 1408/596/2 1426/299/2 1427/215/2
f 1455/175/2 1478/174/2 1479/597/2
f 1310/600/2 1311/593/2 1282/599/2
f 942/313/2 1056/314/2 1057/304/2
f 1102/601/2 1103/393/2 1098/394/2
f 1413/602/2 1421/511/2 1422/436/2
f 789/603/2 790/178/2 872/176/2
f 1001/82/2 1002/276/2 975/274/2
f 1306/604/2 1307/444/2 1287/445/2
f 1118/606/2 1119/431/2 1138/432/2
f 1509/607/2 1499/578/2 1500/590/2
f 790/178/2 791/168/2 870/166/2
f 1060/295/2 1024/743/2 939/610/2
f 1293/559/2 1297/615/2 1298/614/2
f 1535/617/2 1536/661/2 1545/616/2
f 1552/618/2 1528/619/2 1529/502/2
f 1299/621/2 1300/649/2 1291/622/2
f 1289/623/2 1303/624/2 1304/609/2
f 1543/625/2 1538/627/2 1539/626/2
f 925/120/2 926/79/2 844/80/2
f 792/509/2 793/144/2 867/103/2
f 1038/317/2 961/318/2 962/307/2
f 1165/513/2 1166/500/2 1248/508/2
f 1291/622/2 1300/649/2 1301/613/2
f 1268/79/2 1232/286/2 1143/287/2
f 1511/651/2 1497/652/2 1498/579/2
f 1354/654/2 1355/659/2 1332/653/2
f 1494/656/2 1495/2/2 1513/3/2
f 1492/657/2 1493/553/2 1515/554/2
f 1332/653/2 1355/659/2 1356/288/2
f 1536/661/2 1537/662/2 1544/660/2
f 1544/660/2 1537/662/2 1538/627/2
f 904/104/2 800/105/2 801/93/2
f 1512/1/2 1496/663/2 1497/652/2
f 1383/665/2 1384/666/2 1276/664/2
f 978/296/2 999/297/2 1000/83/2
f 1276/664/2 1384/666/2 1385/576/2
f 1387/668/2 1388/669/2 1273/667/2
f 1388/669/2 1389/586/2 1272/585/2
f 1542/670/2 1539/626/2 1540/671/2
f 879/673/2 880/74/2 842/72/2
f 1353/685/2 1354/654/2 1333/655/2
f 1071/738/2 1077/385/2 1078/391/2
f 1104/742/2 1105/369/2 1096/370/2
f 939/610/2 1024/743/2 1025/282/2
f 1312/598/2 1313/494/2 1379/495/2
f 903/90/2 803/91/2 804/77/2
f 1454/744/2 1479/597/2 1480/487/2
f 1126/745/2 1127/227/2 1130/228/2
f 1234/496/2 1235/493/2 1230/489/2
f 1328/293/2 1358/211/2 1359/592/2
f 1507/750/2 1501/589/2 1502/751/2
f 1506/760/2 1502/751/2 1503/647/2
f 1125/764/2 1126/745/2 1131/746/2
f 1026/281/2 1027/279/2 937/58/2
f 881/73/2 882/59/2 841/53/2
f 1302/612/2 1303/624/2 1289/623/2
f 1112/768/2 1113/428/2 1088/426/2
f 1017/88/2 1018/773/2 1019/769/2
f 725/750/6 1507/750/6 1506/760/6
f 389/474/7 1171/474/7 1170/473/7
f 222/252/8 1004/252/8 1003/260/8
f 189/261/9 971/261/9 970/259/9
f 390/475/10 1172/475/10 1171/474/10
f 719/589/11 1501/589/11 1500/590/11
f 391/476/12 1173/476/12 1172/475/12
f 33/9/13 815/9/13 814/198/13
f 756/627/14 1538/627/14 1537/662/14
f 254/5/15 1036/5/15 1035/262/15
f 762/660/16 1544/660/16 1543/625/16
f 255/305/13 1037/305/13 1036/5/13
f 392/477/17 1174/477/17 1173/476/17
f 32/198/4 814/198/4 813/771/4
f 726/588/18 1508/588/18 1507/750/18
f 152/263/19 934/263/19 933/4/19
f 393/478/20 1175/478/20 1174/477/20
f 31/771/21 813/771/21 812/10/21
f 35/7/13 817/7/13 816/8/13
f 190/264/22 972/264/22 971/261/22
f 394/479/23 1176/479/23 1175/478/23
f 718/590/24 1500/590/24 1499/578/24
f 34/8/4 816/8/4 815/9/4
f 395/480/25 1177/480/25 1176/479/25
f 755/662/26 1537/662/26 1536/661/26
f 253/262/27 1035/262/27 1034/265/27
f 727/607/28 1509/607/28 1508/588/28
f 396/481/29 1178/481/29 1177/480/29
f 30/10/4 812/10/4 811/11/4
f 252/265/30 1034/265/30 1033/266/30
f 191/267/31 973/267/31 972/264/31
f 397/482/32 1179/482/32 1178/481/32
f 29/11/21 811/11/21 810/12/21
f 717/578/33 1499/578/33 1498/579/33
f 36/13/3 818/13/3 817/7/3
f 763/616/34 1545/616/34 1544/660/34
f 153/268/35 935/268/35 934/263/35
f 398/483/36 1180/483/36 1179/482/36
f 399/468/21 1181/468/21 1180/483/21
f 37/14/13 819/14/13 818/13/13
f 754/661/37 1536/661/37 1535/617/37
f 251/266/38 1033/266/38 1032/269/38
f 458/470/39 1240/470/39 1239/484/39
f 728/577/40 1510/577/40 1509/607/40
f 462/471/13 463/222/13 1245/222/13
f 28/12/3 810/12/3 809/15/3
f 221/260/41 1003/260/41 1002/276/41
f 192/275/42 974/275/42 973/267/42
f 27/15/21 809/15/21 808/16/21
f 716/579/43 1498/579/43 1497/652/43
f 457/484/44 1239/484/44 1238/488/44
f 50/17/45 832/17/45 831/18/45
f 764/545/46 1546/545/46 1545/616/46
f 448/489/47 1230/489/47 1229/464/47
f 250/269/48 1032/269/48 1031/272/48
f 49/18/49 831/18/49 830/19/49
f 153/268/50 154/56/50 936/56/50
f 753/617/51 1535/617/51 1534/67/51
f 456/488/52 1238/488/52 1237/490/52
f 48/19/53 830/19/53 829/20/53
f 729/651/54 1511/651/54 1510/577/54
f 51/21/55 833/21/55 832/17/55
f 249/272/56 1031/272/56 1030/273/56
f 455/490/57 1237/490/57 1236/491/57
f 192/275/58 193/274/58 975/274/58
f 715/652/59 1497/652/59 1496/663/59
f 386/223/21 1168/223/21 1167/224/21
f 47/20/60 829/20/60 828/22/60
f 317/321/61 1099/321/61 1098/394/61
f 752/67/62 1534/67/62 1533/68/62
f 248/273/63 1030/273/63 1029/277/63
f 46/22/64 828/22/64 827/23/64
f 765/66/65 1547/66/65 1546/545/65
f 155/58/66 937/58/66 936/56/66
f 52/24/67 834/24/67 833/21/67
f 321/393/68 1103/393/68 1102/601/68
f 730/1/69 1512/1/69 1511/651/69
f 220/276/70 1002/276/70 1001/82/70
f 454/491/71 1236/491/71 1235/493/71
f 45/23/72 827/23/72 826/25/72
f 449/285/73 1231/285/73 1230/489/73
f 714/663/74 1496/663/74 1495/2/74
f 247/277/75 1029/277/75 1028/57/75
f 44/25/76 826/25/76 825/26/76
f 731/3/77 1513/3/77 1512/1/77
f 194/225/78 976/225/78 975/274/78
f 453/493/79 1235/493/79 1234/496/79
f 43/26/80 825/26/80 824/27/80
f 53/28/81 835/28/81 834/24/81
f 713/2/82 1495/2/82 1494/656/82
f 246/57/83 1028/57/83 1027/279/83
f 452/496/84 1234/496/84 1233/497/84
f 156/280/85 938/280/85 937/58/85
f 317/321/86 318/323/86 1100/323/86
f 751/68/87 1533/68/87 1532/284/87
f 42/27/88 824/27/88 823/29/88
f 766/283/89 1548/283/89 1547/66/89
f 319/322/3 1101/322/3 1100/323/3
f 245/279/90 1027/279/90 1026/281/90
f 320/601/91 1102/601/91 1101/322/91
f 41/29/92 823/29/92 822/30/92
f 731/3/93 732/552/93 1514/552/93
f 361/287/94 1143/287/94 1231/285/94
f 54/31/95 836/31/95 835/28/95
f 243/282/96 244/281/96 1026/281/96
f 195/81/97 977/81/97 976/225/97
f 712/656/98 1494/656/98 1493/553/98
f 451/497/99 1233/497/99 1232/286/99
f 40/30/100 822/30/100 821/32/100
f 157/610/101 939/610/101 938/280/101
f 750/284/102 1532/284/102 1531/291/102
f 450/286/103 1232/286/103 1268/79/103
f 39/32/104 821/32/104 820/33/104
f 767/507/105 1549/507/105 1548/283/105
f 362/85/106 1144/85/106 1143/287/106
f 219/82/107 1001/82/107 1000/83/107
f 38/33/108 820/33/108 819/14/108
f 733/554/109 1515/554/109 1514/552/109
f 464/503/110 1246/503/110 1245/222/110
f 54/31/111 55/34/111 837/34/111
f 243/282/112 1025/282/112 1024/743/112
f 195/81/113 196/296/113 978/296/113
f 711/553/114 1493/553/114 1492/657/114
f 486/79/115 1268/79/115 1267/84/115
f 110/35/116 111/36/116 893/36/116
f 749/291/117 1531/291/117 1530/292/117
f 242/743/118 1024/743/118 1060/295/118
f 385/224/119 1167/224/119 1166/500/119
f 734/658/120 1516/658/120 1515/554/120
f 158/294/121 940/294/121 939/610/121
f 465/499/122 1247/499/122 1246/503/122
f 56/37/123 838/37/123 837/34/123
f 768/290/124 1550/290/124 1549/507/124
f 363/86/125 1145/86/125 1144/85/125
f 278/295/126 1060/295/126 1059/152/126
f 466/508/127 1248/508/127 1247/499/127
f 109/38/128 110/35/128 892/35/128
f 710/657/129 1492/657/129 1491/672/129
f 218/83/130 1000/83/130 999/297/130
f 196/296/131 197/122/131 979/122/131
f 109/38/132 891/38/132 890/39/132
f 748/292/133 1530/292/133 1529/502/133
f 485/84/134 1267/84/134 1266/134/134
f 735/674/135 1517/674/135 1516/658/135
f 467/512/136 1249/512/136 1248/508/136
f 108/39/137 890/39/137 889/40/137
f 277/152/138 1059/152/138 1058/153/138
f 57/41/139 839/41/139 838/37/139
f 736/675/140 1518/675/140 1517/674/140
f 159/151/141 941/151/141 940/294/141
f 384/500/142 1166/500/142 1165/513/142
f 112/42/143 894/42/143 893/36/143
f 737/676/144 1519/676/144 1518/675/144
f 198/124/145 980/124/145 979/122/145
f 484/134/146 1266/134/146 1265/135/146
f 468/379/147 1250/379/147 1249/512/147
f 107/40/148 889/40/148 888/43/148
f 709/672/149 1491/672/149 1490/677/149
f 276/153/150 1058/153/150 1057/304/150
f 113/44/151 895/44/151 894/42/151
f 738/678/152 1520/678/152 1519/676/152
f 364/133/153 1146/133/153 1145/86/153
f 181/306/154 963/306/154 962/307/154
f 739/679/155 1521/679/155 1520/678/155
f 469/381/156 1251/381/156 1250/379/156
f 106/43/157 888/43/157 887/45/157
f 217/297/158 999/297/158 998/123/158
f 114/46/159 896/46/159 895/44/159
f 769/501/160 1551/501/160 1550/290/160
f 275/304/161 1057/304/161 1056/314/161
f 483/135/162 1265/135/162 1264/514/162
f 740/680/163 1522/680/163 1521/679/163
f 199/310/736 981/310/736 980/124/736
f 105/45/165 887/45/165 886/47/165
f 383/513/166 1165/513/166 1164/380/166
f 58/48/167 840/48/167 839/41/167
f 741/681/168 1523/681/168 1522/680/168
f 160/313/169 942/313/169 941/151/169
f 470/515/170 1252/515/170 1251/381/170
f 115/49/171 897/49/171 896/46/171
f 256/317/172 1038/317/172 1037/305/172
f 708/677/173 1490/677/173 1489/682/173
f 482/514/174 1264/514/174 1263/516/174
f 742/683/175 1524/683/175 1523/681/175
f 471/517/176 1253/517/176 1252/515/176
f 104/47/177 886/47/177 885/50/177
f 274/314/178 1056/314/178 1055/315/178
f 116/51/179 898/51/179 897/49/179
f 743/684/180 1525/684/180 1524/683/180
f 180/307/181 962/307/181 961/318/181
f 481/516/182 1263/516/182 1262/518/182
f 257/316/737 1039/316/737 1038/317/737
f 472/519/184 1254/519/184 1253/517/184
f 103/50/185 885/50/185 884/52/185
f 747/502/186 1529/502/186 1528/619/186
f 59/53/187 841/53/187 840/48/187
f 200/319/188 982/319/188 981/310/188
f 365/520/189 1147/520/189 1146/133/189
f 707/682/190 1489/682/190 1488/686/190
f 117/54/191 899/54/191 898/51/191
f 744/687/192 1526/687/192 1525/684/192
f 473/521/193 1255/521/193 1254/519/193
f 273/315/194 1055/315/194 1054/327/194
f 745/688/195 1527/688/195 1526/687/195
f 258/308/196 1040/308/196 1039/316/196
f 102/52/197 884/52/197 883/55/197
f 480/518/198 1262/518/198 1261/522/198
f 770/618/199 1552/618/199 1551/501/199
f 160/313/200 161/326/200 943/326/200
f 26/16/201 808/16/201 807/126/201
f 382/380/202 1164/380/202 1163/348/202
f 118/320/203 900/320/203 899/54/203
f 746/619/204 1528/619/204 1527/688/204
f 259/309/205 1041/309/205 1040/308/205
f 474/523/738 1256/523/738 1255/521/738
f 201/324/207 983/324/207 982/319/207
f 101/55/208 883/55/208 882/59/208
f 706/686/209 1488/686/209 1487/689/209
f 478/524/210 479/522/210 1261/522/210
f 475/525/211 1257/525/211 1256/523/211
f 25/126/212 807/126/212 806/127/212
f 216/123/213 998/123/213 997/325/213
f 59/53/214 60/72/214 842/72/214
f 705/689/215 1487/689/215 1486/690/215
f 771/691/216 1553/691/216 1552/618/216
f 272/327/217 1054/327/217 1053/328/217
f 478/524/218 1260/524/218 1259/526/218
f 119/125/219 901/125/219 900/320/219
f 476/527/220 1258/527/220 1257/525/220
f 179/318/221 961/318/221 960/271/221
f 704/690/222 1486/690/222 1485/692/222
f 260/329/223 1042/329/223 1041/309/223
f 100/59/224 882/59/224 881/73/224
f 772/693/225 1554/693/225 1553/691/225
f 477/526/226 1259/526/226 1258/527/226
f 24/127/227 806/127/227 805/76/227
f 773/694/228 1555/694/228 1554/693/228
f 271/328/229 1053/328/229 1052/330/229
f 366/347/230 1148/347/230 1147/520/230
f 120/75/231 902/75/231 901/125/231
f 261/331/232 1043/331/232 1042/329/232
f 774/695/233 1556/695/233 1555/694/233
f 202/332/234 984/332/234 983/324/234
f 381/348/235 1163/348/235 1162/349/235
f 99/73/236 881/73/236 880/74/236
f 774/695/237 775/696/237 1557/696/237
f 262/333/238 1044/333/238 1043/331/238
f 380/349/239 1162/349/239 1161/530/239
f 23/76/240 805/76/240 804/77/240
f 367/531/241 1149/531/241 1148/347/241
f 61/78/242 843/78/242 842/72/242
f 703/692/243 1485/692/243 1484/697/243
f 776/698/244 1558/698/244 1557/696/244
f 270/330/245 1052/330/245 1051/334/245
f 263/335/246 1045/335/246 1044/333/246
f 379/530/247 1161/530/247 1160/532/247
f 22/77/248 804/77/248 803/91/248
f 777/699/249 1559/699/249 1558/698/249
f 368/533/250 1150/533/250 1149/531/250
f 121/90/251 903/90/251 902/75/251
f 778/700/252 1560/700/252 1559/699/252
f 269/334/253 1051/334/253 1050/336/253
f 264/337/254 1046/337/254 1045/335/254
f 378/532/255 1160/532/255 1159/534/255
f 98/74/256 880/74/256 879/673/256
f 779/701/257 1561/701/257 1560/700/257
f 369/535/258 1151/535/258 1150/533/258
f 265/338/259 1047/338/259 1046/337/259
f 21/91/260 803/91/260 802/92/260
f 780/702/261 1562/702/261 1561/701/261
f 203/339/262 985/339/262 984/332/262
f 377/534/263 1159/534/263 1158/536/263
f 20/92/115 802/92/115 801/93/115
f 370/537/264 1152/537/264 1151/535/264
f 97/673/265 879/673/265 926/79/265
f 268/336/266 1050/336/266 1049/340/266
f 122/104/267 904/104/267 903/90/267
f 660/703/268 1442/703/268 1441/704/268
f 266/341/269 1048/341/269 1047/338/269
f 376/536/270 1158/536/270 1157/538/270
f 661/705/271 1443/705/271 1442/703/271
f 371/539/272 1153/539/272 1152/537/272
f 62/80/273 844/80/273 843/78/273
f 267/340/274 1049/340/274 1048/341/274
f 662/706/275 1444/706/275 1443/705/275
f 375/538/276 1157/538/276 1156/540/276
f 19/93/277 801/93/277 800/105/277
f 162/270/278 944/270/278 943/326/278
f 372/541/279 1154/541/279 1153/539/279
f 702/697/280 1484/697/280 1483/707/280
f 18/105/281 800/105/281 799/106/281
f 373/542/282 1155/542/282 1154/541/282
f 659/704/283 1441/704/283 1440/708/283
f 178/271/284 960/271/284 959/203/284
f 374/540/285 1156/540/285 1155/542/285
f 144/79/286 926/79/286 925/120/286
f 204/342/287 986/342/287 985/339/287
f 489/455/288 1271/455/288 1270/454/288
f 123/113/289 905/113/289 904/104/289
f 658/708/290 1440/708/290 1439/709/290
f 663/710/291 1445/710/291 1444/706/291
f 488/454/4 1270/454/4 1269/71/4
f 215/325/292 997/325/292 996/343/292
f 17/106/293 799/106/293 798/114/293
f 781/711/294 1563/711/294 1562/702/294
f 205/344/295 987/344/295 986/342/295
f 487/71/296 1269/71/296 1391/79/296
f 16/114/297 798/114/297 797/115/297
f 206/345/298 988/345/298 987/344/298
f 609/79/299 1391/79/299 1390/546/299
f 63/119/300 845/119/300 844/80/300
f 657/709/301 1439/709/301 1438/712/301
f 587/547/302 1369/547/302 1368/548/302
f 206/345/13 207/346/13 989/346/13
f 656/712/303 1438/712/303 1437/713/303
f 586/548/304 1368/548/304 1367/549/304
f 143/120/305 925/120/305 924/121/305
f 663/710/306 664/714/306 1446/714/306
f 124/129/307 906/129/307 905/113/307
f 177/203/308 959/203/308 958/204/308
f 585/549/309 1367/549/309 1366/550/309
f 782/79/310 1564/79/310 1563/711/310
f 163/202/311 945/202/311 944/270/311
f 588/551/312 1370/551/312 1369/547/312
f 15/115/313 797/115/313 796/128/313
f 490/585/314 1272/585/314 1271/455/314
f 655/713/315 1437/713/315 1436/715/315
f 214/343/316 996/343/316 995/350/316
f 14/128/317 796/128/317 795/498/317
f 654/715/318 1436/715/318 1435/716/318
f 176/204/319 958/204/319 957/351/319
f 584/550/320 1366/550/320 1365/555/320
f 142/121/321 924/121/321 923/131/321
f 610/71/322 1392/71/322 1564/79/322
f 164/352/323 946/352/323 945/202/323
f 589/556/324 1371/556/324 1370/551/324
f 125/60/325 907/60/325 906/129/325
f 665/717/326 1447/717/326 1446/714/326
f 590/557/327 1372/557/327 1371/556/327
f 64/130/328 846/130/328 845/119/328
f 175/351/329 957/351/329 956/353/329
f 653/716/330 1435/716/330 1434/718/330
f 213/350/331 995/350/331 994/354/331
f 583/555/332 1365/555/332 1364/558/332
f 141/131/333 923/131/333 922/132/333
f 611/719/334 1393/719/334 1392/71/334
f 165/355/335 947/355/335 946/352/335
f 126/62/336 908/62/336 907/60/336
f 612/720/337 1394/720/337 1393/719/337
f 608/546/338 1390/546/338 1389/586/338
f 491/667/339 1273/667/339 1272/585/339
f 613/721/340 1395/721/340 1394/720/340
f 174/353/341 956/353/341 955/356/341
f 13/498/342 795/498/342 794/61/342
f 166/357/739 948/357/739 947/355/739
f 591/562/344 1373/562/344 1372/557/344
f 127/136/345 909/136/345 908/62/345
f 614/722/346 1396/722/346 1395/721/346
f 615/723/347 1397/723/347 1396/722/347
f 212/354/348 994/354/348 993/358/348
f 582/558/349 1364/558/349 1363/563/349
f 140/132/350 922/132/350 921/142/350
f 65/141/351 847/141/351 846/130/351
f 616/724/352 1398/724/352 1397/723/352
f 173/356/353 955/356/353 954/359/353
f 607/586/354 1389/586/354 1388/669/354
f 167/360/355 949/360/355 948/357/355
f 592/564/356 1374/564/356 1373/562/356
f 128/140/357 910/140/357 909/136/357
f 617/725/358 1399/725/358 1398/724/358
f 492/191/359 1274/191/359 1273/667/359
f 618/726/360 1400/726/360 1399/725/360
f 172/359/361 954/359/361 953/361/361
f 139/142/362 921/142/362 920/143/362
f 619/727/363 1401/727/363 1400/726/363
f 211/358/364 993/358/364 992/362/364
f 581/563/365 1363/563/365 1362/566/365
f 12/61/366 794/61/366 793/144/366
f 167/360/367 168/363/367 950/363/367
f 129/145/368 911/145/368 910/140/368
f 620/728/369 1402/728/369 1401/727/369
f 606/669/370 1388/669/370 1387/668/370
f 593/567/371 1375/567/371 1374/564/371
f 621/729/372 1403/729/372 1402/728/372
f 171/361/373 953/361/373 952/364/373
f 138/143/374 920/143/374 919/146/374
f 169/365/375 951/365/375 950/363/375
f 492/191/376 493/193/376 1275/193/376
f 66/101/377 848/101/377 847/141/377
f 622/730/378 1404/730/378 1403/729/378
f 170/364/379 952/364/379 951/365/379
f 130/147/380 912/147/380 911/145/380
f 623/188/381 1405/188/381 1404/730/381
f 210/362/382 992/362/382 991/366/382
f 605/668/383 1387/668/383 1386/192/383
f 208/367/384 990/367/384 989/346/384
f 594/528/385 1376/528/385 1375/567/385
f 209/366/386 991/366/386 990/367/386
f 137/146/387 919/146/387 918/148/387
f 348/228/388 1130/228/388 1129/226/388
f 131/149/389 913/149/389 912/147/389
f 651/732/390 1433/732/390 1432/731/390
f 347/226/4 1129/226/4 1128/772/4
f 538/570/391 1320/570/391 1319/569/391
f 652/718/392 1434/718/392 1433/732/392
f 136/148/393 918/148/393 917/150/393
f 666/733/394 1448/733/394 1447/717/394
f 346/772/395 1128/772/395 1127/227/395
f 349/746/396 1131/746/396 1130/228/396
f 580/566/397 1362/566/397 1361/571/397
f 701/707/398 1483/707/398 1482/734/398
f 537/569/399 1319/569/399 1318/572/399
f 11/144/400 793/144/400 792/509/400
f 345/227/401 1127/227/401 1126/745/401
f 539/573/402 1321/573/402 1320/570/402
f 132/154/403 914/154/403 913/149/403
f 650/731/404 1432/731/404 1431/735/404
f 350/234/405 1132/234/405 1131/746/405
f 667/736/10 1449/736/10 1448/733/10
f 536/572/406 1318/572/406 1317/574/406
f 135/150/407 917/150/407 916/155/407
f 344/745/408 1126/745/408 1125/764/408
f 540/575/409 1322/575/409 1321/573/409
f 133/156/410 915/156/410 914/154/410
f 649/735/411 1431/735/411 1430/737/411
f 351/97/412 1133/97/412 1132/234/412
f 648/737/413 1430/737/413 1429/189/413
f 604/192/414 1386/192/414 1385/576/414
f 134/155/415 916/155/415 915/156/415
f 668/739/416 1450/739/416 1449/736/416
f 343/764/417 1125/764/417 1124/235/417
f 494/664/418 1276/664/418 1275/193/418
f 351/97/419 352/99/419 1134/99/419
f 85/103/420 867/103/420 866/102/420
f 699/486/421 700/734/421 1482/734/421
f 535/574/422 1317/574/422 1316/580/422
f 85/103/423 86/648/423 868/648/423
f 669/740/424 1451/740/424 1450/739/424
f 342/235/425 1124/235/425 1123/98/425
f 540/575/426 541/581/426 1323/581/426
f 353/375/427 1135/375/427 1134/99/427
f 67/160/428 849/160/428 848/101/428
f 624/190/429 1406/190/429 1405/188/429
f 595/137/430 1377/137/430 1376/528/430
f 87/167/431 869/167/431 868/648/431
f 669/740/432 670/741/432 1452/741/432
f 341/98/433 1123/98/433 1122/378/433
f 353/375/434 354/377/434 1136/377/434
f 603/576/435 1385/576/435 1384/666/435
f 84/102/436 866/102/436 865/161/436
f 699/486/437 1481/486/437 1480/487/437
f 579/571/438 1361/571/438 1360/583/438
f 340/378/439 1122/378/439 1121/376/439
f 542/584/440 1324/584/440 1323/581/440
f 9/168/441 10/509/441 792/509/441
f 647/189/442 1429/189/442 1428/214/442
f 355/430/443 1137/430/443 1136/377/443
f 68/165/444 850/165/444 849/160/444
f 671/485/445 1453/485/445 1452/741/445
f 534/580/446 1316/580/446 1315/529/446
f 88/166/447 870/166/447 869/167/447
f 339/376/448 1121/376/448 1120/433/448
f 495/107/449 1277/107/449 1276/664/449
f 698/487/450 1480/487/450 1479/597/450
f 356/432/451 1138/432/451 1137/430/451
f 672/744/452 1454/744/452 1453/485/452
f 596/139/453 1378/139/453 1377/137/453
f 83/161/454 865/161/454 864/169/454
f 625/213/455 1407/213/455 1406/190/455
f 338/433/456 1120/433/456 1119/431/456
f 82/169/457 864/169/457 863/170/457
f 357/543/458 1139/543/458 1138/432/458
f 602/666/459 1384/666/459 1383/665/459
f 69/171/460 851/171/460 850/165/460
f 543/587/461 1325/587/461 1324/584/461
f 646/214/462 1428/214/462 1427/215/462
f 89/177/463 871/177/463 870/166/463
f 673/175/464 1455/175/464 1454/744/464
f 337/431/465 1119/431/465 1118/606/465
f 358/219/466 1140/219/466 1139/543/466
f 533/529/467 1315/529/467 1314/138/467
f 496/109/468 1278/109/468 1277/107/468
f 81/170/469 863/170/469 862/172/469
f 696/174/470 697/597/470 1479/597/470
f 674/173/471 1456/173/471 1455/175/471
f 336/606/472 1118/606/472 1117/544/472
f 8/178/473 9/168/473 791/168/473
f 359/221/474 1141/221/474 1140/219/474
f 601/665/475 1383/665/475 1382/108/475
f 70/157/476 852/157/476 851/171/476
f 597/495/477 1379/495/477 1378/139/477
f 644/299/478 645/215/478 1427/215/478
f 626/596/479 1408/596/479 1407/213/479
f 335/544/480 1117/544/480 1116/220/480
f 80/172/481 862/172/481 861/159/481
f 435/395/482 1217/395/482 1216/396/482
f 578/583/483 1360/583/483 1359/592/483
f 90/176/484 872/176/484 871/177/484
f 544/591/485 1326/591/485 1325/587/485
f 696/174/486 1478/174/486 1477/229/486
f 434/396/487 1216/396/487 1215/397/487
f 675/63/488 1457/63/488 1456/173/488
f 436/398/489 1218/398/489 1217/395/489
f 79/159/490 861/159/490 860/158/490
f 532/138/491 1314/138/491 1313/494/491
f 71/179/492 853/179/492 852/157/492
f 676/65/493 1458/65/493 1457/63/493
f 433/397/494 1215/397/494 1214/399/494
f 600/108/495 1382/108/495 1381/278/495
f 437/400/496 1219/400/496 1218/398/496
f 496/109/497 497/231/497 1279/231/497
f 78/158/498 860/158/498 859/180/498
f 643/300/499 644/299/499 1426/299/499
f 627/298/500 1409/298/500 1408/596/500
f 598/232/501 1380/232/501 1379/495/501
f 77/180/502 859/180/502 858/181/502
f 432/399/503 1214/399/503 1213/401/503
f 72/182/504 854/182/504 853/179/504
f 438/402/505 1220/402/505 1219/400/505
f 544/591/506 545/595/506 1327/595/506
f 695/229/507 1477/229/507 1476/64/507
f 91/387/508 873/387/508 872/176/508
f 677/747/509 1459/747/509 1458/65/509
f 599/278/510 1381/278/510 1380/232/510
f 678/748/511 1460/748/511 1459/747/511
f 498/233/512 1280/233/512 1279/231/512
f 75/185/513 76/181/513 858/181/513
f 431/401/514 1213/401/514 1212/404/514
f 679/749/515 1461/749/515 1460/748/515
f 8/178/516 790/178/516 789/603/516
f 430/404/517 1212/404/517 1211/405/517
f 531/494/518 1313/494/518 1312/598/518
f 75/185/519 857/185/519 856/186/519
f 643/300/520 1425/300/520 1424/312/520
f 429/405/521 1211/405/521 1210/406/521
f 577/592/87 1359/592/87 1358/211/87
f 73/187/128 855/187/128 854/182/128
f 74/186/522 856/186/522 855/187/522
f 693/752/523 694/64/523 1476/64/523
f 428/406/524 1210/406/524 1209/407/524
f 499/594/525 1281/594/525 1280/233/525
f 91/387/526 92/389/526 874/389/526
f 680/753/527 1462/753/527 1461/749/527
f 427/407/528 1209/407/528 1208/408/528
f 546/293/529 1328/293/529 1327/595/529
f 628/311/530 1410/311/530 1409/298/530
f 305/71/13 1087/71/13 1142/409/13
f 6/388/531 7/603/531 789/603/531
f 92/389/532 93/110/532 875/110/532
f 685/754/13 1467/754/13 1466/755/13
f 360/409/4 1142/409/4 1141/221/4
f 530/598/533 1312/598/533 1311/593/533
f 500/599/534 1282/599/534 1281/594/534
f 684/755/535 1466/755/535 1465/756/535
f 6/388/536 788/388/536 787/439/536
f 681/757/537 1463/757/537 1462/753/537
f 334/220/4 1116/220/4 1115/410/4
f 546/293/538 547/210/538 1329/210/538
f 94/112/539 876/112/539 875/110/539
f 333/410/21 1115/410/21 1114/411/21
f 683/756/540 1465/756/540 1464/758/540
f 576/211/541 1358/211/541 1357/212/541
f 5/439/542 787/439/542 786/111/542
f 682/758/543 1464/758/543 1463/757/543
f 426/408/544 1208/408/544 1207/412/544
f 501/216/545 1283/216/545 1282/599/545
f 95/195/546 877/195/546 876/112/546
f 413/413/547 1195/413/547 1194/403/547
f 95/195/740 96/206/740 878/206/740
f 414/414/549 1196/414/549 1195/413/549
f 529/593/550 1311/593/550 1310/600/550
f 693/752/551 1475/752/551 1474/759/551
f 502/201/552 1284/201/552 1283/216/552
f 415/415/553 1197/415/553 1196/414/553
f 4/111/554 786/111/554 785/205/554
f 642/312/741 1424/312/741 1423/435/741
f 548/174/556 1330/174/556 1329/210/556
f 1/71/557 783/71/557 878/206/557
f 416/416/558 1198/416/558 1197/415/558
f 692/759/559 1474/759/559 1473/761/559
f 2/582/3 784/582/3 783/71/3
f 629/565/560 1411/565/560 1410/311/560
f 417/417/561 1199/417/561 1198/416/561
f 528/600/562 1310/600/562 1309/200/562
f 3/205/563 785/205/563 784/582/563
f 503/199/564 1285/199/564 1284/201/564
f 238/89/13 1020/89/13 1019/769/13
f 418/418/565 1200/418/565 1199/417/565
f 691/761/566 1473/761/566 1472/762/566
f 237/769/4 1019/769/4 1018/773/4
f 419/419/567 1201/419/567 1200/418/567
f 574/288/568 575/212/568 1357/212/568
f 690/762/569 1472/762/569 1471/763/569
f 236/773/21 1018/773/21 1017/88/21
f 420/420/570 1202/420/570 1201/419/570
f 526/258/571 527/200/571 1309/200/571
f 280/196/572 1062/196/572 1061/650/572
f 640/436/573 641/435/573 1423/435/573
f 504/443/574 1286/443/574 1285/199/574
f 686/765/575 1468/765/575 1467/754/575
f 421/421/576 1203/421/576 1202/420/576
f 279/650/4 1061/650/4 1086/79/4
f 549/289/577 1331/289/577 1330/174/577
f 422/422/578 1204/422/578 1203/421/578
f 304/79/579 1086/79/579 1085/197/579
f 689/763/580 1471/763/580 1470/766/580
f 505/445/581 1287/445/581 1286/443/581
f 630/434/582 1412/434/582 1411/565/582
f 423/423/583 1205/423/583 1204/422/583
f 303/197/584 1085/197/584 1084/209/584
f 281/208/585 1063/208/585 1062/196/585
f 687/767/586 1469/767/586 1468/765/586
f 424/424/587 1206/424/587 1205/423/587
f 526/258/588 1308/258/588 1307/444/588
f 688/766/589 1470/766/589 1469/767/589
f 425/412/21 1207/412/21 1206/424/21
f 506/605/590 1288/605/590 1287/445/590
f 282/207/591 1064/207/591 1063/208/591
f 640/436/592 1422/436/592 1421/511/592
f 412/403/21 1194/403/21 1193/425/21
f 631/602/593 1413/602/593 1412/434/593
f 306/426/3 1088/426/3 1087/71/3
f 525/444/594 1307/444/594 1306/604/594
f 302/209/595 1084/209/595 1083/302/595
f 550/653/596 1332/653/596 1331/289/596
f 283/492/597 1065/492/597 1064/207/597
f 306/426/598 307/117/598 1089/117/598
f 639/511/599 1421/511/599 1420/95/599
f 632/510/600 1414/510/600 1413/602/600
f 574/288/601 1356/288/601 1355/659/601
f 301/302/602 1083/302/602 1082/303/602
f 332/411/3 1114/411/3 1113/428/3
f 284/301/603 1066/301/603 1065/492/603
f 633/429/604 1415/429/604 1414/510/604
f 524/604/605 1306/604/605 1305/608/605
f 331/428/606 1113/428/606 1112/768/606
f 307/117/607 308/118/607 1090/118/607
f 523/608/608 1305/608/608 1304/609/608
f 300/303/609 1082/303/609 1081/427/609
f 638/95/610 1420/95/610 1419/96/610
f 507/623/611 1289/623/611 1288/605/611
f 240/87/13 1022/87/13 1021/100/13
f 634/94/612 1416/94/612 1415/429/612
f 329/116/613 330/768/613 1112/768/613
f 239/100/4 1021/100/4 1020/89/4
f 309/437/614 1091/437/614 1090/118/614
f 522/609/615 1304/609/615 1303/624/615
f 636/184/616 637/96/616 1419/96/616
f 635/183/617 1417/183/617 1416/94/617
f 521/624/618 1303/624/618 1302/612/618
f 235/88/4 1017/88/4 1016/217/4
f 636/184/3 1418/184/3 1417/183/3
f 329/116/619 1111/116/619 1110/568/619
f 508/611/620 1290/611/620 1289/623/620
f 310/382/621 1092/382/621 1091/437/621
f 234/217/21 1016/217/21 1015/218/21
f 285/463/622 1067/463/622 1066/301/622
f 520/612/623 1302/612/623 1301/613/623
f 327/438/624 328/568/624 1110/568/624
f 551/655/625 1333/655/625 1332/653/625
f 311/373/626 1093/373/626 1092/382/626
f 299/427/627 1081/427/627 1080/163/627
f 509/622/628 1291/622/628 1290/611/628
f 286/164/629 1068/164/629 1067/463/629
f 327/438/630 1109/438/630 1108/383/630
f 312/371/631 1094/371/631 1093/373/631
f 519/613/632 1301/613/632 1300/649/632
f 298/163/633 1080/163/633 1079/194/633
f 287/162/634 1069/162/634 1068/164/634
f 573/659/635 1355/659/635 1354/654/635
f 326/383/636 1108/383/636 1107/374/636
f 313/368/637 1095/368/637 1094/371/637
f 518/649/638 1300/649/638 1299/621/638
f 297/194/639 1079/194/639 1078/391/639
f 510/620/640 1292/620/640 1291/622/640
f 288/390/641 1070/390/641 1069/162/641
f 325/374/642 1107/374/642 1106/372/642
f 441/440/643 1223/440/643 1222/441/643
f 517/621/644 1299/621/644 1298/614/644
f 296/391/645 1078/391/645 1077/385/645
f 510/620/646 511/559/646 1293/559/646
f 241/70/3 1023/70/3 1022/87/3
f 440/441/647 1222/441/647 1221/442/647
f 552/504/648 1334/504/648 1333/655/648
f 145/71/13 927/71/13 1023/70/13
f 439/442/649 1221/442/649 1220/402/649
f 314/370/650 1096/370/650 1095/368/650
f 516/614/651 1298/614/651 1297/615/651
f 233/218/3 1015/218/3 1014/230/3
f 442/446/652 1224/446/652 1223/440/652
f 515/615/653 1297/615/653 1296/560/653
f 232/230/21 1014/230/21 1013/69/21
f 512/561/654 1294/561/654 1293/559/654
f 288/390/655 289/738/655 1071/738/655
f 324/372/656 1106/372/656 1105/369/656
f 443/447/657 1225/447/657 1224/446/657
f 572/654/658 1354/654/658 1353/685/658
f 295/385/659 1077/385/659 1076/386/659
f 513/628/3 1295/628/3 1294/561/3
f 290/384/660 1072/384/660 1071/738/660
f 444/448/661 1226/448/661 1225/447/661
f 514/560/662 1296/560/662 1295/628/662
f 553/506/663 1335/506/663 1334/504/663
f 294/386/664 1076/386/664 1075/237/664
f 411/425/665 1193/425/665 1192/449/665
f 291/236/666 1073/236/666 1072/384/666
f 571/685/667 1353/685/667 1352/505/667
f 410/449/668 1192/449/668 1191/450/668
f 553/506/669 554/629/669 1336/629/669
f 292/238/3 1074/238/3 1073/236/3
f 293/237/670 1075/237/670 1074/238/670
f 409/450/671 1191/450/671 1190/451/671
f 555/630/672 1337/630/672 1336/629/672
f 229/240/673 230/239/673 1012/239/673
f 408/451/674 1190/451/674 1189/452/674
f 228/241/675 229/240/675 1011/240/675
f 445/453/676 1227/453/676 1226/448/676
f 570/505/677 1352/505/677 1351/631/677
f 556/632/678 1338/632/678 1337/630/678
f 228/241/679 1010/241/679 1009/242/679
f 314/370/680 315/392/680 1097/392/680
f 230/239/681 231/69/681 1013/69/681
f 569/631/682 1351/631/682 1350/633/682
f 407/452/683 1189/452/683 1188/456/683
f 557/634/684 1339/634/684 1338/632/684
f 227/242/685 1009/242/685 1008/243/685
f 323/369/686 1105/369/686 1104/742/686
f 558/635/687 1340/635/687 1339/634/687
f 226/243/688 1008/243/688 1007/244/688
f 406/456/689 1188/456/689 1187/457/689
f 559/636/690 1341/636/690 1340/635/690
f 146/245/691 928/245/691 927/71/691
f 405/457/692 1187/457/692 1186/458/692
f 446/459/693 1228/459/693 1227/453/693
f 568/633/694 1350/633/694 1349/637/694
f 225/244/695 1007/244/695 1006/246/695
f 560/638/696 1342/638/696 1341/636/696
f 146/245/697 147/247/697 929/247/697
f 404/458/698 1186/458/698 1185/460/698
f 561/639/699 1343/639/699 1342/638/699
f 224/246/700 1006/246/700 1005/248/700
f 403/460/701 1185/460/701 1184/461/701
f 561/639/13 562/640/13 1344/640/13
f 148/249/702 930/249/702 929/247/702
f 402/461/703 1184/461/703 1183/462/703
f 149/250/704 931/250/704 930/249/704
f 315/392/705 316/394/705 1098/394/705
f 567/637/706 1349/637/706 1348/641/706
f 447/464/707 1229/464/707 1228/459/707
f 565/642/708 566/641/708 1348/641/708
f 565/642/709 1347/642/709 1346/643/709
f 223/248/710 1005/248/710 1004/252/710
f 460/466/268 1242/466/268 1241/465/268
f 563/644/711 1345/644/711 1344/640/711
f 149/250/712 150/253/712 932/253/712
f 564/643/713 1346/643/713 1345/644/713
f 723/645/714 1505/645/714 1504/646/714
f 184/254/715 185/251/715 967/251/715
f 401/462/695 1183/462/695 1182/467/695
f 722/646/4 1504/646/4 1503/647/4
f 185/251/716 186/255/716 968/255/716
f 322/742/717 1104/742/717 1103/393/717
f 721/647/718 1503/647/718 1502/751/718
f 760/670/719 1542/670/719 1541/770/719
f 184/254/720 966/254/720 965/256/720
f 400/467/721 1182/467/721 1181/468/721
f 186/255/722 187/257/722 969/257/722
f 461/469/723 1243/469/723 1242/466/723
f 759/770/4 1541/770/4 1540/671/4
f 758/671/724 1540/671/724 1539/626/724
f 183/256/725 965/256/725 964/6/725
f 459/465/726 1241/465/726 1240/470/726
f 724/760/727 1506/760/727 1505/645/727
f 151/4/728 933/4/728 932/253/728
f 462/471/729 1244/471/729 1243/469/729
f 720/751/730 1502/751/730 1501/589/730
f 387/472/731 1169/472/731 1168/223/731
f 757/626/732 1539/626/732 1538/627/732
f 182/6/21 964/6/21 963/306/21
f 761/625/733 1543/625/733 1542/670/733
f 187/257/734 188/259/734 970/259/734
f 388/473/735 1170/473/735 1169/472/735
