# Blender 4.4.3
# www.blender.org
mtllib titleText_i.mtl
o titleText_i
v -0.074144 -0.373675 -0.061632
v -0.074138 -0.373387 -0.061632
v -0.074120 -0.373111 -0.061632
v -0.074089 -0.372847 -0.061632
v -0.074046 -0.372595 -0.061632
v -0.073991 -0.372356 -0.061632
v -0.073923 -0.372129 -0.061632
v -0.073844 -0.371914 -0.061632
v -0.073752 -0.371712 -0.061632
v -0.073647 -0.371522 -0.061632
v -0.073531 -0.371344 -0.061632
v -0.073402 -0.371178 -0.061632
v -0.073261 -0.371025 -0.061632
v -0.070114 -0.368178 -0.061632
v -0.067151 -0.365234 -0.061632
v -0.064372 -0.362191 -0.061632
v -0.061777 -0.359050 -0.061632
v -0.059366 -0.355811 -0.061632
v -0.057139 -0.352473 -0.061632
v -0.055096 -0.349038 -0.061632
v -0.053237 -0.345505 -0.061632
v -0.051563 -0.341873 -0.061632
v -0.050072 -0.338143 -0.061632
v -0.048765 -0.334315 -0.061632
v -0.047642 -0.330389 -0.061632
v -0.046649 -0.326291 -0.061632
v -0.045728 -0.321947 -0.061632
v -0.044882 -0.317359 -0.061632
v -0.044109 -0.312525 -0.061632
v -0.043410 -0.307445 -0.061632
v -0.042784 -0.302120 -0.061632
v -0.042232 -0.296550 -0.061632
v -0.041753 -0.290734 -0.061632
v -0.041348 -0.284673 -0.061632
v -0.041017 -0.278367 -0.061632
v -0.040759 -0.271815 -0.061632
v -0.040575 -0.265018 -0.061632
v -0.040575 0.034452 -0.061632
v -0.040722 0.035925 -0.061632
v -0.040870 0.037397 -0.061632
v -0.041017 0.038869 -0.061632
v -0.041164 0.040342 -0.061632
v -0.041311 0.041814 -0.061632
v -0.041459 0.043286 -0.061632
v -0.041606 0.044759 -0.061632
v -0.041753 0.046231 -0.061632
v -0.041900 0.047703 -0.061632
v -0.042047 0.049176 -0.061632
v -0.042195 0.050648 -0.061632
v -0.042342 0.052120 -0.061632
v -0.042351 0.052402 -0.061632
v -0.042379 0.052660 -0.061632
v -0.042425 0.052893 -0.061632
v -0.042489 0.053102 -0.061632
v -0.042572 0.053286 -0.061632
v -0.042673 0.053445 -0.061632
v -0.042793 0.053580 -0.061632
v -0.042931 0.053691 -0.061632
v -0.043087 0.053777 -0.061632
v -0.043262 0.053838 -0.061632
v -0.043455 0.053875 -0.061632
v -0.043667 0.053887 -0.061632
v -0.043879 0.053875 -0.061632
v -0.044072 0.053838 -0.061632
v -0.044247 0.053777 -0.061632
v -0.044403 0.053691 -0.061632
v -0.044541 0.053580 -0.061632
v -0.044661 0.053445 -0.061632
v -0.044762 0.053286 -0.061632
v -0.044845 0.053102 -0.061632
v -0.044909 0.052893 -0.061632
v -0.044955 0.052660 -0.061632
v -0.044983 0.052402 -0.061632
v -0.044992 0.052120 -0.061632
v -0.045725 0.049749 -0.061632
v -0.046452 0.047347 -0.061632
v -0.047173 0.044915 -0.061632
v -0.047888 0.042452 -0.061632
v -0.048596 0.039958 -0.061632
v -0.049299 0.037434 -0.061632
v -0.049995 0.034879 -0.061632
v -0.050685 0.032293 -0.061632
v -0.051369 0.029677 -0.061632
v -0.052047 0.027029 -0.061632
v -0.052719 0.024352 -0.061632
v -0.053384 0.021643 -0.061632
v -0.054019 0.018929 -0.061632
v -0.054599 0.016232 -0.061632
v -0.055124 0.013555 -0.061632
v -0.055593 0.010895 -0.061632
v -0.056007 0.008254 -0.061632
v -0.056366 0.005632 -0.061632
v -0.056670 0.003027 -0.061632
v -0.056918 0.000442 -0.061632
v -0.057111 -0.002126 -0.061632
v -0.057249 -0.004675 -0.061632
v -0.057332 -0.007205 -0.061632
v -0.057360 -0.009717 -0.061632
v -0.057360 -0.085689 -0.061632
v -0.057473 -0.094017 -0.061632
v -0.057814 -0.102216 -0.061632
v -0.058381 -0.110286 -0.061632
v -0.059176 -0.118227 -0.061632
v -0.060197 -0.126040 -0.061632
v -0.061445 -0.133723 -0.061632
v -0.062921 -0.141278 -0.061632
v -0.064623 -0.148704 -0.061632
v -0.066552 -0.156002 -0.061632
v -0.068709 -0.163170 -0.061632
v -0.071092 -0.170209 -0.061632
v -0.073702 -0.177120 -0.061632
v -0.076546 -0.183841 -0.061632
v -0.079629 -0.190310 -0.061632
v -0.082951 -0.196527 -0.061632
v -0.086512 -0.202493 -0.061632
v -0.090312 -0.208208 -0.061632
v -0.094352 -0.213670 -0.061632
v -0.098631 -0.218882 -0.061632
v -0.103149 -0.223842 -0.061632
v -0.107907 -0.228550 -0.061632
v -0.112903 -0.233007 -0.061632
v -0.118139 -0.237212 -0.061632
v -0.123614 -0.241166 -0.061632
v -0.128503 -0.244611 -0.061632
v -0.133454 -0.247877 -0.061632
v -0.138466 -0.250966 -0.061632
v -0.143540 -0.253877 -0.061632
v -0.148674 -0.256610 -0.061632
v -0.153870 -0.259165 -0.061632
v -0.159128 -0.261542 -0.061632
v -0.164447 -0.263742 -0.061632
v -0.169827 -0.265763 -0.061632
v -0.175268 -0.267607 -0.061632
v -0.180771 -0.269272 -0.061632
v -0.186335 -0.270760 -0.061632
v -0.191911 -0.272100 -0.061632
v -0.197451 -0.273324 -0.061632
v -0.202954 -0.274431 -0.061632
v -0.208420 -0.275422 -0.061632
v -0.213849 -0.276296 -0.061632
v -0.219241 -0.277054 -0.061632
v -0.224597 -0.277695 -0.061632
v -0.229916 -0.278219 -0.061632
v -0.235198 -0.278627 -0.061632
v -0.240443 -0.278919 -0.061632
v -0.245651 -0.279094 -0.061632
v -0.250823 -0.279152 -0.061632
v -0.253964 -0.279146 -0.061632
v -0.256908 -0.279127 -0.061632
v -0.259657 -0.279097 -0.061632
v -0.262209 -0.279054 -0.061632
v -0.264564 -0.278999 -0.061632
v -0.266724 -0.278931 -0.061632
v -0.268687 -0.278851 -0.061632
v -0.270454 -0.278759 -0.061632
v -0.272024 -0.278655 -0.061632
v -0.273398 -0.278538 -0.061632
v -0.274576 -0.278410 -0.061632
v -0.275558 -0.278269 -0.061632
v -0.275840 -0.278256 -0.061632
v -0.276097 -0.278219 -0.061632
v -0.276331 -0.278158 -0.061632
v -0.276539 -0.278072 -0.061632
v -0.276723 -0.277962 -0.061632
v -0.276883 -0.277827 -0.061632
v -0.277018 -0.277667 -0.061632
v -0.277128 -0.277483 -0.061632
v -0.277214 -0.277275 -0.061632
v -0.277275 -0.277042 -0.061632
v -0.277312 -0.276784 -0.061632
v -0.277324 -0.276502 -0.061632
v -0.277318 -0.276213 -0.061632
v -0.277300 -0.275937 -0.061632
v -0.277269 -0.275674 -0.061632
v -0.277226 -0.275422 -0.061632
v -0.277171 -0.275183 -0.061632
v -0.277104 -0.274956 -0.061632
v -0.277024 -0.274741 -0.061632
v -0.276932 -0.274539 -0.061632
v -0.276827 -0.274348 -0.061632
v -0.276711 -0.274171 -0.061632
v -0.276582 -0.274005 -0.061632
v -0.276441 -0.273852 -0.061632
v -0.272920 -0.270931 -0.061632
v -0.269423 -0.267766 -0.061632
v -0.265951 -0.264355 -0.061632
v -0.262503 -0.260699 -0.061632
v -0.259080 -0.256797 -0.061632
v -0.255681 -0.252650 -0.061632
v -0.252307 -0.248258 -0.061632
v -0.248958 -0.243620 -0.061632
v -0.245633 -0.238737 -0.061632
v -0.242332 -0.233608 -0.061632
v -0.239056 -0.228234 -0.061632
v -0.235805 -0.222615 -0.061632
v -0.232701 -0.216787 -0.061632
v -0.229867 -0.210787 -0.061632
v -0.227302 -0.204616 -0.061632
v -0.225008 -0.198272 -0.061632
v -0.222984 -0.191757 -0.061632
v -0.221229 -0.185071 -0.061632
v -0.219744 -0.178212 -0.061632
v -0.218530 -0.171182 -0.061632
v -0.217585 -0.163980 -0.061632
v -0.216910 -0.156606 -0.061632
v -0.216505 -0.149060 -0.061632
v -0.216370 -0.141343 -0.061632
v -0.216370 -0.103357 -0.061632
v -0.216245 -0.091741 -0.061632
v -0.215867 -0.080156 -0.061632
v -0.215238 -0.068601 -0.061632
v -0.214358 -0.057077 -0.061632
v -0.213226 -0.045584 -0.061632
v -0.211843 -0.034121 -0.061632
v -0.210208 -0.022689 -0.061632
v -0.208322 -0.011288 -0.061632
v -0.206184 0.000083 -0.061632
v -0.203794 0.011423 -0.061632
v -0.201153 0.022732 -0.061632
v -0.198261 0.034011 -0.061632
v -0.195123 0.045222 -0.061632
v -0.191746 0.056329 -0.061632
v -0.188129 0.067331 -0.061632
v -0.184274 0.078229 -0.061632
v -0.180179 0.089023 -0.061632
v -0.175845 0.099713 -0.061632
v -0.171271 0.110298 -0.061632
v -0.166459 0.120779 -0.061632
v -0.161407 0.131156 -0.061632
v -0.156116 0.141429 -0.061632
v -0.150585 0.151597 -0.061632
v -0.144816 0.161661 -0.061632
v -0.139119 0.171252 -0.061632
v -0.133515 0.180592 -0.061632
v -0.128003 0.189681 -0.061632
v -0.122583 0.198518 -0.061632
v -0.117256 0.207103 -0.061632
v -0.112020 0.215437 -0.061632
v -0.106876 0.223520 -0.061632
v -0.101824 0.231351 -0.061632
v -0.096864 0.238930 -0.061632
v -0.091996 0.246258 -0.061632
v -0.087220 0.253334 -0.061632
v -0.082536 0.260159 -0.061632
v -0.077803 0.266809 -0.061632
v -0.072880 0.273361 -0.061632
v -0.067767 0.279815 -0.061632
v -0.062464 0.286170 -0.061632
v -0.056970 0.292427 -0.061632
v -0.051286 0.298587 -0.061632
v -0.045412 0.304648 -0.061632
v -0.039348 0.310611 -0.061632
v -0.033094 0.316475 -0.061632
v -0.026650 0.322242 -0.061632
v -0.020015 0.327910 -0.061632
v -0.013190 0.333481 -0.061632
v -0.006227 0.338772 -0.061632
v 0.000821 0.343603 -0.061632
v 0.007956 0.347974 -0.061632
v 0.015177 0.351885 -0.061632
v 0.022483 0.355335 -0.061632
v 0.029875 0.358326 -0.061632
v 0.037353 0.360857 -0.061632
v 0.044917 0.362927 -0.061632
v 0.052567 0.364537 -0.061632
v 0.060303 0.365688 -0.061632
v 0.068125 0.366378 -0.061632
v 0.076033 0.366608 -0.061632
v 0.083860 0.366543 -0.061632
v 0.091443 0.366350 -0.061632
v 0.098780 0.366028 -0.061632
v 0.105872 0.365577 -0.061632
v 0.112718 0.364997 -0.061632
v 0.119319 0.364289 -0.061632
v 0.125674 0.363451 -0.061632
v 0.131784 0.362485 -0.061632
v 0.137649 0.361390 -0.061632
v 0.143268 0.360166 -0.061632
v 0.148642 0.358814 -0.061632
v 0.153771 0.357332 -0.061632
v 0.158777 0.355740 -0.061632
v 0.163783 0.354056 -0.061632
v 0.168789 0.352280 -0.061632
v 0.173795 0.350412 -0.061632
v 0.178801 0.348452 -0.061632
v 0.183806 0.346400 -0.061632
v 0.188812 0.344256 -0.061632
v 0.193818 0.342020 -0.061632
v 0.198824 0.339692 -0.061632
v 0.203830 0.337272 -0.061632
v 0.208836 0.334760 -0.061632
v 0.213842 0.332155 -0.061632
v 0.216737 0.330717 -0.061632
v 0.219535 0.329346 -0.061632
v 0.222234 0.328042 -0.061632
v 0.224835 0.326806 -0.061632
v 0.227338 0.325637 -0.061632
v 0.229743 0.324536 -0.061632
v 0.232049 0.323503 -0.061632
v 0.234258 0.322536 -0.061632
v 0.236368 0.321638 -0.061632
v 0.238380 0.320806 -0.061632
v 0.240294 0.320043 -0.061632
v 0.242110 0.319346 -0.061632
v 0.243883 0.318711 -0.061632
v 0.245668 0.318132 -0.061632
v 0.247466 0.317607 -0.061632
v 0.249276 0.317138 -0.061632
v 0.251098 0.316724 -0.061632
v 0.252932 0.316365 -0.061632
v 0.254778 0.316061 -0.061632
v 0.256637 0.315813 -0.061632
v 0.258508 0.315619 -0.061632
v 0.260392 0.315481 -0.061632
v 0.262287 0.315399 -0.061632
v 0.264195 0.315371 -0.061632
v 0.267532 0.315399 -0.061632
v 0.270771 0.315481 -0.061632
v 0.273912 0.315619 -0.061632
v 0.276955 0.315813 -0.061632
v 0.279900 0.316061 -0.061632
v 0.282746 0.316365 -0.061632
v 0.285495 0.316724 -0.061632
v 0.288145 0.317138 -0.061632
v 0.290697 0.317607 -0.061632
v 0.293151 0.318132 -0.061632
v 0.295506 0.318711 -0.061632
v 0.297764 0.319346 -0.061632
v 0.299979 0.320055 -0.061632
v 0.302205 0.320855 -0.061632
v 0.304445 0.321748 -0.061632
v 0.306696 0.322733 -0.061632
v 0.308960 0.323809 -0.061632
v 0.311236 0.324978 -0.061632
v 0.313524 0.326239 -0.061632
v 0.315824 0.327591 -0.061632
v 0.318137 0.329036 -0.061632
v 0.320462 0.330573 -0.061632
v 0.322800 0.332202 -0.061632
v 0.325149 0.333922 -0.061632
v 0.325300 0.334060 -0.061632
v 0.325456 0.334180 -0.061632
v 0.325619 0.334281 -0.061632
v 0.325787 0.334364 -0.061632
v 0.325962 0.334428 -0.061632
v 0.326143 0.334474 -0.061632
v 0.326330 0.334502 -0.061632
v 0.326523 0.334511 -0.061632
v 0.326723 0.334502 -0.061632
v 0.326928 0.334474 -0.061632
v 0.327140 0.334428 -0.061632
v 0.327358 0.334364 -0.061632
v 0.327563 0.334281 -0.061632
v 0.327738 0.334180 -0.061632
v 0.327882 0.334060 -0.061632
v 0.327996 0.333922 -0.061632
v 0.328079 0.333766 -0.061632
v 0.328131 0.333591 -0.061632
v 0.328152 0.333398 -0.061632
v 0.328143 0.333186 -0.061632
v 0.328103 0.332956 -0.061632
v 0.328032 0.332708 -0.061632
v 0.327931 0.332441 -0.061632
v 0.327799 0.332155 -0.061632
v 0.325511 0.325797 -0.061632
v 0.323063 0.319678 -0.061632
v 0.320456 0.313797 -0.061632
v 0.317689 0.308157 -0.061632
v 0.314763 0.302755 -0.061632
v 0.311677 0.297593 -0.061632
v 0.308432 0.292670 -0.061632
v 0.305027 0.287986 -0.061632
v 0.301463 0.283541 -0.061632
v 0.297739 0.279336 -0.061632
v 0.293856 0.275370 -0.061632
v 0.289813 0.271643 -0.061632
v 0.285666 0.268122 -0.061632
v 0.281470 0.264772 -0.061632
v 0.277225 0.261595 -0.061632
v 0.272931 0.258589 -0.061632
v 0.268587 0.255754 -0.061632
v 0.264195 0.253092 -0.061632
v 0.259754 0.250601 -0.061632
v 0.255263 0.248282 -0.061632
v 0.250723 0.246135 -0.061632
v 0.246135 0.244160 -0.061632
v 0.241497 0.242356 -0.061632
v 0.236810 0.240724 -0.061632
v 0.231976 0.239175 -0.061632
v 0.226896 0.237620 -0.061632
v 0.221571 0.236059 -0.061632
v 0.216001 0.234492 -0.061632
v 0.210185 0.232918 -0.061632
v 0.204124 0.231338 -0.061632
v 0.197818 0.229753 -0.061632
v 0.191266 0.228161 -0.061632
v 0.184469 0.226563 -0.061632
v 0.177426 0.224958 -0.061632
v 0.170138 0.223348 -0.061632
v 0.162605 0.221731 -0.061632
v 0.154915 0.220253 -0.061632
v 0.147452 0.218762 -0.061632
v 0.140217 0.217259 -0.061632
v 0.133208 0.215744 -0.061632
v 0.126426 0.214217 -0.061632
v 0.119871 0.212677 -0.061632
v 0.113543 0.211125 -0.061632
v 0.107442 0.209560 -0.061632
v 0.101568 0.207984 -0.061632
v 0.095921 0.206395 -0.061632
v 0.090501 0.204794 -0.061632
v 0.085308 0.203180 -0.061632
v 0.080241 0.201478 -0.061632
v 0.075198 0.199610 -0.061632
v 0.070180 0.197576 -0.061632
v 0.065186 0.195377 -0.061632
v 0.060217 0.193012 -0.061632
v 0.055273 0.190481 -0.061632
v 0.050353 0.187785 -0.061632
v 0.045457 0.184923 -0.061632
v 0.040586 0.181896 -0.061632
v 0.035740 0.178703 -0.061632
v 0.030918 0.175344 -0.061632
v 0.026121 0.171820 -0.061632
v 0.021394 0.168093 -0.061632
v 0.016784 0.164127 -0.061632
v 0.012290 0.159922 -0.061632
v 0.007913 0.155477 -0.061632
v 0.003653 0.150793 -0.061632
v -0.000491 0.145870 -0.061632
v -0.004519 0.140708 -0.061632
v -0.008430 0.135306 -0.061632
v -0.012224 0.129665 -0.061632
v -0.015902 0.123785 -0.061632
v -0.019463 0.117666 -0.061632
v -0.022907 0.111307 -0.061632
v -0.023042 0.111010 -0.061632
v -0.023153 0.110706 -0.061632
v -0.023239 0.110396 -0.061632
v -0.023300 0.110081 -0.061632
v -0.023337 0.109758 -0.061632
v -0.023349 0.109430 -0.061632
v -0.023337 0.109096 -0.061632
v -0.023300 0.108755 -0.061632
v -0.023239 0.108409 -0.061632
v -0.023153 0.108056 -0.061632
v -0.023042 0.107697 -0.061632
v -0.022907 0.107332 -0.061632
v -0.022748 0.106973 -0.061632
v -0.022564 0.106633 -0.061632
v -0.022355 0.106311 -0.061632
v -0.022122 0.106007 -0.061632
v -0.021865 0.105722 -0.061632
v -0.021582 0.105455 -0.061632
v -0.021276 0.105207 -0.061632
v -0.020944 0.104976 -0.061632
v -0.020589 0.104765 -0.061632
v -0.020208 0.104572 -0.061632
v -0.019803 0.104397 -0.061632
v -0.019374 0.104240 -0.061632
v -0.016067 0.104246 -0.061632
v -0.012920 0.104265 -0.061632
v -0.009933 0.104296 -0.061632
v -0.007105 0.104338 -0.061632
v -0.004436 0.104394 -0.061632
v -0.001927 0.104461 -0.061632
v 0.000423 0.104541 -0.061632
v 0.002613 0.104633 -0.061632
v 0.004643 0.104737 -0.061632
v 0.006514 0.104854 -0.061632
v 0.008226 0.104983 -0.061632
v 0.009778 0.105124 -0.061632
v 0.011858 0.105443 -0.061632
v 0.013974 0.105811 -0.061632
v 0.016127 0.106228 -0.061632
v 0.018318 0.106694 -0.061632
v 0.020544 0.107210 -0.061632
v 0.022808 0.107774 -0.061632
v 0.025109 0.108387 -0.061632
v 0.027446 0.109050 -0.061632
v 0.029820 0.109762 -0.061632
v 0.032231 0.110522 -0.061632
v 0.034679 0.111332 -0.061632
v 0.037163 0.112191 -0.061632
v 0.039666 0.113080 -0.061632
v 0.042169 0.113982 -0.061632
v 0.044672 0.114896 -0.061632
v 0.047175 0.115823 -0.061632
v 0.049678 0.116761 -0.061632
v 0.052181 0.117712 -0.061632
v 0.054684 0.118675 -0.061632
v 0.057187 0.119651 -0.061632
v 0.059690 0.120638 -0.061632
v 0.062192 0.121638 -0.061632
v 0.064695 0.122650 -0.061632
v 0.067199 0.123675 -0.061632
v 0.072576 0.125840 -0.061632
v 0.077812 0.127920 -0.061632
v 0.082906 0.129914 -0.061632
v 0.087860 0.131822 -0.061632
v 0.092673 0.133644 -0.061632
v 0.097344 0.135380 -0.061632
v 0.101875 0.137030 -0.061632
v 0.106264 0.138594 -0.061632
v 0.110512 0.140073 -0.061632
v 0.114620 0.141465 -0.061632
v 0.118586 0.142772 -0.061632
v 0.122411 0.143993 -0.061632
v 0.126205 0.145128 -0.061632
v 0.130079 0.146177 -0.061632
v 0.134033 0.147140 -0.061632
v 0.138066 0.148017 -0.061632
v 0.142180 0.148809 -0.061632
v 0.146373 0.149514 -0.061632
v 0.150646 0.150134 -0.061632
v 0.154998 0.150668 -0.061632
v 0.159430 0.151115 -0.061632
v 0.163942 0.151477 -0.061632
v 0.168534 0.151753 -0.061632
v 0.173206 0.151944 -0.061632
v 0.173494 0.151934 -0.061632
v 0.173770 0.151907 -0.061632
v 0.174034 0.151861 -0.061632
v 0.174285 0.151796 -0.061632
v 0.174525 0.151713 -0.061632
v 0.174752 0.151612 -0.061632
v 0.174966 0.151493 -0.061632
v 0.175169 0.151355 -0.061632
v 0.175359 0.151198 -0.061632
v 0.175537 0.151023 -0.061632
v 0.175703 0.150830 -0.061632
v 0.175856 0.150618 -0.061632
v 0.175985 0.150401 -0.061632
v 0.176077 0.150189 -0.061632
v 0.176132 0.149983 -0.061632
v 0.176150 0.149784 -0.061632
v 0.176132 0.149591 -0.061632
v 0.176077 0.149404 -0.061632
v 0.175985 0.149223 -0.061632
v 0.175856 0.149048 -0.061632
v 0.175690 0.148879 -0.061632
v 0.175488 0.148717 -0.061632
v 0.175248 0.148560 -0.061632
v 0.174972 0.148410 -0.061632
v 0.171822 0.145560 -0.061632
v 0.168850 0.142607 -0.061632
v 0.166056 0.139548 -0.061632
v 0.163439 0.136386 -0.061632
v 0.161001 0.133119 -0.061632
v 0.158740 0.129748 -0.061632
v 0.156657 0.126273 -0.061632
v 0.154753 0.122693 -0.061632
v 0.153026 0.119010 -0.061632
v 0.151477 0.115221 -0.061632
v 0.150105 0.111329 -0.061632
v 0.148912 0.107332 -0.061632
v 0.147848 0.103164 -0.061632
v 0.146863 0.098756 -0.061632
v 0.145958 0.094109 -0.061632
v 0.145133 0.089223 -0.061632
v 0.144388 0.084097 -0.061632
v 0.143722 0.078732 -0.061632
v 0.143137 0.073128 -0.061632
v 0.142630 0.067285 -0.061632
v 0.142204 0.061203 -0.061632
v 0.141858 0.054881 -0.061632
v 0.141591 0.048320 -0.061632
v 0.141404 0.041519 -0.061632
v 0.141404 -0.252650 -0.061632
v 0.141851 -0.260772 -0.061632
v 0.142606 -0.268649 -0.061632
v 0.143667 -0.276281 -0.061632
v 0.145035 -0.283667 -0.061632
v 0.146710 -0.290808 -0.061632
v 0.148691 -0.297703 -0.061632
v 0.150980 -0.304353 -0.061632
v 0.153575 -0.310758 -0.061632
v 0.156476 -0.316917 -0.061632
v 0.159685 -0.322831 -0.061632
v 0.163200 -0.328499 -0.061632
v 0.167022 -0.333922 -0.061632
v 0.167157 -0.334073 -0.061632
v 0.167267 -0.334229 -0.061632
v 0.167353 -0.334392 -0.061632
v 0.167415 -0.334560 -0.061632
v 0.167451 -0.334735 -0.061632
v 0.167464 -0.334916 -0.061632
v 0.167451 -0.335103 -0.061632
v 0.167415 -0.335296 -0.061632
v 0.167353 -0.335496 -0.061632
v 0.167267 -0.335701 -0.061632
v 0.167157 -0.335913 -0.061632
v 0.167022 -0.336131 -0.061632
v 0.166875 -0.336336 -0.061632
v 0.166727 -0.336511 -0.061632
v 0.166580 -0.336655 -0.061632
v 0.166433 -0.336769 -0.061632
v 0.166286 -0.336852 -0.061632
v 0.166139 -0.336904 -0.061632
v 0.165991 -0.336925 -0.061632
v 0.165844 -0.336916 -0.061632
v 0.165697 -0.336876 -0.061632
v 0.165550 -0.336806 -0.061632
v 0.165402 -0.336704 -0.061632
v 0.165255 -0.336572 -0.061632
v 0.153771 -0.333039 -0.061632
v 0.150096 -0.332051 -0.061632
v 0.146434 -0.331149 -0.061632
v 0.142784 -0.330334 -0.061632
v 0.139146 -0.329603 -0.061632
v 0.135520 -0.328959 -0.061632
v 0.131907 -0.328401 -0.061632
v 0.128306 -0.327929 -0.061632
v 0.124717 -0.327542 -0.061632
v 0.121141 -0.327242 -0.061632
v 0.117576 -0.327027 -0.061632
v 0.114024 -0.326898 -0.061632
v 0.110485 -0.326855 -0.061632
v 0.109270 -0.326867 -0.061632
v 0.107982 -0.326904 -0.061632
v 0.106620 -0.326966 -0.061632
v 0.105184 -0.327051 -0.061632
v 0.103675 -0.327162 -0.061632
v 0.102093 -0.327297 -0.061632
v 0.100436 -0.327456 -0.061632
v 0.098706 -0.327640 -0.061632
v 0.096903 -0.327849 -0.061632
v 0.095025 -0.328082 -0.061632
v 0.093075 -0.328340 -0.061632
v 0.091050 -0.328622 -0.061632
v 0.087817 -0.329021 -0.061632
v 0.084302 -0.329628 -0.061632
v 0.080505 -0.330444 -0.061632
v 0.076425 -0.331468 -0.061632
v 0.072063 -0.332701 -0.061632
v 0.067419 -0.334143 -0.061632
v 0.062493 -0.335793 -0.061632
v 0.057285 -0.337652 -0.061632
v 0.051794 -0.339720 -0.061632
v 0.046022 -0.341995 -0.061632
v 0.039967 -0.344480 -0.061632
v 0.033630 -0.347173 -0.061632
v 0.028670 -0.349201 -0.061632
v 0.023802 -0.351161 -0.061632
v 0.019026 -0.353053 -0.061632
v 0.014342 -0.354878 -0.061632
v 0.009751 -0.356636 -0.061632
v 0.005251 -0.358326 -0.061632
v 0.000843 -0.359949 -0.061632
v -0.003473 -0.361504 -0.061632
v -0.007696 -0.362991 -0.061632
v -0.011828 -0.364412 -0.061632
v -0.015868 -0.365764 -0.061632
v -0.019816 -0.367049 -0.061632
v -0.023757 -0.368255 -0.061632
v -0.027778 -0.369368 -0.061632
v -0.031879 -0.370390 -0.061632
v -0.036060 -0.371319 -0.061632
v -0.040321 -0.372157 -0.061632
v -0.044661 -0.372902 -0.061632
v -0.049081 -0.373555 -0.061632
v -0.053581 -0.374117 -0.061632
v -0.058160 -0.374586 -0.061632
v -0.062820 -0.374963 -0.061632
v -0.067559 -0.375248 -0.061632
v -0.072377 -0.375442 -0.061632
v -0.072660 -0.375429 -0.061632
v -0.072917 -0.375393 -0.061632
v -0.073150 -0.375331 -0.061632
v -0.073359 -0.375245 -0.061632
v -0.073543 -0.375135 -0.061632
v -0.073702 -0.375000 -0.061632
v -0.073837 -0.374840 -0.061632
v -0.073948 -0.374656 -0.061632
v -0.074034 -0.374448 -0.061632
v -0.074095 -0.374215 -0.061632
v -0.074132 -0.373957 -0.061632
v -0.074144 -0.373675 0.061632
v -0.074138 -0.373387 0.061632
v -0.074120 -0.373111 0.061632
v -0.074089 -0.372847 0.061632
v -0.074046 -0.372595 0.061632
v -0.073991 -0.372356 0.061632
v -0.073923 -0.372129 0.061632
v -0.073844 -0.371914 0.061632
v -0.073752 -0.371712 0.061632
v -0.073647 -0.371522 0.061632
v -0.073531 -0.371344 0.061632
v -0.073402 -0.371178 0.061632
v -0.073261 -0.371025 0.061632
v -0.070114 -0.368178 0.061632
v -0.067151 -0.365234 0.061632
v -0.064372 -0.362191 0.061632
v -0.061777 -0.359050 0.061632
v -0.059366 -0.355811 0.061632
v -0.057139 -0.352473 0.061632
v -0.055096 -0.349038 0.061632
v -0.053237 -0.345505 0.061632
v -0.051563 -0.341873 0.061632
v -0.050072 -0.338143 0.061632
v -0.048765 -0.334315 0.061632
v -0.047642 -0.330389 0.061632
v -0.046649 -0.326291 0.061632
v -0.045728 -0.321947 0.061632
v -0.044882 -0.317359 0.061632
v -0.044109 -0.312525 0.061632
v -0.043410 -0.307445 0.061632
v -0.042784 -0.302120 0.061632
v -0.042232 -0.296550 0.061632
v -0.041753 -0.290734 0.061632
v -0.041348 -0.284673 0.061632
v -0.041017 -0.278367 0.061632
v -0.040759 -0.271815 0.061632
v -0.040575 -0.265018 0.061632
v -0.040575 0.034452 0.061632
v -0.040722 0.035925 0.061632
v -0.040870 0.037397 0.061632
v -0.041017 0.038869 0.061632
v -0.041164 0.040342 0.061632
v -0.041311 0.041814 0.061632
v -0.041459 0.043286 0.061632
v -0.041606 0.044759 0.061632
v -0.041753 0.046231 0.061632
v -0.041900 0.047703 0.061632
v -0.042047 0.049176 0.061632
v -0.042195 0.050648 0.061632
v -0.042342 0.052120 0.061632
v -0.042351 0.052402 0.061632
v -0.042379 0.052660 0.061632
v -0.042425 0.052893 0.061632
v -0.042489 0.053102 0.061632
v -0.042572 0.053286 0.061632
v -0.042673 0.053445 0.061632
v -0.042793 0.053580 0.061632
v -0.042931 0.053691 0.061632
v -0.043087 0.053777 0.061632
v -0.043262 0.053838 0.061632
v -0.043455 0.053875 0.061632
v -0.043667 0.053887 0.061632
v -0.043879 0.053875 0.061632
v -0.044072 0.053838 0.061632
v -0.044247 0.053777 0.061632
v -0.044403 0.053691 0.061632
v -0.044541 0.053580 0.061632
v -0.044661 0.053445 0.061632
v -0.044762 0.053286 0.061632
v -0.044845 0.053102 0.061632
v -0.044909 0.052893 0.061632
v -0.044955 0.052660 0.061632
v -0.044983 0.052402 0.061632
v -0.044992 0.052120 0.061632
v -0.045725 0.049749 0.061632
v -0.046452 0.047347 0.061632
v -0.047173 0.044915 0.061632
v -0.047888 0.042452 0.061632
v -0.048596 0.039958 0.061632
v -0.049299 0.037434 0.061632
v -0.049995 0.034879 0.061632
v -0.050685 0.032293 0.061632
v -0.051369 0.029677 0.061632
v -0.052047 0.027029 0.061632
v -0.052719 0.024352 0.061632
v -0.053384 0.021643 0.061632
v -0.054019 0.018929 0.061632
v -0.054599 0.016232 0.061632
v -0.055124 0.013555 0.061632
v -0.055593 0.010895 0.061632
v -0.056007 0.008254 0.061632
v -0.056366 0.005632 0.061632
v -0.056670 0.003027 0.061632
v -0.056918 0.000442 0.061632
v -0.057111 -0.002126 0.061632
v -0.057249 -0.004675 0.061632
v -0.057332 -0.007205 0.061632
v -0.057360 -0.009717 0.061632
v -0.057360 -0.085689 0.061632
v -0.057473 -0.094017 0.061632
v -0.057814 -0.102216 0.061632
v -0.058381 -0.110286 0.061632
v -0.059176 -0.118227 0.061632
v -0.060197 -0.126040 0.061632
v -0.061445 -0.133723 0.061632
v -0.062921 -0.141278 0.061632
v -0.064623 -0.148704 0.061632
v -0.066552 -0.156002 0.061632
v -0.068709 -0.163170 0.061632
v -0.071092 -0.170209 0.061632
v -0.073702 -0.177120 0.061632
v -0.076546 -0.183841 0.061632
v -0.079629 -0.190310 0.061632
v -0.082951 -0.196527 0.061632
v -0.086512 -0.202493 0.061632
v -0.090312 -0.208208 0.061632
v -0.094352 -0.213670 0.061632
v -0.098631 -0.218882 0.061632
v -0.103149 -0.223842 0.061632
v -0.107907 -0.228550 0.061632
v -0.112903 -0.233007 0.061632
v -0.118139 -0.237212 0.061632
v -0.123614 -0.241166 0.061632
v -0.128503 -0.244611 0.061632
v -0.133454 -0.247877 0.061632
v -0.138466 -0.250966 0.061632
v -0.143540 -0.253877 0.061632
v -0.148674 -0.256610 0.061632
v -0.153870 -0.259165 0.061632
v -0.159128 -0.261542 0.061632
v -0.164447 -0.263742 0.061632
v -0.169827 -0.265763 0.061632
v -0.175268 -0.267607 0.061632
v -0.180771 -0.269272 0.061632
v -0.186335 -0.270760 0.061632
v -0.191911 -0.272100 0.061632
v -0.197451 -0.273324 0.061632
v -0.202954 -0.274431 0.061632
v -0.208420 -0.275422 0.061632
v -0.213849 -0.276296 0.061632
v -0.219241 -0.277054 0.061632
v -0.224597 -0.277695 0.061632
v -0.229916 -0.278219 0.061632
v -0.235198 -0.278627 0.061632
v -0.240443 -0.278919 0.061632
v -0.245651 -0.279094 0.061632
v -0.250823 -0.279152 0.061632
v -0.253964 -0.279146 0.061632
v -0.256908 -0.279127 0.061632
v -0.259657 -0.279097 0.061632
v -0.262209 -0.279054 0.061632
v -0.264564 -0.278999 0.061632
v -0.266724 -0.278931 0.061632
v -0.268687 -0.278851 0.061632
v -0.270454 -0.278759 0.061632
v -0.272024 -0.278655 0.061632
v -0.273398 -0.278538 0.061632
v -0.274576 -0.278410 0.061632
v -0.275558 -0.278269 0.061632
v -0.275840 -0.278256 0.061632
v -0.276097 -0.278219 0.061632
v -0.276331 -0.278158 0.061632
v -0.276539 -0.278072 0.061632
v -0.276723 -0.277962 0.061632
v -0.276883 -0.277827 0.061632
v -0.277018 -0.277667 0.061632
v -0.277128 -0.277483 0.061632
v -0.277214 -0.277275 0.061632
v -0.277275 -0.277042 0.061632
v -0.277312 -0.276784 0.061632
v -0.277324 -0.276502 0.061632
v -0.277318 -0.276213 0.061632
v -0.277300 -0.275937 0.061632
v -0.277269 -0.275674 0.061632
v -0.277226 -0.275422 0.061632
v -0.277171 -0.275183 0.061632
v -0.277104 -0.274956 0.061632
v -0.277024 -0.274741 0.061632
v -0.276932 -0.274539 0.061632
v -0.276827 -0.274348 0.061632
v -0.276711 -0.274171 0.061632
v -0.276582 -0.274005 0.061632
v -0.276441 -0.273852 0.061632
v -0.272920 -0.270931 0.061632
v -0.269423 -0.267766 0.061632
v -0.265951 -0.264355 0.061632
v -0.262503 -0.260699 0.061632
v -0.259080 -0.256797 0.061632
v -0.255681 -0.252650 0.061632
v -0.252307 -0.248258 0.061632
v -0.248958 -0.243620 0.061632
v -0.245633 -0.238737 0.061632
v -0.242332 -0.233608 0.061632
v -0.239056 -0.228234 0.061632
v -0.235805 -0.222615 0.061632
v -0.232701 -0.216787 0.061632
v -0.229867 -0.210787 0.061632
v -0.227302 -0.204616 0.061632
v -0.225008 -0.198272 0.061632
v -0.222984 -0.191757 0.061632
v -0.221229 -0.185071 0.061632
v -0.219744 -0.178212 0.061632
v -0.218530 -0.171182 0.061632
v -0.217585 -0.163980 0.061632
v -0.216910 -0.156606 0.061632
v -0.216505 -0.149060 0.061632
v -0.216370 -0.141343 0.061632
v -0.216370 -0.103357 0.061632
v -0.216245 -0.091741 0.061632
v -0.215867 -0.080156 0.061632
v -0.215238 -0.068601 0.061632
v -0.214358 -0.057077 0.061632
v -0.213226 -0.045584 0.061632
v -0.211843 -0.034121 0.061632
v -0.210208 -0.022689 0.061632
v -0.208322 -0.011288 0.061632
v -0.206184 0.000083 0.061632
v -0.203794 0.011423 0.061632
v -0.201153 0.022732 0.061632
v -0.198261 0.034011 0.061632
v -0.195123 0.045222 0.061632
v -0.191746 0.056329 0.061632
v -0.188129 0.067331 0.061632
v -0.184274 0.078229 0.061632
v -0.180179 0.089023 0.061632
v -0.175845 0.099713 0.061632
v -0.171271 0.110298 0.061632
v -0.166459 0.120779 0.061632
v -0.161407 0.131156 0.061632
v -0.156116 0.141429 0.061632
v -0.150585 0.151597 0.061632
v -0.144816 0.161661 0.061632
v -0.139119 0.171252 0.061632
v -0.133515 0.180592 0.061632
v -0.128003 0.189681 0.061632
v -0.122583 0.198518 0.061632
v -0.117256 0.207103 0.061632
v -0.112020 0.215437 0.061632
v -0.106876 0.223520 0.061632
v -0.101824 0.231351 0.061632
v -0.096864 0.238930 0.061632
v -0.091996 0.246258 0.061632
v -0.087220 0.253334 0.061632
v -0.082536 0.260159 0.061632
v -0.077803 0.266809 0.061632
v -0.072880 0.273361 0.061632
v -0.067767 0.279815 0.061632
v -0.062464 0.286170 0.061632
v -0.056970 0.292427 0.061632
v -0.051286 0.298587 0.061632
v -0.045412 0.304648 0.061632
v -0.039348 0.310611 0.061632
v -0.033094 0.316475 0.061632
v -0.026650 0.322242 0.061632
v -0.020015 0.327910 0.061632
v -0.013190 0.333481 0.061632
v -0.006227 0.338772 0.061632
v 0.000821 0.343603 0.061632
v 0.007956 0.347974 0.061632
v 0.015177 0.351885 0.061632
v 0.022483 0.355335 0.061632
v 0.029875 0.358326 0.061632
v 0.037353 0.360857 0.061632
v 0.044917 0.362927 0.061632
v 0.052567 0.364537 0.061632
v 0.060303 0.365688 0.061632
v 0.068125 0.366378 0.061632
v 0.076033 0.366608 0.061632
v 0.083860 0.366543 0.061632
v 0.091443 0.366350 0.061632
v 0.098780 0.366028 0.061632
v 0.105872 0.365577 0.061632
v 0.112718 0.364997 0.061632
v 0.119319 0.364289 0.061632
v 0.125674 0.363451 0.061632
v 0.131784 0.362485 0.061632
v 0.137649 0.361390 0.061632
v 0.143268 0.360166 0.061632
v 0.148642 0.358814 0.061632
v 0.153771 0.357332 0.061632
v 0.158777 0.355740 0.061632
v 0.163783 0.354056 0.061632
v 0.168789 0.352280 0.061632
v 0.173795 0.350412 0.061632
v 0.178801 0.348452 0.061632
v 0.183806 0.346400 0.061632
v 0.188812 0.344256 0.061632
v 0.193818 0.342020 0.061632
v 0.198824 0.339692 0.061632
v 0.203830 0.337272 0.061632
v 0.208836 0.334760 0.061632
v 0.213842 0.332155 0.061632
v 0.216737 0.330717 0.061632
v 0.219535 0.329346 0.061632
v 0.222234 0.328042 0.061632
v 0.224835 0.326806 0.061632
v 0.227338 0.325637 0.061632
v 0.229743 0.324536 0.061632
v 0.232049 0.323503 0.061632
v 0.234258 0.322536 0.061632
v 0.236368 0.321638 0.061632
v 0.238380 0.320806 0.061632
v 0.240294 0.320043 0.061632
v 0.242110 0.319346 0.061632
v 0.243883 0.318711 0.061632
v 0.245668 0.318132 0.061632
v 0.247466 0.317607 0.061632
v 0.249276 0.317138 0.061632
v 0.251098 0.316724 0.061632
v 0.252932 0.316365 0.061632
v 0.254778 0.316061 0.061632
v 0.256637 0.315813 0.061632
v 0.258508 0.315619 0.061632
v 0.260392 0.315481 0.061632
v 0.262287 0.315399 0.061632
v 0.264195 0.315371 0.061632
v 0.267532 0.315399 0.061632
v 0.270771 0.315481 0.061632
v 0.273912 0.315619 0.061632
v 0.276955 0.315813 0.061632
v 0.279900 0.316061 0.061632
v 0.282746 0.316365 0.061632
v 0.285495 0.316724 0.061632
v 0.288145 0.317138 0.061632
v 0.290697 0.317607 0.061632
v 0.293151 0.318132 0.061632
v 0.295506 0.318711 0.061632
v 0.297764 0.319346 0.061632
v 0.299979 0.320055 0.061632
v 0.302205 0.320855 0.061632
v 0.304445 0.321748 0.061632
v 0.306696 0.322733 0.061632
v 0.308960 0.323809 0.061632
v 0.311236 0.324978 0.061632
v 0.313524 0.326239 0.061632
v 0.315824 0.327591 0.061632
v 0.318137 0.329036 0.061632
v 0.320462 0.330573 0.061632
v 0.322800 0.332202 0.061632
v 0.325149 0.333922 0.061632
v 0.325300 0.334060 0.061632
v 0.325456 0.334180 0.061632
v 0.325619 0.334281 0.061632
v 0.325787 0.334364 0.061632
v 0.325962 0.334428 0.061632
v 0.326143 0.334474 0.061632
v 0.326330 0.334502 0.061632
v 0.326523 0.334511 0.061632
v 0.326723 0.334502 0.061632
v 0.326928 0.334474 0.061632
v 0.327140 0.334428 0.061632
v 0.327358 0.334364 0.061632
v 0.327563 0.334281 0.061632
v 0.327738 0.334180 0.061632
v 0.327882 0.334060 0.061632
v 0.327996 0.333922 0.061632
v 0.328079 0.333766 0.061632
v 0.328131 0.333591 0.061632
v 0.328152 0.333398 0.061632
v 0.328143 0.333186 0.061632
v 0.328103 0.332956 0.061632
v 0.328032 0.332708 0.061632
v 0.327931 0.332441 0.061632
v 0.327799 0.332155 0.061632
v 0.325511 0.325797 0.061632
v 0.323063 0.319678 0.061632
v 0.320456 0.313797 0.061632
v 0.317689 0.308157 0.061632
v 0.314763 0.302755 0.061632
v 0.311677 0.297593 0.061632
v 0.308432 0.292670 0.061632
v 0.305027 0.287986 0.061632
v 0.301463 0.283541 0.061632
v 0.297739 0.279336 0.061632
v 0.293856 0.275370 0.061632
v 0.289813 0.271643 0.061632
v 0.285666 0.268122 0.061632
v 0.281470 0.264772 0.061632
v 0.277225 0.261595 0.061632
v 0.272931 0.258589 0.061632
v 0.268587 0.255754 0.061632
v 0.264195 0.253092 0.061632
v 0.259754 0.250601 0.061632
v 0.255263 0.248282 0.061632
v 0.250723 0.246135 0.061632
v 0.246135 0.244160 0.061632
v 0.241497 0.242356 0.061632
v 0.236810 0.240724 0.061632
v 0.231976 0.239175 0.061632
v 0.226896 0.237620 0.061632
v 0.221571 0.236059 0.061632
v 0.216001 0.234492 0.061632
v 0.210185 0.232918 0.061632
v 0.204124 0.231338 0.061632
v 0.197818 0.229753 0.061632
v 0.191266 0.228161 0.061632
v 0.184469 0.226563 0.061632
v 0.177426 0.224958 0.061632
v 0.170138 0.223348 0.061632
v 0.162605 0.221731 0.061632
v 0.154915 0.220253 0.061632
v 0.147452 0.218762 0.061632
v 0.140217 0.217259 0.061632
v 0.133208 0.215744 0.061632
v 0.126426 0.214217 0.061632
v 0.119871 0.212677 0.061632
v 0.113543 0.211125 0.061632
v 0.107442 0.209560 0.061632
v 0.101568 0.207984 0.061632
v 0.095921 0.206395 0.061632
v 0.090501 0.204794 0.061632
v 0.085308 0.203180 0.061632
v 0.080241 0.201478 0.061632
v 0.075198 0.199610 0.061632
v 0.070180 0.197576 0.061632
v 0.065186 0.195377 0.061632
v 0.060217 0.193012 0.061632
v 0.055273 0.190481 0.061632
v 0.050353 0.187785 0.061632
v 0.045457 0.184923 0.061632
v 0.040586 0.181896 0.061632
v 0.035740 0.178703 0.061632
v 0.030918 0.175344 0.061632
v 0.026121 0.171820 0.061632
v 0.021394 0.168093 0.061632
v 0.016784 0.164127 0.061632
v 0.012290 0.159922 0.061632
v 0.007913 0.155477 0.061632
v 0.003653 0.150793 0.061632
v -0.000491 0.145870 0.061632
v -0.004519 0.140708 0.061632
v -0.008430 0.135306 0.061632
v -0.012224 0.129665 0.061632
v -0.015902 0.123785 0.061632
v -0.019463 0.117666 0.061632
v -0.022907 0.111307 0.061632
v -0.023042 0.111010 0.061632
v -0.023153 0.110706 0.061632
v -0.023239 0.110396 0.061632
v -0.023300 0.110081 0.061632
v -0.023337 0.109758 0.061632
v -0.023349 0.109430 0.061632
v -0.023337 0.109096 0.061632
v -0.023300 0.108755 0.061632
v -0.023239 0.108409 0.061632
v -0.023153 0.108056 0.061632
v -0.023042 0.107697 0.061632
v -0.022907 0.107332 0.061632
v -0.022748 0.106973 0.061632
v -0.022564 0.106633 0.061632
v -0.022355 0.106311 0.061632
v -0.022122 0.106007 0.061632
v -0.021865 0.105722 0.061632
v -0.021582 0.105455 0.061632
v -0.021276 0.105207 0.061632
v -0.020944 0.104976 0.061632
v -0.020589 0.104765 0.061632
v -0.020208 0.104572 0.061632
v -0.019803 0.104397 0.061632
v -0.019374 0.104240 0.061632
v -0.016067 0.104246 0.061632
v -0.012920 0.104265 0.061632
v -0.009933 0.104296 0.061632
v -0.007105 0.104338 0.061632
v -0.004436 0.104394 0.061632
v -0.001927 0.104461 0.061632
v 0.000423 0.104541 0.061632
v 0.002613 0.104633 0.061632
v 0.004643 0.104737 0.061632
v 0.006514 0.104854 0.061632
v 0.008226 0.104983 0.061632
v 0.009778 0.105124 0.061632
v 0.011858 0.105443 0.061632
v 0.013974 0.105811 0.061632
v 0.016127 0.106228 0.061632
v 0.018318 0.106694 0.061632
v 0.020544 0.107210 0.061632
v 0.022808 0.107774 0.061632
v 0.025109 0.108387 0.061632
v 0.027446 0.109050 0.061632
v 0.029820 0.109762 0.061632
v 0.032231 0.110522 0.061632
v 0.034679 0.111332 0.061632
v 0.037163 0.112191 0.061632
v 0.039666 0.113080 0.061632
v 0.042169 0.113982 0.061632
v 0.044672 0.114896 0.061632
v 0.047175 0.115823 0.061632
v 0.049678 0.116761 0.061632
v 0.052181 0.117712 0.061632
v 0.054684 0.118675 0.061632
v 0.057187 0.119651 0.061632
v 0.059690 0.120638 0.061632
v 0.062192 0.121638 0.061632
v 0.064695 0.122650 0.061632
v 0.067199 0.123675 0.061632
v 0.072576 0.125840 0.061632
v 0.077812 0.127920 0.061632
v 0.082906 0.129914 0.061632
v 0.087860 0.131822 0.061632
v 0.092673 0.133644 0.061632
v 0.097344 0.135380 0.061632
v 0.101875 0.137030 0.061632
v 0.106264 0.138594 0.061632
v 0.110512 0.140073 0.061632
v 0.114620 0.141465 0.061632
v 0.118586 0.142772 0.061632
v 0.122411 0.143993 0.061632
v 0.126205 0.145128 0.061632
v 0.130079 0.146177 0.061632
v 0.134033 0.147140 0.061632
v 0.138066 0.148017 0.061632
v 0.142180 0.148809 0.061632
v 0.146373 0.149514 0.061632
v 0.150646 0.150134 0.061632
v 0.154998 0.150668 0.061632
v 0.159430 0.151115 0.061632
v 0.163942 0.151477 0.061632
v 0.168534 0.151753 0.061632
v 0.173206 0.151944 0.061632
v 0.173494 0.151934 0.061632
v 0.173770 0.151907 0.061632
v 0.174034 0.151861 0.061632
v 0.174285 0.151796 0.061632
v 0.174525 0.151713 0.061632
v 0.174752 0.151612 0.061632
v 0.174966 0.151493 0.061632
v 0.175169 0.151355 0.061632
v 0.175359 0.151198 0.061632
v 0.175537 0.151023 0.061632
v 0.175703 0.150830 0.061632
v 0.175856 0.150618 0.061632
v 0.175985 0.150401 0.061632
v 0.176077 0.150189 0.061632
v 0.176132 0.149983 0.061632
v 0.176150 0.149784 0.061632
v 0.176132 0.149591 0.061632
v 0.176077 0.149404 0.061632
v 0.175985 0.149223 0.061632
v 0.175856 0.149048 0.061632
v 0.175690 0.148879 0.061632
v 0.175488 0.148717 0.061632
v 0.175248 0.148560 0.061632
v 0.174972 0.148410 0.061632
v 0.171822 0.145560 0.061632
v 0.168850 0.142607 0.061632
v 0.166056 0.139548 0.061632
v 0.163439 0.136386 0.061632
v 0.161001 0.133119 0.061632
v 0.158740 0.129748 0.061632
v 0.156657 0.126273 0.061632
v 0.154753 0.122693 0.061632
v 0.153026 0.119010 0.061632
v 0.151477 0.115221 0.061632
v 0.150105 0.111329 0.061632
v 0.148912 0.107332 0.061632
v 0.147848 0.103164 0.061632
v 0.146863 0.098756 0.061632
v 0.145958 0.094109 0.061632
v 0.145133 0.089223 0.061632
v 0.144388 0.084097 0.061632
v 0.143722 0.078732 0.061632
v 0.143137 0.073128 0.061632
v 0.142630 0.067285 0.061632
v 0.142204 0.061203 0.061632
v 0.141858 0.054881 0.061632
v 0.141591 0.048320 0.061632
v 0.141404 0.041519 0.061632
v 0.141404 -0.252650 0.061632
v 0.141851 -0.260772 0.061632
v 0.142606 -0.268649 0.061632
v 0.143667 -0.276281 0.061632
v 0.145035 -0.283667 0.061632
v 0.146710 -0.290808 0.061632
v 0.148691 -0.297703 0.061632
v 0.150980 -0.304353 0.061632
v 0.153575 -0.310758 0.061632
v 0.156476 -0.316917 0.061632
v 0.159685 -0.322831 0.061632
v 0.163200 -0.328499 0.061632
v 0.167022 -0.333922 0.061632
v 0.167157 -0.334073 0.061632
v 0.167267 -0.334229 0.061632
v 0.167353 -0.334392 0.061632
v 0.167415 -0.334560 0.061632
v 0.167451 -0.334735 0.061632
v 0.167464 -0.334916 0.061632
v 0.167451 -0.335103 0.061632
v 0.167415 -0.335296 0.061632
v 0.167353 -0.335496 0.061632
v 0.167267 -0.335701 0.061632
v 0.167157 -0.335913 0.061632
v 0.167022 -0.336131 0.061632
v 0.166875 -0.336336 0.061632
v 0.166727 -0.336511 0.061632
v 0.166580 -0.336655 0.061632
v 0.166433 -0.336769 0.061632
v 0.166286 -0.336852 0.061632
v 0.166139 -0.336904 0.061632
v 0.165991 -0.336925 0.061632
v 0.165844 -0.336916 0.061632
v 0.165697 -0.336876 0.061632
v 0.165550 -0.336806 0.061632
v 0.165402 -0.336704 0.061632
v 0.165255 -0.336572 0.061632
v 0.153771 -0.333039 0.061632
v 0.150096 -0.332051 0.061632
v 0.146434 -0.331149 0.061632
v 0.142784 -0.330334 0.061632
v 0.139146 -0.329603 0.061632
v 0.135520 -0.328959 0.061632
v 0.131907 -0.328401 0.061632
v 0.128306 -0.327929 0.061632
v 0.124717 -0.327542 0.061632
v 0.121141 -0.327242 0.061632
v 0.117576 -0.327027 0.061632
v 0.114024 -0.326898 0.061632
v 0.110485 -0.326855 0.061632
v 0.109270 -0.326867 0.061632
v 0.107982 -0.326904 0.061632
v 0.106620 -0.326966 0.061632
v 0.105184 -0.327051 0.061632
v 0.103675 -0.327162 0.061632
v 0.102093 -0.327297 0.061632
v 0.100436 -0.327456 0.061632
v 0.098706 -0.327640 0.061632
v 0.096903 -0.327849 0.061632
v 0.095025 -0.328082 0.061632
v 0.093075 -0.328340 0.061632
v 0.091050 -0.328622 0.061632
v 0.087817 -0.329021 0.061632
v 0.084302 -0.329628 0.061632
v 0.080505 -0.330444 0.061632
v 0.076425 -0.331468 0.061632
v 0.072063 -0.332701 0.061632
v 0.067419 -0.334143 0.061632
v 0.062493 -0.335793 0.061632
v 0.057285 -0.337652 0.061632
v 0.051794 -0.339720 0.061632
v 0.046022 -0.341995 0.061632
v 0.039967 -0.344480 0.061632
v 0.033630 -0.347173 0.061632
v 0.028670 -0.349201 0.061632
v 0.023802 -0.351161 0.061632
v 0.019026 -0.353053 0.061632
v 0.014342 -0.354878 0.061632
v 0.009751 -0.356636 0.061632
v 0.005251 -0.358326 0.061632
v 0.000843 -0.359949 0.061632
v -0.003473 -0.361504 0.061632
v -0.007696 -0.362991 0.061632
v -0.011828 -0.364412 0.061632
v -0.015868 -0.365764 0.061632
v -0.019816 -0.367049 0.061632
v -0.023757 -0.368255 0.061632
v -0.027778 -0.369368 0.061632
v -0.031879 -0.370390 0.061632
v -0.036060 -0.371319 0.061632
v -0.040321 -0.372157 0.061632
v -0.044661 -0.372902 0.061632
v -0.049081 -0.373555 0.061632
v -0.053581 -0.374117 0.061632
v -0.058160 -0.374586 0.061632
v -0.062820 -0.374963 0.061632
v -0.067559 -0.375248 0.061632
v -0.072377 -0.375442 0.061632
v -0.072660 -0.375429 0.061632
v -0.072917 -0.375393 0.061632
v -0.073150 -0.375331 0.061632
v -0.073359 -0.375245 0.061632
v -0.073543 -0.375135 0.061632
v -0.073702 -0.375000 0.061632
v -0.073837 -0.374840 0.061632
v -0.073948 -0.374656 0.061632
v -0.074034 -0.374448 0.061632
v -0.074095 -0.374215 0.061632
v -0.074132 -0.373957 0.061632
vn -0.0000 -0.0000 -1.0000
vn -0.0004 -0.0000 -1.0000
vn 0.0001 -0.0000 -1.0000
vn -0.0000 -0.0000 1.0000
vn -0.0004 -0.0000 1.0000
vn -0.0001 -0.0000 1.0000
vn -0.9958 0.0911 -0.0000
vn 0.8040 -0.5946 -0.0000
vn -0.9042 0.4271 -0.0000
vn 0.5508 -0.8347 -0.0000
vn -0.7734 0.6339 -0.0000
vn -0.9996 0.0271 -0.0000
vn 0.3209 -0.9471 -0.0000
vn -0.8364 0.5481 -0.0000
vn -0.9978 0.0666 -0.0000
vn 0.9833 0.1821 -0.0000
vn 0.1391 -0.9903 -0.0000
vn -0.6460 -0.7634 -0.0000
vn -0.0845 -0.9964 -0.0000
vn -0.0063 -1.0000 -0.0000
vn -0.9875 0.1579 -0.0000
vn 0.0450 -0.9990 -0.0000
vn -0.1301 -0.9915 -0.0000
vn 0.1309 -0.9914 -0.0000
vn 0.8174 0.5761 -0.0000
vn 0.3176 -0.9482 -0.0000
vn 0.9824 -0.1870 -0.0000
vn -0.6670 -0.7450 -0.0000
vn 0.6105 -0.7920 -0.0000
vn -0.8850 0.4656 -0.0000
vn 0.3684 -0.9297 -0.0000
vn 0.3175 -0.9482 -0.0000
vn -0.7359 0.6771 -0.0000
vn -0.9858 0.1682 -0.0000
vn 0.1462 -0.9893 -0.0000
vn -0.9899 -0.1415 -0.0000
vn -0.2546 -0.9671 -0.0000
vn 0.0635 0.9980 -0.0000
vn -0.2640 0.9645 -0.0000
vn 0.2775 0.9607 -0.0000
vn 0.4078 0.9130 -0.0000
vn 0.2839 0.9588 -0.0000
vn -0.4407 0.8977 -0.0000
vn -0.6323 0.7747 -0.0000
vn 0.9991 -0.0434 -0.0000
vn 0.4292 0.9032 -0.0000
vn -0.5069 0.8620 -0.0000
vn 0.3580 0.9337 -0.0000
vn -0.2707 0.9627 -0.0000
vn 0.1325 0.9912 -0.0000
vn -0.0634 0.9980 -0.0000
vn 0.8978 -0.4404 -0.0000
vn -0.7678 0.6407 -0.0000
vn 0.6778 -0.7353 -0.0000
vn 0.4588 -0.8885 -0.0000
vn 0.2709 -0.9626 -0.0000
vn 0.0255 0.9997 -0.0000
vn -0.8403 0.5421 -0.0000
vn 0.2128 0.9771 -0.0000
vn -0.3750 0.9270 -0.0000
vn 0.3793 0.9253 -0.0000
vn 0.1331 0.9911 -0.0000
vn 0.2098 -0.9777 -0.0000
vn -0.6076 0.7942 -0.0000
vn 0.2484 -0.9687 -0.0000
vn 0.4031 -0.9152 -0.0000
vn 0.5921 -0.8059 -0.0000
vn 0.9584 0.2853 -0.0000
vn -0.8675 0.4974 -0.0000
vn 0.4401 0.8979 -0.0000
vn 0.9285 -0.3714 -0.0000
vn -0.4568 0.8896 -0.0000
vn -0.0407 0.9992 -0.0000
vn -0.6668 0.7452 -0.0000
vn 0.3818 0.9242 -0.0000
vn 0.5634 0.8262 -0.0000
vn 0.9958 0.0921 -0.0000
vn 0.4782 -0.8782 -0.0000
vn -0.2090 0.9779 -0.0000
vn -0.2125 0.9772 -0.0000
vn 0.8100 -0.5864 -0.0000
vn -0.3357 0.9420 -0.0000
vn 0.8828 -0.4698 -0.0000
vn 0.1920 0.9814 -0.0000
vn -0.3788 0.9255 -0.0000
vn -0.0256 0.9997 -0.0000
vn 0.7487 -0.6629 -0.0000
vn -0.3471 0.9378 -0.0000
vn -0.7995 0.6007 -0.0000
vn 0.9817 -0.1906 -0.0000
vn -0.2727 0.9621 -0.0000
vn 0.5184 -0.8552 -0.0000
vn 0.2927 -0.9562 -0.0000
vn 0.9380 0.3468 -0.0000
vn 0.2221 -0.9750 -0.0000
vn 0.5704 0.8214 -0.0000
vn -0.8468 0.5320 -0.0000
vn -0.0905 0.9959 -0.0000
vn -0.0152 0.9999 -0.0000
vn 0.2287 -0.9735 -0.0000
vn 0.9860 -0.1665 -0.0000
vn -0.9427 0.3335 -0.0000
vn 0.3474 -0.9377 -0.0000
vn 0.5502 -0.8350 -0.0000
vn 0.1871 -0.9823 -0.0000
vn 0.4073 0.9133 -0.0000
vn -0.8444 -0.5358 -0.0000
vn -0.0800 0.9968 -0.0000
vn 0.9811 -0.1937 -0.0000
vn -0.9950 -0.0995 -0.0000
vn 0.7650 -0.6440 -0.0000
vn 0.9171 0.3988 -0.0000
vn 0.6261 -0.7798 -0.0000
vn 0.9996 -0.0275 -0.0000
vn -0.2614 0.9652 -0.0000
vn 0.9634 -0.2681 -0.0000
vn -0.8890 0.4579 -0.0000
vn 0.9777 -0.2102 -0.0000
vn -0.3484 0.9374 -0.0000
vn 0.9985 -0.0541 -0.0000
vn 0.8305 -0.5570 -0.0000
vn -0.9866 0.1632 -0.0000
vn -0.3710 0.9286 -0.0000
vn -1.0000 -0.0000 -0.0000
vn -0.3390 0.9408 -0.0000
vn 0.9916 -0.1296 -0.0000
vn 0.9398 -0.3418 -0.0000
vn 0.9716 0.2366 -0.0000
vn 0.9210 -0.3897 -0.0000
vn -0.2419 0.9703 -0.0000
vn -0.9550 0.2967 -0.0000
vn 0.6871 0.7265 -0.0000
vn 0.7034 -0.7108 -0.0000
vn -0.0622 0.9981 -0.0000
vn -0.8266 0.5628 -0.0000
vn -0.0058 1.0000 -0.0000
vn 0.4699 -0.8827 -0.0000
vn 0.9759 -0.2180 -0.0000
vn 0.9985 -0.0547 -0.0000
vn 0.2337 -0.9723 -0.0000
vn -0.9568 0.2909 -0.0000
vn -0.6383 0.7698 -0.0000
vn -0.0578 -0.9983 -0.0000
vn -0.9744 0.2250 -0.0000
vn -0.9247 -0.3808 -0.0000
vn 0.9120 -0.4103 -0.0000
vn -0.9555 -0.2951 -0.0000
vn 0.0770 -0.9970 -0.0000
vn -0.0435 -0.9991 -0.0000
vn 0.9604 -0.2787 -0.0000
vn -0.0234 -0.9997 -0.0000
vn -0.9951 0.0986 -0.0000
vn 0.9711 -0.2386 -0.0000
vn 0.9456 0.3254 -0.0000
vn -0.0601 -0.9982 -0.0000
vn 0.9954 -0.0956 -0.0000
vn 0.0850 -0.9964 -0.0000
vn -0.9928 0.1198 -0.0000
vn 0.1703 -0.9854 -0.0000
vn -0.2391 -0.9710 -0.0000
vn 0.9975 -0.0701 -0.0000
vn -0.9986 0.0536 -0.0000
vn 0.8842 0.4671 -0.0000
vn -0.9464 0.3230 -0.0000
vn 0.9472 -0.3207 -0.0000
vn -0.9235 0.3837 -0.0000
vn 0.8866 -0.4625 -0.0000
vn 0.7729 -0.6346 -0.0000
vn 0.1442 -0.9895 -0.0000
vn 0.5246 -0.8513 -0.0000
vn -0.7930 0.6092 -0.0000
vn 0.3668 -0.9303 -0.0000
vn 0.3516 -0.9361 -0.0000
vn -0.7384 0.6744 -0.0000
vn 0.2897 -0.9571 -0.0000
vn -0.7894 0.6139 -0.0000
vn -0.9933 0.1156 -0.0000
vn 0.2668 -0.9637 -0.0000
vn -0.9374 0.3481 -0.0000
vn 0.1189 -0.9929 -0.0000
vn -0.7634 -0.6460 -0.0000
vn 0.0807 -0.9967 -0.0000
vn -0.1087 -0.9941 -0.0000
vn -0.0112 -0.9999 -0.0000
vn 0.9736 0.2283 -0.0000
vn -0.9907 0.1364 -0.0000
vn 0.0597 -0.9982 -0.0000
vn -0.1071 -0.9943 -0.0000
vn 0.1381 -0.9904 -0.0000
vn -0.2941 -0.9558 -0.0000
vn 0.7441 0.6681 -0.0000
vn 0.9558 -0.2941 -0.0000
vn 0.3361 -0.9418 -0.0000
vn 0.4903 -0.8715 -0.0000
vn -0.9081 0.4188 -0.0000
vn 0.3631 -0.9318 -0.0000
vn 0.3096 -0.9509 -0.0000
vn -0.6708 0.7416 -0.0000
vn -0.9744 0.2248 -0.0000
vn 0.1238 -0.9923 -0.0000
vn -0.3808 -0.9247 -0.0000
vn -0.1471 0.9891 -0.0000
vn 0.1067 0.9943 -0.0000
vn 0.3188 0.9478 -0.0000
vn -0.5653 0.8249 -0.0000
vn 0.4353 0.9003 -0.0000
vn -0.2464 0.9692 -0.0000
vn 0.5009 0.8655 -0.0000
vn 0.9619 -0.2733 -0.0000
vn -0.5514 0.8342 -0.0000
vn 0.4163 0.9092 -0.0000
vn -0.3383 0.9410 -0.0000
vn 0.3089 0.9511 -0.0000
vn -0.1061 0.9944 -0.0000
vn 0.0731 0.9973 -0.0000
vn 0.8583 -0.5131 -0.0000
vn -0.7349 0.6782 -0.0000
vn 0.6239 -0.7815 -0.0000
vn -0.8330 0.5533 -0.0000
vn 0.3954 -0.9185 -0.0000
vn 0.2522 -0.9677 -0.0000
vn 0.1959 -0.9806 -0.0000
vn 0.4556 -0.8902 -0.0000
vn -0.8575 0.5145 -0.0000
vn 0.6522 -0.7581 -0.0000
vn 0.0995 0.9950 -0.0000
vn 0.7009 0.7133 -0.0000
vn 0.9591 -0.2830 -0.0000
vn -0.1659 0.9861 -0.0000
vn 0.7049 -0.7093 -0.0000
vn -0.3211 0.9470 -0.0000
vn 0.8478 -0.5303 -0.0000
vn -0.3691 0.9294 -0.0000
vn 0.9256 -0.3785 -0.0000
vn -0.3551 0.9348 -0.0000
vn -0.3009 0.9537 -0.0000
vn 0.9993 -0.0374 -0.0000
vn 0.8797 0.4756 -0.0000
vn -0.1713 0.9852 -0.0000
vn 0.4530 0.8915 -0.0000
vn -0.0269 0.9996 -0.0000
vn -0.9267 0.3757 -0.0000
vn 0.9924 -0.1231 -0.0000
vn 0.4813 -0.8765 -0.0000
vn -0.6247 -0.7809 -0.0000
vn 0.9995 -0.0325 -0.0000
vn -0.9950 -0.0996 -0.0000
vn 0.9662 -0.2579 -0.0000
vn 0.9848 -0.1738 -0.0000
vn -0.9785 0.2062 -0.0000
vn 0.9999 -0.0110 -0.0000
vn -0.9995 0.0325 -0.0000
vn 0.9815 -0.1917 -0.0000
vn -0.9774 0.2116 -0.0000
vn 0.8820 -0.4712 -0.0000
vn -0.8539 0.5205 -0.0000
vn 0.6262 -0.7797 -0.0000
vn 0.9985 0.0550 -0.0000
vn 0.4120 -0.9112 -0.0000
vn -0.7008 0.7134 -0.0000
vn 0.1973 -0.9803 -0.0000
vn -0.9375 0.3481 -0.0000
vn -0.9899 -0.1414 -0.0000
vn -0.2545 -0.9671 -0.0000
vn -0.0406 -0.9992 -0.0000
vn 0.0336 -0.9994 -0.0000
vn -0.9978 0.0667 -0.0000
vn 0.9046 0.4262 -0.0000
vn -0.0121 -0.9999 -0.0000
vn -0.9718 0.2357 -0.0000
vn 0.1058 -0.9944 -0.0000
vn -0.1968 -0.9805 -0.0000
vn 0.2436 -0.9699 -0.0000
vn 0.9785 0.2062 -0.0000
vn 0.8129 -0.5824 -0.0000
vn -0.2614 -0.9652 -0.0000
vn 0.3911 -0.9203 -0.0000
vn -0.8022 0.5971 -0.0000
vn 0.3390 -0.9408 -0.0000
vn 0.2170 -0.9762 -0.0000
vn -0.8768 0.4809 -0.0000
vn -0.9998 0.0213 -0.0000
vn -0.9991 -0.0433 -0.0000
vn -0.8574 -0.5146 -0.0000
vn 0.0401 -0.9992 -0.0000
vn -0.0291 0.9996 -0.0000
vn 0.1562 0.9877 -0.0000
vn 0.3496 0.9369 -0.0000
vn -0.4763 0.8793 -0.0000
vn 0.4615 0.8871 -0.0000
vn -0.0476 0.9989 -0.0000
vn 0.7725 0.6350 -0.0000
vn -0.5909 0.8068 -0.0000
vn 0.9076 -0.4198 -0.0000
vn 0.4008 0.9162 -0.0000
vn -0.4007 0.9162 -0.0000
vn 0.2510 0.9680 -0.0000
vn -0.1544 0.9880 -0.0000
vn 0.0144 0.9999 -0.0000
vn -0.7011 0.7130 -0.0000
vn 0.8089 -0.5880 -0.0000
vn 0.5735 -0.8192 -0.0000
vn -0.8245 0.5659 -0.0000
vn 0.3288 -0.9444 -0.0000
vn 0.2361 -0.9717 -0.0000
vn 0.2113 -0.9774 -0.0000
vn 0.2967 -0.9550 -0.0000
vn -0.8524 0.5228 -0.0000
vn 0.5047 -0.8633 -0.0000
vn 0.7125 -0.7017 -0.0000
vn 0.2481 0.9687 -0.0000
vn 0.8099 0.5866 -0.0000
vn -0.1217 0.9926 -0.0000
vn 0.8051 -0.5931 -0.0000
vn -0.3041 0.9527 -0.0000
vn 0.7705 -0.6375 -0.0000
vn -0.3594 0.9332 -0.0000
vn -0.9088 0.4173 -0.0000
vn -0.3631 0.9317 -0.0000
vn 0.8793 -0.4763 -0.0000
vn -0.3267 0.9451 -0.0000
vn 0.9582 -0.2861 -0.0000
vn 0.9942 0.1076 -0.0000
vn -0.2082 0.9781 -0.0000
vn 0.7932 0.6089 -0.0000
vn -0.0420 0.9991 -0.0000
vn 0.3423 0.9396 -0.0000
vn 0.9963 -0.0863 -0.0000
vn -0.3311 -0.9436 -0.0000
vn 0.7483 -0.6633 -0.0000
vn -0.9943 -0.1065 -0.0000
vn 0.9571 -0.2897 -0.0000
vn -0.9687 0.2484 -0.0000
vn 0.9687 -0.2481 -0.0000
vn 0.9908 -0.1356 -0.0000
vn -0.9971 0.0762 -0.0000
vn 0.9999 -0.0136 -0.0000
vn 0.9668 -0.2556 -0.0000
vn -0.9915 0.1301 -0.0000
vn 0.8327 -0.5538 -0.0000
vn -0.8826 0.4701 -0.0000
vn 0.5759 -0.8175 -0.0000
vn -0.7517 0.6595 -0.0000
vn 0.3517 -0.9361 -0.0000
vn 0.9905 0.1377 -0.0000
vn -0.9992 0.0393 -0.0000
vn -0.8769 0.4808 -0.0000
vn 0.1590 -0.9873 -0.0000
vn -0.9998 0.0214 -0.0000
vn -0.5145 -0.8575 -0.0000
vn -0.0663 -0.9978 -0.0000
vn -0.0020 -1.0000 -0.0000
vn -0.9834 0.1814 -0.0000
vn 0.8499 0.5270 -0.0000
vn 0.0286 -0.9996 -0.0000
vn 0.1232 -0.9924 -0.0000
vn -0.1527 -0.9883 -0.0000
vn 0.2965 -0.9550 -0.0000
vn 0.9979 -0.0654 -0.0000
vn 0.6996 -0.7145 -0.0000
vn -0.5665 -0.8240 -0.0000
vn -0.8595 0.5111 -0.0000
vn 0.3735 -0.9276 -0.0000
vn 0.3251 -0.9457 -0.0000
vn 0.1693 -0.9856 -0.0000
vn -0.9671 -0.2545 -0.0000
vn -0.1414 -0.9900 -0.0000
vn 0.0844 0.9964 -0.0000
vn 0.0439 0.9990 -0.0000
vn -0.2060 0.9786 -0.0000
vn -0.3205 0.9472 -0.0000
vn 0.2441 0.9698 -0.0000
vn 0.3031 0.9530 -0.0000
vn 0.4217 0.9067 -0.0000
vn 0.3937 0.9192 -0.0000
vn -0.6050 0.7962 -0.0000
vn 0.2124 0.9772 -0.0000
vn -0.5284 0.8490 -0.0000
vn -0.3455 0.9384 -0.0000
vn 0.9939 0.1104 -0.0000
vn 0.4349 0.9005 -0.0000
vn -0.6496 0.7603 -0.0000
vn 0.3738 0.9275 -0.0000
vn 0.9853 -0.1711 -0.0000
vn -0.5298 0.8481 -0.0000
vn -0.4825 0.8759 -0.0000
vn 0.4231 0.9061 -0.0000
vn -0.3047 0.9524 -0.0000
vn 0.3372 0.9414 -0.0000
vn -0.0841 0.9965 -0.0000
vn 0.3706 0.9288 -0.0000
vn 0.9142 -0.4053 -0.0000
vn 0.1027 0.9947 -0.0000
vn -0.2390 0.9710 -0.0000
vn -0.7515 0.6598 -0.0000
vn 0.1623 0.9867 -0.0000
vn -0.0439 0.9990 -0.0000
vn 0.6473 -0.7623 -0.0000
vn -0.7838 0.6210 -0.0000
vn 0.4276 -0.9040 -0.0000
vn -0.8368 0.5476 -0.0000
vn 0.7145 -0.6996 -0.0000
vn 0.4891 -0.8722 -0.0000
vn 0.2814 -0.9596 -0.0000
vn 0.2612 -0.9653 -0.0000
vn 0.2158 -0.9764 -0.0000
vn -0.8436 0.5369 -0.0000
vn 0.1888 -0.9820 -0.0000
vn 0.2592 -0.9658 -0.0000
vn 0.4297 -0.9030 -0.0000
vn 0.6191 -0.7853 -0.0000
vn -0.8598 0.5106 -0.0000
vn 0.2382 -0.9712 -0.0000
vn 0.0319 0.9995 -0.0000
vn 0.3756 -0.9268 -0.0000
vn 0.6352 0.7723 -0.0000
vn 0.5716 -0.8206 -0.0000
vn 0.9955 -0.0948 -0.0000
vn -0.0600 0.9982 -0.0000
vn -0.1889 0.9820 -0.0000
vn 0.4867 0.8736 -0.0000
vn -0.8785 0.4778 -0.0000
vn 0.6708 -0.7416 -0.0000
vn -0.3287 0.9444 -0.0000
vn 0.9658 0.2593 -0.0000
vn 0.8298 -0.5581 -0.0000
vn 0.5472 -0.8370 -0.0000
vn -0.3736 0.9276 -0.0000
vn -0.2367 0.9716 -0.0000
vn 0.9054 -0.4245 -0.0000
vn -0.3511 0.9363 -0.0000
vn 0.7884 -0.6151 -0.0000
vn -0.3423 0.9396 -0.0000
vn 0.9935 -0.1136 -0.0000
vn -0.2871 0.9579 -0.0000
vn 0.8578 -0.5140 -0.0000
vn 0.9138 0.4061 -0.0000
vn -0.3749 0.9271 -0.0000
vn -0.1516 0.9884 -0.0000
vn -0.3430 0.9393 -0.0000
vn 0.5112 0.8594 -0.0000
vn -0.0207 0.9998 -0.0000
vn 0.9637 -0.2672 -0.0000
vn -0.2577 0.9662 -0.0000
vn 0.9896 -0.1439 -0.0000
vn -0.9350 0.3547 -0.0000
vn 0.9558 0.2941 -0.0000
vn 0.6294 0.7771 -0.0000
vn -0.0751 0.9972 -0.0000
vn -0.0103 0.9999 -0.0000
vn 0.3311 -0.9436 -0.0000
vn -0.7483 -0.6633 -0.0000
vn 0.9816 -0.1911 -0.0000
vn -0.9500 0.3123 -0.0000
vn 0.9943 -0.1065 -0.0000
vn 1.0000 -0.0000 -0.0000
vn 0.9992 -0.0406 -0.0000
vn 0.9648 -0.2629 -0.0000
vn 0.0579 -0.9983 -0.0000
vn -0.9120 -0.4103 -0.0000
vn 0.9814 -0.1922 -0.0000
vn -0.9828 0.1848 -0.0000
vn 0.9555 -0.2951 -0.0000
vn 0.9995 -0.0327 -0.0000
vn -0.9999 0.0108 -0.0000
vn 0.9871 -0.1604 -0.0000
vn 0.9027 -0.4302 -0.0000
vn -0.9673 0.2538 -0.0000
vn 0.9737 -0.2278 -0.0000
vn 0.6656 -0.7463 -0.0000
vn 0.9972 -0.0751 -0.0000
vn -0.8409 0.5412 -0.0000
vn -0.9899 0.1416 -0.0000
vn 0.4413 -0.8974 -0.0000
vn -0.6711 0.7414 -0.0000
vn 0.9950 -0.0995 -0.0000
vn -0.9998 0.0175 -0.0000
vn 0.2157 -0.9765 -0.0000
vn -0.9585 0.2851 -0.0000
vn 0.9355 -0.3534 -0.0000
vn -0.9671 -0.2543 -0.0000
vn -0.9404 0.3401 -0.0000
vn -0.1414 -0.9899 -0.0000
vn 0.7393 -0.6734 -0.0000
vn -0.8107 0.5855 -0.0000
vn 0.0555 -0.9985 -0.0000
vn 0.4977 -0.8674 -0.0000
vn -0.0312 -0.9995 -0.0000
vn -0.9966 0.0820 -0.0000
vn 0.2583 -0.9661 -0.0000
vn 0.9268 0.3755 -0.0000
vn -0.0362 -0.9993 -0.0000
vn 0.0959 -0.9954 -0.0000
vn 0.2101 -0.9777 -0.0000
vn -0.8576 -0.5143 -0.0000
vn -0.2181 -0.9759 -0.0000
vn -0.9615 0.2749 -0.0000
vn 0.0981 -0.9952 -0.0000
vn -0.1423 -0.9898 -0.0000
vn -0.0168 -0.9999 -0.0000
vn 0.9611 0.2762 -0.0000
vn -0.9932 0.1167 -0.0000
vn 0.9398 0.3416 -0.0000
vn 0.0730 -0.9973 -0.0000
vn 0.8498 -0.5271 -0.0000
vn -0.0837 -0.9965 -0.0000
vn -0.0624 -0.9980 -0.0000
vn 0.1224 -0.9925 -0.0000
vn 0.3796 -0.9251 -0.0000
vn -0.2596 -0.9657 -0.0000
vn 0.3455 -0.9384 -0.0000
vn -0.7709 0.6369 -0.0000
vn 0.8169 0.5767 -0.0000
vn 0.9227 -0.3856 -0.0000
vn 0.2417 -0.9704 -0.0000
vn -0.9104 0.4138 -0.0000
vn 0.3339 -0.9426 -0.0000
vn 0.3524 -0.9359 -0.0000
vn -0.9286 0.3711 -0.0000
vn -0.7634 -0.6459 -0.0000
vn 0.3575 -0.9339 -0.0000
vn 0.0601 -0.9982 -0.0000
vn -0.7049 0.7093 -0.0000
vn 0.2925 -0.9563 -0.0000
vn -0.9585 0.2849 -0.0000
vn 0.1019 -0.9948 -0.0000
vn -0.5144 -0.8575 -0.0000
vn -0.0879 0.9961 -0.0000
vn 0.1306 0.9914 -0.0000
vn 0.3344 0.9424 -0.0000
vn -0.5224 0.8527 -0.0000
vn 0.4485 0.8938 -0.0000
vn -0.1459 0.9893 -0.0000
vn 0.6387 0.7694 -0.0000
vn 0.9350 -0.3547 -0.0000
vn -0.5717 0.8204 -0.0000
vn 0.4090 0.9126 -0.0000
vn -0.3703 0.9289 -0.0000
vn 0.2801 0.9600 -0.0000
vn -0.1295 0.9916 -0.0000
vn 0.0436 0.9990 -0.0000
vn -0.7181 0.6959 -0.0000
vn 0.8349 -0.5504 -0.0000
vn 0.5993 -0.8006 -0.0000
vn -0.8289 0.5594 -0.0000
vn 0.3624 -0.9320 -0.0000
vn 0.2439 -0.9698 -0.0000
vn 0.2034 -0.9791 -0.0000
vn 0.2833 -0.9590 -0.0000
vn 0.4806 -0.8770 -0.0000
vn -0.8550 0.5186 -0.0000
vn 0.6833 -0.7301 -0.0000
vn 0.1718 0.9851 -0.0000
vn 0.7592 0.6508 -0.0000
vn -0.1435 0.9896 -0.0000
vn 0.8914 -0.4533 -0.0000
vn -0.3129 0.9498 -0.0000
vn 0.7382 -0.6746 -0.0000
vn -0.3644 0.9312 -0.0000
vn 0.8643 -0.5030 -0.0000
vn -0.3591 0.9333 -0.0000
vn 0.9432 -0.3322 -0.0000
vn -0.3141 0.9494 -0.0000
vn -0.9180 0.3966 -0.0000
vn 0.9993 0.0367 -0.0000
vn 0.8394 0.5436 -0.0000
vn -0.1902 0.9817 -0.0000
vn 0.3964 0.9181 -0.0000
vn -0.0339 0.9994 -0.0000
vn 0.9946 -0.1040 -0.0000
vn -0.4812 -0.8766 -0.0000
vn 0.6247 -0.7809 -0.0000
vn -0.9995 -0.0325 -0.0000
vn 0.9554 -0.2954 -0.0000
vn 0.9675 -0.2529 -0.0000
vn -0.9738 0.2274 -0.0000
vn 0.9879 -0.1549 -0.0000
vn -0.9985 0.0543 -0.0000
vn 0.9747 -0.2234 -0.0000
vn -0.9854 0.1703 -0.0000
vn 0.8587 -0.5126 -0.0000
vn -0.8656 0.5008 -0.0000
vn 0.5855 -0.8107 -0.0000
vn -0.7276 0.6860 -0.0000
vn 0.9954 0.0954 -0.0000
vn 0.3821 -0.9241 -0.0000
vn 0.1784 -0.9840 -0.0000
vn -0.9103 0.4139 -0.0000
vn -0.9990 -0.0437 -0.0000
vn -0.3807 -0.9247 -0.0000
vn -0.9986 0.0525 -0.0000
vn -0.0520 -0.9986 -0.0000
vn 0.0113 -0.9999 -0.0000
vn 0.8790 0.4769 -0.0000
vn -0.9783 0.2073 -0.0000
vn 0.0101 -0.9999 -0.0000
vn 0.1149 -0.9934 -0.0000
vn -0.1749 -0.9846 -0.0000
vn 0.2720 -0.9623 -0.0000
vn 0.9977 0.0678 -0.0000
vn 0.7649 -0.6441 -0.0000
vn -0.4321 -0.9018 -0.0000
vn 0.3784 -0.9256 -0.0000
vn -0.8318 0.5551 -0.0000
vn 0.3322 -0.9432 -0.0000
vn 0.1929 -0.9812 -0.0000
vn 0.0082 1.0000 -0.0000
vn 0.1835 0.9830 -0.0000
vn -0.4271 0.9042 -0.0000
vn 0.3646 0.9312 -0.0000
vn 0.0461 0.9989 -0.0000
vn -0.6764 0.7365 -0.0000
vn 0.8837 0.4681 -0.0000
vn 0.4449 0.8956 -0.0000
vn 0.9409 -0.3386 -0.0000
vn -0.4295 0.9031 -0.0000
vn 0.3918 0.9200 -0.0000
vn -0.1809 0.9835 -0.0000
vn 0.2216 0.9751 -0.0000
vn -0.6840 0.7295 -0.0000
vn -0.0083 1.0000 -0.0000
vn 0.7801 -0.6256 -0.0000
vn -0.8147 0.5799 -0.0000
vn 0.5465 -0.8375 -0.0000
vn 0.3051 -0.9523 -0.0000
vn 0.2289 -0.9735 -0.0000
vn 0.2197 -0.9756 -0.0000
vn -0.8497 0.5273 -0.0000
vn 0.3185 -0.9479 -0.0000
vn 0.5279 -0.8493 -0.0000
vn 0.7397 -0.6729 -0.0000
vn 0.3271 0.9450 -0.0000
vn -0.1005 0.9949 -0.0000
vn 0.8607 0.5091 -0.0000
vn 0.7136 -0.7005 -0.0000
vn -0.2866 0.9581 -0.0000
vn 0.8014 -0.5982 -0.0000
vn -0.3541 0.9352 -0.0000
vn -0.8991 0.4377 -0.0000
vn -0.3671 0.9302 -0.0000
vn -0.3349 0.9423 -0.0000
vn 0.9107 -0.4130 -0.0000
vn 0.9847 0.1742 -0.0000
vn 0.9689 -0.2474 -0.0000
vn -0.2254 0.9743 -0.0000
vn 0.7421 0.6703 -0.0000
vn -0.0513 0.9987 -0.0000
vn -0.0019 1.0000 -0.0000
vn 0.9976 -0.0699 -0.0000
vn -0.1871 -0.9823 -0.0000
vn 0.8444 -0.5358 -0.0000
vn -0.9811 -0.1937 -0.0000
vn 0.9588 -0.2841 -0.0000
vn -0.9630 0.2695 -0.0000
vn 0.9699 -0.2433 -0.0000
vn 0.9933 -0.1158 -0.0000
vn -0.9952 0.0980 -0.0000
vn 0.9991 -0.0415 -0.0000
vn 0.9576 -0.2881 -0.0000
vn -0.9978 0.0664 -0.0000
vn -0.6461 -0.7633 -0.0000
vn -0.6669 -0.7451 -0.0000
vn -0.8850 0.4655 -0.0000
vn -0.9899 -0.1416 -0.0000
vn 0.2840 0.9588 -0.0000
vn -0.4408 0.8976 -0.0000
vn 0.9991 -0.0431 -0.0000
vn -0.6075 0.7943 -0.0000
vn 0.9584 0.2856 -0.0000
vn 0.9958 0.0919 -0.0000
vn 0.9811 -0.1936 -0.0000
vn 0.9120 -0.4102 -0.0000
vn 0.8867 -0.4624 -0.0000
vn -0.9374 0.3482 -0.0000
vn -0.7632 -0.6461 -0.0000
vn -0.6460 -0.7633 -0.0000
vn 0.9558 -0.2940 -0.0000
vn 0.4903 -0.8716 -0.0000
vn -0.2465 0.9691 -0.0000
vn 0.9620 -0.2731 -0.0000
vn 0.9591 -0.2829 -0.0000
vn -0.2544 -0.9671 -0.0000
vn 0.8130 -0.5823 -0.0000
vn -0.2615 -0.9652 -0.0000
vn 0.7723 0.6352 -0.0000
vn 0.8098 0.5867 -0.0000
vn -0.8770 0.4805 -0.0000
vn -0.5146 -0.8574 -0.0000
vn 0.9978 -0.0656 -0.0000
vn -0.5665 -0.8241 -0.0000
vn -0.5283 0.8491 -0.0000
vn -0.3456 0.9384 -0.0000
vn 0.6352 0.7724 -0.0000
vn 0.9955 -0.0950 -0.0000
vn 0.9657 0.2595 -0.0000
vn 0.5473 -0.8370 -0.0000
vn 0.9138 0.4062 -0.0000
vn -0.9120 -0.4102 -0.0000
vn -0.6711 0.7413 -0.0000
vn -0.9586 0.2849 -0.0000
vn -0.8575 -0.5145 -0.0000
vn 0.9398 0.3417 -0.0000
vn 0.8169 0.5768 -0.0000
vn -0.1458 0.9893 -0.0000
vn 0.6386 0.7695 -0.0000
vn 0.9350 -0.3545 -0.0000
vn 0.4089 0.9126 -0.0000
vn 0.7382 -0.6745 -0.0000
vn 0.8394 0.5435 -0.0000
vn 0.8587 -0.5125 -0.0000
vn -0.9991 -0.0434 -0.0000
vn 0.9977 0.0677 -0.0000
vn 0.7650 -0.6441 -0.0000
vn 0.7136 -0.7006 -0.0000
vn -0.9811 -0.1936 -0.0000
vt 0.393491 0.000000
vt 0.394970 0.000000
vt 0.396450 0.000000
vt 0.397929 0.000000
vt 0.392012 0.000000
vt 0.399408 0.000000
vt 0.400888 0.000000
vt 0.390533 0.000000
vt 0.402367 0.000000
vt 0.403846 0.000000
vt 0.389053 0.000000
vt 0.405325 0.000000
vt 0.406805 0.000000
vt 0.387574 0.000000
vt 0.408284 0.000000
vt 0.409763 0.000000
vt 0.386095 0.000000
vt 0.411243 0.000000
vt 0.412722 0.000000
vt 0.384615 0.000000
vt 0.414201 0.000000
vt 0.415680 0.000000
vt 0.383136 0.000000
vt 0.417160 0.000000
vt 0.418639 0.000000
vt 0.381657 0.000000
vt 0.420118 0.000000
vt 0.421598 0.000000
vt 0.380178 0.000000
vt 0.423077 0.000000
vt 0.424556 0.000000
vt 0.378698 0.000000
vt 0.426035 0.000000
vt 0.427515 0.000000
vt 0.377219 0.000000
vt 0.428994 0.000000
vt 0.430473 0.000000
vt 0.511834 0.000000
vt 0.513314 0.000000
vt 0.514793 0.000000
vt 0.510355 0.000000
vt 0.516272 0.000000
vt 0.508876 0.000000
vt 0.517751 0.000000
vt 0.507396 0.000000
vt 0.519231 0.000000
vt 0.505917 0.000000
vt 0.520710 0.000000
vt 0.504438 0.000000
vt 0.522189 0.000000
vt 0.502959 0.000000
vt 0.523669 0.000000
vt 0.501479 0.000000
vt 0.525148 0.000000
vt 0.500000 0.000000
vt 0.526627 0.000000
vt 0.528107 0.000000
vt 0.529586 0.000000
vt 0.375740 0.000000
vt 0.531065 0.000000
vt 0.532544 0.000000
vt 0.534024 0.000000
vt 0.535503 0.000000
vt 0.536982 0.000000
vt 0.498521 0.000000
vt 0.431953 0.000000
vt 0.538462 0.000000
vt 0.433432 0.000000
vt 0.497041 0.000000
vt 0.434911 0.000000
vt 0.495562 0.000000
vt 0.436391 0.000000
vt 0.374260 0.000000
vt 0.494083 0.000000
vt 0.437870 0.000000
vt 0.492604 0.000000
vt 0.539941 0.000000
vt 0.439349 0.000000
vt 0.491124 0.000000
vt 0.440828 0.000000
vt 0.489645 0.000000
vt 0.442308 0.000000
vt 0.488166 0.000000
vt 0.443787 0.000000
vt 0.372781 0.000000
vt 0.486686 0.000000
vt 0.445266 0.000000
vt 0.485207 0.000000
vt 0.446746 0.000000
vt 0.483728 0.000000
vt 0.448225 0.000000
vt 0.541420 0.000000
vt 0.449704 0.000000
vt 0.482249 0.000000
vt 0.480769 0.000000
vt 0.451183 0.000000
vt 0.479290 0.000000
vt 0.452663 0.000000
vt 0.477811 0.000000
vt 0.454142 0.000000
vt 0.476331 0.000000
vt 0.455621 0.000000
vt 0.474852 0.000000
vt 0.457101 0.000000
vt 0.371302 0.000000
vt 0.473373 0.000000
vt 0.458580 0.000000
vt 0.471893 0.000000
vt 0.460059 0.000000
vt 0.470414 0.000000
vt 0.461538 0.000000
vt 0.468935 0.000000
vt 0.463018 0.000000
vt 0.467456 0.000000
vt 0.464497 0.000000
vt 0.465976 0.000000
vt 0.542899 0.000000
vt 0.369822 0.000000
vt 0.544379 0.000000
vt 0.368343 0.000000
vt 0.545858 0.000000
vt 0.366864 0.000000
vt 0.547337 0.000000
vt 0.548817 0.000000
vt 0.365385 0.000000
vt 0.550296 0.000000
vt 0.363905 0.000000
vt 0.551775 0.000000
vt 0.362426 0.000000
vt 0.553254 0.000000
vt 0.554734 0.000000
vt 0.360947 0.000000
vt 0.556213 0.000000
vt 0.557692 0.000000
vt 0.359467 0.000000
vt 0.559172 0.000000
vt 0.560651 0.000000
vt 0.357988 0.000000
vt 0.562130 0.000000
vt 0.563609 0.000000
vt 0.356509 0.000000
vt 0.565089 0.000000
vt 0.566568 0.000000
vt 0.568047 0.000000
vt 0.355030 0.000000
vt 0.569527 0.000000
vt 0.571006 0.000000
vt 0.572485 0.000000
vt 0.573964 0.000000
vt 0.575444 0.000000
vt 0.353550 0.000000
vt 0.576923 0.000000
vt 0.578402 0.000000
vt 0.579882 0.000000
vt 0.581361 0.000000
vt 0.352071 0.000000
vt 0.582840 0.000000
vt 0.584320 0.000000
vt 0.585799 0.000000
vt 0.587278 0.000000
vt 0.588757 0.000000
vt 0.350592 0.000000
vt 0.590237 0.000000
vt 0.591716 0.000000
vt 0.593195 0.000000
vt 0.594675 0.000000
vt 0.596154 0.000000
vt 0.597633 0.000000
vt 0.349112 0.000000
vt 0.599112 0.000000
vt 0.600592 0.000000
vt 0.602071 0.000000
vt 0.603550 0.000000
vt 0.605030 0.000000
vt 0.347633 0.000000
vt 0.606509 0.000000
vt 0.607988 0.000000
vt 0.609467 0.000000
vt 0.610947 0.000000
vt 0.612426 0.000000
vt 0.346154 0.000000
vt 0.613905 0.000000
vt 0.615385 0.000000
vt 0.616864 0.000000
vt 0.618343 0.000000
vt 0.344675 0.000000
vt 0.619823 0.000000
vt 0.621302 0.000000
vt 0.622781 0.000000
vt 0.343195 0.000000
vt 0.624260 0.000000
vt 0.625740 0.000000
vt 0.627219 0.000000
vt 0.341716 0.000000
vt 0.628698 0.000000
vt 0.630177 0.000000
vt 0.340237 0.000000
vt 0.631657 0.000000
vt 0.633136 0.000000
vt 0.766272 0.000000
vt 0.767751 0.000000
vt 0.769231 0.000000
vt 0.770710 0.000000
vt 0.772189 0.000000
vt 0.773669 0.000000
vt 0.775148 0.000000
vt 0.764793 0.000000
vt 0.776627 0.000000
vt 0.778107 0.000000
vt 0.338757 0.000000
vt 0.779586 0.000000
vt 0.763314 0.000000
vt 0.781065 0.000000
vt 0.782544 0.000000
vt 0.761834 0.000000
vt 0.784024 0.000000
vt 0.785503 0.000000
vt 0.634615 0.000000
vt 0.760355 0.000000
vt 0.786982 0.000000
vt 0.788462 0.000000
vt 0.789941 0.000000
vt 0.758876 0.000000
vt 0.791420 0.000000
vt 0.792899 0.000000
vt 0.794379 0.000000
vt 0.757396 0.000000
vt 0.795858 0.000000
vt 0.797337 0.000000
vt 0.798817 0.000000
vt 0.800296 0.000000
vt 0.755917 0.000000
vt 0.801775 0.000000
vt 0.803254 0.000000
vt 0.804734 0.000000
vt 0.754438 0.000000
vt 0.752959 0.000000
vt 0.751479 0.000000
vt 0.636095 0.000000
vt 0.806213 0.000000
vt 0.750000 0.000000
vt 0.748521 0.000000
vt 0.747041 0.000000
vt 0.807692 0.000000
vt 0.745562 0.000000
vt 0.337278 0.000000
vt 0.637574 0.000000
vt 0.744083 0.000000
vt 0.809172 0.000000
vt 0.742604 0.000000
vt 0.741124 0.000000
vt 0.810651 0.000000
vt 0.739645 0.000000
vt 0.639053 0.000000
vt 0.738166 0.000000
vt 0.812130 0.000000
vt 0.736686 0.000000
vt 0.335799 0.000000
vt 0.735207 0.000000
vt 0.813609 0.000000
vt 0.640533 0.000000
vt 0.733728 0.000000
vt 0.815089 0.000000
vt 0.732249 0.000000
vt 0.642012 0.000000
vt 0.730769 0.000000
vt 0.816568 0.000000
vt 0.729290 0.000000
vt 0.727811 0.000000
vt 0.334320 0.000000
vt 0.726331 0.000000
vt 0.724852 0.000000
vt 0.818047 0.000000
vt 0.723373 0.000000
vt 0.721893 0.000000
vt 0.643491 0.000000
vt 0.720414 0.000000
vt 0.718935 0.000000
vt 0.819527 0.000000
vt 0.717456 0.000000
vt 0.715976 0.000000
vt 0.714497 0.000000
vt 0.713018 0.000000
vt 0.711538 0.000000
vt 0.821006 0.000000
vt 0.644970 0.000000
vt 0.646450 0.000000
vt 0.647929 0.000000
vt 0.710059 0.000000
vt 0.649408 0.000000
vt 0.332840 0.000000
vt 0.650888 0.000000
vt 0.708580 0.000000
vt 0.652367 0.000000
vt 0.653846 0.000000
vt 0.655325 0.000000
vt 0.707101 0.000000
vt 0.656805 0.000000
vt 0.658284 0.000000
vt 0.705621 0.000000
vt 0.659763 0.000000
vt 0.704142 0.000000
vt 0.661243 0.000000
vt 0.662722 0.000000
vt 0.822485 0.000000
vt 0.702663 0.000000
vt 0.664201 0.000000
vt 0.701183 0.000000
vt 0.665680 0.000000
vt 0.667160 0.000000
vt 0.699704 0.000000
vt 0.668639 0.000000
vt 0.698225 0.000000
vt 0.670118 0.000000
vt 0.671598 0.000000
vt 0.696746 0.000000
vt 0.673077 0.000000
vt 0.695266 0.000000
vt 0.693787 0.000000
vt 0.674556 0.000000
vt 0.692308 0.000000
vt 0.676036 0.000000
vt 0.690828 0.000000
vt 0.689349 0.000000
vt 0.677515 0.000000
vt 0.687870 0.000000
vt 0.686391 0.000000
vt 0.678994 0.000000
vt 0.684911 0.000000
vt 0.683432 0.000000
vt 0.681953 0.000000
vt 0.680473 0.000000
vt 0.823964 0.000000
vt 0.331361 0.000000
vt 0.825444 0.000000
vt 0.826923 0.000000
vt 0.828402 0.000000
vt 0.329882 0.000000
vt 0.829882 0.000000
vt 0.831361 0.000000
vt 0.328402 0.000000
vt 0.832840 0.000000
vt 0.326923 0.000000
vt 0.834320 0.000000
vt 0.835799 0.000000
vt 0.325444 0.000000
vt 0.090237 0.000000
vt 0.837278 0.000000
vt 0.091716 0.000000
vt 0.088757 0.000000
vt 0.087278 0.000000
vt 0.093195 0.000000
vt 0.085799 0.000000
vt 0.094675 0.000000
vt 0.084320 0.000000
vt 0.096154 0.000000
vt 0.082840 0.000000
vt 0.097633 0.000000
vt 0.081361 0.000000
vt 0.099112 0.000000
vt 0.079882 0.000000
vt 0.100592 0.000000
vt 0.078402 0.000000
vt 0.102071 0.000000
vt 0.076923 0.000000
vt 0.103550 0.000000
vt 0.075444 0.000000
vt 0.105030 0.000000
vt 0.073964 0.000000
vt 0.106509 0.000000
vt 0.072485 0.000000
vt 0.107988 0.000000
vt 0.109467 0.000000
vt 0.071006 0.000000
vt 0.069527 0.000000
vt 0.110947 0.000000
vt 0.068047 0.000000
vt 0.838757 0.000000
vt 0.066568 0.000000
vt 0.112426 0.000000
vt 0.065089 0.000000
vt 0.323965 0.000000
vt 0.113905 0.000000
vt 0.063609 0.000000
vt 0.062130 0.000000
vt 0.115385 0.000000
vt 0.060651 0.000000
vt 0.840237 0.000000
vt 0.059172 0.000000
vt 0.116864 0.000000
vt 0.057692 0.000000
vt 0.118343 0.000000
vt 0.056213 0.000000
vt 0.054734 0.000000
vt 0.119822 0.000000
vt 0.053254 0.000000
vt 0.322485 0.000000
vt 0.121302 0.000000
vt 0.122781 0.000000
vt 0.124260 0.000000
vt 0.125740 0.000000
vt 0.321006 0.000000
vt 0.127219 0.000000
vt 0.128698 0.000000
vt 0.130178 0.000000
vt 0.131657 0.000000
vt 0.319527 0.000000
vt 0.133136 0.000000
vt 0.134615 0.000000
vt 0.136095 0.000000
vt 0.137574 0.000000
vt 0.139053 0.000000
vt 0.318047 0.000000
vt 0.140533 0.000000
vt 0.142012 0.000000
vt 0.143491 0.000000
vt 0.144970 0.000000
vt 0.316568 0.000000
vt 0.315089 0.000000
vt 0.313609 0.000000
vt 0.312130 0.000000
vt 0.310651 0.000000
vt 0.309172 0.000000
vt 0.307692 0.000000
vt 0.146450 0.000000
vt 0.306213 0.000000
vt 0.147929 0.000000
vt 0.149408 0.000000
vt 0.304734 0.000000
vt 0.150888 0.000000
vt 0.152367 0.000000
vt 0.153846 0.000000
vt 0.155325 0.000000
vt 0.156805 0.000000
vt 0.303254 0.000000
vt 0.158284 0.000000
vt 0.301775 0.000000
vt 0.159763 0.000000
vt 0.300296 0.000000
vt 0.161243 0.000000
vt 0.298817 0.000000
vt 0.162722 0.000000
vt 0.297337 0.000000
vt 0.164201 0.000000
vt 0.295858 0.000000
vt 0.165680 0.000000
vt 0.294379 0.000000
vt 0.167160 0.000000
vt 0.292899 0.000000
vt 0.168639 0.000000
vt 0.291420 0.000000
vt 0.170118 0.000000
vt 0.289941 0.000000
vt 0.171598 0.000000
vt 0.288462 0.000000
vt 0.173077 0.000000
vt 0.286982 0.000000
vt 0.174556 0.000000
vt 0.285503 0.000000
vt 0.176036 0.000000
vt 0.284024 0.000000
vt 0.177515 0.000000
vt 0.178994 0.000000
vt 0.282544 0.000000
vt 0.180473 0.000000
vt 0.281065 0.000000
vt 0.181953 0.000000
vt 0.279586 0.000000
vt 0.183432 0.000000
vt 0.184911 0.000000
vt 0.278107 0.000000
vt 0.186391 0.000000
vt 0.276627 0.000000
vt 0.841716 0.000000
vt 0.187870 0.000000
vt 0.189349 0.000000
vt 0.275148 0.000000
vt 0.190828 0.000000
vt 0.273669 0.000000
vt 0.843195 0.000000
vt 0.192308 0.000000
vt 0.193787 0.000000
vt 0.272189 0.000000
vt 0.051775 0.000000
vt 0.195266 0.000000
vt 0.196746 0.000000
vt 0.270710 0.000000
vt 0.844675 0.000000
vt 0.198225 0.000000
vt 0.199704 0.000000
vt 0.269231 0.000000
vt 0.050296 0.000000
vt 0.201183 0.000000
vt 0.202663 0.000000
vt 0.267751 0.000000
vt 0.266272 0.000000
vt 0.264793 0.000000
vt 0.263314 0.000000
vt 0.204142 0.000000
vt 0.261834 0.000000
vt 0.260355 0.000000
vt 0.258876 0.000000
vt 0.257396 0.000000
vt 0.255917 0.000000
vt 0.205621 0.000000
vt 0.254438 0.000000
vt 0.252959 0.000000
vt 0.251479 0.000000
vt 0.846154 0.000000
vt 0.207101 0.000000
vt 0.250000 0.000000
vt 0.248521 0.000000
vt 0.247041 0.000000
vt 0.208580 0.000000
vt 0.245562 0.000000
vt 0.244083 0.000000
vt 0.242604 0.000000
vt 0.210059 0.000000
vt 0.241124 0.000000
vt 0.239645 0.000000
vt 0.238166 0.000000
vt 0.236686 0.000000
vt 0.235207 0.000000
vt 0.211538 0.000000
vt 0.233728 0.000000
vt 0.232249 0.000000
vt 0.048817 0.000000
vt 0.230769 0.000000
vt 0.229290 0.000000
vt 0.213018 0.000000
vt 0.227811 0.000000
vt 0.226331 0.000000
vt 0.224852 0.000000
vt 0.214497 0.000000
vt 0.223373 0.000000
vt 0.221893 0.000000
vt 0.220414 0.000000
vt 0.215976 0.000000
vt 0.218935 0.000000
vt 0.217456 0.000000
vt 0.847633 0.000000
vt 0.047337 0.000000
vt 0.045858 0.000000
vt 0.849112 0.000000
vt 0.044379 0.000000
vt 0.850592 0.000000
vt 0.042899 0.000000
vt 0.852071 0.000000
vt 0.041420 0.000000
vt 0.853550 0.000000
vt 0.039941 0.000000
vt 0.855030 0.000000
vt 0.038462 0.000000
vt 0.036982 0.000000
vt 0.912722 0.000000
vt 0.911243 0.000000
vt 0.856509 0.000000
vt 0.035503 0.000000
vt 0.914201 0.000000
vt 0.915680 0.000000
vt 0.909763 0.000000
vt 0.917160 0.000000
vt 0.918639 0.000000
vt 0.908284 0.000000
vt 0.920118 0.000000
vt 0.921598 0.000000
vt 0.906805 0.000000
vt 0.923077 0.000000
vt 0.924556 0.000000
vt 0.905325 0.000000
vt 0.926036 0.000000
vt 0.927515 0.000000
vt 0.903846 0.000000
vt 0.928994 0.000000
vt 0.930473 0.000000
vt 0.902367 0.000000
vt 0.857988 0.000000
vt 0.931953 0.000000
vt 0.900888 0.000000
vt 0.933432 0.000000
vt 0.899408 0.000000
vt 0.934911 0.000000
vt 0.897929 0.000000
vt 0.034024 0.000000
vt 0.936391 0.000000
vt 0.896450 0.000000
vt 0.937870 0.000000
vt 0.894970 0.000000
vt 0.939349 0.000000
vt 0.893491 0.000000
vt 0.859467 0.000000
vt 0.860947 0.000000
vt 0.940828 0.000000
vt 0.862426 0.000000
vt 0.032544 0.000000
vt 0.863905 0.000000
vt 0.865385 0.000000
vt 0.866864 0.000000
vt 0.868343 0.000000
vt 0.869823 0.000000
vt 0.871302 0.000000
vt 0.872781 0.000000
vt 0.874260 0.000000
vt 0.942308 0.000000
vt 0.875740 0.000000
vt 0.877219 0.000000
vt 0.878698 0.000000
vt 0.880177 0.000000
vt 0.892012 0.000000
vt 0.881657 0.000000
vt 0.890533 0.000000
vt 0.883136 0.000000
vt 0.889053 0.000000
vt 0.884615 0.000000
vt 0.887574 0.000000
vt 0.886095 0.000000
vt 0.943787 0.000000
vt 0.031065 0.000000
vt 0.945266 0.000000
vt 0.029586 0.000000
vt 0.946746 0.000000
vt 0.948225 0.000000
vt 0.028107 0.000000
vt 0.949704 0.000000
vt 0.026627 0.000000
vt 0.951183 0.000000
vt 0.952663 0.000000
vt 0.025148 0.000000
vt 0.954142 0.000000
vt 0.955621 0.000000
vt 0.023669 0.000000
vt 0.957101 0.000000
vt 0.958580 0.000000
vt 0.022189 0.000000
vt 0.960059 0.000000
vt 0.961538 0.000000
vt 0.020710 0.000000
vt 0.963018 0.000000
vt 0.964497 0.000000
vt 0.019231 0.000000
vt 0.965976 0.000000
vt 0.967456 0.000000
vt 0.017751 0.000000
vt 0.968935 0.000000
vt 0.970414 0.000000
vt 0.971893 0.000000
vt 0.016272 0.000000
vt 0.014793 0.000000
vt 0.973373 0.000000
vt 0.013314 0.000000
vt 0.011834 0.000000
vt 0.010355 0.000000
vt 0.008876 0.000000
vt 0.007396 0.000000
vt 0.974852 0.000000
vt 0.005917 0.000000
vt 0.004438 0.000000
vt 0.002959 0.000000
vt 0.976331 0.000000
vt 0.001479 0.000000
vt 0.000000 0.000000
vt 0.977811 0.000000
vt 1.000000 0.000000
vt 0.998521 0.000000
vt 0.979290 0.000000
vt 0.997041 0.000000
vt 0.995562 0.000000
vt 0.980769 0.000000
vt 0.994083 0.000000
vt 0.992604 0.000000
vt 0.982249 0.000000
vt 0.991124 0.000000
vt 0.989645 0.000000
vt 0.988166 0.000000
vt 0.983728 0.000000
vt 0.986686 0.000000
vt 0.985207 0.000000
s 0
usemtl マテリアル
f 267/1/1 268/2/1 269/3/1
f 267/1/1 269/3/1 270/4/1
f 266/5/1 267/1/1 270/4/1
f 266/5/1 270/4/1 271/6/1
f 266/5/1 271/6/1 272/7/1
f 265/8/1 266/5/1 272/7/1
f 265/8/1 272/7/1 273/9/1
f 265/8/1 273/9/1 274/10/1
f 264/11/1 265/8/1 274/10/1
f 264/11/1 274/10/1 275/12/1
f 264/11/1 275/12/1 276/13/1
f 263/14/1 264/11/1 276/13/1
f 263/14/1 276/13/1 277/15/1
f 263/14/1 277/15/1 278/16/1
f 262/17/1 263/14/1 278/16/1
f 262/17/1 278/16/1 279/18/1
f 262/17/1 279/18/1 280/19/1
f 261/20/1 262/17/1 280/19/1
f 261/20/1 280/19/1 281/21/1
f 261/20/1 281/21/1 282/22/1
f 260/23/1 261/20/1 282/22/1
f 260/23/1 282/22/1 283/24/1
f 260/23/1 283/24/1 284/25/1
f 259/26/1 260/23/1 284/25/1
f 259/26/1 284/25/1 285/27/1
f 259/26/1 285/27/1 286/28/1
f 258/29/1 259/26/1 286/28/1
f 258/29/1 286/28/1 287/30/1
f 258/29/1 287/30/1 288/31/1
f 257/32/1 258/29/1 288/31/1
f 257/32/1 288/31/1 289/33/1
f 257/32/1 289/33/1 290/34/1
f 256/35/1 257/32/1 290/34/1
f 256/35/1 290/34/1 291/36/1
f 256/35/1 291/36/1 292/37/1
f 347/38/1 348/39/1 349/40/1
f 346/41/1 347/38/1 349/40/1
f 346/41/1 349/40/1 350/42/1
f 345/43/1 346/41/1 350/42/1
f 345/43/1 350/42/1 351/44/1
f 344/45/1 345/43/1 351/44/1
f 344/45/1 351/44/1 352/46/1
f 343/47/1 344/45/1 352/46/1
f 343/47/1 352/46/1 353/48/1
f 342/49/1 343/47/1 353/48/1
f 342/49/1 353/48/1 354/50/1
f 341/51/1 342/49/1 354/50/1
f 341/51/1 354/50/1 355/52/1
f 340/53/1 341/51/1 355/52/1
f 340/53/1 355/52/1 356/54/1
f 339/55/1 340/53/1 356/54/1
f 339/55/1 356/54/1 357/56/1
f 339/55/1 357/56/1 358/57/1
f 339/55/1 358/57/1 359/58/1
f 255/59/1 256/35/1 292/37/1
f 339/55/1 359/58/1 360/60/1
f 339/55/1 360/60/1 361/61/1
f 339/55/1 361/61/1 362/62/1
f 339/55/1 362/62/1 363/63/1
f 339/55/1 363/63/1 364/64/1
f 338/65/1 339/55/1 364/64/1
f 255/59/1 292/37/1 293/66/1
f 338/65/1 364/64/1 365/67/1
f 255/59/1 293/66/1 294/68/1
f 337/69/1 338/65/1 365/67/1
f 255/59/1 294/68/1 295/70/1
f 336/71/1 337/69/1 365/67/1
f 255/59/1 295/70/1 296/72/1
f 254/73/1 255/59/1 296/72/1
f 335/74/1 336/71/1 365/67/1
f 254/73/1 296/72/1 297/75/1
f 334/76/1 335/74/1 365/67/1
f 334/76/1 365/67/1 366/77/1
f 254/73/1 297/75/1 298/78/1
f 333/79/1 334/76/1 366/77/1
f 254/73/1 298/78/1 299/80/1
f 332/81/1 333/79/1 366/77/1
f 254/73/1 299/80/1 300/82/1
f 331/83/1 332/81/1 366/77/1
f 254/73/1 300/82/1 301/84/1
f 253/85/1 254/73/1 301/84/1
f 330/86/1 331/83/1 366/77/1
f 253/85/1 301/84/1 302/87/1
f 329/88/1 330/86/1 366/77/1
f 253/85/1 302/87/1 303/89/1
f 328/90/1 329/88/1 366/77/1
f 253/85/1 303/89/1 304/91/1
f 328/90/1 366/77/1 367/92/1
f 253/85/1 304/91/1 305/93/1
f 327/94/1 328/90/1 367/92/1
f 326/95/1 327/94/1 367/92/1
f 253/85/1 305/93/1 306/96/1
f 325/97/1 326/95/1 367/92/1
f 253/85/1 306/96/1 307/98/1
f 324/99/1 325/97/1 367/92/1
f 253/85/1 307/98/1 308/100/1
f 323/101/1 324/99/1 367/92/1
f 253/85/1 308/100/1 309/102/1
f 322/103/1 323/101/1 367/92/1
f 253/85/1 309/102/1 310/104/1
f 252/105/1 253/85/1 310/104/1
f 321/106/1 322/103/1 367/92/1
f 252/105/1 310/104/1 311/107/1
f 320/108/1 321/106/1 367/92/1
f 252/105/1 311/107/1 312/109/1
f 319/110/1 320/108/1 367/92/1
f 252/105/1 312/109/1 313/111/1
f 318/112/1 319/110/1 367/92/1
f 252/105/1 313/111/1 314/113/1
f 317/114/1 318/112/1 367/92/1
f 252/105/1 314/113/1 315/115/1
f 316/116/1 317/114/1 367/92/1
f 252/105/1 315/115/1 316/116/1
f 252/105/1 316/116/1 367/92/1
f 252/105/1 367/92/1 368/117/1
f 251/118/1 252/105/1 368/117/1
f 251/118/1 368/117/1 369/119/1
f 250/120/1 251/118/1 369/119/1
f 250/120/1 369/119/1 370/121/1
f 249/122/1 250/120/1 370/121/1
f 249/122/1 370/121/1 371/123/1
f 249/122/1 371/123/1 372/124/1
f 248/125/1 249/122/1 372/124/1
f 248/125/1 372/124/1 373/126/1
f 247/127/1 248/125/1 373/126/1
f 247/127/1 373/126/1 374/128/1
f 246/129/1 247/127/1 374/128/1
f 246/129/1 374/128/1 375/130/1
f 246/129/1 375/130/1 376/131/1
f 245/132/1 246/129/1 376/131/1
f 245/132/1 376/131/1 377/133/1
f 245/132/1 377/133/1 378/134/1
f 244/135/1 245/132/1 378/134/1
f 244/135/1 378/134/1 379/136/1
f 244/135/1 379/136/1 380/137/1
f 243/138/1 244/135/1 380/137/1
f 243/138/1 380/137/1 381/139/1
f 243/138/1 381/139/1 382/140/1
f 242/141/1 243/138/1 382/140/1
f 242/141/1 382/140/1 383/142/1
f 242/141/1 383/142/1 384/143/1
f 242/141/1 384/143/1 385/144/1
f 241/145/1 242/141/1 385/144/1
f 241/145/1 385/144/1 386/146/1
f 241/145/1 386/146/1 387/147/1
f 241/145/1 387/147/1 388/148/1
f 241/145/1 388/148/1 389/149/1
f 241/145/1 389/149/1 390/150/1
f 240/151/1 241/145/1 390/150/1
f 240/151/1 390/150/1 391/152/1
f 240/151/1 391/152/1 392/153/1
f 240/151/1 392/153/1 393/154/1
f 240/151/1 393/154/1 394/155/1
f 239/156/1 240/151/1 394/155/1
f 239/156/1 394/155/1 395/157/1
f 239/156/1 395/157/1 396/158/1
f 239/156/1 396/158/1 397/159/1
f 239/156/1 397/159/1 398/160/1
f 239/156/1 398/160/1 399/161/1
f 238/162/1 239/156/1 399/161/1
f 238/162/1 399/161/1 400/163/1
f 238/162/1 400/163/1 401/164/1
f 238/162/1 401/164/1 402/165/1
f 238/162/1 402/165/1 403/166/1
f 238/162/1 403/166/1 404/167/1
f 238/162/1 404/167/1 405/168/1
f 237/169/1 238/162/1 405/168/1
f 237/169/1 405/168/1 406/170/1
f 237/169/1 406/170/1 407/171/1
f 237/169/1 407/171/1 408/172/1
f 237/169/1 408/172/1 409/173/1
f 237/169/1 409/173/1 410/174/1
f 236/175/1 237/169/1 410/174/1
f 236/175/1 410/174/1 411/176/1
f 236/175/1 411/176/1 412/177/1
f 236/175/1 412/177/1 413/178/1
f 236/175/1 413/178/1 414/179/1
f 236/175/1 414/179/1 415/180/1
f 235/181/1 236/175/1 415/180/1
f 235/181/1 415/180/1 416/182/1
f 235/181/1 416/182/1 417/183/1
f 235/181/1 417/183/1 418/184/1
f 235/181/1 418/184/1 419/185/1
f 234/186/1 235/181/1 419/185/1
f 234/186/1 419/185/1 420/187/1
f 234/186/1 420/187/1 421/188/1
f 234/186/1 421/188/1 422/189/1
f 233/190/1 234/186/1 422/189/1
f 233/190/1 422/189/1 423/191/1
f 233/190/1 423/191/1 424/192/1
f 233/190/1 424/192/1 425/193/1
f 232/194/1 233/190/1 425/193/1
f 232/194/1 425/193/1 426/195/1
f 232/194/1 426/195/1 427/196/1
f 231/197/1 232/194/1 427/196/1
f 231/197/1 427/196/1 428/198/1
f 231/197/1 428/198/1 429/199/1
f 519/200/1 520/201/1 521/202/1
f 519/200/1 521/202/1 522/203/1
f 519/200/1 522/203/1 523/204/1
f 519/200/1 523/204/1 524/205/1
f 519/200/1 524/205/1 525/206/1
f 518/207/1 519/200/1 525/206/1
f 518/207/1 525/206/1 526/208/1
f 518/207/1 526/208/1 527/209/1
f 230/210/1 231/197/1 429/199/1
f 518/207/1 527/209/1 528/211/1
f 517/212/1 518/207/1 528/211/1
f 517/212/1 528/211/1 529/213/1
f 517/212/1 529/213/1 530/214/1
f 516/215/1 517/212/1 530/214/1
f 516/215/1 530/214/1 531/216/1
f 516/215/1 531/216/1 532/217/1
f 230/210/1 429/199/1 430/218/1
f 515/219/1 516/215/1 532/217/1
f 515/219/1 532/217/1 533/220/1
f 515/219/1 533/220/1 534/221/1
f 515/219/1 534/221/1 535/222/1
f 514/223/1 515/219/1 535/222/1
f 514/223/1 535/222/1 536/224/1
f 514/223/1 536/224/1 537/225/1
f 514/223/1 537/225/1 538/226/1
f 513/227/1 514/223/1 538/226/1
f 513/227/1 538/226/1 539/228/1
f 513/227/1 539/228/1 540/229/1
f 513/227/1 540/229/1 541/230/1
f 513/227/1 541/230/1 542/231/1
f 512/232/1 513/227/1 542/231/1
f 512/232/1 542/231/1 543/233/1
f 512/232/1 543/233/1 544/234/1
f 512/232/1 544/234/1 545/235/1
f 511/236/1 512/232/1 545/235/1
f 510/237/1 511/236/1 545/235/1
f 509/238/1 510/237/1 545/235/1
f 230/210/1 430/218/1 431/239/1
f 509/238/1 545/235/1 546/240/1
f 508/241/1 509/238/1 546/240/1
f 507/242/1 508/241/1 546/240/1
f 506/243/1 507/242/1 546/240/1
f 506/243/1 546/240/1 547/244/1
f 505/245/1 506/243/1 547/244/1
f 229/246/1 230/210/1 431/239/1
f 229/246/1 431/239/1 432/247/1
f 504/248/1 505/245/1 547/244/1
f 504/248/1 547/244/1 548/249/1
f 503/250/1 504/248/1 548/249/1
f 502/251/1 503/250/1 548/249/1
f 502/251/1 548/249/1 549/252/1
f 501/253/1 502/251/1 549/252/1
f 229/246/1 432/247/1 433/254/1
f 500/255/1 501/253/1 549/252/1
f 500/255/1 549/252/1 550/256/1
f 499/257/1 500/255/1 550/256/1
f 228/258/1 229/246/1 433/254/1
f 498/259/1 499/257/1 550/256/1
f 498/259/1 550/256/1 551/260/1
f 228/258/1 433/254/1 434/261/1
f 497/262/1 498/259/1 551/260/1
f 497/262/1 551/260/1 552/263/1
f 496/264/1 497/262/1 552/263/1
f 228/258/1 434/261/1 435/265/1
f 495/266/1 496/264/1 552/263/1
f 495/266/1 552/263/1 553/267/1
f 494/268/1 495/266/1 553/267/1
f 493/269/1 494/268/1 553/267/1
f 227/270/1 228/258/1 435/265/1
f 492/271/1 493/269/1 553/267/1
f 491/272/1 492/271/1 553/267/1
f 491/272/1 553/267/1 554/273/1
f 490/274/1 491/272/1 554/273/1
f 489/275/1 490/274/1 554/273/1
f 227/270/1 435/265/1 436/276/1
f 488/277/1 489/275/1 554/273/1
f 487/278/1 488/277/1 554/273/1
f 487/278/1 554/273/1 555/279/1
f 486/280/1 487/278/1 555/279/1
f 485/281/1 486/280/1 555/279/1
f 484/282/1 485/281/1 555/279/1
f 483/283/1 484/282/1 555/279/1
f 482/284/1 483/283/1 555/279/1
f 482/284/1 555/279/1 556/285/1
f 227/270/1 436/276/1 437/286/1
f 227/270/1 437/286/1 438/287/1
f 227/270/1 438/287/1 439/288/1
f 481/289/1 482/284/1 556/285/1
f 227/270/1 439/288/1 440/290/1
f 226/291/1 227/270/1 440/290/1
f 226/291/1 440/290/1 441/292/1
f 480/293/1 481/289/1 556/285/1
f 226/291/1 441/292/1 442/294/1
f 226/291/1 442/294/1 443/295/1
f 226/291/1 443/295/1 444/296/1
f 479/297/1 480/293/1 556/285/1
f 226/291/1 444/296/1 445/298/1
f 226/291/1 445/298/1 446/299/1
f 478/300/1 479/297/1 556/285/1
f 226/291/1 446/299/1 447/301/1
f 477/302/1 478/300/1 556/285/1
f 226/291/1 447/301/1 448/303/1
f 226/291/1 448/303/1 449/304/1
f 477/302/1 556/285/1 557/305/1
f 476/306/1 477/302/1 557/305/1
f 226/291/1 449/304/1 450/307/1
f 475/308/1 476/306/1 557/305/1
f 226/291/1 450/307/1 451/309/1
f 226/291/1 451/309/1 452/310/1
f 474/311/1 475/308/1 557/305/1
f 226/291/1 452/310/1 453/312/1
f 473/313/1 474/311/1 557/305/1
f 226/291/1 453/312/1 454/314/1
f 226/291/1 454/314/1 455/315/1
f 472/316/1 473/313/1 557/305/1
f 226/291/1 455/315/1 456/317/1
f 471/318/1 472/316/1 557/305/1
f 470/319/1 471/318/1 557/305/1
f 226/291/1 456/317/1 457/320/1
f 469/321/1 470/319/1 557/305/1
f 226/291/1 457/320/1 458/322/1
f 468/323/1 469/321/1 557/305/1
f 467/324/1 468/323/1 557/305/1
f 226/291/1 458/322/1 459/325/1
f 466/326/1 467/324/1 557/305/1
f 465/327/1 466/326/1 557/305/1
f 226/291/1 459/325/1 460/328/1
f 464/329/1 465/327/1 557/305/1
f 463/330/1 464/329/1 557/305/1
f 462/331/1 463/330/1 557/305/1
f 461/332/1 462/331/1 557/305/1
f 460/328/1 461/332/1 557/305/1
f 226/291/1 460/328/1 557/305/1
f 226/291/1 557/305/1 558/333/1
f 225/334/1 226/291/1 558/333/1
f 225/334/1 558/333/1 559/335/1
f 225/334/1 559/335/1 560/336/1
f 225/334/1 560/336/1 561/337/1
f 224/338/1 225/334/1 561/337/1
f 224/338/1 561/337/1 562/339/1
f 224/338/1 562/339/1 563/340/1
f 223/341/1 224/338/1 563/340/1
f 223/341/1 563/340/1 564/342/1
f 222/343/1 223/341/1 564/342/1
f 222/343/1 564/342/1 565/344/1
f 222/343/1 565/344/1 566/345/1
f 221/346/1 222/343/1 62/347/1
f 62/347/1 222/343/1 566/345/1
f 62/347/1 566/345/1 567/348/1
f 221/346/2 62/347/2 63/349/2
f 61/350/1 62/347/1 567/348/1
f 60/351/1 61/350/1 567/348/1
f 221/346/1 63/349/1 64/352/1
f 59/353/1 60/351/1 567/348/1
f 221/346/1 64/352/1 65/354/1
f 58/355/1 59/353/1 567/348/1
f 221/346/1 65/354/1 66/356/1
f 57/357/1 58/355/1 567/348/1
f 221/346/1 66/356/1 67/358/1
f 56/359/1 57/357/1 567/348/1
f 221/346/1 67/358/1 68/360/1
f 55/361/1 56/359/1 567/348/1
f 221/346/1 68/360/1 69/362/1
f 54/363/1 55/361/1 567/348/1
f 221/346/1 69/362/1 70/364/1
f 53/365/1 54/363/1 567/348/1
f 221/346/1 70/364/1 71/366/1
f 52/367/1 53/365/1 567/348/1
f 221/346/1 71/366/1 72/368/1
f 51/369/1 52/367/1 567/348/1
f 221/346/1 72/368/1 73/370/1
f 50/371/1 51/369/1 567/348/1
f 221/346/1 73/370/1 74/372/1
f 221/346/1 74/372/1 75/373/1
f 49/374/1 50/371/1 567/348/1
f 48/375/1 49/374/1 567/348/1
f 221/346/1 75/373/1 76/376/1
f 47/377/1 48/375/1 567/348/1
f 47/377/1 567/348/1 568/378/1
f 46/379/1 47/377/1 568/378/1
f 221/346/1 76/376/1 77/380/1
f 45/381/1 46/379/1 568/378/1
f 220/382/1 221/346/1 77/380/1
f 220/382/1 77/380/1 78/383/1
f 44/384/1 45/381/1 568/378/1
f 43/385/1 44/384/1 568/378/1
f 220/382/1 78/383/1 79/386/1
f 42/387/1 43/385/1 568/378/1
f 42/387/1 568/378/1 569/388/1
f 41/389/1 42/387/1 569/388/1
f 220/382/1 79/386/1 80/390/1
f 40/391/1 41/389/1 569/388/1
f 220/382/1 80/390/1 81/392/1
f 39/393/1 40/391/1 569/388/1
f 38/394/1 39/393/1 569/388/1
f 220/382/1 81/392/1 82/395/1
f 37/396/1 38/394/1 569/388/1
f 219/397/1 220/382/1 82/395/1
f 219/397/1 82/395/1 83/398/1
f 219/397/1 83/398/1 84/399/1
f 219/397/1 84/399/1 85/400/1
f 219/397/1 85/400/1 86/401/1
f 218/402/1 219/397/1 86/401/1
f 218/402/1 86/401/1 87/403/1
f 218/402/1 87/403/1 88/404/1
f 218/402/1 88/404/1 89/405/1
f 218/402/1 89/405/1 90/406/1
f 217/407/1 218/402/1 90/406/1
f 217/407/1 90/406/1 91/408/1
f 217/407/1 91/408/1 92/409/1
f 217/407/1 92/409/1 93/410/1
f 217/407/1 93/410/1 94/411/1
f 217/407/1 94/411/1 95/412/1
f 216/413/1 217/407/1 95/412/1
f 216/413/1 95/412/1 96/414/1
f 216/413/1 96/414/1 97/415/1
f 216/413/1 97/415/1 98/416/1
f 216/413/1 98/416/1 99/417/1
f 215/418/1 216/413/1 99/417/1
f 214/419/1 215/418/1 99/417/1
f 213/420/1 214/419/1 99/417/1
f 212/421/1 213/420/1 99/417/1
f 211/422/1 212/421/1 99/417/1
f 210/423/1 211/422/1 99/417/1
f 209/424/1 210/423/1 99/417/1
f 209/424/1 99/417/1 100/425/1
f 208/426/1 209/424/1 100/425/1
f 208/426/1 100/425/1 101/427/1
f 208/426/1 101/427/1 102/428/1
f 207/429/1 208/426/1 102/428/1
f 207/429/1 102/428/1 103/430/1
f 207/429/1 103/430/1 104/431/1
f 207/429/1 104/431/1 105/432/1
f 207/429/1 105/432/1 106/433/1
f 207/429/1 106/433/1 107/434/1
f 206/435/1 207/429/1 107/434/1
f 206/435/1 107/434/1 108/436/1
f 205/437/1 206/435/1 108/436/1
f 205/437/1 108/436/1 109/438/1
f 204/439/1 205/437/1 109/438/1
f 204/439/1 109/438/1 110/440/1
f 203/441/1 204/439/1 110/440/1
f 203/441/1 110/440/1 111/442/1
f 202/443/1 203/441/1 111/442/1
f 202/443/1 111/442/1 112/444/1
f 201/445/1 202/443/1 112/444/1
f 201/445/1 112/444/1 113/446/1
f 200/447/1 201/445/1 113/446/1
f 200/447/1 113/446/1 114/448/1
f 199/449/1 200/447/1 114/448/1
f 199/449/1 114/448/1 115/450/1
f 198/451/1 199/449/1 115/450/1
f 198/451/1 115/450/1 116/452/1
f 197/453/1 198/451/1 116/452/1
f 197/453/1 116/452/1 117/454/1
f 196/455/1 197/453/1 117/454/1
f 196/455/1 117/454/1 118/456/1
f 195/457/1 196/455/1 118/456/1
f 195/457/1 118/456/1 119/458/1
f 194/459/1 195/457/1 119/458/1
f 194/459/1 119/458/1 120/460/1
f 193/461/1 194/459/1 120/460/1
f 193/461/1 120/460/1 121/462/1
f 193/461/1 121/462/1 122/463/1
f 192/464/1 193/461/1 122/463/1
f 192/464/1 122/463/1 123/465/1
f 191/466/1 192/464/1 123/465/1
f 191/466/1 123/465/1 124/467/1
f 190/468/1 191/466/1 124/467/1
f 190/468/1 124/467/1 125/469/1
f 190/468/1 125/469/1 126/470/1
f 189/471/1 190/468/1 126/470/1
f 189/471/1 126/470/1 127/472/1
f 188/473/1 189/471/1 127/472/1
f 37/396/1 569/388/1 570/474/1
f 188/473/1 127/472/1 128/475/1
f 188/473/1 128/475/1 129/476/1
f 187/477/1 188/473/1 129/476/1
f 187/477/1 129/476/1 130/478/1
f 186/479/1 187/477/1 130/478/1
f 37/396/1 570/474/1 571/480/1
f 186/479/1 130/478/1 131/481/1
f 186/479/1 131/481/1 132/482/1
f 185/483/1 186/479/1 132/482/1
f 36/484/1 37/396/1 571/480/1
f 185/483/1 132/482/1 133/485/1
f 185/483/1 133/485/1 134/486/1
f 184/487/1 185/483/1 134/486/1
f 36/484/1 571/480/1 572/488/1
f 184/487/1 134/486/1 135/489/1
f 184/487/1 135/489/1 136/490/1
f 183/491/1 184/487/1 136/490/1
f 35/492/1 36/484/1 572/488/1
f 183/491/1 136/490/1 137/493/1
f 183/491/1 137/493/1 138/494/1
f 182/495/1 183/491/1 138/494/1
f 181/496/1 182/495/1 138/494/1
f 180/497/1 181/496/1 138/494/1
f 179/498/1 180/497/1 138/494/1
f 179/498/1 138/494/1 139/499/1
f 178/500/1 179/498/1 139/499/1
f 177/501/1 178/500/1 139/499/1
f 176/502/1 177/501/1 139/499/1
f 175/503/1 176/502/1 139/499/1
f 174/504/1 175/503/1 139/499/1
f 174/504/1 139/499/1 140/505/1
f 173/506/1 174/504/1 140/505/1
f 172/507/1 173/506/1 140/505/1
f 171/508/1 172/507/1 140/505/1
f 35/492/1 572/488/1 573/509/1
f 171/508/1 140/505/1 141/510/1
f 170/511/1 171/508/1 141/510/1
f 169/512/1 170/511/1 141/510/1
f 168/513/1 169/512/1 141/510/1
f 168/513/1 141/510/1 142/514/1
f 167/515/1 168/513/1 142/514/1
f 166/516/1 167/515/1 142/514/1
f 165/517/1 166/516/1 142/514/1
f 165/517/1 142/514/1 143/518/1
f 164/519/1 165/517/1 143/518/1
f 163/520/1 164/519/1 143/518/1
f 162/521/1 163/520/1 143/518/1
f 161/522/1 162/521/1 143/518/1
f 160/523/1 161/522/1 143/518/1
f 160/523/1 143/518/1 144/524/1
f 159/525/1 160/523/1 144/524/1
f 158/526/1 159/525/1 144/524/1
f 34/527/1 35/492/1 573/509/1
f 157/528/1 158/526/1 144/524/1
f 156/529/1 157/528/1 144/524/1
f 156/529/1 144/524/1 145/530/1
f 155/531/1 156/529/1 145/530/1
f 154/532/1 155/531/1 145/530/1
f 153/533/1 154/532/1 145/530/1
f 153/533/1 145/530/1 146/534/1
f 152/535/1 153/533/1 146/534/1
f 151/536/1 152/535/1 146/534/1
f 150/537/1 151/536/1 146/534/1
f 150/537/1 146/534/1 147/538/1
f 149/539/1 150/537/1 147/538/1
f 148/540/1 149/539/1 147/538/1
f 34/527/1 573/509/1 574/541/1
f 33/542/1 34/527/1 574/541/1
f 32/543/1 33/542/1 574/541/1
f 32/543/1 574/541/1 575/544/1
f 31/545/1 32/543/1 575/544/1
f 31/545/1 575/544/1 576/546/1
f 30/547/1 31/545/1 576/546/1
f 30/547/1 576/546/1 577/548/1
f 29/549/1 30/547/1 577/548/1
f 29/549/1 577/548/1 578/550/1
f 28/551/1 29/549/1 578/550/1
f 28/551/1 578/550/1 579/552/1
f 27/553/1 28/551/1 579/552/1
f 26/554/1 27/553/1 579/552/1
f 26/554/1 579/552/1 618/555/1
f 618/555/1 579/552/1 617/556/1
f 617/556/1 579/552/1 580/557/1
f 25/558/1 26/554/1 619/559/1
f 619/559/1 26/554/1 618/555/1
f 25/558/1 619/559/1 620/560/1
f 616/561/1 617/556/1 580/557/1
f 25/558/1 620/560/1 621/562/1
f 25/558/1 621/562/1 622/563/1
f 615/564/1 616/561/1 580/557/1
f 25/558/1 622/563/1 623/565/1
f 25/558/1 623/565/1 624/566/1
f 614/567/1 615/564/1 580/557/1
f 25/558/1 624/566/1 625/568/1
f 25/558/1 625/568/1 626/569/1
f 613/570/1 614/567/1 580/557/1
f 25/558/1 626/569/1 627/571/1
f 25/558/1 627/571/1 628/572/1
f 612/573/1 613/570/1 580/557/1
f 25/558/1 628/572/1 629/574/1
f 25/558/1 629/574/1 630/575/1
f 611/576/1 612/573/1 580/557/1
f 611/576/1 580/557/1 581/577/1
f 25/558/1 630/575/1 631/578/1
f 610/579/1 611/576/1 581/577/1
f 25/558/1 631/578/1 632/580/1
f 609/581/1 610/579/1 581/577/1
f 25/558/1 632/580/1 633/582/1
f 608/583/1 609/581/1 581/577/1
f 24/584/1 25/558/1 633/582/1
f 24/584/1 633/582/1 634/585/1
f 607/586/1 608/583/1 581/577/1
f 24/584/1 634/585/1 635/587/1
f 606/588/1 607/586/1 581/577/1
f 24/584/1 635/587/1 636/589/1
f 605/590/1 606/588/1 581/577/1
f 605/590/1 581/577/1 582/591/1
f 605/590/1 582/591/1 583/592/1
f 24/584/1 636/589/1 637/593/1
f 605/590/1 583/592/1 584/594/1
f 23/595/1 24/584/1 637/593/1
f 605/590/1 584/594/1 585/596/1
f 605/590/1 585/596/1 586/597/1
f 605/590/1 586/597/1 587/598/1
f 605/590/1 587/598/1 588/599/1
f 605/590/1 588/599/1 589/600/1
f 605/590/1 589/600/1 590/601/1
f 605/590/1 590/601/1 591/602/1
f 605/590/1 591/602/1 592/603/1
f 23/595/1 637/593/1 638/604/1
f 605/590/1 592/603/1 593/605/1
f 605/590/1 593/605/1 594/606/1
f 605/590/1 594/606/1 595/607/1
f 605/590/1 595/607/1 596/608/1
f 604/609/1 605/590/1 596/608/1
f 604/609/1 596/608/1 597/610/1
f 603/611/1 604/609/1 597/610/1
f 603/611/1 597/610/1 598/612/1
f 602/613/1 603/611/1 598/612/1
f 602/613/1 598/612/1 599/614/1
f 601/615/1 602/613/1 599/614/1
f 601/615/3 599/614/3 600/616/3
f 23/595/1 638/604/1 639/617/1
f 22/618/1 23/595/1 639/617/1
f 22/618/1 639/617/1 640/619/1
f 21/620/1 22/618/1 640/619/1
f 21/620/1 640/619/1 641/621/1
f 21/620/1 641/621/1 642/622/1
f 20/623/1 21/620/1 642/622/1
f 20/623/1 642/622/1 643/624/1
f 19/625/1 20/623/1 643/624/1
f 19/625/1 643/624/1 644/626/1
f 19/625/1 644/626/1 645/627/1
f 18/628/1 19/625/1 645/627/1
f 18/628/1 645/627/1 646/629/1
f 18/628/1 646/629/1 647/630/1
f 17/631/1 18/628/1 647/630/1
f 17/631/1 647/630/1 648/632/1
f 17/631/1 648/632/1 649/633/1
f 16/634/1 17/631/1 649/633/1
f 16/634/1 649/633/1 650/635/1
f 16/634/1 650/635/1 651/636/1
f 15/637/1 16/634/1 651/636/1
f 15/637/1 651/636/1 652/638/1
f 15/637/1 652/638/1 653/639/1
f 14/640/1 15/637/1 653/639/1
f 14/640/1 653/639/1 654/641/1
f 14/640/1 654/641/1 655/642/1
f 13/643/1 14/640/1 655/642/1
f 13/643/1 655/642/1 656/644/1
f 13/643/1 656/644/1 657/645/1
f 13/643/1 657/645/1 658/646/1
f 12/647/1 13/643/1 658/646/1
f 11/648/1 12/647/1 658/646/1
f 11/648/1 658/646/1 659/649/1
f 10/650/1 11/648/1 659/649/1
f 9/651/1 10/650/1 659/649/1
f 8/652/1 9/651/1 659/649/1
f 7/653/1 8/652/1 659/649/1
f 6/654/1 7/653/1 659/649/1
f 6/654/1 659/649/1 660/655/1
f 5/656/1 6/654/1 660/655/1
f 4/657/1 5/656/1 660/655/1
f 3/658/1 4/657/1 660/655/1
f 3/658/1 660/655/1 661/659/1
f 2/660/1 3/658/1 661/659/1
f 1/661/1 2/660/1 661/659/1
f 1/661/1 661/659/1 662/662/1
f 677/663/1 1/661/1 662/662/1
f 676/664/1 677/663/1 662/662/1
f 676/664/1 662/662/1 663/665/1
f 675/666/1 676/664/1 663/665/1
f 674/667/1 675/666/1 663/665/1
f 674/667/1 663/665/1 664/668/1
f 673/669/1 674/667/1 664/668/1
f 672/670/1 673/669/1 664/668/1
f 672/670/1 664/668/1 665/671/1
f 671/672/1 672/670/1 665/671/1
f 670/673/1 671/672/1 665/671/1
f 669/674/1 670/673/1 665/671/1
f 669/674/1 665/671/1 666/675/1
f 668/676/1 669/674/1 666/675/1
f 667/677/3 668/676/3 666/675/3
f 944/1/4 946/3/4 945/2/4
f 944/1/4 947/4/4 946/3/4
f 943/5/4 947/4/4 944/1/4
f 943/5/4 948/6/4 947/4/4
f 943/5/4 949/7/4 948/6/4
f 942/8/4 949/7/4 943/5/4
f 942/8/4 950/9/4 949/7/4
f 942/8/4 951/10/4 950/9/4
f 941/11/4 951/10/4 942/8/4
f 941/11/4 952/12/4 951/10/4
f 941/11/4 953/13/4 952/12/4
f 940/14/4 953/13/4 941/11/4
f 940/14/4 954/15/4 953/13/4
f 940/14/4 955/16/4 954/15/4
f 939/17/4 955/16/4 940/14/4
f 939/17/4 956/18/4 955/16/4
f 939/17/4 957/19/4 956/18/4
f 938/20/4 957/19/4 939/17/4
f 938/20/4 958/21/4 957/19/4
f 938/20/4 959/22/4 958/21/4
f 937/23/4 959/22/4 938/20/4
f 937/23/4 960/24/4 959/22/4
f 937/23/4 961/25/4 960/24/4
f 936/26/4 961/25/4 937/23/4
f 936/26/4 962/27/4 961/25/4
f 936/26/4 963/28/4 962/27/4
f 935/29/4 963/28/4 936/26/4
f 935/29/4 964/30/4 963/28/4
f 935/29/4 965/31/4 964/30/4
f 934/32/4 965/31/4 935/29/4
f 934/32/4 966/33/4 965/31/4
f 934/32/4 967/34/4 966/33/4
f 933/35/4 967/34/4 934/32/4
f 933/35/4 968/36/4 967/34/4
f 933/35/4 969/37/4 968/36/4
f 1024/38/4 1026/40/4 1025/39/4
f 1023/41/4 1026/40/4 1024/38/4
f 1023/41/4 1027/42/4 1026/40/4
f 1022/43/4 1027/42/4 1023/41/4
f 1022/43/4 1028/44/4 1027/42/4
f 1021/45/4 1028/44/4 1022/43/4
f 1021/45/4 1029/46/4 1028/44/4
f 1020/47/4 1029/46/4 1021/45/4
f 1020/47/4 1030/48/4 1029/46/4
f 1019/49/4 1030/48/4 1020/47/4
f 1019/49/4 1031/50/4 1030/48/4
f 1018/51/4 1031/50/4 1019/49/4
f 1018/51/4 1032/52/4 1031/50/4
f 1017/53/4 1032/52/4 1018/51/4
f 1017/53/4 1033/54/4 1032/52/4
f 1016/55/4 1033/54/4 1017/53/4
f 1016/55/4 1034/56/4 1033/54/4
f 1016/55/4 1035/57/4 1034/56/4
f 1016/55/4 1036/58/4 1035/57/4
f 932/59/4 969/37/4 933/35/4
f 1016/55/4 1037/60/4 1036/58/4
f 1016/55/4 1038/61/4 1037/60/4
f 1016/55/4 1039/62/4 1038/61/4
f 1016/55/4 1040/63/4 1039/62/4
f 1016/55/4 1041/64/4 1040/63/4
f 1015/65/4 1041/64/4 1016/55/4
f 932/59/4 970/66/4 969/37/4
f 1015/65/4 1042/67/4 1041/64/4
f 932/59/4 971/68/4 970/66/4
f 1014/69/4 1042/67/4 1015/65/4
f 932/59/4 972/70/4 971/68/4
f 1013/71/4 1042/67/4 1014/69/4
f 932/59/4 973/72/4 972/70/4
f 931/73/4 973/72/4 932/59/4
f 1012/74/4 1042/67/4 1013/71/4
f 931/73/4 974/75/4 973/72/4
f 1011/76/4 1042/67/4 1012/74/4
f 1011/76/4 1043/77/4 1042/67/4
f 931/73/4 975/78/4 974/75/4
f 1010/79/4 1043/77/4 1011/76/4
f 931/73/4 976/80/4 975/78/4
f 1009/81/4 1043/77/4 1010/79/4
f 931/73/4 977/82/4 976/80/4
f 1008/83/4 1043/77/4 1009/81/4
f 931/73/4 978/84/4 977/82/4
f 930/85/4 978/84/4 931/73/4
f 1007/86/4 1043/77/4 1008/83/4
f 930/85/4 979/87/4 978/84/4
f 1006/88/4 1043/77/4 1007/86/4
f 930/85/4 980/89/4 979/87/4
f 1005/90/4 1043/77/4 1006/88/4
f 930/85/4 981/91/4 980/89/4
f 1005/90/4 1044/92/4 1043/77/4
f 930/85/4 982/93/4 981/91/4
f 1004/94/4 1044/92/4 1005/90/4
f 1003/95/4 1044/92/4 1004/94/4
f 930/85/4 983/96/4 982/93/4
f 1002/97/4 1044/92/4 1003/95/4
f 930/85/4 984/98/4 983/96/4
f 1001/99/4 1044/92/4 1002/97/4
f 930/85/4 985/100/4 984/98/4
f 1000/101/4 1044/92/4 1001/99/4
f 930/85/4 986/102/4 985/100/4
f 999/103/4 1044/92/4 1000/101/4
f 930/85/4 987/104/4 986/102/4
f 929/105/4 987/104/4 930/85/4
f 998/106/4 1044/92/4 999/103/4
f 929/105/4 988/107/4 987/104/4
f 997/108/4 1044/92/4 998/106/4
f 929/105/4 989/109/4 988/107/4
f 996/110/4 1044/92/4 997/108/4
f 929/105/4 990/111/4 989/109/4
f 995/112/4 1044/92/4 996/110/4
f 929/105/4 991/113/4 990/111/4
f 994/114/4 1044/92/4 995/112/4
f 929/105/4 992/115/4 991/113/4
f 993/116/4 1044/92/4 994/114/4
f 929/105/4 993/116/4 992/115/4
f 929/105/4 1044/92/4 993/116/4
f 929/105/4 1045/117/4 1044/92/4
f 928/118/4 1045/117/4 929/105/4
f 928/118/4 1046/119/4 1045/117/4
f 927/120/4 1046/119/4 928/118/4
f 927/120/4 1047/121/4 1046/119/4
f 926/122/4 1047/121/4 927/120/4
f 926/122/4 1048/123/4 1047/121/4
f 926/122/4 1049/124/4 1048/123/4
f 925/125/4 1049/124/4 926/122/4
f 925/125/4 1050/126/4 1049/124/4
f 924/127/4 1050/126/4 925/125/4
f 924/127/4 1051/128/4 1050/126/4
f 923/129/4 1051/128/4 924/127/4
f 923/129/4 1052/130/4 1051/128/4
f 923/129/4 1053/131/4 1052/130/4
f 922/132/4 1053/131/4 923/129/4
f 922/132/4 1054/133/4 1053/131/4
f 922/132/4 1055/134/4 1054/133/4
f 921/135/4 1055/134/4 922/132/4
f 921/135/4 1056/136/4 1055/134/4
f 921/135/4 1057/137/4 1056/136/4
f 920/138/4 1057/137/4 921/135/4
f 920/138/4 1058/139/4 1057/137/4
f 920/138/4 1059/140/4 1058/139/4
f 919/141/4 1059/140/4 920/138/4
f 919/141/4 1060/142/4 1059/140/4
f 919/141/4 1061/143/4 1060/142/4
f 919/141/4 1062/144/4 1061/143/4
f 918/145/4 1062/144/4 919/141/4
f 918/145/4 1063/146/4 1062/144/4
f 918/145/4 1064/147/4 1063/146/4
f 918/145/4 1065/148/4 1064/147/4
f 918/145/4 1066/149/4 1065/148/4
f 918/145/4 1067/150/4 1066/149/4
f 917/151/4 1067/150/4 918/145/4
f 917/151/4 1068/152/4 1067/150/4
f 917/151/4 1069/153/4 1068/152/4
f 917/151/4 1070/154/4 1069/153/4
f 917/151/4 1071/155/4 1070/154/4
f 916/156/4 1071/155/4 917/151/4
f 916/156/4 1072/157/4 1071/155/4
f 916/156/4 1073/158/4 1072/157/4
f 916/156/4 1074/159/4 1073/158/4
f 916/156/4 1075/160/4 1074/159/4
f 916/156/4 1076/161/4 1075/160/4
f 915/162/4 1076/161/4 916/156/4
f 915/162/4 1077/163/4 1076/161/4
f 915/162/4 1078/164/4 1077/163/4
f 915/162/4 1079/165/4 1078/164/4
f 915/162/4 1080/166/4 1079/165/4
f 915/162/4 1081/167/4 1080/166/4
f 915/162/4 1082/168/4 1081/167/4
f 914/169/4 1082/168/4 915/162/4
f 914/169/4 1083/170/4 1082/168/4
f 914/169/4 1084/171/4 1083/170/4
f 914/169/4 1085/172/4 1084/171/4
f 914/169/4 1086/173/4 1085/172/4
f 914/169/4 1087/174/4 1086/173/4
f 913/175/4 1087/174/4 914/169/4
f 913/175/4 1088/176/4 1087/174/4
f 913/175/4 1089/177/4 1088/176/4
f 913/175/4 1090/178/4 1089/177/4
f 913/175/4 1091/179/4 1090/178/4
f 913/175/4 1092/180/4 1091/179/4
f 912/181/4 1092/180/4 913/175/4
f 912/181/4 1093/182/4 1092/180/4
f 912/181/4 1094/183/4 1093/182/4
f 912/181/4 1095/184/4 1094/183/4
f 912/181/4 1096/185/4 1095/184/4
f 911/186/4 1096/185/4 912/181/4
f 911/186/4 1097/187/4 1096/185/4
f 911/186/4 1098/188/4 1097/187/4
f 911/186/4 1099/189/4 1098/188/4
f 910/190/4 1099/189/4 911/186/4
f 910/190/4 1100/191/4 1099/189/4
f 910/190/4 1101/192/4 1100/191/4
f 910/190/4 1102/193/4 1101/192/4
f 909/194/4 1102/193/4 910/190/4
f 909/194/4 1103/195/4 1102/193/4
f 909/194/4 1104/196/4 1103/195/4
f 908/197/4 1104/196/4 909/194/4
f 908/197/4 1105/198/4 1104/196/4
f 908/197/4 1106/199/4 1105/198/4
f 1196/200/4 1198/202/4 1197/201/4
f 1196/200/4 1199/203/4 1198/202/4
f 1196/200/4 1200/204/4 1199/203/4
f 1196/200/4 1201/205/4 1200/204/4
f 1196/200/4 1202/206/4 1201/205/4
f 1195/207/4 1202/206/4 1196/200/4
f 1195/207/4 1203/208/4 1202/206/4
f 1195/207/4 1204/209/4 1203/208/4
f 907/210/4 1106/199/4 908/197/4
f 1195/207/4 1205/211/4 1204/209/4
f 1194/212/4 1205/211/4 1195/207/4
f 1194/212/4 1206/213/4 1205/211/4
f 1194/212/4 1207/214/4 1206/213/4
f 1193/215/4 1207/214/4 1194/212/4
f 1193/215/4 1208/216/4 1207/214/4
f 1193/215/4 1209/217/4 1208/216/4
f 907/210/4 1107/218/4 1106/199/4
f 1192/219/4 1209/217/4 1193/215/4
f 1192/219/4 1210/220/4 1209/217/4
f 1192/219/4 1211/221/4 1210/220/4
f 1192/219/4 1212/222/4 1211/221/4
f 1191/223/4 1212/222/4 1192/219/4
f 1191/223/4 1213/224/4 1212/222/4
f 1191/223/4 1214/225/4 1213/224/4
f 1191/223/4 1215/226/4 1214/225/4
f 1190/227/4 1215/226/4 1191/223/4
f 1190/227/4 1216/228/4 1215/226/4
f 1190/227/4 1217/229/4 1216/228/4
f 1190/227/4 1218/230/4 1217/229/4
f 1190/227/4 1219/231/4 1218/230/4
f 1189/232/4 1219/231/4 1190/227/4
f 1189/232/4 1220/233/4 1219/231/4
f 1189/232/4 1221/234/4 1220/233/4
f 1189/232/4 1222/235/4 1221/234/4
f 1188/236/4 1222/235/4 1189/232/4
f 1187/237/4 1222/235/4 1188/236/4
f 1186/238/4 1222/235/4 1187/237/4
f 907/210/4 1108/239/4 1107/218/4
f 1186/238/4 1223/240/4 1222/235/4
f 1185/241/4 1223/240/4 1186/238/4
f 1184/242/4 1223/240/4 1185/241/4
f 1183/243/4 1223/240/4 1184/242/4
f 1183/243/4 1224/244/4 1223/240/4
f 1182/245/4 1224/244/4 1183/243/4
f 906/246/4 1108/239/4 907/210/4
f 906/246/4 1109/247/4 1108/239/4
f 1181/248/4 1224/244/4 1182/245/4
f 1181/248/4 1225/249/4 1224/244/4
f 1180/250/4 1225/249/4 1181/248/4
f 1179/251/4 1225/249/4 1180/250/4
f 1179/251/4 1226/252/4 1225/249/4
f 1178/253/4 1226/252/4 1179/251/4
f 906/246/4 1110/254/4 1109/247/4
f 1177/255/4 1226/252/4 1178/253/4
f 1177/255/4 1227/256/4 1226/252/4
f 1176/257/4 1227/256/4 1177/255/4
f 905/258/4 1110/254/4 906/246/4
f 1175/259/4 1227/256/4 1176/257/4
f 1175/259/4 1228/260/4 1227/256/4
f 905/258/4 1111/261/4 1110/254/4
f 1174/262/4 1228/260/4 1175/259/4
f 1174/262/4 1229/263/4 1228/260/4
f 1173/264/4 1229/263/4 1174/262/4
f 905/258/4 1112/265/4 1111/261/4
f 1172/266/4 1229/263/4 1173/264/4
f 1172/266/4 1230/267/4 1229/263/4
f 1171/268/4 1230/267/4 1172/266/4
f 1170/269/4 1230/267/4 1171/268/4
f 904/270/4 1112/265/4 905/258/4
f 1169/271/4 1230/267/4 1170/269/4
f 1168/272/4 1230/267/4 1169/271/4
f 1168/272/4 1231/273/4 1230/267/4
f 1167/274/4 1231/273/4 1168/272/4
f 1166/275/4 1231/273/4 1167/274/4
f 904/270/4 1113/276/4 1112/265/4
f 1165/277/4 1231/273/4 1166/275/4
f 1164/278/4 1231/273/4 1165/277/4
f 1164/278/4 1232/279/4 1231/273/4
f 1163/280/4 1232/279/4 1164/278/4
f 1162/281/4 1232/279/4 1163/280/4
f 1161/282/4 1232/279/4 1162/281/4
f 1160/283/4 1232/279/4 1161/282/4
f 1159/284/4 1232/279/4 1160/283/4
f 1159/284/4 1233/285/4 1232/279/4
f 904/270/4 1114/286/4 1113/276/4
f 904/270/4 1115/287/4 1114/286/4
f 904/270/4 1116/288/4 1115/287/4
f 1158/289/4 1233/285/4 1159/284/4
f 904/270/4 1117/290/4 1116/288/4
f 903/291/4 1117/290/4 904/270/4
f 903/291/4 1118/292/4 1117/290/4
f 1157/293/4 1233/285/4 1158/289/4
f 903/291/4 1119/294/4 1118/292/4
f 903/291/4 1120/295/4 1119/294/4
f 903/291/4 1121/296/4 1120/295/4
f 1156/297/4 1233/285/4 1157/293/4
f 903/291/4 1122/298/4 1121/296/4
f 903/291/4 1123/299/4 1122/298/4
f 1155/300/4 1233/285/4 1156/297/4
f 903/291/4 1124/301/4 1123/299/4
f 1154/302/4 1233/285/4 1155/300/4
f 903/291/4 1125/303/4 1124/301/4
f 903/291/4 1126/304/4 1125/303/4
f 1154/302/4 1234/305/4 1233/285/4
f 1153/306/4 1234/305/4 1154/302/4
f 903/291/4 1127/307/4 1126/304/4
f 1152/308/4 1234/305/4 1153/306/4
f 903/291/4 1128/309/4 1127/307/4
f 903/291/4 1129/310/4 1128/309/4
f 1151/311/4 1234/305/4 1152/308/4
f 903/291/4 1130/312/4 1129/310/4
f 1150/313/4 1234/305/4 1151/311/4
f 903/291/4 1131/314/4 1130/312/4
f 903/291/4 1132/315/4 1131/314/4
f 1149/316/4 1234/305/4 1150/313/4
f 903/291/4 1133/317/4 1132/315/4
f 1148/318/4 1234/305/4 1149/316/4
f 1147/319/4 1234/305/4 1148/318/4
f 903/291/4 1134/320/4 1133/317/4
f 1146/321/4 1234/305/4 1147/319/4
f 903/291/4 1135/322/4 1134/320/4
f 1145/323/4 1234/305/4 1146/321/4
f 1144/324/4 1234/305/4 1145/323/4
f 903/291/4 1136/325/4 1135/322/4
f 1143/326/4 1234/305/4 1144/324/4
f 1142/327/4 1234/305/4 1143/326/4
f 903/291/4 1137/328/4 1136/325/4
f 1141/329/4 1234/305/4 1142/327/4
f 1140/330/4 1234/305/4 1141/329/4
f 1139/331/4 1234/305/4 1140/330/4
f 1138/332/4 1234/305/4 1139/331/4
f 1137/328/4 1234/305/4 1138/332/4
f 903/291/4 1234/305/4 1137/328/4
f 903/291/4 1235/333/4 1234/305/4
f 902/334/4 1235/333/4 903/291/4
f 902/334/4 1236/335/4 1235/333/4
f 902/334/4 1237/336/4 1236/335/4
f 902/334/4 1238/337/4 1237/336/4
f 901/338/4 1238/337/4 902/334/4
f 901/338/4 1239/339/4 1238/337/4
f 901/338/4 1240/340/4 1239/339/4
f 900/341/4 1240/340/4 901/338/4
f 900/341/4 1241/342/4 1240/340/4
f 899/343/4 1241/342/4 900/341/4
f 899/343/4 1242/344/4 1241/342/4
f 899/343/4 1243/345/4 1242/344/4
f 898/346/4 739/347/4 899/343/4
f 739/347/4 1243/345/4 899/343/4
f 739/347/4 1244/348/4 1243/345/4
f 898/346/5 740/349/5 739/347/5
f 738/350/6 1244/348/6 739/347/6
f 737/351/4 1244/348/4 738/350/4
f 898/346/4 741/352/4 740/349/4
f 736/353/4 1244/348/4 737/351/4
f 898/346/4 742/354/4 741/352/4
f 735/355/4 1244/348/4 736/353/4
f 898/346/4 743/356/4 742/354/4
f 734/357/4 1244/348/4 735/355/4
f 898/346/4 744/358/4 743/356/4
f 733/359/4 1244/348/4 734/357/4
f 898/346/4 745/360/4 744/358/4
f 732/361/4 1244/348/4 733/359/4
f 898/346/4 746/362/4 745/360/4
f 731/363/4 1244/348/4 732/361/4
f 898/346/4 747/364/4 746/362/4
f 730/365/4 1244/348/4 731/363/4
f 898/346/4 748/366/4 747/364/4
f 729/367/4 1244/348/4 730/365/4
f 898/346/4 749/368/4 748/366/4
f 728/369/4 1244/348/4 729/367/4
f 898/346/4 750/370/4 749/368/4
f 727/371/4 1244/348/4 728/369/4
f 898/346/4 751/372/4 750/370/4
f 898/346/4 752/373/4 751/372/4
f 726/374/4 1244/348/4 727/371/4
f 725/375/4 1244/348/4 726/374/4
f 898/346/4 753/376/4 752/373/4
f 724/377/4 1244/348/4 725/375/4
f 724/377/4 1245/378/4 1244/348/4
f 723/379/4 1245/378/4 724/377/4
f 898/346/4 754/380/4 753/376/4
f 722/381/4 1245/378/4 723/379/4
f 897/382/4 754/380/4 898/346/4
f 897/382/4 755/383/4 754/380/4
f 721/384/4 1245/378/4 722/381/4
f 720/385/4 1245/378/4 721/384/4
f 897/382/4 756/386/4 755/383/4
f 719/387/4 1245/378/4 720/385/4
f 719/387/4 1246/388/4 1245/378/4
f 718/389/4 1246/388/4 719/387/4
f 897/382/4 757/390/4 756/386/4
f 717/391/4 1246/388/4 718/389/4
f 897/382/4 758/392/4 757/390/4
f 716/393/4 1246/388/4 717/391/4
f 715/394/4 1246/388/4 716/393/4
f 897/382/4 759/395/4 758/392/4
f 714/396/4 1246/388/4 715/394/4
f 896/397/4 759/395/4 897/382/4
f 896/397/4 760/398/4 759/395/4
f 896/397/4 761/399/4 760/398/4
f 896/397/4 762/400/4 761/399/4
f 896/397/4 763/401/4 762/400/4
f 895/402/4 763/401/4 896/397/4
f 895/402/4 764/403/4 763/401/4
f 895/402/4 765/404/4 764/403/4
f 895/402/4 766/405/4 765/404/4
f 895/402/4 767/406/4 766/405/4
f 894/407/4 767/406/4 895/402/4
f 894/407/4 768/408/4 767/406/4
f 894/407/4 769/409/4 768/408/4
f 894/407/4 770/410/4 769/409/4
f 894/407/4 771/411/4 770/410/4
f 894/407/4 772/412/4 771/411/4
f 893/413/4 772/412/4 894/407/4
f 893/413/4 773/414/4 772/412/4
f 893/413/4 774/415/4 773/414/4
f 893/413/4 775/416/4 774/415/4
f 893/413/4 776/417/4 775/416/4
f 892/418/4 776/417/4 893/413/4
f 891/419/4 776/417/4 892/418/4
f 890/420/4 776/417/4 891/419/4
f 889/421/4 776/417/4 890/420/4
f 888/422/4 776/417/4 889/421/4
f 887/423/4 776/417/4 888/422/4
f 886/424/4 776/417/4 887/423/4
f 886/424/4 777/425/4 776/417/4
f 885/426/4 777/425/4 886/424/4
f 885/426/4 778/427/4 777/425/4
f 885/426/4 779/428/4 778/427/4
f 884/429/4 779/428/4 885/426/4
f 884/429/4 780/430/4 779/428/4
f 884/429/4 781/431/4 780/430/4
f 884/429/4 782/432/4 781/431/4
f 884/429/4 783/433/4 782/432/4
f 884/429/4 784/434/4 783/433/4
f 883/435/4 784/434/4 884/429/4
f 883/435/4 785/436/4 784/434/4
f 882/437/4 785/436/4 883/435/4
f 882/437/4 786/438/4 785/436/4
f 881/439/4 786/438/4 882/437/4
f 881/439/4 787/440/4 786/438/4
f 880/441/4 787/440/4 881/439/4
f 880/441/4 788/442/4 787/440/4
f 879/443/4 788/442/4 880/441/4
f 879/443/4 789/444/4 788/442/4
f 878/445/4 789/444/4 879/443/4
f 878/445/4 790/446/4 789/444/4
f 877/447/4 790/446/4 878/445/4
f 877/447/4 791/448/4 790/446/4
f 876/449/4 791/448/4 877/447/4
f 876/449/4 792/450/4 791/448/4
f 875/451/4 792/450/4 876/449/4
f 875/451/4 793/452/4 792/450/4
f 874/453/4 793/452/4 875/451/4
f 874/453/4 794/454/4 793/452/4
f 873/455/4 794/454/4 874/453/4
f 873/455/4 795/456/4 794/454/4
f 872/457/4 795/456/4 873/455/4
f 872/457/4 796/458/4 795/456/4
f 871/459/4 796/458/4 872/457/4
f 871/459/4 797/460/4 796/458/4
f 870/461/4 797/460/4 871/459/4
f 870/461/4 798/462/4 797/460/4
f 870/461/4 799/463/4 798/462/4
f 869/464/4 799/463/4 870/461/4
f 869/464/4 800/465/4 799/463/4
f 868/466/4 800/465/4 869/464/4
f 868/466/4 801/467/4 800/465/4
f 867/468/4 801/467/4 868/466/4
f 867/468/4 802/469/4 801/467/4
f 867/468/4 803/470/4 802/469/4
f 866/471/4 803/470/4 867/468/4
f 866/471/4 804/472/4 803/470/4
f 865/473/4 804/472/4 866/471/4
f 714/396/4 1247/474/4 1246/388/4
f 865/473/4 805/475/4 804/472/4
f 865/473/4 806/476/4 805/475/4
f 864/477/4 806/476/4 865/473/4
f 864/477/4 807/478/4 806/476/4
f 863/479/4 807/478/4 864/477/4
f 714/396/4 1248/480/4 1247/474/4
f 863/479/4 808/481/4 807/478/4
f 863/479/4 809/482/4 808/481/4
f 862/483/4 809/482/4 863/479/4
f 713/484/4 1248/480/4 714/396/4
f 862/483/4 810/485/4 809/482/4
f 862/483/4 811/486/4 810/485/4
f 861/487/4 811/486/4 862/483/4
f 713/484/4 1249/488/4 1248/480/4
f 861/487/4 812/489/4 811/486/4
f 861/487/4 813/490/4 812/489/4
f 860/491/4 813/490/4 861/487/4
f 712/492/4 1249/488/4 713/484/4
f 860/491/4 814/493/4 813/490/4
f 860/491/4 815/494/4 814/493/4
f 859/495/4 815/494/4 860/491/4
f 858/496/4 815/494/4 859/495/4
f 857/497/4 815/494/4 858/496/4
f 856/498/4 815/494/4 857/497/4
f 856/498/4 816/499/4 815/494/4
f 855/500/4 816/499/4 856/498/4
f 854/501/4 816/499/4 855/500/4
f 853/502/4 816/499/4 854/501/4
f 852/503/4 816/499/4 853/502/4
f 851/504/4 816/499/4 852/503/4
f 851/504/4 817/505/4 816/499/4
f 850/506/4 817/505/4 851/504/4
f 849/507/4 817/505/4 850/506/4
f 848/508/4 817/505/4 849/507/4
f 712/492/4 1250/509/4 1249/488/4
f 848/508/4 818/510/4 817/505/4
f 847/511/4 818/510/4 848/508/4
f 846/512/4 818/510/4 847/511/4
f 845/513/4 818/510/4 846/512/4
f 845/513/4 819/514/4 818/510/4
f 844/515/4 819/514/4 845/513/4
f 843/516/4 819/514/4 844/515/4
f 842/517/4 819/514/4 843/516/4
f 842/517/4 820/518/4 819/514/4
f 841/519/4 820/518/4 842/517/4
f 840/520/4 820/518/4 841/519/4
f 839/521/4 820/518/4 840/520/4
f 838/522/4 820/518/4 839/521/4
f 837/523/4 820/518/4 838/522/4
f 837/523/4 821/524/4 820/518/4
f 836/525/4 821/524/4 837/523/4
f 835/526/4 821/524/4 836/525/4
f 711/527/4 1250/509/4 712/492/4
f 834/528/4 821/524/4 835/526/4
f 833/529/4 821/524/4 834/528/4
f 833/529/4 822/530/4 821/524/4
f 832/531/4 822/530/4 833/529/4
f 831/532/4 822/530/4 832/531/4
f 830/533/4 822/530/4 831/532/4
f 830/533/4 823/534/4 822/530/4
f 829/535/4 823/534/4 830/533/4
f 828/536/4 823/534/4 829/535/4
f 827/537/4 823/534/4 828/536/4
f 827/537/4 824/538/4 823/534/4
f 826/539/4 824/538/4 827/537/4
f 825/540/4 824/538/4 826/539/4
f 711/527/4 1251/541/4 1250/509/4
f 710/542/4 1251/541/4 711/527/4
f 709/543/4 1251/541/4 710/542/4
f 709/543/4 1252/544/4 1251/541/4
f 708/545/4 1252/544/4 709/543/4
f 708/545/4 1253/546/4 1252/544/4
f 707/547/4 1253/546/4 708/545/4
f 707/547/4 1254/548/4 1253/546/4
f 706/549/4 1254/548/4 707/547/4
f 706/549/4 1255/550/4 1254/548/4
f 705/551/4 1255/550/4 706/549/4
f 705/551/4 1256/552/4 1255/550/4
f 704/553/4 1256/552/4 705/551/4
f 703/554/4 1256/552/4 704/553/4
f 703/554/4 1295/555/4 1256/552/4
f 1295/555/4 1294/556/4 1256/552/4
f 1294/556/4 1257/557/4 1256/552/4
f 702/558/4 1296/559/4 703/554/4
f 1296/559/4 1295/555/4 703/554/4
f 702/558/4 1297/560/4 1296/559/4
f 1293/561/4 1257/557/4 1294/556/4
f 702/558/4 1298/562/4 1297/560/4
f 702/558/4 1299/563/4 1298/562/4
f 1292/564/4 1257/557/4 1293/561/4
f 702/558/4 1300/565/4 1299/563/4
f 702/558/4 1301/566/4 1300/565/4
f 1291/567/4 1257/557/4 1292/564/4
f 702/558/4 1302/568/4 1301/566/4
f 702/558/4 1303/569/4 1302/568/4
f 1290/570/4 1257/557/4 1291/567/4
f 702/558/4 1304/571/4 1303/569/4
f 702/558/4 1305/572/4 1304/571/4
f 1289/573/4 1257/557/4 1290/570/4
f 702/558/4 1306/574/4 1305/572/4
f 702/558/4 1307/575/4 1306/574/4
f 1288/576/4 1257/557/4 1289/573/4
f 1288/576/4 1258/577/4 1257/557/4
f 702/558/4 1308/578/4 1307/575/4
f 1287/579/4 1258/577/4 1288/576/4
f 702/558/4 1309/580/4 1308/578/4
f 1286/581/4 1258/577/4 1287/579/4
f 702/558/4 1310/582/4 1309/580/4
f 1285/583/4 1258/577/4 1286/581/4
f 701/584/4 1310/582/4 702/558/4
f 701/584/4 1311/585/4 1310/582/4
f 1284/586/4 1258/577/4 1285/583/4
f 701/584/4 1312/587/4 1311/585/4
f 1283/588/4 1258/577/4 1284/586/4
f 701/584/4 1313/589/4 1312/587/4
f 1282/590/4 1258/577/4 1283/588/4
f 1282/590/4 1259/591/4 1258/577/4
f 1282/590/4 1260/592/4 1259/591/4
f 701/584/4 1314/593/4 1313/589/4
f 1282/590/4 1261/594/4 1260/592/4
f 700/595/4 1314/593/4 701/584/4
f 1282/590/4 1262/596/4 1261/594/4
f 1282/590/4 1263/597/4 1262/596/4
f 1282/590/4 1264/598/4 1263/597/4
f 1282/590/4 1265/599/4 1264/598/4
f 1282/590/4 1266/600/4 1265/599/4
f 1282/590/4 1267/601/4 1266/600/4
f 1282/590/4 1268/602/4 1267/601/4
f 1282/590/4 1269/603/4 1268/602/4
f 700/595/4 1315/604/4 1314/593/4
f 1282/590/4 1270/605/4 1269/603/4
f 1282/590/4 1271/606/4 1270/605/4
f 1282/590/4 1272/607/4 1271/606/4
f 1282/590/4 1273/608/4 1272/607/4
f 1281/609/4 1273/608/4 1282/590/4
f 1281/609/4 1274/610/4 1273/608/4
f 1280/611/4 1274/610/4 1281/609/4
f 1280/611/4 1275/612/4 1274/610/4
f 1279/613/4 1275/612/4 1280/611/4
f 1279/613/4 1276/614/4 1275/612/4
f 1278/615/4 1276/614/4 1279/613/4
f 1278/615/4 1277/616/4 1276/614/4
f 700/595/4 1316/617/4 1315/604/4
f 699/618/4 1316/617/4 700/595/4
f 699/618/4 1317/619/4 1316/617/4
f 698/620/4 1317/619/4 699/618/4
f 698/620/4 1318/621/4 1317/619/4
f 698/620/4 1319/622/4 1318/621/4
f 697/623/4 1319/622/4 698/620/4
f 697/623/4 1320/624/4 1319/622/4
f 696/625/4 1320/624/4 697/623/4
f 696/625/4 1321/626/4 1320/624/4
f 696/625/4 1322/627/4 1321/626/4
f 695/628/4 1322/627/4 696/625/4
f 695/628/4 1323/629/4 1322/627/4
f 695/628/4 1324/630/4 1323/629/4
f 694/631/4 1324/630/4 695/628/4
f 694/631/4 1325/632/4 1324/630/4
f 694/631/4 1326/633/4 1325/632/4
f 693/634/4 1326/633/4 694/631/4
f 693/634/4 1327/635/4 1326/633/4
f 693/634/4 1328/636/4 1327/635/4
f 692/637/4 1328/636/4 693/634/4
f 692/637/4 1329/638/4 1328/636/4
f 692/637/4 1330/639/4 1329/638/4
f 691/640/4 1330/639/4 692/637/4
f 691/640/4 1331/641/4 1330/639/4
f 691/640/4 1332/642/4 1331/641/4
f 690/643/4 1332/642/4 691/640/4
f 690/643/4 1333/644/4 1332/642/4
f 690/643/4 1334/645/4 1333/644/4
f 690/643/4 1335/646/4 1334/645/4
f 689/647/4 1335/646/4 690/643/4
f 688/648/4 1335/646/4 689/647/4
f 688/648/4 1336/649/4 1335/646/4
f 687/650/4 1336/649/4 688/648/4
f 686/651/4 1336/649/4 687/650/4
f 685/652/4 1336/649/4 686/651/4
f 684/653/4 1336/649/4 685/652/4
f 683/654/4 1336/649/4 684/653/4
f 683/654/4 1337/655/4 1336/649/4
f 682/656/4 1337/655/4 683/654/4
f 681/657/4 1337/655/4 682/656/4
f 680/658/4 1337/655/4 681/657/4
f 680/658/4 1338/659/4 1337/655/4
f 679/660/4 1338/659/4 680/658/4
f 678/661/4 1338/659/4 679/660/4
f 678/661/4 1339/662/4 1338/659/4
f 1354/663/4 1339/662/4 678/661/4
f 1353/664/4 1339/662/4 1354/663/4
f 1353/664/4 1340/665/4 1339/662/4
f 1352/666/4 1340/665/4 1353/664/4
f 1351/667/4 1340/665/4 1352/666/4
f 1351/667/4 1341/668/4 1340/665/4
f 1350/669/4 1341/668/4 1351/667/4
f 1349/670/4 1341/668/4 1350/669/4
f 1349/670/4 1342/671/4 1341/668/4
f 1348/672/4 1342/671/4 1349/670/4
f 1347/673/4 1342/671/4 1348/672/4
f 1346/674/4 1342/671/4 1347/673/4
f 1346/674/4 1343/675/4 1342/671/4
f 1345/676/4 1343/675/4 1346/674/4
f 1344/677/4 1343/675/4 1345/676/4
f 204/439/7 882/437/7 205/437/7
f 116/452/8 794/454/8 117/454/8
f 196/455/9 874/453/9 197/453/9
f 124/467/10 802/469/10 125/469/10
f 188/473/11 866/471/11 189/471/11
f 36/484/12 714/396/12 37/396/12
f 132/482/13 810/485/13 133/485/13
f 180/497/14 858/496/14 181/496/14
f 172/507/15 850/506/15 173/506/15
f 572/488/16 1250/509/16 573/509/16
f 140/505/17 818/510/17 141/510/17
f 164/519/18 842/517/18 165/517/18
f 156/529/19 834/528/19 157/528/19
f 148/540/20 826/539/20 149/539/20
f 28/551/21 706/549/21 29/549/21
f 620/560/22 1298/562/22 621/562/22
f 612/573/23 1290/570/23 613/570/23
f 628/572/24 1306/574/24 629/574/24
f 580/557/25 1258/577/25 581/577/25
f 636/589/26 1314/593/26 637/593/26
f 588/599/27 1266/600/27 589/600/27
f 604/609/28 1282/590/28 605/590/28
f 596/608/29 1274/610/29 597/610/29
f 20/623/30 698/620/30 21/620/30
f 644/626/31 1322/627/31 645/627/31
f 652/638/32 1330/639/32 653/639/32
f 12/647/33 690/643/33 13/643/33
f 4/657/34 682/656/34 5/656/34
f 660/655/35 1338/659/35 661/659/35
f 676/664/36 1354/663/36 677/663/36
f 668/676/37 1346/674/37 669/674/37
f 271/6/38 949/7/38 272/7/38
f 263/14/39 941/11/39 264/11/39
f 279/18/40 957/19/40 280/19/40
f 287/30/41 965/31/41 288/31/41
f 351/44/42 1029/46/42 352/46/42
f 343/47/43 1021/45/43 344/45/43
f 255/59/44 933/35/44 256/35/44
f 359/58/45 1037/60/45 360/60/45
f 295/70/46 973/72/46 296/72/46
f 335/74/47 1013/71/47 336/71/47
f 303/89/48 981/91/48 304/91/48
f 327/94/49 1005/90/49 328/90/49
f 311/107/50 989/109/50 312/109/50
f 319/110/51 997/108/51 320/108/51
f 367/92/52 1045/117/52 368/117/52
f 247/127/53 925/125/53 248/125/53
f 375/130/54 1053/131/54 376/131/54
f 383/142/55 1061/143/55 384/143/55
f 391/152/56 1069/153/56 392/153/56
f 269/3/57 947/4/57 270/4/57
f 239/156/58 917/151/58 240/151/58
f 277/15/59 955/16/59 278/16/59
f 261/20/60 939/17/60 262/17/60
f 285/27/61 963/28/61 286/28/61
f 349/40/62 1027/42/62 350/42/62
f 399/161/63 1077/163/63 400/163/63
f 341/51/64 1019/49/64 342/49/64
f 407/171/65 1085/172/65 408/172/65
f 415/180/66 1093/182/66 416/182/66
f 423/191/67 1101/192/67 424/192/67
f 357/56/68 1035/57/68 358/57/68
f 231/197/69 909/194/69 232/194/69
f 293/66/70 971/68/70 294/68/70
f 365/67/71 1043/77/71 366/77/71
f 333/79/72 1011/76/72 334/76/72
f 519/200/73 1197/201/73 520/201/73
f 253/85/74 931/73/74 254/73/74
f 301/84/75 979/87/75 302/87/75
f 527/209/76 1205/211/76 528/211/76
f 535/222/77 1213/224/77 536/224/77
f 543/233/78 1221/234/78 544/234/78
f 325/97/79 1003/95/79 326/95/79
f 511/236/80 1189/232/80 512/232/80
f 431/239/81 1109/247/81 432/247/81
f 503/250/82 1181/248/82 504/248/82
f 551/260/83 1229/263/83 552/263/83
f 309/102/84 987/104/84 310/104/84
f 495/266/85 1173/264/85 496/264/85
f 317/114/86 995/112/86 318/112/86
f 373/126/87 1051/128/87 374/128/87
f 487/278/88 1165/277/88 488/277/88
f 245/132/89 923/129/89 246/129/89
f 439/288/90 1117/290/90 440/290/90
f 479/297/91 1157/293/91 480/293/91
f 381/139/92 1059/140/92 382/140/92
f 389/149/93 1067/150/93 390/150/93
f 447/301/94 1125/303/94 448/303/94
f 397/159/95 1075/160/95 398/160/95
f 455/315/96 1133/317/96 456/317/96
f 237/169/97 915/162/97 238/162/97
f 471/318/98 1149/316/98 472/316/98
f 463/330/99 1141/329/99 464/329/99
f 405/168/100 1083/170/100 406/170/100
f 559/335/101 1237/336/101 560/336/101
f 223/341/102 901/338/102 224/338/102
f 413/178/103 1091/179/103 414/179/103
f 421/188/104 1099/189/104 422/189/104
f 63/349/105 741/352/105 64/352/105
f 525/206/106 1203/208/106 526/208/106
f 55/361/107 733/359/107 56/359/107
f 517/212/108 1195/207/108 518/207/108
f 71/366/109 749/368/109 72/368/109
f 47/377/110 725/375/110 48/375/110
f 429/199/111 1107/218/111 430/218/111
f 533/220/112 1211/221/112 534/221/112
f 541/230/113 1219/231/113 542/231/113
f 567/348/114 1245/378/114 568/378/114
f 509/238/115 1187/237/115 510/237/115
f 79/386/116 757/390/116 80/390/116
f 39/393/110 717/391/110 40/391/110
f 229/246/117 907/210/117 230/210/117
f 87/403/118 765/404/118 88/404/118
f 501/253/119 1179/251/119 502/251/119
f 95/412/120 773/414/120 96/414/120
f 549/252/121 1227/256/121 550/256/121
f 215/418/122 893/413/122 216/413/122
f 493/269/123 1171/268/123 494/268/123
f 207/429/124 885/426/124 208/426/124
f 485/281/125 1163/280/125 486/280/125
f 103/430/126 781/431/126 104/431/126
f 437/286/127 1115/287/127 438/287/127
f 445/298/128 1123/299/128 446/299/128
f 111/442/129 789/444/129 112/444/129
f 477/302/130 1155/300/130 478/300/130
f 199/449/131 877/447/131 200/447/131
f 453/312/132 1131/314/132 454/314/132
f 119/458/133 797/460/133 120/460/133
f 469/321/134 1147/319/134 470/319/134
f 191/466/135 869/464/135 192/464/135
f 461/332/136 1139/331/136 462/331/136
f 127/472/137 805/475/137 128/475/137
f 557/305/138 1235/333/138 558/333/138
f 565/344/139 1243/345/139 566/345/139
f 135/489/140 813/490/140 136/490/140
f 221/346/141 899/343/141 222/343/141
f 183/491/142 861/487/142 184/487/142
f 61/350/143 739/347/143 62/347/143
f 175/503/144 853/502/144 176/502/144
f 167/515/145 845/513/145 168/513/145
f 69/362/146 747/364/146 70/364/146
f 53/365/147 731/363/147 54/363/147
f 45/381/110 723/379/110 46/379/110
f 143/518/148 821/524/148 144/524/148
f 159/525/149 837/523/149 160/523/149
f 77/380/150 755/383/150 78/383/150
f 151/536/151 829/535/151 152/535/151
f 37/396/124 715/394/124 38/394/124
f 31/545/152 709/543/152 32/543/152
f 85/400/153 763/401/153 86/401/153
f 575/544/154 1253/546/154 576/546/154
f 615/564/155 1293/561/155 616/561/155
f 93/410/156 771/411/156 94/411/156
f 623/565/157 1301/566/157 624/566/157
f 213/420/158 891/419/158 214/419/158
f 631/578/159 1309/580/159 632/580/159
f 607/586/160 1285/583/160 608/583/160
f 101/427/161 779/428/161 102/428/161
f 205/437/162 883/435/162 206/435/162
f 583/592/163 1261/594/163 584/594/163
f 23/595/164 701/584/164 24/584/164
f 109/438/165 787/440/165 110/440/165
f 197/453/166 875/451/166 198/451/166
f 591/602/167 1269/603/167 592/603/167
f 117/454/168 795/456/168 118/456/168
f 599/614/169 1277/616/169 600/616/169
f 125/469/170 803/470/170 126/470/170
f 189/471/171 867/468/171 190/468/171
f 639/617/172 1317/619/172 640/619/172
f 647/630/173 1325/632/173 648/632/173
f 15/637/174 693/634/174 16/634/174
f 133/485/175 811/486/175 134/486/175
f 181/496/176 859/495/176 182/495/176
f 173/506/177 851/504/177 174/504/177
f 655/642/178 1333/644/178 656/644/178
f 7/653/179 685/652/179 8/652/179
f 141/510/180 819/514/180 142/514/180
f 165/517/181 843/516/181 166/516/181
f 663/665/182 1341/668/182 664/668/182
f 157/528/183 835/526/183 158/526/183
f 671/672/18 1349/670/18 672/670/18
f 149/539/184 827/537/184 150/537/184
f 573/509/185 1251/541/185 574/541/185
f 29/549/186 707/547/186 30/547/186
f 621/562/187 1299/563/187 622/563/187
f 613/570/188 1291/567/188 614/567/188
f 629/574/189 1307/575/189 630/575/189
f 605/590/190 1283/588/190 606/588/190
f 581/577/191 1259/591/191 582/591/191
f 589/600/192 1267/601/192 590/601/192
f 637/593/193 1315/604/193 638/604/193
f 597/610/194 1275/612/194 598/612/194
f 21/620/195 699/618/195 22/618/195
f 645/627/196 1323/629/196 646/629/196
f 653/639/197 1331/641/197 654/641/197
f 13/643/198 691/640/198 14/640/198
f 5/656/199 683/654/199 6/654/199
f 661/659/200 1339/662/200 662/662/200
f 669/674/201 1347/673/201 670/673/201
f 265/8/202 943/5/202 266/5/202
f 273/9/203 951/10/203 274/10/203
f 281/21/204 959/22/204 282/22/204
f 257/32/205 935/29/205 258/29/205
f 289/33/206 967/34/206 290/34/206
f 345/43/207 1023/41/207 346/41/207
f 353/48/208 1031/50/208 354/50/208
f 361/61/209 1039/62/209 362/62/209
f 337/69/210 1015/65/210 338/65/210
f 297/75/211 975/78/211 298/78/211
f 329/88/212 1007/86/212 330/86/212
f 305/93/213 983/96/213 306/96/213
f 321/106/214 999/103/214 322/103/214
f 313/111/215 991/113/215 314/113/215
f 369/119/216 1047/121/216 370/121/216
f 249/122/217 927/120/217 250/120/217
f 377/133/218 1055/134/218 378/134/218
f 241/145/219 919/141/219 242/141/219
f 385/144/220 1063/146/220 386/146/220
f 393/154/221 1071/155/221 394/155/221
f 401/164/222 1079/165/222 402/165/222
f 409/173/56 1087/174/56 410/174/56
f 417/183/223 1095/184/223 418/184/223
f 233/190/224 911/186/224 234/186/224
f 425/193/225 1103/195/225 426/195/225
f 521/202/226 1199/203/226 522/203/226
f 529/213/227 1207/214/227 530/214/227
f 537/225/228 1215/226/228 538/226/228
f 513/227/229 1191/223/229 514/223/229
f 545/235/230 1223/240/230 546/240/230
f 505/245/231 1183/243/231 506/243/231
f 433/254/232 1111/261/232 434/261/232
f 497/262/233 1175/259/233 498/259/233
f 553/267/234 1231/273/234 554/273/234
f 489/275/235 1167/274/235 490/274/235
f 481/289/236 1159/284/236 482/284/236
f 441/292/237 1119/294/237 442/294/237
f 449/304/238 1127/307/238 450/307/238
f 473/313/239 1151/311/239 474/311/239
f 457/320/240 1135/322/240 458/322/240
f 465/327/241 1143/326/241 466/326/241
f 225/334/242 903/291/242 226/291/242
f 561/337/243 1239/339/243 562/339/243
f 65/354/244 743/356/244 66/356/244
f 57/357/245 735/355/245 58/355/245
f 73/370/246 751/372/246 74/372/246
f 49/374/247 727/371/247 50/371/247
f 41/389/110 719/387/110 42/387/110
f 81/392/248 759/395/248 82/395/248
f 89/405/249 767/406/249 90/406/249
f 217/407/250 895/402/250 218/402/250
f 97/415/251 775/416/251 98/416/251
f 209/424/252 887/423/252 210/423/252
f 105/432/253 783/433/253 106/433/253
f 201/445/254 879/443/254 202/443/254
f 113/446/255 791/448/255 114/448/255
f 193/461/256 871/459/256 194/459/256
f 121/462/257 799/463/257 122/463/257
f 569/388/258 1247/474/258 570/474/258
f 129/476/259 807/478/259 130/478/259
f 185/483/260 863/479/260 186/479/260
f 137/493/261 815/494/261 138/494/261
f 177/501/262 855/500/262 178/500/262
f 169/512/263 847/511/263 170/511/263
f 161/522/264 839/521/264 162/521/264
f 153/533/265 831/532/265 154/532/265
f 145/530/266 823/534/266 146/534/266
f 33/542/267 711/527/267 34/527/267
f 577/548/268 1255/550/268 578/550/268
f 617/556/269 1295/555/269 618/555/269
f 25/558/270 703/554/270 26/554/270
f 625/568/271 1303/569/271 626/569/271
f 609/581/272 1287/579/272 610/579/272
f 633/582/273 1311/585/273 634/585/273
f 585/596/274 1263/597/274 586/597/274
f 593/605/275 1271/606/275 594/606/275
f 601/615/276 1279/613/276 602/613/276
f 641/621/277 1319/622/277 642/622/277
f 17/631/278 695/628/278 18/628/278
f 649/633/279 1327/635/279 650/635/279
f 657/645/280 1335/646/280 658/646/280
f 9/651/281 687/650/281 10/650/281
f 1/661/282 679/660/282 2/660/282
f 677/663/283 678/661/283 1/661/283
f 673/669/284 1351/667/284 674/667/284
f 665/671/285 1343/675/285 666/675/285
f 267/1/286 945/2/286 268/2/286
f 275/12/287 953/13/287 276/13/287
f 283/24/288 961/25/288 284/25/288
f 259/26/289 937/23/289 260/23/289
f 291/36/290 969/37/290 292/37/290
f 347/38/291 1025/39/291 348/39/291
f 355/52/292 1033/54/292 356/54/292
f 339/55/293 1017/53/293 340/53/293
f 363/63/294 1041/64/294 364/64/294
f 299/80/295 977/82/295 300/82/295
f 331/83/296 1009/81/296 332/81/296
f 307/98/297 985/100/297 308/100/297
f 323/101/298 1001/99/298 324/99/298
f 315/115/299 993/116/299 316/116/299
f 251/118/300 929/105/300 252/105/300
f 371/123/301 1049/124/301 372/124/301
f 379/136/302 1057/137/302 380/137/302
f 243/138/303 921/135/303 244/135/303
f 387/147/304 1065/148/304 388/148/304
f 395/157/305 1073/158/305 396/158/305
f 403/166/306 1081/167/306 404/167/306
f 411/176/307 1089/177/307 412/177/307
f 235/181/308 913/175/308 236/175/308
f 419/185/309 1097/187/309 420/187/309
f 427/196/310 1105/198/310 428/198/310
f 523/204/311 1201/205/311 524/205/311
f 531/216/312 1209/217/312 532/217/312
f 515/219/313 1193/215/313 516/215/313
f 539/228/314 1217/229/314 540/229/314
f 507/242/315 1185/241/315 508/241/315
f 547/244/316 1225/249/316 548/249/316
f 499/257/317 1177/255/317 500/255/317
f 227/270/318 905/258/318 228/258/318
f 491/272/319 1169/271/319 492/271/319
f 435/265/320 1113/276/320 436/276/320
f 483/283/321 1161/282/321 484/282/321
f 555/279/322 1233/285/322 556/285/322
f 443/295/323 1121/296/323 444/296/323
f 475/308/324 1153/306/324 476/306/324
f 451/309/325 1129/310/325 452/310/325
f 467/324/326 1145/323/326 468/323/326
f 459/325/327 1137/328/327 460/328/327
f 563/340/328 1241/342/328 564/342/328
f 59/353/329 737/351/329 60/351/329
f 67/358/330 745/360/330 68/360/330
f 51/369/331 729/367/331 52/367/331
f 75/373/332 753/376/332 76/376/332
f 43/385/110 721/384/110 44/384/110
f 219/397/333 897/382/333 220/382/333
f 83/398/334 761/399/334 84/399/334
f 91/408/335 769/409/335 92/409/335
f 211/422/336 889/421/336 212/421/336
f 99/417/337 777/425/337 100/425/337
f 107/434/338 785/436/338 108/436/338
f 203/441/339 881/439/339 204/439/339
f 115/450/340 793/452/340 116/452/340
f 195/457/341 873/455/341 196/455/341
f 123/465/342 801/467/342 124/467/342
f 187/477/343 865/473/343 188/473/343
f 131/481/344 809/482/344 132/482/344
f 571/480/345 1249/488/345 572/488/345
f 35/492/346 713/484/346 36/484/346
f 179/498/347 857/497/347 180/497/347
f 139/499/348 817/505/348 140/505/348
f 171/508/349 849/507/349 172/507/349
f 163/520/350 841/519/350 164/519/350
f 155/531/351 833/529/351 156/529/351
f 147/538/352 825/540/352 148/540/352
f 27/553/353 705/551/353 28/551/353
f 579/552/354 1257/557/354 580/557/354
f 619/559/355 1297/560/355 620/560/355
f 627/571/356 1305/572/356 628/572/356
f 611/576/357 1289/573/357 612/573/357
f 635/587/358 1313/589/358 636/589/358
f 587/598/359 1265/599/359 588/599/359
f 595/607/360 1273/608/360 596/608/360
f 603/611/361 1281/609/361 604/609/361
f 19/625/362 697/623/362 20/623/362
f 643/624/363 1321/626/363 644/626/363
f 651/636/364 1329/638/364 652/638/364
f 11/648/176 689/647/176 12/647/176
f 659/649/365 1337/655/365 660/655/365
f 3/658/177 681/657/177 4/657/177
f 675/666/366 1353/664/366 676/664/366
f 667/677/367 1345/676/367 668/676/367
f 272/7/368 950/9/368 273/9/368
f 270/4/369 948/6/369 271/6/369
f 264/11/370 942/8/370 265/8/370
f 262/17/371 940/14/371 263/14/371
f 278/16/372 956/18/372 279/18/372
f 280/19/373 958/21/373 281/21/373
f 288/31/374 966/33/374 289/33/374
f 286/28/375 964/30/375 287/30/375
f 256/35/376 934/32/376 257/32/376
f 350/42/377 1028/44/377 351/44/377
f 342/49/378 1020/47/378 343/47/378
f 344/45/379 1022/43/379 345/43/379
f 358/57/380 1036/58/380 359/58/380
f 294/68/381 972/70/381 295/70/381
f 254/73/382 932/59/382 255/59/382
f 352/46/383 1030/48/383 353/48/383
f 360/60/384 1038/61/384 361/61/384
f 336/71/385 1014/69/385 337/69/385
f 334/76/386 1012/74/386 335/74/386
f 296/72/387 974/75/387 297/75/387
f 328/90/388 1006/88/388 329/88/388
f 304/91/389 982/93/389 305/93/389
f 320/108/390 998/106/390 321/106/390
f 302/87/391 980/89/391 303/89/391
f 366/77/392 1044/92/392 367/92/392
f 312/109/393 990/111/393 313/111/393
f 326/95/394 1004/94/394 327/94/394
f 368/117/320 1046/119/320 369/119/320
f 248/125/395 926/122/395 249/122/395
f 310/104/396 988/107/396 311/107/396
f 318/112/397 996/110/397 319/110/397
f 376/131/398 1054/133/398 377/133/398
f 246/129/399 924/127/399 247/127/399
f 384/143/400 1062/144/400 385/144/400
f 240/151/401 918/145/401 241/145/401
f 374/128/402 1052/130/402 375/130/402
f 382/140/403 1060/142/403 383/142/403
f 390/150/404 1068/152/404 391/152/404
f 392/153/405 1070/154/405 393/154/405
f 398/160/406 1076/161/406 399/161/406
f 238/162/407 916/156/407 239/156/407
f 400/163/408 1078/164/408 401/164/408
f 408/172/409 1086/173/409 409/173/409
f 416/182/410 1094/183/410 417/183/410
f 424/192/411 1102/193/411 425/193/411
f 232/194/412 910/190/412 233/190/412
f 406/170/413 1084/171/413 407/171/413
f 520/201/414 1198/202/414 521/202/414
f 414/179/415 1092/180/415 415/180/415
f 528/211/416 1206/213/416 529/213/416
f 422/189/417 1100/191/417 423/191/417
f 536/224/418 1214/225/418 537/225/418
f 518/207/419 1196/200/419 519/200/419
f 512/232/420 1190/227/420 513/227/420
f 526/208/421 1204/209/421 527/209/421
f 230/210/422 908/197/422 231/197/422
f 544/234/423 1222/235/423 545/235/423
f 504/248/424 1182/245/424 505/245/424
f 534/221/425 1212/222/425 535/222/425
f 432/247/426 1110/254/426 433/254/426
f 542/231/427 1220/233/427 543/233/427
f 496/264/428 1174/262/428 497/262/428
f 510/237/429 1188/236/429 511/236/429
f 552/263/430 1230/267/430 553/267/430
f 488/277/431 1166/275/431 489/275/431
f 430/218/432 1108/239/432 431/239/432
f 502/251/433 1180/250/433 503/250/433
f 440/290/434 1118/292/434 441/292/434
f 480/293/435 1158/289/435 481/289/435
f 550/256/436 1228/260/436 551/260/436
f 448/303/437 1126/304/437 449/304/437
f 494/268/438 1172/266/438 495/266/438
f 472/316/439 1150/313/439 473/313/439
f 486/280/440 1164/278/440 487/278/440
f 456/317/441 1134/320/441 457/320/441
f 464/329/442 1142/327/442 465/327/442
f 438/287/443 1116/288/443 439/288/443
f 478/300/444 1156/297/444 479/297/444
f 560/336/445 1238/337/445 561/337/445
f 224/338/446 902/334/446 225/334/446
f 446/299/447 1124/301/447 447/301/447
f 454/314/448 1132/315/448 455/315/448
f 470/319/449 1148/318/449 471/318/449
f 462/331/450 1140/330/450 463/330/450
f 64/352/451 742/354/451 65/354/451
f 56/359/452 734/357/452 57/357/452
f 558/333/453 1236/335/453 559/335/453
f 222/343/454 900/341/454 223/341/454
f 72/368/455 750/370/455 73/370/455
f 48/375/110 726/374/110 49/374/110
f 568/378/456 1246/388/456 569/388/456
f 40/391/110 718/389/110 41/389/110
f 566/345/457 1244/348/457 567/348/457
f 80/390/458 758/392/458 81/392/458
f 62/347/459 740/349/459 63/349/459
f 54/363/460 732/361/460 55/361/460
f 88/404/461 766/405/461 89/405/461
f 216/413/462 894/407/462 217/407/462
f 70/364/463 748/366/463 71/366/463
f 96/414/464 774/415/464 97/415/464
f 46/379/110 724/377/110 47/377/110
f 208/426/465 886/424/465 209/424/465
f 104/431/466 782/432/466 105/432/466
f 78/383/209 756/386/209 79/386/209
f 38/394/110 716/393/110 39/393/110
f 112/444/467 790/446/467 113/446/467
f 200/447/468 878/445/468 201/445/468
f 86/401/469 764/403/469 87/403/469
f 120/460/470 798/462/470 121/462/470
f 94/411/471 772/412/471 95/412/471
f 192/464/472 870/461/472 193/461/472
f 214/419/473 892/418/473 215/418/473
f 128/475/474 806/476/474 129/476/474
f 184/487/475 862/483/475 185/483/475
f 102/428/476 780/430/476 103/430/476
f 206/435/477 884/429/477 207/429/477
f 136/490/478 814/493/478 137/493/478
f 176/502/479 854/501/479 177/501/479
f 110/440/480 788/442/480 111/442/480
f 168/513/481 846/512/481 169/512/481
f 198/451/482 876/449/482 199/449/482
f 160/523/483 838/522/483 161/522/483
f 118/456/484 796/458/484 119/458/484
f 190/468/485 868/466/485 191/466/485
f 144/524/486 822/530/486 145/530/486
f 126/470/487 804/472/487 127/472/487
f 152/535/488 830/533/488 153/533/488
f 32/543/489 710/542/489 33/542/489
f 134/486/490 812/489/490 135/489/490
f 182/495/33 860/491/33 183/491/33
f 576/546/491 1254/548/491 577/548/491
f 174/504/34 852/503/34 175/503/34
f 616/561/492 1294/556/492 617/556/492
f 624/566/493 1302/568/493 625/568/493
f 632/580/494 1310/582/494 633/582/494
f 166/516/495 844/515/495 167/515/495
f 608/583/496 1286/581/496 609/581/496
f 24/584/497 702/558/497 25/558/497
f 142/514/498 820/518/498 143/518/498
f 158/526/499 836/525/499 159/525/499
f 150/537/500 828/536/500 151/536/500
f 574/541/501 1252/544/501 575/544/501
f 30/547/502 708/545/502 31/545/502
f 584/594/503 1262/596/503 585/596/503
f 622/563/504 1300/565/504 623/565/504
f 592/603/505 1270/605/505 593/605/505
f 614/567/506 1292/564/506 615/564/506
f 600/616/507 1278/615/507 601/615/507
f 630/575/508 1308/578/508 631/578/508
f 640/619/509 1318/621/509 641/621/509
f 606/588/510 1284/586/510 607/586/510
f 648/632/511 1326/633/511 649/633/511
f 16/634/512 694/631/512 17/631/512
f 582/591/513 1260/592/513 583/592/513
f 590/601/514 1268/602/514 591/602/514
f 656/644/515 1334/645/515 657/645/515
f 8/652/516 686/651/516 9/651/516
f 598/612/517 1276/614/517 599/614/517
f 638/604/518 1316/617/518 639/617/518
f 22/618/519 700/595/519 23/595/519
f 672/670/520 1350/669/520 673/669/520
f 646/629/521 1324/630/521 647/630/521
f 664/668/522 1342/671/522 665/671/522
f 14/640/523 692/637/523 15/637/523
f 654/641/524 1332/642/524 655/642/524
f 6/654/525 684/653/525 7/653/525
f 662/662/526 1340/665/526 663/665/526
f 670/673/527 1348/672/527 671/672/527
f 266/5/528 944/1/528 267/1/528
f 274/10/529 952/12/529 275/12/529
f 282/22/530 960/24/530 283/24/530
f 258/29/531 936/26/531 259/26/531
f 290/34/532 968/36/532 291/36/532
f 346/41/533 1024/38/533 347/38/533
f 354/50/534 1032/52/534 355/52/534
f 362/62/535 1040/63/535 363/63/535
f 338/65/536 1016/55/536 339/55/536
f 298/78/537 976/80/537 299/80/537
f 330/86/538 1008/83/538 331/83/538
f 306/96/539 984/98/539 307/98/539
f 322/103/540 1000/101/540 323/101/540
f 314/113/541 992/115/541 315/115/541
f 250/120/542 928/118/542 251/118/542
f 370/121/543 1048/123/543 371/123/543
f 378/134/544 1056/136/544 379/136/544
f 242/141/545 920/138/545 243/138/545
f 386/146/546 1064/147/546 387/147/546
f 394/155/547 1072/157/547 395/157/547
f 402/165/548 1080/166/548 403/166/548
f 410/174/549 1088/176/549 411/176/549
f 418/184/550 1096/185/550 419/185/550
f 234/186/551 912/181/551 235/181/551
f 426/195/552 1104/196/552 427/196/552
f 522/203/553 1200/204/553 523/204/553
f 530/214/554 1208/216/554 531/216/554
f 514/223/555 1192/219/555 515/219/555
f 538/226/556 1216/228/556 539/228/556
f 506/243/557 1184/242/557 507/242/557
f 546/240/558 1224/244/558 547/244/558
f 498/259/559 1176/257/559 499/257/559
f 434/261/560 1112/265/560 435/265/560
f 490/274/561 1168/272/561 491/272/561
f 554/273/562 1232/279/562 555/279/562
f 482/284/563 1160/283/563 483/283/563
f 226/291/564 904/270/564 227/270/564
f 442/294/565 1120/295/565 443/295/565
f 450/307/566 1128/309/566 451/309/566
f 474/311/567 1152/308/567 475/308/567
f 458/322/568 1136/325/568 459/325/568
f 466/326/569 1144/324/569 467/324/569
f 562/339/570 1240/340/570 563/340/570
f 58/355/571 736/353/571 59/353/571
f 66/356/572 744/358/572 67/358/572
f 50/371/573 728/369/573 51/369/573
f 74/372/574 752/373/574 75/373/574
f 42/387/110 720/385/110 43/385/110
f 82/395/575 760/398/575 83/398/575
f 218/402/576 896/397/576 219/397/576
f 90/406/577 768/408/577 91/408/577
f 98/416/456 776/417/456 99/417/456
f 210/423/578 888/422/578 211/422/578
f 106/433/579 784/434/579 107/434/579
f 202/443/580 880/441/580 203/441/580
f 114/448/581 792/450/581 115/450/581
f 194/459/582 872/457/582 195/457/582
f 122/463/583 800/465/583 123/465/583
f 186/479/584 864/477/584 187/477/584
f 570/474/585 1248/480/585 571/480/585
f 130/478/586 808/481/586 131/481/586
f 138/494/587 816/499/587 139/499/587
f 178/500/588 856/498/588 179/498/588
f 170/511/589 848/508/589 171/508/589
f 162/521/590 840/520/590 163/520/590
f 34/527/591 712/492/591 35/492/591
f 154/532/592 832/531/592 155/531/592
f 146/534/593 824/538/593 147/538/593
f 578/550/594 1256/552/594 579/552/594
f 26/554/595 704/553/595 27/553/595
f 618/555/596 1296/559/596 619/559/596
f 626/569/597 1304/571/597 627/571/597
f 610/579/598 1288/576/598 611/576/598
f 634/585/599 1312/587/599 635/587/599
f 586/597/600 1264/598/600 587/598/600
f 594/606/601 1272/607/601 595/607/601
f 602/613/602 1280/611/602 603/611/602
f 642/622/603 1320/624/603 643/624/603
f 18/628/604 696/625/604 19/625/604
f 650/635/605 1328/636/605 651/636/605
f 658/646/606 1336/649/606 659/649/606
f 10/650/14 688/648/14 11/648/14
f 2/660/15 680/658/15 3/658/15
f 674/667/145 1352/666/145 675/666/145
f 666/675/149 1344/677/149 667/677/149
f 268/2/607 946/3/607 269/3/607
f 276/13/608 954/15/608 277/15/608
f 260/23/609 938/20/609 261/20/609
f 284/25/610 962/27/610 285/27/610
f 348/39/611 1026/40/611 349/40/611
f 340/53/612 1018/51/612 341/51/612
f 356/54/613 1034/56/613 357/56/613
f 292/37/614 970/66/614 293/66/614
f 364/64/615 1042/67/615 365/67/615
f 332/81/616 1010/79/616 333/79/616
f 300/82/617 978/84/617 301/84/617
f 324/99/618 1002/97/618 325/97/618
f 308/100/619 986/102/619 309/102/619
f 252/105/620 930/85/620 253/85/620
f 316/116/621 994/114/621 317/114/621
f 372/124/622 1050/126/622 373/126/622
f 244/135/623 922/132/623 245/132/623
f 380/137/624 1058/139/624 381/139/624
f 388/148/625 1066/149/625 389/149/625
f 396/158/626 1074/159/626 397/159/626
f 404/167/627 1082/168/627 405/168/627
f 236/175/628 914/169/628 237/169/628
f 412/177/629 1090/178/629 413/178/629
f 420/187/630 1098/188/630 421/188/630
f 428/198/631 1106/199/631 429/199/631
f 524/205/632 1202/206/632 525/206/632
f 516/215/633 1194/212/633 517/212/633
f 532/217/634 1210/220/634 533/220/634
f 540/229/635 1218/230/635 541/230/635
f 508/241/636 1186/238/636 509/238/636
f 548/249/637 1226/252/637 549/252/637
f 500/255/638 1178/253/638 501/253/638
f 228/258/639 906/246/639 229/246/639
f 492/271/640 1170/269/640 493/269/640
f 484/282/641 1162/281/641 485/281/641
f 436/276/642 1114/286/642 437/286/642
f 444/296/643 1122/298/643 445/298/643
f 556/285/644 1234/305/644 557/305/644
f 476/306/645 1154/302/645 477/302/645
f 452/310/646 1130/312/646 453/312/646
f 468/323/647 1146/321/647 469/321/647
f 460/328/648 1138/332/648 461/332/648
f 564/342/649 1242/344/649 565/344/649
f 60/351/650 738/350/650 61/350/650
f 68/360/651 746/362/651 69/362/651
f 52/367/652 730/365/652 53/365/652
f 76/376/653 754/380/653 77/380/653
f 220/382/654 898/346/654 221/346/654
f 44/384/110 722/381/110 45/381/110
f 84/399/655 762/400/655 85/400/655
f 92/409/656 770/410/656 93/410/656
f 212/421/657 890/420/657 213/420/657
f 100/425/658 778/427/658 101/427/658
f 108/436/659 786/438/659 109/438/659
f 204/439/7 881/439/7 882/437/7
f 116/452/8 793/452/8 794/454/8
f 196/455/9 873/455/9 874/453/9
f 124/467/10 801/467/10 802/469/10
f 188/473/11 865/473/11 866/471/11
f 36/484/12 713/484/12 714/396/12
f 132/482/13 809/482/13 810/485/13
f 180/497/14 857/497/14 858/496/14
f 172/507/660 849/507/660 850/506/660
f 572/488/16 1249/488/16 1250/509/16
f 140/505/17 817/505/17 818/510/17
f 164/519/661 841/519/661 842/517/661
f 156/529/19 833/529/19 834/528/19
f 148/540/20 825/540/20 826/539/20
f 28/551/21 705/551/21 706/549/21
f 620/560/22 1297/560/22 1298/562/22
f 612/573/23 1289/573/23 1290/570/23
f 628/572/24 1305/572/24 1306/574/24
f 580/557/25 1257/557/25 1258/577/25
f 636/589/26 1313/589/26 1314/593/26
f 588/599/27 1265/599/27 1266/600/27
f 604/609/662 1281/609/662 1282/590/662
f 596/608/29 1273/608/29 1274/610/29
f 20/623/663 697/623/663 698/620/663
f 644/626/31 1321/626/31 1322/627/31
f 652/638/32 1329/638/32 1330/639/32
f 12/647/33 689/647/33 690/643/33
f 4/657/34 681/657/34 682/656/34
f 660/655/35 1337/655/35 1338/659/35
f 676/664/664 1353/664/664 1354/663/664
f 668/676/37 1345/676/37 1346/674/37
f 271/6/38 948/6/38 949/7/38
f 263/14/39 940/14/39 941/11/39
f 279/18/40 956/18/40 957/19/40
f 287/30/41 964/30/41 965/31/41
f 351/44/665 1028/44/665 1029/46/665
f 343/47/666 1020/47/666 1021/45/666
f 255/59/44 932/59/44 933/35/44
f 359/58/667 1036/58/667 1037/60/667
f 295/70/46 972/70/46 973/72/46
f 335/74/47 1012/74/47 1013/71/47
f 303/89/48 980/89/48 981/91/48
f 327/94/49 1004/94/49 1005/90/49
f 311/107/50 988/107/50 989/109/50
f 319/110/51 996/110/51 997/108/51
f 367/92/52 1044/92/52 1045/117/52
f 247/127/53 924/127/53 925/125/53
f 375/130/54 1052/130/54 1053/131/54
f 383/142/55 1060/142/55 1061/143/55
f 391/152/56 1068/152/56 1069/153/56
f 269/3/57 946/3/57 947/4/57
f 239/156/58 916/156/58 917/151/58
f 277/15/59 954/15/59 955/16/59
f 261/20/60 938/20/60 939/17/60
f 285/27/61 962/27/61 963/28/61
f 349/40/62 1026/40/62 1027/42/62
f 399/161/63 1076/161/63 1077/163/63
f 341/51/668 1018/51/668 1019/49/668
f 407/171/65 1084/171/65 1085/172/65
f 415/180/66 1092/180/66 1093/182/66
f 423/191/67 1100/191/67 1101/192/67
f 357/56/669 1034/56/669 1035/57/669
f 231/197/69 908/197/69 909/194/69
f 293/66/70 970/66/70 971/68/70
f 365/67/71 1042/67/71 1043/77/71
f 333/79/72 1010/79/72 1011/76/72
f 519/200/73 1196/200/73 1197/201/73
f 253/85/74 930/85/74 931/73/74
f 301/84/75 978/84/75 979/87/75
f 527/209/76 1204/209/76 1205/211/76
f 535/222/670 1212/222/670 1213/224/670
f 543/233/78 1220/233/78 1221/234/78
f 325/97/79 1002/97/79 1003/95/79
f 511/236/80 1188/236/80 1189/232/80
f 431/239/81 1108/239/81 1109/247/81
f 503/250/82 1180/250/82 1181/248/82
f 551/260/83 1228/260/83 1229/263/83
f 309/102/84 986/102/84 987/104/84
f 495/266/85 1172/266/85 1173/264/85
f 317/114/86 994/114/86 995/112/86
f 373/126/87 1050/126/87 1051/128/87
f 487/278/88 1164/278/88 1165/277/88
f 245/132/89 922/132/89 923/129/89
f 439/288/90 1116/288/90 1117/290/90
f 479/297/91 1156/297/91 1157/293/91
f 381/139/92 1058/139/92 1059/140/92
f 389/149/93 1066/149/93 1067/150/93
f 447/301/94 1124/301/94 1125/303/94
f 397/159/95 1074/159/95 1075/160/95
f 455/315/96 1132/315/96 1133/317/96
f 237/169/97 914/169/97 915/162/97
f 471/318/98 1148/318/98 1149/316/98
f 463/330/99 1140/330/99 1141/329/99
f 405/168/100 1082/168/100 1083/170/100
f 559/335/101 1236/335/101 1237/336/101
f 223/341/102 900/341/102 901/338/102
f 413/178/103 1090/178/103 1091/179/103
f 421/188/104 1098/188/104 1099/189/104
f 63/349/105 740/349/105 741/352/105
f 525/206/106 1202/206/106 1203/208/106
f 55/361/107 732/361/107 733/359/107
f 517/212/108 1194/212/108 1195/207/108
f 71/366/671 748/366/671 749/368/671
f 47/377/110 724/377/110 725/375/110
f 429/199/111 1106/199/111 1107/218/111
f 533/220/112 1210/220/112 1211/221/112
f 541/230/113 1218/230/113 1219/231/113
f 567/348/114 1244/348/114 1245/378/114
f 509/238/115 1186/238/115 1187/237/115
f 79/386/116 756/386/116 757/390/116
f 39/393/110 716/393/110 717/391/110
f 229/246/117 906/246/117 907/210/117
f 87/403/118 764/403/118 765/404/118
f 501/253/119 1178/253/119 1179/251/119
f 95/412/120 772/412/120 773/414/120
f 549/252/121 1226/252/121 1227/256/121
f 215/418/122 892/418/122 893/413/122
f 493/269/123 1170/269/123 1171/268/123
f 207/429/124 884/429/124 885/426/124
f 485/281/125 1162/281/125 1163/280/125
f 103/430/126 780/430/126 781/431/126
f 437/286/127 1114/286/127 1115/287/127
f 445/298/128 1122/298/128 1123/299/128
f 111/442/129 788/442/129 789/444/129
f 477/302/130 1154/302/130 1155/300/130
f 199/449/131 876/449/131 877/447/131
f 453/312/132 1130/312/132 1131/314/132
f 119/458/133 796/458/133 797/460/133
f 469/321/134 1146/321/134 1147/319/134
f 191/466/135 868/466/135 869/464/135
f 461/332/136 1138/332/136 1139/331/136
f 127/472/137 804/472/137 805/475/137
f 557/305/138 1234/305/138 1235/333/138
f 565/344/139 1242/344/139 1243/345/139
f 135/489/140 812/489/140 813/490/140
f 221/346/141 898/346/141 899/343/141
f 183/491/142 860/491/142 861/487/142
f 61/350/143 738/350/143 739/347/143
f 175/503/144 852/503/144 853/502/144
f 167/515/145 844/515/145 845/513/145
f 69/362/672 746/362/672 747/364/672
f 53/365/147 730/365/147 731/363/147
f 45/381/110 722/381/110 723/379/110
f 143/518/148 820/518/148 821/524/148
f 159/525/149 836/525/149 837/523/149
f 77/380/150 754/380/150 755/383/150
f 151/536/151 828/536/151 829/535/151
f 37/396/124 714/396/124 715/394/124
f 31/545/152 708/545/152 709/543/152
f 85/400/153 762/400/153 763/401/153
f 575/544/154 1252/544/154 1253/546/154
f 615/564/155 1292/564/155 1293/561/155
f 93/410/156 770/410/156 771/411/156
f 623/565/157 1300/565/157 1301/566/157
f 213/420/158 890/420/158 891/419/158
f 631/578/159 1308/578/159 1309/580/159
f 607/586/160 1284/586/160 1285/583/160
f 101/427/161 778/427/161 779/428/161
f 205/437/162 882/437/162 883/435/162
f 583/592/163 1260/592/163 1261/594/163
f 23/595/164 700/595/164 701/584/164
f 109/438/165 786/438/165 787/440/165
f 197/453/166 874/453/166 875/451/166
f 591/602/673 1268/602/673 1269/603/673
f 117/454/168 794/454/168 795/456/168
f 599/614/169 1276/614/169 1277/616/169
f 125/469/170 802/469/170 803/470/170
f 189/471/171 866/471/171 867/468/171
f 639/617/172 1316/617/172 1317/619/172
f 647/630/173 1324/630/173 1325/632/173
f 15/637/174 692/637/174 693/634/174
f 133/485/175 810/485/175 811/486/175
f 181/496/176 858/496/176 859/495/176
f 173/506/177 850/506/177 851/504/177
f 655/642/178 1332/642/178 1333/644/178
f 7/653/674 684/653/674 685/652/674
f 141/510/180 818/510/180 819/514/180
f 165/517/675 842/517/675 843/516/675
f 663/665/182 1340/665/182 1341/668/182
f 157/528/183 834/528/183 835/526/183
f 671/672/676 1348/672/676 1349/670/676
f 149/539/184 826/539/184 827/537/184
f 573/509/185 1250/509/185 1251/541/185
f 29/549/186 706/549/186 707/547/186
f 621/562/187 1298/562/187 1299/563/187
f 613/570/188 1290/570/188 1291/567/188
f 629/574/189 1306/574/189 1307/575/189
f 605/590/190 1282/590/190 1283/588/190
f 581/577/191 1258/577/191 1259/591/191
f 589/600/677 1266/600/677 1267/601/677
f 637/593/193 1314/593/193 1315/604/193
f 597/610/678 1274/610/678 1275/612/678
f 21/620/195 698/620/195 699/618/195
f 645/627/196 1322/627/196 1323/629/196
f 653/639/197 1330/639/197 1331/641/197
f 13/643/198 690/643/198 691/640/198
f 5/656/199 682/656/199 683/654/199
f 661/659/200 1338/659/200 1339/662/200
f 669/674/201 1346/674/201 1347/673/201
f 265/8/202 942/8/202 943/5/202
f 273/9/203 950/9/203 951/10/203
f 281/21/204 958/21/204 959/22/204
f 257/32/205 934/32/205 935/29/205
f 289/33/206 966/33/206 967/34/206
f 345/43/679 1022/43/679 1023/41/679
f 353/48/208 1030/48/208 1031/50/208
f 361/61/680 1038/61/680 1039/62/680
f 337/69/210 1014/69/210 1015/65/210
f 297/75/211 974/75/211 975/78/211
f 329/88/212 1006/88/212 1007/86/212
f 305/93/213 982/93/213 983/96/213
f 321/106/214 998/106/214 999/103/214
f 313/111/215 990/111/215 991/113/215
f 369/119/216 1046/119/216 1047/121/216
f 249/122/217 926/122/217 927/120/217
f 377/133/218 1054/133/218 1055/134/218
f 241/145/219 918/145/219 919/141/219
f 385/144/220 1062/144/220 1063/146/220
f 393/154/221 1070/154/221 1071/155/221
f 401/164/222 1078/164/222 1079/165/222
f 409/173/56 1086/173/56 1087/174/56
f 417/183/223 1094/183/223 1095/184/223
f 233/190/224 910/190/224 911/186/224
f 425/193/225 1102/193/225 1103/195/225
f 521/202/226 1198/202/226 1199/203/226
f 529/213/227 1206/213/227 1207/214/227
f 537/225/681 1214/225/681 1215/226/681
f 513/227/229 1190/227/229 1191/223/229
f 545/235/230 1222/235/230 1223/240/230
f 505/245/231 1182/245/231 1183/243/231
f 433/254/232 1110/254/232 1111/261/232
f 497/262/233 1174/262/233 1175/259/233
f 553/267/234 1230/267/234 1231/273/234
f 489/275/235 1166/275/235 1167/274/235
f 481/289/236 1158/289/236 1159/284/236
f 441/292/237 1118/292/237 1119/294/237
f 449/304/238 1126/304/238 1127/307/238
f 473/313/239 1150/313/239 1151/311/239
f 457/320/240 1134/320/240 1135/322/240
f 465/327/241 1142/327/241 1143/326/241
f 225/334/242 902/334/242 903/291/242
f 561/337/243 1238/337/243 1239/339/243
f 65/354/244 742/354/244 743/356/244
f 57/357/245 734/357/245 735/355/245
f 73/370/246 750/370/246 751/372/246
f 49/374/247 726/374/247 727/371/247
f 41/389/110 718/389/110 719/387/110
f 81/392/248 758/392/248 759/395/248
f 89/405/249 766/405/249 767/406/249
f 217/407/250 894/407/250 895/402/250
f 97/415/251 774/415/251 775/416/251
f 209/424/252 886/424/252 887/423/252
f 105/432/253 782/432/253 783/433/253
f 201/445/254 878/445/254 879/443/254
f 113/446/255 790/446/255 791/448/255
f 193/461/256 870/461/256 871/459/256
f 121/462/257 798/462/257 799/463/257
f 569/388/258 1246/388/258 1247/474/258
f 129/476/259 806/476/259 807/478/259
f 185/483/260 862/483/260 863/479/260
f 137/493/261 814/493/261 815/494/261
f 177/501/262 854/501/262 855/500/262
f 169/512/664 846/512/664 847/511/664
f 161/522/682 838/522/682 839/521/682
f 153/533/265 830/533/265 831/532/265
f 145/530/266 822/530/266 823/534/266
f 33/542/267 710/542/267 711/527/267
f 577/548/268 1254/548/268 1255/550/268
f 617/556/269 1294/556/269 1295/555/269
f 25/558/270 702/558/270 703/554/270
f 625/568/271 1302/568/271 1303/569/271
f 609/581/272 1286/581/272 1287/579/272
f 633/582/273 1310/582/273 1311/585/273
f 585/596/274 1262/596/274 1263/597/274
f 593/605/683 1270/605/683 1271/606/683
f 601/615/684 1278/615/684 1279/613/684
f 641/621/277 1318/621/277 1319/622/277
f 17/631/278 694/631/278 695/628/278
f 649/633/279 1326/633/279 1327/635/279
f 657/645/280 1334/645/280 1335/646/280
f 9/651/281 686/651/281 687/650/281
f 1/661/282 678/661/282 679/660/282
f 677/663/283 1354/663/283 678/661/283
f 673/669/284 1350/669/284 1351/667/284
f 665/671/285 1342/671/285 1343/675/285
f 267/1/286 944/1/286 945/2/286
f 275/12/287 952/12/287 953/13/287
f 283/24/288 960/24/288 961/25/288
f 259/26/289 936/26/289 937/23/289
f 291/36/290 968/36/290 969/37/290
f 347/38/291 1024/38/291 1025/39/291
f 355/52/685 1032/52/685 1033/54/685
f 339/55/293 1016/55/293 1017/53/293
f 363/63/294 1040/63/294 1041/64/294
f 299/80/295 976/80/295 977/82/295
f 331/83/296 1008/83/296 1009/81/296
f 307/98/297 984/98/297 985/100/297
f 323/101/298 1000/101/298 1001/99/298
f 315/115/299 992/115/299 993/116/299
f 251/118/300 928/118/300 929/105/300
f 371/123/301 1048/123/301 1049/124/301
f 379/136/302 1056/136/302 1057/137/302
f 243/138/303 920/138/303 921/135/303
f 387/147/304 1064/147/304 1065/148/304
f 395/157/305 1072/157/305 1073/158/305
f 403/166/306 1080/166/306 1081/167/306
f 411/176/307 1088/176/307 1089/177/307
f 235/181/308 912/181/308 913/175/308
f 419/185/309 1096/185/309 1097/187/309
f 427/196/310 1104/196/310 1105/198/310
f 523/204/311 1200/204/311 1201/205/311
f 531/216/686 1208/216/686 1209/217/686
f 515/219/313 1192/219/313 1193/215/313
f 539/228/314 1216/228/314 1217/229/314
f 507/242/315 1184/242/315 1185/241/315
f 547/244/316 1224/244/316 1225/249/316
f 499/257/317 1176/257/317 1177/255/317
f 227/270/318 904/270/318 905/258/318
f 491/272/319 1168/272/319 1169/271/319
f 435/265/320 1112/265/320 1113/276/320
f 483/283/321 1160/283/321 1161/282/321
f 555/279/322 1232/279/322 1233/285/322
f 443/295/323 1120/295/323 1121/296/323
f 475/308/324 1152/308/324 1153/306/324
f 451/309/325 1128/309/325 1129/310/325
f 467/324/326 1144/324/326 1145/323/326
f 459/325/327 1136/325/327 1137/328/327
f 563/340/328 1240/340/328 1241/342/328
f 59/353/329 736/353/329 737/351/329
f 67/358/330 744/358/330 745/360/330
f 51/369/331 728/369/331 729/367/331
f 75/373/332 752/373/332 753/376/332
f 43/385/110 720/385/110 721/384/110
f 219/397/333 896/397/333 897/382/333
f 83/398/334 760/398/334 761/399/334
f 91/408/335 768/408/335 769/409/335
f 211/422/336 888/422/336 889/421/336
f 99/417/337 776/417/337 777/425/337
f 107/434/338 784/434/338 785/436/338
f 203/441/339 880/441/339 881/439/339
f 115/450/340 792/450/340 793/452/340
f 195/457/341 872/457/341 873/455/341
f 123/465/342 800/465/342 801/467/342
f 187/477/343 864/477/343 865/473/343
f 131/481/344 808/481/344 809/482/344
f 571/480/345 1248/480/345 1249/488/345
f 35/492/346 712/492/346 713/484/346
f 179/498/687 856/498/687 857/497/687
f 139/499/348 816/499/348 817/505/348
f 171/508/349 848/508/349 849/507/349
f 163/520/688 840/520/688 841/519/688
f 155/531/351 832/531/351 833/529/351
f 147/538/352 824/538/352 825/540/352
f 27/553/353 704/553/353 705/551/353
f 579/552/354 1256/552/354 1257/557/354
f 619/559/355 1296/559/355 1297/560/355
f 627/571/356 1304/571/356 1305/572/356
f 611/576/357 1288/576/357 1289/573/357
f 635/587/358 1312/587/358 1313/589/358
f 587/598/689 1264/598/689 1265/599/689
f 595/607/360 1272/607/360 1273/608/360
f 603/611/690 1280/611/690 1281/609/690
f 19/625/362 696/625/362 697/623/362
f 643/624/363 1320/624/363 1321/626/363
f 651/636/364 1328/636/364 1329/638/364
f 11/648/176 688/648/176 689/647/176
f 659/649/365 1336/649/365 1337/655/365
f 3/658/177 680/658/177 681/657/177
f 675/666/366 1352/666/366 1353/664/366
f 667/677/367 1344/677/367 1345/676/367
f 272/7/368 949/7/368 950/9/368
f 270/4/369 947/4/369 948/6/369
f 264/11/370 941/11/370 942/8/370
f 262/17/371 939/17/371 940/14/371
f 278/16/372 955/16/372 956/18/372
f 280/19/373 957/19/373 958/21/373
f 288/31/374 965/31/374 966/33/374
f 286/28/375 963/28/375 964/30/375
f 256/35/376 933/35/376 934/32/376
f 350/42/377 1027/42/377 1028/44/377
f 342/49/691 1019/49/691 1020/47/691
f 344/45/692 1021/45/692 1022/43/692
f 358/57/380 1035/57/380 1036/58/380
f 294/68/381 971/68/381 972/70/381
f 254/73/382 931/73/382 932/59/382
f 352/46/383 1029/46/383 1030/48/383
f 360/60/384 1037/60/384 1038/61/384
f 336/71/385 1013/71/385 1014/69/385
f 334/76/386 1011/76/386 1012/74/386
f 296/72/387 973/72/387 974/75/387
f 328/90/388 1005/90/388 1006/88/388
f 304/91/389 981/91/389 982/93/389
f 320/108/390 997/108/390 998/106/390
f 302/87/391 979/87/391 980/89/391
f 366/77/392 1043/77/392 1044/92/392
f 312/109/393 989/109/393 990/111/393
f 326/95/394 1003/95/394 1004/94/394
f 368/117/320 1045/117/320 1046/119/320
f 248/125/395 925/125/395 926/122/395
f 310/104/396 987/104/396 988/107/396
f 318/112/397 995/112/397 996/110/397
f 376/131/398 1053/131/398 1054/133/398
f 246/129/399 923/129/399 924/127/399
f 384/143/400 1061/143/400 1062/144/400
f 240/151/401 917/151/401 918/145/401
f 374/128/402 1051/128/402 1052/130/402
f 382/140/403 1059/140/403 1060/142/403
f 390/150/404 1067/150/404 1068/152/404
f 392/153/405 1069/153/405 1070/154/405
f 398/160/406 1075/160/406 1076/161/406
f 238/162/407 915/162/407 916/156/407
f 400/163/408 1077/163/408 1078/164/408
f 408/172/409 1085/172/409 1086/173/409
f 416/182/410 1093/182/410 1094/183/410
f 424/192/411 1101/192/411 1102/193/411
f 232/194/412 909/194/412 910/190/412
f 406/170/413 1083/170/413 1084/171/413
f 520/201/414 1197/201/414 1198/202/414
f 414/179/415 1091/179/415 1092/180/415
f 528/211/693 1205/211/693 1206/213/693
f 422/189/417 1099/189/417 1100/191/417
f 536/224/694 1213/224/694 1214/225/694
f 518/207/419 1195/207/419 1196/200/419
f 512/232/420 1189/232/420 1190/227/420
f 526/208/421 1203/208/421 1204/209/421
f 230/210/422 907/210/422 908/197/422
f 544/234/423 1221/234/423 1222/235/423
f 504/248/424 1181/248/424 1182/245/424
f 534/221/695 1211/221/695 1212/222/695
f 432/247/426 1109/247/426 1110/254/426
f 542/231/696 1219/231/696 1220/233/696
f 496/264/428 1173/264/428 1174/262/428
f 510/237/429 1187/237/429 1188/236/429
f 552/263/430 1229/263/430 1230/267/430
f 488/277/431 1165/277/431 1166/275/431
f 430/218/432 1107/218/432 1108/239/432
f 502/251/433 1179/251/433 1180/250/433
f 440/290/434 1117/290/434 1118/292/434
f 480/293/435 1157/293/435 1158/289/435
f 550/256/436 1227/256/436 1228/260/436
f 448/303/697 1125/303/697 1126/304/697
f 494/268/438 1171/268/438 1172/266/438
f 472/316/439 1149/316/439 1150/313/439
f 486/280/440 1163/280/440 1164/278/440
f 456/317/441 1133/317/441 1134/320/441
f 464/329/442 1141/329/442 1142/327/442
f 438/287/443 1115/287/443 1116/288/443
f 478/300/444 1155/300/444 1156/297/444
f 560/336/445 1237/336/445 1238/337/445
f 224/338/446 901/338/446 902/334/446
f 446/299/447 1123/299/447 1124/301/447
f 454/314/448 1131/314/448 1132/315/448
f 470/319/449 1147/319/449 1148/318/449
f 462/331/450 1139/331/450 1140/330/450
f 64/352/451 741/352/451 742/354/451
f 56/359/452 733/359/452 734/357/452
f 558/333/453 1235/333/453 1236/335/453
f 222/343/454 899/343/454 900/341/454
f 72/368/455 749/368/455 750/370/455
f 48/375/110 725/375/110 726/374/110
f 568/378/456 1245/378/456 1246/388/456
f 40/391/110 717/391/110 718/389/110
f 566/345/457 1243/345/457 1244/348/457
f 80/390/458 757/390/458 758/392/458
f 62/347/459 739/347/459 740/349/459
f 54/363/698 731/363/698 732/361/698
f 88/404/461 765/404/461 766/405/461
f 216/413/462 893/413/462 894/407/462
f 70/364/463 747/364/463 748/366/463
f 96/414/464 773/414/464 774/415/464
f 46/379/110 723/379/110 724/377/110
f 208/426/465 885/426/465 886/424/465
f 104/431/466 781/431/466 782/432/466
f 78/383/209 755/383/209 756/386/209
f 38/394/110 715/394/110 716/393/110
f 112/444/467 789/444/467 790/446/467
f 200/447/468 877/447/468 878/445/468
f 86/401/469 763/401/469 764/403/469
f 120/460/470 797/460/470 798/462/470
f 94/411/471 771/411/471 772/412/471
f 192/464/472 869/464/472 870/461/472
f 214/419/473 891/419/473 892/418/473
f 128/475/474 805/475/474 806/476/474
f 184/487/699 861/487/699 862/483/699
f 102/428/476 779/428/476 780/430/476
f 206/435/477 883/435/477 884/429/477
f 136/490/478 813/490/478 814/493/478
f 176/502/700 853/502/700 854/501/700
f 110/440/480 787/440/480 788/442/480
f 168/513/366 845/513/366 846/512/366
f 198/451/482 875/451/482 876/449/482
f 160/523/483 837/523/483 838/522/483
f 118/456/484 795/456/484 796/458/484
f 190/468/485 867/468/485 868/466/485
f 144/524/486 821/524/486 822/530/486
f 126/470/487 803/470/487 804/472/487
f 152/535/488 829/535/488 830/533/488
f 32/543/489 709/543/489 710/542/489
f 134/486/490 811/486/490 812/489/490
f 182/495/33 859/495/33 860/491/33
f 576/546/491 1253/546/491 1254/548/491
f 174/504/34 851/504/34 852/503/34
f 616/561/492 1293/561/492 1294/556/492
f 624/566/493 1301/566/493 1302/568/493
f 632/580/494 1309/580/494 1310/582/494
f 166/516/701 843/516/701 844/515/701
f 608/583/496 1285/583/496 1286/581/496
f 24/584/497 701/584/497 702/558/497
f 142/514/498 819/514/498 820/518/498
f 158/526/499 835/526/499 836/525/499
f 150/537/500 827/537/500 828/536/500
f 574/541/501 1251/541/501 1252/544/501
f 30/547/502 707/547/502 708/545/502
f 584/594/702 1261/594/702 1262/596/702
f 622/563/504 1299/563/504 1300/565/504
f 592/603/505 1269/603/505 1270/605/505
f 614/567/506 1291/567/506 1292/564/506
f 600/616/507 1277/616/507 1278/615/507
f 630/575/508 1307/575/508 1308/578/508
f 640/619/509 1317/619/509 1318/621/509
f 606/588/510 1283/588/510 1284/586/510
f 648/632/511 1325/632/511 1326/633/511
f 16/634/512 693/634/512 694/631/512
f 582/591/703 1259/591/703 1260/592/703
f 590/601/514 1267/601/514 1268/602/514
f 656/644/515 1333/644/515 1334/645/515
f 8/652/588 685/652/588 686/651/588
f 598/612/517 1275/612/517 1276/614/517
f 638/604/518 1315/604/518 1316/617/518
f 22/618/519 699/618/519 700/595/519
f 672/670/520 1349/670/520 1350/669/520
f 646/629/521 1323/629/521 1324/630/521
f 664/668/522 1341/668/522 1342/671/522
f 14/640/523 691/640/523 692/637/523
f 654/641/524 1331/641/524 1332/642/524
f 6/654/525 683/654/525 684/653/525
f 662/662/526 1339/662/526 1340/665/526
f 670/673/350 1347/673/350 1348/672/350
f 266/5/528 943/5/528 944/1/528
f 274/10/529 951/10/529 952/12/529
f 282/22/530 959/22/530 960/24/530
f 258/29/531 935/29/531 936/26/531
f 290/34/532 967/34/532 968/36/532
f 346/41/704 1023/41/704 1024/38/704
f 354/50/705 1031/50/705 1032/52/705
f 362/62/706 1039/62/706 1040/63/706
f 338/65/536 1015/65/536 1016/55/536
f 298/78/707 975/78/707 976/80/707
f 330/86/538 1007/86/538 1008/83/538
f 306/96/539 983/96/539 984/98/539
f 322/103/540 999/103/540 1000/101/540
f 314/113/541 991/113/541 992/115/541
f 250/120/542 927/120/542 928/118/542
f 370/121/543 1047/121/543 1048/123/543
f 378/134/544 1055/134/544 1056/136/544
f 242/141/545 919/141/545 920/138/545
f 386/146/546 1063/146/546 1064/147/546
f 394/155/547 1071/155/547 1072/157/547
f 402/165/548 1079/165/548 1080/166/548
f 410/174/549 1087/174/549 1088/176/549
f 418/184/550 1095/184/550 1096/185/550
f 234/186/551 911/186/551 912/181/551
f 426/195/552 1103/195/552 1104/196/552
f 522/203/553 1199/203/553 1200/204/553
f 530/214/554 1207/214/554 1208/216/554
f 514/223/555 1191/223/555 1192/219/555
f 538/226/556 1215/226/556 1216/228/556
f 506/243/557 1183/243/557 1184/242/557
f 546/240/708 1223/240/708 1224/244/708
f 498/259/559 1175/259/559 1176/257/559
f 434/261/560 1111/261/560 1112/265/560
f 490/274/561 1167/274/561 1168/272/561
f 554/273/562 1231/273/562 1232/279/562
f 482/284/563 1159/284/563 1160/283/563
f 226/291/564 903/291/564 904/270/564
f 442/294/565 1119/294/565 1120/295/565
f 450/307/709 1127/307/709 1128/309/709
f 474/311/567 1151/311/567 1152/308/567
f 458/322/568 1135/322/568 1136/325/568
f 466/326/569 1143/326/569 1144/324/569
f 562/339/570 1239/339/570 1240/340/570
f 58/355/571 735/355/571 736/353/571
f 66/356/572 743/356/572 744/358/572
f 50/371/573 727/371/573 728/369/573
f 74/372/574 751/372/574 752/373/574
f 42/387/110 719/387/110 720/385/110
f 82/395/575 759/395/575 760/398/575
f 218/402/576 895/402/576 896/397/576
f 90/406/577 767/406/577 768/408/577
f 98/416/456 775/416/456 776/417/456
f 210/423/578 887/423/578 888/422/578
f 106/433/579 783/433/579 784/434/579
f 202/443/580 879/443/580 880/441/580
f 114/448/710 791/448/710 792/450/710
f 194/459/582 871/459/582 872/457/582
f 122/463/583 799/463/583 800/465/583
f 186/479/584 863/479/584 864/477/584
f 570/474/585 1247/474/585 1248/480/585
f 130/478/586 807/478/586 808/481/586
f 138/494/587 815/494/587 816/499/587
f 178/500/588 855/500/588 856/498/588
f 170/511/711 847/511/711 848/508/711
f 162/521/590 839/521/590 840/520/590
f 34/527/591 711/527/591 712/492/591
f 154/532/592 831/532/592 832/531/592
f 146/534/593 823/534/593 824/538/593
f 578/550/594 1255/550/594 1256/552/594
f 26/554/595 703/554/595 704/553/595
f 618/555/596 1295/555/596 1296/559/596
f 626/569/597 1303/569/597 1304/571/597
f 610/579/598 1287/579/598 1288/576/598
f 634/585/599 1311/585/599 1312/587/599
f 586/597/712 1263/597/712 1264/598/712
f 594/606/713 1271/606/713 1272/607/713
f 602/613/602 1279/613/602 1280/611/602
f 642/622/603 1319/622/603 1320/624/603
f 18/628/604 695/628/604 696/625/604
f 650/635/605 1327/635/605 1328/636/605
f 658/646/606 1335/646/606 1336/649/606
f 10/650/14 687/650/14 688/648/14
f 2/660/15 679/660/15 680/658/15
f 674/667/145 1351/667/145 1352/666/145
f 666/675/149 1343/675/149 1344/677/149
f 268/2/607 945/2/607 946/3/607
f 276/13/608 953/13/608 954/15/608
f 260/23/609 937/23/609 938/20/609
f 284/25/610 961/25/610 962/27/610
f 348/39/611 1025/39/611 1026/40/611
f 340/53/612 1017/53/612 1018/51/612
f 356/54/613 1033/54/613 1034/56/613
f 292/37/614 969/37/614 970/66/614
f 364/64/615 1041/64/615 1042/67/615
f 332/81/616 1009/81/616 1010/79/616
f 300/82/617 977/82/617 978/84/617
f 324/99/618 1001/99/618 1002/97/618
f 308/100/619 985/100/619 986/102/619
f 252/105/620 929/105/620 930/85/620
f 316/116/621 993/116/621 994/114/621
f 372/124/622 1049/124/622 1050/126/622
f 244/135/623 921/135/623 922/132/623
f 380/137/624 1057/137/624 1058/139/624
f 388/148/625 1065/148/625 1066/149/625
f 396/158/626 1073/158/626 1074/159/626
f 404/167/627 1081/167/627 1082/168/627
f 236/175/628 913/175/628 914/169/628
f 412/177/629 1089/177/629 1090/178/629
f 420/187/630 1097/187/630 1098/188/630
f 428/198/631 1105/198/631 1106/199/631
f 524/205/632 1201/205/632 1202/206/632
f 516/215/633 1193/215/633 1194/212/633
f 532/217/634 1209/217/634 1210/220/634
f 540/229/714 1217/229/714 1218/230/714
f 508/241/636 1185/241/636 1186/238/636
f 548/249/637 1225/249/637 1226/252/637
f 500/255/638 1177/255/638 1178/253/638
f 228/258/639 905/258/639 906/246/639
f 492/271/640 1169/271/640 1170/269/640
f 484/282/641 1161/282/641 1162/281/641
f 436/276/642 1113/276/642 1114/286/642
f 444/296/643 1121/296/643 1122/298/643
f 556/285/644 1233/285/644 1234/305/644
f 476/306/645 1153/306/645 1154/302/645
f 452/310/646 1129/310/646 1130/312/646
f 468/323/647 1145/323/647 1146/321/647
f 460/328/648 1137/328/648 1138/332/648
f 564/342/649 1241/342/649 1242/344/649
f 60/351/650 737/351/650 738/350/650
f 68/360/651 745/360/651 746/362/651
f 52/367/715 729/367/715 730/365/715
f 76/376/653 753/376/653 754/380/653
f 220/382/654 897/382/654 898/346/654
f 44/384/110 721/384/110 722/381/110
f 84/399/655 761/399/655 762/400/655
f 92/409/656 769/409/656 770/410/656
f 212/421/657 889/421/657 890/420/657
f 100/425/658 777/425/658 778/427/658
f 108/436/659 785/436/659 786/438/659
