# Blender 4.4.1
# www.blender.org
mtllib head.mtl
o 円柱
v -0.991735 -0.435044 0.013244
v -0.994099 0.551564 -0.149852
v -0.967347 -0.466711 -0.178672
v -0.969711 0.519897 -0.341768
v -0.905481 -0.496905 -0.362221
v -0.907845 0.489702 -0.525317
v -0.808513 -0.524466 -0.530349
v -0.810878 0.462142 -0.693445
v -0.680171 -0.548334 -0.676596
v -0.682535 0.438273 -0.839692
v -0.525385 -0.567593 -0.795341
v -0.527750 0.419014 -0.958437
v -0.350106 -0.581502 -0.882020
v -0.352471 0.405106 -1.045116
v -0.161069 -0.589526 -0.933302
v -0.163434 0.397081 -1.096398
v 0.034462 -0.591358 -0.947217
v 0.032097 0.395250 -1.110313
v 0.228972 -0.586926 -0.923231
v 0.226608 0.399681 -1.086326
v 0.414988 -0.576402 -0.862265
v 0.412623 0.410205 -1.025361
v 0.585360 -0.560189 -0.766661
v 0.582995 0.426418 -0.929757
v 0.733541 -0.538912 -0.640094
v 0.731176 0.447696 -0.803190
v 0.853836 -0.513386 -0.487427
v 0.851471 0.473221 -0.650523
v 0.941623 -0.484594 -0.314528
v 0.939258 0.502014 -0.477624
v 0.993526 -0.453641 -0.128042
v 0.991162 0.532966 -0.291138
v 1.007555 -0.421718 0.064866
v 1.005190 0.564889 -0.098230
v 0.983166 -0.390051 0.256782
v 0.980802 0.596557 0.093686
v 0.921301 -0.359857 0.440331
v 0.918936 0.626751 0.277235
v 0.824333 -0.332296 0.608460
v 0.821968 0.654312 0.445364
v 0.695990 -0.308427 0.754707
v 0.693626 0.678180 0.591611
v 0.541205 -0.289169 0.873451
v 0.538841 0.697439 0.710355
v 0.365926 -0.275260 0.960130
v 0.363561 0.711348 0.797034
v 0.176889 -0.267236 1.011412
v 0.174524 0.719372 0.848316
v -0.018642 -0.265404 1.025328
v -0.021007 0.721204 0.862232
v -0.213153 -0.269835 1.001341
v -0.215517 0.716772 0.838245
v -0.399168 -0.280359 0.940375
v -0.401533 0.706248 0.777279
v -0.569540 -0.296572 0.844771
v -0.571905 0.690035 0.681675
v -0.717721 -0.317850 0.718204
v -0.720086 0.668757 0.555108
v -0.838016 -0.343376 0.565537
v -0.840381 0.643232 0.402442
v -0.925803 -0.372168 0.392639
v -0.928168 0.614439 0.229543
v -0.977707 -0.403120 0.206152
v -0.980071 0.583487 0.043056
vn -0.9922 -0.0226 -0.1224
vn -0.9489 -0.0537 -0.3110
vn -0.8691 -0.0827 -0.4877
vn -0.7559 -0.1085 -0.6456
vn -0.6136 -0.1302 -0.7788
vn -0.4478 -0.1469 -0.8820
vn -0.2648 -0.1579 -0.9513
vn -0.0716 -0.1628 -0.9841
vn 0.1244 -0.1615 -0.9790
vn 0.3156 -0.1540 -0.9363
vn 0.4946 -0.1406 -0.8576
vn 0.6547 -0.1218 -0.7460
vn 0.7896 -0.0982 -0.6057
vn 0.8941 -0.0710 -0.4422
vn 0.9643 -0.0409 -0.2616
vn 0.9974 -0.0093 -0.0710
vn 0.9922 0.0226 0.1224
vn 0.9489 0.0537 0.3110
vn 0.8691 0.0827 0.4877
vn 0.7559 0.1085 0.6456
vn 0.6136 0.1302 0.7788
vn 0.4478 0.1469 0.8820
vn 0.2648 0.1579 0.9513
vn 0.0716 0.1628 0.9841
vn -0.1244 0.1615 0.9790
vn -0.3156 0.1540 0.9363
vn -0.4946 0.1406 0.8576
vn -0.6547 0.1218 0.7460
vn -0.7896 0.0982 0.6057
vn -0.8941 0.0710 0.4422
vn -0.0024 0.9866 -0.1631
vn -0.9643 0.0409 0.2616
vn -0.9974 0.0093 0.0710
vn 0.0024 -0.9866 0.1631
vt 1.000000 1.000000
vt 0.968750 0.500000
vt 1.000000 0.500000
vt 0.968750 1.000000
vt 0.937500 0.500000
vt 0.937500 1.000000
vt 0.906250 0.500000
vt 0.906250 1.000000
vt 0.875000 0.500000
vt 0.875000 1.000000
vt 0.843750 0.500000
vt 0.843750 1.000000
vt 0.812500 0.500000
vt 0.812500 1.000000
vt 0.781250 0.500000
vt 0.781250 1.000000
vt 0.750000 0.500000
vt 0.750000 1.000000
vt 0.718750 0.500000
vt 0.718750 1.000000
vt 0.687500 0.500000
vt 0.687500 1.000000
vt 0.656250 0.500000
vt 0.656250 1.000000
vt 0.625000 0.500000
vt 0.625000 1.000000
vt 0.593750 0.500000
vt 0.593750 1.000000
vt 0.562500 0.500000
vt 0.562500 1.000000
vt 0.531250 0.500000
vt 0.531250 1.000000
vt 0.500000 0.500000
vt 0.500000 1.000000
vt 0.468750 0.500000
vt 0.468750 1.000000
vt 0.437500 0.500000
vt 0.437500 1.000000
vt 0.406250 0.500000
vt 0.406250 1.000000
vt 0.375000 0.500000
vt 0.375000 1.000000
vt 0.343750 0.500000
vt 0.343750 1.000000
vt 0.312500 0.500000
vt 0.312500 1.000000
vt 0.281250 0.500000
vt 0.281250 1.000000
vt 0.250000 0.500000
vt 0.250000 1.000000
vt 0.218750 0.500000
vt 0.218750 1.000000
vt 0.187500 0.500000
vt 0.187500 1.000000
vt 0.156250 0.500000
vt 0.156250 1.000000
vt 0.125000 0.500000
vt 0.125000 1.000000
vt 0.093750 0.500000
vt 0.093750 1.000000
vt 0.062500 0.500000
vt 0.158156 0.028269
vt 0.471731 0.158156
vt 0.341844 0.471731
vt 0.062500 1.000000
vt 0.031250 0.500000
vt 0.031250 1.000000
vt 0.000000 0.500000
vt 0.796822 0.014612
vt 0.514612 0.203178
vt 0.703178 0.485388
vt 0.296822 0.485388
vt 0.250000 0.490000
vt 0.203178 0.485388
vt 0.158156 0.471731
vt 0.116663 0.449553
vt 0.080294 0.419706
vt 0.050447 0.383337
vt 0.028269 0.341844
vt 0.014612 0.296822
vt 0.010000 0.250000
vt 0.014612 0.203178
vt 0.028269 0.158156
vt 0.050447 0.116663
vt 0.080294 0.080294
vt 0.116663 0.050447
vt 0.203178 0.014612
vt 0.250000 0.010000
vt 0.296822 0.014612
vt 0.341844 0.028269
vt 0.383337 0.050447
vt 0.419706 0.080294
vt 0.449553 0.116663
vt 0.485388 0.203178
vt 0.490000 0.250000
vt 0.485388 0.296822
vt 0.471731 0.341844
vt 0.449553 0.383337
vt 0.419706 0.419706
vt 0.383337 0.449553
vt 0.000000 1.000000
vt 0.750000 0.490000
vt 0.796822 0.485388
vt 0.841844 0.471731
vt 0.883337 0.449553
vt 0.919706 0.419706
vt 0.949553 0.383337
vt 0.971731 0.341844
vt 0.985388 0.296822
vt 0.990000 0.250000
vt 0.985388 0.203178
vt 0.971731 0.158156
vt 0.949553 0.116663
vt 0.919706 0.080294
vt 0.883337 0.050447
vt 0.841844 0.028269
vt 0.750000 0.010000
vt 0.703178 0.014612
vt 0.658156 0.028269
vt 0.616663 0.050447
vt 0.580294 0.080294
vt 0.550447 0.116663
vt 0.528269 0.158156
vt 0.510000 0.250000
vt 0.514612 0.296822
vt 0.528269 0.341844
vt 0.550447 0.383337
vt 0.580294 0.419706
vt 0.616663 0.449553
vt 0.658156 0.471731
s 1
f 2/1/1 3/2/1 1/3/1
f 4/4/2 5/5/2 3/2/2
f 6/6/3 7/7/3 5/5/3
f 8/8/4 9/9/4 7/7/4
f 10/10/5 11/11/5 9/9/5
f 12/12/6 13/13/6 11/11/6
f 14/14/7 15/15/7 13/13/7
f 16/16/8 17/17/8 15/15/8
f 18/18/9 19/19/9 17/17/9
f 20/20/10 21/21/10 19/19/10
f 22/22/11 23/23/11 21/21/11
f 24/24/12 25/25/12 23/23/12
f 26/26/13 27/27/13 25/25/13
f 28/28/14 29/29/14 27/27/14
f 30/30/15 31/31/15 29/29/15
f 32/32/16 33/33/16 31/31/16
f 34/34/17 35/35/17 33/33/17
f 36/36/18 37/37/18 35/35/18
f 38/38/19 39/39/19 37/37/19
f 40/40/20 41/41/20 39/39/20
f 42/42/21 43/43/21 41/41/21
f 44/44/22 45/45/22 43/43/22
f 46/46/23 47/47/23 45/45/23
f 48/48/24 49/49/24 47/47/24
f 50/50/25 51/51/25 49/49/25
f 52/52/26 53/53/26 51/51/26
f 54/54/27 55/55/27 53/53/27
f 56/56/28 57/57/28 55/55/28
f 58/58/29 59/59/29 57/57/29
f 60/60/30 61/61/30 59/59/30
f 38/62/31 22/63/31 6/64/31
f 62/65/32 63/66/32 61/61/32
f 64/67/33 1/68/33 63/66/33
f 31/69/34 47/70/34 63/71/34
f 2/1/1 4/4/1 3/2/1
f 4/4/2 6/6/2 5/5/2
f 6/6/3 8/8/3 7/7/3
f 8/8/4 10/10/4 9/9/4
f 10/10/5 12/12/5 11/11/5
f 12/12/6 14/14/6 13/13/6
f 14/14/7 16/16/7 15/15/7
f 16/16/8 18/18/8 17/17/8
f 18/18/9 20/20/9 19/19/9
f 20/20/10 22/22/10 21/21/10
f 22/22/11 24/24/11 23/23/11
f 24/24/12 26/26/12 25/25/12
f 26/26/13 28/28/13 27/27/13
f 28/28/14 30/30/14 29/29/14
f 30/30/15 32/32/15 31/31/15
f 32/32/16 34/34/16 33/33/16
f 34/34/17 36/36/17 35/35/17
f 36/36/18 38/38/18 37/37/18
f 38/38/19 40/40/19 39/39/19
f 40/40/20 42/42/20 41/41/20
f 42/42/21 44/44/21 43/43/21
f 44/44/22 46/46/22 45/45/22
f 46/46/23 48/48/23 47/47/23
f 48/48/24 50/50/24 49/49/24
f 50/50/25 52/52/25 51/51/25
f 52/52/26 54/54/26 53/53/26
f 54/54/27 56/56/27 55/55/27
f 56/56/28 58/58/28 57/57/28
f 58/58/29 60/60/29 59/59/29
f 60/60/30 62/65/30 61/61/30
f 6/64/31 4/72/31 2/73/31
f 2/73/31 64/74/31 62/75/31
f 62/75/31 60/76/31 58/77/31
f 58/77/31 56/78/31 54/79/31
f 54/79/31 52/80/31 50/81/31
f 50/81/31 48/82/31 46/83/31
f 46/83/31 44/84/31 42/85/31
f 42/85/31 40/86/31 38/62/31
f 38/62/31 36/87/31 34/88/31
f 34/88/31 32/89/31 30/90/31
f 30/90/31 28/91/31 26/92/31
f 26/92/31 24/93/31 22/63/31
f 22/63/31 20/94/31 18/95/31
f 18/95/31 16/96/31 14/97/31
f 14/97/31 12/98/31 10/99/31
f 10/99/31 8/100/31 6/64/31
f 6/64/31 2/73/31 62/75/31
f 62/75/31 58/77/31 54/79/31
f 54/79/31 50/81/31 46/83/31
f 46/83/31 42/85/31 38/62/31
f 38/62/31 34/88/31 30/90/31
f 30/90/31 26/92/31 22/63/31
f 22/63/31 18/95/31 14/97/31
f 14/97/31 10/99/31 6/64/31
f 6/64/31 62/75/31 54/79/31
f 54/79/31 46/83/31 38/62/31
f 38/62/31 30/90/31 22/63/31
f 22/63/31 14/97/31 6/64/31
f 6/64/31 54/79/31 38/62/31
f 62/65/32 64/67/32 63/66/32
f 64/67/33 2/101/33 1/68/33
f 63/71/34 1/102/34 3/103/34
f 3/103/34 5/104/34 7/105/34
f 7/105/34 9/106/34 11/107/34
f 11/107/34 13/108/34 15/109/34
f 15/109/34 17/110/34 19/111/34
f 19/111/34 21/112/34 23/113/34
f 23/113/34 25/114/34 27/115/34
f 27/115/34 29/116/34 31/69/34
f 31/69/34 33/117/34 35/118/34
f 35/118/34 37/119/34 39/120/34
f 39/120/34 41/121/34 43/122/34
f 43/122/34 45/123/34 47/70/34
f 47/70/34 49/124/34 51/125/34
f 51/125/34 53/126/34 55/127/34
f 55/127/34 57/128/34 59/129/34
f 59/129/34 61/130/34 63/71/34
f 63/71/34 3/103/34 7/105/34
f 7/105/34 11/107/34 15/109/34
f 15/109/34 19/111/34 23/113/34
f 23/113/34 27/115/34 31/69/34
f 31/69/34 35/118/34 39/120/34
f 39/120/34 43/122/34 47/70/34
f 47/70/34 51/125/34 55/127/34
f 55/127/34 59/129/34 63/71/34
f 63/71/34 7/105/34 15/109/34
f 15/109/34 23/113/34 31/69/34
f 31/69/34 39/120/34 47/70/34
f 47/70/34 55/127/34 63/71/34
f 63/71/34 15/109/34 31/69/34
o 円柱.001
v -0.985093 0.592502 -0.620309
v -0.985094 1.583550 -0.753817
v -0.962651 0.566502 -0.813310
v -0.962651 1.557550 -0.946819
v -0.902648 0.541586 -0.998265
v -0.902648 1.532634 -1.131773
v -0.807388 0.518711 -1.168064
v -0.807388 1.509759 -1.301573
v -0.680533 0.498758 -1.316183
v -0.680533 1.489805 -1.449692
v -0.526958 0.482491 -1.436929
v -0.526958 1.473539 -1.570438
v -0.352564 0.470538 -1.525663
v -0.352565 1.461585 -1.659172
v -0.164055 0.463356 -1.578972
v -0.164055 1.454404 -1.712481
v 0.031326 0.461222 -1.594812
v 0.031326 1.452270 -1.728321
v 0.226072 0.464219 -1.572570
v 0.226071 1.455266 -1.706079
v 0.412697 0.472230 -1.513104
v 0.412697 1.463277 -1.646613
v 0.584030 0.484948 -1.418697
v 0.584030 1.475995 -1.552206
v 0.733487 0.501884 -1.292978
v 0.733487 1.492932 -1.426487
v 0.855324 0.522388 -1.140777
v 0.855324 1.513435 -1.274286
v 0.944859 0.545671 -0.967945
v 0.944859 1.536718 -1.101454
v 0.998650 0.570838 -0.781123
v 0.998650 1.561886 -0.914632
v 1.014632 0.596924 -0.587491
v 1.014632 1.587971 -0.721000
v 0.992190 0.622924 -0.394489
v 0.992190 1.613971 -0.527998
v 0.932187 0.647840 -0.209535
v 0.932187 1.638888 -0.343044
v 0.836927 0.670714 -0.039736
v 0.836927 1.661762 -0.173245
v 0.710072 0.690668 0.108384
v 0.710072 1.681716 -0.025125
v 0.556497 0.706935 0.229130
v 0.556497 1.697982 0.095621
v 0.382103 0.718888 0.317863
v 0.382103 1.709936 0.184354
v 0.193594 0.726070 0.371173
v 0.193594 1.717118 0.237664
v -0.001787 0.728204 0.387012
v -0.001788 1.719251 0.253503
v -0.196533 0.725207 0.364770
v -0.196533 1.716255 0.231261
v -0.383158 0.717196 0.305304
v -0.383158 1.708244 0.171795
v -0.554491 0.704478 0.210897
v -0.554491 1.695526 0.077389
v -0.703948 0.687542 0.085178
v -0.703948 1.678590 -0.048331
v -0.825785 0.667038 -0.067022
v -0.825785 1.658086 -0.200531
v -0.915320 0.643755 -0.239854
v -0.915320 1.634803 -0.373363
v -0.969111 0.618587 -0.426676
v -0.969111 1.609635 -0.560185
vn -0.9934 -0.0153 -0.1135
vn -0.9520 -0.0409 -0.3033
vn -0.8740 -0.0649 -0.4816
vn -0.7624 -0.0864 -0.6413
vn -0.6215 -0.1046 -0.7764
vn -0.4567 -0.1188 -0.8816
vn -0.2744 -0.1284 -0.9530
vn -0.0815 -0.1331 -0.9877
vn 0.1145 -0.1326 -0.9845
vn 0.3061 -0.1271 -0.9435
vn 0.4859 -0.1167 -0.8662
vn 0.6471 -0.1018 -0.7556
vn 0.7834 -0.0830 -0.6159
vn 0.8896 -0.0610 -0.4526
vn 0.9616 -0.0366 -0.2719
vn 0.9967 -0.0109 -0.0808
vn 0.9934 0.0153 0.1135
vn 0.9520 0.0409 0.3033
vn 0.8740 0.0649 0.4816
vn 0.7624 0.0864 0.6413
vn 0.6215 0.1046 0.7764
vn 0.4567 0.1188 0.8816
vn 0.2744 0.1284 0.9530
vn 0.0815 0.1331 0.9877
vn -0.1145 0.1326 0.9845
vn -0.3061 0.1271 0.9435
vn -0.4859 0.1167 0.8662
vn -0.6471 0.1018 0.7556
vn -0.7834 0.0830 0.6159
vn -0.8896 0.0610 0.4526
vn -0.0000 0.9910 -0.1335
vn -0.9616 0.0366 0.2719
vn -0.9967 0.0109 0.0808
vn -0.0000 -0.9910 0.1335
vt 1.000000 1.000000
vt 0.968750 0.500000
vt 1.000000 0.500000
vt 0.968750 1.000000
vt 0.937500 0.500000
vt 0.937500 1.000000
vt 0.906250 0.500000
vt 0.906250 1.000000
vt 0.875000 0.500000
vt 0.875000 1.000000
vt 0.843750 0.500000
vt 0.843750 1.000000
vt 0.812500 0.500000
vt 0.812500 1.000000
vt 0.781250 0.500000
vt 0.781250 1.000000
vt 0.750000 0.500000
vt 0.750000 1.000000
vt 0.718750 0.500000
vt 0.718750 1.000000
vt 0.687500 0.500000
vt 0.687500 1.000000
vt 0.656250 0.500000
vt 0.656250 1.000000
vt 0.625000 0.500000
vt 0.625000 1.000000
vt 0.593750 0.500000
vt 0.593750 1.000000
vt 0.562500 0.500000
vt 0.562500 1.000000
vt 0.531250 0.500000
vt 0.531250 1.000000
vt 0.500000 0.500000
vt 0.500000 1.000000
vt 0.468750 0.500000
vt 0.468750 1.000000
vt 0.437500 0.500000
vt 0.437500 1.000000
vt 0.406250 0.500000
vt 0.406250 1.000000
vt 0.375000 0.500000
vt 0.375000 1.000000
vt 0.343750 0.500000
vt 0.343750 1.000000
vt 0.312500 0.500000
vt 0.312500 1.000000
vt 0.281250 0.500000
vt 0.281250 1.000000
vt 0.250000 0.500000
vt 0.250000 1.000000
vt 0.218750 0.500000
vt 0.218750 1.000000
vt 0.187500 0.500000
vt 0.187500 1.000000
vt 0.156250 0.500000
vt 0.156250 1.000000
vt 0.125000 0.500000
vt 0.125000 1.000000
vt 0.093750 0.500000
vt 0.093750 1.000000
vt 0.062500 0.500000
vt 0.158156 0.028269
vt 0.471731 0.158156
vt 0.341844 0.471731
vt 0.062500 1.000000
vt 0.031250 0.500000
vt 0.031250 1.000000
vt 0.000000 0.500000
vt 0.796822 0.014612
vt 0.514612 0.203178
vt 0.703178 0.485388
vt 0.296822 0.485388
vt 0.250000 0.490000
vt 0.203178 0.485388
vt 0.158156 0.471731
vt 0.116663 0.449553
vt 0.080294 0.419706
vt 0.050447 0.383337
vt 0.028269 0.341844
vt 0.014612 0.296822
vt 0.010000 0.250000
vt 0.014612 0.203178
vt 0.028269 0.158156
vt 0.050447 0.116663
vt 0.080294 0.080294
vt 0.116663 0.050447
vt 0.203178 0.014612
vt 0.250000 0.010000
vt 0.296822 0.014612
vt 0.341844 0.028269
vt 0.383337 0.050447
vt 0.419706 0.080294
vt 0.449553 0.116663
vt 0.485388 0.203178
vt 0.490000 0.250000
vt 0.485388 0.296822
vt 0.471731 0.341844
vt 0.449553 0.383337
vt 0.419706 0.419706
vt 0.383337 0.449553
vt 0.000000 1.000000
vt 0.750000 0.490000
vt 0.796822 0.485388
vt 0.841844 0.471731
vt 0.883337 0.449553
vt 0.919706 0.419706
vt 0.949553 0.383337
vt 0.971731 0.341844
vt 0.985388 0.296822
vt 0.990000 0.250000
vt 0.985388 0.203178
vt 0.971731 0.158156
vt 0.949553 0.116663
vt 0.919706 0.080294
vt 0.883337 0.050447
vt 0.841844 0.028269
vt 0.750000 0.010000
vt 0.703178 0.014612
vt 0.658156 0.028269
vt 0.616663 0.050447
vt 0.580294 0.080294
vt 0.550447 0.116663
vt 0.528269 0.158156
vt 0.510000 0.250000
vt 0.514612 0.296822
vt 0.528269 0.341844
vt 0.550447 0.383337
vt 0.580294 0.419706
vt 0.616663 0.449553
vt 0.658156 0.471731
s 1
f 66/131/35 67/132/35 65/133/35
f 68/134/36 69/135/36 67/132/36
f 70/136/37 71/137/37 69/135/37
f 72/138/38 73/139/38 71/137/38
f 74/140/39 75/141/39 73/139/39
f 76/142/40 77/143/40 75/141/40
f 78/144/41 79/145/41 77/143/41
f 80/146/42 81/147/42 79/145/42
f 82/148/43 83/149/43 81/147/43
f 84/150/44 85/151/44 83/149/44
f 86/152/45 87/153/45 85/151/45
f 88/154/46 89/155/46 87/153/46
f 90/156/47 91/157/47 89/155/47
f 92/158/48 93/159/48 91/157/48
f 94/160/49 95/161/49 93/159/49
f 96/162/50 97/163/50 95/161/50
f 98/164/51 99/165/51 97/163/51
f 100/166/52 101/167/52 99/165/52
f 102/168/53 103/169/53 101/167/53
f 104/170/54 105/171/54 103/169/54
f 106/172/55 107/173/55 105/171/55
f 108/174/56 109/175/56 107/173/56
f 110/176/57 111/177/57 109/175/57
f 112/178/58 113/179/58 111/177/58
f 114/180/59 115/181/59 113/179/59
f 116/182/60 117/183/60 115/181/60
f 118/184/61 119/185/61 117/183/61
f 120/186/62 121/187/62 119/185/62
f 122/188/63 123/189/63 121/187/63
f 124/190/64 125/191/64 123/189/64
f 102/192/65 86/193/65 70/194/65
f 126/195/66 127/196/66 125/191/66
f 128/197/67 65/198/67 127/196/67
f 95/199/68 111/200/68 127/201/68
f 66/131/35 68/134/35 67/132/35
f 68/134/36 70/136/36 69/135/36
f 70/136/37 72/138/37 71/137/37
f 72/138/38 74/140/38 73/139/38
f 74/140/39 76/142/39 75/141/39
f 76/142/40 78/144/40 77/143/40
f 78/144/41 80/146/41 79/145/41
f 80/146/42 82/148/42 81/147/42
f 82/148/43 84/150/43 83/149/43
f 84/150/44 86/152/44 85/151/44
f 86/152/45 88/154/45 87/153/45
f 88/154/46 90/156/46 89/155/46
f 90/156/47 92/158/47 91/157/47
f 92/158/48 94/160/48 93/159/48
f 94/160/49 96/162/49 95/161/49
f 96/162/50 98/164/50 97/163/50
f 98/164/51 100/166/51 99/165/51
f 100/166/52 102/168/52 101/167/52
f 102/168/53 104/170/53 103/169/53
f 104/170/54 106/172/54 105/171/54
f 106/172/55 108/174/55 107/173/55
f 108/174/56 110/176/56 109/175/56
f 110/176/57 112/178/57 111/177/57
f 112/178/58 114/180/58 113/179/58
f 114/180/59 116/182/59 115/181/59
f 116/182/60 118/184/60 117/183/60
f 118/184/61 120/186/61 119/185/61
f 120/186/62 122/188/62 121/187/62
f 122/188/63 124/190/63 123/189/63
f 124/190/64 126/195/64 125/191/64
f 70/194/65 68/202/65 66/203/65
f 66/203/65 128/204/65 126/205/65
f 126/205/65 124/206/65 122/207/65
f 122/207/65 120/208/65 118/209/65
f 118/209/65 116/210/65 114/211/65
f 114/211/65 112/212/65 110/213/65
f 110/213/65 108/214/65 106/215/65
f 106/215/65 104/216/65 102/192/65
f 102/192/65 100/217/65 98/218/65
f 98/218/65 96/219/65 94/220/65
f 94/220/65 92/221/65 90/222/65
f 90/222/65 88/223/65 86/193/65
f 86/193/65 84/224/65 82/225/65
f 82/225/65 80/226/65 78/227/65
f 78/227/65 76/228/65 74/229/65
f 74/229/65 72/230/65 70/194/65
f 70/194/65 66/203/65 126/205/65
f 126/205/65 122/207/65 118/209/65
f 118/209/65 114/211/65 110/213/65
f 110/213/65 106/215/65 102/192/65
f 102/192/65 98/218/65 94/220/65
f 94/220/65 90/222/65 86/193/65
f 86/193/65 82/225/65 78/227/65
f 78/227/65 74/229/65 70/194/65
f 70/194/65 126/205/65 118/209/65
f 118/209/65 110/213/65 102/192/65
f 102/192/65 94/220/65 86/193/65
f 86/193/65 78/227/65 70/194/65
f 70/194/65 118/209/65 102/192/65
f 126/195/66 128/197/66 127/196/66
f 128/197/67 66/231/67 65/198/67
f 127/201/68 65/232/68 67/233/68
f 67/233/68 69/234/68 71/235/68
f 71/235/68 73/236/68 75/237/68
f 75/237/68 77/238/68 79/239/68
f 79/239/68 81/240/68 83/241/68
f 83/241/68 85/242/68 87/243/68
f 87/243/68 89/244/68 91/245/68
f 91/245/68 93/246/68 95/199/68
f 95/199/68 97/247/68 99/248/68
f 99/248/68 101/249/68 103/250/68
f 103/250/68 105/251/68 107/252/68
f 107/252/68 109/253/68 111/200/68
f 111/200/68 113/254/68 115/255/68
f 115/255/68 117/256/68 119/257/68
f 119/257/68 121/258/68 123/259/68
f 123/259/68 125/260/68 127/201/68
f 127/201/68 67/233/68 71/235/68
f 71/235/68 75/237/68 79/239/68
f 79/239/68 83/241/68 87/243/68
f 87/243/68 91/245/68 95/199/68
f 95/199/68 99/248/68 103/250/68
f 103/250/68 107/252/68 111/200/68
f 111/200/68 115/255/68 119/257/68
f 119/257/68 123/259/68 127/201/68
f 127/201/68 71/235/68 79/239/68
f 79/239/68 87/243/68 95/199/68
f 95/199/68 103/250/68 111/200/68
f 111/200/68 119/257/68 127/201/68
f 127/201/68 79/239/68 95/199/68
o 円柱.002
v -0.977020 1.617563 -1.250349
v -0.977020 2.608611 -1.383858
v -0.954578 1.591563 -1.443350
v -0.954578 2.582611 -1.576859
v -0.894575 1.566647 -1.628305
v -0.894575 2.557695 -1.761814
v -0.799315 1.543772 -1.798104
v -0.799315 2.534820 -1.931613
v -0.672460 1.523818 -1.946223
v -0.672460 2.514866 -2.079732
v -0.518884 1.507552 -2.066970
v -0.518885 2.498600 -2.200479
v -0.344491 1.495598 -2.155703
v -0.344491 2.486646 -2.289212
v -0.155982 1.488417 -2.209013
v -0.155982 2.479465 -2.342522
v 0.039400 1.486283 -2.224852
v 0.039400 2.477331 -2.358361
v 0.234145 1.489279 -2.202610
v 0.234145 2.480327 -2.336119
v 0.420770 1.497290 -2.143144
v 0.420770 2.488338 -2.276653
v 0.592103 1.510008 -2.048737
v 0.592103 2.501056 -2.182246
v 0.741560 1.526945 -1.923018
v 0.741560 2.517992 -2.056527
v 0.863397 1.547448 -1.770817
v 0.863397 2.538496 -1.904326
v 0.952932 1.570731 -1.597986
v 0.952932 2.561779 -1.731494
v 1.006723 1.595899 -1.411164
v 1.006723 2.586947 -1.544672
v 1.022706 1.621984 -1.217531
v 1.022706 2.613032 -1.351040
v 1.000263 1.647985 -1.024530
v 1.000263 2.639032 -1.158039
v 0.940260 1.672901 -0.839575
v 0.940260 2.663948 -0.973084
v 0.845000 1.695775 -0.669776
v 0.845000 2.686823 -0.803285
v 0.718145 1.715729 -0.521657
v 0.718145 2.706777 -0.655166
v 0.564570 1.731995 -0.400910
v 0.564570 2.723043 -0.534419
v 0.390177 1.743949 -0.312177
v 0.390177 2.734997 -0.445686
v 0.201667 1.751131 -0.258867
v 0.201667 2.742178 -0.392376
v 0.006286 1.753264 -0.243028
v 0.006286 2.744312 -0.376537
v -0.188459 1.750268 -0.265270
v -0.188459 2.741316 -0.398779
v -0.375084 1.742257 -0.324736
v -0.375085 2.733305 -0.458245
v -0.546418 1.729539 -0.419143
v -0.546418 2.720587 -0.552652
v -0.695875 1.712603 -0.544862
v -0.695875 2.703651 -0.678371
v -0.817712 1.692099 -0.697062
v -0.817712 2.683147 -0.830571
v -0.907247 1.668816 -0.869895
v -0.907247 2.659864 -1.003404
v -0.961038 1.643648 -1.056716
v -0.961038 2.634696 -1.190225
vn -0.9934 -0.0153 -0.1135
vn -0.9520 -0.0409 -0.3033
vn -0.8740 -0.0649 -0.4816
vn -0.7624 -0.0864 -0.6413
vn -0.6215 -0.1046 -0.7764
vn -0.4567 -0.1188 -0.8816
vn -0.2744 -0.1284 -0.9530
vn -0.0815 -0.1331 -0.9877
vn 0.1145 -0.1326 -0.9845
vn 0.3061 -0.1271 -0.9435
vn 0.4859 -0.1167 -0.8662
vn 0.6471 -0.1018 -0.7556
vn 0.7834 -0.0830 -0.6159
vn 0.8896 -0.0610 -0.4526
vn 0.9616 -0.0366 -0.2719
vn 0.9967 -0.0109 -0.0808
vn 0.9934 0.0153 0.1135
vn 0.9520 0.0409 0.3033
vn 0.8740 0.0649 0.4816
vn 0.7624 0.0864 0.6413
vn 0.6215 0.1046 0.7764
vn 0.4567 0.1188 0.8816
vn 0.2744 0.1284 0.9530
vn 0.0815 0.1331 0.9877
vn -0.1145 0.1326 0.9845
vn -0.3061 0.1271 0.9435
vn -0.4859 0.1167 0.8662
vn -0.6471 0.1018 0.7556
vn -0.7834 0.0830 0.6159
vn -0.8896 0.0610 0.4526
vn -0.0000 0.9910 -0.1335
vn -0.9616 0.0366 0.2719
vn -0.9967 0.0109 0.0808
vn -0.0000 -0.9910 0.1335
vt 1.000000 1.000000
vt 0.968750 0.500000
vt 1.000000 0.500000
vt 0.968750 1.000000
vt 0.937500 0.500000
vt 0.937500 1.000000
vt 0.906250 0.500000
vt 0.906250 1.000000
vt 0.875000 0.500000
vt 0.875000 1.000000
vt 0.843750 0.500000
vt 0.843750 1.000000
vt 0.812500 0.500000
vt 0.812500 1.000000
vt 0.781250 0.500000
vt 0.781250 1.000000
vt 0.750000 0.500000
vt 0.750000 1.000000
vt 0.718750 0.500000
vt 0.718750 1.000000
vt 0.687500 0.500000
vt 0.687500 1.000000
vt 0.656250 0.500000
vt 0.656250 1.000000
vt 0.625000 0.500000
vt 0.625000 1.000000
vt 0.593750 0.500000
vt 0.593750 1.000000
vt 0.562500 0.500000
vt 0.562500 1.000000
vt 0.531250 0.500000
vt 0.531250 1.000000
vt 0.500000 0.500000
vt 0.500000 1.000000
vt 0.468750 0.500000
vt 0.468750 1.000000
vt 0.437500 0.500000
vt 0.437500 1.000000
vt 0.406250 0.500000
vt 0.406250 1.000000
vt 0.375000 0.500000
vt 0.375000 1.000000
vt 0.343750 0.500000
vt 0.343750 1.000000
vt 0.312500 0.500000
vt 0.312500 1.000000
vt 0.281250 0.500000
vt 0.281250 1.000000
vt 0.250000 0.500000
vt 0.250000 1.000000
vt 0.218750 0.500000
vt 0.218750 1.000000
vt 0.187500 0.500000
vt 0.187500 1.000000
vt 0.156250 0.500000
vt 0.156250 1.000000
vt 0.125000 0.500000
vt 0.125000 1.000000
vt 0.093750 0.500000
vt 0.093750 1.000000
vt 0.062500 0.500000
vt 0.158156 0.028269
vt 0.471731 0.158156
vt 0.341844 0.471731
vt 0.062500 1.000000
vt 0.031250 0.500000
vt 0.031250 1.000000
vt 0.000000 0.500000
vt 0.796822 0.014612
vt 0.514612 0.203178
vt 0.703178 0.485388
vt 0.296822 0.485388
vt 0.250000 0.490000
vt 0.203178 0.485388
vt 0.158156 0.471731
vt 0.116663 0.449553
vt 0.080294 0.419706
vt 0.050447 0.383337
vt 0.028269 0.341844
vt 0.014612 0.296822
vt 0.010000 0.250000
vt 0.014612 0.203178
vt 0.028269 0.158156
vt 0.050447 0.116663
vt 0.080294 0.080294
vt 0.116663 0.050447
vt 0.203178 0.014612
vt 0.250000 0.010000
vt 0.296822 0.014612
vt 0.341844 0.028269
vt 0.383337 0.050447
vt 0.419706 0.080294
vt 0.449553 0.116663
vt 0.485388 0.203178
vt 0.490000 0.250000
vt 0.485388 0.296822
vt 0.471731 0.341844
vt 0.449553 0.383337
vt 0.419706 0.419706
vt 0.383337 0.449553
vt 0.000000 1.000000
vt 0.750000 0.490000
vt 0.796822 0.485388
vt 0.841844 0.471731
vt 0.883337 0.449553
vt 0.919706 0.419706
vt 0.949553 0.383337
vt 0.971731 0.341844
vt 0.985388 0.296822
vt 0.990000 0.250000
vt 0.985388 0.203178
vt 0.971731 0.158156
vt 0.949553 0.116663
vt 0.919706 0.080294
vt 0.883337 0.050447
vt 0.841844 0.028269
vt 0.750000 0.010000
vt 0.703178 0.014612
vt 0.658156 0.028269
vt 0.616663 0.050447
vt 0.580294 0.080294
vt 0.550447 0.116663
vt 0.528269 0.158156
vt 0.510000 0.250000
vt 0.514612 0.296822
vt 0.528269 0.341844
vt 0.550447 0.383337
vt 0.580294 0.419706
vt 0.616663 0.449553
vt 0.658156 0.471731
s 1
f 130/261/69 131/262/69 129/263/69
f 132/264/70 133/265/70 131/262/70
f 134/266/71 135/267/71 133/265/71
f 136/268/72 137/269/72 135/267/72
f 138/270/73 139/271/73 137/269/73
f 140/272/74 141/273/74 139/271/74
f 142/274/75 143/275/75 141/273/75
f 144/276/76 145/277/76 143/275/76
f 146/278/77 147/279/77 145/277/77
f 148/280/78 149/281/78 147/279/78
f 150/282/79 151/283/79 149/281/79
f 152/284/80 153/285/80 151/283/80
f 154/286/81 155/287/81 153/285/81
f 156/288/82 157/289/82 155/287/82
f 158/290/83 159/291/83 157/289/83
f 160/292/84 161/293/84 159/291/84
f 162/294/85 163/295/85 161/293/85
f 164/296/86 165/297/86 163/295/86
f 166/298/87 167/299/87 165/297/87
f 168/300/88 169/301/88 167/299/88
f 170/302/89 171/303/89 169/301/89
f 172/304/90 173/305/90 171/303/90
f 174/306/91 175/307/91 173/305/91
f 176/308/92 177/309/92 175/307/92
f 178/310/93 179/311/93 177/309/93
f 180/312/94 181/313/94 179/311/94
f 182/314/95 183/315/95 181/313/95
f 184/316/96 185/317/96 183/315/96
f 186/318/97 187/319/97 185/317/97
f 188/320/98 189/321/98 187/319/98
f 166/322/99 150/323/99 134/324/99
f 190/325/100 191/326/100 189/321/100
f 192/327/101 129/328/101 191/326/101
f 159/329/102 175/330/102 191/331/102
f 130/261/69 132/264/69 131/262/69
f 132/264/70 134/266/70 133/265/70
f 134/266/71 136/268/71 135/267/71
f 136/268/72 138/270/72 137/269/72
f 138/270/73 140/272/73 139/271/73
f 140/272/74 142/274/74 141/273/74
f 142/274/75 144/276/75 143/275/75
f 144/276/76 146/278/76 145/277/76
f 146/278/77 148/280/77 147/279/77
f 148/280/78 150/282/78 149/281/78
f 150/282/79 152/284/79 151/283/79
f 152/284/80 154/286/80 153/285/80
f 154/286/81 156/288/81 155/287/81
f 156/288/82 158/290/82 157/289/82
f 158/290/83 160/292/83 159/291/83
f 160/292/84 162/294/84 161/293/84
f 162/294/85 164/296/85 163/295/85
f 164/296/86 166/298/86 165/297/86
f 166/298/87 168/300/87 167/299/87
f 168/300/88 170/302/88 169/301/88
f 170/302/89 172/304/89 171/303/89
f 172/304/90 174/306/90 173/305/90
f 174/306/91 176/308/91 175/307/91
f 176/308/92 178/310/92 177/309/92
f 178/310/93 180/312/93 179/311/93
f 180/312/94 182/314/94 181/313/94
f 182/314/95 184/316/95 183/315/95
f 184/316/96 186/318/96 185/317/96
f 186/318/97 188/320/97 187/319/97
f 188/320/98 190/325/98 189/321/98
f 134/324/99 132/332/99 130/333/99
f 130/333/99 192/334/99 190/335/99
f 190/335/99 188/336/99 186/337/99
f 186/337/99 184/338/99 182/339/99
f 182/339/99 180/340/99 178/341/99
f 178/341/99 176/342/99 174/343/99
f 174/343/99 172/344/99 170/345/99
f 170/345/99 168/346/99 166/322/99
f 166/322/99 164/347/99 162/348/99
f 162/348/99 160/349/99 158/350/99
f 158/350/99 156/351/99 154/352/99
f 154/352/99 152/353/99 150/323/99
f 150/323/99 148/354/99 146/355/99
f 146/355/99 144/356/99 142/357/99
f 142/357/99 140/358/99 138/359/99
f 138/359/99 136/360/99 134/324/99
f 134/324/99 130/333/99 190/335/99
f 190/335/99 186/337/99 182/339/99
f 182/339/99 178/341/99 174/343/99
f 174/343/99 170/345/99 166/322/99
f 166/322/99 162/348/99 158/350/99
f 158/350/99 154/352/99 150/323/99
f 150/323/99 146/355/99 142/357/99
f 142/357/99 138/359/99 134/324/99
f 134/324/99 190/335/99 182/339/99
f 182/339/99 174/343/99 166/322/99
f 166/322/99 158/350/99 150/323/99
f 150/323/99 142/357/99 134/324/99
f 134/324/99 182/339/99 166/322/99
f 190/325/100 192/327/100 191/326/100
f 192/327/101 130/361/101 129/328/101
f 191/331/102 129/362/102 131/363/102
f 131/363/102 133/364/102 135/365/102
f 135/365/102 137/366/102 139/367/102
f 139/367/102 141/368/102 143/369/102
f 143/369/102 145/370/102 147/371/102
f 147/371/102 149/372/102 151/373/102
f 151/373/102 153/374/102 155/375/102
f 155/375/102 157/376/102 159/329/102
f 159/329/102 161/377/102 163/378/102
f 163/378/102 165/379/102 167/380/102
f 167/380/102 169/381/102 171/382/102
f 171/382/102 173/383/102 175/330/102
f 175/330/102 177/384/102 179/385/102
f 179/385/102 181/386/102 183/387/102
f 183/387/102 185/388/102 187/389/102
f 187/389/102 189/390/102 191/331/102
f 191/331/102 131/363/102 135/365/102
f 135/365/102 139/367/102 143/369/102
f 143/369/102 147/371/102 151/373/102
f 151/373/102 155/375/102 159/329/102
f 159/329/102 163/378/102 167/380/102
f 167/380/102 171/382/102 175/330/102
f 175/330/102 179/385/102 183/387/102
f 183/387/102 187/389/102 191/331/102
f 191/331/102 135/365/102 143/369/102
f 143/369/102 151/373/102 159/329/102
f 159/329/102 167/380/102 175/330/102
f 175/330/102 183/387/102 191/331/102
f 191/331/102 143/369/102 159/329/102
o 球
v -0.522185 4.150854 -2.122580
v -0.798047 3.874955 -2.127148
v -0.947342 3.514475 -2.129620
v -0.966554 3.319384 -2.129938
v -0.947342 3.124294 -2.129620
v -0.798047 2.763814 -2.127148
v -0.157377 4.300169 -2.154604
v -0.340734 4.243264 -2.194243
v -0.509717 4.150854 -2.230774
v -0.657832 4.026491 -2.262795
v -0.779387 3.874955 -2.289073
v -0.869710 3.702068 -2.308599
v -0.925331 3.514475 -2.320624
v -0.944112 3.319384 -2.324683
v -0.925331 3.124294 -2.320624
v -0.869710 2.936701 -2.308599
v -0.779387 2.763814 -2.289073
v -0.657832 2.612277 -2.262795
v -0.509717 2.487915 -2.230774
v -0.340734 2.395505 -2.194243
v -0.157377 2.338599 -2.154604
v -0.145670 4.300169 -2.191013
v -0.317771 4.243264 -2.265662
v -0.476381 4.150854 -2.334458
v -0.615402 4.026491 -2.394758
v -0.729496 3.874955 -2.444246
v -0.814273 3.702068 -2.481018
v -0.866480 3.514475 -2.503662
v -0.884107 3.319384 -2.511308
v -0.866480 3.124294 -2.503662
v -0.814273 2.936701 -2.481018
v -0.729496 2.763814 -2.444246
v -0.615402 2.612277 -2.394758
v -0.476381 2.487915 -2.334458
v -0.317771 2.395505 -2.265662
v -0.145670 2.338599 -2.191013
v -0.127086 4.300169 -2.224438
v -0.281317 4.243264 -2.331228
v -0.423457 4.150854 -2.429645
v -0.548044 4.026491 -2.515909
v -0.650290 3.874955 -2.586704
v -0.726265 3.702068 -2.639309
v -0.773051 3.514475 -2.671704
v -0.788848 3.319384 -2.682642
v -0.773050 3.124294 -2.671704
v -0.726265 2.936701 -2.639309
v -0.650290 2.763814 -2.586704
v -0.548044 2.612277 -2.515909
v -0.423457 2.487915 -2.429645
v -0.281317 2.395505 -2.331228
v -0.127086 2.338599 -2.224438
v -0.102338 4.300169 -2.253596
v -0.232772 4.243264 -2.388422
v -0.352980 4.150854 -2.512679
v -0.458344 4.026491 -2.621591
v -0.544814 3.874955 -2.710973
v -0.609066 3.702068 -2.777389
v -0.648634 3.514475 -2.818289
v -0.661994 3.319384 -2.832099
v -0.648633 3.124294 -2.818289
v -0.609066 2.936701 -2.777389
v -0.544814 2.763814 -2.710973
v -0.458344 2.612277 -2.621591
v -0.352980 2.487915 -2.512679
v -0.232772 2.395505 -2.388422
v -0.102338 2.338599 -2.253596
v -0.072377 4.300169 -2.277365
v -0.174002 4.243264 -2.435048
v -0.267659 4.150854 -2.580368
v -0.349750 4.026491 -2.707743
v -0.417121 3.874955 -2.812277
v -0.467182 3.702068 -2.889952
v -0.498009 3.514475 -2.937784
v -0.508418 3.319384 -2.953936
v -0.498009 3.124294 -2.937784
v -0.467182 2.936701 -2.889952
v -0.417121 2.763814 -2.812277
v -0.349750 2.612277 -2.707743
v -0.267658 2.487915 -2.580368
v -0.174002 2.395505 -2.435048
v -0.072377 2.338599 -2.277365
v 0.033309 4.319384 -2.113381
v -0.038355 4.300169 -2.294832
v -0.107264 4.243264 -2.469310
v -0.170771 4.150854 -2.630111
v -0.226436 4.026491 -2.771053
v -0.272119 3.874955 -2.886722
v -0.306063 3.702068 -2.972671
v -0.326967 3.514475 -3.025598
v -0.334025 3.319384 -3.043470
v -0.326967 3.124294 -3.025598
v -0.306063 2.936701 -2.972671
v -0.272119 2.763814 -2.886722
v -0.226436 2.612277 -2.771053
v -0.170771 2.487915 -2.630111
v -0.107264 2.395505 -2.469310
v -0.038355 2.338599 -2.294832
v -0.001578 4.300169 -2.305327
v -0.035125 4.243264 -2.489896
v -0.066041 4.150854 -2.659996
v -0.093140 4.026491 -2.809090
v -0.115379 3.874955 -2.931448
v -0.131904 3.702068 -3.022368
v -0.142080 3.514475 -3.078357
v -0.145516 3.319384 -3.097262
v -0.142080 3.124294 -3.078357
v -0.131904 2.936701 -3.022368
v -0.115379 2.763814 -2.931448
v -0.093140 2.612277 -2.809090
v -0.066040 2.487915 -2.659996
v -0.035125 2.395505 -2.489896
v -0.001578 2.338599 -2.305327
v 0.036539 4.300169 -2.308444
v 0.039645 4.243264 -2.496012
v 0.042507 4.150854 -2.668875
v 0.045016 4.026491 -2.820391
v 0.047075 3.874955 -2.944736
v 0.048605 3.702068 -3.037133
v 0.049548 3.514475 -3.094032
v 0.049866 3.319384 -3.113244
v 0.049548 3.124294 -3.094032
v 0.048606 2.936701 -3.037133
v 0.047076 2.763814 -2.944736
v 0.045016 2.612277 -2.820391
v 0.042507 2.487915 -2.668875
v 0.039645 2.395505 -2.496012
v 0.036539 2.338599 -2.308444
v 0.074532 4.300169 -2.304067
v 0.114171 4.243264 -2.487424
v 0.150702 4.150854 -2.656407
v 0.182722 4.026491 -2.804522
v 0.209001 3.874955 -2.926077
v 0.228527 3.702068 -3.016400
v 0.240551 3.514475 -3.072021
v 0.244611 3.319384 -3.090802
v 0.240551 3.124294 -3.072021
v 0.228527 2.936701 -3.016400
v 0.209001 2.763814 -2.926077
v 0.182723 2.612277 -2.804522
v 0.150702 2.487915 -2.656407
v 0.114171 2.395505 -2.487424
v 0.074532 2.338599 -2.304067
v 0.110941 4.300169 -2.292360
v 0.185589 4.243264 -2.464461
v 0.254386 4.150854 -2.623071
v 0.314686 4.026491 -2.762092
v 0.364174 3.874955 -2.876185
v 0.400946 3.702068 -2.960963
v 0.423590 3.514475 -3.013170
v 0.431236 3.319384 -3.030797
v 0.423590 3.124294 -3.013170
v 0.400946 2.936701 -2.960963
v 0.364174 2.763814 -2.876185
v 0.314686 2.612277 -2.762092
v 0.254386 2.487915 -2.623071
v 0.185590 2.395505 -2.464461
v 0.110941 2.338599 -2.292360
v 0.144366 4.300169 -2.273776
v 0.251156 4.243264 -2.428007
v 0.349573 4.150854 -2.570147
v 0.435836 4.026491 -2.694734
v 0.506632 3.874955 -2.796979
v 0.559237 3.702068 -2.872955
v 0.591631 3.514475 -2.919740
v 0.602569 3.319384 -2.935538
v 0.591631 3.124294 -2.919740
v 0.559237 2.936701 -2.872955
v 0.506632 2.763814 -2.796979
v 0.435837 2.612277 -2.694734
v 0.349573 2.487915 -2.570147
v 0.251156 2.395505 -2.428007
v 0.144366 2.338599 -2.273776
v 0.173524 4.300169 -2.249028
v 0.308350 4.243264 -2.379462
v 0.432606 4.150854 -2.499670
v 0.541519 4.026491 -2.605034
v 0.630901 3.874955 -2.691504
v 0.697317 3.702068 -2.755756
v 0.738216 3.514475 -2.795323
v 0.752026 3.319384 -2.808683
v 0.738216 3.124294 -2.795323
v 0.697317 2.936701 -2.755756
v 0.630901 2.763814 -2.691504
v 0.541519 2.612277 -2.605034
v 0.432606 2.487915 -2.499670
v 0.308350 2.395505 -2.379462
v 0.173524 2.338599 -2.249028
v 0.197293 4.300169 -2.219067
v 0.354975 4.243264 -2.320691
v 0.500296 4.150854 -2.414349
v 0.627671 4.026491 -2.496440
v 0.732204 3.874955 -2.563811
v 0.809880 3.702068 -2.613872
v 0.857712 3.514475 -2.644699
v 0.873862 3.319384 -2.655108
v 0.857712 3.124294 -2.644699
v 0.809880 2.936701 -2.613872
v 0.732204 2.763814 -2.563811
v 0.627671 2.612277 -2.496440
v 0.500296 2.487915 -2.414349
v 0.354975 2.395505 -2.320691
v 0.197293 2.338599 -2.219067
v 0.214760 4.300169 -2.185045
v 0.389238 4.243264 -2.253954
v 0.550038 4.150854 -2.317461
v 0.690980 4.026491 -2.373126
v 0.806650 3.874955 -2.418808
v 0.892599 3.702068 -2.452753
v 0.945526 3.514475 -2.473657
v 0.963397 3.319384 -2.480715
v 0.945526 3.124294 -2.473657
v 0.892599 2.936701 -2.452753
v 0.806650 2.763814 -2.418808
v 0.690981 2.612277 -2.373126
v 0.550039 2.487915 -2.317461
v 0.389238 2.395505 -2.253954
v 0.214760 2.338599 -2.185045
v 0.225255 4.300169 -2.148268
v 0.409823 4.243264 -2.181815
v 0.579924 4.150854 -2.212730
v 0.729018 4.026491 -2.239830
v 0.851376 3.874955 -2.262069
v 0.942296 3.702068 -2.278594
v 0.998284 3.514475 -2.288770
v 1.017190 3.319384 -2.292206
v 0.998284 3.124294 -2.288770
v 0.942296 2.936701 -2.278594
v 0.851376 2.763814 -2.262069
v 0.729018 2.612277 -2.239830
v 0.579924 2.487915 -2.212730
v 0.409824 2.395505 -2.181815
v 0.225255 2.338599 -2.148268
v 0.228372 4.300169 -2.110151
v 0.415939 4.243264 -2.107045
v 0.588803 4.150854 -2.104182
v 0.740319 4.026491 -2.101674
v 0.864664 3.874955 -2.099615
v 0.957061 3.702068 -2.098084
v 1.013959 3.514475 -2.097142
v 1.033171 3.319384 -2.096824
v 1.013959 3.124294 -2.097142
v 0.957061 2.936701 -2.098084
v 0.864664 2.763814 -2.099615
v 0.740319 2.612277 -2.101674
v 0.588803 2.487915 -2.104182
v 0.415939 2.395505 -2.107045
v 0.228372 2.338599 -2.110151
v 0.223994 4.300169 -2.072158
v 0.407351 4.243264 -2.032519
v 0.576335 4.150854 -1.995988
v 0.724450 4.026491 -1.963967
v 0.846004 3.874955 -1.937689
v 0.936327 3.702068 -1.918163
v 0.991948 3.514475 -1.906139
v 1.010729 3.319384 -1.902078
v 0.991948 3.124294 -1.906139
v 0.936327 2.936701 -1.918163
v 0.846004 2.763814 -1.937689
v 0.724450 2.612277 -1.963967
v 0.576335 2.487915 -1.995988
v 0.407351 2.395505 -2.032519
v 0.223995 2.338599 -2.072158
v 0.212288 4.300169 -2.035749
v 0.384389 4.243264 -1.961100
v 0.542998 4.150854 -1.892304
v 0.682020 4.026491 -1.832004
v 0.796112 3.874955 -1.782516
v 0.880891 3.702068 -1.745744
v 0.933097 3.514475 -1.723100
v 0.950725 3.319384 -1.715454
v 0.933097 3.124294 -1.723100
v 0.880891 2.936701 -1.745744
v 0.796112 2.763814 -1.782516
v 0.682020 2.612277 -1.832004
v 0.542998 2.487915 -1.892304
v 0.384389 2.395505 -1.961100
v 0.212288 2.338599 -2.035749
v 0.193704 4.300169 -2.002324
v 0.347935 4.243264 -1.895534
v 0.490074 4.150854 -1.797117
v 0.614662 4.026491 -1.710854
v 0.716907 3.874955 -1.640058
v 0.792883 3.702068 -1.587453
v 0.839668 3.514475 -1.555059
v 0.855465 3.319384 -1.544121
v 0.839668 3.124294 -1.555059
v 0.792883 2.936701 -1.587453
v 0.716907 2.763814 -1.640058
v 0.614662 2.612277 -1.710854
v 0.490074 2.487915 -1.797117
v 0.347935 2.395505 -1.895534
v 0.193704 2.338599 -2.002324
v 0.168956 4.300169 -1.973166
v 0.299389 4.243264 -1.838340
v 0.419598 4.150854 -1.714084
v 0.524962 4.026491 -1.605171
v 0.611431 3.874955 -1.515789
v 0.675684 3.702068 -1.449373
v 0.715251 3.514475 -1.408474
v 0.728610 3.319384 -1.394665
v 0.715251 3.124294 -1.408474
v 0.675684 2.936701 -1.449373
v 0.611431 2.763814 -1.515789
v 0.524962 2.612277 -1.605171
v 0.419598 2.487915 -1.714084
v 0.299389 2.395505 -1.838340
v 0.168956 2.338599 -1.973166
v 0.033309 2.319384 -2.113381
v 0.138994 4.300169 -1.949397
v 0.240618 4.243264 -1.791715
v 0.334276 4.150854 -1.646394
v 0.416367 4.026491 -1.519019
v 0.483738 3.874955 -1.414487
v 0.533800 3.702068 -1.336811
v 0.564627 3.514475 -1.288978
v 0.575035 3.319384 -1.272828
v 0.564627 3.124294 -1.288978
v 0.533800 2.936701 -1.336811
v 0.483738 2.763814 -1.414487
v 0.416368 2.612277 -1.519019
v 0.334276 2.487915 -1.646394
v 0.240618 2.395505 -1.791715
v 0.138994 2.338599 -1.949397
v 0.104972 4.300169 -1.931930
v 0.173882 4.243264 -1.757452
v 0.237388 4.150854 -1.596651
v 0.293053 4.026491 -1.455709
v 0.338735 3.874955 -1.340041
v 0.372681 3.702068 -1.254091
v 0.393585 3.514475 -1.201164
v 0.400643 3.319384 -1.183293
v 0.393585 3.124294 -1.201164
v 0.372681 2.936701 -1.254091
v 0.338736 2.763814 -1.340041
v 0.293053 2.612277 -1.455709
v 0.237388 2.487915 -1.596651
v 0.173882 2.395505 -1.757452
v 0.104972 2.338599 -1.931930
v 0.068195 4.300169 -1.921435
v 0.101742 4.243264 -1.736866
v 0.132658 4.150854 -1.566766
v 0.159757 4.026491 -1.417672
v 0.181995 3.874955 -1.295314
v 0.198521 3.702068 -1.204394
v 0.208697 3.514475 -1.148406
v 0.212133 3.319384 -1.129502
v 0.208697 3.124294 -1.148406
v 0.198521 2.936701 -1.204394
v 0.181996 2.763814 -1.295314
v 0.159757 2.612277 -1.417672
v 0.132658 2.487915 -1.566766
v 0.101742 2.395505 -1.736866
v 0.068196 2.338599 -1.921435
v 0.030079 4.300169 -1.918318
v 0.026973 4.243264 -1.730751
v 0.024110 4.150854 -1.557887
v 0.021601 4.026491 -1.406371
v 0.019542 3.874955 -1.282026
v 0.018012 3.702068 -1.189629
v 0.017070 3.514475 -1.132731
v 0.016752 3.319384 -1.113519
v 0.017070 3.124294 -1.132731
v 0.018012 2.936701 -1.189629
v 0.019542 2.763814 -1.282026
v 0.021601 2.612277 -1.406371
v 0.024110 2.487915 -1.557887
v 0.026973 2.395505 -1.730751
v 0.030079 2.338599 -1.918318
v -0.007914 4.300169 -1.922696
v -0.047553 4.243264 -1.739339
v -0.084084 4.150854 -1.570355
v -0.116105 4.026491 -1.422240
v -0.142383 3.874955 -1.300686
v -0.161909 3.702068 -1.210363
v -0.173934 3.514475 -1.154742
v -0.177994 3.319384 -1.135962
v -0.173934 3.124294 -1.154742
v -0.161909 2.936701 -1.210363
v -0.142383 2.763814 -1.300686
v -0.116105 2.612277 -1.422240
v -0.084084 2.487915 -1.570355
v -0.047553 2.395505 -1.739339
v -0.007914 2.338599 -1.922696
v -0.044323 4.300169 -1.934402
v -0.118972 4.243264 -1.762301
v -0.187767 4.150854 -1.603693
v -0.248069 4.026491 -1.464670
v -0.297556 3.874955 -1.350578
v -0.334328 3.702068 -1.265799
v -0.356972 3.514475 -1.213593
v -0.364618 3.319384 -1.195966
v -0.356972 3.124294 -1.213593
v -0.334328 2.936701 -1.265799
v -0.297556 2.763814 -1.350578
v -0.248068 2.612277 -1.464670
v -0.187767 2.487915 -1.603693
v -0.118972 2.395505 -1.762301
v -0.044323 2.338599 -1.934402
v -0.077748 4.300169 -1.952986
v -0.184537 4.243264 -1.798756
v -0.282955 4.150854 -1.656616
v -0.369219 4.026491 -1.532028
v -0.440014 3.874955 -1.429783
v -0.492620 3.702068 -1.353808
v -0.525014 3.514475 -1.307022
v -0.535952 3.319384 -1.291226
v -0.525014 3.124294 -1.307022
v -0.492619 2.936701 -1.353808
v -0.440014 2.763814 -1.429783
v -0.369219 2.612277 -1.532028
v -0.282955 2.487915 -1.656616
v -0.184537 2.395505 -1.798756
v -0.077748 2.338599 -1.952986
v -0.106906 4.300169 -1.977734
v -0.241732 4.243264 -1.847301
v -0.365989 4.150854 -1.727092
v -0.474901 4.026491 -1.621728
v -0.564283 3.874955 -1.535259
v -0.630699 3.702068 -1.471006
v -0.671599 3.514475 -1.431440
v -0.685408 3.319384 -1.418080
v -0.671599 3.124294 -1.431440
v -0.630699 2.936701 -1.471006
v -0.564283 2.763814 -1.535259
v -0.474901 2.612277 -1.621728
v -0.365989 2.487915 -1.727092
v -0.241732 2.395505 -1.847301
v -0.106906 2.338599 -1.977734
v -0.130676 4.300169 -2.007696
v -0.288358 4.243264 -1.906072
v -0.433677 4.150854 -1.812414
v -0.561053 4.026491 -1.730322
v -0.665586 3.874955 -1.662952
v -0.743261 3.702068 -1.612890
v -0.791094 3.514475 -1.582063
v -0.807245 3.319384 -1.571655
v -0.791094 3.124294 -1.582063
v -0.743261 2.936701 -1.612890
v -0.665586 2.763814 -1.662952
v -0.561053 2.612277 -1.730322
v -0.433677 2.487915 -1.812414
v -0.288358 2.395505 -1.906072
v -0.130675 2.338599 -2.007696
v -0.148143 4.300169 -2.041718
v -0.322620 4.243264 -1.972809
v -0.483420 4.150854 -1.909302
v -0.624363 4.026491 -1.853637
v -0.740031 3.874955 -1.807955
v -0.825981 3.702068 -1.774009
v -0.878908 3.514475 -1.753105
v -0.896780 3.319384 -1.746047
v -0.878908 3.124294 -1.753105
v -0.825981 2.936701 -1.774009
v -0.740031 2.763814 -1.807955
v -0.624363 2.612277 -1.853637
v -0.483420 2.487915 -1.909302
v -0.322620 2.395505 -1.972809
v -0.148143 2.338599 -2.041718
v -0.158637 4.300169 -2.078494
v -0.343206 4.243264 -2.044948
v -0.513306 4.150854 -2.014032
v -0.662400 4.026491 -1.986933
v -0.784758 3.874955 -1.964694
v -0.875678 3.702068 -1.948169
v -0.931666 3.514475 -1.937993
v -0.950571 3.319384 -1.934557
v -0.931666 3.124294 -1.937993
v -0.875678 2.936701 -1.948169
v -0.784758 2.763814 -1.964694
v -0.662400 2.612277 -1.986933
v -0.513306 2.487915 -2.014032
v -0.343206 2.395505 -2.044948
v -0.158637 2.338599 -2.078494
v -0.161755 4.300169 -2.116611
v -0.349322 4.243264 -2.119717
v -0.673701 4.026491 -2.125089
v -0.890444 3.702068 -2.128678
v -0.890444 2.936701 -2.128678
v -0.673701 2.612277 -2.125089
v -0.522185 2.487915 -2.122580
v -0.349322 2.395505 -2.119717
v -0.161754 2.338599 -2.116611
vn -0.9510 0.2890 -0.1096
vn -0.2897 -0.9565 -0.0334
vn -0.9887 0.0975 -0.1139
vn -0.9887 0.0976 -0.1139
vn -0.0978 0.9951 -0.0113
vn -0.0978 -0.9951 -0.0113
vn -0.9887 -0.0975 -0.1139
vn -0.9887 -0.0976 -0.1139
vn -0.2897 0.9566 -0.0334
vn -0.2896 0.9566 -0.0334
vn -0.9510 -0.2890 -0.1096
vn -0.4701 0.8810 -0.0542
vn -0.8771 -0.4696 -0.1011
vn -0.6320 0.7715 -0.0728
vn -0.7694 -0.6326 -0.0887
vn -0.7694 0.6326 -0.0887
vn -0.6320 -0.7715 -0.0728
vn -0.8771 0.4696 -0.1011
vn -0.4701 -0.8810 -0.0542
vn -0.6057 -0.7715 -0.1947
vn -0.8405 0.4696 -0.2702
vn -0.4505 -0.8810 -0.1448
vn -0.9114 0.2890 -0.2930
vn -0.2776 -0.9565 -0.0892
vn -0.9475 0.0975 -0.3046
vn -0.0938 0.9951 -0.0301
vn -0.0938 -0.9951 -0.0301
vn -0.9475 -0.0975 -0.3046
vn -0.2776 0.9566 -0.0892
vn -0.9114 -0.2890 -0.2930
vn -0.4505 0.8810 -0.1448
vn -0.8405 -0.4696 -0.2702
vn -0.6057 0.7715 -0.1947
vn -0.7373 -0.6326 -0.2371
vn -0.7373 0.6326 -0.2371
vn -0.8367 -0.2890 -0.4652
vn -0.4136 0.8810 -0.2299
vn -0.4135 0.8810 -0.2299
vn -0.7716 -0.4696 -0.4290
vn -0.5561 0.7715 -0.3092
vn -0.6769 -0.6326 -0.3764
vn -0.6769 0.6326 -0.3764
vn -0.5561 -0.7715 -0.3092
vn -0.7716 0.4696 -0.4290
vn -0.4135 -0.8810 -0.2299
vn -0.8367 0.2890 -0.4652
vn -0.2548 -0.9565 -0.1417
vn -0.8698 0.0975 -0.4836
vn -0.0861 0.9951 -0.0479
vn -0.0861 -0.9951 -0.0479
vn -0.8698 -0.0975 -0.4836
vn -0.2548 0.9566 -0.1417
vn -0.2548 0.9565 -0.1417
vn -0.3607 -0.8810 -0.3062
vn -0.7299 0.2890 -0.6195
vn -0.2223 -0.9565 -0.1887
vn -0.7588 0.0975 -0.6440
vn -0.7588 0.0976 -0.6440
vn -0.0751 0.9951 -0.0637
vn -0.0751 -0.9951 -0.0637
vn -0.7588 -0.0975 -0.6440
vn -0.2223 0.9565 -0.1887
vn -0.2223 0.9566 -0.1887
vn -0.7299 -0.2890 -0.6195
vn -0.3607 0.8810 -0.3062
vn -0.6731 -0.4696 -0.5713
vn -0.4851 0.7715 -0.4117
vn -0.5905 -0.6326 -0.5012
vn -0.5905 0.6326 -0.5012
vn -0.4851 -0.7715 -0.4117
vn -0.6731 0.4696 -0.5713
vn -0.2941 0.8810 -0.3707
vn -0.5487 -0.4696 -0.6916
vn -0.3954 0.7715 -0.4984
vn -0.4814 -0.6326 -0.6068
vn -0.4814 0.6326 -0.6068
vn -0.3954 -0.7715 -0.4984
vn -0.5487 0.4696 -0.6916
vn -0.2941 -0.8810 -0.3707
vn -0.5950 0.2890 -0.7500
vn -0.1812 -0.9565 -0.2284
vn -0.6185 0.0976 -0.7797
vn -0.0612 0.9951 -0.0772
vn -0.0612 -0.9951 -0.0772
vn -0.6185 -0.0976 -0.7797
vn -0.1812 0.9566 -0.2284
vn -0.5950 -0.2890 -0.7500
vn -0.4372 0.2890 -0.8516
vn -0.1332 -0.9565 -0.2594
vn -0.4545 0.0976 -0.8854
vn -0.4545 0.0975 -0.8854
vn -0.0450 0.9951 -0.0876
vn -0.0450 -0.9951 -0.0876
vn -0.4545 -0.0976 -0.8854
vn -0.1332 0.9566 -0.2594
vn -0.4372 -0.2890 -0.8516
vn -0.2161 0.8810 -0.4209
vn -0.4032 -0.4696 -0.7854
vn -0.2906 0.7715 -0.5660
vn -0.3537 -0.6326 -0.6890
vn -0.3537 0.6326 -0.6890
vn -0.2906 -0.7715 -0.5660
vn -0.4032 0.4696 -0.7854
vn -0.2161 -0.8810 -0.4209
vn -0.2423 -0.4696 -0.8490
vn -0.1746 0.7715 -0.6118
vn -0.2125 -0.6326 -0.7448
vn -0.2125 0.6326 -0.7448
vn -0.1746 -0.7715 -0.6118
vn -0.2423 0.4696 -0.8490
vn -0.1298 -0.8810 -0.4550
vn -0.2627 0.2890 -0.9206
vn -0.0800 -0.9565 -0.2804
vn -0.2731 0.0975 -0.9570
vn -0.0270 0.9951 -0.0947
vn -0.0270 -0.9951 -0.0947
vn -0.2731 -0.0975 -0.9570
vn -0.0800 0.9566 -0.2804
vn -0.2627 -0.2890 -0.9206
vn -0.1298 0.8810 -0.4550
vn -0.0238 -0.9565 -0.2906
vn -0.0811 0.0975 -0.9919
vn -0.0811 0.0976 -0.9919
vn -0.0080 0.9951 -0.0982
vn -0.0080 -0.9951 -0.0982
vn -0.0811 -0.0975 -0.9919
vn -0.0238 0.9566 -0.2906
vn -0.0780 -0.2890 -0.9541
vn -0.0386 0.8810 -0.4716
vn -0.0720 -0.4696 -0.8799
vn -0.0519 0.7715 -0.6341
vn -0.0631 -0.6326 -0.7719
vn -0.0631 0.6326 -0.7719
vn -0.0519 -0.7715 -0.6341
vn -0.0720 0.4696 -0.8799
vn -0.0386 -0.8810 -0.4716
vn -0.0780 0.2890 -0.9541
vn 0.0728 0.7715 -0.6320
vn 0.0887 -0.6326 -0.7694
vn 0.0887 0.6326 -0.7694
vn 0.0728 -0.7715 -0.6320
vn 0.1011 0.4696 -0.8771
vn 0.0542 -0.8810 -0.4701
vn 0.1096 0.2890 -0.9510
vn 0.0334 -0.9565 -0.2897
vn 0.1139 0.0975 -0.9887
vn 0.0113 0.9951 -0.0978
vn 0.0113 -0.9951 -0.0978
vn 0.1139 -0.0975 -0.9887
vn 0.1139 -0.0976 -0.9887
vn 0.0334 0.9566 -0.2897
vn 0.0334 0.9566 -0.2896
vn 0.1096 -0.2890 -0.9510
vn 0.0542 0.8810 -0.4701
vn 0.1011 -0.4696 -0.8771
vn 0.3046 0.0975 -0.9475
vn 0.0301 0.9951 -0.0938
vn 0.0301 -0.9951 -0.0938
vn 0.3046 -0.0975 -0.9475
vn 0.0893 0.9566 -0.2776
vn 0.0892 0.9566 -0.2776
vn 0.2930 -0.2890 -0.9114
vn 0.1448 0.8810 -0.4505
vn 0.2702 -0.4696 -0.8405
vn 0.1947 0.7715 -0.6057
vn 0.2371 -0.6326 -0.7373
vn 0.2371 0.6326 -0.7373
vn 0.1947 -0.7715 -0.6057
vn 0.2702 0.4696 -0.8405
vn 0.1448 -0.8810 -0.4505
vn 0.2930 0.2890 -0.9114
vn 0.0892 -0.9565 -0.2776
vn 0.3764 -0.6326 -0.6769
vn 0.3764 0.6326 -0.6769
vn 0.3092 -0.7715 -0.5561
vn 0.4290 0.4696 -0.7716
vn 0.2299 -0.8810 -0.4135
vn 0.4652 0.2890 -0.8367
vn 0.1417 -0.9565 -0.2548
vn 0.4836 0.0975 -0.8698
vn 0.0479 0.9951 -0.0861
vn 0.0479 -0.9951 -0.0861
vn 0.4836 -0.0975 -0.8698
vn 0.1417 0.9566 -0.2548
vn 0.4652 -0.2890 -0.8367
vn 0.2299 0.8810 -0.4135
vn 0.4290 -0.4696 -0.7716
vn 0.3092 0.7715 -0.5561
vn 0.0637 -0.9951 -0.0751
vn 0.6440 -0.0975 -0.7588
vn 0.1887 0.9566 -0.2223
vn 0.6195 -0.2890 -0.7299
vn 0.3062 0.8810 -0.3607
vn 0.5713 -0.4696 -0.6731
vn 0.4117 0.7715 -0.4851
vn 0.5012 -0.6326 -0.5905
vn 0.5012 0.6326 -0.5905
vn 0.4117 -0.7715 -0.4851
vn 0.5713 0.4696 -0.6731
vn 0.3062 -0.8810 -0.3607
vn 0.6195 0.2890 -0.7299
vn 0.1887 -0.9565 -0.2223
vn 0.6440 0.0975 -0.7588
vn 0.0637 0.9951 -0.0751
vn 0.4984 -0.7715 -0.3954
vn 0.6916 0.4696 -0.5487
vn 0.3707 -0.8810 -0.2941
vn 0.7500 0.2890 -0.5950
vn 0.2284 -0.9565 -0.1812
vn 0.2284 -0.9566 -0.1812
vn 0.7797 0.0975 -0.6185
vn 0.0772 0.9951 -0.0612
vn 0.0772 -0.9951 -0.0612
vn 0.7797 -0.0975 -0.6185
vn 0.2284 0.9566 -0.1812
vn 0.2284 0.9565 -0.1812
vn 0.7500 -0.2890 -0.5950
vn 0.3707 0.8810 -0.2941
vn 0.6916 -0.4696 -0.5487
vn 0.4984 0.7715 -0.3954
vn 0.6068 -0.6326 -0.4814
vn 0.6068 0.6326 -0.4814
vn 0.2594 0.9566 -0.1332
vn 0.8516 -0.2890 -0.4372
vn 0.4209 0.8810 -0.2161
vn 0.7854 -0.4696 -0.4032
vn 0.5660 0.7715 -0.2906
vn 0.6890 -0.6326 -0.3537
vn 0.6890 0.6326 -0.3537
vn 0.5660 -0.7715 -0.2906
vn 0.7854 0.4696 -0.4032
vn 0.4209 -0.8810 -0.2161
vn 0.8516 0.2890 -0.4372
vn 0.2594 -0.9565 -0.1332
vn 0.8854 0.0975 -0.4546
vn 0.0876 0.9951 -0.0450
vn 0.0876 -0.9951 -0.0450
vn 0.8854 -0.0975 -0.4546
vn 0.8490 0.4696 -0.2423
vn 0.4550 -0.8810 -0.1298
vn 0.9206 0.2890 -0.2627
vn 0.2804 -0.9565 -0.0800
vn 0.9570 0.0976 -0.2731
vn 0.0947 0.9951 -0.0270
vn 0.0947 -0.9951 -0.0270
vn 0.9570 -0.0976 -0.2731
vn 0.9570 -0.0975 -0.2731
vn 0.2804 0.9566 -0.0800
vn 0.9206 -0.2890 -0.2627
vn 0.4550 0.8810 -0.1298
vn 0.8490 -0.4696 -0.2423
vn 0.6118 0.7715 -0.1746
vn 0.7448 -0.6326 -0.2125
vn 0.7448 0.6326 -0.2125
vn 0.6118 -0.7715 -0.1746
vn 0.9541 -0.2890 -0.0780
vn 0.4716 0.8810 -0.0386
vn 0.8799 -0.4696 -0.0720
vn 0.6341 0.7715 -0.0519
vn 0.7719 -0.6326 -0.0631
vn 0.7719 0.6326 -0.0631
vn 0.6341 -0.7715 -0.0519
vn 0.8799 0.4696 -0.0720
vn 0.4716 -0.8810 -0.0386
vn 0.9541 0.2890 -0.0780
vn 0.2906 -0.9565 -0.0238
vn 0.9919 0.0975 -0.0811
vn 0.0982 0.9951 -0.0080
vn 0.0982 -0.9951 -0.0080
vn 0.9919 -0.0975 -0.0811
vn 0.9919 -0.0976 -0.0811
vn 0.2906 0.9566 -0.0238
vn 0.4701 -0.8810 0.0542
vn 0.9510 0.2890 0.1096
vn 0.2897 -0.9565 0.0334
vn 0.9887 0.0975 0.1139
vn 0.9887 0.0976 0.1139
vn 0.0978 0.9951 0.0113
vn 0.0978 -0.9951 0.0113
vn 0.9887 -0.0975 0.1139
vn 0.2896 0.9566 0.0334
vn 0.2897 0.9566 0.0334
vn 0.9510 -0.2890 0.1096
vn 0.4701 0.8810 0.0542
vn 0.8771 -0.4696 0.1011
vn 0.6320 0.7715 0.0728
vn 0.7694 -0.6326 0.0887
vn 0.7694 0.6326 0.0887
vn 0.6320 -0.7715 0.0728
vn 0.8771 0.4696 0.1011
vn 0.4505 0.8810 0.1448
vn 0.8405 -0.4696 0.2702
vn 0.6057 0.7715 0.1947
vn 0.7373 -0.6326 0.2371
vn 0.7373 0.6326 0.2371
vn 0.6057 -0.7715 0.1947
vn 0.8405 0.4696 0.2702
vn 0.4505 -0.8810 0.1448
vn 0.9114 0.2890 0.2930
vn 0.2776 -0.9565 0.0892
vn 0.9475 0.0976 0.3046
vn 0.9475 0.0975 0.3046
vn 0.0938 0.9951 0.0301
vn 0.0938 -0.9951 0.0301
vn 0.9475 -0.0976 0.3046
vn 0.2776 0.9566 0.0892
vn 0.9114 -0.2890 0.2930
vn 0.8367 0.2890 0.4652
vn 0.2548 -0.9565 0.1417
vn 0.8698 0.0975 0.4836
vn 0.0861 0.9951 0.0479
vn 0.0861 -0.9951 0.0479
vn 0.8698 -0.0975 0.4836
vn 0.2548 0.9566 0.1417
vn 0.8367 -0.2890 0.4652
vn 0.4136 0.8810 0.2299
vn 0.4135 0.8810 0.2299
vn 0.7716 -0.4696 0.4290
vn 0.5561 0.7715 0.3092
vn 0.6769 -0.6326 0.3764
vn 0.6769 0.6326 0.3764
vn 0.5561 -0.7715 0.3092
vn 0.5560 -0.7715 0.3092
vn 0.7716 0.4696 0.4290
vn 0.4135 -0.8810 0.2299
vn 0.6731 -0.4696 0.5713
vn 0.4851 0.7715 0.4117
vn 0.5905 -0.6326 0.5012
vn 0.5905 0.6326 0.5012
vn 0.4851 -0.7715 0.4117
vn 0.6731 0.4696 0.5713
vn 0.3607 -0.8810 0.3062
vn 0.7299 0.2890 0.6195
vn 0.2223 -0.9565 0.1887
vn 0.7588 0.0975 0.6440
vn 0.0751 0.9951 0.0637
vn 0.0751 -0.9951 0.0637
vn 0.7588 -0.0975 0.6440
vn 0.2223 0.9565 0.1887
vn 0.2223 0.9566 0.1887
vn 0.7299 -0.2890 0.6195
vn 0.3607 0.8810 0.3062
vn 0.1812 -0.9565 0.2284
vn 0.6185 0.0975 0.7797
vn 0.0612 0.9951 0.0772
vn 0.0612 -0.9951 0.0772
vn 0.6185 -0.0975 0.7797
vn 0.1812 0.9566 0.2284
vn 0.5950 -0.2890 0.7500
vn 0.2941 0.8810 0.3707
vn 0.5487 -0.4696 0.6916
vn 0.3954 0.7715 0.4984
vn 0.4814 -0.6326 0.6068
vn 0.4814 0.6326 0.6068
vn 0.3954 -0.7715 0.4984
vn 0.5487 0.4696 0.6916
vn 0.2941 -0.8810 0.3707
vn 0.5950 0.2890 0.7500
vn 0.3537 -0.6326 0.6890
vn 0.3537 0.6326 0.6890
vn 0.2906 -0.7715 0.5660
vn 0.4032 0.4696 0.7854
vn 0.2161 -0.8810 0.4209
vn 0.4372 0.2890 0.8516
vn 0.1332 -0.9565 0.2594
vn 0.4546 0.0975 0.8854
vn 0.0450 0.9951 0.0876
vn 0.0450 -0.9951 0.0876
vn 0.4546 -0.0975 0.8854
vn 0.4545 -0.0975 0.8854
vn 0.1332 0.9566 0.2594
vn 0.4372 -0.2890 0.8516
vn 0.2161 0.8810 0.4209
vn 0.4032 -0.4696 0.7854
vn 0.2906 0.7715 0.5660
vn 0.0270 0.9951 0.0947
vn 0.0270 -0.9951 0.0947
vn 0.2731 -0.0975 0.9570
vn 0.0800 0.9566 0.2804
vn 0.2627 -0.2890 0.9206
vn 0.1298 0.8810 0.4550
vn 0.2423 -0.4696 0.8490
vn 0.1746 0.7715 0.6118
vn 0.2125 -0.6326 0.7448
vn 0.2125 0.6326 0.7448
vn 0.1746 -0.7715 0.6118
vn 0.2423 0.4696 0.8490
vn 0.1298 -0.8810 0.4550
vn 0.2627 0.2890 0.9206
vn 0.0800 -0.9565 0.2804
vn 0.2731 0.0975 0.9570
vn 0.0631 0.6326 0.7719
vn 0.0519 -0.7715 0.6341
vn 0.0720 0.4696 0.8799
vn 0.0386 -0.8810 0.4716
vn 0.0780 0.2890 0.9541
vn 0.0781 0.2890 0.9541
vn 0.0238 -0.9565 0.2906
vn 0.0811 0.0975 0.9919
vn 0.0080 0.9951 0.0982
vn 0.0080 -0.9951 0.0982
vn 0.0811 -0.0975 0.9919
vn 0.0238 0.9566 0.2906
vn 0.0780 -0.2890 0.9541
vn 0.0386 0.8810 0.4716
vn 0.0720 -0.4696 0.8799
vn 0.0519 0.7715 0.6341
vn 0.0631 -0.6326 0.7719
vn -0.1139 -0.0975 0.9887
vn -0.0334 0.9566 0.2897
vn -0.0334 0.9566 0.2896
vn -0.1096 -0.2890 0.9510
vn -0.0542 0.8810 0.4701
vn -0.1011 -0.4696 0.8771
vn -0.0728 0.7715 0.6320
vn -0.0887 -0.6326 0.7694
vn -0.0887 0.6326 0.7694
vn -0.0728 -0.7715 0.6320
vn -0.1011 0.4696 0.8771
vn -0.0542 -0.8810 0.4701
vn -0.1096 0.2890 0.9510
vn -0.0334 -0.9565 0.2897
vn -0.1139 0.0975 0.9887
vn -0.0113 0.9951 0.0978
vn -0.0113 -0.9951 0.0978
vn -0.1947 -0.7715 0.6057
vn -0.2702 0.4696 0.8405
vn -0.1448 -0.8810 0.4505
vn -0.2930 0.2890 0.9114
vn -0.0892 -0.9565 0.2776
vn -0.3046 0.0975 0.9475
vn -0.0301 0.9951 0.0938
vn -0.0301 -0.9951 0.0938
vn -0.3046 -0.0975 0.9475
vn -0.0893 0.9566 0.2776
vn -0.0892 0.9566 0.2776
vn -0.2930 -0.2890 0.9114
vn -0.1448 0.8810 0.4505
vn -0.2702 -0.4696 0.8405
vn -0.1947 0.7715 0.6057
vn -0.2371 -0.6326 0.7373
vn -0.2371 0.6326 0.7373
vn -0.1417 0.9566 0.2548
vn -0.4652 -0.2890 0.8367
vn -0.2299 0.8810 0.4135
vn -0.4290 -0.4696 0.7716
vn -0.3092 0.7715 0.5561
vn -0.3764 -0.6326 0.6769
vn -0.3764 0.6326 0.6769
vn -0.3092 -0.7715 0.5561
vn -0.4290 0.4696 0.7716
vn -0.2299 -0.8810 0.4135
vn -0.4652 0.2890 0.8367
vn -0.1417 -0.9565 0.2548
vn -0.4836 0.0975 0.8698
vn -0.0479 0.9951 0.0861
vn -0.0479 -0.9951 0.0861
vn -0.4836 -0.0975 0.8698
vn -0.5713 0.4696 0.6731
vn -0.3062 -0.8810 0.3607
vn -0.6195 0.2890 0.7299
vn -0.1887 -0.9565 0.2223
vn -0.6440 0.0975 0.7588
vn -0.0637 0.9951 0.0751
vn -0.0637 -0.9951 0.0751
vn -0.6440 -0.0975 0.7588
vn -0.1887 0.9566 0.2223
vn -0.6195 -0.2890 0.7299
vn -0.3062 0.8810 0.3607
vn -0.5713 -0.4696 0.6731
vn -0.4117 0.7715 0.4851
vn -0.5012 -0.6326 0.5905
vn -0.5012 0.6326 0.5905
vn -0.4117 -0.7715 0.4851
vn -0.7500 -0.2890 0.5950
vn -0.3707 0.8810 0.2941
vn -0.6916 -0.4696 0.5487
vn -0.4984 0.7715 0.3954
vn -0.6068 -0.6326 0.4814
vn -0.6068 0.6326 0.4814
vn -0.4984 -0.7715 0.3954
vn -0.6916 0.4696 0.5487
vn -0.3707 -0.8810 0.2941
vn -0.7500 0.2890 0.5950
vn -0.2284 -0.9565 0.1812
vn -0.2284 -0.9566 0.1812
vn -0.7797 0.0975 0.6185
vn -0.0772 0.9951 0.0612
vn -0.0772 -0.9951 0.0612
vn -0.7797 -0.0975 0.6185
vn -0.2284 0.9565 0.1812
vn -0.4209 -0.8810 0.2161
vn -0.8516 0.2890 0.4372
vn -0.2594 -0.9565 0.1332
vn -0.8854 0.0975 0.4546
vn -0.0876 0.9951 0.0450
vn -0.0876 -0.9951 0.0450
vn -0.8854 -0.0975 0.4546
vn -0.2594 0.9566 0.1332
vn -0.8516 -0.2890 0.4372
vn -0.4209 0.8810 0.2161
vn -0.7854 -0.4696 0.4032
vn -0.5660 0.7715 0.2906
vn -0.6890 -0.6326 0.3537
vn -0.6890 0.6326 0.3537
vn -0.5660 -0.7715 0.2906
vn -0.7854 0.4696 0.4032
vn -0.8490 -0.4696 0.2423
vn -0.6118 0.7715 0.1746
vn -0.7448 -0.6326 0.2125
vn -0.7448 0.6326 0.2125
vn -0.6118 -0.7715 0.1746
vn -0.8490 0.4696 0.2423
vn -0.4550 -0.8810 0.1298
vn -0.9206 0.2890 0.2627
vn -0.2804 -0.9565 0.0800
vn -0.9570 0.0975 0.2731
vn -0.0947 0.9951 0.0270
vn -0.0947 -0.9951 0.0270
vn -0.9570 -0.0975 0.2731
vn -0.2804 0.9565 0.0800
vn -0.9206 -0.2890 0.2627
vn -0.4550 0.8810 0.1298
vn -0.2906 -0.9565 0.0238
vn -0.9919 0.0975 0.0811
vn -0.9919 0.0976 0.0811
vn -0.0982 0.9951 0.0080
vn -0.0982 -0.9951 0.0080
vn -0.9919 -0.0975 0.0811
vn -0.2906 0.9566 0.0238
vn -0.2906 0.9565 0.0238
vn -0.9541 -0.2890 0.0780
vn -0.4716 0.8810 0.0386
vn -0.8799 -0.4696 0.0720
vn -0.6341 0.7715 0.0519
vn -0.7719 -0.6326 0.0631
vn -0.7719 0.6326 0.0631
vn -0.6341 -0.7715 0.0519
vn -0.8799 0.4696 0.0720
vn -0.4716 -0.8810 0.0386
vn -0.9541 0.2890 0.0780
vn -0.7588 -0.0976 -0.6440
vn -0.4545 -0.0975 -0.8854
vn -0.0811 -0.0976 -0.9919
vn 0.1139 0.0976 -0.9887
vn 0.9570 0.0975 -0.2731
vn 0.9541 -0.2890 -0.0781
vn 0.9919 0.0976 -0.0811
vn 0.9887 -0.0976 0.1139
vn 0.9475 -0.0975 0.3046
vn 0.4545 0.0975 0.8854
vn 0.0781 -0.2890 0.9541
vn -0.0893 -0.9565 0.2776
vn -0.2804 0.9566 0.0800
vn -0.9919 -0.0976 0.0811
vn -0.9541 -0.2890 0.0781
vt 0.750000 0.562500
vt 0.718750 0.625000
vt 0.718750 0.562500
vt 0.750000 0.125000
vt 0.718750 0.062500
vt 0.750000 0.062500
vt 0.718750 0.500000
vt 0.750000 0.500000
vt 0.750000 0.937500
vt 0.734375 1.000000
vt 0.718750 0.937500
vt 0.734375 0.000000
vt 0.718750 0.437500
vt 0.750000 0.437500
vt 0.750000 0.875000
vt 0.718750 0.875000
vt 0.718750 0.375000
vt 0.750000 0.375000
vt 0.750000 0.812500
vt 0.718750 0.812500
vt 0.718750 0.312500
vt 0.750000 0.312500
vt 0.750000 0.750000
vt 0.718750 0.750000
vt 0.718750 0.250000
vt 0.750000 0.250000
vt 0.750000 0.687500
vt 0.718750 0.687500
vt 0.718750 0.187500
vt 0.750000 0.187500
vt 0.750000 0.625000
vt 0.718750 0.125000
vt 0.687500 0.250000
vt 0.687500 0.187500
vt 0.687500 0.625000
vt 0.687500 0.125000
vt 0.687500 0.562500
vt 0.687500 0.062500
vt 0.687500 0.500000
vt 0.703125 1.000000
vt 0.687500 0.937500
vt 0.703125 0.000000
vt 0.687500 0.437500
vt 0.687500 0.875000
vt 0.687500 0.375000
vt 0.687500 0.812500
vt 0.687500 0.312500
vt 0.687500 0.750000
vt 0.687500 0.687500
vt 0.656250 0.375000
vt 0.656250 0.812500
vt 0.656250 0.312500
vt 0.656250 0.750000
vt 0.656250 0.250000
vt 0.656250 0.687500
vt 0.656250 0.187500
vt 0.656250 0.625000
vt 0.656250 0.125000
vt 0.656250 0.562500
vt 0.656250 0.062500
vt 0.656250 0.500000
vt 0.671875 1.000000
vt 0.656250 0.937500
vt 0.671875 0.000000
vt 0.656250 0.437500
vt 0.656250 0.875000
vt 0.625000 0.125000
vt 0.625000 0.625000
vt 0.625000 0.562500
vt 0.625000 0.062500
vt 0.625000 0.500000
vt 0.640625 1.000000
vt 0.625000 0.937500
vt 0.640625 0.000000
vt 0.625000 0.437500
vt 0.625000 0.875000
vt 0.625000 0.375000
vt 0.625000 0.812500
vt 0.625000 0.312500
vt 0.625000 0.750000
vt 0.625000 0.250000
vt 0.625000 0.687500
vt 0.625000 0.187500
vt 0.593750 0.812500
vt 0.593750 0.375000
vt 0.593750 0.312500
vt 0.593750 0.750000
vt 0.593750 0.250000
vt 0.593750 0.687500
vt 0.593750 0.187500
vt 0.593750 0.625000
vt 0.593750 0.125000
vt 0.593750 0.562500
vt 0.593750 0.062500
vt 0.593750 0.500000
vt 0.609375 1.000000
vt 0.593750 0.937500
vt 0.609375 0.000000
vt 0.593750 0.437500
vt 0.593750 0.875000
vt 0.562500 0.625000
vt 0.562500 0.562500
vt 0.562500 0.125000
vt 0.562500 0.062500
vt 0.562500 0.500000
vt 0.578125 1.000000
vt 0.562500 0.937500
vt 0.578125 0.000000
vt 0.562500 0.437500
vt 0.562500 0.875000
vt 0.562500 0.375000
vt 0.562500 0.812500
vt 0.562500 0.312500
vt 0.562500 0.750000
vt 0.562500 0.250000
vt 0.562500 0.687500
vt 0.562500 0.187500
vt 0.531250 0.375000
vt 0.531250 0.312500
vt 0.531250 0.750000
vt 0.531250 0.250000
vt 0.531250 0.687500
vt 0.531250 0.187500
vt 0.531250 0.625000
vt 0.531250 0.125000
vt 0.531250 0.562500
vt 0.531250 0.062500
vt 0.531250 0.500000
vt 0.546875 1.000000
vt 0.531250 0.937500
vt 0.546875 0.000000
vt 0.531250 0.437500
vt 0.531250 0.875000
vt 0.531250 0.812500
vt 0.500000 0.062500
vt 0.500000 0.562500
vt 0.500000 0.500000
vt 0.515625 1.000000
vt 0.500000 0.937500
vt 0.515625 0.000000
vt 0.500000 0.437500
vt 0.500000 0.875000
vt 0.500000 0.375000
vt 0.500000 0.812500
vt 0.500000 0.312500
vt 0.500000 0.750000
vt 0.500000 0.250000
vt 0.500000 0.687500
vt 0.500000 0.187500
vt 0.500000 0.625000
vt 0.500000 0.125000
vt 0.468750 0.750000
vt 0.468750 0.250000
vt 0.468750 0.687500
vt 0.468750 0.187500
vt 0.468750 0.625000
vt 0.468750 0.125000
vt 0.468750 0.562500
vt 0.468750 0.062500
vt 0.468750 0.500000
vt 0.484375 1.000000
vt 0.468750 0.937500
vt 0.484375 0.000000
vt 0.468750 0.437500
vt 0.468750 0.875000
vt 0.468750 0.375000
vt 0.468750 0.812500
vt 0.468750 0.312500
vt 0.437500 0.562500
vt 0.437500 0.500000
vt 0.453125 1.000000
vt 0.437500 0.937500
vt 0.453125 0.000000
vt 0.437500 0.062500
vt 0.437500 0.437500
vt 0.437500 0.875000
vt 0.437500 0.375000
vt 0.437500 0.812500
vt 0.437500 0.312500
vt 0.437500 0.750000
vt 0.437500 0.250000
vt 0.437500 0.687500
vt 0.437500 0.187500
vt 0.437500 0.625000
vt 0.437500 0.125000
vt 0.406250 0.250000
vt 0.406250 0.750000
vt 0.406250 0.687500
vt 0.406250 0.187500
vt 0.406250 0.625000
vt 0.406250 0.125000
vt 0.406250 0.562500
vt 0.406250 0.062500
vt 0.406250 0.500000
vt 0.421875 1.000000
vt 0.406250 0.937500
vt 0.421875 0.000000
vt 0.406250 0.437500
vt 0.406250 0.875000
vt 0.406250 0.375000
vt 0.406250 0.812500
vt 0.406250 0.312500
vt 0.390625 0.000000
vt 0.375000 0.062500
vt 0.375000 0.437500
vt 0.375000 0.875000
vt 0.375000 0.375000
vt 0.375000 0.812500
vt 0.375000 0.312500
vt 0.375000 0.750000
vt 0.375000 0.250000
vt 0.375000 0.687500
vt 0.375000 0.187500
vt 0.375000 0.625000
vt 0.375000 0.125000
vt 0.375000 0.562500
vt 0.375000 0.500000
vt 0.390625 1.000000
vt 0.375000 0.937500
vt 0.343750 0.250000
vt 0.343750 0.187500
vt 0.343750 0.625000
vt 0.343750 0.125000
vt 0.343750 0.562500
vt 0.343750 0.062500
vt 0.343750 0.500000
vt 0.359375 1.000000
vt 0.343750 0.937500
vt 0.359375 0.000000
vt 0.343750 0.437500
vt 0.343750 0.875000
vt 0.343750 0.375000
vt 0.343750 0.812500
vt 0.343750 0.312500
vt 0.343750 0.750000
vt 0.343750 0.687500
vt 0.312500 0.875000
vt 0.312500 0.375000
vt 0.312500 0.812500
vt 0.312500 0.312500
vt 0.312500 0.750000
vt 0.312500 0.250000
vt 0.312500 0.687500
vt 0.312500 0.187500
vt 0.312500 0.625000
vt 0.312500 0.125000
vt 0.312500 0.562500
vt 0.312500 0.062500
vt 0.312500 0.500000
vt 0.328125 1.000000
vt 0.312500 0.937500
vt 0.328125 0.000000
vt 0.312500 0.437500
vt 0.281250 0.625000
vt 0.281250 0.125000
vt 0.281250 0.562500
vt 0.281250 0.062500
vt 0.281250 0.500000
vt 0.296875 1.000000
vt 0.281250 0.937500
vt 0.296875 0.000000
vt 0.281250 0.437500
vt 0.281250 0.875000
vt 0.281250 0.375000
vt 0.281250 0.812500
vt 0.281250 0.312500
vt 0.281250 0.750000
vt 0.281250 0.250000
vt 0.281250 0.687500
vt 0.281250 0.187500
vt 0.250000 0.375000
vt 0.250000 0.875000
vt 0.250000 0.812500
vt 0.250000 0.312500
vt 0.250000 0.750000
vt 0.250000 0.250000
vt 0.250000 0.687500
vt 0.250000 0.187500
vt 0.250000 0.625000
vt 0.250000 0.125000
vt 0.250000 0.562500
vt 0.250000 0.062500
vt 0.250000 0.500000
vt 0.265625 1.000000
vt 0.250000 0.937500
vt 0.265625 0.000000
vt 0.250000 0.437500
vt 0.218750 0.125000
vt 0.218750 0.625000
vt 0.218750 0.562500
vt 0.218750 0.062500
vt 0.218750 0.500000
vt 0.234375 1.000000
vt 0.218750 0.937500
vt 0.234375 0.000000
vt 0.218750 0.437500
vt 0.218750 0.875000
vt 0.218750 0.375000
vt 0.218750 0.812500
vt 0.218750 0.312500
vt 0.218750 0.750000
vt 0.218750 0.250000
vt 0.218750 0.687500
vt 0.218750 0.187500
vt 0.187500 0.812500
vt 0.187500 0.375000
vt 0.187500 0.312500
vt 0.187500 0.750000
vt 0.187500 0.250000
vt 0.187500 0.687500
vt 0.187500 0.187500
vt 0.187500 0.625000
vt 0.187500 0.125000
vt 0.187500 0.562500
vt 0.187500 0.062500
vt 0.187500 0.500000
vt 0.203125 1.000000
vt 0.187500 0.937500
vt 0.203125 0.000000
vt 0.187500 0.437500
vt 0.187500 0.875000
vt 0.156250 0.625000
vt 0.156250 0.562500
vt 0.156250 0.125000
vt 0.156250 0.062500
vt 0.156250 0.500000
vt 0.171875 1.000000
vt 0.156250 0.937500
vt 0.171875 0.000000
vt 0.156250 0.437500
vt 0.156250 0.875000
vt 0.156250 0.375000
vt 0.156250 0.812500
vt 0.156250 0.312500
vt 0.156250 0.750000
vt 0.156250 0.250000
vt 0.156250 0.687500
vt 0.156250 0.187500
vt 0.125000 0.375000
vt 0.125000 0.312500
vt 0.125000 0.750000
vt 0.125000 0.250000
vt 0.125000 0.687500
vt 0.125000 0.187500
vt 0.125000 0.625000
vt 0.125000 0.125000
vt 0.125000 0.562500
vt 0.125000 0.062500
vt 0.125000 0.500000
vt 0.140625 1.000000
vt 0.125000 0.937500
vt 0.140625 0.000000
vt 0.125000 0.437500
vt 0.125000 0.875000
vt 0.125000 0.812500
vt 0.093750 0.062500
vt 0.093750 0.562500
vt 0.093750 0.500000
vt 0.109375 1.000000
vt 0.093750 0.937500
vt 0.109375 0.000000
vt 0.093750 0.437500
vt 0.093750 0.875000
vt 0.093750 0.375000
vt 0.093750 0.812500
vt 0.093750 0.312500
vt 0.093750 0.750000
vt 0.093750 0.250000
vt 0.093750 0.687500
vt 0.093750 0.187500
vt 0.093750 0.625000
vt 0.093750 0.125000
vt 0.062500 0.250000
vt 0.062500 0.687500
vt 0.062500 0.187500
vt 0.062500 0.625000
vt 0.062500 0.125000
vt 0.062500 0.562500
vt 0.062500 0.062500
vt 0.062500 0.500000
vt 0.078125 1.000000
vt 0.062500 0.937500
vt 0.078125 0.000000
vt 0.062500 0.437500
vt 0.062500 0.875000
vt 0.062500 0.375000
vt 0.062500 0.812500
vt 0.062500 0.312500
vt 0.062500 0.750000
vt 0.046875 1.000000
vt 0.031250 0.937500
vt 0.046875 0.000000
vt 0.031250 0.062500
vt 0.031250 0.437500
vt 0.031250 0.875000
vt 0.031250 0.375000
vt 0.031250 0.812500
vt 0.031250 0.312500
vt 0.031250 0.750000
vt 0.031250 0.250000
vt 0.031250 0.687500
vt 0.031250 0.187500
vt 0.031250 0.625000
vt 0.031250 0.125000
vt 0.031250 0.562500
vt 0.031250 0.500000
vt 0.000000 0.750000
vt 0.000000 0.687500
vt 0.000000 0.250000
vt 0.000000 0.187500
vt 0.000000 0.625000
vt 0.000000 0.125000
vt 0.000000 0.562500
vt 0.000000 0.062500
vt 0.000000 0.500000
vt 0.015625 1.000000
vt 0.000000 0.937500
vt 0.015625 0.000000
vt 0.000000 0.437500
vt 0.000000 0.875000
vt 0.000000 0.375000
vt 0.000000 0.812500
vt 0.000000 0.312500
vt 1.000000 0.500000
vt 0.968750 0.437500
vt 1.000000 0.437500
vt 1.000000 0.937500
vt 0.968750 0.875000
vt 1.000000 0.875000
vt 0.968750 0.375000
vt 1.000000 0.375000
vt 1.000000 0.812500
vt 0.968750 0.812500
vt 1.000000 0.312500
vt 0.968750 0.312500
vt 0.968750 0.750000
vt 1.000000 0.750000
vt 0.968750 0.250000
vt 1.000000 0.250000
vt 1.000000 0.687500
vt 0.968750 0.687500
vt 1.000000 0.187500
vt 0.968750 0.187500
vt 0.968750 0.625000
vt 1.000000 0.625000
vt 0.968750 0.125000
vt 1.000000 0.125000
vt 1.000000 0.562500
vt 0.968750 0.562500
vt 0.968750 0.062500
vt 1.000000 0.062500
vt 0.968750 0.500000
vt 0.984375 1.000000
vt 0.968750 0.937500
vt 0.984375 0.000000
vt 0.937500 0.250000
vt 0.937500 0.187500
vt 0.937500 0.625000
vt 0.937500 0.125000
vt 0.937500 0.562500
vt 0.937500 0.062500
vt 0.937500 0.500000
vt 0.953125 1.000000
vt 0.937500 0.937500
vt 0.953125 0.000000
vt 0.937500 0.437500
vt 0.937500 0.875000
vt 0.937500 0.375000
vt 0.937500 0.812500
vt 0.937500 0.312500
vt 0.937500 0.750000
vt 0.937500 0.687500
vt 0.906250 0.937500
vt 0.906250 0.875000
vt 0.906250 0.375000
vt 0.906250 0.812500
vt 0.906250 0.312500
vt 0.906250 0.750000
vt 0.906250 0.250000
vt 0.906250 0.687500
vt 0.906250 0.187500
vt 0.906250 0.625000
vt 0.906250 0.125000
vt 0.906250 0.562500
vt 0.906250 0.062500
vt 0.906250 0.500000
vt 0.921875 1.000000
vt 0.921875 0.000000
vt 0.906250 0.437500
vt 0.875000 0.625000
vt 0.875000 0.125000
vt 0.875000 0.562500
vt 0.875000 0.062500
vt 0.875000 0.500000
vt 0.890625 1.000000
vt 0.875000 0.937500
vt 0.890625 0.000000
vt 0.875000 0.437500
vt 0.875000 0.875000
vt 0.875000 0.375000
vt 0.875000 0.812500
vt 0.875000 0.312500
vt 0.875000 0.750000
vt 0.875000 0.250000
vt 0.875000 0.687500
vt 0.875000 0.187500
vt 0.843750 0.375000
vt 0.843750 0.875000
vt 0.843750 0.812500
vt 0.843750 0.312500
vt 0.843750 0.750000
vt 0.843750 0.250000
vt 0.843750 0.687500
vt 0.843750 0.187500
vt 0.843750 0.625000
vt 0.843750 0.125000
vt 0.843750 0.562500
vt 0.843750 0.062500
vt 0.843750 0.500000
vt 0.859375 1.000000
vt 0.843750 0.937500
vt 0.859375 0.000000
vt 0.843750 0.437500
vt 0.812500 0.125000
vt 0.812500 0.625000
vt 0.812500 0.562500
vt 0.812500 0.062500
vt 0.812500 0.500000
vt 0.828125 1.000000
vt 0.812500 0.937500
vt 0.828125 0.000000
vt 0.812500 0.437500
vt 0.812500 0.875000
vt 0.812500 0.375000
vt 0.812500 0.812500
vt 0.812500 0.312500
vt 0.812500 0.750000
vt 0.812500 0.250000
vt 0.812500 0.687500
vt 0.812500 0.187500
vt 0.781250 0.375000
vt 0.781250 0.312500
vt 0.781250 0.750000
vt 0.781250 0.250000
vt 0.781250 0.687500
vt 0.781250 0.187500
vt 0.781250 0.625000
vt 0.781250 0.125000
vt 0.781250 0.562500
vt 0.781250 0.062500
vt 0.781250 0.500000
vt 0.796875 1.000000
vt 0.781250 0.937500
vt 0.796875 0.000000
vt 0.781250 0.437500
vt 0.781250 0.875000
vt 0.781250 0.812500
vt 0.765625 1.000000
vt 0.765625 0.000000
s 1
f 195/391/103 204/392/103 205/393/103
f 673/394/104 213/395/104 674/396/104
f 195/391/105 206/397/105 196/398/106
f 666/399/107 274/400/107 199/401/107
f 500/402/108 674/396/108 213/395/108
f 196/398/109 207/403/109 197/404/110
f 667/405/111 199/401/112 200/406/111
f 197/404/113 208/407/113 670/408/113
f 193/409/114 200/406/114 201/410/114
f 670/408/115 209/411/115 198/412/115
f 668/413/116 201/410/116 202/414/116
f 198/412/117 210/415/117 671/416/117
f 194/417/118 202/414/118 203/418/118
f 671/416/119 211/419/119 672/420/119
f 669/421/120 203/418/120 204/392/120
f 672/420/121 212/422/121 673/394/121
f 211/419/122 225/423/122 226/424/122
f 203/418/123 219/425/123 204/392/123
f 212/422/124 226/424/124 227/426/124
f 205/393/125 219/425/125 220/427/125
f 212/422/126 228/428/126 213/395/126
f 205/393/127 221/429/127 206/397/127
f 199/401/128 274/430/128 214/431/128
f 500/432/129 213/395/129 228/428/129
f 206/397/130 222/433/130 207/403/130
f 199/401/131 215/434/131 200/406/131
f 207/403/132 223/435/132 208/407/132
f 200/406/133 216/436/133 201/410/133
f 208/407/134 224/437/134 209/411/134
f 201/410/135 217/438/135 202/414/135
f 209/411/136 225/423/136 210/415/136
f 202/414/137 218/439/137 203/418/137
f 222/433/138 238/440/138 223/435/138
f 215/434/139 231/441/140 216/436/140
f 224/437/141 238/440/141 239/442/141
f 216/436/142 232/443/142 217/438/142
f 225/423/143 239/442/143 240/444/143
f 217/438/144 233/445/144 218/439/144
f 226/424/145 240/444/145 241/446/145
f 218/439/146 234/447/146 219/425/146
f 226/424/147 242/448/147 227/426/147
f 219/425/148 235/449/148 220/427/148
f 227/426/149 243/450/149 228/428/149
f 220/427/150 236/451/150 221/429/150
f 214/431/151 274/452/151 229/453/151
f 500/454/152 228/428/152 243/450/152
f 222/433/153 236/451/153 237/455/153
f 214/431/154 230/456/154 215/434/155
f 241/446/156 257/457/156 242/448/156
f 235/449/157 249/458/157 250/459/157
f 242/448/158 258/460/158 243/450/158
f 236/451/159 250/459/159 251/461/160
f 229/453/161 274/462/161 244/463/161
f 500/464/162 243/450/162 258/460/162
f 236/451/163 252/465/163 237/455/163
f 229/453/164 245/466/165 230/456/165
f 237/455/166 253/467/166 238/440/166
f 230/456/167 246/468/167 231/441/167
f 239/442/168 253/467/168 254/469/168
f 231/441/169 247/470/169 232/443/169
f 239/442/170 255/471/170 240/444/170
f 232/443/171 248/472/171 233/445/171
f 240/444/172 256/473/172 241/446/172
f 233/445/173 249/458/173 234/447/173
f 245/466/174 261/474/174 246/468/174
f 254/469/175 268/475/175 269/476/175
f 246/468/176 262/477/176 247/470/176
f 254/469/177 270/478/177 255/471/177
f 248/472/178 262/477/178 263/479/178
f 255/471/179 271/480/179 256/473/179
f 248/472/180 264/481/180 249/458/180
f 257/457/181 271/480/181 272/482/181
f 250/459/182 264/481/182 265/483/182
f 257/457/183 273/484/183 258/460/183
f 251/461/184 265/483/184 266/485/184
f 244/463/185 274/486/185 259/487/185
f 500/488/186 258/460/186 273/484/186
f 251/461/187 267/489/187 252/465/187
f 244/463/188 260/490/188 245/466/188
f 252/465/189 268/475/189 253/467/189
f 265/483/190 280/491/190 281/492/190
f 273/484/191 288/493/191 289/494/191
f 266/485/192 281/492/192 282/495/193
f 259/487/194 274/496/194 275/497/194
f 500/498/195 273/484/195 289/494/195
f 266/485/196 283/499/196 267/489/196
f 259/487/197 276/500/197 260/490/197
f 267/489/198 284/501/198 268/475/198
f 260/490/199 277/502/199 261/474/199
f 269/476/200 284/501/200 285/503/200
f 261/474/201 278/504/201 262/477/201
f 269/476/202 286/505/202 270/478/202
f 263/479/203 278/504/203 279/506/203
f 270/478/204 287/507/204 271/480/204
f 263/479/205 280/491/205 264/481/205
f 271/480/206 288/493/206 272/482/206
f 285/503/207 299/508/207 300/509/207
f 277/502/208 293/510/208 278/504/208
f 285/503/209 301/511/209 286/505/209
f 279/506/210 293/510/210 294/512/210
f 287/507/211 301/511/211 302/513/211
f 279/506/212 295/514/212 280/491/212
f 288/493/213 302/513/213 303/515/213
f 281/492/214 295/514/214 296/516/214
f 288/493/215 304/517/215 289/494/215
f 282/495/216 296/516/216 297/518/216
f 275/497/217 274/519/217 290/520/217
f 500/521/218 289/494/218 304/517/218
f 282/495/219 298/522/219 283/499/219
f 276/500/220 290/520/220 291/523/220
f 283/499/221 299/508/221 284/501/221
f 276/500/222 292/524/222 277/502/222
f 303/515/223 319/525/223 304/517/223
f 297/518/224 311/526/224 312/527/225
f 290/520/226 274/528/226 305/529/226
f 500/530/227 304/517/227 319/525/227
f 297/518/228 313/531/228 298/522/228
f 291/523/229 305/529/229 306/532/229
f 298/522/230 314/533/230 299/508/230
f 291/523/231 307/534/231 292/524/231
f 300/509/232 314/533/232 315/535/232
f 292/524/233 308/536/233 293/510/233
f 300/509/234 316/537/234 301/511/234
f 294/512/235 308/536/235 309/538/235
f 302/513/236 316/537/236 317/539/236
f 294/512/237 310/540/237 295/514/237
f 302/513/238 318/541/238 303/515/238
f 296/516/239 310/540/239 311/526/239
f 307/534/240 323/542/240 308/536/240
f 315/535/241 331/543/241 316/537/241
f 309/538/242 323/542/242 324/544/242
f 317/539/243 331/543/243 332/545/243
f 309/538/244 325/546/244 310/540/244
f 317/539/245 333/547/245 318/541/245
f 311/526/246 325/546/246 326/548/246
f 318/541/247 334/549/247 319/525/247
f 312/527/248 326/548/248 327/550/248
f 305/529/249 274/551/249 320/552/249
f 500/553/250 319/525/250 334/549/250
f 312/527/251 328/554/251 313/531/252
f 305/529/253 321/555/254 306/532/254
f 313/531/255 329/556/255 314/533/255
f 306/532/256 322/557/256 307/534/256
f 315/535/257 329/556/257 330/558/257
f 327/550/258 341/559/258 342/560/258
f 320/552/259 274/561/259 335/562/259
f 500/563/260 334/549/260 349/564/260
f 327/550/261 343/565/261 328/554/261
f 320/552/262 336/566/263 321/555/263
f 328/554/264 344/567/264 329/556/264
f 322/557/265 336/566/265 337/568/265
f 330/558/266 344/567/266 345/569/266
f 322/557/267 338/570/267 323/542/267
f 330/558/268 346/571/268 331/543/268
f 324/544/269 338/570/269 339/572/269
f 332/545/270 346/571/270 347/573/270
f 324/544/271 340/574/271 325/546/271
f 332/545/272 348/575/272 333/547/272
f 326/548/273 340/574/273 341/559/273
f 334/549/274 348/575/274 349/564/274
f 345/569/275 361/576/275 346/571/275
f 339/572/276 353/577/276 354/578/276
f 347/573/277 361/576/277 362/579/277
f 339/572/278 355/580/278 340/574/278
f 347/573/279 363/581/279 348/575/279
f 341/559/280 355/580/280 356/582/280
f 348/575/281 364/583/281 349/564/281
f 342/560/282 356/582/282 357/584/282
f 335/562/283 274/585/283 350/586/283
f 500/587/284 349/564/284 364/583/284
f 342/560/285 358/588/285 343/565/285
f 335/562/286 351/589/286 336/566/286
f 343/565/287 359/590/287 344/567/287
f 337/568/288 351/589/288 352/591/288
f 345/569/289 359/590/289 360/592/289
f 337/568/290 353/577/290 338/570/290
f 500/593/291 364/583/291 379/594/291
f 357/584/292 373/595/292 358/588/292
f 350/586/293 366/596/293 351/589/293
f 358/588/294 374/597/294 359/590/294
f 351/589/295 367/598/295 352/591/295
f 360/592/296 374/597/296 375/599/296
f 352/591/297 368/600/297 353/577/297
f 360/592/298 376/601/298 361/576/298
f 354/578/299 368/600/299 369/602/299
f 361/576/300 377/603/300 362/579/300
f 354/578/301 370/604/301 355/580/301
f 363/581/302 377/603/302 378/605/302
f 356/582/303 370/604/303 371/606/303
f 364/583/304 378/605/304 379/594/304
f 357/584/305 371/606/305 372/607/305
f 350/586/306 274/608/306 365/609/306
f 377/603/307 391/610/307 392/611/307
f 369/602/308 385/612/308 370/604/308
f 377/603/309 393/613/309 378/605/309
f 371/606/310 385/612/310 386/614/310
f 378/605/311 394/615/311 379/594/312
f 372/607/313 386/614/313 387/616/313
f 365/609/314 274/617/314 380/618/314
f 500/619/315 379/594/315 394/615/315
f 372/607/316 388/620/316 373/595/316
f 366/596/317 380/618/318 381/621/317
f 373/595/319 389/622/319 374/597/319
f 367/598/320 381/621/320 382/623/320
f 375/599/321 389/622/321 390/624/321
f 367/598/322 383/625/322 368/600/322
f 375/599/323 391/610/323 376/601/323
f 369/602/324 383/625/324 384/626/324
f 380/618/325 396/627/325 381/621/325
f 388/620/326 404/628/326 389/622/326
f 381/621/327 397/629/327 382/623/327
f 390/624/328 404/628/328 405/630/328
f 382/623/329 398/631/329 383/625/329
f 390/624/330 406/632/330 391/610/330
f 384/626/331 398/631/331 399/633/331
f 392/611/332 406/632/332 407/634/332
f 384/626/333 400/635/333 385/612/333
f 392/611/334 408/636/334 393/613/334
f 386/614/335 400/635/335 401/637/335
f 393/613/336 409/638/336 394/615/336
f 387/616/337 401/637/337 402/639/337
f 380/618/338 274/640/338 395/641/338
f 500/642/339 394/615/339 409/638/339
f 387/616/340 403/643/340 388/620/340
f 399/633/341 415/644/341 400/635/341
f 407/634/342 423/645/342 408/636/342
f 401/637/343 415/644/343 416/646/343
f 408/636/344 424/647/344 409/638/344
f 402/639/345 416/646/345 417/648/345
f 395/641/346 274/649/346 410/650/346
f 500/651/347 409/638/347 424/647/347
f 402/639/348 418/652/348 403/643/349
f 395/641/350 411/653/350 396/627/350
f 403/643/351 419/654/351 404/628/351
f 396/627/352 412/655/352 397/629/352
f 405/630/353 419/654/353 420/656/353
f 397/629/354 413/657/354 398/631/354
f 405/630/355 421/658/355 406/632/355
f 399/633/356 413/657/356 414/659/356
f 407/634/357 421/658/357 422/660/357
f 418/652/358 434/661/358 419/654/358
f 412/655/359 426/662/359 427/663/359
f 420/656/360 434/661/360 435/664/360
f 412/655/361 428/665/361 413/657/361
f 420/656/362 436/666/362 421/658/362
f 414/659/363 428/665/363 429/667/363
f 422/660/364 436/666/364 437/668/364
f 414/659/365 430/669/365 415/644/365
f 422/660/366 438/670/366 423/645/366
f 416/646/367 430/669/367 431/671/367
f 424/647/368 438/670/368 439/672/368
f 417/648/369 431/671/369 432/673/369
f 410/650/370 274/674/370 425/675/370
f 500/676/371 424/647/371 439/672/371
f 417/648/372 433/677/372 418/652/373
f 410/650/374 426/662/374 411/653/374
f 437/668/375 453/678/375 438/670/375
f 431/671/376 445/679/376 446/680/376
f 438/670/377 454/681/377 439/672/377
f 432/673/378 446/680/378 447/682/379
f 425/675/380 274/683/380 440/684/380
f 500/685/381 439/672/381 454/681/381
f 432/673/382 448/686/382 433/677/382
f 425/675/383 441/687/384 426/662/384
f 433/677/385 449/688/385 434/661/385
f 426/662/386 442/689/386 427/663/386
f 435/664/387 449/688/387 450/690/387
f 427/663/388 443/691/388 428/665/388
f 435/664/389 451/692/389 436/666/389
f 429/667/390 443/691/390 444/693/390
f 437/668/391 451/692/391 452/694/391
f 429/667/392 445/679/392 430/669/392
f 441/687/393 457/695/393 442/689/393
f 450/690/394 464/696/394 465/697/394
f 442/689/395 458/698/395 443/691/395
f 450/690/396 466/699/396 451/692/396
f 444/693/397 458/698/397 459/700/397
f 452/694/398 466/699/398 467/701/398
f 444/693/399 460/702/399 445/679/399
f 452/694/400 468/703/400 453/678/400
f 446/680/401 460/702/401 461/704/401
f 453/678/402 469/705/402 454/681/402
f 447/682/403 461/704/403 462/706/404
f 440/684/405 274/707/405 455/708/405
f 500/709/406 454/681/406 469/705/406
f 447/682/407 463/710/407 448/686/407
f 441/687/408 455/708/408 456/711/408
f 448/686/409 464/696/409 449/688/409
f 461/704/410 475/712/410 476/713/410
f 469/705/411 483/714/411 484/715/411
f 462/706/412 476/713/412 477/716/412
f 455/708/413 274/717/413 470/718/413
f 500/719/414 469/705/414 484/715/414
f 462/706/415 478/720/415 463/710/415
f 456/711/416 470/718/416 471/721/416
f 463/710/417 479/722/417 464/696/417
f 456/711/418 472/723/419 457/695/419
f 465/697/420 479/722/420 480/724/420
f 457/695/421 473/725/421 458/698/421
f 465/697/422 481/726/422 466/699/422
f 459/700/423 473/725/423 474/727/423
f 467/701/424 481/726/424 482/728/425
f 459/700/426 475/712/426 460/702/426
f 467/701/427 483/714/427 468/703/427
f 480/724/428 494/729/428 495/730/428
f 472/723/429 488/731/429 473/725/429
f 480/724/430 496/732/430 481/726/430
f 474/727/431 488/731/431 489/733/431
f 482/728/432 496/732/432 497/734/432
f 474/727/433 490/735/433 475/712/433
f 482/728/434 498/736/434 483/714/434
f 476/713/435 490/735/435 491/737/435
f 484/715/436 498/736/436 499/738/436
f 477/716/437 491/737/437 492/739/437
f 470/718/438 274/740/438 485/741/438
f 500/742/439 484/715/439 499/738/439
f 477/716/440 493/743/440 478/720/440
f 470/718/441 486/744/442 471/721/442
f 478/720/443 494/729/443 479/722/443
f 471/721/444 487/745/444 472/723/444
f 498/736/445 515/746/445 499/738/445
f 492/739/446 507/747/446 508/748/446
f 485/741/447 274/749/447 501/750/447
f 500/751/448 499/738/448 515/746/448
f 492/739/449 509/752/449 493/743/449
f 485/741/450 502/753/450 486/744/450
f 493/743/451 510/754/451 494/729/451
f 486/744/452 503/755/452 487/745/452
f 495/730/453 510/754/453 511/756/453
f 487/745/454 504/757/454 488/731/454
f 495/730/455 512/758/455 496/732/455
f 489/733/456 504/757/456 505/759/456
f 497/734/457 512/758/457 513/760/457
f 489/733/458 506/761/458 490/735/458
f 497/734/459 514/762/459 498/736/459
f 491/737/460 506/761/460 507/747/460
f 511/756/461 527/763/461 512/758/461
f 504/757/462 520/764/462 505/759/462
f 513/760/463 527/763/463 528/765/463
f 505/759/464 521/766/464 506/761/464
f 513/760/465 529/767/465 514/762/465
f 507/747/466 521/766/466 522/768/466
f 514/762/467 530/769/467 515/746/467
f 508/748/468 522/768/468 523/770/468
f 501/750/469 274/771/469 516/772/469
f 500/773/470 515/746/470 530/769/470
f 508/748/471 524/774/471 509/752/472
f 501/750/473 517/775/473 502/753/473
f 509/752/474 525/776/474 510/754/474
f 502/753/475 518/777/475 503/755/475
f 511/756/476 525/776/476 526/778/476
f 503/755/477 519/779/477 504/757/477
f 516/772/478 274/780/478 531/781/478
f 500/782/479 530/769/479 545/783/479
f 523/770/480 539/784/480 524/774/480
f 516/772/481 532/785/481 517/775/481
f 524/774/482 540/786/482 525/776/482
f 517/775/483 533/787/483 518/777/483
f 526/778/484 540/786/484 541/788/484
f 518/777/485 534/789/485 519/779/485
f 526/778/486 542/790/486 527/763/486
f 520/764/487 534/789/487 535/791/487
f 528/765/488 542/790/488 543/792/488
f 520/764/489 536/793/489 521/766/489
f 528/765/490 544/794/490 529/767/490
f 522/768/491 536/793/491 537/795/491
f 529/767/492 545/783/492 530/769/492
f 523/770/493 537/795/493 538/796/493
f 535/791/494 549/797/494 550/798/494
f 543/792/495 557/799/495 558/800/495
f 535/791/496 551/801/496 536/793/496
f 543/792/497 559/802/497 544/794/497
f 537/795/498 551/801/498 552/803/499
f 544/794/500 560/804/500 545/783/500
f 538/796/501 552/803/501 553/805/501
f 531/781/502 274/806/502 546/807/502
f 500/808/503 545/783/503 560/804/503
f 538/796/504 554/809/504 539/784/504
f 531/781/505 547/810/505 532/785/505
f 539/784/506 555/811/506 540/786/506
f 533/787/507 547/810/507 548/812/507
f 541/788/508 555/811/508 556/813/508
f 533/787/509 549/797/509 534/789/509
f 541/788/510 557/799/510 542/790/510
f 553/814/511 569/815/511 554/816/511
f 546/817/512 562/818/513 547/819/513
f 554/816/514 570/820/514 555/821/514
f 548/822/515 562/818/515 563/823/515
f 556/824/516 570/820/516 571/825/516
f 548/822/517 564/826/517 549/827/517
f 556/824/518 572/828/518 557/829/518
f 550/830/519 564/826/519 565/831/519
f 558/832/520 572/828/520 573/833/520
f 550/830/521 566/834/521 551/835/521
f 558/832/522 574/836/522 559/837/522
f 552/838/523 566/834/523 567/839/523
f 559/837/524 575/840/524 560/841/524
f 553/814/525 567/839/525 568/842/525
f 546/817/526 274/843/526 561/844/526
f 500/845/527 560/841/527 575/840/527
f 573/833/528 587/846/528 588/847/528
f 565/831/529 581/848/529 566/834/529
f 573/833/530 589/849/530 574/836/530
f 567/839/531 581/848/531 582/850/531
f 574/836/532 590/851/532 575/840/532
f 568/842/533 582/850/533 583/852/533
f 561/844/534 274/853/534 576/854/534
f 500/855/535 575/840/535 590/851/535
f 568/842/536 584/856/536 569/815/536
f 561/844/537 577/857/538 562/818/538
f 569/815/539 585/858/539 570/820/539
f 563/823/540 577/857/540 578/859/540
f 571/825/541 585/858/541 586/860/541
f 563/823/542 579/861/542 564/826/542
f 571/825/543 587/846/543 572/828/543
f 565/831/544 579/861/544 580/862/544
f 577/857/545 591/863/545 592/864/545
f 584/856/546 600/865/546 585/858/546
f 577/857/547 593/866/547 578/859/547
f 586/860/548 600/865/548 601/867/548
f 578/859/549 594/868/549 579/861/549
f 586/860/550 602/869/550 587/846/550
f 580/862/551 594/868/551 595/870/551
f 588/847/552 602/869/552 603/871/552
f 580/862/553 596/872/553 581/848/553
f 589/849/554 603/871/554 604/873/554
f 582/850/555 596/872/555 597/874/555
f 589/849/556 605/875/556 590/851/556
f 583/852/557 597/874/557 598/876/557
f 576/854/558 274/877/558 591/863/558
f 500/878/559 590/851/559 605/875/559
f 583/852/560 599/879/560 584/856/560
f 595/870/561 611/880/561 596/872/561
f 603/871/562 619/881/562 604/873/562
f 597/874/563 611/880/563 612/882/563
f 604/873/564 620/883/564 605/875/564
f 598/876/565 612/882/565 613/884/565
f 591/863/566 274/885/566 606/886/566
f 500/887/567 605/875/567 620/883/567
f 598/876/568 614/888/568 599/879/568
f 591/863/569 607/889/569 592/864/569
f 599/879/570 615/890/570 600/865/570
f 593/866/571 607/889/571 608/891/571
f 601/867/572 615/890/572 616/892/572
f 593/866/573 609/893/573 594/868/573
f 601/867/574 617/894/574 602/869/574
f 595/870/575 609/893/575 610/895/575
f 603/871/576 617/894/576 618/896/576
f 614/888/577 630/897/577 615/890/577
f 608/891/578 622/898/578 623/899/578
f 616/892/579 630/897/579 631/900/579
f 608/891/580 624/901/580 609/893/580
f 616/892/581 632/902/581 617/894/581
f 610/895/582 624/901/582 625/903/582
f 618/896/583 632/902/583 633/904/583
f 610/895/584 626/905/584 611/880/584
f 618/896/585 634/906/585 619/881/585
f 612/882/586 626/905/586 627/907/586
f 619/881/587 635/908/587 620/883/588
f 613/884/589 627/907/589 628/909/589
f 606/886/590 274/910/590 621/911/590
f 500/912/591 620/883/591 635/908/591
f 613/884/592 629/913/592 614/888/592
f 606/886/593 622/898/593 607/889/593
f 633/904/594 649/914/594 634/906/594
f 627/907/595 641/915/595 642/916/595
f 634/906/596 650/917/596 635/908/596
f 628/909/597 642/916/597 643/918/597
f 621/911/598 274/919/598 636/920/598
f 500/921/599 635/908/599 650/917/599
f 628/909/600 644/922/600 629/913/600
f 622/898/601 636/920/601 637/923/601
f 629/913/602 645/924/602 630/897/602
f 622/898/603 638/925/603 623/899/603
f 631/900/604 645/924/604 646/926/604
f 623/899/605 639/927/605 624/901/605
f 631/900/606 647/928/606 632/902/606
f 625/903/607 639/927/607 640/929/607
f 633/904/608 647/928/608 648/930/608
f 625/903/609 641/915/609 626/905/609
f 646/926/610 660/931/610 661/932/610
f 638/925/611 654/933/611 639/927/611
f 646/926/612 662/934/612 647/928/612
f 640/929/613 654/933/613 655/935/613
f 648/930/614 662/934/614 663/936/614
f 640/929/615 656/937/615 641/915/615
f 648/930/616 664/938/616 649/914/616
f 642/916/617 656/937/617 657/939/617
f 650/917/618 664/938/618 665/940/618
f 643/918/619 657/939/619 658/941/619
f 636/920/620 274/942/620 651/943/620
f 500/944/621 650/917/621 665/940/621
f 643/918/622 659/945/622 644/922/622
f 636/920/623 652/946/623 637/923/623
f 644/922/624 660/931/624 645/924/624
f 638/925/625 652/946/625 653/947/625
f 664/938/626 674/396/626 665/940/626
f 658/941/627 195/391/627 196/398/628
f 651/943/629 274/948/629 666/399/629
f 500/949/630 665/940/630 674/396/630
f 658/941/631 197/404/631 659/945/631
f 652/946/632 666/399/632 667/405/633
f 659/945/634 670/408/634 660/931/634
f 653/947/635 667/405/635 193/409/635
f 660/931/636 198/412/636 661/932/636
f 654/933/637 193/409/637 668/413/637
f 661/932/638 671/416/638 662/934/638
f 655/935/639 668/413/639 194/417/639
f 663/936/640 671/416/640 672/420/640
f 656/937/641 194/417/641 669/421/641
f 663/936/642 673/394/642 664/938/642
f 657/939/643 669/421/643 195/391/643
f 195/391/103 669/421/103 204/392/103
f 673/394/104 212/422/104 213/395/104
f 195/391/105 205/393/105 206/397/105
f 196/398/109 206/397/109 207/403/109
f 667/405/111 666/399/112 199/401/112
f 197/404/113 207/403/113 208/407/113
f 193/409/114 667/405/114 200/406/114
f 670/408/115 208/407/115 209/411/115
f 668/413/116 193/409/116 201/410/116
f 198/412/117 209/411/117 210/415/117
f 194/417/118 668/413/118 202/414/118
f 671/416/119 210/415/119 211/419/119
f 669/421/120 194/417/120 203/418/120
f 672/420/121 211/419/121 212/422/121
f 211/419/122 210/415/122 225/423/122
f 203/418/123 218/439/123 219/425/123
f 212/422/124 211/419/124 226/424/124
f 205/393/125 204/392/125 219/425/125
f 212/422/126 227/426/126 228/428/126
f 205/393/127 220/427/127 221/429/127
f 206/397/130 221/429/130 222/433/130
f 199/401/131 214/431/131 215/434/131
f 207/403/132 222/433/132 223/435/132
f 200/406/133 215/434/133 216/436/133
f 208/407/134 223/435/134 224/437/134
f 201/410/135 216/436/135 217/438/135
f 209/411/136 224/437/136 225/423/136
f 202/414/137 217/438/137 218/439/137
f 222/433/138 237/455/138 238/440/138
f 215/434/139 230/456/139 231/441/140
f 224/437/141 223/435/141 238/440/141
f 216/436/142 231/441/142 232/443/142
f 225/423/143 224/437/143 239/442/143
f 217/438/144 232/443/144 233/445/144
f 226/424/145 225/423/145 240/444/145
f 218/439/146 233/445/146 234/447/146
f 226/424/147 241/446/147 242/448/147
f 219/425/148 234/447/148 235/449/148
f 227/426/149 242/448/149 243/450/149
f 220/427/150 235/449/150 236/451/150
f 222/433/153 221/429/153 236/451/153
f 214/431/154 229/453/154 230/456/154
f 241/446/156 256/473/156 257/457/156
f 235/449/157 234/447/157 249/458/157
f 242/448/158 257/457/158 258/460/158
f 236/451/159 235/449/159 250/459/159
f 236/451/163 251/461/644 252/465/163
f 229/453/164 244/463/164 245/466/165
f 237/455/166 252/465/166 253/467/166
f 230/456/167 245/466/167 246/468/167
f 239/442/168 238/440/168 253/467/168
f 231/441/169 246/468/169 247/470/169
f 239/442/170 254/469/170 255/471/170
f 232/443/171 247/470/171 248/472/171
f 240/444/172 255/471/172 256/473/172
f 233/445/173 248/472/173 249/458/173
f 245/466/174 260/490/174 261/474/174
f 254/469/175 253/467/175 268/475/175
f 246/468/176 261/474/176 262/477/176
f 254/469/177 269/476/177 270/478/177
f 248/472/178 247/470/178 262/477/178
f 255/471/179 270/478/179 271/480/179
f 248/472/180 263/479/180 264/481/180
f 257/457/181 256/473/181 271/480/181
f 250/459/182 249/458/182 264/481/182
f 257/457/183 272/482/183 273/484/183
f 251/461/184 250/459/184 265/483/184
f 251/461/187 266/485/187 267/489/187
f 244/463/188 259/487/188 260/490/188
f 252/465/189 267/489/189 268/475/189
f 265/483/190 264/481/190 280/491/190
f 273/484/191 272/482/191 288/493/191
f 266/485/192 265/483/192 281/492/192
f 266/485/196 282/495/645 283/499/196
f 259/487/197 275/497/197 276/500/197
f 267/489/198 283/499/198 284/501/198
f 260/490/199 276/500/199 277/502/199
f 269/476/200 268/475/200 284/501/200
f 261/474/201 277/502/201 278/504/201
f 269/476/202 285/503/202 286/505/202
f 263/479/203 262/477/203 278/504/203
f 270/478/204 286/505/204 287/507/204
f 263/479/205 279/506/205 280/491/205
f 271/480/206 287/507/206 288/493/206
f 285/503/207 284/501/207 299/508/207
f 277/502/208 292/524/208 293/510/208
f 285/503/209 300/509/209 301/511/209
f 279/506/210 278/504/210 293/510/210
f 287/507/211 286/505/211 301/511/211
f 279/506/212 294/512/212 295/514/212
f 288/493/213 287/507/213 302/513/213
f 281/492/214 280/491/214 295/514/214
f 288/493/215 303/515/215 304/517/215
f 282/495/216 281/492/216 296/516/216
f 282/495/219 297/518/219 298/522/219
f 276/500/220 275/497/220 290/520/220
f 283/499/221 298/522/221 299/508/221
f 276/500/222 291/523/222 292/524/222
f 303/515/223 318/541/223 319/525/223
f 297/518/224 296/516/224 311/526/224
f 297/518/228 312/527/646 313/531/228
f 291/523/229 290/520/229 305/529/229
f 298/522/230 313/531/230 314/533/230
f 291/523/231 306/532/231 307/534/231
f 300/509/232 299/508/232 314/533/232
f 292/524/233 307/534/233 308/536/233
f 300/509/234 315/535/234 316/537/234
f 294/512/235 293/510/235 308/536/235
f 302/513/236 301/511/236 316/537/236
f 294/512/237 309/538/237 310/540/237
f 302/513/238 317/539/238 318/541/238
f 296/516/239 295/514/239 310/540/239
f 307/534/240 322/557/240 323/542/240
f 315/535/241 330/558/241 331/543/241
f 309/538/242 308/536/242 323/542/242
f 317/539/243 316/537/243 331/543/243
f 309/538/244 324/544/244 325/546/244
f 317/539/245 332/545/245 333/547/245
f 311/526/246 310/540/246 325/546/246
f 318/541/247 333/547/247 334/549/247
f 312/527/248 311/526/647 326/548/248
f 312/527/251 327/550/251 328/554/251
f 305/529/253 320/552/253 321/555/254
f 313/531/255 328/554/255 329/556/255
f 306/532/256 321/555/256 322/557/256
f 315/535/257 314/533/257 329/556/257
f 327/550/258 326/548/258 341/559/258
f 327/550/261 342/560/261 343/565/261
f 320/552/262 335/562/262 336/566/263
f 328/554/264 343/565/264 344/567/264
f 322/557/265 321/555/265 336/566/265
f 330/558/266 329/556/266 344/567/266
f 322/557/267 337/568/267 338/570/267
f 330/558/268 345/569/268 346/571/268
f 324/544/269 323/542/269 338/570/269
f 332/545/270 331/543/270 346/571/270
f 324/544/271 339/572/271 340/574/271
f 332/545/272 347/573/272 348/575/272
f 326/548/273 325/546/273 340/574/273
f 334/549/274 333/547/274 348/575/274
f 345/569/275 360/592/275 361/576/275
f 339/572/276 338/570/276 353/577/276
f 347/573/277 346/571/277 361/576/277
f 339/572/278 354/578/278 355/580/278
f 347/573/279 362/579/279 363/581/279
f 341/559/280 340/574/280 355/580/280
f 348/575/281 363/581/281 364/583/281
f 342/560/282 341/559/282 356/582/282
f 342/560/285 357/584/285 358/588/285
f 335/562/286 350/586/286 351/589/286
f 343/565/287 358/588/287 359/590/287
f 337/568/288 336/566/288 351/589/288
f 345/569/289 344/567/289 359/590/289
f 337/568/290 352/591/290 353/577/290
f 357/584/292 372/607/292 373/595/292
f 350/586/293 365/609/293 366/596/293
f 358/588/294 373/595/294 374/597/294
f 351/589/295 366/596/295 367/598/295
f 360/592/296 359/590/296 374/597/296
f 352/591/297 367/598/297 368/600/297
f 360/592/298 375/599/298 376/601/298
f 354/578/299 353/577/299 368/600/299
f 361/576/300 376/601/300 377/603/300
f 354/578/301 369/602/301 370/604/301
f 363/581/302 362/579/302 377/603/302
f 356/582/303 355/580/303 370/604/303
f 364/583/304 363/581/304 378/605/304
f 357/584/305 356/582/305 371/606/305
f 377/603/307 376/601/307 391/610/307
f 369/602/308 384/626/308 385/612/308
f 377/603/309 392/611/309 393/613/309
f 371/606/310 370/604/310 385/612/310
f 378/605/311 393/613/311 394/615/311
f 372/607/313 371/606/313 386/614/313
f 372/607/316 387/616/316 388/620/316
f 366/596/317 365/609/318 380/618/318
f 373/595/319 388/620/319 389/622/319
f 367/598/320 366/596/320 381/621/320
f 375/599/321 374/597/321 389/622/321
f 367/598/322 382/623/322 383/625/322
f 375/599/323 390/624/323 391/610/323
f 369/602/324 368/600/324 383/625/324
f 380/618/325 395/641/325 396/627/325
f 388/620/326 403/643/326 404/628/326
f 381/621/327 396/627/327 397/629/327
f 390/624/328 389/622/328 404/628/328
f 382/623/329 397/629/329 398/631/329
f 390/624/330 405/630/330 406/632/330
f 384/626/331 383/625/331 398/631/331
f 392/611/332 391/610/332 406/632/332
f 384/626/333 399/633/333 400/635/333
f 392/611/334 407/634/334 408/636/334
f 386/614/335 385/612/335 400/635/335
f 393/613/336 408/636/336 409/638/336
f 387/616/337 386/614/337 401/637/337
f 387/616/340 402/639/340 403/643/340
f 399/633/341 414/659/341 415/644/341
f 407/634/342 422/660/342 423/645/342
f 401/637/343 400/635/343 415/644/343
f 408/636/344 423/645/344 424/647/344
f 402/639/345 401/637/648 416/646/345
f 402/639/348 417/648/348 418/652/348
f 395/641/350 410/650/350 411/653/350
f 403/643/351 418/652/351 419/654/351
f 396/627/352 411/653/352 412/655/352
f 405/630/353 404/628/353 419/654/353
f 397/629/354 412/655/354 413/657/354
f 405/630/355 420/656/355 421/658/355
f 399/633/356 398/631/356 413/657/356
f 407/634/357 406/632/357 421/658/357
f 418/652/358 433/677/649 434/661/358
f 412/655/359 411/653/359 426/662/359
f 420/656/360 419/654/360 434/661/360
f 412/655/361 427/663/361 428/665/361
f 420/656/362 435/664/362 436/666/362
f 414/659/363 413/657/363 428/665/363
f 422/660/364 421/658/364 436/666/364
f 414/659/365 429/667/365 430/669/365
f 422/660/366 437/668/366 438/670/366
f 416/646/367 415/644/367 430/669/367
f 424/647/368 423/645/368 438/670/368
f 417/648/369 416/646/650 431/671/369
f 417/648/372 432/673/372 433/677/372
f 410/650/374 425/675/374 426/662/374
f 437/668/375 452/694/375 453/678/375
f 431/671/376 430/669/376 445/679/376
f 438/670/377 453/678/377 454/681/377
f 432/673/378 431/671/378 446/680/378
f 432/673/382 447/682/651 448/686/382
f 425/675/383 440/684/383 441/687/384
f 433/677/385 448/686/385 449/688/385
f 426/662/386 441/687/386 442/689/386
f 435/664/387 434/661/387 449/688/387
f 427/663/388 442/689/388 443/691/388
f 435/664/389 450/690/389 451/692/389
f 429/667/390 428/665/390 443/691/390
f 437/668/391 436/666/391 451/692/391
f 429/667/392 444/693/392 445/679/392
f 441/687/393 456/711/393 457/695/393
f 450/690/394 449/688/394 464/696/394
f 442/689/395 457/695/395 458/698/395
f 450/690/396 465/697/396 466/699/396
f 444/693/397 443/691/397 458/698/397
f 452/694/398 451/692/398 466/699/398
f 444/693/399 459/700/399 460/702/399
f 452/694/400 467/701/400 468/703/400
f 446/680/401 445/679/401 460/702/401
f 453/678/402 468/703/402 469/705/402
f 447/682/403 446/680/403 461/704/403
f 447/682/407 462/706/652 463/710/407
f 441/687/408 440/684/408 455/708/408
f 448/686/409 463/710/409 464/696/409
f 461/704/410 460/702/410 475/712/410
f 469/705/411 468/703/411 483/714/411
f 462/706/412 461/704/412 476/713/412
f 462/706/415 477/716/415 478/720/415
f 456/711/416 455/708/416 470/718/416
f 463/710/417 478/720/417 479/722/417
f 456/711/418 471/721/418 472/723/419
f 465/697/420 464/696/420 479/722/420
f 457/695/421 472/723/421 473/725/421
f 465/697/422 480/724/422 481/726/422
f 459/700/423 458/698/423 473/725/423
f 467/701/424 466/699/424 481/726/424
f 459/700/426 474/727/426 475/712/426
f 467/701/427 482/728/427 483/714/427
f 480/724/428 479/722/428 494/729/428
f 472/723/429 487/745/429 488/731/429
f 480/724/430 495/730/430 496/732/430
f 474/727/431 473/725/431 488/731/431
f 482/728/432 481/726/432 496/732/432
f 474/727/433 489/733/433 490/735/433
f 482/728/434 497/734/434 498/736/434
f 476/713/435 475/712/435 490/735/435
f 484/715/436 483/714/436 498/736/436
f 477/716/437 476/713/437 491/737/437
f 477/716/440 492/739/440 493/743/440
f 470/718/441 485/741/441 486/744/442
f 478/720/443 493/743/443 494/729/443
f 471/721/444 486/744/444 487/745/444
f 498/736/445 514/762/445 515/746/445
f 492/739/446 491/737/446 507/747/446
f 492/739/449 508/748/449 509/752/449
f 485/741/450 501/750/450 502/753/450
f 493/743/451 509/752/451 510/754/451
f 486/744/452 502/753/452 503/755/452
f 495/730/453 494/729/453 510/754/453
f 487/745/454 503/755/454 504/757/454
f 495/730/455 511/756/455 512/758/455
f 489/733/456 488/731/456 504/757/456
f 497/734/457 496/732/457 512/758/457
f 489/733/458 505/759/458 506/761/458
f 497/734/459 513/760/459 514/762/459
f 491/737/460 490/735/460 506/761/460
f 511/756/461 526/778/461 527/763/461
f 504/757/462 519/779/462 520/764/462
f 513/760/463 512/758/463 527/763/463
f 505/759/464 520/764/464 521/766/464
f 513/760/465 528/765/465 529/767/465
f 507/747/466 506/761/466 521/766/466
f 514/762/467 529/767/467 530/769/467
f 508/748/468 507/747/653 522/768/468
f 508/748/471 523/770/471 524/774/471
f 501/750/473 516/772/473 517/775/473
f 509/752/474 524/774/474 525/776/474
f 502/753/475 517/775/475 518/777/475
f 511/756/476 510/754/476 525/776/476
f 503/755/477 518/777/477 519/779/477
f 523/770/480 538/796/480 539/784/480
f 516/772/481 531/781/481 532/785/481
f 524/774/482 539/784/482 540/786/482
f 517/775/483 532/785/483 533/787/483
f 526/778/484 525/776/484 540/786/484
f 518/777/485 533/787/485 534/789/485
f 526/778/486 541/788/486 542/790/486
f 520/764/487 519/779/487 534/789/487
f 528/765/488 527/763/488 542/790/488
f 520/764/489 535/791/489 536/793/489
f 528/765/490 543/792/490 544/794/490
f 522/768/491 521/766/491 536/793/491
f 529/767/492 544/794/492 545/783/492
f 523/770/493 522/768/493 537/795/493
f 535/791/494 534/789/494 549/797/494
f 543/792/495 542/790/495 557/799/495
f 535/791/496 550/798/496 551/801/496
f 543/792/497 558/800/497 559/802/497
f 537/795/498 536/793/498 551/801/498
f 544/794/500 559/802/500 560/804/500
f 538/796/501 537/795/501 552/803/501
f 538/796/504 553/805/504 554/809/504
f 531/781/505 546/807/505 547/810/505
f 539/784/506 554/809/654 555/811/506
f 533/787/507 532/785/507 547/810/507
f 541/788/508 540/786/508 555/811/508
f 533/787/509 548/812/509 549/797/509
f 541/788/510 556/813/510 557/799/510
f 553/814/511 568/842/511 569/815/511
f 546/817/512 561/844/512 562/818/513
f 554/816/514 569/815/514 570/820/514
f 548/822/515 547/819/515 562/818/515
f 556/824/516 555/821/516 570/820/516
f 548/822/517 563/823/517 564/826/517
f 556/824/518 571/825/518 572/828/518
f 550/830/519 549/827/519 564/826/519
f 558/832/520 557/829/520 572/828/520
f 550/830/521 565/831/521 566/834/521
f 558/832/522 573/833/522 574/836/522
f 552/838/523 551/835/523 566/834/523
f 559/837/524 574/836/524 575/840/524
f 553/814/525 552/838/525 567/839/525
f 573/833/528 572/828/528 587/846/528
f 565/831/529 580/862/529 581/848/529
f 573/833/530 588/847/530 589/849/530
f 567/839/531 566/834/531 581/848/531
f 574/836/532 589/849/655 590/851/532
f 568/842/533 567/839/533 582/850/533
f 568/842/536 583/852/536 584/856/536
f 561/844/537 576/854/537 577/857/538
f 569/815/539 584/856/539 585/858/539
f 563/823/540 562/818/540 577/857/540
f 571/825/541 570/820/541 585/858/541
f 563/823/542 578/859/542 579/861/542
f 571/825/543 586/860/543 587/846/543
f 565/831/544 564/826/544 579/861/544
f 577/857/545 576/854/545 591/863/545
f 584/856/546 599/879/546 600/865/546
f 577/857/547 592/864/547 593/866/547
f 586/860/548 585/858/548 600/865/548
f 578/859/549 593/866/549 594/868/549
f 586/860/550 601/867/550 602/869/550
f 580/862/551 579/861/551 594/868/551
f 588/847/552 587/846/552 602/869/552
f 580/862/553 595/870/553 596/872/553
f 589/849/554 588/847/554 603/871/554
f 582/850/555 581/848/555 596/872/555
f 589/849/556 604/873/556 605/875/556
f 583/852/557 582/850/557 597/874/557
f 583/852/560 598/876/560 599/879/560
f 595/870/561 610/895/561 611/880/561
f 603/871/562 618/896/562 619/881/562
f 597/874/563 596/872/563 611/880/563
f 604/873/564 619/881/564 620/883/564
f 598/876/565 597/874/565 612/882/565
f 598/876/568 613/884/568 614/888/568
f 591/863/569 606/886/569 607/889/569
f 599/879/570 614/888/570 615/890/570
f 593/866/571 592/864/571 607/889/571
f 601/867/572 600/865/572 615/890/572
f 593/866/573 608/891/573 609/893/573
f 601/867/574 616/892/574 617/894/574
f 595/870/575 594/868/575 609/893/575
f 603/871/576 602/869/576 617/894/576
f 614/888/577 629/913/577 630/897/577
f 608/891/578 607/889/578 622/898/578
f 616/892/579 615/890/579 630/897/579
f 608/891/580 623/899/580 624/901/580
f 616/892/581 631/900/581 632/902/581
f 610/895/582 609/893/582 624/901/582
f 618/896/583 617/894/583 632/902/583
f 610/895/584 625/903/584 626/905/584
f 618/896/585 633/904/585 634/906/585
f 612/882/586 611/880/586 626/905/586
f 619/881/587 634/906/587 635/908/587
f 613/884/589 612/882/589 627/907/589
f 613/884/592 628/909/592 629/913/592
f 606/886/593 621/911/593 622/898/593
f 633/904/594 648/930/594 649/914/594
f 627/907/595 626/905/595 641/915/595
f 634/906/596 649/914/596 650/917/596
f 628/909/597 627/907/597 642/916/597
f 628/909/600 643/918/600 644/922/600
f 622/898/601 621/911/601 636/920/601
f 629/913/602 644/922/602 645/924/602
f 622/898/603 637/923/603 638/925/603
f 631/900/604 630/897/604 645/924/604
f 623/899/605 638/925/605 639/927/605
f 631/900/606 646/926/606 647/928/606
f 625/903/607 624/901/607 639/927/607
f 633/904/608 632/902/608 647/928/608
f 625/903/609 640/929/609 641/915/609
f 646/926/610 645/924/610 660/931/610
f 638/925/611 653/947/611 654/933/611
f 646/926/612 661/932/612 662/934/612
f 640/929/613 639/927/613 654/933/613
f 648/930/614 647/928/614 662/934/614
f 640/929/615 655/935/615 656/937/615
f 648/930/616 663/936/616 664/938/616
f 642/916/617 641/915/617 656/937/617
f 650/917/618 649/914/618 664/938/618
f 643/918/619 642/916/619 657/939/619
f 643/918/622 658/941/622 659/945/622
f 636/920/623 651/943/656 652/946/623
f 644/922/624 659/945/624 660/931/624
f 638/925/625 637/923/625 652/946/625
f 664/938/626 673/394/626 674/396/626
f 658/941/627 657/939/627 195/391/627
f 658/941/631 196/398/657 197/404/631
f 652/946/632 651/943/632 666/399/632
f 659/945/634 197/404/658 670/408/634
f 653/947/635 652/946/635 667/405/635
f 660/931/636 670/408/636 198/412/636
f 654/933/637 653/947/637 193/409/637
f 661/932/638 198/412/638 671/416/638
f 655/935/639 654/933/639 668/413/639
f 663/936/640 662/934/640 671/416/640
f 656/937/641 655/935/641 194/417/641
f 663/936/642 672/420/642 673/394/642
f 657/939/643 656/937/643 669/421/643
