# Blender 4.4.3
# www.blender.org
mtllib SM_Enemy_GravityGolem_A.mtl
o tripo_node_0118adbd-7e2c-4f43-8bfd-e19fdebce202
v 0.203186 -0.349199 -0.221625
v 0.229098 -0.361017 -0.121462
v 0.206251 -0.372947 -0.126141
v 0.191898 -0.365670 -0.154767
v 0.183388 -0.345115 -0.206477
v 0.213318 -0.313217 -0.127476
v 0.212991 -0.317503 -0.108874
v 0.188538 -0.357209 -0.137956
v 0.186257 -0.303333 -0.117353
v 0.184451 -0.262290 -0.091504
v 0.168806 -0.362433 -0.117625
v 0.160968 -0.347967 -0.151801
v 0.142362 -0.338190 -0.186848
v 0.117912 -0.334904 -0.187427
v 0.233200 -0.311029 -0.169972
v 0.240277 -0.302178 -0.152126
v 0.237717 -0.183229 -0.240734
v 0.249650 -0.288748 -0.155020
v 0.245374 -0.249459 -0.180355
v 0.246967 -0.285164 -0.151784
v 0.237176 -0.302601 -0.211569
v 0.245142 -0.283105 -0.210226
v 0.256706 -0.304060 -0.160619
v 0.266488 -0.283281 -0.159430
v 0.240415 -0.315222 -0.119638
v 0.261535 -0.280394 -0.114947
v 0.224341 -0.305407 -0.138103
v 0.186364 -0.269060 -0.117861
v 0.199155 -0.265889 -0.137175
v 0.232715 -0.272109 -0.146317
v 0.231933 -0.287999 -0.127534
v 0.268913 -0.290294 -0.102703
v 0.206059 -0.264089 -0.230704
v 0.191372 -0.264725 -0.202805
v 0.149457 -0.259038 -0.180118
v 0.119514 -0.209811 -0.176185
v 0.138016 -0.197185 -0.152197
v 0.136474 -0.191022 -0.158698
v 0.130249 -0.183790 -0.153770
v 0.183845 -0.220538 -0.121174
v 0.166298 -0.185849 -0.120738
v 0.066653 -0.477856 -0.142793
v 0.023356 -0.483143 -0.142436
v 0.071154 -0.429708 -0.143717
v -0.022082 -0.359480 -0.144313
v -0.013154 -0.288153 -0.141129
v -0.010432 -0.266362 -0.120520
v -0.017116 -0.251758 -0.161882
v -0.033523 -0.235761 -0.149631
v 0.039803 -0.249780 -0.157885
v -0.005574 -0.226416 -0.171068
v 0.089985 -0.354197 -0.143066
v 0.097344 -0.286005 -0.073076
v 0.092944 -0.293839 -0.007705
v 0.070411 -0.291083 -0.009076
v 0.096015 -0.356058 -0.004798
v 0.097521 -0.409692 -0.019712
v 0.092589 -0.417365 -0.006414
v 0.083566 -0.470384 -0.002307
v 0.101585 -0.296280 -0.140879
v 0.065098 -0.286372 -0.129363
v 0.011475 -0.281962 -0.109022
v 0.082020 -0.247207 -0.127477
v 0.111275 -0.251305 -0.078020
v 0.213777 -0.169072 -0.240908
v 0.230749 -0.166545 -0.210176
v 0.200665 -0.164995 -0.224442
v 0.089212 -0.290773 -0.266255
v 0.109634 -0.263624 -0.232312
v 0.079175 -0.248118 -0.193355
v 0.089302 -0.255415 -0.224065
v 0.115968 -0.249152 -0.192743
v 0.099168 -0.227013 -0.154149
v 0.128989 -0.255103 -0.196817
v 0.116793 -0.259724 -0.176942
v 0.048356 -0.274903 -0.177334
v 0.021174 -0.300061 -0.265621
v 0.023113 -0.278220 -0.213487
v 0.014382 -0.267966 -0.195864
v 0.204050 -0.181808 -0.085548
v 0.192815 -0.212590 -0.107523
v 0.227694 -0.214390 -0.112679
v 0.172780 -0.263440 -0.116210
v 0.053810 -0.456555 -0.002225
v 0.066849 -0.383799 -0.005875
v 0.065976 -0.385487 -0.003397
v 0.043246 -0.467416 0.012806
v 0.072277 -0.369982 0.008564
v 0.067553 -0.389062 0.000289
v 0.067851 -0.389672 -0.001836
v 0.067904 -0.387139 -0.001415
v 0.035829 -0.492106 -0.005469
v 0.002052 -0.455745 -0.015712
v -0.006006 -0.480206 -0.010330
v 0.019279 -0.505510 -0.064064
v 0.036655 -0.485675 -0.063986
v -0.005028 -0.455211 -0.065261
v 0.052606 -0.301075 -0.050238
v 0.028472 -0.303685 -0.074672
v 0.015771 -0.316056 -0.034178
v 0.003299 -0.346786 -0.076515
v 0.014567 -0.353869 -0.022406
v -0.013481 -0.357914 -0.054173
v -0.008764 -0.342593 -0.015577
v -0.014968 -0.341228 -0.070734
v -0.003316 -0.313589 -0.084280
v 0.003890 -0.285691 -0.093477
v 0.026207 -0.252232 -0.029662
v 0.025228 -0.271960 -0.007694
v 0.013960 -0.311595 -0.023871
v 0.010551 -0.296196 -0.063000
v -0.001226 -0.305085 -0.045898
v 0.004953 -0.257930 -0.045453
v 0.059749 -0.312198 -0.029747
v 0.061606 -0.363424 -0.008236
v 0.051869 -0.380191 -0.016515
v 0.284491 -0.191868 -0.120957
v 0.089440 -0.252172 -0.172008
v 0.089739 -0.244329 -0.178278
v 0.039062 -0.258389 -0.175481
v 0.081153 -0.212378 -0.175228
v 0.036877 -0.229031 -0.159264
v 0.022937 -0.245894 -0.179615
v 0.097372 -0.227398 -0.141771
v 0.044915 -0.255899 -0.137680
v 0.108678 -0.205725 -0.163645
v 0.104532 -0.236364 -0.156133
v 0.126433 -0.224675 -0.113291
v 0.088251 -0.221262 -0.108038
v 0.096349 -0.239645 -0.099648
v 0.080645 -0.237381 -0.289526
v 0.050926 -0.250694 -0.282895
v 0.077689 -0.219191 -0.228322
v 0.082216 -0.189030 -0.213417
v 0.053654 -0.192852 -0.207818
v 0.063439 -0.177053 -0.214527
v 0.062245 -0.184714 -0.201551
v 0.039180 -0.258136 -0.221723
v 0.004758 -0.191269 -0.199217
v 0.000850 -0.245166 -0.190020
v 0.030352 -0.204461 -0.181455
v 0.057175 -0.205527 -0.190122
v 0.030087 -0.273522 -0.177949
v 0.019640 -0.279294 -0.187581
v 0.016508 -0.270211 -0.185132
v 0.032508 -0.270086 -0.201107
v 0.235714 -0.263238 -0.141877
v 0.226430 -0.256235 -0.130267
v 0.232731 -0.272579 -0.137189
v 0.242294 -0.259063 -0.120326
v 0.246508 -0.202379 -0.154394
v 0.263002 -0.204701 -0.115585
v 0.237954 -0.201059 -0.127677
v 0.183572 -0.243473 -0.136646
v 0.183334 -0.202651 -0.142478
v 0.194056 -0.205285 -0.139028
v 0.187041 -0.202554 -0.126431
v 0.192076 -0.201074 -0.119001
v 0.195642 -0.199307 -0.121518
v 0.179530 -0.193863 -0.116865
v 0.005824 -0.250671 -0.105951
v 0.119728 -0.239773 -0.093618
v 0.184831 -0.204223 -0.082872
v 0.172021 -0.195166 -0.090330
v 0.213681 -0.183324 -0.037217
v 0.150455 -0.237559 -0.024551
v 0.130008 -0.249470 -0.005315
v 0.195954 -0.232305 0.006090
v 0.202622 -0.214969 0.029422
v 0.236142 -0.204794 0.019017
v 0.249886 -0.200936 0.007853
v 0.223074 -0.195924 0.011508
v 0.234138 -0.187120 0.009759
v 0.266217 -0.144678 0.003273
v 0.247994 -0.145137 0.003739
v 0.234222 -0.185857 -0.024659
v 0.067361 -0.261462 -0.021695
v 0.116688 -0.236432 0.034710
v 0.196456 -0.161885 -0.178457
v 0.169979 -0.160920 -0.163932
v 0.126788 -0.176073 -0.202871
v 0.196083 -0.170430 -0.121120
v 0.177047 -0.181328 -0.145137
v 0.121895 -0.183708 -0.195323
v 0.165816 -0.129178 -0.186070
v 0.147869 -0.157260 -0.193827
v 0.128090 -0.160329 -0.189747
v 0.126771 -0.179158 -0.168294
v 0.115453 -0.171003 -0.181886
v 0.114233 -0.184074 -0.187662
v 0.106919 -0.190031 -0.209921
v 0.151138 -0.138284 -0.168759
v 0.177788 -0.114388 -0.162274
v 0.126316 -0.144371 -0.212345
v 0.163524 -0.098871 -0.207786
v 0.125136 -0.104473 -0.209337
v 0.179323 -0.049243 -0.212247
v -0.025665 -0.173061 -0.210020
v -0.043013 -0.143160 -0.213948
v 0.066407 -0.159070 -0.219272
v -0.049594 -0.102658 -0.192589
v 0.068484 -0.105513 -0.186227
v -0.054704 0.104059 -0.192326
v 0.174096 -0.207516 -0.131091
v 0.139863 -0.195756 -0.147753
v 0.145922 -0.204148 -0.119839
v 0.136139 -0.191671 -0.147112
v 0.115527 -0.192280 -0.103757
v 0.189982 -0.204278 -0.125548
v 0.202700 -0.128527 -0.195579
v 0.183078 -0.138720 -0.184990
v 0.224227 -0.143641 -0.197796
v 0.213975 -0.138661 -0.171121
v 0.232733 -0.108986 -0.174355
v 0.240212 -0.092005 -0.165470
v 0.216539 -0.101097 -0.161300
v 0.230137 -0.110611 -0.131525
v 0.234783 -0.097818 -0.148044
v 0.244579 -0.125449 -0.096332
v 0.225830 -0.172443 -0.066995
v 0.227982 -0.106224 -0.100734
v 0.260860 -0.114753 -0.063147
v 0.119531 -0.167723 -0.155234
v 0.165268 -0.125405 -0.170965
v 0.159823 -0.144343 -0.110910
v 0.195093 -0.100336 -0.024303
v 0.120581 -0.172964 -0.059735
v 0.153634 -0.153007 -0.011816
v 0.062003 -0.198190 0.007655
v 0.046506 -0.192812 -0.041898
v -0.002031 -0.201760 -0.048036
v 0.049560 -0.193026 -0.109311
v 0.164527 -0.117416 -0.101148
v 0.205135 -0.013702 -0.101507
v 0.087874 -0.182151 -0.140224
v 0.043833 -0.189822 -0.047945
v -0.013763 -0.201095 -0.090909
v 0.035832 -0.193890 -0.034866
v 0.053121 -0.188931 0.034934
v 0.094659 -0.177062 -0.037209
v 0.167131 -0.119524 -0.002252
v 0.174181 -0.099498 0.063058
v 0.207299 -0.195840 -0.063370
v 0.191874 -0.204339 -0.123030
v 0.189723 -0.204156 -0.125303
v 0.342799 -0.028825 -0.254378
v 0.373851 0.021798 -0.233150
v 0.421931 -0.022992 -0.077628
v 0.408290 -0.002029 -0.078209
v 0.420466 0.064230 -0.135934
v 0.411949 0.087360 -0.183657
v 0.361984 0.082112 -0.210095
v 0.304772 0.121006 -0.158248
v 0.354322 0.118451 -0.102699
v 0.393665 -0.085820 -0.139277
v 0.283400 -0.037100 -0.197289
v 0.222581 -0.018377 -0.190075
v 0.230926 -0.034898 -0.166666
v 0.268209 -0.047269 -0.100815
v 0.274884 -0.053422 -0.080466
v 0.316312 -0.092704 -0.062793
v 0.328895 -0.067279 -0.043824
v 0.335744 -0.089395 -0.042519
v 0.368324 -0.036518 -0.023322
v 0.365621 -0.100989 -0.074525
v 0.360744 -0.019978 -0.032071
v 0.273182 -0.081102 -0.269540
v 0.241303 -0.139869 -0.263996
v 0.242969 -0.122913 -0.184741
v 0.225521 -0.106145 -0.184508
v 0.269347 -0.054600 -0.266212
v 0.252668 -0.041385 -0.185038
v 0.265775 -0.046499 -0.186759
v 0.247439 -0.119148 -0.128501
v 0.241633 -0.082126 -0.182059
v 0.263618 -0.093487 -0.102428
v 0.333621 -0.065278 -0.092697
v 0.307692 -0.064410 -0.070199
v 0.306762 -0.051858 -0.102597
v 0.359521 -0.045036 -0.082710
v 0.344901 -0.060558 -0.064674
v 0.358601 -0.021608 -0.056814
v 0.325257 -0.054976 -0.043916
v 0.284806 -0.029366 -0.076456
v 0.322745 -0.014995 -0.055071
v 0.246630 -0.053087 -0.125521
v 0.244148 -0.090373 -0.116518
v 0.258918 -0.114489 -0.084823
v 0.266865 -0.096864 -0.053872
v 0.285251 -0.099567 -0.059172
v 0.274645 -0.069284 -0.083997
v 0.397131 -0.014492 -0.082764
v 0.383077 0.012201 -0.097198
v 0.400619 0.011153 -0.078390
v 0.410910 0.050111 -0.108105
v 0.413538 0.097464 -0.148874
v 0.391644 0.066422 -0.137577
v 0.358253 0.067057 -0.109254
v 0.350570 0.052096 -0.080437
v 0.359330 0.029667 -0.066352
v 0.379051 0.001375 -0.106603
v 0.373260 0.024515 -0.099060
v 0.365822 -0.007365 -0.075989
v 0.336874 -0.003784 -0.083831
v 0.346292 0.041464 -0.100388
v 0.326523 0.039277 -0.108105
v 0.332856 0.034001 -0.067840
v 0.307277 0.014484 -0.039504
v 0.286595 0.050265 -0.085019
v 0.287827 -0.009741 -0.047070
v 0.274028 0.042680 -0.109631
v 0.273351 -0.004381 -0.079562
v 0.254572 0.047169 -0.107159
v 0.245574 0.080288 -0.134464
v 0.260200 0.111403 -0.126334
v 0.280724 0.083354 -0.084362
v 0.318009 0.092184 -0.077065
v 0.336930 0.104349 -0.071767
v 0.313273 0.112885 -0.067970
v 0.413174 0.012428 -0.065829
v 0.391902 -0.007408 -0.077732
v 0.394906 -0.009697 -0.073068
v 0.239503 0.054851 -0.171916
v 0.222656 0.001813 -0.200176
v 0.199294 0.014279 -0.203422
v 0.201861 -0.000132 -0.194627
v 0.206914 -0.005376 -0.214360
v 0.206173 -0.035668 -0.183239
v 0.254222 0.013119 -0.083157
v 0.266618 0.017524 -0.070828
v 0.240503 -0.017923 -0.088865
v 0.224191 -0.005627 -0.058139
v 0.211865 0.012765 -0.152153
v 0.251170 -0.025219 -0.106061
v 0.212349 -0.023937 -0.152490
v 0.217274 -0.015251 -0.101043
v 0.199452 -0.068212 -0.161292
v 0.222214 -0.027051 -0.089475
v 0.355960 -0.000037 -0.073824
v 0.367662 0.005340 -0.064389
v 0.284869 -0.058741 -0.036482
v 0.306125 -0.044220 -0.031535
v 0.309036 -0.018661 -0.006622
v 0.274125 -0.065605 0.018320
v 0.289967 -0.059180 0.006596
v 0.314390 -0.072726 -0.027302
v 0.320296 -0.061577 -0.035086
v 0.282399 -0.063242 0.042320
v 0.259558 -0.054382 0.052798
v 0.253028 -0.123998 0.027532
v 0.252472 -0.135268 0.055218
v 0.237355 -0.164624 0.049918
v 0.264698 -0.101137 0.008801
v 0.372265 0.012747 -0.019402
v 0.356271 0.029968 -0.032993
v 0.351885 0.092182 -0.102878
v 0.370329 0.060664 -0.107404
v 0.366288 -0.013060 -0.040066
v 0.341637 0.024290 -0.040688
v 0.349220 0.101228 -0.085420
v 0.341509 0.086307 -0.107358
v 0.291293 0.042776 -0.006394
v 0.285246 0.032437 -0.057698
v 0.257238 0.140379 -0.062594
v 0.291587 0.046317 -0.004808
v 0.293109 0.040965 -0.003193
v 0.242935 -0.009841 -0.047293
v 0.244114 0.023529 -0.060529
v 0.221166 0.050426 -0.057110
v 0.211726 0.078535 0.002300
v 0.240801 0.057006 -0.068040
v 0.216706 0.086221 -0.105470
v 0.209714 -0.104661 -0.181504
v 0.177759 -0.113151 -0.206585
v 0.196930 -0.055770 -0.201706
v 0.224014 -0.052353 -0.201893
v 0.131098 -0.034017 -0.184132
v 0.189861 0.036206 -0.207201
v 0.207241 0.047354 -0.224731
v 0.197746 0.031128 -0.228384
v 0.188340 0.010032 -0.204823
v 0.171732 -0.013563 -0.207676
v 0.227455 0.022349 -0.225091
v 0.217818 0.021372 -0.192998
v 0.220052 0.052378 -0.214601
v 0.231369 0.055848 -0.199091
v 0.205842 0.012874 -0.185259
v 0.180551 -0.101350 -0.160484
v 0.128327 0.052055 -0.184213
v 0.168670 0.062123 -0.207722
v 0.169799 0.086385 -0.200749
v 0.062709 0.117367 -0.187142
v 0.116799 0.141163 -0.214830
v 0.196216 0.066202 -0.007029
v 0.205162 -0.019331 0.017846
v 0.140951 -0.116737 0.140497
v 0.172633 -0.068141 0.141900
v 0.182745 -0.019846 0.134921
v 0.104712 -0.110651 0.161954
v 0.166861 -0.008564 0.158864
v 0.181079 0.023895 0.141368
v 0.134272 -0.082184 0.153258
v 0.097665 -0.111901 0.149462
v 0.201706 0.063561 -0.140287
v 0.185560 0.082279 -0.089971
v 0.207052 0.076857 -0.098985
v 0.173952 0.126193 -0.142461
v 0.209534 0.053078 -0.103304
v 0.214978 0.063801 -0.137247
v 0.218765 -0.062564 0.058417
v 0.227595 0.067010 0.062743
v 0.246461 -0.024972 0.057614
v -0.009328 -0.445000 0.013743
v -0.022975 -0.433273 -0.003746
v -0.001347 -0.349743 0.001668
v -0.058537 -0.410528 -0.000655
v -0.015388 -0.383560 -0.008311
v -0.039985 -0.379825 -0.010106
v 0.095943 -0.392745 -0.004044
v 0.109632 -0.395930 -0.011945
v 0.099201 -0.375961 -0.021745
v 0.100537 -0.376101 -0.011130
v 0.100028 -0.385285 -0.015979
v 0.110426 -0.373518 -0.019881
v 0.067897 -0.388146 -0.003656
v 0.015696 -0.278306 0.011438
v 0.021738 -0.254916 0.059559
v -0.000543 -0.305802 -0.010694
v 0.084806 -0.244759 0.031062
v 0.068077 -0.258960 0.023230
v 0.077302 -0.263096 0.043968
v 0.094406 -0.252229 0.059596
v 0.092712 -0.226863 0.053362
v 0.082159 -0.197473 0.059944
v 0.150575 -0.203650 0.052549
v 0.139125 -0.184269 0.055359
v 0.123389 -0.249588 0.033994
v 0.157046 -0.232970 0.038765
v 0.173314 -0.200426 0.036592
v 0.176522 -0.214676 0.054715
v 0.211664 -0.193562 0.047172
v 0.084942 -0.218839 0.088296
v 0.084365 -0.208188 0.113341
v 0.016653 -0.227594 0.118993
v 0.032199 -0.222070 0.090623
v 0.093946 -0.246085 0.086065
v -0.008273 -0.247554 0.087738
v 0.232420 -0.195002 0.013161
v 0.232549 -0.167520 0.031034
v 0.248422 -0.164799 0.025815
v 0.180318 -0.194929 0.133475
v 0.113145 -0.255128 0.169581
v 0.081582 -0.276806 0.179274
v 0.114552 -0.231739 0.120331
v 0.049802 -0.226036 0.137254
v 0.129592 -0.197025 0.089562
v 0.120826 -0.151652 0.135974
v 0.124353 -0.136777 0.170046
v 0.167196 -0.174000 0.151237
v 0.180059 -0.154876 0.179286
v 0.169913 -0.144562 0.058850
v 0.038291 -0.207422 0.057677
v 0.149364 -0.154881 0.040185
v 0.193782 -0.141487 0.058403
v 0.042817 -0.219351 0.056964
v 0.064494 -0.213129 0.075831
v 0.077250 -0.228316 0.075545
v 0.017463 -0.227741 0.077101
v -0.014461 -0.203231 0.069527
v -0.004233 -0.210009 0.109936
v 0.009230 -0.216611 0.093686
v 0.020995 -0.197772 0.094967
v 0.012026 -0.207624 0.118483
v 0.034178 -0.218590 0.058565
v 0.035380 -0.217385 0.057794
v 0.035269 -0.218819 0.058443
v -0.010655 -0.237704 0.057526
v 0.035769 -0.221505 0.058393
v 0.018895 -0.183614 0.194115
v 0.008309 -0.220873 0.175211
v 0.049979 -0.267165 0.165495
v 0.231365 -0.147501 0.041635
v 0.216292 -0.156746 0.055782
v 0.125220 -0.156149 0.055456
v 0.069169 -0.180548 0.095184
v 0.099633 -0.156350 0.139598
v 0.215341 -0.155025 0.078220
v 0.206056 -0.134541 0.091194
v 0.219979 -0.120383 0.081093
v 0.252314 -0.050132 0.080137
v 0.223674 -0.079958 0.080310
v 0.228976 -0.052849 0.077241
v 0.210890 -0.077005 0.098592
v 0.195753 -0.144577 0.111612
v 0.213318 -0.138950 0.122079
v 0.182342 -0.120610 0.093928
v 0.169323 -0.133724 0.152295
v 0.209745 -0.070156 0.107935
v 0.225870 -0.026017 0.127911
v 0.191678 -0.144470 0.118765
v 0.187852 -0.131876 0.119333
v 0.151023 -0.137429 0.154026
v 0.159896 -0.112945 0.158178
v 0.228585 -0.042668 0.141916
v 0.182774 -0.029202 0.178402
v 0.232696 -0.051915 0.153951
v 0.203662 -0.125084 0.132333
v 0.245085 -0.042008 0.146842
v 0.140333 -0.126394 0.139885
v 0.162037 -0.142010 0.156228
v -0.046743 -0.188367 0.019091
v -0.025824 -0.186075 0.091845
v -0.035774 -0.188651 -0.109152
v -0.030419 -0.210413 0.053016
v -0.049863 -0.196468 -0.046837
v -0.103038 -0.173121 -0.084837
v -0.084477 -0.234995 0.048240
v -0.061639 -0.264670 -0.009361
v -0.021211 -0.268181 0.008989
v 0.010759 -0.270954 0.040062
v 0.002387 -0.260033 -0.002013
v -0.012891 -0.343831 0.003283
v -0.043838 -0.331817 -0.005760
v -0.038252 -0.270217 -0.013428
v 0.042594 -0.176842 0.143966
v -0.049960 -0.168544 0.139442
v -0.099024 -0.150950 0.147088
v -0.087696 -0.136835 0.158285
v -0.003897 -0.160293 0.158973
v 0.079375 -0.139724 0.160051
v 0.095907 -0.140196 0.167194
v 0.289581 -0.185784 0.202674
v 0.288569 -0.151038 0.194979
v 0.259079 -0.187834 0.181450
v 0.253898 -0.170340 0.214280
v 0.236330 -0.202162 0.227108
v 0.256750 -0.195952 0.229681
v 0.240650 -0.190719 0.240553
v 0.257629 -0.166925 0.271960
v 0.221365 -0.181566 0.259772
v 0.297805 -0.160061 0.253183
v 0.273030 -0.117145 0.277516
v 0.254127 -0.149066 0.276732
v 0.255722 -0.133027 0.307747
v 0.266495 -0.114834 0.163857
v 0.328061 -0.093573 0.189416
v 0.312398 -0.060093 0.158163
v 0.352607 -0.026073 0.192535
v 0.336050 -0.059742 0.264972
v 0.306453 -0.041399 0.287441
v 0.204058 -0.136578 0.221287
v 0.282352 -0.030862 0.162217
v 0.286609 -0.026089 0.188460
v 0.349639 -0.031740 0.231020
v 0.313551 -0.001687 0.221056
v 0.267042 0.020216 0.222705
v 0.234510 -0.031765 0.255268
v 0.242641 0.001803 0.269458
v 0.217576 -0.043486 0.243592
v 0.220345 -0.105262 0.220567
v 0.234418 -0.155639 0.233676
v 0.185962 -0.163427 0.230123
v 0.198749 -0.173134 0.246113
v 0.184375 -0.164340 0.251440
v 0.217391 -0.180059 0.257938
v 0.202378 -0.125585 0.254317
v 0.236253 -0.142870 0.269019
v 0.210213 -0.188762 0.208065
v 0.155929 -0.171322 0.242100
v 0.183474 -0.170599 0.209707
v 0.195514 -0.191608 0.238445
v 0.170043 -0.160433 0.222376
v 0.212905 -0.182783 0.233875
v 0.131079 -0.104951 0.166604
v 0.121268 -0.129450 0.206954
v 0.095748 -0.149492 0.210584
v 0.045844 -0.168211 0.258022
v -0.008472 -0.170528 0.245215
v 0.023931 -0.207250 0.259162
v 0.008438 -0.219036 0.250536
v 0.121598 -0.165311 0.216471
v 0.029654 -0.250497 0.236707
v 0.006853 -0.247668 0.206075
v -0.012291 -0.220651 0.207543
v -0.013852 -0.206507 0.229629
v 0.032898 -0.194599 0.268806
v 0.122509 -0.146026 0.272931
v 0.194524 -0.184926 0.277471
v 0.140233 -0.132786 0.272690
v 0.196009 -0.173317 0.245760
v 0.196070 -0.172112 0.248354
v 0.286332 -0.139345 0.304589
v 0.303255 -0.128037 0.279702
v 0.287237 -0.116489 0.295387
v 0.287187 -0.101028 0.277292
v 0.254445 -0.121420 0.310521
v 0.283028 -0.108718 0.319386
v 0.227045 -0.113962 0.339357
v 0.242474 -0.093685 0.365150
v 0.282036 -0.049611 0.349012
v 0.265566 -0.027534 0.337908
v 0.222587 -0.067512 0.364660
v 0.253098 -0.138392 0.330770
v 0.225833 -0.148651 0.307028
v 0.273156 -0.143246 0.299614
v 0.243390 -0.145939 0.308750
v 0.254426 -0.149946 0.331729
v 0.247022 -0.136378 0.329756
v 0.216291 -0.148153 0.315298
v 0.233221 -0.136148 0.318673
v 0.205869 -0.087422 0.372124
v 0.189075 -0.163509 0.335955
v 0.156014 -0.046838 0.364335
v 0.114135 -0.123344 0.320868
v 0.192457 -0.162743 0.300339
v 0.117243 -0.111883 0.275900
v 0.143742 -0.120628 0.259700
v 0.195872 -0.171303 0.247179
v 0.093359 -0.125236 0.162583
v 0.092522 -0.123991 0.202981
v 0.087112 -0.085951 0.198139
v 0.116099 -0.114456 0.203300
v 0.072200 -0.124195 0.226364
v 0.077871 -0.094771 0.232325
v 0.080927 -0.140068 0.191224
v 0.072806 -0.117401 0.194248
v 0.017750 -0.143510 0.143806
v -0.025544 -0.119979 0.166174
v 0.063282 -0.057277 0.186323
v -0.004669 -0.078537 0.184602
v 0.017176 -0.123069 0.163371
v -0.023917 -0.095187 0.192745
v -0.059777 -0.061335 0.187879
v -0.069947 -0.082138 0.220366
v -0.022448 -0.075286 0.209500
v -0.046519 -0.103140 0.216769
v -0.048804 -0.119019 0.220804
v -0.069000 -0.116094 0.187590
v -0.063106 -0.096568 0.182872
v -0.061063 -0.080856 0.172416
v -0.054923 -0.128519 0.146704
v -0.050323 -0.137650 0.173758
v 0.275707 -0.017802 0.037268
v 0.268688 0.033859 0.050577
v 0.278432 -0.012499 0.051513
v 0.274964 0.043318 0.024309
v 0.342607 0.014002 -0.023990
v 0.328806 0.029107 -0.003332
v 0.314087 0.058274 0.000131
v 0.303028 0.055554 0.014792
v 0.270097 0.061781 0.036180
v 0.270956 0.076574 0.013767
v 0.245279 0.072934 0.052937
v 0.253017 0.113370 0.044440
v 0.258666 0.121544 -0.018958
v 0.240025 -0.043188 0.090742
v 0.152428 0.099685 0.138885
v 0.181328 0.079712 0.084423
v 0.224305 0.070146 0.006708
v 0.218876 0.125715 0.029059
v 0.212641 -0.018565 0.142563
v 0.195397 -0.008739 0.194078
v 0.197368 -0.032645 0.133030
v 0.185535 -0.110355 0.121048
v 0.210111 -0.057506 0.124021
v 0.170841 -0.019249 0.156070
v 0.176531 -0.040586 0.160118
v 0.295116 -0.031138 0.141608
v 0.239448 0.041172 0.132715
v 0.256646 0.055912 0.124470
v 0.240633 0.060569 0.109967
v 0.271123 0.056308 0.129604
v 0.247530 0.059543 0.092068
v 0.146426 0.074775 0.159952
v 0.150031 0.029397 0.149879
v 0.125021 0.020661 0.173441
v 0.104822 0.112581 0.150284
v -0.076728 -0.005045 0.185677
v -0.065267 0.055338 0.182428
v 0.052456 0.061864 0.189152
v 0.049975 0.104601 0.174459
v 0.093591 0.034112 0.183048
v 0.141831 0.025564 0.180827
v 0.096071 0.035857 0.200652
v 0.290233 -0.031191 0.285383
v 0.303571 0.001576 0.261170
v 0.190981 0.008389 0.295774
v 0.154316 -0.019996 0.291204
v 0.180197 -0.007755 0.335246
v 0.203192 0.010919 0.327843
v 0.305028 -0.029305 0.301485
v 0.308739 -0.028098 0.303953
v 0.280873 -0.006495 0.341121
v 0.253221 -0.013675 0.345080
v 0.170808 -0.014464 0.353252
v 0.134134 0.013747 0.326291
v 0.299780 -0.076670 0.299804
v 0.325289 -0.070812 0.300607
v 0.307190 -0.032284 0.304306
v 0.285759 -0.051910 0.304962
v 0.297819 -0.026944 0.317479
v 0.218568 -0.093663 0.372010
v 0.241084 -0.041047 0.373604
v 0.151714 -0.036726 0.331278
v 0.140467 -0.059514 0.326537
v 0.160274 -0.010323 0.327994
v 0.124586 -0.033584 0.330698
v 0.136735 -0.057819 0.347152
v -0.053503 -0.424216 -0.143091
v -0.038819 -0.263168 -0.118642
v -0.053841 -0.343572 -0.101298
v -0.040872 -0.320423 -0.098640
v -0.043538 -0.265395 -0.083862
v -0.049815 -0.342524 -0.068359
v -0.026094 -0.358581 -0.099282
v -0.104697 -0.418036 -0.094865
v -0.121078 -0.291584 -0.089949
v -0.113653 -0.272753 -0.068459
v -0.136240 -0.291209 -0.079403
v -0.124219 -0.326022 -0.065201
v -0.133439 -0.420115 -0.082356
v 0.008124 -0.277542 -0.249652
v 0.004917 -0.258440 -0.231052
v -0.006905 -0.264777 -0.218649
v -0.003490 -0.240917 -0.246142
v -0.001253 -0.207093 -0.225115
v -0.035988 -0.179576 -0.233638
v -0.030955 -0.192726 -0.209122
v 0.005386 -0.259095 -0.182474
v -0.078856 -0.248433 -0.234823
v -0.099391 -0.238394 -0.230178
v -0.109170 -0.165759 -0.222806
v -0.111286 -0.213356 -0.253620
v -0.108620 -0.250194 -0.237658
v -0.066506 -0.265953 -0.238019
v -0.105102 -0.183447 -0.173991
v -0.085752 -0.235927 -0.217987
v -0.087621 -0.241420 -0.227302
v -0.081304 -0.241570 -0.224135
v -0.045130 -0.263302 -0.187593
v -0.137903 -0.208085 -0.186491
v -0.081975 -0.244210 -0.226164
v -0.091092 -0.232995 -0.217085
v -0.118190 -0.199121 -0.189766
v -0.026866 -0.251594 -0.184248
v -0.039382 -0.251625 -0.159470
v -0.059527 -0.242683 -0.125805
v -0.091237 -0.206583 -0.153313
v -0.112936 -0.292159 -0.158087
v -0.113759 -0.272917 -0.174987
v -0.163789 -0.269565 -0.192839
v -0.220368 -0.266338 -0.097091
v -0.217561 -0.258120 -0.164560
v -0.190919 -0.243560 -0.186705
v -0.158961 -0.247190 -0.137387
v -0.183317 -0.247500 -0.112953
v -0.226076 -0.243942 -0.132583
v -0.138379 -0.260024 -0.098364
v -0.081398 -0.243651 -0.128224
v -0.114709 -0.247422 -0.119949
v -0.099979 -0.247008 -0.097116
v -0.114575 -0.240339 -0.089904
v -0.115034 -0.260273 -0.129315
v -0.117525 -0.269613 -0.089430
v -0.123149 -0.253711 -0.095679
v -0.136239 -0.250489 -0.091352
v -0.132371 -0.242525 -0.079975
v -0.095981 -0.216005 -0.133967
v -0.137064 -0.219346 -0.095471
v -0.135472 -0.268974 -0.066615
v -0.111937 -0.241518 -0.044908
v -0.088970 -0.254479 -0.033968
v -0.125426 -0.231708 -0.026529
v -0.131156 -0.231365 0.008996
v -0.091047 -0.249455 0.005220
v -0.069620 -0.301807 -0.013784
v -0.075173 -0.276610 -0.026133
v -0.074175 -0.149182 -0.202218
v -0.110898 -0.157126 -0.245415
v -0.111930 -0.136450 -0.187760
v -0.122706 -0.175674 -0.198171
v -0.089658 -0.235345 -0.219389
v -0.089193 -0.236916 -0.222609
v -0.091672 -0.232155 -0.217634
v -0.096837 -0.234071 -0.222993
v -0.095411 -0.231805 -0.219694
v -0.094945 -0.231133 -0.218321
v -0.094312 -0.231560 -0.216993
v -0.137090 -0.185042 -0.165653
v -0.169327 -0.124521 -0.183333
v -0.179404 -0.164610 -0.141726
v -0.148708 -0.160085 -0.167756
v -0.179568 -0.183180 -0.148565
v -0.154374 -0.198667 -0.112233
v -0.142130 -0.215921 -0.150948
v -0.155613 -0.221322 -0.154315
v -0.161774 -0.223339 -0.139493
v -0.130877 -0.253271 -0.118331
v -0.171462 -0.219983 -0.101204
v -0.061144 -0.215350 -0.094872
v -0.042732 -0.219897 -0.061222
v -0.094524 -0.191657 -0.120002
v -0.162401 -0.115008 -0.096934
v -0.144158 -0.123335 -0.121572
v -0.102534 -0.160073 -0.062824
v -0.077528 -0.179266 -0.117891
v -0.115062 -0.222056 -0.161849
v -0.090611 -0.248382 -0.141110
v -0.128008 -0.212357 -0.131605
v -0.110079 -0.225677 -0.138412
v -0.131716 -0.210683 -0.157979
v -0.113456 -0.205481 -0.146124
v -0.130416 -0.204759 -0.135583
v -0.143320 -0.194998 -0.146730
v -0.115267 -0.229295 -0.052336
v -0.133585 -0.191666 0.050129
v -0.078548 -0.210135 0.052479
v -0.150121 -0.143608 0.016230
v -0.152176 -0.173787 0.038097
v -0.174895 -0.179651 0.033845
v -0.187189 -0.180604 0.015344
v -0.121839 -0.169217 0.054037
v -0.180721 -0.111843 0.055441
v -0.125928 -0.146346 0.035290
v -0.169701 -0.207136 -0.329673
v -0.164647 -0.197930 -0.250871
v -0.174204 -0.200122 -0.247617
v -0.160538 -0.212586 -0.246156
v -0.169261 -0.156953 -0.184417
v -0.120761 -0.226103 -0.237548
v -0.154847 -0.182555 -0.233865
v -0.159793 -0.171359 -0.213785
v -0.179696 -0.182473 -0.210009
v -0.228553 -0.206745 -0.221507
v -0.160544 -0.132941 -0.206478
v -0.164302 -0.148503 -0.194437
v -0.189811 -0.164464 -0.189810
v -0.178822 -0.127439 -0.182838
v -0.124087 -0.326051 -0.163768
v -0.163015 -0.288437 -0.189614
v -0.112066 -0.314424 -0.134531
v -0.144449 -0.325419 -0.095328
v -0.150857 -0.299896 -0.085426
v -0.205742 -0.283808 -0.104488
v -0.179365 -0.317032 -0.131141
v -0.192813 -0.312483 -0.131598
v -0.213608 -0.295518 -0.172487
v -0.212019 -0.280356 -0.161330
v -0.283551 -0.267820 -0.259699
v -0.312124 -0.299404 -0.232874
v -0.292350 -0.256837 -0.231544
v -0.305493 -0.241507 -0.231799
v -0.321111 -0.264238 -0.240961
v -0.345764 -0.280448 -0.241402
v -0.293245 -0.251618 -0.242887
v -0.327823 -0.232889 -0.273057
v -0.365309 -0.249145 -0.250278
v -0.360295 -0.263070 -0.285350
v -0.327258 -0.317352 -0.269858
v -0.279752 -0.223665 -0.232476
v -0.263653 -0.228117 -0.215618
v -0.197183 -0.170004 -0.223589
v -0.200155 -0.145250 -0.198730
v -0.201056 -0.171605 -0.192725
v -0.352171 -0.302539 -0.240617
v -0.353552 -0.293716 -0.234973
v -0.205389 -0.361023 -0.121150
v -0.206187 -0.351549 -0.142217
v -0.188791 -0.313037 -0.114092
v -0.202353 -0.302672 -0.099204
v -0.194672 -0.260888 -0.066004
v -0.123804 -0.255243 -0.109101
v -0.221631 -0.157368 -0.084653
v -0.225101 -0.178735 0.021550
v -0.204164 -0.210042 -0.012147
v -0.232697 -0.191271 -0.038948
v -0.197164 -0.185492 -0.046411
v -0.212518 -0.171298 -0.090443
v -0.234846 -0.149027 -0.050019
v -0.223942 -0.152867 -0.071631
v -0.242478 -0.121896 -0.028178
v -0.242316 -0.123988 -0.077623
v -0.214754 -0.128972 -0.145273
v -0.250263 -0.172237 -0.149002
v -0.268374 -0.136136 -0.159704
v -0.223416 -0.114484 -0.151488
v -0.230253 -0.125506 -0.125822
v -0.228097 -0.161344 -0.116773
v -0.243671 -0.180152 -0.121529
v -0.291455 -0.166990 -0.087033
v -0.258673 -0.135881 -0.067462
v -0.300213 -0.123867 -0.127840
v -0.293316 -0.100140 -0.086461
v -0.252957 -0.123585 -0.075627
v -0.277849 -0.094403 -0.098353
v -0.127588 -0.101470 -0.204882
v -0.098619 -0.000113 -0.193508
v -0.142593 -0.048489 -0.211070
v -0.160412 -0.074481 -0.181056
v -0.172407 -0.104729 -0.196231
v -0.173738 -0.147170 -0.191293
v -0.212587 -0.080707 -0.162514
v -0.247944 -0.080027 -0.125712
v -0.255205 -0.091903 -0.073385
v -0.227155 -0.023538 -0.136583
v -0.212294 -0.010420 -0.173222
v -0.176071 -0.071712 -0.060655
v -0.174654 -0.076162 0.038608
v -0.191887 -0.033128 -0.077526
v -0.181998 -0.074020 -0.096236
v -0.180636 -0.096614 0.009118
v -0.199287 -0.065040 -0.027668
v -0.129626 -0.052616 -0.212479
v -0.156093 0.037532 -0.204613
v -0.008088 0.158693 -0.208748
v 0.030096 0.181579 -0.202168
v -0.067767 0.169135 -0.194432
v -0.111190 0.143437 -0.201722
v -0.109510 0.090149 -0.212413
v -0.152497 -0.055884 -0.203249
v -0.167438 -0.019731 -0.198260
v -0.179223 -0.023980 -0.219683
v -0.211769 -0.003726 -0.245214
v -0.172039 0.067056 -0.170320
v -0.199440 -0.061611 -0.190065
v -0.202283 -0.008363 -0.197862
v -0.212674 0.000975 -0.191740
v -0.211796 -0.061541 -0.179839
v -0.214151 -0.014800 -0.185083
v -0.237221 -0.061825 -0.201246
v -0.216929 -0.134329 -0.228952
v -0.194607 -0.121853 -0.195149
v -0.205179 -0.123950 -0.192705
v -0.207253 -0.121457 -0.208380
v -0.208092 -0.119806 -0.191707
v -0.211487 -0.135318 -0.190851
v -0.209463 -0.088791 -0.188494
v -0.209199 -0.133571 -0.208559
v -0.222193 -0.136364 -0.211071
v -0.227168 -0.081429 -0.216094
v -0.235426 -0.100149 -0.239771
v -0.205453 -0.121445 -0.226298
v -0.245150 -0.068358 -0.228701
v -0.200019 -0.027286 -0.256229
v -0.191255 -0.019803 -0.221517
v -0.218286 0.017734 -0.250025
v -0.243520 0.013951 -0.281232
v -0.244645 -0.044900 -0.299105
v -0.251557 -0.033260 -0.291346
v -0.242387 -0.030575 -0.240926
v -0.251091 0.014184 -0.245144
v -0.230580 0.005848 -0.242069
v -0.223122 0.025274 -0.214883
v -0.208090 0.037181 -0.197110
v -0.221915 0.004100 -0.188842
v -0.246915 0.011322 -0.191241
v -0.207222 0.065646 -0.190961
v -0.181836 0.041908 -0.150846
v -0.195788 0.036239 -0.166741
v -0.205037 0.074447 -0.178755
v -0.223899 0.004205 -0.144847
v -0.239787 0.000669 -0.143486
v -0.227383 0.041511 -0.158633
v -0.241408 0.039856 -0.117408
v -0.242743 0.096583 -0.107625
v -0.209013 0.069430 -0.163577
v -0.248779 0.000910 -0.111106
v -0.252532 0.046724 -0.127171
v -0.251217 0.038528 -0.105076
v -0.261538 0.074532 -0.064440
v -0.263317 -0.018519 -0.099421
v -0.270028 -0.013991 -0.068467
v -0.269389 -0.036440 -0.073105
v -0.299221 -0.022966 -0.085035
v -0.289157 -0.014232 -0.084427
v -0.184256 0.026306 -0.173913
v -0.194011 0.013403 -0.134115
v -0.178984 0.064108 -0.116553
v -0.188437 0.015388 -0.002736
v -0.182747 0.083425 -0.133864
v -0.165020 0.117782 -0.121052
v -0.201158 0.065101 -0.178070
v -0.203179 0.070954 -0.181309
v -0.200820 0.084594 -0.179222
v -0.195852 0.088490 0.053430
v -0.215522 0.021199 0.053043
v -0.216429 0.076474 0.050296
v -0.195497 0.129956 0.066344
v -0.228674 0.098047 0.062566
v -0.220611 0.088703 0.046811
v -0.238186 0.039706 0.052486
v -0.241937 0.035309 0.042831
v -0.245960 0.083197 0.017228
v -0.241509 0.092034 0.031408
v -0.231757 0.016715 0.059928
v -0.215429 -0.037547 0.057950
v -0.240966 -0.097835 -0.330838
v -0.231321 -0.082631 -0.337711
v -0.234440 -0.079498 -0.193280
v -0.269583 -0.029563 -0.189178
v -0.286875 -0.022909 -0.142107
v -0.309070 -0.017219 -0.151878
v -0.314154 -0.041912 -0.119959
v -0.296790 -0.013416 -0.110399
v -0.274508 0.029758 -0.103419
v -0.250097 0.016189 -0.157318
v -0.246230 0.094869 -0.165395
v -0.240130 0.133407 -0.156871
v -0.347744 0.039533 -0.237763
v -0.335576 0.144738 -0.211177
v -0.277341 0.137545 -0.144622
v -0.231484 0.128374 -0.123487
v -0.383840 0.013738 -0.265065
v -0.362439 0.013844 -0.263045
v -0.243892 -0.011017 -0.125041
v -0.229006 0.035764 -0.132159
v -0.321336 -0.040161 -0.085424
v -0.324280 -0.003457 -0.118477
v -0.330882 -0.021388 -0.110503
v -0.331718 -0.018250 -0.076061
v -0.400761 0.000605 -0.039856
v -0.366519 0.002069 -0.123129
v -0.369322 -0.000379 -0.106562
v -0.393753 0.005104 -0.061780
v -0.356071 -0.004028 -0.123620
v -0.414344 0.013559 -0.130391
v -0.392227 0.013513 -0.229215
v -0.431341 0.003770 -0.138818
v -0.417876 -0.021082 -0.062852
v -0.422368 -0.022598 -0.046117
v -0.447957 0.020409 -0.110397
v -0.439368 0.059936 -0.155387
v -0.377527 0.048419 -0.257221
v -0.252843 -0.096535 0.007314
v -0.231495 -0.091896 0.038668
v -0.299335 -0.011473 -0.081217
v -0.327630 -0.006440 -0.086735
v -0.287613 0.040243 -0.075289
v -0.260899 0.071107 -0.093832
v -0.315896 0.055360 -0.097938
v -0.232559 0.105278 -0.116159
v -0.225405 0.118080 -0.117112
v -0.256662 0.070743 0.013055
v -0.245732 0.120108 0.003941
v -0.245633 0.116763 0.049737
v -0.305336 0.014782 -0.058132
v -0.289107 0.057173 -0.056251
v -0.311749 0.020659 -0.043618
v -0.297163 0.078582 -0.077705
v -0.302322 0.030972 -0.069719
v -0.409300 0.010303 -0.031981
v -0.390908 0.021653 -0.035872
v -0.378888 -0.005304 -0.122372
v -0.329694 0.056298 -0.059853
v -0.343807 -0.007195 -0.063869
v -0.362217 -0.002737 -0.110317
v -0.403203 0.140824 -0.093090
v -0.407728 0.123992 -0.143065
v -0.373261 0.137314 -0.054779
v -0.307508 0.127037 -0.043013
v -0.363682 0.139570 -0.028916
v -0.374321 0.126047 -0.010890
v -0.376362 0.069371 -0.056380
v -0.379292 0.085892 -0.041468
v -0.403794 -0.001106 -0.057592
v -0.113664 -0.421049 -0.015593
v -0.118542 -0.417134 -0.044440
v -0.118651 -0.363484 -0.015758
v -0.145597 -0.418100 -0.029808
v -0.120195 -0.318801 -0.048917
v -0.131913 -0.274071 -0.025521
v -0.134768 -0.238115 -0.046890
v -0.110258 -0.281501 -0.033596
v -0.096478 -0.268759 0.009291
v 0.004607 -0.268144 0.057196
v 0.001755 -0.229415 0.125969
v 0.002159 -0.225903 0.092214
v -0.035393 -0.272823 0.151921
v -0.046867 -0.280466 0.202475
v -0.074887 -0.209796 0.203842
v 0.000776 -0.177996 0.192328
v -0.016442 -0.233231 0.224420
v -0.087321 -0.237975 0.143155
v -0.084160 -0.153645 0.162436
v -0.007504 -0.186055 0.232645
v -0.033662 -0.171562 0.175670
v -0.080356 -0.146124 0.173468
v 0.010623 -0.188230 0.218745
v 0.033446 -0.174583 0.234169
v 0.028833 -0.212334 0.229008
v -0.092707 -0.155687 0.213710
v -0.104864 -0.246109 0.189877
v -0.094871 -0.162412 0.174294
v -0.153106 -0.256286 0.114162
v -0.110765 -0.234612 0.093993
v -0.151626 -0.220397 0.161586
v -0.167611 -0.244434 0.143704
v -0.163401 -0.173495 0.167181
v -0.234048 -0.209318 0.113303
v -0.216272 -0.234035 0.089056
v -0.250658 -0.178604 0.053254
v -0.211547 -0.198251 0.025612
v -0.163244 -0.228235 0.077180
v -0.157692 -0.204463 0.037925
v -0.158598 -0.194691 0.087329
v -0.128994 -0.160919 0.120352
v -0.138545 -0.164634 0.144908
v -0.161510 -0.136469 0.117707
v -0.183807 -0.178481 0.081008
v -0.248341 -0.152644 0.104886
v -0.181029 -0.134439 0.124408
v -0.195654 -0.157642 0.151584
v -0.253811 -0.172855 0.001831
v -0.231509 -0.123665 0.024992
v -0.251661 -0.143253 -0.006502
v -0.253575 -0.148531 -0.038279
v -0.203594 -0.138795 0.070090
v -0.199312 -0.151659 0.038037
v -0.222314 -0.157518 0.023483
v -0.208646 -0.091158 0.044541
v -0.204290 -0.120556 0.093269
v 0.020803 -0.204698 0.130634
v -0.110948 -0.204864 0.123440
v -0.128477 -0.191947 0.130950
v -0.109135 -0.186995 0.161156
v -0.127385 -0.197137 0.131215
v -0.144844 -0.170550 0.153018
v -0.168922 -0.150717 0.146212
v -0.119837 -0.138973 0.197167
v -0.131933 -0.199388 0.148150
v -0.116550 -0.140776 0.145116
v -0.092606 -0.140768 0.151800
v -0.092614 -0.120031 0.185720
v -0.096939 -0.132452 0.208685
v -0.113981 -0.079058 0.145076
v -0.142820 -0.124277 0.182717
v -0.156411 -0.107261 0.179799
v -0.147860 -0.161604 0.142719
v -0.139677 -0.127032 0.166166
v -0.120529 -0.116470 0.169209
v -0.221135 -0.151909 0.166440
v -0.166356 -0.128407 0.209089
v -0.123296 -0.126848 0.140370
v -0.208076 -0.050713 0.043944
v -0.220870 -0.089047 0.056700
v -0.224336 -0.033554 0.058492
v -0.222749 -0.026268 0.059596
v -0.147942 -0.062142 0.156367
v -0.167459 0.032203 0.139271
v -0.189196 -0.013295 0.060337
v -0.159621 0.062718 0.138897
v -0.182640 0.068063 0.027591
v -0.136040 -0.015558 0.145987
v -0.115421 0.088561 0.145791
v -0.074755 -0.042223 0.180803
v -0.108964 -0.024578 0.174319
v -0.151397 -0.123873 0.156581
v -0.199209 -0.063698 0.098948
v -0.244768 -0.061325 0.131210
v -0.226510 -0.032662 0.149871
v -0.203041 -0.025297 0.136164
v -0.169047 -0.027831 0.130721
v -0.162512 -0.109577 0.161967
v -0.155727 -0.083151 0.164760
v -0.180055 -0.123369 0.212719
v -0.145988 -0.034387 0.188350
v -0.165500 -0.014307 0.163039
v -0.163703 -0.025506 0.171455
v -0.145416 -0.020495 0.192119
v -0.151486 -0.026286 0.156395
v -0.156812 -0.036357 0.184405
v -0.180995 0.027612 0.146366
v -0.173926 0.082610 0.142907
v -0.167249 0.059789 0.145655
v -0.186997 0.080786 0.155093
v -0.025528 0.103448 0.177498
v -0.006366 0.151434 0.147975
v -0.077241 0.065508 0.174886
v -0.211374 -0.086794 0.173469
v -0.195378 -0.027804 0.146080
v -0.175153 -0.020996 0.184449
v -0.177342 -0.019056 0.173279
v -0.163266 0.007309 0.195038
v -0.157974 0.038719 0.188756
v -0.172959 0.068560 0.174219
v -0.153199 0.078003 0.177950
v -0.159936 0.081413 0.148306
v -0.152369 0.084166 0.194103
v -0.245625 -0.018899 0.041632
v -0.270751 -0.006499 -0.003922
v -0.259543 0.037546 0.012682
v -0.245343 -0.010209 0.087710
v -0.239618 -0.028718 0.066796
v -0.223864 -0.024825 0.080216
v -0.229301 -0.024048 0.072575
v -0.217927 0.026533 0.074781
v -0.224712 0.004960 0.074405
v -0.254358 0.037596 0.037661
v -0.244710 0.054282 0.033424
v -0.251694 0.043764 0.026700
v -0.254400 0.043472 0.025364
v -0.283963 0.036371 0.040457
v -0.238857 0.025763 0.091353
v -0.272152 0.018825 0.065947
v -0.275798 0.046187 0.042232
v -0.281666 -0.009474 0.023369
v -0.281817 0.037808 0.006178
v -0.282207 0.006473 0.038488
v -0.270413 -0.013147 0.062825
v -0.253270 0.042282 0.027830
v -0.252340 0.046649 0.025185
v -0.257019 0.069572 0.077546
v -0.233937 0.077034 0.092748
v -0.239763 0.043552 0.099577
v -0.235244 0.091132 0.075527
v -0.224996 -0.027086 0.075850
v -0.218098 0.040875 0.070641
v -0.213983 0.075116 0.082124
v -0.227716 0.059163 0.053105
v -0.238092 0.074659 0.065011
v -0.155975 0.080654 0.142062
v -0.157878 0.087401 0.160330
v -0.256788 0.032121 0.170661
v -0.234254 0.007507 0.214052
v -0.210147 0.017099 0.214534
v -0.255341 0.059510 0.109385
v -0.284490 0.078859 0.125780
v -0.285406 0.038132 0.187550
v -0.270938 0.036537 0.217557
v -0.192468 0.051182 0.256580
v -0.203191 0.094104 0.275020
v -0.248516 0.083782 0.217806
v -0.243928 0.084872 0.229774
v -0.157756 0.082269 0.257678
v -0.209415 0.133925 0.120263
v -0.186760 0.117568 0.157594
v -0.195361 0.106617 0.158766
v 0.263562 0.070407 -0.289884
v 0.246835 0.095604 -0.276033
v 0.241137 0.074020 -0.239248
v 0.218524 0.075330 -0.224576
v 0.220525 0.085974 -0.205829
v 0.237408 0.093618 -0.276075
v 0.214772 0.130101 -0.256255
v 0.225786 0.139236 -0.261901
v 0.262649 0.080427 -0.219785
v 0.250487 0.068508 -0.192486
v 0.211883 0.114204 -0.184867
v 0.217716 0.123372 -0.211743
v 0.223956 0.142537 -0.192553
v 0.242893 0.086875 -0.151515
v 0.250642 0.138330 -0.085897
v 0.218882 0.154311 -0.099647
v 0.222898 0.079555 -0.177266
v 0.217366 0.110468 -0.160923
v 0.196493 0.105324 -0.174882
v 0.211130 0.135098 -0.150099
v 0.208571 0.166265 -0.113518
v 0.186493 0.163646 -0.148623
v 0.222566 0.170928 -0.148374
v 0.204516 0.154654 -0.164325
v 0.196441 0.194540 -0.165734
v 0.166106 0.164614 -0.161442
v 0.113566 0.201886 -0.181663
v 0.161244 0.157660 -0.181877
v 0.189188 0.141111 -0.201437
v 0.221536 0.096237 -0.194559
v 0.195481 0.121257 -0.202467
v 0.202015 0.129407 -0.208002
v 0.187405 0.115884 -0.186585
v 0.191868 0.087429 -0.199345
v 0.201955 0.076082 -0.184551
v 0.186844 0.131636 -0.210092
v 0.154879 0.173688 -0.201822
v 0.121941 0.167853 -0.196383
v 0.179880 0.115071 -0.179359
v 0.135847 0.172882 -0.122142
v 0.140798 0.155951 -0.158081
v 0.141282 0.145659 -0.134540
v 0.134190 0.167934 -0.172733
v 0.159271 0.155612 -0.014750
v 0.161349 0.128373 -0.003839
v 0.103094 0.176184 0.003226
v 0.198630 0.111605 0.007587
v 0.082339 0.209827 0.052892
v 0.105476 0.182574 -0.128452
v 0.221958 0.136289 -0.271900
v 0.188559 0.182032 -0.267700
v 0.187109 0.175851 -0.237767
v 0.230652 0.153483 -0.210410
v 0.243508 0.182575 -0.237305
v 0.252565 0.185267 -0.244031
v 0.212962 0.154396 -0.192778
v 0.253488 0.178385 -0.244777
v 0.247546 0.188549 -0.272696
v 0.255479 0.190895 -0.328653
v 0.252660 0.182045 -0.348511
v 0.161498 0.173944 -0.184203
v 0.150785 0.192919 -0.216961
v 0.126892 0.181669 -0.194950
v 0.065844 0.195955 -0.194043
v 0.111183 0.211866 -0.207556
v 0.175738 0.179945 -0.131851
v 0.208034 0.189754 -0.075155
v 0.208651 0.199059 -0.081344
v 0.189392 0.200212 -0.090902
v 0.174035 0.172002 -0.091961
v 0.165699 0.179672 -0.098310
v 0.173839 0.211247 -0.103835
v 0.205858 0.223362 -0.096154
v 0.185303 0.208982 -0.113511
v 0.177077 0.250814 -0.123585
v 0.095626 0.179065 -0.148255
v 0.151379 0.197009 -0.160241
v 0.133269 0.195556 -0.167284
v 0.165883 0.198059 -0.124525
v 0.114730 0.224689 -0.134527
v 0.183212 0.201809 -0.143048
v 0.171768 0.220356 -0.145258
v 0.153155 0.212754 -0.203581
v 0.114702 0.224772 -0.182790
v 0.112458 0.243644 -0.219978
v 0.133863 0.205119 -0.157398
v 0.146642 0.226432 -0.178795
v 0.139846 0.210496 -0.121819
v 0.110807 0.202167 -0.126801
v 0.142122 0.222420 -0.093481
v 0.163409 0.248018 -0.118008
v 0.164105 0.264171 -0.122180
v 0.173261 0.250037 -0.138734
v 0.146620 0.269382 -0.139279
v 0.127213 0.284227 -0.157188
v 0.141630 0.288104 -0.143602
v 0.172185 0.338726 -0.166203
v 0.159342 0.273921 -0.123234
v 0.136552 0.278149 -0.123749
v 0.154075 0.267529 -0.094635
v 0.143155 0.260673 -0.069367
v 0.141722 0.221809 -0.069738
v 0.100996 0.300518 -0.124872
v 0.142510 0.306950 -0.106049
v 0.152788 0.365215 -0.147625
v 0.101086 0.343300 -0.121891
v 0.173196 0.389301 -0.136579
v 0.144486 0.400165 -0.151874
v 0.172225 0.371482 -0.161570
v 0.154041 0.400430 -0.134419
v 0.105019 0.337606 -0.094596
v 0.200931 0.253674 -0.092042
v 0.188543 0.255468 -0.074059
v 0.280587 0.141615 0.010365
v 0.264685 0.145255 -0.005944
v 0.281512 0.156950 -0.003417
v 0.259229 0.168893 0.017072
v 0.287842 0.140684 0.027715
v 0.272873 0.163534 0.035393
v 0.264890 0.145042 0.022847
v 0.210714 0.193366 -0.060892
v 0.200517 0.197582 -0.064046
v 0.206417 0.209397 -0.055440
v 0.239127 0.189849 -0.033018
v 0.210007 0.207837 -0.032841
v 0.220078 0.223554 -0.006673
v 0.205980 0.202029 0.013328
v 0.175866 0.252732 -0.027491
v 0.189886 0.241690 0.019995
v 0.198827 0.198932 0.031229
v 0.224899 0.173218 0.017254
v 0.257525 0.153833 -0.030383
v 0.256283 0.138079 0.007503
v 0.161518 0.178982 -0.057406
v 0.186814 0.194771 -0.078690
v 0.248883 0.125253 0.032607
v 0.203168 0.173074 0.057919
v 0.217688 0.173634 0.022840
v 0.194740 0.193702 0.043301
v 0.213365 0.180957 0.059722
v 0.190819 0.199306 0.034410
v 0.155107 0.174924 -0.072061
v 0.206367 0.211325 -0.076267
v 0.149585 0.202898 -0.061006
v 0.171847 0.225226 -0.046843
v 0.161064 0.168470 -0.086033
v 0.153444 0.246973 0.001729
v 0.152983 0.249967 -0.037655
v 0.144420 0.234635 0.026345
v 0.193179 0.220654 0.045144
v 0.177509 0.213978 0.037535
v 0.182916 0.207554 0.033984
v 0.180224 0.205702 0.035934
v 0.233769 0.244204 -0.103683
v 0.232441 0.259649 -0.064702
v 0.248375 0.230447 -0.068569
v 0.209224 0.241386 -0.051088
v 0.174457 0.278891 -0.071070
v 0.117390 0.264477 -0.053245
v 0.186420 0.290691 -0.051197
v 0.180585 0.284708 -0.013766
v 0.147253 0.303005 -0.060610
v 0.165023 0.278899 -0.036868
v 0.106367 0.268610 0.005034
v 0.114497 0.240058 0.046703
v 0.074492 0.262259 0.034763
v 0.126213 0.310091 0.022229
v 0.129147 0.308815 -0.054157
v 0.123476 0.319793 -0.027880
v 0.178792 0.249648 -0.020407
v 0.158162 0.285891 -0.080565
v 0.126995 0.335810 -0.083630
v 0.092142 0.351418 -0.107579
v 0.091318 0.316518 -0.064623
v 0.061167 0.284033 -0.072443
v 0.059685 0.292696 -0.082422
v 0.097545 0.320436 -0.148419
v 0.057397 0.239536 -0.130802
v 0.036939 0.223683 -0.114965
v 0.014238 0.226541 -0.091557
v 0.042420 0.238913 -0.039314
v 0.080779 0.256673 -0.040731
v 0.082235 0.214178 -0.187040
v 0.064187 0.226670 -0.180304
v 0.068048 0.193747 -0.219316
v 0.042530 0.193934 -0.177639
v 0.063695 0.210635 -0.212024
v 0.067084 0.232382 -0.207995
v -0.011685 0.191688 -0.214154
v -0.003076 0.197340 -0.174567
v -0.016116 0.205949 -0.187669
v -0.004251 0.206268 -0.241669
v -0.007209 0.217401 -0.217963
v 0.014877 0.213137 -0.235606
v 0.020493 0.294220 -0.280698
v 0.036118 0.216275 -0.218440
v -0.064085 0.203842 -0.195150
v -0.051556 0.243016 -0.190843
v -0.063258 0.241699 -0.211679
v -0.119708 0.234657 -0.207945
v -0.120206 0.220123 -0.222465
v -0.118693 0.192445 -0.191090
v -0.128350 0.210457 -0.190389
v -0.052846 0.225038 -0.174446
v 0.053955 0.215237 -0.180059
v -0.096180 0.155207 -0.187768
v -0.094778 0.168234 -0.205602
v -0.078535 0.169275 -0.217851
v -0.095771 0.177404 -0.213768
v -0.095369 0.213351 -0.202680
v -0.018263 0.196963 -0.165551
v 0.043126 0.207556 -0.137323
v 0.043369 0.192729 -0.103375
v -0.046186 0.188301 -0.085428
v -0.119486 0.148373 -0.118348
v -0.120076 0.173079 -0.093283
v -0.118896 0.166985 -0.136763
v -0.065969 0.189661 -0.147641
v -0.013164 0.217524 -0.097566
v -0.010058 0.221703 -0.032178
v -0.105496 0.182512 -0.025066
v -0.115701 0.174266 -0.052064
v 0.086018 0.258863 -0.270562
v 0.083512 0.264844 -0.243582
v 0.044454 0.255309 -0.271847
v 0.052821 0.266286 -0.259945
v 0.050360 0.240002 -0.212314
v 0.025596 0.238154 -0.199336
v 0.040324 0.262271 -0.215684
v 0.062371 0.241198 -0.155643
v 0.071402 0.241287 -0.168428
v 0.073622 0.245394 -0.130340
v 0.091891 0.301179 -0.174833
v 0.066862 0.279811 -0.153540
v 0.014896 0.236039 -0.160745
v 0.020214 0.245584 -0.112492
v 0.020198 0.269777 -0.081537
v 0.014950 0.250684 -0.027033
v 0.008196 0.260661 -0.020905
v 0.008458 0.219868 -0.196726
v 0.003235 0.249237 -0.233741
v -0.009009 0.241119 -0.205668
v 0.009649 0.251114 -0.219535
v -0.032091 0.241490 -0.208422
v -0.040238 0.243315 -0.212533
v -0.038935 0.242244 -0.199066
v -0.017839 0.264017 -0.223743
v -0.022376 0.222613 -0.204617
v -0.024708 0.234669 -0.186601
v -0.013070 0.222138 -0.171919
v -0.017624 0.242112 -0.163796
v -0.147655 0.186087 -0.151895
v -0.159356 0.189050 -0.137294
v -0.167868 0.221651 -0.075166
v -0.119088 0.240192 -0.101523
v -0.040502 0.253888 -0.182683
v -0.137089 0.277187 -0.084405
v -0.146578 0.248374 -0.048118
v -0.139128 0.284088 -0.045855
v -0.132937 0.276648 -0.061630
v -0.150803 0.353420 -0.083240
v -0.148599 0.364405 -0.090158
v 0.063993 0.191731 -0.159957
v 0.169171 0.161286 0.063046
v 0.017982 0.223034 0.027942
v 0.012212 0.217621 -0.099782
v 0.012501 0.197232 -0.027141
v 0.013714 0.241311 -0.023031
v 0.059464 0.282522 -0.039551
v 0.098917 0.274320 -0.035875
v -0.005820 0.195714 0.027412
v -0.027550 0.177142 0.138486
v 0.061197 0.185655 0.081706
v 0.104186 0.153331 0.140253
v 0.021624 0.176117 0.137672
v -0.015882 0.225724 0.047890
v -0.013375 0.249022 0.025940
v -0.037244 0.230847 0.029653
v -0.063065 0.240867 0.031526
v -0.071599 0.257906 0.027016
v -0.069852 0.270449 -0.006998
v -0.032462 0.265466 -0.006719
v -0.020827 0.256678 -0.014473
v -0.035009 0.242269 -0.020766
v 0.005614 0.272373 -0.063061
v 0.017872 0.284295 0.000558
v -0.000958 0.276246 0.035727
v -0.028350 0.267427 -0.057303
v -0.054371 0.261587 -0.042228
v 0.054395 0.262753 -0.219401
v 0.039284 0.367572 -0.320357
v 0.028609 0.267749 -0.245696
v 0.036854 0.384396 -0.295530
v 0.037899 0.410962 -0.306739
v 0.044498 0.385994 -0.344152
v 0.018424 0.402363 -0.320451
v 0.020314 0.374281 -0.312052
v -0.069913 0.455678 -0.200114
v 0.021013 0.478592 -0.106213
v 0.050972 0.279363 -0.092809
v 0.042531 0.353121 -0.061660
v 0.022489 0.295418 -0.005207
v 0.031743 0.415795 -0.073307
v 0.007723 0.413612 -0.026398
v 0.011096 0.401719 -0.028319
v 0.010871 0.399513 -0.024405
v 0.016540 0.397226 -0.028171
v -0.018421 0.391514 0.021325
v 0.010028 0.394843 -0.022082
v 0.012335 0.386101 -0.024029
v -0.109753 0.431046 -0.153399
v -0.168621 0.461403 -0.085584
v -0.151189 0.368256 -0.074725
v -0.140160 0.401443 -0.060630
v -0.143257 0.442790 -0.066738
v -0.111143 0.447871 -0.046520
v -0.114798 0.453215 -0.025030
v -0.104272 0.482152 -0.010605
v 0.017373 0.423889 -0.040790
v 0.051331 0.418133 -0.114551
v 0.054032 0.421765 -0.083987
v 0.023739 0.429637 -0.006816
v -0.000463 0.424669 -0.016581
v -0.031694 0.460211 0.007088
v -0.086443 0.426025 0.001862
v -0.080906 0.470638 0.005600
v -0.056580 0.499072 -0.035576
v -0.033630 0.489707 -0.109540
v 0.032125 0.419684 -0.101852
v 0.044903 0.284044 -0.002318
v 0.022485 0.282596 -0.027907
v 0.074120 0.281024 -0.024182
v 0.021417 0.388619 -0.027873
v 0.031794 0.286927 -0.011180
v 0.021536 0.413734 -0.017159
v 0.013923 0.388417 -0.017264
v 0.246992 0.084921 0.081727
v 0.254268 0.131894 0.086205
v 0.241972 0.136984 0.078135
v 0.264099 0.080816 0.141965
v 0.240606 0.126702 0.096501
v 0.225495 0.154639 0.079024
v 0.208226 0.150363 0.085967
v 0.198606 0.174091 0.079746
v 0.193327 0.165702 0.084858
v 0.185957 0.182478 0.094809
v 0.178869 0.117288 0.147971
v 0.240190 0.095684 0.130891
v 0.235344 0.089855 0.150781
v 0.171218 0.109100 0.152214
v 0.166130 0.090431 0.136329
v 0.169467 0.126258 0.166475
v 0.187559 0.127220 0.157891
v 0.239814 0.105168 0.076370
v 0.155008 0.124468 0.110533
v 0.166553 0.189609 0.085849
v 0.158609 0.152847 0.082156
v 0.214574 0.125820 0.077723
v 0.202003 0.117896 0.058217
v 0.250299 0.066485 0.128990
v 0.255491 0.175213 0.032706
v 0.263451 0.167682 0.055222
v 0.292812 0.228457 0.045830
v 0.225018 0.199242 0.041395
v 0.226844 0.192806 0.068266
v 0.254574 0.173989 0.091298
v 0.242996 0.219847 0.024516
v 0.226334 0.233440 0.026729
v 0.257599 0.242150 0.037172
v 0.221961 0.264446 0.058375
v 0.243107 0.265342 0.046144
v 0.267888 0.139676 0.089542
v 0.287446 0.133038 0.119577
v 0.293011 0.161932 0.083658
v 0.307279 0.141386 0.091253
v 0.213337 0.178780 0.099091
v 0.251968 0.153110 0.099064
v 0.195923 0.187668 0.073084
v 0.154171 0.222450 0.132954
v 0.222672 0.175313 0.130586
v 0.192124 0.219847 0.128766
v 0.287831 0.152122 0.119027
v 0.298233 0.167410 0.104791
v 0.316346 0.225291 0.045305
v 0.277671 0.250513 0.059502
v 0.349988 0.238767 0.128354
v 0.330810 0.238109 0.134863
v 0.221339 0.136500 0.072278
v 0.234250 0.153052 0.087972
v 0.180261 0.163920 0.074247
v 0.169861 0.181489 0.045830
v 0.172701 0.191242 0.063933
v 0.115313 0.220689 0.041941
v 0.165917 0.199038 0.048319
v 0.166472 0.222538 0.043149
v 0.137497 0.234372 0.072088
v 0.139994 0.231293 0.037264
v 0.186764 0.156434 0.108405
v 0.328577 0.157772 0.102762
v 0.291393 0.248754 0.128428
v 0.284600 0.171028 0.121122
v 0.272743 0.185847 0.122390
v 0.274119 0.159723 0.121661
v 0.269935 0.208730 0.121342
v 0.255768 0.297479 0.147725
v 0.267765 0.264103 0.126419
v 0.237217 0.222652 0.139997
v 0.247050 0.256105 0.124492
v 0.256692 0.219797 0.121167
v 0.251709 0.274222 0.124451
v 0.292776 0.370640 0.134102
v 0.157918 0.098085 0.157502
v 0.127787 0.122010 0.153682
v 0.135268 0.127116 0.147000
v 0.075544 0.148057 0.161154
v 0.167624 0.107033 0.195988
v 0.153414 0.162156 0.186602
v 0.170716 0.152673 0.203455
v 0.180836 0.141436 0.202886
v 0.142977 0.136225 0.194713
v 0.142778 0.112124 0.160105
v 0.144513 0.120941 0.167626
v 0.034252 0.162456 0.218653
v 0.166558 0.202607 0.233524
v 0.048085 0.212592 0.258019
v 0.150260 0.156698 0.285516
v 0.124845 0.146375 0.304167
v 0.137771 0.120068 0.237161
v 0.113018 0.091176 0.272857
v 0.104417 0.188722 0.170935
v 0.356449 0.291755 0.050661
v 0.387003 0.334752 0.054856
v 0.401297 0.317044 0.130662
v 0.246085 0.312375 0.066525
v 0.352069 0.344960 0.145642
v 0.335498 0.358525 0.144495
v 0.303106 0.383764 0.116659
v 0.303308 0.381643 0.154531
v 0.290406 0.395113 0.074840
v 0.154193 0.246114 0.063003
v 0.177737 0.232467 0.068516
v 0.213318 0.272927 0.069768
v 0.182923 0.229420 0.130498
v 0.172700 0.245290 0.067146
v 0.224223 0.311733 0.122582
v 0.200599 0.312553 0.135708
v 0.204767 0.312661 0.074768
v 0.195967 0.332966 0.092191
v 0.226745 0.259280 0.134385
v 0.381676 0.324773 0.135039
v 0.368390 0.297315 0.136055
v 0.368577 0.299968 0.159068
v 0.331809 0.315509 0.165898
v 0.327700 0.306952 0.141087
v 0.361565 0.344066 0.166591
v 0.302388 0.402349 0.128776
v 0.167683 0.252711 0.168892
v 0.162743 0.226598 0.182408
v 0.135815 0.265459 0.148941
v 0.128477 0.251321 0.190132
v 0.093007 0.288203 0.155656
v 0.104864 0.272884 0.144095
v 0.104565 0.267060 0.100098
v 0.106189 0.276903 0.143170
v 0.138631 0.141954 0.186926
v 0.119806 0.152996 0.142944
v 0.139223 0.152070 0.197216
v 0.117231 0.137779 0.192606
v -0.072866 0.177797 0.097220
v -0.140044 0.124669 0.082958
v -0.110272 0.141304 0.139680
v -0.127565 0.091517 0.158267
v 0.030695 0.184845 0.138997
v 0.025433 0.172793 0.152693
v 0.035870 0.185971 0.189888
v 0.034428 0.192485 0.183175
v 0.021737 0.187741 0.192679
v -0.040876 0.158701 0.160204
v 0.006962 0.183013 0.176374
v -0.006579 0.209070 0.160331
v -0.010039 0.237506 0.157015
v -0.015815 0.208791 0.128498
v -0.008059 0.175600 0.188132
v 0.005580 0.192718 0.194173
v -0.004505 0.204155 0.222603
v -0.101005 0.135125 0.166565
v -0.062674 0.185539 0.153564
v -0.019626 0.225253 0.125546
v 0.080037 0.120855 0.276290
v 0.038700 0.178503 0.296566
v 0.085146 0.158575 0.277704
v 0.077773 0.118649 0.315383
v 0.087266 0.143836 0.298483
v 0.056168 0.132584 0.272480
v 0.049655 0.147796 0.283230
v 0.038506 0.134715 0.315039
v 0.026691 0.127456 0.256902
v 0.016973 0.167736 0.211813
v 0.020329 0.226568 0.166117
v 0.093533 0.228015 0.193598
v 0.122460 0.224465 0.188671
v 0.032148 0.255744 0.183124
v 0.012597 0.260710 0.215922
v 0.037480 0.276954 0.183969
v 0.091410 0.279580 0.143288
v 0.078287 0.288785 0.139372
v 0.118634 0.231089 0.212762
v 0.024405 0.164411 0.184937
v -0.000250 0.186970 0.210033
v -0.048829 0.170655 0.194790
v -0.098834 0.160148 0.214341
v -0.017762 0.204642 0.212022
v -0.013133 0.206212 0.191570
v -0.021515 0.216727 0.163919
v -0.023804 0.221607 0.178874
v -0.025601 0.237888 0.175373
v -0.095009 0.194825 0.183465
v -0.086447 0.200659 0.167351
v -0.076034 0.205350 0.165449
v -0.045222 0.223372 0.165898
v -0.097671 0.156825 0.199253
v -0.117924 0.163628 0.198455
v -0.104910 0.183061 0.187264
v -0.089731 0.186017 0.160680
v -0.094558 0.178824 0.149283
v -0.093877 0.178550 0.149416
v -0.099028 0.177189 0.148852
v 0.031861 0.261429 0.029767
v -0.056206 0.227318 0.003623
v -0.055890 0.229484 0.001426
v -0.055322 0.230049 0.004396
v -0.080729 0.213914 0.051202
v -0.126356 0.176260 0.059567
v -0.095885 0.208309 0.043960
v -0.036383 0.289185 0.044920
v -0.058499 0.287895 0.053414
v -0.051287 0.320215 0.012796
v -0.041218 0.317812 0.032746
v -0.074280 0.297684 -0.000735
v -0.063286 0.313480 0.049877
v -0.032751 0.366534 0.030017
v -0.045797 0.339023 0.011573
v -0.041376 0.402510 0.051920
v -0.077432 0.407968 0.025480
v -0.089155 0.391394 0.011648
v -0.117597 0.367118 -0.000860
v -0.117268 0.365606 0.015437
v -0.076551 0.365686 0.032217
v -0.110238 0.353063 0.014781
v -0.102999 0.357058 -0.007891
v -0.155489 0.353390 -0.059063
v -0.168947 0.367100 -0.083720
v -0.165937 0.350456 -0.046180
v 0.102080 0.261556 0.103556
v 0.125126 0.264634 0.146204
v -0.031574 0.207184 0.147035
v -0.047313 0.199621 0.133951
v -0.053552 0.196360 0.151916
v -0.047885 0.218434 0.160800
v -0.054354 0.208359 0.166685
v -0.023682 0.226828 0.174146
v -0.074032 0.193712 0.177889
v -0.137507 0.151917 -0.219974
v -0.153796 0.141170 -0.249072
v -0.130087 0.116865 -0.198145
v -0.143148 0.111623 -0.182026
v -0.176453 0.068081 -0.170202
v -0.168322 0.128773 -0.191840
v -0.187426 0.117797 -0.187027
v -0.149077 0.104465 -0.214775
v -0.192049 0.133085 -0.264339
v -0.200488 0.129210 -0.284953
v -0.166393 0.145367 -0.237397
v -0.114952 0.155834 -0.200210
v -0.209824 0.136023 -0.261792
v -0.155145 0.195192 -0.265311
v -0.164688 0.199623 -0.254018
v -0.141502 0.177037 -0.225892
v -0.136540 0.183621 -0.196380
v -0.126392 0.171050 -0.207076
v -0.125384 0.148760 -0.196796
v -0.165535 0.146671 -0.186194
v -0.194962 0.119636 -0.206371
v -0.195111 0.109889 -0.177717
v -0.199125 0.116954 -0.202045
v -0.209095 0.077560 -0.214621
v -0.226837 0.071834 -0.201072
v -0.206504 0.112040 -0.193212
v -0.204297 0.080803 -0.180414
v -0.150408 0.121943 -0.206380
v -0.155549 0.149479 -0.216063
v -0.171939 0.145930 -0.227800
v -0.114787 0.170349 -0.232965
v -0.145343 0.157153 -0.254601
v -0.135352 0.169144 -0.236463
v -0.133527 0.177016 -0.206990
v -0.129480 0.176686 -0.176829
v -0.167926 0.154977 -0.236086
v -0.162310 0.179343 -0.194837
v -0.174504 0.186966 -0.194033
v -0.201984 0.161617 -0.186573
v -0.186930 0.157494 -0.165684
v -0.173786 0.116044 -0.173112
v -0.204365 0.125109 -0.177772
v -0.208769 0.139181 -0.146115
v -0.214572 0.159136 -0.182885
v -0.221548 0.112599 -0.208307
v -0.215379 0.126011 -0.197754
v -0.203028 0.117308 -0.193027
v -0.213543 0.118866 -0.187305
v -0.209127 0.119972 -0.193586
v -0.209585 0.119827 -0.192335
v -0.197315 0.095729 -0.181938
v -0.181896 0.124264 -0.172716
v -0.187216 0.106892 -0.179788
v -0.202932 0.080253 -0.179060
v -0.201818 0.085891 -0.179594
v -0.199792 0.089105 -0.178890
v -0.196041 0.098200 -0.179326
v -0.197318 0.099321 -0.179939
v -0.201558 0.084762 -0.181685
v -0.182516 0.195720 -0.175077
v -0.164416 0.191062 -0.188595
v -0.178896 0.182123 -0.157577
v -0.148024 0.234523 -0.099575
v -0.186793 0.243324 -0.054942
v -0.201781 0.281295 -0.105863
v -0.180510 0.281262 -0.125044
v -0.141980 0.251048 -0.144649
v -0.157824 0.250498 -0.122475
v -0.172868 0.248535 -0.129056
v -0.157264 0.137436 0.012419
v -0.122844 0.149334 -0.019221
v -0.115536 0.170305 -0.003680
v -0.230556 0.132343 -0.117947
v -0.231394 0.118919 -0.109382
v -0.233633 0.147142 -0.072906
v -0.238339 0.189008 -0.024549
v -0.265020 0.124517 -0.066621
v -0.293944 0.171346 -0.039466
v -0.312476 0.266684 -0.202451
v -0.348760 0.209064 -0.076366
v -0.314159 0.177680 -0.037594
v -0.304619 0.205354 -0.042874
v -0.325544 0.223993 -0.021751
v -0.315346 0.243385 -0.034900
v -0.293198 0.217494 -0.030852
v -0.313550 0.252500 -0.051483
v -0.342374 0.261238 -0.051927
v -0.341825 0.262989 -0.158081
v -0.208923 0.184168 -0.061581
v -0.217750 0.206118 -0.035144
v -0.199495 0.213548 -0.022835
v -0.200353 0.198777 -0.044091
v -0.174581 0.218815 -0.043963
v -0.218735 0.241820 -0.032070
v -0.200822 0.230344 -0.024905
v -0.239340 0.261964 -0.035416
v -0.238729 0.253150 -0.032179
v -0.237148 0.250720 -0.032755
v -0.263410 0.255935 -0.039207
v -0.276114 0.249785 -0.024590
v -0.278313 0.230626 -0.026048
v -0.219507 0.178717 -0.002209
v -0.185004 0.206448 0.007021
v -0.185145 0.218145 0.030689
v -0.221270 0.153857 0.063487
v -0.292158 0.075744 -0.035103
v -0.375235 0.079440 -0.033285
v -0.283317 0.087170 -0.043278
v -0.295056 0.084199 -0.050165
v -0.371914 0.085812 -0.027419
v -0.276779 0.135522 -0.128999
v -0.279159 0.175414 -0.145530
v -0.298838 0.179013 -0.144966
v -0.284367 0.135860 -0.135158
v -0.289942 0.099083 -0.096777
v -0.279653 0.110258 -0.100373
v -0.303433 0.113772 -0.087762
v -0.322541 0.105850 -0.074022
v -0.362177 0.113259 -0.051719
v -0.326820 0.108041 -0.036239
v -0.279015 0.100377 -0.078145
v -0.326537 0.090091 -0.068684
v -0.287413 0.088379 -0.073507
v -0.267792 0.082817 0.010495
v -0.275376 0.100989 -0.017983
v -0.257438 0.103296 0.029341
v -0.264060 0.081181 0.045447
v -0.332282 0.195401 -0.008509
v -0.289721 0.203983 -0.002085
v -0.294705 0.176677 0.008913
v -0.361584 0.113448 -0.020776
v -0.332209 0.093122 -0.076421
v -0.158374 0.222946 -0.273001
v -0.162723 0.221386 -0.255426
v -0.153919 0.228939 -0.268175
v -0.157479 0.223306 -0.237328
v -0.161709 0.220138 -0.213340
v -0.168579 0.215392 -0.223497
v -0.165749 0.219298 -0.204467
v -0.161428 0.223274 -0.255217
v -0.161428 0.223106 -0.253508
v -0.161428 0.223319 -0.252257
v -0.246164 0.346419 -0.132415
v -0.296525 0.289790 -0.183677
v -0.294113 0.318129 -0.125972
v -0.316726 0.317397 -0.131498
v -0.303050 0.341890 -0.127273
v -0.257174 0.368133 -0.103523
v -0.238378 0.330118 -0.109179
v -0.246526 0.309375 -0.103152
v -0.262254 0.339268 -0.119346
v -0.095701 0.212567 -0.008467
v -0.113425 0.192518 -0.021709
v -0.113455 0.211517 0.026405
v -0.137805 0.182169 0.027067
v -0.124895 0.205253 0.030476
v -0.081078 0.226582 0.015228
v -0.072167 0.224481 -0.029673
v -0.144078 0.255712 -0.027340
v -0.156882 0.256166 -0.039573
v -0.160300 0.288479 -0.040612
v -0.092045 0.286129 -0.012907
v -0.098043 0.307120 -0.009731
v -0.083310 0.307608 0.003203
v -0.109684 0.241954 0.004318
v -0.125115 0.253697 -0.037692
v -0.131340 0.240069 0.000390
v -0.141011 0.244765 -0.047586
v -0.161192 0.251003 0.001287
v -0.135904 0.232060 0.020290
v -0.096425 0.254887 0.031254
v -0.143576 0.218925 0.042038
v -0.141216 0.215636 0.062855
v -0.089312 0.252654 0.061756
v -0.130916 0.220194 0.078941
v -0.108641 0.250364 0.043193
v -0.189752 0.228605 -0.021438
v -0.262648 0.304266 -0.061433
v -0.244947 0.325166 -0.063332
v -0.283971 0.349718 -0.052125
v -0.158129 0.224755 0.010651
v -0.137798 0.211762 0.029504
v -0.176220 0.232707 -0.015624
v -0.169320 0.229739 0.008972
v -0.164736 0.205807 0.017225
v -0.139573 0.242737 0.028340
v -0.317325 0.302205 -0.064019
v -0.305974 0.308117 -0.076445
v -0.286183 0.296614 -0.028522
v -0.260154 0.270623 -0.023493
v -0.249490 0.280746 -0.028812
v -0.245439 0.278374 -0.046340
v -0.234541 0.258874 -0.028488
v -0.236300 0.254254 -0.031318
v -0.254910 0.255817 -0.029338
v -0.200809 0.215227 -0.010531
v -0.192562 0.241486 0.000505
v -0.172060 0.200716 0.027147
v -0.237859 0.252967 -0.032454
v -0.244091 0.258377 -0.032786
v -0.238195 0.254585 -0.032526
v -0.246053 0.261451 -0.032526
v -0.239415 0.256904 -0.032610
v -0.241811 0.256324 -0.032473
v -0.242177 0.258125 -0.032488
v -0.244466 0.260475 -0.032164
v -0.244130 0.262031 -0.032335
v -0.243551 0.260444 -0.032454
v -0.282107 0.203162 -0.032007
v -0.103444 0.312989 -0.032656
v -0.096685 0.318183 -0.030115
v -0.097638 0.337762 -0.021615
v -0.108474 0.327284 -0.036178
v -0.078104 0.345674 -0.000480
v -0.089243 0.317071 -0.037356
v -0.120823 0.320400 -0.052113
v -0.118039 0.374977 -0.057410
v -0.104697 0.390923 -0.047307
v -0.112699 0.415911 -0.037559
v -0.114200 0.354564 -0.047134
v -0.107279 0.349071 -0.051973
v -0.102041 0.407747 -0.052533
v -0.097718 0.456563 0.000846
v -0.163552 0.338625 -0.075590
v -0.171108 0.365770 -0.114105
v -0.183218 0.393284 -0.096291
v -0.321047 0.339852 -0.089731
v -0.147001 0.159106 0.057953
v -0.152046 0.173486 0.057790
v -0.172297 0.147423 0.058768
v -0.187285 0.191137 0.045347
v -0.145446 0.172847 0.081099
v -0.167465 0.153285 0.135141
v -0.148230 0.128471 0.157743
v -0.168027 0.131034 0.153097
v -0.137791 0.086223 0.161965
v -0.073677 0.180625 0.147726
v -0.113489 0.186389 0.124728
v -0.115672 0.180307 0.133343
v -0.101659 0.166659 0.150441
v -0.121866 0.167935 0.153146
v -0.096460 0.171536 0.152467
v -0.101105 0.167219 0.152314
v -0.100415 0.164494 0.125209
v -0.091108 0.171577 0.151033
v -0.087026 0.173637 0.152223
v -0.091634 0.173423 0.150621
v -0.093175 0.170020 0.153459
v -0.094289 0.172096 0.150179
v -0.088059 0.172451 0.154121
v -0.084218 0.180256 0.143776
v -0.071303 0.185846 0.139791
v -0.080991 0.180061 0.147570
v -0.076842 0.179152 0.152688
v -0.078870 0.177863 0.153017
v -0.065989 0.189066 0.154743
v -0.081738 0.178126 0.153558
v -0.097158 0.167793 0.152696
v -0.098790 0.167488 0.151399
v -0.079274 0.180045 0.152605
v -0.082883 0.179267 0.148424
v -0.086930 0.176471 0.148486
v -0.081281 0.181130 0.144693
v -0.085485 0.179695 0.147341
v -0.084989 0.177818 0.148012
v -0.086689 0.177123 0.149579
v -0.084691 0.177848 0.152803
v -0.089696 0.176093 0.152834
v -0.089162 0.175727 0.153505
v -0.104923 0.175527 0.165647
v -0.126957 0.185988 0.177634
v -0.115030 0.181341 0.175232
v -0.086229 0.199299 0.166049
v -0.104926 0.120621 0.191615
v -0.107592 0.145594 0.225822
v -0.100710 0.170389 0.146366
v -0.094564 0.169776 0.151247
v -0.190824 0.184118 0.041056
v -0.175334 0.179625 0.067570
v -0.176047 0.140431 0.101283
v -0.175907 0.155806 0.155189
v -0.168842 0.198451 0.132742
v -0.216142 0.180149 0.146623
v -0.228581 0.208782 0.154319
v -0.237918 0.190584 0.156477
v -0.198294 0.227464 0.191349
v -0.177511 0.170172 0.158974
v -0.296698 0.074253 0.148303
v -0.253946 0.151599 0.162276
v -0.082585 0.064025 0.174797
v -0.074827 0.061721 0.190477
v -0.070665 0.064580 0.190861
v -0.074848 0.065491 0.186827
v -0.082867 0.065770 0.186071
v -0.088233 0.069539 0.182722
v -0.092299 0.070396 0.183881
v -0.093011 0.073450 0.172661
v -0.072007 0.062599 0.187441
v -0.070489 0.061416 0.190142
v -0.072584 0.061955 0.202644
v -0.082817 0.072483 0.197901
v -0.086973 0.070503 0.182558
v -0.061540 0.201345 0.166072
v -0.132896 0.193604 0.197062
v -0.156918 0.151049 0.192749
v -0.187514 0.165165 0.249806
v -0.156814 0.119878 0.223468
v -0.175634 0.130894 0.176503
v -0.241656 0.179317 0.167804
v -0.252324 0.044265 0.025388
v -0.283957 0.127139 0.117505
v -0.296710 0.134150 0.065433
v -0.215606 0.192265 0.126835
v -0.240996 0.211228 0.067865
v -0.270688 0.168940 0.084898
v -0.305885 0.106800 0.105020
v -0.251919 0.137413 0.129123
v -0.235797 0.181479 0.141223
v -0.268976 0.155877 0.137850
v -0.298923 0.131118 0.137842
v -0.307425 0.119694 0.136291
v -0.265807 0.140967 0.153845
v -0.309962 0.126443 0.156406
v -0.226639 0.202512 0.067680
v -0.233519 0.210045 0.099871
v -0.242040 0.198454 0.131191
v -0.252277 0.180999 0.107105
v -0.271928 0.199809 0.137115
v -0.261671 0.180959 0.131538
v -0.272194 0.179807 0.086178
v -0.301915 0.193266 0.095264
v -0.275728 0.192327 0.083718
v -0.308609 0.174331 0.074630
v -0.322036 0.165480 0.061766
v -0.355826 0.150403 0.045020
v -0.296281 0.119913 0.054367
v -0.261444 0.177466 0.101279
v -0.265139 0.175035 0.109694
v -0.266567 0.170801 0.130831
v -0.303450 0.182376 0.148558
v -0.295894 0.169987 0.110524
v -0.286285 0.147524 0.105055
v -0.366178 0.132745 0.097225
v -0.373020 0.241017 0.041520
v -0.396875 0.167658 0.041664
v -0.412518 0.212135 0.038972
v -0.433135 0.169244 0.125806
v -0.442760 0.220410 0.125563
v -0.401862 0.146038 0.118402
v -0.408817 0.143378 0.102017
v -0.416464 0.105613 0.154937
v -0.348878 0.085692 0.169141
v -0.353564 0.227975 0.052732
v -0.291121 0.155290 0.139164
v -0.318046 0.164998 0.158550
v -0.337441 0.134550 0.123994
v -0.332374 0.140725 0.158331
v -0.323629 0.115192 0.140167
v -0.344150 0.131061 0.159497
v -0.371443 0.118475 0.151973
v -0.393171 0.161078 0.133579
v -0.406463 0.175011 0.097200
v -0.402961 0.170129 0.127025
v -0.420132 0.215877 0.121604
v -0.404516 0.215083 0.127805
v -0.274359 0.186060 0.164873
v -0.283253 0.185884 0.191546
v -0.286510 0.148015 0.177222
v -0.298382 0.194965 0.165580
v -0.335080 0.149159 0.183390
v -0.394122 0.160003 0.162575
v -0.379681 0.189178 0.157161
v -0.385615 0.169578 0.166679
v -0.345228 0.189603 0.179257
v -0.378871 0.178876 0.196299
v -0.331908 0.172059 0.202404
v -0.354961 0.147962 0.199077
v -0.282371 0.201351 0.132427
v -0.401324 0.207060 0.167915
v -0.401772 0.202713 0.148675
v -0.380313 0.248989 0.130856
v -0.387665 0.220536 0.154488
v -0.317538 0.289489 0.162346
v -0.358722 0.276761 0.145713
v -0.374869 0.268938 0.131039
v -0.121973 0.193295 0.053900
v -0.135551 0.197942 0.041153
v -0.129131 0.187850 0.105699
v -0.140497 0.203896 0.092998
v -0.140383 0.210359 0.129345
v -0.146166 0.211357 0.078854
v -0.116952 0.217596 0.026137
v -0.123852 0.227376 0.019767
v -0.138333 0.214199 0.024216
v -0.146128 0.221934 0.066640
v -0.084827 0.241764 0.025183
v -0.050130 0.243442 0.061806
v -0.063525 0.235030 0.119698
v -0.071298 0.262964 0.131009
v -0.075656 0.247185 0.116712
v -0.117710 0.194327 0.124515
v -0.113616 0.231587 0.109057
v -0.077573 0.260537 0.087595
v -0.084450 0.236496 0.099315
v -0.163137 0.220656 0.051143
v -0.135131 0.239479 0.051756
v -0.164533 0.222094 0.078196
v -0.229214 0.224696 0.089036
v -0.237183 0.213010 0.104993
v -0.226882 0.232943 0.111889
v -0.245245 0.258085 0.089551
v -0.251957 0.218550 0.085472
v -0.251389 0.245923 0.085470
v -0.236140 0.212245 0.109034
v -0.236156 0.215172 0.119664
v -0.263068 0.218264 0.131650
v -0.061285 0.191096 0.140731
v -0.058088 0.192817 0.140245
v -0.057680 0.193518 0.142905
v -0.057782 0.194404 0.140016
v -0.083318 0.200950 0.165605
v -0.078817 0.204002 0.166262
v -0.078962 0.201632 0.166551
v -0.085805 0.197379 0.166765
v -0.243535 0.202922 0.159437
v -0.248600 0.199914 0.172599
v -0.246721 0.217553 0.158988
v -0.056028 0.229469 0.000258
v -0.054212 0.229026 0.002873
v -0.076194 0.270928 0.072876
v -0.246709 0.237988 0.135569
v -0.236837 0.238354 0.114549
v -0.249147 0.259362 0.124729
v -0.225819 0.290386 0.071384
v -0.213762 0.296454 0.131439
v -0.249848 0.284702 0.062563
v -0.318360 0.316029 0.049110
v -0.290186 0.282464 0.060429
v -0.293601 0.307954 0.066489
v -0.262002 0.352326 0.062158
v -0.220598 0.322907 0.072567
v -0.230686 0.326181 0.111485
v -0.249511 0.319055 0.143286
v -0.251899 0.288946 0.147046
v -0.262245 0.357302 0.112369
v -0.300708 0.319931 0.109715
v -0.240777 0.212982 0.071325
v -0.267642 0.220063 0.080135
v -0.252730 0.190158 0.091996
v -0.251039 0.194582 0.114437
v -0.254565 0.222615 0.147770
v -0.274632 0.299846 0.126322
v -0.327800 0.335032 0.136235
v -0.356452 0.319830 0.141836
v -0.336945 0.302486 0.135593
v -0.380590 0.288999 0.120025
v -0.371041 0.280688 0.092900
v -0.316237 0.308720 0.110513
v -0.318139 0.317845 0.135131
v -0.357667 0.272530 0.105056
v -0.349176 0.276818 0.130393
v -0.362022 0.270482 0.120903
v -0.317344 0.315972 0.159006
v -0.251011 0.246727 0.152490
v -0.272071 0.261371 0.184568
v -0.331971 0.302324 0.179452
v -0.378232 0.283748 0.145181
v -0.389540 0.223172 0.081165
v -0.409654 0.210269 0.082895
v -0.393411 0.242273 0.113612
v -0.402396 0.219159 0.102689
v -0.375479 0.245543 0.108521
v -0.395132 0.241710 0.116283
v -0.385429 0.245912 0.123985
v -0.360632 0.263952 0.119124
vn 0.5402 -0.5538 0.6336
vn -0.2091 -0.7944 0.5703
vn 0.0353 -0.5913 -0.8056
vn -0.6582 -0.7503 -0.0619
vn 0.3012 -0.8434 0.4450
vn -0.0456 0.4876 0.8719
vn 0.8134 0.0688 0.5776
vn -0.0225 -0.2328 0.9723
vn -0.3134 -0.8246 0.4711
vn -0.9035 -0.1299 -0.4085
vn -0.5491 -0.5747 -0.6067
vn -0.6992 -0.6897 0.1881
vn -0.2562 -0.7008 -0.6658
vn -0.8009 -0.5356 -0.2679
vn 0.9210 -0.2545 -0.2950
vn 0.9049 -0.2618 -0.3357
vn 0.5442 0.3195 -0.7757
vn 0.8741 -0.2571 -0.4122
vn -0.2280 0.3830 -0.8952
vn 0.8731 -0.0496 0.4850
vn 0.0822 -0.8901 0.4483
vn -0.1959 -0.4637 -0.8641
vn -0.2230 0.6512 -0.7254
vn 0.6522 0.5490 0.5227
vn 0.7992 0.1221 0.5885
vn 0.9989 0.0449 0.0134
vn -0.2554 0.0401 0.9660
vn -0.6867 0.0315 0.7263
vn 0.0655 0.1766 0.9821
vn 0.9354 0.0229 0.3529
vn 0.6721 -0.2043 0.7117
vn -0.4705 -0.5028 0.7252
vn -0.2208 0.3831 0.8969
vn -0.6202 0.7838 0.0327
vn -0.0951 0.2530 0.9628
vn 0.7162 -0.4940 0.4930
vn -0.3948 -0.2186 -0.8924
vn -0.6215 -0.5522 -0.5557
vn -0.0202 -0.3127 -0.9496
vn -0.0054 -0.5554 -0.8316
vn -0.6607 -0.1924 0.7256
vn -0.9060 -0.3912 0.1616
vn -0.9475 -0.2307 0.2213
vn -0.4945 -0.2500 0.8325
vn 0.3666 -0.9300 -0.0262
vn 0.4966 -0.8339 0.2409
vn -0.1939 -0.1521 0.9692
vn 0.4232 0.4435 0.7901
vn -0.0061 -0.9402 0.3406
vn -0.8685 0.1481 0.4731
vn 0.5430 -0.6072 -0.5800
vn -0.2360 -0.7589 -0.6070
vn -0.7871 -0.2134 -0.5788
vn 0.0822 0.0007 -0.9966
vn 0.7100 -0.0600 -0.7017
vn 0.2663 -0.5733 -0.7748
vn -0.6346 -0.6487 -0.4201
vn -0.1669 -0.3156 -0.9341
vn -0.3209 -0.2875 -0.9024
vn 0.6399 -0.4027 -0.6545
vn 0.3100 -0.5534 -0.7731
vn 0.2929 -0.8973 -0.3302
vn -0.3122 -0.9414 0.1278
vn 0.5251 0.4765 0.7051
vn 0.9942 -0.0750 -0.0766
vn -0.4343 0.3886 0.8126
vn 0.6630 0.3670 -0.6525
vn 0.7432 0.1570 0.6503
vn 0.8978 -0.3104 -0.3123
vn 0.6975 -0.3142 0.6440
vn 0.6320 -0.4133 0.6556
vn -0.5918 0.1513 -0.7917
vn -0.5984 0.4011 -0.6935
vn 0.2483 0.6417 -0.7257
vn -0.0384 0.5410 -0.8402
vn 0.7388 -0.4087 -0.5359
vn 0.7051 -0.6846 -0.1849
vn -0.4094 0.8029 -0.4332
vn -0.6890 -0.6958 -0.2029
vn -0.3307 0.2859 -0.8994
vn -0.0354 0.6252 -0.7797
vn 0.4311 0.8981 -0.0868
vn -0.1077 0.9312 -0.3484
vn -0.6130 -0.2842 -0.7373
vn 0.4817 0.6072 -0.6319
vn 0.4015 -0.3204 -0.8580
vn -0.7483 0.3584 -0.5582
vn 0.1181 0.9289 -0.3511
vn -0.6769 0.0956 -0.7299
vn -0.4664 0.8846 -0.0017
vn -0.7649 -0.0887 -0.6381
vn 0.0440 -0.6497 0.7589
vn -0.1769 0.9538 -0.2426
vn 0.4762 0.6963 -0.5370
vn -0.4469 -0.7397 0.5031
vn 0.1138 -0.8931 -0.4353
vn 0.0529 0.9957 -0.0764
vn 0.3136 0.3547 0.8808
vn 0.2394 -0.9503 0.1989
vn 0.1419 -0.9786 -0.1490
vn 0.5057 -0.0341 0.8621
vn -0.3723 0.7101 -0.5976
vn 0.5568 -0.6339 -0.5368
vn 0.0072 -0.3377 0.9412
vn 0.3643 0.3800 0.8502
vn 0.9275 -0.3728 -0.0269
vn -0.9642 0.2643 0.0219
vn -0.3973 0.0191 0.9175
vn -0.1397 -0.8741 0.4652
vn -0.8155 -0.4221 0.3960
vn -0.7607 -0.2940 0.5787
vn -0.0100 -0.8047 -0.5935
vn -0.7173 -0.6965 0.0209
vn -0.6493 0.2125 0.7302
vn -0.4123 0.0892 0.9067
vn -0.6388 0.5377 0.5503
vn -0.4719 0.4211 0.7745
vn 0.1397 0.9145 0.3797
vn -0.4354 0.8889 0.1424
vn -0.7602 -0.6423 -0.0976
vn -0.3670 -0.5421 0.7560
vn -0.5112 -0.5463 0.6635
vn 0.7773 -0.3292 -0.5361
vn 0.7342 -0.1773 -0.6554
vn 0.3499 0.5215 0.7782
vn -0.0044 -0.3200 0.9474
vn 0.3658 -0.9200 0.1405
vn 0.2197 -0.8352 0.5041
vn 0.6721 -0.7402 -0.0176
vn 0.0422 -0.8159 -0.5767
vn -0.6886 0.3911 0.6107
vn -0.6403 0.6659 0.3828
vn -0.1400 0.9867 0.0830
vn 0.8740 0.3387 0.3484
vn 0.0629 0.9940 0.0895
vn -0.3108 -0.0448 0.9494
vn -0.1451 0.1942 0.9702
vn 0.4293 -0.8964 -0.1104
vn 0.5015 -0.6076 -0.6159
vn -0.8000 -0.4502 0.3966
vn 0.8295 -0.4016 0.3880
vn 0.8040 -0.5902 0.0720
vn -0.6240 -0.7556 0.1989
vn 0.3886 -0.7675 -0.5098
vn 0.4935 -0.6669 0.5583
vn -0.6375 -0.6314 -0.4415
vn 0.5246 -0.0481 -0.8500
vn 0.8607 0.3983 -0.3171
vn -0.7560 -0.1955 -0.6247
vn -0.1685 0.9848 0.0428
vn -0.1392 0.4611 -0.8763
vn -0.1315 -0.3548 -0.9257
vn 0.1843 -0.3183 -0.9299
vn -0.1385 -0.3725 -0.9176
vn 0.4241 -0.1145 -0.8984
vn 0.2034 -0.8670 0.4548
vn 0.5992 0.0677 -0.7977
vn 0.6576 0.3408 -0.6719
vn -0.0603 -0.4400 0.8960
vn -0.7132 -0.5244 0.4651
vn -0.6832 0.0458 0.7288
vn -0.4489 -0.2722 0.8511
vn -0.0554 -0.3914 0.9186
vn 0.1295 -0.5527 0.8232
vn 0.1864 -0.8015 0.5682
vn -0.6569 0.1515 0.7386
vn -0.5788 0.0172 0.8153
vn -0.4352 0.3442 0.8319
vn 0.1871 -0.3403 0.9215
vn -0.1120 -0.8953 -0.4311
vn 0.1792 -0.8908 -0.4175
vn 0.3207 -0.7167 -0.6192
vn 0.2911 -0.7779 -0.5568
vn 0.7314 -0.6778 -0.0753
vn 0.3104 -0.9030 0.2971
vn 0.4486 -0.8234 -0.3476
vn 0.4154 -0.8833 -0.2174
vn 0.3025 -0.9506 0.0695
vn 0.5606 -0.8268 -0.0457
vn 0.2455 -0.6798 0.6911
vn 0.4283 -0.7282 0.5351
vn 0.5234 -0.4503 0.7234
vn 0.7357 -0.4745 -0.4834
vn -0.0000 -0.0000 -0.0000
vn 0.7289 -0.6268 -0.2754
vn 0.3563 -0.9071 -0.2240
vn 0.9356 -0.2207 -0.2755
vn 0.5994 0.7461 -0.2899
vn 0.8045 -0.5938 0.0115
vn 0.8814 -0.4711 -0.0355
vn 0.2343 -0.9657 0.1121
vn 0.7800 -0.5422 -0.3125
vn 0.2423 0.8844 0.3989
vn 0.9773 0.1858 -0.1014
vn -0.3138 0.7210 -0.6178
vn 0.1684 -0.3138 0.9345
vn 0.5875 -0.0793 -0.8053
vn 0.2532 -0.2885 -0.9234
vn 0.6941 -0.3668 -0.6194
vn -0.2503 0.8814 -0.4005
vn 0.9481 -0.2769 0.1566
vn 0.6930 -0.7208 0.0104
vn 0.9210 0.3132 -0.2318
vn 0.1979 -0.5227 -0.8292
vn 0.1990 -0.4976 0.8443
vn -0.9108 0.3405 -0.2337
vn 0.2960 -0.4122 -0.8617
vn 0.4288 -0.3922 -0.8139
vn -0.1982 0.2132 -0.9567
vn 0.3109 0.0940 -0.9458
vn -0.2399 0.1610 -0.9574
vn -0.3215 0.1361 -0.9371
vn -0.1154 0.3007 -0.9467
vn 0.0633 -0.1294 -0.9896
vn 0.2344 0.3784 -0.8955
vn -0.0529 -0.0014 -0.9986
vn 0.2262 0.3099 -0.9235
vn 0.2381 -0.2990 -0.9240
vn -0.2571 -0.1223 -0.9586
vn 0.3468 -0.0285 -0.9375
vn -0.0147 0.9998 -0.0145
vn 0.5115 -0.8591 0.0175
vn 0.5819 0.2141 -0.7845
vn 0.2729 -0.0855 0.9582
vn 0.5463 -0.6948 0.4678
vn 0.1144 -0.2609 -0.9586
vn -0.0598 -0.8788 -0.4734
vn 0.7015 -0.2707 0.6592
vn -0.4211 0.3820 0.8226
vn 0.8479 -0.4009 0.3469
vn 0.8414 -0.4601 -0.2836
vn 0.8216 -0.1944 -0.5359
vn 0.7644 -0.4082 -0.4990
vn 0.7492 -0.1845 -0.6361
vn 0.7859 0.5924 0.1770
vn -0.7190 0.6928 0.0553
vn -0.3137 -0.4405 0.8412
vn -0.1712 0.0467 0.9841
vn -0.2496 0.9639 0.0924
vn -0.4869 0.8731 0.0253
vn -0.1382 0.1914 0.9717
vn 0.6724 0.3180 -0.6684
vn -0.7487 -0.0909 0.6566
vn 0.7094 0.4176 0.5678
vn -0.8631 0.5007 0.0660
vn -0.6380 0.7634 0.1011
vn 0.8104 -0.5839 0.0478
vn 0.9926 -0.1008 0.0670
vn 0.1526 -0.9479 -0.2795
vn 0.4554 -0.8902 0.0094
vn -0.1826 0.9817 -0.0537
vn -0.2876 0.9365 0.2004
vn -0.4113 -0.3268 0.8509
vn 0.1743 -0.9821 0.0720
vn 0.5893 -0.6070 -0.5332
vn 0.5314 -0.6283 -0.5682
vn -0.3276 -0.7206 0.6111
vn 0.5321 -0.1277 0.8370
vn 0.8980 -0.1434 0.4160
vn 0.1827 0.5758 0.7969
vn 0.9877 0.1260 0.0928
vn 0.7379 0.6558 0.1592
vn 0.7150 0.4941 -0.4946
vn 0.5519 -0.8018 -0.2291
vn 0.5644 0.0530 -0.8238
vn 0.1028 -0.3815 -0.9186
vn 0.0477 0.5888 -0.8069
vn -0.1861 0.8956 -0.4040
vn 0.3149 0.8514 0.4194
vn 0.2644 0.4803 -0.8363
vn 0.4561 -0.1124 -0.8828
vn -0.2652 -0.8840 -0.3851
vn -0.1137 -0.5139 -0.8503
vn 0.5972 -0.6714 -0.4388
vn 0.4575 -0.7167 -0.5263
vn 0.0461 -0.9423 0.3315
vn -0.5063 -0.7635 0.4009
vn -0.2237 -0.5510 0.8040
vn -0.7034 0.3444 0.6218
vn -0.2653 -0.6407 0.7205
vn -0.3349 0.7535 0.5658
vn 0.2909 -0.0327 0.9562
vn 0.4479 -0.8680 0.2143
vn 0.6792 -0.0654 -0.7310
vn -0.1628 -0.8232 -0.5440
vn -0.0046 0.8692 -0.4944
vn 0.5878 -0.4754 0.6546
vn -0.4625 0.1080 -0.8800
vn 0.4467 0.6795 0.5819
vn 0.7250 0.3842 0.5717
vn -0.2473 0.8267 0.5053
vn -0.1499 -0.8047 0.5745
vn 0.2369 0.2778 0.9310
vn -0.4712 0.4257 0.7725
vn 0.6225 -0.3013 0.7223
vn -0.7934 0.3401 0.5049
vn -0.2308 0.2118 0.9497
vn -0.5653 0.4457 0.6941
vn -0.0702 -0.3625 0.9294
vn -0.0859 -0.4192 -0.9038
vn 0.2934 0.1122 0.9494
vn 0.5406 -0.3284 0.7746
vn 0.6104 0.6210 0.4916
vn 0.7925 -0.3511 -0.4986
vn 0.8546 -0.4425 -0.2717
vn 0.9049 -0.0736 0.4193
vn 0.9037 -0.2028 0.3771
vn 0.3880 0.0751 -0.9186
vn -0.8734 -0.0553 0.4838
vn 0.0052 0.8125 0.5830
vn 0.3798 0.3347 0.8624
vn -0.4401 0.8592 -0.2609
vn 0.1844 0.4133 0.8917
vn -0.8925 -0.2263 -0.3902
vn 0.4201 -0.0460 -0.9063
vn 0.2925 -0.0895 0.9521
vn -0.5560 0.4001 0.7286
vn 0.5186 0.8473 0.1148
vn -0.6512 0.2585 0.7135
vn -0.9274 0.3323 0.1715
vn 0.2713 -0.7449 0.6096
vn 0.0918 0.4088 0.9080
vn 0.7049 0.5717 0.4199
vn -0.4220 0.8782 0.2252
vn 0.0539 0.3342 0.9410
vn 0.9412 -0.1723 0.2905
vn -0.0830 0.9759 0.2019
vn -0.3731 0.4195 0.8275
vn -0.3495 -0.0866 0.9329
vn 0.2591 0.9358 0.2389
vn -0.6404 0.7463 0.1814
vn -0.5880 -0.1491 0.7950
vn -0.1681 -0.4458 0.8792
vn 0.4540 0.3935 0.7994
vn -0.1664 0.5232 0.8358
vn 0.8002 0.2892 0.5253
vn -0.7908 -0.3775 0.4818
vn -0.2680 -0.4034 -0.8749
vn 0.9863 -0.1428 0.0824
vn 0.2605 0.2709 -0.9267
vn -0.2728 -0.5274 -0.8046
vn 0.6813 -0.1252 -0.7212
vn -0.9493 0.2056 0.2379
vn 0.0540 0.0983 -0.9937
vn 0.2944 -0.0063 -0.9556
vn 0.2862 0.0554 -0.9566
vn -0.5082 0.4846 0.7120
vn 0.2528 0.3526 -0.9010
vn -0.4535 0.8377 -0.3042
vn -0.7483 0.4873 -0.4501
vn -0.8955 0.4278 0.1231
vn -0.6301 0.7711 0.0918
vn 0.1887 -0.0539 0.9805
vn -0.2073 -0.7263 0.6554
vn -0.8574 0.2144 0.4678
vn -0.6266 0.6811 0.3789
vn -0.6973 -0.6948 -0.1760
vn 0.8723 -0.4655 -0.1497
vn 0.8240 -0.4117 -0.3893
vn 0.8555 0.4513 0.2537
vn 0.9531 -0.2603 0.1545
vn 0.9262 0.3031 0.2244
vn 0.4848 -0.8017 0.3496
vn 0.1380 -0.7851 -0.6038
vn 0.5454 0.3520 -0.7607
vn 0.5864 -0.4744 0.6565
vn 0.7991 -0.2006 0.5667
vn 0.6430 -0.1347 0.7539
vn 0.9275 -0.3682 -0.0646
vn 0.7777 -0.2454 0.5788
vn 0.5917 -0.7009 0.3984
vn 0.2585 0.0184 0.9658
vn -0.0389 0.5893 0.8070
vn 0.3291 -0.0173 -0.9441
vn 0.6502 -0.4168 0.6352
vn -0.9381 -0.1844 0.2934
vn 0.7036 -0.2376 0.6697
vn 0.8541 0.0493 -0.5178
vn 0.9215 0.0720 -0.3817
vn 0.8471 0.4859 -0.2154
vn 0.9697 0.2062 0.1307
vn 0.9724 0.2310 -0.0322
vn 0.9604 -0.2461 0.1306
vn -0.1882 0.5017 -0.8443
vn -0.2614 -0.1458 -0.9542
vn -0.7734 -0.3972 -0.4941
vn -0.9010 -0.1473 0.4080
vn -0.2042 0.5824 0.7868
vn -0.7202 -0.5954 0.3562
vn -0.3818 -0.6789 -0.6271
vn 0.1221 -0.9838 0.1316
vn -0.0942 -0.0102 -0.9955
vn -0.6485 0.2676 -0.7126
vn 0.3729 0.1429 -0.9168
vn 0.4291 0.2622 -0.8644
vn -0.2420 0.1948 -0.9505
vn -0.5295 -0.3357 -0.7790
vn -0.0341 -0.2334 -0.9718
vn -0.5232 -0.2162 -0.8243
vn 0.6610 -0.5552 0.5047
vn 0.8566 0.0985 -0.5066
vn 0.9169 -0.1296 -0.3776
vn -0.0843 -0.3279 -0.9409
vn -0.0630 0.0981 -0.9932
vn 0.1589 0.1497 -0.9759
vn -0.9143 0.2955 0.2770
vn 0.9490 0.3141 0.0270
vn 0.9913 -0.1026 0.0825
vn 0.9050 -0.4180 -0.0793
vn 0.9224 0.3538 -0.1549
vn 0.9006 -0.0846 0.4264
vn 0.8732 -0.4643 0.1482
vn 0.1600 -0.0980 0.9822
vn -0.2311 0.2129 0.9494
vn 0.4110 0.1070 0.9053
vn 0.8963 0.1875 0.4019
vn -0.2954 0.2400 0.9247
vn 0.3942 -0.3304 0.8576
vn 0.8925 0.4497 0.0350
vn -0.5387 -0.8337 0.1213
vn -0.8124 -0.5769 0.0848
vn -0.1979 -0.7036 0.6825
vn -0.1073 0.2939 0.9498
vn -0.4622 0.3381 0.8198
vn -0.5433 -0.3807 0.7482
vn -0.2208 0.4166 0.8819
vn -0.6815 -0.4150 0.6028
vn -0.7445 -0.0550 0.6654
vn -0.3938 0.7017 0.5937
vn -0.6268 0.1835 0.7572
vn 0.3113 0.0520 0.9489
vn 0.9880 -0.0965 0.1208
vn 0.6736 0.3890 -0.6284
vn 0.7991 0.0054 0.6011
vn -0.8882 -0.0182 -0.4592
vn 0.8033 0.3736 -0.4638
vn 0.4748 0.0767 0.8768
vn -0.1056 0.7180 0.6880
vn -0.0182 -0.9422 0.3345
vn 0.1089 -0.7026 0.7032
vn -0.1858 -0.8357 0.5168
vn 0.5725 -0.6905 0.4420
vn 0.2397 -0.8407 0.4856
vn 0.6924 -0.7175 0.0763
vn 0.7198 -0.6429 0.2618
vn 0.8785 -0.4601 -0.1290
vn 0.3500 -0.2979 0.8881
vn -0.1372 0.8049 0.5773
vn 0.0570 -0.0897 0.9943
vn -0.1504 -0.2277 0.9620
vn -0.0652 -0.0552 0.9963
vn 0.2747 -0.4582 0.8453
vn 0.5399 -0.5438 0.6425
vn 0.8629 -0.0684 0.5008
vn 0.4067 0.2787 0.8700
vn -0.9266 -0.1449 0.3470
vn -0.2092 0.8237 0.5271
vn 0.9675 -0.2247 0.1163
vn 0.6233 -0.4437 0.6439
vn -0.7571 -0.5660 0.3261
vn -0.4078 -0.9095 0.0812
vn -0.4988 0.8451 0.1921
vn 0.6739 -0.3285 0.6618
vn 0.3852 -0.9063 -0.1741
vn 0.6208 -0.7540 0.2147
vn 0.9826 -0.0917 -0.1615
vn 0.9411 0.1499 -0.3032
vn 0.2916 -0.9441 0.1537
vn -0.3922 -0.8185 -0.4199
vn 0.1714 -0.7460 -0.6436
vn -0.5777 -0.0103 -0.8162
vn 0.0764 0.0135 -0.9970
vn 0.2831 -0.2555 -0.9244
vn -0.0723 0.7045 -0.7060
vn -0.2212 0.9736 -0.0562
vn 0.1545 0.7949 -0.5867
vn 0.6042 0.5978 -0.5269
vn 0.9457 0.2604 0.1945
vn -0.0796 0.8605 0.5033
vn -0.7165 0.6098 -0.3388
vn -0.4986 0.8662 0.0323
vn -0.3156 -0.2726 0.9089
vn -0.3633 0.9198 0.1484
vn -0.7402 0.6479 -0.1800
vn -0.9363 0.3511 -0.0033
vn 0.0862 0.9963 -0.0072
vn -0.7037 0.5638 0.4323
vn 0.6712 0.5101 0.5378
vn 0.4639 0.7121 -0.5270
vn -0.5544 0.2327 0.7990
vn 0.1515 -0.5270 -0.8362
vn -0.4453 -0.6148 0.6509
vn -0.1159 0.0002 0.9933
vn 0.0557 0.1334 -0.9895
vn 0.7463 -0.5900 -0.3083
vn -0.0194 -0.0905 -0.9957
vn -0.0142 0.6292 0.7771
vn -0.7086 0.5064 -0.4913
vn -0.7937 -0.1024 -0.5996
vn 0.6019 -0.7926 0.0976
vn 0.2766 -0.9488 0.1527
vn 0.5711 -0.7316 0.3724
vn 0.3121 -0.6754 0.6682
vn -0.3740 -0.0229 0.9272
vn 0.7074 -0.0712 0.7032
vn 0.7278 -0.1780 0.6622
vn -0.6959 0.6753 0.2441
vn -0.4677 -0.1521 0.8707
vn -0.5465 -0.4126 0.7288
vn 0.7640 -0.6448 0.0230
vn -0.1156 -0.8210 -0.5590
vn 0.2934 0.2842 -0.9128
vn 0.5000 0.6856 -0.5290
vn -0.2390 -0.1974 -0.9507
vn -0.5037 -0.7955 0.3367
vn -0.5439 -0.5766 0.6097
vn -0.6147 -0.0337 0.7880
vn -0.4307 -0.6043 0.6702
vn 0.1985 0.5481 0.8125
vn -0.4210 -0.1928 0.8863
vn -0.0711 -0.0372 0.9968
vn 0.1106 -0.5900 0.7998
vn 0.9716 0.2256 0.0720
vn -0.5257 -0.6051 -0.5980
vn -0.2764 -0.9598 0.0498
vn -0.2557 -0.9025 0.3465
vn -0.6601 -0.7474 0.0751
vn -0.2755 -0.8243 0.4945
vn 0.3994 0.8446 -0.3566
vn 0.1413 0.9215 -0.3617
vn 0.6595 0.7451 -0.0996
vn 0.0374 -0.1521 0.9877
vn -0.2823 -0.5738 0.7688
vn -0.5195 -0.7972 0.3075
vn -0.4057 -0.8457 0.3466
vn -0.7330 -0.6207 0.2783
vn 0.1032 -0.9682 0.2280
vn -0.3760 -0.6100 0.6976
vn 0.0840 -0.9241 0.3729
vn -0.1946 -0.9031 0.3827
vn 0.1687 -0.8352 0.5235
vn -0.8061 -0.3767 0.4565
vn -0.6663 -0.7114 -0.2233
vn 0.2583 -0.8003 0.5411
vn -0.0373 -0.0111 0.9992
vn -0.5335 -0.3200 -0.7830
vn 0.0765 -0.2556 0.9638
vn -0.3743 -0.3407 0.8625
vn 0.0424 -0.2454 -0.9685
vn 0.7066 -0.6807 -0.1934
vn -0.2977 -0.3862 -0.8731
vn -0.8078 0.0806 -0.5840
vn -0.2200 -0.9438 -0.2467
vn 0.4041 -0.8820 0.2424
vn 0.0203 -0.4870 0.8732
vn 0.0109 0.3887 0.9213
vn 0.2250 -0.4760 0.8502
vn -0.3150 -0.6998 0.6412
vn 0.6932 -0.5303 0.4880
vn 0.8209 -0.3532 -0.4487
vn 0.8236 -0.0452 0.5654
vn 0.9349 0.3439 0.0870
vn 0.3149 -0.8495 0.4233
vn -0.0908 -0.0571 0.9942
vn 0.7279 0.6462 -0.2293
vn 0.5469 -0.2698 -0.7926
vn -0.1764 0.3744 -0.9103
vn 0.9259 -0.3273 0.1888
vn 0.5527 0.8332 -0.0201
vn -0.7676 0.5942 -0.2403
vn -0.2415 -0.3482 -0.9058
vn -0.3691 0.7611 -0.5335
vn 0.5867 0.7201 -0.3706
vn 0.4238 0.6964 0.5792
vn -0.3195 0.8785 -0.3551
vn -0.8334 0.1937 0.5176
vn -0.2703 0.3826 -0.8835
vn -0.4903 0.5873 -0.6439
vn -0.7993 -0.0180 -0.6007
vn -0.3244 -0.7690 -0.5509
vn 0.6218 0.6526 0.4331
vn -0.8203 -0.1685 -0.5466
vn 0.5741 -0.3695 -0.7307
vn -0.7626 -0.5710 -0.3039
vn 0.0203 -0.0664 0.9976
vn -0.0751 -0.7444 0.6635
vn 0.6598 -0.6744 -0.3315
vn -0.5524 -0.8319 -0.0524
vn 0.1706 -0.0290 -0.9849
vn -0.7821 0.4385 0.4426
vn -0.2678 0.0978 -0.9585
vn -0.2228 0.5042 -0.8343
vn -0.1495 -0.8911 -0.4284
vn 0.1355 0.7537 0.6431
vn 0.4236 -0.0125 0.9058
vn -0.1005 0.8200 0.5634
vn -0.7246 0.5675 0.3910
vn -0.9635 0.1234 0.2376
vn 0.1083 0.6167 0.7797
vn -0.7168 -0.3436 0.6067
vn 0.0647 -0.0916 0.9937
vn -0.0946 -0.7688 0.6324
vn -0.6356 -0.7665 -0.0926
vn 0.1258 -0.5122 -0.8496
vn -0.4014 0.0031 0.9159
vn -0.3650 -0.3690 0.8548
vn -0.2112 0.1916 0.9585
vn -0.9701 0.0905 0.2252
vn 0.8469 0.5289 -0.0552
vn -0.0843 0.1398 -0.9866
vn -0.2787 0.8693 0.4082
vn 0.6904 0.0599 0.7210
vn -0.1980 -0.6559 0.7284
vn 0.8183 -0.3505 -0.4556
vn 0.6343 -0.3397 0.6945
vn 0.4862 0.0297 0.8734
vn 0.7268 -0.6778 0.1110
vn 0.1178 -0.3893 0.9135
vn 0.8748 0.0959 0.4748
vn 0.7350 0.3708 0.5677
vn 0.5717 -0.7899 0.2221
vn 0.8815 -0.2653 0.3907
vn -0.0473 -0.5286 0.8476
vn 0.3067 0.2086 0.9287
vn 0.8454 -0.1047 -0.5238
vn -0.3772 -0.3846 -0.8425
vn 0.2539 -0.5882 0.7679
vn 0.4225 -0.8230 0.3797
vn 0.2018 -0.6717 0.7128
vn 0.0762 -0.9903 -0.1161
vn -0.0347 -0.0575 0.9977
vn 0.5703 -0.3856 0.7253
vn 0.0372 -0.8675 0.4960
vn -0.4894 0.3486 0.7993
vn -0.8778 -0.4446 0.1784
vn -0.9080 -0.2061 -0.3647
vn -0.4692 -0.3705 -0.8016
vn -0.0388 -0.9709 -0.2364
vn -0.4486 0.5223 -0.7252
vn -0.0354 0.7363 0.6758
vn -0.8846 0.3243 -0.3350
vn 0.7517 -0.6581 -0.0432
vn -0.0773 0.8620 -0.5010
vn 0.9798 -0.1932 -0.0508
vn -0.5055 -0.4515 0.7352
vn -0.2229 0.6059 0.7637
vn -0.0523 0.1041 0.9932
vn 0.1489 -0.5955 0.7894
vn 0.1439 -0.8113 0.5666
vn 0.2444 -0.1992 0.9490
vn 0.0766 -0.0116 0.9970
vn 0.5541 -0.0637 0.8300
vn -0.5450 -0.0128 0.8383
vn -0.9717 0.1011 0.2136
vn -0.2861 0.8701 -0.4014
vn 0.7765 0.5477 0.3116
vn -0.7528 0.0868 0.6525
vn -0.0459 -0.1911 0.9805
vn -0.0162 -0.4706 0.8822
vn -0.0740 -0.9901 0.1191
vn -0.9463 -0.2371 0.2197
vn -0.1698 -0.2198 0.9606
vn 0.9445 -0.0051 0.3285
vn 0.6079 0.1295 0.7834
vn 0.8784 -0.0660 0.4733
vn 0.5277 -0.2928 0.7974
vn 0.5633 -0.6616 -0.4950
vn 0.1391 0.5760 -0.8056
vn -0.6103 -0.0610 0.7898
vn 0.6646 0.2769 0.6940
vn 0.9068 0.2281 0.3545
vn 0.8614 0.2545 0.4395
vn -0.1226 0.4985 0.8582
vn 0.9163 -0.1900 0.3526
vn 0.9059 0.2862 0.3122
vn 0.8556 0.4047 0.3226
vn -0.3211 0.0953 0.9423
vn 0.8993 0.3884 0.2010
vn -0.1990 -0.9367 -0.2880
vn 0.1322 0.9829 -0.1281
vn -0.2434 0.6284 0.7388
vn -0.1002 -0.8926 0.4396
vn -0.0171 0.9607 -0.2772
vn -0.1077 0.4706 0.8757
vn -0.9139 0.3825 0.1363
vn -0.8135 0.5183 -0.2639
vn -0.3732 0.8563 -0.3570
vn -0.9663 0.0832 -0.2437
vn -0.0566 0.8673 0.4945
vn -0.5602 -0.6244 0.5444
vn 0.9227 0.1858 0.3378
vn 0.1932 -0.5241 -0.8295
vn -0.7733 -0.6289 0.0804
vn -0.7795 0.3347 -0.5296
vn 0.4721 0.7683 0.4323
vn 0.7652 0.6428 0.0347
vn 0.1353 0.0187 0.9906
vn -0.1411 0.1502 0.9785
vn 0.4670 -0.3987 0.7893
vn -0.2839 0.0183 0.9587
vn 0.1396 0.1839 0.9730
vn 0.0235 0.1790 0.9836
vn -0.1727 0.4262 0.8880
vn 0.1933 0.4775 0.8571
vn 0.2385 0.1171 0.9641
vn -0.3859 0.1064 0.9164
vn 0.8265 -0.2849 0.4856
vn -0.2614 -0.2281 0.9379
vn 0.4410 0.8461 0.2993
vn -0.2078 0.9589 -0.1933
vn -0.4499 0.8212 -0.3509
vn -0.6712 0.5067 -0.5412
vn -0.3649 0.9278 0.0774
vn -0.7891 0.3991 -0.4670
vn -0.0694 0.9319 0.3559
vn 0.0865 0.8549 0.5115
vn 0.5429 -0.2269 -0.8086
vn 0.7694 0.6157 0.1703
vn 0.4042 0.7837 0.4717
vn -0.5324 -0.3520 0.7698
vn -0.3505 0.5028 0.7901
vn -0.8194 0.4917 -0.2948
vn 0.8997 -0.2165 0.3790
vn 0.0734 -0.3312 0.9407
vn 0.5648 0.0883 0.8205
vn 0.6839 -0.3680 0.6300
vn -0.8215 0.5302 0.2098
vn -0.9617 0.1522 -0.2280
vn -0.6114 0.1273 0.7810
vn -0.7202 0.6674 -0.1892
vn -0.9947 0.1029 -0.0030
vn -0.7244 -0.6799 -0.1136
vn -0.9142 -0.1164 0.3882
vn -0.8236 -0.5555 -0.1144
vn 0.5037 -0.8430 -0.1888
vn 0.8357 -0.2752 -0.4752
vn 0.6944 0.2594 0.6713
vn 0.0790 -0.5749 -0.8144
vn -0.5068 -0.8315 0.2277
vn 0.3100 -0.1094 0.9444
vn -0.7943 -0.6040 -0.0651
vn 0.1869 -0.5428 -0.8188
vn -0.5692 -0.8222 0.0089
vn 0.4190 -0.1526 -0.8951
vn 0.2625 0.3857 -0.8845
vn -0.5322 -0.7036 -0.4708
vn -0.1632 0.1380 -0.9769
vn 0.1023 0.9936 0.0488
vn -0.4639 0.1258 -0.8769
vn -0.3651 -0.5713 -0.7351
vn -0.2495 -0.3733 -0.8935
vn -0.2054 -0.7347 -0.6466
vn -0.4863 -0.7591 -0.4328
vn 0.4592 -0.0194 -0.8881
vn -0.6257 -0.7775 0.0640
vn 0.6117 0.7670 -0.1939
vn -0.4709 -0.8374 0.2775
vn -0.7636 -0.6336 0.1245
vn -0.4877 0.2679 0.8309
vn 0.9427 0.0752 0.3252
vn 0.1756 -0.8043 0.5677
vn -0.3881 -0.4462 0.8064
vn 0.0579 0.6870 -0.7243
vn 0.4337 0.7504 -0.4987
vn -0.0826 -0.2413 -0.9669
vn -0.3354 -0.8894 -0.3106
vn -0.2340 -0.7669 -0.5976
vn 0.0874 -0.9508 -0.2973
vn 0.6742 -0.7223 -0.1540
vn -0.1248 -0.4544 -0.8820
vn 0.6640 0.2745 -0.6955
vn -0.8816 -0.3363 0.3311
vn -0.8645 -0.2703 -0.4237
vn -0.7486 0.6603 0.0603
vn -0.2530 0.5522 -0.7944
vn 0.2803 0.8502 -0.4456
vn -0.3445 0.8823 0.3208
vn 0.3174 0.4980 0.8070
vn -0.2664 0.2296 0.9361
vn 0.8188 -0.1798 0.5452
vn 0.0831 -0.0305 -0.9961
vn -0.8795 -0.4727 0.0548
vn 0.1173 -0.4022 -0.9080
vn -0.2547 -0.7608 -0.5969
vn -0.6820 0.2852 -0.6735
vn -0.7773 -0.5101 0.3682
vn 0.0817 0.5879 0.8048
vn 0.6176 -0.6242 -0.4784
vn 0.3659 0.9249 0.1034
vn -0.5796 -0.4256 -0.6949
vn -0.8011 -0.4952 0.3361
vn 0.5528 -0.8200 -0.1480
vn -0.4426 -0.8813 -0.1655
vn 0.4465 -0.8859 0.1260
vn -0.1312 -0.8922 0.4321
vn -0.6765 -0.2091 0.7061
vn 0.2105 -0.9707 -0.1155
vn 0.3905 -0.3340 -0.8579
vn -0.0366 0.4072 -0.9126
vn -0.5240 0.1142 -0.8440
vn -0.3662 0.0788 -0.9272
vn -0.8637 -0.4726 -0.1753
vn 0.3449 -0.8073 0.4789
vn -0.0984 -0.9480 0.3027
vn -0.2726 -0.7848 0.5566
vn 0.0704 -0.9317 0.3564
vn 0.4238 -0.3067 0.8523
vn -0.6488 -0.2843 0.7059
vn 0.4750 0.8706 -0.1283
vn 0.0959 -0.9155 0.3908
vn 0.0499 -0.3036 -0.9515
vn -0.0816 -0.0743 -0.9939
vn -0.4787 -0.3457 -0.8071
vn -0.8953 -0.4447 -0.0251
vn -0.7436 -0.5132 -0.4286
vn -0.9140 -0.2168 -0.3429
vn -0.9155 -0.4004 -0.0390
vn -0.7671 -0.6393 -0.0533
vn -0.3398 -0.5291 -0.7775
vn -0.8584 0.0730 -0.5078
vn 0.3860 -0.6775 -0.6262
vn 0.5626 -0.7368 -0.3750
vn -0.6902 0.4060 0.5990
vn 0.2064 0.9457 0.2511
vn 0.4974 0.5850 0.6406
vn -0.0143 -0.0912 0.9957
vn 0.7752 0.5624 0.2876
vn -0.3107 -0.5387 0.7831
vn -0.5290 -0.8486 -0.0014
vn 0.3083 -0.1443 -0.9403
vn -0.2488 0.5882 -0.7695
vn 0.3267 0.8540 -0.4049
vn -0.7117 -0.6785 -0.1820
vn -0.4920 -0.8211 -0.2895
vn -0.3011 -0.3018 0.9046
vn 0.2121 0.6275 0.7491
vn 0.7214 0.6909 0.0466
vn -0.6183 -0.0721 0.7826
vn -0.4925 -0.4969 0.7145
vn -0.3199 -0.8211 0.4728
vn 0.3396 0.0688 0.9381
vn 0.1555 0.2487 0.9560
vn -0.5862 -0.5800 0.5657
vn -0.1939 -0.0244 -0.9807
vn -0.8685 -0.4348 -0.2381
vn 0.4532 0.6455 -0.6147
vn 0.2781 0.8975 -0.3422
vn 0.1735 -0.0501 0.9836
vn 0.2799 0.7003 -0.6567
vn -0.2951 -0.7804 0.5513
vn -0.9281 -0.3251 -0.1813
vn -0.4934 -0.2401 0.8360
vn 0.5810 -0.7189 -0.3817
vn -0.0725 -0.2662 0.9612
vn -0.5867 -0.3232 -0.7425
vn -0.5053 -0.8467 -0.1669
vn -0.0799 0.3491 -0.9337
vn 0.3154 0.2320 -0.9202
vn -0.7667 -0.1388 0.6268
vn 0.7388 0.1987 -0.6440
vn 0.0823 0.7435 0.6637
vn 0.2523 -0.6636 0.7043
vn 0.5638 -0.5776 -0.5903
vn 0.9962 0.0033 0.0866
vn 0.1422 0.4204 -0.8961
vn 0.2141 0.4069 0.8880
vn 0.0192 -0.9928 -0.1179
vn -0.8346 -0.5361 -0.1267
vn -0.8275 -0.1860 -0.5297
vn -0.6621 0.6667 -0.3423
vn -0.5491 0.7354 0.3972
vn -0.5553 -0.4880 0.6734
vn 0.3903 -0.4881 0.7807
vn -0.0342 -0.9079 -0.4178
vn 0.8796 -0.0038 -0.4757
vn 0.5308 -0.3101 0.7887
vn -0.2129 0.7650 0.6078
vn -0.2900 0.0174 0.9569
vn -0.0509 0.2953 0.9541
vn 0.3779 0.4855 -0.7883
vn -0.0471 0.8443 -0.5338
vn -0.8194 0.3300 0.4687
vn -0.6209 0.0196 -0.7837
vn -0.4610 0.8221 -0.3342
vn -0.3365 -0.5810 0.7411
vn -0.6995 -0.4957 0.5147
vn -0.1585 -0.3429 0.9259
vn -0.4807 -0.4682 -0.7414
vn -0.2712 -0.8316 0.4847
vn -0.6266 -0.7271 0.2803
vn -0.3176 0.2006 0.9268
vn -0.1680 0.0629 0.9838
vn 0.1997 -0.9725 0.1197
vn -0.7100 -0.6897 0.1422
vn -0.5149 -0.6295 -0.5819
vn -0.0257 -0.6736 0.7386
vn -0.2862 -0.7204 -0.6317
vn -0.8148 -0.4144 -0.4054
vn -0.8133 -0.5807 0.0378
vn 0.1292 0.1583 -0.9789
vn -0.0380 -0.1890 0.9813
vn 0.0590 -0.9941 0.0912
vn 0.2023 -0.6862 -0.6987
vn -0.8569 0.2323 -0.4602
vn -0.3271 0.1354 -0.9352
vn -0.4164 0.0212 -0.9089
vn 0.7712 -0.6314 0.0809
vn 0.3545 -0.9348 0.0212
vn -0.6993 -0.6259 0.3454
vn 0.1260 0.9480 0.2922
vn -0.4673 0.6881 0.5551
vn -0.4305 0.5648 0.7040
vn -0.4986 -0.3108 -0.8092
vn 0.0152 -0.0234 -0.9996
vn -0.2242 -0.0933 -0.9701
vn -0.2048 -0.0099 -0.9788
vn 0.4603 0.3703 -0.8069
vn -0.7331 -0.0828 -0.6751
vn -0.7340 -0.1175 -0.6689
vn -0.8806 -0.1101 -0.4609
vn -0.9593 -0.2718 -0.0769
vn -0.7686 0.2347 -0.5952
vn -0.9553 -0.2942 0.0298
vn -0.8213 -0.0404 -0.5690
vn -0.9812 0.1519 0.1192
vn -0.8485 -0.1896 -0.4940
vn -0.8773 -0.4726 0.0842
vn 0.2872 -0.3943 0.8729
vn -0.9048 -0.4166 0.0884
vn -0.9873 -0.0617 0.1463
vn -0.3797 0.5758 0.7241
vn 0.8467 0.5238 0.0933
vn 0.9231 0.3688 0.1087
vn 0.8368 0.1601 0.5236
vn 0.6399 0.2076 0.7399
vn -0.5880 0.1530 -0.7942
vn -0.0154 0.0481 -0.9987
vn 0.0073 0.6515 -0.7586
vn 0.3377 0.0390 -0.9404
vn 0.2385 -0.1548 -0.9587
vn -0.7746 -0.4872 -0.4033
vn -0.6935 -0.3297 0.6406
vn 0.4013 0.2454 -0.8824
vn -0.9699 0.0652 -0.2346
vn -0.1729 0.9689 0.1771
vn -0.5245 0.0467 -0.8501
vn -0.5095 -0.2774 -0.8145
vn -0.2128 -0.2640 -0.9408
vn -0.0432 -0.1062 -0.9934
vn -0.1614 0.3880 -0.9074
vn 0.7459 0.0390 -0.6650
vn 0.7057 0.1007 0.7013
vn -0.5877 -0.2446 0.7712
vn -0.1540 -0.0083 -0.9880
vn -0.4937 -0.4328 -0.7543
vn 0.5351 0.4404 -0.7209
vn 0.4246 0.8923 -0.1531
vn -0.7622 -0.5114 -0.3969
vn -0.3958 -0.8744 0.2807
vn 0.9790 -0.1656 -0.1193
vn 0.3073 -0.1863 0.9332
vn 0.4096 0.6352 -0.6548
vn -0.5671 -0.4825 -0.6676
vn -0.6848 -0.6843 0.2506
vn -0.9097 0.0922 0.4049
vn 0.6054 0.7470 -0.2748
vn 0.5705 -0.4106 -0.7113
vn -0.9860 -0.0658 -0.1532
vn 0.3522 0.8522 0.3869
vn -0.2491 0.8667 -0.4323
vn -0.1607 -0.7670 -0.6212
vn -0.3066 -0.9376 -0.1639
vn 0.2588 -0.2729 -0.9266
vn 0.5491 0.3071 -0.7773
vn -0.5904 0.3895 -0.7069
vn -0.6856 0.5194 0.5101
vn -0.0409 -0.8039 -0.5934
vn -0.2395 0.6490 0.7221
vn 0.0912 -0.1127 -0.9894
vn -0.3134 0.1817 -0.9321
vn 0.7842 0.3706 -0.4977
vn -0.8463 0.1265 -0.5174
vn -0.4513 0.2455 0.8580
vn -0.0325 -0.9958 -0.0851
vn -0.7524 0.0262 -0.6582
vn -0.6344 -0.1593 -0.7564
vn -0.7020 0.5110 -0.4960
vn -0.8473 0.2851 -0.4482
vn -0.2483 0.8799 0.4051
vn -0.4625 -0.0803 -0.8830
vn -0.1410 -0.2387 -0.9608
vn -0.8336 0.1050 -0.5422
vn 0.9560 -0.2844 -0.0715
vn -0.7141 -0.6969 0.0657
vn 0.7034 -0.6011 0.3793
vn 0.7767 -0.1565 0.6102
vn -0.9740 0.2162 -0.0684
vn -0.9825 0.1519 0.1082
vn -0.9783 -0.1998 -0.0541
vn -0.3379 -0.9025 0.2672
vn 0.7650 0.0956 -0.6369
vn 0.0869 0.8785 0.4698
vn -0.9560 0.2216 0.1922
vn -0.9946 0.1038 -0.0058
vn -0.9391 0.2740 0.2072
vn 0.2030 -0.3353 0.9200
vn 0.5637 -0.3270 0.7585
vn -0.8662 0.3519 -0.3547
vn 0.5869 0.7470 0.3123
vn 0.7751 -0.1388 -0.6164
vn 0.5223 -0.2339 0.8201
vn -0.3634 0.2436 0.8992
vn 0.6897 -0.1986 0.6964
vn -0.1788 -0.4567 0.8715
vn 0.2740 -0.4313 0.8596
vn 0.0772 -0.0734 0.9943
vn 0.7776 0.5518 0.3014
vn 0.3940 -0.9188 0.0258
vn -0.5245 0.3610 0.7711
vn -0.7340 0.0929 -0.6728
vn -0.6583 0.1150 0.7439
vn -0.5741 -0.6991 -0.4262
vn 0.9921 -0.0336 0.1208
vn 0.2207 -0.4971 0.8391
vn 0.0718 0.3716 -0.9256
vn -0.3710 -0.6643 -0.6489
vn 0.5430 -0.7267 -0.4209
vn 0.5341 -0.8375 0.1149
vn -0.4160 -0.8937 -0.1681
vn -0.6398 -0.7571 -0.1322
vn -0.0690 -0.9639 -0.2571
vn 0.7749 -0.5292 0.3456
vn 0.9267 -0.3736 0.0405
vn 0.6741 0.7212 -0.1596
vn 0.7915 0.0008 -0.6111
vn -0.0212 0.7666 -0.6418
vn 0.6500 0.6634 -0.3708
vn 0.7293 0.1186 -0.6739
vn -0.4263 0.8843 0.1907
vn 0.1551 0.9854 -0.0709
vn -0.5393 -0.3521 -0.7650
vn 0.3409 -0.2300 -0.9116
vn -0.5014 -0.6497 0.5714
vn 0.3356 -0.7507 0.5691
vn -0.7766 -0.5941 0.2097
vn -0.6328 0.5421 -0.5528
vn 0.3937 0.6701 0.6293
vn 0.5026 -0.4492 0.7387
vn 0.7400 -0.4518 0.4983
vn 0.8289 0.4678 0.3067
vn -0.0247 -0.9944 0.1026
vn 0.4008 -0.5962 0.6956
vn -0.1688 -0.9580 -0.2319
vn 0.0357 -0.9808 -0.1918
vn -0.9526 0.1634 -0.2565
vn -0.4511 -0.8488 -0.2756
vn -0.4032 -0.8974 -0.1792
vn -0.5195 -0.5597 0.6457
vn -0.9928 -0.1183 0.0174
vn -0.7251 0.6261 -0.2867
vn -0.5931 0.7869 0.1706
vn -0.3319 0.3609 -0.8715
vn -0.9956 -0.0707 0.0617
vn -0.7135 -0.3152 0.6258
vn -0.8960 -0.3088 0.3192
vn -0.6282 -0.3497 0.6951
vn -0.1879 -0.0627 0.9802
vn -0.8593 -0.4219 0.2891
vn -0.2291 0.0415 0.9725
vn -0.8811 -0.0627 0.4687
vn -0.2748 0.3011 0.9131
vn 0.9626 -0.2454 0.1145
vn -0.9417 0.3271 0.0787
vn -0.5872 0.3317 0.7384
vn -0.8274 0.5264 0.1958
vn -0.9361 0.0846 0.3414
vn 0.4009 -0.8912 -0.2121
vn 0.3592 0.4861 0.7967
vn 0.3261 0.0726 0.9425
vn -0.5080 -0.1850 0.8412
vn 0.8227 -0.0892 0.5614
vn -0.4342 -0.0631 0.8986
vn -0.3620 -0.7372 -0.5705
vn 0.3171 -0.7055 0.6338
vn 0.5780 0.4853 0.6561
vn -0.7884 -0.5947 -0.1574
vn -0.1679 0.4427 0.8808
vn 0.0070 0.9997 -0.0235
vn 0.4979 0.4624 0.7336
vn -0.0905 0.8537 0.5129
vn 0.4705 -0.5407 0.6973
vn 0.7315 -0.3481 0.5862
vn 0.6373 -0.0793 0.7665
vn 0.6894 -0.6424 -0.3349
vn 0.9313 -0.3099 -0.1915
vn 0.9632 0.2396 0.1221
vn 0.4183 -0.5364 0.7330
vn 0.2812 -0.6009 -0.7482
vn 0.2322 0.0219 0.9724
vn -0.7674 -0.6368 -0.0748
vn 0.3259 0.0852 -0.9416
vn -0.4393 0.0518 0.8969
vn 0.0042 -0.3545 0.9350
vn -0.2791 -0.2153 0.9358
vn -0.8395 -0.4549 0.2972
vn 0.1181 -0.8890 0.4424
vn 0.2466 -0.7079 -0.6618
vn 0.8419 0.4960 -0.2124
vn 0.3269 0.0423 -0.9441
vn 0.4241 0.5002 -0.7549
vn 0.6002 0.3591 0.7147
vn -0.0976 0.9847 -0.1442
vn -0.9324 0.0680 0.3549
vn -0.7003 -0.7050 0.1119
vn -0.5018 0.7233 0.4743
vn -0.5749 0.5031 0.6453
vn -0.5692 -0.7326 0.3732
vn -0.4072 -0.2110 -0.8886
vn 0.2302 -0.3376 0.9127
vn 0.0745 -0.9938 0.0828
vn 0.8518 -0.3022 -0.4279
vn -0.0953 -0.7781 0.6209
vn -0.7837 -0.4660 0.4107
vn 0.1411 0.2440 0.9595
vn -0.6110 -0.4099 0.6773
vn -0.5087 -0.8439 -0.1707
vn -0.9513 0.0227 -0.3073
vn 0.1068 -0.3204 -0.9412
vn 0.5958 0.1094 -0.7957
vn 0.8441 0.5241 -0.1130
vn 0.5842 0.4915 -0.6459
vn -0.1887 0.1715 0.9669
vn 0.9396 -0.3333 0.0780
vn 0.8379 0.5425 0.0604
vn 0.5654 0.7925 0.2285
vn 0.8903 0.3518 0.2892
vn 0.2062 0.8011 -0.5619
vn 0.5995 0.7749 -0.2002
vn 0.7076 0.4465 -0.5477
vn -0.8385 0.4750 0.2669
vn -0.0272 0.9431 -0.3314
vn -0.0329 0.9911 -0.1291
vn -0.8416 -0.0109 -0.5399
vn -0.8573 -0.3030 0.4162
vn -0.8232 0.2758 0.4963
vn -0.9071 0.3235 0.2695
vn -0.0845 -0.1379 0.9868
vn 0.5206 -0.0666 0.8512
vn 0.4498 -0.7095 0.5425
vn 0.2623 -0.6080 -0.7493
vn 0.5989 0.2212 0.7696
vn 0.1847 0.9549 0.2324
vn 0.7486 -0.0786 0.6584
vn -0.6242 -0.0671 0.7784
vn -0.8265 0.2490 0.5048
vn 0.4253 0.2348 0.8741
vn 0.3402 0.9397 -0.0353
vn 0.0399 0.0708 0.9967
vn -0.0120 0.2455 -0.9693
vn 0.5010 -0.2699 0.8223
vn 0.8635 0.4764 -0.1656
vn 0.8509 0.3484 0.3932
vn -0.7176 -0.6419 0.2701
vn 0.4974 -0.3527 0.7926
vn -0.1624 -0.4524 0.8769
vn -0.5166 -0.5118 0.6865
vn -0.6836 -0.6107 0.3997
vn -0.9021 0.4247 -0.0761
vn 0.7079 -0.2342 0.6663
vn -0.5037 0.4063 0.7624
vn -0.9338 0.3574 0.0190
vn -0.7647 0.6287 0.1413
vn -0.6636 -0.7187 -0.2077
vn 0.1201 -0.0123 0.9927
vn 0.5784 0.5582 0.5949
vn 0.1717 -0.0211 0.9849
vn 0.1152 0.2302 0.9663
vn 0.7477 0.6571 0.0953
vn -0.7259 -0.2977 0.6200
vn -0.2318 -0.2521 0.9395
vn -0.7328 -0.2827 0.6190
vn 0.6382 0.6106 -0.4690
vn -0.0370 0.1249 -0.9915
vn -0.9612 0.1846 -0.2048
vn -0.4933 0.7242 0.4819
vn -0.0156 0.9885 -0.1507
vn -0.4470 0.7830 0.4325
vn 0.9855 0.1619 0.0511
vn 0.9326 -0.1862 -0.3092
vn -0.2978 -0.1647 0.9403
vn 0.7553 0.2481 0.6067
vn -0.0969 0.8534 -0.5121
vn 0.5763 -0.8138 0.0755
vn -0.6535 -0.5286 0.5417
vn -0.8602 0.5089 0.0340
vn -0.5338 0.0655 0.8431
vn -0.8961 0.2171 0.3873
vn 0.9110 0.0053 0.4123
vn -0.3431 0.6008 -0.7221
vn -0.8962 0.4373 0.0753
vn -0.0302 -0.3329 0.9425
vn -0.0102 0.8231 0.5678
vn -0.6795 0.2858 0.6757
vn -0.6865 -0.1899 0.7019
vn -0.0767 0.8786 0.4714
vn 0.6836 -0.6643 -0.3024
vn 0.0629 -0.9933 0.0968
vn -0.6781 -0.7314 0.0723
vn 0.6800 0.7321 0.0406
vn 0.3797 0.4188 0.8249
vn -0.7480 -0.6571 -0.0940
vn -0.7999 0.5001 0.3317
vn 0.2811 -0.5503 0.7862
vn -0.4642 -0.8598 -0.2128
vn 0.5805 0.5849 -0.5665
vn 0.1023 0.0969 -0.9900
vn 0.5437 -0.4123 0.7311
vn 0.1172 0.5633 0.8179
vn 0.7468 0.6577 0.0982
vn -0.6836 -0.6746 0.2785
vn 0.0921 -0.9406 0.3267
vn -0.0105 0.3429 0.9393
vn -0.7899 0.2556 0.5574
vn 0.4276 -0.2504 -0.8686
vn -0.7497 0.6378 0.1764
vn -0.1101 0.6074 0.7867
vn -0.5444 -0.7064 0.4523
vn -0.7722 0.1938 0.6051
vn -0.5618 0.0984 -0.8214
vn -0.7814 -0.5082 0.3621
vn -0.9896 -0.0379 0.1384
vn 0.7700 -0.5539 -0.3166
vn -0.9347 -0.2806 -0.2183
vn -0.7916 0.3249 0.5175
vn -0.7994 0.4383 0.4110
vn 0.1134 0.6299 0.7684
vn -0.1287 -0.6128 0.7797
vn 0.4062 0.5829 0.7037
vn 0.8197 -0.5681 0.0735
vn 0.8188 0.5663 0.0945
vn 0.8871 0.2815 -0.3659
vn -0.3292 0.5844 -0.7417
vn -0.8026 0.3056 0.5122
vn -0.1455 -0.9064 -0.3965
vn -0.0427 -0.4019 -0.9147
vn 0.6155 -0.7843 -0.0777
vn 0.0229 -0.9828 0.1830
vn -0.8878 -0.4409 0.1319
vn -0.7692 -0.0005 -0.6391
vn -0.9956 -0.0939 0.0019
vn -0.7260 -0.2753 0.6302
vn 0.2440 -0.5957 0.7652
vn -0.1201 0.0821 0.9894
vn -0.8024 0.3885 0.4530
vn -0.8220 0.3982 0.4072
vn 0.9305 -0.0759 0.3582
vn 0.9925 0.1015 0.0688
vn 0.8351 -0.3409 -0.4316
vn 0.7296 -0.4786 -0.4885
vn 0.3177 0.0768 -0.9451
vn 0.7918 -0.1438 -0.5936
vn -0.6641 -0.0025 -0.7477
vn 0.7324 -0.2904 -0.6159
vn 0.6740 0.6237 -0.3958
vn 0.7007 0.0358 0.7125
vn 0.8739 0.4792 0.0814
vn 0.3633 0.9161 0.1699
vn 0.0967 0.0354 -0.9947
vn 0.4412 0.6124 -0.6560
vn 0.5589 0.7265 -0.3997
vn -0.7099 -0.7042 0.0129
vn -0.1209 0.2104 -0.9701
vn 0.7455 -0.2512 -0.6173
vn 0.5146 0.3138 0.7979
vn 0.6512 -0.4378 0.6199
vn -0.5130 0.6320 0.5808
vn 0.8713 0.4634 0.1616
vn -0.6698 0.0038 -0.7425
vn -0.4688 0.2246 -0.8543
vn 0.0633 -0.5957 -0.8007
vn -0.5818 0.7559 -0.3002
vn 0.8200 0.4147 -0.3944
vn 0.7616 0.5213 -0.3850
vn 0.3144 0.2004 -0.9279
vn 0.9715 -0.0422 -0.2333
vn 0.8314 0.2146 -0.5125
vn 0.4501 -0.0750 -0.8898
vn 0.6698 0.6463 -0.3657
vn 0.4049 0.7189 0.5650
vn 0.9477 0.3125 -0.0647
vn 0.3750 -0.1958 -0.9061
vn 0.5196 0.6104 -0.5979
vn 0.6469 0.0974 -0.7563
vn 0.8691 0.1450 -0.4729
vn 0.8717 0.4721 -0.1311
vn 0.5651 0.8226 -0.0635
vn -0.6772 0.7078 0.2010
vn 0.2815 -0.8887 -0.3620
vn 0.7116 -0.0154 -0.7025
vn 0.2379 0.8216 -0.5180
vn -0.5318 -0.2655 -0.8042
vn 0.4761 0.1007 -0.8736
vn -0.0681 -0.1587 -0.9850
vn 0.0974 0.0393 -0.9945
vn -0.1967 0.0865 0.9766
vn -0.6059 -0.7862 0.1215
vn -0.7004 -0.7081 0.0901
vn -0.4341 0.4542 0.7780
vn 0.6951 0.7072 0.1297
vn -0.2037 -0.0639 0.9770
vn 0.4634 0.8845 0.0535
vn 0.2014 0.0943 0.9750
vn -0.8734 -0.4797 0.0840
vn -0.4669 -0.1001 0.8786
vn -0.3731 -0.8951 0.2441
vn -0.1550 -0.9511 0.2672
vn -0.4179 0.6948 -0.5853
vn -0.3378 0.8336 0.4370
vn 0.6578 -0.6901 -0.3016
vn -0.9390 0.3133 0.1420
vn 0.5776 0.7980 0.1720
vn -0.8460 0.5254 -0.0906
vn 0.1983 -0.1361 -0.9706
vn 0.4589 0.8060 -0.3738
vn 0.8532 0.5202 0.0386
vn 0.3815 -0.3518 -0.8548
vn -0.7801 -0.0433 -0.6241
vn -0.1725 -0.8912 -0.4196
vn 0.6514 0.7579 -0.0350
vn 0.4784 0.1172 -0.8703
vn 0.4489 0.8457 0.2885
vn 0.8772 0.2595 -0.4040
vn -0.4776 0.8695 0.1261
vn 0.9726 0.2323 0.0131
vn 0.8523 0.4092 -0.3257
vn 0.7190 -0.6288 -0.2961
vn 0.3806 -0.3483 -0.8566
vn 0.8267 -0.5609 -0.0445
vn 0.6618 0.2898 -0.6914
vn 0.4380 0.5746 0.6913
vn 0.1905 0.8080 -0.5575
vn -0.2606 0.9329 0.2486
vn 0.2223 0.6803 -0.6984
vn 0.0755 0.9031 -0.4228
vn 0.3924 0.3738 -0.8404
vn 0.2891 0.9199 0.2652
vn -0.4724 0.5054 0.7221
vn -0.4419 0.8135 -0.3780
vn 0.0201 0.8533 -0.5211
vn -0.1393 0.9715 -0.1920
vn 0.7450 0.6296 0.2205
vn 0.5662 0.8238 0.0267
vn -0.6972 0.0476 -0.7153
vn -0.3168 0.8856 -0.3397
vn 0.6458 -0.4268 -0.6331
vn 0.1577 0.0721 -0.9848
vn 0.3338 0.8924 -0.3036
vn 0.9100 0.4141 0.0214
vn -0.0231 0.9037 -0.4276
vn 0.6278 0.7770 0.0462
vn 0.9949 -0.0083 0.1010
vn 0.9494 0.2877 0.1262
vn 0.9621 -0.0454 -0.2687
vn 0.9728 -0.0180 -0.2311
vn -0.1604 0.5459 -0.8224
vn 0.6031 0.5924 -0.5341
vn 0.2562 -0.4337 -0.8639
vn 0.8210 0.2406 0.5178
vn -0.4878 0.6220 -0.6125
vn 0.7987 0.5347 0.2760
vn 0.4495 -0.5773 -0.6817
vn -0.3043 0.8686 -0.3910
vn -0.0079 0.9073 0.4204
vn 0.8985 0.2762 -0.3412
vn -0.0823 -0.1145 -0.9900
vn 0.3876 0.8281 -0.4050
vn -0.1857 0.7387 0.6480
vn 0.4202 0.9002 -0.1145
vn 0.6884 0.6597 -0.3015
vn 0.2980 -0.6748 -0.6751
vn -0.4450 0.0658 0.8931
vn 0.2096 0.6240 -0.7528
vn 0.8841 0.1006 -0.4564
vn -0.6437 -0.7076 -0.2915
vn 0.7327 0.4745 -0.4879
vn 0.7307 0.6053 0.3157
vn 0.7229 0.6719 -0.1609
vn 0.4607 0.7752 -0.4323
vn 0.3134 0.5722 -0.7579
vn 0.9502 0.3115 0.0088
vn 0.7898 0.3770 0.4838
vn -0.0593 0.8829 -0.4658
vn 0.3328 0.7650 0.5513
vn 0.2072 0.9556 -0.2094
vn 0.7929 0.4608 -0.3988
vn -0.7679 0.4483 -0.4576
vn 0.1040 0.7137 -0.6927
vn 0.0644 0.2386 0.9690
vn 0.8457 0.4981 0.1915
vn 0.6859 0.2539 0.6820
vn 0.4625 -0.4772 0.7473
vn -0.3694 0.2378 0.8983
vn -0.4455 -0.6181 -0.6477
vn -0.3030 -0.9530 -0.0023
vn 0.0481 0.9156 0.3992
vn 0.4478 0.5742 0.6854
vn 0.6547 0.7338 0.1813
vn 0.8833 0.4445 0.1489
vn 0.9468 0.2947 -0.1291
vn 0.6434 -0.5601 0.5218
vn 0.5001 0.2228 -0.8368
vn 0.1466 0.9464 0.2878
vn 0.7956 0.5904 0.1359
vn 0.1183 0.9340 0.3371
vn -0.8875 0.0976 -0.4504
vn -0.2106 0.6691 -0.7127
vn -0.4048 -0.6290 -0.6637
vn 0.9051 -0.3425 0.2519
vn 0.3501 0.8477 0.3986
vn -0.3152 0.1077 0.9429
vn -0.5275 -0.4305 0.7324
vn 0.4947 -0.0395 -0.8682
vn 0.8767 0.4678 -0.1118
vn -0.2996 0.9489 -0.0990
vn 0.2449 0.8253 0.5088
vn 0.1786 0.3381 0.9240
vn 0.0790 -0.9736 0.2144
vn 0.2491 0.8916 0.3780
vn 0.0631 0.4277 0.9017
vn 0.3193 0.5853 0.7453
vn 0.0081 0.6372 0.7707
vn 0.1981 0.5091 0.8376
vn 0.3421 0.4045 -0.8481
vn -0.0303 0.9925 -0.1186
vn 0.5166 0.8519 0.0866
vn -0.2896 0.9516 -0.1027
vn -0.2431 0.5787 0.7785
vn -0.0994 0.9845 -0.1447
vn 0.0973 0.9953 -0.0004
vn 0.7418 -0.6176 0.2613
vn -0.6320 -0.1427 -0.7617
vn -0.1122 0.7486 -0.6535
vn -0.4503 0.8681 -0.2090
vn -0.2301 0.8042 0.5480
vn 0.6145 0.4834 0.6235
vn -0.5035 0.7114 -0.4903
vn 0.3730 0.8243 -0.4260
vn 0.3388 0.9273 -0.1593
vn -0.2837 0.3814 -0.8798
vn 0.5149 -0.5087 -0.6900
vn 0.0523 0.1118 -0.9923
vn 0.2824 0.3995 -0.8722
vn 0.7377 0.6086 0.2923
vn 0.6715 0.6848 0.2831
vn -0.6342 -0.7564 -0.1602
vn -0.3411 -0.8067 -0.4826
vn -0.0129 -0.1520 -0.9883
vn -0.5034 0.1427 -0.8522
vn -0.5669 -0.0283 -0.8233
vn -0.7316 0.5741 -0.3676
vn 0.2431 0.0668 -0.9677
vn -0.1148 -0.5103 -0.8523
vn -0.8534 0.4967 -0.1579
vn 0.9079 0.1978 0.3695
vn 0.2057 0.9124 0.3539
vn 0.1737 0.9835 -0.0514
vn 0.3180 -0.0415 -0.9472
vn 0.0445 0.9987 -0.0237
vn 0.3420 0.4420 -0.8293
vn -0.5979 0.7960 -0.0945
vn -0.5211 -0.2538 -0.8149
vn 0.2387 -0.3419 -0.9089
vn -0.9228 0.3811 -0.0557
vn -0.8579 -0.0331 0.5127
vn -0.5387 0.8323 -0.1310
vn -0.5043 0.7055 -0.4980
vn -0.3123 -0.9351 -0.1673
vn -0.3804 0.2697 -0.8846
vn 0.3590 -0.4691 -0.8069
vn -0.5388 -0.7390 -0.4044
vn -0.4393 0.4688 -0.7663
vn -0.2821 0.9589 0.0295
vn 0.1283 0.9913 0.0297
vn 0.4900 -0.0123 0.8716
vn 0.0522 -0.1081 0.9928
vn -0.5405 0.7515 0.3783
vn 0.4145 -0.8971 0.1526
vn 0.4440 -0.2621 0.8568
vn -0.1687 -0.9433 0.2857
vn 0.1891 -0.9489 0.2527
vn -0.1070 -0.9101 0.4004
vn 0.6657 -0.7378 0.1115
vn 0.5223 -0.8489 0.0810
vn 0.6670 -0.7446 -0.0246
vn 0.6597 0.1279 -0.7406
vn -0.7330 0.0966 -0.6733
vn -0.4176 0.8908 -0.1791
vn -0.6735 0.2909 -0.6795
vn -0.3859 0.8654 -0.3196
vn 0.3921 0.8641 -0.3157
vn 0.2264 0.9652 -0.1312
vn 0.0554 -0.6394 -0.7669
vn 0.3645 0.7817 -0.5060
vn -0.7172 0.6781 0.1603
vn -0.0110 0.9869 -0.1612
vn 0.7458 0.6617 0.0774
vn 0.1940 0.9790 0.0626
vn -0.9543 -0.2674 -0.1332
vn 0.3905 -0.0849 -0.9167
vn 0.2875 0.5675 0.7715
vn 0.8606 -0.4830 0.1616
vn 0.7093 -0.1594 0.6867
vn 0.3308 0.4317 0.8391
vn -0.9885 -0.0394 -0.1459
vn -0.6523 0.3546 -0.6699
vn -0.6757 0.7310 -0.0953
vn 0.3155 0.8654 0.3893
vn 0.1822 -0.7390 -0.6486
vn -0.1339 0.9464 -0.2940
vn -0.8258 -0.0575 -0.5611
vn -0.0153 0.9475 0.3192
vn -0.2705 0.9626 -0.0151
vn 0.4217 0.3578 -0.8332
vn -0.8002 0.3145 -0.5106
vn 0.1830 0.7048 -0.6854
vn -0.1836 0.9415 -0.2827
vn 0.0058 0.9186 -0.3951
vn 0.4145 0.7776 0.4727
vn 0.2052 -0.2102 -0.9559
vn -0.9148 -0.0844 -0.3949
vn -0.6119 -0.7893 -0.0511
vn -0.4534 -0.1926 0.8703
vn -0.8311 0.5501 0.0817
vn 0.1792 0.9540 -0.2404
vn -0.1132 0.9467 0.3015
vn -0.5760 0.0061 -0.8174
vn -0.5417 -0.6710 -0.5063
vn -0.7525 -0.0819 -0.6535
vn -0.2790 0.1006 0.9550
vn -0.6545 -0.4419 0.6135
vn 0.0169 0.9999 0.0007
vn 0.0523 0.7701 -0.6358
vn -0.5365 0.6853 -0.4926
vn -0.3888 0.9029 0.1831
vn -0.0490 0.9968 0.0632
vn 0.2393 0.9554 0.1728
vn -0.1316 0.8784 0.4594
vn -0.2271 0.9627 0.1472
vn 0.6036 0.6397 0.4758
vn 0.5511 -0.1221 0.8255
vn 0.2453 0.3111 0.9182
vn -0.5168 0.8522 -0.0825
vn 0.7425 -0.3661 0.5609
vn 0.3468 -0.2160 0.9127
vn 0.3474 0.9373 -0.0278
vn 0.3710 0.9205 -0.1230
vn 0.8386 0.0546 0.5419
vn 0.0642 0.9609 -0.2692
vn 0.0433 -0.9759 -0.2139
vn 0.5017 0.3755 0.7793
vn 0.1765 0.0314 0.9838
vn 0.5790 -0.5416 -0.6095
vn 0.2653 0.9166 0.2992
vn 0.5044 -0.1985 -0.8404
vn -0.8398 0.5300 -0.1177
vn -0.0974 0.4496 -0.8879
vn 0.9084 0.2854 -0.3056
vn 0.6921 0.6804 -0.2412
vn 0.9216 0.2356 0.3086
vn 0.1050 -0.3084 0.9454
vn 0.2800 -0.7354 0.6170
vn 0.9860 -0.1502 0.0723
vn 0.8487 -0.3611 0.3865
vn 0.2580 -0.1283 0.9576
vn -0.2850 0.8742 -0.3932
vn 0.9322 0.3096 0.1872
vn -0.1147 -0.2469 -0.9622
vn -0.2328 -0.4280 -0.8733
vn 0.6128 0.3331 0.7166
vn 0.8530 -0.2618 0.4515
vn -0.1915 -0.1349 0.9722
vn -0.9332 0.3569 0.0417
vn -0.6493 0.2674 0.7120
vn -0.5271 -0.1378 0.8386
vn -0.5326 -0.2483 0.8091
vn -0.6799 -0.5329 0.5038
vn -0.7941 -0.1459 0.5901
vn -0.4605 0.6573 0.5966
vn 0.1047 0.9690 0.2239
vn -0.0006 0.9673 -0.2536
vn 0.9303 0.2020 -0.3063
vn -0.4435 0.1036 0.8903
vn 0.5796 0.4483 0.6805
vn 0.3973 0.4211 0.8154
vn 0.5544 -0.3653 0.7478
vn 0.3176 0.4853 0.8146
vn -0.0697 0.4655 0.8823
vn -0.5904 0.0924 0.8018
vn -0.5654 -0.0792 0.8210
vn 0.1297 0.9790 0.1572
vn 0.2323 0.9244 0.3024
vn -0.3228 0.4991 0.8042
vn 0.3488 0.4541 -0.8198
vn 0.3192 -0.0471 -0.9465
vn 0.7746 0.6065 0.1793
vn 0.3559 -0.6092 -0.7087
vn 0.5177 0.7956 -0.3146
vn 0.4346 0.6927 0.5756
vn 0.4023 0.7740 0.4890
vn 0.2468 0.9497 0.1927
vn 0.3381 0.4318 -0.8362
vn 0.3305 0.4422 -0.8338
vn -0.2253 -0.9249 0.3062
vn 0.3938 0.7842 0.4795
vn 0.5154 0.8532 0.0803
vn 0.8628 0.4545 0.2213
vn 0.4146 0.8441 0.3400
vn 0.7558 0.6342 -0.1629
vn 0.5990 0.6518 0.4652
vn 0.8544 -0.2395 0.4612
vn 0.1472 -0.2166 0.9651
vn 0.3551 -0.6224 0.6975
vn 0.5668 -0.7924 0.2254
vn 0.5386 0.8415 0.0419
vn -0.7035 -0.5277 -0.4759
vn -0.9244 -0.1900 -0.3307
vn -0.8885 -0.1623 -0.4293
vn -0.4576 0.8890 -0.0149
vn -0.3255 -0.7569 -0.5668
vn 0.8015 -0.4341 -0.4114
vn 0.1635 0.5834 -0.7955
vn 0.9496 0.2850 -0.1307
vn 0.7949 -0.5492 -0.2578
vn 0.0296 0.2380 -0.9708
vn 0.1782 -0.1976 -0.9640
vn 0.7075 -0.4500 0.5449
vn -0.1969 0.4700 -0.8604
vn 0.3318 0.5009 -0.7994
vn 0.1078 0.4919 -0.8640
vn -0.2501 0.5979 0.7615
vn -0.1355 0.2412 -0.9610
vn 0.1871 0.9365 -0.2966
vn -0.4194 0.4799 -0.7706
vn 0.5683 -0.6390 0.5184
vn -0.6319 -0.7454 0.2122
vn 0.4092 0.0304 0.9119
vn 0.2474 -0.8548 -0.4562
vn -0.5886 -0.8081 0.0233
vn -0.3980 -0.9143 0.0754
vn -0.5421 -0.7829 0.3053
vn -0.6876 0.0085 0.7261
vn -0.3032 -0.5869 0.7508
vn 0.6870 0.0592 0.7243
vn -0.0329 0.4074 0.9126
vn 0.1355 -0.2616 0.9556
vn 0.9717 -0.1866 0.1451
vn 0.7889 -0.4156 -0.4527
vn 0.4551 -0.2125 -0.8647
vn 0.7760 -0.4260 0.4651
vn -0.0993 0.9762 0.1926
vn -0.4682 0.3310 0.8193
vn -0.0171 0.2856 0.9582
vn -0.3595 0.4959 0.7905
vn -0.9849 -0.0829 -0.1519
vn 0.9659 -0.2502 0.0666
vn -0.2808 -0.2680 0.9216
vn 0.2355 0.1142 0.9651
vn 0.0355 -0.0480 0.9982
vn 0.2149 -0.1455 0.9657
vn -0.4845 0.0947 0.8696
vn 0.3768 0.1952 0.9055
vn -0.3294 -0.3481 0.8777
vn 0.1906 0.0222 0.9814
vn -0.2895 0.4224 0.8589
vn 0.2917 -0.1219 0.9487
vn 0.1814 -0.4198 0.8893
vn -0.2195 0.8934 -0.3921
vn -0.8588 0.4616 0.2222
vn -0.0424 0.6447 0.7633
vn 0.1578 -0.3573 0.9206
vn -0.0304 0.3638 0.9310
vn 0.5432 0.8393 0.0236
vn -0.5274 -0.6820 0.5066
vn 0.0180 0.2321 0.9725
vn 0.3646 -0.6033 0.7093
vn 0.1636 0.3534 -0.9210
vn 0.9954 -0.0151 0.0947
vn 0.8022 0.3745 0.4650
vn -0.6887 -0.4452 0.5723
vn -0.4782 0.6728 -0.5645
vn -0.5679 -0.4487 -0.6900
vn 0.4365 -0.4541 -0.7767
vn -0.6339 -0.6870 -0.3551
vn 0.1474 -0.1044 -0.9835
vn 0.7747 0.6196 0.1262
vn 0.5201 0.7091 0.4761
vn -0.3722 0.5934 0.7137
vn 0.6652 0.0813 0.7422
vn 0.3685 -0.1179 0.9221
vn 0.5183 -0.7647 -0.3828
vn 0.0867 -0.9478 0.3069
vn 0.7142 0.3201 -0.6225
vn 0.8487 0.3047 0.4323
vn -0.3260 0.2342 -0.9159
vn -0.8014 0.5549 -0.2235
vn 0.6870 0.5925 0.4207
vn 0.1518 0.8656 0.4772
vn 0.5913 0.5884 0.5515
vn 0.1181 0.9924 0.0349
vn 0.0827 0.9008 -0.4262
vn -0.4384 0.4847 -0.7569
vn 0.6583 -0.0114 0.7527
vn 0.4993 -0.0650 -0.8640
vn 0.9274 0.2958 0.2287
vn -0.1345 0.5209 0.8430
vn 0.4245 0.3145 -0.8490
vn -0.1982 0.9495 -0.2433
vn 0.2642 -0.5837 0.7678
vn -0.2023 -0.1597 0.9662
vn 0.4854 -0.7449 0.4577
vn -0.7430 0.0530 0.6672
vn 0.1839 0.6469 0.7401
vn 0.0997 0.9467 -0.3063
vn 0.9660 0.2584 0.0105
vn 0.6254 0.1482 -0.7661
vn 0.1666 0.9855 0.0321
vn 0.0954 -0.1092 -0.9894
vn 0.3404 0.4570 0.8217
vn 0.2040 0.1600 -0.9658
vn -0.4467 0.5473 -0.7078
vn -0.2912 -0.0353 -0.9560
vn -0.8615 -0.3104 0.4019
vn -0.6624 0.7491 -0.0120
vn -0.5958 0.5879 0.5473
vn -0.0314 0.3257 0.9450
vn 0.0147 0.3377 0.9411
vn 0.1456 0.8264 -0.5440
vn 0.1330 -0.8348 -0.5342
vn 0.4687 0.7158 -0.5176
vn -0.4237 -0.3893 -0.8179
vn 0.7248 0.6808 0.1060
vn 0.7878 -0.0844 -0.6101
vn 0.8145 -0.2051 -0.5427
vn 0.4339 0.8362 -0.3355
vn 0.6489 -0.5281 -0.5478
vn 0.1487 0.5301 -0.8348
vn -0.0188 -0.7160 -0.6978
vn 0.1039 -0.9456 0.3082
vn -0.1276 -0.7247 -0.6772
vn 0.4947 0.2414 0.8348
vn -0.3654 -0.9304 0.0277
vn 0.2935 -0.9549 -0.0459
vn -0.1193 -0.7364 -0.6660
vn -0.8192 -0.5729 0.0260
vn -0.4360 -0.7433 0.5073
vn -0.1669 -0.7331 0.6594
vn -0.0718 -0.3554 0.9319
vn -0.0628 -0.8424 0.5351
vn 0.2957 -0.6305 0.7177
vn -0.7004 -0.0311 0.7131
vn -0.7523 -0.0594 0.6561
vn -0.5694 0.3063 0.7629
vn -0.7289 -0.6655 0.1608
vn -0.4920 0.1049 -0.8643
vn -0.0144 -0.0380 -0.9992
vn 0.3267 -0.8934 -0.3082
vn 0.8064 -0.5886 0.0570
vn -0.9111 -0.1165 0.3954
vn -0.5899 0.7381 0.3274
vn -0.4710 0.3352 -0.8160
vn -0.4761 0.8790 -0.0271
vn -0.3519 -0.8934 -0.2792
vn 0.2548 0.6853 0.6822
vn 0.5941 -0.6714 -0.4431
vn -0.3347 0.9110 0.2410
vn -0.2959 0.8542 0.4275
vn 0.0719 0.9889 0.1303
vn -0.5074 0.8116 0.2895
vn -0.4808 -0.2074 0.8519
vn -0.2688 0.9188 0.2892
vn -0.6901 -0.3899 0.6097
vn -0.9795 0.1780 0.0945
vn -0.6414 -0.1706 0.7480
vn -0.9109 0.4101 -0.0464
vn 0.4228 -0.7837 0.4550
vn 0.0707 -0.6645 -0.7439
vn -0.3111 0.0396 0.9496
vn -0.3764 0.5556 -0.7414
vn -0.5105 0.4519 -0.7315
vn -0.3222 -0.0637 -0.9445
vn -0.5947 0.6578 -0.4623
vn -0.7849 0.4047 0.4692
vn 0.1897 0.9760 -0.1073
vn -0.0810 -0.9248 0.3716
vn 0.0095 0.0436 -0.9990
vn 0.0439 0.7894 0.6123
vn -0.7355 0.5735 0.3608
vn -0.1089 0.0982 0.9892
vn 0.0234 0.0412 0.9989
vn -0.5210 -0.7738 -0.3602
vn 0.3074 -0.9440 0.1199
vn 0.1287 -0.8132 0.5676
vn 0.3741 -0.3742 0.8485
vn -0.4979 -0.5615 0.6610
vn 0.3265 -0.4049 0.8541
vn -0.0303 -0.4600 0.8874
vn -0.0210 0.5701 0.8213
vn -0.2530 0.6670 0.7008
vn 0.3098 -0.2866 0.9066
vn -0.6228 0.0428 0.7812
vn -0.7205 0.2449 0.6488
vn 0.2005 0.4606 0.8647
vn -0.2073 -0.3978 0.8937
vn -0.8855 -0.4495 -0.1176
vn -0.7071 0.2931 0.6435
vn -0.8614 0.2721 0.4288
vn -0.0446 0.7348 -0.6768
vn -0.7376 0.1634 0.6551
vn -0.2957 -0.8809 0.3697
vn 0.8151 -0.5700 -0.1033
vn -0.8010 0.4119 0.4344
vn -0.7894 -0.4344 0.4337
vn -0.3639 -0.8232 -0.4359
vn -0.1701 -0.9049 -0.3900
vn -0.8764 -0.4407 -0.1941
vn -0.1143 -0.1998 -0.9732
vn 0.2604 -0.1222 -0.9577
vn 0.0709 -0.2640 -0.9619
vn -0.5279 0.7958 0.2966
vn -0.8914 -0.3905 -0.2298
vn -0.3192 0.9231 -0.2143
vn 0.2389 0.3344 -0.9116
vn 0.4628 0.3763 -0.8026
vn -0.4980 -0.5823 -0.6426
vn 0.3322 -0.5875 -0.7379
vn -0.5519 -0.8295 -0.0854
vn -0.9040 0.4218 0.0701
vn -0.1961 -0.9459 0.2584
vn -0.6072 0.2424 -0.7567
vn -0.8302 0.5570 0.0239
vn 0.5623 0.5676 0.6013
vn 0.4208 0.4705 -0.7756
vn -0.1171 -0.8428 -0.5253
vn -0.7027 -0.4582 -0.5443
vn -0.3816 0.9229 -0.0509
vn -0.5679 0.6514 0.5031
vn 0.9748 -0.0287 -0.2213
vn -0.5165 -0.8227 0.2374
vn -0.9042 0.0959 -0.4163
vn -0.1537 0.6665 -0.7295
vn -0.3566 0.4320 -0.8284
vn -0.9216 -0.3161 -0.2252
vn 0.2524 -0.4434 -0.8601
vn 0.7286 0.2689 -0.6299
vn -0.8470 -0.5315 -0.0046
vn -0.7465 0.5774 -0.3307
vn -0.4962 0.1081 0.8615
vn -0.2939 0.0040 0.9558
vn -0.3659 0.9259 0.0941
vn 0.3883 0.2642 -0.8829
vn -0.7388 -0.3121 -0.5973
vn -0.6032 0.7947 0.0674
vn 0.5361 0.4174 -0.7338
vn 0.3152 -0.1143 -0.9421
vn 0.3030 0.9530 -0.0020
vn -0.6789 0.3440 -0.6486
vn -0.8385 -0.3476 -0.4196
vn -0.7815 -0.2568 -0.5686
vn -0.5039 -0.5633 -0.6548
vn -0.1724 0.1460 -0.9741
vn -0.6892 0.7066 -0.1607
vn -0.6986 -0.3606 -0.6180
vn 0.0114 -0.4613 -0.8872
vn -0.6972 0.7167 0.0158
vn -0.4463 -0.5819 0.6799
vn -0.9739 0.1772 0.1421
vn -0.9366 0.3391 0.0879
vn -0.5513 -0.8205 0.1510
vn -0.4302 0.2799 0.8583
vn -0.2482 -0.1224 0.9609
vn -0.8272 0.1236 -0.5482
vn -0.8388 0.5440 0.0201
vn 0.9423 0.1351 -0.3062
vn 0.4595 -0.8816 -0.1076
vn -0.3731 -0.0819 0.9242
vn 0.5017 0.0230 0.8648
vn -0.4966 0.8523 0.1642
vn 0.2370 0.1028 -0.9661
vn 0.9595 0.1720 0.2231
vn 0.2364 0.9717 -0.0018
vn 0.0715 0.3970 0.9150
vn 0.5559 0.6029 0.5722
vn 0.6972 0.6310 -0.3402
vn 0.7452 0.2319 0.6252
vn 0.9900 0.1405 0.0094
vn 0.8316 -0.1461 -0.5359
vn -0.7911 -0.4573 -0.4063
vn 0.7496 -0.6579 0.0724
vn 0.7740 -0.6302 0.0609
vn 0.3219 -0.5632 0.7610
vn -0.8817 0.3645 0.2996
vn -0.5453 -0.4317 0.7186
vn -0.5874 -0.3465 0.7314
vn 0.2525 -0.3250 0.9114
vn -0.1067 0.2000 0.9740
vn -0.1716 -0.9522 0.2527
vn 0.3587 -0.0118 0.9334
vn -0.4104 -0.7368 0.5373
vn -0.9162 -0.3748 0.1420
vn -0.3726 0.0993 -0.9226
vn -0.9758 -0.1790 0.1258
vn -0.6115 -0.6795 -0.4053
vn -0.7440 0.6007 0.2924
vn -0.3324 0.6402 0.6926
vn -0.8178 0.2137 0.5344
vn -0.8801 -0.0559 -0.4716
vn -0.4762 0.8763 -0.0729
vn 0.6757 0.6482 -0.3510
vn 0.1296 0.7980 0.5886
vn -0.2358 0.9380 0.2540
vn 0.0751 -0.9959 0.0511
vn -0.9038 -0.3254 0.2781
vn 0.3921 0.5175 0.7605
vn 0.8289 0.4832 0.2819
vn -0.4672 -0.0634 -0.8819
vn -0.3396 -0.7889 0.5121
vn 0.2544 -0.3429 0.9043
vn -0.0840 -0.0143 0.9964
vn -0.1769 0.0934 0.9798
vn 0.2943 0.1159 0.9487
vn -0.0325 0.8058 0.5913
vn -0.8238 0.5382 0.1779
vn -0.4783 0.7357 0.4796
vn -0.1927 0.5075 0.8398
vn -0.8082 0.5883 0.0256
vn 0.0536 -0.3536 0.9338
vn -0.0245 0.8417 0.5393
vn 0.1151 -0.6106 0.7835
vn -0.7805 0.5816 -0.2292
vn 0.7009 0.5270 0.4807
vn 0.1053 0.9594 0.2618
vn 0.5681 0.7366 -0.3670
vn -0.6948 0.6647 -0.2747
vn 0.4147 -0.7741 0.4783
vn 0.2724 -0.7564 0.5946
vn -0.6103 -0.3616 0.7048
vn 0.0477 0.6568 0.7525
vn 0.1931 -0.7961 0.5735
vn 0.6115 0.0747 0.7877
vn 0.3841 -0.7935 0.4721
vn -0.1966 -0.6749 0.7113
vn -0.4938 -0.0434 -0.8685
vn -0.3160 0.2131 -0.9245
vn -0.2335 0.9626 -0.1377
vn -0.8935 -0.0750 0.4427
vn 0.3269 -0.4692 0.8204
vn 0.5403 0.4304 0.7231
vn 0.2987 0.8913 -0.3411
vn -0.2295 -0.2045 -0.9516
vn -0.9734 0.2208 0.0615
vn 0.9701 -0.1518 0.1894
vn 0.7257 0.6688 -0.1616
vn -0.0796 0.7105 0.6991
vn 0.9911 0.0478 0.1243
vn -0.4180 0.9082 0.0195
vn -0.6071 0.7944 0.0200
vn 0.1649 0.9542 -0.2496
vn 0.7432 0.5619 0.3632
vn -0.0284 0.5933 -0.8045
vn -0.3469 0.8501 -0.3962
vn 0.2156 0.6774 -0.7033
vn 0.3544 0.9165 -0.1858
vn -0.6509 0.3303 -0.6836
vn 0.1274 0.3200 0.9388
vn -0.1197 0.4356 -0.8921
vn 0.6393 -0.7689 0.0079
vn -0.0504 0.7637 0.6436
vn 0.0164 0.4658 0.8847
vn -0.8876 0.1864 -0.4212
vn -0.5580 0.6504 -0.5154
vn -0.7308 0.4075 0.5477
vn 0.0741 0.8239 0.5619
vn -0.2281 0.9703 0.0806
vn -0.0150 0.9718 0.2354
vn 0.5661 0.0192 -0.8241
vn -0.3900 0.8442 0.3678
vn -0.3131 0.5846 0.7485
vn -0.2115 0.9603 -0.1817
vn -0.5742 0.7941 0.1993
vn -0.9843 0.1192 0.1299
vn -0.7667 0.6351 0.0938
vn -0.9480 0.3135 -0.0551
vn -0.6476 -0.3499 0.6769
vn -0.7092 0.6111 0.3516
vn 0.4431 0.4290 0.7872
vn 0.8013 0.0437 0.5967
vn -0.1643 0.5627 0.8101
vn -0.5303 -0.1099 0.8407
vn -0.6798 -0.0282 -0.7328
vn 0.1092 -0.0763 0.9911
vn -0.0471 0.7327 0.6790
vn 0.4006 -0.6788 0.6154
vn 0.8186 -0.0436 0.5727
vn 0.3004 0.6355 0.7112
vn -0.0285 -0.2508 0.9676
vn 0.4995 0.4574 0.7358
vn -0.5442 0.7478 0.3802
vn -0.0794 0.5828 0.8088
vn -0.6311 0.6858 0.3624
vn 0.0494 0.0503 0.9975
vn -0.2039 -0.0244 0.9787
vn 0.1353 -0.9808 -0.1404
vn -0.9247 0.3014 0.2325
vn 0.7711 0.0418 -0.6353
vn 0.6238 0.3355 -0.7059
vn -0.2573 -0.2333 0.9377
vn -0.1537 -0.0292 0.9877
vn -0.2988 -0.0724 0.9516
vn -0.8594 -0.2907 0.4207
vn 0.4496 0.8435 0.2940
vn -0.7440 0.4331 0.5088
vn -0.1320 -0.7087 -0.6930
vn 0.8950 0.1856 0.4057
vn 0.1775 0.7811 -0.5986
vn 0.4052 -0.2520 0.8788
vn -0.7902 0.5950 -0.1471
vn 0.3967 0.7819 0.4809
vn -0.9353 0.1194 0.3331
vn -0.8922 -0.0766 0.4451
vn -0.3278 -0.2687 0.9057
vn 0.0738 0.9338 0.3501
vn 0.8482 -0.1609 -0.5047
vn -0.6498 -0.0260 0.7596
vn -0.7277 -0.1514 0.6690
vn -0.1019 0.2766 0.9556
vn -0.9724 0.2074 0.1072
vn -0.9427 -0.2171 0.2533
vn -0.8959 -0.0430 0.4421
vn -0.6565 -0.5046 0.5608
vn -0.0558 -0.9934 -0.1002
vn -0.3283 -0.0432 -0.9436
vn -0.5337 0.8456 -0.0029
vn -0.9443 0.2808 0.1714
vn -0.1296 0.0999 0.9865
vn -0.2367 0.6154 0.7518
vn 0.0740 0.4944 0.8661
vn -0.2211 0.8219 -0.5249
vn 0.7945 0.4276 0.4313
vn 0.8644 0.1958 -0.4632
vn 0.2716 0.0362 0.9617
vn 0.5379 -0.4651 -0.7031
vn -0.9939 -0.0923 0.0605
vn -0.1818 -0.9067 0.3807
vn -0.8861 -0.2170 -0.4095
vn -0.0551 -0.3156 -0.9473
vn 0.8772 -0.4215 -0.2299
vn 0.4942 -0.8063 0.3251
vn -0.5990 0.7901 0.1301
vn 0.3252 -0.4476 -0.8330
vn -0.4952 0.7367 0.4606
vn -0.0204 0.3645 -0.9310
vn 0.5616 -0.4961 -0.6621
vn -0.3750 -0.2848 0.8822
vn -0.1623 0.0843 0.9831
vn 0.9113 0.3359 -0.2382
vn -0.5231 0.3483 0.7779
vn 0.6022 -0.7638 0.2324
vn 0.1782 -0.5237 0.8331
vn 0.0296 -0.9136 0.4056
vn 0.9262 0.3330 0.1767
vn -0.7360 0.5270 -0.4249
vn -0.4357 0.8947 0.0982
vn -0.5729 0.7885 0.2238
vn 0.2403 -0.8941 -0.3780
vn 0.0777 -0.9708 -0.2271
vn -0.3872 0.4396 -0.8104
vn -0.8516 -0.2379 -0.4671
vn -0.0888 -0.8422 -0.5319
vn -0.1153 -0.9779 -0.1744
vn -0.6051 0.5483 0.5773
vn -0.7966 0.5110 0.3231
vn 0.0512 0.2952 0.9541
vn 0.1450 0.7393 -0.6576
vn 0.0372 0.0712 0.9968
vn 0.7205 0.5584 -0.4111
vn 0.1784 -0.2821 0.9427
vn 0.9424 -0.0990 -0.3195
vn 0.4240 0.3639 -0.8294
vn -0.4243 0.2112 -0.8806
vn -0.0732 0.9588 -0.2745
vn -0.7747 0.4245 -0.4686
vn -0.1314 0.9473 0.2920
vn 0.9569 0.2579 0.1338
vn 0.9448 -0.1880 -0.2683
vn 0.0107 -0.9999 -0.0089
vn -0.0392 -0.9696 0.2413
vn 0.5625 0.7795 0.2757
vn -0.3904 -0.9202 -0.0300
vn 0.5072 0.3319 0.7953
vn -0.8033 0.2747 0.5285
vn -0.6779 0.7343 0.0356
vn -0.1203 0.4452 0.8873
vn 0.0056 0.9225 0.3861
vn -0.2257 0.8271 -0.5147
vn 0.3943 -0.0219 0.9187
vn -0.5976 0.6763 -0.4307
vn -0.4630 0.8398 0.2836
vn 0.9392 -0.3097 -0.1486
vn 0.0294 0.4271 0.9037
vn -0.4024 0.4169 0.8150
vn -0.5758 0.6936 0.4328
vn 0.7044 0.2922 -0.6469
vn 0.6735 -0.7202 0.1662
vn 0.6555 0.1588 -0.7383
vn 0.9844 0.0303 0.1734
vn -0.3939 0.5262 -0.7536
vn -0.1399 0.8580 -0.4942
vn 0.4787 -0.4970 -0.7237
vn 0.3078 -0.9457 -0.1048
vn 0.6068 -0.7915 0.0725
vn 0.4772 -0.0352 0.8781
vn -0.3690 -0.1634 0.9150
vn 0.9594 -0.1137 0.2582
vn 0.4034 -0.7135 0.5728
vn 0.8622 0.3524 0.3638
vn 0.2133 -0.5470 0.8095
vn 0.1465 0.9655 0.2152
vn -0.2167 0.7411 0.6355
vn -0.7978 -0.5418 0.2645
vn -0.2513 -0.2970 0.9212
vn -0.4846 0.7979 0.3585
vn -0.9512 0.1770 0.2528
vn -0.6821 0.4081 -0.6068
vn 0.7990 -0.2100 0.5634
vn 0.7403 0.3871 -0.5497
vn 0.5200 -0.4794 -0.7069
vn 0.4858 0.1068 -0.8675
vn 0.0989 -0.2740 -0.9566
vn 0.3718 0.0680 -0.9258
vn -0.0469 -0.5108 -0.8584
vn 0.4978 -0.7997 -0.3357
vn 0.5098 -0.7768 0.3696
vn 0.7948 -0.4953 0.3507
vn 0.8360 -0.3795 0.3965
vn 0.2054 -0.6358 0.7440
vn 0.0528 0.4950 0.8673
vn -0.2663 -0.8766 -0.4009
vn 0.1509 0.0301 -0.9881
vn -0.3271 -0.4422 -0.8352
vn -0.6483 0.0381 -0.7604
vn -0.5092 -0.4913 0.7066
vn -0.6989 0.1767 0.6931
vn -0.6535 -0.0758 0.7531
vn -0.9312 -0.0848 -0.3546
vn -0.6958 -0.4059 0.5925
vn 0.0493 -0.5900 0.8059
vn 0.0226 0.7469 0.6645
vn 0.3145 -0.0505 -0.9479
vn 0.8257 0.3024 0.4762
vn -0.9045 -0.2403 0.3522
vn -0.3988 -0.7684 0.5004
vn -0.0179 -0.2149 0.9765
vn -0.7296 -0.5249 0.4383
vn 0.0600 0.6456 0.7613
vn -0.2820 0.7525 0.5952
vn -0.7622 -0.0932 0.6406
vn -0.8901 0.2030 0.4081
vn -0.4386 -0.1788 0.8807
vn 0.6164 -0.1878 0.7647
vn 0.2965 -0.2215 0.9290
vn -0.9072 0.3863 -0.1667
vn -0.0165 0.1319 0.9911
vn -0.8361 -0.5391 0.1017
vn 0.5882 0.5275 0.6130
vn 0.5938 -0.8046 -0.0112
vn 0.9345 -0.2293 0.2723
vn 0.0169 -0.8812 0.4725
vn -0.0395 0.3932 0.9186
vn -0.2951 -0.8175 0.4947
vn 0.7831 0.2771 0.5567
vn -0.6919 -0.5279 0.4925
vn -0.9078 0.3716 0.1945
vn -0.9019 0.2402 0.3590
vn -0.6883 0.7220 -0.0701
vn -0.7894 0.5857 0.1839
vn -0.4320 -0.1432 0.8905
vn -0.7072 0.3702 0.6024
vn 0.3033 -0.9342 0.1878
vn 0.8737 0.0861 0.4788
vn -0.2914 0.3004 0.9082
vn -0.6244 0.7730 0.1120
vn -0.9028 0.2861 -0.3211
vn 0.2281 -0.8023 0.5517
vn -0.6336 -0.6672 -0.3917
vn -0.1816 -0.9126 0.3663
vn -0.5412 -0.8298 -0.1361
vn -0.9123 -0.2041 0.3551
vn -0.4878 -0.0160 0.8728
vn -0.2987 0.5688 0.7663
vn 0.3735 -0.9276 -0.0052
vn 0.8824 -0.0511 0.4678
vn 0.8633 -0.4724 -0.1778
vn 0.9956 0.0331 -0.0871
vn 0.6997 -0.3458 0.6252
vn 0.0762 0.7383 0.6701
vn -0.6644 0.4278 0.6129
vn -0.3292 0.8996 0.2871
vn -0.8074 0.5304 0.2583
vn -0.8201 0.4518 -0.3511
vn 0.5972 0.6321 -0.4937
vn -0.9026 0.0738 0.4241
vn 0.2646 0.9600 0.0912
vn -0.5062 -0.0323 -0.8618
vn 0.9824 -0.0390 0.1826
vn 0.8867 0.0705 0.4570
vn 0.9446 -0.0201 -0.3276
vn 0.5183 -0.5600 -0.6463
vn 0.5419 -0.7506 -0.3782
vn 0.7585 -0.0434 0.6502
vn 0.7694 0.6277 -0.1188
vn -0.2299 -0.6757 -0.7004
vn 0.6400 -0.4786 0.6011
vn 0.7865 -0.5079 0.3514
vn 0.2501 0.1487 0.9567
vn -0.6184 0.7673 -0.1701
vn -0.7204 0.4320 -0.5427
vn 0.6152 0.7335 0.2889
vn 0.5397 -0.8411 -0.0359
vn -0.5741 0.5573 -0.5999
vn 0.1535 -0.6210 -0.7687
vn 0.4061 -0.5489 0.7306
vn 0.2588 -0.0628 0.9639
vn 0.0870 -0.5070 -0.8576
vn -0.4565 0.2240 0.8611
vn -0.4892 -0.8153 0.3098
vn -0.1751 -0.9049 0.3880
vn -0.5544 0.4549 0.6970
vn 0.9659 0.2276 0.1235
vn 0.8797 -0.0270 0.4747
vn 0.6420 -0.3211 -0.6963
vn 0.2397 0.2460 -0.9392
vn 0.4585 -0.8421 -0.2839
vn 0.1371 0.8295 -0.5414
vn 0.1029 -0.1880 -0.9768
vn -0.1642 0.6113 -0.7742
vn -0.1280 0.7172 -0.6850
vn 0.8898 0.2599 -0.3752
vn 0.6763 0.2979 0.6737
vn -0.1977 0.7370 0.6463
vn -0.0812 0.8520 0.5171
vn 0.4424 0.0931 0.8920
vn -0.0581 0.8602 0.5066
vn 0.0101 0.9927 0.1202
vn 0.7501 0.1283 0.6487
vn -0.0407 0.7115 0.7016
vn -0.6347 0.6168 0.4656
vn -0.6520 -0.0534 0.7563
vn -0.4088 0.7610 0.5037
vn 0.0677 0.4555 0.8876
vn -0.6879 -0.0538 0.7238
vn -0.9696 0.1175 -0.2146
vn -0.6913 0.6525 -0.3104
vn -0.2111 -0.1586 0.9645
vn -0.6411 0.5475 -0.5377
vn -0.8092 0.4457 0.3828
vn -0.1610 0.8486 0.5039
vn -0.4818 0.6100 0.6290
vn 0.4834 -0.0570 0.8736
vn 0.7763 -0.1363 -0.6154
vn -0.7182 0.6466 -0.2571
vn -0.0502 -0.5879 -0.8074
vn -0.2834 0.7485 0.5996
vn 0.2086 -0.1796 0.9614
vn 0.3220 0.7794 0.5374
vt 0.791509 0.556321
vt 0.796977 0.561932
vt 0.797742 0.580462
vt 0.803271 0.570836
vt 0.810495 0.567411
vt 0.811431 0.549986
vt 0.822289 0.545431
vt 0.827466 0.551802
vt 0.819282 0.563756
vt 0.836032 0.570740
vt 0.803516 0.592373
vt 0.820484 0.578274
vt 0.819567 0.596520
vt 0.828279 0.598247
vt 0.131319 0.168840
vt 0.101650 0.173467
vt 0.101671 0.147376
vt 0.098398 0.162240
vt 0.123354 0.200494
vt 0.093546 0.184658
vt 0.096674 0.197748
vt 0.091060 0.191359
vt 0.089529 0.191999
vt 0.612695 0.039677
vt 0.635831 0.040926
vt 0.632662 0.049913
vt 0.608122 0.051354
vt 0.632666 0.055805
vt 0.613347 0.058110
vt 0.611547 0.048552
vt 0.606689 0.050293
vt 0.608305 0.054412
vt 0.605580 0.044197
vt 0.755756 0.613889
vt 0.734680 0.606111
vt 0.752179 0.601852
vt 0.731072 0.593079
vt 0.729394 0.605354
vt 0.750721 0.585970
vt 0.764610 0.608376
vt 0.769587 0.600738
vt 0.769169 0.609744
vt 0.776029 0.610129
vt 0.760864 0.593539
vt 0.779355 0.588012
vt 0.771494 0.564594
vt 0.763532 0.565122
vt 0.759033 0.559814
vt 0.752700 0.572008
vt 0.753563 0.578399
vt 0.735554 0.584968
vt 0.730115 0.591853
vt 0.714708 0.602042
vt 0.288796 0.495173
vt 0.319836 0.486414
vt 0.354001 0.492148
vt 0.285326 0.485254
vt 0.314544 0.475213
vt 0.316236 0.451032
vt 0.286865 0.463326
vt 0.311497 0.460117
vt 0.113685 0.125059
vt 0.132638 0.098633
vt 0.126802 0.118213
vt 0.110871 0.077438
vt 0.141620 0.115715
vt 0.135063 0.099025
vt 0.124908 0.078368
vt 0.114974 0.073558
vt 0.120519 0.073309
vt 0.116987 0.069162
vt 0.097231 0.083955
vt 0.106445 0.077148
vt 0.102719 0.075138
vt 0.093639 0.092894
vt 0.099504 0.115290
vt 0.431436 0.206592
vt 0.447420 0.203564
vt 0.459591 0.223645
vt 0.430484 0.224667
vt 0.425999 0.250459
vt 0.464906 0.298085
vt 0.470561 0.300398
vt 0.465852 0.317413
vt 0.469836 0.323331
vt 0.442635 0.315037
vt 0.440610 0.307814
vt 0.446883 0.322834
vt 0.459863 0.332395
vt 0.722370 0.458045
vt 0.721661 0.471376
vt 0.712301 0.492037
vt 0.658469 0.515640
vt 0.684740 0.527063
vt 0.655765 0.521854
vt 0.703893 0.524755
vt 0.659062 0.492267
vt 0.674152 0.473136
vt 0.676617 0.463299
vt 0.681477 0.444050
vt 0.466419 0.256975
vt 0.421206 0.281103
vt 0.463043 0.284067
vt 0.431626 0.293656
vt 0.454924 0.297947
vt 0.424804 0.305758
vt 0.412934 0.303030
vt 0.411993 0.296145
vt 0.286133 0.454590
vt 0.318190 0.447273
vt 0.326904 0.445068
vt 0.350483 0.457776
vt 0.358006 0.483116
vt 0.364238 0.488005
vt 0.360484 0.478205
vt 0.072298 0.908526
vt 0.088099 0.889241
vt 0.082311 0.905450
vt 0.064419 0.885430
vt 0.074501 0.876955
vt 0.080763 0.886608
vt 0.081498 0.874562
vt 0.091105 0.879132
vt 0.084988 0.868803
vt 0.097974 0.888206
vt 0.106042 0.894571
vt 0.103027 0.905762
vt 0.684136 0.948237
vt 0.701199 0.939601
vt 0.700378 0.954535
vt 0.704106 0.940345
vt 0.702170 0.938679
vt 0.694326 0.935508
vt 0.672347 0.945447
vt 0.684097 0.923668
vt 0.219215 0.827099
vt 0.223766 0.840105
vt 0.191021 0.819009
vt 0.194580 0.830516
vt 0.215180 0.840747
vt 0.200762 0.851400
vt 0.190427 0.840799
vt 0.199861 0.813710
vt 0.226798 0.821663
vt 0.503241 0.225915
vt 0.460552 0.190585
vt 0.494250 0.193519
vt 0.456300 0.177759
vt 0.431885 0.176758
vt 0.432373 0.175781
vt 0.461639 0.175429
vt 0.428955 0.172852
vt 0.428467 0.173584
vt 0.428223 0.173828
vt 0.423828 0.172119
vt 0.426514 0.171631
vt 0.476213 0.174610
vt 0.476762 0.163891
vt 0.487041 0.162537
vt 0.499367 0.182599
vt 0.517092 0.217800
vt 0.513952 0.183940
vt 0.560435 0.771802
vt 0.556222 0.762397
vt 0.572144 0.758643
vt 0.563920 0.740869
vt 0.581840 0.740140
vt 0.574162 0.728903
vt 0.586914 0.729229
vt 0.557437 0.732262
vt 0.551154 0.753793
vt 0.540544 0.720968
vt 0.537399 0.731013
vt 0.528714 0.724287
vt 0.539327 0.720720
vt 0.549951 0.744726
vt 0.540909 0.749386
vt 0.545492 0.752639
vt 0.616640 0.176556
vt 0.616322 0.185648
vt 0.591009 0.196962
vt 0.595481 0.206206
vt 0.589844 0.211426
vt 0.592602 0.186843
vt 0.596652 0.173788
vt 0.607672 0.161710
vt 0.611055 0.168309
vt 0.626221 0.171143
vt 0.600047 0.155083
vt 0.610197 0.145133
vt 0.594258 0.128940
vt 0.601977 0.139022
vt 0.883209 0.493640
vt 0.889680 0.485054
vt 0.895784 0.499338
vt 0.878362 0.473493
vt 0.867447 0.516813
vt 0.870945 0.482996
vt 0.892025 0.522195
vt 0.873299 0.518733
vt 0.864990 0.505615
vt 0.863490 0.514487
vt 0.695765 0.629257
vt 0.667430 0.653388
vt 0.667513 0.605199
vt 0.661621 0.656250
vt 0.658282 0.645540
vt 0.638989 0.634391
vt 0.695058 0.607383
vt 0.978271 0.007568
vt 0.984635 0.009009
vt 0.984186 0.013072
vt 0.373981 0.806908
vt 0.377336 0.805966
vt 0.377358 0.819619
vt 0.381888 0.810825
vt 0.379030 0.822093
vt 0.377450 0.800861
vt 0.375488 0.799561
vt 0.387260 0.818961
vt 0.385169 0.844639
vt 0.398705 0.829579
vt 0.374601 0.837201
vt 0.372974 0.851116
vt 0.408533 0.840751
vt 0.411966 0.837390
vt 0.393799 0.851258
vt 0.402402 0.851380
vt 0.412153 0.832909
vt 0.413086 0.835610
vt 0.097768 0.134318
vt 0.108508 0.136463
vt 0.109055 0.140729
vt 0.089399 0.124171
vt 0.095853 0.134733
vt 0.085374 0.137045
vt 0.076644 0.122797
vt 0.086048 0.121543
vt 0.082820 0.105548
vt 0.085082 0.104990
vt 0.909274 0.737318
vt 0.900701 0.714239
vt 0.914277 0.714865
vt 0.910445 0.749403
vt 0.899139 0.750677
vt 0.954275 0.426558
vt 0.960737 0.428651
vt 0.941766 0.452443
vt 0.936352 0.448809
vt 0.949499 0.453746
vt 0.942791 0.457520
vt 0.936878 0.453410
vt 0.516608 0.728585
vt 0.504117 0.735213
vt 0.498691 0.717651
vt 0.488311 0.721444
vt 0.499836 0.740836
vt 0.489086 0.734642
vt 0.474726 0.715796
vt 0.480488 0.732898
vt 0.463058 0.740369
vt 0.464124 0.721096
vt 0.508290 0.715283
vt 0.085449 0.650879
vt 0.075680 0.661645
vt 0.072194 0.647994
vt 0.072235 0.651926
vt 0.071045 0.652588
vt 0.066405 0.645456
vt 0.068105 0.640157
vt 0.071555 0.634095
vt 0.061710 0.636489
vt 0.436064 0.008231
vt 0.438457 0.013848
vt 0.435303 0.016357
vt 0.003826 0.164630
vt 0.007438 0.161115
vt 0.009033 0.166260
vt 0.010986 0.163818
vt 0.010084 0.159805
vt 0.032025 0.135380
vt 0.040376 0.132467
vt 0.035034 0.136818
vt 0.045654 0.131592
vt 0.046005 0.142163
vt 0.042995 0.150247
vt 0.040817 0.151794
vt 0.174905 0.377722
vt 0.158033 0.370212
vt 0.161464 0.370510
vt 0.166061 0.369519
vt 0.164522 0.379798
vt 0.171778 0.366787
vt 0.192689 0.366452
vt 0.228592 0.953977
vt 0.223145 0.954590
vt 0.210391 0.944974
vt 0.238249 0.939514
vt 0.229553 0.926892
vt 0.199972 0.935890
vt 0.227011 0.920473
vt 0.244967 0.936349
vt 0.246338 0.949951
vt 0.249122 0.941907
vt 0.923335 0.655384
vt 0.920537 0.656855
vt 0.929797 0.640544
vt 0.922599 0.657842
vt 0.942191 0.654305
vt 0.936038 0.625370
vt 0.949855 0.655691
vt 0.116577 0.868983
vt 0.118644 0.872232
vt 0.113037 0.870605
vt 0.113235 0.868210
vt 0.126168 0.858888
vt 0.142268 0.870421
vt 0.142476 0.875337
vt 0.989511 0.309971
vt 0.985286 0.323253
vt 0.982819 0.305522
vt 0.991083 0.299932
vt 0.990234 0.299805
vt 0.970323 0.305152
vt 0.966852 0.301477
vt 0.972168 0.300049
vt 0.014985 0.050805
vt 0.013555 0.061219
vt 0.009079 0.061689
vt 0.437256 0.313721
vt 0.458009 0.304542
vt 0.626401 0.456603
vt 0.642509 0.474752
vt 0.631348 0.477295
vt 0.628602 0.449671
vt 0.626105 0.444233
vt 0.630808 0.433760
vt 0.634305 0.423975
vt 0.660043 0.447279
vt 0.656926 0.466283
vt 0.665283 0.457764
vt 0.672493 0.444996
vt 0.668344 0.422760
vt 0.677729 0.431130
vt 0.676117 0.417199
vt 0.668694 0.407163
vt 0.663500 0.406835
vt 0.655364 0.411193
vt 0.640372 0.416376
vt 0.649133 0.404820
vt 0.636533 0.396939
vt 0.638438 0.393352
vt 0.648624 0.400996
vt 0.623020 0.402856
vt 0.628662 0.426514
vt 0.170996 0.280136
vt 0.146259 0.280126
vt 0.146304 0.267860
vt 0.174939 0.273416
vt 0.167595 0.242160
vt 0.176117 0.256093
vt 0.794558 0.023589
vt 0.809876 0.013326
vt 0.802694 0.021273
vt 0.812500 0.017334
vt 0.815674 0.020996
vt 0.809197 0.036773
vt 0.802940 0.034375
vt 0.647847 0.652253
vt 0.635201 0.616150
vt 0.630770 0.624346
vt 0.626500 0.636629
vt 0.626339 0.647542
vt 0.624010 0.651920
vt 0.161111 0.470938
vt 0.167284 0.474579
vt 0.165682 0.483029
vt 0.177660 0.473208
vt 0.171567 0.497887
vt 0.191012 0.496834
vt 0.178672 0.513299
vt 0.183833 0.510446
vt 0.161959 0.520338
vt 0.166673 0.526904
vt 0.173923 0.526538
vt 0.528474 0.038377
vt 0.530444 0.032153
vt 0.538818 0.049561
vt 0.523813 0.045305
vt 0.531785 0.052199
vt 0.537731 0.054967
vt 0.016040 0.567445
vt 0.007821 0.565034
vt 0.012119 0.555265
vt 0.005143 0.556373
vt 0.045849 0.283742
vt 0.045771 0.276944
vt 0.054058 0.281384
vt 0.055825 0.288574
vt 0.056614 0.287804
vt 0.957151 0.717970
vt 0.962054 0.716136
vt 0.964834 0.719129
vt 0.963065 0.727737
vt 0.969869 0.733640
vt 0.960690 0.743240
vt 0.970512 0.741704
vt 0.970372 0.721740
vt 0.971068 0.713496
vt 0.049481 0.264886
vt 0.045402 0.267552
vt 0.051025 0.258301
vt 0.062144 0.255039
vt 0.939093 0.087945
vt 0.925781 0.084961
vt 0.929699 0.080723
vt 0.941740 0.078115
vt 0.938362 0.077628
vt 0.945361 0.094487
vt 0.947998 0.076416
vt 0.605713 0.419434
vt 0.612650 0.431332
vt 0.603400 0.430726
vt 0.589712 0.417257
vt 0.588674 0.431145
vt 0.573573 0.409234
vt 0.569114 0.412087
vt 0.563616 0.430425
vt 0.584310 0.450916
vt 0.620707 0.423743
vt 0.617920 0.427979
vt 0.615146 0.423209
vt 0.606296 0.450442
vt 0.616425 0.452296
vt 0.618978 0.474950
vt 0.610725 0.476520
vt 0.602384 0.482331
vt 0.580890 0.482185
vt 0.532996 0.479291
vt 0.535605 0.458836
vt 0.545865 0.486374
vt 0.022601 0.911896
vt 0.029297 0.912842
vt 0.028522 0.923475
vt 0.024671 0.923532
vt 0.020922 0.916399
vt 0.027567 0.933376
vt 0.252911 0.911919
vt 0.255615 0.912842
vt 0.263710 0.923601
vt 0.257779 0.911654
vt 0.274093 0.914025
vt 0.259766 0.910400
vt 0.259766 0.909180
vt 0.262695 0.908936
vt 0.273694 0.908768
vt 0.279799 0.909557
vt 0.282663 0.921045
vt 0.265998 0.938755
vt 0.254596 0.941375
vt 0.254822 0.930046
vt 0.241641 0.914286
vt 0.250244 0.909424
vt 0.245361 0.906720
vt 0.163194 0.492795
vt 0.164708 0.483433
vt 0.161622 0.484497
vt 0.158658 0.484890
vt 0.161865 0.481445
vt 0.995843 0.841810
vt 0.998935 0.844347
vt 0.995389 0.847226
vt 0.993658 0.848330
vt 0.994833 0.540343
vt 0.989746 0.541016
vt 0.989746 0.536377
vt 0.621036 0.767010
vt 0.616599 0.762547
vt 0.627909 0.743990
vt 0.613025 0.742000
vt 0.620131 0.734777
vt 0.639282 0.734829
vt 0.651621 0.733577
vt 0.648059 0.741816
vt 0.250084 0.782743
vt 0.249364 0.810221
vt 0.234438 0.808977
vt 0.233914 0.785646
vt 0.241508 0.814599
vt 0.208983 0.784724
vt 0.220402 0.806438
vt 0.225252 0.813080
vt 0.200740 0.801985
vt 0.199142 0.790255
vt 0.195408 0.784878
vt 0.564740 0.543020
vt 0.566828 0.515342
vt 0.575709 0.515202
vt 0.565872 0.534411
vt 0.563860 0.539067
vt 0.592047 0.532166
vt 0.565554 0.551412
vt 0.579812 0.558042
vt 0.632369 0.500945
vt 0.610796 0.519017
vt 0.616321 0.491197
vt 0.626346 0.487656
vt 0.628086 0.486467
vt 0.630859 0.486816
vt 0.605957 0.492920
vt 0.595152 0.500808
vt 0.615779 0.555825
vt 0.631869 0.537408
vt 0.868885 0.826828
vt 0.887662 0.819430
vt 0.897347 0.841456
vt 0.893311 0.815430
vt 0.901670 0.813725
vt 0.881836 0.840332
vt 0.916260 0.829590
vt 0.967138 0.512241
vt 0.970459 0.510498
vt 0.973066 0.514762
vt 0.968994 0.522705
vt 0.962029 0.523352
vt 0.962668 0.511779
vt 0.956180 0.517268
vt 0.961492 0.527332
vt 0.947447 0.533673
vt 0.950788 0.518923
vt 0.190262 0.058169
vt 0.183106 0.062640
vt 0.177246 0.057617
vt 0.161465 0.096798
vt 0.171204 0.067382
vt 0.174511 0.077407
vt 0.159394 0.073014
vt 0.138325 0.056887
vt 0.141357 0.054199
vt 0.144328 0.074591
vt 0.140857 0.087611
vt 0.159499 0.102529
vt 0.180434 0.121778
vt 0.177967 0.147935
vt 0.177559 0.120965
vt 0.166992 0.127930
vt 0.170166 0.120361
vt 0.175471 0.119363
vt 0.171700 0.178186
vt 0.214426 0.143899
vt 0.198127 0.178333
vt 0.886514 0.897461
vt 0.884370 0.889070
vt 0.910330 0.896015
vt 0.907887 0.904330
vt 0.898970 0.882614
vt 0.913007 0.882903
vt 0.906076 0.862421
vt 0.914364 0.862224
vt 0.899578 0.877714
vt 0.626437 0.005588
vt 0.626786 0.003335
vt 0.627930 0.004395
vt 0.626709 0.007324
vt 0.627686 0.008057
vt 0.627197 0.008057
vt 0.625977 0.011230
vt 0.627197 0.009521
vt 0.631723 0.005733
vt 0.628174 0.004395
vt 0.629130 0.008711
vt 0.627192 0.010971
vt 0.072266 0.698242
vt 0.072998 0.702393
vt 0.056055 0.709148
vt 0.997070 0.805664
vt 0.993164 0.805664
vt 0.995117 0.803955
vt 0.684326 0.007080
vt 0.686279 0.009521
vt 0.684570 0.009521
vt 0.477539 0.341797
vt 0.489290 0.338516
vt 0.472246 0.347983
vt 0.465364 0.366664
vt 0.455409 0.382370
vt 0.468369 0.388491
vt 0.527164 0.352621
vt 0.504389 0.399635
vt 0.527489 0.404980
vt 0.480922 0.410750
vt 0.456831 0.424933
vt 0.433288 0.407578
vt 0.504261 0.443929
vt 0.518825 0.442764
vt 0.296563 0.361643
vt 0.345879 0.386448
vt 0.296854 0.386619
vt 0.275268 0.394504
vt 0.273761 0.415488
vt 0.284295 0.423466
vt 0.300805 0.431585
vt 0.313494 0.436303
vt 0.341399 0.429025
vt 0.335093 0.438908
vt 0.353426 0.439842
vt 0.354489 0.432809
vt 0.378679 0.439723
vt 0.375585 0.435390
vt 0.390664 0.398097
vt 0.354782 0.415370
vt 0.127826 0.784932
vt 0.116297 0.774216
vt 0.130722 0.769045
vt 0.102782 0.781169
vt 0.108050 0.744336
vt 0.118030 0.740584
vt 0.096032 0.757265
vt 0.117502 0.712893
vt 0.143667 0.693056
vt 0.121141 0.721858
vt 0.157321 0.693422
vt 0.152257 0.684079
vt 0.140088 0.688073
vt 0.134033 0.674561
vt 0.121094 0.677734
vt 0.061768 0.416992
vt 0.071372 0.427184
vt 0.061204 0.428937
vt 0.074846 0.433705
vt 0.083740 0.425781
vt 0.088550 0.448890
vt 0.085693 0.432861
vt 0.077126 0.442295
vt 0.744255 0.968369
vt 0.741980 0.958905
vt 0.766042 0.960711
vt 0.891989 0.290451
vt 0.885571 0.302816
vt 0.878065 0.287522
vt 0.879131 0.274564
vt 0.896580 0.274828
vt 0.886296 0.255625
vt 0.899981 0.266231
vt 0.901025 0.256525
vt 0.905704 0.276117
vt 0.071231 0.513277
vt 0.075634 0.506342
vt 0.075729 0.518004
vt 0.082760 0.503397
vt 0.077640 0.490533
vt 0.105002 0.494025
vt 0.096680 0.497803
vt 0.084512 0.474590
vt 0.105225 0.497803
vt 0.103741 0.485875
vt 0.067175 0.470099
vt 0.082340 0.459307
vt 0.064416 0.318259
vt 0.070552 0.332928
vt 0.067627 0.338623
vt 0.081149 0.323839
vt 0.098679 0.330914
vt 0.221086 0.286664
vt 0.230420 0.270680
vt 0.240880 0.296747
vt 0.236212 0.301486
vt 0.252597 0.274421
vt 0.242832 0.260329
vt 0.248046 0.262542
vt 0.219690 0.251430
vt 0.237341 0.240452
vt 0.219901 0.260289
vt 0.220083 0.272057
vt 0.219905 0.281859
vt 0.245348 0.310118
vt 0.239526 0.310401
vt 0.249128 0.300023
vt 0.878270 0.203201
vt 0.875526 0.198353
vt 0.903134 0.201512
vt 0.872873 0.187110
vt 0.882048 0.180636
vt 0.900478 0.182281
vt 0.904055 0.167640
vt 0.898080 0.212113
vt 0.894043 0.217041
vt 0.885777 0.204594
vt 0.654610 0.167790
vt 0.655818 0.177020
vt 0.649755 0.176664
vt 0.656014 0.186144
vt 0.671022 0.182517
vt 0.667839 0.162137
vt 0.652811 0.163574
vt 0.655577 0.162965
vt 0.661941 0.158384
vt 0.665472 0.150142
vt 0.670897 0.140532
vt 0.681779 0.160219
vt 0.686949 0.178375
vt 0.703223 0.169256
vt 0.680991 0.201177
vt 0.697139 0.191457
vt 0.709937 0.198935
vt 0.724121 0.182129
vt 0.705967 0.157025
vt 0.716137 0.149790
vt 0.723318 0.140865
vt 0.716036 0.125205
vt 0.704452 0.135735
vt 0.686833 0.127179
vt 0.685753 0.119744
vt 0.693499 0.118727
vt 0.547915 0.142613
vt 0.541401 0.136642
vt 0.577012 0.127751
vt 0.564278 0.164551
vt 0.570060 0.186300
vt 0.565186 0.179199
vt 0.578991 0.185253
vt 0.580323 0.200588
vt 0.581868 0.219402
vt 0.574937 0.217025
vt 0.569875 0.203860
vt 0.569580 0.198730
vt 0.570896 0.214111
vt 0.570068 0.211426
vt 0.569580 0.216797
vt 0.615793 0.842162
vt 0.607600 0.840502
vt 0.617428 0.837135
vt 0.628580 0.838120
vt 0.624522 0.843955
vt 0.628889 0.827754
vt 0.635777 0.844100
vt 0.635977 0.838440
vt 0.636719 0.837646
vt 0.635010 0.836914
vt 0.635254 0.835205
vt 0.633007 0.833136
vt 0.636641 0.826375
vt 0.781633 0.192248
vt 0.775361 0.193416
vt 0.775153 0.176985
vt 0.784451 0.179694
vt 0.781848 0.173846
vt 0.767815 0.164024
vt 0.774881 0.152827
vt 0.761378 0.156572
vt 0.761146 0.168238
vt 0.743211 0.189389
vt 0.763184 0.199463
vt 0.738337 0.172394
vt 0.755519 0.159301
vt 0.723646 0.159734
vt 0.969847 0.429153
vt 0.984839 0.416556
vt 0.977341 0.431906
vt 0.980328 0.435003
vt 0.985478 0.434215
vt 0.985348 0.436418
vt 0.988525 0.438965
vt 0.987061 0.440430
vt 0.984924 0.438736
vt 0.979790 0.441990
vt 0.333766 0.798198
vt 0.347643 0.801762
vt 0.340683 0.811075
vt 0.354129 0.798927
vt 0.353667 0.794032
vt 0.343197 0.779367
vt 0.327439 0.788918
vt 0.322907 0.774874
vt 0.338229 0.771453
vt 0.331712 0.763270
vt 0.890573 0.313008
vt 0.890063 0.325443
vt 0.885986 0.314209
vt 0.891111 0.331685
vt 0.882568 0.338703
vt 0.861274 0.330744
vt 0.885946 0.360063
vt 0.887928 0.352035
vt 0.847862 0.335267
vt 0.881240 0.367154
vt 0.840890 0.328164
vt 0.271015 0.759993
vt 0.266466 0.745991
vt 0.291608 0.730468
vt 0.300933 0.753886
vt 0.306083 0.759181
vt 0.321642 0.753043
vt 0.315430 0.760254
vt 0.308259 0.738593
vt 0.321680 0.732113
vt 0.331922 0.744226
vt 0.303470 0.700656
vt 0.281006 0.718994
vt 0.292261 0.708946
vt 0.698578 0.210459
vt 0.936451 0.415126
vt 0.934993 0.412288
vt 0.937869 0.412519
vt 0.933336 0.424134
vt 0.927966 0.410432
vt 0.922870 0.411355
vt 0.909170 0.426003
vt 0.908885 0.436806
vt 0.929278 0.451304
vt 0.920757 0.449672
vt 0.931489 0.435591
vt 0.006315 0.334276
vt 0.009170 0.329980
vt 0.009033 0.334717
vt 0.007204 0.326030
vt 0.012570 0.327679
vt 0.013597 0.324240
vt 0.139217 0.665884
vt 0.142772 0.664833
vt 0.148421 0.674354
vt 0.158456 0.652661
vt 0.145726 0.639819
vt 0.161621 0.665039
vt 0.157369 0.662251
vt 0.161557 0.659984
vt 0.163936 0.633531
vt 0.173013 0.646385
vt 0.165231 0.656082
vt 0.177734 0.630371
vt 0.164376 0.622828
vt 0.152294 0.622747
vt 0.807800 0.691870
vt 0.793120 0.659744
vt 0.809508 0.678302
vt 0.808870 0.669647
vt 0.769364 0.674076
vt 0.784077 0.679842
vt 0.763113 0.686224
vt 0.757816 0.684082
vt 0.784427 0.655764
vt 0.771777 0.658053
vt 0.791124 0.644776
vt 0.810075 0.629919
vt 0.801101 0.627501
vt 0.814808 0.659353
vt 0.808780 0.665283
vt 0.188485 0.522210
vt 0.198503 0.515210
vt 0.190918 0.524414
vt 0.202076 0.505689
vt 0.213813 0.516215
vt 0.210747 0.500056
vt 0.234361 0.506405
vt 0.228418 0.457426
vt 0.200014 0.466597
vt 0.195278 0.479378
vt 0.237544 0.502750
vt 0.242612 0.467942
vt 0.234197 0.509439
vt 0.796058 0.309267
vt 0.779550 0.298658
vt 0.784031 0.299367
vt 0.787108 0.291583
vt 0.798638 0.298154
vt 0.812925 0.290975
vt 0.821305 0.262883
vt 0.801025 0.261963
vt 0.833228 0.254541
vt 0.816976 0.302701
vt 0.810431 0.313528
vt 0.823209 0.318199
vt 0.828010 0.306146
vt 0.606439 0.732823
vt 0.604923 0.725208
vt 0.604460 0.742556
vt 0.132687 0.910898
vt 0.128906 0.905518
vt 0.126811 0.897951
vt 0.143576 0.897257
vt 0.145709 0.883320
vt 0.136672 0.887830
vt 0.160554 0.883686
vt 0.148702 0.899003
vt 0.162354 0.887695
vt 0.151123 0.879395
vt 0.135897 0.885350
vt 0.123798 0.887727
vt 0.119100 0.889364
vt 0.908928 0.246655
vt 0.896860 0.242475
vt 0.907449 0.237247
vt 0.917170 0.237135
vt 0.921864 0.223128
vt 0.920624 0.216831
vt 0.898001 0.223759
vt 0.918986 0.210928
vt 0.895442 0.234359
vt 0.933563 0.788395
vt 0.928857 0.795154
vt 0.922288 0.792885
vt 0.920658 0.781188
vt 0.929113 0.774421
vt 0.923422 0.752770
vt 0.901311 0.768870
vt 0.931353 0.764824
vt 0.936258 0.754607
vt 0.936271 0.759025
vt 0.935450 0.766351
vt 0.935182 0.779222
vt 0.935546 0.775882
vt 0.936035 0.777588
vt 0.954805 0.116151
vt 0.961741 0.111809
vt 0.955966 0.125654
vt 0.968279 0.104790
vt 0.971791 0.109687
vt 0.957275 0.102783
vt 0.970438 0.116080
vt 0.969814 0.124136
vt 0.962200 0.132304
vt 0.951172 0.128662
vt 0.019194 0.722807
vt 0.012568 0.723480
vt 0.021065 0.718267
vt 0.013277 0.715524
vt 0.021729 0.723145
vt 0.019205 0.710055
vt 0.019712 0.705457
vt 0.234449 0.009283
vt 0.237305 0.013672
vt 0.223123 0.023475
vt 0.223333 0.012558
vt 0.228208 0.007385
vt 0.701968 0.789300
vt 0.687970 0.776245
vt 0.703696 0.770153
vt 0.688903 0.799398
vt 0.647217 0.789551
vt 0.658212 0.769987
vt 0.651537 0.759003
vt 0.668395 0.749798
vt 0.754330 0.131949
vt 0.737549 0.136475
vt 0.779683 0.132097
vt 0.452523 0.471243
vt 0.482154 0.460221
vt 0.484177 0.469939
vt 0.465846 0.483467
vt 0.470214 0.484820
vt 0.403965 0.474448
vt 0.428762 0.447936
vt 0.440449 0.436514
vt 0.465468 0.441627
vt 0.453215 0.431477
vt 0.296043 0.295891
vt 0.271909 0.295206
vt 0.312198 0.283465
vt 0.284096 0.248077
vt 0.284196 0.304515
vt 0.269043 0.305176
vt 0.323789 0.309599
vt 0.340868 0.292620
vt 0.292667 0.318918
vt 0.286835 0.332491
vt 0.283203 0.332275
vt 0.955121 0.787596
vt 0.956112 0.768203
vt 0.964939 0.779400
vt 0.968731 0.768017
vt 0.947660 0.760029
vt 0.957031 0.751953
vt 0.943155 0.762530
vt 0.944660 0.770569
vt 0.372576 0.184515
vt 0.335168 0.168289
vt 0.367361 0.144086
vt 0.354470 0.185997
vt 0.415473 0.161134
vt 0.401874 0.193271
vt 0.812697 0.477909
vt 0.811257 0.485840
vt 0.799663 0.474749
vt 0.795154 0.483153
vt 0.808398 0.518993
vt 0.783434 0.512405
vt 0.786272 0.483181
vt 0.773608 0.480935
vt 0.772752 0.493726
vt 0.778617 0.498122
vt 0.772949 0.501221
vt 0.771973 0.505859
vt 0.777386 0.512704
vt 0.775427 0.519480
vt 0.786788 0.520368
vt 0.798558 0.523313
vt 0.818062 0.538968
vt 0.814800 0.531744
vt 0.067898 0.025981
vt 0.076026 0.031446
vt 0.069336 0.036133
vt 0.072266 0.041504
vt 0.085480 0.029066
vt 0.088701 0.035425
vt 0.096191 0.027832
vt 0.097412 0.029297
vt 0.097900 0.027588
vt 0.095215 0.030762
vt 0.097275 0.035231
vt 0.098289 0.032615
vt 0.086744 0.040871
vt 0.092041 0.040674
vt 0.090332 0.042725
vt 0.091309 0.041260
vt 0.267090 0.045898
vt 0.273311 0.049383
vt 0.263300 0.059412
vt 0.282362 0.062248
vt 0.282319 0.049523
vt 0.281104 0.047314
vt 0.285162 0.045584
vt 0.288519 0.049699
vt 0.291079 0.051648
vt 0.297629 0.051066
vt 0.295410 0.047363
vt 0.258301 0.058350
vt 0.257324 0.058350
vt 0.983056 0.175244
vt 0.984150 0.178533
vt 0.978516 0.178467
vt 0.976265 0.177044
vt 0.977783 0.178467
vt 0.977051 0.179199
vt 0.976807 0.173340
vt 0.975855 0.175765
vt 0.975830 0.174072
vt 0.974121 0.175293
vt 0.975342 0.174805
vt 0.974854 0.175537
vt 0.968844 0.223000
vt 0.966029 0.220205
vt 0.975342 0.219238
vt 0.881820 0.865213
vt 0.892578 0.860596
vt 0.894015 0.867253
vt 0.880899 0.876116
vt 0.868528 0.880427
vt 0.857179 0.875479
vt 0.851622 0.869053
vt 0.863875 0.863302
vt 0.849213 0.862378
vt 0.295170 0.152488
vt 0.279938 0.169325
vt 0.284908 0.145477
vt 0.293724 0.148218
vt 0.284668 0.142090
vt 0.286878 0.164388
vt 0.272705 0.175049
vt 0.280025 0.187326
vt 0.285604 0.172247
vt 0.296121 0.167625
vt 0.295489 0.174154
vt 0.315913 0.151531
vt 0.302502 0.171062
vt 0.322006 0.158260
vt 0.333000 0.147225
vt 0.308258 0.139953
vt 0.289469 0.140304
vt 0.310547 0.127686
vt 0.319564 0.122097
vt 0.318296 0.136007
vt 0.321086 0.142838
vt 0.341759 0.136889
vt 0.329354 0.124764
vt 0.819642 0.922334
vt 0.798356 0.909135
vt 0.812012 0.910889
vt 0.825337 0.924205
vt 0.812663 0.935467
vt 0.825723 0.935896
vt 0.809897 0.944268
vt 0.787272 0.941397
vt 0.793541 0.933178
vt 0.791438 0.924911
vt 0.814908 0.928057
vt 0.787174 0.914848
vt 0.789537 0.907689
vt 0.513766 0.041290
vt 0.500829 0.049296
vt 0.501385 0.041775
vt 0.501726 0.036964
vt 0.495793 0.041585
vt 0.492395 0.053076
vt 0.496628 0.029859
vt 0.491090 0.047361
vt 0.500388 0.056395
vt 0.496303 0.063233
vt 0.493896 0.062988
vt 0.141977 0.448227
vt 0.142474 0.437885
vt 0.174294 0.435809
vt 0.178111 0.454050
vt 0.189941 0.458740
vt 0.220809 0.180250
vt 0.235173 0.206912
vt 0.230866 0.214722
vt 0.222060 0.166862
vt 0.239665 0.159139
vt 0.243056 0.181694
vt 0.254267 0.177286
vt 0.251243 0.196726
vt 0.241650 0.227593
vt 0.251445 0.222999
vt 0.247464 0.229366
vt 0.252673 0.230942
vt 0.233130 0.225543
vt 0.222888 0.222736
vt 0.229492 0.232910
vt 0.397500 0.602923
vt 0.412261 0.613448
vt 0.377970 0.602792
vt 0.364357 0.621763
vt 0.361585 0.599528
vt 0.402191 0.630444
vt 0.403046 0.619289
vt 0.417725 0.632568
vt 0.421175 0.610866
vt 0.418568 0.603154
vt 0.790068 0.054065
vt 0.781922 0.038297
vt 0.791193 0.038503
vt 0.805913 0.045231
vt 0.810795 0.052020
vt 0.024420 0.080428
vt 0.024662 0.056458
vt 0.038992 0.077452
vt 0.030179 0.062097
vt 0.031885 0.056591
vt 0.041618 0.067406
vt 0.944337 0.192930
vt 0.943848 0.200195
vt 0.941406 0.200684
vt 0.948121 0.177538
vt 0.959541 0.172643
vt 0.960325 0.181734
vt 0.962141 0.186468
vt 0.965580 0.179037
vt 0.965088 0.173828
vt 0.986572 0.220459
vt 0.989014 0.221191
vt 0.984131 0.221436
vt 0.986084 0.220215
vt 0.985596 0.219727
vt 0.984863 0.218750
vt 0.985596 0.219482
vt 0.984131 0.219238
vt 0.980546 0.220055
vt 0.982178 0.219727
vt 0.982666 0.219238
vt 0.981445 0.218994
vt 0.981934 0.219238
vt 0.300402 0.539929
vt 0.327652 0.519854
vt 0.306425 0.551674
vt 0.315096 0.554972
vt 0.349851 0.544577
vt 0.350643 0.523085
vt 0.338555 0.509734
vt 0.337523 0.118361
vt 0.344573 0.114175
vt 0.345131 0.123323
vt 0.588528 0.991246
vt 0.592041 0.999756
vt 0.584703 0.998377
vt 0.867651 0.741243
vt 0.887756 0.747774
vt 0.878616 0.762078
vt 0.886454 0.722236
vt 0.868685 0.712266
vt 0.849242 0.723808
vt 0.840379 0.758575
vt 0.837091 0.736277
vt 0.368846 0.983989
vt 0.376483 0.986924
vt 0.370361 0.990479
vt 0.375639 0.992487
vt 0.750019 0.109969
vt 0.758196 0.096022
vt 0.767805 0.115490
vt 0.778919 0.115179
vt 0.788490 0.103222
vt 0.768109 0.066003
vt 0.785128 0.062451
vt 0.793731 0.064221
vt 0.794823 0.076662
vt 0.798649 0.063405
vt 0.799332 0.071479
vt 0.807986 0.078486
vt 0.813717 0.105711
vt 0.804607 0.112333
vt 0.792711 0.114057
vt 0.440140 0.081711
vt 0.444134 0.093969
vt 0.405380 0.087674
vt 0.380806 0.080577
vt 0.432038 0.103464
vt 0.444683 0.101209
vt 0.445850 0.090423
vt 0.452341 0.083262
vt 0.461311 0.072996
vt 0.995950 0.687046
vt 0.992676 0.684841
vt 0.995297 0.678813
vt 0.218045 0.441965
vt 0.226150 0.421597
vt 0.273506 0.445959
vt 0.226467 0.449731
vt 0.269515 0.460861
vt 0.237309 0.419089
vt 0.277071 0.438476
vt 0.225957 0.409320
vt 0.235352 0.413818
vt 0.249658 0.417381
vt 0.281276 0.433202
vt 0.593613 0.973764
vt 0.606445 0.984131
vt 0.600154 0.984383
vt 0.588059 0.979141
vt 0.584953 0.973157
vt 0.741322 0.704322
vt 0.724053 0.677953
vt 0.756520 0.698520
vt 0.761735 0.718667
vt 0.772554 0.719015
vt 0.384859 0.357118
vt 0.356018 0.376540
vt 0.344847 0.369429
vt 0.341005 0.359824
vt 0.379639 0.371094
vt 0.333569 0.362929
vt 0.331423 0.352634
vt 0.384058 0.340408
vt 0.393881 0.337320
vt 0.395270 0.364135
vt 0.403988 0.323579
vt 0.407948 0.325759
vt 0.423268 0.343383
vt 0.418294 0.334213
vt 0.418066 0.355232
vt 0.411300 0.371459
vt 0.420940 0.370168
vt 0.425170 0.360661
vt 0.438126 0.361750
vt 0.448492 0.355501
vt 0.447274 0.346695
vt 0.453581 0.357095
vt 0.458390 0.346431
vt 0.438698 0.334248
vt 0.303559 0.568469
vt 0.310453 0.575912
vt 0.288653 0.597674
vt 0.316457 0.598012
vt 0.310588 0.617740
vt 0.329998 0.620423
vt 0.279014 0.617219
vt 0.269735 0.627186
vt 0.266848 0.622301
vt 0.295425 0.626125
vt 0.326655 0.628976
vt 0.329346 0.627686
vt 0.346680 0.628662
vt 0.341327 0.625103
vt 0.240364 0.616089
vt 0.246275 0.605439
vt 0.252929 0.611291
vt 0.253727 0.618112
vt 0.261421 0.600981
vt 0.258128 0.596514
vt 0.265625 0.593018
vt 0.258293 0.590026
vt 0.245455 0.579860
vt 0.256123 0.581210
vt 0.237073 0.591245
vt 0.216055 0.617072
vt 0.202268 0.587362
vt 0.197857 0.596806
vt 0.227430 0.576458
vt 0.240990 0.575766
vt 0.193477 0.619088
vt 0.213732 0.627496
vt 0.198118 0.629333
vt 0.220734 0.578868
vt 0.202243 0.579648
vt 0.485796 0.284240
vt 0.485720 0.257730
vt 0.495920 0.292733
vt 0.484052 0.296498
vt 0.485181 0.312548
vt 0.494266 0.322291
vt 0.497513 0.309163
vt 0.512828 0.318274
vt 0.511635 0.301666
vt 0.515797 0.255226
vt 0.525128 0.275687
vt 0.524402 0.281647
vt 0.512439 0.243674
vt 0.492921 0.242944
vt 0.494821 0.233845
vt 0.512026 0.232932
vt 0.516960 0.231104
vt 0.515706 0.228568
vt 0.519227 0.233540
vt 0.522220 0.231274
vt 0.520401 0.244577
vt 0.526439 0.228081
vt 0.527588 0.230225
vt 0.134847 0.811151
vt 0.134543 0.804701
vt 0.135340 0.798786
vt 0.144842 0.802183
vt 0.142939 0.814172
vt 0.155518 0.804447
vt 0.172814 0.797009
vt 0.168669 0.795841
vt 0.166504 0.812500
vt 0.177089 0.810468
vt 0.180314 0.802823
vt 0.184320 0.804586
vt 0.988199 0.718831
vt 0.992049 0.721936
vt 0.981589 0.727273
vt 0.979342 0.718865
vt 0.975586 0.727783
vt 0.595493 0.051315
vt 0.588475 0.061361
vt 0.585429 0.059438
vt 0.586940 0.050032
vt 0.595787 0.057712
vt 0.586746 0.040764
vt 0.589325 0.033562
vt 0.600256 0.048633
vt 0.597412 0.045166
vt 0.597334 0.056438
vt 0.016892 0.532380
vt 0.021240 0.524902
vt 0.021851 0.533174
vt 0.500716 0.990514
vt 0.498164 0.995802
vt 0.492600 0.992128
vt 0.499023 0.987793
vt 0.494822 0.982914
vt 0.229289 0.328022
vt 0.247247 0.331845
vt 0.243659 0.341328
vt 0.247556 0.320901
vt 0.242920 0.318848
vt 0.253824 0.338096
vt 0.266236 0.336562
vt 0.282856 0.351622
vt 0.278415 0.364087
vt 0.265711 0.356013
vt 0.264324 0.376562
vt 0.262576 0.367869
vt 0.216140 0.366073
vt 0.249005 0.384348
vt 0.224684 0.383651
vt 0.229947 0.391535
vt 0.249497 0.394947
vt 0.245500 0.405248
vt 0.254093 0.403792
vt 0.261401 0.383698
vt 0.259092 0.396343
vt 0.261963 0.387695
vt 0.487951 0.965490
vt 0.487767 0.952248
vt 0.509233 0.946082
vt 0.500845 0.969111
vt 0.492583 0.974762
vt 0.004639 0.028564
vt 0.003662 0.029053
vt 0.003329 0.027228
vt 0.004883 0.029785
vt 0.004883 0.030273
vt 0.005615 0.028564
vt 0.005127 0.029297
vt 0.039904 0.414092
vt 0.032784 0.419416
vt 0.028632 0.417946
vt 0.463696 0.954725
vt 0.477450 0.948303
vt 0.472656 0.954102
vt 0.470209 0.937893
vt 0.456970 0.957018
vt 0.460709 0.932437
vt 0.468064 0.927498
vt 0.468750 0.915771
vt 0.468650 0.919650
vt 0.563232 0.980713
vt 0.563829 0.990510
vt 0.558887 0.985877
vt 0.549462 0.984404
vt 0.552034 0.980870
vt 0.550033 0.989028
vt 0.802864 0.124714
vt 0.804128 0.122893
vt 0.806324 0.124423
vt 0.808256 0.129767
vt 0.815276 0.133409
vt 0.800284 0.140940
vt 0.813452 0.142496
vt 0.806726 0.160373
vt 0.794958 0.154651
vt 0.825189 0.160341
vt 0.827523 0.175119
vt 0.804713 0.171357
vt 0.789956 0.151885
vt 0.792140 0.139817
vt 0.794075 0.135512
vt 0.674553 0.995867
vt 0.668074 0.991410
vt 0.674806 0.990027
vt 0.678223 0.991943
vt 0.012188 0.098457
vt 0.021387 0.104709
vt 0.020323 0.109070
vt 0.026421 0.114563
vt 0.029697 0.107890
vt 0.029904 0.104862
vt 0.027423 0.100084
vt 0.030250 0.102535
vt 0.030677 0.099140
vt 0.517244 0.977394
vt 0.512939 0.981201
vt 0.510139 0.976620
vt 0.519921 0.967179
vt 0.519550 0.971435
vt 0.515025 0.962713
vt 0.510254 0.962891
vt 0.528826 0.972049
vt 0.526528 0.978267
vt 0.520990 0.979087
vt 0.522949 0.978516
vt 0.202383 0.697884
vt 0.209626 0.697347
vt 0.224894 0.713525
vt 0.214851 0.696147
vt 0.219945 0.701217
vt 0.201557 0.708278
vt 0.226171 0.733171
vt 0.194018 0.731763
vt 0.178612 0.731030
vt 0.173880 0.718160
vt 0.175255 0.697578
vt 0.166099 0.696492
vt 0.179255 0.695989
vt 0.192150 0.697697
vt 0.192760 0.703219
vt 0.979004 0.103516
vt 0.978271 0.103545
vt 0.979248 0.102051
vt 0.979736 0.102539
vt 0.978271 0.101074
vt 0.979980 0.101318
vt 0.981088 0.101785
vt 0.986086 0.101579
vt 0.957720 0.982829
vt 0.955199 0.992425
vt 0.944291 0.993575
vt 0.960060 0.983549
vt 0.948445 0.980241
vt 0.007008 0.009630
vt 0.012263 0.011458
vt 0.007669 0.017163
vt 0.009521 0.021484
vt 0.011273 0.019129
vt 0.077637 0.182373
vt 0.077397 0.189265
vt 0.079076 0.176871
vt 0.069801 0.187601
vt 0.061619 0.175485
vt 0.063904 0.169744
vt 0.053446 0.175639
vt 0.052877 0.168656
vt 0.062906 0.155058
vt 0.057406 0.147075
vt 0.076860 0.141245
vt 0.075968 0.154894
vt 0.077347 0.169474
vt 0.089070 0.165502
vt 0.088215 0.167961
vt 0.084717 0.169434
vt 0.073133 0.187289
vt 0.028379 0.210557
vt 0.039075 0.214450
vt 0.030970 0.226643
vt 0.050883 0.213316
vt 0.050781 0.210938
vt 0.039179 0.217595
vt 0.034268 0.229762
vt 0.702528 0.110735
vt 0.681612 0.098021
vt 0.699337 0.101316
vt 0.706736 0.092727
vt 0.722620 0.100703
vt 0.676337 0.084468
vt 0.695168 0.070102
vt 0.714783 0.076404
vt 0.726791 0.083526
vt 0.734954 0.068331
vt 0.736564 0.068557
vt 0.742000 0.068248
vt 0.737643 0.078092
vt 0.752871 0.078586
vt 0.737453 0.087643
vt 0.738905 0.095055
vt 0.729138 0.108213
vt 0.738156 0.109558
vt 0.738770 0.121582
vt 0.735657 0.126570
vt 0.723828 0.117119
vt 0.581536 0.884552
vt 0.566819 0.884298
vt 0.578245 0.868626
vt 0.585455 0.871892
vt 0.572721 0.852446
vt 0.554788 0.857308
vt 0.554688 0.886475
vt 0.544678 0.883789
vt 0.528449 0.869007
vt 0.545389 0.857526
vt 0.932122 0.849419
vt 0.934421 0.845483
vt 0.939453 0.853271
vt 0.951891 0.861450
vt 0.957876 0.847848
vt 0.956622 0.853945
vt 0.957231 0.861180
vt 0.960129 0.853869
vt 0.689706 0.890389
vt 0.680240 0.903865
vt 0.686875 0.872491
vt 0.691327 0.898914
vt 0.694386 0.897562
vt 0.945186 0.841995
vt 0.924064 0.890954
vt 0.927550 0.880236
vt 0.928467 0.889648
vt 0.935996 0.876288
vt 0.928193 0.871230
vt 0.934703 0.862071
vt 0.923902 0.852837
vt 0.248700 0.499252
vt 0.242676 0.507812
vt 0.251086 0.495590
vt 0.252666 0.492130
vt 0.249074 0.475970
vt 0.261307 0.486463
vt 0.478612 0.811801
vt 0.478084 0.805586
vt 0.492743 0.812648
vt 0.482563 0.834295
vt 0.503916 0.815537
vt 0.489035 0.840200
vt 0.503172 0.834405
vt 0.501953 0.844482
vt 0.477134 0.849699
vt 0.477803 0.842394
vt 0.322903 0.227752
vt 0.349122 0.233602
vt 0.355734 0.268166
vt 0.286500 0.206050
vt 0.368242 0.299860
vt 0.369873 0.296875
vt 0.952003 0.698284
vt 0.949623 0.693209
vt 0.960902 0.687224
vt 0.965069 0.694325
vt 0.970773 0.705652
vt 0.968554 0.708187
vt 0.504324 0.852682
vt 0.518553 0.837885
vt 0.511020 0.870995
vt 0.379453 0.066918
vt 0.371944 0.094891
vt 0.361985 0.094341
vt 0.381666 0.095035
vt 0.420720 0.113430
vt 0.389924 0.105322
vt 0.391571 0.128246
vt 0.416050 0.137059
vt 0.427666 0.135338
vt 0.425293 0.143799
vt 0.435303 0.124463
vt 0.149414 0.119385
vt 0.161201 0.120308
vt 0.141424 0.125775
vt 0.131851 0.136152
vt 0.136865 0.151963
vt 0.151277 0.159339
vt 0.323326 0.183681
vt 0.328979 0.175473
vt 0.341231 0.194767
vt 0.985002 0.114211
vt 0.982410 0.129609
vt 0.981934 0.112549
vt 0.746060 0.020750
vt 0.757760 0.031636
vt 0.737361 0.038967
vt 0.742409 0.024401
vt 0.747440 0.043506
vt 0.759509 0.036607
vt 0.115242 0.030812
vt 0.108423 0.028292
vt 0.124832 0.025272
vt 0.120730 0.018073
vt 0.106585 0.021137
vt 0.117055 0.008976
vt 0.131389 0.019996
vt 0.122803 0.009277
vt 0.125732 0.011963
vt 0.129663 0.027835
vt 0.346617 0.557562
vt 0.356512 0.554531
vt 0.362169 0.573113
vt 0.324856 0.566316
vt 0.354515 0.592464
vt 0.377712 0.591605
vt 0.029138 0.943708
vt 0.019896 0.957601
vt 0.022896 0.945476
vt 0.364347 0.311393
vt 0.352217 0.322198
vt 0.338662 0.326865
vt 0.769186 0.748598
vt 0.786435 0.730726
vt 0.767455 0.759937
vt 0.789083 0.763449
vt 0.827599 0.774003
vt 0.817708 0.737472
vt 0.831055 0.763184
vt 0.828405 0.731377
vt 0.827393 0.727295
vt 0.800154 0.733108
vt 0.795994 0.729439
vt 0.785859 0.726490
vt 0.802910 0.723983
vt 0.811987 0.720494
vt 0.782663 0.726022
vt 0.759231 0.991758
vt 0.754027 0.982100
vt 0.766664 0.980981
vt 0.767157 0.976442
vt 0.526602 0.318103
vt 0.505281 0.335919
vt 0.522627 0.328498
vt 0.528129 0.297861
vt 0.123040 0.587089
vt 0.125930 0.569838
vt 0.136116 0.584521
vt 0.118360 0.558384
vt 0.129710 0.550829
vt 0.122520 0.548454
vt 0.134858 0.560889
vt 0.153958 0.564965
vt 0.161621 0.587158
vt 0.155629 0.587618
vt 0.163477 0.584794
vt 0.160445 0.571075
vt 0.159095 0.554584
vt 0.135122 0.545219
vt 0.120176 0.542624
vt 0.090042 0.931333
vt 0.097768 0.938837
vt 0.094823 0.942224
vt 0.080603 0.929223
vt 0.071240 0.937861
vt 0.032174 0.174219
vt 0.025461 0.174727
vt 0.035400 0.168721
vt 0.030762 0.178467
vt 0.024212 0.177484
vt 0.025879 0.179688
vt 0.023926 0.179932
vt 0.025635 0.161865
vt 0.023926 0.160263
vt 0.024120 0.157362
vt 0.028968 0.160636
vt 0.038859 0.158760
vt 0.041270 0.174903
vt 0.045244 0.160677
vt 0.826405 0.144773
vt 0.794566 0.168901
vt 0.810927 0.181939
vt 0.792737 0.174390
vt 0.802261 0.185237
vt 0.834295 0.179894
vt 0.827988 0.182735
vt 0.064265 0.936365
vt 0.064746 0.934983
vt 0.996384 0.996923
vt 0.995147 0.998364
vt 0.993689 0.995522
vt 0.991943 0.991699
vt 0.988742 0.995556
vt 0.992131 0.996282
vt 0.989746 0.998291
vt 0.988644 0.998106
vt 0.117536 0.385013
vt 0.137840 0.363711
vt 0.135740 0.381128
vt 0.108030 0.365948
vt 0.140433 0.377002
vt 0.137308 0.353918
vt 0.106571 0.353537
vt 0.131949 0.342123
vt 0.127329 0.339377
vt 0.104273 0.337580
vt 0.127407 0.334507
vt 0.127169 0.329188
vt 0.362928 0.002091
vt 0.367905 0.015667
vt 0.357709 0.010073
vt 0.141108 0.537180
vt 0.158577 0.538812
vt 0.967027 0.445211
vt 0.971508 0.447043
vt 0.961170 0.453857
vt 0.964844 0.447266
vt 0.970431 0.462701
vt 0.961305 0.464787
vt 0.968753 0.475317
vt 0.949520 0.465285
vt 0.975084 0.465852
vt 0.991584 0.956127
vt 0.996201 0.962234
vt 0.987590 0.961738
vt 0.992684 0.949818
vt 0.589854 0.597465
vt 0.575051 0.605196
vt 0.570893 0.594210
vt 0.599612 0.608154
vt 0.609064 0.601499
vt 0.626511 0.605129
vt 0.621435 0.607439
vt 0.613762 0.587490
vt 0.638846 0.600580
vt 0.620437 0.590418
vt 0.624906 0.587557
vt 0.641259 0.590287
vt 0.626428 0.581917
vt 0.646973 0.584961
vt 0.630859 0.574463
vt 0.618535 0.579506
vt 0.614014 0.578011
vt 0.604715 0.570109
vt 0.592902 0.571563
vt 0.585567 0.569631
vt 0.578534 0.569059
vt 0.576756 0.569635
vt 0.062511 0.095899
vt 0.056022 0.133171
vt 0.052756 0.132997
vt 0.062028 0.129047
vt 0.981425 0.763705
vt 0.964942 0.751800
vt 0.986686 0.761343
vt 0.964640 0.749272
vt 0.991584 0.763328
vt 0.983014 0.742827
vt 0.989502 0.749756
vt 0.013691 0.838221
vt 0.024902 0.839844
vt 0.027588 0.840576
vt 0.955743 0.666299
vt 0.966668 0.658311
vt 0.978924 0.665406
vt 0.982668 0.665041
vt 0.990234 0.277832
vt 0.987549 0.282959
vt 0.986349 0.273275
vt 0.990788 0.255012
vt 0.982096 0.267903
vt 0.989650 0.254756
vt 0.458156 0.736398
vt 0.461088 0.710372
vt 0.466151 0.705957
vt 0.985119 0.941834
vt 0.984375 0.943848
vt 0.976811 0.941004
vt 0.976466 0.938974
vt 0.979901 0.928901
vt 0.976074 0.937988
vt 0.973510 0.919562
vt 0.984370 0.916764
vt 0.045046 0.151481
vt 0.050982 0.957214
vt 0.051030 0.945586
vt 0.066766 0.948411
vt 0.080932 0.952994
vt 0.074621 0.948439
vt 0.078347 0.958012
vt 0.054466 0.967716
vt 0.080470 0.970941
vt 0.058473 0.973242
vt 0.085938 0.947754
vt 0.081070 0.948489
vt 0.088132 0.946534
vt 0.047685 0.712139
vt 0.042205 0.726440
vt 0.046142 0.709722
vt 0.032943 0.721089
vt 0.028781 0.719801
vt 0.030882 0.698740
vt 0.044690 0.707571
vt 0.049028 0.709302
vt 0.048096 0.709229
vt 0.036680 0.697177
vt 0.012791 0.496212
vt 0.014733 0.487081
vt 0.017573 0.486301
vt 0.120361 0.950537
vt 0.125977 0.952393
vt 0.124459 0.965022
vt 0.112599 0.962590
vt 0.106287 0.957849
vt 0.100821 0.964028
vt 0.099121 0.960938
vt 0.098389 0.961182
vt 0.098389 0.961426
vt 0.096000 0.953230
vt 0.095703 0.957764
vt 0.092529 0.958252
vt 0.089921 0.958313
vt 0.036228 0.587766
vt 0.042139 0.575982
vt 0.038066 0.584095
vt 0.044824 0.581550
vt 0.031626 0.584104
vt 0.048665 0.597077
vt 0.031891 0.596234
vt 0.043247 0.603797
vt 0.050451 0.591793
vt 0.026131 0.146521
vt 0.014846 0.151236
vt 0.021195 0.137851
vt 0.362653 0.885902
vt 0.377937 0.885831
vt 0.370427 0.894125
vt 0.357188 0.862134
vt 0.376908 0.858841
vt 0.389943 0.871065
vt 0.398537 0.868634
vt 0.388725 0.883743
vt 0.392821 0.893397
vt 0.401288 0.883963
vt 0.981133 0.906951
vt 0.979376 0.895451
vt 0.986049 0.896143
vt 0.991897 0.899783
vt 0.992466 0.895928
vt 0.993565 0.906393
vt 0.985440 0.910079
vt 0.994629 0.910400
vt 0.026049 0.265388
vt 0.031763 0.267565
vt 0.021984 0.274786
vt 0.019026 0.269855
vt 0.020398 0.278361
vt 0.036965 0.281446
vt 0.036621 0.288330
vt 0.039062 0.288818
vt 0.039000 0.270375
vt 0.533124 0.983982
vt 0.527446 0.991274
vt 0.525683 0.989569
vt 0.538313 0.990534
vt 0.528072 0.995454
vt 0.536004 0.993098
vt 0.538816 0.994871
vt 0.541222 0.994858
vt 0.540178 0.986363
vt 0.536267 0.981919
vt 0.538980 0.979410
vt 0.541273 0.980347
vt 0.003415 0.120630
vt 0.002235 0.116249
vt 0.003662 0.114014
vt 0.008578 0.114232
vt 0.002930 0.125000
vt 0.006787 0.127239
vt 0.010146 0.127396
vt 0.016600 0.119356
vt 0.016086 0.126031
vt 0.913502 0.604650
vt 0.922771 0.601763
vt 0.940162 0.608634
vt 0.933600 0.609892
vt 0.936532 0.598752
vt 0.949424 0.606415
vt 0.947551 0.609702
vt 0.281829 0.970475
vt 0.271700 0.960010
vt 0.283068 0.959061
vt 0.286421 0.950844
vt 0.272963 0.948319
vt 0.277844 0.943804
vt 0.266245 0.949756
vt 0.255706 0.959779
vt 0.263359 0.962313
vt 0.259130 0.967760
vt 0.273562 0.975828
vt 0.742914 0.231674
vt 0.739666 0.226570
vt 0.756265 0.225696
vt 0.752984 0.211427
vt 0.765739 0.218277
vt 0.751687 0.208121
vt 0.763310 0.210688
vt 0.730988 0.220740
vt 0.734177 0.226866
vt 0.125244 0.987549
vt 0.125757 0.989479
vt 0.122575 0.992929
vt 0.397461 0.010986
vt 0.395558 0.011863
vt 0.397217 0.009766
vt 0.397461 0.009033
vt 0.399575 0.004947
vt 0.399278 0.008947
vt 0.398375 0.011710
vt 0.398682 0.010498
vt 0.010498 0.772705
vt 0.011101 0.773255
vt 0.009277 0.773193
vt 0.009880 0.772185
vt 0.008789 0.771973
vt 0.008057 0.772217
vt 0.008232 0.776463
vt 0.008057 0.774414
vt 0.005859 0.770264
vt 0.006159 0.769098
vt 0.007708 0.779282
vt 0.010010 0.775391
vt 0.008545 0.778809
vt 0.008057 0.774658
vt 0.007080 0.778076
vt 0.992791 0.872845
vt 0.996155 0.871155
vt 0.996094 0.876221
vt 0.004639 0.591309
vt 0.005615 0.590332
vt 0.004883 0.591309
vt 0.005371 0.590088
vt 0.004639 0.592041
vt 0.003873 0.589410
vt 0.005615 0.589844
vt 0.006348 0.589844
vt 0.006348 0.589600
vt 0.005859 0.589355
vt 0.344971 0.970459
vt 0.344238 0.971436
vt 0.343506 0.969727
vt 0.344328 0.973006
vt 0.343994 0.971924
vt 0.343994 0.971680
vt 0.343750 0.971924
vt 0.343750 0.970947
vt 0.333881 0.986696
vt 0.351615 0.983340
vt 0.343381 0.987475
vt 0.114646 0.229063
vt 0.117042 0.228271
vt 0.117369 0.233252
vt 0.117361 0.236214
vt 0.114515 0.244491
vt 0.108728 0.232988
vt 0.106115 0.247169
vt 0.094454 0.244977
vt 0.103941 0.258350
vt 0.109002 0.258422
vt 0.116564 0.267699
vt 0.111118 0.272704
vt 0.122151 0.254779
vt 0.125290 0.259953
vt 0.124100 0.251397
vt 0.117742 0.244266
vt 0.133948 0.255546
vt 0.137075 0.258727
vt 0.137695 0.260010
vt 0.132152 0.262291
vt 0.130949 0.268414
vt 0.124952 0.269643
vt 0.131177 0.275171
vt 0.667944 0.309168
vt 0.671448 0.300273
vt 0.671193 0.318956
vt 0.678931 0.326343
vt 0.679009 0.338658
vt 0.671127 0.340626
vt 0.906417 0.465650
vt 0.910757 0.458944
vt 0.915727 0.461889
vt 0.902267 0.481351
vt 0.899149 0.460763
vt 0.910942 0.476382
vt 0.919428 0.494850
vt 0.910125 0.493861
vt 0.916760 0.473603
vt 0.924623 0.479548
vt 0.921430 0.460793
vt 0.651323 0.275130
vt 0.668064 0.280076
vt 0.044880 0.954631
vt 0.038911 0.954729
vt 0.043979 0.941418
vt 0.038513 0.942812
vt 0.037109 0.941996
vt 0.036392 0.946755
vt 0.033691 0.952881
vt 0.036221 0.958608
vt 0.043720 0.962000
vt 0.042257 0.965513
vt 0.038386 0.969050
vt 0.025409 0.856874
vt 0.021899 0.847216
vt 0.028838 0.850362
vt 0.026611 0.864746
vt 0.022972 0.863561
vt 0.029053 0.863525
vt 0.030883 0.860105
vt 0.029785 0.861572
vt 0.721870 0.004345
vt 0.732240 0.008536
vt 0.725556 0.010206
vt 0.731568 0.005721
vt 0.734645 0.015123
vt 0.742286 0.008030
vt 0.741455 0.014893
vt 0.741318 0.003898
vt 0.739783 0.003712
vt 0.741455 0.002930
vt 0.738525 0.003174
vt 0.395583 0.201732
vt 0.393732 0.205854
vt 0.390628 0.215151
vt 0.390956 0.198662
vt 0.362186 0.219519
vt 0.392424 0.218701
vt 0.395260 0.231637
vt 0.388554 0.252377
vt 0.409898 0.245119
vt 0.408347 0.254661
vt 0.408681 0.260880
vt 0.387049 0.263976
vt 0.405819 0.288445
vt 0.403338 0.307351
vt 0.380966 0.279527
vt 0.387190 0.322082
vt 0.379278 0.253901
vt 0.373726 0.246913
vt 0.368358 0.240256
vt 0.365967 0.245361
vt 0.375855 0.273173
vt 0.476267 0.083306
vt 0.474318 0.068713
vt 0.498199 0.069081
vt 0.462492 0.104860
vt 0.504978 0.090723
vt 0.536524 0.094619
vt 0.538440 0.076763
vt 0.601368 0.922931
vt 0.606504 0.946515
vt 0.603063 0.941860
vt 0.602313 0.938381
vt 0.613092 0.943073
vt 0.605589 0.958212
vt 0.620476 0.950944
vt 0.615723 0.957764
vt 0.612061 0.960693
vt 0.620998 0.953793
vt 0.620605 0.949707
vt 0.305065 0.891601
vt 0.301604 0.903662
vt 0.290705 0.895419
vt 0.291944 0.889685
vt 0.295602 0.904285
vt 0.305436 0.909255
vt 0.299255 0.914429
vt 0.301758 0.919678
vt 0.290650 0.901350
vt 0.455462 0.970456
vt 0.457878 0.971743
vt 0.463379 0.978760
vt 0.063538 0.748590
vt 0.052895 0.748940
vt 0.058186 0.740424
vt 0.049730 0.741720
vt 0.046779 0.747083
vt 0.042038 0.732784
vt 0.048216 0.735186
vt 0.036291 0.734769
vt 0.776942 0.987877
vt 0.786019 0.987225
vt 0.779827 0.995058
vt 0.958875 0.412447
vt 0.973633 0.405762
vt 0.972731 0.409401
vt 0.958426 0.400620
vt 0.966301 0.395169
vt 0.951956 0.411766
vt 0.952637 0.416260
vt 0.950343 0.415463
vt 0.948303 0.414877
vt 0.963218 0.417642
vt 0.964333 0.415805
vt 0.965600 0.416569
vt 0.972289 0.386596
vt 0.962783 0.377241
vt 0.969846 0.379593
vt 0.967466 0.364358
vt 0.983861 0.380180
vt 0.962443 0.292856
vt 0.948975 0.294922
vt 0.950716 0.284618
vt 0.950236 0.281269
vt 0.959593 0.276725
vt 0.969241 0.280355
vt 0.959841 0.271726
vt 0.961182 0.261230
vt 0.951561 0.264793
vt 0.947510 0.270020
vt 0.990971 0.514148
vt 0.988909 0.521312
vt 0.981954 0.517357
vt 0.984128 0.512342
vt 0.010160 0.402866
vt 0.017591 0.393548
vt 0.022089 0.393967
vt 0.022954 0.404343
vt 0.020805 0.412414
vt 0.965677 0.195544
vt 0.963306 0.201429
vt 0.961426 0.195068
vt 0.965605 0.208551
vt 0.976825 0.206024
vt 0.984898 0.212798
vt 0.987241 0.200530
vt 0.985439 0.187087
vt 0.070957 0.727954
vt 0.073870 0.723731
vt 0.070796 0.743916
vt 0.078522 0.734437
vt 0.080558 0.723343
vt 0.083976 0.736650
vt 0.085377 0.723468
vt 0.087646 0.734375
vt 0.081969 0.759935
vt 0.074759 0.761003
vt 0.079398 0.767650
vt 0.080992 0.766786
vt 0.948089 0.416260
vt 0.020814 0.822063
vt 0.030326 0.815586
vt 0.029680 0.828704
vt 0.019238 0.828106
vt 0.024902 0.831055
vt 0.875658 0.049971
vt 0.878120 0.035944
vt 0.881348 0.040283
vt 0.863152 0.043465
vt 0.874295 0.054638
vt 0.858173 0.052687
vt 0.850945 0.051602
vt 0.868318 0.053633
vt 0.872314 0.056641
vt 0.014728 0.691683
vt 0.011706 0.683148
vt 0.018059 0.695615
vt 0.044143 0.993189
vt 0.046647 0.992960
vt 0.040283 0.998779
vt 0.033802 0.995100
vt 0.035515 0.991128
vt 0.414206 0.056397
vt 0.407314 0.061895
vt 0.406441 0.056131
vt 0.388328 0.054775
vt 0.393282 0.050432
vt 0.398085 0.048183
vt 0.393413 0.046130
vt 0.389790 0.049805
vt 0.383855 0.049960
vt 0.427328 0.974315
vt 0.428711 0.987672
vt 0.422439 0.976621
vt 0.433058 0.987031
vt 0.050274 0.833698
vt 0.056913 0.858084
vt 0.047199 0.843916
vt 0.046441 0.860353
vt 0.035790 0.842431
vt 0.037006 0.850241
vt 0.042109 0.828637
vt 0.648958 0.990430
vt 0.647949 0.980713
vt 0.653365 0.981126
vt 0.649747 0.979009
vt 0.660782 0.987141
vt 0.658168 0.994583
vt 0.650721 0.994399
vt 0.653320 0.995605
vt 0.649620 0.994823
vt 0.020020 0.363770
vt 0.021207 0.361200
vt 0.021729 0.364258
vt 0.017626 0.363939
vt 0.015131 0.359322
vt 0.013296 0.364534
vt 0.006371 0.360126
vt 0.016494 0.930176
vt 0.018693 0.935355
vt 0.008181 0.932961
vt 0.009879 0.939027
vt 0.007324 0.940186
vt 0.364332 0.206813
vt 0.380828 0.197553
vt 0.374220 0.196140
vt 0.361848 0.228514
vt 0.362061 0.240234
vt 0.355713 0.219971
vt 0.357636 0.201739
vt 0.357210 0.193689
vt 0.961579 0.320653
vt 0.942202 0.315738
vt 0.962192 0.308499
vt 0.942040 0.311615
vt 0.930404 0.315687
vt 0.933202 0.301986
vt 0.936387 0.307411
vt 0.942071 0.299627
vt 0.939324 0.297093
vt 0.951660 0.305176
vt 0.925760 0.273958
vt 0.919949 0.256016
vt 0.927412 0.262736
vt 0.940436 0.263385
vt 0.942356 0.270458
vt 0.941266 0.278646
vt 0.940933 0.291805
vt 0.932286 0.282550
vt 0.922753 0.280611
vt 0.914230 0.272447
vt 0.927734 0.250000
vt 0.964683 0.814521
vt 0.952199 0.802438
vt 0.964396 0.803751
vt 0.949455 0.810966
vt 0.956085 0.825429
vt 0.944455 0.829244
vt 0.970806 0.815071
vt 0.968465 0.819855
vt 0.970459 0.821401
vt 0.971217 0.830893
vt 0.959377 0.831071
vt 0.968506 0.835449
vt 0.753047 0.234761
vt 0.775899 0.225919
vt 0.773361 0.235584
vt 0.771174 0.249122
vt 0.781322 0.229052
vt 0.776647 0.218990
vt 0.986311 0.815038
vt 0.992188 0.819336
vt 0.981609 0.821937
vt 0.981182 0.829010
vt 0.984316 0.832601
vt 0.981902 0.833902
vt 0.980184 0.834453
vt 0.978415 0.833074
vt 0.984019 0.836704
vt 0.985927 0.835832
vt 0.412044 0.974683
vt 0.414211 0.980275
vt 0.409366 0.986689
vt 0.404502 0.983422
vt 0.400869 0.980554
vt 0.396388 0.983922
vt 0.395508 0.974854
vt 0.457398 0.537735
vt 0.446290 0.522004
vt 0.461885 0.532644
vt 0.440940 0.531181
vt 0.443596 0.534642
vt 0.453132 0.540388
vt 0.429829 0.521278
vt 0.434676 0.532755
vt 0.420906 0.536021
vt 0.414350 0.526864
vt 0.417031 0.535134
vt 0.414056 0.534382
vt 0.416213 0.505552
vt 0.410617 0.507354
vt 0.439047 0.510728
vt 0.448486 0.511475
vt 0.451804 0.513171
vt 0.454849 0.515943
vt 0.720427 0.251634
vt 0.705961 0.259632
vt 0.706771 0.249381
vt 0.718147 0.286918
vt 0.709366 0.283641
vt 0.691316 0.268270
vt 0.694935 0.248488
vt 0.720477 0.248033
vt 0.709971 0.217862
vt 0.720338 0.225503
vt 0.716840 0.205950
vt 0.697518 0.230031
vt 0.699217 0.220214
vt 0.686768 0.232666
vt 0.690197 0.226249
vt 0.564637 0.951519
vt 0.580811 0.949707
vt 0.577552 0.961341
vt 0.584060 0.967083
vt 0.561068 0.975910
vt 0.546967 0.969578
vt 0.753008 0.279886
vt 0.759148 0.260413
vt 0.769856 0.276060
vt 0.741160 0.295713
vt 0.728772 0.285478
vt 0.718750 0.299561
vt 0.732135 0.306596
vt 0.760272 0.303743
vt 0.768220 0.289899
vt 0.057323 0.017923
vt 0.055655 0.019354
vt 0.053553 0.009177
vt 0.056747 0.008967
vt 0.066085 0.014022
vt 0.577118 0.087665
vt 0.570479 0.086481
vt 0.575969 0.065390
vt 0.577111 0.068803
vt 0.584921 0.075740
vt 0.560335 0.070053
vt 0.570207 0.058902
vt 0.578979 0.056033
vt 0.558594 0.067383
vt 0.531733 0.063336
vt 0.526131 0.068451
vt 0.568234 0.089979
vt 0.509543 0.063747
vt 0.506827 0.057091
vt 0.016655 0.453186
vt 0.014856 0.458579
vt 0.009328 0.455322
vt 0.071894 0.451525
vt 0.052594 0.448292
vt 0.053748 0.433938
vt 0.043909 0.437795
vt 0.042450 0.443067
vt 0.042718 0.448666
vt 0.044122 0.451645
vt 0.057978 0.463142
vt 0.066176 0.459244
vt 0.045716 0.459503
vt 0.054378 0.467880
vt 0.048389 0.469778
vt 0.953537 0.088843
vt 0.957441 0.071150
vt 0.967298 0.076801
vt 0.967219 0.069923
vt 0.966307 0.089102
vt 0.959422 0.092693
vt 0.969709 0.090282
vt 0.970009 0.089625
vt 0.969971 0.091064
vt 0.972697 0.093037
vt 0.972178 0.093262
vt 0.972900 0.093506
vt 0.971966 0.070789
vt 0.969539 0.067065
vt 0.968233 0.064599
vt 0.964841 0.060231
vt 0.961406 0.060439
vt 0.996126 0.455493
vt 0.998472 0.460406
vt 0.989404 0.456499
vt 0.991587 0.453320
vt 0.986572 0.456543
vt 0.986749 0.455162
vt 0.984619 0.457764
vt 0.988809 0.461420
vt 0.997439 0.463019
vt 0.995361 0.464844
vt 0.997314 0.465332
vt 0.626038 0.959085
vt 0.629273 0.948075
vt 0.630658 0.949025
vt 0.637271 0.956975
vt 0.635421 0.968080
vt 0.629639 0.971436
vt 0.618544 0.966302
vt 0.620117 0.963379
vt 0.616211 0.968994
vt 0.615346 0.971077
vt 0.263017 0.988762
vt 0.266216 0.984822
vt 0.268507 0.988482
vt 0.265526 0.993668
vt 0.263428 0.994873
vt 0.261314 0.994769
vt 0.038512 0.015924
vt 0.038574 0.018799
vt 0.036306 0.020054
vt 0.039551 0.014893
vt 0.038818 0.013672
vt 0.031227 0.011818
vt 0.043019 0.007256
vt 0.034468 0.009455
vt 0.023926 0.007080
vt 0.018588 0.010051
vt 0.021406 0.014249
vt 0.024380 0.019743
vt 0.024635 0.028145
vt 0.035136 0.026121
vt 0.920328 0.579821
vt 0.918420 0.561994
vt 0.925155 0.569663
vt 0.930664 0.576904
vt 0.932460 0.590139
vt 0.723559 0.066154
vt 0.718543 0.070118
vt 0.713309 0.063405
vt 0.718602 0.054388
vt 0.727642 0.055255
vt 0.724790 0.056694
vt 0.725358 0.047742
vt 0.715964 0.046291
vt 0.703728 0.043604
vt 0.693539 0.059654
vt 0.693410 0.054587
vt 0.701904 0.062500
vt 0.279574 0.018115
vt 0.284180 0.005127
vt 0.290576 0.005049
vt 0.273633 0.018701
vt 0.274394 0.006194
vt 0.291673 0.009842
vt 0.635487 0.914892
vt 0.641849 0.914403
vt 0.652291 0.930424
vt 0.647635 0.939613
vt 0.636544 0.936918
vt 0.625033 0.928135
vt 0.621942 0.934528
vt 0.622290 0.919382
vt 0.616455 0.919189
vt 0.556974 0.031560
vt 0.562717 0.033310
vt 0.550790 0.032088
vt 0.565414 0.042066
vt 0.544485 0.032761
vt 0.544189 0.042236
vt 0.545103 0.050632
vt 0.547516 0.057394
vt 0.569717 0.048855
vt 0.562256 0.056396
vt 0.575398 0.033324
vt 0.052759 0.515375
vt 0.050117 0.533618
vt 0.048862 0.521071
vt 0.063358 0.527500
vt 0.067306 0.528716
vt 0.076596 0.529751
vt 0.082607 0.533917
vt 0.068741 0.527470
vt 0.129150 0.486084
vt 0.132291 0.482070
vt 0.124565 0.490415
vt 0.137804 0.478138
vt 0.122584 0.499886
vt 0.141420 0.481800
vt 0.130116 0.506391
vt 0.125977 0.502441
vt 0.123535 0.502930
vt 0.125000 0.505615
vt 0.152381 0.479973
vt 0.149928 0.491386
vt 0.154046 0.492038
vt 0.138255 0.498761
vt 0.150514 0.503522
vt 0.147032 0.522852
vt 0.139397 0.523193
vt 0.151264 0.514374
vt 0.095726 0.604579
vt 0.087076 0.618539
vt 0.081598 0.608033
vt 0.086062 0.596833
vt 0.115564 0.602579
vt 0.109863 0.600020
vt 0.117278 0.598143
vt 0.115234 0.596924
vt 0.109847 0.590282
vt 0.084958 0.586794
vt 0.087318 0.576274
vt 0.075765 0.581066
vt 0.082674 0.582339
vt 0.078789 0.587985
vt 0.077758 0.594159
vt 0.516593 0.576514
vt 0.530328 0.582481
vt 0.527306 0.584122
vt 0.527075 0.556759
vt 0.531940 0.573898
vt 0.489077 0.572093
vt 0.537865 0.577321
vt 0.524471 0.588668
vt 0.483124 0.558140
vt 0.488770 0.553955
vt 0.502927 0.550771
vt 0.527657 0.563876
vt 0.533459 0.554787
vt 0.532987 0.561649
vt 0.536728 0.544324
vt 0.092552 0.012799
vt 0.084793 0.016815
vt 0.078628 0.013286
vt 0.088290 0.005139
vt 0.093018 0.001953
vt 0.094948 0.011773
vt 0.095947 0.011963
vt 0.096924 0.012207
vt 0.095947 0.014160
vt 0.096924 0.016357
vt 0.092522 0.019991
vt 0.098203 0.023491
vt 0.478963 0.580003
vt 0.474854 0.585938
vt 0.422909 0.700678
vt 0.413252 0.658303
vt 0.417859 0.649771
vt 0.445575 0.689478
vt 0.443241 0.698407
vt 0.458740 0.688721
vt 0.459085 0.690748
vt 0.448249 0.699567
vt 0.462849 0.698603
vt 0.462891 0.695312
vt 0.452277 0.702035
vt 0.436781 0.703470
vt 0.435127 0.705183
vt 0.428324 0.705953
vt 0.441846 0.708047
vt 0.445258 0.706693
vt 0.447510 0.707520
vt 0.424486 0.707387
vt 0.409732 0.704027
vt 0.397477 0.705318
vt 0.964898 0.145580
vt 0.965727 0.166858
vt 0.963539 0.143832
vt 0.971858 0.143734
vt 0.973162 0.166903
vt 0.979343 0.150814
vt 0.981431 0.168143
vt 0.525218 0.499366
vt 0.528184 0.488222
vt 0.535441 0.493752
vt 0.545657 0.529006
vt 0.532715 0.486816
vt 0.519679 0.478654
vt 0.512257 0.477476
vt 0.510120 0.492546
vt 0.501929 0.483807
vt 0.476476 0.491029
vt 0.493688 0.509001
vt 0.479255 0.528407
vt 0.476137 0.502116
vt 0.514125 0.532790
vt 0.465570 0.513933
vt 0.467045 0.512353
vt 0.533498 0.532164
vt 0.528542 0.536116
vt 0.957709 0.036220
vt 0.954157 0.037500
vt 0.952226 0.028633
vt 0.931934 0.033691
vt 0.935059 0.037842
vt 0.948350 0.041816
vt 0.963631 0.049001
vt 0.966967 0.048084
vt 0.876959 0.102794
vt 0.871509 0.119111
vt 0.866969 0.118669
vt 0.865325 0.110572
vt 0.862569 0.105672
vt 0.863875 0.098118
vt 0.875667 0.095192
vt 0.879327 0.077745
vt 0.866943 0.081299
vt 0.874354 0.070843
vt 0.867050 0.076372
vt 0.867031 0.061353
vt 0.890217 0.907965
vt 0.899750 0.913440
vt 0.897876 0.917752
vt 0.892277 0.916451
vt 0.881880 0.919323
vt 0.860172 0.921982
vt 0.859714 0.893863
vt 0.875590 0.924922
vt 0.573075 0.245998
vt 0.580885 0.237823
vt 0.611362 0.235763
vt 0.599252 0.215017
vt 0.604223 0.218291
vt 0.614583 0.196832
vt 0.619066 0.204212
vt 0.617399 0.218825
vt 0.602563 0.277968
vt 0.620793 0.256448
vt 0.620958 0.269696
vt 0.579952 0.254740
vt 0.570701 0.250088
vt 0.404782 0.539916
vt 0.410889 0.536377
vt 0.398111 0.535690
vt 0.387912 0.534167
vt 0.388936 0.527930
vt 0.382568 0.530518
vt 0.396292 0.513136
vt 0.407471 0.505127
vt 0.215021 0.020769
vt 0.209029 0.019856
vt 0.211914 0.018066
vt 0.207793 0.022552
vt 0.205453 0.020354
vt 0.205703 0.022271
vt 0.195771 0.019372
vt 0.204499 0.012560
vt 0.195302 0.009004
vt 0.051236 0.057257
vt 0.047598 0.048824
vt 0.061475 0.050805
vt 0.048828 0.057861
vt 0.076209 0.052241
vt 0.068980 0.059875
vt 0.073773 0.049834
vt 0.049978 0.060367
vt 0.061290 0.070177
vt 0.048800 0.071904
vt 0.047917 0.080621
vt 0.060539 0.081631
vt 0.046806 0.878308
vt 0.044434 0.877686
vt 0.049220 0.869320
vt 0.050617 0.878223
vt 0.053088 0.877705
vt 0.070241 0.868353
vt 0.072302 0.866440
vt 0.074422 0.864917
vt 0.075173 0.862778
vt 0.260852 0.699256
vt 0.251893 0.675944
vt 0.271663 0.670825
vt 0.256698 0.672012
vt 0.258722 0.667325
vt 0.273355 0.648061
vt 0.284232 0.664958
vt 0.265615 0.656740
vt 0.270013 0.640147
vt 0.259017 0.650913
vt 0.518262 0.688003
vt 0.513677 0.698816
vt 0.506596 0.693924
vt 0.517122 0.682747
vt 0.497160 0.699084
vt 0.505069 0.685601
vt 0.495605 0.687744
vt 0.538169 0.665267
vt 0.523738 0.688758
vt 0.540001 0.668255
vt 0.536533 0.660095
vt 0.529982 0.660959
vt 0.948586 0.960270
vt 0.945556 0.970507
vt 0.923828 0.968262
vt 0.918627 0.971281
vt 0.975438 0.526229
vt 0.981035 0.527313
vt 0.982221 0.552303
vt 0.968994 0.532715
vt 0.966587 0.539156
vt 0.965292 0.537190
vt 0.963443 0.549315
vt 0.035729 0.804485
vt 0.034730 0.786754
vt 0.053674 0.799515
vt 0.044021 0.787370
vt 0.042788 0.810846
vt 0.052223 0.811110
vt 0.058350 0.805664
vt 0.057861 0.811523
vt 0.048839 0.811160
vt 0.045898 0.813477
vt 0.042422 0.813534
vt 0.984285 0.470559
vt 0.989258 0.474609
vt 0.986084 0.473633
vt 0.987305 0.474609
vt 0.990967 0.476562
vt 0.020020 0.334473
vt 0.020752 0.327881
vt 0.025364 0.330503
vt 0.731982 0.492692
vt 0.752016 0.482031
vt 0.756453 0.491179
vt 0.756007 0.531257
vt 0.727700 0.527144
vt 0.718057 0.508853
vt 0.713905 0.526847
vt 0.744115 0.537773
vt 0.714989 0.553823
vt 0.719459 0.558781
vt 0.753714 0.551281
vt 0.752759 0.538153
vt 0.761901 0.530924
vt 0.762289 0.517993
vt 0.760616 0.500153
vt 0.909992 0.399813
vt 0.885560 0.392943
vt 0.905938 0.383828
vt 0.892120 0.408513
vt 0.894394 0.375154
vt 0.876998 0.385971
vt 0.875023 0.384990
vt 0.877670 0.389236
vt 0.906783 0.380955
vt 0.904516 0.374406
vt 0.914062 0.373291
vt 0.915283 0.369873
vt 0.910531 0.363459
vt 0.903635 0.369292
vt 0.077939 0.991702
vt 0.078523 0.979991
vt 0.084762 0.992759
vt 0.072449 0.993738
vt 0.086914 0.989258
vt 0.093018 0.991455
vt 0.608906 0.570611
vt 0.850552 0.778124
vt 0.892403 0.774917
vt 0.891032 0.785734
vt 0.876107 0.773054
vt 0.891468 0.795348
vt 0.861813 0.785321
vt 0.837850 0.790773
vt 0.848213 0.797652
vt 0.874982 0.802971
vt 0.892578 0.802002
vt 0.836930 0.796145
vt 0.835463 0.783220
vt 0.837751 0.780321
vt 0.836386 0.773512
vt 0.848728 0.771222
vt 0.005286 0.699855
vt 0.002061 0.693681
vt 0.009100 0.694945
vt 0.529952 0.727884
vt 0.417584 0.323826
vt 0.411554 0.323897
vt 0.413717 0.379040
vt 0.405169 0.373553
vt 0.404871 0.377959
vt 0.011281 0.600235
vt 0.016284 0.583435
vt 0.024843 0.592484
vt 0.024055 0.580539
vt 0.400837 0.928510
vt 0.402660 0.940110
vt 0.389145 0.939000
vt 0.387841 0.916906
vt 0.374742 0.944989
vt 0.372451 0.930595
vt 0.380041 0.917222
vt 0.383845 0.918545
vt 0.868307 0.687827
vt 0.896483 0.662163
vt 0.901303 0.677909
vt 0.904303 0.687557
vt 0.899182 0.704359
vt 0.893849 0.699065
vt 0.905997 0.701752
vt 0.902410 0.657613
vt 0.983887 0.561768
vt 0.982910 0.560791
vt 0.983887 0.560791
vt 0.982910 0.561523
vt 0.982910 0.561279
vt 0.993896 0.121826
vt 0.995848 0.125385
vt 0.991455 0.123779
vt 0.470489 0.968675
vt 0.464437 0.966754
vt 0.473145 0.962158
vt 0.001757 0.813589
vt 0.002441 0.807861
vt 0.007461 0.819198
vt 0.006836 0.807129
vt 0.021550 0.599581
vt 0.978622 0.709775
vt 0.979385 0.702530
vt 0.986237 0.703365
vt 0.985038 0.691095
vt 0.977649 0.691584
vt 0.974455 0.687347
vt 0.363468 0.525995
vt 0.362790 0.541767
vt 0.369684 0.531232
vt 0.365999 0.552384
vt 0.368704 0.549172
vt 0.378188 0.548365
vt 0.372360 0.544389
vt 0.375407 0.540218
vt 0.365723 0.522705
vt 0.367835 0.523687
vt 0.624872 0.883421
vt 0.627231 0.893995
vt 0.598737 0.901711
vt 0.602613 0.882839
vt 0.629016 0.909918
vt 0.597917 0.912734
vt 0.590554 0.886247
vt 0.588683 0.906083
vt 0.584229 0.897461
vt 0.360913 0.762403
vt 0.363034 0.744126
vt 0.377750 0.748661
vt 0.355245 0.749160
vt 0.346553 0.733074
vt 0.349051 0.763045
vt 0.342529 0.757768
vt 0.359142 0.721250
vt 0.363037 0.711182
vt 0.367676 0.711182
vt 0.384970 0.724245
vt 0.381278 0.710235
vt 0.376710 0.733514
vt 0.389407 0.736073
vt 0.374991 0.764755
vt 0.382344 0.762295
vt 0.396593 0.755620
vt 0.385498 0.761963
vt 0.393924 0.764006
vt 0.405966 0.736031
vt 0.406300 0.747238
vt 0.400598 0.733750
vt 0.399771 0.720715
vt 0.175385 0.942887
vt 0.184387 0.945788
vt 0.176080 0.952638
vt 0.192684 0.959319
vt 0.212895 0.954510
vt 0.198799 0.968409
vt 0.207520 0.949707
vt 0.043737 0.901327
vt 0.052559 0.902568
vt 0.044706 0.915057
vt 0.038818 0.927490
vt 0.041639 0.931311
vt 0.048584 0.935059
vt 0.059611 0.915165
vt 0.962708 0.486681
vt 0.961125 0.503776
vt 0.957452 0.484924
vt 0.955166 0.500108
vt 0.936447 0.500349
vt 0.945740 0.490500
vt 0.935488 0.492359
vt 0.936122 0.485217
vt 0.949107 0.481397
vt 0.939612 0.475674
vt 0.955791 0.475625
vt 0.815744 0.706653
vt 0.834059 0.718710
vt 0.822270 0.712916
vt 0.833065 0.711647
vt 0.817417 0.711508
vt 0.809266 0.713143
vt 0.794317 0.712071
vt 0.799561 0.713867
vt 0.792869 0.718814
vt 0.126521 0.048630
vt 0.115565 0.051753
vt 0.107002 0.037144
vt 0.132437 0.047428
vt 0.132568 0.052246
vt 0.132083 0.065568
vt 0.125838 0.065614
vt 0.103796 0.043715
vt 0.826219 0.677192
vt 0.817713 0.696952
vt 0.817634 0.685338
vt 0.808026 0.702308
vt 0.818107 0.672754
vt 0.990350 0.056108
vt 0.989239 0.062346
vt 0.977991 0.059675
vt 0.440674 0.986328
vt 0.443884 0.988987
vt 0.444071 0.994944
vt 0.447607 0.984791
vt 0.826743 0.505938
vt 0.834910 0.505328
vt 0.819852 0.518454
vt 0.826595 0.518780
vt 0.841784 0.504799
vt 0.845630 0.505455
vt 0.856199 0.504077
vt 0.851141 0.511873
vt 0.855990 0.488542
vt 0.860337 0.487553
vt 0.852273 0.491761
vt 0.856762 0.486035
vt 0.862295 0.475214
vt 0.824301 0.522653
vt 0.841334 0.532777
vt 0.854713 0.534632
vt 0.856613 0.523998
vt 0.855529 0.512714
vt 0.860093 0.535383
vt 0.627179 0.986610
vt 0.630885 0.983607
vt 0.634335 0.989503
vt 0.168885 0.593557
vt 0.173935 0.587412
vt 0.182883 0.582892
vt 0.174159 0.581282
vt 0.174712 0.597190
vt 0.170462 0.603587
vt 0.170965 0.608706
vt 0.178797 0.573327
vt 0.172287 0.574838
vt 0.211321 0.564356
vt 0.183616 0.556377
vt 0.163330 0.548828
vt 0.172229 0.550403
vt 0.203957 0.546879
vt 0.957275 0.926514
vt 0.963051 0.924095
vt 0.957680 0.931645
vt 0.960303 0.937703
vt 0.967703 0.934588
vt 0.960754 0.954138
vt 0.959350 0.955931
vt 0.861200 0.958848
vt 0.870496 0.972073
vt 0.867029 0.974446
vt 0.864434 0.978119
vt 0.858040 0.956533
vt 0.852120 0.958733
vt 0.857559 0.953838
vt 0.854660 0.953585
vt 0.449919 0.795997
vt 0.457363 0.796847
vt 0.448730 0.801025
vt 0.447805 0.806886
vt 0.467415 0.801860
vt 0.471600 0.769822
vt 0.456787 0.788574
vt 0.459531 0.778729
vt 0.466531 0.767097
vt 0.544487 0.081259
vt 0.541949 0.083157
vt 0.797119 0.866211
vt 0.782933 0.870035
vt 0.771261 0.863301
vt 0.777771 0.881977
vt 0.760316 0.875613
vt 0.765036 0.862830
vt 0.751521 0.872635
vt 0.746731 0.862976
vt 0.748213 0.875121
vt 0.648798 0.379395
vt 0.622308 0.389701
vt 0.644476 0.365633
vt 0.608518 0.364771
vt 0.608589 0.380568
vt 0.609044 0.392904
vt 0.599484 0.349214
vt 0.628901 0.345843
vt 0.622654 0.316365
vt 0.591780 0.336110
vt 0.599465 0.318303
vt 0.656006 0.320801
vt 0.642387 0.325030
vt 0.655029 0.345703
vt 0.008699 0.174675
vt 0.017600 0.164975
vt 0.016277 0.176528
vt 0.719119 0.020145
vt 0.723633 0.020508
vt 0.727877 0.029766
vt 0.712709 0.029797
vt 0.759605 0.781380
vt 0.753464 0.787307
vt 0.757526 0.776634
vt 0.744625 0.770116
vt 0.752707 0.767380
vt 0.730094 0.753396
vt 0.728931 0.745248
vt 0.741211 0.748291
vt 0.743782 0.745916
vt 0.721483 0.764422
vt 0.722155 0.777395
vt 0.733321 0.791397
vt 0.735458 0.781367
vt 0.161865 0.352295
vt 0.154742 0.351186
vt 0.167974 0.349793
vt 0.167060 0.345430
vt 0.149784 0.344357
vt 0.151689 0.319713
vt 0.137075 0.313296
vt 0.132954 0.335308
vt 0.144004 0.299072
vt 0.157602 0.304154
vt 0.167857 0.311511
vt 0.162928 0.302336
vt 0.172698 0.330357
vt 0.174539 0.348986
vt 0.171529 0.350475
vt 0.672961 0.882953
vt 0.661245 0.887712
vt 0.672713 0.877429
vt 0.664774 0.870807
vt 0.659645 0.876265
vt 0.647752 0.866863
vt 0.659801 0.868483
vt 0.641038 0.865460
vt 0.641651 0.888998
vt 0.956599 0.896515
vt 0.955078 0.886230
vt 0.960228 0.887063
vt 0.961002 0.894277
vt 0.961670 0.893311
vt 0.965415 0.903057
vt 0.963135 0.895752
vt 0.963379 0.894531
vt 0.965576 0.894775
vt 0.970116 0.901790
vt 0.954223 0.915676
vt 0.950539 0.906209
vt 0.946677 0.913349
vt 0.947141 0.910751
vt 0.751790 0.745270
vt 0.759343 0.759871
vt 0.745605 0.743652
vt 0.756487 0.739158
vt 0.758880 0.745511
vt 0.083171 0.239542
vt 0.073122 0.235971
vt 0.076904 0.235352
vt 0.065002 0.241715
vt 0.050298 0.241867
vt 0.051676 0.229608
vt 0.062882 0.217603
vt 0.011188 0.309602
vt 0.010671 0.298472
vt 0.014958 0.298936
vt 0.018212 0.313433
vt 0.023638 0.298700
vt 0.027142 0.308487
vt 0.972192 0.634497
vt 0.964881 0.645797
vt 0.955468 0.614024
vt 0.955811 0.642334
vt 0.964844 0.610107
vt 0.971192 0.616893
vt 0.450592 0.141082
vt 0.445645 0.132708
vt 0.461100 0.137315
vt 0.480890 0.117274
vt 0.488421 0.136604
vt 0.503777 0.115705
vt 0.508984 0.138579
vt 0.515137 0.112305
vt 0.479970 0.151516
vt 0.469008 0.145401
vt 0.473748 0.150116
vt 0.993583 0.549652
vt 0.997731 0.550984
vt 0.993328 0.555297
vt 0.999512 0.555664
vt 0.272638 0.870296
vt 0.245804 0.873909
vt 0.240700 0.870246
vt 0.262735 0.851793
vt 0.239575 0.845894
vt 0.247106 0.839830
vt 0.235194 0.853463
vt 0.231244 0.866676
vt 0.228585 0.860743
vt 0.257203 0.834435
vt 0.285481 0.853912
vt 0.287750 0.863057
vt 0.011391 0.424486
vt 0.018481 0.424222
vt 0.018375 0.427426
vt 0.015531 0.430570
vt 0.013351 0.435418
vt 0.011843 0.430744
vt 0.815773 0.982391
vt 0.826230 0.978703
vt 0.823263 0.985140
vt 0.816179 0.989968
vt 0.829021 0.992181
vt 0.830401 0.989862
vt 0.249801 0.021101
vt 0.245423 0.009393
vt 0.256134 0.016338
vt 0.258657 0.028706
vt 0.256064 0.027840
vt 0.259766 0.022949
vt 0.264330 0.007060
vt 0.262314 0.016214
vt 0.258545 0.008057
vt 0.764244 0.854550
vt 0.776458 0.852814
vt 0.768799 0.848633
vt 0.514160 0.882324
vt 0.508127 0.891982
vt 0.485049 0.882938
vt 0.490396 0.892470
vt 0.482910 0.886475
vt 0.478897 0.878821
vt 0.474253 0.870714
vt 0.480275 0.859814
vt 0.423929 0.048044
vt 0.420107 0.039015
vt 0.429262 0.043011
vt 0.433204 0.039461
vt 0.434083 0.027512
vt 0.437256 0.037555
vt 0.428590 0.023551
vt 0.415536 0.032667
vt 0.417309 0.028680
vt 0.422171 0.020692
vt 0.430842 0.021411
vt 0.442190 0.030491
vt 0.442111 0.027674
vt 0.440918 0.035645
vt 0.934430 0.535307
vt 0.942081 0.540287
vt 0.937734 0.542450
vt 0.936704 0.546056
vt 0.933720 0.542093
vt 0.933350 0.542725
vt 0.939587 0.519532
vt 0.938865 0.526470
vt 0.919680 0.538424
vt 0.930058 0.540218
vt 0.942535 0.512098
vt 0.930912 0.517271
vt 0.918082 0.509118
vt 0.908430 0.518074
vt 0.915654 0.526832
vt 0.922208 0.546913
vt 0.925537 0.547607
vt 0.948946 0.735487
vt 0.946777 0.740967
vt 0.943011 0.726207
vt 0.933824 0.711097
vt 0.950997 0.712653
vt 0.941329 0.704465
vt 0.938056 0.735635
vt 0.931044 0.727963
vt 0.924146 0.721554
vt 0.924986 0.731792
vt 0.225486 0.985684
vt 0.219657 0.981529
vt 0.228833 0.982454
vt 0.229492 0.984375
vt 0.008852 0.997379
vt 0.005044 0.995321
vt 0.009033 0.996094
vt 0.008789 0.995117
vt 0.009521 0.996094
vt 0.009766 0.997070
vt 0.010498 0.996094
vt 0.010498 0.997070
vt 0.786155 0.980555
vt 0.798156 0.972466
vt 0.793138 0.980847
vt 0.788602 0.961998
vt 0.797320 0.959769
vt 0.782386 0.954329
vt 0.778270 0.966930
vt 0.792499 0.952596
vt 0.170134 0.008561
vt 0.166704 0.011106
vt 0.160631 0.004135
vt 0.170410 0.014502
vt 0.170410 0.017334
vt 0.011291 0.230332
vt 0.010465 0.222982
vt 0.017571 0.225742
vt 0.010044 0.229063
vt 0.007497 0.223133
vt 0.019575 0.239312
vt 0.010625 0.240995
vt 0.008756 0.238367
vt 0.007812 0.232910
vt 0.008301 0.231689
vt 0.008545 0.230957
vt 0.008545 0.227539
vt 0.007939 0.228379
vt 0.946425 0.577877
vt 0.939343 0.571728
vt 0.943172 0.565169
vt 0.958705 0.582843
vt 0.956097 0.570134
vt 0.961860 0.568927
vt 0.950917 0.559288
vt 0.937338 0.556941
vt 0.942953 0.553140
vt 0.951810 0.550865
vt 0.956157 0.550909
vt 0.959830 0.561499
vt 0.903564 0.513184
vt 0.032169 0.440663
vt 0.035477 0.455853
vt 0.026789 0.444416
vt 0.037182 0.437789
vt 0.034371 0.436343
vt 0.030944 0.433458
vt 0.026369 0.434376
vt 0.648879 0.089589
vt 0.667440 0.096142
vt 0.628133 0.103844
vt 0.631840 0.092516
vt 0.642773 0.077332
vt 0.661816 0.078640
vt 0.655734 0.073775
vt 0.629494 0.078232
vt 0.609067 0.106810
vt 0.596832 0.099849
vt 0.609803 0.073124
vt 0.613267 0.069061
vt 0.604216 0.120455
vt 0.619820 0.127975
vt 0.634240 0.126669
vt 0.651031 0.132654
vt 0.661778 0.127054
vt 0.656852 0.134391
vt 0.842801 0.271065
vt 0.859339 0.297525
vt 0.850126 0.300512
vt 0.858526 0.303754
vt 0.841826 0.300059
vt 0.859968 0.317030
vt 0.836558 0.280022
vt 0.834384 0.291922
vt 0.857930 0.257858
vt 0.848389 0.260010
vt 0.859860 0.256939
vt 0.871974 0.265172
vt 0.874268 0.266846
vt 0.872049 0.277182
vt 0.872061 0.292747
vt 0.872526 0.312516
vt 0.866234 0.314934
vt 0.857074 0.319378
vt 0.342292 0.915047
vt 0.369549 0.912248
vt 0.342778 0.924514
vt 0.364909 0.926792
vt 0.349553 0.928872
vt 0.335307 0.924646
vt 0.328461 0.921967
vt 0.332652 0.908594
vt 0.327703 0.911738
vt 0.338760 0.904552
vt 0.349880 0.901196
vt 0.365513 0.905345
vt 0.945488 0.403790
vt 0.921060 0.387619
vt 0.948276 0.392316
vt 0.945180 0.372756
vt 0.953609 0.367227
vt 0.927783 0.374977
vt 0.929412 0.370050
vt 0.416151 0.418476
vt 0.417630 0.410081
vt 0.754488 0.671404
vt 0.764751 0.661668
vt 0.758073 0.674499
vt 0.555818 0.596323
vt 0.561044 0.588414
vt 0.564204 0.626601
vt 0.561171 0.632090
vt 0.556518 0.639724
vt 0.566520 0.636638
vt 0.563477 0.645020
vt 0.545575 0.637479
vt 0.544824 0.631823
vt 0.540947 0.636070
vt 0.535051 0.633650
vt 0.534299 0.620076
vt 0.542608 0.598028
vt 0.534898 0.601220
vt 0.517884 0.600626
vt 0.525866 0.609858
vt 0.523132 0.622213
vt 0.512931 0.620173
vt 0.513764 0.632183
vt 0.505774 0.636905
vt 0.512974 0.637146
vt 0.526697 0.637610
vt 0.974365 0.023438
vt 0.978662 0.022559
vt 0.971172 0.034141
vt 0.986503 0.021356
vt 0.970336 0.036743
vt 0.968246 0.035476
vt 0.983878 0.035732
vt 0.970596 0.039477
vt 0.970824 0.040962
vt 0.972587 0.042401
vt 0.976885 0.048738
vt 0.986802 0.045596
vt 0.976094 0.964004
vt 0.964552 0.970132
vt 0.966876 0.963094
vt 0.978760 0.951416
vt 0.403748 0.956962
vt 0.399963 0.966653
vt 0.394583 0.959520
vt 0.413556 0.964921
vt 0.410120 0.952015
vt 0.418409 0.960081
vt 0.423580 0.954493
vt 0.423585 0.963969
vt 0.646007 0.956840
vt 0.649729 0.953545
vt 0.651827 0.971305
vt 0.645194 0.971120
vt 0.658936 0.976318
vt 0.662450 0.969431
vt 0.663165 0.946012
vt 0.667382 0.959945
vt 0.658918 0.937802
vt 0.650908 0.948575
vt 0.139932 0.857257
vt 0.149606 0.839928
vt 0.154283 0.848157
vt 0.159202 0.824818
vt 0.139160 0.823975
vt 0.170456 0.831377
vt 0.151647 0.867682
vt 0.174685 0.845661
vt 0.170402 0.873065
vt 0.173944 0.825471
vt 0.581979 0.711197
vt 0.577393 0.716553
vt 0.568137 0.711501
vt 0.562973 0.716060
vt 0.558362 0.703246
vt 0.553705 0.714793
vt 0.554414 0.690788
vt 0.536500 0.697987
vt 0.522585 0.717534
vt 0.520020 0.713135
vt 0.571099 0.705541
vt 0.562735 0.707589
vt 0.902585 0.347345
vt 0.915875 0.339061
vt 0.931944 0.347834
vt 0.927903 0.321852
vt 0.579914 0.789887
vt 0.564161 0.788220
vt 0.587946 0.759964
vt 0.601366 0.793302
vt 0.610352 0.769531
vt 0.589844 0.805664
vt 0.822010 0.219039
vt 0.832717 0.239976
vt 0.803738 0.230402
vt 0.786679 0.201375
vt 0.779788 0.208248
vt 0.716887 0.947473
vt 0.714839 0.965708
vt 0.709343 0.951897
vt 0.709229 0.975342
vt 0.701552 0.965147
vt 0.659414 0.019346
vt 0.647577 0.035305
vt 0.633919 0.015376
vt 0.649992 0.011698
vt 0.636329 0.011450
vt 0.631967 0.018647
vt 0.644036 0.032912
vt 0.629909 0.021031
vt 0.345378 0.009469
vt 0.348954 0.009489
vt 0.342798 0.029095
vt 0.334570 0.026634
vt 0.324108 0.015002
vt 0.325472 0.008402
vt 0.343698 0.006754
vt 0.807071 0.407277
vt 0.809708 0.426426
vt 0.802886 0.410628
vt 0.806621 0.432676
vt 0.795732 0.408224
vt 0.798545 0.407518
vt 0.800224 0.427738
vt 0.803107 0.434210
vt 0.802545 0.396245
vt 0.789551 0.398193
vt 0.794238 0.377551
vt 0.799667 0.370028
vt 0.322609 0.966207
vt 0.315595 0.968342
vt 0.314697 0.965088
vt 0.328613 0.976807
vt 0.330362 0.972523
vt 0.335696 0.960156
vt 0.341064 0.964600
vt 0.340088 0.961426
vt 0.331989 0.959284
vt 0.015610 0.194548
vt 0.012672 0.184356
vt 0.023420 0.196895
vt 0.025739 0.184814
vt 0.034508 0.185872
vt 0.921482 0.301379
vt 0.916290 0.304903
vt 0.914562 0.291084
vt 0.900348 0.297777
vt 0.902832 0.285400
vt 0.900320 0.289816
vt 0.902355 0.307258
vt 0.905677 0.310340
vt 0.917324 0.314164
vt 0.909027 0.323242
vt 0.902467 0.315705
vt 0.901690 0.323652
vt 0.907145 0.321122
vt 0.912694 0.323460
vt 0.920166 0.322998
vt 0.062188 0.499810
vt 0.053213 0.500232
vt 0.049124 0.492627
vt 0.060163 0.485589
vt 0.045454 0.480534
vt 0.039527 0.482356
vt 0.234639 0.046097
vt 0.245805 0.041720
vt 0.242920 0.055664
vt 0.250006 0.051390
vt 0.235798 0.030954
vt 0.241351 0.040180
vt 0.226562 0.035400
vt 0.227478 0.030109
vt 0.232422 0.024902
vt 0.251138 0.035061
vt 0.239502 0.024902
vt 0.243896 0.024658
vt 0.251559 0.043740
vt 0.664072 0.835776
vt 0.677439 0.829604
vt 0.668920 0.842114
vt 0.670728 0.828004
vt 0.654169 0.831359
vt 0.657813 0.842086
vt 0.649777 0.838077
vt 0.681249 0.841097
vt 0.688118 0.836595
vt 0.691630 0.833719
vt 0.696347 0.836452
vt 0.977691 0.290133
vt 0.977646 0.288087
vt 0.985308 0.288851
vt 0.979104 0.293131
vt 0.457380 0.036225
vt 0.465138 0.033172
vt 0.466636 0.040071
vt 0.459407 0.028196
vt 0.480228 0.038251
vt 0.468563 0.020501
vt 0.480994 0.033030
vt 0.485384 0.033366
vt 0.982391 0.503573
vt 0.987929 0.503494
vt 0.985370 0.506590
vt 0.976639 0.488680
vt 0.973870 0.504061
vt 0.968601 0.497643
vt 0.970885 0.484731
vt 0.891265 0.131977
vt 0.881609 0.149773
vt 0.883830 0.126640
vt 0.891733 0.134676
vt 0.874897 0.131628
vt 0.875861 0.126142
vt 0.882216 0.116308
vt 0.890688 0.107860
vt 0.880234 0.111417
vt 0.884066 0.106993
vt 0.890824 0.103971
vt 0.897979 0.589890
vt 0.886238 0.577176
vt 0.894661 0.578469
vt 0.904330 0.584247
vt 0.906363 0.556573
vt 0.909703 0.571126
vt 0.890178 0.567074
vt 0.912875 0.549563
vt 0.908938 0.550841
vt 0.901243 0.548053
vt 0.904297 0.543213
vt 0.645023 0.899129
vt 0.646055 0.894653
vt 0.667040 0.909164
vt 0.641549 0.903716
vt 0.660575 0.921022
vt 0.666704 0.900756
vt 0.666880 0.931841
vt 0.662548 0.931430
vt 0.995819 0.973114
vt 0.994320 0.980731
vt 0.997150 0.983306
vt 0.993934 0.985692
vt 0.994629 0.980469
vt 0.038373 0.042214
vt 0.036839 0.037157
vt 0.050271 0.039612
vt 0.041635 0.029776
vt 0.047667 0.025633
vt 0.058225 0.037640
vt 0.059873 0.026607
vt 0.132343 0.657590
vt 0.123932 0.662526
vt 0.109316 0.650835
vt 0.107138 0.642702
vt 0.116705 0.646169
vt 0.130859 0.650391
vt 0.109750 0.658184
vt 0.099085 0.660458
vt 0.098324 0.642343
vt 0.094819 0.652686
vt 0.094601 0.647969
vt 0.094267 0.629193
vt 0.103165 0.631342
vt 0.107830 0.638623
vt 0.824521 0.476956
vt 0.838455 0.494094
vt 0.829971 0.497905
vt 0.843589 0.484252
vt 0.834058 0.474671
vt 0.825827 0.465953
vt 0.819926 0.472494
vt 0.807837 0.459913
vt 0.831643 0.457740
vt 0.842456 0.456072
vt 0.815830 0.449520
vt 0.831445 0.443383
vt 0.850586 0.454346
vt 0.849763 0.464202
vt 0.852021 0.474733
vt 0.030029 0.536621
vt 0.026765 0.527152
vt 0.042432 0.543562
vt 0.040131 0.524861
vt 0.037150 0.521944
vt 0.043321 0.538830
vt 0.043213 0.547119
vt 0.045411 0.545770
vt 0.049944 0.545056
vt 0.045575 0.536815
vt 0.049608 0.541630
vt 0.658807 0.198782
vt 0.660607 0.201696
vt 0.645406 0.207096
vt 0.656020 0.194972
vt 0.632845 0.208840
vt 0.625373 0.191274
vt 0.637280 0.241479
vt 0.646091 0.233093
vt 0.650419 0.229275
vt 0.645597 0.241412
vt 0.643311 0.246582
vt 0.640012 0.245706
vt 0.633403 0.252350
vt 0.640164 0.250277
vt 0.642090 0.251221
vt 0.643311 0.250977
vt 0.638895 0.255684
vt 0.635041 0.272008
vt 0.639011 0.261597
vt 0.638209 0.270101
vt 0.906035 0.085163
vt 0.899557 0.097378
vt 0.895397 0.088703
vt 0.897408 0.096612
vt 0.896374 0.085205
vt 0.901035 0.082017
vt 0.890861 0.074542
vt 0.908358 0.072687
vt 0.888633 0.058517
vt 0.887021 0.067955
vt 0.909482 0.059665
vt 0.913918 0.064649
vt 0.917116 0.075608
vt 0.917811 0.093837
vt 0.025480 0.798992
vt 0.015546 0.793626
vt 0.021986 0.787744
vt 0.027537 0.794525
vt 0.028111 0.790893
vt 0.014404 0.803467
vt 0.009710 0.797498
vt 0.009277 0.792625
vt 0.181643 0.032500
vt 0.182481 0.022958
vt 0.187407 0.026798
vt 0.853149 0.983819
vt 0.859912 0.990049
vt 0.855520 0.991301
vt 0.853271 0.990479
vt 0.863174 0.985463
vt 0.866699 0.985596
vt 0.865528 0.991989
vt 0.736322 0.974210
vt 0.734279 0.973518
vt 0.732597 0.959309
vt 0.736446 0.963852
vt 0.820439 0.436347
vt 0.805543 0.452105
vt 0.829354 0.429682
vt 0.835964 0.434261
vt 0.839875 0.439760
vt 0.840867 0.441509
vt 0.842716 0.444220
vt 0.847811 0.448245
vt 0.851807 0.451904
vt 0.851074 0.449463
vt 0.531879 0.012605
vt 0.531788 0.020936
vt 0.521636 0.013106
vt 0.532045 0.003588
vt 0.541893 0.011827
vt 0.033509 0.382297
vt 0.042926 0.390152
vt 0.032134 0.394505
vt 0.039019 0.400798
vt 0.045895 0.395268
vt 0.043945 0.402588
vt 0.801049 0.456282
vt 0.799805 0.448975
vt 0.795572 0.451831
vt 0.793213 0.447266
vt 0.838710 0.030493
vt 0.851548 0.035107
vt 0.846475 0.039235
vt 0.836135 0.039568
vt 0.840775 0.048517
vt 0.829058 0.030878
vt 0.821633 0.033126
vt 0.826275 0.044394
vt 0.832376 0.053247
vt 0.825195 0.050049
vt 0.823999 0.048486
vt 0.818096 0.045557
vt 0.820069 0.038108
vt 0.448744 0.933710
vt 0.433661 0.927458
vt 0.450603 0.924829
vt 0.445992 0.919043
vt 0.451683 0.921661
vt 0.436771 0.920709
vt 0.433109 0.944731
vt 0.443378 0.945155
vt 0.419063 0.925309
vt 0.418313 0.943530
vt 0.415698 0.934280
vt 0.314866 0.984314
vt 0.314265 0.991238
vt 0.303524 0.984620
vt 0.305099 0.994237
vt 0.777247 0.634872
vt 0.782678 0.641624
vt 0.759697 0.650393
vt 0.764105 0.643615
vt 0.751615 0.647631
vt 0.748566 0.653704
vt 0.734513 0.658961
vt 0.755480 0.634094
vt 0.763383 0.622613
vt 0.754863 0.622559
vt 0.738742 0.628460
vt 0.741699 0.626465
vt 0.732273 0.630338
vt 0.723285 0.663823
vt 0.727783 0.666992
vt 0.718649 0.640452
vt 0.712197 0.649832
vt 0.718253 0.635567
vt 0.716207 0.627702
vt 0.715006 0.621363
vt 0.721607 0.616835
vt 0.733398 0.624023
vt 0.731448 0.619353
vt 0.726610 0.613712
vt 0.773783 0.624328
vt 0.124401 0.461092
vt 0.136550 0.463990
vt 0.117710 0.469183
vt 0.132397 0.457771
vt 0.117914 0.454419
vt 0.138361 0.456666
vt 0.146241 0.454095
vt 0.146523 0.460104
vt 0.122871 0.477636
vt 0.109753 0.478637
vt 0.109634 0.471881
vt 0.016127 0.647058
vt 0.021215 0.643205
vt 0.016648 0.652725
vt 0.026483 0.648747
vt 0.029164 0.643984
vt 0.025042 0.654652
vt 0.033722 0.654220
vt 0.019231 0.660018
vt 0.827379 0.889754
vt 0.834796 0.891499
vt 0.829354 0.906666
vt 0.834406 0.910904
vt 0.839216 0.908386
vt 0.828790 0.910088
vt 0.822821 0.902439
vt 0.820975 0.908265
vt 0.818337 0.898522
vt 0.817644 0.889102
vt 0.813868 0.904896
vt 0.807160 0.899673
vt 0.810352 0.905852
vt 0.806699 0.895997
vt 0.810227 0.890694
vt 0.810714 0.888676
vt 0.745620 0.314918
vt 0.732724 0.315191
vt 0.761380 0.315802
vt 0.753403 0.319998
vt 0.760929 0.327234
vt 0.764729 0.326495
vt 0.777304 0.333833
vt 0.777142 0.326683
vt 0.770448 0.319037
vt 0.778623 0.317617
vt 0.781180 0.322637
vt 0.759975 0.332382
vt 0.779444 0.343737
vt 0.780029 0.347656
vt 0.781521 0.337386
vt 0.991775 0.337876
vt 0.994435 0.336914
vt 0.997174 0.339718
vt 0.989746 0.340576
vt 0.993587 0.341450
vt 0.998159 0.336337
vt 0.769474 0.298603
vt 0.766805 0.307921
vt 0.772632 0.302538
vt 0.770020 0.304777
vt 0.771916 0.309022
vt 0.773992 0.309664
vt 0.148770 0.751259
vt 0.162997 0.736687
vt 0.169334 0.750140
vt 0.164403 0.763899
vt 0.143170 0.790016
vt 0.138434 0.787654
vt 0.146686 0.775662
vt 0.163551 0.783660
vt 0.155113 0.776911
vt 0.174155 0.749517
vt 0.186098 0.760488
vt 0.186768 0.754883
vt 0.191257 0.777330
vt 0.177827 0.778028
vt 0.170087 0.785959
vt 0.046295 0.676185
vt 0.057926 0.680619
vt 0.053242 0.686039
vt 0.054628 0.667838
vt 0.066859 0.682537
vt 0.062167 0.691314
vt 0.066298 0.686471
vt 0.048599 0.699497
vt 0.045410 0.694265
vt 0.043297 0.362321
vt 0.048770 0.371948
vt 0.038829 0.364897
vt 0.039958 0.347391
vt 0.045794 0.357032
vt 0.038138 0.353563
vt 0.033949 0.360566
vt 0.032685 0.364762
vt 0.029320 0.367423
vt 0.004150 0.442871
vt 0.008751 0.441931
vt 0.006124 0.448068
vt 0.010694 0.445076
vt 0.068297 0.358681
vt 0.055420 0.361328
vt 0.053053 0.356029
vt 0.059082 0.361816
vt 0.061640 0.342418
vt 0.053399 0.342760
vt 0.051525 0.330499
vt 0.023096 0.971671
vt 0.018171 0.979940
vt 0.018108 0.972836
vt 0.035183 0.980442
vt 0.024004 0.983209
vt 0.015190 0.983892
vt 0.656092 0.721300
vt 0.651023 0.710590
vt 0.659844 0.715742
vt 0.642833 0.705190
vt 0.638875 0.712721
vt 0.629937 0.703702
vt 0.627599 0.694348
vt 0.630847 0.698670
vt 0.605520 0.700914
vt 0.599753 0.707282
vt 0.606281 0.712744
vt 0.608525 0.712567
vt 0.607731 0.714300
vt 0.625892 0.717132
vt 0.627024 0.719236
vt 0.630859 0.722900
vt 0.446433 0.952230
vt 0.449042 0.953226
vt 0.441782 0.953622
vt 0.446289 0.970459
vt 0.440786 0.979255
vt 0.437654 0.968997
vt 0.617959 0.990562
vt 0.612827 0.989121
vt 0.612029 0.979636
vt 0.617653 0.984321
vt 0.273659 0.038183
vt 0.264648 0.035077
vt 0.272650 0.028438
vt 0.289098 0.038181
vt 0.285075 0.040942
vt 0.282225 0.030423
vt 0.273479 0.025939
vt 0.279766 0.025391
vt 0.288799 0.033261
vt 0.289553 0.029629
vt 0.625274 0.853928
vt 0.625717 0.858283
vt 0.619884 0.862519
vt 0.617986 0.855508
vt 0.611695 0.860938
vt 0.606326 0.847967
vt 0.612061 0.848877
vt 0.598202 0.851165
vt 0.603242 0.858889
vt 0.604981 0.865926
vt 0.596605 0.859728
vt 0.610338 0.869528
vt 0.591309 0.851562
vt 0.587660 0.852841
vt 0.585426 0.855584
vt 0.586731 0.857761
vt 0.619870 0.869244
vt 0.626681 0.866699
vt 0.623653 0.874638
vt 0.620243 0.872275
vt 0.617676 0.868408
vt 0.614908 0.867363
vt 0.701636 0.907461
vt 0.726296 0.901912
vt 0.706234 0.929859
vt 0.715065 0.927686
vt 0.722312 0.925578
vt 0.711503 0.932933
vt 0.694291 0.922762
vt 0.849742 0.176213
vt 0.846092 0.183035
vt 0.841013 0.175899
vt 0.842487 0.136514
vt 0.836948 0.145841
vt 0.833536 0.136273
vt 0.830334 0.137634
vt 0.836053 0.128934
vt 0.837694 0.129587
vt 0.841185 0.131590
vt 0.867205 0.127561
vt 0.864998 0.127764
vt 0.870472 0.152431
vt 0.536357 0.218274
vt 0.534546 0.213158
vt 0.546562 0.217593
vt 0.538312 0.164244
vt 0.554702 0.204841
vt 0.560597 0.197647
vt 0.559400 0.171158
vt 0.556522 0.217237
vt 0.552231 0.234811
vt 0.559326 0.223389
vt 0.531099 0.261414
vt 0.561768 0.247592
vt 0.555331 0.257388
vt 0.067329 0.347820
vt 0.957205 0.014187
vt 0.952637 0.011475
vt 0.951104 0.009112
vt 0.960890 0.006642
vt 0.970788 0.007922
vt 0.446469 0.760578
vt 0.448293 0.751521
vt 0.463728 0.755949
vt 0.457617 0.761889
vt 0.449660 0.767379
vt 0.443007 0.758833
vt 0.435819 0.741603
vt 0.443522 0.735282
vt 0.438248 0.726098
vt 0.433100 0.730091
vt 0.435097 0.716158
vt 0.429174 0.715067
vt 0.416688 0.716268
vt 0.418535 0.730066
vt 0.721579 0.569256
vt 0.711670 0.578369
vt 0.696828 0.574606
vt 0.706406 0.559149
vt 0.664906 0.560415
vt 0.693115 0.547119
vt 0.675870 0.542483
vt 0.667688 0.582400
vt 0.663574 0.545410
vt 0.644420 0.565461
vt 0.654823 0.581137
vt 0.191485 0.674230
vt 0.207315 0.686938
vt 0.193294 0.688962
vt 0.199871 0.664665
vt 0.197295 0.655978
vt 0.188610 0.662827
vt 0.179162 0.662476
vt 0.167991 0.678698
vt 0.170855 0.662751
vt 0.178896 0.685437
vt 0.168509 0.686049
vt 0.172775 0.688956
vt 0.183350 0.689941
vt 0.938684 0.238726
vt 0.944608 0.241257
vt 0.940552 0.241214
vt 0.931433 0.233762
vt 0.933884 0.233086
vt 0.932471 0.222024
vt 0.937638 0.221812
vt 0.929795 0.205648
vt 0.931913 0.204354
vt 0.950038 0.208186
vt 0.952104 0.207016
vt 0.946928 0.229623
vt 0.959458 0.227042
vt 0.947754 0.237061
vt 0.876333 0.993795
vt 0.874509 0.997574
vt 0.872083 0.989273
vt 0.907403 0.117190
vt 0.910694 0.125823
vt 0.908844 0.146731
vt 0.912109 0.137646
vt 0.898246 0.146520
vt 0.897716 0.153659
vt 0.908767 0.153638
vt 0.908483 0.158337
vt 0.923915 0.817098
vt 0.922586 0.807530
vt 0.928240 0.807229
vt 0.934914 0.810247
vt 0.930827 0.816796
vt 0.933865 0.816450
vt 0.602945 0.635949
vt 0.624132 0.661230
vt 0.635821 0.681185
vt 0.597301 0.684173
vt 0.610070 0.692535
vt 0.578097 0.647609
vt 0.578376 0.643975
vt 0.573964 0.647482
vt 0.578443 0.668263
vt 0.554822 0.659319
vt 0.552490 0.657227
vt 0.549424 0.660360
vt 0.568902 0.683660
vt 0.585284 0.686985
vt 0.573874 0.690339
vt 0.572592 0.686773
vt 0.576416 0.692383
vt 0.571289 0.686768
vt 0.571289 0.686279
vt 0.570068 0.687500
vt 0.569824 0.686279
vt 0.568848 0.685303
vt 0.558254 0.684097
vt 0.209201 0.337124
vt 0.185983 0.345512
vt 0.190990 0.339730
vt 0.202730 0.324081
vt 0.205242 0.300217
vt 0.182062 0.307225
vt 0.181800 0.303111
vt 0.187747 0.294190
vt 0.199603 0.291502
vt 0.197664 0.283134
vt 0.205832 0.284147
vt 0.208984 0.289062
vt 0.210664 0.290171
vt 0.214641 0.297520
vt 0.735823 0.348944
vt 0.741986 0.385475
vt 0.726099 0.362975
vt 0.722379 0.324157
vt 0.741544 0.331697
vt 0.739725 0.326105
vt 0.745681 0.328119
vt 0.731561 0.325660
vt 0.710667 0.324374
vt 0.714794 0.320662
vt 0.714316 0.318185
vt 0.710652 0.320647
vt 0.699610 0.319371
vt 0.699392 0.339509
vt 0.706692 0.355516
vt 0.689418 0.348531
vt 0.689085 0.339115
vt 0.719210 0.383154
vt 0.689793 0.359687
vt 0.683496 0.355964
vt 0.597225 0.687475
vt 0.594109 0.688229
vt 0.426777 0.741634
vt 0.414448 0.740864
vt 0.423241 0.751317
vt 0.418032 0.753057
vt 0.420637 0.753191
vt 0.427214 0.754782
vt 0.432519 0.755079
vt 0.428018 0.757607
vt 0.427880 0.759916
vt 0.429192 0.760620
vt 0.428223 0.763672
vt 0.433594 0.765137
vt 0.441916 0.760310
vt 0.993896 0.431885
vt 0.996826 0.433838
vt 0.994434 0.434779
vt 0.049574 0.104401
vt 0.046143 0.115723
vt 0.040653 0.115311
vt 0.037981 0.112599
vt 0.036148 0.114214
vt 0.042148 0.086282
vt 0.035733 0.108455
vt 0.045122 0.086155
vt 0.049923 0.086663
vt 0.053996 0.089308
vt 0.455322 0.021484
vt 0.449894 0.018113
vt 0.455581 0.016576
vt 0.452861 0.012193
vt 0.448730 0.015137
vt 0.446315 0.015720
vt 0.447868 0.012210
vt 0.449262 0.020105
vt 0.446289 0.016357
vt 0.446777 0.016602
vt 0.445557 0.017090
vt 0.456299 0.008301
vt 0.455322 0.011230
vt 0.457031 0.008789
vt 0.457520 0.007812
vt 0.457520 0.006836
vt 0.776145 0.027439
vt 0.761027 0.021633
vt 0.760593 0.015494
vt 0.784255 0.020442
vt 0.765981 0.008814
vt 0.150152 0.014366
vt 0.153320 0.025391
vt 0.144131 0.017202
vt 0.920166 0.856934
vt 0.361235 0.678900
vt 0.352078 0.663722
vt 0.367933 0.664488
vt 0.372185 0.673275
vt 0.366111 0.680652
vt 0.368409 0.689927
vt 0.357029 0.688531
vt 0.369493 0.696382
vt 0.373702 0.690705
vt 0.379799 0.693432
vt 0.380262 0.697808
vt 0.382710 0.696764
vt 0.378418 0.698730
vt 0.378418 0.700684
vt 0.372803 0.698486
vt 0.367920 0.700684
vt 0.361691 0.701708
vt 0.341066 0.685926
vt 0.334989 0.706343
vt 0.327731 0.705538
vt 0.351108 0.710614
vt 0.335258 0.674776
vt 0.328167 0.683751
vt 0.316057 0.703023
vt 0.327276 0.672745
vt 0.321202 0.670043
vt 0.310247 0.694859
vt 0.321080 0.708352
vt 0.653883 0.680068
vt 0.648548 0.678496
vt 0.646778 0.668144
vt 0.651754 0.661357
vt 0.683433 0.663750
vt 0.683533 0.678031
vt 0.688931 0.665069
vt 0.681628 0.692245
vt 0.692510 0.698600
vt 0.679228 0.697862
vt 0.690624 0.704722
vt 0.698226 0.699452
vt 0.662889 0.691470
vt 0.661883 0.698224
vt 0.655519 0.702153
vt 0.649592 0.695134
vt 0.647980 0.690293
vt 0.332183 0.669604
vt 0.336590 0.664017
vt 0.338554 0.659003
vt 0.345219 0.657818
vt 0.082148 0.074129
vt 0.081619 0.061150
vt 0.089600 0.062744
vt 0.092925 0.071777
vt 0.077205 0.405527
vt 0.073007 0.402042
vt 0.084961 0.403320
vt 0.068476 0.402151
vt 0.064299 0.400565
vt 0.067811 0.376431
vt 0.060512 0.408922
vt 0.051597 0.398876
vt 0.050692 0.406935
vt 0.054199 0.412354
vt 0.053120 0.388455
vt 0.057609 0.374494
vt 0.063232 0.369873
vt 0.526736 0.771860
vt 0.536976 0.769104
vt 0.531929 0.775949
vt 0.519798 0.779070
vt 0.525798 0.788654
vt 0.530867 0.783481
vt 0.527112 0.797667
vt 0.518808 0.797228
vt 0.527344 0.799316
vt 0.526197 0.801665
vt 0.507078 0.787087
vt 0.496520 0.779247
vt 0.506576 0.778054
vt 0.491973 0.790013
vt 0.484412 0.784283
vt 0.495465 0.800723
vt 0.060647 0.761683
vt 0.055244 0.781336
vt 0.057594 0.774733
vt 0.059082 0.782959
vt 0.069641 0.779029
vt 0.062131 0.786834
vt 0.065430 0.758789
vt 0.292941 0.943133
vt 0.298751 0.931171
vt 0.303697 0.955918
vt 0.313551 0.947894
vt 0.306239 0.932138
vt 0.306152 0.925537
vt 0.314890 0.918078
vt 0.310609 0.958225
vt 0.328857 0.952393
vt 0.323098 0.940669
vt 0.319252 0.923869
vt 0.337426 0.949786
vt 0.317627 0.918701
vt 0.147807 0.035066
vt 0.148868 0.049576
vt 0.147687 0.033245
vt 0.145690 0.047468
vt 0.159009 0.040724
vt 0.172030 0.046528
vt 0.165829 0.033999
vt 0.157017 0.035614
vt 0.148438 0.030762
vt 0.181887 0.397383
vt 0.184380 0.382547
vt 0.195143 0.397979
vt 0.189528 0.380751
vt 0.205443 0.422356
vt 0.210116 0.393838
vt 0.201371 0.392297
vt 0.875241 0.614195
vt 0.878460 0.610740
vt 0.879529 0.644841
vt 0.037066 0.551660
vt 0.044036 0.561112
vt 0.039834 0.566737
vt 0.033816 0.556406
vt 0.025911 0.565073
vt 0.028997 0.545636
vt 0.028395 0.549478
vt 0.025431 0.557381
vt 0.481201 0.647949
vt 0.487430 0.651246
vt 0.480891 0.665259
vt 0.475182 0.653937
vt 0.473938 0.659264
vt 0.487657 0.678341
vt 0.497057 0.658980
vt 0.502384 0.653844
vt 0.511542 0.657356
vt 0.519750 0.654791
vt 0.536280 0.646485
vt 0.528652 0.651890
vt 0.523533 0.654578
vt 0.516969 0.657106
vt 0.507568 0.664062
vt 0.504152 0.666501
vt 0.501844 0.668559
vt 0.501623 0.671236
vt 0.488109 0.683173
vt 0.499104 0.678486
vt 0.059089 0.604838
vt 0.067597 0.599253
vt 0.070162 0.610465
vt 0.064943 0.592299
vt 0.067390 0.596202
vt 0.059326 0.596191
vt 0.068738 0.586736
vt 0.067139 0.581055
vt 0.071217 0.614733
vt 0.062700 0.610933
vt 0.061523 0.611816
vt 0.059570 0.612793
vt 0.727539 0.977051
vt 0.726807 0.980957
vt 0.722366 0.977968
vt 0.726044 0.982899
vt 0.726493 0.989404
vt 0.716308 0.988333
vt 0.670887 0.978775
vt 0.675932 0.966999
vt 0.676091 0.981487
vt 0.688289 0.977728
vt 0.084880 0.790824
vt 0.075859 0.788178
vt 0.079053 0.782525
vt 0.422341 0.994260
vt 0.419870 0.995525
vt 0.410645 0.993963
vt 0.710286 0.670297
vt 0.706285 0.690488
vt 0.706062 0.669160
vt 0.701363 0.666373
vt 0.085451 0.710268
vt 0.078873 0.712280
vt 0.095412 0.683836
vt 0.087611 0.716664
vt 0.093457 0.709355
vt 0.097580 0.700632
vt 0.080561 0.684267
vt 0.074707 0.685303
vt 0.098467 0.670795
vt 0.102177 0.698125
vt 0.103760 0.694336
vt 0.103181 0.678010
vt 0.721041 0.422159
vt 0.717186 0.425248
vt 0.712176 0.411281
vt 0.720763 0.402448
vt 0.704862 0.400611
vt 0.696347 0.408711
vt 0.705375 0.420836
vt 0.708517 0.425498
vt 0.695557 0.418701
vt 0.689490 0.411461
vt 0.691548 0.404657
vt 0.684602 0.395414
vt 0.687988 0.384033
vt 0.661591 0.376832
vt 0.655804 0.377295
vt 0.110721 0.553483
vt 0.109538 0.554677
vt 0.111079 0.545427
vt 0.107486 0.540281
vt 0.092602 0.538335
vt 0.110107 0.544678
vt 0.097801 0.529197
vt 0.113919 0.536374
vt 0.127240 0.527558
vt 0.124257 0.532082
vt 0.128331 0.530445
vt 0.121682 0.521240
vt 0.104154 0.520586
vt 0.096015 0.507525
vt 0.108643 0.509277
vt 0.732465 0.926759
vt 0.731472 0.915657
vt 0.736955 0.917481
vt 0.748269 0.920070
vt 0.746026 0.930809
vt 0.766497 0.925778
vt 0.759406 0.939563
vt 0.758668 0.933830
vt 0.747917 0.942693
vt 0.731649 0.937044
vt 0.730225 0.936279
vt 0.726951 0.940810
vt 0.734504 0.939829
vt 0.726894 0.943117
vt 0.732520 0.943896
vt 0.735716 0.946853
vt 0.739099 0.947636
vt 0.753174 0.946533
vt 0.693200 0.663170
vt 0.903668 0.032644
vt 0.912354 0.034000
vt 0.908724 0.035037
vt 0.906087 0.037580
vt 0.901611 0.039551
vt 0.888340 0.035350
vt 0.838039 0.644724
vt 0.824662 0.637698
vt 0.836426 0.624116
vt 0.821318 0.622105
vt 0.829305 0.620471
vt 0.849369 0.612608
vt 0.859821 0.627970
vt 0.868140 0.626202
vt 0.858584 0.647417
vt 0.867920 0.639160
vt 0.838375 0.652232
vt 0.858323 0.653424
vt 0.853755 0.669917
vt 0.185145 0.434153
vt 0.209343 0.436452
vt 0.189824 0.448337
vt 0.457222 0.549557
vt 0.452589 0.566457
vt 0.431225 0.542471
vt 0.468297 0.564712
vt 0.469880 0.569286
vt 0.409920 0.547697
vt 0.386883 0.562343
vt 0.386390 0.557105
vt 0.395660 0.574539
vt 0.394598 0.578894
vt 0.417950 0.588726
vt 0.424492 0.579102
vt 0.413118 0.593040
vt 0.408571 0.591135
vt 0.423406 0.592599
vt 0.470215 0.583008
vt 0.830875 0.947855
vt 0.832712 0.928232
vt 0.844242 0.933435
vt 0.834195 0.920411
vt 0.844384 0.918771
vt 0.845181 0.924833
vt 0.836038 0.951203
vt 0.785970 0.428996
vt 0.784488 0.437416
vt 0.783163 0.436989
vt 0.777597 0.406112
vt 0.792374 0.424925
vt 0.767967 0.409503
vt 0.764075 0.402067
vt 0.768250 0.398042
vt 0.762916 0.382807
vt 0.753933 0.390250
vt 0.784841 0.365786
vt 0.785078 0.378398
vt 0.138203 0.954940
vt 0.134365 0.956576
vt 0.132778 0.951855
vt 0.169198 0.953624
vt 0.160376 0.947538
vt 0.167969 0.948975
vt 0.146864 0.950801
vt 0.161133 0.960693
vt 0.139160 0.424072
vt 0.128995 0.423772
vt 0.139893 0.418701
vt 0.158916 0.404329
vt 0.121273 0.420733
vt 0.150901 0.391794
vt 0.120117 0.401611
vt 0.161289 0.389628
vt 0.849027 0.021053
vt 0.838867 0.015625
vt 0.841553 0.014404
vt 0.739913 0.393209
vt 0.731447 0.396985
vt 0.738911 0.404200
vt 0.072685 0.298045
vt 0.067963 0.297188
vt 0.072009 0.284426
vt 0.086579 0.273488
vt 0.071181 0.271554
vt 0.065150 0.284336
vt 0.062153 0.275046
vt 0.070746 0.251951
vt 0.092071 0.264511
vt 0.075928 0.803467
vt 0.083641 0.811221
vt 0.065963 0.809441
vt 0.082300 0.823595
vt 0.076594 0.819805
vt 0.064957 0.824537
vt 0.066656 0.830123
vt 0.082443 0.832670
vt 0.068782 0.835027
vt 0.084830 0.846312
vt 0.068272 0.848548
vt 0.797519 0.986692
vt 0.798236 0.991256
vt 0.798558 0.997124
vt 0.807285 0.989857
vt 0.483184 0.062803
vt 0.471007 0.061587
vt 0.466303 0.048721
vt 0.462604 0.054892
vt 0.460036 0.055787
vt 0.454324 0.061604
vt 0.454102 0.056885
vt 0.009342 0.756144
vt 0.017885 0.766400
vt 0.009033 0.759033
vt 0.007548 0.752731
vt 0.016288 0.753093
vt 0.009569 0.749748
vt 0.010868 0.344773
vt 0.023997 0.344980
vt 0.024089 0.351924
vt 0.577972 0.302029
vt 0.583529 0.307724
vt 0.555957 0.340610
vt 0.582937 0.320862
vt 0.584033 0.357185
vt 0.561625 0.365572
vt 0.534907 0.341228
vt 0.552189 0.320519
vt 0.578993 0.385171
vt 0.580220 0.381551
vt 0.565864 0.386379
vt 0.545963 0.368103
vt 0.546387 0.358887
vt 0.543580 0.374547
vt 0.559303 0.389462
vt 0.542520 0.383034
vt 0.803615 0.884595
vt 0.798943 0.879968
vt 0.805346 0.877162
vt 0.810544 0.862581
vt 0.827085 0.879534
vt 0.828153 0.874956
vt 0.842389 0.885401
vt 0.843014 0.883738
vt 0.829892 0.871083
vt 0.844681 0.883361
vt 0.512230 0.150660
vt 0.529665 0.135473
vt 0.533488 0.141382
vt 0.517868 0.159579
vt 0.525559 0.126812
vt 0.027644 0.995937
vt 0.016052 0.996312
vt 0.016160 0.993461
vt 0.028361 0.992423
vt 0.805245 0.849403
vt 0.803376 0.844478
vt 0.814664 0.838702
vt 0.822733 0.838356
vt 0.822644 0.829609
vt 0.829037 0.828074
vt 0.809824 0.820217
vt 0.796022 0.844579
vt 0.792194 0.820552
vt 0.793174 0.846707
vt 0.786406 0.852428
vt 0.782586 0.824989
vt 0.801758 0.818848
vt 0.817345 0.814495
vt 0.986563 0.864123
vt 0.979068 0.861143
vt 0.970615 0.844880
vt 0.967041 0.847656
vt 0.966748 0.855565
vt 0.970247 0.870218
vt 0.964212 0.865050
vt 0.558939 0.832693
vt 0.567854 0.830911
vt 0.569391 0.842336
vt 0.582745 0.840094
vt 0.587158 0.846680
vt 0.932107 0.027055
vt 0.927780 0.018798
vt 0.933838 0.029053
vt 0.244413 0.739238
vt 0.250663 0.748971
vt 0.236695 0.747970
vt 0.253907 0.739676
vt 0.239455 0.732744
vt 0.232884 0.742750
vt 0.235588 0.735065
vt 0.220596 0.750359
vt 0.240713 0.762029
vt 0.254883 0.751709
vt 0.258372 0.754881
vt 0.253174 0.766602
vt 0.228723 0.778941
vt 0.210934 0.767668
vt 0.205540 0.748645
vt 0.208252 0.771240
vt 0.201416 0.772157
vt 0.862527 0.405185
vt 0.834785 0.413513
vt 0.853489 0.395678
vt 0.865116 0.388809
vt 0.858524 0.384924
vt 0.869730 0.374882
vt 0.860165 0.432421
vt 0.845927 0.426013
vt 0.845215 0.423828
vt 0.843830 0.424330
vt 0.819336 0.416748
vt 0.817071 0.404647
vt 0.829976 0.401004
vt 0.823206 0.398078
vt 0.313173 0.112979
vt 0.292289 0.125910
vt 0.273592 0.096252
vt 0.312269 0.092161
vt 0.318587 0.094769
vt 0.309492 0.071290
vt 0.330938 0.084396
vt 0.309794 0.066427
vt 0.335511 0.072066
vt 0.313572 0.062048
vt 0.309814 0.063721
vt 0.302057 0.075176
vt 0.286133 0.075684
vt 0.277703 0.084086
vt 0.268237 0.083942
vt 0.267502 0.077283
vt 0.269371 0.091862
vt 0.266152 0.093054
vt 0.665663 0.007579
vt 0.665250 0.004436
vt 0.675927 0.004507
vt 0.676231 0.012056
vt 0.669820 0.018642
vt 0.666523 0.015512
vt 0.911867 0.201434
vt 0.921802 0.199053
vt 0.922085 0.203504
vt 0.925101 0.196434
vt 0.923427 0.187746
vt 0.926067 0.192876
vt 0.914711 0.192572
vt 0.909419 0.186090
vt 0.913970 0.164797
vt 0.936074 0.174354
vt 0.938477 0.191650
vt 0.854928 0.117186
vt 0.850221 0.098929
vt 0.858887 0.114746
vt 0.833647 0.092944
vt 0.847107 0.115884
vt 0.833749 0.101305
vt 0.817088 0.090174
vt 0.823363 0.069462
vt 0.831675 0.075122
vt 0.835344 0.077992
vt 0.837099 0.085084
vt 0.839652 0.078949
vt 0.856311 0.075805
vt 0.852025 0.074137
vt 0.853628 0.064960
vt 0.848038 0.064330
vt 0.838116 0.058758
vt 0.844475 0.057377
vt 0.833001 0.064416
vt 0.845506 0.058476
vt 0.831306 0.062461
vt 0.098160 0.289161
vt 0.095503 0.309441
vt 0.093853 0.292534
vt 0.093040 0.317910
vt 0.090452 0.313678
vt 0.108864 0.308567
vt 0.115327 0.301401
vt 0.120135 0.306605
vt 0.119385 0.306641
vt 0.126463 0.307189
vt 0.131114 0.305412
vt 0.132854 0.286578
vt 0.129893 0.286476
vt 0.096713 0.843887
vt 0.103389 0.845426
vt 0.097168 0.851807
vt 0.095007 0.825073
vt 0.118217 0.812892
vt 0.113846 0.838999
vt 0.103404 0.810618
vt 0.100342 0.800230
vt 0.027588 0.380371
vt 0.015889 0.381273
vt 0.026616 0.375248
vt 0.031012 0.373393
vt 0.032959 0.375244
vt 0.027100 0.374512
vt 0.022461 0.372803
vt 0.015742 0.372866
vt 0.185254 0.885849
vt 0.198509 0.862414
vt 0.184955 0.894672
vt 0.212784 0.879526
vt 0.210726 0.870580
vt 0.216937 0.877830
vt 0.631595 0.787388
vt 0.626465 0.774658
vt 0.633161 0.766904
vt 0.641499 0.764976
vt 0.622640 0.786556
vt 0.616699 0.789795
vt 0.619200 0.795329
vt 0.637480 0.794942
vt 0.642644 0.802009
vt 0.620983 0.815123
vt 0.321681 0.854147
vt 0.335754 0.852069
vt 0.336157 0.864973
vt 0.327400 0.870029
vt 0.346111 0.856721
vt 0.314191 0.874569
vt 0.308750 0.873562
vt 0.309110 0.860515
vt 0.314315 0.849135
vt 0.201435 0.049422
vt 0.188497 0.040333
vt 0.190430 0.036133
vt 0.202286 0.034844
vt 0.209906 0.048343
vt 0.217207 0.036899
vt 0.221832 0.046145
vt 0.289672 0.652352
vt 0.294384 0.639758
vt 0.297063 0.650449
vt 0.293790 0.658012
vt 0.309295 0.660737
vt 0.306689 0.646345
vt 0.295206 0.633582
vt 0.308991 0.637320
vt 0.319623 0.642167
vt 0.319625 0.647722
vt 0.321719 0.651783
vt 0.325559 0.660404
vt 0.328568 0.655881
vt 0.343983 0.642944
vt 0.342066 0.634194
vt 0.336958 0.632836
vt 0.344770 0.636622
vt 0.919796 0.146748
vt 0.919194 0.143704
vt 0.940606 0.144034
vt 0.928711 0.153320
vt 0.934544 0.151860
vt 0.939131 0.147398
vt 0.935474 0.154005
vt 0.954159 0.138253
vt 0.951992 0.137090
vt 0.250733 0.975775
vt 0.235357 0.982534
vt 0.236120 0.978206
vt 0.249539 0.972881
vt 0.248765 0.969081
vt 0.247803 0.966139
vt 0.258060 0.981112
vt 0.251221 0.981689
vt 0.738846 0.983468
vt 0.745361 0.991699
vt 0.737832 0.990475
vt 0.845814 0.981751
vt 0.844727 0.985107
vt 0.844941 0.982851
vt 0.395752 0.031250
vt 0.395020 0.031006
vt 0.398260 0.033612
vt 0.404158 0.037413
vt 0.396398 0.028444
vt 0.396920 0.019274
vt 0.398683 0.027313
vt 0.181646 0.002799
vt 0.187256 0.009521
vt 0.186279 0.013672
vt 0.182509 0.014593
vt 0.186523 0.015869
vt 0.179995 0.015886
vt 0.178043 0.003610
vt 0.959859 0.347483
vt 0.951904 0.348633
vt 0.963485 0.340467
vt 0.969439 0.350565
vt 0.971857 0.355567
vt 0.972518 0.352797
vt 0.967529 0.339355
vt 0.971333 0.346458
vt 0.954554 0.337592
vt 0.947607 0.336135
vt 0.951121 0.329302
vt 0.956055 0.328369
vt 0.958984 0.331787
vt 0.972918 0.320661
vt 0.966855 0.332171
vt 0.527978 0.741310
vt 0.531822 0.741991
vt 0.526746 0.752250
vt 0.534668 0.749756
vt 0.535576 0.756169
vt 0.532194 0.757926
vt 0.521275 0.755046
vt 0.519027 0.746177
vt 0.509766 0.746826
vt 0.509148 0.758881
vt 0.519843 0.757784
vt 0.509271 0.771506
vt 0.505401 0.759944
vt 0.492592 0.745993
vt 0.507873 0.748042
vt 0.481564 0.768038
vt 0.482645 0.754866
vt 0.485909 0.744812
vt 0.482644 0.745848
vt 0.480889 0.742203
vt 0.474567 0.746992
vt 0.478884 0.759689
vt 0.474367 0.758624
vt 0.478760 0.766113
vt 0.987314 0.883697
vt 0.967609 0.882291
vt 0.980225 0.880371
vt 0.864222 0.936023
vt 0.854897 0.936566
vt 0.865458 0.931665
vt 0.878103 0.940789
vt 0.859410 0.944796
vt 0.861804 0.947894
vt 0.865939 0.951279
vt 0.878520 0.950377
vt 0.868250 0.954219
vt 0.883734 0.947339
vt 0.881836 0.938721
vt 0.884033 0.954598
vt 0.889849 0.949049
vt 0.892111 0.941715
vt 0.885742 0.938721
vt 0.884521 0.937988
vt 0.055186 0.618038
vt 0.043225 0.623533
vt 0.041040 0.621491
vt 0.051259 0.615701
vt 0.034877 0.610652
vt 0.046276 0.614471
vt 0.049805 0.614990
vt 0.040744 0.611346
vt 0.032415 0.610777
vt 0.033879 0.628004
vt 0.032307 0.621968
vt 0.033003 0.624674
vt 0.030499 0.629665
vt 0.033936 0.635010
vt 0.039302 0.629616
vt 0.037598 0.631592
vt 0.122067 0.970219
vt 0.124125 0.970319
vt 0.119316 0.976365
vt 0.127560 0.976898
vt 0.126215 0.979193
vt 0.126223 0.979613
vt 0.115915 0.986338
vt 0.122803 0.982178
vt 0.121338 0.969971
vt 0.468088 0.012419
vt 0.465086 0.011329
vt 0.465089 0.004740
vt 0.475105 0.011085
vt 0.467872 0.003164
vt 0.476320 0.008277
vt 0.479834 0.015623
vt 0.284836 0.979696
vt 0.285635 0.982698
vt 0.274336 0.984168
vt 0.278840 0.990124
vt 0.280953 0.990544
vt 0.275084 0.989184
vt 0.275146 0.994385
vt 0.284552 0.992047
vt 0.289539 0.990578
vt 0.290697 0.994027
vt 0.235763 0.959597
vt 0.240682 0.964580
vt 0.231225 0.961478
vt 0.241699 0.959961
vt 0.232022 0.969037
vt 0.228271 0.974609
vt 0.222773 0.974276
vt 0.223064 0.961227
vt 0.217869 0.971275
vt 0.216392 0.972345
vt 0.220059 0.960395
vt 0.774655 0.053886
vt 0.762241 0.056320
vt 0.769857 0.047942
vt 0.773350 0.045515
vt 0.768444 0.044232
vt 0.757975 0.046627
vt 0.774274 0.040736
vt 0.752525 0.051469
vt 0.757414 0.059248
vt 0.759741 0.063615
vt 0.761855 0.063662
vt 0.756138 0.060198
vt 0.755244 0.058774
vt 0.747768 0.054217
vt 0.744723 0.050378
vt 0.984865 0.089530
vt 0.983926 0.073566
vt 0.992676 0.081299
vt 0.311485 0.006269
vt 0.305168 0.010015
vt 0.308933 0.000750
vt 0.309302 0.010435
vt 0.304443 0.013672
vt 0.302979 0.013916
vt 0.310303 0.013672
vt 0.309326 0.013672
vt 0.311035 0.013916
vt 0.313833 0.013545
vt 0.311523 0.014160
vt 0.311768 0.014893
vt 0.313137 0.014806
vt 0.312988 0.015869
vt 0.315364 0.015646
vt 0.007354 0.249058
vt 0.009033 0.253906
vt 0.007568 0.252686
vt 0.014285 0.265746
vt 0.010824 0.262649
vt 0.011963 0.269287
vt 0.009077 0.957648
vt 0.007568 0.956299
vt 0.007257 0.952590
vt 0.007812 0.953369
vt 0.009033 0.955078
vt 0.007812 0.950684
vt 0.008301 0.948486
vt 0.008424 0.946857
vt 0.005401 0.948175
vt 0.002255 0.946244
vt 0.008301 0.945557
vt 0.006348 0.947021
vt 0.005371 0.947266
vt 0.756104 0.007324
vt 0.754150 0.006348
vt 0.754883 0.004150
vt 0.757812 0.008057
vt 0.758322 0.008403
vt 0.755298 0.008540
vt 0.753662 0.007080
vt 0.756104 0.009033
vt 0.755127 0.010986
vt 0.747702 0.010916
vt 0.757812 0.009033
vt 0.758057 0.009033
vt 0.013669 0.214455
vt 0.013001 0.212529
vt 0.014404 0.212646
vt 0.013916 0.212158
vt 0.014518 0.214870
vt 0.015084 0.215100
vt 0.016507 0.212235
vt 0.018311 0.216553
vt 0.021973 0.214355
vt 0.014404 0.211426
vt 0.020304 0.210273
vt 0.978174 0.338978
vt 0.981447 0.337248
vt 0.985424 0.347813
vt 0.982178 0.358887
vt 0.981132 0.359527
vt 0.979380 0.347025
vt 0.983643 0.357910
vt 0.986088 0.354925
vt 0.984375 0.357422
vt 0.989636 0.355602
vt 0.990663 0.353731
vt 0.992920 0.356445
vt 0.991699 0.356689
vt 0.991455 0.356689
vt 0.130639 0.631081
vt 0.128160 0.638474
vt 0.123388 0.635976
vt 0.120002 0.614615
vt 0.133692 0.619721
vt 0.121452 0.638340
vt 0.121682 0.640280
vt 0.113599 0.635094
vt 0.119846 0.636831
vt 0.967369 0.243157
vt 0.960878 0.246073
vt 0.963906 0.233620
vt 0.974919 0.241037
vt 0.964272 0.249597
vt 0.972533 0.230356
vt 0.978197 0.230139
vt 0.369236 0.654437
vt 0.354112 0.651021
vt 0.385776 0.642171
vt 0.377594 0.658982
vt 0.391921 0.663891
vt 0.394880 0.653108
vt 0.405417 0.656312
vt 0.405818 0.652923
vt 0.405997 0.640171
vt 0.409180 0.650391
vt 0.398459 0.639226
vt 0.413412 0.644021
vt 0.416410 0.638206
vt 0.391148 0.644552
vt 0.391591 0.640861
vt 0.147245 0.612620
vt 0.133044 0.612850
vt 0.042151 0.193287
vt 0.046839 0.187090
vt 0.061871 0.201338
vt 0.056885 0.189941
vt 0.874429 0.581301
vt 0.878716 0.547523
vt 0.887426 0.552038
vt 0.862045 0.565100
vt 0.843901 0.548150
vt 0.854126 0.546538
vt 0.861071 0.597330
vt 0.423190 0.866657
vt 0.423320 0.855452
vt 0.453789 0.855652
vt 0.427870 0.841211
vt 0.443512 0.838576
vt 0.459364 0.830275
vt 0.461085 0.844127
vt 0.437879 0.831635
vt 0.257398 0.502950
vt 0.261230 0.501221
vt 0.262789 0.507467
vt 0.264082 0.501631
vt 0.266102 0.500473
vt 0.266986 0.496976
vt 0.265906 0.497218
vt 0.281045 0.506590
vt 0.293457 0.509277
vt 0.294100 0.520008
vt 0.295410 0.514160
vt 0.277722 0.517173
vt 0.297852 0.526123
vt 0.288627 0.533194
vt 0.271496 0.556126
vt 0.249305 0.515515
vt 0.234059 0.534433
vt 0.234863 0.526123
vt 0.287870 0.547544
vt 0.288157 0.539787
vt 0.296326 0.554827
vt 0.289895 0.559433
vt 0.276979 0.569381
vt 0.242320 0.561204
vt 0.251953 0.572754
vt 0.235291 0.549370
vt 0.286566 0.695000
vt 0.283145 0.703482
vt 0.276432 0.707351
vt 0.842120 0.833752
vt 0.835630 0.829624
vt 0.839563 0.826129
vt 0.855896 0.819655
vt 0.839265 0.817729
vt 0.845459 0.813965
vt 0.849569 0.814716
vt 0.861160 0.819021
vt 0.863155 0.816141
vt 0.861084 0.821533
vt 0.860602 0.823010
vt 0.860877 0.831309
vt 0.864783 0.838458
vt 0.848210 0.843714
vt 0.870160 0.845241
vt 0.862832 0.849592
vt 0.871013 0.850105
vt 0.878010 0.851973
vt 0.880127 0.852051
vt 0.078472 0.225899
vt 0.071749 0.218408
vt 0.090164 0.215401
vt 0.083563 0.229523
vt 0.093804 0.231369
vt 0.098970 0.227784
vt 0.097412 0.233887
vt 0.104348 0.219506
vt 0.078369 0.208740
vt 0.107131 0.214837
vt 0.290421 0.686377
vt 0.767070 0.448832
vt 0.769700 0.452573
vt 0.752534 0.442837
vt 0.766688 0.447931
vt 0.763928 0.444147
vt 0.758575 0.431013
vt 0.740865 0.441064
vt 0.745204 0.430325
vt 0.737461 0.432664
vt 0.725297 0.436977
vt 0.726635 0.433237
vt 0.693430 0.435750
vt 0.693648 0.433588
vt 0.729359 0.439328
vt 0.730530 0.443377
vt 0.737702 0.443711
vt 0.700706 0.445693
vt 0.695637 0.440798
vt 0.766683 0.434735
vt 0.770752 0.426758
vt 0.771484 0.428955
vt 0.246942 0.883316
vt 0.249615 0.882390
vt 0.253899 0.896689
vt 0.273739 0.885383
vt 0.278436 0.886974
vt 0.264648 0.883057
vt 0.285709 0.872667
vt 0.289382 0.874443
vt 0.289587 0.873343
vt 0.490895 0.697699
vt 0.487401 0.692477
vt 0.493896 0.689941
vt 0.483562 0.697689
vt 0.190011 0.990061
vt 0.188200 0.992675
vt 0.189024 0.986592
vt 0.831976 0.973188
vt 0.831949 0.966359
vt 0.837574 0.968262
vt 0.835938 0.962158
vt 0.814204 0.957574
vt 0.830011 0.958061
vt 0.823731 0.952396
vt 0.819051 0.967559
vt 0.808062 0.962762
vt 0.804718 0.951387
vt 0.585614 0.013500
vt 0.581055 0.011230
vt 0.579590 0.006836
vt 0.582933 0.022826
vt 0.580078 0.016602
vt 0.587554 0.014395
vt 0.900979 0.958956
vt 0.902312 0.948357
vt 0.907826 0.960377
vt 0.905469 0.934511
vt 0.908346 0.939605
vt 0.901125 0.936182
vt 0.907736 0.970039
vt 0.897802 0.969732
vt 0.917640 0.964464
vt 0.914876 0.960856
vt 0.917480 0.962646
vt 0.004261 0.886185
vt 0.007624 0.878007
vt 0.008716 0.887474
vt 0.004798 0.893963
vt 0.003906 0.890625
vt 0.493232 0.927782
vt 0.500838 0.903489
vt 0.506172 0.933930
vt 0.494160 0.940537
vt 0.486489 0.938011
vt 0.484858 0.927161
vt 0.508736 0.926537
vt 0.525200 0.934456
vt 0.523137 0.935791
vt 0.049869 0.769288
vt 0.044712 0.776897
vt 0.041861 0.759245
vt 0.040417 0.753245
vt 0.034240 0.769142
vt 0.028274 0.765336
vt 0.760477 0.912479
vt 0.745706 0.910781
vt 0.741892 0.901616
vt 0.755743 0.893042
vt 0.770465 0.900894
vt 0.771024 0.912607
vt 0.777331 0.911924
vt 0.782498 0.903784
vt 0.781900 0.892778
vt 0.756564 0.889024
vt 0.759129 0.887883
vt 0.751465 0.885986
vt 0.750320 0.887656
vt 0.752409 0.889435
vt 0.107553 0.974760
vt 0.109152 0.973214
vt 0.111328 0.976562
vt 0.100434 0.973374
vt 0.093230 0.971711
vt 0.095041 0.967888
vt 0.094482 0.974854
vt 0.095587 0.978104
vt 0.091692 0.980917
vt 0.642822 0.005371
vt 0.639871 0.005462
vt 0.642822 0.000977
vt 0.005371 0.500732
vt 0.006592 0.501221
vt 0.005371 0.501953
vt 0.006592 0.502197
vt 0.005859 0.502197
vt 0.005371 0.502686
vt 0.004639 0.501953
vt 0.004639 0.503662
vt 0.001953 0.502197
vt 0.004150 0.501465
vt 0.003906 0.500244
vt 0.002197 0.500244
vt 0.460071 0.992462
vt 0.462549 0.997850
vt 0.458506 0.996554
vt 0.969402 0.254513
vt 0.977630 0.253916
vt 0.956283 0.253151
vt 0.952181 0.253458
vt 0.953129 0.254010
vt 0.714200 0.807450
vt 0.713945 0.794885
vt 0.719393 0.801722
vt 0.716365 0.832111
vt 0.708856 0.831287
vt 0.737286 0.835949
vt 0.746956 0.803081
vt 0.749022 0.833475
vt 0.724870 0.845104
vt 0.730056 0.847442
vt 0.715331 0.836710
vt 0.708439 0.840685
vt 0.703754 0.828873
vt 0.708269 0.816096
vt 0.719231 0.847770
vt 0.653148 0.057760
vt 0.660983 0.055369
vt 0.658721 0.065488
vt 0.656749 0.040695
vt 0.670394 0.069256
vt 0.672889 0.058681
vt 0.672412 0.039901
vt 0.647505 0.047168
vt 0.641585 0.060255
vt 0.216079 0.849626
vt 0.215435 0.870096
vt 0.212402 0.850830
vt 0.149395 0.918857
vt 0.155480 0.906804
vt 0.168653 0.932607
vt 0.161143 0.931987
vt 0.170898 0.934082
vt 0.183194 0.928642
vt 0.162815 0.897037
vt 0.192774 0.921586
vt 0.188031 0.922359
vt 0.183287 0.905805
vt 0.177053 0.907065
vt 0.173861 0.901170
vt 0.169434 0.893555
vt 0.097806 0.428130
vt 0.089322 0.414852
vt 0.103284 0.421211
vt 0.090820 0.433350
vt 0.093696 0.440380
vt 0.094036 0.410840
vt 0.097328 0.409901
vt 0.093930 0.407959
vt 0.108801 0.412790
vt 0.093014 0.404061
vt 0.100655 0.404924
vt 0.112062 0.428088
vt 0.099918 0.441945
vt 0.105170 0.443638
vt 0.119428 0.434628
vt 0.109785 0.446063
vt 0.120617 0.438596
vt 0.125667 0.446898
vt 0.920408 0.702409
vt 0.913852 0.697676
vt 0.928766 0.693542
vt 0.935068 0.679962
vt 0.916687 0.677966
vt 0.925731 0.681451
vt 0.923426 0.676454
vt 0.915857 0.662727
vt 0.190865 0.634148
vt 0.199049 0.643529
vt 0.191650 0.640625
vt 0.189481 0.642108
vt 0.191895 0.644287
vt 0.199583 0.647202
vt 0.195068 0.646973
vt 0.204126 0.644512
vt 0.225199 0.653070
vt 0.234482 0.639400
vt 0.236012 0.650086
vt 0.244692 0.636173
vt 0.244233 0.641808
vt 0.253109 0.644303
vt 0.259207 0.633829
vt 0.110147 0.936521
vt 0.128716 0.935425
vt 0.120605 0.939697
vt 0.127441 0.939209
vt 0.124629 0.924153
vt 0.133790 0.929446
vt 0.133604 0.936632
vt 0.137451 0.936768
vt 0.140415 0.934889
vt 0.141846 0.935059
vt 0.143177 0.929667
vt 0.146169 0.934610
vt 0.150426 0.932515
vt 0.108740 0.928428
vt 0.112435 0.921608
vt 0.112846 0.919587
vt 0.034608 0.746433
vt 0.029706 0.743445
vt 0.037610 0.745861
vt 0.032792 0.741224
vt 0.029548 0.737876
vt 0.021572 0.743341
vt 0.024154 0.729931
vt 0.498840 0.017212
vt 0.505615 0.011719
vt 0.507632 0.017055
vt 0.504635 0.023391
vt 0.508057 0.010010
vt 0.515814 0.027963
vt 0.512729 0.030640
vt 0.749338 0.843412
vt 0.247162 0.079097
vt 0.253855 0.109933
vt 0.242486 0.101321
vt 0.240967 0.082031
vt 0.233595 0.116252
vt 0.239412 0.096904
vt 0.232501 0.131414
vt 0.243666 0.132558
vt 0.254185 0.120183
vt 0.259226 0.127553
vt 0.258789 0.124023
vt 0.250938 0.136040
vt 0.237271 0.135953
vt 0.241104 0.139474
vt 0.224399 0.140033
vt 0.226133 0.130861
vt 0.221465 0.137006
vt 0.140712 0.981013
vt 0.136509 0.981539
vt 0.134728 0.966816
vt 0.134052 0.965341
vt 0.138798 0.968165
vt 0.143964 0.979032
vt 0.150146 0.964111
vt 0.154356 0.967346
vt 0.149154 0.980860
vt 0.356389 0.969819
vt 0.354245 0.965871
vt 0.358044 0.957639
vt 0.347007 0.956384
vt 0.349121 0.963867
vt 0.351250 0.949190
vt 0.347210 0.942796
vt 0.348629 0.939840
vt 0.359551 0.937112
vt 0.351630 0.936630
vt 0.356893 0.933523
vt 0.014648 0.089355
vt 0.013112 0.088672
vt 0.015387 0.089129
vt 0.014648 0.088623
vt 0.014404 0.087646
vt 0.015869 0.088379
vt 0.016113 0.089111
vt 0.018953 0.088395
vt 0.016357 0.088867
vt 0.023364 0.091372
vt 0.020264 0.087891
vt 0.004395 0.209229
vt 0.003418 0.209717
vt 0.004883 0.208008
vt 0.003174 0.210693
vt 0.005127 0.208252
vt 0.005371 0.207764
vt 0.004883 0.205811
vt 0.005859 0.207031
vt 0.007568 0.207764
vt 0.500188 0.004827
vt 0.498779 0.004883
vt 0.498291 0.003906
vt 0.497070 0.003418
vt 0.497070 0.003906
vt 0.497559 0.005127
vt 0.498535 0.006836
vt 0.498779 0.006836
vt 0.499512 0.006592
vt 0.497314 0.009277
vt 0.499947 0.007228
vt 0.007343 0.829533
vt 0.003708 0.827369
vt 0.006836 0.827637
vt 0.007324 0.827393
vt 0.008057 0.825439
vt 0.007812 0.828125
vt 0.007568 0.828613
vt 0.007812 0.828857
vt 0.009134 0.829719
vt 0.008789 0.827393
vt 0.979248 0.390381
vt 0.977539 0.390869
vt 0.978271 0.390625
vt 0.700728 0.981918
vt 0.701904 0.980469
vt 0.700195 0.982666
vt 0.700195 0.983643
vt 0.699463 0.984375
vt 0.697754 0.983398
vt 0.695351 0.987177
vt 0.611572 0.006836
vt 0.610352 0.006592
vt 0.612305 0.007080
vt 0.611328 0.006836
vt 0.612061 0.007568
vt 0.609863 0.007080
vt 0.614502 0.007812
vt 0.620121 0.012045
vt 0.616943 0.008057
vt 0.616943 0.006836
vt 0.620850 0.006592
vt 0.617676 0.004395
vt 0.621582 0.002930
vt 0.983351 0.616101
vt 0.986962 0.620965
vt 0.976807 0.616943
vt 0.979446 0.625439
vt 0.985028 0.627624
vt 0.980728 0.635690
vt 0.115479 0.992188
vt 0.115479 0.995117
vt 0.114014 0.993896
vt 0.543937 0.894296
vt 0.548174 0.902572
vt 0.541765 0.902361
vt 0.558715 0.895920
vt 0.541992 0.893799
vt 0.538223 0.911063
vt 0.522121 0.892159
vt 0.537818 0.893160
vt 0.540711 0.892032
vt 0.541504 0.893555
vt 0.522217 0.884521
vt 0.522226 0.905231
vt 0.516209 0.910691
vt 0.510986 0.907959
vt 0.524590 0.915241
vt 0.535124 0.913246
vt 0.528320 0.918701
vt 0.537692 0.917743
vt 0.063965 0.541016
vt 0.063504 0.543025
vt 0.063477 0.540771
vt 0.060894 0.543324
vt 0.065186 0.540527
vt 0.065546 0.552925
vt 0.065918 0.541260
vt 0.066162 0.542480
vt 0.069351 0.547416
vt 0.053220 0.558467
vt 0.051906 0.564117
vt 0.077808 0.567486
vt 0.072714 0.569322
vt 0.088521 0.562407
vt 0.078026 0.553503
vt 0.084288 0.558474
vt 0.089896 0.554415
vt 0.093994 0.552979
vt 0.097124 0.552242
vt 0.088307 0.546763
vt 0.079045 0.546088
vt 0.075296 0.552782
vt 0.672009 0.369621
vt 0.680952 0.366505
vt 0.677879 0.370089
vt 0.184332 0.286069
vt 0.188073 0.284371
vt 0.676916 0.358744
vt 0.684861 0.344924
vt 0.030230 0.466664
vt 0.027198 0.472003
vt 0.025977 0.466640
vt 0.030908 0.479808
vt 0.021289 0.473218
vt 0.020996 0.469727
vt 0.019143 0.476842
vt 0.025153 0.483236
vt 0.031202 0.486506
vt 0.238070 0.665884
vt 0.226071 0.660630
vt 0.243912 0.664239
vt 0.380239 0.006683
vt 0.388507 0.004316
vt 0.383040 0.014903
vt 0.388658 0.013991
vt 0.385631 0.017318
vt 0.388048 0.018651
vt 0.978718 0.605597
vt 0.986872 0.608871
vt 0.981934 0.609131
vt 0.990870 0.596268
vt 0.983387 0.595612
vt 0.962668 0.602625
vt 0.970927 0.589177
vt 0.989990 0.587891
vt 0.981839 0.580933
vt 0.990237 0.230608
vt 0.995705 0.232100
vt 0.991841 0.239652
vt 0.978206 0.405183
vt 0.986282 0.399653
vt 0.989060 0.410070
vt 0.980574 0.399021
vt 0.180793 0.982696
vt 0.165295 0.985307
vt 0.166501 0.970337
vt 0.181085 0.974567
vt 0.166914 0.965142
vt 0.548716 0.023529
vt 0.550705 0.014072
vt 0.563444 0.013039
vt 0.566105 0.023993
vt 0.559791 0.026196
vt 0.569533 0.015363
vt 0.165656 0.990694
vt 0.169696 0.990848
vt 0.168194 0.997186
vt 0.161461 0.994304
vt 0.693640 0.009089
vt 0.693928 0.006027
vt 0.695428 0.018797
vt 0.699219 0.022949
vt 0.702796 0.007537
vt 0.698805 0.002441
vt 0.707958 0.010475
vt 0.711665 0.007292
vt 0.708740 0.005127
vt 0.283347 0.833335
vt 0.283307 0.803835
vt 0.285942 0.815179
vt 0.293077 0.833118
vt 0.290504 0.810826
vt 0.299825 0.812807
vt 0.304688 0.818359
vt 0.298840 0.847072
vt 0.292219 0.841714
vt 0.293131 0.847261
vt 0.014982 0.622578
vt 0.019876 0.605620
vt 0.020252 0.608871
vt 0.007256 0.624151
vt 0.007916 0.615486
vt 0.006811 0.626166
vt 0.023590 0.622162
vt 0.023539 0.625951
vt 0.023926 0.621582
vt 0.024658 0.617676
vt 0.024902 0.615967
vt 0.025391 0.617432
vt 0.025146 0.618652
vt 0.025146 0.619873
vt 0.025879 0.619141
vt 0.025391 0.617920
vt 0.025879 0.617676
vt 0.028320 0.617676
vt 0.026611 0.617920
vt 0.073868 0.005240
vt 0.073819 0.002413
vt 0.075439 0.002197
vt 0.075439 0.003662
vt 0.076416 0.004150
vt 0.910564 0.016195
vt 0.908778 0.017226
vt 0.907959 0.016846
vt 0.911395 0.017960
vt 0.913542 0.020512
vt 0.906101 0.016913
vt 0.904053 0.016357
vt 0.894142 0.016193
vt 0.901611 0.015381
vt 0.898585 0.013574
vt 0.900146 0.014404
vt 0.895019 0.010988
vt 0.898245 0.012059
vt 0.899658 0.013672
vt 0.898682 0.013184
vt 0.986328 0.566406
vt 0.987597 0.567166
vt 0.981445 0.567139
vt 0.979955 0.566920
vt 0.979492 0.566406
vt 0.977783 0.566895
vt 0.978271 0.568359
vt 0.975586 0.568848
vt 0.979248 0.566406
vt 0.974121 0.567627
vt 0.974121 0.566162
vt 0.971745 0.569115
vt 0.972656 0.568604
vt 0.972412 0.562988
vt 0.969727 0.563247
vt 0.969847 0.568687
vt 0.931281 0.988131
vt 0.931885 0.986816
vt 0.935791 0.988281
vt 0.936035 0.988281
vt 0.929688 0.984375
vt 0.928711 0.987305
vt 0.921533 0.983610
vt 0.925715 0.987778
vt 0.931885 0.986084
vt 0.932617 0.986816
vt 0.932861 0.986084
vt 0.932129 0.985596
vt 0.930908 0.983887
vt 0.932018 0.981929
vt 0.930420 0.981934
vt 0.932861 0.984375
vt 0.933594 0.984131
vt 0.920430 0.989181
vt 0.919999 0.990157
vt 0.918701 0.990723
vt 0.007324 0.544434
vt 0.007324 0.543945
vt 0.010498 0.545410
vt 0.006348 0.544434
vt 0.005015 0.545127
vt 0.006348 0.542969
vt 0.005256 0.545885
vt 0.004883 0.543213
vt 0.002197 0.546387
vt 0.006104 0.542480
vt 0.004150 0.541748
vt 0.005859 0.540771
vt 0.004639 0.538574
vt 0.005127 0.538574
vt 0.006592 0.539307
vt 0.269259 0.775322
vt 0.272306 0.770841
vt 0.278577 0.780480
vt 0.265417 0.772650
vt 0.266300 0.772431
vt 0.263435 0.780317
vt 0.260010 0.772217
vt 0.262695 0.781494
vt 0.266242 0.787606
vt 0.263184 0.784668
vt 0.276498 0.790457
vt 0.264900 0.791245
vt 0.262226 0.798068
vt 0.259033 0.798584
vt 0.262959 0.798804
vt 0.268197 0.797527
vt 0.268115 0.801295
vt 0.288909 0.791471
vt 0.292859 0.775023
vt 0.302412 0.780863
vt 0.301264 0.796285
vt 0.291016 0.796631
vt 0.310047 0.798824
vt 0.006575 0.135534
vt 0.007324 0.132812
vt 0.008301 0.134521
vt 0.008545 0.134766
vt 0.002304 0.135665
vt 0.004639 0.132568
vt 0.004883 0.139893
vt 0.003418 0.138184
vt 0.002197 0.135254
vt 0.002197 0.133545
vt 0.134033 0.006836
vt 0.133394 0.008882
vt 0.133301 0.005859
vt 0.131422 0.005795
vt 0.132568 0.004883
vt 0.134521 0.005127
vt 0.134033 0.003906
vt 0.135498 0.003418
vt 0.135742 0.004150
vt 0.135986 0.004150
vt 0.135010 0.002686
vt 0.134521 0.002441
vt 0.134277 0.003174
vt 0.696728 0.032013
vt 0.688650 0.044897
vt 0.692244 0.027822
vt 0.682441 0.030019
vt 0.673884 0.031948
vt 0.678052 0.023546
vt 0.677869 0.047839
vt 0.986464 0.153692
vt 0.993839 0.154302
vt 0.993377 0.164229
vt 0.998779 0.156982
vt 0.592623 0.933188
vt 0.576473 0.931826
vt 0.587078 0.921106
vt 0.572319 0.909900
vt 0.561778 0.926381
vt 0.555569 0.920368
vt 0.553452 0.920579
vt 0.558934 0.906408
vt 0.582275 0.911621
vt 0.583692 0.914382
vt 0.510245 0.996529
vt 0.505318 0.987094
vt 0.516761 0.987124
vt 0.040968 0.326729
vt 0.034291 0.301093
vt 0.047823 0.298254
vt 0.048690 0.316848
vt 0.053995 0.294201
vt 0.022705 0.041504
vt 0.017780 0.035603
vt 0.023926 0.042480
vt 0.021240 0.041260
vt 0.016903 0.039946
vt 0.014315 0.038368
vt 0.013916 0.038818
vt 0.012207 0.037996
vt 0.012438 0.034746
vt 0.010742 0.038574
vt 0.010010 0.036377
vt 0.010968 0.031987
vt 0.553904 0.005574
vt 0.549519 0.003959
vt 0.549072 0.001953
vt 0.550537 0.000732
vt 0.548096 0.002197
vt 0.549316 0.001221
vt 0.548340 0.001465
vt 0.548828 0.001221
vt 0.548239 0.000977
vt 0.240999 0.990760
vt 0.242432 0.990234
vt 0.243628 0.990377
vt 0.239746 0.992188
vt 0.244335 0.994256
vt 0.240234 0.992920
vt 0.239990 0.993164
vt 0.240723 0.994873
vt 0.249020 0.992599
vt 0.240355 0.996328
vt 0.239502 0.997314
vt 0.239502 0.996094
vt 0.248432 0.995118
vt 0.246116 0.988576
vt 0.245361 0.989014
vt 0.250403 0.987687
vt 0.331787 0.997559
vt 0.331543 0.997803
vt 0.331426 0.995629
vt 0.333496 0.997070
vt 0.331787 0.997803
vt 0.335120 0.995504
vt 0.335205 0.998779
vt 0.335693 0.999023
vt 0.041206 0.252535
vt 0.028632 0.249464
vt 0.036489 0.241155
vt 0.993896 0.322266
vt 0.993896 0.320312
vt 0.994441 0.320594
vt 0.994385 0.323242
vt 0.993408 0.319336
vt 0.993164 0.318848
vt 0.994141 0.319580
vt 0.908389 0.918721
vt 0.917189 0.918484
vt 0.901993 0.923664
vt 0.895966 0.929561
vt 0.889890 0.929867
vt 0.887939 0.928711
vt 0.880615 0.931396
vt 0.017485 0.289893
vt 0.012522 0.289679
vt 0.012121 0.283465
vt 0.012939 0.277832
vt 0.009391 0.280480
vt 0.008301 0.284424
vt 0.005371 0.284630
vt 0.007001 0.288423
vt 0.426270 0.068359
vt 0.421983 0.066803
vt 0.438076 0.065821
vt 0.426123 0.063137
vt 0.445294 0.052049
vt 0.440975 0.047784
vt 0.443964 0.047882
vt 0.429992 0.789962
vt 0.416333 0.781081
vt 0.427204 0.772204
vt 0.425781 0.770264
vt 0.414461 0.767111
vt 0.407494 0.802656
vt 0.400202 0.781679
vt 0.387179 0.800483
vt 0.384298 0.783319
vt 0.389404 0.775879
vt 0.406738 0.762207
vt 0.412121 0.762075
vt 0.418701 0.760986
vt 0.442061 0.784818
vt 0.425773 0.810296
vt 0.020752 0.432861
vt 0.358363 0.051951
vt 0.363911 0.065375
vt 0.348980 0.076366
vt 0.345547 0.052207
vt 0.339776 0.060251
vt 0.592679 0.084299
vt 0.634277 0.067627
vt 0.982986 0.645872
vt 0.989530 0.643813
vt 0.989661 0.656111
vt 0.977051 0.648682
vt 0.978027 0.645508
vt 0.006348 0.043213
vt 0.005735 0.045922
vt 0.003174 0.043213
vt 0.002441 0.043457
vt 0.000977 0.043701
vt 0.001709 0.043213
vt 0.001953 0.045654
vt 0.004184 0.046639
vt 0.001709 0.046387
vt 0.000977 0.046631
vt 0.001953 0.046875
vt 0.695552 0.753063
vt 0.709273 0.732852
vt 0.710208 0.752533
vt 0.693100 0.734341
vt 0.703207 0.761230
vt 0.695018 0.758725
vt 0.716018 0.752034
vt 0.722482 0.736168
vt 0.696666 0.726891
vt 0.692016 0.716216
vt 0.697472 0.718627
vt 0.710421 0.722406
vt 0.716992 0.722247
vt 0.711158 0.716684
vt 0.716372 0.716617
vt 0.932047 0.129587
vt 0.928157 0.132324
vt 0.922079 0.121484
vt 0.930398 0.110781
vt 0.939071 0.105774
vt 0.929401 0.098900
vt 0.922195 0.106993
vt 0.922221 0.099736
vt 0.921631 0.102539
vt 0.916902 0.105736
vt 0.913818 0.107422
vt 0.914728 0.111702
vt 0.918914 0.130807
vt 0.762275 0.810157
vt 0.761148 0.808088
vt 0.767625 0.805059
vt 0.763672 0.811768
vt 0.772110 0.811114
vt 0.770909 0.808303
vt 0.774922 0.810135
vt 0.779252 0.798406
vt 0.777588 0.811768
vt 0.783515 0.792527
vt 0.769929 0.786769
vt 0.793083 0.781708
vt 0.768063 0.781714
vt 0.867171 0.031334
vt 0.866117 0.033095
vt 0.866455 0.032227
vt 0.868264 0.027893
vt 0.866699 0.031738
vt 0.884891 0.020043
vt 0.870780 0.020650
vt 0.869825 0.015635
vt 0.867920 0.013672
vt 0.866787 0.014371
vt 0.943212 0.943726
vt 0.946045 0.952148
vt 0.943275 0.950283
vt 0.949793 0.953125
vt 0.938726 0.952984
vt 0.926794 0.955060
vt 0.928995 0.937116
vt 0.927266 0.930847
vt 0.939757 0.927029
vt 0.944204 0.937283
vt 0.947176 0.926246
vt 0.950017 0.931044
vt 0.948730 0.944092
vt 0.947051 0.945365
vt 0.844877 0.194475
vt 0.861632 0.210652
vt 0.848130 0.222289
vt 0.839369 0.202119
vt 0.847412 0.241211
vt 0.855911 0.232125
vt 0.855547 0.247142
vt 0.882600 0.233363
vt 0.884825 0.247351
vt 0.878606 0.221280
vt 0.871455 0.219781
vt 0.875945 0.214326
vt 0.741189 0.735117
vt 0.739090 0.718854
vt 0.747665 0.720280
vt 0.726582 0.722226
vt 0.805832 0.798649
vt 0.815661 0.793368
vt 0.321749 0.051159
vt 0.307074 0.050428
vt 0.317990 0.043237
vt 0.331221 0.046690
vt 0.329820 0.059555
vt 0.335938 0.044189
vt 0.337254 0.046570
vt 0.332520 0.040527
vt 0.326462 0.036076
vt 0.306250 0.042366
vt 0.974121 0.801514
vt 0.973601 0.795047
vt 0.977219 0.806024
vt 0.986340 0.799436
vt 0.979117 0.780238
vt 0.971122 0.792604
vt 0.985997 0.788535
vt 0.711704 0.861155
vt 0.726708 0.867356
vt 0.708026 0.866883
vt 0.718325 0.879806
vt 0.711664 0.894356
vt 0.728646 0.890431
vt 0.702666 0.890117
vt 0.706834 0.900373
vt 0.410197 0.909695
vt 0.418277 0.914726
vt 0.405685 0.917443
vt 0.397985 0.907335
vt 0.399376 0.900266
vt 0.413542 0.890238
vt 0.423409 0.899856
vt 0.419006 0.885137
vt 0.428318 0.915018
vt 0.424994 0.916209
vt 0.430176 0.919678
vt 0.379860 0.964968
vt 0.372559 0.977051
vt 0.371520 0.963614
vt 0.368312 0.957820
vt 0.373779 0.955078
vt 0.548122 0.945077
vt 0.531608 0.933918
vt 0.552390 0.934908
vt 0.528393 0.960056
vt 0.314954 0.022179
vt 0.316759 0.028205
vt 0.309206 0.022943
vt 0.307508 0.028949
vt 0.307617 0.030273
vt 0.300941 0.023386
vt 0.191667 0.268635
vt 0.203391 0.265511
vt 0.211271 0.267166
vt 0.207279 0.244055
vt 0.196694 0.248622
vt 0.184576 0.255010
vt 0.191658 0.242193
vt 0.185199 0.247248
vt 0.202683 0.226193
vt 0.211878 0.225891
vt 0.199322 0.214322
vt 0.207370 0.215639
vt 0.201857 0.203661
vt 0.205188 0.201998
vt 0.201379 0.207639
vt 0.196773 0.227438
vt 0.188308 0.225349
vt 0.185830 0.233641
vt 0.598386 0.031199
vt 0.594142 0.017693
vt 0.604087 0.023014
vt 0.614007 0.021870
vt 0.615976 0.031349
vt 0.612185 0.032170
vt 0.613495 0.016266
vt 0.608154 0.012939
vt 0.858841 0.006382
vt 0.856007 0.009925
vt 0.851324 0.005448
vt 0.379143 0.022187
vt 0.383515 0.025686
vt 0.376079 0.029129
vt 0.359547 0.022452
vt 0.367944 0.021646
vt 0.876095 0.458400
vt 0.860706 0.464405
vt 0.867984 0.451042
vt 0.857181 0.464575
vt 0.876161 0.440500
vt 0.898675 0.441133
vt 0.891696 0.450683
vt 0.895794 0.433065
vt 0.901362 0.448164
vt 0.859703 0.443068
vt 0.860334 0.446785
vt 0.857666 0.444092
vt 0.342098 0.876680
vt 0.346924 0.873291
vt 0.345812 0.876599
vt 0.339953 0.886979
vt 0.337083 0.880834
vt 0.322768 0.901923
vt 0.323053 0.888052
vt 0.321516 0.895545
vt 0.316912 0.907721
vt 0.323092 0.881499
vt 0.343750 0.873047
vt 0.342512 0.872524
vt 0.341008 0.869951
vt 0.340902 0.869105
vt 0.337011 0.874070
vt 0.331020 0.876207
vt 0.337646 0.872314
vt 0.336670 0.872314
vt 0.325663 0.880608
vt 0.315660 0.882516
vt 0.315154 0.886659
vt 0.306362 0.976081
vt 0.298729 0.978331
vt 0.306477 0.975070
vt 0.303364 0.971204
vt 0.293962 0.975765
vt 0.300049 0.964844
vt 0.298298 0.964230
vt 0.296635 0.961432
vt 0.292719 0.957466
vt 0.942549 0.894606
vt 0.946911 0.896533
vt 0.939434 0.910627
vt 0.946741 0.891177
vt 0.929075 0.900931
vt 0.941078 0.893166
vt 0.930407 0.906535
vt 0.928223 0.909668
vt 0.934129 0.915207
vt 0.426594 0.009788
vt 0.427991 0.011308
vt 0.422022 0.010449
vt 0.423340 0.008545
vt 0.419656 0.012382
vt 0.421875 0.009277
vt 0.412747 0.016730
vt 0.408486 0.022126
vt 0.407235 0.008135
vt 0.404537 0.007564
vt 0.850615 0.374048
vt 0.845553 0.382048
vt 0.825791 0.385274
vt 0.844626 0.356974
vt 0.818467 0.368978
vt 0.837144 0.349545
vt 0.836056 0.352152
vt 0.813263 0.366869
vt 0.813145 0.359805
vt 0.834824 0.350693
vt 0.831913 0.341062
vt 0.817358 0.344312
vt 0.824077 0.333781
vt 0.814544 0.334228
vt 0.800457 0.354995
vt 0.807373 0.363770
vt 0.805438 0.348949
vt 0.806231 0.334532
vt 0.038757 0.502309
vt 0.037629 0.505472
vt 0.036938 0.497748
vt 0.039795 0.505615
vt 0.039646 0.506674
vt 0.034928 0.511463
vt 0.026991 0.494042
vt 0.024856 0.496157
vt 0.019876 0.511250
vt 0.022511 0.504280
vt 0.022965 0.513791
vt 0.023794 0.515569
vt 0.025531 0.515824
vt 0.043142 0.513670
vt 0.041992 0.510010
vt 0.885254 0.972656
vt 0.885353 0.974452
vt 0.878053 0.973041
vt 0.886582 0.970853
vt 0.885902 0.980663
vt 0.877870 0.981341
vt 0.885150 0.983236
vt 0.879730 0.970690
vt 0.886648 0.966560
vt 0.192383 0.972900
vt 0.201419 0.973256
vt 0.197231 0.984596
vt 0.205696 0.981796
vt 0.208691 0.987411
vt 0.198849 0.988044
vt 0.936599 0.053633
vt 0.939598 0.053362
vt 0.940918 0.064453
vt 0.929721 0.067215
vt 0.947380 0.054839
vt 0.949470 0.051093
vt 0.940768 0.049814
vt 0.923598 0.049584
vt 0.930477 0.055936
vt 0.916541 0.046791
vt 0.926270 0.065186
vt 0.484496 0.004565
vt 0.485833 0.004830
vt 0.484863 0.005127
vt 0.486039 0.003488
vt 0.491230 0.007092
vt 0.491036 0.010093
vt 0.358154 0.995850
vt 0.357422 0.995605
vt 0.359166 0.994298
vt 0.355225 0.992920
vt 0.356449 0.991701
vt 0.357506 0.997637
vt 0.361816 0.998291
vt 0.363147 0.996783
vt 0.359863 0.993164
vt 0.361914 0.993187
vt 0.359375 0.992432
vt 0.359619 0.990967
vt 0.992676 0.365234
vt 0.996585 0.363282
vt 0.995850 0.366211
vt 0.996826 0.366455
vt 0.993652 0.366699
vt 0.994141 0.367188
vt 0.993652 0.367676
vt 0.993365 0.367160
vt 0.992676 0.366211
vt 0.992188 0.366699
vt 0.001953 0.640869
vt 0.005615 0.641602
vt 0.003418 0.642334
vt 0.006836 0.643066
vt 0.004125 0.647474
vt 0.006104 0.641357
vt 0.007812 0.641846
vt 0.008762 0.642064
vt 0.007812 0.649902
vt 0.010935 0.647121
vt 0.009277 0.642578
vt 0.009766 0.641602
vt 0.012207 0.640381
vt 0.013428 0.639648
vt 0.029032 0.673436
vt 0.029176 0.670287
vt 0.033795 0.667571
vt 0.033918 0.676835
vt 0.021504 0.680172
vt 0.025146 0.673340
vt 0.028238 0.677279
vt 0.037919 0.674974
vt 0.032995 0.662134
vt 0.041538 0.666191
vt 0.037706 0.659259
vt 0.032677 0.660263
vt 0.042542 0.663063
vt 0.768555 0.996338
vt 0.766846 0.995361
vt 0.768311 0.995117
vt 0.768799 0.995117
vt 0.769531 0.996826
vt 0.770508 0.992432
vt 0.769775 0.994385
vt 0.993896 0.329590
vt 0.993408 0.327881
vt 0.994873 0.329102
vt 0.996094 0.328857
vt 0.996826 0.329346
vt 0.995605 0.329346
vt 0.994629 0.330078
vt 0.993408 0.331055
vt 0.103957 0.383106
vt 0.096044 0.382708
vt 0.088552 0.369452
vt 0.089263 0.380234
vt 0.084498 0.380095
vt 0.077749 0.377961
vt 0.083568 0.364620
vt 0.079918 0.348156
vt 0.096436 0.370117
vt 0.099909 0.361836
vt 0.100474 0.365994
vt 0.983747 0.986650
vt 0.980967 0.992177
vt 0.971933 0.991443
vt 0.032181 0.877377
vt 0.037742 0.886640
vt 0.028952 0.884788
vt 0.031489 0.871439
vt 0.035456 0.897777
vt 0.034382 0.899606
vt 0.026921 0.896892
vt 0.042791 0.895435
vt 0.044413 0.893692
vt 0.044670 0.890603
vt 0.044922 0.887207
vt 0.224446 0.072707
vt 0.220897 0.092392
vt 0.208226 0.083744
vt 0.204916 0.093163
vt 0.220231 0.109164
vt 0.191283 0.092312
vt 0.196593 0.106029
vt 0.190154 0.097989
vt 0.186541 0.078751
vt 0.202093 0.075196
vt 0.215545 0.062719
vt 0.227510 0.062311
vt 0.233563 0.061753
vt 0.237050 0.074257
vt 0.230742 0.083809
vt 0.920760 0.636328
vt 0.913030 0.645022
vt 0.911276 0.629264
vt 0.899018 0.631673
vt 0.914347 0.615430
vt 0.923730 0.617733
vt 0.901166 0.608912
vt 0.222483 0.114415
vt 0.204346 0.121094
vt 0.192363 0.119310
vt 0.217784 0.120357
vt 0.224915 0.110224
vt 0.223456 0.101318
vt 0.318943 0.800673
vt 0.320973 0.798096
vt 0.322387 0.811447
vt 0.327192 0.806521
vt 0.330533 0.824795
vt 0.345349 0.823863
vt 0.321950 0.822228
vt 0.321209 0.821106
vt 0.322378 0.824725
vt 0.320801 0.826172
vt 0.318438 0.829616
vt 0.318899 0.828130
vt 0.325267 0.832644
vt 0.330799 0.832435
vt 0.334022 0.832544
vt 0.345529 0.831674
vt 0.354905 0.821912
vt 0.357581 0.827772
vt 0.350109 0.835732
vt 0.999512 0.777588
vt 0.998938 0.781766
vt 0.997768 0.773732
vt 0.992067 0.778400
vt 0.991943 0.781250
vt 0.989572 0.772841
vt 0.925537 0.960693
vt 0.916607 0.943918
vt 0.150071 0.242893
vt 0.132295 0.247022
vt 0.147205 0.233414
vt 0.128662 0.236816
vt 0.163296 0.217522
vt 0.158735 0.227024
vt 0.152307 0.205275
vt 0.169779 0.212375
vt 0.161569 0.203241
vt 0.158098 0.195853
vt 0.142138 0.201238
vt 0.146566 0.194231
vt 0.136605 0.190661
vt 0.129708 0.200292
vt 0.128973 0.207103
vt 0.129157 0.222200
vt 0.468175 0.602210
vt 0.479502 0.593851
vt 0.478994 0.601263
vt 0.482666 0.594482
vt 0.467561 0.609159
vt 0.477463 0.606573
vt 0.470579 0.616086
vt 0.485138 0.611519
vt 0.481287 0.619094
vt 0.453488 0.614465
vt 0.443987 0.620671
vt 0.435822 0.623591
vt 0.437417 0.634692
vt 0.431484 0.631826
vt 0.473595 0.623699
vt 0.453641 0.636355
vt 0.454802 0.655101
vt 0.440225 0.649868
vt 0.434156 0.644567
vt 0.430255 0.643076
vt 0.429206 0.638915
vt 0.425144 0.636107
vt 0.147290 0.185857
vt 0.146194 0.184467
vt 0.149344 0.182214
vt 0.039807 0.683132
vt 0.462938 0.652133
vt 0.482017 0.633912
vt 0.487284 0.631351
vt 0.444622 0.880822
vt 0.466604 0.875724
vt 0.456320 0.903460
vt 0.473829 0.907887
vt 0.438105 0.907724
vt 0.436113 0.895954
vt 0.472780 0.897811
vt 0.476221 0.904836
vt 0.478760 0.906738
vt 0.466286 0.908920
vt 0.238786 0.878956
vt 0.233147 0.889876
vt 0.227518 0.878432
vt 0.224687 0.894723
vt 0.235647 0.904737
vt 0.223200 0.905702
vt 0.239322 0.886574
vt 0.241943 0.886230
vt 0.007725 0.673506
vt 0.005951 0.667824
vt 0.010141 0.666278
vt 0.016089 0.668600
vt 0.014773 0.673699
vt 0.020850 0.666602
vt 0.212799 0.009651
vt 0.215683 0.004167
vt 0.214844 0.012451
vt 0.215820 0.013672
vt 0.210345 0.002310
vt 0.210947 0.007324
vt 0.207031 0.007324
vt 0.989396 0.740040
vt 0.994237 0.734527
vt 0.995417 0.741546
vt 0.995513 0.734702
vt 0.997517 0.738898
vt 0.686516 0.847020
vt 0.701090 0.858113
vt 0.691925 0.857693
vt 0.700436 0.851236
vt 0.674839 0.853402
vt 0.691375 0.859165
vt 0.680369 0.863608
vt 0.673139 0.865681
vt 0.668665 0.854266
vt 0.666737 0.853041
vt 0.665172 0.860899
vt 0.659270 0.857286
vt 0.662827 0.848296
vt 0.225738 0.908853
vt 0.223818 0.908486
vt 0.217105 0.913489
vt 0.132776 0.194246
s 1
usemtl tripo_material_0118adbd_7e2c_4f43_8bfd_e19fdebce202
f 2/1/1 3/2/2 1/3/3
f 1/3/3 3/2/2 4/4/4
f 1/3/3 4/4/4 8/5/5
f 6/6/6 4/4/4 3/2/2
f 6/6/6 3/2/2 2/1/1
f 6/6/6 9/7/7 8/5/5
f 8/5/5 9/7/7 10/8/8
f 10/8/8 11/9/9 8/5/5
f 10/8/8 83/10/10 11/9/9
f 6/6/6 8/5/5 4/4/4
f 1/3/3 8/5/5 5/11/11
f 5/11/11 8/5/5 12/12/12
f 12/12/12 8/5/5 11/9/9
f 12/12/12 11/9/9 83/10/10
f 5/11/11 12/12/12 13/13/13
f 14/14/14 13/13/13 12/12/12
f 1/15/3 15/16/15 2/17/1
f 16/18/16 2/17/1 15/16/15
f 15/16/15 1/15/3 17/19/17
f 16/20/16 15/16/15 17/19/17
f 16/20/16 17/19/17 19/21/18
f 16/20/16 19/21/18 18/22/19
f 18/22/19 19/21/18 20/23/20
f 23/24/21 21/25/22 22/26/23
f 18/27/19 22/26/23 21/28/22
f 18/27/19 21/28/22 23/29/21
f 22/26/23 18/27/19 24/30/24
f 24/30/24 18/27/19 20/31/20
f 16/32/16 18/27/19 23/29/21
f 23/24/21 24/30/24 20/31/20
f 23/24/21 20/31/20 16/33/16
f 24/30/24 23/24/21 22/26/23
f 2/34/1 16/35/16 25/36/25
f 25/36/25 16/35/16 26/37/26
f 26/37/26 16/35/16 20/38/20
f 25/36/25 26/37/26 31/39/27
f 7/40/28 25/36/25 6/41/6
f 25/36/25 7/40/28 2/34/1
f 7/42/28 6/41/6 2/43/1
f 27/44/29 6/41/6 25/36/25
f 9/45/7 6/41/6 27/44/29
f 9/45/7 27/44/29 31/39/27
f 9/45/7 31/39/27 28/46/30
f 29/47/31 148/48/32 28/46/30
f 30/49/33 29/47/31 149/50/34
f 28/46/30 149/50/34 29/47/31
f 28/46/30 31/39/27 149/50/34
f 25/36/25 31/39/27 27/44/29
f 150/51/35 31/39/27 32/52/36
f 32/52/36 31/39/27 26/37/26
f 26/37/26 150/51/35 32/52/36
f 19/53/18 26/37/26 20/38/20
f 1/54/3 33/55/37 17/56/17
f 5/57/11 33/55/37 1/54/3
f 5/57/11 34/58/38 33/55/37
f 33/55/37 34/58/38 74/59/39
f 34/58/38 13/60/13 35/61/40
f 13/60/13 34/58/38 5/57/11
f 12/62/12 75/63/41 14/64/14
f 75/63/41 12/62/12 37/65/42
f 14/66/14 75/63/41 74/67/39
f 36/68/43 75/63/41 37/65/42
f 36/68/43 37/65/42 38/69/44
f 36/68/43 38/69/44 126/70/45
f 126/70/45 38/69/44 39/71/46
f 37/65/42 204/72/47 205/73/48
f 37/65/42 12/62/12 204/72/47
f 204/72/47 41/74/49 205/73/48
f 40/75/50 204/72/47 12/62/12
f 83/76/10 40/75/50 12/62/12
f 42/77/51 43/78/52 709/79/53
f 709/79/53 44/80/54 42/77/51
f 44/80/54 709/79/53 52/81/55
f 47/82/56 710/83/57 48/84/58
f 48/84/58 49/85/59 50/86/60
f 48/84/58 125/87/61 47/82/56
f 48/84/58 50/86/60 125/87/61
f 122/88/62 50/86/60 49/85/59
f 51/89/63 122/88/62 49/85/59
f 42/90/51 44/91/54 52/92/55
f 54/93/64 53/94/65 55/95/66
f 60/96/67 53/94/65 54/93/64
f 52/92/55 60/96/67 54/93/64
f 54/93/64 56/97/68 52/92/55
f 52/92/55 57/98/69 58/99/70
f 42/90/51 52/92/55 59/100/71
f 59/100/71 52/92/55 58/99/70
f 52/81/55 45/101/72 60/102/67
f 45/101/72 46/103/73 60/102/67
f 46/103/73 61/104/74 60/102/67
f 61/104/74 46/103/73 62/105/75
f 62/105/75 46/103/73 47/82/56
f 61/104/74 62/105/75 125/87/61
f 61/104/74 125/87/61 63/106/76
f 61/104/74 63/106/76 64/107/77
f 64/107/77 53/108/65 61/104/74
f 61/104/74 53/108/65 60/102/67
f 13/60/13 14/109/14 74/59/39
f 34/58/38 35/61/40 74/59/39
f 74/59/39 35/61/40 13/60/13
f 74/59/39 72/110/78 184/111/79
f 74/59/39 181/112/80 33/55/37
f 17/56/17 33/55/37 65/113/81
f 66/114/82 65/113/81 67/115/83
f 67/115/83 65/113/81 181/112/80
f 33/55/37 181/112/80 65/113/81
f 77/116/84 69/117/85 68/118/86
f 69/117/85 146/119/87 70/120/88
f 69/117/85 70/120/88 71/121/89
f 71/121/89 70/120/88 119/122/90
f 69/117/85 71/121/89 119/122/90
f 69/117/85 119/122/90 72/123/78
f 119/122/90 73/124/91 72/123/78
f 69/117/85 72/123/78 74/125/39
f 68/118/86 69/117/85 74/125/39
f 74/125/39 75/126/41 68/118/86
f 68/118/86 75/126/41 76/127/92
f 77/128/84 78/129/93 69/130/85
f 146/131/87 69/130/85 78/129/93
f 79/132/94 78/129/93 77/128/84
f 79/132/94 77/128/84 144/133/95
f 77/128/84 68/134/86 76/135/92
f 10/136/8 9/137/7 80/138/96
f 81/139/97 9/137/7 28/140/30
f 28/140/30 148/141/32 81/139/97
f 148/141/32 82/142/98 81/139/97
f 81/139/97 80/138/96 9/137/7
f 80/138/96 163/143/99 10/136/8
f 10/136/8 163/143/99 83/144/10
f 42/145/51 59/146/71 96/147/100
f 84/148/101 85/149/102 86/150/103
f 84/148/101 86/150/103 87/151/104
f 88/152/105 87/151/104 89/153/106
f 89/153/106 87/151/104 90/154/107
f 88/152/105 89/153/106 85/155/102
f 88/152/105 85/155/102 91/156/108
f 84/148/101 87/151/104 59/146/71
f 59/146/71 87/151/104 92/157/109
f 59/146/71 92/157/109 96/147/100
f 93/158/110 94/159/111 92/157/109
f 92/157/109 94/159/111 95/160/112
f 96/147/100 92/157/109 95/160/112
f 96/147/100 43/161/52 42/145/51
f 43/161/52 96/147/100 97/162/113
f 95/160/112 97/162/113 96/147/100
f 98/163/114 99/164/115 100/165/116
f 100/165/116 99/164/115 101/166/117
f 100/165/116 101/166/117 102/167/118
f 102/167/118 101/166/117 103/168/119
f 102/167/118 103/168/119 104/169/120
f 105/170/121 103/168/119 101/166/117
f 105/170/121 101/166/117 111/171/122
f 104/172/120 112/173/123 110/174/124
f 104/175/120 105/170/121 106/176/125
f 112/173/123 104/175/120 106/176/125
f 106/176/125 105/170/121 111/171/122
f 106/176/125 107/177/126 112/173/123
f 107/178/126 106/176/125 111/171/122
f 99/179/115 98/180/114 108/181/127
f 108/181/127 98/180/114 177/182/128
f 177/182/128 109/183/129 108/181/127
f 108/181/127 109/184/129 110/185/124
f 108/181/127 110/185/124 111/186/122
f 108/181/127 111/186/122 99/179/115
f 99/179/115 111/187/122 101/188/117
f 111/186/122 112/189/123 113/190/130
f 112/189/123 107/191/126 113/190/130
f 107/191/126 111/192/122 113/190/130
f 114/193/131 98/194/114 100/195/116
f 177/196/128 98/194/114 114/193/131
f 115/197/132 55/198/66 177/196/128
f 115/197/132 177/196/128 114/193/131
f 114/193/131 100/195/116 102/199/118
f 114/193/131 102/199/118 116/200/133
f 114/193/131 116/200/133 115/197/132
f 55/201/66 115/197/132 88/202/105
f 102/199/118 115/197/132 116/200/133
f 19/203/18 17/204/17 117/205/134
f 17/204/17 65/206/81 66/207/82
f 117/205/134 17/204/17 66/207/82
f 117/205/134 66/207/82 179/208/135
f 117/205/134 26/209/26 19/203/18
f 118/210/136 75/211/41 72/212/78
f 75/213/41 118/214/136 76/215/92
f 76/215/92 118/214/136 119/216/90
f 76/215/92 119/216/90 120/217/137
f 73/218/91 118/214/136 124/219/138
f 119/216/90 118/214/136 73/218/91
f 119/216/90 70/220/88 120/217/137
f 122/221/62 70/220/88 121/222/139
f 70/220/88 122/221/62 123/223/140
f 123/223/140 122/221/62 51/224/63
f 122/221/62 121/222/139 124/225/138
f 124/225/138 121/222/139 73/226/91
f 125/227/61 122/221/62 63/228/76
f 122/221/62 124/225/138 63/228/76
f 73/226/91 121/222/139 126/229/45
f 73/226/91 126/229/45 127/230/141
f 127/231/141 118/232/136 72/233/78
f 118/232/136 127/231/141 124/234/138
f 127/231/141 72/233/78 73/235/91
f 124/234/138 127/231/141 126/236/45
f 124/234/138 126/236/45 128/237/142
f 124/234/138 128/237/142 130/238/143
f 124/234/138 129/239/144 63/240/76
f 133/241/145 132/242/146 131/243/147
f 133/241/145 131/243/147 134/244/148
f 133/241/145 134/244/148 135/245/149
f 133/241/145 135/245/149 132/242/146
f 131/246/147 132/247/146 136/248/150
f 131/246/147 136/248/150 134/249/148
f 136/248/150 132/247/146 135/250/149
f 136/248/150 135/251/149 137/252/151
f 137/252/151 134/249/148 136/248/150
f 70/253/88 138/254/152 142/255/153
f 138/254/152 141/256/154 142/255/153
f 138/254/152 70/253/88 146/257/87
f 146/257/87 141/256/154 138/254/152
f 141/256/154 146/257/87 123/258/140
f 141/256/154 123/258/140 139/259/155
f 139/259/155 123/258/140 140/260/156
f 139/259/155 140/260/156 723/261/157
f 726/262/158 139/259/155 723/261/157
f 142/255/153 121/263/139 70/253/88
f 77/264/84 76/265/92 144/266/95
f 76/265/92 143/267/159 144/266/95
f 144/266/95 143/267/159 146/268/87
f 144/266/95 146/268/87 145/269/160
f 144/266/95 145/269/160 79/270/94
f 146/271/87 79/270/94 123/272/140
f 146/273/87 78/274/93 145/275/160
f 146/276/87 143/277/159 79/278/94
f 79/278/94 143/277/159 78/279/93
f 78/279/93 143/277/159 145/280/160
f 76/281/92 120/282/137 143/283/159
f 120/282/137 70/284/88 123/285/140
f 143/283/159 120/282/137 123/285/140
f 143/283/159 123/285/140 729/286/161
f 143/283/159 729/286/161 145/287/160
f 148/288/32 30/289/33 147/290/162
f 147/290/162 149/291/34 148/288/32
f 30/289/33 148/288/32 29/292/31
f 149/291/34 31/293/27 148/288/32
f 148/288/32 31/293/27 82/294/98
f 147/295/162 30/296/33 150/297/35
f 147/295/162 150/297/35 151/298/163
f 152/299/164 151/298/163 150/297/35
f 150/297/35 26/300/26 117/301/134
f 150/297/35 117/301/134 152/299/164
f 152/299/164 153/302/165 151/298/163
f 153/302/165 147/295/162 151/298/163
f 150/303/35 153/302/165 82/304/98
f 149/305/34 147/306/162 153/307/165
f 30/308/33 149/305/34 150/309/35
f 149/305/34 153/307/165 150/309/35
f 82/310/98 31/311/27 150/309/35
f 157/312/166 156/313/167 204/314/47
f 157/312/166 204/314/47 40/315/50
f 156/313/167 81/316/97 82/317/98
f 156/313/167 82/317/98 153/318/165
f 40/319/50 83/320/10 81/321/97
f 40/319/50 81/321/97 158/322/168
f 158/322/168 81/321/97 159/323/169
f 81/321/97 83/320/10 163/324/99
f 163/324/99 164/325/170 81/321/97
f 81/321/97 164/325/170 160/326/171
f 63/327/76 129/328/144 64/329/77
f 125/87/61 50/86/60 122/330/62
f 125/87/61 161/331/172 47/82/56
f 161/331/172 125/87/61 62/105/75
f 161/331/172 62/105/75 47/82/56
f 164/332/170 162/333/173 208/334/174
f 162/333/173 164/332/170 163/335/99
f 163/335/99 80/336/96 243/337/175
f 163/335/99 243/337/175 165/338/176
f 166/339/177 163/335/99 165/338/176
f 163/335/99 166/339/177 162/333/173
f 162/333/173 166/339/177 64/340/77
f 64/340/77 166/339/177 167/341/178
f 167/342/178 166/339/177 168/343/179
f 167/342/178 168/343/179 438/344/180
f 169/345/181 168/343/179 170/346/182
f 171/347/183 170/346/182 168/343/179
f 172/348/184 171/347/183 168/343/179
f 168/343/179 176/349/185 172/348/184
f 176/349/185 168/343/179 166/339/177
f 176/349/185 166/339/177 165/338/176
f 173/350/186 172/348/184 176/349/185
f 175/351/187 174/352/188 171/353/183
f 175/351/187 171/353/183 173/350/186
f 175/351/187 173/350/186 176/349/185
f 175/351/187 176/349/185 222/354/189
f 165/338/176 243/337/175 220/355/190
f 55/356/66 53/357/65 64/358/77
f 55/356/66 64/358/77 177/359/128
f 64/358/77 167/360/178 177/359/128
f 167/360/178 430/361/191 177/359/128
f 64/362/77 129/363/144 130/364/143
f 130/364/143 129/365/144 124/366/138
f 130/364/143 128/367/142 64/362/77
f 64/362/77 128/367/142 162/368/173
f 66/207/82 67/369/83 179/208/135
f 182/370/192 179/208/135 183/371/193
f 183/371/193 179/208/135 180/372/194
f 180/372/194 179/208/135 186/373/195
f 186/373/195 179/208/135 67/369/83
f 181/374/80 186/373/195 67/369/83
f 155/375/196 156/376/167 159/377/169
f 159/377/169 156/376/167 153/378/165
f 153/378/165 182/379/192 159/377/169
f 182/379/192 153/378/165 80/380/96
f 160/381/171 182/379/192 80/380/96
f 160/381/171 80/380/96 81/382/97
f 182/379/192 160/381/171 180/383/194
f 180/383/194 160/381/171 183/384/193
f 183/384/193 160/381/171 155/385/196
f 184/386/79 181/387/80 74/388/39
f 36/389/43 184/386/79 75/390/41
f 75/390/41 184/386/79 72/391/78
f 185/392/197 211/393/198 186/394/195
f 186/394/195 211/393/198 180/395/194
f 186/396/195 181/397/80 187/398/199
f 188/399/200 187/398/199 184/400/79
f 184/401/79 187/402/199 189/403/201
f 184/401/79 189/403/201 190/404/202
f 190/404/202 36/405/43 121/406/139
f 121/406/139 36/405/43 126/407/45
f 36/405/43 190/404/202 188/408/200
f 188/408/200 190/404/202 189/403/201
f 223/409/203 188/408/200 189/403/201
f 191/410/204 187/398/199 181/397/80
f 181/397/80 184/411/79 191/410/204
f 191/410/204 134/412/148 137/413/151
f 187/398/199 191/410/204 137/413/151
f 186/414/195 187/415/199 188/416/200
f 186/414/195 188/416/200 192/417/205
f 192/417/205 188/416/200 193/418/206
f 186/414/195 192/417/205 185/419/197
f 185/419/197 192/417/205 187/420/199
f 185/421/197 187/422/199 194/423/207
f 195/424/208 196/425/209 197/426/210
f 196/425/209 382/427/211 197/426/210
f 196/425/209 377/428/212 382/427/211
f 196/425/209 202/429/213 377/428/212
f 223/430/203 189/431/201 192/432/205
f 192/432/205 189/431/201 187/422/199
f 194/423/207 187/422/199 200/433/214
f 187/422/199 137/434/151 200/433/214
f 137/434/151 139/435/155 200/433/214
f 139/435/155 198/436/215 200/433/214
f 199/437/216 201/438/217 202/429/213
f 200/433/214 199/437/216 202/429/213
f 377/428/212 202/429/213 201/438/217
f 203/439/218 389/440/219 897/441/220
f 377/428/212 201/438/217 897/441/220
f 202/429/213 196/425/209 200/433/214
f 200/433/214 196/425/209 194/423/207
f 198/436/215 199/437/216 200/433/214
f 154/442/221 156/443/167 155/444/196
f 154/442/221 155/444/196 204/445/47
f 154/442/221 204/445/47 156/446/167
f 204/445/47 155/444/196 160/447/171
f 37/448/42 205/449/48 206/450/222
f 206/450/222 205/449/48 207/451/223
f 206/450/222 207/451/223 41/452/49
f 41/452/49 207/451/223 39/453/46
f 41/452/49 39/453/46 38/454/44
f 41/452/49 38/454/44 205/455/48
f 41/452/49 204/456/47 160/457/171
f 41/452/49 160/457/171 164/458/170
f 41/452/49 164/458/170 206/450/222
f 206/450/222 164/458/170 208/459/174
f 208/459/174 162/460/173 128/461/142
f 206/450/222 208/459/174 128/461/142
f 128/461/142 126/462/45 206/450/222
f 206/450/222 126/462/45 37/448/42
f 37/448/42 126/462/45 207/463/223
f 126/462/45 39/464/46 207/463/223
f 182/379/192 183/465/193 159/377/169
f 158/466/168 159/377/169 157/467/166
f 157/467/166 159/377/169 183/465/193
f 157/467/166 183/465/193 155/468/196
f 157/467/166 155/468/196 209/469/224
f 38/470/44 37/471/42 207/472/223
f 207/472/223 205/473/48 38/470/44
f 188/474/200 184/475/79 36/476/43
f 180/477/194 211/478/198 213/479/225
f 213/479/225 211/478/198 210/480/226
f 210/480/226 212/481/227 213/479/225
f 213/479/225 212/481/227 214/482/228
f 215/483/229 216/484/230 214/482/228
f 213/479/225 214/482/228 216/484/230
f 213/479/225 216/484/230 180/477/194
f 180/485/194 216/486/230 217/487/231
f 180/485/194 217/487/231 182/488/192
f 217/487/231 216/486/230 218/489/232
f 182/488/192 217/487/231 220/490/190
f 220/490/190 217/487/231 219/491/233
f 221/492/234 219/491/233 217/487/231
f 222/493/189 176/494/185 219/491/233
f 219/491/233 176/494/185 220/490/190
f 220/490/190 176/494/185 165/495/176
f 193/496/206 188/497/200 223/498/203
f 192/499/205 193/496/206 224/500/235
f 193/496/206 225/501/236 388/502/237
f 337/503/238 388/502/237 225/501/236
f 193/496/206 223/498/203 225/501/236
f 229/504/239 227/505/240 232/506/241
f 229/504/239 232/506/241 230/507/242
f 230/507/242 238/508/243 229/509/239
f 232/510/241 227/505/240 235/511/244
f 227/505/240 225/501/236 223/498/203
f 225/501/236 227/505/240 226/512/245
f 229/504/239 228/513/246 227/505/240
f 227/505/240 228/513/246 226/512/245
f 223/514/203 192/515/205 233/516/247
f 192/515/205 224/517/235 388/518/237
f 223/514/203 233/516/247 235/519/244
f 234/520/248 233/516/247 388/518/237
f 388/518/237 233/516/247 192/515/205
f 191/521/204 184/522/79 190/523/202
f 190/523/202 121/524/139 142/525/153
f 191/521/204 190/523/202 142/525/153
f 191/521/204 142/525/153 134/526/148
f 135/527/149 134/526/148 142/525/153
f 141/528/154 139/529/155 142/525/153
f 135/527/149 142/525/153 139/529/155
f 135/527/149 139/529/155 137/530/151
f 195/424/208 194/423/207 196/425/209
f 223/531/203 235/532/244 227/533/240
f 236/534/249 235/535/244 240/536/250
f 232/537/241 235/535/244 236/534/249
f 232/537/241 231/538/251 230/539/242
f 237/540/252 231/538/251 232/537/241
f 232/537/241 236/534/249 513/541/253
f 513/541/253 236/534/249 238/542/243
f 236/543/249 240/544/250 230/545/242
f 230/545/242 240/544/250 239/546/254
f 230/545/242 239/547/254 238/548/243
f 241/549/255 240/544/250 235/550/244
f 233/551/247 241/549/255 235/550/244
f 153/552/165 152/553/164 243/554/175
f 153/552/165 243/554/175 80/555/96
f 117/556/134 220/557/190 243/554/175
f 117/556/134 243/554/175 152/553/164
f 220/557/190 179/558/135 182/559/192
f 179/558/135 220/557/190 117/560/134
f 156/561/167 157/562/166 209/563/224
f 81/564/97 156/561/167 244/565/256
f 81/564/97 244/565/256 159/566/169
f 159/566/169 244/565/256 155/567/196
f 155/567/196 244/565/256 209/568/224
f 209/568/224 244/565/256 245/568/257
f 156/561/167 209/563/224 40/569/50
f 156/561/167 40/569/50 244/565/256
f 40/569/50 209/563/224 245/570/257
f 40/569/50 245/570/257 157/562/166
f 244/565/256 40/569/50 158/571/168
f 244/565/256 158/571/168 245/568/257
f 245/568/257 158/571/168 157/572/166
f 229/573/239 238/574/243 231/575/251
f 230/576/242 231/577/251 236/578/249
f 231/579/251 238/580/243 236/581/249
f 249/582/258 248/583/259 295/584/260
f 295/584/260 248/583/259 250/585/261
f 295/584/260 250/585/261 296/586/262
f 251/587/263 296/586/262 250/585/261
f 250/585/261 248/583/259 251/587/263
f 248/583/259 255/588/264 251/587/263
f 255/588/264 247/589/265 251/587/263
f 247/589/265 255/588/264 246/590/266
f 252/591/267 251/587/263 247/589/265
f 296/586/262 251/587/263 253/592/268
f 251/587/263 252/591/267 253/592/268
f 296/586/262 253/592/268 254/593/269
f 246/590/266 252/591/267 247/589/265
f 252/591/267 246/590/266 323/594/270
f 246/590/266 324/595/271 323/594/270
f 246/596/266 255/597/264 256/598/272
f 324/599/271 246/596/266 257/600/273
f 256/598/272 258/601/274 257/600/273
f 286/602/275 258/601/274 256/598/272
f 256/598/272 257/600/273 246/596/266
f 286/602/275 256/598/272 255/597/264
f 259/603/276 286/602/275 261/604/277
f 259/603/276 261/604/277 278/605/278
f 261/604/277 286/602/275 255/597/264
f 278/605/278 261/604/277 262/606/279
f 263/607/280 262/606/279 261/604/277
f 266/608/281 262/606/279 264/609/282
f 264/609/282 262/606/279 263/607/280
f 255/597/264 248/610/259 264/609/282
f 255/597/264 264/609/282 265/611/283
f 255/597/264 265/611/283 261/604/277
f 261/604/277 265/611/283 263/607/280
f 265/611/283 264/609/282 263/607/280
f 267/612/284 268/613/285 271/614/286
f 268/613/285 267/612/284 269/615/287
f 268/613/285 270/616/288 275/617/289
f 212/618/227 270/616/288 268/613/285
f 271/619/286 273/620/290 267/621/284
f 267/621/284 273/620/290 269/622/287
f 275/623/289 269/622/287 273/620/290
f 275/623/289 273/620/290 272/624/291
f 275/623/289 272/624/291 268/625/285
f 268/626/285 272/624/291 271/619/286
f 271/619/286 272/624/291 273/620/290
f 268/627/285 269/628/287 212/629/227
f 214/630/228 269/628/287 275/631/289
f 212/629/227 269/628/287 214/630/228
f 274/632/292 214/630/228 275/633/289
f 274/632/292 215/634/229 214/630/228
f 275/635/289 215/636/229 276/637/293
f 277/638/294 279/639/295 278/640/278
f 262/641/279 277/638/294 278/640/278
f 277/638/294 262/641/279 281/642/296
f 262/641/279 266/643/281 281/642/296
f 280/644/297 281/642/296 266/643/281
f 282/645/298 280/644/297 266/643/281
f 281/642/296 280/644/297 282/645/298
f 282/645/298 283/646/299 281/642/296
f 277/647/294 281/648/296 279/649/295
f 279/649/295 281/648/296 278/650/278
f 281/648/296 283/651/299 278/650/278
f 283/651/299 260/652/300 278/653/278
f 260/652/300 283/651/299 285/654/301
f 278/653/278 260/652/300 259/655/276
f 284/656/302 260/652/300 285/654/301
f 285/654/301 282/657/298 304/658/303
f 282/657/298 285/654/301 283/651/299
f 276/659/293 274/660/292 275/661/289
f 274/660/292 276/662/293 215/663/229
f 219/664/233 287/665/304 288/666/305
f 219/664/233 288/666/305 222/667/189
f 260/668/300 288/666/305 287/665/304
f 287/665/304 286/669/275 259/670/276
f 287/665/304 259/670/276 260/668/300
f 216/671/230 258/672/274 286/669/275
f 216/671/230 286/669/275 218/673/232
f 218/673/232 286/669/275 287/665/304
f 218/673/232 287/665/304 217/674/231
f 217/674/231 287/665/304 221/675/234
f 221/675/234 287/665/304 219/664/233
f 290/676/306 222/667/189 288/666/305
f 222/667/189 290/676/306 289/677/307
f 290/676/306 288/666/305 291/678/308
f 293/679/309 292/680/310 298/681/311
f 292/680/310 294/682/312 295/683/260
f 292/680/310 295/683/260 297/684/313
f 296/685/262 297/684/313 295/683/260
f 292/680/310 297/684/313 298/681/311
f 298/681/311 299/686/314 300/687/315
f 298/681/311 302/688/316 293/679/309
f 302/689/316 301/690/317 293/691/309
f 293/691/309 301/690/317 303/692/318
f 304/693/303 301/690/317 305/694/319
f 302/689/316 305/694/319 301/690/317
f 305/694/319 302/689/316 303/695/318
f 305/694/319 303/695/318 339/696/320
f 339/696/320 299/697/314 305/694/319
f 299/697/314 298/698/311 305/694/319
f 305/694/319 298/698/311 361/699/321
f 305/694/319 361/699/321 306/700/322
f 305/694/319 306/700/322 304/693/303
f 307/701/323 306/700/322 309/702/324
f 304/693/303 306/700/322 307/701/323
f 304/693/303 307/701/323 285/703/301
f 285/703/301 307/701/323 308/704/325
f 308/704/325 307/701/323 309/702/324
f 308/704/325 309/702/324 310/705/326
f 310/705/326 309/702/324 312/706/327
f 311/707/328 309/702/324 306/700/322
f 313/708/329 311/707/328 314/709/330
f 314/709/330 311/707/328 315/710/331
f 315/710/331 311/707/328 316/711/332
f 316/711/332 311/707/328 317/712/333
f 317/712/333 311/707/328 306/700/322
f 317/712/333 306/700/322 361/699/321
f 318/713/334 319/714/335 317/712/333
f 316/711/332 317/712/333 319/714/335
f 316/711/332 319/714/335 315/710/331
f 320/715/336 249/716/258 295/717/260
f 320/715/336 295/717/260 294/718/312
f 294/718/312 292/719/310 249/720/258
f 292/719/310 293/721/309 303/722/318
f 303/722/318 282/723/298 266/724/281
f 292/719/310 303/722/318 266/724/281
f 292/719/310 266/724/281 358/725/337
f 292/719/310 358/725/337 321/726/338
f 358/725/337 266/724/281 264/727/282
f 322/728/339 358/725/337 248/729/259
f 248/729/259 358/725/337 264/727/282
f 387/730/340 323/731/270 324/732/271
f 324/732/271 327/733/341 383/734/342
f 324/732/271 257/735/273 327/733/341
f 383/734/342 327/733/341 325/736/343
f 325/736/343 327/733/341 381/737/344
f 325/736/343 381/737/344 326/738/345
f 328/739/346 381/737/344 327/733/341
f 328/739/346 327/733/341 387/740/340
f 387/740/340 327/733/341 326/741/345
f 257/735/273 328/742/346 326/741/345
f 257/735/273 326/741/345 327/733/341
f 311/743/328 313/744/329 329/745/347
f 311/743/328 329/745/347 312/746/327
f 312/746/327 329/745/347 330/747/348
f 330/747/348 329/745/347 331/748/349
f 332/749/350 331/748/349 338/750/351
f 334/751/352 331/748/349 329/745/347
f 333/752/353 329/745/347 313/744/329
f 333/752/353 313/744/329 409/753/354
f 329/745/347 333/752/353 334/751/352
f 334/751/352 333/752/353 335/754/355
f 334/751/352 335/754/355 336/755/356
f 335/754/355 337/756/238 338/750/351
f 336/755/356 335/754/355 338/750/351
f 334/751/352 336/755/356 331/748/349
f 336/755/356 338/750/351 331/748/349
f 304/757/303 282/758/298 339/759/320
f 339/759/320 282/758/298 340/760/357
f 282/758/298 303/761/318 340/760/357
f 303/762/318 301/763/317 304/764/303
f 303/762/318 304/764/303 339/765/320
f 340/760/357 303/762/318 302/766/316
f 260/767/300 291/768/308 288/769/305
f 290/770/306 291/768/308 289/771/307
f 341/772/358 289/771/307 291/768/308
f 341/772/358 291/768/308 284/773/302
f 291/768/308 260/767/300 284/773/302
f 284/773/302 310/774/326 341/772/358
f 342/775/359 310/774/326 343/776/360
f 310/774/326 342/775/359 341/772/358
f 289/777/307 341/778/358 353/779/361
f 341/778/358 342/780/359 345/781/362
f 341/778/358 345/781/362 344/782/363
f 344/782/363 345/781/362 346/783/364
f 346/783/364 345/781/362 347/784/365
f 348/785/366 344/782/363 346/783/364
f 347/786/365 348/785/366 346/783/364
f 348/785/366 349/787/367 344/782/363
f 222/788/189 289/789/307 353/790/361
f 175/791/187 222/788/189 353/790/361
f 174/792/188 450/793/368 171/794/183
f 174/792/188 175/791/187 450/793/368
f 450/793/368 175/791/187 350/795/369
f 450/793/368 350/795/369 351/796/370
f 351/796/370 352/797/371 450/793/368
f 351/796/370 353/790/361 349/798/367
f 351/796/370 350/795/369 353/790/361
f 353/790/361 350/795/369 175/791/187
f 353/790/361 341/799/358 344/800/363
f 353/790/361 344/800/363 349/798/367
f 284/801/302 285/703/301 310/705/326
f 308/704/325 310/705/326 285/703/301
f 249/802/258 292/803/310 248/804/259
f 249/802/258 320/805/336 322/806/339
f 358/807/337 322/806/339 354/808/372
f 354/808/372 322/806/339 320/805/336
f 354/808/372 320/805/336 355/809/373
f 357/810/374 356/811/375 294/812/312
f 294/812/312 356/811/375 355/809/373
f 294/812/312 355/809/373 320/805/336
f 292/813/310 322/814/339 248/815/259
f 322/814/339 292/813/310 321/816/338
f 322/814/339 321/816/338 249/817/258
f 249/817/258 321/816/338 294/818/312
f 294/819/312 321/820/338 357/821/374
f 357/821/374 321/820/338 340/822/357
f 358/823/337 340/822/357 321/820/338
f 298/824/311 300/825/315 302/826/316
f 300/825/315 340/822/357 302/826/316
f 340/822/357 358/823/337 359/827/376
f 299/828/314 340/822/357 359/827/376
f 299/828/314 339/829/320 340/822/357
f 317/830/333 359/827/376 355/831/373
f 354/832/372 355/831/373 359/827/376
f 359/827/376 358/823/337 354/832/372
f 355/833/373 356/834/375 318/835/334
f 360/836/377 318/835/334 356/834/375
f 299/837/314 356/834/375 357/838/374
f 357/838/374 340/839/357 300/840/315
f 357/838/374 300/840/315 299/837/314
f 361/841/321 299/837/314 317/842/333
f 299/837/314 361/841/321 356/834/375
f 361/841/321 298/843/311 356/834/375
f 296/844/262 356/834/375 298/843/311
f 298/843/311 297/845/313 296/844/262
f 296/844/262 254/846/269 360/836/377
f 356/834/375 296/844/262 360/836/377
f 318/847/334 360/836/377 254/846/269
f 311/848/328 312/849/327 309/850/324
f 312/849/327 330/851/348 310/852/326
f 310/852/326 330/851/348 363/853/378
f 310/852/326 363/853/378 362/854/379
f 364/855/380 363/853/378 314/856/330
f 363/853/378 313/857/329 314/856/330
f 364/855/380 365/858/381 363/853/378
f 365/858/381 364/855/380 655/859/382
f 363/853/378 365/858/381 362/854/379
f 362/854/379 366/860/383 310/852/326
f 330/861/348 331/862/349 367/863/384
f 367/863/384 331/862/349 332/864/350
f 367/863/384 332/864/350 368/865/385
f 332/864/350 369/866/386 368/865/385
f 370/867/387 369/866/386 332/864/350
f 332/864/350 411/868/388 370/867/387
f 370/867/387 1284/869/389 369/866/386
f 369/866/386 371/870/390 368/865/385
f 368/865/385 371/870/390 330/861/348
f 367/863/384 368/865/385 330/861/348
f 330/861/348 371/870/390 363/871/378
f 313/872/329 363/871/378 371/870/390
f 313/872/329 371/870/390 372/873/391
f 212/481/227 210/480/226 373/874/392
f 212/481/227 373/874/392 270/875/288
f 210/480/226 374/876/393 373/874/392
f 374/877/393 210/878/226 211/879/198
f 374/877/393 211/879/198 373/880/392
f 195/881/208 373/880/392 193/882/206
f 375/883/394 270/884/288 373/880/392
f 375/883/394 376/885/395 270/884/288
f 375/883/394 373/880/392 195/881/208
f 375/883/394 195/881/208 197/886/210
f 388/887/237 195/881/208 193/882/206
f 193/882/206 373/880/392 211/879/198
f 224/888/235 193/882/206 211/879/198
f 224/888/235 211/879/198 185/889/197
f 375/890/394 328/891/346 376/892/395
f 270/893/288 376/892/395 275/894/289
f 275/894/289 376/892/395 215/895/229
f 258/896/274 215/895/229 376/892/395
f 215/895/229 258/896/274 216/897/230
f 257/898/273 258/896/274 376/892/395
f 257/898/273 376/892/395 328/891/346
f 328/899/346 375/900/394 197/901/210
f 197/901/210 382/902/211 381/903/344
f 382/902/211 390/904/396 381/903/344
f 377/905/212 390/904/396 382/902/211
f 378/906/397 379/907/398 380/908/399
f 390/904/396 378/906/397 381/903/344
f 380/908/399 325/909/343 378/906/397
f 326/910/345 378/906/397 387/911/340
f 326/910/345 381/903/344 378/906/397
f 197/901/210 381/903/344 328/899/346
f 326/910/345 328/899/346 325/912/343
f 324/913/271 383/914/342 384/915/400
f 383/914/342 380/916/399 379/917/398
f 383/914/342 325/918/343 380/916/399
f 379/917/398 385/919/401 383/914/342
f 383/914/342 385/919/401 386/920/402
f 383/914/342 386/920/402 384/915/400
f 384/915/400 386/920/402 323/921/270
f 387/922/340 384/915/400 323/921/270
f 387/923/340 324/924/271 325/925/343
f 325/925/343 324/924/271 384/926/400
f 387/923/340 325/925/343 328/927/346
f 325/925/343 384/926/400 378/928/397
f 378/928/397 384/926/400 387/929/340
f 185/930/197 194/931/207 195/932/208
f 185/930/197 195/932/208 388/933/237
f 224/934/235 185/930/197 388/933/237
f 377/935/212 389/936/219 390/937/396
f 389/936/219 377/935/212 897/938/220
f 389/936/219 203/939/218 392/940/403
f 392/940/403 915/941/404 393/942/405
f 393/942/405 389/936/219 392/940/403
f 226/943/245 337/756/238 225/944/236
f 337/756/238 226/943/245 338/750/351
f 226/943/245 410/945/406 332/749/350
f 226/943/245 332/749/350 338/750/351
f 234/946/248 388/947/237 337/948/238
f 333/949/353 234/946/248 337/948/238
f 337/948/238 335/950/355 333/949/353
f 234/946/248 394/951/407 395/952/408
f 395/952/408 241/953/255 234/946/248
f 233/954/247 234/946/248 241/955/255
f 397/956/409 396/957/410 398/958/411
f 398/958/411 396/957/410 242/959/412
f 397/956/409 402/960/413 396/957/410
f 396/957/410 402/960/413 399/961/414
f 402/960/413 397/956/409 400/962/415
f 397/956/409 401/963/416 400/962/415
f 402/964/413 403/965/417 399/966/414
f 333/967/353 404/968/418 234/969/248
f 234/969/248 404/968/418 405/970/419
f 404/968/418 406/971/420 407/972/421
f 408/973/422 406/971/420 404/968/418
f 409/974/354 408/973/422 404/968/418
f 409/974/354 404/968/418 333/967/353
f 410/975/406 411/976/388 332/977/350
f 410/975/406 412/978/423 411/976/388
f 410/975/406 226/979/245 461/980/424
f 92/981/109 87/982/104 93/983/110
f 93/983/110 87/982/104 413/984/425
f 413/984/425 87/982/104 88/985/105
f 413/984/425 88/985/105 415/986/426
f 413/984/425 415/986/426 414/987/427
f 416/988/428 414/987/427 418/989/429
f 418/989/429 414/987/427 417/990/430
f 417/990/430 414/987/427 415/986/426
f 418/989/429 417/990/430 103/991/119
f 103/992/119 417/990/430 104/993/120
f 104/993/120 417/990/430 415/986/426
f 428/994/431 104/993/120 415/986/426
f 102/995/118 415/986/426 115/996/132
f 115/996/132 415/986/426 88/985/105
f 55/997/66 88/985/105 56/998/68
f 59/999/71 58/1000/70 84/1001/101
f 84/1001/101 58/1000/70 88/1002/105
f 58/1000/70 57/1003/69 420/1004/432
f 57/1003/69 421/1005/433 422/1006/434
f 422/1006/434 421/1005/433 423/1007/435
f 57/1003/69 423/1008/435 424/1009/436
f 424/1009/436 423/1008/435 421/1010/433
f 57/1003/69 424/1009/436 420/1004/432
f 58/1000/70 420/1004/432 419/1011/437
f 419/1011/437 420/1004/432 423/1012/435
f 422/1013/434 419/1011/437 57/1014/69
f 57/1014/69 419/1011/437 423/1012/435
f 58/1015/70 419/1016/437 88/1017/105
f 56/1018/68 419/1016/437 422/1019/434
f 422/1019/434 423/1020/435 420/1021/432
f 422/1019/434 420/1021/432 424/1022/436
f 422/1019/434 424/1022/436 56/1018/68
f 424/1022/436 421/1023/433 56/1018/68
f 56/1018/68 421/1023/433 52/1024/55
f 52/1024/55 421/1023/433 57/1025/69
f 90/1026/107 88/1017/105 91/1026/108
f 90/1026/107 91/1026/108 89/1027/106
f 88/1017/105 419/1016/437 56/1018/68
f 84/1028/101 88/1029/105 90/1030/107
f 84/1028/101 90/1030/107 85/1031/102
f 85/1031/102 90/1030/107 425/1032/438
f 85/1031/102 425/1032/438 91/1033/108
f 87/1034/104 86/1035/103 90/1036/107
f 86/1035/103 85/1031/102 89/1037/106
f 90/1036/107 86/1035/103 425/1038/438
f 86/1035/103 89/1037/106 91/1039/108
f 86/1035/103 91/1039/108 425/1038/438
f 54/1040/64 55/1041/66 56/1042/68
f 109/1043/129 177/1044/128 430/1045/191
f 109/1043/129 430/1045/191 426/1046/439
f 426/1046/439 428/1047/431 109/1043/129
f 109/1043/129 428/1047/431 415/1048/426
f 109/1043/129 415/1048/426 102/1049/118
f 110/1050/124 109/1043/129 102/1049/118
f 102/1049/118 104/1051/120 110/1050/124
f 178/1052/440 430/1053/191 167/1054/178
f 437/1055/441 178/1052/440 167/1056/178
f 178/1052/440 429/1057/442 430/1053/191
f 426/1058/439 430/1053/191 427/1059/443
f 431/1060/444 430/1053/191 429/1057/442
f 429/1057/442 433/1061/445 431/1060/444
f 427/1059/443 430/1053/191 431/1060/444
f 432/1062/446 431/1060/444 433/1061/445
f 433/1061/445 429/1057/442 178/1052/440
f 433/1061/445 435/1063/447 434/1064/448
f 434/1064/448 435/1063/447 436/1065/449
f 461/1066/424 436/1065/449 435/1063/447
f 178/1052/440 435/1063/447 433/1061/445
f 435/1063/447 178/1052/440 438/1067/180
f 438/1067/180 178/1052/440 437/1055/441
f 438/1067/180 437/1055/441 167/1068/178
f 438/1067/180 168/1069/179 169/1070/181
f 440/1071/450 438/1067/180 169/1070/181
f 435/1063/447 438/1067/180 439/1072/451
f 461/1066/424 435/1063/447 483/1073/452
f 435/1063/447 439/1072/451 483/1073/452
f 439/1072/451 440/1071/450 483/1073/452
f 440/1071/450 441/1074/453 483/1073/452
f 440/1071/450 439/1072/451 438/1067/180
f 440/1071/450 169/1070/181 441/1074/453
f 432/1075/446 427/1076/443 431/1077/444
f 432/1075/446 433/1078/445 442/1079/454
f 442/1079/454 433/1078/445 434/1080/448
f 434/1080/448 443/1081/455 442/1079/454
f 444/1082/456 442/1079/454 443/1081/455
f 442/1079/454 444/1082/456 445/1083/457
f 442/1079/454 445/1083/457 1077/1084/458
f 442/1079/454 1077/1084/458 446/1085/459
f 446/1085/459 1077/1084/458 447/1086/460
f 447/1086/460 1075/1087/461 427/1076/443
f 427/1076/443 432/1075/446 447/1086/460
f 446/1085/459 447/1086/460 432/1075/446
f 446/1085/459 432/1075/446 442/1079/454
f 171/1088/183 172/1089/184 448/1090/462
f 171/1088/183 448/1090/462 173/1091/186
f 448/1090/462 172/1089/184 170/1092/182
f 170/1092/182 172/1089/184 441/1093/453
f 449/1094/463 173/1091/186 170/1092/182
f 170/1092/182 173/1091/186 448/1090/462
f 170/1092/182 441/1093/453 169/1095/181
f 172/1089/184 173/1096/186 449/1097/463
f 172/1089/184 449/1097/463 441/1098/453
f 170/1099/182 171/1100/183 450/1101/368
f 170/1099/182 450/1101/368 449/1102/463
f 449/1102/463 450/1101/368 482/1103/464
f 452/1104/465 451/1105/466 459/1106/467
f 453/1107/468 481/1108/469 454/1109/470
f 452/1104/465 453/1107/468 454/1109/470
f 451/1105/466 452/1104/465 454/1109/470
f 455/1110/471 454/1109/470 481/1108/469
f 454/1109/470 456/1111/472 451/1105/466
f 456/1111/472 454/1109/470 455/1110/471
f 502/1112/473 457/1113/474 458/1114/475
f 458/1114/475 457/1113/474 531/1115/476
f 457/1113/474 502/1112/473 459/1106/467
f 457/1113/474 459/1106/467 456/1111/472
f 510/1116/477 459/1106/467 502/1112/473
f 451/1105/466 456/1111/472 459/1106/467
f 452/1104/465 459/1106/467 460/1117/478
f 460/1117/478 459/1106/467 510/1116/477
f 510/1116/477 575/1118/479 460/1117/478
f 436/1119/449 461/1120/424 434/1121/448
f 229/1122/239 462/1123/480 434/1121/448
f 228/1124/246 229/1122/239 434/1121/448
f 463/1125/481 228/1124/246 434/1121/448
f 463/1125/481 434/1121/448 461/1120/424
f 228/1124/246 463/1125/481 461/1120/424
f 228/1124/246 461/1120/424 226/1126/245
f 464/1127/482 461/1120/424 483/1128/452
f 443/1129/455 434/1130/448 466/1131/483
f 466/1131/483 445/1132/457 443/1129/455
f 443/1129/455 445/1132/457 444/1133/456
f 466/1134/483 469/1135/484 467/1136/485
f 469/1135/484 468/1137/486 467/1136/485
f 468/1137/486 469/1135/484 445/1138/457
f 467/1136/485 468/1137/486 466/1139/483
f 468/1137/486 445/1138/457 466/1139/483
f 462/1140/480 466/1141/483 434/1142/448
f 466/1141/483 462/1140/480 469/1143/484
f 469/1143/484 470/1144/487 471/1145/488
f 445/1146/457 469/1143/484 471/1145/488
f 472/1147/489 471/1145/488 470/1144/487
f 473/1148/490 472/1147/489 470/1144/487
f 474/1149/491 462/1150/480 465/1151/492
f 474/1149/491 465/1151/492 475/1152/493
f 475/1152/493 465/1151/492 476/1153/494
f 476/1153/494 465/1151/492 477/1154/495
f 476/1153/494 477/1154/495 474/1155/491
f 477/1154/495 465/1151/492 478/1156/496
f 478/1156/496 465/1151/492 462/1157/480
f 478/1156/496 462/1157/480 475/1158/493
f 478/1156/496 475/1158/493 476/1159/494
f 475/1158/493 462/1157/480 514/1160/497
f 475/1158/493 514/1160/497 474/1161/491
f 456/1162/472 455/1163/471 457/1164/474
f 531/1165/476 457/1164/474 479/1166/498
f 455/1163/471 479/1166/498 457/1164/474
f 479/1166/498 455/1163/471 480/1167/499
f 480/1167/499 455/1163/471 481/1168/469
f 449/1169/463 482/1170/464 352/1171/371
f 441/1074/453 449/1169/463 352/1171/371
f 352/1171/371 483/1073/452 441/1074/453
f 482/1172/464 450/1173/368 352/1174/371
f 484/1175/500 241/1176/255 242/1177/412
f 240/1178/250 241/1176/255 484/1175/500
f 239/1179/254 240/1178/250 485/1180/501
f 240/1178/250 484/1175/500 485/1180/501
f 484/1175/500 242/1177/412 396/1181/410
f 485/1180/501 484/1175/500 486/1182/502
f 486/1182/502 484/1175/500 396/1181/410
f 483/1183/452 487/1184/503 464/1185/482
f 464/1185/482 487/1184/503 488/1186/504
f 352/1187/371 351/1188/370 483/1189/452
f 487/1190/503 483/1189/452 489/1191/505
f 351/1188/370 349/1192/367 489/1191/505
f 349/1192/367 490/1193/506 489/1191/505
f 490/1193/506 492/1194/507 491/1195/508
f 489/1191/505 490/1193/506 491/1195/508
f 351/1188/370 489/1191/505 483/1189/452
f 492/1196/507 493/1197/509 491/1195/508
f 493/1197/509 492/1196/507 410/1198/406
f 461/1199/424 464/1200/482 410/1198/406
f 410/1198/406 464/1200/482 491/1195/508
f 464/1200/482 488/1201/504 491/1195/508
f 410/1198/406 491/1195/508 493/1197/509
f 488/1201/504 487/1190/503 489/1191/505
f 489/1191/505 491/1195/508 488/1201/504
f 495/1202/510 494/1203/511 498/1204/512
f 499/1205/513 495/1202/510 498/1204/512
f 498/1204/512 494/1203/511 496/1206/514
f 501/1207/515 496/1206/514 494/1203/511
f 500/1208/516 494/1203/511 495/1202/510
f 500/1208/516 495/1202/510 501/1209/515
f 497/1210/517 501/1209/515 495/1202/510
f 501/1211/515 494/1212/511 500/1213/516
f 502/1214/473 501/1215/515 504/1216/518
f 503/1217/519 502/1214/473 504/1216/518
f 505/1218/520 503/1217/519 504/1216/518
f 504/1216/518 501/1215/515 507/1219/521
f 504/1216/518 507/1219/521 506/1220/522
f 497/1221/517 495/1222/510 507/1219/521
f 507/1219/521 495/1223/510 506/1220/522
f 506/1220/522 495/1223/510 508/1224/523
f 509/1225/524 496/1226/514 501/1227/515
f 509/1225/524 501/1227/515 502/1228/473
f 458/1229/475 509/1225/524 502/1228/473
f 511/1230/525 238/1231/243 512/1232/526
f 511/1230/525 512/1232/526 824/1233/527
f 824/1233/527 512/1232/526 526/1234/528
f 514/1235/497 229/1236/239 231/1237/251
f 514/1235/497 231/1237/251 515/1238/529
f 229/1236/239 514/1235/497 462/1239/480
f 801/1240/530 515/1238/529 231/1237/251
f 515/1238/529 801/1240/530 516/1241/531
f 817/1242/532 517/1243/533 514/1235/497
f 514/1235/497 517/1243/533 477/1244/495
f 517/1243/533 774/1245/534 775/1246/535
f 524/1247/536 517/1243/533 518/1248/537
f 518/1248/537 517/1243/533 775/1246/535
f 517/1243/533 524/1247/536 477/1244/495
f 477/1244/495 524/1247/536 519/1249/538
f 520/1250/539 477/1244/495 519/1249/538
f 520/1250/539 519/1249/538 426/1251/439
f 521/1252/540 426/1251/439 519/1249/538
f 426/1251/439 521/1252/540 428/1253/431
f 428/1253/431 521/1252/540 522/1254/541
f 522/1254/541 521/1252/540 519/1249/538
f 523/1255/542 522/1254/541 519/1249/538
f 428/1253/431 522/1254/541 104/1256/120
f 523/1255/542 104/1256/120 522/1254/541
f 104/1256/120 523/1255/542 105/1257/121
f 714/1258/543 523/1255/542 524/1247/536
f 519/1249/538 524/1247/536 523/1255/542
f 238/1259/243 239/1260/254 512/1261/526
f 512/1261/526 239/1260/254 485/1262/501
f 512/1261/526 485/1262/501 525/1263/544
f 485/1262/501 486/1264/502 525/1263/544
f 526/1265/528 512/1261/526 525/1263/544
f 528/1266/545 527/1267/546 529/1268/547
f 527/1267/546 526/1265/528 529/1268/547
f 526/1265/528 525/1263/544 529/1268/547
f 529/1268/547 525/1263/544 530/1269/548
f 531/1270/476 530/1269/548 486/1264/502
f 486/1264/502 530/1269/548 525/1263/544
f 509/1271/524 486/1264/502 396/1272/410
f 533/1273/549 532/1274/550 534/1275/551
f 533/1273/549 534/1275/551 535/1276/552
f 536/1277/553 534/1275/551 537/1278/554
f 537/1278/554 534/1275/551 532/1274/550
f 536/1277/553 537/1278/554 588/1279/555
f 538/1280/556 537/1278/554 539/1281/557
f 538/1280/556 539/1281/557 540/1282/558
f 539/1281/557 537/1278/554 541/1283/559
f 541/1283/559 537/1278/554 532/1274/550
f 532/1274/550 533/1273/549 546/1284/560
f 541/1283/559 532/1274/550 546/1284/560
f 549/1285/561 541/1283/559 546/1284/560
f 549/1285/561 546/1284/560 554/1286/562
f 541/1283/559 549/1285/561 542/1287/563
f 541/1283/559 542/1287/563 539/1281/557
f 542/1287/563 543/1288/564 539/1281/557
f 548/1289/565 546/1284/560 547/1290/566
f 548/1289/565 554/1286/562 546/1284/560
f 668/1291/567 548/1289/565 547/1290/566
f 542/1287/563 549/1285/561 595/1292/568
f 595/1292/568 549/1285/561 550/1293/569
f 552/1294/570 545/1295/571 553/1296/572
f 668/1297/567 552/1294/570 553/1296/572
f 668/1297/567 553/1296/572 548/1298/565
f 548/1298/565 553/1296/572 554/1299/562
f 554/1299/562 555/1300/573 686/1301/574
f 555/1300/573 554/1299/562 553/1296/572
f 556/1302/575 555/1300/573 553/1296/572
f 560/1303/576 559/1304/577 557/1305/578
f 560/1303/576 557/1305/578 556/1302/575
f 560/1303/576 556/1302/575 551/1306/579
f 556/1302/575 553/1296/572 545/1295/571
f 556/1302/575 545/1295/571 551/1306/579
f 551/1306/579 545/1295/571 533/1307/549
f 551/1306/579 533/1307/549 535/1308/552
f 551/1306/579 535/1308/552 561/1309/580
f 573/1310/581 561/1309/580 540/1311/558
f 561/1309/580 573/1310/581 551/1306/579
f 551/1306/579 573/1310/581 562/1312/582
f 564/1313/583 551/1306/579 562/1312/582
f 566/1314/584 551/1306/579 564/1313/583
f 551/1306/579 566/1314/584 560/1303/576
f 566/1314/584 564/1313/583 565/1315/585
f 566/1314/584 565/1315/585 540/1316/558
f 535/1317/552 534/1318/551 536/1319/553
f 538/1320/556 535/1317/552 536/1319/553
f 561/1321/580 535/1317/552 538/1320/556
f 561/1321/580 538/1320/556 540/1322/558
f 543/1323/564 540/1322/558 539/1324/557
f 566/1325/584 540/1322/558 567/1326/586
f 543/1323/564 542/1327/563 567/1326/586
f 540/1322/558 543/1323/564 567/1326/586
f 544/1328/587 567/1326/586 542/1327/563
f 536/1329/553 588/1330/555 571/1331/588
f 536/1329/553 571/1331/588 568/1332/589
f 568/1332/589 571/1331/588 569/1333/590
f 573/1334/581 538/1335/556 536/1336/553
f 536/1336/553 568/1337/589 573/1334/581
f 538/1335/556 573/1334/581 565/1338/585
f 568/1337/589 570/1339/591 572/1340/592
f 568/1337/589 572/1340/592 573/1334/581
f 562/1341/582 573/1334/581 563/1342/593
f 565/1338/585 573/1334/581 540/1343/558
f 570/1344/591 568/1345/589 569/1346/590
f 497/1221/517 507/1219/521 501/1215/515
f 510/1347/477 502/1348/473 503/1349/519
f 458/1350/475 510/1347/477 503/1349/519
f 574/1351/594 458/1350/475 503/1349/519
f 460/1352/478 575/1353/479 581/1354/595
f 458/1355/475 575/1353/479 510/1356/477
f 581/1354/595 575/1353/479 576/1357/596
f 625/1358/597 479/1359/498 578/1360/598
f 576/1357/596 625/1358/597 577/1361/599
f 625/1358/597 578/1360/598 577/1361/599
f 578/1360/598 579/1362/600 586/1363/601
f 578/1360/598 586/1363/601 577/1361/599
f 576/1357/596 577/1361/599 581/1354/595
f 452/1364/465 460/1352/478 581/1354/595
f 582/1365/602 452/1364/465 581/1354/595
f 452/1364/465 582/1365/602 453/1366/468
f 481/1367/469 453/1366/468 583/1368/603
f 583/1368/603 453/1366/468 582/1365/602
f 481/1367/469 583/1368/603 480/1369/499
f 480/1369/499 583/1368/603 584/1370/604
f 580/1371/605 1082/1372/606 583/1368/603
f 1082/1372/606 580/1371/605 585/1373/607
f 580/1371/605 582/1365/602 579/1362/600
f 580/1371/605 583/1368/603 582/1365/602
f 586/1363/601 579/1362/600 582/1365/602
f 581/1354/595 586/1363/601 582/1365/602
f 581/1354/595 577/1361/599 586/1363/601
f 571/1374/588 588/1375/555 587/1376/608
f 571/1374/588 587/1376/608 572/1377/592
f 571/1374/588 572/1377/592 570/1378/591
f 590/1379/609 573/1380/581 572/1381/592
f 573/1380/581 590/1379/609 591/1382/610
f 573/1380/581 591/1382/610 563/1383/593
f 590/1379/609 572/1381/592 562/1384/582
f 590/1379/609 562/1384/582 563/1385/593
f 569/1386/590 571/1387/588 570/1388/591
f 589/1389/611 572/1390/592 587/1391/608
f 564/1392/583 572/1390/592 589/1389/611
f 587/1393/608 588/1394/555 589/1389/611
f 589/1389/611 588/1394/555 565/1395/585
f 588/1394/555 537/1396/554 538/1397/556
f 538/1397/556 565/1395/585 588/1394/555
f 565/1395/585 564/1392/583 589/1389/611
f 594/1398/612 592/1399/613 593/1400/614
f 593/1400/614 595/1401/568 594/1402/612
f 595/1401/568 593/1400/614 542/1403/563
f 542/1404/563 593/1405/614 592/1406/613
f 592/1406/613 594/1407/612 542/1404/563
f 594/1407/612 697/1408/615 596/1409/616
f 596/1409/616 597/1410/617 599/1411/618
f 596/1409/616 599/1411/618 598/1412/619
f 599/1411/618 597/1410/617 600/1413/620
f 601/1414/621 602/1415/622 600/1413/620
f 600/1413/620 602/1415/622 599/1411/618
f 599/1411/618 602/1415/622 598/1412/619
f 596/1409/616 598/1412/619 608/1416/623
f 596/1409/616 608/1416/623 603/1417/624
f 596/1409/616 603/1417/624 594/1407/612
f 603/1417/624 544/1418/587 594/1407/612
f 594/1407/612 544/1418/587 542/1404/563
f 605/1419/625 606/1420/626 544/1421/587
f 544/1421/587 603/1422/624 605/1419/625
f 605/1423/625 603/1424/624 607/1425/627
f 607/1425/627 603/1424/624 609/1426/628
f 610/1427/629 603/1424/624 606/1428/626
f 606/1428/626 603/1424/624 608/1429/623
f 606/1428/626 608/1429/623 544/1430/587
f 544/1430/587 608/1429/623 610/1431/629
f 606/1432/626 605/1433/625 607/1434/627
f 607/1434/627 609/1435/628 606/1432/626
f 606/1432/626 609/1435/628 604/1436/630
f 610/1437/629 609/1435/628 603/1438/624
f 604/1436/630 609/1435/628 567/1439/586
f 604/1436/630 567/1439/586 544/1440/587
f 606/1432/626 604/1436/630 610/1441/629
f 610/1441/629 604/1436/630 544/1442/587
f 609/1443/628 610/1444/629 611/1445/631
f 611/1445/631 610/1444/629 608/1446/623
f 608/1446/623 702/1447/632 611/1445/631
f 611/1445/631 612/1448/633 609/1443/628
f 611/1445/631 613/1449/634 614/1450/635
f 611/1445/631 614/1450/635 612/1448/633
f 614/1450/635 616/1451/636 617/1452/637
f 566/1453/584 617/1452/637 560/1454/576
f 566/1453/584 567/1455/586 617/1452/637
f 567/1456/586 615/1457/638 617/1452/637
f 615/1457/638 567/1456/586 612/1448/633
f 612/1448/633 567/1456/586 609/1443/628
f 617/1452/637 615/1457/638 614/1450/635
f 614/1450/635 615/1457/638 612/1448/633
f 590/1458/609 563/1459/593 618/1460/639
f 590/1458/609 618/1460/639 591/1461/610
f 618/1460/639 563/1459/593 564/1462/583
f 618/1460/639 564/1462/583 562/1463/582
f 618/1460/639 562/1463/582 572/1464/592
f 618/1460/639 572/1464/592 591/1461/610
f 591/1461/610 572/1464/592 564/1465/583
f 591/1461/610 564/1465/583 563/1459/593
f 619/1466/640 486/1467/502 509/1468/524
f 486/1467/502 619/1466/640 531/1469/476
f 399/1470/414 619/1466/640 509/1468/524
f 458/1471/475 574/1472/594 509/1473/524
f 509/1473/524 574/1472/594 399/1474/414
f 574/1472/594 396/1475/410 399/1474/414
f 575/1476/479 458/1477/475 576/1478/596
f 619/1479/640 626/1480/641 620/1481/642
f 620/1481/642 626/1480/641 621/1482/643
f 620/1481/642 621/1482/643 622/1483/644
f 622/1483/644 623/1484/645 620/1481/642
f 623/1484/645 622/1483/644 624/1485/646
f 624/1485/646 621/1486/643 626/1487/641
f 623/1484/645 624/1485/646 626/1487/641
f 623/1484/645 626/1487/641 625/1488/597
f 623/1484/645 625/1488/597 620/1481/642
f 530/1489/548 531/1490/476 625/1488/597
f 625/1488/597 531/1490/476 479/1491/498
f 625/1488/597 576/1478/596 458/1477/475
f 625/1488/597 458/1477/475 620/1481/642
f 458/1477/475 531/1492/476 620/1481/642
f 620/1481/642 531/1492/476 619/1479/640
f 627/1493/647 530/1494/548 403/1495/417
f 626/1496/641 530/1494/548 625/1497/597
f 530/1494/548 626/1496/641 619/1498/640
f 530/1494/548 619/1498/640 403/1495/417
f 403/1495/417 619/1498/640 399/1499/414
f 529/1500/547 530/1501/548 627/1502/647
f 627/1502/647 631/1503/648 628/1504/649
f 627/1502/647 403/1505/417 631/1503/648
f 403/1505/417 629/1506/650 631/1503/648
f 629/1506/650 630/1507/651 631/1503/648
f 632/1508/652 631/1503/648 630/1507/651
f 630/1507/651 640/1509/653 632/1508/652
f 631/1503/648 632/1508/652 628/1504/649
f 640/1509/653 639/1510/654 632/1508/652
f 639/1510/654 633/1511/655 632/1508/652
f 632/1508/652 633/1511/655 635/1512/656
f 633/1511/655 634/1513/657 635/1512/656
f 635/1512/656 634/1513/657 636/1514/658
f 632/1508/652 635/1512/656 636/1514/658
f 637/1515/659 632/1508/652 636/1514/658
f 632/1508/652 637/1515/659 642/1516/660
f 632/1508/652 642/1516/660 628/1504/649
f 638/1517/661 639/1518/654 640/1519/653
f 638/1517/661 640/1519/653 641/1520/662
f 638/1517/661 641/1520/662 642/1516/660
f 628/1504/649 642/1516/660 641/1520/662
f 642/1516/660 637/1515/659 638/1517/661
f 628/1504/649 641/1520/662 627/1502/647
f 342/1521/359 343/1522/360 345/1523/362
f 347/1524/365 345/1523/362 348/1525/366
f 345/1523/362 343/1522/360 643/1526/663
f 643/1526/663 343/1522/360 310/1527/326
f 643/1526/663 310/1527/326 366/1528/383
f 643/1526/663 366/1528/383 644/1529/664
f 645/1530/665 643/1526/663 644/1529/664
f 345/1523/362 643/1526/663 348/1525/366
f 648/1531/666 647/1532/667 649/1533/668
f 649/1534/668 647/1532/667 366/1535/383
f 649/1534/668 366/1535/383 362/1536/379
f 649/1534/668 362/1536/379 650/1537/669
f 650/1537/669 362/1536/379 365/1538/381
f 650/1539/669 648/1540/666 1355/1541/670
f 648/1540/666 650/1539/669 366/1542/383
f 366/1542/383 650/1539/669 365/1543/381
f 647/1532/667 648/1544/666 366/1535/383
f 366/1545/383 646/1546/671 644/1547/664
f 644/1548/664 646/1546/671 651/1549/672
f 651/1549/672 653/1550/673 644/1548/664
f 653/1550/673 651/1549/672 654/1551/674
f 646/1552/671 366/1553/383 365/858/381
f 646/1552/671 365/858/381 651/1554/672
f 651/1554/672 365/858/381 652/1555/675
f 1370/1556/676 652/1555/675 365/858/381
f 652/1555/675 1370/1556/676 651/1557/672
f 1370/1556/676 365/858/381 655/859/382
f 349/1558/367 348/1559/366 643/1560/663
f 349/1558/367 643/1560/663 490/1561/506
f 643/1560/663 645/1562/665 490/1561/506
f 490/1561/506 645/1562/665 656/1563/677
f 656/1563/677 645/1562/665 412/1564/423
f 656/1563/677 412/1564/423 410/1565/406
f 490/1561/506 656/1566/677 492/1567/507
f 395/1568/408 394/1569/407 658/1570/678
f 398/958/411 395/1568/408 658/1570/678
f 395/1568/408 242/959/412 241/1571/255
f 242/959/412 395/1568/408 398/958/411
f 397/956/409 398/958/411 401/963/416
f 1588/1572/679 401/963/416 657/1573/680
f 398/958/411 658/1570/678 401/963/416
f 659/1574/681 370/1575/387 411/1576/388
f 411/1576/388 653/1577/673 659/1574/681
f 659/1574/681 653/1577/673 654/1578/674
f 654/1578/674 660/1579/682 659/1574/681
f 492/1580/507 656/1581/677 410/1582/406
f 508/1583/523 495/1202/510 499/1205/513
f 661/1584/683 508/1583/523 499/1205/513
f 508/1583/523 661/1584/683 662/1585/684
f 499/1205/513 498/1204/512 663/1586/685
f 498/1204/512 496/1206/514 663/1586/685
f 663/1586/685 496/1206/514 664/1587/686
f 665/1588/687 663/1586/685 664/1587/686
f 663/1586/685 665/1588/687 661/1584/683
f 663/1586/685 661/1584/683 499/1205/513
f 665/1588/687 664/1587/686 667/1589/688
f 665/1588/687 667/1589/688 661/1584/683
f 667/1589/688 664/1587/686 503/1590/519
f 503/1590/519 396/1591/410 574/1592/594
f 396/1591/410 503/1590/519 664/1587/686
f 396/1591/410 664/1587/686 496/1206/514
f 509/1593/524 396/1591/410 496/1206/514
f 533/1594/549 545/1595/571 546/1596/560
f 546/1596/560 545/1595/571 547/1597/566
f 668/1598/567 545/1595/571 552/1599/570
f 545/1595/571 668/1598/567 547/1597/566
f 644/1600/664 653/1601/673 645/1602/665
f 645/1602/665 653/1601/673 412/978/423
f 653/1601/673 411/976/388 412/978/423
f 670/1603/689 669/1604/690 672/1605/691
f 672/1606/691 669/1607/690 673/1608/692
f 670/1609/689 672/1606/691 673/1608/692
f 673/1608/692 669/1607/690 671/1610/693
f 671/1610/693 669/1607/690 670/1611/689
f 504/1612/518 506/1613/522 505/1614/520
f 506/1613/522 662/1615/684 505/1614/520
f 506/1613/522 508/1616/523 662/1615/684
f 662/1615/684 661/1617/683 666/1618/694
f 666/1618/694 661/1619/683 667/1620/688
f 666/1618/694 505/1614/520 662/1615/684
f 505/1614/520 666/1618/694 667/1621/688
f 657/1622/680 401/1623/416 658/1624/678
f 1511/1625/695 658/1624/678 1282/1626/696
f 1282/1626/696 658/1624/678 394/1627/407
f 667/1628/688 503/1629/519 505/1630/520
f 400/962/415 401/963/416 1588/1572/679
f 1588/1572/679 674/1631/697 400/962/415
f 674/1631/697 675/1632/698 400/962/415
f 400/962/415 675/1632/698 402/964/413
f 675/1632/698 676/1633/699 402/964/413
f 402/1634/413 676/1635/699 403/1636/417
f 629/1637/650 403/1636/417 676/1635/699
f 678/1638/700 629/1637/650 680/1639/701
f 678/1638/700 680/1639/701 679/1640/702
f 1176/1641/703 680/1639/701 681/1642/704
f 680/1639/701 629/1637/650 682/1643/705
f 682/1643/705 629/1637/650 676/1635/699
f 684/1644/706 682/1643/705 676/1635/699
f 684/1644/706 676/1635/699 683/1645/707
f 682/1643/705 675/1646/698 677/1647/708
f 680/1639/701 682/1643/705 677/1647/708
f 683/1645/707 676/1635/699 675/1648/698
f 683/1649/707 675/1650/698 684/1651/706
f 684/1651/706 675/1650/698 682/1652/705
f 554/1299/562 686/1301/574 685/1653/709
f 554/1299/562 685/1653/709 549/1654/561
f 550/1655/569 549/1654/561 685/1653/709
f 558/1656/710 685/1653/709 686/1301/574
f 558/1656/710 556/1302/575 557/1305/578
f 556/1302/575 558/1656/710 686/1301/574
f 556/1302/575 686/1301/574 555/1300/573
f 557/1657/578 687/1658/711 558/1659/710
f 687/1658/711 688/1660/712 689/1661/713
f 688/1660/712 706/1662/714 689/1661/713
f 687/1658/711 689/1661/713 690/1663/715
f 687/1658/711 690/1663/715 558/1659/710
f 694/1664/716 558/1659/710 690/1663/715
f 691/1665/717 685/1666/709 692/1667/718
f 693/1668/719 692/1667/718 685/1666/709
f 693/1668/719 685/1666/709 694/1664/716
f 703/1669/720 693/1668/719 694/1664/716
f 694/1664/716 685/1666/709 558/1659/710
f 694/1664/716 690/1663/715 695/1670/721
f 690/1663/715 689/1661/713 695/1670/721
f 706/1662/714 696/1671/722 689/1661/713
f 697/1672/615 594/1673/612 595/1674/568
f 698/1675/723 595/1674/568 550/1676/569
f 698/1675/723 697/1672/615 595/1674/568
f 697/1677/615 699/1678/724 700/1679/725
f 699/1678/724 697/1677/615 698/1680/723
f 692/1681/718 699/1678/724 698/1682/723
f 692/1681/718 698/1682/723 550/1683/569
f 699/1684/724 692/1685/718 693/1686/719
f 699/1684/724 693/1686/719 701/1687/726
f 701/1687/726 601/1688/621 700/1679/725
f 700/1679/725 601/1688/621 697/1689/615
f 697/1689/615 601/1688/621 600/1690/620
f 597/1410/617 596/1409/616 697/1408/615
f 597/1410/617 697/1691/615 600/1413/620
f 608/1416/623 598/1412/619 702/1692/632
f 598/1412/619 602/1415/622 702/1692/632
f 703/1693/720 702/1692/632 602/1415/622
f 611/1694/631 702/1692/632 694/1695/716
f 694/1695/716 702/1692/632 703/1693/720
f 602/1415/622 601/1414/621 703/1693/720
f 601/1414/621 701/1696/726 703/1693/720
f 703/1693/720 701/1696/726 693/1697/719
f 550/1676/569 691/1698/717 692/1699/718
f 699/1700/724 691/1701/717 550/1702/569
f 699/1700/724 550/1702/569 700/1703/725
f 700/1703/725 550/1702/569 701/1704/726
f 701/1704/726 550/1702/569 685/1705/709
f 685/1705/709 691/1706/717 699/1707/724
f 685/1705/709 699/1707/724 701/1704/726
f 560/1708/576 687/1709/711 559/1710/577
f 687/1709/711 560/1708/576 617/1711/637
f 687/1709/711 557/1712/578 559/1710/577
f 687/1709/711 617/1711/637 688/1713/712
f 617/1711/637 616/1714/636 688/1713/712
f 704/1715/727 688/1713/712 705/1716/728
f 688/1713/712 616/1714/636 614/1717/635
f 688/1713/712 614/1717/635 705/1716/728
f 708/1718/729 705/1716/728 614/1717/635
f 614/1717/635 613/1719/634 708/1718/729
f 624/1720/646 622/1721/644 621/1722/643
f 613/1723/634 611/1724/631 694/1664/716
f 694/1664/716 695/1670/721 613/1723/634
f 708/1725/729 613/1726/634 704/1727/727
f 707/1728/730 708/1725/729 704/1727/727
f 695/1729/721 704/1727/727 613/1726/634
f 695/1729/721 706/1730/714 704/1727/727
f 706/1730/714 695/1729/721 696/1731/722
f 688/1732/712 704/1727/727 706/1730/714
f 696/1731/722 695/1729/721 689/1733/713
f 707/1734/730 705/1735/728 708/1736/729
f 705/1735/728 707/1734/730 704/1737/727
f 709/1738/53 43/1739/52 97/1740/113
f 52/1741/55 709/1738/53 45/1742/72
f 47/1743/56 46/1744/73 45/1742/72
f 47/1743/56 45/1742/72 715/1745/731
f 47/1743/56 715/1745/731 710/1746/57
f 710/1746/57 715/1745/731 711/1747/732
f 712/1748/733 710/1746/57 711/1747/732
f 713/1749/734 710/1746/57 712/1748/733
f 714/1750/543 524/1751/536 713/1749/734
f 714/1750/543 713/1749/734 712/1748/733
f 523/1752/542 714/1750/543 105/1753/121
f 105/1753/121 714/1750/543 712/1748/733
f 105/1753/121 715/1745/731 103/1754/119
f 105/1753/121 712/1748/733 715/1745/731
f 715/1745/731 712/1748/733 711/1747/732
f 45/1742/72 709/1738/53 715/1745/731
f 715/1745/731 709/1738/53 418/1755/429
f 709/1738/53 416/1756/428 418/1755/429
f 416/1757/428 97/1740/113 414/1758/427
f 413/1759/425 414/1758/427 97/1740/113
f 97/1740/113 416/1757/428 709/1738/53
f 716/1760/735 764/1761/736 718/1762/737
f 716/1760/735 717/1763/738 764/1761/736
f 716/1764/735 718/1765/737 721/1766/739
f 721/1766/739 718/1765/737 720/1767/740
f 716/1768/735 721/1766/739 719/1769/741
f 716/1768/735 719/1769/741 717/1770/738
f 722/1771/742 724/1772/743 723/1773/157
f 722/1774/742 723/1775/157 79/1776/94
f 723/1775/157 140/1777/156 79/1776/94
f 724/1778/743 725/1779/744 723/1780/157
f 145/1781/160 722/1782/742 79/1783/94
f 725/1784/744 726/262/158 723/261/157
f 139/259/155 726/262/158 727/1785/745
f 139/259/155 727/1785/745 198/1786/215
f 724/1787/743 722/1788/742 145/1789/160
f 724/1787/743 145/1789/160 729/1790/161
f 724/1787/743 729/1790/161 140/1791/156
f 140/1791/156 729/1790/161 79/1792/94
f 123/1793/140 51/1794/63 140/1791/156
f 123/285/140 79/1795/94 729/286/161
f 725/1796/744 724/1797/743 730/1798/746
f 830/1799/747 730/1798/746 731/1800/748
f 730/1798/746 830/1799/747 733/1801/749
f 730/1798/746 733/1801/749 725/1796/744
f 725/1796/744 733/1801/749 726/1802/158
f 732/1803/750 726/1802/158 733/1801/749
f 726/1802/158 732/1803/750 728/1804/751
f 732/1803/750 733/1801/749 830/1799/747
f 830/1805/747 734/1806/752 828/1807/753
f 730/1808/746 724/1809/743 735/1810/754
f 724/1809/743 140/1811/156 51/1812/63
f 724/1809/743 51/1812/63 736/1813/755
f 735/1810/754 724/1809/743 737/1814/756
f 738/1815/757 730/1808/746 739/1816/758
f 744/1817/759 724/1809/743 736/1813/755
f 735/1818/754 745/1819/760 740/1820/761
f 740/1821/761 745/1822/760 741/1823/762
f 740/1821/761 741/1823/762 734/1824/752
f 734/1824/752 735/1825/754 740/1821/761
f 735/1825/754 734/1826/752 742/1827/763
f 735/1825/754 742/1827/763 730/1828/746
f 730/1828/746 742/1827/763 739/1829/758
f 745/1830/760 737/1831/756 743/1832/764
f 745/1830/760 743/1832/764 744/1833/759
f 49/1834/59 710/1835/57 746/1836/765
f 49/1834/59 746/1836/765 747/1837/766
f 710/1835/57 747/1837/766 746/1836/765
f 48/1838/58 710/1835/57 49/1834/59
f 748/1839/767 51/1840/63 49/1834/59
f 51/1840/63 748/1839/767 736/1841/755
f 748/1839/767 49/1834/59 759/1842/768
f 759/1842/768 49/1834/59 747/1837/766
f 828/1843/753 734/1844/752 741/1845/762
f 749/1846/769 751/1847/770 750/1848/771
f 749/1846/769 719/1849/741 752/1850/772
f 749/1846/769 752/1850/772 753/1851/773
f 753/1851/773 752/1850/772 757/1852/774
f 753/1851/773 757/1852/774 754/1853/775
f 753/1851/773 754/1853/775 751/1847/770
f 750/1848/771 754/1853/775 755/1854/776
f 754/1853/775 750/1848/771 751/1847/770
f 754/1853/775 757/1852/774 755/1854/776
f 757/1852/774 756/1855/777 755/1854/776
f 750/1856/771 755/1857/776 758/1858/778
f 764/1859/736 758/1858/778 770/1860/779
f 758/1858/778 764/1859/736 750/1856/771
f 750/1856/771 764/1859/736 717/1861/738
f 749/1862/769 750/1856/771 717/1861/738
f 749/1862/769 717/1861/738 719/1863/741
f 759/1864/768 747/1865/766 761/1866/780
f 759/1864/768 761/1866/780 760/1867/781
f 761/1866/780 747/1865/766 762/1868/782
f 762/1868/782 747/1865/766 713/1869/734
f 518/1870/537 713/1869/734 524/1871/536
f 710/1872/57 713/1869/734 747/1865/766
f 761/1873/780 763/1874/783 760/1875/781
f 763/1874/783 761/1873/780 764/1876/736
f 760/1875/781 763/1874/783 798/1877/784
f 798/1877/784 763/1874/783 764/1876/736
f 765/1878/785 764/1876/736 766/1879/786
f 770/1880/779 766/1879/786 764/1876/736
f 764/1876/736 761/1873/780 718/1881/737
f 718/1881/737 761/1873/780 762/1882/782
f 718/1881/737 762/1882/782 765/1883/785
f 718/1881/737 765/1883/785 767/1884/787
f 760/1885/781 764/1886/736 765/1887/785
f 760/1885/781 765/1887/785 762/1888/782
f 808/1889/788 760/1885/781 810/1890/789
f 810/1890/789 760/1885/781 762/1888/782
f 810/1890/789 762/1888/782 768/1891/790
f 762/1888/782 769/1892/791 768/1891/790
f 768/1891/790 769/1892/791 809/1893/792
f 721/1894/739 720/1895/740 770/1896/779
f 721/1894/739 770/1896/779 719/1897/741
f 770/1896/779 720/1895/740 718/1898/737
f 770/1896/779 718/1898/737 767/1899/787
f 767/1899/787 766/1900/786 770/1896/779
f 762/1901/782 772/1902/793 771/1903/794
f 773/1904/795 771/1903/794 772/1902/793
f 775/1905/535 774/1906/534 773/1904/795
f 775/1905/535 773/1904/795 772/1902/793
f 775/1905/535 772/1902/793 1074/1907/796
f 776/1908/797 1074/1907/796 772/1902/793
f 776/1908/797 777/1909/798 518/1910/537
f 777/1909/798 776/1908/797 772/1902/793
f 518/1910/537 777/1909/798 772/1902/793
f 772/1902/793 762/1901/782 713/1911/734
f 772/1902/793 713/1911/734 518/1910/537
f 198/1912/215 727/1913/745 778/1914/799
f 778/1914/799 727/1913/745 779/1915/800
f 780/1916/801 778/1914/799 779/1915/800
f 779/1915/800 732/1917/750 781/1918/802
f 780/1916/801 779/1915/800 781/1918/802
f 728/1919/751 732/1917/750 779/1915/800
f 726/1920/158 779/1915/800 727/1913/745
f 779/1915/800 726/1920/158 728/1919/751
f 730/1921/746 738/1922/757 731/1923/748
f 745/1924/760 735/1925/754 739/1926/758
f 745/1924/760 739/1926/758 742/1927/763
f 742/1927/763 734/1928/752 738/1929/757
f 742/1927/763 738/1929/757 745/1924/760
f 745/1924/760 738/1929/757 737/1930/756
f 737/1930/756 738/1929/757 739/1931/758
f 737/1930/756 739/1931/758 735/1925/754
f 743/1932/764 737/1933/756 782/1934/803
f 743/1932/764 782/1934/803 724/1935/743
f 783/1936/804 737/1933/756 724/1935/743
f 783/1936/804 724/1935/743 782/1934/803
f 783/1936/804 782/1934/803 784/1937/805
f 783/1936/804 784/1937/805 731/1938/748
f 784/1937/805 782/1934/803 785/1939/806
f 731/1938/748 784/1937/805 786/1940/807
f 731/1938/748 786/1940/807 785/1941/806
f 785/1939/806 782/1934/803 731/1938/748
f 731/1938/748 782/1934/803 737/1933/756
f 731/1938/748 737/1933/756 734/1942/752
f 734/1942/752 737/1933/756 783/1943/804
f 734/1942/752 783/1943/804 738/1944/757
f 783/1945/804 731/1938/748 738/1946/757
f 830/1947/747 731/1948/748 734/1949/752
f 743/1950/764 786/1951/807 784/1952/805
f 786/1951/807 743/1950/764 787/1953/808
f 724/1954/743 785/1955/806 743/1950/764
f 743/1950/764 785/1955/806 787/1953/808
f 787/1953/808 785/1955/806 788/1956/809
f 787/1953/808 788/1956/809 784/1957/805
f 784/1957/805 788/1956/809 743/1958/764
f 743/1958/764 788/1956/809 744/1959/759
f 724/1960/743 784/1961/805 785/1962/806
f 784/1961/805 724/1960/743 744/1963/759
f 784/1961/805 744/1963/759 787/1964/808
f 787/1964/808 744/1963/759 786/1965/807
f 788/1966/809 785/1967/806 786/1965/807
f 788/1966/809 786/1965/807 744/1963/759
f 745/1968/760 744/1969/759 741/1970/762
f 748/1971/767 768/1972/790 812/1973/810
f 748/1971/767 812/1973/810 807/1974/811
f 789/1975/812 748/1971/767 807/1974/811
f 736/1976/755 748/1971/767 792/1977/813
f 792/1977/813 748/1971/767 789/1975/812
f 790/1978/814 736/1976/755 792/1977/813
f 791/1979/815 792/1977/813 793/1980/816
f 791/1979/815 794/1981/817 873/1982/818
f 794/1981/817 791/1979/815 793/1980/816
f 794/1981/817 793/1980/816 796/1983/819
f 794/1981/817 796/1983/819 797/1984/820
f 796/1983/819 793/1980/816 789/1975/812
f 789/1975/812 793/1980/816 792/1977/813
f 796/1983/819 789/1975/812 795/1985/821
f 789/1975/812 807/1974/811 814/1986/822
f 796/1983/819 760/1987/781 798/1988/784
f 796/1983/819 798/1988/784 797/1984/820
f 798/1988/784 758/1989/778 755/1990/776
f 797/1984/820 798/1988/784 755/1990/776
f 797/1984/820 755/1990/776 756/1991/777
f 799/1992/823 797/1984/820 756/1991/777
f 799/1992/823 756/1991/777 758/1993/778
f 797/1984/820 799/1992/823 794/1981/817
f 232/1994/241 513/1995/253 237/1996/252
f 237/1996/252 800/1997/824 801/1998/530
f 231/1999/251 237/1996/252 801/1998/530
f 800/2000/824 237/2001/252 513/2002/253
f 516/2003/531 801/2004/530 800/2000/824
f 802/2005/825 516/2003/531 800/2000/824
f 516/2003/531 802/2005/825 804/2006/826
f 516/2003/531 804/2006/826 803/2007/827
f 804/2006/826 806/2008/828 805/2009/829
f 806/2008/828 804/2006/826 802/2005/825
f 802/2005/825 800/2000/824 513/2002/253
f 802/2005/825 513/2002/253 806/2008/828
f 513/2010/253 805/2009/829 806/2008/828
f 513/1995/253 238/2011/243 511/2012/525
f 807/2013/811 808/2014/788 795/2015/821
f 795/2015/821 808/2014/788 809/2016/792
f 813/2017/830 809/2016/792 810/2018/789
f 810/2018/789 809/2016/792 808/2014/788
f 760/2019/781 808/2014/788 759/2020/768
f 808/2014/788 807/2013/811 759/2020/768
f 807/2013/811 810/2021/789 759/2020/768
f 810/2021/789 768/2022/790 759/2020/768
f 759/2020/768 768/2022/790 748/2023/767
f 807/2024/811 795/2025/821 811/2026/831
f 813/2027/830 810/2028/789 811/2029/831
f 812/2030/810 810/2028/789 807/2024/811
f 810/2028/789 812/2030/810 814/2031/822
f 768/2032/790 813/2033/830 812/2034/810
f 813/2033/830 768/2032/790 809/2035/792
f 812/2034/810 813/2033/830 814/2036/822
f 814/2036/822 795/2037/821 789/2038/812
f 795/2037/821 814/2036/822 813/2033/830
f 811/2039/831 795/2037/821 813/2033/830
f 811/2039/831 814/2040/822 807/2041/811
f 814/2040/822 811/2039/831 810/2042/789
f 771/2043/794 815/2044/832 1072/2045/833
f 762/2046/782 771/2043/794 1072/2045/833
f 1072/2045/833 877/2047/834 762/2046/782
f 1072/2045/833 773/2048/795 774/2049/534
f 1072/2045/833 774/2049/534 877/2047/834
f 816/2050/835 774/2049/534 517/2051/533
f 816/2050/835 517/2051/533 817/2052/532
f 817/2052/532 514/2053/497 822/2054/836
f 514/2053/497 515/2055/529 516/2056/531
f 514/2053/497 516/2056/531 822/2054/836
f 822/2054/836 516/2056/531 818/2057/837
f 818/2057/837 516/2056/531 803/2058/827
f 816/2050/835 819/2059/838 820/2060/839
f 774/2049/534 816/2050/835 820/2060/839
f 774/2049/534 820/2060/839 821/2061/840
f 774/2049/534 821/2061/840 877/2047/834
f 821/2061/840 820/2060/839 1118/2062/841
f 823/2063/842 816/2050/835 822/2054/836
f 822/2054/836 816/2050/835 817/2052/532
f 822/2054/836 818/2057/837 823/2063/842
f 805/2064/829 513/2065/253 511/2066/525
f 804/2067/826 805/2064/829 824/2068/527
f 1143/2069/843 824/2068/527 526/2070/528
f 511/2066/525 824/2068/527 805/2064/829
f 825/2071/844 828/2072/753 827/2073/845
f 826/2074/846 825/2071/844 827/2073/845
f 828/2072/753 825/2071/844 826/2075/846
f 826/2075/846 830/2076/747 828/2072/753
f 831/2077/847 830/2076/747 826/2075/846
f 830/2076/747 829/2078/848 744/2079/759
f 830/2076/747 831/2077/847 832/2080/849
f 832/2081/849 831/2077/847 826/2075/846
f 741/2082/762 833/2083/850 827/2084/845
f 741/2082/762 827/2084/845 828/2085/753
f 827/2084/845 833/2083/850 862/2086/851
f 864/2087/852 834/2088/853 833/2083/850
f 834/2088/853 864/2087/852 861/2089/854
f 833/2083/850 834/2088/853 862/2086/851
f 862/2086/851 931/2090/855 827/2084/845
f 826/2091/846 827/2092/845 931/2093/855
f 830/2094/747 744/2095/759 732/2096/750
f 781/2097/802 732/2096/750 744/2095/759
f 744/2095/759 736/2098/755 781/2097/802
f 836/2099/856 835/2100/857 781/2097/802
f 836/2099/856 736/2098/755 790/2101/814
f 736/2098/755 836/2099/856 781/2097/802
f 832/2102/849 826/2103/846 901/2104/858
f 751/1847/770 749/1846/769 753/1851/773
f 829/2105/848 830/2106/747 832/2107/849
f 741/2108/762 744/2109/759 829/2105/848
f 741/2108/762 829/2105/848 833/2110/850
f 863/2111/859 833/2110/850 829/2105/848
f 833/2110/850 837/2112/860 864/2113/852
f 838/2114/861 829/2105/848 836/2115/856
f 836/2115/856 829/2105/848 901/2116/858
f 832/2107/849 901/2116/858 829/2105/848
f 842/2117/862 839/2118/863 841/2119/864
f 841/2119/864 839/2118/863 840/2120/865
f 840/2120/865 843/2121/866 841/2119/864
f 839/2122/863 842/2123/862 845/2124/867
f 846/2125/868 839/2122/863 845/2124/867
f 839/2122/863 846/2125/868 847/2126/869
f 839/2122/863 847/2126/869 840/2127/865
f 840/2127/865 847/2126/869 848/2128/870
f 843/2129/866 840/2127/865 844/2130/871
f 847/2126/869 870/2131/872 844/2130/871
f 847/2126/869 844/2130/871 848/2128/870
f 848/2128/870 844/2130/871 840/2127/865
f 850/2132/873 859/2133/874 849/2134/875
f 850/2132/873 849/2134/875 851/2135/876
f 850/2136/873 851/2137/876 852/2138/877
f 852/2138/877 853/2139/878 850/2136/873
f 853/2139/878 854/2140/879 850/2136/873
f 849/2141/875 855/2142/880 851/2143/876
f 852/2144/877 855/2142/880 849/2141/875
f 852/2144/877 849/2141/875 856/2145/881
f 857/2146/882 852/2144/877 856/2145/881
f 856/2145/881 858/2147/883 857/2146/882
f 858/2147/883 856/2145/881 849/2141/875
f 858/2147/883 849/2141/875 859/2148/874
f 851/2149/876 855/2150/880 834/2151/853
f 834/2151/853 855/2150/880 860/2152/884
f 860/2152/884 855/2150/880 852/2153/877
f 860/2152/884 852/2153/877 861/2154/854
f 861/2154/854 852/2153/877 851/2155/876
f 861/2154/854 851/2155/876 834/2156/853
f 860/2152/884 861/2154/854 864/2157/852
f 862/2158/851 860/2152/884 864/2157/852
f 863/2159/859 862/2158/851 864/2157/852
f 863/2159/859 864/2157/852 936/2160/885
f 862/2158/851 834/2151/853 860/2152/884
f 864/2113/852 837/2112/860 829/2161/848
f 865/2162/886 859/2163/874 850/2164/873
f 854/2165/879 865/2162/886 850/2166/873
f 865/2167/886 858/2168/883 859/2169/874
f 857/2170/882 858/2168/883 865/2167/886
f 857/2170/882 865/2167/886 866/2171/887
f 853/2172/878 852/2173/877 857/2170/882
f 853/2172/878 857/2170/882 854/2174/879
f 854/2174/879 857/2170/882 866/2171/887
f 865/2175/886 854/2174/879 866/2171/887
f 868/2176/888 845/2177/867 867/2178/889
f 868/2179/888 867/2180/889 869/2181/890
f 868/2179/888 869/2181/890 846/2182/868
f 868/2179/888 846/2182/868 845/2183/867
f 841/2184/864 843/2185/866 842/2186/862
f 842/2186/862 870/2187/872 869/2188/890
f 842/2186/862 869/2188/890 845/2189/867
f 845/2189/867 869/2188/890 867/2190/889
f 846/2191/868 869/2188/890 847/2192/869
f 869/2188/890 870/2187/872 847/2192/869
f 843/2193/866 870/2194/872 842/2195/862
f 843/2193/866 844/2196/871 870/2194/872
f 752/2197/772 719/2198/741 871/2199/891
f 719/2198/741 770/2200/779 871/2199/891
f 756/2201/777 871/2199/891 770/2200/779
f 756/2201/777 770/2200/779 758/2202/778
f 871/2199/891 756/2201/777 757/2203/774
f 871/2199/891 757/2203/774 752/2197/772
f 760/2204/781 796/2205/819 809/2206/792
f 809/2206/792 796/2205/819 795/2207/821
f 809/2206/792 769/2208/791 760/2204/781
f 769/2208/791 767/2209/787 760/2204/781
f 760/2204/781 767/2209/787 872/2210/892
f 872/2210/892 767/2209/787 765/2211/785
f 760/2204/781 872/2210/892 764/2212/736
f 872/2213/892 798/2214/784 764/2215/736
f 765/2216/785 798/2214/784 872/2213/892
f 798/2214/784 765/2216/785 758/2217/778
f 758/2217/778 765/2216/785 766/2218/786
f 766/2218/786 799/2219/823 758/2217/778
f 766/2220/786 767/2221/787 799/2222/823
f 799/2222/823 767/2221/787 769/2223/791
f 769/2223/791 794/2224/817 799/2222/823
f 873/2225/818 769/2226/791 762/2046/782
f 794/2227/817 769/2226/791 873/2225/818
f 873/2225/818 762/2046/782 877/2047/834
f 875/2228/893 877/2047/834 821/2061/840
f 875/2228/893 821/2061/840 874/2229/894
f 875/2228/893 876/2230/895 877/2047/834
f 873/2225/818 878/2231/896 791/2232/815
f 791/2233/815 878/2234/896 883/2235/897
f 883/2235/897 878/2234/896 873/2236/818
f 877/2237/834 879/2238/898 880/2239/899
f 877/2237/834 880/2239/899 873/2236/818
f 882/2240/900 880/2239/899 879/2238/898
f 880/2239/899 882/2240/900 873/2236/818
f 879/2238/898 891/2241/901 882/2240/900
f 873/2236/818 887/2242/902 883/2235/897
f 884/2243/903 892/2244/904 885/2245/905
f 885/2245/905 886/2246/906 883/2247/897
f 885/2245/905 883/2247/897 884/2243/903
f 883/2247/897 887/2248/902 884/2243/903
f 887/2248/902 882/2249/900 888/2250/907
f 889/2251/908 890/2252/909 884/2243/903
f 884/2243/903 890/2252/909 892/2244/904
f 895/2253/910 886/2246/906 892/2244/904
f 892/2244/904 886/2246/906 885/2245/905
f 889/2251/908 884/2243/903 888/2250/907
f 888/2250/907 884/2243/903 887/2248/902
f 891/2254/901 889/2255/908 888/2256/907
f 889/2255/908 891/2254/901 890/2257/909
f 893/2258/911 892/2259/904 890/2257/909
f 893/2258/911 890/2257/909 891/2254/901
f 888/2256/907 882/2260/900 891/2254/901
f 893/2258/911 891/2254/901 894/2261/912
f 894/2261/912 882/2262/900 893/2258/911
f 893/2258/911 882/2262/900 887/2263/902
f 893/2258/911 887/2263/902 895/2264/910
f 895/2264/910 887/2263/902 886/2265/906
f 895/2264/910 892/2259/904 893/2258/911
f 198/1912/215 778/1914/799 199/2266/216
f 199/2266/216 778/1914/799 896/2267/913
f 199/2266/216 913/2268/914 201/2269/217
f 896/2267/913 913/2268/914 199/2266/216
f 913/2268/914 896/2267/913 898/2270/915
f 896/2267/913 780/1916/801 899/2271/916
f 780/1916/801 896/2267/913 778/1914/799
f 780/2272/801 781/2273/802 900/2274/917
f 900/2274/917 781/2273/802 835/2275/857
f 835/2275/857 836/2276/856 901/2277/858
f 835/2275/857 901/2277/858 838/2278/861
f 790/2279/814 835/2275/857 838/2278/861
f 838/2280/861 836/2276/856 790/2281/814
f 835/2282/857 790/2283/814 925/2284/918
f 835/2282/857 925/2284/918 900/2285/917
f 900/2286/917 899/2287/916 780/2288/801
f 792/2289/813 902/2290/919 790/2291/814
f 792/2289/813 886/2292/906 902/2290/919
f 886/2292/906 792/2289/813 883/2293/897
f 883/2293/897 792/2289/813 791/2294/815
f 903/2295/920 886/2292/906 887/2296/902
f 886/2292/906 903/2295/920 902/2290/919
f 887/2296/902 873/2297/818 904/2298/921
f 887/2296/902 904/2298/921 903/2295/920
f 873/2297/818 882/2299/900 904/2298/921
f 904/2298/921 882/2299/900 894/2300/912
f 971/2301/922 903/2295/920 973/2302/923
f 973/2302/923 903/2295/920 904/2298/921
f 902/2290/919 903/2295/920 905/2303/924
f 902/2290/919 905/2303/924 906/2304/925
f 902/2290/919 906/2304/925 928/2305/926
f 902/2290/919 928/2305/926 925/2306/918
f 902/2290/919 925/2306/918 790/2291/814
f 804/2307/826 907/2308/927 910/2309/928
f 907/2308/927 804/2307/826 824/2310/527
f 824/2310/527 908/2311/929 907/2308/927
f 907/2308/927 1150/2312/930 909/2313/931
f 910/2309/928 907/2308/927 909/2313/931
f 910/2309/928 803/2314/827 804/2307/826
f 803/2314/827 910/2309/928 911/2315/932
f 803/2314/827 911/2315/932 818/2316/837
f 911/2315/932 823/2317/842 818/2316/837
f 911/2315/932 910/2309/928 912/2318/933
f 1144/2319/934 911/2315/932 912/2318/933
f 912/2318/933 910/2309/928 909/2313/931
f 986/2320/935 1144/2321/934 912/2318/933
f 897/2322/220 201/2323/217 913/2324/914
f 913/2324/914 898/2325/915 914/2326/936
f 913/2324/914 914/2326/936 919/2327/937
f 913/2324/914 919/2327/937 897/2322/220
f 203/2328/218 897/2329/220 919/2330/937
f 203/2328/218 919/2330/937 915/2331/404
f 203/2328/218 915/2331/404 392/2332/403
f 393/2333/405 915/2331/404 916/2334/938
f 916/2334/938 915/2331/404 917/2335/939
f 917/2335/939 915/2331/404 918/2336/940
f 918/2336/940 915/2331/404 919/2330/937
f 920/2337/941 898/2338/915 896/2339/913
f 920/2337/941 896/2340/913 899/2341/916
f 898/2342/915 920/2343/941 945/2344/942
f 898/2342/915 922/2345/943 921/2346/944
f 922/2345/943 898/2342/915 945/2344/942
f 945/2344/942 920/2343/941 921/2347/944
f 922/2348/943 923/2349/945 921/2347/944
f 898/2350/915 921/2347/944 914/2351/936
f 914/2351/936 921/2347/944 924/2352/946
f 921/2347/944 899/2353/916 924/2352/946
f 920/2343/941 899/2353/916 921/2347/944
f 924/2352/946 1803/2354/947 914/2351/936
f 914/2351/936 1803/2354/947 1802/2355/948
f 899/2356/916 900/2357/917 926/2358/949
f 899/2359/916 926/2360/949 924/2361/946
f 924/2361/946 926/2360/949 954/2362/950
f 953/2363/951 954/2362/950 926/2360/949
f 953/2363/951 926/2360/949 955/2364/952
f 927/2365/953 955/2364/952 926/2360/949
f 925/2366/918 926/2360/949 900/2367/917
f 926/2360/949 925/2366/918 927/2365/953
f 929/2368/954 927/2365/953 925/2366/918
f 929/2368/954 925/2366/918 928/2369/926
f 929/2368/954 928/2369/926 930/2370/955
f 901/2371/858 826/2372/846 942/2373/956
f 826/2372/846 931/2374/855 942/2373/956
f 932/2375/957 901/2371/858 942/2373/956
f 901/2371/858 932/2375/957 838/2376/861
f 933/2377/958 932/2375/957 938/2378/959
f 934/2379/960 933/2377/958 935/2380/961
f 936/2381/885 935/2380/961 937/2382/962
f 942/2373/956 931/2374/855 941/2383/963
f 939/2384/964 931/2374/855 938/2385/959
f 938/2385/959 931/2374/855 863/2386/859
f 863/2386/859 931/2374/855 862/2387/851
f 863/2388/859 829/2389/848 933/2390/958
f 938/2391/959 863/2388/859 933/2390/958
f 838/2392/861 935/2393/961 933/2390/958
f 838/2392/861 933/2390/958 937/2394/962
f 937/2394/962 933/2390/958 936/2395/885
f 936/2395/885 933/2390/958 837/2396/860
f 936/2395/885 837/2396/860 863/2397/859
f 863/2397/859 837/2396/860 833/2398/850
f 933/2390/958 829/2389/848 837/2396/860
f 936/2399/885 864/2400/852 829/2401/848
f 936/2399/885 829/2401/848 838/2402/861
f 838/2402/861 928/2403/926 936/2399/885
f 936/2399/885 999/2404/965 939/2405/964
f 936/2399/885 939/2405/964 938/2406/959
f 931/2407/855 939/2405/964 941/2408/963
f 938/2409/959 932/2410/957 942/2411/956
f 938/2409/959 942/2411/956 934/2412/960
f 934/2412/960 935/2413/961 936/2414/885
f 938/2409/959 934/2412/960 936/2414/885
f 932/2415/957 933/2416/958 934/2417/960
f 838/2418/861 932/2415/957 935/2419/961
f 935/2419/961 932/2415/957 937/2420/962
f 932/2415/957 934/2417/960 937/2420/962
f 838/2421/861 937/2420/962 928/2422/926
f 928/2423/926 937/2420/962 930/2424/955
f 930/2424/955 937/2420/962 999/2425/965
f 999/2425/965 937/2420/962 940/2426/966
f 941/2427/963 940/2426/966 942/2428/956
f 942/2428/956 940/2426/966 937/2420/962
f 937/2420/962 934/2417/960 942/2428/956
f 999/2429/965 941/2430/963 939/2431/964
f 999/2429/965 936/2432/885 928/2433/926
f 922/2434/943 945/2435/942 944/2436/967
f 922/2434/943 944/2436/967 923/2437/945
f 945/2438/942 921/2439/944 923/2437/945
f 945/2438/942 923/2437/945 949/2440/968
f 946/2441/969 923/2437/945 947/2442/970
f 923/2437/945 948/2443/971 947/2442/970
f 948/2443/971 923/2437/945 944/2436/967
f 947/2442/970 948/2443/971 949/2444/968
f 945/2445/942 948/2443/971 944/2436/967
f 949/2446/968 923/2447/945 946/2448/969
f 948/2449/971 945/2450/942 949/2446/968
f 947/2451/970 949/2446/968 946/2448/969
f 955/2452/952 929/2453/954 930/2454/955
f 930/2454/955 943/2455/972 950/2456/973
f 930/2454/955 950/2456/973 955/2452/952
f 950/2456/973 952/2457/974 955/2452/952
f 952/2457/974 950/2456/973 951/2458/975
f 955/2452/952 952/2457/974 953/2459/951
f 954/2460/950 953/2459/951 951/2458/975
f 953/2459/951 952/2457/974 951/2458/975
f 929/2461/954 955/2462/952 906/2463/925
f 955/2462/952 956/2464/976 906/2463/925
f 928/2465/926 906/2463/925 956/2464/976
f 928/2465/926 956/2464/976 999/2466/965
f 999/2466/965 956/2464/976 930/2467/955
f 943/2468/972 930/2467/955 956/2464/976
f 943/2468/972 956/2464/976 951/2469/975
f 943/2468/972 951/2469/975 950/2470/973
f 956/2464/976 955/2462/952 954/2471/950
f 951/2469/975 956/2464/976 954/2471/950
f 957/2472/977 924/2473/946 954/2474/950
f 976/2475/978 924/2473/946 957/2472/977
f 976/2475/978 957/2472/977 1804/2476/979
f 958/2477/980 959/2478/981 924/2479/946
f 924/2479/946 959/2478/981 1804/2476/979
f 955/2480/952 927/2481/953 954/2482/950
f 954/2482/950 927/2481/953 929/2483/954
f 954/2482/950 929/2483/954 957/2484/977
f 929/2483/954 906/2485/925 957/2484/977
f 906/2485/925 966/2486/982 959/2487/981
f 906/2485/925 959/2487/981 957/2484/977
f 957/2484/977 959/2487/981 982/2488/983
f 959/2487/981 966/2486/982 960/2489/984
f 906/2485/925 905/2490/924 961/2491/985
f 961/2491/985 905/2490/924 962/2492/986
f 961/2491/985 963/2493/987 906/2485/925
f 963/2493/987 961/2491/985 1016/2494/988
f 962/2492/986 1016/2494/988 961/2491/985
f 965/2495/989 1042/2496/990 964/2497/991
f 964/2497/991 966/2486/982 1016/2494/988
f 966/2486/982 964/2497/991 1042/2496/990
f 966/2486/982 906/2485/925 963/2493/987
f 963/2493/987 1016/2494/988 966/2486/982
f 967/2498/992 905/2499/924 903/2500/920
f 967/2498/992 903/2500/920 971/2501/922
f 968/2502/993 969/2503/994 1005/2504/995
f 1005/2504/995 969/2503/994 1038/2505/996
f 970/2506/997 969/2503/994 967/2498/992
f 970/2506/997 967/2498/992 971/2501/922
f 972/2507/998 970/2506/997 971/2501/922
f 970/2506/997 972/2507/998 1190/2508/999
f 974/2509/1000 973/2510/923 972/2507/998
f 975/2511/1001 972/2507/998 971/2501/922
f 975/2511/1001 971/2501/922 973/2512/923
f 977/2513/1002 976/2514/978 959/2515/981
f 977/2513/1002 978/2516/1003 976/2514/978
f 976/2514/978 978/2516/1003 958/2517/980
f 978/2516/1003 977/2513/1002 909/2518/931
f 958/2517/980 924/2519/946 976/2514/978
f 959/2515/981 958/2520/980 977/2513/1002
f 909/2518/931 1150/2521/930 979/2522/1004
f 978/2516/1003 909/2518/931 1152/2523/1005
f 958/2524/980 978/2516/1003 980/2525/1006
f 958/2524/980 980/2525/1006 977/2526/1002
f 981/2527/1007 980/2525/1006 978/2516/1003
f 982/2528/983 959/2529/981 976/2530/978
f 982/2528/983 976/2530/978 1804/2531/979
f 1804/2531/979 1840/2532/1008 982/2528/983
f 982/2528/983 1840/2532/1008 983/2533/1009
f 983/2533/1009 960/2534/984 982/2528/983
f 966/2535/982 982/2528/983 960/2534/984
f 959/2529/981 960/2536/984 983/2533/1009
f 959/2529/981 983/2533/1009 984/2537/1010
f 1804/2538/979 959/2529/981 1840/2539/1008
f 909/2518/931 977/2513/1002 912/2540/933
f 912/2540/933 977/2513/1002 986/2541/935
f 986/2542/935 977/2543/1002 980/2544/1006
f 986/2542/935 980/2544/1006 985/2545/1011
f 987/2546/1012 986/2542/935 985/2545/1011
f 987/2546/1012 985/2545/1011 2029/2547/1013
f 987/2546/1012 2029/2548/1013 990/2549/1014
f 988/2550/1015 990/2549/1014 2029/2551/1013
f 990/2549/1014 988/2550/1015 989/2552/1016
f 1219/2553/1017 991/2554/1018 992/2555/1019
f 1219/2553/1017 992/2555/1019 986/2542/935
f 1219/2553/1017 986/2542/935 987/2546/1012
f 1219/2553/1017 987/2546/1012 1043/2556/1020
f 1043/2556/1020 987/2546/1012 993/2557/1021
f 993/2557/1021 987/2546/1012 990/2549/1014
f 993/2557/1021 990/2549/1014 994/2558/1022
f 986/2542/935 992/2555/1019 995/2559/1023
f 986/2542/935 996/2560/1024 1144/2561/934
f 940/2562/966 998/2563/1025 999/2564/965
f 941/2565/963 997/2566/1026 998/2563/1025
f 940/2562/966 941/2565/963 998/2563/1025
f 999/2567/965 998/2568/1025 997/2566/1026
f 999/2567/965 997/2566/1026 941/2565/963
f 1000/2569/1027 1001/2570/1028 1002/2571/1029
f 1000/2569/1027 1002/2571/1029 1027/2572/1030
f 1002/2571/1029 1001/2570/1028 1003/2573/1031
f 1004/2574/1032 1001/2570/1028 1005/2575/995
f 1005/2575/995 1001/2570/1028 1006/2576/1033
f 968/2577/993 1005/2575/995 1006/2576/1033
f 1012/2578/1034 968/2577/993 1006/2576/1033
f 1007/2579/1035 1010/2580/1036 1008/2581/1037
f 1010/2580/1036 1007/2579/1035 1009/2582/1038
f 1913/2583/1039 1011/2584/1040 1010/2580/1036
f 1008/2581/1037 1010/2580/1036 1011/2584/1040
f 1007/2579/1035 1008/2581/1037 1012/2578/1034
f 1007/2579/1035 1012/2578/1034 1006/2576/1033
f 1007/2579/1035 1006/2576/1033 1000/2569/1027
f 1009/2582/1038 1007/2579/1035 1000/2569/1027
f 1000/2569/1027 1006/2576/1033 1001/2570/1028
f 1000/2569/1027 1027/2572/1030 1013/2585/1041
f 1013/2585/1041 1014/2586/1042 1000/2569/1027
f 1000/2569/1027 1014/2586/1042 1009/2582/1038
f 1009/2582/1038 1014/2586/1042 1010/2580/1036
f 905/2587/924 1015/2588/1043 962/2589/986
f 962/2589/986 1015/2588/1043 968/2590/993
f 968/2590/993 1015/2588/1043 969/2591/994
f 1015/2588/1043 967/2592/992 969/2591/994
f 1015/2588/1043 905/2587/924 964/2593/991
f 905/2587/924 967/2592/992 964/2593/991
f 1015/2588/1043 964/2593/991 1016/2594/988
f 967/2592/992 1015/2588/1043 1016/2594/988
f 1017/2595/1044 1003/2596/1031 1001/2597/1028
f 1017/2595/1044 1001/2597/1028 1004/2598/1032
f 1004/2598/1032 1018/2599/1045 1019/2600/1046
f 1004/2598/1032 1019/2600/1046 1020/2601/1047
f 1004/2598/1032 1020/2601/1047 1017/2595/1044
f 1021/2602/1048 1020/2601/1047 1019/2600/1046
f 1019/2600/1046 1056/2603/1049 1065/2604/1050
f 1021/2602/1048 1019/2600/1046 1065/2604/1050
f 1065/2604/1050 1056/2603/1049 1022/2605/1051
f 1065/2604/1050 1022/2605/1051 1024/2606/1052
f 1002/2607/1029 1003/2608/1031 1019/2609/1046
f 1002/2607/1029 1019/2609/1046 1018/2610/1045
f 1002/2607/1029 1018/2610/1045 1025/2611/1053
f 1026/2612/1054 1027/2613/1030 1002/2607/1029
f 1026/2612/1054 1002/2607/1029 1025/2611/1053
f 1026/2612/1054 1025/2611/1053 1022/2614/1051
f 1013/2615/1041 1027/2616/1030 1032/2617/1055
f 1027/2616/1030 1026/2618/1054 1028/2619/1056
f 1028/2619/1056 1026/2618/1054 1029/2620/1057
f 1029/2620/1057 1030/2621/1058 1031/2622/1059
f 1029/2620/1057 1031/2622/1059 1028/2619/1056
f 1031/2622/1059 1032/2617/1055 1028/2619/1056
f 1010/2623/1036 1058/2624/1060 1057/2625/1061
f 1033/2626/1062 1010/2623/1036 1014/2627/1042
f 1010/2623/1036 1033/2626/1062 1058/2624/1060
f 1027/2616/1030 1028/2619/1056 1032/2617/1055
f 1058/2624/1060 1033/2626/1062 1032/2617/1055
f 1033/2626/1062 1013/2615/1041 1032/2617/1055
f 1033/2626/1062 1014/2627/1042 1013/2615/1041
f 879/2628/898 894/2300/912 891/2629/901
f 894/2300/912 879/2628/898 904/2298/921
f 904/2298/921 879/2628/898 881/2630/1063
f 881/2630/1063 1114/2631/1064 1034/2632/1065
f 1034/2632/1065 1114/2631/1064 1035/2633/1066
f 881/2630/1063 1034/2632/1065 904/2298/921
f 1190/2634/999 973/2302/923 1034/2632/1065
f 973/2302/923 1190/2634/999 972/2635/998
f 1034/2632/1065 973/2302/923 904/2298/921
f 973/2636/923 974/2637/1000 975/2638/1001
f 974/2637/1000 972/2639/998 1036/2640/1067
f 1036/2640/1067 972/2639/998 975/2641/1001
f 1036/2640/1067 1037/2642/1068 974/2637/1000
f 974/2637/1000 1037/2642/1068 1004/2643/1032
f 1004/2643/1032 1037/2642/1068 1018/2644/1045
f 975/2645/1001 1004/2646/1032 1005/2647/995
f 1004/2646/1032 975/2645/1001 974/2648/1000
f 1039/2649/1069 1038/2650/996 969/2651/994
f 1036/2652/1067 1038/2650/996 1050/2653/1070
f 1036/2652/1067 1050/2653/1070 1037/2654/1068
f 1036/2652/1067 975/2645/1001 1038/2650/996
f 975/2645/1001 1005/2647/995 1038/2650/996
f 1018/2655/1045 1037/2654/1068 1040/2656/1071
f 1016/2657/988 962/2658/986 968/2659/993
f 967/2660/992 1016/2657/988 968/2659/993
f 964/2661/991 967/2660/992 968/2659/993
f 964/2661/991 968/2659/993 965/2662/989
f 965/2662/989 968/2659/993 1041/2663/1072
f 1042/2664/990 1041/2663/1072 1012/2665/1034
f 1012/2665/1034 1041/2663/1072 968/2659/993
f 970/2666/997 1043/2667/1020 1044/2668/1073
f 1044/2668/1073 1043/2667/1020 993/2669/1021
f 1044/2668/1073 993/2669/1021 994/2670/1022
f 1904/2671/1074 1901/2672/1075 1044/2668/1073
f 1045/2673/1076 1904/2671/1074 1044/2668/1073
f 988/2674/1015 1904/2671/1074 989/2675/1016
f 989/2675/1016 1904/2671/1074 1045/2673/1076
f 989/2675/1016 1045/2673/1076 994/2670/1022
f 994/2670/1022 1045/2673/1076 1044/2668/1073
f 1046/2676/1077 1038/2677/996 1047/2678/1078
f 1047/2678/1078 1048/2679/1079 1046/2676/1077
f 1047/2678/1078 1038/2677/996 1049/2680/1080
f 1047/2678/1078 1049/2680/1080 1050/2681/1070
f 1050/2681/1070 1049/2680/1080 1037/2682/1068
f 1048/2679/1079 1047/2678/1078 1050/2681/1070
f 1046/2676/1077 1048/2679/1079 1021/2683/1048
f 1038/2677/996 1046/2676/1077 1050/2684/1070
f 1050/2684/1070 1046/2676/1077 1052/2685/1081
f 1052/2685/1081 1046/2676/1077 1021/2683/1048
f 1051/2686/1082 1021/2683/1048 1048/2679/1079
f 1051/2686/1082 1048/2679/1079 1052/2687/1081
f 1052/2687/1081 1048/2679/1079 1050/2681/1070
f 1003/2688/1031 1017/2689/1044 1029/2690/1057
f 1029/2690/1057 1017/2689/1044 1030/2691/1058
f 1019/2692/1046 1003/2693/1031 1029/2694/1057
f 1025/2695/1053 1019/2692/1046 1053/2696/1083
f 1022/2697/1051 1053/2696/1083 1026/2698/1054
f 1026/2698/1054 1053/2696/1083 1029/2694/1057
f 1053/2696/1083 1019/2692/1046 1029/2694/1057
f 1018/2699/1045 1040/2700/1071 1055/2701/1084
f 1040/2700/1071 1054/2702/1085 1055/2701/1084
f 1055/2701/1084 1025/2703/1053 1018/2699/1045
f 1023/2704/1086 1055/2701/1084 1024/2705/1052
f 1023/2704/1086 1024/2705/1052 1022/2706/1051
f 1055/2701/1084 1056/2707/1049 1025/2703/1053
f 1055/2701/1084 1023/2704/1086 1056/2707/1049
f 1025/2703/1053 1023/2708/1086 1022/2709/1051
f 1025/2710/1053 1053/2711/1083 1023/2712/1086
f 1023/2712/1086 1053/2711/1083 1056/2713/1049
f 1056/2713/1049 1053/2711/1083 1022/2714/1051
f 1019/2715/1046 1025/2716/1053 1056/2717/1049
f 1031/2718/1059 1030/2719/1058 1051/2720/1082
f 1062/2721/1087 1031/2718/1059 1051/2720/1082
f 1057/2722/1061 1031/2718/1059 1062/2721/1087
f 1031/2718/1059 1057/2722/1061 1032/2723/1055
f 1032/2723/1055 1057/2722/1061 1058/2724/1060
f 1057/2722/1061 1062/2721/1087 1059/2725/1088
f 1010/2726/1036 1057/2722/1061 1913/2727/1039
f 1913/2727/1039 1057/2722/1061 1059/2725/1088
f 1060/2728/1089 1913/2727/1039 1059/2725/1088
f 1061/2729/1090 1060/2728/1089 1059/2725/1088
f 1930/2730/1091 1060/2728/1089 1062/2721/1087
f 1062/2721/1087 1060/2728/1089 1061/2729/1090
f 1909/2731/1092 1930/2730/1091 1062/2721/1087
f 1909/2731/1092 1062/2721/1087 1052/2732/1081
f 1051/2720/1082 1052/2732/1081 1062/2721/1087
f 1059/2725/1088 1062/2721/1087 1061/2729/1090
f 1055/2733/1084 1063/2734/1093 1024/2735/1052
f 1055/2733/1084 1054/2736/1085 1063/2734/1093
f 1052/2737/1081 1906/2738/1094 1909/2739/1092
f 1064/2740/1095 1906/2738/1094 1065/2741/1050
f 1065/2741/1050 1906/2738/1094 1052/2737/1081
f 1052/2737/1081 1021/2742/1048 1065/2741/1050
f 1065/2741/1050 1063/2734/1093 1064/2740/1095
f 1063/2734/1093 1065/2741/1050 1024/2735/1052
f 1020/2743/1047 1021/2742/1048 1017/2744/1044
f 1017/2744/1044 1021/2742/1048 1030/2745/1058
f 1030/2745/1058 1021/2742/1048 1051/2746/1082
f 93/2747/110 97/2748/113 94/2749/111
f 97/2748/113 93/2747/110 413/2750/425
f 94/2749/111 97/2751/113 95/2752/112
f 103/2753/119 715/1745/731 418/1755/429
f 1073/2754/1096 1066/2755/1097 1067/2756/1098
f 1066/2755/1097 1073/2754/1096 1068/2757/1099
f 1067/2756/1098 1069/2758/1100 1070/2759/1101
f 1067/2756/1098 1070/2759/1101 1073/2754/1096
f 1070/2759/1101 1069/2758/1100 1072/2760/833
f 1072/2760/833 1069/2758/1100 1071/2761/1102
f 1068/2762/1099 1071/2761/1102 1069/2758/1100
f 1068/2762/1099 1069/2758/1100 1066/2763/1097
f 1071/2761/1102 773/2764/795 1072/2760/833
f 815/2765/832 771/2766/794 1073/2754/1096
f 815/2765/832 1073/2754/1096 1072/2760/833
f 1073/2754/1096 771/2766/794 773/2767/795
f 773/2767/795 1071/2768/1102 1073/2754/1096
f 1071/2768/1102 1068/2757/1099 1073/2754/1096
f 1067/2769/1098 1066/2770/1097 1069/2771/1100
f 112/173/123 111/2772/122 110/174/124
f 776/2773/797 518/1248/537 1074/2774/796
f 1074/2774/796 518/1248/537 775/1246/535
f 1070/2759/1101 1072/2760/833 1073/2754/1096
f 520/1250/539 426/1251/439 427/2775/443
f 1075/2776/461 520/1250/539 427/2777/443
f 477/1244/495 520/1250/539 1075/2776/461
f 469/2778/484 447/2779/460 1076/2780/1103
f 1077/2781/458 1076/2780/1103 447/2779/460
f 1080/2782/1104 1092/2783/1105 1079/2784/1106
f 1080/2782/1104 1079/2784/1106 585/2785/607
f 1079/2784/1106 1078/2786/1107 1081/2787/1108
f 1079/2784/1106 1081/2787/1108 584/2788/604
f 1079/2784/1106 584/2788/604 1082/2789/606
f 585/2785/607 1079/2784/1106 1082/2789/606
f 1078/2790/1107 1084/2791/1109 1086/2792/1110
f 1078/2790/1107 1086/2792/1110 1081/2793/1108
f 585/2794/607 584/2795/604 1085/2796/1111
f 1081/2793/1108 1085/2796/1111 584/2795/604
f 1081/2793/1108 1086/2792/1110 1087/2797/1112
f 1086/2792/1110 1084/2791/1109 1087/2797/1112
f 478/2798/496 514/2799/497 477/2800/495
f 514/2799/497 478/2798/496 476/2801/494
f 514/2799/497 476/2801/494 474/2802/491
f 474/2803/491 477/2804/495 462/2805/480
f 477/2806/495 469/2807/484 462/2808/480
f 477/2809/495 1075/2810/461 469/2811/484
f 469/2811/484 1075/2810/461 447/2812/460
f 470/2813/487 469/2778/484 1076/2780/1103
f 445/2814/457 471/2815/488 1077/2816/458
f 1077/2816/458 471/2815/488 1076/2817/1103
f 473/2818/490 1076/2817/1103 471/2815/488
f 1076/2817/1103 473/2818/490 470/2819/487
f 480/1167/499 584/2820/604 1088/2821/1113
f 1088/2821/1113 584/2820/604 585/2822/607
f 479/1166/498 480/1167/499 1088/2821/1113
f 479/1166/498 1088/2821/1113 578/2823/598
f 578/2823/598 1088/2821/1113 1089/2824/1114
f 578/2823/598 1089/2824/1114 579/2825/600
f 579/2825/600 1089/2824/1114 1090/2826/1115
f 579/2825/600 1090/2826/1115 580/2827/605
f 580/2827/605 1090/2826/1115 1088/2821/1113
f 1089/2824/1114 1088/2821/1113 1090/2826/1115
f 585/2822/607 580/2827/605 1088/2821/1113
f 584/2820/604 583/2828/603 1082/2829/606
f 585/2830/607 1085/2831/1111 1091/2832/1116
f 585/2830/607 1091/2832/1116 1080/2833/1104
f 1085/2831/1111 1081/2834/1108 1091/2832/1116
f 1091/2832/1116 1081/2834/1108 1087/2835/1112
f 1091/2832/1116 1092/2836/1105 1080/2833/1104
f 1092/2836/1105 1091/2832/1116 1093/2837/1117
f 1083/2838/1118 1092/2836/1105 1093/2837/1117
f 1087/2835/1112 1093/2837/1117 1091/2832/1116
f 1096/2839/1119 1094/2840/1120 1095/2841/1121
f 1094/2840/1120 1096/2839/1119 1097/2842/1122
f 1099/2843/1123 1096/2839/1119 1098/2844/1124
f 1098/2844/1124 1112/2845/1125 1099/2843/1123
f 1096/2839/1119 1099/2843/1123 1097/2842/1122
f 1097/2842/1122 1099/2843/1123 1100/2846/1126
f 1097/2842/1122 1100/2846/1126 1094/2840/1120
f 1100/2846/1126 1101/2847/1127 1102/2848/1128
f 1094/2840/1120 1100/2846/1126 1104/2849/1129
f 1100/2846/1126 1102/2850/1128 1104/2849/1129
f 1094/2840/1120 1104/2849/1129 1103/2851/1130
f 1094/2840/1120 1103/2851/1130 1095/2841/1121
f 1103/2851/1130 1104/2849/1129 1105/2852/1131
f 1103/2851/1130 1105/2852/1131 1095/2841/1121
f 1096/2839/1119 1095/2841/1121 1130/2853/1132
f 1130/2853/1132 1095/2841/1121 1126/2854/1133
f 1126/2854/1133 1095/2841/1121 1106/2855/1134
f 1124/2856/1135 1126/2854/1133 1106/2855/1134
f 1124/2856/1135 1106/2855/1134 1107/2857/1136
f 1117/2858/1137 1108/2859/1138 1109/2860/1139
f 1109/2860/1139 1108/2859/1138 1105/2852/1131
f 1105/2852/1131 1108/2859/1138 1106/2855/1134
f 1105/2852/1131 1106/2855/1134 1095/2841/1121
f 1102/2850/1128 874/2861/894 1105/2852/1131
f 874/2861/894 1109/2860/1139 1105/2852/1131
f 1102/2850/1128 1105/2852/1131 1104/2849/1129
f 1100/2862/1126 1099/2863/1123 1101/2864/1127
f 1099/2863/1123 1110/2865/1140 1101/2864/1127
f 1111/2866/1141 1121/2867/1142 1110/2865/1140
f 1110/2865/1140 1112/2868/1125 1111/2866/1141
f 1078/2869/1107 1079/2870/1106 1083/2871/1118
f 1078/2872/1107 1083/2871/1118 1084/2873/1109
f 1084/2873/1109 1083/2871/1118 1093/2874/1117
f 1092/2875/1105 1083/2871/1118 1079/2870/1106
f 879/2876/898 877/2877/834 1116/2878/1143
f 877/2877/834 876/2879/895 1116/2878/1143
f 876/2879/895 875/2880/893 1113/2881/1144
f 1116/2878/1143 876/2879/895 1113/2881/1144
f 1113/2881/1144 875/2880/893 874/2882/894
f 1113/2881/1144 874/2882/894 1119/2883/1145
f 1115/2884/1146 1113/2881/1144 1119/2883/1145
f 1114/2885/1064 1115/2884/1146 1119/2883/1145
f 1114/2885/1064 881/2886/1063 1115/2884/1146
f 1113/2881/1144 1115/2884/1146 1116/2878/1143
f 1116/2878/1143 1115/2884/1146 881/2886/1063
f 881/2886/1063 879/2876/898 1116/2878/1143
f 1118/2887/841 1109/2888/1139 874/2889/894
f 1117/2890/1137 1109/2888/1139 1118/2887/841
f 1118/2887/841 874/2889/894 821/2891/840
f 1118/2887/841 820/2892/839 1120/2893/1147
f 1120/2893/1147 820/2892/839 819/2894/838
f 816/2895/835 1120/2893/1147 819/2894/838
f 1117/2896/1137 1121/2897/1142 1108/2898/1138
f 1117/2896/1137 1118/2899/841 1119/2900/1145
f 1117/2896/1137 1119/2900/1145 1101/2901/1127
f 1117/2896/1137 1101/2901/1127 1110/2902/1140
f 1121/2897/1142 1117/2896/1137 1110/2902/1140
f 1108/2898/1138 1121/2897/1142 1111/2903/1141
f 1101/2904/1127 1119/2905/1145 874/2906/894
f 1114/2907/1064 1119/2905/1145 1118/2887/841
f 874/2906/894 1102/2908/1128 1101/2904/1127
f 471/2909/488 472/2910/489 1122/2911/1148
f 472/2912/489 473/2913/490 1122/2914/1148
f 1122/2914/1148 473/2913/490 471/2915/488
f 1125/2916/1149 1123/2917/1150 1093/2918/1117
f 527/2919/546 1093/2918/1117 1123/2917/1150
f 1125/2916/1149 1126/2920/1133 1123/2917/1150
f 1123/2917/1150 1126/2920/1133 1124/2921/1135
f 1096/2922/1119 1130/2923/1132 1124/2921/1135
f 1096/2922/1119 1127/2924/1151 1098/2925/1124
f 1107/2926/1136 1096/2922/1119 1124/2921/1135
f 1096/2922/1119 1107/2926/1136 1127/2924/1151
f 1127/2924/1151 1138/2927/1152 1098/2925/1124
f 1138/2927/1152 1128/2928/1153 1098/2925/1124
f 527/2919/546 1123/2917/1150 1124/2921/1135
f 1132/2929/1154 527/2919/546 1129/2930/1155
f 1129/2930/1155 527/2919/546 1130/2923/1132
f 1130/2923/1132 527/2919/546 1124/2921/1135
f 1129/2930/1155 1130/2923/1132 1134/2931/1156
f 1130/2923/1132 1125/2932/1149 1134/2931/1156
f 1125/2932/1149 1130/2923/1132 1126/2933/1133
f 1125/2932/1149 1093/2934/1117 1134/2931/1156
f 527/2935/546 1084/2936/1109 1093/2937/1117
f 1093/2938/1117 1087/2939/1112 1132/2940/1154
f 1132/2940/1154 1087/2939/1112 1084/2941/1109
f 1133/2942/1157 1093/2938/1117 1132/2940/1154
f 1093/2938/1117 1133/2942/1157 1134/2943/1156
f 1133/2942/1157 1129/2944/1155 1134/2943/1156
f 1133/2942/1157 1132/2940/1154 1129/2944/1155
f 528/2945/545 1132/2940/1154 1084/2941/1109
f 528/2945/545 1084/2941/1109 527/2946/546
f 1135/2947/1158 528/2945/545 641/2948/662
f 641/2948/662 528/2945/545 529/2949/547
f 641/2948/662 529/2949/547 627/2950/647
f 641/2948/662 640/2951/653 1135/2947/1158
f 1107/2952/1136 1106/2953/1134 1138/2954/1152
f 1138/2954/1152 1106/2953/1134 1128/2955/1153
f 1128/2955/1153 1106/2953/1134 1108/2956/1138
f 1128/2955/1153 1139/2957/1159 1136/2958/1160
f 1139/2959/1159 1138/2960/1152 1127/2961/1151
f 1127/2961/1151 1107/2962/1136 1139/2959/1159
f 1139/2959/1159 1107/2962/1136 1136/2963/1160
f 1136/2963/1160 1107/2962/1136 1140/2964/1161
f 1136/2963/1160 1140/2964/1161 1137/2965/1162
f 1140/2964/1161 1139/2966/1159 1137/2965/1162
f 1099/2967/1123 1112/2968/1125 1110/2969/1140
f 1111/2970/1141 1112/2968/1125 1141/2971/1163
f 1141/2971/1163 1112/2968/1125 1142/2972/1164
f 1112/2968/1125 1098/2973/1124 1128/2974/1153
f 1142/2972/1164 1112/2968/1125 1128/2974/1153
f 1128/2974/1153 1136/2975/1160 1142/2972/1164
f 1143/2069/843 526/2070/528 527/2976/546
f 527/2976/546 1132/2977/1154 1143/2069/843
f 816/2978/835 823/2979/842 1120/2980/1147
f 823/2979/842 911/2981/932 1144/2982/934
f 823/2979/842 1144/2982/934 1120/2980/1147
f 1120/2980/1147 1144/2982/934 1145/2983/1165
f 1145/2983/1165 1144/2982/934 1146/2984/1166
f 1145/2983/1165 1146/2984/1166 1189/2985/1167
f 996/2986/1024 1146/2984/1166 1144/2982/934
f 824/2987/527 1143/2988/843 908/2989/929
f 908/2989/929 1143/2988/843 1162/2990/1168
f 1143/2988/843 1148/2991/1169 1162/2990/1168
f 528/2992/545 1148/2991/1169 1143/2988/843
f 1162/2990/1168 1149/2993/1170 1150/2994/930
f 1162/2990/1168 1150/2994/930 908/2989/929
f 1152/2995/1005 1150/2994/930 1151/2996/1171
f 1151/2996/1171 1150/2994/930 1149/2993/1170
f 1151/2996/1171 1707/2997/1172 1152/2995/1005
f 1152/2995/1005 909/2998/931 979/2999/1004
f 1150/2994/930 1152/2995/1005 979/2999/1004
f 1150/2994/930 907/3000/927 908/2989/929
f 1143/3001/843 1132/3002/1154 1131/3003/1173
f 1131/3004/1173 1132/3005/1154 528/3006/545
f 1143/3007/843 1131/3004/1173 528/3006/545
f 528/3008/545 1135/3009/1158 1148/3010/1169
f 1148/3010/1169 1135/3009/1158 1153/3011/1174
f 1148/3010/1169 1153/3011/1174 1170/3012/1175
f 1153/3011/1174 1154/3013/1176 1170/3012/1175
f 1709/3014/1177 1170/3012/1175 1154/3013/1176
f 1170/3012/1175 1187/3015/1178 1149/3016/1170
f 2089/3017/1179 1154/3013/1176 678/3018/700
f 1154/3013/1176 1153/3011/1174 678/3018/700
f 1155/3019/1180 678/3018/700 1156/3020/1181
f 1155/3019/1180 1153/3011/1174 1135/3009/1158
f 1155/3019/1180 1156/3020/1181 1153/3011/1174
f 1156/3020/1181 678/3018/700 1153/3011/1174
f 1128/3021/1153 1108/3022/1138 1139/3023/1159
f 1139/3023/1159 1108/3022/1138 1157/3024/1182
f 1157/3024/1182 1108/3022/1138 1111/3025/1141
f 1111/3025/1141 1158/3026/1183 1157/3024/1182
f 1159/3027/1184 1111/3025/1141 1141/3028/1163
f 1160/3029/1185 1161/3030/1186 1159/3027/1184
f 1159/3027/1184 1161/3030/1186 1158/3026/1183
f 1161/3030/1186 1162/3031/1168 1158/3026/1183
f 1162/3031/1168 1161/3030/1186 1180/3032/1187
f 1148/3033/1169 1157/3024/1182 1158/3026/1183
f 1157/3024/1182 1163/3034/1188 1139/3035/1159
f 1162/3031/1168 1148/3033/1169 1158/3026/1183
f 1159/3027/1184 1158/3026/1183 1111/3025/1141
f 1157/3036/1182 1164/3037/1189 1163/3038/1188
f 1163/3038/1188 1164/3037/1189 1139/3039/1159
f 1139/3039/1159 1164/3037/1189 1137/3040/1162
f 1137/3040/1162 1142/3041/1164 1136/3042/1160
f 1165/3043/1190 1142/3041/1164 1166/3044/1191
f 1166/3044/1191 1142/3041/1164 1137/3040/1162
f 1170/3045/1175 1162/3046/1168 1180/3047/1187
f 1170/3045/1175 1180/3047/1187 1167/3048/1192
f 1167/3048/1192 1180/3047/1187 1168/3049/1193
f 1166/3050/1191 1167/3048/1192 1169/3051/1194
f 1167/3048/1192 1166/3050/1191 1170/3045/1175
f 1168/3052/1193 1180/3047/1187 1169/3051/1194
f 1169/3051/1194 1180/3047/1187 1166/3050/1191
f 1166/3050/1191 1180/3047/1187 1182/3053/1195
f 1166/3050/1191 1182/3053/1195 1171/3054/1196
f 1170/3045/1175 1166/3050/1191 1137/3055/1162
f 1148/3056/1169 1170/3045/1175 1137/3055/1162
f 1148/3056/1169 1137/3055/1162 1164/3057/1189
f 1157/3058/1182 1148/3056/1169 1164/3057/1189
f 1170/3012/1175 1172/3059/1197 1162/3060/1168
f 1172/3059/1197 1170/3012/1175 1149/3016/1170
f 1172/3059/1197 1149/3016/1170 1174/3061/1198
f 1173/3062/1199 1149/3063/1170 1162/3060/1168
f 1173/3062/1199 1162/3060/1168 1172/3059/1197
f 1151/3064/1171 1149/3065/1170 1187/3066/1178
f 1149/3065/1170 1173/3067/1199 1174/3068/1198
f 1174/3068/1198 1175/3069/1200 1172/3070/1197
f 638/3071/661 637/3072/659 636/3073/658
f 638/3071/661 636/3073/658 639/3074/654
f 636/3073/658 634/3075/657 639/3074/654
f 634/3075/657 633/3076/655 639/3074/654
f 630/3077/651 629/3078/650 1155/3079/1180
f 1155/3079/1180 629/3078/650 678/3080/700
f 1155/3079/1180 1135/3081/1158 640/3082/653
f 1155/3079/1180 640/3082/653 630/3077/651
f 2089/3083/1179 678/3084/700 679/3085/702
f 679/3085/702 680/3086/701 1176/3087/703
f 1176/3087/703 681/3088/704 1177/3089/1201
f 681/3088/704 677/3090/708 1177/3089/1201
f 1176/3087/703 1154/3091/1176 1178/3092/1202
f 1178/3092/1202 1154/3091/1176 2089/3093/1179
f 1176/3087/703 1178/3092/1202 679/3085/702
f 1107/3094/1136 1138/3095/1152 1140/3096/1161
f 1140/3096/1161 1138/3095/1152 1139/3097/1159
f 1165/3098/1190 1166/3099/1191 1171/3100/1196
f 1165/3098/1190 1171/3100/1196 1179/3101/1203
f 1179/3101/1203 1161/3102/1186 1160/3103/1185
f 1179/3101/1203 1180/3104/1187 1161/3102/1186
f 1180/3104/1187 1179/3101/1203 1171/3100/1196
f 1180/3104/1187 1171/3100/1196 1181/3105/1204
f 1182/3106/1195 1180/3104/1187 1181/3105/1204
f 1179/3101/1203 1160/3103/1185 1159/3107/1184
f 1179/3101/1203 1159/3107/1184 1141/3108/1163
f 1179/3101/1203 1141/3108/1163 1165/3098/1190
f 1141/3108/1163 1142/3109/1164 1165/3098/1190
f 1169/3110/1194 1171/3111/1196 1182/3112/1195
f 1169/3110/1194 1182/3112/1195 1168/3113/1193
f 1182/3114/1195 1167/3115/1192 1168/3113/1193
f 1169/3116/1194 1167/3117/1192 1183/3118/1205
f 1171/3119/1196 1169/3116/1194 1183/3118/1205
f 1171/3119/1196 1183/3118/1205 1181/3120/1204
f 1183/3118/1205 1167/3117/1192 1182/3121/1195
f 1181/3120/1204 1183/3118/1205 1182/3121/1195
f 1186/3122/1206 1184/3123/1207 1185/3124/1208
f 1187/3125/1178 1186/3122/1206 1185/3124/1208
f 1186/3122/1206 1187/3125/1178 1222/3126/1209
f 1187/3125/1178 1185/3124/1208 1175/3127/1200
f 1188/3128/1210 1175/3129/1200 1185/3124/1208
f 1188/3130/1210 1185/3124/1208 1184/3123/1207
f 1035/3131/1066 1145/2983/1165 1189/2985/1167
f 1145/2983/1165 1035/3131/1066 1120/2980/1147
f 1120/2980/1147 1035/3131/1066 1118/3132/841
f 1118/3132/841 1035/3131/1066 1114/3133/1064
f 1034/3134/1065 1035/3135/1066 1190/3136/999
f 1190/3136/999 1035/3135/1066 1189/3137/1167
f 1190/3136/999 1189/3137/1167 1206/3138/1211
f 1190/3136/999 1191/3139/1212 1043/3140/1020
f 1043/3140/1020 970/3141/997 1190/3136/999
f 1192/3142/1213 1189/3143/1167 1193/3144/1214
f 1193/3144/1214 1189/3143/1167 1195/3145/1215
f 1197/3146/1216 1195/3145/1215 1189/3143/1167
f 1194/3147/1217 1195/3145/1215 1197/3146/1216
f 995/3148/1023 1189/3143/1167 1147/3149/1218
f 1189/3143/1167 995/3148/1023 1197/3146/1216
f 1147/3149/1218 996/3150/1024 986/3151/935
f 1147/3149/1218 986/3151/935 995/3148/1023
f 995/3148/1023 1196/3152/1219 1197/3146/1216
f 1197/3146/1216 1196/3152/1219 1147/3153/1218
f 1147/3153/1218 1196/3152/1219 1194/3154/1217
f 1197/3146/1216 1147/3153/1218 1216/3155/1220
f 1197/3146/1216 1216/3155/1220 1194/3147/1217
f 992/3156/1019 991/3157/1018 1199/3158/1221
f 991/3157/1018 1198/3159/1222 1199/3158/1221
f 1200/3160/1223 1199/3158/1221 1198/3159/1222
f 1199/3158/1221 1200/3160/1223 992/3156/1019
f 992/3156/1019 1200/3160/1223 1201/3161/1224
f 992/3156/1019 1196/3162/1219 995/3163/1023
f 992/3156/1019 1202/3164/1225 1196/3162/1219
f 1202/3164/1225 992/3156/1019 1198/3165/1222
f 1194/3166/1217 1196/3162/1219 1203/3167/1226
f 1203/3167/1226 1196/3162/1219 1202/3164/1225
f 1192/3168/1213 1203/3167/1226 1209/3169/1227
f 1209/3169/1227 1203/3167/1226 1204/3170/1228
f 1203/3167/1226 1202/3164/1225 1204/3170/1228
f 1207/3171/1229 1202/3164/1225 1198/3165/1222
f 1205/3172/1230 1207/3171/1229 1198/3165/1222
f 1189/3173/1167 1192/3174/1213 1206/3175/1211
f 1206/3175/1211 1207/3176/1229 1190/3177/999
f 1190/3177/999 1207/3176/1229 1191/3178/1212
f 1206/3175/1211 1209/3179/1227 1208/3180/1231
f 1202/3181/1225 1207/3176/1229 1208/3180/1231
f 1208/3180/1231 1207/3176/1229 1206/3175/1211
f 1204/3182/1228 1208/3180/1231 1209/3179/1227
f 1208/3180/1231 1204/3182/1228 1202/3181/1225
f 1191/3183/1212 1207/3184/1229 992/3185/1019
f 1191/3183/1212 992/3185/1019 1201/3186/1224
f 992/3187/1019 1207/3188/1229 1210/3189/1232
f 1210/3189/1232 1207/3188/1229 1201/3190/1224
f 1210/3189/1232 1201/3190/1224 1200/3191/1223
f 992/3187/1019 1210/3189/1232 1198/3192/1222
f 1198/3192/1222 1210/3189/1232 1211/3193/1233
f 1198/3192/1222 1211/3193/1233 1200/3194/1223
f 991/3195/1018 1205/3196/1230 1198/3197/1222
f 1212/3198/1234 1926/3199/1235 1205/3196/1230
f 1926/3199/1235 1212/3198/1234 1213/3200/1236
f 1212/3198/1234 1205/3196/1230 1214/3201/1237
f 1215/3202/1238 1926/3199/1235 1213/3200/1236
f 1213/3200/1236 1212/3198/1234 1214/3201/1237
f 1214/3201/1237 1205/3196/1230 991/3195/1018
f 1146/3203/1166 1147/3204/1218 1189/3205/1167
f 1147/3204/1218 1146/3203/1166 1193/3206/1214
f 1147/3204/1218 1193/3206/1214 1195/3207/1215
f 1194/3208/1217 996/3209/1024 1147/3210/1218
f 996/3209/1024 1216/3211/1220 1146/3212/1166
f 996/3209/1024 1194/3208/1217 1216/3211/1220
f 1203/3213/1226 1192/3214/1213 1193/3215/1214
f 1203/3213/1226 1193/3215/1214 1194/3208/1217
f 1194/3208/1217 1193/3216/1214 1146/3217/1166
f 1194/3208/1217 1146/3217/1166 1195/3218/1215
f 1146/3212/1166 1216/3211/1220 1195/3219/1215
f 1216/3211/1220 1147/3220/1218 1195/3219/1215
f 1217/3221/1239 991/3222/1018 1219/3223/1017
f 991/3222/1018 1217/3221/1239 1214/3224/1237
f 1218/3225/1240 1214/3224/1237 1217/3221/1239
f 1213/3226/1236 1214/3224/1237 1218/3225/1240
f 1219/3223/1017 1218/3225/1240 1217/3221/1239
f 1218/3225/1240 1219/3223/1017 1220/3227/1241
f 1218/3225/1240 1220/3227/1241 1213/3226/1236
f 1220/3227/1241 1219/3223/1017 1043/3228/1020
f 1220/3227/1241 1043/3228/1020 994/3229/1022
f 1220/3227/1241 994/3229/1022 990/3230/1014
f 989/3231/1016 1220/3227/1241 990/3230/1014
f 1220/3227/1241 989/3231/1016 1215/3232/1238
f 1220/3227/1241 1215/3232/1238 1213/3226/1236
f 1206/3233/1211 1192/3168/1213 1209/3169/1227
f 1173/3234/1199 1172/3235/1197 1175/3236/1200
f 1221/3237/1242 1173/3234/1199 1187/3238/1178
f 1187/3238/1178 1173/3234/1199 2034/3239/1243
f 2034/3239/1243 1173/3234/1199 1222/3240/1209
f 1222/3240/1209 1173/3234/1199 1175/3236/1200
f 1223/3241/1244 1226/3242/1245 1225/3243/1246
f 1223/3241/1244 1225/3243/1246 1224/3244/1247
f 1223/3241/1244 1228/3245/1248 1226/3242/1245
f 1223/3241/1244 1224/3244/1247 1228/3245/1248
f 1227/3246/1249 1226/3242/1245 2087/3247/1250
f 2087/3247/1250 1226/3242/1245 1228/3245/1248
f 1228/3245/1248 1224/3244/1247 1229/3248/1251
f 1230/3249/1252 1224/3244/1247 1225/3243/1246
f 1224/3244/1247 1230/3249/1252 1229/3248/1251
f 1229/3248/1251 1230/3249/1252 1231/3250/1253
f 1229/3248/1251 1233/3251/1254 1232/3252/1255
f 1231/3250/1253 1233/3251/1254 1229/3248/1251
f 1230/3249/1252 1234/3253/1256 1231/3250/1253
f 1230/3249/1252 1225/3243/1246 1234/3253/1256
f 2106/3254/1257 1225/3243/1246 2107/3255/1258
f 2107/3255/1258 1225/3243/1246 1237/3256/1259
f 1237/3256/1259 1225/3243/1246 1235/3257/1260
f 1237/3256/1259 1235/3257/1260 1236/3258/1261
f 379/3259/398 1243/3260/1262 1238/3261/1263
f 1243/3260/1262 1239/3262/1264 1238/3261/1263
f 1238/3261/1263 1239/3262/1264 1240/3263/1265
f 1240/3263/1265 1239/3262/1264 1245/3264/1266
f 1238/3261/1263 1240/3263/1265 379/3259/398
f 385/3265/401 1240/3263/1265 1241/3266/1267
f 1240/3263/1265 385/3265/401 379/3259/398
f 390/3267/396 379/3259/398 378/3268/397
f 390/3267/396 391/3269/1268 1271/3270/1269
f 1271/3270/1269 1242/3271/1270 1241/3272/1267
f 390/3267/396 1271/3270/1269 1241/3272/1267
f 390/3267/396 1243/3260/1262 379/3259/398
f 1243/3260/1262 390/3267/396 1241/3272/1267
f 1241/3272/1267 1240/3273/1265 1243/3260/1262
f 1243/3260/1262 1240/3273/1265 1244/3274/1271
f 1243/3260/1262 1244/3274/1271 1287/3275/1272
f 1243/3260/1262 1287/3275/1272 1239/3262/1264
f 1245/3264/1266 1239/3262/1264 1287/3275/1272
f 1245/3264/1266 1244/3276/1271 1240/3263/1265
f 1246/3277/1273 1250/3278/1274 1247/3279/1275
f 1247/3279/1275 1250/3278/1274 1248/3280/1276
f 1247/3279/1275 1248/3280/1276 1254/3281/1277
f 1254/3281/1277 386/3282/402 1247/3279/1275
f 1246/3277/1273 1247/3279/1275 386/3282/402
f 386/3282/402 385/3283/401 1242/3284/1270
f 385/3283/401 1241/3285/1267 1242/3284/1270
f 1242/3284/1270 1267/3286/1278 386/3282/402
f 386/3282/402 1267/3286/1278 1246/3277/1273
f 1246/3277/1273 1267/3286/1278 1249/3287/1279
f 1246/3277/1273 1249/3287/1279 1290/3288/1280
f 1246/3277/1273 1290/3288/1280 1250/3278/1274
f 252/3289/267 323/3290/270 253/3291/268
f 253/3291/268 315/3292/331 319/3293/335
f 315/3292/331 1251/3294/1281 314/3295/330
f 1251/3294/1281 315/3292/331 253/3291/268
f 253/3291/268 323/3290/270 1251/3294/1281
f 254/593/269 253/592/268 319/3296/335
f 318/3297/334 254/593/269 319/3296/335
f 355/3298/373 318/3299/334 317/842/333
f 359/3300/376 317/842/333 299/837/314
f 1252/3301/1282 364/3302/380 314/3303/330
f 314/3303/330 1251/3304/1281 1254/3305/1277
f 323/3306/270 386/3307/402 1254/3305/1277
f 1251/3304/1281 323/3306/270 1254/3305/1277
f 1254/3305/1277 1248/3308/1276 1255/3309/1283
f 1255/3309/1283 1248/3308/1276 1256/3310/1284
f 1255/3309/1283 1256/3310/1284 1270/3311/1285
f 1255/3309/1283 1270/3311/1285 1257/3312/1286
f 1255/3309/1283 314/3303/330 1254/3305/1277
f 314/3303/330 1255/3309/1283 1257/3312/1286
f 314/3303/330 1257/3312/1286 1252/3301/1282
f 1253/3313/1287 1252/3301/1282 1257/3312/1286
f 1253/3313/1287 1257/3312/1286 1258/3314/1288
f 1259/3315/1289 1258/3314/1288 1260/3316/1290
f 1257/3312/1286 1260/3316/1290 1258/3314/1288
f 1261/3317/1291 1260/3316/1290 1257/3312/1286
f 1260/3316/1290 1261/3317/1291 1262/3318/1292
f 1261/3317/1291 1263/3319/1293 1262/3318/1292
f 1262/3318/1292 1263/3319/1293 1298/3320/1294
f 1265/3321/1295 1298/3320/1294 1263/3319/1293
f 1265/3321/1295 1263/3319/1293 1261/3317/1291
f 1265/3321/1295 1261/3317/1291 1257/3312/1286
f 1257/3312/1286 1270/3311/1285 1266/3322/1296
f 1266/3322/1296 1265/3321/1295 1257/3312/1286
f 1250/3323/1274 1293/3324/1297 1248/3325/1276
f 1248/3325/1276 1293/3324/1297 1290/3326/1280
f 1267/3327/1278 1256/3328/1284 1248/3325/1276
f 1248/3325/1276 1290/3326/1280 1249/3329/1279
f 1267/3327/1278 1248/3325/1276 1268/3330/1298
f 1248/3325/1276 1266/3331/1296 1268/3330/1298
f 1266/3331/1296 1248/3325/1276 1249/3329/1279
f 1266/3331/1296 1249/3329/1279 1269/3332/1299
f 1269/3332/1299 1249/3329/1279 1268/3333/1298
f 1268/3333/1298 1249/3329/1279 1267/3334/1278
f 393/3335/405 391/3336/1268 390/3337/396
f 393/3335/405 390/3337/396 389/3338/219
f 1270/3339/1285 1268/3340/1298 1266/3341/1296
f 1268/3340/1298 1270/3339/1285 1271/3342/1269
f 1271/3342/1269 1270/3339/1285 1256/3343/1284
f 1256/3343/1284 1272/3344/1300 1271/3342/1269
f 1272/3344/1300 1256/3343/1284 1267/3345/1278
f 1271/3342/1269 1272/3344/1300 1242/3346/1270
f 1272/3344/1300 1267/3345/1278 1242/3346/1270
f 1266/3347/1296 1273/3348/1301 1274/3349/1302
f 1266/3347/1296 1274/3349/1302 1265/3350/1295
f 1300/3351/1303 1274/3349/1302 1275/3352/1304
f 391/3353/1268 1275/3352/1304 1274/3349/1302
f 393/3354/405 1275/3352/1304 391/3353/1268
f 391/3353/1268 1274/3349/1302 1273/3348/1301
f 1271/3355/1269 391/3353/1268 1273/3348/1301
f 1271/3355/1269 1273/3348/1301 1268/3356/1298
f 404/3357/418 407/3358/421 1276/3359/1305
f 1277/3360/1306 407/3358/421 1281/3361/1307
f 1277/3360/1306 1278/3362/1308 407/3358/421
f 1276/3359/1305 407/3358/421 1278/3362/1308
f 404/3363/418 1276/3359/1305 1279/3364/1309
f 404/3363/418 1279/3364/1309 405/3365/419
f 1278/3362/1308 1279/3364/1309 1276/3359/1305
f 1278/3362/1308 1277/3360/1306 1280/3366/1310
f 409/3367/354 313/3368/329 372/3369/391
f 372/3369/391 371/3370/390 406/3371/420
f 406/3371/420 371/3370/390 369/3372/386
f 407/3373/421 406/3371/420 369/3372/386
f 407/3373/421 369/3372/386 1281/3374/1307
f 369/3372/386 1284/3375/389 1281/3376/1307
f 409/3367/354 372/3369/391 408/3377/422
f 408/3377/422 372/3369/391 406/3378/420
f 234/3379/248 405/3380/419 394/3381/407
f 394/3381/407 405/3380/419 1279/3382/1309
f 1282/3383/696 394/3384/407 1279/3385/1309
f 1283/3386/1311 1279/3385/1309 1313/3387/1312
f 1282/3383/696 1279/3385/1309 1283/3386/1311
f 1283/3386/1311 1511/3388/695 1282/3383/696
f 1281/3389/1307 1501/3390/1313 1285/3391/1314
f 1285/3391/1314 1277/3392/1306 1281/3389/1307
f 1277/3392/1306 1285/3391/1314 1286/3393/1315
f 1281/3394/1307 1284/3395/389 1596/3396/1316
f 1284/3395/389 370/3397/387 660/3398/682
f 1288/3399/1317 1287/3400/1272 1273/3401/1301
f 1288/3399/1317 1273/3401/1301 1289/3402/1318
f 1289/3402/1318 1273/3401/1301 1266/3403/1296
f 1268/3404/1298 1244/3405/1271 1269/3406/1299
f 1244/3405/1271 1268/3404/1298 1273/3401/1301
f 1273/3401/1301 1287/3400/1272 1244/3405/1271
f 1245/3407/1266 1287/3408/1272 1288/3409/1317
f 1245/3407/1266 1288/3409/1317 1289/3410/1318
f 1245/3407/1266 1289/3410/1318 1266/3411/1296
f 1245/3407/1266 1266/3411/1296 1269/3412/1299
f 1244/3413/1271 1245/3407/1266 1269/3412/1299
f 1294/3414/1319 1290/3415/1280 1291/3416/1320
f 1293/3417/1297 1291/3416/1320 1290/3415/1280
f 1294/3418/1319 1292/3419/1321 1290/3420/1280
f 1290/3420/1280 1292/3419/1321 1250/3421/1274
f 1250/3421/1274 1292/3419/1321 1293/3417/1297
f 1292/3419/1321 1291/3416/1320 1293/3417/1297
f 1294/3414/1319 1291/3416/1320 1295/3422/1322
f 1294/3418/1319 1297/3423/1323 1292/3419/1321
f 1292/3419/1321 1297/3423/1323 1296/3424/1324
f 1291/3416/1320 1292/3419/1321 1295/3422/1322
f 1295/3422/1322 1292/3419/1321 1296/3424/1324
f 1295/3422/1322 1296/3424/1324 1297/3425/1323
f 1294/3414/1319 1295/3422/1322 1297/3425/1323
f 1274/3426/1302 1298/3427/1294 1265/3428/1295
f 1320/3429/1325 1298/3427/1294 1299/3430/1326
f 1298/3427/1294 1274/3426/1302 1299/3430/1326
f 1299/3430/1326 1300/3431/1303 1302/3432/1327
f 1300/3431/1303 1275/3433/1304 1302/3432/1327
f 1300/3434/1303 1299/3430/1326 1274/3426/1302
f 393/3435/405 916/3436/938 1275/3437/1304
f 1275/3437/1304 1301/3438/1328 1302/3439/1327
f 1259/3440/1289 1303/3441/1329 1258/3442/1288
f 1258/3442/1288 1303/3441/1329 1306/3443/1330
f 1304/3444/1331 1258/3442/1288 1305/3445/1332
f 1305/3445/1332 1258/3442/1288 1306/3443/1330
f 1307/3446/1333 1306/3443/1330 1303/3441/1329
f 1308/3447/1334 1307/3446/1333 1303/3441/1329
f 1303/3441/1329 1316/3448/1335 1308/3447/1334
f 1308/3447/1334 1309/3449/1336 1306/3450/1330
f 1309/3449/1336 1308/3447/1334 1316/3448/1335
f 1310/3451/1337 1306/3450/1330 1309/3452/1336
f 1309/3449/1336 1316/3448/1335 1311/3453/1338
f 1311/3453/1338 1316/3448/1335 1312/3454/1339
f 1277/3455/1306 1286/3456/1315 1313/3457/1312
f 1280/3458/1310 1277/3455/1306 1313/3457/1312
f 1280/3458/1310 1313/3457/1312 1278/3459/1308
f 1278/3459/1308 1313/3457/1312 1279/3460/1309
f 1262/3461/1292 1318/3462/1340 1260/3463/1290
f 1260/3463/1290 1318/3462/1340 1259/3464/1289
f 1262/3461/1292 1314/3465/1341 1319/3466/1342
f 1314/3465/1341 1262/3461/1292 1298/3467/1294
f 1314/3465/1341 1298/3468/1294 1315/3469/1343
f 1316/3470/1335 1314/3465/1341 1323/3471/1344
f 1316/3470/1335 1323/3471/1344 1317/3472/1345
f 1316/3470/1335 1318/3462/1340 1314/3465/1341
f 1316/3470/1335 1303/3473/1329 1259/3464/1289
f 1259/3464/1289 1318/3462/1340 1316/3470/1335
f 1319/3466/1342 1318/3462/1340 1262/3461/1292
f 1318/3462/1340 1319/3466/1342 1314/3465/1341
f 1320/3474/1325 1264/3475/1346 1298/3476/1294
f 1264/3475/1346 1320/3474/1325 1321/3477/1347
f 1322/3478/1348 1320/3474/1325 1299/3479/1326
f 1322/3478/1348 1299/3479/1326 1302/3480/1327
f 1298/3481/1294 1264/3475/1346 1315/3482/1343
f 1315/3482/1343 1323/3483/1344 1324/3484/1349
f 1314/3485/1341 1315/3486/1343 1324/3487/1349
f 1324/3487/1349 1323/3488/1344 1314/3485/1341
f 1317/3489/1345 1325/3490/1350 1316/3491/1335
f 1325/3490/1350 1317/3489/1345 1326/3492/1351
f 1312/3493/1339 1316/3491/1335 1325/3490/1350
f 1325/3490/1350 1326/3492/1351 1327/3494/1352
f 1325/3490/1350 1327/3494/1352 1328/3495/1353
f 1328/3495/1353 1327/3494/1352 1329/3496/1354
f 1325/3490/1350 1328/3495/1353 1312/3493/1339
f 1331/3497/1355 1332/3498/1356 1333/3499/1357
f 1332/3498/1356 1331/3497/1355 1317/3500/1345
f 1331/3497/1355 1335/3501/1358 1327/3502/1352
f 1331/3497/1355 1327/3502/1352 1326/3503/1351
f 1317/3500/1345 1331/3497/1355 1326/3503/1351
f 1331/3504/1355 1334/3505/1359 1335/3506/1358
f 1331/3504/1355 1333/3507/1357 1334/3505/1359
f 1334/3505/1359 1333/3508/1357 1335/3506/1358
f 1335/3506/1358 1333/3508/1357 1336/3509/1360
f 1337/3510/1361 1335/3506/1358 1336/3509/1360
f 1335/3506/1358 1337/3510/1361 1327/3511/1352
f 1337/3510/1361 1408/3512/1362 1338/3513/1363
f 1337/3510/1361 1338/3513/1363 1339/3514/1364
f 1337/3510/1361 1339/3514/1364 1327/3511/1352
f 1333/3515/1357 1414/3516/1365 1340/3517/1366
f 1336/3518/1360 1333/3515/1357 1340/3517/1366
f 1336/3518/1360 1342/3519/1367 1341/3520/1368
f 1340/3517/1366 1342/3519/1367 1336/3518/1360
f 1342/3519/1367 1340/3517/1366 1343/3521/1369
f 1344/3522/1370 1341/3520/1368 1342/3519/1367
f 1344/3522/1370 1342/3519/1367 1346/3523/1371
f 1414/3516/1365 1343/3521/1369 1340/3517/1366
f 1343/3521/1369 1345/3524/1372 1342/3519/1367
f 1345/3524/1372 1347/3525/1373 1344/3522/1370
f 1346/3523/1371 1345/3524/1372 1344/3522/1370
f 1345/3524/1372 1346/3523/1371 1342/3519/1367
f 1347/3526/1373 1345/3527/1372 1348/3528/1374
f 1344/3529/1370 1347/3526/1373 1341/3530/1368
f 1348/3528/1374 1345/3527/1372 1343/3531/1369
f 1337/3532/1361 1341/3530/1368 1348/3528/1374
f 1337/3532/1361 1336/3533/1360 1341/3530/1368
f 1348/3528/1374 1341/3530/1368 1347/3526/1373
f 1330/3534/1375 1329/3535/1354 1312/3536/1339
f 1312/3536/1339 1328/3537/1353 1330/3538/1375
f 1330/3538/1375 1328/3537/1353 1329/3535/1354
f 1309/3539/1336 1311/3540/1338 1349/3541/1376
f 1349/3541/1376 1311/3540/1338 1312/3542/1339
f 1329/3543/1354 1349/3541/1376 1312/3542/1339
f 1329/3543/1354 1350/3544/1377 1349/3541/1376
f 1327/3545/1352 1350/3544/1377 1329/3543/1354
f 364/3546/380 1369/3547/1378 1353/3548/1379
f 364/3546/380 1353/3548/1379 1351/3549/1380
f 1352/3550/1381 364/3546/380 1351/3549/1380
f 364/3546/380 1352/3550/1381 655/3551/382
f 1353/3548/1379 1369/3547/1378 1352/3552/1381
f 1353/3548/1379 1352/3552/1381 1354/3553/1382
f 1353/3548/1379 1354/3553/1382 1355/3554/670
f 1354/3553/1382 1356/3555/1383 1355/3554/670
f 1355/3554/670 1356/3555/1383 1357/3556/1384
f 1357/3556/1384 650/3557/669 1355/3554/670
f 1355/3554/670 1351/3549/1380 1353/3548/1379
f 1351/3549/1380 650/3558/669 1357/3559/1384
f 1358/3560/1385 364/3561/380 1252/3562/1282
f 364/3561/380 1358/3560/1385 1369/3563/1378
f 1369/3563/1378 1358/3560/1385 1361/3564/1386
f 1361/3564/1386 1358/3560/1385 1362/3565/1387
f 1362/3565/1387 1358/3560/1385 1360/3566/1388
f 1362/3565/1387 1360/3566/1388 1382/3567/1389
f 1362/3565/1387 1363/3568/1390 1364/3569/1391
f 1363/3568/1390 1362/3565/1387 1365/3570/1392
f 1365/3570/1392 1366/3571/1393 1363/3568/1390
f 1364/3569/1391 1363/3568/1390 1366/3571/1393
f 1364/3569/1391 1367/3572/1394 1368/3573/1395
f 1368/3573/1395 1362/3565/1387 1364/3569/1391
f 1362/3565/1387 1368/3573/1395 1369/3563/1378
f 1362/3565/1387 1369/3563/1378 1361/3564/1386
f 1368/3573/1395 1370/3574/676 1369/3563/1378
f 1358/3575/1385 1252/3576/1282 1359/3577/1396
f 1258/3578/1288 1252/3576/1282 1253/3579/1287
f 1252/3576/1282 1304/3580/1331 1359/3577/1396
f 1304/3580/1331 1252/3576/1282 1258/3578/1288
f 1360/3581/1388 1359/3577/1396 1371/3582/1397
f 1371/3582/1397 1359/3577/1396 1304/3580/1331
f 1372/3583/1398 1371/3582/1397 1304/3580/1331
f 1372/3583/1398 1304/3580/1331 1305/3584/1332
f 1372/3583/1398 1305/3584/1332 1359/3585/1396
f 1352/3586/1381 1369/3587/1378 1370/3588/676
f 655/3589/382 1352/3586/1381 1370/3588/676
f 1370/3588/676 1373/3590/1399 651/3591/672
f 1374/3592/1400 1373/3590/1399 1375/3593/1401
f 1373/3590/1399 1370/3588/676 1368/3594/1395
f 1373/3590/1399 1368/3594/1395 1375/3593/1401
f 1374/3592/1400 1375/3593/1401 1367/3595/1394
f 1374/3592/1400 1631/3596/1402 1376/3597/1403
f 1377/3598/1404 1374/3592/1400 1376/3597/1403
f 1377/3598/1404 1376/3597/1403 1367/3599/1394
f 1367/3599/1394 1376/3597/1403 1389/3600/1405
f 1389/3600/1405 1376/3597/1403 1378/3601/1406
f 1377/3598/1404 1367/3599/1394 1375/3602/1401
f 1357/3603/1384 1377/3598/1404 1375/3602/1401
f 1357/3603/1384 1375/3602/1401 1368/3604/1395
f 1354/3605/1382 1357/3603/1384 1368/3604/1395
f 1371/3606/1397 1372/3607/1398 1307/3608/1333
f 1307/3608/1333 1372/3607/1398 1306/3609/1330
f 1307/3608/1333 1383/3610/1407 1371/3606/1397
f 1383/3610/1407 1379/3611/1408 1371/3606/1397
f 1379/3611/1408 1383/3610/1407 1372/3612/1398
f 1379/3611/1408 1372/3612/1398 1381/3613/1409
f 1350/3614/1377 1372/3612/1398 1380/3615/1410
f 1350/3614/1377 1327/3616/1352 1381/3613/1409
f 1381/3613/1409 1327/3616/1352 1339/3617/1364
f 1381/3613/1409 1339/3617/1364 1382/3618/1389
f 1371/3606/1397 1381/3613/1409 1382/3618/1389
f 1382/3618/1389 1360/3619/1388 1371/3606/1397
f 1371/3606/1397 1379/3611/1408 1381/3613/1409
f 1381/3613/1409 1372/3612/1398 1350/3614/1377
f 1306/3620/1330 1310/3621/1337 1380/3622/1410
f 1306/3620/1330 1380/3622/1410 1305/3623/1332
f 1305/3623/1332 1380/3622/1410 1360/3624/1388
f 1310/3621/1337 1309/3625/1336 1349/3626/1376
f 1310/3621/1337 1349/3626/1376 1391/3627/1411
f 1310/3621/1337 1391/3627/1411 1380/3622/1410
f 1308/3628/1334 1383/3629/1407 1307/3630/1333
f 1305/3631/1332 1360/3632/1388 1358/3633/1385
f 1305/3631/1332 1358/3633/1385 1359/3634/1396
f 1380/3635/1410 1372/3636/1398 1359/3637/1396
f 1360/3632/1388 1380/3635/1410 1359/3637/1396
f 1306/3638/1330 1372/3639/1398 1383/3640/1407
f 1306/3638/1330 1383/3640/1407 1308/3641/1334
f 1362/3565/1387 1382/3567/1389 1365/3570/1392
f 1365/3570/1392 1382/3567/1389 1384/3642/1412
f 1384/3642/1412 1382/3567/1389 1385/3643/1413
f 1365/3570/1392 1384/3642/1412 1366/3571/1393
f 1384/3642/1412 1386/3644/1414 1632/3645/1415
f 1384/3642/1412 1632/3645/1415 1366/3571/1393
f 1366/3571/1393 1632/3645/1415 1387/3646/1416
f 1387/3646/1416 1388/3647/1417 1366/3571/1393
f 1366/3571/1393 1388/3647/1417 1389/3648/1405
f 1366/3571/1393 1389/3648/1405 1364/3569/1391
f 1364/3569/1391 1389/3648/1405 1378/3649/1406
f 1364/3569/1391 1378/3649/1406 1367/3572/1394
f 1367/3572/1394 1378/3649/1406 1374/3650/1400
f 1374/3650/1400 1378/3649/1406 1631/3651/1402
f 1393/3652/1418 1380/3653/1410 1391/3654/1411
f 1391/3654/1411 1392/3655/1419 1393/3652/1418
f 1393/3652/1418 1392/3655/1419 1394/3656/1420
f 1394/3656/1420 1380/3653/1410 1393/3652/1418
f 1391/3657/1411 1349/3658/1376 1392/3659/1419
f 1394/3660/1420 1349/3658/1376 1350/3661/1377
f 1349/3658/1376 1394/3660/1420 1392/3659/1419
f 1394/3660/1420 1350/3661/1377 1380/3662/1410
f 1385/3643/1413 1382/3567/1389 1339/3663/1364
f 1400/3664/1421 1385/3643/1413 1339/3663/1364
f 1339/3663/1364 1395/3665/1422 1397/3666/1423
f 1395/3667/1422 1339/3668/1364 1338/3669/1363
f 1399/3670/1424 1338/3669/1363 1396/3671/1425
f 1395/3667/1422 1338/3669/1363 1399/3670/1424
f 1399/3670/1424 1397/3672/1423 1395/3667/1422
f 1398/3673/1426 1397/3672/1423 1399/3670/1424
f 1398/3673/1426 1399/3670/1424 1400/3674/1421
f 1399/3670/1424 1396/3671/1425 1385/3675/1413
f 1399/3670/1424 1385/3675/1413 1400/3674/1421
f 1400/3674/1421 1339/3676/1364 1397/3677/1423
f 1400/3674/1421 1407/3678/1427 1398/3679/1426
f 1384/3680/1412 1401/3681/1428 1386/3682/1414
f 1386/3682/1414 1401/3681/1428 1402/3683/1429
f 1386/3682/1414 1402/3683/1429 1634/3684/1430
f 1403/3685/1431 1402/3683/1429 1401/3681/1428
f 1396/3686/1425 1401/3681/1428 1384/3680/1412
f 1396/3686/1425 1384/3680/1412 1385/3687/1413
f 1404/3688/1432 1401/3681/1428 1405/3689/1433
f 1405/3689/1433 1401/3681/1428 1396/3686/1425
f 1404/3688/1432 1405/3689/1433 1406/3690/1434
f 1398/3691/1426 1407/3692/1427 1397/3693/1423
f 1407/3692/1427 1400/3694/1421 1397/3693/1423
f 1408/3695/1362 1337/3696/1361 1348/3697/1374
f 1408/3695/1362 1348/3697/1374 1409/3698/1435
f 1409/3698/1435 1348/3697/1374 1410/3699/1436
f 1410/3699/1436 1348/3697/1374 1343/3700/1369
f 1343/3700/1369 1414/3701/1365 1410/3699/1436
f 1410/3699/1436 1411/3702/1437 1409/3698/1435
f 1409/3698/1435 1411/3702/1437 1408/3695/1362
f 1408/3695/1362 1411/3702/1437 1396/3703/1425
f 1419/3704/1438 1396/3703/1425 1411/3702/1437
f 1411/3702/1437 1413/3705/1439 1412/3706/1440
f 1413/3705/1439 1411/3702/1437 1410/3699/1436
f 1537/3707/1441 1413/3705/1439 1410/3699/1436
f 1410/3699/1436 1414/3701/1365 1537/3707/1441
f 1332/3708/1356 1414/3701/1365 1333/3709/1357
f 1414/3701/1365 1332/3708/1356 1469/3710/1442
f 1469/3710/1442 1332/3708/1356 1317/3711/1345
f 1414/3701/1365 1469/3710/1442 1537/3707/1441
f 1469/3710/1442 1415/3712/1443 1537/3707/1441
f 1537/3707/1441 1415/3712/1443 1416/3713/1444
f 1416/3713/1444 1417/3714/1445 1418/3715/1446
f 1416/3713/1444 1418/3715/1446 1537/3707/1441
f 1412/3716/1440 1537/3707/1441 1411/3717/1437
f 1537/3707/1441 1418/3715/1446 1411/3717/1437
f 1411/3717/1437 1418/3715/1446 1419/3718/1438
f 1338/3719/1363 1408/3695/1362 1396/3703/1425
f 1420/3720/1447 1302/3721/1327 1301/3722/1328
f 1264/3723/1346 1302/3721/1327 1420/3720/1447
f 1420/3720/1447 1421/3724/1448 1264/3723/1346
f 1321/3725/1347 1302/3721/1327 1264/3723/1346
f 1321/3725/1347 1320/3726/1325 1322/3727/1348
f 1302/3721/1327 1321/3725/1347 1322/3727/1348
f 1275/3728/1304 916/3729/938 1423/3730/1449
f 1301/3722/1328 1275/3728/1304 1423/3730/1449
f 1301/3731/1328 1422/3732/1450 1420/3733/1447
f 1424/3734/1451 1422/3732/1450 1433/3735/1452
f 1422/3732/1450 1424/3734/1451 1425/3736/1453
f 1424/3734/1451 1461/3737/1454 1425/3736/1453
f 1422/3732/1450 1425/3736/1453 1420/3733/1447
f 1420/3733/1447 1425/3736/1453 1421/3738/1448
f 1422/3739/1450 1301/3740/1328 1426/3741/1455
f 1301/3740/1328 1428/3742/1456 1426/3741/1455
f 1427/3743/1457 1428/3742/1456 1301/3740/1328
f 1428/3742/1456 1485/3744/1458 1426/3741/1455
f 1426/3741/1455 1429/3745/1459 1422/3739/1450
f 1426/3741/1455 1485/3744/1458 1430/3746/1460
f 1429/3745/1459 1426/3741/1455 1430/3746/1460
f 1429/3745/1459 1430/3746/1460 1431/3747/1461
f 1422/3739/1450 1431/3747/1461 1433/3748/1452
f 1422/3739/1450 1429/3745/1459 1431/3747/1461
f 1431/3747/1461 1430/3749/1460 1432/3750/1462
f 1430/3749/1460 1478/3751/1463 1432/3750/1462
f 1431/3747/1461 1432/3750/1462 1529/3752/1464
f 1529/3752/1464 1480/3753/1465 1433/3748/1452
f 1529/3752/1464 1433/3748/1452 1431/3747/1461
f 1433/3748/1452 1480/3753/1465 1465/3754/1466
f 1427/3755/1457 1423/3756/1449 916/2334/938
f 1434/3757/1467 1428/3758/1456 1427/3755/1457
f 1435/3759/1468 1428/3758/1456 1434/3757/1467
f 1435/3759/1468 1434/3757/1467 1436/3760/1469
f 1435/3759/1468 1436/3760/1469 1437/3761/1470
f 1437/3761/1470 1436/3760/1469 1438/3762/1471
f 1447/3763/1472 1438/3762/1471 1436/3760/1469
f 1438/3762/1471 1447/3763/1472 1439/3764/1473
f 1438/3762/1471 1439/3764/1473 1440/3765/1474
f 1441/3766/1475 1439/3767/1473 1834/3768/1476
f 1440/3769/1474 1439/3767/1473 1441/3766/1475
f 1437/3761/1470 1440/3769/1474 1441/3766/1475
f 1435/3759/1468 1437/3761/1470 1441/3766/1475
f 1423/3770/1449 1427/3771/1457 1442/3772/1477
f 1301/3773/1328 1423/3770/1449 1442/3774/1477
f 1442/3772/1477 1427/3771/1457 1301/3775/1328
f 1427/3755/1457 916/2334/938 917/2335/939
f 917/2335/939 1434/3757/1467 1427/3755/1457
f 917/2335/939 1443/3776/1478 1445/3777/1479
f 1443/3776/1478 917/2335/939 918/2336/940
f 1443/3776/1478 1439/3778/1473 1444/3779/1480
f 1443/3776/1478 1444/3779/1480 1445/3777/1479
f 917/2335/939 1445/3777/1479 1434/3757/1467
f 1445/3777/1479 1446/3780/1481 1447/3763/1472
f 1444/3781/1480 1439/3764/1473 1446/3780/1481
f 1446/3780/1481 1439/3764/1473 1447/3763/1472
f 1447/3763/1472 1434/3757/1467 1445/3777/1479
f 1434/3757/1467 1447/3763/1472 1436/3760/1469
f 1451/3782/1482 1450/3783/1483 1448/3784/1484
f 1451/3782/1482 1448/3784/1484 1455/3785/1485
f 981/3786/1007 978/3787/1003 1452/3788/1486
f 1453/3789/1487 981/3786/1007 1454/3790/1488
f 1454/3790/1488 981/3786/1007 1452/3788/1486
f 1454/3790/1488 1452/3788/1486 1455/3785/1485
f 1455/3785/1485 1452/3788/1486 1451/3782/1482
f 1455/3785/1485 1448/3784/1484 1449/3791/1489
f 1456/3792/1490 1449/3791/1489 1503/3793/1491
f 1449/3791/1489 1456/3792/1490 1455/3785/1485
f 1457/3794/1492 1458/3795/1493 1456/3792/1490
f 1455/3785/1485 1458/3795/1493 1454/3790/1488
f 1458/3795/1493 1459/3796/1494 1453/3789/1487
f 1458/3795/1493 1453/3789/1487 1454/3790/1488
f 1455/3785/1485 1456/3792/1490 1458/3795/1493
f 1424/3797/1451 1460/3798/1495 1461/3799/1454
f 1424/3797/1451 1433/3800/1452 1460/3798/1495
f 1460/3798/1495 1433/3800/1452 1462/3801/1496
f 1460/3798/1495 1463/3802/1497 1461/3799/1454
f 1463/3802/1497 1460/3798/1495 1462/3803/1496
f 1463/3802/1497 1462/3803/1496 1433/3804/1452
f 1463/3802/1497 1433/3804/1452 1464/3805/1498
f 1461/3799/1454 1463/3802/1497 1464/3805/1498
f 1425/3806/1453 1461/3807/1454 1464/3808/1498
f 1425/3806/1453 1465/3809/1466 1421/3810/1448
f 1466/3811/1499 1465/3809/1466 1425/3806/1453
f 1466/3811/1499 1425/3806/1453 1527/3812/1500
f 1425/3806/1453 1464/3808/1498 1527/3812/1500
f 1527/3813/1500 1464/3808/1498 1466/3814/1499
f 1433/3815/1452 1465/3816/1466 1464/3817/1498
f 1464/3817/1498 1465/3816/1466 1466/3818/1499
f 1317/3819/1345 1315/3820/1343 1264/3821/1346
f 1315/3820/1343 1317/3819/1345 1323/3822/1344
f 1317/3819/1345 1264/3821/1346 1467/3823/1501
f 1264/3821/1346 1421/3824/1448 1467/3823/1501
f 1465/3825/1466 1467/3823/1501 1421/3824/1448
f 1468/3826/1502 1469/3827/1442 1467/3828/1501
f 1470/3829/1503 1469/3827/1442 1468/3826/1502
f 1471/3830/1504 1469/3827/1442 1470/3829/1503
f 1469/3827/1442 1471/3830/1504 1415/3831/1443
f 1472/3832/1505 1415/3833/1443 1467/3834/1501
f 1416/3835/1444 1415/3833/1443 1473/3836/1506
f 1416/3835/1444 1473/3836/1506 1417/3837/1445
f 1456/3838/1490 1503/3839/1491 1417/3837/1445
f 1456/3838/1490 1417/3837/1445 1457/3840/1492
f 1520/3841/1507 1457/3840/1492 1505/3842/1508
f 1505/3842/1508 1457/3840/1492 1475/3843/1509
f 1475/3843/1509 1457/3840/1492 1417/3837/1445
f 1476/3844/1510 1475/3843/1509 1474/3845/1511
f 1474/3845/1511 1475/3843/1509 1417/3837/1445
f 1474/3845/1511 1417/3837/1445 1473/3836/1506
f 1522/3846/1512 1474/3845/1511 1537/3847/1441
f 1480/3848/1465 1529/3849/1464 1478/3850/1463
f 1478/3850/1463 1529/3849/1464 1530/3851/1513
f 1478/3850/1463 1530/3851/1513 1534/3852/1514
f 1478/3850/1463 1534/3852/1514 1432/3853/1462
f 1477/3854/1515 1479/3855/1516 1478/3856/1463
f 1477/3854/1515 1478/3856/1463 1430/3857/1460
f 1479/3858/1516 1465/3859/1466 1480/3860/1465
f 1479/3858/1516 1483/3861/1517 1481/3862/1518
f 1479/3858/1516 1480/3860/1465 1484/3863/1519
f 1478/3864/1463 1479/3865/1516 1482/3866/1520
f 1482/3866/1520 1479/3865/1516 1481/3867/1518
f 1480/3860/1465 1478/3864/1463 1484/3863/1519
f 1478/3864/1463 1482/3866/1520 1484/3863/1519
f 1484/3863/1519 1482/3866/1520 1483/3861/1517
f 1484/3863/1519 1483/3861/1517 1479/3858/1516
f 1477/3868/1515 1430/3869/1460 1485/3870/1458
f 1477/3868/1515 1485/3870/1458 1479/3871/1516
f 1479/3871/1516 1485/3870/1458 1486/3872/1521
f 1479/3871/1516 1467/3873/1501 1465/3874/1466
f 1472/3875/1505 1467/3873/1501 1479/3871/1516
f 1479/3871/1516 1486/3872/1521 1472/3875/1505
f 1487/3876/1522 1472/3875/1505 1486/3872/1521
f 1487/3876/1522 1441/3877/1475 1488/3878/1523
f 1441/3877/1475 1487/3876/1522 1435/3879/1468
f 1487/3876/1522 1488/3878/1523 1472/3875/1505
f 1472/3875/1505 1488/3878/1523 1415/3880/1443
f 1415/3880/1443 1488/3878/1523 1473/3881/1506
f 1473/3881/1506 1488/3878/1523 1474/3882/1511
f 1488/3878/1523 1537/3883/1441 1474/3882/1511
f 1482/3884/1520 1485/3870/1458 1428/3885/1456
f 1482/3884/1520 1428/3885/1456 1435/3886/1468
f 1435/3886/1468 1483/3887/1517 1482/3884/1520
f 1485/3870/1458 1482/3884/1520 1481/3888/1518
f 1485/3870/1458 1481/3888/1518 1483/3889/1517
f 1486/3872/1521 1485/3870/1458 1483/3889/1517
f 1487/3876/1522 1486/3872/1521 1435/3879/1468
f 1486/3872/1521 1483/3889/1517 1435/3879/1468
f 1492/3890/1524 1441/3891/1475 1490/3892/1525
f 1490/3892/1525 1441/3891/1475 1489/3893/1526
f 1489/3893/1526 1441/3891/1475 1834/3894/1476
f 1861/3895/1527 1490/3892/1525 1489/3893/1526
f 1490/3892/1525 1491/3896/1528 1492/3890/1524
f 1493/3897/1529 1488/3898/1523 1441/3899/1475
f 1494/3900/1530 1441/3899/1475 1492/3901/1524
f 1495/3902/1531 1492/3901/1524 1965/3903/1532
f 1494/3900/1530 1492/3901/1524 1495/3902/1531
f 1494/3900/1530 1495/3902/1531 1960/3904/1533
f 1494/3900/1530 1960/3904/1533 1496/3905/1534
f 1494/3900/1530 1496/3905/1534 1497/3906/1535
f 1499/3907/1536 1441/3899/1475 1498/3908/1537
f 1498/3908/1537 1441/3899/1475 1494/3900/1530
f 1499/3907/1536 1548/3909/1538 1441/3899/1475
f 1313/3910/1312 1286/3911/1315 1500/3912/1539
f 1286/3911/1315 1285/3913/1314 1449/3914/1489
f 1503/3915/1491 1285/3913/1314 1502/3916/1540
f 1285/3913/1314 1503/3915/1491 1449/3914/1489
f 1449/3914/1489 1448/3917/1484 1500/3912/1539
f 1450/3918/1483 1500/3912/1539 1448/3919/1484
f 1449/3914/1489 1500/3912/1539 1286/3911/1315
f 1313/3910/1312 1500/3912/1539 1450/3918/1483
f 1313/3910/1312 1450/3918/1483 1283/3920/1311
f 1450/3918/1483 1451/3921/1482 1504/3922/1541
f 1317/3819/1345 1467/3823/1501 1469/3923/1442
f 1468/3924/1502 1467/3925/1501 1415/3926/1443
f 1415/3926/1443 1471/3927/1504 1468/3924/1502
f 1471/3927/1504 1470/3928/1503 1468/3924/1502
f 1505/3929/1508 1418/3930/1446 1417/3931/1445
f 1505/3929/1508 1417/3931/1445 1503/3932/1491
f 1505/3929/1508 1503/3932/1491 1502/3933/1540
f 1418/3930/1446 1505/3929/1508 1475/3934/1509
f 1418/3930/1446 1475/3934/1509 1506/3935/1542
f 1418/3930/1446 1506/3935/1542 1419/3936/1438
f 1396/3937/1425 1419/3936/1438 1507/3938/1543
f 1396/3937/1425 1507/3938/1543 1405/3939/1433
f 1406/3940/1434 1405/3939/1433 1507/3938/1543
f 1406/3940/1434 1507/3938/1543 1404/3941/1432
f 1404/3941/1432 1507/3938/1543 1401/3942/1428
f 1451/3943/1482 1706/3944/1544 1508/3945/1545
f 1451/3943/1482 1508/3945/1545 1504/3946/1541
f 1504/3946/1541 1510/3947/1546 1450/3948/1483
f 1510/3947/1546 1504/3946/1541 1508/3945/1545
f 1283/3949/1311 1450/3948/1483 1510/3947/1546
f 1508/3945/1545 1509/3950/1547 1510/3947/1546
f 1510/3947/1546 1511/3951/695 1283/3949/1311
f 1511/3952/695 1510/3947/1546 1512/3953/1548
f 1512/3953/1548 1510/3947/1546 1509/3950/1547
f 1514/3954/1549 1457/3955/1492 1520/3956/1507
f 1513/3957/1550 1457/3955/1492 1514/3954/1549
f 1513/3957/1550 1514/3954/1549 1769/3958/1551
f 1769/3958/1551 1514/3954/1549 1515/3959/1552
f 1515/3959/1552 1514/3954/1549 1516/3960/1553
f 1518/3961/1554 1517/3962/1555 1516/3960/1553
f 1518/3961/1554 1516/3960/1553 1519/3963/1556
f 1518/3964/1554 1519/3963/1556 1526/3965/1557
f 1519/3963/1556 1516/3960/1553 1514/3954/1549
f 1520/3966/1507 1519/3963/1556 1514/3954/1549
f 1520/3967/1507 1521/3968/1558 1519/3969/1556
f 1520/3967/1507 1505/3970/1508 1476/3971/1510
f 1476/3971/1510 1474/3972/1511 1522/3973/1512
f 1522/3973/1512 1537/3974/1441 1412/3975/1440
f 1568/3976/1559 1412/3975/1440 1539/3977/1560
f 1525/3978/1561 1568/3976/1559 1518/3979/1554
f 1412/3975/1440 1568/3976/1559 1522/3973/1512
f 1568/3976/1559 1525/3978/1561 1522/3973/1512
f 1525/3978/1561 1526/3980/1557 1521/3968/1558
f 1521/3968/1558 1520/3967/1507 1525/3978/1561
f 1525/3978/1561 1520/3967/1507 1522/3973/1512
f 1522/3973/1512 1520/3967/1507 1476/3971/1510
f 1526/3981/1557 1525/3982/1561 1518/3983/1554
f 1529/3984/1464 1432/3985/1462 1528/3986/1562
f 1528/3986/1562 1432/3985/1462 1534/3987/1514
f 1529/3984/1464 1528/3986/1562 1530/3988/1513
f 1531/3989/1563 1530/3988/1513 1532/3990/1564
f 1532/3990/1564 1530/3988/1513 1528/3986/1562
f 1531/3989/1563 1532/3990/1564 1533/3991/1565
f 1530/3992/1513 1531/3993/1563 1533/3994/1565
f 1533/3994/1565 1532/3995/1564 1534/3996/1514
f 1534/3996/1514 1532/3995/1564 1528/3997/1562
f 1533/3994/1565 1534/3996/1514 1530/3992/1513
f 1488/3998/1523 1493/3999/1529 1535/4000/1566
f 1566/4001/1567 1535/4000/1566 1536/4002/1568
f 1488/3998/1523 1413/4003/1439 1537/4004/1441
f 1412/4005/1440 1413/4003/1439 1538/4006/1569
f 1412/4005/1440 1538/4006/1569 1539/4007/1560
f 1523/4008/1570 1539/4007/1560 1524/4009/1571
f 1547/4010/1572 1539/4007/1560 1538/4006/1569
f 1566/4001/1567 1540/4011/1573 1538/4006/1569
f 1566/4001/1567 1538/4006/1569 1413/4003/1439
f 1566/4001/1567 1413/4003/1439 1535/4000/1566
f 1413/4003/1439 1488/3998/1523 1535/4000/1566
f 1540/4011/1573 1541/4012/1574 1547/4010/1572
f 1540/4011/1573 1547/4010/1572 1538/4006/1569
f 1547/4010/1572 1541/4012/1574 1542/4013/1575
f 1541/4012/1574 1540/4011/1573 1556/4014/1576
f 1542/4013/1575 1543/4015/1577 1544/4016/1578
f 1545/4017/1579 1546/4018/1580 1544/4016/1578
f 1544/4016/1578 1546/4018/1580 1547/4010/1572
f 1544/4016/1578 1547/4010/1572 1542/4013/1575
f 1547/4010/1572 1573/4019/1581 1545/4020/1579
f 1535/4021/1566 1493/4022/1529 1441/4023/1475
f 1535/4021/1566 1441/4023/1475 1548/4024/1538
f 1535/4021/1566 1548/4024/1538 1549/4025/1582
f 1499/4026/1536 1549/4025/1582 1548/4024/1538
f 1499/4026/1536 1550/4027/1583 1549/4025/1582
f 1549/4025/1582 1550/4027/1583 1551/4028/1584
f 1551/4028/1584 1552/4029/1585 1549/4025/1582
f 1552/4029/1585 1551/4028/1584 1553/4030/1586
f 1552/4029/1585 1553/4030/1586 1554/4031/1587
f 1552/4029/1585 1554/4031/1587 1549/4025/1582
f 1549/4025/1582 1554/4031/1587 1555/4032/1588
f 1549/4025/1582 1555/4033/1588 1564/4034/1589
f 1536/4035/1568 1535/4036/1566 1565/4037/1590
f 1536/4035/1568 1556/4038/1576 1566/4039/1567
f 1558/4040/1591 1557/4041/1592 1556/4038/1576
f 1556/4038/1576 1557/4041/1592 1566/4039/1567
f 1558/4040/1591 1556/4038/1576 1540/4042/1573
f 1560/4043/1593 1556/4038/1576 1536/4035/1568
f 1556/4038/1576 1559/4044/1594 1572/4045/1595
f 1572/4045/1595 1559/4044/1594 1560/4043/1593
f 1541/4046/1574 1572/4045/1595 1560/4043/1593
f 1541/4046/1574 1560/4043/1593 1545/4047/1579
f 1559/4044/1594 1556/4038/1576 1560/4043/1593
f 1561/4048/1596 1560/4043/1593 1536/4035/1568
f 1564/4049/1589 1536/4035/1568 1565/4037/1590
f 1536/4035/1568 1564/4049/1589 1561/4048/1596
f 1560/4043/1593 1561/4048/1596 1545/4047/1579
f 1563/4050/1597 1562/4051/1598 1561/4048/1596
f 1563/4050/1597 1561/4048/1596 1564/4049/1589
f 1565/4037/1590 1535/4036/1566 1549/4052/1582
f 1565/4037/1590 1549/4052/1582 1564/4049/1589
f 1563/4050/1597 1555/4053/1588 2022/4054/1599
f 1555/4053/1588 1563/4050/1597 1564/4049/1589
f 1557/4055/1592 1558/4056/1591 1566/4001/1567
f 1558/4056/1591 1540/4011/1573 1566/4001/1567
f 1507/3938/1543 1569/4057/1600 1401/3942/1428
f 1401/3942/1428 1569/4057/1600 1403/4058/1431
f 1403/4058/1431 1569/4057/1600 1567/4059/1601
f 1403/4058/1431 1567/4059/1601 1765/4060/1602
f 1567/4059/1601 1539/4061/1560 1765/4060/1602
f 1571/4062/1603 1567/4059/1601 1568/4063/1559
f 1571/4062/1603 1568/4063/1559 1539/4064/1560
f 1569/4057/1600 1568/4063/1559 1567/4059/1601
f 1539/4065/1560 1523/4066/1570 1765/4067/1602
f 1502/4068/1540 1523/4066/1570 1505/3929/1508
f 1523/4066/1570 1568/4063/1559 1505/3929/1508
f 1505/3929/1508 1568/4063/1559 1476/4069/1510
f 1476/4069/1510 1568/4063/1559 1475/3934/1509
f 1475/3934/1509 1568/4063/1559 1506/3935/1542
f 1419/3936/1438 1506/3935/1542 1507/3938/1543
f 1507/3938/1543 1506/3935/1542 1569/4057/1600
f 1569/4057/1600 1506/3935/1542 1568/4063/1559
f 1519/4070/1556 1521/4071/1558 1526/4072/1557
f 1570/4073/1604 1544/4074/1578 1572/4075/1595
f 1573/4076/1581 1547/4077/1572 1571/4078/1603
f 1571/4078/1603 1547/4077/1572 1570/4079/1604
f 1571/4078/1603 1539/4080/1560 1573/4076/1581
f 1573/4076/1581 1539/4080/1560 1572/4075/1595
f 1572/4075/1595 1539/4080/1560 1567/4081/1601
f 1572/4075/1595 1567/4081/1601 1570/4073/1604
f 1570/4073/1604 1567/4081/1601 1571/4082/1603
f 1572/4083/1595 1544/4084/1578 1556/4085/1576
f 1556/4085/1576 1544/4084/1578 1541/4086/1574
f 1541/4086/1574 1544/4084/1578 1543/4087/1577
f 1541/4086/1574 1543/4087/1577 1573/4088/1581
f 1572/4089/1595 1541/4086/1574 1573/4088/1581
f 1573/4088/1581 1543/4087/1577 1570/4090/1604
f 1573/4088/1581 1570/4090/1604 1546/4091/1580
f 1546/4091/1580 1570/4090/1604 1547/4092/1572
f 1573/4088/1581 1546/4091/1580 1545/4093/1579
f 1541/4086/1574 1545/4094/1579 1542/4095/1575
f 1542/4095/1575 1545/4094/1579 1543/4096/1577
f 1543/4096/1577 1545/4094/1579 1570/4097/1604
f 1570/4097/1604 1545/4094/1579 1544/4098/1578
f 1355/4099/670 648/4100/666 649/4101/668
f 1355/4099/670 649/4101/668 1351/4102/1380
f 649/4101/668 650/4103/669 1351/4102/1380
f 659/4104/681 660/4105/682 370/4106/387
f 654/1551/674 651/1549/672 1373/4107/1399
f 1575/4108/1605 1574/4109/1606 654/4110/674
f 1575/4108/1605 654/4110/674 1373/4111/1399
f 1373/4111/1399 1576/4112/1607 1575/4108/1605
f 1575/4108/1605 1576/4112/1607 1626/4113/1608
f 1578/4114/1609 1575/4108/1605 1580/4115/1610
f 1575/4108/1605 1626/4113/1608 1580/4115/1610
f 1579/4116/1611 1580/4117/1610 1581/4118/1612
f 1580/4117/1610 1582/4119/1613 1581/4118/1612
f 1581/4118/1612 1583/4120/1614 1626/4113/1608
f 1579/4116/1611 1581/4118/1612 1626/4113/1608
f 1626/4113/1608 1583/4121/1614 1582/4122/1613
f 1626/4113/1608 1582/4122/1613 1580/4115/1610
f 1580/4115/1610 1627/4123/1615 1635/4124/1616
f 1580/4115/1610 1635/4124/1616 1578/4114/1609
f 1585/4125/1617 1584/4126/1618 1590/4127/1619
f 1635/4128/1616 1584/4126/1618 1585/4125/1617
f 1635/4128/1616 1585/4125/1617 1578/4114/1609
f 1575/4108/1605 1578/4114/1609 1585/4125/1617
f 1585/4125/1617 1590/4127/1619 1577/4129/1620
f 1577/4129/1620 1590/4127/1619 1586/4130/1621
f 1586/4130/1621 1587/4131/1622 1597/4132/1623
f 671/4133/693 1597/4132/1623 1588/4134/679
f 1588/4134/679 1597/4132/1623 1587/4131/1622
f 1587/4131/1622 1586/4130/1621 1589/4135/1624
f 1586/4130/1621 1590/4127/1619 1589/4135/1624
f 1591/4136/1625 1574/4137/1606 673/4138/692
f 1591/4136/1625 673/4138/692 671/4139/693
f 671/4139/693 1588/4140/679 1592/4141/1626
f 1592/4141/1626 1588/4140/679 657/4142/680
f 1594/4143/1627 1592/4141/1626 657/4142/680
f 1593/4144/1628 1501/4145/1313 1594/4143/1627
f 1581/4146/1612 1593/4144/1628 1583/4147/1614
f 1595/4148/1629 1501/4145/1313 1596/4149/1316
f 1594/4143/1627 1501/4145/1313 1595/4148/1629
f 1596/4149/1316 1284/4150/389 1595/4148/1629
f 1284/4150/389 660/4151/682 1595/4148/1629
f 660/4151/682 654/4152/674 1595/4148/1629
f 1595/4148/1629 654/4152/674 1591/4136/1625
f 654/4152/674 1574/4137/1606 1591/4136/1625
f 1595/4148/1629 1591/4136/1625 1594/4143/1627
f 671/4139/693 1592/4141/1626 1591/4136/1625
f 1591/4136/1625 1592/4141/1626 1594/4143/1627
f 1574/4109/1606 1575/4108/1605 1597/4153/1623
f 1575/4108/1605 1577/4129/1620 1597/4153/1623
f 1577/4129/1620 1575/4108/1605 1585/4125/1617
f 1597/4132/1623 1577/4129/1620 1586/4130/1621
f 1574/4109/1606 1597/4153/1623 671/4154/693
f 671/4154/693 670/4155/689 1574/4109/1606
f 670/4155/689 673/4156/692 1574/4109/1606
f 1354/4157/1382 1352/4158/1381 1351/4159/1380
f 1354/4157/1382 1351/4159/1380 1357/4160/1384
f 1357/4161/1384 1356/4162/1383 1611/4163/1630
f 1356/4162/1383 1354/4164/1382 1598/4165/1631
f 1600/4166/1632 1356/4162/1383 1598/4165/1631
f 1598/4165/1631 1599/4167/1633 1601/4168/1634
f 1599/4167/1633 1602/4169/1635 1601/4168/1634
f 1602/4169/1635 1599/4167/1633 1603/4170/1636
f 1601/4168/1634 1604/4171/1637 1598/4165/1631
f 1604/4171/1637 1606/4172/1638 1598/4165/1631
f 1600/4166/1632 1598/4165/1631 1606/4172/1638
f 1600/4166/1632 1606/4172/1638 1622/4173/1639
f 1602/4174/1635 1598/4175/1631 1354/4176/1382
f 1602/4174/1635 1354/4176/1382 1601/4177/1634
f 1367/4178/1394 1601/4177/1634 1354/4176/1382
f 1367/4178/1394 1354/4176/1382 1368/4179/1395
f 1389/4180/1405 1387/4181/1416 1367/4178/1394
f 1387/4181/1416 1389/4180/1405 1390/4182/1640
f 1387/4181/1416 1390/4182/1640 1388/4183/1417
f 1367/4178/1394 1387/4181/1416 1605/4184/1641
f 1367/4178/1394 1605/4184/1641 1601/4177/1634
f 1601/4177/1634 1605/4184/1641 1606/4185/1638
f 1604/4186/1637 1601/4177/1634 1606/4185/1638
f 1606/4185/1638 1605/4184/1641 1608/4187/1642
f 1622/4188/1639 1606/4185/1638 1608/4187/1642
f 1607/4189/1643 1622/4188/1639 1608/4187/1642
f 1605/4184/1641 1387/4181/1416 1608/4187/1642
f 1608/4187/1642 1387/4181/1416 1607/4189/1643
f 1357/4190/1384 1610/4191/1644 1609/4192/1645
f 1619/4193/1646 1610/4191/1644 1611/4194/1630
f 1619/4193/1646 1611/4194/1630 1612/4195/1647
f 1357/4196/1384 1611/4194/1630 1610/4191/1644
f 1357/4197/1384 1609/4198/1645 1377/4199/1404
f 1613/4200/1648 1377/4199/1404 1609/4198/1645
f 1609/4198/1645 1614/4201/1649 1613/4200/1648
f 1614/4201/1649 1609/4202/1645 1610/4203/1644
f 1614/4201/1649 1610/4203/1644 1613/4200/1648
f 1615/4204/1650 1377/4199/1404 1613/4200/1648
f 1616/4205/1651 1615/4204/1650 1617/4206/1652
f 1617/4206/1652 1615/4204/1650 1613/4200/1648
f 1617/4206/1652 1613/4200/1648 1610/4203/1644
f 1617/4206/1652 1610/4203/1644 1640/4207/1653
f 1618/4208/1654 1617/4206/1652 1640/4207/1653
f 1619/4209/1646 1640/4207/1653 1610/4203/1644
f 1619/4210/1646 1599/4211/1633 1640/4212/1653
f 1640/4212/1653 1599/4211/1633 1598/4213/1631
f 1603/4214/1636 1599/4211/1633 1619/4210/1646
f 1602/4215/1635 1603/4214/1636 1598/4216/1631
f 1640/4217/1653 1598/4216/1631 1603/4214/1636
f 1603/4214/1636 1619/4210/1646 1638/4218/1655
f 1620/4219/1656 1611/4220/1630 1621/4221/1657
f 1621/4221/1657 1611/4220/1630 1356/4222/1383
f 1668/4223/1658 1621/4221/1657 1356/4222/1383
f 1622/4224/1639 1668/4223/1658 1356/4222/1383
f 1622/4224/1639 1356/4222/1383 1600/4225/1632
f 1619/4226/1646 1620/4227/1656 1623/4228/1659
f 1576/4229/1607 1373/4230/1399 1374/4231/1400
f 1576/4229/1607 1374/4231/1400 1625/4232/1660
f 1625/4232/1660 1374/4231/1400 1627/4233/1615
f 1626/4234/1608 1576/4229/1607 1579/4235/1611
f 1625/4232/1660 1579/4235/1611 1576/4229/1607
f 1579/4235/1611 1625/4232/1660 1580/4236/1610
f 1580/4236/1610 1625/4232/1660 1627/4233/1615
f 1501/4237/1313 1628/4238/1661 1630/4239/1662
f 1501/4240/1313 1630/4239/1662 1285/4241/1314
f 1628/4238/1661 1634/4242/1430 1630/4239/1662
f 1634/4242/1430 1628/4238/1661 1631/4243/1402
f 1631/4243/1402 1628/4238/1661 1629/4244/1663
f 1631/4243/1402 1629/4244/1663 1376/4245/1403
f 1390/4246/1640 1633/4247/1664 1632/4248/1415
f 1390/4246/1640 1632/4248/1415 1388/4249/1417
f 1390/4246/1640 1378/4250/1406 1376/4245/1403
f 1631/4243/1402 1378/4251/1406 1390/4252/1640
f 1631/4243/1402 1390/4252/1640 1634/4242/1430
f 1390/4252/1640 1389/4253/1405 1634/4242/1430
f 1388/4254/1417 1386/4255/1414 1389/4253/1405
f 1386/4255/1414 1388/4254/1417 1632/4256/1415
f 1386/4255/1414 1634/4242/1430 1389/4253/1405
f 1629/4257/1663 1627/4258/1615 1374/4259/1400
f 1627/4258/1615 1501/4260/1313 1593/4261/1628
f 1501/4260/1313 1627/4258/1615 1629/4257/1663
f 1501/4260/1313 1629/4257/1663 1628/4262/1661
f 1596/4263/1316 1501/4260/1313 1281/4264/1307
f 1374/4259/1400 1377/4265/1404 1615/4266/1650
f 1374/4259/1400 1615/4266/1650 1629/4257/1663
f 1615/4266/1650 1376/4267/1403 1629/4268/1663
f 1593/4269/1628 1581/4270/1612 1627/4271/1615
f 1627/4271/1615 1581/4270/1612 1582/4272/1613
f 1582/4272/1613 1583/4273/1614 1627/4271/1615
f 1627/4271/1615 1583/4273/1614 1635/4274/1616
f 1619/4275/1646 1612/4276/1647 1620/4277/1656
f 1620/4277/1656 1612/4276/1647 1636/4278/1665
f 1636/4279/1665 1612/4280/1647 1611/4194/1630
f 1620/4281/1656 1636/4279/1665 1611/4194/1630
f 1638/4282/1655 1640/4283/1653 1603/4284/1636
f 1584/4285/1618 1635/4286/1616 1590/4287/1619
f 1583/4147/1614 1590/4287/1619 1635/4286/1616
f 1593/4144/1628 1590/4287/1619 1583/4147/1614
f 1589/4288/1624 1590/4287/1619 1593/4144/1628
f 1638/4289/1655 1619/4290/1646 1637/4291/1666
f 1640/4292/1653 1638/4289/1655 1639/4293/1667
f 1638/4289/1655 1641/4294/1668 1639/4293/1667
f 1637/4291/1666 1619/4290/1646 1624/4295/1669
f 1624/4295/1669 1619/4290/1646 1623/4296/1659
f 1641/4294/1668 1638/4289/1655 1637/4291/1666
f 1637/4291/1666 1624/4295/1669 1642/4297/1670
f 1641/4298/1668 1637/4291/1666 1646/4299/1671
f 1643/4300/1672 1637/4291/1666 1642/4297/1670
f 1640/4301/1653 1639/4302/1667 1644/4303/1673
f 1618/4304/1654 1640/4301/1653 1644/4303/1673
f 1644/4303/1673 1686/4305/1674 1618/4304/1654
f 1686/4305/1674 1644/4303/1673 1645/4306/1675
f 1645/4306/1675 1644/4303/1673 1646/4307/1671
f 1646/4307/1671 1644/4303/1673 1639/4302/1667
f 1646/4307/1671 1639/4302/1667 1641/4308/1668
f 1646/4307/1671 1637/4309/1666 1643/4310/1672
f 1646/4307/1671 1643/4310/1672 1645/4306/1675
f 1645/4306/1675 1643/4310/1672 1647/4311/1676
f 1647/4311/1676 1643/4310/1672 1642/4312/1670
f 1686/4305/1674 1645/4306/1675 1647/4311/1676
f 1676/4313/1677 1686/4305/1674 1648/4314/1678
f 1642/4312/1670 1686/4305/1674 1647/4311/1676
f 1686/4305/1674 1642/4312/1670 1648/4314/1678
f 1642/4312/1670 1675/4315/1679 1648/4314/1678
f 1649/4316/1680 657/4317/680 1650/4318/1681
f 1651/4319/1682 657/4317/680 1511/4320/695
f 1650/4318/1681 657/4317/680 1658/4321/1683
f 1658/4321/1683 657/4317/680 1651/4319/1682
f 1651/4319/1682 1511/4320/695 1652/4322/1684
f 1651/4319/1682 1652/4322/1684 1650/4323/1681
f 1650/4323/1681 1652/4322/1684 674/4324/697
f 1650/4323/1681 674/4324/697 1649/4325/1680
f 1649/4325/1680 674/4324/697 1588/4326/679
f 675/4327/698 674/4324/697 677/4328/708
f 677/4328/708 674/4324/697 1652/4322/1684
f 677/4328/708 681/4329/704 680/4330/701
f 1649/4331/1680 1588/4332/679 1587/4333/1622
f 1587/4333/1622 1589/4334/1624 1653/4335/1685
f 1587/4333/1622 1653/4335/1685 1649/4331/1680
f 1654/4336/1686 1655/4337/1687 1589/4334/1624
f 1589/4334/1624 1655/4337/1687 1656/4338/1688
f 1656/4338/1688 1653/4335/1685 1589/4334/1624
f 1656/4338/1688 1655/4337/1687 1657/4339/1689
f 1656/4338/1688 1657/4339/1689 1653/4335/1685
f 1649/4331/1680 1658/4340/1683 1651/4341/1682
f 1657/4339/1689 1649/4331/1680 1653/4335/1685
f 1658/4340/1683 1649/4331/1680 1657/4339/1689
f 1650/4342/1681 1658/4340/1683 1659/4343/1690
f 1650/4342/1681 1659/4343/1690 1651/4344/1682
f 1649/4345/1680 1651/4344/1682 1659/4343/1690
f 1649/4345/1680 1659/4343/1690 1589/4346/1624
f 1654/4347/1686 1589/4346/1624 1659/4343/1690
f 1654/4347/1686 1659/4343/1690 1657/4339/1689
f 1659/4343/1690 1658/4340/1683 1657/4339/1689
f 1657/4339/1689 1655/4337/1687 1704/4348/1691
f 1594/4143/1627 1649/4349/1680 1593/4144/1628
f 1593/4144/1628 1649/4349/1680 1589/4288/1624
f 1649/4349/1680 1594/4143/1627 657/4142/680
f 1654/4350/1686 1657/4351/1689 1702/4352/1692
f 1654/4350/1686 1702/4352/1692 1704/4353/1691
f 1654/4350/1686 1704/4353/1691 1660/4354/1693
f 1654/4350/1686 1660/4354/1693 1667/4355/1694
f 1655/4356/1687 1654/4357/1686 1661/4358/1695
f 1661/4358/1695 1654/4357/1686 1667/4359/1694
f 1667/4359/1694 1744/4360/1696 1661/4358/1695
f 1661/4358/1695 1744/4360/1696 1662/4361/1697
f 1661/4358/1695 1663/4362/1698 1655/4356/1687
f 1663/4362/1698 1661/4358/1695 1662/4361/1697
f 1662/4361/1697 1664/4363/1699 1663/4362/1698
f 1665/4364/1700 1664/4363/1699 1666/4365/1701
f 1663/4362/1698 1664/4363/1699 1665/4364/1700
f 1663/4362/1698 1665/4364/1700 1655/4356/1687
f 1704/4366/1691 1655/4356/1687 1665/4367/1700
f 1704/4366/1691 1665/4367/1700 1660/4368/1693
f 1621/4221/1657 1668/4223/1658 1620/4219/1656
f 1623/4369/1659 1620/4219/1656 1668/4223/1658
f 1669/4370/1702 1623/4369/1659 1668/4223/1658
f 1623/4369/1659 1669/4370/1702 1670/4371/1703
f 1622/4372/1639 1671/4373/1704 1668/4374/1658
f 1607/4375/1643 1671/4373/1704 1622/4372/1639
f 1607/4375/1643 1679/4376/1705 1671/4373/1704
f 1669/4377/1702 1668/4374/1658 1671/4373/1704
f 1687/4378/1706 1670/4379/1703 1669/4377/1702
f 1672/4380/1707 1687/4378/1706 1669/4377/1702
f 1673/4381/1708 1672/4380/1707 1674/4382/1709
f 1674/4382/1709 1672/4380/1707 1669/4377/1702
f 1674/4382/1709 1669/4377/1702 1676/4383/1677
f 1675/4384/1679 1673/4385/1708 1674/4382/1709
f 1676/4383/1677 1648/4386/1678 1674/4382/1709
f 1679/4376/1705 1676/4383/1677 1671/4373/1704
f 1676/4383/1677 1679/4376/1705 1686/4387/1674
f 1671/4373/1704 1676/4383/1677 1669/4377/1702
f 1607/4388/1643 1387/4389/1416 1678/4390/1710
f 1632/4391/1415 1633/4392/1664 1677/4393/1711
f 1632/4391/1415 1677/4393/1711 1387/4389/1416
f 1387/4389/1416 1677/4393/1711 1678/4390/1710
f 1678/4390/1710 1679/4394/1705 1607/4388/1643
f 1390/4395/1640 1376/4396/1403 1615/4397/1650
f 1615/4397/1650 1616/4398/1651 1390/4395/1640
f 1390/4395/1640 1616/4398/1651 1633/4399/1664
f 1616/4398/1651 1617/4400/1652 1618/4401/1654
f 1616/4398/1651 1618/4401/1654 1680/4402/1712
f 1680/4402/1712 1618/4401/1654 1681/4403/1713
f 1678/4404/1710 1681/4403/1713 1618/4401/1654
f 1682/4405/1714 1683/4406/1715 1680/4402/1712
f 1680/4402/1712 1683/4406/1715 1616/4398/1651
f 1681/4407/1713 1678/4408/1710 1677/4409/1711
f 1682/4410/1714 1684/4411/1716 1685/4412/1717
f 1681/4413/1713 1684/4411/1716 1682/4410/1714
f 1681/4413/1713 1682/4410/1714 1680/4414/1712
f 1681/4415/1713 1677/4416/1711 1684/4417/1716
f 1685/4418/1717 1677/4416/1711 1633/4419/1664
f 1683/4420/1715 1633/4419/1664 1616/4421/1651
f 1683/4420/1715 1685/4418/1717 1633/4419/1664
f 1685/4418/1717 1683/4420/1715 1682/4422/1714
f 1684/4423/1716 1677/4424/1711 1685/4425/1717
f 1678/4426/1710 1618/4401/1654 1679/4427/1705
f 1679/4427/1705 1618/4401/1654 1686/4428/1674
f 1670/4429/1703 1687/4430/1706 1688/4431/1718
f 1670/4429/1703 1688/4431/1718 1623/4432/1659
f 1623/4432/1659 1688/4431/1718 1691/4433/1719
f 1689/4434/1720 1690/4435/1721 1688/4431/1718
f 1688/4431/1718 1690/4435/1721 1691/4433/1719
f 1623/4432/1659 1642/4436/1670 1624/4437/1669
f 1642/4436/1670 1623/4432/1659 1691/4433/1719
f 1688/4438/1718 1687/4439/1706 1689/4440/1720
f 1672/4441/1707 1692/4442/1722 1687/4439/1706
f 1687/4439/1706 1692/4442/1722 1689/4440/1720
f 1692/4442/1722 1690/4443/1721 1689/4440/1720
f 1672/4441/1707 1690/4443/1721 1692/4442/1722
f 1691/4444/1719 1690/4443/1721 1672/4441/1707
f 1691/4444/1719 1672/4441/1707 1673/4445/1708
f 1691/4446/1719 1675/4447/1679 1642/4448/1670
f 1691/4444/1719 1673/4445/1708 1675/4447/1679
f 1674/4449/1709 1693/4450/1723 1675/4451/1679
f 1648/4452/1678 1693/4450/1723 1674/4449/1709
f 1693/4450/1723 1648/4452/1678 1675/4451/1679
f 1694/4453/1724 1696/4454/1725 1698/4455/1726
f 1698/4455/1726 1696/4454/1725 1699/4456/1727
f 1699/4456/1727 1696/4454/1725 1701/4457/1728
f 1700/4458/1729 1701/4457/1728 1696/4454/1725
f 1701/4457/1728 1700/4458/1729 1743/4459/1730
f 1511/1625/695 657/1622/680 658/1624/678
f 1702/4460/1692 1703/4461/1731 1704/4462/1691
f 1702/4460/1692 1657/4463/1689 1705/4464/1732
f 1657/4463/1689 1704/4465/1691 1705/4464/1732
f 1703/4461/1731 1702/4460/1692 1705/4464/1732
f 1703/4466/1731 1705/4467/1732 1704/4468/1691
f 1451/4469/1482 1870/4470/1733 1706/4471/1544
f 1870/4472/1733 1707/4473/1172 1706/4471/1544
f 1707/4473/1172 1708/4474/1734 1706/4471/1544
f 1509/4475/1547 1508/4476/1545 1706/4471/1544
f 1509/4475/1547 1706/4471/1544 1708/4474/1734
f 1221/4477/1242 1708/4474/1734 1151/4478/1171
f 1151/4478/1171 1708/4474/1734 1707/4473/1172
f 1709/4479/1177 1708/4474/1734 1221/4477/1242
f 1708/4474/1734 1709/4479/1177 1715/4480/1735
f 1509/4481/1547 1708/4474/1734 1715/4480/1735
f 1177/4482/1201 1715/4480/1735 1154/4483/1176
f 1177/4482/1201 1154/4483/1176 1176/4484/703
f 1154/4483/1176 1715/4480/1735 1709/4479/1177
f 1177/4485/1201 677/4486/708 1652/4487/1684
f 1652/4487/1684 1511/4488/695 1711/4489/1736
f 1711/4489/1736 1511/4488/695 1710/4490/1737
f 1712/4491/1738 1711/4489/1736 1710/4490/1737
f 1712/4491/1738 1710/4490/1737 1713/4492/1739
f 1710/4490/1737 1511/4488/695 1512/4493/1548
f 1710/4490/1737 1512/4493/1548 1714/4494/1740
f 1713/4492/1739 1710/4490/1737 1714/4494/1740
f 1715/4495/1735 1711/4496/1736 1512/4497/1548
f 1509/4498/1547 1715/4495/1735 1512/4497/1548
f 1715/4495/1735 1177/3089/1201 1652/4499/1684
f 1715/4495/1735 1652/4499/1684 1711/4496/1736
f 1714/4500/1740 1512/4501/1548 1711/4502/1736
f 1712/4503/1738 1714/4500/1740 1711/4502/1736
f 1721/4504/1741 1716/4505/1742 1717/4506/1743
f 1721/4504/1741 1717/4506/1743 1718/4507/1744
f 1719/4508/1745 1718/4507/1744 1717/4506/1743
f 1725/4509/1746 1718/4507/1744 1719/4508/1745
f 1724/4510/1747 1719/4508/1745 1717/4506/1743
f 1716/4505/1742 1720/4511/1748 1723/4512/1749
f 1721/4513/1741 1722/4514/1750 2073/4515/1751
f 1720/4511/1748 1721/4513/1741 2073/4515/1751
f 1723/4512/1749 1720/4511/1748 2073/4515/1751
f 1723/4512/1749 2056/4516/1752 1724/4510/1747
f 1723/4512/1749 1724/4510/1747 1716/4505/1742
f 1716/4505/1742 1724/4510/1747 1717/4506/1743
f 1719/4508/1745 1724/4510/1747 2043/4517/1753
f 1719/4508/1745 2043/4517/1753 1725/4509/1746
f 1665/4518/1700 1666/4519/1701 1734/4520/1754
f 1731/4521/1755 1734/4520/1754 1666/4519/1701
f 1731/4521/1755 1666/4519/1701 1726/4522/1756
f 1726/4522/1756 1666/4519/1701 1664/4523/1699
f 1730/4524/1757 1726/4522/1756 1664/4523/1699
f 1730/4525/1757 1728/4526/1758 1726/4527/1756
f 1726/4527/1756 1728/4528/1758 1729/4529/1759
f 1730/4530/1757 1729/4531/1759 1728/4532/1758
f 1733/4533/1760 1730/4534/1757 1732/4535/1761
f 1730/4534/1757 1733/4533/1760 1729/4536/1759
f 1729/4537/1759 1733/4533/1760 1731/4538/1755
f 1729/4537/1759 1731/4538/1755 1726/4539/1756
f 1733/4533/1760 1732/4535/1761 1731/4538/1755
f 1732/4535/1761 1734/4540/1754 1731/4538/1755
f 1732/4535/1761 1727/4541/1762 1734/4540/1754
f 1664/4542/1699 1727/4541/1762 1730/4534/1757
f 1732/4535/1761 1730/4534/1757 1727/4541/1762
f 1727/4541/1762 1664/4543/1699 1662/4544/1697
f 1727/4541/1762 1662/4545/1697 1660/4546/1693
f 1660/4546/1693 1734/4540/1754 1727/4541/1762
f 1734/4540/1754 1660/4546/1693 1665/4547/1700
f 1660/4546/1693 1735/4548/1763 1712/4549/1738
f 1667/4550/1694 1736/4551/1764 1737/4552/1765
f 1738/4553/1766 1699/4554/1727 1695/4555/1767
f 1667/4550/1694 1737/4552/1765 1738/4553/1766
f 1667/4550/1694 1660/4556/1693 1712/4557/1738
f 1712/4557/1738 1713/4558/1739 1736/4551/1764
f 1736/4551/1764 1713/4558/1739 1714/4559/1740
f 1667/4550/1694 1712/4557/1738 1736/4551/1764
f 1736/4551/1764 1746/4560/1768 1740/4561/1769
f 1736/4551/1764 1740/4561/1769 1739/4562/1770
f 1740/4561/1769 1741/4563/1771 1739/4562/1770
f 1739/4562/1770 1737/4552/1765 1736/4551/1764
f 1740/4564/1769 1662/4565/1697 1744/4566/1696
f 1740/4564/1769 1744/4566/1696 1741/4567/1771
f 1739/4568/1770 1741/4567/1771 1743/4569/1730
f 1739/4568/1770 1743/4569/1730 1737/4570/1765
f 1737/4570/1765 1742/4571/1772 1738/4572/1766
f 1742/4571/1772 1737/4570/1765 1743/4569/1730
f 1738/4572/1766 1742/4571/1772 1699/4573/1727
f 1699/4573/1727 1742/4571/1772 1698/4574/1726
f 1743/4569/1730 1741/4567/1771 1698/4575/1726
f 1694/4576/1724 1698/4575/1726 1697/4577/1773
f 1698/4575/1726 1741/4567/1771 1697/4577/1773
f 1744/4566/1696 1697/4577/1773 1741/4567/1771
f 1695/4578/1767 1697/4577/1773 1744/4566/1696
f 1695/4578/1767 1694/4579/1724 1697/4577/1773
f 1695/4578/1767 1744/4566/1696 1738/4580/1766
f 1738/4580/1766 1744/4566/1696 1667/4581/1694
f 1714/4582/1740 1712/4583/1738 1735/4584/1763
f 1735/4584/1763 1745/4585/1774 1714/4582/1740
f 1745/4585/1774 1716/4586/1742 1721/4587/1741
f 1714/4582/1740 1745/4585/1774 1721/4587/1741
f 1745/4588/1774 1720/4589/1748 1716/4590/1742
f 1721/4591/1741 1720/4589/1748 1746/4592/1768
f 1714/4593/1740 1721/4591/1741 1746/4592/1768
f 1735/4594/1763 1746/4592/1768 1720/4589/1748
f 1735/4594/1763 1720/4589/1748 1745/4588/1774
f 1746/4592/1768 1735/4594/1763 1660/4595/1693
f 1746/4592/1768 1660/4595/1693 1662/4596/1697
f 1662/4596/1697 1740/4597/1769 1746/4592/1768
f 1714/4593/1740 1746/4592/1768 1736/4598/1764
f 1748/4599/1775 1747/4600/1776 1758/4601/1777
f 1748/4599/1775 1749/4602/1778 1747/4600/1776
f 2074/4603/1779 1722/4604/1750 1748/4599/1775
f 1748/4599/1775 1722/4604/1750 1749/4602/1778
f 1722/4604/1750 1721/4605/1741 1718/4606/1744
f 1718/4606/1744 1753/4607/1780 1722/4604/1750
f 1749/4602/1778 1722/4604/1750 1752/4608/1781
f 1752/4608/1781 1722/4604/1750 1753/4607/1780
f 1747/4600/1776 1749/4602/1778 1750/4609/1782
f 1750/4609/1782 1749/4602/1778 1752/4608/1781
f 1751/4610/1783 1750/4609/1782 1752/4608/1781
f 1761/4611/1784 1750/4609/1782 1751/4610/1783
f 1751/4610/1783 2102/4612/1785 1761/4611/1784
f 1752/4608/1781 1799/4613/1786 2102/4612/1785
f 2102/4612/1785 1751/4610/1783 1752/4608/1781
f 1754/4614/1787 1752/4608/1781 1753/4607/1780
f 1761/4615/1784 1756/4616/1788 1757/4617/1789
f 1757/4617/1789 1756/4616/1788 1755/4618/1790
f 1757/4617/1789 1755/4618/1790 1753/4607/1780
f 1796/4619/1791 1757/4617/1789 1718/4606/1744
f 1757/4617/1789 1753/4607/1780 1718/4606/1744
f 1750/4620/1782 1758/4621/1777 1747/4622/1776
f 1758/4621/1777 1759/4623/1792 1748/4624/1775
f 2069/4625/1793 1758/4621/1777 1761/4626/1784
f 1750/4620/1782 1761/4626/1784 1758/4621/1777
f 1761/4626/1784 1762/4627/1794 1763/4628/1795
f 1764/4629/1796 1762/4627/1794 1761/4626/1784
f 1764/4629/1796 1761/4626/1784 1725/4630/1746
f 1718/4631/1744 1725/4630/1746 1761/4626/1784
f 1718/4631/1744 1761/4626/1784 1796/4632/1791
f 1402/4633/1429 1630/4634/1662 1634/4635/1430
f 1630/4634/1662 1402/4633/1429 1403/4636/1431
f 1630/4634/1662 1502/4637/1540 1285/4638/1314
f 1502/4637/1540 1630/4634/1662 1403/4636/1431
f 1502/4637/1540 1403/4636/1431 1765/4639/1602
f 1765/4639/1602 1523/4640/1570 1502/4637/1540
f 1769/4641/1551 1515/4642/1552 1766/4643/1797
f 1957/4644/1798 1951/4645/1799 1766/4643/1797
f 1957/4644/1798 1766/4643/1797 1767/4646/1800
f 1768/4647/1801 1515/4642/1552 1956/4648/1802
f 1457/4649/1492 1513/4650/1550 1458/4651/1493
f 1770/4652/1803 1513/4650/1550 1769/4653/1551
f 1770/4652/1803 1769/4653/1551 2185/4654/1804
f 1513/4650/1550 1770/4652/1803 1458/4651/1493
f 1524/4655/1571 1539/4656/1560 1547/4657/1572
f 1524/4655/1571 1547/4657/1572 1545/4658/1579
f 1523/4659/1570 1524/4655/1571 1568/4660/1559
f 1568/4661/1559 1524/4655/1571 1772/4662/1805
f 1773/4663/1806 1518/4664/1554 1772/4662/1805
f 1772/4662/1805 1518/4664/1554 1568/4661/1559
f 1775/4665/1807 1777/4666/1808 1772/4667/1805
f 1772/4667/1805 1524/4668/1571 1775/4665/1807
f 1773/4669/1806 1772/4667/1805 1777/4666/1808
f 1775/4665/1807 1524/4668/1571 1545/4670/1579
f 1545/4670/1579 1778/4671/1809 1775/4665/1807
f 1779/4672/1810 1775/4665/1807 1778/4671/1809
f 1779/4672/1810 1774/4673/1811 1775/4665/1807
f 1545/4674/1579 1561/4675/1596 1562/4676/1598
f 1545/4674/1579 1562/4676/1598 1780/4677/1812
f 1545/4674/1579 1780/4677/1812 1778/4678/1809
f 1778/4678/1809 1780/4677/1812 1785/4679/1813
f 1778/4678/1809 1785/4679/1813 1787/4680/1814
f 1780/4681/1812 1562/4682/1598 1781/4683/1815
f 1780/4684/1812 1781/4683/1815 1785/4685/1813
f 1782/4686/1816 1781/4683/1815 1562/4682/1598
f 1554/4687/1587 1787/4688/1814 1562/4682/1598
f 1562/4682/1598 1787/4688/1814 1782/4686/1816
f 1782/4686/1816 1787/4688/1814 1783/4689/1817
f 1783/4689/1817 1784/4690/1818 1782/4686/1816
f 1782/4686/1816 1784/4690/1818 1785/4685/1813
f 1781/4683/1815 1782/4686/1816 1785/4685/1813
f 1786/4691/1819 1785/4685/1813 1784/4690/1818
f 1785/4685/1813 1786/4691/1819 1787/4692/1814
f 1787/4692/1814 1786/4691/1819 1783/4693/1817
f 1783/4693/1817 1786/4691/1819 1788/4694/1820
f 1784/4690/1818 1783/4689/1817 1789/4695/1821
f 1783/4689/1817 1788/4696/1820 1789/4695/1821
f 1790/4697/1822 1784/4690/1818 1789/4695/1821
f 1784/4690/1818 1790/4697/1822 1786/4691/1819
f 1786/4691/1819 1790/4697/1822 1788/4694/1820
f 1791/4698/1823 1700/4699/1729 1696/4700/1725
f 1742/4701/1772 1791/4698/1823 1701/4702/1728
f 1792/4703/1824 1701/4702/1728 1791/4698/1823
f 1792/4703/1824 1791/4698/1823 1696/4700/1725
f 1699/4704/1727 1701/4702/1728 1792/4703/1824
f 1699/4704/1727 1792/4703/1824 1695/4705/1767
f 1695/4705/1767 1792/4703/1824 1696/4700/1725
f 1695/4705/1767 1696/4700/1725 1694/4706/1724
f 1743/4707/1730 1700/4708/1729 1791/4709/1823
f 1743/4707/1730 1791/4709/1823 1742/4710/1772
f 1698/4711/1726 1742/4710/1772 1701/4712/1728
f 1743/4707/1730 1698/4713/1726 1701/4714/1728
f 1793/4715/1825 1795/4716/1826 1794/4717/1827
f 1793/4718/1825 2055/4719/1828 1795/4720/1826
f 1797/4721/1829 1761/4722/1784 1757/4723/1789
f 1798/4724/1830 1757/4723/1789 1796/4725/1791
f 1796/4725/1791 1761/4726/1784 1797/4727/1829
f 1798/4728/1830 1796/4729/1791 1797/4730/1829
f 1798/4728/1830 1797/4730/1829 1799/4731/1786
f 1799/4731/1786 1797/4730/1829 2102/4732/1785
f 1799/4731/1786 1754/4733/1787 1757/4734/1789
f 1798/4728/1830 1799/4731/1786 1757/4734/1789
f 919/4735/937 914/4736/936 1802/4737/948
f 918/4738/940 919/4735/937 1802/4737/948
f 1443/4739/1478 918/4738/940 1811/4740/1831
f 1801/4741/1832 1800/4742/1833 1802/4737/948
f 1800/4742/1833 918/4738/940 1802/4737/948
f 1803/4743/947 1804/4744/979 1805/4745/1834
f 1803/4743/947 1805/4745/1834 1829/4746/1835
f 1803/4743/947 1829/4746/1835 1827/4747/1836
f 1803/4743/947 1827/4747/1836 1802/4737/948
f 1802/4737/948 1808/4748/1837 1807/4749/1838
f 1802/4750/948 1807/4751/1838 1801/4752/1832
f 1801/4752/1832 1807/4751/1838 1809/4753/1839
f 1809/4754/1839 1808/4755/1837 1801/4752/1832
f 1801/4752/1832 1808/4755/1837 1810/4756/1840
f 1801/4752/1832 1810/4756/1840 1800/4757/1833
f 1800/4757/1833 1810/4756/1840 1817/4758/1841
f 1813/4759/1842 1835/4760/1843 1812/4761/1844
f 1810/4756/1840 1835/4760/1843 1813/4759/1842
f 1814/4762/1845 1813/4759/1842 1812/4761/1844
f 1813/4759/1842 1814/4762/1845 1816/4763/1846
f 1813/4759/1842 1815/4764/1847 1810/4756/1840
f 1813/4759/1842 1816/4763/1846 1815/4764/1847
f 1810/4756/1840 1815/4764/1847 1817/4758/1841
f 1814/4762/1845 1812/4761/1844 1820/4765/1848
f 1814/4762/1845 1819/4766/1849 1816/4763/1846
f 1819/4766/1849 1814/4762/1845 1820/4765/1848
f 1816/4763/1846 1819/4766/1849 1817/4767/1841
f 1817/4767/1841 1819/4766/1849 1818/4768/1850
f 1811/4769/1831 1818/4768/1850 1834/4770/1476
f 1834/4770/1476 1818/4768/1850 1819/4766/1849
f 1819/4766/1849 1805/4771/1834 1806/4772/1851
f 1805/4771/1834 1819/4766/1849 1820/4773/1848
f 1809/4774/1839 1807/4775/1838 1808/4776/1837
f 1804/4777/979 1803/4778/947 924/4779/946
f 1804/4777/979 957/4780/977 1805/4781/1834
f 1806/4782/1851 1805/4781/1834 957/4780/977
f 1821/4783/1852 1806/4782/1851 957/4780/977
f 957/4780/977 1823/4784/1853 1821/4783/1852
f 1822/4785/1854 1821/4783/1852 1823/4784/1853
f 1824/4786/1855 1823/4784/1853 957/4780/977
f 982/4787/983 1824/4786/1855 957/4780/977
f 1823/4784/1853 1824/4786/1855 1844/4788/1856
f 1844/4789/1856 1824/4786/1855 1825/4790/1857
f 1824/4786/1855 1826/4791/1858 1825/4790/1857
f 1826/4791/1858 1824/4786/1855 982/4787/983
f 1826/4791/1858 982/4787/983 966/4792/982
f 1808/4793/1837 1802/4794/948 1827/4795/1836
f 1808/4793/1837 1827/4795/1836 1810/4796/1840
f 1827/4795/1836 1811/4797/1831 1828/4798/1859
f 1827/4795/1836 1828/4798/1859 1810/4796/1840
f 1835/4799/1843 1810/4796/1840 1828/4798/1859
f 1800/4800/1833 1828/4798/1859 1811/4797/1831
f 1827/4795/1836 1818/4801/1850 1811/4797/1831
f 1827/4795/1836 1829/4802/1835 1800/4803/1833
f 1800/4803/1833 1829/4802/1835 1828/4804/1859
f 1835/4805/1843 1829/4802/1835 1820/4806/1848
f 1829/4802/1835 1805/4807/1834 1820/4808/1848
f 1445/4809/1479 1444/4810/1480 1830/4811/1860
f 1830/4811/1860 1444/4810/1480 918/4812/940
f 918/4812/940 1800/4813/1833 1830/4811/1860
f 1800/4813/1833 1811/4814/1831 1830/4811/1860
f 1811/4814/1831 1831/4815/1861 1830/4811/1860
f 1831/4815/1861 1811/4814/1831 1832/4816/1862
f 1445/4809/1479 1830/4811/1860 1446/4817/1481
f 1811/4818/1831 918/4819/940 1444/4820/1480
f 1811/4818/1831 1444/4820/1480 1832/4821/1862
f 1444/4820/1480 1446/4822/1481 1832/4821/1862
f 1446/4822/1481 1830/4823/1860 1832/4821/1862
f 1830/4823/1860 1831/4824/1861 1832/4821/1862
f 1443/4825/1478 1811/4826/1831 1439/4827/1473
f 1811/4826/1831 1833/4828/1863 1439/4827/1473
f 1833/4828/1863 1811/4826/1831 1817/4829/1841
f 1816/4830/1846 1439/4827/1473 1833/4828/1863
f 1816/4830/1846 1833/4828/1863 1815/4831/1847
f 1816/4832/1846 1817/4829/1841 1811/4826/1831
f 1816/4832/1846 1811/4826/1831 1834/4833/1476
f 1816/4832/1846 1834/4833/1476 1439/4834/1473
f 1818/4835/1850 1800/4836/1833 1817/4837/1841
f 1800/4836/1833 1818/4835/1850 1827/4838/1836
f 1817/4837/1841 1815/4839/1847 1835/4840/1843
f 1817/4837/1841 1828/4841/1859 1833/4842/1863
f 1817/4837/1841 1835/4840/1843 1828/4841/1859
f 1828/4841/1859 1829/4843/1835 1833/4842/1863
f 1829/4843/1835 1835/4844/1843 1815/4845/1847
f 1829/4843/1835 1815/4845/1847 1833/4842/1863
f 1834/4846/1476 1819/4847/1849 1836/4848/1864
f 1834/4846/1476 1836/4848/1864 1860/4849/1865
f 1837/4850/1866 1836/4848/1864 1838/4851/1867
f 1836/4848/1864 1837/4850/1866 1937/4852/1868
f 1836/4848/1864 1937/4852/1868 1860/4849/1865
f 1819/4847/1849 1838/4851/1867 1836/4848/1864
f 1839/4853/1869 1838/4851/1867 1819/4847/1849
f 1839/4853/1869 1819/4847/1849 1851/4854/1870
f 1840/4855/1008 1819/4847/1849 1806/4856/1851
f 1819/4847/1849 1840/4855/1008 1851/4854/1870
f 1851/4854/1870 1806/4857/1851 1841/4858/1871
f 1851/4854/1870 1841/4858/1871 1842/4859/1872
f 1851/4854/1870 1842/4859/1872 1839/4853/1869
f 1839/4853/1869 1842/4859/1872 1843/4860/1873
f 1820/4861/1848 1812/4862/1844 1835/4863/1843
f 1844/4864/1856 1822/4865/1854 1823/4866/1853
f 1845/4867/1874 1822/4865/1854 1844/4864/1856
f 1822/4865/1854 1846/4868/1875 1821/4869/1852
f 1845/4867/1874 1847/4870/1876 1848/4871/1877
f 1847/4870/1876 1845/4867/1874 1849/4872/1878
f 1849/4872/1878 1845/4867/1874 1844/4864/1856
f 1844/4864/1856 1825/4873/1857 1849/4872/1878
f 1849/4872/1878 1825/4873/1857 1848/4874/1877
f 1848/4874/1877 1825/4873/1857 1845/4875/1874
f 1845/4875/1874 1825/4873/1857 1846/4876/1875
f 1845/4875/1874 1846/4876/1875 1841/4877/1871
f 1846/4876/1875 1825/4873/1857 1821/4878/1852
f 983/4879/1009 1852/4880/1879 1850/4881/1880
f 1852/4880/1879 983/4879/1009 1840/4882/1008
f 1852/4883/1879 1840/4882/1008 1806/4884/1851
f 983/4885/1009 1826/4886/1858 966/4887/982
f 983/4885/1009 966/4887/982 1853/4888/1881
f 983/4885/1009 1853/4888/1881 984/4889/1010
f 1853/4888/1881 966/4887/982 1854/4890/1882
f 1854/4890/1882 966/4887/982 1850/4891/1880
f 1850/4891/1880 966/4887/982 1825/4892/1857
f 1825/4892/1857 966/4887/982 1855/4893/1883
f 1855/4893/1883 966/4887/982 1856/4894/1884
f 1857/4895/1885 1825/4892/1857 1855/4893/1883
f 1857/4895/1885 1855/4893/1883 1850/4896/1880
f 1850/4896/1880 1855/4893/1883 1854/4897/1882
f 1858/4898/1886 1826/4899/1858 983/4900/1009
f 1858/4898/1886 983/4900/1009 1850/4901/1880
f 1858/4898/1886 1850/4901/1880 1825/4902/1857
f 1826/4899/1858 1858/4898/1886 984/4903/1010
f 1826/4899/1858 984/4903/1010 1853/4904/1881
f 984/4903/1010 1858/4898/1886 1854/4905/1882
f 1854/4905/1882 1858/4898/1886 1825/4902/1857
f 1855/4906/1883 984/4903/1010 1854/4905/1882
f 984/4903/1010 1855/4906/1883 959/4907/981
f 1854/4905/1882 1825/4902/1857 1826/4908/1858
f 1854/4905/1882 1826/4908/1858 1853/4909/1881
f 1850/4910/1880 1852/4911/1879 1821/4912/1852
f 1821/4912/1852 1852/4911/1879 1856/4913/1884
f 1857/4914/1885 1850/4910/1880 1856/4915/1884
f 1856/4915/1884 1850/4910/1880 1851/4916/1870
f 1851/4916/1870 1850/4910/1880 1821/4912/1852
f 1856/4915/1884 1851/4916/1870 1855/4917/1883
f 1851/4916/1870 1821/4912/1852 1857/4914/1885
f 1855/4917/1883 1851/4916/1870 959/4918/981
f 1851/4916/1870 1857/4914/1885 1852/4911/1879
f 1852/4911/1879 1857/4914/1885 1856/4919/1884
f 959/4918/981 1851/4916/1870 1840/4920/1008
f 1851/4921/1870 1852/4922/1879 1806/4923/1851
f 1848/4924/1877 1847/4925/1876 1841/4926/1871
f 1848/4924/1877 1841/4926/1871 1846/4927/1875
f 1841/4926/1871 1806/4923/1851 1822/4928/1854
f 1845/4929/1874 1841/4926/1871 1822/4928/1854
f 1846/4930/1875 1822/4928/1854 1806/4923/1851
f 1806/4923/1851 1821/4931/1852 1847/4932/1876
f 1806/4923/1851 1847/4932/1876 1846/4930/1875
f 1846/4930/1875 1847/4932/1876 1849/4933/1878
f 1846/4930/1875 1849/4933/1878 1848/4934/1877
f 1841/4935/1871 1847/4936/1876 1821/4937/1852
f 1042/4938/990 1842/4939/1872 1841/4935/1871
f 1821/4937/1852 1042/4938/990 1841/4935/1871
f 1857/4940/1885 1821/4937/1852 1825/4941/1857
f 966/4942/982 1821/4937/1852 1856/4943/1884
f 1821/4937/1852 966/4942/982 1042/4938/990
f 1859/4944/1887 1837/4945/1866 1838/4946/1867
f 1838/4946/1867 1861/4947/1527 1859/4944/1887
f 1837/4945/1866 1859/4944/1887 1860/4948/1865
f 1859/4944/1887 1861/4947/1527 1860/4948/1865
f 1861/4947/1527 1838/4946/1867 1839/4949/1869
f 1861/4947/1527 1839/4949/1869 1843/4950/1873
f 1861/4951/1527 1843/4952/1873 1868/4953/1888
f 1861/4951/1527 1868/4953/1888 1490/4954/1525
f 1491/4955/1528 1490/4954/1525 1862/4956/1889
f 1863/4957/1890 1862/4956/1889 1893/4958/1891
f 1862/4956/1889 1864/4959/1892 1893/4960/1891
f 1864/4959/1892 1862/4956/1889 1865/4961/1893
f 1893/4962/1891 1864/4959/1892 1949/4963/1894
f 1867/4964/1895 1866/4965/1896 1865/4961/1893
f 1867/4964/1895 1865/4961/1893 1862/4956/1889
f 1866/4965/1896 1867/4964/1895 1868/4953/1888
f 1867/4964/1895 1862/4956/1889 1490/4954/1525
f 1867/4964/1895 1490/4954/1525 1868/4953/1888
f 1843/4966/1873 1842/4939/1872 1872/4967/1897
f 980/4968/1006 981/4969/1007 985/4970/1011
f 985/4970/1011 981/4969/1007 1869/4971/1898
f 1152/4972/1005 1452/4973/1486 978/4974/1003
f 1870/4975/1733 1452/4973/1486 1152/4972/1005
f 1451/4976/1482 1452/4977/1486 1870/4975/1733
f 1707/4978/1172 1870/4975/1733 1152/4972/1005
f 981/4979/1007 1453/4980/1487 1869/4981/1898
f 1869/4981/1898 1453/4980/1487 1459/4982/1494
f 1869/4981/1898 1459/4982/1494 1871/4983/1899
f 1869/4981/1898 1871/4983/1899 1770/4984/1803
f 2027/4985/1900 1869/4981/1898 1770/4984/1803
f 1770/4984/1803 1871/4983/1899 1458/4986/1493
f 1458/4986/1493 1871/4983/1899 1459/4982/1494
f 1842/4987/1872 1042/4988/990 1872/4989/1897
f 1872/4989/1897 1042/4988/990 1012/4990/1034
f 1872/4989/1897 1012/4990/1034 1873/4991/1901
f 965/4992/989 1873/4991/1901 1042/4993/990
f 1872/4989/1897 1873/4991/1901 1874/4994/1902
f 1874/4994/1902 1888/4995/1903 1875/4996/1904
f 1875/4996/1904 1888/4995/1903 1889/4997/1905
f 1874/4994/1902 1875/4996/1904 1876/4998/1906
f 2008/4999/1907 1877/5000/1908 1875/4996/1904
f 1876/4998/1906 1875/4996/1904 1877/5000/1908
f 1876/4998/1906 1879/5001/1909 1872/4989/1897
f 1879/5001/1909 1843/5002/1873 1872/4989/1897
f 1879/5001/1909 1878/5003/1910 1843/5004/1873
f 1876/4998/1906 1877/5000/1908 1879/5001/1909
f 1881/5005/1911 1879/5001/1909 1877/5000/1908
f 1877/5000/1908 1880/5006/1912 1881/5005/1911
f 1881/5005/1911 1880/5006/1912 1882/5007/1913
f 1883/5008/1914 1881/5005/1911 1882/5007/1913
f 1883/5008/1914 1886/5009/1915 1881/5005/1911
f 1881/5005/1911 1886/5009/1915 1879/5001/1909
f 1879/5001/1909 1886/5009/1915 1887/5010/1916
f 1887/5010/1916 1886/5009/1915 1945/5011/1917
f 1887/5010/1916 1878/5012/1910 1879/5001/1909
f 1876/4998/1906 1872/4989/1897 1874/4994/1902
f 1874/5013/1902 1873/5014/1901 965/5015/989
f 1874/5013/1902 965/5015/989 970/2666/997
f 1044/2668/1073 1874/5013/1902 970/2666/997
f 1889/5016/1905 1890/5017/1918 1891/5018/1919
f 1893/5019/1891 1891/5018/1919 1892/5020/1920
f 1892/5020/1920 1976/5021/1921 1894/5022/1922
f 1892/5020/1920 1894/5022/1922 1893/5019/1891
f 1891/5018/1919 1893/5019/1891 1889/5016/1905
f 1895/5023/1923 1893/5019/1891 1991/5024/1924
f 1893/5019/1891 1895/5023/1923 1896/5025/1925
f 1893/5019/1891 1897/5026/1926 1889/5016/1905
f 1889/5016/1905 1897/5026/1926 1898/5027/1927
f 1889/5016/1905 1898/5027/1927 1899/5028/1928
f 1875/5029/1904 1889/5016/1905 1899/5028/1928
f 1899/5028/1928 1900/5030/1929 1875/5029/1904
f 2008/5031/1907 1875/5029/1904 1900/5030/1929
f 1884/5032/1930 1900/5030/1929 1882/5033/1913
f 1882/5033/1913 1900/5030/1929 1883/5034/1914
f 1889/5035/1905 1888/5036/1903 1901/5037/1075
f 1995/5038/1931 1889/5035/1905 1901/5037/1075
f 1995/5038/1931 1901/5037/1075 1902/5039/1932
f 1902/5039/1932 2030/5040/1933 1903/5041/1934
f 2030/5040/1933 1902/5039/1932 2077/5042/1935
f 1902/5039/1932 1901/5037/1075 2077/5042/1935
f 1901/5037/1075 1888/5036/1903 1044/5043/1073
f 1904/5044/1074 2077/5042/1935 1901/5037/1075
f 1888/5045/1903 1874/5013/1902 1044/2668/1073
f 1042/5046/990 1873/5047/1901 1920/5048/1936
f 1920/5048/1936 1041/5049/1072 1042/5046/990
f 1041/5049/1072 1920/5048/1936 965/5050/989
f 1920/5048/1936 1039/5051/1069 965/5050/989
f 1039/5051/1069 1920/5048/1936 1922/5052/1937
f 1038/5053/996 1039/5051/1069 1049/5054/1080
f 1049/5054/1080 1039/5051/1069 1905/5055/1938
f 1049/5054/1080 1905/5055/1938 1908/5056/1939
f 1908/5056/1939 1905/5055/1938 1906/5057/1094
f 1908/5056/1939 1906/5057/1094 1064/5058/1095
f 1039/5051/1069 1907/5059/1940 1905/5055/1938
f 1907/5059/1940 1039/5051/1069 1922/5052/1937
f 1907/5059/1940 1922/5052/1937 1908/5060/1939
f 1922/5052/1937 1049/5061/1080 1908/5060/1939
f 1908/5060/1939 1064/5062/1095 1907/5059/1940
f 1906/5057/1094 1905/5055/1938 1909/5063/1092
f 1905/5055/1938 1907/5059/1940 1909/5063/1092
f 1909/5063/1092 1907/5059/1940 1064/5062/1095
f 970/5064/997 965/5050/989 1039/5051/1069
f 1039/5051/1069 969/5065/994 970/5066/997
f 1873/5067/1901 1012/5068/1034 1060/5069/1089
f 1060/5069/1089 1012/5068/1034 1910/5070/1941
f 1060/5069/1089 1910/5070/1941 1913/5071/1039
f 1910/5070/1941 1012/5068/1034 1008/5072/1037
f 1910/5070/1941 1911/5073/1942 1912/5074/1943
f 1910/5070/1941 1912/5074/1943 1913/5071/1039
f 1913/5071/1039 1912/5074/1943 1911/5075/1942
f 1916/5076/1944 1040/5077/1071 1037/5078/1068
f 1040/5077/1071 1916/5076/1944 1931/5079/1945
f 1916/5076/1944 1037/5078/1068 1049/2680/1080
f 1920/5080/1936 1915/5081/1946 1914/5082/1947
f 1915/5083/1946 1916/5084/1944 1914/5085/1947
f 1914/5085/1947 1916/5084/1944 1049/5086/1080
f 1919/5087/1948 1916/5084/1944 1915/5083/1946
f 1917/5088/1949 1916/5084/1944 1918/5089/1950
f 1919/5087/1948 1918/5089/1950 1916/5084/1944
f 1920/5090/1936 1919/5087/1948 1915/5083/1946
f 1919/5087/1948 1060/5091/1089 1930/5092/1091
f 1011/5093/1040 1910/5094/1941 1008/5095/1037
f 1011/5093/1040 1911/5096/1942 1910/5097/1941
f 1913/5098/1039 1911/5096/1942 1011/5093/1040
f 1922/5099/1937 1920/5100/1936 1914/5101/1947
f 1060/5102/1089 1919/5103/1948 1873/5104/1901
f 1873/5104/1901 1919/5103/1948 1920/5100/1936
f 1922/5099/1937 1921/5105/1951 1049/5106/1080
f 1921/5105/1951 1922/5099/1937 1917/5107/1949
f 1917/5107/1949 1922/5099/1937 1914/5101/1947
f 1917/5107/1949 1914/5101/1947 1049/5108/1080
f 1917/5107/1949 1049/5108/1080 1931/5109/1945
f 1923/5110/1952 1924/5111/1953 1925/5112/1954
f 994/5113/1022 1043/5114/1020 1925/5112/1954
f 1925/5112/1954 1043/5114/1020 1923/5110/1952
f 1925/5115/1954 1924/5116/1953 1926/5117/1235
f 1215/5118/1238 989/5119/1016 1925/5115/1954
f 1925/5115/1954 989/5119/1016 994/5120/1022
f 1215/5118/1238 1925/5115/1954 1926/5117/1235
f 1926/5117/1235 1923/5121/1952 1207/5122/1229
f 1926/5117/1235 1207/5122/1229 1205/5123/1230
f 1880/5124/1912 1877/5125/1908 1927/5126/1955
f 1880/5124/1912 1927/5126/1955 1882/5127/1913
f 1929/5128/1956 1928/5129/1957 1882/5127/1913
f 1929/5128/1956 1882/5127/1913 1927/5126/1955
f 1927/5126/1955 1877/5125/1908 1929/5128/1956
f 1063/5130/1093 1054/5131/1085 1040/5132/1071
f 1063/5130/1093 1040/5132/1071 1931/5133/1945
f 1918/5134/1950 1063/5130/1093 1931/5133/1945
f 1063/5130/1093 1918/5134/1950 1064/5135/1095
f 1064/5135/1095 1918/5134/1950 1909/5136/1092
f 1909/5136/1092 1918/5134/1950 1930/5137/1091
f 1919/5138/1948 1930/5137/1091 1918/5134/1950
f 1918/5134/1950 1921/5139/1951 1917/5140/1949
f 1049/5141/1080 1921/5139/1951 1931/5133/1945
f 1931/5133/1945 1921/5139/1951 1918/5134/1950
f 1916/5142/1944 1917/5143/1949 1931/5133/1945
f 1934/5144/1958 1932/5145/1959 1933/5146/1960
f 1932/5145/1959 1934/5144/1958 1935/5147/1961
f 1935/5147/1961 1934/5144/1958 1936/5148/1962
f 1935/5147/1961 1936/5148/1962 1937/5149/1868
f 1938/5150/1963 1936/5148/1962 1933/5151/1960
f 1938/5150/1963 1933/5151/1960 1937/5152/1868
f 1937/5153/1868 1933/5154/1960 1932/5155/1959
f 1935/5156/1961 1937/5157/1868 1940/5158/1964
f 1940/5158/1964 1937/5157/1868 1932/5159/1959
f 1940/5158/1964 1932/5159/1959 1939/5160/1965
f 1940/5158/1964 1939/5160/1965 1933/5161/1960
f 1940/5158/1964 1933/5161/1960 1941/5162/1966
f 1940/5158/1964 1941/5162/1966 1935/5156/1961
f 1941/5162/1966 1933/5161/1960 1936/5163/1962
f 1941/5162/1966 1936/5163/1962 1934/5164/1958
f 1935/5156/1961 1941/5162/1966 1939/5165/1965
f 1939/5165/1965 1941/5162/1966 1934/5164/1958
f 1935/5156/1961 1939/5165/1965 1932/5166/1959
f 1939/5165/1965 1934/5164/1958 1933/5167/1960
f 1438/5168/1471 1440/5169/1474 1437/5170/1470
f 1834/5171/1476 1860/4948/1865 1489/5172/1526
f 1861/4947/1527 1489/5172/1526 1860/4948/1865
f 1936/5173/1962 1860/4948/1865 1937/5174/1868
f 1860/4948/1865 1936/5173/1962 1938/5175/1963
f 1938/5175/1963 1937/5174/1868 1837/4945/1866
f 1938/5175/1963 1837/4945/1866 1860/4948/1865
f 1865/5176/1893 1866/5177/1896 1868/5178/1888
f 1942/5179/1967 1865/5176/1893 1868/5178/1888
f 1942/5179/1967 1948/5180/1968 1865/5176/1893
f 1868/5178/1888 1943/5181/1969 1942/5179/1967
f 1843/5182/1873 1878/5183/1910 1868/5178/1888
f 1868/5178/1888 1878/5183/1910 1943/5181/1969
f 1944/5184/1970 1943/5181/1969 1945/5185/1917
f 1943/5181/1969 1944/5184/1970 1942/5179/1967
f 1948/5180/1968 1950/5186/1971 1947/5187/1972
f 1949/5188/1894 1864/5189/1892 1948/5180/1968
f 1948/5180/1968 1864/5189/1892 1865/5176/1893
f 1948/5180/1968 1942/5179/1967 1950/5186/1971
f 1942/5179/1967 1944/5184/1970 1950/5186/1971
f 1950/5186/1971 1944/5184/1970 1946/5190/1973
f 1950/5186/1971 1946/5190/1973 1947/5187/1972
f 1951/5191/1799 1952/5192/1974 1771/5193/1975
f 1952/5192/1974 1951/5191/1799 1953/5194/1976
f 1771/5193/1975 1952/5192/1974 2185/5195/1804
f 2185/5195/1804 1952/5192/1974 1954/5196/1977
f 1952/5192/1974 1953/5194/1976 1954/5197/1977
f 1953/5194/1976 1951/5191/1799 1956/5198/1802
f 1957/5199/1798 1956/5198/1802 1951/5191/1799
f 1769/4653/1551 1951/5200/1799 1771/5201/1975
f 1951/5200/1799 1769/4653/1551 1766/5202/1797
f 1518/5203/1554 1773/5204/1806 1958/5205/1978
f 1965/5206/1532 1518/5203/1554 1958/5205/1978
f 1959/5207/1979 1958/5205/1978 1960/5208/1533
f 1960/5208/1533 1958/5205/1978 1777/5209/1808
f 1497/5210/1535 1496/5211/1534 1961/5212/1980
f 1962/5213/1981 1961/5212/1980 1496/5211/1534
f 1496/5211/1534 1960/5208/1533 1962/5213/1981
f 1963/5214/1982 1962/5213/1981 1960/5208/1533
f 1777/5209/1808 1958/5205/1978 1773/5204/1806
f 1960/5208/1533 1777/5209/1808 1963/5214/1982
f 1963/5214/1982 1777/5209/1808 1775/5215/1807
f 1964/5216/1983 1965/5217/1532 1966/5218/1984
f 1518/5219/1554 1965/5217/1532 1964/5216/1983
f 1518/5219/1554 1964/5216/1983 1517/5220/1555
f 1966/5218/1984 1965/5217/1532 1967/5221/1985
f 1966/5218/1984 1967/5221/1985 1958/5222/1978
f 1958/5222/1978 1967/5221/1985 1495/5223/1531
f 1966/5218/1984 1958/5222/1978 1968/5224/1986
f 1495/5223/1531 1965/5225/1532 1958/5222/1978
f 1958/5222/1978 1959/5226/1979 1968/5224/1986
f 1966/5218/1984 1968/5224/1986 1969/5227/1987
f 1964/5216/1983 1966/5218/1984 1970/5228/1988
f 1964/5216/1983 1970/5228/1988 1517/5220/1555
f 1970/5228/1988 1966/5218/1984 1969/5227/1987
f 1970/5228/1988 1969/5227/1987 1975/5229/1989
f 1969/5227/1987 1971/5230/1990 1975/5229/1989
f 1971/5230/1990 1973/5231/1991 1975/5229/1989
f 1971/5230/1990 1972/5232/1992 1973/5231/1991
f 1972/5232/1992 1974/5233/1993 1973/5231/1991
f 1491/5234/1528 1892/5235/1920 1492/5236/1524
f 1492/5236/1524 1892/5235/1920 1965/5237/1532
f 1892/5235/1920 1959/5238/1979 1967/5239/1985
f 1959/5238/1979 1495/5240/1531 1967/5239/1985
f 1892/5235/1920 1967/5239/1985 1965/5237/1532
f 1960/5241/1533 1495/5240/1531 1959/5238/1979
f 1862/5242/1889 1863/5243/1890 1491/5244/1528
f 1491/5244/1528 1863/5243/1890 1892/5245/1920
f 1892/5245/1920 1863/5243/1890 1976/5246/1921
f 1863/5243/1890 1894/5247/1922 1996/5248/1994
f 1894/5247/1922 1863/5243/1890 1893/5249/1891
f 1991/5250/1924 1893/5249/1891 1949/5251/1894
f 1977/5252/1995 1991/5250/1924 1949/5251/1894
f 1949/5251/1894 1948/5253/1968 1978/5254/1996
f 1977/5252/1995 1949/5251/1894 1978/5254/1996
f 1977/5252/1995 1978/5254/1996 1979/5255/1997
f 1978/5254/1996 1948/5253/1968 1947/5256/1972
f 1979/5255/1997 1978/5254/1996 1947/5256/1972
f 1892/5257/1920 1980/5258/1998 1982/5259/1999
f 1982/5259/1999 1980/5258/1998 1983/5260/2000
f 1980/5258/1998 1892/5257/1920 1902/5261/1932
f 1980/5258/1998 1902/5261/1932 1984/5262/2001
f 1980/5258/1998 1984/5262/2001 1969/5263/1987
f 1969/5263/1987 1984/5262/2001 2192/5264/2002
f 2192/5264/2002 1984/5262/2001 1971/5265/1990
f 1971/5265/1990 1984/5262/2001 1981/5266/2003
f 1984/5262/2001 1997/5267/2004 1981/5266/2003
f 1981/5266/2003 1997/5267/2004 1955/5268/2005
f 1955/5268/2005 1997/5267/2004 1954/5269/1977
f 1892/5257/1920 1891/5270/1919 1902/5261/1932
f 1902/5261/1932 1891/5270/1919 1890/5271/1918
f 1995/5272/1931 1902/5261/1932 1890/5271/1918
f 1892/5273/1920 1982/5274/1999 1959/5275/1979
f 1959/5275/1979 1982/5274/1999 1968/5276/1986
f 1968/5276/1986 1982/5274/1999 1996/5277/1994
f 1976/5278/1921 1863/5279/1890 1982/5274/1999
f 1996/5277/1994 1982/5274/1999 1863/5279/1890
f 1996/5280/1994 1903/5281/1934 1983/5282/2000
f 1996/5280/1994 1983/5282/2000 1968/5283/1986
f 1983/5282/2000 1903/5281/1934 1984/5284/2001
f 1968/5283/1986 1983/5282/2000 1985/5285/2006
f 1968/5283/1986 1985/5285/2006 1969/5286/1987
f 1878/5183/1910 1887/5287/1916 1945/5185/1917
f 1878/5183/1910 1945/5185/1917 1943/5181/1969
f 1945/5288/1917 1886/5289/1915 1986/5290/2007
f 1945/5288/1917 1986/5290/2007 1944/5291/1970
f 1986/5290/2007 1886/5289/1915 1988/5292/2008
f 1988/5292/2008 1987/5293/2009 1986/5290/2007
f 1989/5294/2010 1988/5292/2008 1899/5295/1928
f 1886/5289/1915 1885/5296/2011 1899/5295/1928
f 1886/5289/1915 1899/5295/1928 1988/5292/2008
f 1883/5297/1914 1885/5296/2011 1886/5298/1915
f 1885/5296/2011 1883/5297/1914 1900/5299/1929
f 1885/5296/2011 1900/5299/1929 1899/5295/1928
f 1994/5300/2012 1899/5295/1928 1898/5301/1927
f 1899/5295/1928 1994/5300/2012 1989/5294/2010
f 1989/5294/2010 1995/5302/1931 1990/5303/2013
f 1990/5303/2013 1995/5302/1931 1992/5304/2014
f 1989/5294/2010 1990/5303/2013 1988/5292/2008
f 1890/5305/1918 1889/5306/1905 1994/5307/2012
f 1890/5305/1918 1994/5307/2012 1993/5308/2015
f 1890/5305/1918 1993/5308/2015 1992/5309/2014
f 1995/5310/1931 1890/5305/1918 1992/5309/2014
f 1995/5310/1931 1989/5311/2010 1994/5312/2012
f 1994/5312/2012 1889/5313/1905 1995/5310/1931
f 1894/5314/1922 1976/5315/1921 1996/5316/1994
f 1976/5315/1921 1902/5317/1932 1996/5316/1994
f 1902/5317/1932 1976/5315/1921 1982/5318/1999
f 1996/5316/1994 1902/5317/1932 1903/5319/1934
f 1903/5319/1934 1997/5320/2004 1984/5321/2001
f 1983/5322/2000 1984/5321/2001 1902/5323/1932
f 1983/5322/2000 1902/5323/1932 1982/5324/1999
f 1893/5325/1891 1994/5326/2012 1897/5327/1926
f 1994/5326/2012 1896/5328/1925 1897/5327/1926
f 1897/5327/1926 1896/5328/1925 1895/5329/1923
f 1897/5327/1926 1895/5329/1923 1993/5330/2015
f 1897/5327/1926 1993/5330/2015 1998/5331/2016
f 1897/5327/1926 1998/5331/2016 1999/5332/2017
f 1999/5332/2017 1998/5331/2016 2000/5333/2018
f 1897/5327/1926 1999/5332/2017 1898/5334/1927
f 1898/5334/1927 1999/5332/2017 2001/5335/2019
f 1993/5336/2015 1893/5337/1891 1896/5338/1925
f 1893/5337/1891 1993/5336/2015 1994/5339/2012
f 1993/5336/2015 1896/5338/1925 1998/5340/2016
f 1998/5340/2016 1896/5338/1925 2000/5341/2018
f 2000/5341/2018 1896/5338/1925 1992/5342/2014
f 2000/5341/2018 1992/5342/2014 1993/5343/2015
f 2000/5341/2018 1993/5343/2015 1895/5344/1923
f 1895/5345/1923 2002/5346/2020 2000/5347/2018
f 2000/5347/2018 2002/5346/2020 1999/5348/2017
f 1999/5348/2017 2002/5346/2020 1896/5349/1925
f 1896/5349/1925 2002/5346/2020 1992/5350/2014
f 1992/5350/2014 2002/5346/2020 1994/5351/2012
f 2002/5346/2020 1895/5345/1923 2003/5352/2021
f 2002/5346/2020 2003/5352/2021 1994/5351/2012
f 2003/5352/2021 1895/5345/1923 2004/5353/2022
f 1994/5351/2012 2003/5352/2021 1896/5354/1925
f 2003/5352/2021 2004/5353/2022 1999/5355/2017
f 1896/5354/1925 2003/5352/2021 1999/5355/2017
f 1895/5356/1923 1991/5357/1924 2005/5358/2023
f 1895/5356/1923 2005/5358/2023 2001/5359/2019
f 2001/5359/2019 2005/5358/2023 1994/5360/2012
f 1895/5356/1923 2001/5359/2019 2006/5361/2024
f 1895/5356/1923 2006/5361/2024 2007/5362/2025
f 1895/5356/1923 2007/5362/2025 1999/5363/2017
f 2007/5362/2025 2006/5361/2024 1992/5364/2014
f 1992/5364/2014 2006/5361/2024 1990/5365/2013
f 1895/5366/1923 1994/5367/2012 2004/5368/2022
f 1992/5369/2014 1994/5370/2012 1895/5371/1923
f 1992/5369/2014 1895/5371/1923 1999/5372/2017
f 1992/5369/2014 1999/5372/2017 2004/5373/2022
f 1992/5369/2014 2004/5373/2022 2005/5374/2023
f 2005/5374/2023 2004/5373/2022 1994/5375/2012
f 2007/5376/2025 1992/5377/2014 2005/5378/2023
f 2007/5376/2025 2005/5378/2023 1999/5379/2017
f 1999/5379/2017 2005/5378/2023 2006/5380/2024
f 1999/5379/2017 2006/5380/2024 2001/5381/2019
f 2006/5380/2024 2005/5378/2023 1990/5382/2013
f 1990/5382/2013 2005/5378/2023 1898/5383/1927
f 1990/5382/2013 1898/5383/1927 2001/5384/2019
f 1898/5383/1927 2005/5378/2023 1991/5385/1924
f 1994/5386/2012 1898/5383/1927 1991/5385/1924
f 1994/5386/2012 1991/5385/1924 1990/5387/2013
f 1994/5386/2012 1990/5387/2013 2001/5388/2019
f 1877/5389/1908 2008/5390/1907 1929/5391/1956
f 1929/5391/1956 2008/5390/1907 1928/5392/1957
f 1928/5392/1957 2008/5390/1907 1884/5393/1930
f 1928/5392/1957 1884/5393/1930 1882/5394/1913
f 1900/5395/1929 1884/5396/1930 2008/5397/1907
f 2009/5398/2026 1961/5399/1980 1962/5400/1981
f 1961/5399/1980 2009/5398/2026 1497/5401/1535
f 2009/5398/2026 1962/5400/1981 2010/5402/2027
f 1962/5400/1981 1963/5403/1982 1787/5404/1814
f 2011/5405/2028 2012/5406/2029 2009/5398/2026
f 2011/5405/2028 2009/5398/2026 2010/5407/2027
f 1787/5404/1814 2011/5405/2028 1962/5400/1981
f 2011/5405/2028 1787/5404/1814 1554/5408/1587
f 2013/5409/2030 1787/5404/1814 1963/5403/1982
f 1779/5410/1810 1787/5404/1814 2013/5409/2030
f 1787/5404/1814 1779/5410/1810 1778/5411/1809
f 1779/5410/1810 2013/5409/2030 1774/5412/1811
f 1774/5412/1811 1776/5413/2031 1775/5414/1807
f 1776/5413/2031 1774/5412/1811 2013/5409/2030
f 1963/5403/1982 1775/5415/1807 1776/5413/2031
f 1963/5403/1982 1776/5413/2031 2013/5409/2030
f 2010/5416/2027 2014/5417/2032 2012/5418/2029
f 2012/5418/2029 2014/5417/2032 2009/5419/2026
f 2014/5417/2032 2010/5416/2027 1962/5420/1981
f 2014/5417/2032 1962/5420/1981 2015/5421/2033
f 2015/5421/2033 1962/5420/1981 2011/5422/2028
f 2015/5421/2033 2011/5422/2028 2010/5423/2027
f 2015/5421/2033 2010/5423/2027 2012/5424/2029
f 2009/5419/2026 2014/5417/2032 2015/5421/2033
f 2009/5419/2026 2015/5421/2033 1497/5425/1535
f 1494/5426/1530 1497/5425/1535 1550/5427/1583
f 1494/5426/1530 1550/5427/1583 1498/5428/1537
f 1550/5427/1583 1497/5425/1535 2015/5421/2033
f 1551/5429/1584 1550/5427/1583 2019/5430/2034
f 1551/5429/1584 2019/5430/2034 2016/5431/2035
f 2017/5432/2036 1551/5429/1584 2016/5431/2035
f 2021/5433/2037 1551/5429/1584 2017/5432/2036
f 2017/5432/2036 2018/5434/2038 2021/5433/2037
f 2017/5432/2036 2019/5430/2034 2018/5434/2038
f 1554/5435/1587 2018/5434/2038 2011/5436/2028
f 2018/5434/2038 2019/5430/2034 2011/5436/2028
f 2019/5430/2034 2017/5432/2036 2016/5431/2035
f 2020/5437/2039 2019/5430/2034 2015/5421/2033
f 2011/5436/2028 2019/5430/2034 2012/5424/2029
f 2020/5437/2039 2012/5424/2029 2019/5430/2034
f 1550/5427/1583 2015/5421/2033 2019/5430/2034
f 2015/5421/2033 2012/5424/2029 2020/5437/2039
f 2018/5438/2038 1554/5439/1587 1553/5440/1586
f 1551/4028/1584 2021/5441/2037 2018/5442/2038
f 1551/4028/1584 2018/5442/2038 1553/4030/1586
f 2022/4054/1599 1555/4053/1588 1554/5439/1587
f 2022/4054/1599 1554/5439/1587 1562/5443/1598
f 1562/4051/1598 1563/4050/1597 2022/5444/1599
f 1790/5445/1822 2023/5446/2040 1788/5447/1820
f 2023/5446/2040 1790/5445/1822 1789/5448/1821
f 1498/5449/1537 1788/5447/1820 2023/5446/2040
f 1788/5447/1820 1498/5449/1537 1550/5450/1583
f 1498/5449/1537 2023/5446/2040 1499/5451/1536
f 1499/5451/1536 2023/5446/2040 2024/5452/2041
f 2023/5446/2040 1789/5448/1821 2024/5452/2041
f 1789/5448/1821 2025/5453/2042 2024/5452/2041
f 1988/5454/2008 1990/5455/2013 1977/5252/1995
f 1977/5252/1995 1990/5455/2013 1991/5250/1924
f 1987/5456/2009 1988/5454/2008 1977/5252/1995
f 2024/5457/2041 2025/5458/2042 1499/5459/1536
f 1789/5460/1821 1499/5459/1536 2025/5458/2042
f 1499/5459/1536 1789/5460/1821 1550/5461/1583
f 1550/5461/1583 1789/5460/1821 1788/5462/1820
f 1987/5463/2009 1944/5464/1970 1986/5465/2007
f 1944/5464/1970 1987/5463/2009 1946/5466/1973
f 1946/5466/1973 1987/5463/2009 2026/5467/2043
f 1987/5463/2009 1977/5468/1995 1979/5469/1997
f 1987/5463/2009 1979/5469/1997 2026/5467/2043
f 1946/5470/1973 2026/5467/2043 1947/5471/1972
f 2026/5467/2043 1979/5469/1997 1947/5471/1972
f 1770/5472/1803 2031/5473/2044 2027/5474/1900
f 2028/5475/2045 2185/5476/1804 1954/5477/1977
f 2028/5475/2045 1770/5478/1803 2185/5476/1804
f 985/5479/1011 1869/5480/1898 2027/5481/1900
f 985/5479/1011 2027/5481/1900 2029/5482/1013
f 2027/5481/1900 2028/5483/2045 2029/5482/1013
f 2028/5484/2045 1954/5485/1977 1997/5486/2004
f 2028/5484/2045 1997/5486/2004 2030/5487/1933
f 2030/5487/1933 2078/5488/2046 2028/5484/2045
f 2030/5487/1933 1997/5486/2004 1903/5489/1934
f 2028/5490/2045 2027/5491/1900 2031/5492/2044
f 2028/5490/2045 2031/5492/2044 1770/5493/1803
f 1221/5494/1242 1187/5495/1178 1709/5496/1177
f 1709/5496/1177 1187/5495/1178 1170/5497/1175
f 1174/5498/1198 1187/5495/1178 1175/5499/1200
f 1187/5495/1178 1174/5498/1198 1151/5500/1171
f 1151/5500/1171 1174/5498/1198 1221/5501/1242
f 1221/5501/1242 1174/5498/1198 1173/5502/1199
f 1187/5503/1178 2032/5504/2047 2033/5505/2048
f 1187/5503/1178 2033/5505/2048 1222/5506/1209
f 2034/5507/1243 2033/5505/2048 2032/5504/2047
f 2034/5507/1243 2032/5508/2047 1187/5509/1178
f 2033/5505/2048 2034/5507/1243 1222/5506/1209
f 1222/5506/1209 1188/5510/1210 2035/5511/2049
f 1222/5506/1209 2035/5511/2049 1186/5512/1206
f 1186/5512/1206 2035/5511/2049 1188/5510/1210
f 2043/5513/1753 1724/5514/1747 2036/5515/2050
f 2037/5516/2051 1725/5517/1746 2043/5513/1753
f 2037/5516/2051 2043/5513/1753 2038/5518/2052
f 2043/5513/1753 2039/5519/2053 2040/5520/2054
f 2042/5521/2055 2039/5519/2053 2043/5513/1753
f 2044/5522/2056 2043/5513/1753 2045/5523/2057
f 2044/5522/2056 2045/5523/2057 2046/5524/2058
f 2043/5513/1753 2044/5522/2056 2047/5525/2059
f 2043/5513/1753 2047/5525/2059 2048/5526/2060
f 2048/5526/2060 2047/5525/2059 2041/5527/2061
f 2047/5525/2059 2044/5522/2056 2049/5528/2062
f 2044/5522/2056 2046/5524/2058 2048/5529/2060
f 2044/5522/2056 2048/5529/2060 2049/5528/2062
f 2048/5529/2060 2046/5524/2058 2050/5530/2063
f 2049/5528/2062 2048/5529/2060 2041/5531/2061
f 2036/5532/2050 2051/5533/2064 2050/5534/2063
f 2036/5532/2050 2050/5534/2063 2062/5535/2065
f 2036/5532/2050 2062/5535/2065 2052/5536/2066
f 2036/5537/2050 2053/5538/2067 2054/5539/2068
f 2053/5538/2067 2036/5537/2050 2055/5540/1828
f 2053/5538/2067 2055/5540/1828 1724/5541/1747
f 2056/5542/1752 2053/5538/2067 1724/5541/1747
f 2049/5543/2062 2056/5542/1752 1723/5544/1749
f 2049/5543/2062 1723/5544/1749 2047/5545/2059
f 2047/5545/2059 1723/5544/1749 2042/5546/2055
f 2047/5545/2059 2042/5546/2055 2057/5547/2069
f 2042/5546/2055 1723/5544/1749 2040/5548/2054
f 2042/5546/2055 2040/5548/2054 2041/5549/2061
f 2057/5547/2069 2042/5546/2055 2058/5550/2070
f 2039/5551/2053 2042/5546/2055 2041/5549/2061
f 2043/5552/1753 2036/5553/2050 2054/5554/2068
f 2043/5552/1753 2054/5554/2068 2056/5555/1752
f 2053/5556/2067 2056/5555/1752 2059/5557/2071
f 2059/5557/2071 2056/5555/1752 2055/5558/1828
f 2059/5557/2071 2055/5558/1828 2036/5559/2050
f 2053/5556/2067 2059/5557/2071 2054/5560/2068
f 2059/5557/2071 2036/5559/2050 2052/5561/2066
f 2054/5560/2068 2059/5557/2071 2060/5562/2072
f 2060/5562/2072 2059/5557/2071 2052/5561/2066
f 2054/5560/2068 2060/5562/2072 2056/5555/1752
f 2060/5562/2072 2052/5561/2066 2051/5563/2064
f 2051/5563/2064 2052/5561/2066 2050/5564/2063
f 2060/5562/2072 2051/5563/2064 2061/5565/2073
f 2050/5566/2063 2061/5565/2073 2062/5567/2065
f 2062/5567/2065 2061/5565/2073 2051/5563/2064
f 2050/5568/2063 2063/5569/2074 1762/5570/1794
f 2050/5568/2063 1762/5570/1794 1764/5571/1796
f 2063/5569/2074 2050/5568/2063 2056/5572/1752
f 2056/5572/1752 2050/5568/2063 2052/5573/2066
f 2056/5572/1752 2052/5573/2066 2055/5574/1828
f 2055/5574/1828 2052/5573/2066 2062/5575/2065
f 2063/5569/2074 2056/5572/1752 2064/5576/2075
f 2063/5569/2074 2064/5576/2075 2060/5577/2072
f 2060/5577/2072 2064/5576/2075 2065/5578/2076
f 2065/5578/2076 2064/5576/2075 2061/5579/2073
f 2064/5576/2075 2056/5572/1752 2066/5580/2077
f 2064/5576/2075 2066/5580/2077 2061/5579/2073
f 2066/5580/2077 2056/5572/1752 2065/5581/2076
f 2065/5581/2076 2056/5572/1752 2060/5582/2072
f 2066/5580/2077 2065/5581/2076 2063/5583/2074
f 2066/5580/2077 2063/5583/2074 2061/5579/2073
f 2061/5579/2073 2063/5583/2074 2060/5584/2072
f 2062/5575/2065 2051/5585/2064 2055/5574/1828
f 2051/5585/2064 2036/5586/2050 1724/5587/1747
f 2056/5588/1752 2045/5589/2057 2043/5590/1753
f 2045/5589/2057 2056/5588/1752 2067/5591/2078
f 2045/5589/2057 2067/5591/2078 2061/5592/2073
f 2045/5589/2057 2061/5592/2073 2068/5593/2079
f 2061/5592/2073 2067/5591/2078 2065/5594/2076
f 2068/5593/2079 2061/5592/2073 2046/5595/2058
f 2046/5595/2058 2061/5592/2073 2050/5596/2063
f 2068/5593/2079 2046/5595/2058 2067/5597/2078
f 2067/5597/2078 2046/5595/2058 2041/5598/2061
f 2067/5597/2078 2041/5598/2061 2065/5599/2076
f 2065/5599/2076 2041/5598/2061 1763/5600/1795
f 2065/5599/2076 1763/5600/1795 1762/5601/1794
f 2065/5599/2076 1762/5601/1794 2063/5602/2074
f 2038/5603/2052 2043/5604/1753 2040/5605/2054
f 2037/5606/2051 2200/5607/2080 1764/5608/1796
f 1764/5608/1796 2200/5607/2080 2038/5603/2052
f 2037/5606/2051 1764/5608/1796 1725/5609/1746
f 1763/5610/1795 1764/5608/1796 2069/5611/1793
f 1763/5610/1795 2069/5611/1793 1761/5612/1784
f 2069/5611/1793 1764/5608/1796 2038/5603/2052
f 2069/5611/1793 2038/5603/2052 2070/5613/2081
f 2071/5614/2082 2069/5611/1793 2072/5615/2083
f 2071/5614/2082 2072/5615/2083 1761/5616/1784
f 1755/5617/1790 2072/5615/2083 2069/5611/1793
f 1755/5617/1790 2069/5611/1793 2070/5613/2081
f 1755/5617/1790 2070/5613/2081 1753/5618/1780
f 1754/5619/1787 1753/5618/1780 2070/5613/2081
f 2070/5613/2081 2040/5605/2054 1759/5620/1792
f 2038/5603/2052 2040/5605/2054 2070/5613/2081
f 1723/5621/1749 2073/5622/1751 2040/5605/2054
f 2040/5605/2054 2073/5622/1751 2074/5623/1779
f 1759/5620/1792 2040/5605/2054 2074/5623/1779
f 1748/5624/1775 1759/5620/1792 2074/5623/1779
f 2074/5623/1779 2073/5622/1751 1722/5625/1750
f 2075/5626/2084 2040/5627/2054 2039/5628/2053
f 2075/5626/2084 2039/5628/2053 2058/5629/2070
f 2040/5627/2054 2075/5626/2084 1764/5630/1796
f 2040/5627/2054 1764/5630/1796 2041/5631/2061
f 2048/5632/2060 2050/5633/2063 2075/5626/2084
f 2075/5626/2084 2050/5633/2063 1764/5630/1796
f 1764/5630/1796 1763/5634/1795 2041/5635/2061
f 2048/5636/2060 2075/5637/2084 2076/5638/2085
f 2076/5638/2085 2075/5637/2084 2041/5639/2061
f 2076/5638/2085 2041/5639/2061 2047/5640/2059
f 2048/5636/2060 2076/5638/2085 2043/5641/1753
f 2076/5638/2085 2047/5640/2059 2057/5642/2069
f 2076/5638/2085 2057/5642/2069 2043/5641/1753
f 2043/5641/1753 2057/5642/2069 2075/5643/2084
f 2043/5641/1753 2075/5643/2084 2058/5644/2070
f 2043/5641/1753 2058/5644/2070 2042/5645/2055
f 2075/5643/2084 2057/5642/2069 2041/5646/2061
f 2041/5646/2061 2057/5642/2069 2039/5647/2053
f 2039/5647/2053 2057/5642/2069 2058/5648/2070
f 2077/5649/1935 1904/5650/1074 2030/5651/1933
f 1904/5650/1074 2078/5652/2046 2030/5651/1933
f 2029/5653/1013 2028/5654/2045 2078/5652/2046
f 988/5655/1015 2078/5652/2046 1904/5650/1074
f 988/5656/1015 2029/5657/1013 2079/5658/2086
f 2078/5659/2046 2079/5658/2086 2029/5657/1013
f 1236/5660/1261 1235/5661/1260 2080/5662/2087
f 2081/5663/2088 2080/5662/2087 1235/5661/1260
f 2082/5664/2089 2081/5663/2088 1235/5661/1260
f 2081/5663/2088 2082/5664/2089 2083/5665/2090
f 2083/5665/2090 2084/5666/2091 2085/5667/2092
f 2083/5665/2090 2085/5667/2092 2081/5663/2088
f 2081/5663/2088 2103/5668/2093 2086/5669/2094
f 2081/5663/2088 2086/5669/2094 2080/5662/2087
f 2079/5670/2086 2078/5671/2046 988/5672/1015
f 1235/5673/1260 1226/5674/1245 1227/5675/1249
f 1235/5673/1260 1227/5675/1249 2082/5676/2089
f 2082/5676/2089 1227/5675/1249 2087/5677/1250
f 2090/5678/2095 2089/5679/1179 2091/5680/2096
f 2089/5679/1179 2090/5678/2095 2092/5681/2097
f 2089/5679/1179 2093/5682/2098 2094/5683/2099
f 2094/5683/2099 2093/5682/2098 1178/5684/1202
f 2094/5683/2099 2095/5685/2100 2089/5679/1179
f 2089/5679/1179 2095/5685/2100 2096/5686/2101
f 2095/5685/2100 2100/5687/2102 2096/5686/2101
f 2096/5686/2101 2100/5687/2102 2094/5688/2099
f 1178/5689/1202 2096/5686/2101 2094/5688/2099
f 2096/5686/2101 1178/5689/1202 2089/5679/1179
f 1178/5690/1202 2092/5691/2097 2097/5692/2103
f 1178/5690/1202 2097/5692/2103 679/5693/702
f 2097/5692/2103 2092/5691/2097 2090/5694/2095
f 679/5693/702 2097/5692/2103 2098/5695/2104
f 2097/5692/2103 2090/5694/2095 2093/5696/2098
f 2098/5695/2104 2097/5692/2103 2089/5697/1179
f 2097/5692/2103 2093/5696/2098 2091/5698/2096
f 2089/5697/1179 2097/5692/2103 2091/5698/2096
f 679/5699/702 2098/5700/2104 2091/5701/2096
f 2089/5702/1179 679/5699/702 2099/5703/2105
f 2089/5702/1179 2099/5703/2105 2098/5704/2104
f 2098/5704/2104 2099/5703/2105 2091/5705/2096
f 2091/5705/2096 2099/5703/2105 2090/5706/2095
f 679/5699/702 2091/5701/2096 2100/5707/2102
f 2099/5703/2105 679/5699/702 2100/5707/2102
f 2090/5706/2095 2099/5703/2105 2093/5708/2098
f 2093/5708/2098 2089/5709/1179 2092/5710/2097
f 2093/5708/2098 2099/5703/2105 2100/5711/2102
f 2100/5707/2102 2091/5701/2096 2092/5712/2097
f 2092/5712/2097 2091/5701/2096 2093/5713/2098
f 2100/5707/2102 2092/5712/2097 1178/5714/1202
f 2101/5715/2106 1178/5716/1202 2093/5717/2098
f 2101/5715/2106 2093/5717/2098 2095/5718/2100
f 2101/5715/2106 2095/5718/2100 2094/5719/2099
f 2095/5718/2100 2093/5717/2098 2100/5720/2102
f 2100/5720/2102 2101/5721/2106 2094/5721/2099
f 2101/5721/2106 2100/5720/2102 1178/5722/1202
f 1184/5723/1207 1186/5724/1206 1188/5725/1210
f 2046/5726/2058 2045/5727/2057 2049/5728/2062
f 2046/5726/2058 2049/5728/2062 2041/5729/2061
f 2049/5728/2062 2045/5727/2057 2068/5730/2079
f 2049/5728/2062 2068/5730/2079 2067/5731/2078
f 2049/5728/2062 2067/5731/2078 2056/5732/1752
f 1758/5733/1777 2069/5734/1793 1759/5735/1792
f 1799/5736/1786 1759/5735/1792 2069/5734/1793
f 1759/5735/1792 1799/5736/1786 1752/5737/1781
f 1760/5738/2107 1752/5737/1781 1754/5739/1787
f 2069/5740/1793 2071/5741/2082 1760/5742/2107
f 1752/5743/1781 1760/5742/2107 1759/5744/1792
f 1760/5742/2107 2071/5741/2082 1759/5745/1792
f 1759/5745/1792 2071/5741/2082 2070/5746/2081
f 2070/5746/2081 2071/5741/2082 1754/5747/1787
f 2069/5748/1793 1760/5749/2107 1799/5750/1786
f 1760/5749/2107 1754/5751/1787 1799/5750/1786
f 1757/5752/1789 1754/5751/1787 2102/5753/1785
f 1757/5752/1789 2102/5753/1785 1797/5754/1829
f 2103/5755/2093 2104/5756/2108 2086/5757/2094
f 2080/5758/2087 2086/5757/2094 2104/5756/2108
f 2080/5758/2087 2104/5756/2108 2107/5759/1258
f 2104/5756/2108 2103/5755/2093 2105/5760/2109
f 2105/5760/2109 2106/5761/1257 2104/5756/2108
f 1231/5762/1253 2106/5761/1257 2105/5760/2109
f 2106/5761/1257 1231/5762/1253 1234/5763/1256
f 1234/5763/1256 1225/5764/1246 2106/5761/1257
f 2104/5756/2108 2106/5761/1257 2107/5759/1258
f 2107/5759/1258 1237/5765/1259 1236/5766/1261
f 2107/5759/1258 1236/5766/1261 2080/5767/2087
f 2103/5755/2093 2081/5768/2088 2085/5769/2092
f 2085/5769/2092 2105/5760/2109 2103/5755/2093
f 1222/3240/1209 1175/3236/1200 1188/5770/1210
f 1232/5771/1255 2105/5772/2109 2085/5773/2092
f 2085/5773/2092 2108/5774/2110 1232/5771/1255
f 2085/5773/2092 2084/5775/2091 2108/5774/2110
f 1233/3251/1254 1231/3250/1253 2105/5776/2109
f 2105/5776/2109 1232/3252/1255 1233/3251/1254
f 1229/3248/1251 1232/3252/1255 1228/3245/1248
f 1232/3252/1255 2087/5777/1250 1228/3245/1248
f 1923/5778/1952 1043/5779/1020 1207/5780/1229
f 1923/5778/1952 1926/5781/1235 1924/5782/1953
f 1207/5783/1229 1043/5784/1020 1201/5785/1224
f 1201/5785/1224 1043/5784/1020 2109/5786/2111
f 2109/5786/2111 1043/5784/1020 1210/5787/1232
f 2109/5786/2111 1210/5787/1232 1200/5788/1223
f 1210/5787/1232 1043/5784/1020 1211/5789/1233
f 1211/5789/1233 1043/5784/1020 1191/5790/1212
f 1211/5789/1233 1191/5790/1212 2109/5791/2111
f 1211/5789/1233 2109/5791/2111 1200/5792/1223
f 2109/5791/2111 1191/5790/1212 1201/5793/1224
f 1226/3242/1245 1235/3257/1260 1225/3243/1246
f 2123/5794/2112 2110/5795/2113 2111/5796/2114
f 2110/5795/2113 2123/5794/2112 2112/5797/2115
f 2114/5798/2116 2113/5799/2117 2111/5796/2114
f 2123/5794/2112 2111/5796/2114 2113/5799/2117
f 2135/5800/2118 2111/5796/2114 2110/5795/2113
f 2135/5800/2118 2110/5795/2113 2115/5801/2119
f 2110/5795/2113 2112/5797/2115 2116/5802/2120
f 2116/5802/2120 2117/5803/2121 2118/5804/2122
f 2116/5802/2120 2118/5804/2122 2110/5795/2113
f 2110/5795/2113 2118/5804/2122 2119/5805/2123
f 2110/5795/2113 2119/5805/2123 2120/5806/2124
f 2120/5806/2124 2119/5805/2123 2121/5807/2125
f 2120/5806/2124 2121/5807/2125 2122/5808/2126
f 2123/5809/2112 2113/5810/2117 2124/5811/2127
f 2123/5809/2112 2124/5811/2127 2112/5812/2115
f 2116/5813/2120 2112/5812/2115 2117/5814/2121
f 2125/5815/2128 2112/5812/2115 2124/5811/2127
f 2117/5814/2121 2112/5812/2115 2125/5815/2128
f 2128/5816/2129 2117/5814/2121 2127/5817/2130
f 2117/5814/2121 2125/5815/2128 2127/5817/2130
f 2128/5818/2129 2125/5815/2128 2138/5819/2131
f 2138/5819/2131 2125/5815/2128 2126/5820/2132
f 2124/5811/2127 2126/5820/2132 2125/5815/2128
f 2248/5821/2133 2124/5811/2127 2113/5810/2117
f 2248/5822/2133 2113/5823/2117 2114/5824/2116
f 2126/5825/2132 2248/5822/2133 2114/5824/2116
f 2130/5826/2134 2129/5827/2135 2131/5828/2136
f 2132/5829/2137 2131/5828/2136 2129/5827/2135
f 2131/5828/2136 2132/5829/2137 2247/5830/2138
f 2247/5830/2138 2132/5829/2137 2133/5831/2139
f 2114/5824/2116 2132/5829/2137 2129/5827/2135
f 2132/5829/2137 2114/5824/2116 2133/5831/2139
f 2114/5824/2116 2111/5832/2114 2133/5831/2139
f 2111/5832/2114 2134/5833/2140 2133/5831/2139
f 2135/5834/2118 2134/5833/2140 2111/5832/2114
f 2136/5835/2141 2248/5836/2133 2126/5837/2132
f 2129/5838/2135 2136/5835/2141 2114/5839/2116
f 2136/5835/2141 2129/5838/2135 2128/5840/2129
f 2129/5838/2135 2137/5841/2142 2128/5840/2129
f 2128/5840/2129 2137/5841/2142 2126/5842/2132
f 2126/5842/2132 2137/5841/2142 2136/5843/2141
f 2136/5843/2141 2137/5841/2142 2114/5844/2116
f 2138/5845/2131 2114/5846/2116 2137/5847/2142
f 2114/5846/2116 2138/5845/2131 2126/5848/2132
f 2137/5847/2142 2129/5849/2135 2138/5845/2131
f 2138/5845/2131 2129/5849/2135 2130/5850/2134
f 2138/5845/2131 2130/5850/2134 2139/5851/2143
f 2139/5851/2143 2154/5852/2144 2140/5853/2145
f 2139/5851/2143 2140/5853/2145 2118/5854/2122
f 2118/5854/2122 2140/5853/2145 2141/5855/2146
f 2118/5854/2122 2141/5855/2146 2119/5856/2123
f 2118/5854/2122 2117/5857/2121 2128/5858/2129
f 2128/5858/2129 2138/5845/2131 2118/5854/2122
f 2118/5854/2122 2138/5845/2131 2139/5851/2143
f 2115/5859/2119 2142/5860/2147 2134/5861/2140
f 2135/5862/2118 2115/5859/2119 2134/5861/2140
f 2143/5863/2148 2134/5861/2140 2144/5864/2149
f 2143/5863/2148 2144/5864/2149 2145/5865/2150
f 2145/5865/2150 2144/5864/2149 2146/5866/2151
f 2145/5865/2150 2146/5866/2151 2147/5867/2152
f 2148/5868/2153 2146/5866/2151 2144/5864/2149
f 2148/5868/2153 2144/5864/2149 2149/5869/2154
f 2144/5864/2149 2134/5861/2140 2149/5869/2154
f 2142/5860/2147 2149/5869/2154 2134/5861/2140
f 2150/5870/2155 2149/5869/2154 2142/5860/2147
f 2142/5871/2147 2115/5801/2119 2151/5872/2156
f 2151/5872/2156 2150/5873/2155 2142/5871/2147
f 2120/5806/2124 2157/5874/2157 2151/5872/2156
f 2110/5795/2113 2120/5806/2124 2115/5801/2119
f 2115/5801/2119 2120/5806/2124 2151/5872/2156
f 2133/5831/2139 2134/5833/2140 2152/5875/2158
f 2134/5833/2140 2143/5876/2148 2152/5875/2158
f 2119/5877/2123 2141/5878/2146 2153/5879/2159
f 2119/5877/2123 2153/5879/2159 2122/5880/2126
f 2119/5877/2123 2122/5880/2126 2121/5881/2125
f 2122/5880/2126 2158/5882/2160 2120/5883/2124
f 2156/5884/2161 2122/5880/2126 2154/5885/2144
f 2154/5885/2144 2122/5880/2126 2153/5879/2159
f 2140/5886/2145 2154/5885/2144 2153/5879/2159
f 2140/5886/2145 2153/5879/2159 2141/5878/2146
f 2157/5887/2157 2155/5888/2162 2160/5889/2163
f 2155/5888/2162 2156/5890/2161 2160/5889/2163
f 2120/5891/2124 2156/5890/2161 2155/5892/2162
f 2158/5893/2160 2156/5890/2161 2120/5891/2124
f 2149/5894/2154 2150/5895/2155 2148/5896/2153
f 2148/5896/2153 2150/5895/2155 2159/5897/2164
f 2157/5898/2157 2148/5896/2153 2159/5897/2164
f 2157/5898/2157 2159/5897/2164 2151/5899/2156
f 2155/5900/2162 2157/5898/2157 2120/5901/2124
f 2161/5902/2165 2162/5903/2166 2164/5904/2167
f 2164/5904/2167 2267/5905/2168 2161/5902/2165
f 2161/5902/2165 2268/5906/2169 2163/5907/2170
f 2161/5902/2165 2163/5907/2170 2146/5908/2151
f 2163/5907/2170 2147/5909/2152 2146/5908/2151
f 2161/5902/2165 2146/5908/2151 2162/5903/2166
f 2162/5903/2166 2146/5908/2151 2148/5910/2153
f 2160/5911/2163 2148/5910/2153 2157/5912/2157
f 2148/5910/2153 2160/5911/2163 2162/5903/2166
f 2082/5913/2089 2087/5914/1250 2088/5915/2171
f 2088/5915/2171 2108/5916/2110 2225/5917/2172
f 2088/5918/2171 1232/5919/1255 2108/5920/2110
f 2088/5918/2171 2087/5921/1250 1232/5919/1255
f 2082/5922/2089 2088/5923/2171 2084/5924/2091
f 2084/5924/2091 2088/5923/2171 2225/5925/2172
f 2084/5924/2091 2225/5925/2172 2165/5926/2173
f 2084/5924/2091 2165/5926/2173 2108/5927/2110
f 2166/5928/2174 2167/5929/2175 2168/5930/2176
f 2168/5930/2176 2167/5929/2175 2156/5931/2161
f 2169/5932/2177 2166/5928/2174 2173/5933/2178
f 2167/5929/2175 2166/5928/2174 2169/5932/2177
f 2156/5931/2161 2167/5929/2175 2169/5932/2177
f 2176/5934/2179 2169/5932/2177 2175/5935/2180
f 2156/5931/2161 2169/5932/2177 2170/5936/2181
f 2156/5931/2161 2170/5936/2181 2160/5937/2163
f 2160/5937/2163 2170/5936/2181 2178/5938/2182
f 2160/5937/2163 2178/5938/2182 2179/5939/2183
f 2179/5940/2183 2171/5941/2184 2181/5942/2185
f 2172/5943/2186 2178/5938/2182 2170/5936/2181
f 2173/5944/2178 2172/5943/2186 2174/5945/2187
f 2176/5934/2179 2174/5945/2187 2172/5943/2186
f 2176/5934/2179 2172/5943/2186 2169/5932/2177
f 2174/5945/2187 2176/5934/2179 2175/5935/2180
f 2175/5935/2180 2169/5932/2177 2173/5933/2178
f 2173/5946/2178 2166/5947/2174 2168/5948/2176
f 2139/5949/2143 2177/5950/2188 2263/5951/2189
f 2139/5949/2143 2263/5951/2189 2168/5948/2176
f 2154/5952/2144 2139/5949/2143 2168/5948/2176
f 2154/5952/2144 2168/5948/2176 2156/5953/2161
f 2122/5954/2126 2156/5955/2161 2158/5956/2160
f 2174/5957/2187 2175/5958/2180 2173/5959/2178
f 2173/5959/2178 2178/5960/2182 2172/5961/2186
f 2151/5899/2156 2159/5897/2164 2150/5895/2155
f 2172/5943/2186 2170/5936/2181 2169/5932/2177
f 2164/5962/2167 2162/5963/2166 2179/5964/2183
f 2179/5964/2183 2162/5963/2166 2160/5965/2163
f 2179/5964/2183 2181/5966/2185 2183/5967/2190
f 2179/5964/2183 2183/5967/2190 2180/5968/2191
f 2179/5964/2183 2180/5968/2191 2164/5962/2167
f 2182/5969/2192 2183/5967/2190 2181/5966/2185
f 2180/5968/2191 2183/5967/2190 2184/5970/2193
f 2171/5971/2184 2179/5964/2183 2178/5972/2182
f 2171/5971/2184 2178/5972/2182 2181/5973/2185
f 1955/5974/2005 1954/5975/1977 1953/5976/1976
f 1955/5974/2005 2185/5977/1804 2186/5978/2194
f 2185/5977/1804 2187/5979/2195 2186/5978/2194
f 2186/5978/2194 2187/5979/2195 2190/5980/2196
f 2187/5979/2195 2188/5981/2197 2190/5980/2196
f 2188/5981/2197 2187/5979/2195 2189/5982/2198
f 2186/5978/2194 2190/5980/2196 1972/5983/1992
f 2191/5984/2199 1955/5974/2005 2195/5985/2200
f 2195/5985/2200 1955/5974/2005 2186/5978/2194
f 2195/5985/2200 2186/5978/2194 2192/5986/2002
f 2192/5986/2002 2186/5978/2194 1969/5987/1987
f 2186/5978/2194 1981/5988/2003 1969/5987/1987
f 1981/5988/2003 2186/5978/2194 1971/5989/1990
f 1969/5987/1987 1981/5988/2003 2193/5990/2201
f 1971/5989/1990 1969/5987/1987 2193/5991/2201
f 1971/5989/1990 2186/5978/2194 2194/5992/2202
f 2186/5978/2194 1972/5983/1992 2194/5992/2202
f 1974/5993/1993 1972/5983/1992 2188/5994/2197
f 1953/5995/1976 1956/5996/1802 2191/5997/2199
f 2191/5997/2199 1956/5996/1802 2192/5998/2002
f 2192/5998/2002 1956/5996/1802 2195/5999/2200
f 2191/6000/2199 2195/5999/2200 1953/6001/1976
f 1955/6002/2005 1953/6001/1976 2185/6003/1804
f 1771/6004/1975 1953/6005/1976 2195/6006/2200
f 1771/6004/1975 2185/6007/1804 1953/6005/1976
f 2196/6008/2203 1769/6009/1551 1771/6004/1975
f 2196/6008/2203 1771/6004/1975 1516/6010/1553
f 1516/6010/1553 1771/6004/1975 2195/6006/2200
f 1515/6011/1552 1516/6010/1553 1956/6012/1802
f 1956/6012/1802 1516/6010/1553 2195/6006/2200
f 1955/6013/2005 2191/6014/2199 2193/6015/2201
f 1955/6013/2005 2193/6015/2201 1981/6016/2003
f 2193/6015/2201 2191/6014/2199 2192/6017/2002
f 2193/6015/2201 2192/6017/2002 1971/6018/1990
f 1969/6019/1987 1985/6020/2006 1980/6021/1998
f 1980/6021/1998 1985/6020/2006 1983/6022/2000
f 2185/6023/1804 1769/6024/1551 2196/6025/2203
f 2187/6026/2195 2185/6023/1804 2197/6027/2204
f 2038/6028/2052 2187/6026/2195 2037/6029/2051
f 2197/6027/2204 2185/6023/1804 2196/6025/2203
f 2196/6025/2203 2198/6030/2205 2197/6027/2204
f 2197/6027/2204 2198/6030/2205 2199/6031/2206
f 2187/6026/2195 2197/6027/2204 2037/6029/2051
f 2200/6032/2080 2037/6029/2051 2197/6027/2204
f 2038/6028/2052 2200/6032/2080 2187/6033/2195
f 2199/6031/2206 2187/6033/2195 2200/6032/2080
f 2201/6034/2207 2189/6035/2198 2187/6033/2195
f 2189/6035/2198 2201/6034/2207 2188/6036/2197
f 2201/6034/2207 2187/6033/2195 2199/6031/2206
f 2199/6031/2206 2202/6037/2208 2201/6034/2207
f 2199/6031/2206 2198/6038/2205 2202/6037/2208
f 2201/6034/2207 2202/6037/2208 2203/6039/2209
f 2188/6036/2197 2201/6034/2207 2203/6039/2209
f 2188/6036/2197 2203/6039/2209 1974/6040/1993
f 2203/6039/2209 2202/6037/2208 1974/6040/1993
f 2190/6041/2196 2194/6042/2202 1974/6043/1993
f 2194/6042/2202 1972/6044/1992 2205/6045/2210
f 2194/6042/2202 2205/6045/2210 2206/6046/2211
f 1974/6043/1993 2194/6042/2202 1973/6047/1991
f 1973/6047/1991 2194/6042/2202 2229/6048/2212
f 2206/6046/2211 2229/6048/2212 2194/6042/2202
f 1974/6049/1993 2202/6050/2208 2190/6051/2196
f 1972/6052/1992 2190/6051/2196 2202/6050/2208
f 1972/6052/1992 2202/6050/2208 2188/6053/2197
f 2188/6053/2197 2202/6050/2208 2206/6046/2211
f 2204/6054/2213 2206/6046/2211 2205/6055/2210
f 1971/6056/1990 2194/6057/2202 2204/6058/2213
f 1971/6056/1990 2204/6058/2213 1972/6059/1992
f 2204/6058/2213 2194/6057/2202 2190/6060/2196
f 2206/6061/2211 2204/6058/2213 2190/6060/2196
f 2190/6060/2196 2188/6062/2197 2206/6061/2211
f 1972/6059/1992 2204/6063/2213 2205/6064/2210
f 2232/6065/2214 2209/6066/2215 2210/6067/2216
f 2209/6066/2215 2207/6068/2217 2210/6067/2216
f 2207/6068/2217 2211/6069/2218 2212/6070/2219
f 2213/6071/2220 2208/6072/2221 2207/6073/2217
f 2213/6071/2220 2207/6073/2217 2209/6074/2215
f 2207/6075/2217 2208/6072/2221 2211/6076/2218
f 2208/6072/2221 2214/6077/2222 2211/6076/2218
f 2211/6078/2218 2214/6079/2222 2215/6080/2223
f 2214/6079/2222 2213/6071/2220 2209/6074/2215
f 2214/6079/2222 2209/6074/2215 2231/6081/2224
f 1794/6082/1827 2216/6083/2225 2217/6084/2226
f 1794/6082/1827 2051/6085/2064 2216/6083/2225
f 1724/6086/1747 2216/6083/2225 2051/6085/2064
f 2216/6083/2225 1724/6086/1747 2055/6087/1828
f 2217/6088/2226 2216/6089/2225 2218/6090/2227
f 2218/6090/2227 2216/6089/2225 2055/6091/1828
f 2218/6090/2227 2055/6091/1828 1793/6092/1825
f 2217/6088/2226 2218/6090/2227 2051/6093/2064
f 2055/6094/1828 2051/6093/2064 1795/6095/1826
f 1795/6095/1826 2051/6093/2064 2218/6090/2227
f 2218/6090/2227 1793/6092/1825 2219/6096/2228
f 2218/6090/2227 2219/6096/2228 1795/6095/1826
f 1794/6097/1827 2217/6098/2226 1793/6092/1825
f 1793/6092/1825 2217/6098/2226 2219/6096/2228
f 2219/6096/2228 2217/6098/2226 2051/6099/2064
f 2219/6096/2228 2051/6099/2064 1794/6097/1827
f 2219/6096/2228 1794/6097/1827 1795/6095/1826
f 1756/6100/1788 1761/6101/1784 2220/6102/2229
f 2220/6102/2229 1761/6101/1784 2072/6103/2083
f 1756/6100/1788 2220/6102/2229 1754/6104/1787
f 1754/6104/1787 2220/6102/2229 2221/6105/2230
f 1754/6104/1787 2221/6105/2230 2102/6106/1785
f 1756/6100/1788 1754/6104/1787 2222/6107/2231
f 1756/6100/1788 2222/6107/2231 2221/6108/2230
f 2222/6107/2231 2102/6109/1785 2221/6108/2230
f 2102/6110/1785 2222/6111/2231 1761/6112/1784
f 1761/6112/1784 2222/6111/2231 2223/6113/2232
f 1761/6112/1784 2223/6113/2232 2071/6114/2082
f 2223/6113/2232 2222/6111/2231 2220/6115/2229
f 2223/6113/2232 2220/6115/2229 2072/6116/2083
f 2071/6114/2082 2223/6113/2232 1755/6117/1790
f 2223/6113/2232 2072/6116/2083 1755/6117/1790
f 2071/6118/2082 1755/6117/1790 1754/6119/1787
f 1754/6119/1787 1755/6117/1790 2222/6120/2231
f 2222/6120/2231 1755/6117/1790 2220/6121/2229
f 2220/6121/2229 1755/6117/1790 2221/6122/2230
f 2221/6122/2230 1755/6117/1790 1756/6123/1788
f 2224/6124/2233 2084/6125/2091 2083/6126/2090
f 2224/6124/2233 2083/6126/2090 2225/6127/2172
f 2224/6124/2233 2165/6128/2173 2226/6129/2234
f 2165/6128/2173 2224/6124/2233 2108/6130/2110
f 2108/6130/2110 2224/6124/2233 2225/6127/2172
f 2226/6131/2234 2225/6127/2172 2083/6126/2090
f 2083/6126/2090 2082/6132/2089 2250/6133/2235
f 2224/6134/2233 2082/6132/2089 2084/6135/2091
f 2082/6132/2089 2224/6134/2233 2226/6136/2234
f 2082/6132/2089 2226/6136/2234 2250/6133/2235
f 1956/6137/1802 1957/6138/1798 2227/6139/2236
f 1956/6137/1802 2227/6139/2236 1767/6140/1800
f 1956/6137/1802 1767/6140/1800 1766/6141/1797
f 1767/6140/1800 2227/6139/2236 1515/6142/1552
f 1767/6140/1800 1515/6142/1552 1768/6143/1801
f 1766/6144/1797 1515/6145/1552 2228/6146/2237
f 2228/6146/2237 1515/6145/1552 2227/6147/2236
f 2228/6146/2237 2227/6147/2236 1957/6148/1798
f 2228/6146/2237 1957/6148/1798 1767/6149/1800
f 2228/6146/2237 1767/6149/1800 1768/6150/1801
f 2228/6146/2237 1768/6150/1801 1766/6144/1797
f 1766/6144/1797 1768/6150/1801 1956/6151/1802
f 1517/6152/1555 1970/6153/1988 2229/6154/2212
f 1970/6153/1988 1975/6155/1989 2229/6154/2212
f 1975/6155/1989 1973/6156/1991 2229/6154/2212
f 2206/6157/2211 2202/6158/2208 2229/6154/2212
f 2229/6154/2212 2202/6158/2208 2198/6159/2205
f 1517/6160/1555 2229/6154/2212 2198/6159/2205
f 2196/6161/2203 1517/6162/1555 2198/6159/2205
f 2196/6163/2203 1516/6164/1553 1517/6165/1555
f 2200/6032/2080 2197/6027/2204 2199/6031/2206
f 2214/6166/2222 2231/6167/2224 2230/6168/2238
f 2214/6166/2222 2230/6168/2238 2215/6169/2223
f 2231/6170/2224 2209/6171/2215 2232/6172/2214
f 2231/6170/2224 2232/6172/2214 2212/6173/2219
f 2212/6173/2219 2232/6172/2214 2230/6168/2238
f 2212/6173/2219 2230/6168/2238 2207/6174/2217
f 2210/6175/2216 2207/6174/2217 2230/6168/2238
f 2230/6168/2238 2231/6167/2224 2210/6175/2216
f 2212/6176/2219 2210/6175/2216 2231/6167/2224
f 2234/6177/2239 2210/6178/2216 2233/6179/2240
f 2235/6180/2241 2210/6178/2216 2246/6181/2242
f 2210/6178/2216 2235/6180/2241 2233/6179/2240
f 2235/6180/2241 2238/6182/2243 2233/6179/2240
f 2237/6183/2244 2235/6180/2241 2246/6181/2242
f 2235/6180/2241 2237/6183/2244 2236/6184/2245
f 2235/6180/2241 2236/6184/2245 2238/6182/2243
f 2238/6182/2243 2239/6185/2246 2233/6179/2240
f 2239/6185/2246 2240/6186/2247 2233/6179/2240
f 2233/6179/2240 2241/6187/2248 2234/6177/2239
f 2233/6179/2240 2240/6186/2247 2241/6187/2248
f 2234/6177/2239 2241/6187/2248 2242/6188/2249
f 2242/6188/2249 2241/6187/2248 2251/6189/2250
f 2242/6188/2249 2251/6189/2250 2243/6190/2251
f 2242/6188/2249 2243/6190/2251 2234/6177/2239
f 2234/6177/2239 2243/6190/2251 2232/6191/2214
f 2234/6177/2239 2232/6191/2214 2210/6178/2216
f 2241/6192/2248 2240/6193/2247 2244/6194/2252
f 2244/6194/2252 2240/6193/2247 2239/6195/2246
f 2244/6194/2252 2239/6195/2246 2245/6196/2253
f 2241/6192/2248 2244/6194/2252 2251/6197/2250
f 2245/6196/2253 2251/6197/2250 2244/6194/2252
f 2245/6196/2253 2239/6195/2246 2238/6198/2243
f 2237/6183/2244 2246/6181/2242 2247/6199/2138
f 2133/6200/2139 2152/6201/2158 2237/6183/2244
f 2237/6183/2244 2247/6199/2138 2133/6202/2139
f 2247/6199/2138 2246/6181/2242 2211/6203/2218
f 2212/6204/2219 2211/6203/2218 2246/6181/2242
f 2212/6204/2219 2246/6181/2242 2210/6178/2216
f 2131/6205/2136 2247/6206/2138 2248/6207/2133
f 2247/6206/2138 2211/6208/2218 2248/6207/2133
f 2248/6207/2133 2211/6208/2218 2249/6209/2254
f 2249/6209/2254 2211/6208/2218 2215/6210/2223
f 2208/6211/2221 2124/6212/2127 2248/6207/2133
f 2208/6211/2221 2248/6207/2133 2249/6209/2254
f 2214/6213/2222 2208/6211/2221 2249/6209/2254
f 2213/6214/2220 2214/6213/2222 2124/6215/2127
f 2213/6214/2220 2124/6215/2127 2208/6216/2221
f 2126/6217/2132 2124/6215/2127 2214/6213/2222
f 2126/6217/2132 2214/6213/2222 2249/6209/2254
f 2126/6217/2132 2249/6209/2254 2128/6218/2129
f 2128/6218/2129 2249/6209/2254 2125/6219/2128
f 2127/6220/2130 2125/6219/2128 2249/6209/2254
f 2127/6220/2130 2249/6209/2254 2215/6210/2223
f 2215/6210/2223 2230/6221/2238 2127/6220/2130
f 2127/6220/2130 2230/6221/2238 2250/6222/2235
f 2250/6222/2235 2177/6223/2188 2127/6220/2130
f 2248/6224/2133 2136/6225/2141 2131/6226/2136
f 2131/6226/2136 2136/6225/2141 2127/6227/2130
f 2127/6227/2130 2136/6225/2141 2128/6228/2129
f 2131/6226/2136 2127/6227/2130 2177/6229/2188
f 2130/5850/2134 2131/6230/2136 2177/6231/2188
f 2139/5851/2143 2130/5850/2134 2177/6231/2188
f 2237/6232/2244 2152/6233/2158 2236/6234/2245
f 2236/6234/2245 2152/6233/2158 2143/6235/2148
f 2245/6236/2253 2238/6237/2243 2252/6238/2255
f 2238/6237/2243 2236/6234/2245 2252/6238/2255
f 2251/6239/2250 2245/6236/2253 2252/6238/2255
f 2258/6240/2256 2251/6239/2250 2252/6238/2255
f 2258/6240/2256 2252/6238/2255 2257/6241/2257
f 2252/6238/2255 2253/6242/2258 2254/6243/2259
f 2253/6242/2258 2183/6244/2190 2254/6243/2259
f 2266/6245/2260 2253/6242/2258 2255/6246/2261
f 2255/6246/2261 2253/6242/2258 2256/6247/2262
f 2236/6234/2245 2256/6247/2262 2252/6238/2255
f 2252/6238/2255 2256/6247/2262 2253/6242/2258
f 2257/6248/2257 2259/6249/2263 2260/6250/2264
f 2260/6250/2264 2259/6249/2263 2274/6251/2265
f 2258/6252/2256 2260/6250/2264 2254/6253/2259
f 2260/6250/2264 2258/6252/2256 2257/6248/2257
f 2262/6254/2266 2258/6252/2256 2254/6253/2259
f 2254/6253/2259 2183/6255/2190 2262/6254/2266
f 2182/6256/2192 2262/6254/2266 2183/6255/2190
f 2258/6252/2256 2262/6254/2266 2251/6257/2250
f 2251/6257/2250 2262/6254/2266 2243/6258/2251
f 2232/6259/2214 2263/6260/2189 2230/6261/2238
f 2232/6259/2214 2243/6258/2251 2263/6260/2189
f 2243/6258/2251 2262/6254/2266 2265/6262/2267
f 2264/6263/2268 2243/6258/2251 2265/6262/2267
f 2243/6258/2251 2264/6263/2268 2263/6260/2189
f 2168/6264/2176 2263/6260/2189 2264/6263/2268
f 2177/6265/2188 2250/6266/2235 2263/6260/2189
f 2250/6266/2235 2226/6267/2234 2263/6260/2189
f 2263/6260/2189 2226/6267/2234 2083/6268/2090
f 2263/6260/2189 2083/6268/2090 2230/6261/2238
f 2230/6261/2238 2083/6268/2090 2250/6269/2235
f 2254/6243/2259 2257/6241/2257 2252/6238/2255
f 2184/6270/2193 2254/6243/2259 2260/6271/2264
f 2257/6241/2257 2254/6243/2259 2184/6270/2193
f 2184/6270/2193 2259/6272/2263 2257/6241/2257
f 2165/6273/2173 2225/6127/2172 2226/6131/2234
f 2173/6274/2178 2168/6264/2176 2264/6263/2268
f 2264/6263/2268 2265/6262/2267 2173/6274/2178
f 2173/6274/2178 2265/6262/2267 2178/6275/2182
f 2178/6275/2182 2265/6262/2267 2262/6254/2266
f 2178/6275/2182 2262/6254/2266 2181/6276/2185
f 2145/6277/2150 2147/6278/2152 2256/6279/2262
f 2256/6279/2262 2147/6278/2152 2266/6280/2260
f 2145/6277/2150 2256/6279/2262 2236/6281/2245
f 2236/6281/2245 2143/6282/2148 2145/6277/2150
f 2147/6278/2152 2184/6283/2193 2266/6280/2260
f 2266/6280/2260 2184/6284/2193 2183/6285/2190
f 2266/6280/2260 2255/6286/2261 2256/6279/2262
f 2163/6287/2170 2267/6288/2168 2269/6289/2269
f 2271/6290/2270 2267/6288/2168 2164/6291/2167
f 2271/6290/2270 2164/6291/2167 2260/6292/2264
f 2267/6288/2168 2268/6293/2169 2161/6294/2165
f 2268/6293/2169 2267/6288/2168 2163/6287/2170
f 2270/6295/2271 2271/6296/2270 2273/6297/2272
f 2270/6295/2271 2273/6297/2272 2164/6298/2167
f 2270/6295/2271 2164/6298/2167 2163/6299/2170
f 2163/6299/2170 2164/6298/2167 2180/6300/2191
f 2272/6301/2273 2163/6302/2170 2273/6303/2272
f 2273/6303/2272 2163/6302/2170 2180/6304/2191
f 2270/6305/2271 2163/6302/2170 2269/6306/2269
f 2270/6305/2271 2269/6306/2269 2271/6307/2270
f 2271/6308/2270 2269/6309/2269 2261/6310/2274
f 2269/6309/2269 2272/6311/2273 2261/6310/2274
f 2273/6312/2272 2261/6310/2274 2272/6311/2273
f 2184/6313/2193 2163/6314/2170 2272/6315/2273
f 2163/6314/2170 2184/6313/2193 2147/6316/2152
f 2259/6317/2263 2184/6313/2193 2269/6318/2269
f 2267/6319/2168 2259/6317/2263 2269/6318/2269
f 2267/6319/2168 2271/6320/2270 2259/6317/2263
f 2259/6317/2263 2271/6320/2270 2261/6321/2274
f 2259/6317/2263 2261/6321/2274 2274/6322/2265
f 2273/6323/2272 2271/6324/2270 2274/6322/2265
f 2261/6321/2274 2273/6323/2272 2274/6322/2265
f 2260/6325/2264 2274/6322/2265 2271/6324/2270
f 2164/6291/2167 2273/6326/2272 2260/6292/2264
f 2260/6292/2264 2273/6326/2272 2180/6327/2191
f 2260/6292/2264 2180/6327/2191 2184/6328/2193
f 2272/6315/2273 2269/6318/2269 2184/6313/2193
f 2183/6244/2190 2253/6242/2258 2266/6329/2260
f 2182/6256/2192 2181/6276/2185 2262/6254/2266
