# Blender 4.4.3
# www.blender.org
mtllib Enemy_SniperArtillery_A.mtl
o tripo_node_6b00c2ae-9dc5-415f-9737-aa2856cb1c4a
v -0.016268 0.081940 -0.497711
v -0.015017 0.114128 -0.499603
v -0.008003 0.093384 -0.498749
v -0.006785 0.094673 -0.469482
v -0.013249 0.111595 -0.470032
v -0.020533 0.106682 -0.490601
v -0.026182 0.086800 -0.484680
v -0.030514 0.122414 -0.474823
v -0.036495 0.111008 -0.484528
v -0.048954 0.090973 -0.498901
v -0.040997 0.114815 -0.500610
v -0.052441 0.113975 -0.490021
v -0.037705 0.120537 -0.470123
v -0.057003 0.111488 -0.468872
v -0.061813 0.115982 -0.498352
v -0.076088 0.119995 -0.462585
v -0.052864 0.105385 -0.461670
v -0.039139 0.117561 -0.458740
v -0.015425 0.074364 -0.471130
v -0.011623 0.097099 -0.462769
v -0.023514 0.075790 -0.498077
v -0.053192 0.076767 -0.490326
v -0.044613 0.076660 -0.469116
v -0.025408 0.074158 -0.460693
v -0.052666 0.104019 -0.461700
v -0.060494 0.077026 -0.458649
v -0.055264 0.077965 -0.450409
v -0.016132 0.077911 -0.451294
v -0.062264 0.087608 -0.432556
v -0.055916 0.089241 -0.448700
v -0.024716 0.116890 -0.461029
v -0.006959 0.102096 -0.452545
v -0.014255 0.120628 -0.453644
v -0.014217 0.091568 -0.449402
v -0.035767 0.079552 -0.446198
v -0.019280 0.083839 -0.422791
v -0.020516 0.113678 -0.448639
v -0.016779 0.105064 -0.422394
v -0.012950 0.123360 -0.423950
v -0.024824 0.141220 -0.439178
v -0.018858 0.136368 -0.422668
v -0.012050 0.152206 -0.422730
v -0.024389 0.134308 -0.467590
v -0.016016 0.147522 -0.450348
v -0.013916 0.161423 -0.423615
v -0.038769 0.126114 -0.469269
v -0.033016 0.138092 -0.463196
v -0.012048 0.150635 -0.462280
v -0.009312 0.160889 -0.457306
v -0.023422 0.172607 -0.423187
v -0.024126 0.175262 -0.451172
v -0.040173 0.080902 -0.423492
v -0.051247 0.089462 -0.425293
v -0.081886 0.079948 -0.449799
v -0.083260 0.080574 -0.424133
v -0.067833 0.076340 -0.423523
v -0.085335 0.078697 -0.419159
v -0.049046 0.081444 -0.406555
v -0.030449 0.077064 -0.407776
v -0.070953 0.080322 -0.406464
v -0.080528 0.080215 -0.404266
v -0.063553 0.085693 -0.405212
v -0.043430 0.087387 -0.405426
v -0.022213 0.085411 -0.403626
v -0.010398 0.092216 -0.411835
v -0.014111 0.118675 -0.407166
v -0.027189 0.112724 -0.399841
v -0.019058 0.118660 -0.388184
v -0.017567 0.138794 -0.406342
v -0.009374 0.152847 -0.407318
v -0.016861 0.134140 -0.386536
v -0.016045 0.124016 -0.381104
v -0.019598 0.118416 -0.366669
v -0.035870 0.077110 -0.388550
v -0.010665 0.100128 -0.394592
v -0.040939 0.110878 -0.403992
v -0.056355 0.097382 -0.384247
v -0.068100 0.076927 -0.384552
v -0.053860 0.066456 -0.372681
v -0.064179 0.074310 -0.369232
v -0.040314 0.075096 -0.368622
v -0.017738 0.073616 -0.386780
v -0.005190 0.102089 -0.386322
v -0.012593 0.077820 -0.366303
v -0.017807 0.083488 -0.365265
v -0.012499 0.095482 -0.365204
v -0.005748 0.106880 -0.367493
v -0.014856 0.105293 -0.365356
v -0.027088 0.114105 -0.364349
v -0.019228 0.138000 -0.470642
v -0.032917 0.137588 -0.497650
v -0.010451 0.149643 -0.499695
v -0.005290 0.156769 -0.470520
v -0.013705 0.177551 -0.470306
v -0.011615 0.177704 -0.497314
v -0.015926 0.162262 -0.490967
v -0.038395 0.149124 -0.495911
v -0.054379 0.147751 -0.490448
v -0.052067 0.165710 -0.491760
v -0.037426 0.173309 -0.496643
v -0.037430 0.179687 -0.491608
v -0.054340 0.181259 -0.488281
v -0.039211 0.180252 -0.469879
v -0.038307 0.178436 -0.461517
v -0.062187 0.179626 -0.469452
v -0.093781 0.178589 -0.488129
v -0.051384 0.164230 -0.460480
v -0.047974 0.182739 -0.454956
v -0.054646 0.158340 -0.467072
v -0.080994 0.177963 -0.468536
v -0.093048 0.178375 -0.469757
v -0.089806 0.174301 -0.461182
v -0.072884 0.180862 -0.460083
v -0.086121 0.179321 -0.452362
v -0.060356 0.186127 -0.450867
v -0.018753 0.181442 -0.453400
v -0.044689 0.172684 -0.448517
v -0.045097 0.188995 -0.432739
v -0.039341 0.171982 -0.423737
v -0.045261 0.167999 -0.435608
v -0.065559 0.189041 -0.432648
v -0.062279 0.168594 -0.438812
v -0.064949 0.174545 -0.449890
v -0.072525 0.175674 -0.429993
v -0.056419 0.158844 -0.422943
v -0.053875 0.180206 -0.421448
v -0.010375 0.168182 -0.421051
v -0.026327 0.182053 -0.421814
v -0.026253 0.181183 -0.406342
v -0.015123 0.174087 -0.406586
v -0.061478 0.179321 -0.407349
v -0.085220 0.180771 -0.418182
v -0.034214 0.141464 -0.383392
v -0.041943 0.147522 -0.406006
v -0.043076 0.135956 -0.396393
v -0.038735 0.138626 -0.363739
v -0.062286 0.133362 -0.401886
v -0.045998 0.150955 -0.314789
v -0.047035 0.159897 -0.399841
v -0.018841 0.146851 -0.405273
v -0.013640 0.156692 -0.405304
v -0.017183 0.147140 -0.331512
v -0.024365 0.143097 -0.381775
v -0.026873 0.141800 -0.400024
v -0.025372 0.141022 -0.318970
v -0.020298 0.138214 -0.338348
v -0.022888 0.172913 -0.405335
v -0.013522 0.162415 -0.392181
v -0.019581 0.172104 -0.395386
v -0.018192 0.170608 -0.318695
v -0.023979 0.174210 -0.365814
v -0.035355 0.174759 -0.334076
v -0.040283 0.170639 -0.406006
v -0.062737 0.166367 -0.404846
v -0.029005 0.078720 -0.363892
v -0.034542 0.079254 -0.364624
v -0.051972 0.082642 -0.369782
v -0.044933 0.086662 -0.365021
v -0.047291 0.101746 -0.364685
v -0.060043 0.095917 -0.367401
v -0.049927 0.114616 -0.370422
v -0.064568 0.108879 -0.365936
v -0.073517 0.114052 -0.370239
v -0.065582 0.120361 -0.374603
v -0.041485 0.119781 -0.368012
v -0.035397 0.113869 -0.365112
v -0.047524 0.127762 -0.376892
v -0.062180 0.130203 -0.382416
v -0.042755 0.133575 -0.365021
v -0.046921 0.123413 -0.386169
v -0.019203 0.110184 -0.320618
v -0.024500 0.113808 -0.220306
v -0.013447 0.103546 -0.265747
v -0.016993 0.111427 -0.215515
v -0.012407 0.091934 -0.220245
v -0.022303 0.080109 -0.312073
v -0.017752 0.082420 -0.219620
v -0.020470 0.117233 -0.291565
v -0.015392 0.129883 -0.275482
v -0.038265 0.116859 -0.295654
v -0.033165 0.114166 -0.248932
v -0.039742 0.116722 -0.219406
v -0.044338 0.125420 -0.226028
v -0.044125 0.125427 -0.321533
v -0.043877 0.132965 -0.224854
v -0.052036 0.129166 -0.225967
v -0.046570 0.105301 -0.215210
v -0.040306 0.137604 -0.241943
v -0.034737 0.141006 -0.233017
v -0.040691 0.144531 -0.220062
v -0.013628 0.150955 -0.220261
v -0.012465 0.160767 -0.299255
v -0.013921 0.165634 -0.293793
v -0.012228 0.162201 -0.218964
v -0.028862 0.078064 -0.220184
v -0.017603 0.119888 -0.220306
v -0.014879 0.133377 -0.219437
v -0.022682 0.140701 -0.218689
v -0.022356 0.143051 -0.219803
v -0.038418 0.144028 -0.304749
v -0.028858 0.176132 -0.236984
v -0.018454 0.172470 -0.218994
v -0.039341 0.176758 -0.217224
v -0.011289 0.171371 -0.216446
v 0.364975 0.019652 -0.066223
v 0.367783 0.021797 -0.036209
v 0.350662 0.020639 -0.067108
v 0.354019 0.029394 -0.066040
v 0.346725 0.028994 -0.018330
v 0.399307 0.030062 -0.013722
v 0.355362 0.041954 -0.021832
v 0.315842 0.031830 -0.018026
v 0.359512 0.068031 -0.016164
v 0.308945 0.052097 -0.018711
v 0.343369 0.056877 -0.014106
v 0.337875 0.087997 -0.013668
v 0.348251 0.100380 -0.016207
v 0.339066 0.053276 -0.020336
v 0.345840 0.091766 -0.007675
v 0.320389 0.070473 -0.011927
v 0.324356 0.061172 -0.034638
v 0.326004 0.106117 -0.005204
v 0.345169 0.107018 -0.003387
v 0.317429 0.089516 -0.006995
v 0.293320 0.087997 0.001770
v 0.306198 0.085037 -0.039154
v 0.309952 0.059757 -0.037922
v 0.280746 0.076164 -0.042244
v 0.281082 0.055786 -0.039776
v 0.281235 0.052959 -0.017425
v 0.382614 0.109268 -0.067375
v 0.362686 0.079239 -0.066773
v 0.364944 0.100365 -0.035191
v 0.368515 0.112762 -0.067078
v 0.385605 0.111572 -0.037899
v 0.372269 0.109802 0.002453
v 0.358963 0.109627 -0.007359
v 0.431259 0.103416 -0.001531
v 0.426285 0.108467 0.033173
v 0.419571 0.035862 0.000977
v 0.361587 0.114807 0.004841
v 0.002326 0.179230 -0.061321
v -0.006712 0.173645 -0.069328
v 0.022207 0.194183 -0.072968
v -0.006341 0.172882 -0.052113
v -0.012589 0.167709 -0.060192
v -0.015007 0.181732 -0.059158
v -0.025082 0.176956 -0.061001
v -0.017466 0.168884 -0.038422
v -0.010008 0.166382 -0.041573
v -0.013388 0.146957 -0.062805
v -0.014673 0.149261 -0.027546
v -0.019648 0.138840 -0.057800
v -0.010858 0.135590 -0.071014
v -0.014542 0.129852 -0.070168
v -0.016201 0.134308 -0.075295
v -0.011526 0.157547 -0.082001
v -0.008072 0.157852 -0.098175
v -0.013367 0.176392 -0.101502
v -0.013817 0.173401 -0.078224
v -0.019596 0.183807 -0.071419
v -0.022034 0.184967 -0.077194
v -0.018198 0.177307 -0.093842
v -0.032566 0.178635 -0.103432
v -0.001816 0.184921 -0.067627
v -0.005623 0.189499 -0.030273
v -0.036419 0.175247 -0.071175
v -0.005490 0.077682 -0.102493
v 0.003291 0.107109 -0.102921
v -0.001023 0.102600 -0.091957
v -0.010173 0.099045 -0.085457
v -0.001841 0.106094 -0.079842
v -0.009541 0.077568 -0.081253
v -0.003778 0.061680 -0.113380
v -0.026062 0.048367 -0.110588
v -0.003583 0.087006 -0.070244
v -0.023094 0.064827 -0.070969
v 0.000168 0.116249 -0.073601
v -0.006066 0.126198 -0.041840
v -0.020351 0.115936 -0.071373
v -0.014136 0.108589 -0.070526
v -0.019739 0.114288 -0.089951
v -0.013469 0.130493 -0.092194
v -0.014645 0.131744 -0.104301
v -0.020334 0.140396 -0.090927
v 0.000910 0.115036 -0.070007
v -0.008141 0.114334 -0.068329
v -0.011766 0.087318 -0.068558
v -0.027639 0.076599 -0.069969
v -0.016056 0.121109 -0.060585
v -0.010441 0.149490 -0.216080
v -0.007580 0.162476 -0.200516
v -0.021744 0.179092 -0.208054
v -0.018148 0.139328 -0.201950
v -0.016153 0.148422 -0.198059
v -0.013506 0.162231 -0.197784
v -0.014183 0.150375 -0.104996
v -0.023905 0.141052 -0.105499
v -0.016295 0.167175 -0.106140
v -0.021593 0.171585 -0.190582
v -0.029076 0.173599 -0.108856
v -0.008675 0.070045 -0.129578
v -0.024429 0.046062 -0.117531
v -0.015682 0.083458 -0.107590
v -0.011439 0.094795 -0.106438
v -0.024517 0.114037 -0.106537
v -0.016247 0.123199 -0.105461
v -0.016993 0.134842 -0.156082
v -0.015328 0.122765 -0.199509
v -0.014363 0.108162 -0.056629
v -0.011757 0.108742 -0.039063
v 0.003543 0.115128 -0.013767
v 0.002730 0.105553 -0.014557
v 0.001540 0.107841 0.010878
v 0.001842 0.093163 -0.003067
v -0.008608 0.095711 -0.040474
v 0.013448 0.088470 -0.010054
v -0.013969 0.079781 -0.039825
v -0.007872 0.084290 -0.012921
v -0.021664 0.074013 -0.020140
v -0.004096 0.087479 0.005973
v -0.028843 0.093346 0.003307
v -0.008099 0.095604 -0.210068
v -0.022505 0.075691 -0.211136
v -0.015394 0.084686 -0.199204
v -0.014416 0.105423 -0.199539
v -0.036724 0.075478 -0.209427
v -0.037384 0.079506 -0.226349
v -0.042690 0.083855 -0.222626
v -0.047325 0.088737 -0.215897
v -0.044674 0.080002 -0.201889
v -0.032013 0.078056 -0.199371
v -0.026373 0.078278 -0.127930
v -0.035450 0.078423 -0.107109
v -0.042870 0.083939 -0.199127
v -0.047798 0.093796 -0.199448
v -0.025646 0.113831 -0.198517
v -0.016598 0.107834 -0.115936
v -0.009563 0.129326 -0.210220
v -0.024185 0.141251 -0.198486
v -0.030008 0.058998 -0.132935
v -0.033733 0.061344 -0.105820
v -0.038178 0.065002 -0.098885
v -0.076347 0.062561 -0.104614
v -0.048019 0.048386 -0.114281
v -0.039337 0.057014 -0.124588
v -0.077507 0.059395 -0.131378
v -0.084648 0.044205 -0.116943
v -0.033527 0.067242 -0.128128
v -0.038979 0.063492 -0.117050
v -0.037254 0.071243 -0.105896
v -0.068787 0.067749 -0.105637
v -0.082306 0.074562 -0.107445
v -0.084053 0.078568 -0.127701
v -0.108460 0.066929 -0.128967
v -0.093941 0.085442 -0.107697
v -0.030613 0.066628 -0.077133
v -0.046227 0.065975 -0.070267
v -0.051266 0.084259 -0.071754
v -0.046532 0.084869 -0.062965
v -0.047321 0.103828 -0.069359
v -0.036106 0.112122 -0.055927
v -0.051830 0.101028 -0.054649
v -0.051907 0.126572 -0.054798
v -0.073967 0.111916 -0.054485
v -0.034473 0.132996 -0.062214
v -0.045860 0.143372 -0.070175
v -0.011972 0.128365 -0.035046
v -0.034855 0.138763 -0.036324
v -0.009043 0.127686 -0.006562
v -0.000208 0.124168 -0.026711
v 0.001067 0.125748 0.007105
v 0.004811 0.136505 -0.014073
v -0.037102 0.113884 -0.199966
v -0.033455 0.113792 -0.108841
v -0.042252 0.120094 -0.164566
v -0.041802 0.108391 -0.106957
v -0.046368 0.101952 -0.105949
v -0.044193 0.123596 -0.105240
v -0.043865 0.129997 -0.149597
v -0.036335 0.142044 -0.105553
v -0.042172 0.136780 -0.198669
v -0.056240 0.143570 -0.101082
v -0.035538 0.141281 -0.197022
v -0.047543 0.153488 -0.198868
v -0.044521 0.148636 -0.112022
v -0.047539 0.157349 -0.104149
v -0.061100 0.152557 -0.106796
v -0.045830 0.163345 -0.131744
v -0.044575 0.172058 -0.196854
v -0.063355 0.168030 -0.104546
v -0.054802 0.185806 -0.100693
v -0.042885 0.171951 -0.219055
v -0.059147 0.179993 -0.203690
v -0.075630 0.176178 -0.217423
v -0.082771 0.177429 -0.210480
v -0.089890 0.173767 -0.242386
v -0.097397 0.165802 -0.209763
v -0.042202 0.198502 -0.197479
v -0.035347 0.209808 -0.193955
v -0.034023 0.199280 -0.176163
v -0.038174 0.171967 -0.174057
v -0.020395 0.061131 -0.046265
v -0.037064 0.043789 -0.072014
v -0.033215 0.062634 -0.053844
v -0.029631 0.053371 -0.035156
v -0.047371 0.048298 -0.004504
v -0.047760 0.051426 -0.027752
v -0.021870 0.054577 -0.011954
v -0.037251 0.059910 -0.001446
v -0.035339 0.075081 -0.009348
v -0.029425 0.075104 -0.054173
v -0.044895 0.085007 -0.105301
v -0.047325 0.090393 -0.147415
v -0.062462 0.085564 -0.106018
v -0.064796 0.107346 -0.106056
v -0.059322 0.120605 -0.103783
v -0.074394 0.113792 -0.123535
v -0.073601 0.113899 -0.199860
v -0.062607 0.123245 -0.146881
v -0.062820 0.123001 -0.108734
v -0.069191 0.138367 -0.145493
v -0.075928 0.141006 -0.110672
v -0.065659 0.146011 -0.105148
v -0.058353 0.131973 -0.070938
v -0.063858 0.141144 -0.075569
v -0.058487 0.161850 -0.074265
v -0.068031 0.140579 -0.060673
v -0.070679 0.122719 -0.070183
v -0.071014 0.110626 -0.070931
v -0.088860 0.118408 -0.071686
v -0.061443 0.083282 -0.075005
v -0.063286 0.106178 -0.077019
v -0.049862 0.097923 -0.077484
v -0.040710 0.174423 -0.077690
v -0.047413 0.180328 -0.091385
v -0.038998 0.175156 -0.091293
v -0.050564 0.161057 -0.091621
v -0.065682 0.176636 -0.090340
v -0.064049 0.183502 -0.093491
v -0.061207 0.183334 -0.078201
v -0.080376 0.185410 -0.100075
v -0.057015 0.090126 -0.499298
v -0.082337 0.073814 -0.498505
v -0.060738 0.100861 -0.488525
v -0.065506 0.085136 -0.490662
v -0.096718 0.083786 -0.498108
v -0.079727 0.107796 -0.484253
v -0.079437 0.118942 -0.499756
v -0.089394 0.090561 -0.484619
v -0.097214 0.109741 -0.497314
v -0.100395 0.097328 -0.469177
v -0.089836 0.117966 -0.470306
v -0.072197 0.076874 -0.466248
v -0.057037 0.109634 -0.468536
v -0.082573 0.073517 -0.451630
v -0.091843 0.085892 -0.463379
v -0.099587 0.100471 -0.454590
v -0.070786 0.135849 -0.458557
v -0.043518 0.144302 -0.459534
v -0.091393 0.115608 -0.456146
v -0.092728 0.134506 -0.455505
v -0.101242 0.157745 -0.456909
v -0.055065 0.157135 -0.466766
v -0.051014 0.162811 -0.460785
v -0.066376 0.142044 -0.465393
v -0.092972 0.152817 -0.463532
v -0.067146 0.112953 -0.405792
v -0.068985 0.114387 -0.383484
v -0.069397 0.139496 -0.397125
v -0.066498 0.137268 -0.314972
v -0.062874 0.127007 -0.367676
v -0.027952 0.113228 -0.399963
v -0.048123 0.141342 -0.470184
v -0.067688 0.136154 -0.473328
v -0.089050 0.137344 -0.477539
v -0.074432 0.139008 -0.498657
v -0.095741 0.149628 -0.495209
v -0.100304 0.152054 -0.471344
v -0.100037 0.165405 -0.494812
v -0.085030 0.176041 -0.496918
v -0.062737 0.150314 -0.406006
v -0.071892 0.143112 -0.404755
v -0.072517 0.141022 -0.373566
v -0.065071 0.146851 -0.359558
v -0.060047 0.156662 -0.303711
v -0.044136 0.168854 -0.312622
v -0.061539 0.089096 -0.364746
v -0.073654 0.079163 -0.364960
v -0.091065 0.083336 -0.364929
v -0.086647 0.080841 -0.327972
v -0.094643 0.091690 -0.365051
v -0.091415 0.070885 -0.382965
v -0.104225 0.100609 -0.366364
v -0.094124 0.102669 -0.365204
v -0.088852 0.109825 -0.365448
v -0.103142 0.090523 -0.386108
v -0.091530 0.115372 -0.367676
v -0.080780 0.114181 -0.363831
v -0.087753 0.118286 -0.382690
v -0.104225 0.113701 -0.388214
v -0.096680 0.100479 -0.389191
v -0.085838 0.113388 -0.401825
v -0.086678 0.080002 -0.388123
v -0.095551 0.093735 -0.407623
v -0.099777 0.112617 -0.417328
v -0.094277 0.118568 -0.423279
v -0.089089 0.110504 -0.427582
v -0.092766 0.088692 -0.421295
v -0.093979 0.094871 -0.448242
v -0.047199 0.092056 -0.300659
v -0.046841 0.101318 -0.282867
v -0.061615 0.104904 -0.312897
v -0.059437 0.092552 -0.234985
v -0.043449 0.107735 -0.280212
v -0.047134 0.162674 -0.327850
v -0.061245 0.165176 -0.298584
v -0.066971 0.172043 -0.315582
v -0.061386 0.152466 -0.273987
v -0.065064 0.146423 -0.267822
v -0.070595 0.142899 -0.259522
v -0.067062 0.081879 -0.299591
v -0.067108 0.081009 -0.218704
v -0.076752 0.078606 -0.299774
v -0.048451 0.157791 -0.220017
v -0.062950 0.147308 -0.219818
v -0.071930 0.140991 -0.234894
v -0.059349 0.158539 -0.219803
v -0.064072 0.170685 -0.220322
v -0.076996 0.175522 -0.305267
v -0.072731 0.174057 -0.391998
v -0.090988 0.174911 -0.260376
v -0.096573 0.169250 -0.274017
v -0.095947 0.161118 -0.255371
v -0.061836 0.106941 -0.229843
v -0.057571 0.099670 -0.219666
v -0.073166 0.114044 -0.261719
v -0.071091 0.113892 -0.218002
v -0.082451 0.078400 -0.220047
v -0.071579 0.075119 -0.203217
v -0.054760 0.079308 -0.216538
v -0.050366 0.109261 -0.203354
v -0.044045 0.121399 -0.200546
v -0.073174 0.078598 -0.200134
v -0.091499 0.078766 -0.206589
v -0.087814 0.081032 -0.199432
v -0.092087 0.084610 -0.220261
v -0.096222 0.095619 -0.220047
v -0.096367 0.093712 -0.199204
v -0.100143 0.099541 -0.207825
v -0.089424 0.110535 -0.218246
v -0.091591 0.115456 -0.200974
v -0.086823 0.116699 -0.220352
v -0.082832 0.113991 -0.222153
v -0.092651 0.127945 -0.220749
v -0.095383 0.131836 -0.217239
v -0.083542 0.113548 -0.199463
v -0.091026 0.107903 -0.142548
v -0.080475 0.114021 -0.147858
v -0.088791 0.118851 -0.189209
v -0.090263 0.123329 -0.146988
v -0.087616 0.136536 -0.190643
v -0.092224 0.139786 -0.201874
v -0.084358 0.142731 -0.192871
v -0.089211 0.138504 -0.219223
v -0.095383 0.150894 -0.217941
v -0.094444 0.152679 -0.198227
v -0.092651 0.168854 -0.198944
v -0.061333 0.088303 -0.200226
v -0.060349 0.099152 -0.199936
v -0.062088 0.126060 -0.201996
v -0.071800 0.141968 -0.197388
v -0.062882 0.148544 -0.199966
v -0.062653 0.128273 -0.222351
v -0.057388 0.045380 -0.053982
v -0.053940 0.036911 -0.057358
v -0.075325 0.044552 -0.064774
v -0.084213 0.047970 -0.054943
v -0.110764 0.050468 -0.064682
v -0.118462 0.003990 -0.056515
v -0.123398 0.047939 -0.054356
v -0.101616 0.015409 -0.065361
v -0.074219 0.014402 -0.062668
v -0.066505 0.010429 -0.071304
v -0.082245 -0.002088 -0.066063
v -0.088852 0.016062 -0.075569
v -0.078743 -0.009430 -0.075668
v -0.103935 0.002821 -0.078743
v -0.116768 0.008060 -0.071022
v -0.037930 0.076271 -0.090401
v -0.049793 0.074219 -0.093712
v -0.033344 0.072678 -0.077240
v -0.053162 0.071465 -0.077240
v -0.050289 0.098282 -0.090683
v -0.056866 0.069107 -0.092873
v -0.062477 0.083771 -0.090790
v -0.077416 0.073433 -0.089226
v -0.079872 0.063984 -0.077850
v -0.069855 0.067421 -0.105003
v -0.065903 0.111786 -0.090607
v -0.051548 0.125526 -0.092346
v -0.062408 0.129326 -0.091675
v -0.061745 0.147980 -0.091484
v -0.048103 0.118340 -0.077530
v -0.038857 0.138779 -0.088150
v -0.058769 0.085411 -0.054634
v -0.086060 0.073387 -0.054520
v -0.083130 0.074509 -0.069855
v -0.100838 0.086281 -0.071289
v -0.103539 0.059700 -0.066101
v -0.063477 0.136902 -0.047592
v -0.089897 0.112282 -0.054440
v -0.099228 0.103645 -0.072449
v -0.093872 0.128143 -0.055653
v -0.089073 0.134933 -0.069572
v -0.103661 0.112900 -0.070641
v -0.110397 0.125168 -0.049416
v -0.064316 0.135040 -0.221222
v -0.055245 0.177597 -0.198547
v -0.064613 0.169861 -0.193726
v -0.052948 0.182053 -0.185303
v -0.075455 0.174927 -0.189026
v -0.064598 0.201202 -0.175659
v -0.060993 0.214706 -0.191055
v -0.070664 0.173599 -0.106339
v -0.081421 0.175171 -0.193695
v -0.080971 0.175018 -0.137268
v -0.086266 0.173553 -0.105469
v -0.106949 0.169098 -0.100922
v -0.093323 0.167465 -0.105606
v -0.095841 0.157455 -0.105400
v -0.060360 0.155365 -0.194580
v -0.060532 0.161896 -0.160690
v -0.049828 0.152939 -0.063618
v -0.044125 0.142120 -0.050880
v -0.049637 0.153854 -0.036419
v -0.046917 0.166397 -0.039925
v -0.038425 0.172867 -0.034645
v -0.018932 0.177048 -0.025269
v -0.048588 0.173630 -0.031864
v -0.040104 0.175934 -0.023502
v -0.026203 0.184494 0.007409
v -0.048229 0.176956 0.004336
v -0.052612 0.191071 -0.005030
v -0.064728 0.168762 -0.038723
v -0.060745 0.152374 -0.035767
v -0.058937 0.188263 -0.030769
v -0.062302 0.178680 -0.007362
v -0.061844 0.143768 -0.047661
v -0.071411 0.175110 -0.071297
v -0.087326 0.186646 -0.072243
v -0.101212 0.172989 -0.067780
v -0.096825 0.181259 -0.058926
v -0.088371 0.180496 -0.079140
v -0.104729 0.168549 -0.073441
v -0.100754 0.169998 -0.092308
v 0.396133 0.024115 0.014841
v 0.420181 0.033304 0.009190
v 0.428146 0.025850 0.017042
v 0.439346 0.013474 0.031296
v 0.381454 0.037868 0.006123
v 0.436813 0.016581 0.069931
v 0.372696 0.038158 -0.004626
v 0.387466 0.028601 0.040493
v 0.353348 0.039860 0.043182
v 0.320419 0.037884 -0.004350
v 0.375107 0.037537 0.037414
v 0.425125 0.032434 0.074524
v 0.437881 0.020860 0.080704
v 0.424362 0.030529 0.058189
v 0.389694 0.039425 0.067177
v 0.330429 0.041294 0.049801
v 0.311752 0.008671 0.040638
v 0.304398 0.005035 -0.009114
v 0.295670 -0.003839 -0.006095
v 0.330765 0.045811 0.078957
v 0.300125 -0.000532 0.061027
v 0.326035 0.031294 0.061218
v 0.316513 0.015883 0.058971
v 0.286270 -0.002845 0.012595
v 0.321060 0.024843 0.116615
v 0.334213 0.048409 0.135330
v 0.306351 0.009841 0.137360
v 0.300003 0.003704 0.133926
v 0.322891 0.033243 0.137375
v 0.277512 0.019762 0.143890
v 0.312668 0.066196 0.139954
v 0.377823 0.046032 0.123566
v 0.351364 0.062313 0.132828
v 0.409592 0.043003 0.122810
v 0.399918 0.056877 0.125397
v 0.356186 0.064053 0.147156
v 0.412979 0.057491 0.138870
v 0.407364 0.040157 0.089668
v 0.428635 0.039570 0.103439
v 0.426987 0.054234 0.140518
v 0.430313 0.061493 0.042942
v 0.431808 0.080292 0.144897
v 0.436813 0.086014 0.091423
v 0.437057 0.103249 0.045994
v 0.439255 0.102837 0.093506
v 0.429489 0.107292 0.050171
v 0.422226 0.108574 0.123215
v 0.419571 0.084320 0.124679
v 0.378128 0.108345 0.062149
v 0.417923 0.079643 0.139816
v 0.382767 0.109512 0.123962
v 0.383408 0.086746 0.124573
v 0.393448 0.075348 0.151810
v 0.363327 0.086098 0.147003
v 0.374527 0.066097 0.152954
v 0.355942 0.081200 0.152252
v 0.343674 0.072601 0.154846
v 0.312332 0.068321 0.155594
v 0.336044 0.078156 0.155640
v 0.319901 0.086449 0.156830
v 0.312729 0.072434 0.157410
v 0.309128 0.092217 0.155975
v 0.305679 0.060185 0.173416
v 0.308365 0.067978 0.176849
v 0.307480 0.083275 0.171570
v 0.294662 0.079094 0.182037
v 0.305313 0.107475 0.180481
v 0.310501 0.095253 0.133621
v 0.364243 0.089279 0.126968
v 0.309067 0.110214 0.133438
v 0.337906 0.110069 0.129288
v 0.322952 0.108391 0.070045
v 0.345871 0.108139 0.067459
v 0.339340 0.104424 0.054836
v 0.368576 0.104050 0.055355
v 0.359787 0.104057 0.050484
v 0.379929 0.108353 0.046482
v 0.325455 0.108795 0.047150
v 0.405075 0.108269 0.037727
v 0.318924 0.109039 0.039947
v 0.321640 0.116158 0.047073
v 0.327164 0.113586 0.066063
v 0.303513 0.107544 0.042320
v 0.279678 0.106026 0.002660
v 0.276260 0.091118 0.002333
v 0.254593 0.106438 0.002884
v 0.255264 0.086861 0.006752
v 0.242996 0.090622 -0.008732
v 0.271774 0.108192 0.060760
v 0.213364 0.106979 0.023365
v 0.261703 0.108673 0.085152
v 0.210525 0.109016 0.100731
v 0.246674 0.110611 0.166138
v 0.246506 0.109642 0.190979
v 0.237534 0.108917 0.194794
v 0.248352 0.103493 0.198669
v 0.293228 0.094231 0.187942
v 0.218628 0.091309 0.208221
v 0.243820 0.027168 0.186874
v 0.218307 0.030891 0.196365
v 0.222519 0.026920 0.158234
v 0.276169 0.022488 0.175796
v 0.271011 0.016528 0.147125
v 0.242523 0.006792 0.151016
v 0.220901 0.013712 0.130707
v 0.273880 0.008283 0.143570
v 0.245728 0.010073 0.122864
v 0.233261 0.015230 0.118187
v 0.279434 0.007654 0.114532
v 0.283920 0.007612 0.136459
v 0.262527 0.007713 0.128433
v 0.246857 -0.002961 0.104546
v 0.280106 0.004245 0.066765
v 0.240860 0.012648 0.104347
v 0.254745 -0.001561 0.098389
v 0.277695 -0.002861 0.105629
v 0.273910 0.008641 0.088242
v 0.270187 0.004916 0.045582
v 0.267197 0.002693 0.096580
v 0.265793 -0.011225 0.062057
v 0.250656 -0.006935 0.076866
v 0.249924 0.008786 0.076523
v 0.251999 -0.013525 0.050114
v 0.249680 0.004722 0.039036
v 0.230469 0.011219 0.102005
v 0.215454 0.008173 0.105194
v 0.240372 0.009992 0.067779
v 0.225632 0.008911 0.059914
v 0.231583 0.008919 0.020760
v 0.251846 -0.008627 0.039829
v 0.265854 -0.010199 0.036919
v 0.248550 -0.013128 0.024950
v 0.250687 0.003345 0.010725
v 0.242371 -0.009563 0.007018
v 0.228729 0.004419 0.012789
v 0.236221 -0.008226 0.000266
v 0.262955 -0.009509 0.010735
v 0.277542 -0.004093 0.000647
v 0.230011 0.013580 -0.004146
v 0.293228 -0.000191 -0.012623
v 0.270126 0.002433 0.013537
v 0.352035 0.033091 -0.009101
v 0.317337 0.033360 -0.009723
v 0.302200 0.025747 -0.016440
v 0.297623 0.034927 -0.015180
v 0.284073 0.027252 -0.014422
v 0.280075 0.019366 -0.010367
v 0.255936 0.029520 -0.009636
v 0.206207 0.023985 -0.002382
v 0.253555 0.036402 -0.020243
v 0.245666 0.055016 -0.018324
v 0.220413 0.058750 -0.018835
v 0.202972 0.034595 -0.021183
v 0.204910 0.057625 -0.019524
v 0.208771 0.062061 0.007711
v 0.452866 0.019815 0.035534
v 0.456650 0.004854 0.065948
v 0.441879 0.006007 0.089538
v 0.444992 0.025978 0.084167
v 0.438522 0.020377 0.081657
v 0.450363 0.018104 0.099327
v 0.456070 0.002439 0.093117
v 0.465103 0.014541 0.096771
v 0.473465 0.001986 0.135040
v 0.449234 0.006803 0.098923
v 0.459335 0.012572 0.143219
v 0.461044 0.021864 0.081718
v 0.445267 0.028080 0.040245
v 0.473892 0.014540 0.144638
v 0.209381 0.011690 0.003864
v 0.220764 0.005361 0.048702
v 0.212357 0.060062 0.038612
v 0.212158 0.042088 0.053093
v 0.214203 0.009243 0.051960
v 0.216522 0.014543 0.057751
v 0.217010 0.041275 0.062797
v 0.215073 0.037830 0.081016
v 0.216507 0.040890 0.103195
v 0.220657 0.014396 0.100845
v 0.285446 0.076057 -0.026020
v 0.283798 0.058594 -0.026083
v 0.285110 0.087006 -0.026585
v 0.265823 0.074417 -0.021853
v 0.288010 0.088135 -0.009489
v 0.263748 0.083603 -0.022995
v 0.293991 0.094917 -0.001835
v 0.244766 0.086990 -0.026699
v 0.244385 0.074699 -0.015945
v 0.211548 0.105545 -0.005633
v 0.196869 0.095116 -0.006395
v 0.206406 0.090805 -0.020046
v 0.171799 0.093544 -0.018511
v 0.207993 0.086288 -0.042313
v 0.238556 0.059158 -0.033012
v 0.214966 0.055359 -0.044880
v 0.221619 0.081062 -0.046627
v 0.187729 0.080269 -0.047497
v 0.166840 0.085640 -0.041821
v 0.177536 0.055176 -0.044643
v 0.210312 0.087280 0.010090
v 0.201141 0.085388 0.023964
v 0.197952 0.096497 0.023573
v 0.125244 0.096313 0.020031
v 0.120773 0.093269 -0.014122
v 0.117119 0.092506 0.025877
v 0.133697 0.095993 0.030369
v 0.111458 0.088264 0.036579
v 0.109840 0.106567 0.038330
v 0.193344 0.106522 0.024914
v 0.189987 0.107056 0.050411
v 0.171616 0.107590 0.062111
v 0.192963 0.109314 0.107796
v 0.177673 0.111084 0.170349
v 0.070206 0.108055 0.038952
v 0.074661 0.109505 0.107460
v 0.100204 0.109131 0.113289
v 0.122749 0.106956 0.058456
v 0.117905 0.107834 0.073463
v 0.124565 0.109169 0.117233
v 0.142517 0.107994 0.072632
v 0.120682 0.104630 0.076767
v 0.136398 0.105629 0.100128
v 0.154831 0.111229 0.174057
v 0.148483 0.109612 0.103592
v 0.175049 0.114670 0.177841
v 0.148132 0.115028 0.181061
v 0.182358 0.112938 0.218735
v 0.184433 0.109222 0.207733
v 0.185486 0.100571 0.215683
v 0.186935 0.078621 0.204529
v 0.184509 0.094940 0.227142
v 0.172394 0.066845 0.216736
v 0.202682 0.075974 0.210251
v 0.183395 0.048740 0.209839
v 0.204834 0.045593 0.202957
v 0.186737 0.052906 -0.023878
v 0.182632 0.058510 0.012121
v 0.186752 0.045052 -0.015616
v 0.153290 0.052589 -0.020979
v 0.190491 0.060570 0.045834
v 0.179245 0.043915 0.046272
v 0.186081 0.057976 0.029222
v 0.183487 0.049076 0.031124
v 0.166153 0.050110 0.039349
v 0.160309 0.043015 0.050880
v 0.118538 0.050068 0.036106
v 0.147980 0.057747 0.047966
v 0.118835 0.046238 -0.013162
v 0.114273 0.057541 0.050476
v 0.105568 0.047707 -0.011349
v 0.099205 0.042046 0.052547
v 0.096878 0.051273 0.031185
v 0.091988 0.047550 -0.009813
v 0.091469 0.052544 0.008095
v 0.096603 0.055725 0.043972
v 0.104622 0.062485 0.050339
v 0.066421 0.058231 0.051949
v 0.064957 0.041576 0.065414
v 0.088692 0.056900 0.041885
v 0.059460 0.055775 0.037731
v 0.061333 0.051197 0.000243
v 0.182297 0.043480 0.056171
v 0.186935 0.042027 0.084084
v 0.215775 0.042690 0.134094
v 0.185120 0.048897 0.118248
v 0.166748 0.046799 0.062454
v 0.163712 0.051868 0.068870
v 0.146881 0.047390 0.063034
v 0.170120 0.048836 0.098495
v 0.155487 0.049717 0.102638
v 0.111122 0.048878 0.075790
v 0.117905 0.050526 0.106255
v 0.165970 0.051876 0.118538
v 0.155731 0.043251 0.124115
v 0.176636 0.042332 0.124420
v 0.134354 0.047684 0.121727
v 0.111252 0.053226 0.119247
v 0.145370 0.041771 0.130524
v 0.089615 0.041885 0.133408
v 0.107933 0.049171 0.138794
v 0.074554 0.051041 0.138443
v 0.090698 0.041782 0.143555
v 0.171875 0.041275 0.138977
v 0.185593 0.045567 0.129791
v 0.187836 0.047474 0.136887
v 0.201996 0.040409 0.164276
v 0.217072 0.040173 0.136734
v 0.220886 0.039310 0.156189
v 0.093887 0.041214 0.167801
v 0.179352 0.040890 0.192642
v 0.176712 0.041138 0.203293
v 0.154678 0.055943 0.204956
v 0.164749 0.063564 -0.045868
v 0.133453 0.071465 -0.042687
v 0.112793 0.054966 -0.039066
v 0.160736 0.080490 -0.045559
v 0.107338 0.081291 -0.039856
v 0.089310 0.056530 -0.031385
v 0.106148 0.087090 -0.032612
v 0.092850 0.083076 -0.032080
v 0.168381 0.087860 -0.029633
v 0.109398 0.052536 -0.017278
v 0.090446 0.054489 -0.015850
v 0.043430 0.056232 -0.030928
v 0.043964 0.054443 -0.017025
v 0.043472 0.084427 -0.032034
v 0.092812 0.087082 -0.016432
v 0.043636 0.087608 -0.014887
v 0.030191 0.074585 -0.009390
v 0.014076 0.087936 -0.009378
v 0.047165 0.048428 -0.002213
v 0.036694 0.050045 -0.014359
v 0.010387 0.049229 0.002031
v 0.007733 0.051136 -0.011552
v 0.010267 0.058907 -0.012738
v 0.002312 0.082657 -0.017824
v 0.008326 0.087448 0.019234
v 0.005592 0.071327 -0.003950
v -0.004229 0.054634 -0.021948
v -0.003341 0.052151 0.021303
v -0.004395 0.073494 0.011064
v 0.036983 0.052536 0.034538
v 0.052635 0.037601 0.038677
v 0.001251 0.055813 0.036140
v 0.004057 0.077690 0.024431
v 0.020098 0.066360 0.036480
v 0.026213 0.091850 0.036137
v 0.019739 0.036972 0.037109
v -0.001473 0.075020 0.036907
v -0.021967 0.034666 0.037636
v 0.048653 0.021444 0.060745
v -0.016035 0.018818 0.059933
v 0.054241 0.030111 0.073975
v 0.002334 0.018848 0.068924
v 0.048702 0.020727 0.148605
v 0.006690 0.093483 0.036930
v 0.003464 0.132645 0.037613
v 0.042168 0.108192 0.033462
v 0.042541 0.091705 0.036087
v 0.011395 0.141190 0.023411
v -0.003911 0.142242 0.009681
v -0.011218 0.156845 0.010260
v 0.014475 0.145660 0.034412
v 0.012812 0.159210 0.022201
v -0.002573 0.166611 0.019014
v 0.000945 0.165100 0.038345
v 0.059730 0.119751 0.037338
v 0.040020 0.137192 0.034817
v 0.024904 0.158722 0.034473
v 0.008343 0.173660 0.040546
v 0.020235 0.167297 0.043526
v 0.047764 0.137482 0.040684
v 0.029568 0.168549 0.053040
v 0.046764 0.146698 0.071823
v 0.057095 0.139618 0.048969
v 0.051601 0.146622 0.077484
v 0.068893 0.131027 0.129456
v 0.071411 0.119118 0.040195
v 0.079201 0.117355 0.125931
v 0.099548 0.091599 0.037815
v -0.000715 0.183594 0.023075
v 0.002282 0.203827 0.043339
v 0.011189 0.204697 0.086037
v -0.005453 0.211639 0.084351
v 0.010372 0.214981 0.087196
v 0.029238 0.177170 0.090706
v 0.035103 0.192032 0.092247
v 0.008283 0.226120 0.174393
v 0.043262 0.161346 0.125641
v 0.037338 0.189743 0.135452
v 0.033630 0.177200 0.142822
v 0.030096 0.202026 0.149338
v 0.034172 0.191849 0.159286
v 0.038731 0.168625 0.163376
v 0.030123 0.181671 0.173248
v 0.026316 0.208908 0.171600
v 0.012946 0.221054 0.154160
v 0.045238 0.157761 0.150421
v 0.051392 0.165421 0.159653
v 0.046593 0.154037 0.174240
v 0.059826 0.136185 0.139648
v 0.051857 0.144165 0.184692
v 0.059284 0.128777 0.133987
v 0.060844 0.127960 0.165161
v 0.073334 0.109756 0.131622
v 0.075127 0.111336 0.165314
v 0.070732 0.121803 0.201523
v 0.071587 0.111740 0.201630
v 0.061867 0.125908 0.207565
v 0.063934 0.110535 0.225601
v 0.063435 0.120194 0.239899
v 0.063919 0.098969 0.230469
v 0.063889 0.068726 0.263275
v 0.064178 0.114677 0.270752
v 0.047348 0.141052 0.264679
v 0.047798 0.148682 0.214645
v 0.053715 0.152176 0.186478
v 0.039009 0.165955 0.220795
v 0.032360 0.173996 0.243652
v 0.023016 0.183685 0.270081
v 0.011653 0.217590 0.237076
v 0.006111 0.210693 0.277191
v 0.002892 0.216980 0.252319
v 0.020250 0.206589 0.232147
v 0.024359 0.192978 0.193817
v 0.015667 0.213699 0.187622
v 0.017479 0.195679 0.218491
v 0.015554 0.195465 0.197113
v 0.013851 0.207855 0.202591
v 0.019615 0.213120 0.223251
v 0.011064 0.219574 0.221481
v 0.009678 0.218903 0.177566
v -0.008908 0.225708 0.172287
v -0.005652 0.220963 0.216598
v -0.064842 -0.016228 -0.051792
v -0.048424 0.021711 -0.027613
v -0.048954 0.029957 -0.013453
v -0.047760 0.020433 -0.008158
v -0.050438 0.037533 0.010347
v -0.059376 -0.016651 -0.021349
v -0.050728 -0.006612 -0.023006
v -0.056961 -0.015158 -0.001166
v -0.072960 -0.016972 0.020475
v -0.070831 -0.011583 -0.005597
v -0.072037 -0.015745 -0.027853
v -0.074249 -0.025431 -0.017864
v -0.071228 -0.031597 0.005307
v -0.069321 -0.033890 -0.030764
v -0.071678 -0.063286 0.000469
v -0.075951 -0.057083 -0.039047
v -0.077095 -0.066872 -0.017348
v -0.076736 -0.043053 -0.049004
v -0.074501 -0.012917 -0.053535
v -0.088532 -0.065796 -0.064445
v -0.082184 -0.078514 -0.033154
v -0.082397 -0.088776 -0.022076
v -0.079613 -0.087875 0.011798
v -0.084290 -0.116798 0.001579
v -0.081215 -0.126526 -0.008610
v -0.084053 -0.147308 -0.009495
v -0.087532 -0.125854 -0.016481
v -0.083038 -0.152786 0.022058
v -0.087418 -0.178177 -0.025433
v -0.086296 -0.165512 -0.029036
v -0.083756 -0.131653 -0.026440
v -0.083824 -0.087944 -0.035259
v -0.087135 -0.106667 -0.042427
v -0.102745 -0.122314 -0.040073
v -0.109901 -0.095177 -0.044178
v -0.110481 -0.088829 -0.032200
v -0.111382 -0.123459 -0.027176
v -0.107636 -0.074509 -0.039116
v -0.108650 -0.092728 -0.015244
v -0.113640 -0.069023 -0.022764
v -0.109009 -0.090942 0.006811
v -0.113907 -0.083763 -0.005225
v -0.113617 -0.066673 0.011163
v -0.119881 -0.057564 -0.008126
v -0.106789 -0.066895 -0.060879
v -0.113060 -0.059898 -0.046482
v -0.115242 -0.048595 -0.043789
v -0.118156 -0.052197 -0.059425
v -0.102875 -0.042915 -0.064369
v -0.086746 -0.043903 -0.059074
v -0.106163 -0.039978 -0.055786
v -0.087837 -0.021090 -0.056305
v -0.110916 -0.031136 -0.049599
v -0.118980 -0.023443 -0.024200
v -0.119949 -0.030212 0.000863
v -0.114601 -0.017387 0.015074
v -0.126862 -0.007762 -0.023668
v -0.116241 -0.004811 -0.033802
v -0.112839 -0.002863 -0.050976
v -0.098900 -0.007542 -0.058777
v -0.082436 -0.002599 -0.065590
v -0.092522 -0.005650 -0.069992
v -0.070114 -0.018024 -0.059998
v -0.112656 -0.014671 -0.059639
v -0.101364 -0.021339 -0.068604
v -0.126556 0.001007 -0.035236
v -0.052692 0.019276 0.013539
v -0.025667 0.040154 0.011383
v -0.030207 0.016659 0.030369
v -0.033253 0.073669 0.011013
v -0.058018 0.025997 0.047550
v -0.011700 0.064934 0.023935
v -0.061569 -0.011314 0.024214
v -0.071312 0.006884 0.041122
v -0.075012 0.010788 0.056610
v -0.077988 -0.025604 0.048058
v -0.075752 0.005063 0.108376
v -0.083603 -0.014282 0.097298
v 0.005035 0.137711 -0.013633
v -0.005588 0.154678 -0.011060
v -0.014763 0.149887 -0.026924
v -0.019053 0.170044 -0.003122
v -0.008923 0.171234 -0.015220
v -0.001425 0.176804 -0.001939
v -0.014816 0.178192 0.012127
v -0.014668 0.180344 -0.020056
v -0.022455 0.188522 0.011661
v -0.019775 0.198395 0.038841
v -0.042645 0.189178 0.011872
v -0.007999 0.206436 0.044426
v -0.043461 0.198502 0.040443
v -0.047665 0.190659 0.040401
v -0.080055 0.204849 0.045021
v -0.056866 0.187988 0.020988
v -0.072792 0.192490 0.039932
v -0.072868 0.188934 0.024481
v -0.073288 0.177658 -0.011679
v -0.081490 0.203140 0.027103
v -0.086800 0.188828 0.021212
v -0.096436 0.199600 0.024210
v -0.103951 0.203918 0.040691
v -0.101677 0.174896 0.031460
v -0.092354 0.175339 0.020800
v -0.087814 0.171982 -0.000544
v -0.106239 0.171143 0.014927
v -0.108223 0.189194 -0.018751
v -0.111076 0.168015 0.036446
v -0.119621 0.167374 0.044167
v -0.116173 0.154373 0.013705
v -0.100937 0.151962 0.002747
v -0.093803 0.161240 0.001999
v -0.126053 0.137405 0.034462
v -0.124374 0.131317 0.016182
v -0.100143 0.126862 0.001515
v -0.112030 0.118195 0.007457
v -0.124710 0.124535 -0.014277
v -0.136383 0.112076 0.008484
v -0.136765 0.138718 0.037037
v -0.155258 0.107971 0.022886
v -0.136719 0.098427 0.007334
v -0.165024 0.101402 0.048492
v -0.149643 0.088165 0.019064
v -0.134827 0.087631 0.007627
v -0.139343 0.087334 -0.009147
v -0.131897 0.160065 0.068260
v -0.165466 0.110481 0.061119
v -0.153915 0.138000 0.064857
v -0.134857 0.169983 0.073563
v -0.155777 0.143982 0.093643
v -0.133148 0.175766 0.052269
v -0.120522 0.193390 0.044300
v -0.136551 0.179352 0.083374
v -0.146042 0.159332 0.104225
v -0.144791 0.147949 0.105530
v -0.162399 0.140518 0.118813
v -0.144012 0.175140 0.145142
v -0.138535 0.187088 0.179901
v -0.142471 0.187912 0.150833
v -0.151215 0.182083 0.133148
v -0.141464 0.199249 0.147278
v -0.139328 0.194855 0.088455
v -0.126816 0.197037 0.082466
v -0.109718 0.210220 0.084709
v -0.118729 0.214828 0.087555
v -0.119232 0.218872 0.100265
v -0.121399 0.216415 0.108238
v -0.121689 0.221222 0.143768
v -0.081154 0.214401 0.089035
v -0.092728 0.222031 0.146057
v -0.070580 0.211685 0.088615
v -0.040058 0.211655 0.086655
v -0.053917 0.219727 0.088638
v -0.064339 0.223480 0.104607
v -0.076653 0.210434 0.103470
v -0.080353 0.215790 0.116737
v -0.090790 0.074058 -0.471008
v -0.103005 0.116096 -0.450104
v -0.089333 0.137604 -0.422424
v -0.082214 0.142075 -0.450958
v -0.094170 0.151764 -0.422485
v -0.092552 0.150696 -0.450684
v -0.090439 0.168076 -0.445129
v -0.097481 0.162353 -0.415680
v -0.086983 0.172638 -0.423553
v -0.095100 0.129723 -0.411804
v -0.091301 0.132202 -0.389496
v -0.087975 0.137558 -0.401367
v -0.093010 0.150314 -0.405335
v -0.081825 0.141312 -0.404236
v -0.088623 0.145874 -0.360779
v -0.094063 0.153320 -0.339600
v -0.094574 0.160492 -0.392365
v -0.089684 0.170120 -0.404327
v -0.091881 0.126854 -0.321869
v -0.065521 0.119591 -0.227158
v -0.089623 0.120476 -0.317230
v -0.092293 0.107132 -0.287231
v -0.081078 0.174530 -0.405182
v -0.085655 0.173981 -0.312500
v -0.089569 0.135971 -0.288422
v -0.093750 0.169434 -0.321320
v -0.083603 0.141296 -0.220169
v -0.092812 0.148972 -0.233139
v -0.096100 0.100052 -0.107330
v -0.073181 0.078278 -0.120842
v -0.084633 0.138016 -0.115616
v -0.077950 0.140884 -0.157684
v -0.089897 0.145630 -0.105003
v -0.091576 0.126137 -0.104034
v -0.083916 0.113503 -0.106468
v -0.103821 0.138474 -0.103706
v -0.103691 0.050858 -0.045681
v -0.103844 0.073257 -0.051830
v -0.100288 0.086403 -0.053856
v -0.104843 0.074692 -0.069588
v -0.105698 0.053741 -0.031300
v -0.126724 0.051624 -0.026114
v -0.125732 0.050327 -0.002318
v -0.131088 0.037891 -0.021965
v -0.131271 0.046448 0.008421
v -0.099518 0.059887 -0.102509
v -0.105652 0.072449 -0.102921
v -0.123543 0.101799 -0.101509
v -0.108307 0.082169 -0.092110
v -0.112320 0.104843 -0.092995
v -0.104675 0.074287 -0.069893
v -0.099243 0.096901 -0.091553
v -0.097084 0.083183 -0.083946
v -0.116058 0.063904 -0.044151
v -0.112732 0.077629 -0.052582
v -0.104408 0.073875 -0.051826
v -0.084511 0.113884 -0.082443
v -0.093811 0.130371 -0.091843
v -0.098381 0.115196 -0.092064
v -0.086685 0.141037 -0.082108
v -0.102570 0.148880 -0.091461
v -0.112343 0.119263 -0.094131
v -0.102257 0.150711 -0.077713
v -0.102898 0.116241 -0.076660
v -0.114502 0.102531 -0.049873
v -0.111946 0.118515 -0.071793
v -0.121979 0.113617 -0.032915
v -0.130890 0.099297 -0.023293
v -0.115219 0.116837 -0.025892
v -0.101692 0.119858 -0.043205
v -0.098297 0.137192 -0.037655
v -0.081047 0.141251 -0.061394
v -0.088966 0.142609 -0.037807
v -0.095619 0.150482 -0.061821
v -0.093643 0.169373 -0.053520
v -0.102051 0.140182 -0.070908
v -0.107147 0.125404 -0.075058
v -0.102348 0.116348 -0.075272
v -0.082192 0.173813 -0.037720
v -0.088516 0.164291 -0.035824
v -0.097450 0.156113 -0.029589
v -0.110230 0.174561 -0.058392
v -0.131485 0.184555 -0.065834
v -0.135986 0.194138 -0.056168
v -0.114143 0.183609 -0.062962
v -0.107613 0.189774 -0.052563
v -0.106232 0.175537 -0.032825
v -0.115898 0.179733 -0.023794
v -0.100266 0.183777 -0.028633
v -0.116005 0.184235 -0.021332
v -0.211838 0.052589 -0.044788
v -0.183212 0.076241 -0.046719
v -0.171936 0.055374 -0.042301
v -0.218124 0.079033 -0.047779
v -0.213409 0.083641 -0.043922
v -0.205490 0.051685 -0.021906
v -0.166061 0.082222 -0.043396
v -0.240234 0.087242 -0.030594
v -0.166779 0.084648 -0.028868
v -0.126679 0.081619 -0.044514
v -0.190933 0.051121 -0.014135
v -0.194122 0.045113 -0.010018
v -0.132690 0.055779 -0.042725
v -0.151184 0.053909 -0.027037
v -0.159042 0.045612 -0.011755
v -0.126678 0.089996 -0.021444
v -0.116241 0.077820 -0.000948
v -0.109833 0.076927 -0.022093
v -0.116272 0.056099 -0.000840
v -0.229843 0.067802 -0.048416
v -0.239029 0.078339 -0.048031
v -0.233841 0.053635 -0.045456
v -0.289627 0.084435 -0.048069
v -0.232025 0.051998 -0.026733
v -0.288223 0.054966 -0.045486
v -0.247116 0.044735 -0.008829
v -0.256546 0.047375 -0.014082
v -0.274216 0.053207 -0.020086
v -0.267471 0.043861 -0.010295
v -0.274643 0.053894 0.029318
v -0.295609 0.053391 -0.006801
v -0.302506 0.059505 -0.036465
v -0.310288 0.053398 -0.019714
v -0.306381 0.051243 -0.010098
v -0.301529 0.080582 -0.037075
v -0.302261 0.089828 -0.023767
v -0.290543 0.089653 -0.019953
v -0.179321 0.092339 -0.017546
v -0.238236 0.093826 -0.019186
v -0.239090 0.088509 0.033886
v -0.256027 0.088264 -0.021025
v -0.273514 0.078041 -0.017238
v -0.265671 0.077888 -0.005743
v -0.257584 0.084984 0.002908
v -0.281845 0.073135 0.000628
v -0.269943 0.088120 0.004745
v -0.291550 0.090446 -0.002129
v -0.318192 0.094711 -0.019268
v -0.319046 0.066418 -0.019592
v -0.303879 0.097733 -0.015382
v -0.298691 0.097755 0.003569
v -0.303177 0.108871 -0.012508
v -0.287033 0.107651 0.000875
v -0.347031 0.107864 -0.004028
v -0.357590 0.098679 -0.002210
v -0.354752 0.093460 -0.008685
v -0.413193 0.096817 0.008287
v -0.328781 0.057182 -0.015999
v -0.389969 0.053059 0.002304
v -0.317368 0.042469 -0.012766
v -0.331314 0.047348 -0.011017
v -0.323746 0.044193 0.004589
v -0.370743 0.045532 -0.000490
v -0.368790 0.040367 0.013616
v -0.332077 0.043724 -0.091949
v -0.329392 0.053627 -0.083305
v -0.336929 0.045956 -0.107803
v -0.357620 0.050194 -0.104073
v -0.398727 0.049400 -0.071594
v -0.400345 0.046841 -0.100975
v -0.381210 0.032146 -0.108009
v -0.428421 0.048882 -0.031212
v -0.429825 0.050129 0.006646
v -0.441483 0.043018 -0.033768
v -0.438858 0.041130 0.013279
v -0.426682 0.047684 -0.062145
v -0.420090 0.051983 -0.068794
v -0.404678 0.039730 -0.072151
v -0.451004 0.046127 -0.060257
v -0.438919 0.058941 -0.077484
v -0.421707 0.051662 -0.086311
v -0.438736 0.050999 -0.086105
v -0.447525 0.041744 -0.073311
v -0.448013 0.005498 -0.062077
v -0.430527 0.037674 -0.128967
v -0.395248 0.040264 -0.129425
v -0.366776 0.038788 -0.118050
v -0.442368 0.010015 -0.088547
v -0.411118 0.008071 -0.080124
v -0.417465 0.006172 -0.059631
v -0.412857 0.011653 -0.061520
v -0.393417 0.014256 -0.091080
v -0.427933 0.017845 -0.128693
v -0.379959 0.017658 -0.104813
v -0.359665 0.016030 -0.129318
v -0.359604 0.025173 -0.105133
v -0.366531 0.022236 -0.115601
v -0.358475 0.018359 -0.105820
v -0.335007 0.020849 -0.091576
v -0.337235 0.018988 -0.109833
v -0.337204 0.036333 -0.129883
v -0.342362 0.056190 -0.116333
v -0.355576 0.048656 -0.119614
v -0.388870 0.040264 -0.091064
v -0.405960 0.037724 -0.082565
v -0.382645 0.042858 -0.044613
v -0.385666 0.045021 0.012517
v -0.404038 0.038822 -0.071770
v -0.399246 0.012987 -0.062378
v -0.381302 0.014946 -0.037758
v -0.385513 0.023893 0.021435
v -0.391525 0.011020 -0.003612
v -0.389267 0.015255 -0.007277
v -0.415329 0.013366 -0.008648
v -0.417587 0.007543 -0.053085
v -0.420120 0.009363 0.014917
v -0.443375 0.005825 -0.053829
v -0.445145 0.007656 0.015724
v -0.443527 0.028660 -0.052383
v -0.449204 0.015559 -0.043674
v -0.452652 0.016650 0.010437
v -0.441696 0.032059 -0.032053
v -0.452835 0.038078 0.020494
v -0.449356 0.034906 -0.043583
v -0.446884 0.045364 -0.055000
v -0.450150 0.047798 0.016390
v -0.443131 0.048824 0.008717
v -0.102722 0.116173 -0.075493
v -0.101074 0.086456 -0.071304
v -0.120873 0.094391 -0.073814
v -0.111702 0.117210 -0.071907
v -0.112900 0.078239 -0.052265
v -0.102852 0.086555 -0.041462
v -0.124497 0.129707 -0.064102
v -0.107552 0.164078 -0.063648
v -0.119682 0.137711 -0.051613
v -0.115295 0.161453 -0.052227
v -0.106262 0.163132 -0.037792
v -0.117096 0.169891 -0.056797
v -0.116066 0.162872 -0.023701
v -0.101959 0.139130 -0.006391
v -0.118584 0.145691 -0.003699
v -0.129135 0.123062 -0.029009
v -0.088341 -0.219910 -0.010735
v -0.092262 -0.249054 0.003909
v -0.095085 -0.237244 -0.014846
v -0.103561 -0.196350 -0.019207
v -0.112618 -0.223679 -0.010345
v -0.086929 -0.185455 0.017580
v -0.111664 -0.182388 -0.022564
v -0.111626 -0.182999 0.015915
v -0.112175 -0.167175 -0.013124
v -0.110497 -0.167572 -0.028168
v -0.097199 -0.156677 -0.029125
v -0.109398 -0.149887 -0.027985
v -0.089981 -0.140823 -0.029726
v -0.105209 -0.125046 -0.018486
v -0.111633 -0.128265 -0.005630
v -0.112183 -0.155029 0.001757
v -0.106361 -0.250000 0.004191
v -0.112564 -0.238525 -0.003766
v -0.120689 -0.221054 0.008472
v -0.082603 -0.225632 0.009121
v -0.087952 -0.232468 0.023922
v -0.087326 -0.209091 0.019154
v -0.092537 -0.169922 0.014961
v -0.110771 -0.230392 0.023962
v -0.099297 -0.212646 0.026367
v -0.111053 -0.211288 0.019211
v -0.104591 -0.185776 0.016712
v -0.099136 -0.177811 0.008424
v -0.104790 -0.164871 0.016119
v -0.104698 -0.140442 0.005496
v -0.113670 -0.125732 0.028118
v -0.113930 -0.087265 0.016634
v -0.113419 -0.088348 0.037720
v -0.114990 -0.063843 0.036209
v -0.112816 -0.082138 0.058670
v -0.096634 -0.063583 0.061401
v -0.116066 -0.048866 0.015751
v -0.112770 -0.043453 0.041096
v -0.105881 -0.050282 0.067039
v -0.090241 -0.040855 0.063576
v -0.098625 -0.025286 0.048424
v -0.109421 -0.026482 0.032871
v -0.109901 -0.025366 0.043179
v -0.112938 -0.010975 0.042320
v -0.105316 -0.136017 0.025869
v -0.105202 -0.102905 0.030422
v -0.077332 -0.090973 0.035816
v -0.087143 -0.102768 0.031334
v -0.089859 -0.112083 0.013853
v -0.089897 -0.128769 0.021687
v -0.091301 -0.139771 0.005391
v -0.077309 -0.088799 0.018682
v -0.075645 -0.073120 0.020580
v -0.075783 -0.061157 0.039383
v -0.075134 -0.050167 0.029934
v -0.080620 -0.078011 0.057045
v -0.101334 -0.082924 0.050438
v -0.081955 -0.057465 0.061165
v -0.078735 -0.045628 0.056995
v -0.079056 -0.030003 0.035320
v -0.084770 -0.026321 0.049263
v -0.085350 -0.006970 0.085770
v -0.098602 -0.002034 0.070114
v -0.101295 -0.020721 0.072815
v -0.106720 -0.012299 0.097694
v -0.112221 0.015593 0.046558
v -0.116646 0.013251 0.062469
v -0.125046 -0.012190 0.021145
v -0.146240 0.035210 0.038136
v -0.123901 0.022448 0.034550
v -0.128098 -0.002004 0.003654
v -0.142029 0.048534 0.037037
v -0.127533 0.044933 0.013668
v -0.170181 0.039272 0.039242
v -0.130905 0.030281 0.000526
v -0.135040 0.017069 -0.004843
v -0.172028 0.052986 0.037457
v -0.194412 0.048294 0.036407
v -0.107132 0.012295 0.070343
v -0.106834 0.010516 0.086311
v -0.151596 0.018444 0.063141
v -0.169113 0.018867 0.065041
v -0.165802 0.019862 0.119736
v -0.153946 0.019215 0.123100
v -0.105537 0.007246 0.111008
v -0.121590 0.017343 0.117210
v -0.119438 0.015808 0.143295
v -0.129227 0.018696 0.161316
v -0.138962 0.019373 0.192108
v -0.165863 0.020406 0.264984
v -0.105309 0.018201 0.174240
v -0.094398 0.018744 0.204590
v -0.117935 0.015043 0.162476
v -0.115631 0.010021 0.126465
v -0.100090 0.004262 0.146255
v -0.088898 0.012820 0.160873
v -0.087097 0.014888 0.182480
v -0.078270 0.011080 0.173004
v -0.068069 0.016318 0.165512
v -0.090347 0.004169 0.150803
v -0.063362 0.004633 0.151047
v -0.064507 0.006992 0.125565
v -0.077408 0.011116 0.124100
v -0.091782 0.009001 0.136688
v -0.092842 0.019224 0.139511
v -0.094711 0.008973 0.113197
v -0.099968 -0.011732 0.089294
v -0.091858 0.006144 0.101707
v -0.087959 0.000895 0.069450
v -0.134308 0.002824 -0.024233
v -0.173080 0.039173 0.058743
v -0.185516 0.040375 0.057465
v -0.192917 0.042862 0.048294
v -0.188263 0.054344 0.051514
v -0.180252 0.033255 0.064430
v -0.184387 0.035990 0.100182
v -0.188843 0.053570 0.106255
v -0.176331 0.026415 0.098999
v -0.188248 0.034277 0.107788
v -0.181580 0.027554 0.123230
v -0.191788 0.054276 0.140152
v -0.227493 0.054070 0.130554
v -0.216827 0.046040 0.121719
v -0.240677 0.050201 0.129532
v -0.236679 0.042366 0.122284
v -0.227112 0.042355 0.141403
v -0.214462 0.045460 0.145584
v -0.214752 0.046261 0.156982
v -0.221497 0.041286 0.209167
v -0.190414 0.038868 0.149078
v -0.200684 0.041859 0.163513
v -0.168991 0.025589 0.144135
v -0.175491 0.040680 0.171722
v -0.175766 0.041485 0.209015
v -0.173782 0.036680 0.240585
v -0.168671 0.053574 0.210785
v -0.200867 0.054649 0.216324
v -0.214966 0.057777 0.210052
v -0.163208 0.063389 0.219543
v -0.205414 0.072327 0.222183
v -0.203293 0.042446 0.055538
v -0.228699 0.042030 0.040108
v -0.203461 0.051765 0.059891
v -0.211334 0.049698 0.058132
v -0.209869 0.051460 0.112129
v -0.238510 0.051167 0.115105
v -0.235916 0.049568 0.057980
v -0.253464 0.054329 0.091248
v -0.243240 0.042175 0.053730
v -0.272110 0.041252 0.049637
v -0.234665 0.047806 0.036324
v -0.268814 0.047573 0.036827
v -0.309799 0.054119 0.043942
v -0.310806 0.047279 0.053623
v -0.329483 0.014816 0.039936
v -0.319046 0.031139 0.049496
v -0.327255 0.015576 0.048412
v -0.303848 0.055264 0.156967
v -0.306259 0.054264 0.071846
v -0.275223 0.053925 0.056232
v -0.336990 0.014179 0.012948
v -0.296524 0.055798 0.033031
v -0.390183 0.012408 0.023642
v -0.420151 0.008699 0.026928
v -0.362350 0.013229 0.019501
v -0.457047 -0.005307 0.026459
v -0.435989 -0.006460 0.032364
v -0.458206 0.013357 0.044739
v -0.391129 0.015026 0.038696
v -0.411148 0.014555 0.043213
v -0.456100 0.012846 0.078568
v -0.432480 0.014734 0.114716
v -0.453140 0.013860 0.114380
v -0.406204 0.016618 0.158188
v -0.389908 0.014915 0.106979
v -0.365128 0.013446 0.090729
v -0.379807 0.010251 0.097244
v -0.377396 0.010274 0.131531
v -0.344925 0.012064 0.091667
v -0.333511 0.013708 0.147232
v -0.455948 0.043255 0.035561
v -0.452927 0.027775 0.048718
v -0.438828 0.054604 0.030903
v -0.453232 0.063930 0.030296
v -0.436783 0.036001 0.056656
v -0.425247 0.021486 0.067032
v -0.443375 0.026903 0.085236
v -0.431107 0.048702 0.044739
v -0.439682 0.059040 0.046425
v -0.437943 0.054604 0.061028
v -0.418381 0.075584 0.039131
v -0.430130 0.073318 0.031681
v -0.436173 0.084755 0.051250
v -0.430923 0.096931 0.044277
v -0.422562 0.094398 0.052021
v -0.449448 0.094971 0.041840
v -0.448166 0.099281 0.030537
v -0.446945 0.109131 0.062195
v -0.419266 0.109604 0.072479
v -0.433579 0.086143 0.064331
v -0.430344 0.109482 0.090118
v -0.442703 0.112190 0.103378
v -0.428543 0.071220 0.064781
v -0.418228 0.108101 0.119743
v -0.431625 0.096825 0.091637
v -0.411942 0.103096 0.116203
v -0.430222 0.100937 0.114609
v -0.420181 0.093224 0.137299
v -0.435745 0.094719 0.140137
v -0.416489 0.081429 0.137390
v -0.429459 0.110092 0.129196
v -0.434402 0.090385 0.121452
v -0.437088 0.069374 0.131531
v -0.437058 0.036201 0.093025
v -0.426315 0.075394 0.103149
v -0.433395 0.127991 0.125336
v -0.399948 0.124329 0.140091
v -0.443558 0.127144 0.076263
v -0.421829 0.126396 0.101196
v -0.391434 0.122955 0.123611
v -0.433456 0.069412 0.089699
v -0.432205 0.045914 0.090782
v -0.447220 0.124504 0.025915
v -0.426529 0.124237 0.057789
v -0.447617 0.122787 -0.000806
v -0.430405 0.121910 0.003042
v -0.426193 0.118164 0.002081
v -0.433517 0.076782 0.013662
v -0.434341 0.055134 0.018810
v -0.414291 0.051651 0.009349
v -0.418167 0.086426 0.011610
v -0.419296 0.106026 0.012919
v -0.405685 0.110641 0.054237
v -0.301529 0.112823 0.029999
v -0.398422 0.111290 0.064537
v -0.424332 0.112473 0.067383
v -0.426590 0.116661 0.087158
v -0.404434 0.113297 0.103943
v -0.420395 0.113556 0.107849
v -0.404861 0.113220 0.117165
v -0.375198 0.110565 0.137039
v -0.413712 0.114075 0.125534
v -0.334366 0.109795 0.111198
v -0.388351 0.112183 0.099045
v -0.390762 0.108170 0.067612
v -0.394821 0.115822 0.068436
v -0.346725 0.107033 0.096413
v -0.341293 0.111595 0.096680
v -0.348221 0.106026 0.070213
v -0.348496 0.113297 0.064713
v -0.304367 0.115051 0.071838
v -0.335098 0.107735 0.071610
v -0.314346 0.108070 0.101608
v -0.314560 0.105972 0.075516
v -0.304062 0.107712 0.079170
v -0.116951 0.139053 -0.014983
v -0.164963 0.088562 0.047405
v -0.173294 0.094460 0.010222
v -0.166122 0.085915 0.055881
v -0.168961 0.107140 0.057194
v -0.171295 0.093994 0.043945
v -0.219101 0.104202 0.056789
v -0.263260 0.107414 0.058750
v -0.194763 0.087189 0.045166
v -0.238892 0.104103 0.055607
v -0.227829 0.085159 0.055515
v -0.219986 0.094994 0.042435
v -0.235321 0.102089 0.035957
v -0.256454 0.102341 0.035259
v -0.225464 0.096550 0.023733
v -0.256271 0.089127 0.024460
v -0.237778 0.097054 0.026464
v -0.266556 0.090416 0.009030
v -0.281235 0.089310 0.002855
v -0.269608 0.089157 0.023737
v -0.297653 0.080406 0.012358
v -0.297928 0.092644 0.031094
v -0.268936 0.097328 0.024775
v -0.263626 0.098778 0.005266
v -0.299454 0.098969 0.041153
v -0.275711 0.085129 0.051170
v -0.272171 0.098991 0.045925
v -0.293961 0.075844 0.045483
v -0.300613 0.104515 0.058567
v -0.271347 0.101562 0.055637
v -0.283890 0.103172 0.036804
v -0.274979 0.110817 0.029644
v -0.271042 0.107628 0.058178
v -0.272659 0.108360 0.103760
v -0.260269 0.108665 0.084000
v -0.265030 0.108849 0.122643
v -0.227081 0.107887 0.083565
v -0.248810 0.107315 0.102745
v -0.269913 0.055088 0.122406
v 0.378738 0.110023 0.067268
v 0.377914 0.108421 0.061279
v 0.339767 0.115692 0.063553
v 0.345169 0.108170 0.066727
v 0.339493 0.113876 0.069153
v 0.327438 0.113762 0.066872
v 0.335403 0.112335 0.063507
v 0.099998 0.045433 0.061897
v 0.099251 0.053833 0.084122
v 0.089996 0.048809 0.088760
v 0.071991 0.051975 0.081634
v 0.105965 0.039997 0.111175
v 0.096901 0.036777 0.097343
v 0.093880 0.055157 0.103241
v 0.081215 0.033791 0.085030
v 0.073898 0.054726 0.121025
v 0.064590 0.035427 0.075577
v 0.063606 0.029753 0.121605
v 0.056450 0.034361 0.129089
v 0.060131 0.041412 0.139862
v 0.060249 0.041405 0.205093
v 0.113029 0.041012 0.204697
v 0.048683 0.020529 0.163483
v -0.003905 0.018825 0.120735
v 0.038734 0.020339 0.153992
v -0.006024 0.019343 0.219299
v 0.023661 0.019908 0.190964
v 0.037468 0.017780 0.192871
v 0.048923 0.021107 0.217682
v 0.048649 0.020688 0.235901
v 0.005314 0.019625 0.264801
v 0.058140 0.037750 0.279724
v 0.066879 0.054176 0.257111
v 0.064018 0.047516 0.212372
v 0.065666 0.058514 0.232834
v 0.063835 0.070984 0.221252
v 0.074036 0.060505 0.258942
v 0.077522 0.120369 0.263641
v 0.084465 0.098007 0.258759
v 0.090294 0.126190 0.255768
v 0.072174 0.141357 0.252655
v 0.088554 0.137802 0.253021
v 0.064285 0.132034 0.267334
v 0.055256 0.164398 0.239304
v 0.061256 0.175934 0.257019
v 0.046062 0.167770 0.263336
v 0.036839 0.186951 0.267426
v 0.110535 0.111252 0.179413
v 0.139725 0.111282 0.194214
v 0.099892 0.111122 0.215378
v 0.104584 0.115128 0.190552
v 0.102974 0.106857 0.228531
v 0.129364 0.114891 0.193451
v 0.145874 0.113350 0.220612
v 0.107040 0.112808 0.226379
v 0.144318 0.108650 0.231018
v 0.108353 0.097336 0.234650
v 0.106178 0.087196 0.226746
v 0.134567 0.096390 0.233108
v 0.119377 0.088860 0.225525
v 0.107384 0.076546 0.220978
v 0.085205 0.075737 0.222702
v 0.113754 0.054611 0.214874
v 0.136765 0.053921 0.214325
v 0.135971 0.077530 0.229706
v 0.137161 0.076149 0.213745
v 0.159225 0.067577 0.218903
v 0.154160 0.083145 0.223602
v 0.074913 0.060364 0.299591
v 0.085396 0.095245 0.323669
v 0.050343 0.022543 0.284637
v 0.013406 0.024473 0.301025
v 0.053318 0.029593 0.321503
v 0.076035 0.062401 0.329102
v 0.056213 0.047131 0.405273
v -0.002878 0.037445 0.368774
v 0.079086 0.067211 0.337433
v 0.076767 0.085617 0.329926
v 0.030247 0.051521 0.428497
v 0.005293 0.050236 0.425781
v 0.035091 0.047539 0.453796
v 0.055176 0.052597 0.428436
v 0.080368 0.077988 0.412170
v 0.080200 0.077972 0.433624
v 0.093140 0.134888 0.442627
v 0.072060 0.057900 0.409576
v 0.080086 0.071709 0.388672
v 0.085312 0.074501 0.408783
v 0.092850 0.133667 0.414795
v 0.085411 0.074249 0.390686
v 0.094582 0.108704 0.410889
v 0.063522 0.169663 0.416138
v 0.064415 0.168976 0.431335
v 0.033821 0.170486 0.425232
v 0.096260 0.115814 0.389099
v 0.097137 0.134216 0.410767
v 0.014791 0.177109 0.412811
v 0.076279 0.165985 0.410828
v 0.096008 0.139755 0.398315
v 0.096260 0.132004 0.394134
v 0.068451 0.171829 0.399689
v 0.045952 0.180695 0.370544
v 0.058399 0.185272 0.357330
v 0.096275 0.131668 0.366211
v 0.075768 0.160645 0.337189
v 0.056927 0.184280 0.342194
v 0.026278 0.182556 0.375549
v 0.012839 0.176300 0.444794
v 0.008577 0.194244 0.389221
v 0.015456 0.188156 0.380615
v -0.006089 0.186783 0.383911
v 0.005711 0.186523 0.363342
v -0.000010 0.197845 0.368225
v 0.057743 0.189560 0.304504
v 0.004366 0.190811 0.335388
v 0.063072 0.184860 0.334290
v 0.077538 0.165878 0.334473
v 0.075836 0.165466 0.297394
v 0.076736 0.157318 0.301605
v 0.053982 0.188599 0.296905
v 0.035778 0.193741 0.285187
v 0.094505 0.134354 0.346710
v 0.017992 0.188553 0.280212
v 0.106812 0.134811 0.357574
v 0.094963 0.128639 0.321930
v 0.098724 0.125053 0.336334
v 0.090431 0.112076 0.326111
v 0.092247 0.104164 0.342682
v 0.087120 0.096993 0.343475
v 0.070480 0.082054 0.424011
v 0.035416 0.063973 0.429321
v 0.052563 0.063946 0.427887
v 0.030703 0.089447 0.430359
v 0.024511 0.093330 0.439362
v 0.063583 0.086464 0.430542
v 0.074181 0.090454 0.435730
v 0.076431 0.115433 0.417694
v 0.085060 0.133774 0.443787
v 0.029678 0.102371 0.425079
v 0.055790 0.092850 0.416412
v 0.058460 0.161041 0.422058
v 0.048771 0.104118 0.414429
v 0.079361 0.137695 0.427124
v 0.049850 0.121384 0.408264
v 0.030855 0.160294 0.421020
v 0.068481 0.136429 0.429199
v 0.033810 0.125359 0.417541
v 0.053043 0.150436 0.430664
v 0.025633 0.129242 0.429260
v 0.037903 0.151245 0.420105
v 0.027058 0.178726 0.442810
v 0.023689 0.149567 0.444183
v 0.008657 0.163193 0.445068
v 0.010748 0.163513 0.452515
v 0.009961 0.170136 0.470520
v 0.006347 0.153351 0.459839
v 0.024035 0.152481 0.456085
v 0.023331 0.096542 0.458191
v 0.022968 0.081886 0.447876
v 0.016094 0.142166 0.459045
v 0.020077 0.079659 0.457733
v 0.022020 0.078476 0.438721
v 0.007990 0.132477 0.455383
v 0.014709 0.087250 0.459656
v 0.013454 0.116501 0.456390
v 0.006862 0.098389 0.456116
v 0.010563 0.104446 0.470825
v 0.014537 0.123818 0.471008
v 0.025091 0.093391 0.476837
v 0.005028 0.077225 0.476654
v 0.012197 0.079414 0.494110
v 0.031036 0.129509 0.478363
v 0.013944 0.150391 0.476715
v 0.029957 0.107193 0.495117
v -0.002828 0.083672 0.497955
v 0.028362 0.134613 0.495758
v 0.007598 0.150986 0.489502
v 0.014861 0.134277 0.497772
v 0.020908 0.111748 0.498138
v 0.007959 0.128792 0.473114
v -0.008493 0.018747 0.080383
v -0.005891 0.019466 0.116310
v -0.016747 0.017521 0.114052
v -0.022446 0.011427 0.060600
v -0.063492 0.012869 0.065277
v -0.025549 0.009942 0.088547
v -0.062050 0.012960 0.106285
v -0.032951 0.013491 0.112778
v -0.015020 0.024715 0.123947
v -0.056316 0.022179 0.120628
v -0.047359 0.020394 0.128189
v -0.054085 0.024424 0.149643
v -0.061409 0.018869 0.135468
v -0.014586 0.025072 0.177856
v -0.010429 0.021421 0.180923
v -0.054741 0.024469 0.177780
v -0.058983 0.020704 0.180710
v -0.066147 0.020378 0.202042
v -0.013190 0.023348 0.189957
v -0.040340 0.023447 0.194473
v -0.014268 0.024076 0.216660
v -0.052399 0.024622 0.214157
v -0.064903 0.019800 0.225342
v -0.028326 0.019205 0.256744
v -0.070168 0.009879 0.209763
v -0.070473 0.015704 0.229950
v -0.094444 0.018748 0.235168
v -0.067070 0.019359 0.267059
v -0.075005 0.024448 0.298279
v -0.071785 0.013029 0.253845
v -0.073906 0.008621 0.265717
v -0.095009 0.018829 0.262817
v -0.086960 0.016553 0.292053
v -0.097466 0.023590 0.296875
v -0.167130 0.023752 0.289825
v -0.118500 0.038334 0.370514
v -0.171356 0.036116 0.350494
v -0.178421 0.049110 0.297852
v -0.179535 0.041870 0.299744
v -0.183792 0.050331 0.319122
v -0.167633 0.040863 0.374969
v -0.161942 0.048790 0.410248
v -0.181458 0.059311 0.362885
v -0.181869 0.059074 0.333038
v -0.185699 0.063244 0.298615
v -0.185776 0.066376 0.334290
v -0.185577 0.072571 0.384399
v -0.179855 0.071167 0.410736
v -0.190018 0.082100 0.433289
v -0.166183 0.055714 0.430847
v -0.189728 0.083084 0.411621
v -0.191071 0.141266 0.441803
v -0.191681 0.081459 0.408386
v -0.191010 0.133987 0.413788
v -0.195923 0.125671 0.409698
v -0.192978 0.088623 0.388489
v -0.185928 0.156250 0.411041
v -0.180542 0.156143 0.415497
v -0.182739 0.152924 0.432251
v -0.168106 0.169235 0.427399
v -0.196289 0.136887 0.394104
v -0.171967 0.167328 0.397247
v -0.192749 0.132675 0.389130
v -0.189392 0.104042 0.383881
v -0.194427 0.108803 0.369385
v -0.192108 0.117729 0.360992
v -0.193344 0.133362 0.368561
v -0.203506 0.127289 0.353027
v -0.192810 0.120903 0.334290
v -0.194870 0.132385 0.339752
v -0.176559 0.158478 0.339539
v -0.188354 0.121391 0.328491
v -0.192719 0.133240 0.323975
v -0.185242 0.065781 0.331360
v -0.190109 0.106857 0.325897
v -0.192429 0.090935 0.296112
v -0.190201 0.096428 0.279846
v -0.186829 0.063847 0.254883
v -0.194656 0.129295 0.250916
v -0.175797 0.157272 0.292145
v -0.178757 0.047928 0.249207
v -0.163315 0.063000 0.254913
v -0.168854 0.040634 0.246170
v -0.168396 0.060440 0.247177
v -0.177490 0.162277 0.332611
v -0.177139 0.161957 0.296204
v -0.161957 0.183762 0.337555
v -0.156799 0.189316 0.298615
v -0.150208 0.190079 0.297119
v -0.149841 0.190430 0.282593
v -0.126648 0.195679 0.309570
v -0.144577 0.188065 0.326080
v -0.127884 0.201523 0.319794
v -0.118797 0.187668 0.348633
v -0.124420 0.200226 0.339630
v -0.165985 0.173920 0.394196
v -0.114922 0.179703 0.395935
v -0.150589 0.170517 0.416748
v -0.165588 0.172485 0.406250
v -0.122902 0.170807 0.420074
v -0.154083 0.182724 0.406158
v -0.029028 0.214890 0.088638
v -0.034531 0.208832 0.103592
v -0.044170 0.213852 0.108253
v -0.054684 0.229019 0.108940
v -0.066544 0.215546 0.113144
v -0.022797 0.221420 0.139221
v -0.039616 0.220871 0.147797
v -0.020662 0.224319 0.158401
v -0.041317 0.238052 0.147064
v -0.037640 0.233032 0.160294
v -0.028332 0.222763 0.159195
v -0.028086 0.243439 0.165863
v -0.022621 0.238937 0.146606
v -0.023029 0.243408 0.164169
v -0.013366 0.238678 0.219727
v -0.014202 0.238907 0.172607
v -0.003390 0.235260 0.222961
v -0.014243 0.244095 0.252441
v -0.021572 0.247101 0.244141
v -0.029749 0.242218 0.253754
v -0.031845 0.245743 0.212646
v -0.094513 0.247925 0.251801
v -0.079147 0.248230 0.234863
v -0.062103 0.245544 0.167953
v -0.038303 0.238907 0.175751
v -0.032875 0.245346 0.186829
v -0.038181 0.242447 0.190994
v -0.076805 0.244217 0.200211
v -0.040436 0.256287 0.189590
v -0.044975 0.256256 0.206406
v -0.074028 0.258453 0.191269
v -0.068985 0.257996 0.207245
v -0.071587 0.251892 0.189880
v -0.048634 0.252457 0.193191
v -0.040318 0.242813 0.209015
v -0.085968 0.244263 0.162735
v -0.085236 0.242249 0.177063
v -0.088440 0.247559 0.210388
v -0.099899 0.243958 0.171860
v -0.100151 0.243805 0.221222
v -0.120956 0.230392 0.244614
v -0.122978 0.220032 0.248840
v -0.119675 0.229553 0.220566
v -0.128540 0.213486 0.236282
v -0.119408 0.218033 0.269592
v -0.124298 0.219894 0.219223
v -0.109680 0.222641 0.216644
v -0.124969 0.218781 0.176407
v -0.110085 0.220825 0.177917
v -0.096703 0.223816 0.159744
v -0.128616 0.214508 0.188721
v -0.136536 0.213425 0.229858
v -0.139008 0.190414 0.230362
v -0.130508 0.193375 0.213272
v -0.126572 0.204147 0.216186
v -0.135040 0.207733 0.189377
v -0.133911 0.199158 0.180344
v -0.131195 0.217102 0.164978
v -0.123390 0.224609 0.172012
v -0.085999 0.221741 0.157196
v -0.011811 0.214859 0.250519
v -0.011511 0.214050 0.278748
v -0.017759 0.217499 0.263000
v -0.018888 0.219315 0.282562
v -0.012340 0.211884 0.309235
v -0.032871 0.235199 0.250488
v -0.079788 0.236435 0.250732
v -0.079475 0.219528 0.264740
v -0.099251 0.219009 0.278259
v -0.106468 0.224136 0.284424
v -0.085518 0.231751 0.266388
v -0.096794 0.221573 0.264770
v -0.115753 0.208649 0.324982
v -0.103775 0.219376 0.254669
v -0.014992 0.202850 0.337646
v -0.036465 0.211975 0.317291
v -0.032696 0.229523 0.306671
v -0.022018 0.211426 0.319672
v -0.066589 0.043118 0.393402
v -0.031670 0.046211 0.451477
v -0.037033 0.048897 0.437012
v -0.044121 0.050381 0.426666
v -0.033348 0.035368 0.436279
v -0.064018 0.049946 0.423584
v -0.090462 0.050694 0.426575
v 0.035496 0.083061 0.439148
v 0.036724 0.075424 0.466583
v 0.025446 0.054325 0.462616
v -0.019295 0.053700 0.459167
v 0.025372 0.075531 0.467834
v 0.022282 0.058765 0.459534
v -0.010219 0.056274 0.469849
v 0.024160 0.064163 0.453674
v 0.023382 0.062637 0.438293
v -0.043682 0.049610 0.431061
v -0.097534 0.046921 0.450500
v -0.077263 0.053928 0.459808
v -0.117561 0.056606 0.462708
v -0.087662 0.059032 0.466705
v -0.015230 0.058319 0.465881
v -0.050858 0.081055 0.439087
v -0.054615 0.063610 0.438324
v -0.115814 0.064987 0.438263
v -0.043053 0.082031 0.457642
v -0.039913 0.059719 0.458191
v -0.116569 0.061886 0.460968
v -0.045921 0.064693 0.453766
v -0.116432 0.065960 0.454102
v -0.117599 0.075119 0.468018
v -0.116775 0.085030 0.438660
v -0.127869 0.076683 0.464508
v -0.126602 0.081528 0.432190
v -0.128357 0.053272 0.461365
v -0.127335 0.053272 0.430237
v -0.117424 0.046665 0.445435
v -0.111710 0.049820 0.434906
v -0.024900 0.094978 0.458954
v -0.035934 0.118446 0.459290
v -0.042824 0.149994 0.458435
v -0.037121 0.154343 0.459015
v -0.043327 0.151596 0.442352
v -0.047802 0.156036 0.441040
v -0.044056 0.084389 0.441345
v -0.050095 0.087021 0.441742
v -0.053013 0.147644 0.445862
v -0.058174 0.086502 0.445709
v -0.027523 0.076660 0.478638
v -0.033173 0.090706 0.498596
v -0.044552 0.090180 0.494842
v -0.041401 0.128304 0.499207
v -0.041626 0.085976 0.475037
v -0.010284 0.092079 0.471741
v -0.060245 0.112930 0.481201
v -0.042351 0.133743 0.473694
v -0.029676 0.102272 0.471252
v -0.035477 0.120445 0.470520
v -0.015573 0.143631 0.460724
v -0.028364 0.134644 0.453400
v -0.032982 0.102661 0.453949
v -0.009867 0.092476 0.470123
v -0.031204 0.124207 0.472656
v -0.001932 0.111878 0.482635
v -0.009928 0.092178 0.471039
v -0.015989 0.110138 0.484467
v -0.006762 0.127228 0.483490
v -0.018728 0.135254 0.473267
v -0.010264 0.145294 0.496338
v -0.024414 0.145264 0.500610
v -0.028841 0.153778 0.478882
v -0.051083 0.118240 0.483185
v -0.007942 0.186951 0.361725
v -0.014544 0.183701 0.354309
v -0.022934 0.182617 0.373352
v -0.015921 0.186127 0.379822
v -0.017385 0.195068 0.389282
v -0.025507 0.193146 0.368317
v -0.033562 0.198059 0.394836
v -0.029467 0.187927 0.393921
v -0.044472 0.186188 0.395477
v -0.043369 0.182083 0.355377
v -0.028395 0.184021 0.354858
v -0.040684 0.197281 0.350952
v -0.025969 0.193237 0.367340
v -0.028179 0.202026 0.354431
v -0.045067 0.206085 0.338226
v -0.047699 0.208206 0.362396
v -0.015728 0.185272 0.433868
v -0.041702 0.188339 0.424377
v -0.015287 0.173508 0.468262
v -0.016935 0.171616 0.444031
v -0.050392 0.189758 0.359161
v -0.107368 0.187531 0.353149
v -0.083115 0.195480 0.348694
v -0.099304 0.177689 0.353760
v -0.075630 0.190430 0.362091
v -0.083969 0.186707 0.383240
v -0.064590 0.192291 0.375671
v -0.083153 0.186234 0.395935
v -0.090385 0.199310 0.384796
v -0.102409 0.182816 0.390564
v -0.110153 0.189484 0.403961
v -0.054241 0.193375 0.407410
v -0.064133 0.181686 0.428558
v -0.056110 0.191132 0.429687
v -0.019747 0.181381 0.427856
v -0.113991 0.178558 0.438812
v -0.020342 0.177765 0.442352
v -0.108238 0.179565 0.442902
v -0.114235 0.149078 0.440643
v -0.103989 0.170044 0.443298
v -0.104469 0.145340 0.440826
v -0.047424 0.193024 0.361023
v -0.080696 0.200836 0.363312
v -0.074333 0.204254 0.350555
v -0.098137 0.202957 0.347015
v -0.103668 0.212311 0.332489
v -0.010835 0.146027 0.471985
v -0.006246 0.152100 0.459991
v -0.014955 0.161026 0.448486
v -0.033749 0.165863 0.435638
v -0.012810 0.165573 0.436859
v -0.012917 0.162293 0.469208
v -0.089767 0.166458 0.435852
v -0.063660 0.156723 0.441132
v -0.100677 0.161163 0.440887
v -0.083305 0.136154 0.441986
v -0.088654 0.151596 0.453766
v -0.072662 0.153564 0.442535
v -0.061237 0.101326 0.441650
v -0.079025 0.140411 0.449829
v -0.103798 0.097740 0.442505
v -0.096481 0.086861 0.440399
v 0.008317 0.163376 0.444672
v -0.097710 0.007367 0.067833
v -0.087845 0.001800 0.069527
v -0.089294 0.010358 0.086128
v -0.172653 0.108162 0.096619
v -0.170548 0.119484 0.076324
v -0.153351 0.129440 0.100533
v -0.162094 0.120773 0.097885
v -0.169937 0.109085 0.132919
v -0.160172 0.120132 0.131302
v -0.161560 0.121918 0.145737
v -0.163406 0.126320 0.155914
v -0.161819 0.130005 0.202194
v -0.163544 0.126541 0.204086
v -0.179199 0.110748 0.170746
v -0.179398 0.111061 0.204193
v -0.208130 0.114624 0.183289
v -0.203247 0.110527 0.228195
v -0.207504 0.110756 0.178391
v -0.203644 0.109055 0.133774
v -0.231735 0.108170 0.113258
v -0.210709 0.113403 0.127838
v -0.205017 0.105728 0.106895
v -0.213776 0.105438 0.088478
v -0.200333 0.107887 0.089050
v -0.261642 0.053341 0.115654
v -0.259964 0.039879 0.105614
v -0.260483 0.038315 0.118011
v -0.266525 0.042961 0.137817
v -0.253036 0.041683 0.170059
v -0.257401 0.041985 0.210053
v -0.263229 0.040165 0.173141
v -0.285294 0.054153 0.185516
v -0.266525 0.041576 0.209183
v -0.276718 0.056385 0.214325
v -0.242981 0.061268 0.218521
v -0.260422 0.085541 0.225723
v -0.223770 0.065491 0.219910
v -0.244110 0.070313 0.216095
v -0.227036 0.079056 0.216354
v -0.215424 0.086685 0.226501
v -0.204041 0.095589 0.230347
v -0.243729 0.093491 0.229858
v -0.228775 0.096863 0.233322
v -0.257034 0.111542 0.228470
v -0.247635 0.114410 0.183441
v -0.256516 0.110649 0.186157
v -0.260452 0.107918 0.221451
v -0.292892 0.092247 0.216965
v -0.293930 0.108009 0.215332
v -0.300125 0.110497 0.182968
v -0.304794 0.055664 0.199951
v -0.341873 0.110313 0.181931
v -0.304672 0.084282 0.200180
v -0.336685 0.114822 0.188034
v -0.302444 0.113556 0.215546
v -0.295151 0.108055 0.222595
v -0.344467 0.112274 0.212906
v -0.329575 0.090508 0.238525
v -0.316696 0.072212 0.230545
v -0.318253 0.060524 0.216873
v -0.352097 0.041260 0.244400
v -0.371353 0.069397 0.255951
v -0.335617 0.019353 0.193192
v -0.362198 0.023077 0.237961
v -0.303940 0.055267 0.187485
v -0.348984 0.018487 0.214645
v -0.328781 0.014893 0.187210
v -0.371811 0.014002 0.181839
v -0.378098 0.016180 0.214890
v -0.362106 0.012268 0.153168
v -0.429489 0.017759 0.177399
v -0.325089 0.015900 0.178040
v -0.283401 0.055080 0.146591
v -0.440933 0.001483 0.117249
v -0.439438 0.002366 0.185135
v -0.451462 -0.000788 0.181839
v -0.453049 0.000199 0.115768
v -0.428635 0.029224 0.217316
v -0.456589 0.004096 0.182739
v -0.457809 0.005824 0.118507
v -0.455093 0.025637 0.128067
v -0.450699 0.041790 0.205795
v -0.450699 0.048283 0.143738
v -0.448380 0.035591 0.213486
v -0.436813 0.026886 0.225006
v -0.453079 0.016170 0.237946
v -0.423264 0.023464 0.230255
v -0.427567 0.039284 0.252533
v -0.445114 0.041924 0.236206
v -0.375473 0.045185 0.255127
v -0.436783 0.052578 0.257721
v -0.451492 0.055649 0.240433
v -0.423874 0.061577 0.257141
v -0.441116 0.068741 0.246445
v -0.430862 0.081329 0.234970
v -0.447250 0.075439 0.244293
v -0.442581 0.066673 0.236023
v -0.395554 0.087799 0.232300
v -0.422256 0.092339 0.224365
v -0.409348 0.109726 0.206680
v -0.422745 0.094414 0.186462
v -0.443008 0.070358 0.147247
v -0.453934 0.057095 0.147064
v -0.437820 0.076401 0.165054
v -0.448196 0.046215 0.220184
v -0.431015 0.085960 0.152100
v -0.433701 0.095993 0.168823
v -0.410233 0.109818 0.185638
v -0.392990 0.131989 0.155716
v -0.384842 0.110306 0.184265
v -0.378250 0.131195 0.150513
v -0.372910 0.110542 0.149155
v -0.376205 0.125191 0.137848
v -0.145325 0.111938 0.083374
v -0.139481 0.136551 0.092117
v -0.144745 0.137741 0.082329
v -0.144928 0.147202 0.105736
v -0.132675 0.149734 0.129898
v -0.151352 0.114510 0.097466
v -0.150558 0.120918 0.129745
v -0.150833 0.141113 0.127380
v -0.160004 0.126350 0.119980
v -0.165482 0.129265 0.132248
v -0.155746 0.145233 0.191437
v -0.141266 0.177902 0.180481
v -0.141205 0.181229 0.237701
v -0.145187 0.170792 0.235062
v -0.140900 0.179016 0.260559
v -0.173706 0.157791 0.248871
v -0.152634 0.149490 0.257507
v -0.176575 0.131027 0.254944
v -0.163193 0.121895 0.254700
v -0.155792 0.141739 0.241989
v -0.155670 0.154144 0.236740
v -0.154251 0.171509 0.193588
v -0.154541 0.155777 0.196686
v -0.158005 0.148422 0.215790
v -0.158875 0.149124 0.195190
v -0.163223 0.111237 0.209061
v -0.163132 0.109573 0.227951
v -0.163162 0.095322 0.231216
v -0.389298 0.112350 0.099777
v -0.395340 0.118637 0.102905
v -0.340195 0.113335 0.096756
v -0.438644 0.017373 0.081406
v -0.425613 0.020502 0.104111
v -0.456894 0.017018 0.099335
v -0.442764 0.033991 0.113091
v -0.424454 0.027367 0.124085
v -0.420700 0.053955 0.137817
v -0.433823 0.042217 0.139862
v -0.422928 0.069305 0.146133
v -0.110512 0.170776 0.354248
v -0.103516 0.170364 0.381836
v -0.149612 0.206100 0.315643
v -0.094040 0.044743 0.400635
v -0.159073 0.062176 0.430450
v -0.143387 0.062752 0.428772
v -0.171753 0.079269 0.431030
v -0.152496 0.064251 0.412750
v -0.126373 0.081482 0.423950
v -0.180420 0.086128 0.412415
v -0.180832 0.081276 0.434387
v -0.178177 0.144531 0.441925
v -0.156815 0.163849 0.427856
v -0.155624 0.164734 0.412720
v -0.127624 0.167023 0.414276
v -0.140930 0.157120 0.411438
v -0.182556 0.135544 0.412933
v -0.168442 0.134537 0.411743
v -0.181931 0.119072 0.411957
v -0.159882 0.142288 0.427002
v -0.140381 0.154495 0.424988
v -0.169739 0.101784 0.411133
v -0.132568 0.140930 0.416229
v -0.171295 0.118080 0.424225
v -0.151794 0.133148 0.416809
v -0.122307 0.115425 0.414764
v -0.161041 0.102493 0.423004
v -0.144882 0.102814 0.414215
v -0.119873 0.095612 0.420685
v -0.162476 0.091904 0.424744
v -0.147644 0.080765 0.424133
v -0.146454 0.079880 0.411133
v -0.070724 0.032553 0.400360
v -0.091614 0.036823 0.414947
v -0.104546 0.095734 0.435364
v -0.108406 0.113121 0.424652
v -0.104538 0.128929 0.425781
v -0.114716 0.148331 0.424652
v -0.114685 0.166092 0.420898
v -0.099503 0.185333 0.383850
v -0.093643 0.194458 0.364960
v -0.472244 0.017368 0.241333
v -0.452133 0.017596 0.263886
v -0.473892 0.031727 0.258057
v -0.462601 0.035917 0.234741
v -0.449234 0.044544 0.245529
v -0.467056 0.041985 0.251740
v -0.439194 0.022921 0.251709
v -0.450424 0.039082 0.262573
v -0.450577 0.094597 0.230148
v -0.434402 0.093430 0.237900
v -0.422806 0.092270 0.225021
vn -0.2047 -0.3307 -0.9213
vn 0.5971 0.6758 -0.4322
vn 0.9545 -0.1814 -0.2367
vn 0.9960 0.0632 0.0633
vn 0.7062 0.6826 0.1883
vn -0.5832 -0.4098 -0.7014
vn 0.0315 0.3630 -0.9312
vn 0.1100 0.9902 -0.0864
vn 0.4107 -0.2765 -0.8689
vn 0.1415 0.1180 -0.9829
vn -0.0394 0.4562 -0.8890
vn -0.2127 0.8273 -0.5200
vn -0.2210 0.9551 0.1973
vn 0.0943 0.9743 0.2044
vn 0.1572 0.8094 -0.5659
vn -0.0079 0.9290 -0.3700
vn 0.0158 0.6236 -0.7816
vn -0.2359 0.1572 -0.9590
vn 0.5208 -0.8050 0.2842
vn 0.9116 -0.2907 0.2908
vn 0.0552 -0.8665 -0.4962
vn 0.0471 -0.9507 -0.3065
vn -0.0786 -0.8562 0.5106
vn 0.1964 -0.8011 -0.5655
vn -0.4630 -0.5651 -0.6828
vn 0.2127 -0.5672 -0.7956
vn 0.0237 -0.9152 0.4024
vn 0.4493 -0.6699 0.5911
vn 0.2607 -0.9560 0.1343
vn 0.8054 -0.0237 0.5923
vn 0.6940 0.2997 -0.6546
vn 0.9448 -0.0551 -0.3228
vn 0.9634 0.2606 -0.0632
vn 0.8992 -0.2445 0.3629
vn 0.0789 -0.9949 0.0631
vn 0.6329 -0.7674 -0.1028
vn 0.9964 -0.0706 0.0471
vn 0.9910 -0.0079 -0.1337
vn 0.9916 0.1023 -0.0787
vn 0.9931 0.0394 -0.1103
vn 0.9706 -0.1262 -0.2052
vn 0.9151 -0.3471 -0.2051
vn 0.8355 -0.0788 -0.5438
vn 0.8591 -0.5044 0.0867
vn 0.9824 0.1729 -0.0707
vn -0.3067 -0.2123 -0.9278
vn -0.3684 -0.9015 -0.2273
vn 0.8073 -0.5643 0.1724
vn 0.8840 0.4341 0.1736
vn 0.5452 0.8217 -0.1659
vn 0.2752 0.9279 0.2516
vn 0.0157 -0.9753 -0.2202
vn -0.2903 -0.9569 -0.0000
vn -0.1423 -0.9647 0.2214
vn -0.3540 -0.9126 -0.2046
vn 0.0394 -0.9689 -0.2442
vn -0.2047 -0.9685 0.1417
vn 0.0078 -0.9438 0.3304
vn 0.2212 -0.9479 0.2291
vn 0.0629 -0.9272 0.3694
vn -0.4815 -0.8763 -0.0158
vn 0.8351 -0.4333 0.3388
vn -0.5900 -0.4957 0.6373
vn 0.7443 -0.5720 0.3447
vn 0.9475 -0.3000 0.1106
vn 0.9272 -0.0629 0.3693
vn 0.9714 0.0158 -0.2369
vn 0.9530 0.2677 -0.1418
vn 0.9758 0.1337 0.1732
vn 0.9694 -0.1655 0.1813
vn 0.9125 0.4090 -0.0079
vn 0.9678 -0.2518 -0.0079
vn 0.8831 -0.4257 0.1971
vn -0.0315 -0.7949 -0.6059
vn 0.6444 -0.1257 -0.7543
vn -0.6047 -0.0707 0.7933
vn -0.0472 0.1103 -0.9928
vn 0.1414 -0.8013 -0.5813
vn -0.0000 -0.9980 0.0629
vn -0.0000 -0.8148 0.5798
vn 0.0632 -0.9325 0.3556
vn 0.4575 -0.8046 -0.3787
vn 0.9798 -0.0632 -0.1897
vn 0.7485 -0.6067 0.2679
vn 0.7947 -0.6058 0.0393
vn 0.9935 -0.0947 0.0631
vn 0.9064 0.3389 0.2522
vn 0.8290 0.5448 0.1263
vn 0.9881 0.1490 0.0392
vn 0.5269 -0.8493 0.0315
vn -0.0945 -0.8585 -0.5041
vn 0.7608 -0.4628 -0.4550
vn 0.9968 -0.0785 0.0157
vn 0.4105 0.8920 0.1895
vn 0.7026 0.5447 -0.4579
vn -0.0948 0.0394 -0.9947
vn -0.0629 0.0157 -0.9979
vn 0.0392 -0.5025 -0.8637
vn -0.0000 0.0157 -0.9999
vn -0.0393 0.0079 -0.9992
vn -0.0315 0.9375 -0.3467
vn 0.0316 0.9536 -0.2995
vn -0.1342 0.9157 0.3789
vn 0.1181 0.9682 -0.2204
vn 0.0473 0.9213 0.3859
vn -0.2211 0.9714 -0.0869
vn -0.1809 0.5582 -0.8097
vn 0.2362 0.8109 -0.5353
vn 0.2281 0.6053 0.7626
vn -0.0947 0.9944 0.0474
vn -0.8513 0.4414 0.2837
vn -0.7232 0.6760 -0.1414
vn 0.1651 0.8573 -0.4876
vn -0.4639 0.7548 0.4638
vn -0.4082 0.9107 -0.0628
vn 0.3926 0.9185 0.0471
vn 0.3686 0.8391 0.4000
vn 0.6532 0.7083 0.2676
vn -0.2509 0.8780 -0.4077
vn -0.0708 0.3459 0.9356
vn -0.5519 0.2208 0.8042
vn -0.2994 0.6383 0.7092
vn -0.1415 0.8332 0.5345
vn 0.1496 0.9449 -0.2913
vn 0.1808 0.8098 -0.5582
vn -0.0000 0.8498 -0.5272
vn 0.8542 0.4666 -0.2294
vn 0.2211 0.8292 -0.5133
vn 0.1657 0.9072 0.3866
vn 0.7569 0.4337 0.4889
vn -0.0316 0.7743 0.6321
vn -0.3605 0.9325 -0.0236
vn -0.9191 -0.3928 0.0314
vn -0.8556 -0.3375 0.3925
vn -0.8317 0.3766 0.4080
vn -0.6456 0.7636 0.0079
vn 0.3632 0.0079 0.9317
vn -0.8730 -0.4876 -0.0079
vn -0.9947 0.0868 -0.0553
vn 0.7582 -0.6397 0.1264
vn 0.9670 -0.2516 0.0393
vn 0.7417 -0.6707 -0.0079
vn 0.5745 -0.8185 -0.0079
vn 0.7797 0.6222 0.0709
vn 0.9251 0.3795 -0.0158
vn 0.7149 0.6992 -0.0000
vn 0.0944 0.9911 0.0944
vn 0.9075 0.4182 -0.0395
vn 0.7224 0.6910 -0.0236
vn 0.6285 0.7778 -0.0079
vn 0.2370 0.9715 -0.0079
vn -0.2757 0.9611 -0.0158
vn -0.5117 0.7637 0.3936
vn 0.8928 0.4187 0.1659
vn 0.2444 -0.9697 0.0079
vn -0.3231 -0.9458 0.0315
vn -0.1578 -0.1341 0.9783
vn -0.8176 -0.5739 0.0472
vn -0.9388 0.3234 0.1184
vn 0.8731 0.0865 0.4799
vn -0.1181 0.3069 0.9444
vn 0.6904 0.7138 0.1177
vn 0.9502 0.2355 0.2042
vn 0.7698 -0.6206 0.1493
vn -0.9151 -0.3471 0.2051
vn -0.8980 0.4377 0.0447
vn -0.6574 0.6257 0.4198
vn 0.8743 0.4726 -0.1103
vn -0.9463 0.3233 0.0079
vn -0.5654 0.0236 -0.8245
vn 0.6285 0.7778 -0.0000
vn 0.9283 0.3697 -0.0393
vn 0.9052 0.4250 -0.0000
vn 0.9590 0.2830 -0.0157
vn 0.9802 -0.1976 -0.0158
vn 0.2996 -0.9540 -0.0079
vn 0.6787 -0.7340 -0.0237
vn 0.7885 -0.6150 -0.0000
vn 0.9930 0.1182 -0.0079
vn -0.7491 -0.6624 -0.0000
vn -0.8810 0.4720 -0.0314
vn -0.8440 -0.5126 -0.1577
vn -0.8976 -0.4173 -0.1417
vn -0.9805 -0.1961 -0.0078
vn -0.9747 0.2200 -0.0392
vn -0.1577 0.0552 -0.9859
vn -0.8556 0.3925 -0.3375
vn -0.7110 0.7031 -0.0079
vn -0.9386 0.3391 -0.0631
vn -0.7984 -0.5850 -0.1423
vn 0.9191 -0.3928 -0.0315
vn 0.9998 -0.0157 -0.0079
vn 0.8643 0.5029 -0.0079
vn 0.9735 0.2198 -0.0628
vn 0.1026 -0.9942 -0.0316
vn 0.9071 -0.4101 -0.0947
vn 0.9721 0.1976 -0.1265
vn 0.7745 0.6322 -0.0237
vn 0.6614 -0.7480 -0.0551
vn -0.6199 -0.7847 -0.0078
vn 0.0948 0.9955 -0.0079
vn 0.6061 0.7950 -0.0237
vn 0.0314 0.8493 -0.5269
vn 0.7557 0.5825 -0.2992
vn 0.7414 -0.2682 -0.6152
vn 0.8338 -0.4641 -0.2989
vn -0.8360 -0.5441 -0.0710
vn -0.9602 0.1810 -0.2125
vn -0.3532 -0.9260 0.1334
vn 0.6137 -0.3934 -0.6845
vn -0.6833 0.2356 -0.6911
vn -0.0787 -0.4801 -0.8737
vn -0.9372 0.1103 -0.3308
vn -0.0157 -0.6062 -0.7952
vn -0.0553 0.1898 -0.9803
vn -0.1729 0.1415 -0.9747
vn -0.7972 0.1184 -0.5920
vn 0.4032 0.1977 -0.8935
vn -0.2600 0.5356 -0.8034
vn 0.5425 0.4403 -0.7155
vn 0.5179 -0.0078 -0.8554
vn -0.0946 0.8672 -0.4888
vn -0.0550 0.9970 -0.0550
vn 0.1098 0.7372 -0.6667
vn -0.2045 0.2595 -0.9438
vn 0.4398 0.6912 -0.5734
vn 0.4107 -0.2212 -0.8845
vn -0.3237 0.2052 -0.9236
vn -0.3786 -0.7808 -0.4969
vn -0.0079 -0.3632 -0.9317
vn 0.9196 -0.1100 -0.3772
vn -0.8853 0.1422 -0.4427
vn -0.9667 -0.0786 -0.2437
vn -0.5282 0.8199 -0.2207
vn 0.6919 0.4481 -0.5661
vn -0.0316 0.9957 0.0869
vn -0.3072 0.9452 -0.1103
vn 0.8488 0.0472 -0.5266
vn 0.1733 0.9846 -0.0236
vn 0.8410 -0.4402 -0.3144
vn -0.1340 0.9771 0.1654
vn 0.9839 -0.1181 0.1338
vn 0.9753 -0.0157 -0.2203
vn 0.7179 -0.2130 -0.6627
vn 0.0079 -0.9995 0.0315
vn 0.8896 0.2676 0.3700
vn -0.8718 0.4713 0.1336
vn 0.0628 0.9979 0.0157
vn 0.5514 0.8193 0.1575
vn 0.9796 0.1254 -0.1568
vn 0.9582 -0.2278 0.1728
vn 0.7613 -0.5101 -0.4003
vn 0.9508 -0.2515 0.1807
vn 0.9766 -0.2127 0.0315
vn 0.1501 0.0474 0.9875
vn 0.8711 -0.1099 -0.4787
vn 0.9918 0.0866 -0.0945
vn 0.9899 -0.1178 -0.0786
vn 0.7628 0.6134 -0.2045
vn 0.5651 0.6828 -0.4631
vn 0.1026 0.4417 0.8913
vn 0.0787 0.6687 -0.7394
vn 0.3392 0.9230 0.1814
vn -0.3146 0.7787 -0.5428
vn -0.1335 0.9345 -0.3299
vn 0.1727 0.9812 0.0863
vn -0.3222 0.8253 0.4638
vn 0.9964 -0.0784 -0.0314
vn 0.7254 0.1577 -0.6701
vn 0.7944 0.0471 0.6056
vn 0.9534 -0.2522 0.1654
vn 0.6789 0.2131 -0.7026
vn 0.7825 -0.5849 0.2134
vn 0.9009 -0.4267 0.0790
vn 0.2287 -0.8594 0.4572
vn 0.6686 -0.2910 0.6843
vn 0.3779 -0.6929 0.6141
vn 0.8292 0.5133 -0.2212
vn 0.4082 0.9107 -0.0628
vn 0.2040 0.1099 0.9728
vn 0.5206 0.7572 0.3944
vn 0.7377 0.5493 0.3924
vn 0.9059 0.1339 0.4017
vn 0.9157 0.2842 -0.2842
vn 0.9704 -0.1499 0.1894
vn 0.8919 -0.4498 0.0474
vn -0.6206 -0.4792 0.6206
vn 0.9118 -0.4087 0.0393
vn -0.0157 -0.5886 0.8083
vn -0.0315 0.1259 -0.9915
vn 0.9540 -0.2681 -0.1341
vn 0.9603 0.0787 0.2677
vn 0.6008 0.7272 -0.3320
vn 0.9793 0.1264 0.1580
vn 0.8311 -0.5541 0.0475
vn 0.9735 0.2198 0.0628
vn 0.9672 -0.2359 -0.0944
vn 0.9783 -0.1972 -0.0631
vn 0.8355 0.5438 -0.0788
vn 0.4889 0.8516 0.1892
vn 0.0079 0.9969 -0.0785
vn 0.6824 0.0471 -0.7295
vn 0.2528 -0.9088 -0.3319
vn 0.9133 -0.2676 -0.3071
vn 0.9915 0.0314 -0.1259
vn 0.9223 0.0788 -0.3784
vn 0.8831 -0.4495 -0.1340
vn 0.9125 0.4091 -0.0000
vn 0.9549 -0.2841 0.0868
vn 0.8894 -0.0237 -0.4565
vn 0.7784 -0.5818 -0.2359
vn 0.9861 -0.1656 -0.0158
vn 0.9370 -0.0866 -0.3386
vn 0.9969 0.0078 -0.0785
vn 0.8629 -0.2981 0.4080
vn 0.8056 -0.4344 -0.4028
vn 0.7106 -0.6949 -0.1106
vn 0.5854 -0.8069 0.0791
vn 0.9348 -0.3221 0.1493
vn -0.4235 -0.3215 -0.8469
vn 0.3768 -0.9262 -0.0157
vn 0.9898 -0.1414 0.0157
vn 0.5119 -0.8585 0.0315
vn 0.8282 -0.5600 0.0237
vn 0.9375 0.3467 0.0315
vn -0.3862 -0.9221 -0.0236
vn -0.3861 -0.9219 -0.0315
vn -0.7070 -0.7070 -0.0157
vn -0.9438 -0.2595 -0.2045
vn 0.0626 -0.7364 0.6737
vn -0.0157 -0.9991 0.0393
vn 0.3315 -0.8918 -0.3078
vn -0.6389 -0.7652 -0.0789
vn -0.6702 -0.7412 0.0395
vn -0.9718 0.2291 0.0553
vn 0.9992 -0.0079 0.0394
vn 0.7489 0.6622 0.0237
vn 0.9999 0.0079 -0.0079
vn 0.9915 0.1181 0.0551
vn 0.0157 -0.3303 -0.9437
vn -0.0865 -0.6925 0.7162
vn -0.2906 -0.9188 0.2670
vn 0.2688 -0.8853 0.3794
vn -0.1571 -0.9662 0.2042
vn -0.0711 -0.6478 -0.7584
vn 0.1967 -0.1574 -0.9677
vn -0.0314 -0.9994 -0.0157
vn -0.3145 0.8098 -0.4953
vn -0.3061 0.9263 -0.2197
vn -0.1813 0.4335 -0.8827
vn 0.0395 0.7810 -0.6233
vn 0.8584 -0.0315 -0.5119
vn -0.2283 -0.8973 -0.3778
vn -0.7782 -0.0943 -0.6209
vn -0.9605 -0.2441 -0.1338
vn 0.0949 -0.9648 0.2451
vn -0.1338 -0.6848 0.7163
vn -0.1415 -0.5581 0.8176
vn -0.7628 -0.6134 0.2045
vn -0.3784 0.2522 0.8906
vn -0.2370 0.4502 -0.8609
vn -0.1336 0.1335 -0.9820
vn -0.2058 0.1180 -0.9714
vn 0.4314 0.0157 -0.9020
vn -0.4237 -0.4787 -0.7690
vn -0.8940 -0.3323 0.3006
vn 0.6923 0.6845 -0.2282
vn 0.9519 0.2045 -0.2281
vn 0.9383 0.2366 -0.2523
vn 0.6518 0.7304 -0.2042
vn 0.9743 0.0943 -0.2043
vn 0.7498 0.6236 0.2210
vn -0.9400 0.3319 0.0790
vn -0.9642 -0.2608 -0.0474
vn -0.8184 -0.5744 0.0157
vn -0.6670 0.6828 -0.2982
vn -0.9051 0.3305 -0.2676
vn -0.8913 -0.1025 -0.4417
vn -0.9770 0.2127 0.0158
vn -0.9668 0.1808 -0.1808
vn -0.8491 0.4245 0.3144
vn 0.0707 -0.0079 -0.9975
vn -0.8668 -0.4965 0.0473
vn -0.9205 -0.2518 0.2989
vn -0.8497 -0.5272 0.0079
vn -0.5297 0.1739 -0.8302
vn 0.9706 -0.1578 -0.1815
vn -0.8974 0.4408 0.0157
vn -0.6868 0.1105 0.7184
vn 0.8327 0.4713 -0.2906
vn 0.1026 0.6711 -0.7342
vn -0.6992 0.7149 -0.0079
vn 0.0314 0.6282 -0.7774
vn 0.1420 0.9861 -0.0868
vn -0.4557 0.8328 -0.3142
vn -0.6911 0.7226 0.0157
vn -0.9490 0.3137 0.0314
vn -0.0709 0.3623 -0.9294
vn 0.5883 0.7687 -0.2510
vn 0.4888 0.1498 0.8594
vn -0.2590 0.9654 0.0314
vn 0.9565 -0.1490 -0.2509
vn 0.1736 -0.8679 -0.4655
vn 0.0862 -0.4075 -0.9091
vn 0.0946 -0.9924 -0.0788
vn 0.5989 -0.7801 -0.1812
vn 0.8549 -0.4863 -0.1804
vn 0.7959 -0.4728 0.3782
vn 0.9910 -0.0865 -0.1022
vn 0.7623 -0.3143 0.5658
vn 0.3925 -0.7066 -0.5888
vn -0.6216 -0.2990 -0.7240
vn -0.9052 -0.4250 0.0079
vn 0.8891 -0.4012 -0.2203
vn 0.8741 0.4568 -0.1653
vn 0.2591 0.0157 -0.9657
vn 0.9380 -0.3310 -0.1025
vn 0.9749 0.1494 0.1651
vn 0.9787 -0.2052 -0.0000
vn 0.9522 0.1731 -0.2519
vn 0.6703 0.7414 0.0316
vn 0.6544 -0.7411 -0.1498
vn 0.7616 -0.6124 -0.2120
vn 0.1810 -0.0000 0.9835
vn 0.8272 0.0551 -0.5593
vn 0.9861 0.1657 0.0158
vn 0.9423 -0.2591 0.2120
vn 0.8124 -0.5363 0.2287
vn 0.3383 0.6924 0.6373
vn -0.6706 -0.7417 -0.0158
vn 0.9531 0.1890 -0.2363
vn 0.7776 -0.0236 -0.6284
vn -0.7362 -0.2771 -0.6175
vn -0.5425 0.7154 -0.4403
vn 0.1335 0.6046 0.7852
vn -0.8667 0.1339 0.4806
vn -0.8044 0.1104 0.5837
vn 0.8391 -0.2275 0.4941
vn 0.1179 0.9829 0.1415
vn 0.0947 0.9071 -0.4102
vn -0.3231 0.9221 -0.2128
vn 0.1413 0.0393 -0.9892
vn -0.0864 -0.8252 -0.5581
vn -0.6146 -0.1182 -0.7800
vn -0.1896 0.5133 -0.8370
vn -0.8138 -0.1185 -0.5689
vn -0.0314 -0.3302 -0.9434
vn 0.0711 0.7584 -0.6479
vn 0.4089 0.0315 -0.9120
vn -0.7952 0.3701 -0.4803
vn -0.9861 0.0868 0.1420
vn -0.6077 0.7814 0.1421
vn 0.1261 -0.9458 0.2994
vn 0.4799 -0.4720 0.7395
vn -0.3545 -0.8586 0.3703
vn -0.8326 -0.5263 0.1728
vn 0.8054 -0.0236 0.5923
vn -0.8698 -0.4153 0.2664
vn -0.0315 -0.1259 -0.9915
vn -0.1422 -0.2844 -0.9481
vn -0.9936 0.1025 -0.0473
vn -0.8950 0.1963 -0.4005
vn -0.9400 -0.0316 -0.3396
vn 0.5733 -0.7147 -0.4006
vn -0.7723 -0.4414 0.4570
vn -0.0471 -0.8176 0.5739
vn -0.7687 -0.5883 0.2510
vn 0.0236 -0.9152 0.4024
vn 0.6528 0.0629 0.7549
vn 0.8112 0.0473 -0.5828
vn 0.6624 0.7491 0.0079
vn 0.8440 0.5364 -0.0000
vn 0.9975 -0.0707 -0.0000
vn -0.8406 0.2670 -0.4713
vn -0.2435 -0.9427 0.2279
vn 0.1973 -0.9788 -0.0552
vn -0.4188 -0.8928 0.1659
vn 0.0394 -0.8277 -0.5597
vn -0.2524 -0.2365 -0.9383
vn -0.9736 -0.1492 0.1728
vn -0.9472 0.1973 -0.2526
vn 0.0392 0.2276 -0.9730
vn 0.8724 -0.2279 0.4323
vn 0.7166 -0.6930 0.0788
vn 0.9754 0.2203 -0.0000
vn 0.7226 -0.6912 -0.0079
vn 0.9947 -0.1026 -0.0079
vn -0.7525 0.6584 -0.0157
vn 0.9288 -0.3699 0.0237
vn 0.2050 -0.9776 0.0473
vn -0.5686 -0.7660 0.3001
vn -0.5121 -0.8589 -0.0079
vn -0.9768 -0.2127 0.0236
vn -0.3537 -0.9352 0.0157
vn -0.8941 0.0236 0.4472
vn -0.9444 0.3070 0.1180
vn -0.6000 0.7975 0.0631
vn -0.8934 -0.3953 -0.2135
vn -0.4407 0.7948 0.4172
vn -0.9780 -0.2050 0.0395
vn -0.9183 -0.3846 -0.0942
vn -0.8138 0.5373 -0.2213
vn -0.8274 -0.0473 -0.5596
vn -0.9790 0.1184 0.1658
vn -0.4241 -0.6204 -0.6597
vn -0.9572 -0.2197 0.1883
vn -0.9939 0.1105 -0.0000
vn -0.9995 0.0315 0.0079
vn -0.9920 -0.0000 -0.1260
vn -0.9348 -0.3378 -0.1100
vn -0.9551 -0.2210 0.1973
vn -0.9715 -0.2369 -0.0079
vn -0.9862 0.1657 -0.0000
vn 0.9290 0.3700 -0.0079
vn 0.9754 -0.2202 -0.0079
vn -0.6871 0.7266 -0.0000
vn -0.9820 0.1885 -0.0079
vn 0.9404 0.3398 -0.0079
vn 0.5419 0.8404 -0.0079
vn 0.9540 -0.2996 -0.0079
vn 0.7149 -0.6992 -0.0079
vn 0.6150 -0.7885 -0.0079
vn 0.6540 -0.7564 -0.0079
vn 0.4730 -0.8751 -0.1025
vn 0.0863 -0.9962 -0.0079
vn -0.9816 -0.0314 -0.1884
vn 0.8017 -0.5265 -0.2829
vn 0.8047 0.5917 -0.0473
vn 0.9071 0.0947 -0.4102
vn 0.7081 0.6845 -0.1731
vn 0.0629 0.9980 -0.0079
vn 0.3698 0.9286 -0.0315
vn -0.2830 0.9590 -0.0157
vn -0.9803 0.1977 -0.0000
vn -0.9989 -0.0472 -0.0079
vn 0.8147 0.5797 -0.0157
vn 0.5125 -0.1104 -0.8515
vn 0.9771 0.2127 -0.0079
vn 0.7252 0.1891 -0.6621
vn -0.1808 -0.9827 -0.0393
vn 0.0315 -0.9987 -0.0393
vn 0.2757 -0.7326 -0.6223
vn -0.0079 0.0315 0.9995
vn -0.8950 -0.1963 0.4004
vn 0.2911 -0.9520 0.0944
vn -0.6824 -0.7295 0.0471
vn -0.5834 -0.8120 0.0158
vn -0.7950 -0.6061 -0.0236
vn -0.9984 0.0472 -0.0315
vn -0.9980 0.0314 0.0550
vn -0.9905 0.1179 -0.0707
vn -0.8920 0.4341 -0.1263
vn -0.9695 0.0157 0.2444
vn -0.7069 -0.7069 -0.0235
vn -0.7029 0.7109 -0.0237
vn -0.9954 -0.0869 -0.0395
vn -0.9992 -0.0078 -0.0394
vn -0.8846 0.4582 0.0869
vn -0.7635 0.6454 -0.0236
vn -0.9962 -0.0863 0.0078
vn -0.9268 -0.3613 0.1021
vn -0.9910 -0.1337 -0.0079
vn -0.9034 0.4242 0.0629
vn -0.9810 -0.0471 0.1884
vn -0.7010 -0.7088 0.0787
vn -0.8870 0.4396 -0.1413
vn -0.9457 -0.3153 -0.0788
vn -0.9458 -0.3231 0.0315
vn -0.8283 0.5601 0.0158
vn 0.8187 -0.4802 0.3149
vn 0.9527 0.2913 0.0866
vn 0.6427 -0.0941 0.7603
vn 0.9048 0.4092 0.1180
vn 0.5769 -0.7192 0.3872
vn 0.9961 0.0627 -0.0627
vn 0.3225 -0.0708 -0.9439
vn 0.8579 -0.0472 -0.5116
vn 0.1492 0.2121 -0.9658
vn -0.0392 0.3136 -0.9487
vn -0.2435 0.5105 -0.8247
vn -0.8176 -0.1415 -0.5581
vn -0.9154 0.0789 -0.3946
vn -0.0944 0.2359 -0.9672
vn 0.0079 0.2370 -0.9715
vn 0.6789 0.0079 -0.7342
vn 0.0237 0.9952 0.0948
vn 0.0709 0.7014 -0.7092
vn 0.2604 -0.3077 -0.9152
vn -0.2128 0.0079 -0.9771
vn -0.8054 0.0237 -0.5922
vn -0.8328 -0.3143 0.4557
vn -0.3542 0.5510 0.7556
vn -0.6695 0.4175 -0.6144
vn 0.1491 0.1255 -0.9808
vn -0.4974 -0.1105 0.8605
vn 0.1415 -0.8570 0.4954
vn 0.7504 -0.1659 0.6398
vn 0.8637 0.4790 -0.1570
vn 0.0553 -0.9638 0.2607
vn -0.0236 -0.8586 0.5121
vn 0.5973 0.0236 0.8016
vn -0.3455 0.0864 0.9344
vn 0.9346 -0.0393 0.3534
vn 0.8052 -0.0316 0.5921
vn -0.6870 0.2369 -0.6870
vn -0.9712 0.0237 0.2369
vn 0.2515 -0.0472 -0.9667
vn -0.0791 -0.7433 -0.6643
vn 0.0550 -0.5264 0.8485
vn -0.8782 -0.0862 0.4704
vn 0.5125 -0.5913 0.6227
vn 0.7144 -0.0392 -0.6987
vn -0.4492 0.1812 -0.8748
vn -0.8121 0.5834 0.0079
vn -0.5832 0.6305 -0.5122
vn -0.7471 -0.1258 0.6527
vn 0.7171 -0.5122 -0.4728
vn -0.4110 0.9089 -0.0711
vn 0.8042 0.5519 -0.2207
vn 0.0946 -0.4734 0.8758
vn 0.7541 0.6520 0.0785
vn -0.1412 -0.6430 0.7527
vn 0.3870 0.8215 0.4187
vn -0.3371 -0.0391 0.9407
vn -0.3775 0.8651 -0.3303
vn 0.3147 0.9286 -0.1968
vn -0.7168 0.6774 0.1654
vn -0.1885 0.9820 0.0079
vn -0.4092 0.8892 -0.2046
vn -0.8258 0.3618 -0.4325
vn -0.8534 0.5057 -0.1264
vn -0.9827 -0.0393 -0.1808
vn 0.9798 -0.1975 -0.0316
vn 0.9771 0.2128 -0.0000
vn -0.9770 -0.2127 0.0158
vn -0.6989 0.1099 -0.7067
vn -0.6216 0.2990 -0.7240
vn -0.8552 0.5178 -0.0236
vn -0.1178 0.9893 -0.0864
vn 0.4013 0.8891 -0.2203
vn 0.5436 0.6461 -0.5358
vn -0.1655 0.9694 -0.1813
vn 0.1496 0.9290 -0.3386
vn 0.2133 0.9478 -0.2370
vn 0.4967 0.8673 -0.0315
vn 0.3935 0.8578 -0.3306
vn 0.9654 0.1805 -0.1883
vn -0.4095 0.8191 -0.4017
vn -0.5212 0.8371 -0.1659
vn 0.6611 0.1653 -0.7319
vn 0.3542 0.6768 0.6454
vn -0.0710 0.8036 0.5909
vn -0.9064 0.4098 -0.1025
vn 0.7066 0.6673 -0.2355
vn -0.3698 0.9205 -0.1259
vn -0.9083 0.4107 0.0790
vn -0.8978 0.4332 0.0788
vn -0.2452 -0.9491 -0.1977
vn 0.8439 -0.3549 -0.4023
vn 0.5059 0.3952 -0.7667
vn -0.1807 -0.9586 -0.2200
vn -0.2448 -0.9476 -0.2053
vn -0.5037 -0.8263 0.2519
vn -0.0236 -0.9784 0.2052
vn -0.4968 -0.8279 0.2602
vn -0.0393 -0.9981 0.0472
vn 0.5028 -0.8642 0.0158
vn -0.2928 -0.9416 0.1662
vn 0.0868 -0.9149 0.3943
vn 0.7875 0.6064 -0.1103
vn 0.8183 0.5744 -0.0236
vn -0.1181 -0.9839 0.1338
vn 0.4090 -0.9122 0.0236
vn 0.8263 -0.5588 -0.0708
vn 0.8277 -0.4887 -0.2759
vn 0.4470 -0.8940 -0.0314
vn 0.0395 -0.9954 0.0869
vn 0.1897 -0.9798 0.0632
vn 0.8896 -0.4566 -0.0079
vn 0.7520 -0.6580 0.0392
vn -0.0868 -0.9871 0.1342
vn 0.8209 -0.5684 0.0553
vn 0.5440 -0.7489 0.3784
vn 0.6714 -0.6319 0.3871
vn 0.2125 -0.9680 0.1338
vn 0.3792 -0.2133 0.9004
vn 0.5976 -0.5347 0.5976
vn 0.4572 -0.5756 0.6780
vn -0.0000 -0.9125 0.4091
vn 0.0871 -0.6252 0.7756
vn -0.0869 -0.9636 0.2528
vn -0.1024 -0.8116 0.5752
vn -0.0631 -0.9544 0.2919
vn -0.0394 -0.6451 0.7631
vn -0.1104 -0.9858 0.1262
vn 0.9054 -0.4173 0.0788
vn 0.5255 -0.6432 0.5570
vn 0.9795 -0.1816 -0.0869
vn 0.9372 0.1102 0.3308
vn 0.9938 -0.0789 0.0789
vn 0.9961 0.0395 -0.0791
vn 0.8408 0.5265 0.1257
vn 0.1105 0.9939 -0.0000
vn 0.2444 0.9460 0.2128
vn 0.3002 0.4977 0.8137
vn -0.0000 0.9992 -0.0394
vn 0.1498 0.8040 0.5754
vn 0.0316 0.9482 0.3161
vn 0.1105 0.7737 0.6238
vn 0.2515 0.1807 0.9508
vn 0.1500 0.9314 0.3316
vn 0.0633 -0.4273 0.9019
vn 0.1100 0.2907 0.9505
vn 0.0553 -0.3157 0.9472
vn 0.2992 -0.7952 0.5275
vn 0.1026 -0.0236 0.9944
vn 0.1257 0.2829 0.9509
vn 0.6860 0.0552 0.7255
vn 0.7642 0.5672 0.3072
vn 0.7641 -0.5672 0.3073
vn 0.8277 -0.0394 0.5598
vn 0.8958 0.0629 0.4400
vn 0.3231 -0.2128 0.9221
vn 0.3858 0.8582 0.3386
vn 0.2681 0.7726 0.5755
vn 0.1654 0.5121 0.8429
vn 0.0785 0.9966 0.0235
vn 0.0629 0.9034 0.4242
vn -0.0157 0.9996 -0.0236
vn -0.0079 0.9975 -0.0707
vn 0.0553 0.9883 -0.1423
vn -0.1264 0.9793 -0.1580
vn 0.0078 0.8864 0.4628
vn -0.0079 0.9995 0.0315
vn 0.1181 0.9919 0.0473
vn -0.0157 0.9988 0.0472
vn -0.1103 0.9928 -0.0473
vn -0.4089 0.9121 -0.0315
vn 0.8833 0.4574 0.1025
vn -0.0079 0.9995 -0.0315
vn -0.0472 0.8805 -0.4717
vn -0.1104 0.6622 -0.7411
vn 0.0472 0.9667 -0.2515
vn 0.1882 0.7684 -0.6117
vn 0.2277 0.7929 -0.5652
vn -0.0000 0.9997 -0.0236
vn -0.0867 0.9931 -0.0789
vn -0.0079 0.9997 -0.0236
vn 0.0079 1.0000 -0.0000
vn 0.0629 0.9752 0.2124
vn 0.0315 0.9925 0.1182
vn 0.2286 0.4573 0.8594
vn 0.3158 -0.0552 0.9472
vn 0.2591 -0.1727 0.9503
vn 0.2443 -0.4019 0.8825
vn -0.1027 -0.7190 0.6874
vn -0.3148 -0.9129 0.2597
vn 0.3227 -0.7399 0.5903
vn 0.0551 -0.7873 0.6141
vn -0.1340 -0.8910 0.4337
vn -0.5671 -0.8113 0.1418
vn 0.2434 -0.9499 0.1963
vn -0.2591 -0.9657 0.0157
vn 0.0314 -0.9984 0.0471
vn 0.0079 -0.9899 0.1415
vn -0.4557 -0.8328 0.3143
vn -0.0070 -0.9407 0.3391
vn -0.4565 -0.8578 0.2360
vn -0.2513 -0.9659 0.0628
vn -0.5649 -0.8238 -0.0471
vn -0.3696 -0.9280 0.0472
vn 0.3143 -0.9429 0.1100
vn 0.6619 -0.7486 -0.0394
vn 0.4248 -0.9047 0.0315
vn 0.3547 -0.9302 0.0946
vn 0.6225 -0.7801 0.0630
vn -0.6936 -0.6857 0.2207
vn -0.6944 -0.7180 0.0473
vn -0.2518 -0.9677 -0.0079
vn -0.0314 -0.9975 0.0628
vn -0.9272 -0.3693 0.0628
vn -0.1025 -0.9936 0.0473
vn -0.1022 -0.9903 0.0943
vn -0.0000 -0.9787 0.2053
vn -0.6686 -0.7394 0.0787
vn 0.6300 -0.7718 0.0866
vn -0.7015 -0.7015 -0.1261
vn -0.6307 -0.7253 0.2760
vn -0.1339 -0.6220 0.7715
vn -0.3790 -0.9237 -0.0552
vn -0.2362 -0.6298 -0.7400
vn 0.1733 -0.9848 -0.0079
vn -0.0395 -0.5688 -0.8215
vn -0.1576 -0.3545 -0.9217
vn -0.1809 -0.4956 -0.8495
vn 0.1415 -0.9747 0.1730
vn -0.0158 -0.8439 0.5363
vn 0.4573 -0.8752 -0.1577
vn 0.1023 -0.2283 -0.9682
vn -0.0788 -0.0867 -0.9931
vn -0.0079 -0.2996 -0.9540
vn -0.1887 -0.2987 -0.9355
vn -0.0630 -0.6225 -0.7801
vn -0.9595 -0.2281 -0.1652
vn 0.0392 -0.1884 -0.9813
vn 0.1573 -0.3776 -0.9125
vn -0.0078 -0.4315 -0.9021
vn -0.1343 -0.4899 -0.8614
vn -0.6745 -0.7372 0.0392
vn -0.6376 -0.7557 0.1496
vn 0.8974 0.0157 -0.4408
vn 0.5489 -0.7998 -0.2431
vn -0.6150 -0.7885 0.0079
vn -0.0786 0.9582 0.2749
vn -0.8470 0.1961 0.4941
vn -0.3389 0.9064 0.2522
vn 0.3475 -0.9320 -0.1027
vn 0.9421 0.3140 -0.1177
vn 0.3223 -0.9434 0.0786
vn -0.7551 -0.5663 0.3304
vn -0.8594 -0.1498 0.4889
vn 0.8096 0.5817 -0.0786
vn 0.2843 0.9555 -0.0790
vn 0.4640 0.8808 0.0944
vn -0.8485 -0.5264 -0.0551
vn -0.1259 -0.9913 0.0394
vn -0.8007 -0.5966 -0.0550
vn -0.9576 -0.2748 -0.0864
vn -0.9467 -0.2762 0.1657
vn -0.9623 -0.2367 0.1341
vn -0.4657 -0.8840 -0.0394
vn -0.6870 -0.7265 -0.0158
vn -0.8493 -0.5270 0.0315
vn -0.8491 -0.5267 -0.0393
vn -0.8440 -0.0079 -0.5363
vn -0.4327 -0.1495 -0.8891
vn -0.2830 0.8883 -0.3616
vn -0.1967 -0.0944 -0.9759
vn -0.0473 0.9838 -0.1731
vn -0.0079 0.9251 -0.3795
vn -0.0472 0.9981 0.0393
vn 0.4643 0.6532 -0.5981
vn 0.0706 -0.2511 -0.9654
vn -0.2765 0.8611 -0.4266
vn 0.0471 0.9899 -0.1335
vn 0.0707 0.9747 -0.2122
vn -0.0079 0.9820 -0.1886
vn 0.0314 0.9349 -0.3535
vn 0.6529 -0.1967 -0.7315
vn 0.1255 -0.7685 -0.6274
vn 0.3528 0.1411 -0.9250
vn -0.0078 0.0863 -0.9962
vn -0.0394 0.8757 -0.4812
vn -0.0315 -0.7487 -0.6621
vn -0.7576 0.6314 0.1657
vn 0.1724 0.8779 -0.4468
vn 0.0785 0.9351 -0.3457
vn -0.0393 0.9977 -0.0550
vn -0.1024 0.9766 -0.1890
vn -0.1886 0.9821 -0.0000
vn -0.1808 0.6211 -0.7626
vn -0.2440 0.5666 -0.7870
vn -0.0157 0.9736 -0.2277
vn -0.0552 0.9140 -0.4019
vn -0.0000 0.9995 -0.0315
vn 0.0158 0.9998 -0.0158
vn 0.2593 0.7465 -0.6129
vn 0.3464 0.9369 -0.0473
vn 0.0079 0.9995 -0.0314
vn -0.0000 0.9992 -0.0393
vn 0.0550 0.9984 -0.0157
vn 0.0157 0.9988 -0.0472
vn -0.0707 0.9975 -0.0000
vn 0.1026 0.9946 0.0158
vn -0.1102 0.9914 -0.0708
vn -0.0157 0.9979 -0.0629
vn -0.0236 0.9989 -0.0393
vn 0.1738 0.9794 -0.1027
vn -0.0549 0.9984 -0.0158
vn 0.1890 0.9448 0.2676
vn 0.1970 0.9453 0.2600
vn 0.4268 0.1423 0.8931
vn 0.4263 -0.1499 0.8921
vn 0.3943 -0.1498 0.9067
vn 0.2841 -0.2288 0.9311
vn 0.1809 -0.0000 0.9835
vn 0.0864 -0.4951 0.8645
vn 0.0552 -0.6941 0.7178
vn 0.1809 -0.9832 -0.0236
vn 0.5268 -0.8491 0.0393
vn 0.0948 -0.9954 -0.0158
vn -0.0236 -0.9460 -0.3233
vn 0.2747 -0.7143 -0.6436
vn 0.1892 -0.8121 -0.5519
vn 0.3631 -0.9314 -0.0237
vn 0.6453 -0.7633 -0.0315
vn -0.0627 -0.9961 0.0627
vn -0.0786 -0.9195 -0.3851
vn -0.0316 -0.9869 0.1579
vn -0.1501 -0.9875 -0.0475
vn -0.0394 -0.9931 -0.1104
vn -0.0791 -0.7831 -0.6169
vn -0.0706 -0.9967 -0.0393
vn -0.0786 -0.5817 -0.8096
vn -0.1581 -0.9720 0.1738
vn -0.3468 -0.9378 -0.0158
vn -0.1101 -0.9902 0.0864
vn -0.2979 -0.8703 0.3921
vn -0.0470 -0.6278 -0.7770
vn 0.2676 -0.7083 -0.6532
vn 0.5209 -0.8286 -0.2052
vn -0.0000 -0.9787 0.2052
vn 0.1337 -0.9909 -0.0157
vn 0.0785 -0.9969 0.0078
vn -0.1579 -0.9867 0.0395
vn -0.1886 -0.9818 0.0236
vn -0.6127 -0.7856 0.0864
vn -0.2758 -0.9612 0.0079
vn -0.2198 -0.9653 0.1413
vn -0.0316 -0.9934 0.1104
vn 0.0551 -0.9847 0.1655
vn -0.3152 -0.9457 0.0788
vn 0.0707 -0.9970 -0.0314
vn -0.0473 -0.9928 0.1103
vn -0.1260 -0.9919 -0.0157
vn 0.0157 -0.9753 -0.2203
vn 0.0079 -0.9591 -0.2830
vn 0.0785 -0.8948 -0.4395
vn -0.2054 -0.9715 -0.1185
vn -0.1100 -0.9348 -0.3378
vn -0.0630 -0.9444 -0.3226
vn -0.1181 -0.9682 -0.2203
vn -0.1260 -0.9920 -0.0000
vn 0.3708 -0.9152 -0.1578
vn -0.0158 -0.9919 -0.1260
vn 0.0078 -0.9962 -0.0863
vn -0.1023 -0.9916 0.0787
vn -0.0316 -0.8529 -0.5212
vn -0.0949 -0.9955 -0.0079
vn -0.0237 -0.9752 -0.2202
vn -0.9210 -0.3857 0.0551
vn -0.0079 -1.0000 -0.0000
vn 0.0314 -0.9970 0.0707
vn 0.0315 -0.9434 0.3302
vn 0.0316 -0.4967 0.8673
vn -0.0710 -0.0868 -0.9937
vn -0.1101 -0.0786 -0.9908
vn -0.1106 -0.7738 -0.6238
vn -0.0869 0.1817 -0.9795
vn -0.2121 0.2278 -0.9503
vn -0.1181 -0.3069 -0.9444
vn -0.1106 0.9632 -0.2448
vn -0.1259 0.4563 -0.8809
vn -0.0236 0.9515 -0.3067
vn -0.0630 -0.9444 -0.3227
vn -0.0551 -0.9834 -0.1731
vn -0.4264 -0.6317 -0.6475
vn -0.3086 -0.8149 -0.4906
vn -0.1413 0.4553 -0.8791
vn -0.0237 0.9936 -0.1104
vn -0.2366 0.9383 -0.2523
vn -0.1500 0.0631 -0.9867
vn -0.0315 0.9047 -0.4249
vn 0.0629 -0.9980 0.0078
vn -0.0632 -0.6001 -0.7975
vn -0.0472 -0.9981 0.0393
vn 0.2435 -0.7935 -0.5578
vn -0.0550 0.0471 -0.9974
vn -0.0790 0.6559 -0.7507
vn 0.1968 0.9759 -0.0944
vn 0.0947 -0.1816 -0.9788
vn -0.9391 -0.1815 -0.2919
vn -0.5594 -0.8193 0.1261
vn -0.7988 -0.2531 -0.5457
vn 0.0395 -0.9795 -0.1975
vn 0.4966 -0.5518 -0.6700
vn -0.9691 -0.2206 0.1103
vn -0.1502 0.0237 0.9884
vn -0.6160 0.4154 -0.6693
vn -0.3143 0.2043 -0.9271
vn 0.0079 -0.4661 -0.8847
vn 0.3378 -0.2357 -0.9112
vn 0.3380 -0.7073 -0.6209
vn 0.2041 -0.9419 -0.2668
vn 0.0553 -0.8368 -0.5447
vn 0.6706 -0.7416 -0.0158
vn 0.0393 -0.9992 -0.0079
vn 0.2758 -0.9612 -0.0000
vn 0.7950 0.0236 -0.6061
vn 0.4713 -0.1336 -0.8718
vn -0.0157 -0.0393 -0.9991
vn 0.0079 0.9540 -0.2996
vn 0.8253 -0.1572 -0.5423
vn 0.9479 0.1580 -0.2765
vn 0.8454 0.2607 -0.4661
vn 0.1884 0.0393 -0.9813
vn 0.7863 0.4168 -0.4560
vn 0.9304 0.1582 -0.3306
vn 0.8805 0.3616 -0.3066
vn 0.2761 0.1657 -0.9467
vn 0.2680 0.2207 -0.9378
vn 0.2123 0.3302 -0.9197
vn 0.3863 0.3547 -0.8514
vn 0.5878 0.4703 -0.6583
vn 0.6315 0.6315 -0.4500
vn 0.8017 0.5423 -0.2515
vn 0.7647 0.6228 -0.1656
vn 0.7003 0.6925 -0.1732
vn 0.7468 0.6604 -0.0787
vn 0.7881 0.6147 0.0315
vn 0.9049 0.4014 -0.1417
vn 0.9678 0.2518 0.0079
vn -0.0079 0.9081 -0.4186
vn 0.7460 0.5261 -0.4083
vn 0.6127 0.6285 -0.4792
vn 0.7592 0.5852 -0.2847
vn 0.1413 0.9576 -0.2512
vn 0.3387 0.9217 -0.1891
vn 0.9154 0.3551 -0.1894
vn 0.7868 0.5901 -0.1810
vn 0.3790 0.9238 -0.0553
vn 0.8018 0.5974 -0.0157
vn 0.9994 -0.0314 -0.0157
vn 0.9715 0.2369 -0.0079
vn 0.7879 0.6145 -0.0394
vn 0.9786 0.1105 0.1736
vn 0.7879 0.6146 0.0394
vn 0.8952 0.4319 0.1099
vn 0.8110 0.5118 0.2835
vn 0.6786 0.7262 -0.1103
vn 0.8673 0.4967 -0.0315
vn 0.8728 0.4875 0.0236
vn 0.8497 0.5271 0.0157
vn 0.8744 0.4726 0.1103
vn 0.8971 0.4407 0.0315
vn 0.8914 0.3865 0.2367
vn 0.8183 0.5743 -0.0236
vn 0.3231 0.9455 0.0394
vn 0.4022 0.9147 -0.0394
vn 0.7946 0.6058 0.0394
vn 0.2213 0.9720 0.0790
vn 0.8562 0.5106 0.0786
vn 0.4635 0.8091 0.3613
vn 0.9428 0.3299 0.0471
vn 0.6803 -0.0870 0.7277
vn 0.9388 0.0947 -0.3313
vn 0.8263 0.2361 -0.5114
vn 0.8424 0.4803 -0.2441
vn 0.8901 0.4490 0.0788
vn 0.8843 0.4658 0.0315
vn 0.8302 0.5561 0.0392
vn 0.8846 0.4581 0.0869
vn 0.8454 0.5294 -0.0711
vn 0.8104 0.5429 0.2203
vn 0.6709 0.7103 0.2131
vn 0.2835 0.8110 0.5118
vn 0.9223 0.3862 -0.0157
vn 0.8641 0.5028 0.0236
vn 0.9289 0.3620 0.0780
vn 0.6863 0.6627 -0.2997
vn 0.8525 0.4737 0.2210
vn 0.9908 -0.0787 -0.1101
vn 0.8726 0.4874 -0.0314
vn 0.5503 0.8254 -0.1258
vn 0.3223 0.9434 0.0785
vn 0.7476 0.6611 -0.0630
vn 0.5275 0.8424 -0.1103
vn 0.8716 -0.4005 -0.2827
vn 0.9612 -0.1654 -0.2206
vn 0.9992 -0.0236 0.0315
vn 0.9850 -0.1182 0.1261
vn 0.8262 -0.3699 -0.4249
vn 0.5174 -0.8311 -0.2038
vn 0.9588 -0.2750 -0.0707
vn 0.8797 -0.4399 0.1806
vn 0.7776 -0.5891 0.2200
vn 0.8050 -0.5919 -0.0395
vn 0.8349 -0.5435 -0.0866
vn 0.9980 0.0629 0.0079
vn 0.9946 0.0158 0.1026
vn 0.9960 -0.0235 -0.0863
vn 0.9874 -0.1580 0.0079
vn 0.9342 -0.2748 -0.2276
vn 0.9483 -0.3003 -0.1027
vn 0.8698 -0.0554 -0.4902
vn 0.4812 -0.6468 -0.5916
vn 0.4702 -0.5407 -0.6975
vn 0.7072 -0.5656 -0.4243
vn 0.9924 -0.1103 -0.0551
vn 0.9799 -0.1660 -0.1106
vn 0.9968 -0.0157 -0.0785
vn 0.9867 -0.0632 -0.1500
vn 0.9919 -0.0472 -0.1181
vn 0.9935 -0.0631 -0.0946
vn 0.9658 -0.1491 0.2120
vn 0.9115 -0.1808 -0.3694
vn 0.7970 -0.0711 -0.5998
vn 0.9338 -0.1569 -0.3217
vn 0.6468 0.1420 -0.7493
vn 0.4409 -0.1181 -0.8897
vn -0.3465 -0.3780 -0.8585
vn -0.2199 0.2513 -0.9426
vn -0.9290 -0.0078 -0.3700
vn -0.9394 -0.1658 -0.2999
vn -0.3859 -0.7087 -0.5906
vn -0.9962 -0.0863 -0.0078
vn -0.9674 -0.2281 -0.1101
vn -0.9863 -0.0474 -0.1578
vn -0.9820 -0.1807 -0.0550
vn -0.9936 -0.1104 0.0237
vn -0.9897 -0.1414 -0.0236
vn -0.4559 -0.5503 -0.6995
vn -0.9189 -0.3848 -0.0864
vn -0.9819 -0.0157 -0.1885
vn -0.8825 0.0709 -0.4649
vn -0.0943 0.2043 -0.9744
vn 0.3622 0.2519 -0.8974
vn -0.4720 0.4799 -0.7395
vn 0.0785 -0.0000 -0.9969
vn -0.7524 -0.0235 -0.6583
vn -0.9871 -0.0553 -0.1500
vn -0.9867 0.0632 0.1500
vn -0.9040 -0.3616 0.2280
vn -0.8014 -0.5893 -0.1022
vn -0.7320 -0.5195 -0.4408
vn -0.8913 -0.3471 -0.2918
vn -0.1807 -0.4399 -0.8797
vn -0.1578 -0.9546 -0.2525
vn -0.0000 -0.1105 0.9939
vn 0.5587 -0.8263 0.0708
vn -0.5037 -0.4329 0.7476
vn -0.2524 -0.7336 -0.6310
vn -0.9125 -0.1574 -0.3776
vn 0.8427 -0.5355 -0.0551
vn 0.6170 -0.3955 -0.6803
vn 0.4249 -0.9047 0.0315
vn 0.4468 -0.1724 -0.8778
vn 0.4312 -0.9017 0.0314
vn 0.8376 -0.5295 -0.1343
vn 0.8030 -0.4331 0.4094
vn 0.7946 -0.4092 0.4485
vn 0.8729 -0.4876 0.0157
vn 0.9487 -0.2901 0.1255
vn 0.7727 -0.6149 0.1577
vn -0.0157 -0.8729 0.4876
vn 0.9663 -0.1336 -0.2200
vn 0.4484 0.8576 0.2517
vn 0.7660 0.6397 0.0632
vn 0.9285 0.2990 -0.2203
vn 0.1967 -0.9286 -0.3148
vn 0.9875 0.0474 0.1501
vn 0.1896 0.9634 -0.1895
vn -0.9965 0.0628 -0.0550
vn 0.2686 0.8294 -0.4898
vn 0.2524 0.8205 -0.5128
vn -0.2838 0.8669 -0.4098
vn -0.0000 0.9697 -0.2444
vn -0.1578 0.6943 -0.7022
vn -0.2281 0.7864 -0.5741
vn 0.0079 0.9438 -0.3303
vn 0.1102 0.9758 -0.1889
vn 0.3627 0.8516 -0.3785
vn 0.1495 0.8890 -0.4327
vn 0.1417 0.9530 -0.2678
vn 0.5061 0.7577 -0.4120
vn -0.5542 0.7045 -0.4433
vn -0.4090 0.5662 -0.7157
vn -0.3236 0.8600 -0.3945
vn -0.7092 0.2995 -0.6383
vn -0.0157 0.9994 0.0315
vn -0.6532 0.7083 -0.2676
vn -0.9093 0.4112 -0.0633
vn -0.1580 0.9479 0.2765
vn -0.8277 0.5124 -0.2287
vn -0.6462 0.2128 -0.7329
vn -0.8444 0.3867 -0.3709
vn -0.7856 0.1886 -0.5892
vn -0.6370 -0.6214 -0.4562
vn -0.7565 0.4965 -0.4256
vn -0.5832 0.5123 -0.6304
vn -0.9322 0.2133 -0.2924
vn -0.0706 0.9654 -0.2512
vn 0.0078 0.9997 0.0236
vn -0.8262 0.4249 -0.3699
vn -0.7168 0.5908 -0.3703
vn -0.8098 0.3145 -0.4953
vn -0.8814 0.0865 -0.4643
vn -0.8333 0.4795 -0.2752
vn -0.3946 0.8600 -0.3235
vn -0.7401 0.6062 -0.2913
vn -0.2835 0.9446 -0.1653
vn -0.7893 0.4262 -0.4420
vn -0.7326 0.4097 -0.5435
vn -0.7257 0.5207 -0.4497
vn -0.8992 0.3865 -0.2051
vn -0.8585 0.5040 0.0945
vn -0.9075 0.0394 -0.4182
vn -0.7148 0.5890 -0.3770
vn -0.9689 0.0394 -0.2442
vn -0.8584 0.4882 -0.1575
vn -0.9423 0.2591 -0.2120
vn -0.8915 0.3708 -0.2603
vn -0.9486 0.3162 -0.0158
vn -0.9737 0.2277 0.0079
vn -0.9583 0.1493 0.2435
vn -0.9974 0.0156 -0.0706
vn -0.8282 0.5600 -0.0236
vn -0.8273 0.5200 -0.2127
vn -0.6780 0.5992 -0.4258
vn -0.2842 0.9157 -0.2842
vn -0.2053 0.8607 -0.4659
vn -0.6921 0.7078 -0.1415
vn -0.3473 0.9312 -0.1105
vn -0.3852 0.9119 -0.1415
vn 0.0943 0.9818 -0.1649
vn 0.0158 0.9919 -0.1260
vn -0.0553 0.9788 -0.1973
vn 0.0158 0.9786 -0.2052
vn 0.2591 0.8716 -0.4162
vn -0.5658 0.8094 -0.1571
vn -0.2123 0.9752 -0.0630
vn 0.0632 0.9867 -0.1499
vn -0.3852 -0.9119 0.1415
vn 0.1961 -0.0000 0.9806
vn -0.9847 0.1654 -0.0551
vn -0.9867 -0.1578 0.0395
vn -0.9539 -0.2759 -0.1183
vn -0.8821 -0.2914 0.3702
vn -0.7769 0.6200 0.1099
vn -0.9591 0.2830 0.0079
vn -0.4338 0.8439 -0.3155
vn -0.9929 0.1099 -0.0464
vn -0.8698 -0.4152 0.2665
vn -0.9944 0.0237 0.1026
vn -0.9986 0.0472 0.0236
vn -0.7797 0.6222 0.0709
vn -0.9233 -0.3788 0.0632
vn -0.9934 0.1103 0.0315
vn -0.6789 -0.7342 -0.0079
vn -0.9737 -0.2277 -0.0078
vn -0.9922 0.1181 -0.0394
vn -0.7260 0.6865 0.0395
vn -0.9985 -0.0550 -0.0079
vn 0.8345 -0.5511 -0.0000
vn -0.8944 -0.4472 -0.0000
vn -0.8847 0.4661 -0.0000
vn -0.1492 0.9817 0.1179
vn -0.3536 0.9351 -0.0236
vn -0.8084 0.5886 -0.0079
vn -0.8726 0.4874 -0.0314
vn -0.9555 -0.2922 -0.0395
vn -0.8185 -0.5745 -0.0079
vn -0.8344 0.2047 -0.5117
vn 0.3162 -0.9487 -0.0079
vn -0.6938 0.7174 -0.0631
vn -0.1967 -0.9678 0.1573
vn -0.6854 -0.7091 -0.1654
vn -0.6677 0.0942 -0.7384
vn -0.9818 0.0943 -0.1650
vn -0.6453 -0.0314 -0.7633
vn -0.3846 0.8241 -0.4160
vn -0.1657 0.3472 -0.9231
vn -0.5973 -0.0236 -0.8017
vn 0.9618 -0.2680 -0.0552
vn -0.8562 0.5106 -0.0786
vn 0.1579 -0.0316 -0.9870
vn 0.7991 0.3244 -0.5063
vn -0.9788 0.0947 -0.1815
vn -0.4017 -0.9136 0.0630
vn -0.6406 -0.7276 0.2452
vn -0.8578 -0.1023 -0.5036
vn -0.6776 0.0630 -0.7327
vn -0.8776 -0.0941 0.4701
vn -0.3704 -0.1654 0.9140
vn -0.9085 -0.4029 -0.1106
vn -0.7137 0.2588 0.6509
vn -0.9444 0.3148 0.0944
vn -0.1657 0.3471 -0.9231
vn -0.9341 0.1963 0.2983
vn -0.8562 0.5107 -0.0786
vn -0.5768 0.8138 0.0711
vn -0.2518 0.9204 0.2989
vn -0.8336 0.2595 0.4876
vn -0.7468 -0.0786 0.6604
vn -0.2120 -0.2591 0.9423
vn -0.7690 -0.4237 -0.4786
vn -0.8172 -0.1100 0.5657
vn -0.9981 0.0394 0.0471
vn -0.9243 -0.1738 -0.3397
vn -0.3096 -0.8681 0.3881
vn -0.3081 -0.8690 0.3871
vn -0.9981 0.0393 0.0471
vn -0.6471 -0.4498 -0.6155
vn -0.9285 0.0314 -0.3699
vn -0.9081 -0.0158 -0.4185
vn -0.8966 -0.1258 -0.4247
vn 0.6624 0.7492 -0.0000
vn -0.6921 0.7156 0.0944
vn -0.9359 0.3225 -0.1416
vn -0.9972 -0.0707 0.0236
vn -0.9707 0.0947 -0.2210
vn -0.8283 -0.3234 0.4576
vn -0.7893 0.3709 0.4894
vn -0.5671 -0.0867 0.8191
vn -0.2681 0.0473 -0.9622
vn -0.0000 -0.3304 -0.9439
vn -0.1648 0.9810 -0.1020
vn -0.9217 0.3781 -0.0866
vn -0.9390 0.2920 -0.1815
vn -0.3556 -0.8928 0.2765
vn -0.1888 0.1652 -0.9680
vn -0.1261 0.4021 0.9069
vn -0.9200 0.3854 0.0708
vn 0.0472 0.9919 -0.1181
vn 0.2601 -0.9539 -0.1498
vn -0.8179 -0.5741 0.0393
vn 0.9049 0.4013 -0.1416
vn -0.7490 0.6623 0.0157
vn 0.0551 -0.6531 -0.7553
vn 0.0473 -0.6617 -0.7483
vn 0.0471 0.0472 -0.9978
vn 0.0315 0.8585 -0.5119
vn 0.0473 0.7333 -0.6782
vn -0.0237 0.9712 -0.2369
vn 0.1105 0.9786 -0.1736
vn 0.5198 0.4883 -0.7010
vn 0.0552 -0.9940 -0.0947
vn 0.2128 -0.6462 -0.7329
vn -0.0315 -0.9607 -0.2756
vn -0.0706 -0.9960 -0.0549
vn 0.4263 -0.4816 -0.7657
vn -0.1263 -0.5448 -0.8290
vn -0.9686 -0.0473 -0.2441
vn -0.9020 0.3244 -0.2848
vn 0.0237 -0.1026 -0.9944
vn -0.0078 0.0001 -1.0000
vn -0.0315 -0.8181 -0.5742
vn -0.1415 0.6678 -0.7307
vn -0.0315 -0.9830 -0.1809
vn -0.1180 -0.6450 -0.7550
vn -0.0314 -0.9964 -0.0785
vn 0.0078 -0.9910 -0.1337
vn -0.1263 -0.9867 -0.1026
vn -0.4404 -0.8966 -0.0472
vn -0.3632 -0.9317 -0.0000
vn -0.0236 -0.9992 -0.0315
vn -0.7499 -0.3868 -0.5367
vn -0.3697 -0.3934 -0.8418
vn 0.3463 -0.9365 0.0551
vn -0.6938 0.5361 -0.4809
vn -0.3691 0.6126 -0.6989
vn -0.0550 0.9982 0.0235
vn 0.0786 0.9511 -0.2987
vn -0.1258 0.9830 -0.1337
vn -0.3305 0.9364 -0.1180
vn -0.1343 0.9795 0.1501
vn 0.2369 0.8609 0.4503
vn -0.4421 0.8843 -0.1500
vn -0.3459 0.9039 -0.2515
vn 0.2435 0.9427 -0.2279
vn -0.0711 0.5768 -0.8138
vn 0.6690 0.7398 0.0709
vn -0.1580 0.3871 -0.9084
vn -0.2591 -0.0236 -0.9656
vn 0.1027 0.3871 -0.9163
vn 0.5836 -0.7414 -0.3313
vn 0.0947 0.9468 -0.3077
vn 0.4564 0.5587 -0.6925
vn -0.1021 0.9268 -0.3614
vn -0.2054 0.4503 -0.8689
vn -0.2832 0.1180 -0.9518
vn -0.2920 0.0553 -0.9548
vn -0.1575 0.8031 -0.5747
vn -0.1806 0.8874 -0.4241
vn 0.0237 -0.9402 -0.3398
vn 0.1976 -0.9803 -0.0000
vn 0.6077 -0.7103 -0.3552
vn -0.0158 -0.9929 -0.1182
vn -0.1567 -0.6112 -0.7758
vn 0.3865 -0.8914 0.2367
vn 0.1892 0.9781 -0.0868
vn 0.8800 0.4557 -0.1336
vn -0.1422 0.9481 -0.2844
vn -0.0881 0.9947 -0.0537
vn 0.0551 0.9682 -0.2440
vn 0.3774 0.7390 -0.5581
vn -0.1336 0.9903 -0.0393
vn -0.2989 0.9517 -0.0708
vn -0.1182 0.9930 0.0079
vn -0.1263 0.9705 -0.2052
vn -0.1185 0.9876 0.1028
vn 0.2918 0.9306 0.2209
vn 0.1099 0.9895 -0.0943
vn -0.8277 0.4887 0.2759
vn -0.1180 0.9905 0.0707
vn 0.0631 0.9614 -0.2679
vn -0.5648 0.7217 -0.4001
vn -0.9598 0.0551 -0.2753
vn -0.7174 -0.6938 -0.0630
vn -0.6351 0.5803 -0.5098
vn 0.0236 0.5510 -0.8342
vn -0.4569 0.5671 0.6853
vn -0.6408 -0.6882 -0.3402
vn 0.4737 -0.8764 -0.0869
vn 0.1503 -0.9885 0.0158
vn 0.1807 -0.9820 0.0550
vn 0.1962 -0.9178 0.3452
vn -0.1105 -0.8365 -0.5367
vn 0.1180 -0.9910 -0.0629
vn 0.1027 -0.7267 -0.6793
vn -0.3634 -0.5925 -0.7189
vn 0.0553 -0.6941 0.7178
vn -0.1500 -0.9636 0.2211
vn 0.1816 -0.5527 0.8133
vn 0.7802 -0.5911 -0.2049
vn 0.4268 0.1423 -0.8931
vn 0.2984 0.9186 -0.2591
vn -0.2435 0.8562 -0.4556
vn 0.0947 -0.9071 0.4102
vn 0.6857 -0.2443 0.6856
vn 0.4406 -0.8968 -0.0393
vn 0.9381 -0.3390 -0.0709
vn 0.7889 -0.4102 -0.4575
vn 0.7719 -0.4253 -0.4726
vn 0.9202 -0.3618 -0.1495
vn 0.8258 -0.3618 -0.4326
vn 0.3533 -0.9343 -0.0471
vn 0.0315 -0.9992 -0.0236
vn 0.2367 -0.9704 -0.0473
vn 0.2754 -0.9598 0.0551
vn 0.1258 -0.9909 -0.0472
vn -0.1879 -0.9818 0.0261
vn -0.3311 -0.9303 -0.1577
vn -0.9931 -0.0788 0.0867
vn -0.9884 -0.1344 -0.0712
vn -0.9787 0.0079 -0.2052
vn -0.9985 0.0078 -0.0550
vn -0.9888 -0.0078 -0.1491
vn -0.9552 -0.2921 -0.0474
vn -0.8617 0.1581 -0.4822
vn 0.4416 0.8832 -0.1577
vn 0.1336 0.0315 -0.9905
vn 0.3396 -0.2133 0.9161
vn -0.3781 -0.1496 -0.9136
vn -0.0705 0.1335 0.9885
vn -0.9262 0.3218 -0.1962
vn -0.8323 -0.4397 -0.3376
vn -0.7666 -0.1501 -0.6243
vn 0.9111 -0.1256 -0.3927
vn 0.9783 0.0630 0.1972
vn -0.9480 -0.2922 0.1264
vn 0.9763 -0.0393 -0.2126
vn -0.5536 0.7908 -0.2610
vn -0.5116 0.7555 0.4092
vn 0.9155 0.1105 0.3868
vn -0.4741 0.3160 0.8218
vn -0.9699 0.2208 -0.1025
vn 0.9275 -0.0943 -0.3616
vn 0.7868 -0.6059 -0.1180
vn 0.0554 -0.4114 -0.9098
vn -0.0236 -0.2202 -0.9752
vn -0.9249 -0.0237 -0.3795
vn 0.9824 -0.0707 0.1729
vn -0.9077 -0.1184 -0.4026
vn -0.9780 -0.0394 0.2051
vn -0.9944 0.0473 -0.0947
vn -0.4098 -0.1576 -0.8984
vn -0.0550 -0.0157 -0.9984
vn -0.7903 0.0711 -0.6086
vn -0.0393 -0.1656 -0.9854
vn -0.9982 0.0236 -0.0550
vn -0.9756 0.0551 -0.2124
vn -0.9991 -0.0157 -0.0393
vn -0.3372 -0.9095 0.2430
vn -0.8336 -0.4876 -0.2596
vn -0.9985 0.0079 0.0550
vn 0.9936 -0.1025 -0.0473
vn 0.4183 -0.4498 0.7891
vn 0.6838 0.2751 0.6759
vn -0.6452 0.0315 0.7633
vn -0.5818 -0.4010 0.7076
vn -0.0000 0.2203 0.9754
vn -0.7330 0.3074 0.6069
vn 0.3000 0.1106 0.9475
vn -0.0078 0.0785 0.9969
vn 0.8668 0.0473 0.4965
vn 0.6378 -0.2126 0.7402
vn -0.9505 -0.0865 0.2985
vn -0.9975 -0.0078 -0.0707
vn -0.8112 -0.4095 0.4174
vn -0.9685 0.0787 0.2362
vn -0.7722 -0.0788 0.6304
vn -0.5273 -0.1968 0.8265
vn -0.9874 0.0079 0.1580
vn -0.8977 0.1811 0.4016
vn -0.3782 0.0867 0.9217
vn -0.0392 0.6280 0.7772
vn -0.2053 -0.2132 0.9552
vn -0.9677 0.0157 0.2517
vn -0.9349 -0.3221 0.1492
vn -0.9736 -0.1727 0.1492
vn 0.5804 -0.1883 0.7923
vn 0.2914 -0.3702 0.8821
vn 0.6544 -0.4809 0.5835
vn -0.6213 -0.2596 0.7393
vn -0.0712 -0.2214 0.9726
vn 0.0473 -0.6534 0.7556
vn -0.7092 -0.0709 0.7014
vn 0.9821 -0.1885 -0.0000
vn 0.9889 -0.0471 0.1413
vn 0.9895 0.0314 0.1414
vn 0.5700 -0.4355 0.6967
vn 0.0551 -0.7941 0.6053
vn 0.6308 -0.0710 0.7727
vn 0.8569 0.1887 0.4796
vn 0.9588 0.0707 0.2751
vn -0.4564 -0.5587 0.6925
vn -0.7704 -0.6368 0.0315
vn 0.6285 -0.7149 0.3064
vn 0.6139 -0.7556 0.2283
vn -0.9662 -0.2042 0.1571
vn -0.8227 -0.5300 0.2056
vn -0.4019 -0.8825 -0.2443
vn -0.8010 -0.4712 0.3691
vn -0.2279 -0.7626 -0.6054
vn -0.9657 -0.2591 0.0157
vn -0.9700 -0.1420 0.1971
vn -0.3937 -0.6694 -0.6300
vn -0.9611 -0.2758 0.0157
vn -0.2206 -0.7091 -0.6697
vn -0.9824 0.0472 0.1808
vn -0.9920 0.0079 0.1260
vn -0.0550 -0.9960 -0.0706
vn 0.1501 -0.9558 -0.2528
vn -0.9760 -0.1417 0.1653
vn -0.3303 -0.9436 0.0236
vn -0.1258 -0.9830 -0.1337
vn -0.4331 -0.8582 -0.2756
vn -0.4250 -0.9051 0.0157
vn -0.1181 -0.9922 0.0394
vn -0.4345 -0.8928 0.1185
vn -0.2591 -0.9656 0.0235
vn -0.2518 -0.9677 0.0157
vn -0.0869 -0.9951 0.0474
vn -0.0236 -0.9997 0.0079
vn -0.2277 -0.9734 0.0236
vn -0.0944 -0.9910 0.0944
vn -0.1414 -0.9897 0.0236
vn -0.5180 -0.8554 -0.0000
vn -0.1335 -0.9820 0.1336
vn -0.0942 -0.9421 0.3219
vn -0.2915 -0.9533 0.0787
vn 0.2919 -0.9548 -0.0552
vn 0.4403 -0.8571 0.2673
vn -0.0629 -0.9910 0.1180
vn 0.5354 -0.8109 0.2362
vn 0.3306 -0.9364 -0.1180
vn -0.2758 -0.9612 -0.0079
vn 0.3228 -0.8109 -0.4881
vn 0.2356 -0.9345 0.2670
vn 0.5925 -0.7189 0.3634
vn -0.1494 -0.7628 0.6291
vn -0.6551 -0.6710 0.3473
vn -0.9761 -0.1575 -0.1496
vn -0.6485 -0.6406 -0.4112
vn -0.7489 -0.6622 -0.0237
vn -0.0079 -0.9353 0.3537
vn -0.7436 -0.6565 0.1266
vn -0.7400 -0.6456 -0.1890
vn -0.9299 -0.3625 -0.0631
vn -0.3467 -0.9377 0.0236
vn -0.6702 -0.7412 -0.0394
vn -0.9325 -0.3556 -0.0633
vn -0.7024 -0.7103 0.0474
vn -0.5567 -0.7919 -0.2509
vn 0.1973 -0.9783 -0.0631
vn 0.3081 -0.8059 0.5056
vn -0.0628 -0.9975 0.0314
vn 0.2128 -0.9616 -0.1734
vn 0.0945 -0.9842 -0.1496
vn 0.0237 -0.8762 -0.4814
vn 0.0314 -0.9975 -0.0628
vn -0.0000 -0.9849 0.1733
vn -0.4815 -0.8761 -0.0237
vn -0.0948 -0.9955 -0.0079
vn -0.3478 -0.8933 0.2846
vn -0.3789 -0.9156 0.1342
vn -0.4643 -0.8578 0.2204
vn -0.9378 -0.3467 0.0158
vn -0.8736 0.1180 0.4722
vn -0.0472 -0.3859 0.9213
vn -0.0000 -0.3930 0.9196
vn -0.5273 -0.2282 0.8184
vn -0.0316 -0.3630 0.9312
vn 0.0472 -0.8805 0.4717
vn -0.0236 -0.9436 -0.3303
vn 0.2050 -0.9696 0.1340
vn 0.0551 -0.9847 0.1654
vn 0.0471 -0.9969 -0.0628
vn -0.0314 -0.9732 -0.2276
vn -0.0710 -0.9708 0.2290
vn -0.0785 -0.9968 0.0157
vn -0.0158 -0.9222 0.3863
vn -0.2985 -0.9268 0.2278
vn -0.0157 -0.9998 -0.0079
vn -0.0632 -0.9878 -0.1423
vn 0.5526 -0.8289 -0.0868
vn 0.8911 -0.4495 -0.0631
vn 0.7663 -0.6162 -0.1817
vn 0.8890 -0.4563 -0.0394
vn 0.6062 -0.7952 -0.0158
vn 0.7636 -0.6456 -0.0157
vn 0.0948 -0.9955 0.0079
vn -0.1107 -0.9885 0.1028
vn 0.1578 -0.5836 -0.7965
vn 0.0315 -0.9992 0.0236
vn 0.2123 -0.9746 -0.0707
vn 0.2981 -0.9491 -0.1020
vn -0.0393 -0.9747 -0.2201
vn -0.7716 -0.5433 -0.3307
vn 0.1576 -0.8192 0.5514
vn -0.4895 -0.7421 0.4579
vn -0.0079 -0.9992 0.0393
vn 0.0474 -0.9944 0.0947
vn -0.1730 -0.9829 0.0629
vn 0.1414 -0.9895 -0.0314
vn -0.0314 -0.9349 -0.3535
vn -0.0393 -0.9989 0.0236
vn -0.0948 -0.9955 0.0079
vn -0.0236 -0.9989 -0.0394
vn -0.1019 -0.9887 -0.1099
vn 0.0707 -0.9972 -0.0236
vn 0.1260 -0.9919 0.0157
vn -0.9641 0.2134 0.1581
vn -0.5050 0.6943 0.5128
vn -0.4097 0.4728 0.7801
vn -0.7490 -0.0236 0.6622
vn -0.9910 -0.0000 0.1337
vn -0.9279 0.1573 0.3381
vn -0.8890 -0.4563 -0.0393
vn -0.9191 0.3614 -0.1571
vn -0.8588 0.0079 -0.5122
vn -0.9001 0.3001 0.3158
vn -0.9634 0.1974 -0.1816
vn -0.1342 -0.2919 0.9470
vn -0.8341 0.3699 -0.4092
vn -0.2604 -0.7021 0.6627
vn -0.8639 0.4319 -0.2592
vn -0.3694 -0.4560 0.8097
vn -0.9966 0.0785 -0.0235
vn -0.5926 -0.7506 0.2923
vn -0.3075 -0.9384 0.1577
vn -0.9696 0.2286 0.0867
vn -0.7472 0.6608 -0.0708
vn -0.6840 -0.7233 0.0944
vn -0.9863 0.0474 0.1578
vn -0.1730 -0.9279 -0.3302
vn -0.9925 -0.1181 0.0315
vn -0.7774 0.4871 0.3980
vn -0.5045 0.7172 0.4807
vn -0.4877 -0.4641 -0.7394
vn -0.5121 -0.5278 -0.6776
vn -0.6541 0.4177 0.6306
vn -0.6293 0.4091 0.6608
vn -0.9714 0.2370 -0.0158
vn -0.8673 0.0316 0.4968
vn -0.9336 0.3139 -0.1726
vn -0.9844 0.0788 -0.1575
vn -0.4967 0.7885 0.3627
vn -0.5041 0.8427 0.1890
vn -0.6946 0.7183 0.0395
vn 0.4006 0.8875 -0.2278
vn 0.3934 0.6845 -0.6137
vn -0.9827 0.1809 0.0393
vn -0.9656 0.2277 0.1256
vn -0.5745 0.8184 -0.0157
vn 0.4313 0.9019 -0.0235
vn -0.7188 0.0158 -0.6951
vn 0.1892 0.9774 -0.0946
vn 0.6186 0.3915 -0.6813
vn 0.1413 -0.2512 -0.9576
vn -0.1891 0.1576 -0.9692
vn -0.3545 0.1575 -0.9217
vn -0.1341 -0.1025 -0.9857
vn 0.0079 0.9633 -0.2684
vn 0.1421 0.9867 -0.0789
vn -0.0000 0.9955 -0.0948
vn 0.3062 0.9499 0.0628
vn 0.9916 0.0787 -0.1023
vn 0.0472 0.9989 -0.0079
vn 0.4965 0.8118 -0.3074
vn 0.5743 0.0315 -0.8181
vn 0.0868 0.9942 -0.0631
vn 0.0158 0.9998 0.0079
vn 0.0393 0.9989 -0.0236
vn 0.1181 0.9839 -0.1338
vn 0.1025 0.9940 0.0394
vn -0.0235 0.6284 0.7776
vn 0.0315 0.9934 -0.1104
vn -0.1490 0.9881 -0.0392
vn -0.0473 0.9452 0.3230
vn -0.0393 0.9972 0.0629
vn 0.1651 0.9665 0.1965
vn 0.0315 0.9844 0.1733
vn 0.0157 0.9994 -0.0315
vn -0.0473 0.9760 0.2126
vn 0.0157 0.9996 -0.0236
vn -0.9345 0.1952 0.2977
vn -0.2517 0.9205 0.2989
vn -0.4014 -0.8029 -0.4408
vn -0.1343 0.9560 -0.2607
vn 0.1578 0.9859 -0.0552
vn -0.1421 0.4894 -0.8604
vn -0.0709 0.9294 -0.3623
vn 0.0709 0.9763 0.2047
vn 0.1496 0.2913 -0.9448
vn 0.0079 0.9920 -0.1260
vn -0.0079 0.8121 0.5835
vn -0.0316 0.9798 -0.1976
vn 0.2748 0.7776 -0.5655
vn 0.3313 0.8834 0.3313
vn 0.1648 0.8869 -0.4316
vn -0.0474 0.9552 -0.2921
vn 0.0472 0.9984 -0.0314
vn 0.1025 0.8833 -0.4574
vn -0.5577 0.8247 -0.0943
vn 0.1184 0.9868 -0.1105
vn -0.2361 0.8578 -0.4565
vn -0.0000 0.9591 -0.2830
vn 0.5108 0.8331 -0.2122
vn 0.3623 0.3229 -0.8743
vn 0.5121 -0.6776 -0.5279
vn 0.7653 -0.1263 -0.6311
vn 0.3306 0.4959 0.8029
vn -0.4724 0.8346 -0.2834
vn -0.1104 0.8826 0.4570
vn 0.5573 0.8007 -0.2198
vn 0.5426 0.6133 -0.5740
vn -0.1967 0.7709 -0.6058
vn -0.0316 0.7262 0.6867
vn 0.3466 0.9372 0.0394
vn -0.0315 0.9942 -0.1026
vn -0.0158 0.9998 -0.0157
vn 0.0157 0.9998 -0.0079
vn 0.0236 0.9996 0.0157
vn 0.0236 0.9997 -0.0000
vn -0.0787 -0.9916 -0.1023
vn 0.2440 0.5196 0.8188
vn 0.0315 -0.3698 -0.9286
vn 0.0392 0.7841 -0.6194
vn -0.0948 -0.9952 -0.0237
vn -0.0236 0.2829 0.9588
vn -0.5978 0.7708 0.2203
vn -0.2914 -0.9059 -0.3072
vn 0.0553 -0.9472 0.3157
vn 0.1099 -0.9887 0.1020
vn 0.2994 -0.9060 -0.2994
vn 0.2360 -0.9517 0.1966
vn 0.9584 -0.2434 -0.1492
vn -0.8056 -0.4345 0.4028
vn -0.1818 -0.9168 0.3556
vn -0.3225 -0.8336 0.4483
vn 0.5367 -0.8288 -0.1579
vn 0.8511 -0.5202 -0.0710
vn 0.6857 -0.7251 0.0630
vn 0.6169 -0.7830 0.0791
vn 0.5272 -0.8497 -0.0078
vn 0.5599 -0.8280 0.0316
vn 0.0079 -0.9463 0.3233
vn 0.6667 -0.7452 -0.0157
vn -0.0315 -0.9995 -0.0000
vn 0.0315 -0.9995 -0.0000
vn -0.0158 -0.9998 -0.0158
vn -0.0000 -1.0000 -0.0000
vn 0.0393 -0.9992 0.0079
vn 0.5884 -0.8082 0.0235
vn 0.3162 -0.9486 0.0079
vn 0.0157 -0.9984 0.0550
vn 0.8585 -0.5119 -0.0315
vn 0.9370 -0.3385 -0.0866
vn 0.2991 -0.5036 0.8105
vn 0.9947 0.0947 -0.0395
vn 0.8841 -0.1263 0.4500
vn 0.8949 -0.3454 -0.2826
vn -0.4402 -0.0550 -0.8962
vn 0.9515 -0.2596 -0.1651
vn 0.9405 -0.1027 -0.3240
vn -0.5526 -0.5527 -0.6238
vn 0.8535 0.4821 -0.1976
vn -0.3861 -0.3152 -0.8669
vn -0.1973 0.0631 -0.9783
vn 0.6427 0.7211 -0.2587
vn -0.5582 -0.1808 -0.8098
vn -0.1421 0.6552 -0.7420
vn -0.0000 0.9989 -0.0472
vn -0.0315 0.9905 -0.1336
vn -0.0945 0.9924 0.0788
vn -0.1578 0.9863 -0.0473
vn -0.0865 0.4010 0.9120
vn 0.0550 0.9974 -0.0472
vn 0.0079 0.9939 0.1104
vn -0.0632 0.9468 0.3156
vn 0.0945 0.5041 0.8585
vn -0.1026 0.0158 0.9946
vn -0.0079 -0.2924 0.9563
vn 0.1022 -0.3380 0.9356
vn -0.1820 -0.3720 0.9102
vn 0.0471 -0.3300 0.9428
vn 0.0158 -0.3304 0.9437
vn -0.0394 -0.4182 0.9075
vn 0.1813 -0.4335 0.8827
vn 0.1650 -0.3377 0.9267
vn 0.2688 -0.3399 0.9012
vn -0.0944 -0.4484 0.8889
vn -0.0237 -0.4659 0.8845
vn 0.8863 -0.4628 -0.0157
vn 0.9632 -0.2685 0.0158
vn 0.3691 -0.9267 0.0707
vn 0.0157 -0.9847 0.1733
vn 0.5688 -0.8139 0.1185
vn 0.9115 -0.4086 0.0471
vn 0.2452 -0.9491 0.1977
vn 0.0079 -0.9802 0.1976
vn 0.9045 -0.4247 -0.0394
vn 0.9597 -0.2675 -0.0865
vn 0.0943 -0.9744 0.2043
vn 0.0079 -0.9955 0.0948
vn 0.3609 -0.9179 0.1648
vn 0.4498 -0.6471 0.6156
vn 0.9005 -0.3950 0.1817
vn 0.7406 -0.4255 0.5200
vn 0.9615 0.1261 0.2443
vn 0.6390 -0.7494 0.1735
vn 0.8814 -0.4722 -0.0158
vn 0.8026 -0.3541 0.4800
vn 0.9539 0.1498 0.2602
vn 0.9222 -0.3705 -0.1104
vn 0.9602 -0.2126 0.1810
vn 0.4004 0.8951 0.1963
vn 0.0627 0.5644 0.8231
vn -0.1180 0.5270 0.8417
vn 0.9577 -0.1256 -0.2590
vn 0.9040 0.2280 0.3616
vn 0.3398 0.9243 0.1738
vn 0.7268 0.6321 0.2687
vn 0.8606 0.4816 -0.1658
vn 0.8984 0.4334 -0.0709
vn 0.6198 0.7847 0.0079
vn 0.0946 0.9774 0.1892
vn 0.7264 0.6869 0.0237
vn 0.9953 -0.0553 0.0790
vn 0.8280 0.5599 0.0316
vn 0.1894 0.9704 0.1499
vn 0.2045 0.9674 0.1494
vn 0.3303 0.8651 0.3775
vn 0.3063 0.9425 0.1335
vn 0.4807 0.8746 0.0630
vn -0.2133 0.9641 -0.1581
vn 0.1422 0.9873 0.0710
vn -0.0315 0.9990 -0.0315
vn 0.3155 0.9463 0.0710
vn 0.3076 0.9308 0.1972
vn 0.6936 0.6858 0.2207
vn 0.8730 0.4876 0.0079
vn 0.8330 0.5109 -0.2122
vn 0.8392 0.5411 -0.0549
vn 0.6682 0.7154 -0.2044
vn 0.0788 0.9924 -0.0945
vn 0.8430 0.5358 -0.0473
vn 0.4250 0.9052 -0.0000
vn 0.9910 -0.0865 0.1023
vn 0.9816 -0.1806 -0.0628
vn 0.9505 -0.0864 -0.2985
vn 0.8916 -0.4182 -0.1736
vn 0.8679 -0.4892 0.0868
vn 0.9526 -0.2992 -0.0551
vn -0.3237 0.1105 0.9397
vn 0.9462 -0.0158 0.3233
vn 0.1101 -0.0786 0.9908
vn 0.2121 0.0785 0.9741
vn 0.9890 0.0785 0.1256
vn 0.1103 0.3308 0.9372
vn -0.7810 0.0394 0.6233
vn -0.6682 0.0864 0.7389
vn -0.8324 -0.0707 0.5497
vn 0.6005 0.3950 0.6953
vn -0.0628 0.6443 0.7622
vn -0.4237 -0.2197 0.8788
vn 0.1814 0.2681 0.9462
vn -0.4889 -0.1893 0.8516
vn -0.0863 -0.3686 0.9256
vn 0.8391 0.0549 0.5411
vn -0.1182 -0.5361 0.8358
vn 0.3482 -0.3481 0.8704
vn -0.0314 0.0550 0.9980
vn 0.8247 -0.0079 0.5655
vn -0.2046 0.4092 0.8892
vn 0.8032 0.5434 0.2441
vn 0.9230 0.1026 0.3708
vn 0.6976 0.2429 0.6741
vn 0.5407 -0.7444 0.3918
vn 0.9136 0.2914 0.2835
vn 0.3397 0.1738 0.9243
vn 0.9435 0.1257 0.3067
vn 0.8860 -0.0314 0.4626
vn -0.1959 0.7603 0.6193
vn 0.0158 -0.0079 0.9998
vn 0.1495 -0.7628 0.6291
vn -0.0631 -0.8911 0.4494
vn 0.5356 0.5041 0.6775
vn -0.0550 -0.0000 0.9985
vn 0.7497 -0.0947 0.6550
vn 0.4559 -0.6996 0.5502
vn -0.8953 0.4398 0.0707
vn 0.5930 0.2451 -0.7670
vn 0.7479 -0.3701 -0.5511
vn 0.1657 -0.6314 -0.7576
vn 0.4028 -0.8294 0.3871
vn 0.8657 0.1417 -0.4801
vn 0.3939 0.7170 -0.5751
vn 0.8188 -0.2441 0.5196
vn -0.3760 0.3603 0.8537
vn 0.7164 0.4566 0.5275
vn 0.1652 0.8573 0.4876
vn -0.4579 -0.2764 0.8449
vn -0.7557 0.1496 0.6376
vn -0.4887 -0.4966 0.7173
vn 0.2277 -0.9737 -0.0078
vn -0.2439 -0.9672 0.0708
vn 0.3315 -0.9315 0.1500
vn 0.2522 -0.9534 -0.1655
vn 0.0158 -0.9677 -0.2517
vn 0.0394 -0.9985 0.0393
vn 0.2048 -0.9768 0.0630
vn 0.0314 -0.9349 0.3535
vn -0.0079 -0.9874 0.1580
vn 0.0474 -0.9552 0.2921
vn 0.1026 -0.9555 0.2764
vn 0.1181 -0.9915 0.0551
vn 0.7693 -0.6358 0.0628
vn -0.1182 -0.9925 -0.0315
vn -0.2437 -0.9667 -0.0786
vn 0.0787 -0.9757 -0.2046
vn 0.2685 -0.9633 -0.0000
vn 0.4661 -0.8847 0.0079
vn -0.1578 -0.9859 0.0552
vn 0.0395 -0.9947 0.0947
vn -0.0708 -0.9837 -0.1653
vn 0.0869 -0.9951 -0.0474
vn 0.1100 -0.9895 -0.0942
vn -0.0000 -0.9992 0.0394
vn 0.0236 -0.9986 0.0472
vn 0.2214 -0.9726 0.0712
vn -0.0707 -0.9975 0.0079
vn 0.1260 -0.9840 0.1259
vn 0.0157 -0.9819 0.1885
vn -0.0236 -0.9927 -0.1182
vn -0.1102 -0.9919 0.0630
vn -0.0157 -0.9493 0.3138
vn -0.0236 -0.9818 0.1885
vn -0.2212 -0.9636 0.1500
vn -0.0158 -0.9786 0.2052
vn -0.4271 -0.8857 0.1819
vn -0.9346 -0.3534 -0.0393
vn -0.8532 -0.5214 -0.0158
vn -0.9484 -0.3135 0.0470
vn -0.4881 -0.8424 0.2283
vn -0.2196 -0.9487 0.2274
vn -0.8995 -0.4182 0.1262
vn -0.9737 -0.2277 -0.0079
vn -0.9586 -0.2829 0.0314
vn -0.9844 -0.1733 -0.0315
vn -0.9458 -0.3232 0.0315
vn -0.7822 -0.6084 0.1343
vn -0.8797 -0.4084 0.2435
vn -0.2764 -0.7028 0.6555
vn -0.9887 -0.1021 0.1099
vn -0.9288 0.0788 0.3621
vn -0.9388 -0.3313 0.0947
vn -0.9805 0.1265 0.1503
vn -0.9787 0.0079 0.2053
vn -0.9758 -0.1102 -0.1889
vn -0.8415 0.5191 0.1495
vn -0.8036 0.5909 0.0710
vn -0.6226 0.6935 0.3625
vn -0.3232 0.8673 0.3785
vn -0.9428 0.2750 -0.1886
vn -0.7631 0.6451 -0.0393
vn -0.9636 0.2212 -0.1501
vn -0.9736 -0.1727 -0.1492
vn -0.9931 -0.1104 0.0394
vn -0.9784 -0.2052 0.0237
vn -0.8811 0.4720 0.0315
vn -0.9905 -0.1336 0.0314
vn -0.9602 -0.2125 -0.1811
vn -0.8578 0.5037 -0.1023
vn -0.8440 0.5364 -0.0000
vn -0.9850 -0.1182 -0.1260
vn -0.9696 0.2444 0.0079
vn -0.9856 -0.1498 0.0788
vn -0.9910 -0.0865 0.1023
vn -0.9925 -0.1182 0.0315
vn -0.9947 -0.1026 0.0079
vn -0.6823 -0.1177 -0.7215
vn -0.9520 0.2124 -0.2203
vn -0.8268 0.5590 -0.0630
vn -0.8886 -0.1730 -0.4247
vn -0.8350 0.1261 -0.5357
vn -0.9410 0.2688 -0.2056
vn -0.9212 0.3623 -0.1417
vn -0.9144 0.4020 0.0473
vn -0.8324 0.5496 -0.0707
vn -0.5340 0.8402 0.0943
vn -0.7071 0.6836 -0.1808
vn -0.3863 0.9223 -0.0079
vn -0.5182 0.8244 -0.2277
vn -0.6533 0.7556 -0.0472
vn -0.3944 0.8992 0.1893
vn -0.5291 0.8449 0.0790
vn -0.1816 0.9313 0.3157
vn -0.4887 0.7173 0.4967
vn -0.3232 0.9379 0.1261
vn -0.2599 0.9527 0.1574
vn -0.0629 0.9752 0.2123
vn -0.6867 0.4815 0.5446
vn 0.0158 0.7416 0.6707
vn 0.0472 0.9919 0.1181
vn -0.0630 0.9842 -0.1654
vn 0.1896 0.9798 -0.0632
vn 0.1102 0.9914 -0.0708
vn 0.3545 0.8745 0.3309
vn -0.0785 0.9969 0.0079
vn -0.0157 0.9611 -0.2758
vn -0.1571 0.9737 -0.1649
vn 0.6780 0.6780 -0.2838
vn -0.5826 0.5668 -0.5825
vn -0.4328 0.4799 -0.7631
vn -0.0707 0.4399 -0.8953
vn -0.2043 0.9590 -0.1965
vn 0.5894 0.6444 -0.4872
vn 0.4555 0.8717 -0.1807
vn 0.9398 0.1896 -0.2843
vn 0.7005 0.7083 -0.0866
vn 0.6300 0.7717 -0.0867
vn 0.6367 0.5975 0.4874
vn 0.1975 0.9798 0.0316
vn -0.0785 0.4396 0.8948
vn 0.0711 0.9955 -0.0632
vn -0.2361 0.7950 0.5588
vn 0.0552 0.9859 -0.1577
vn -0.0158 0.9994 0.0315
vn 0.0551 0.9365 -0.3463
vn -0.4242 0.9034 -0.0628
vn 0.2524 0.9547 -0.1578
vn 0.4083 0.8481 -0.3377
vn -0.3157 0.1816 0.9313
vn -0.2673 0.9434 -0.1965
vn 0.3465 0.0394 0.9372
vn 0.3782 -0.9062 -0.1891
vn -0.3382 -0.9203 -0.1966
vn 0.0079 0.9886 -0.1503
vn -0.0631 0.4652 -0.8830
vn -0.0078 0.9985 -0.0550
vn -0.1579 0.9867 -0.0395
vn -0.7272 0.6640 -0.1739
vn -0.6296 0.7712 -0.0944
vn -0.7088 0.7009 0.0788
vn -0.4734 0.5522 0.6863
vn -0.6135 0.6607 -0.4326
vn -0.8666 0.4806 0.1340
vn -0.6318 0.7661 0.1185
vn -0.6754 0.7303 -0.1021
vn -0.7078 0.6921 -0.1416
vn -0.4801 0.8737 0.0787
vn -0.6772 0.7324 -0.0709
vn -0.1741 0.7042 -0.6883
vn -0.6764 0.7314 -0.0865
vn -0.9475 0.3001 -0.1106
vn -0.9444 0.3227 0.0630
vn -0.7942 0.5976 -0.1101
vn -0.9563 -0.2924 0.0079
vn -0.9622 0.2682 0.0473
vn -0.9312 0.3472 0.1105
vn -0.8364 0.5445 0.0631
vn -0.1731 0.9834 0.0551
vn 0.0551 0.9847 -0.1655
vn 0.3695 0.6290 0.6840
vn 0.0707 0.9975 -0.0079
vn 0.1099 0.6989 0.7067
vn 0.0865 0.9910 0.1022
vn 0.4193 0.8860 0.1978
vn -0.0787 0.1651 0.9831
vn 0.1496 0.5430 0.8263
vn 0.1026 0.8833 0.4575
vn 0.0472 0.9686 -0.2441
vn -0.0707 0.9896 0.1256
vn -0.0865 0.5195 0.8501
vn -0.1662 0.9256 0.3402
vn -0.5421 0.8171 0.1964
vn -0.4264 0.6396 0.6396
vn 0.3469 0.8436 0.4100
vn 0.0315 0.9692 0.2443
vn 0.0236 0.9972 0.0707
vn 0.1967 0.7946 0.5743
vn 0.0236 -0.9832 0.1809
vn -0.0000 -0.9849 0.1734
vn 0.0158 -0.9861 -0.1656
vn 0.0157 -0.9994 0.0315
vn 0.0549 -0.9820 -0.1807
vn 0.2591 -0.8559 0.4475
vn -0.0788 -0.9844 0.1575
vn 0.8247 0.5655 0.0078
vn 0.9192 0.1886 0.3457
vn 0.0788 -0.6304 0.7723
vn -0.0237 -0.8054 0.5922
vn -0.7639 0.2599 0.5907
vn -0.1337 0.8491 0.5110
vn 0.0394 0.5598 0.8277
vn -0.2280 0.9595 0.1652
vn -0.1493 0.4009 0.9039
vn -0.1810 -0.9834 -0.0157
vn -0.0158 -0.9961 0.0870
vn -0.0078 -0.7847 0.6199
vn -0.0315 -0.7414 0.6704
vn -0.0000 0.4090 0.9125
vn -0.0157 -0.4782 0.8781
vn -0.0158 -0.3398 0.9404
vn 0.0157 0.8974 0.4409
vn 0.2591 0.2984 0.9186
vn -0.5692 -0.6008 0.5613
vn 0.0235 0.8862 0.4627
vn 0.1103 0.7485 0.6539
vn 0.0158 0.9695 0.2444
vn 0.1180 0.9915 0.0551
vn 0.8124 0.2287 0.5364
vn 0.2054 0.6638 0.7191
vn -0.8124 0.5048 0.2919
vn -0.8704 0.3957 0.2928
vn -0.9258 -0.2824 0.2511
vn -0.4266 -0.8058 0.4108
vn -0.1580 -0.9793 0.1263
vn -0.0315 -0.9673 -0.2517
vn -0.0708 -0.3853 0.9201
vn -0.1102 0.0630 0.9919
vn -0.8676 0.0158 0.4970
vn -0.0865 0.5344 0.8408
vn -0.9859 -0.0237 0.1657
vn -0.0158 0.3537 0.9352
vn -0.8201 0.0710 0.5678
vn 0.4181 -0.0474 0.9072
vn 0.0393 0.0315 0.9987
vn -0.0315 -0.1260 0.9915
vn -0.1818 -0.9563 0.2292
vn 0.5496 0.3062 0.7773
vn -0.7251 -0.3783 0.5754
vn 0.1889 0.2677 0.9448
vn -0.4034 -0.3480 -0.8463
vn 0.0868 0.8847 -0.4581
vn -0.8955 -0.1571 -0.4164
vn -0.5193 0.3147 -0.7946
vn 0.7417 -0.1025 0.6629
vn -0.8365 0.1105 -0.5367
vn -0.5042 0.7327 0.4570
vn -0.4013 0.2754 0.8735
vn -0.9261 -0.3766 -0.0236
vn -0.1334 -0.9891 -0.0628
vn 0.4022 -0.3154 0.8595
vn 0.4391 -0.2509 0.8627
vn 0.1739 -0.7272 0.6640
vn -0.3155 -0.2209 0.9229
vn -0.0393 0.4088 0.9118
vn 0.1027 -0.6711 0.7343
vn -0.2053 -0.4026 0.8921
vn 0.3936 -0.4330 0.8109
vn -0.4409 0.8975 0.0078
vn -0.8134 0.3870 0.4344
vn -0.3152 0.9457 -0.0788
vn 0.2434 0.8030 0.5441
vn -0.2987 0.9355 -0.1887
vn 0.2991 0.8657 -0.4014
vn 0.1810 0.9835 -0.0079
vn 0.0079 0.7885 -0.6150
vn -0.2921 0.9552 0.0473
vn -0.5820 0.4954 -0.6449
vn 0.0709 0.9922 -0.1024
vn 0.1257 0.9110 0.3927
vn 0.0079 0.5975 0.8019
vn -0.0000 0.0863 0.9963
vn -0.2758 0.0237 0.9609
vn 0.3076 0.7574 0.5759
vn 0.0631 0.9614 0.2679
vn 0.1896 0.8685 0.4580
vn 0.0471 0.9507 0.3064
vn -0.0553 0.9718 0.2291
vn -0.2202 0.9754 -0.0079
vn -0.3000 -0.1658 0.9394
vn 0.2125 0.9680 -0.1338
vn 0.3628 0.6784 0.6389
vn -0.1579 -0.0394 0.9867
vn -0.5140 0.8459 0.1423
vn -0.2528 0.9400 -0.2291
vn -0.1104 0.9936 -0.0236
vn -0.0000 0.9939 0.1104
vn -0.0863 0.9961 0.0157
vn -0.0632 0.9165 0.3950
vn 0.4113 0.9015 0.1344
vn -0.1021 0.9895 0.1021
vn -0.1182 0.9930 -0.0079
vn -0.0550 0.9577 0.2826
vn -0.1107 0.7667 0.6324
vn -0.0708 0.6772 0.7324
vn -0.5883 0.7687 0.2510
vn -0.0000 0.9006 0.4345
vn -0.0629 0.6527 0.7550
vn -0.8525 -0.1342 0.5052
vn 0.0157 -0.4721 0.8814
vn -0.5139 -0.1423 0.8460
vn 0.0949 -0.8379 0.5375
vn -0.3632 -0.0000 0.9317
vn -0.2040 0.9728 0.1098
vn -0.1103 0.7484 0.6540
vn -0.0236 0.9515 0.3067
vn 0.1498 0.7412 -0.6544
vn -0.0393 0.7946 0.6058
vn -0.1807 0.5106 0.8406
vn -0.1104 0.0315 0.9934
vn 0.9801 0.1960 0.0314
vn -0.2915 -0.9059 0.3072
vn -0.2914 -0.9059 0.3072
vn -0.0394 0.7946 0.6058
vn 0.1028 0.3240 0.9405
vn -0.1099 0.1571 0.9815
vn -0.2828 -0.0314 0.9586
vn -0.0709 -0.0946 0.9930
vn -0.1580 0.2764 0.9480
vn 0.2370 0.1738 0.9558
vn -0.0947 0.0474 0.9944
vn 0.5652 -0.3690 0.7379
vn -0.3231 0.0394 0.9455
vn -0.0472 -0.2441 0.9686
vn 0.9801 0.1961 0.0313
vn -0.5027 -0.7854 0.3613
vn -0.2278 0.9737 0.0078
vn -0.8995 0.4103 -0.1499
vn 0.1494 -0.9202 0.3618
vn -0.1024 0.8115 0.5752
vn -0.3948 0.9160 -0.0711
vn -0.2920 0.7183 -0.6315
vn -0.9618 0.2050 -0.1814
vn -0.8343 0.5431 -0.0944
vn -0.9558 0.2923 0.0316
vn -0.7093 0.6935 0.1261
vn -0.3463 0.9365 -0.0551
vn -0.0946 0.9930 0.0709
vn 0.0393 0.9987 0.0314
vn 0.0316 0.8843 0.4659
vn 0.0629 0.9901 -0.1257
vn 0.0078 0.9888 -0.1491
vn 0.0472 0.9978 0.0472
vn -0.0707 0.9975 0.0079
vn -0.5823 -0.8105 -0.0630
vn 0.0865 -0.3619 -0.9282
vn -0.4500 -0.6315 0.6314
vn -0.2757 -0.9374 -0.2127
vn 0.0158 -0.9998 -0.0158
vn 0.0158 -0.7416 0.6706
vn -0.3162 -0.9486 -0.0158
vn -0.3794 -0.9249 0.0237
vn -0.5120 -0.8429 0.1655
vn -0.3311 -0.4808 0.8119
vn 0.1026 -0.3708 0.9230
vn -0.1653 -0.1888 0.9680
vn -0.1026 -0.2764 0.9555
vn 0.1413 -0.2197 0.9653
vn -0.1021 -0.4003 0.9107
vn -0.1262 -0.4656 0.8760
vn 0.0079 -0.1657 0.9862
vn -0.0392 -0.4468 0.8938
vn -0.0000 0.0079 1.0000
vn -0.1102 0.9287 0.3541
vn -0.0864 0.9910 -0.1022
vn -0.0394 0.9991 -0.0158
vn -0.2763 0.7104 0.6473
vn -0.3938 -0.1024 0.9135
vn 0.0709 0.9691 0.2364
vn 0.0236 0.9992 -0.0315
vn -0.2519 -0.5513 0.7954
vn -0.0315 0.9987 -0.0393
vn 0.6213 -0.4875 0.6134
vn -0.0157 0.9968 -0.0785
vn 0.0473 0.9530 0.2993
vn 0.6376 -0.1496 0.7557
vn -0.0864 0.8645 0.4951
vn 0.2130 0.3629 0.9072
vn 0.7161 -0.3463 0.6060
vn 0.7729 -0.5205 0.3628
vn 0.5209 -0.2841 0.8050
vn 0.0394 0.5118 0.8582
vn 0.5908 -0.6539 0.4727
vn 0.2274 -0.7762 0.5880
vn 0.6963 -0.6963 0.1741
vn 0.4494 -0.8358 0.3154
vn 0.2042 -0.9502 0.2356
vn -0.0079 -0.9969 0.0785
vn -0.0472 -0.9919 0.1181
vn -0.0550 -0.9977 0.0393
vn 0.2290 -0.9708 0.0710
vn 0.8184 -0.5745 0.0079
vn -0.1502 -0.9879 -0.0395
vn 0.6053 -0.7941 -0.0551
vn 0.6527 -0.7471 0.1258
vn -0.0630 -0.9752 0.2124
vn -0.3624 -0.8826 -0.2995
vn -0.0707 -0.8567 0.5109
vn -0.9650 -0.1648 0.2040
vn -0.9957 -0.0870 -0.0317
vn -0.8760 0.4499 -0.1737
vn -0.9871 0.1500 0.0553
vn -0.8886 0.2359 -0.3933
vn -0.8423 -0.4723 0.2598
vn 0.1337 -0.9905 0.0314
vn -0.1888 -0.8735 -0.4486
vn -0.1654 -0.9372 0.3071
vn -0.1493 -0.6913 0.7070
vn -0.9612 -0.2757 0.0079
vn 0.1025 -0.3075 0.9460
vn -0.3224 -0.1886 0.9276
vn -0.9379 0.3231 0.1261
vn -0.0628 0.4082 0.9107
vn -0.4244 0.5344 0.7309
vn -0.3154 0.7884 0.5282
vn -0.7815 0.6237 -0.0157
vn -0.7953 0.6063 -0.0000
vn -0.0870 0.7354 0.6721
vn -0.4894 0.7736 0.4026
vn -0.1896 0.9398 0.2843
vn -0.7986 0.5930 0.1028
vn -0.7970 0.5998 -0.0710
vn -0.9695 0.1734 -0.1734
vn -0.9633 0.1974 0.1817
vn -0.9704 -0.2367 0.0474
vn -0.7177 0.6782 0.1577
vn -0.7812 0.6234 0.0315
vn -0.5742 0.8102 0.1180
vn -0.2130 0.9072 0.3628
vn 0.1897 0.9487 0.2530
vn 0.5351 0.8341 0.1337
vn 0.4944 0.8632 0.1020
vn 0.8242 0.3925 -0.4082
vn -0.1967 0.5744 0.7946
vn -0.9610 0.2756 0.0236
vn 0.5437 -0.4728 0.6934
vn 0.5338 -0.8243 0.1884
vn -0.8979 -0.0788 -0.4332
vn -0.5113 0.8418 -0.1731
vn -0.7945 0.5821 -0.1731
vn 0.6785 -0.6706 -0.2999
vn 0.4716 -0.8647 -0.1729
vn -0.9513 0.3066 0.0314
vn -0.9351 0.3536 -0.0236
vn -0.8798 0.4713 -0.0628
vn -0.9460 0.3232 0.0237
vn -0.8389 0.5331 0.1098
vn -0.7350 0.6323 -0.2450
vn -0.5667 0.5904 -0.5747
vn -0.5429 0.2203 -0.8104
vn 0.1499 -0.0710 -0.9862
vn -0.8322 0.1177 -0.5418
vn -0.9614 0.2679 0.0630
vn -0.9383 0.3154 0.1420
vn -0.8668 0.4964 -0.0473
vn -0.9782 0.2051 -0.0315
vn -0.9704 0.2367 0.0473
vn -0.9861 -0.1499 -0.0710
vn -0.9236 0.3237 0.2052
vn -0.4094 0.8268 0.3858
vn -0.6482 -0.1265 0.7509
vn -0.0632 0.3950 -0.9165
vn -0.1658 0.9790 0.1184
vn -0.6684 0.7234 -0.1730
vn -0.3628 0.9072 -0.2130
vn -0.8897 -0.3228 0.3228
vn -0.9394 0.2684 0.2131
vn -0.9470 0.1341 0.2919
vn -0.2130 0.5050 -0.8364
vn -0.2756 0.0394 -0.9605
vn 0.9584 0.2828 0.0392
vn -0.6063 0.7794 -0.1575
vn 0.1493 0.8647 -0.4795
vn -0.6533 0.7556 -0.0473
vn 0.1494 0.8647 -0.4795
vn -0.5291 0.8449 0.0789
vn 0.4803 0.7007 0.5276
vn -0.3397 0.4978 0.7980
vn 0.6150 0.5992 0.5125
vn -0.1260 0.7247 0.6775
vn -0.2206 0.1655 0.9612
vn 0.6132 0.4087 0.6760
vn 0.8815 -0.0000 0.4722
vn 0.8797 -0.2435 0.4084
vn 0.4562 -0.6370 0.6214
vn 0.5046 -0.6703 0.5441
vn -0.1889 -0.5980 0.7790
vn -0.3215 0.6039 0.7294
vn 0.9515 -0.2595 0.1652
vn -0.5037 0.2518 0.8264
vn 0.7489 0.0237 0.6622
vn -0.1732 0.2518 0.9521
vn 0.0078 0.2902 0.9569
vn -0.6054 -0.3145 0.7312
vn -0.1417 -0.2678 0.9530
vn -0.8402 0.0236 0.5418
vn 0.2998 -0.1184 0.9466
vn -0.1961 -0.0079 0.9805
vn 0.3000 0.1658 0.9394
vn 0.1338 0.2125 0.9680
vn -0.3083 0.4505 0.8378
vn -0.4559 -0.2673 0.8489
vn -0.4651 -0.8593 0.2129
vn -0.2685 -0.2448 0.9317
vn 0.2050 -0.9776 -0.0473
vn -0.1971 -0.8672 0.4573
vn -0.7011 0.5120 0.4963
vn -0.6533 0.0472 0.7556
vn -0.8096 -0.0786 0.5817
vn -0.5588 -0.0708 0.8263
vn -0.9566 0.1897 0.2214
vn -0.8183 0.4957 -0.2911
vn -0.0474 0.0947 -0.9944
vn -0.5909 -0.6538 -0.4726
vn -0.0236 -0.7340 0.6788
vn -0.8423 0.0630 0.5353
vn -0.6055 0.4875 -0.6291
vn 0.3697 0.9283 0.0393
vn -0.4265 0.9003 0.0869
vn 0.9519 -0.1495 0.2675
vn 0.2755 0.5038 0.8187
vn 0.0785 0.9968 -0.0157
vn -0.5973 -0.0235 -0.8017
vn -0.9262 0.3218 -0.1963
vn -0.8323 -0.4396 -0.3376
vn -0.0393 0.7946 0.6059
vn -0.2203 0.9754 -0.0079
vt 0.734131 0.447998
vt 0.751465 0.418457
vt 0.752686 0.443604
vt 0.789307 0.431641
vt 0.785156 0.410645
vt 0.736328 0.419922
vt 0.713379 0.419678
vt 0.771240 0.391602
vt 0.728271 0.405518
vt 0.714111 0.390625
vt 0.742432 0.394043
vt 0.741943 0.377197
vt 0.773682 0.382324
vt 0.763428 0.363281
vt 0.737305 0.366699
vt 0.760742 0.340820
vt 0.772949 0.358887
vt 0.781494 0.373779
vt 0.441162 0.565918
vt 0.462891 0.541748
vt 0.458496 0.572021
vt 0.440918 0.524170
vt 0.448486 0.516357
vt 0.472900 0.568848
vt 0.467529 0.587646
vt 0.504395 0.580811
vt 0.507324 0.560547
vt 0.522461 0.602295
vt 0.498291 0.533447
vt 0.490967 0.509277
vt 0.517334 0.512207
vt 0.515869 0.483643
vt 0.512695 0.475830
vt 0.484131 0.501465
vt 0.515869 0.455078
vt 0.505127 0.446289
vt 0.099854 0.515869
vt 0.106445 0.511719
vt 0.110107 0.528320
vt 0.100586 0.540527
vt 0.083496 0.522217
vt 0.097168 0.490967
vt 0.075439 0.503174
vt 0.082031 0.541260
vt 0.068115 0.512695
vt 0.076416 0.481445
vt 0.056885 0.481445
vt 0.072021 0.535400
vt 0.045410 0.531494
vt 0.052979 0.552490
vt 0.072021 0.569336
vt 0.051758 0.568115
vt 0.052979 0.587158
vt 0.100098 0.560059
vt 0.083740 0.580078
vt 0.053955 0.598145
vt 0.115723 0.553467
vt 0.115479 0.542969
vt 0.110840 0.564453
vt 0.097168 0.583008
vt 0.092285 0.594727
vt 0.051270 0.614502
vt 0.087402 0.617920
vt 0.968994 0.990723
vt 0.982910 0.980957
vt 0.996094 0.990234
vt 0.967773 0.978271
vt 0.564209 0.313721
vt 0.555908 0.299072
vt 0.578125 0.292480
vt 0.560303 0.289062
vt 0.558594 0.278809
vt 0.557861 0.257812
vt 0.544189 0.266113
vt 0.546875 0.278564
vt 0.537354 0.267090
vt 0.537354 0.296875
vt 0.546143 0.309814
vt 0.530273 0.281494
vt 0.526367 0.275146
vt 0.526123 0.287354
vt 0.534668 0.303467
vt 0.542725 0.319336
vt 0.554688 0.323975
vt 0.565918 0.331543
vt 0.575684 0.321777
vt 0.552979 0.344727
vt 0.539307 0.341309
vt 0.568604 0.345459
vt 0.538330 0.352295
vt 0.555420 0.360107
vt 0.570801 0.355957
vt 0.560791 0.371094
vt 0.575439 0.367432
vt 0.541260 0.364746
vt 0.536377 0.361572
vt 0.528320 0.366211
vt 0.846680 0.328613
vt 0.832275 0.317383
vt 0.835938 0.300781
vt 0.824707 0.293945
vt 0.831299 0.283447
vt 0.830322 0.333496
vt 0.821289 0.349365
vt 0.841553 0.350830
vt 0.857910 0.349854
vt 0.868896 0.334717
vt 0.872559 0.344482
vt 0.868896 0.324463
vt 0.852783 0.313477
vt 0.843018 0.294678
vt 0.866211 0.303223
vt 0.871582 0.303223
vt 0.867676 0.290039
vt 0.856934 0.285889
vt 0.864014 0.283447
vt 0.853760 0.274414
vt 0.861328 0.271973
vt 0.784668 0.639160
vt 0.794189 0.676758
vt 0.771240 0.665771
vt 0.799805 0.629150
vt 0.764404 0.630127
vt 0.755127 0.642090
vt 0.746338 0.635010
vt 0.718018 0.662354
vt 0.747559 0.673828
vt 0.765137 0.677979
vt 0.784424 0.691650
vt 0.793945 0.704102
vt 0.769287 0.711182
vt 0.757324 0.698486
vt 0.747559 0.699951
vt 0.747803 0.718994
vt 0.695557 0.493896
vt 0.696533 0.519043
vt 0.671387 0.477295
vt 0.715332 0.494141
vt 0.715820 0.530762
vt 0.688477 0.465820
vt 0.671631 0.430908
vt 0.711426 0.479004
vt 0.726074 0.478516
vt 0.704590 0.474609
vt 0.696289 0.445557
vt 0.693359 0.430664
vt 0.704346 0.432861
vt 0.712891 0.452393
vt 0.718506 0.438721
vt 0.725342 0.464844
vt 0.657227 0.894043
vt 0.618896 0.920410
vt 0.631348 0.896973
vt 0.608398 0.915283
vt 0.630615 0.887207
vt 0.609131 0.895264
vt 0.591553 0.904785
vt 0.575928 0.924072
vt 0.596436 0.865967
vt 0.612793 0.853760
vt 0.590576 0.881104
vt 0.578125 0.901123
vt 0.565430 0.892822
vt 0.563232 0.908936
vt 0.549072 0.878174
vt 0.575684 0.874756
vt 0.578613 0.853760
vt 0.723877 0.172119
vt 0.724121 0.187012
vt 0.716064 0.172852
vt 0.727051 0.163330
vt 0.721436 0.152832
vt 0.715820 0.192627
vt 0.728027 0.203369
vt 0.718262 0.219238
vt 0.698486 0.192871
vt 0.697754 0.179443
vt 0.702148 0.229492
vt 0.718750 0.250488
vt 0.896729 0.302734
vt 0.888184 0.286865
vt 0.897217 0.289062
vt 0.918213 0.300049
vt 0.893066 0.276367
vt 0.879395 0.351562
vt 0.875977 0.291016
vt 0.558105 0.233887
vt 0.563232 0.241211
vt 0.553223 0.239502
vt 0.561523 0.231201
vt 0.609131 0.212646
vt 0.572021 0.253174
vt 0.557861 0.247314
vt 0.605469 0.299072
vt 0.540283 0.240723
vt 0.497803 0.240479
vt 0.316162 0.860840
vt 0.314453 0.851318
vt 0.317871 0.846924
vt 0.328369 0.854004
vt 0.307861 0.864990
vt 0.304688 0.854248
vt 0.316650 0.866943
vt 0.299316 0.863037
vt 0.247803 0.847656
vt 0.277588 0.866211
vt 0.257812 0.881836
vt 0.318604 0.879395
vt 0.333008 0.888184
vt 0.329346 0.892578
vt 0.153320 0.825195
vt 0.163086 0.828857
vt 0.166748 0.837891
vt 0.167480 0.830566
vt 0.177979 0.841553
vt 0.165527 0.847412
vt 0.177979 0.832520
vt 0.172607 0.854492
vt 0.190918 0.830811
vt 0.189209 0.848389
vt 0.203125 0.836182
vt 0.199463 0.851562
vt 0.207031 0.857422
vt 0.212402 0.848389
vt 0.206543 0.828613
vt 0.201660 0.825195
vt 0.218994 0.834229
vt 0.222412 0.843750
vt 0.215576 0.825439
vt 0.217285 0.822266
vt 0.227295 0.835205
vt 0.230225 0.822998
vt 0.241455 0.833008
vt 0.652832 0.637207
vt 0.667236 0.638672
vt 0.659180 0.668213
vt 0.662109 0.737305
vt 0.652100 0.705566
vt 0.642334 0.637695
vt 0.655029 0.740967
vt 0.643066 0.737549
vt 0.454834 0.190186
vt 0.493408 0.187012
vt 0.493896 0.196045
vt 0.386475 0.191650
vt 0.807861 0.975830
vt 0.767578 0.975830
vt 0.769043 0.971924
vt 0.239990 0.934570
vt 0.241455 0.940674
vt 0.193604 0.939209
vt 0.248779 0.948242
vt 0.184082 0.954590
vt 0.253174 0.956543
vt 0.106445 0.222900
vt 0.060303 0.231201
vt 0.062988 0.220215
vt 0.134277 0.215820
vt 0.153564 0.224609
vt 0.145020 0.237793
vt 0.093018 0.235107
vt 0.072266 0.250732
vt 0.145752 0.244385
vt 0.151855 0.244385
vt 0.165283 0.228516
vt 0.143066 0.258057
vt 0.065674 0.255615
vt 0.150635 0.262451
vt 0.158691 0.254150
vt 0.053467 0.257568
vt 0.961670 0.519775
vt 0.961670 0.580322
vt 0.957031 0.565918
vt 0.270264 0.812500
vt 0.187256 0.819824
vt 0.131592 0.814453
vt 0.205322 0.096436
vt 0.287842 0.096436
vt 0.277344 0.100586
vt 0.550537 0.772217
vt 0.542969 0.770020
vt 0.543701 0.719971
vt 0.553467 0.812012
vt 0.556152 0.758057
vt 0.284668 0.203857
vt 0.218506 0.194336
vt 0.323242 0.197021
vt 0.217285 0.203369
vt 0.583496 0.605469
vt 0.583496 0.496582
vt 0.593262 0.497314
vt 0.600098 0.601562
vt 0.592041 0.601562
vt 0.598877 0.492676
vt 0.004150 0.698975
vt 0.033203 0.671143
vt 0.005859 0.714355
vt 0.040527 0.675293
vt 0.026367 0.663330
vt 0.019775 0.657471
vt 0.020996 0.656250
vt 0.035156 0.657471
vt 0.006592 0.584961
vt 0.018311 0.609131
vt 0.023438 0.526123
vt 0.026611 0.562256
vt 0.027100 0.651855
vt 0.030518 0.576904
vt 0.310547 0.222656
vt 0.423096 0.225586
vt 0.369385 0.227783
vt 0.361572 0.235352
vt 0.525635 0.343018
vt 0.446289 0.346191
vt 0.387207 0.339111
vt 0.386230 0.347412
vt 0.327393 0.095947
vt 0.362793 0.099121
vt 0.266846 0.108398
vt 0.339600 0.109131
vt 0.896973 0.693848
vt 0.848633 0.752930
vt 0.849609 0.718506
vt 0.873535 0.734375
vt 0.892822 0.687012
vt 0.536621 0.909912
vt 0.552734 0.916504
vt 0.472412 0.920410
vt 0.552490 0.900146
vt 0.556885 0.922119
vt 0.623779 0.950195
vt 0.632812 0.937500
vt 0.632080 0.947266
vt 0.632080 0.951172
vt 0.643799 0.930664
vt 0.620850 0.934326
vt 0.650635 0.938232
vt 0.647949 0.918213
vt 0.659912 0.945557
vt 0.658447 0.917236
vt 0.660156 0.937256
vt 0.674072 0.943848
vt 0.675049 0.950928
vt 0.657959 0.932861
vt 0.677490 0.947998
vt 0.672119 0.933594
vt 0.665039 0.925537
vt 0.684570 0.945068
vt 0.684326 0.951172
vt 0.680664 0.937744
vt 0.690430 0.936768
vt 0.679688 0.920410
vt 0.667969 0.919678
vt 0.677979 0.907715
vt 0.669678 0.905762
vt 0.660645 0.903564
vt 0.874512 0.907227
vt 0.874023 0.888428
vt 0.911865 0.893555
vt 0.899170 0.885986
vt 0.877930 0.881104
vt 0.904297 0.864014
vt 0.915527 0.879150
vt 0.924561 0.875244
vt 0.915283 0.889893
vt 0.919922 0.902832
vt 0.885254 0.923828
vt 0.931396 0.890137
vt 0.927490 0.879395
vt 0.923096 0.928711
vt 0.932617 0.936279
vt 0.886963 0.935059
vt 0.929932 0.871826
vt 0.924316 0.869873
vt 0.933350 0.875000
vt 0.178955 0.961914
vt 0.179688 0.968750
vt 0.170898 0.953857
vt 0.183594 0.963623
vt 0.188477 0.968018
vt 0.187744 0.961426
vt 0.191650 0.959961
vt 0.198486 0.962158
vt 0.196777 0.965332
vt 0.193604 0.978271
vt 0.210693 0.970459
vt 0.199951 0.980957
vt 0.192871 0.986084
vt 0.195557 0.989258
vt 0.191406 0.989746
vt 0.179688 0.981689
vt 0.173340 0.989990
vt 0.165527 0.985596
vt 0.174561 0.973389
vt 0.173096 0.968994
vt 0.171143 0.970703
vt 0.165283 0.980713
vt 0.159668 0.984619
vt 0.970215 0.813477
vt 0.977539 0.824219
vt 0.973145 0.825195
vt 0.970215 0.842041
vt 0.981201 0.831543
vt 0.983887 0.822754
vt 0.987305 0.831543
vt 0.995850 0.831299
vt 0.992188 0.822266
vt 0.976318 0.412842
vt 0.968262 0.397461
vt 0.974121 0.398438
vt 0.979736 0.401123
vt 0.980713 0.395508
vt 0.987549 0.411377
vt 0.972900 0.423828
vt 0.979736 0.434814
vt 0.990234 0.404541
vt 0.999756 0.409424
vt 0.954346 0.329102
vt 0.955322 0.317627
vt 0.962646 0.314697
vt 0.963867 0.303955
vt 0.975830 0.312256
vt 0.961182 0.301270
vt 0.950439 0.306152
vt 0.946045 0.306396
vt 0.946289 0.296875
vt 0.954834 0.292480
vt 0.939453 0.287842
vt 0.943604 0.281494
vt 0.956787 0.286377
vt 0.966797 0.285400
vt 0.959961 0.293213
vt 0.949951 0.222900
vt 0.951660 0.223877
vt 0.930664 0.231201
vt 0.961426 0.203125
vt 0.952881 0.231445
vt 0.929443 0.234863
vt 0.914551 0.237061
vt 0.946289 0.235352
vt 0.952881 0.240723
vt 0.950439 0.251709
vt 0.960693 0.249756
vt 0.956787 0.235352
vt 0.957275 0.231445
vt 0.955078 0.228027
vt 0.803223 0.030273
vt 0.806641 0.023438
vt 0.804932 0.040283
vt 0.801270 0.021240
vt 0.802002 0.039062
vt 0.947021 0.768066
vt 0.953613 0.775635
vt 0.943848 0.775879
vt 0.939453 0.773438
vt 0.958496 0.769775
vt 0.955078 0.777344
vt 0.954590 0.765869
vt 0.944336 0.765625
vt 0.952148 0.722412
vt 0.960693 0.721436
vt 0.960693 0.716309
vt 0.948975 0.717529
vt 0.940430 0.722656
vt 0.938965 0.762451
vt 0.941162 0.717285
vt 0.937744 0.717041
vt 0.041260 0.359863
vt 0.036133 0.357422
vt 0.046143 0.345215
vt 0.031006 0.373779
vt 0.026855 0.366943
vt 0.016357 0.384033
vt 0.026367 0.380371
vt 0.022705 0.395508
vt 0.016113 0.398926
vt 0.011230 0.400146
vt 0.005371 0.429932
vt 0.003906 0.459717
vt 0.979980 0.066650
vt 0.985352 0.061523
vt 0.990967 0.060059
vt 0.981934 0.060303
vt 0.982178 0.075928
vt 0.990479 0.091064
vt 0.984863 0.090820
vt 0.990234 0.106445
vt 0.981201 0.104492
vt 0.974854 0.077393
vt 0.979492 0.096436
vt 0.967529 0.064453
vt 0.977295 0.060303
vt 0.966064 0.080566
vt 0.971436 0.091553
vt 0.964111 0.092041
vt 0.976074 0.106689
vt 0.966064 0.105957
vt 0.811035 0.754150
vt 0.806885 0.739990
vt 0.814697 0.743652
vt 0.816650 0.751465
vt 0.813232 0.734619
vt 0.799072 0.747559
vt 0.808594 0.763428
vt 0.804443 0.730957
vt 0.816406 0.728271
vt 0.814209 0.722900
vt 0.810791 0.717041
vt 0.800537 0.724365
vt 0.796387 0.734619
vt 0.748047 0.748779
vt 0.732422 0.737793
vt 0.797607 0.723877
vt 0.799805 0.717285
vt 0.394531 0.897705
vt 0.402344 0.899658
vt 0.394043 0.909424
vt 0.384521 0.900879
vt 0.382080 0.911621
vt 0.385010 0.923096
vt 0.320557 0.920410
vt 0.328613 0.898438
vt 0.321777 0.908203
vt 0.318359 0.895264
vt 0.024902 0.071045
vt 0.020752 0.076904
vt 0.010010 0.072021
vt 0.027588 0.077393
vt 0.363525 0.022949
vt 0.360596 0.018066
vt 0.368652 0.018311
vt 0.354004 0.022461
vt 0.354980 0.013916
vt 0.363037 0.008301
vt 0.919434 0.865234
vt 0.920410 0.811279
vt 0.928223 0.864746
vt 0.925537 0.793213
vt 0.780518 0.986328
vt 0.819580 0.980225
vt 0.819336 0.994141
vt 0.780273 0.980469
vt 0.782471 0.995850
vt 0.699219 0.169189
vt 0.701660 0.135010
vt 0.711670 0.166992
vt 0.694580 0.166504
vt 0.693848 0.174561
vt 0.694580 0.097168
vt 0.704346 0.096191
vt 0.572998 0.089111
vt 0.559082 0.101807
vt 0.556885 0.085449
vt 0.560059 0.107666
vt 0.574219 0.114014
vt 0.549072 0.114990
vt 0.545654 0.122070
vt 0.516357 0.108643
vt 0.540771 0.100342
vt 0.547363 0.089111
vt 0.515869 0.083740
vt 0.504150 0.097412
vt 0.551514 0.079590
vt 0.559082 0.073486
vt 0.556641 0.060059
vt 0.547119 0.068848
vt 0.550293 0.059570
vt 0.523193 0.062012
vt 0.511230 0.062744
vt 0.499268 0.072266
vt 0.491943 0.085205
vt 0.485352 0.074463
vt 0.957275 0.847168
vt 0.954590 0.853271
vt 0.947998 0.844971
vt 0.934570 0.861572
vt 0.947510 0.862305
vt 0.962646 0.857910
vt 0.964844 0.847168
vt 0.963867 0.832520
vt 0.973145 0.858398
vt 0.975586 0.853760
vt 0.983887 0.861816
vt 0.891846 0.201172
vt 0.879883 0.195312
vt 0.907227 0.183838
vt 0.882568 0.186768
vt 0.903564 0.206055
vt 0.901367 0.166260
vt 0.911377 0.162598
vt 0.903564 0.146729
vt 0.927246 0.180420
vt 0.933838 0.154785
vt 0.920166 0.204346
vt 0.914062 0.217773
vt 0.932129 0.224121
vt 0.939453 0.202148
vt 0.538330 0.956055
vt 0.539062 0.970703
vt 0.536377 0.966064
vt 0.532959 0.950439
vt 0.530762 0.964355
vt 0.520996 0.941650
vt 0.517578 0.952393
vt 0.538330 0.926270
vt 0.538818 0.947021
vt 0.547852 0.970215
vt 0.547852 0.935547
vt 0.542480 0.921387
vt 0.541748 0.936035
vt 0.678467 0.513916
vt 0.677979 0.609619
vt 0.671631 0.509766
vt 0.684326 0.511230
vt 0.637939 0.641357
vt 0.637939 0.749268
vt 0.633057 0.694580
vt 0.334473 0.140137
vt 0.377197 0.112061
vt 0.359619 0.140625
vt 0.378418 0.100342
vt 0.374756 0.096191
vt 0.387451 0.111816
vt 0.375244 0.141846
vt 0.398926 0.118896
vt 0.386230 0.179443
vt 0.404541 0.102051
vt 0.395020 0.175781
vt 0.406006 0.186768
vt 0.408691 0.121582
vt 0.415771 0.112793
vt 0.413086 0.102051
vt 0.421875 0.129395
vt 0.424561 0.180420
vt 0.418945 0.096436
vt 0.435547 0.112549
vt 0.428711 0.097656
vt 0.975342 0.506104
vt 0.985107 0.492676
vt 0.988525 0.506348
vt 0.657959 0.811523
vt 0.651123 0.883789
vt 0.647461 0.797852
vt 0.651855 0.795898
vt 0.797852 0.046387
vt 0.790527 0.032715
vt 0.796387 0.024170
vt 0.790771 0.062500
vt 0.800537 0.074951
vt 0.792236 0.080811
vt 0.813965 0.094238
vt 0.787842 0.094971
vt 0.030762 0.485596
vt 0.025879 0.497559
vt 0.022217 0.485352
vt 0.046875 0.521484
vt 0.026367 0.518555
vt 0.016602 0.520020
vt 0.003906 0.506592
vt 0.005371 0.479004
vt 0.015137 0.464600
vt 0.017578 0.427490
vt 0.036377 0.411621
vt 0.044922 0.413574
vt 0.031494 0.407715
vt 0.037598 0.397705
vt 0.952148 0.663574
vt 0.953857 0.651367
vt 0.967529 0.654541
vt 0.937988 0.650391
vt 0.942871 0.712646
vt 0.358887 0.985840
vt 0.375000 0.991943
vt 0.363281 0.991943
vt 0.363281 0.977051
vt 0.357422 0.957764
vt 0.367188 0.966797
vt 0.352051 0.970459
vt 0.348389 0.960449
vt 0.341064 0.968506
vt 0.344238 0.979004
vt 0.354004 0.991943
vt 0.334473 0.979492
vt 0.329590 0.968018
vt 0.178711 0.253418
vt 0.186035 0.266357
vt 0.177246 0.255859
vt 0.162598 0.259521
vt 0.192139 0.252197
vt 0.198242 0.266846
vt 0.192139 0.282715
vt 0.209473 0.283936
vt 0.205078 0.296875
vt 0.190674 0.285645
vt 0.192871 0.299561
vt 0.194336 0.319824
vt 0.226074 0.293457
vt 0.295898 0.300781
vt 0.246338 0.305420
vt 0.209717 0.302246
vt 0.238281 0.320068
vt 0.207275 0.322998
vt 0.199463 0.325439
vt 0.193604 0.331299
vt 0.431641 0.994141
vt 0.420898 0.995850
vt 0.432861 0.984375
vt 0.423096 0.978027
vt 0.420898 0.967041
vt 0.443359 0.989990
vt 0.453613 0.988281
vt 0.417236 0.024658
vt 0.414307 0.063232
vt 0.400879 0.025635
vt 0.393799 0.069336
vt 0.403320 0.074707
vt 0.412842 0.091553
vt 0.396729 0.085449
vt 0.379639 0.079834
vt 0.368652 0.072266
vt 0.367432 0.090088
vt 0.373291 0.043457
vt 0.344727 0.057373
vt 0.356201 0.039062
vt 0.362061 0.029297
vt 0.347656 0.026855
vt 0.451172 0.957520
vt 0.466553 0.976318
vt 0.453613 0.976807
vt 0.467041 0.965820
vt 0.438721 0.979492
vt 0.426270 0.962646
vt 0.435303 0.955566
vt 0.443604 0.952148
vt 0.446533 0.938721
vt 0.435059 0.941406
vt 0.422119 0.956543
vt 0.427246 0.947510
vt 0.408447 0.958008
vt 0.604004 0.173828
vt 0.633057 0.141602
vt 0.630615 0.158447
vt 0.660889 0.150635
vt 0.610596 0.178467
vt 0.629639 0.171387
vt 0.644287 0.163330
vt 0.674072 0.178467
vt 0.636719 0.186523
vt 0.630127 0.200439
vt 0.656738 0.185059
vt 0.616455 0.233154
vt 0.655273 0.208984
vt 0.672607 0.245361
vt 0.639648 0.230713
vt 0.743164 0.235596
vt 0.747314 0.279053
vt 0.729248 0.250488
vt 0.768799 0.254883
vt 0.777588 0.250000
vt 0.773926 0.280518
vt 0.749512 0.299072
vt 0.776855 0.290039
vt 0.730957 0.299316
vt 0.781250 0.304199
vt 0.725342 0.322266
vt 0.748535 0.307617
vt 0.641113 0.435547
vt 0.647949 0.458008
vt 0.612793 0.462402
vt 0.628662 0.478271
vt 0.645020 0.419434
vt 0.634277 0.417969
vt 0.623291 0.428223
vt 0.625732 0.497559
vt 0.645020 0.515381
vt 0.606201 0.485107
vt 0.576172 0.485596
vt 0.608643 0.432861
vt 0.611084 0.422363
vt 0.603760 0.455322
vt 0.578857 0.472656
vt 0.554688 0.482178
vt 0.546143 0.477539
vt 0.584473 0.971680
vt 0.563477 0.994873
vt 0.564941 0.973389
vt 0.563232 0.961914
vt 0.604492 0.964600
vt 0.677490 0.676270
vt 0.690674 0.662354
vt 0.697998 0.683105
vt 0.672607 0.658447
vt 0.707031 0.658691
vt 0.685303 0.693848
vt 0.716797 0.677002
vt 0.704834 0.698242
vt 0.723877 0.693604
vt 0.694580 0.706787
vt 0.706299 0.704590
vt 0.676514 0.757324
vt 0.687012 0.717529
vt 0.684570 0.710693
vt 0.876221 0.996094
vt 0.886963 0.990723
vt 0.909180 1.000000
vt 0.885986 0.963867
vt 0.906494 0.975586
vt 0.914795 0.990234
vt 0.026611 0.243164
vt 0.027100 0.220459
vt 0.056152 0.240234
vt 0.019775 0.229980
vt 0.005615 0.227295
vt 0.010498 0.218994
vt 0.016602 0.200684
vt 0.056152 0.216064
vt 0.025879 0.200928
vt 0.029053 0.176025
vt 0.045654 0.192383
vt 0.010986 0.153809
vt 0.052734 0.168701
vt 0.081299 0.206055
vt 0.028809 0.158447
vt 0.047119 0.137939
vt 0.064697 0.154785
vt 0.074951 0.137939
vt 0.076660 0.162109
vt 0.097656 0.186523
vt 0.282715 0.453369
vt 0.285645 0.432129
vt 0.300781 0.437988
vt 0.294678 0.428711
vt 0.304688 0.430420
vt 0.337402 0.428223
vt 0.274658 0.390625
vt 0.247559 0.343018
vt 0.274414 0.437500
vt 0.269775 0.458008
vt 0.274170 0.464355
vt 0.245605 0.543701
vt 0.722412 0.520996
vt 0.725342 0.523682
vt 0.726318 0.534912
vt 0.736572 0.528564
vt 0.750488 0.532959
vt 0.754150 0.506836
vt 0.760254 0.533203
vt 0.739990 0.548340
vt 0.725342 0.550049
vt 0.765381 0.541260
vt 0.770508 0.536621
vt 0.778809 0.542236
vt 0.753906 0.555420
vt 0.778076 0.548096
vt 0.784424 0.547363
vt 0.778076 0.569580
vt 0.767822 0.559814
vt 0.757324 0.565918
vt 0.766357 0.578857
vt 0.739014 0.557373
vt 0.731689 0.568604
vt 0.719238 0.564209
vt 0.746582 0.577393
vt 0.755615 0.591553
vt 0.760742 0.597656
vt 0.748535 0.600342
vt 0.737549 0.584961
vt 0.732666 0.605469
vt 0.728271 0.580078
vt 0.727539 0.584473
vt 0.275146 0.187256
vt 0.381836 0.187256
vt 0.381104 0.196777
vt 0.087158 0.149414
vt 0.086914 0.137939
vt 0.132080 0.143066
vt 0.144531 0.151123
vt 0.191650 0.141602
vt 0.532227 0.483887
vt 0.591797 0.398682
vt 0.563721 0.448730
vt 0.599121 0.397705
vt 0.719727 0.651611
vt 0.714111 0.654053
vt 0.706543 0.613525
vt 0.703857 0.653076
vt 0.713623 0.555176
vt 0.176514 0.948486
vt 0.163818 0.948486
vt 0.167236 0.885010
vt 0.007812 0.389893
vt 0.006104 0.328857
vt 0.011475 0.326904
vt 0.007568 0.278320
vt 0.612793 0.038574
vt 0.599121 0.102783
vt 0.606445 0.049316
vt 0.598633 0.038818
vt 0.475830 0.296631
vt 0.478760 0.303223
vt 0.420654 0.302246
vt 0.466553 0.291992
vt 0.483887 0.285156
vt 0.507080 0.322754
vt 0.495117 0.277588
vt 0.503662 0.267090
vt 0.534668 0.341553
vt 0.530762 0.322754
vt 0.328857 0.815186
vt 0.382812 0.819824
vt 0.312744 0.822998
vt 0.242676 0.821045
vt 0.106201 0.134766
vt 0.147217 0.125000
vt 0.187500 0.136963
vt 0.096924 0.120361
vt 0.188721 0.124756
vt 0.148438 0.114990
vt 0.166748 0.109619
vt 0.281006 0.233887
vt 0.367432 0.240723
vt 0.303711 0.244385
vt 0.254883 0.244141
vt 0.840576 0.394287
vt 0.849121 0.404541
vt 0.841309 0.475098
vt 0.921875 0.703125
vt 0.916260 0.766113
vt 0.914551 0.695068
vt 0.464600 0.922119
vt 0.443115 0.904053
vt 0.468018 0.915283
vt 0.468994 0.906006
vt 0.456787 0.900146
vt 0.527344 0.905273
vt 0.851318 0.437012
vt 0.851318 0.507080
vt 0.846680 0.518555
vt 0.552734 0.375244
vt 0.558105 0.412842
vt 0.543457 0.425049
vt 0.559814 0.376465
vt 0.542969 0.375000
vt 0.529541 0.433105
vt 0.532227 0.371582
vt 0.518555 0.426758
vt 0.523438 0.480957
vt 0.510498 0.396973
vt 0.517578 0.385010
vt 0.502686 0.396973
vt 0.503418 0.385986
vt 0.503174 0.361328
vt 0.010010 0.834229
vt 0.010010 0.820557
vt 0.062256 0.820312
vt 0.002686 0.829834
vt 0.033203 0.841797
vt 0.004639 0.843018
vt 0.945068 0.051025
vt 0.948242 0.028076
vt 0.959473 0.037354
vt 0.951904 0.015137
vt 0.938232 0.015381
vt 0.938232 0.033447
vt 0.921631 0.033936
vt 0.934570 0.042969
vt 0.940430 0.054688
vt 0.951904 0.074707
vt 0.955566 0.060303
vt 0.954346 0.048096
vt 0.964111 0.162354
vt 0.964111 0.111572
vt 0.976562 0.161133
vt 0.974121 0.518799
vt 0.952881 0.510986
vt 0.980713 0.510742
vt 0.061768 0.021240
vt 0.066162 0.028809
vt 0.061768 0.038330
vt 0.559814 0.216553
vt 0.567627 0.212402
vt 0.560059 0.224854
vt 0.567139 0.199219
vt 0.572754 0.202393
vt 0.590820 0.188232
vt 0.603271 0.187256
vt 0.498535 0.187744
vt 0.525635 0.207275
vt 0.556885 0.221436
vt 0.495605 0.233154
vt 0.631592 0.383789
vt 0.630615 0.403076
vt 0.627197 0.380859
vt 0.630127 0.368896
vt 0.624268 0.369873
vt 0.640137 0.376465
vt 0.640869 0.366943
vt 0.639648 0.357178
vt 0.622803 0.356934
vt 0.629395 0.353271
vt 0.635742 0.342773
vt 0.623779 0.338135
vt 0.642090 0.339600
vt 0.642090 0.342041
vt 0.643066 0.329102
vt 0.640381 0.326172
vt 0.618164 0.340332
vt 0.574463 0.342285
vt 0.579834 0.329590
vt 0.614258 0.332275
vt 0.582520 0.318359
vt 0.619629 0.319336
vt 0.630127 0.320557
vt 0.622559 0.314697
vt 0.643066 0.319336
vt 0.642334 0.309326
vt 0.631836 0.311035
vt 0.641357 0.301514
vt 0.637207 0.298828
vt 0.055420 0.399170
vt 0.057129 0.382080
vt 0.064697 0.395996
vt 0.071289 0.382324
vt 0.072266 0.395752
vt 0.052246 0.468750
vt 0.072754 0.466797
vt 0.087891 0.392578
vt 0.090820 0.379639
vt 0.130859 0.380859
vt 0.102051 0.370117
vt 0.073486 0.371338
vt 0.098877 0.365479
vt 0.078613 0.361572
vt 0.051514 0.333008
vt 0.090576 0.356201
vt 0.098877 0.345215
vt 0.907959 0.004883
vt 0.901123 0.000000
vt 0.920166 0.000977
vt 0.463135 0.940918
vt 0.461182 0.929688
vt 0.474854 0.931396
vt 0.453125 0.935059
vt 0.442383 0.922363
vt 0.438965 0.928711
vt 0.434326 0.916504
vt 0.438721 0.909668
vt 0.426025 0.900146
vt 0.405273 0.908203
vt 0.422119 0.891357
vt 0.411377 0.919189
vt 0.425781 0.930664
vt 0.423096 0.942627
vt 0.416504 0.929199
vt 0.411133 0.935303
vt 0.404297 0.944092
vt 0.398682 0.925049
vt 0.402588 0.916504
vt 0.984619 0.735352
vt 0.976074 0.739258
vt 0.980469 0.731689
vt 0.993164 0.725830
vt 0.971924 0.725098
vt 0.996094 0.740234
vt 0.967041 0.727295
vt 0.972656 0.746338
vt 0.964844 0.744629
vt 0.986816 0.750488
vt 0.979980 0.754395
vt 0.986084 0.762939
vt 0.996094 0.765381
vt 0.971680 0.761475
vt 0.960938 0.757080
vt 0.971924 0.765137
vt 0.990723 0.271484
vt 0.982910 0.275146
vt 0.982178 0.260010
vt 0.980469 0.279541
vt 0.995850 0.281738
vt 0.972168 0.289795
vt 0.713379 0.828369
vt 0.710205 0.849854
vt 0.694580 0.829346
vt 0.728760 0.851318
vt 0.696045 0.856201
vt 0.722656 0.861572
vt 0.735107 0.875488
vt 0.718994 0.882324
vt 0.737061 0.893555
vt 0.759033 0.890137
vt 0.692871 0.874756
vt 0.704590 0.895264
vt 0.681885 0.859863
vt 0.684570 0.895752
vt 0.672852 0.868164
vt 0.677002 0.885010
vt 0.982666 0.346924
vt 0.989258 0.344971
vt 0.986328 0.353027
vt 0.980713 0.352295
vt 0.972656 0.349609
vt 0.975342 0.364746
vt 0.966553 0.333252
vt 0.952881 0.334473
vt 0.976074 0.330322
vt 0.991943 0.341797
vt 0.972412 0.320801
vt 0.983398 0.327881
vt 0.983887 0.315674
vt 0.105957 0.855957
vt 0.124268 0.850586
vt 0.143066 0.864014
vt 0.094238 0.840332
vt 0.099365 0.800049
vt 0.084229 0.817383
vt 0.067871 0.836914
vt 0.075684 0.853271
vt 0.082520 0.870605
vt 0.048340 0.852539
vt 0.047852 0.839355
vt 0.054199 0.865479
vt 0.034180 0.864014
vt 0.945557 0.511719
vt 0.945557 0.575195
vt 0.940674 0.521729
vt 0.930176 0.717285
vt 0.930176 0.788574
vt 0.918701 0.787598
vt 0.347656 0.782227
vt 0.349609 0.776611
vt 0.354980 0.789062
vt 0.280029 0.761719
vt 0.238770 0.760010
vt 0.341553 0.767578
vt 0.355957 0.769531
vt 0.365234 0.767822
vt 0.370850 0.777344
vt 0.368896 0.791504
vt 0.384766 0.771973
vt 0.375000 0.761963
vt 0.384521 0.756592
vt 0.831787 0.528809
vt 0.831787 0.447021
vt 0.843018 0.527100
vt 0.998779 0.093018
vt 0.998779 0.108887
vt 0.997559 0.104492
vt 0.151123 0.744629
vt 0.150391 0.763184
vt 0.138672 0.753662
vt 0.133545 0.744141
vt 0.140381 0.764893
vt 0.146240 0.784180
vt 0.119629 0.748535
vt 0.128906 0.771729
vt 0.122803 0.785645
vt 0.131836 0.801758
vt 0.114014 0.802734
vt 0.097656 0.790771
vt 0.103271 0.768799
vt 0.092773 0.686523
vt 0.112061 0.754150
vt 0.096924 0.713379
vt 0.101074 0.758057
vt 0.095703 0.766113
vt 0.084961 0.690918
vt 0.099609 0.666504
vt 0.099121 0.681885
vt 0.088379 0.677490
vt 0.073730 0.680664
vt 0.078369 0.690674
vt 0.068604 0.688721
vt 0.554688 0.931396
vt 0.556885 0.947754
vt 0.553955 0.957275
vt 0.617676 0.947266
vt 0.617676 0.958496
vt 0.615723 0.939697
vt 0.577881 0.937988
vt 0.615967 0.930664
vt 0.615723 0.925537
vt 0.563477 0.510742
vt 0.535645 0.498047
vt 0.557373 0.488770
vt 0.555908 0.522949
vt 0.578369 0.509766
vt 0.574219 0.528076
vt 0.565186 0.547852
vt 0.550537 0.552490
vt 0.521729 0.521240
vt 0.520264 0.530273
vt 0.540771 0.561523
vt 0.511475 0.544189
vt 0.516113 0.566406
vt 0.524414 0.575928
vt 0.550781 0.569336
vt 0.542725 0.575439
vt 0.534424 0.608398
vt 0.552002 0.601318
vt 0.559814 0.594238
vt 0.570312 0.565918
vt 0.574463 0.551514
vt 0.563477 0.578125
vt 0.579346 0.601318
vt 0.056885 0.991943
vt 0.079102 0.984131
vt 0.073730 0.997803
vt 0.061279 0.979248
vt 0.043457 0.988281
vt 0.930176 0.609619
vt 0.934814 0.583740
vt 0.945557 0.613037
vt 0.959473 0.603760
vt 0.967773 0.584961
vt 0.967041 0.610352
vt 0.961182 0.626709
vt 0.940186 0.619629
vt 0.912354 0.611816
vt 0.947510 0.636963
vt 0.966309 0.645264
vt 0.935791 0.645996
vt 0.369629 0.871582
vt 0.375732 0.855957
vt 0.383545 0.877686
vt 0.369141 0.885986
vt 0.399170 0.865234
vt 0.378174 0.844727
vt 0.379883 0.828369
vt 0.419189 0.860352
vt 0.391357 0.822021
vt 0.428467 0.879639
vt 0.420166 0.886475
vt 0.413818 0.838379
vt 0.411133 0.821533
vt 0.429932 0.863281
vt 0.434326 0.882080
vt 0.444580 0.852051
vt 0.449463 0.873779
vt 0.458740 0.874023
vt 0.252197 0.425049
vt 0.262939 0.426514
vt 0.262451 0.433594
vt 0.259521 0.445557
vt 0.248047 0.415039
vt 0.263672 0.422852
vt 0.246582 0.456055
vt 0.248779 0.408691
vt 0.239990 0.429199
vt 0.225342 0.415039
vt 0.229736 0.389160
vt 0.236084 0.422119
vt 0.235596 0.454346
vt 0.241943 0.457764
vt 0.240967 0.467529
vt 0.229248 0.434326
vt 0.213379 0.408691
vt 0.204346 0.391602
vt 0.221436 0.372559
vt 0.216797 0.368652
vt 0.201904 0.417725
vt 0.192627 0.391113
vt 0.203613 0.408203
vt 0.197510 0.401855
vt 0.209473 0.366699
vt 0.177002 0.418701
vt 0.174072 0.433838
vt 0.166992 0.413818
vt 0.168945 0.408203
vt 0.168945 0.426270
vt 0.148438 0.411377
vt 0.160156 0.440674
vt 0.197021 0.443115
vt 0.178711 0.443115
vt 0.210938 0.451904
vt 0.201172 0.452148
vt 0.175781 0.450195
vt 0.203369 0.460449
vt 0.224854 0.446045
vt 0.224609 0.458496
vt 0.209229 0.461670
vt 0.239502 0.484131
vt 0.205078 0.473633
vt 0.220703 0.486084
vt 0.254395 0.472412
vt 0.255127 0.479004
vt 0.256348 0.482910
vt 0.242432 0.514893
vt 0.226807 0.505859
vt 0.222412 0.515625
vt 0.214355 0.495605
vt 0.215332 0.514404
vt 0.202148 0.490723
vt 0.201172 0.480713
vt 0.187256 0.521973
vt 0.198975 0.472412
vt 0.183838 0.489014
vt 0.182861 0.478271
vt 0.188477 0.464111
vt 0.172607 0.465332
vt 0.181885 0.457031
vt 0.170410 0.460449
vt 0.167236 0.453613
vt 0.154541 0.446289
vt 0.163086 0.455078
vt 0.155273 0.456787
vt 0.153564 0.448975
vt 0.149170 0.458984
vt 0.145996 0.440918
vt 0.145264 0.445068
vt 0.143799 0.452148
vt 0.137451 0.446777
vt 0.134766 0.459961
vt 0.149170 0.470459
vt 0.171631 0.476807
vt 0.140625 0.477295
vt 0.157471 0.481689
vt 0.153076 0.508545
vt 0.168457 0.512451
vt 0.165527 0.519043
vt 0.178955 0.524170
vt 0.174072 0.525146
vt 0.185547 0.530029
vt 0.161865 0.525146
vt 0.202637 0.530762
vt 0.209473 0.546875
vt 0.194336 0.541992
vt 0.172852 0.545898
vt 0.190674 0.545654
vt 0.195312 0.549072
vt 0.151367 0.524414
vt 0.161621 0.554932
vt 0.153809 0.520020
vt 0.155762 0.516602
vt 0.146240 0.521973
vt 0.142334 0.540771
vt 0.149414 0.554688
vt 0.142090 0.546875
vt 0.130859 0.539307
vt 0.132568 0.548340
vt 0.126221 0.548096
vt 0.131348 0.510254
vt 0.114990 0.536377
vt 0.125244 0.502197
vt 0.104004 0.504395
vt 0.111572 0.472656
vt 0.111084 0.459961
vt 0.107422 0.458496
vt 0.110840 0.454346
vt 0.130615 0.453125
vt 0.101807 0.439209
vt 0.122070 0.414307
vt 0.111084 0.408691
vt 0.128418 0.396240
vt 0.135742 0.420166
vt 0.144043 0.409912
vt 0.138184 0.397705
vt 0.135254 0.385254
vt 0.147217 0.405029
vt 0.145996 0.390869
vt 0.142578 0.384521
vt 0.163818 0.398193
vt 0.159424 0.407227
vt 0.151123 0.397705
vt 0.152100 0.384766
vt 0.180176 0.385010
vt 0.146973 0.379639
vt 0.156250 0.383789
vt 0.162354 0.392578
vt 0.170166 0.388428
vt 0.186523 0.374512
vt 0.163086 0.386719
vt 0.172852 0.373291
vt 0.161865 0.374023
vt 0.156494 0.369385
vt 0.175293 0.365234
vt 0.172607 0.356689
vt 0.142822 0.375732
vt 0.138672 0.375732
vt 0.156250 0.363037
vt 0.154541 0.354736
vt 0.175293 0.344971
vt 0.178955 0.361572
vt 0.186279 0.365967
vt 0.185547 0.357666
vt 0.187744 0.349854
vt 0.192383 0.345703
vt 0.180664 0.340332
vt 0.194336 0.341309
vt 0.196289 0.356934
vt 0.205811 0.359375
vt 0.201904 0.333984
vt 0.209717 0.355957
vt 0.199707 0.364746
vt 0.023193 0.342529
vt 0.021240 0.356201
vt 0.014160 0.364990
vt 0.029053 0.332275
vt 0.032959 0.330566
vt 0.031250 0.318115
vt 0.036621 0.315918
vt 0.033691 0.316162
vt 0.027100 0.300293
vt 0.036865 0.306885
vt 0.042236 0.307617
vt 0.044922 0.313965
vt 0.053467 0.304688
vt 0.043457 0.300293
vt 0.029297 0.294678
vt 0.025391 0.293945
vt 0.015137 0.284912
vt 0.041260 0.296387
vt 0.031738 0.285889
vt 0.054932 0.277588
vt 0.052979 0.290039
vt 0.068115 0.270752
vt 0.058838 0.291992
vt 0.067871 0.293457
vt 0.078369 0.285889
vt 0.072021 0.277832
vt 0.082520 0.279053
vt 0.085205 0.267090
vt 0.886719 0.952637
vt 0.875732 0.962402
vt 0.877197 0.952881
vt 0.860596 0.961182
vt 0.851318 0.952881
vt 0.860107 0.945312
vt 0.851318 0.943848
vt 0.849121 0.947266
vt 0.842285 0.945068
vt 0.846191 0.957764
vt 0.846924 0.963379
vt 0.828857 0.961670
vt 0.843262 0.952881
vt 0.826416 0.952393
vt 0.922119 0.956299
vt 0.903320 0.965088
vt 0.903076 0.958740
vt 0.889893 0.958740
vt 0.918945 0.967285
vt 0.904785 0.944824
vt 0.929932 0.955322
vt 0.919922 0.947998
vt 0.912842 0.941895
vt 0.924805 0.945312
vt 0.945312 0.948975
vt 0.948242 0.942627
vt 0.949463 0.955811
vt 0.962646 0.411133
vt 0.956299 0.404785
vt 0.964111 0.403564
vt 0.952393 0.412842
vt 0.945557 0.411377
vt 0.963379 0.424805
vt 0.966553 0.414062
vt 0.966309 0.431152
vt 0.932373 0.421143
vt 0.939697 0.434570
vt 0.949463 0.436279
vt 0.961914 0.428955
vt 0.961914 0.433105
vt 0.951660 0.439697
vt 0.957031 0.445068
vt 0.962402 0.453857
vt 0.972656 0.447021
vt 0.977051 0.445312
vt 0.976562 0.448975
vt 0.868896 0.502441
vt 0.859863 0.507812
vt 0.861084 0.501953
vt 0.856689 0.500977
vt 0.866211 0.509033
vt 0.859619 0.485840
vt 0.873047 0.505615
vt 0.868164 0.516602
vt 0.870850 0.494629
vt 0.878174 0.506348
vt 0.875977 0.492432
vt 0.876465 0.521240
vt 0.880615 0.510254
vt 0.883545 0.509521
vt 0.884277 0.502441
vt 0.888428 0.493408
vt 0.884033 0.482422
vt 0.876221 0.482422
vt 0.869385 0.486328
vt 0.895752 0.474121
vt 0.891846 0.485840
vt 0.892822 0.465820
vt 0.885010 0.467529
vt 0.892578 0.455566
vt 0.875732 0.463867
vt 0.862305 0.478516
vt 0.858398 0.465820
vt 0.871338 0.469238
vt 0.870117 0.455566
vt 0.870117 0.447266
vt 0.855713 0.449951
vt 0.079102 0.804932
vt 0.081055 0.786621
vt 0.088867 0.801514
vt 0.075195 0.798584
vt 0.068604 0.805908
vt 0.071289 0.794678
vt 0.066895 0.793457
vt 0.034912 0.803711
vt 0.027588 0.815918
vt 0.031982 0.802979
vt 0.038086 0.797119
vt 0.027588 0.800293
vt 0.026855 0.792236
vt 0.065186 0.789551
vt 0.064209 0.778809
vt 0.072021 0.754639
vt 0.095459 0.774658
vt 0.052979 0.775391
vt 0.061035 0.754150
vt 0.045654 0.729736
vt 0.075684 0.722412
vt 0.064941 0.711182
vt 0.011230 0.797852
vt 0.003906 0.767822
vt 0.013672 0.761963
vt 0.030762 0.781738
vt 0.026123 0.776367
vt 0.025146 0.757324
vt 0.037598 0.773926
vt 0.027588 0.774170
vt 0.032227 0.763428
vt 0.034668 0.730469
vt 0.037598 0.760498
vt 0.042969 0.725342
vt 0.033203 0.727783
vt 0.042969 0.709229
vt 0.044434 0.712402
vt 0.066895 0.705566
vt 0.044678 0.707275
vt 0.061768 0.699707
vt 0.050293 0.697510
vt 0.043457 0.701904
vt 0.042236 0.689697
vt 0.054443 0.693115
vt 0.045166 0.680908
vt 0.053711 0.679443
vt 0.058838 0.672607
vt 0.747314 0.955811
vt 0.736816 0.963623
vt 0.731689 0.957275
vt 0.729980 0.968018
vt 0.719971 0.968262
vt 0.716553 0.962402
vt 0.732666 0.983154
vt 0.722168 0.987793
vt 0.716797 0.971680
vt 0.704834 0.965820
vt 0.025146 0.040039
vt 0.030029 0.051025
vt 0.021240 0.052979
vt 0.037842 0.049561
vt 0.031250 0.058105
vt 0.029785 0.065430
vt 0.018799 0.064697
vt 0.036133 0.057129
vt 0.035645 0.079346
vt 0.043457 0.054443
vt 0.045166 0.046631
vt 0.064941 0.057617
vt 0.052002 0.051270
vt 0.067139 0.079102
vt 0.064941 0.049316
vt 0.072998 0.077637
vt 0.069824 0.041748
vt 0.074219 0.058350
vt 0.079834 0.072998
vt 0.081055 0.065430
vt 0.072998 0.052490
vt 0.069824 0.048828
vt 0.084961 0.045166
vt 0.083984 0.036865
vt 0.076416 0.051758
vt 0.088379 0.049805
vt 0.093750 0.062744
vt 0.156250 0.086914
vt 0.158447 0.082764
vt 0.162354 0.093506
vt 0.148682 0.074951
vt 0.148926 0.069580
vt 0.165039 0.071777
vt 0.154785 0.063965
vt 0.162842 0.059082
vt 0.173828 0.053467
vt 0.158447 0.047119
vt 0.177979 0.069824
vt 0.165283 0.088379
vt 0.168945 0.089111
vt 0.170898 0.096191
vt 0.175781 0.079102
vt 0.182373 0.082520
vt 0.185303 0.104004
vt 0.193848 0.091797
vt 0.183594 0.075195
vt 0.189453 0.074951
vt 0.183105 0.069092
vt 0.194824 0.082520
vt 0.199707 0.090332
vt 0.195557 0.076416
vt 0.211670 0.091309
vt 0.209473 0.083496
vt 0.220215 0.090576
vt 0.217285 0.082275
vt 0.188965 0.065186
vt 0.180420 0.065674
vt 0.181641 0.062744
vt 0.186768 0.047607
vt 0.175537 0.052979
vt 0.176514 0.045898
vt 0.225830 0.069824
vt 0.165283 0.039307
vt 0.159180 0.037598
vt 0.175049 0.040527
vt 0.189697 0.031250
vt 0.196289 0.033936
vt 0.203125 0.041992
vt 0.205811 0.037598
vt 0.203369 0.033936
vt 0.210693 0.029297
vt 0.145508 0.928711
vt 0.156982 0.929932
vt 0.152344 0.937744
vt 0.151123 0.952637
vt 0.160400 0.962891
vt 0.144043 0.940430
vt 0.140137 0.937744
vt 0.149414 0.967041
vt 0.162354 0.974854
vt 0.143799 0.968994
vt 0.147461 0.973633
vt 0.133057 0.940186
vt 0.130615 0.924316
vt 0.130615 0.966309
vt 0.125488 0.938721
vt 0.114014 0.968750
vt 0.114258 0.933105
vt 0.850830 0.367432
vt 0.865234 0.385254
vt 0.843506 0.371338
vt 0.855957 0.405029
vt 0.878662 0.367676
vt 0.867920 0.401855
vt 0.864746 0.407471
vt 0.868164 0.409668
vt 0.864502 0.418701
vt 0.857910 0.418701
vt 0.869629 0.416748
vt 0.855469 0.444336
vt 0.875488 0.424316
vt 0.863037 0.444092
vt 0.869141 0.436035
vt 0.962891 0.392334
vt 0.959473 0.378906
vt 0.967529 0.383545
vt 0.937256 0.392334
vt 0.941162 0.405518
vt 0.952881 0.372070
vt 0.930664 0.386719
vt 0.962402 0.373535
vt 0.957520 0.346924
vt 0.967529 0.361328
vt 0.982910 0.948975
vt 0.968750 0.959961
vt 0.966553 0.952881
vt 0.985107 0.957520
vt 0.975586 0.943115
vt 0.981689 0.932129
vt 0.959473 0.962158
vt 0.957764 0.953369
vt 0.961914 0.944824
vt 0.952881 0.934570
vt 0.959717 0.927979
vt 0.967041 0.935059
vt 0.977295 0.925049
vt 0.995850 0.931641
vt 0.967529 0.930176
vt 0.961426 0.920410
vt 0.941895 0.930420
vt 0.980225 0.914062
vt 0.972412 0.908691
vt 0.518555 0.886719
vt 0.523682 0.868408
vt 0.524658 0.885254
vt 0.539062 0.877930
vt 0.514160 0.870361
vt 0.542969 0.864990
vt 0.542480 0.881592
vt 0.514160 0.862793
vt 0.506104 0.870361
vt 0.499512 0.861572
vt 0.539307 0.861572
vt 0.552734 0.862549
vt 0.551270 0.858154
vt 0.548828 0.855469
vt 0.560791 0.854736
vt 0.556396 0.861572
vt 0.526367 0.856201
vt 0.546631 0.855469
vt 0.533203 0.839111
vt 0.508057 0.852051
vt 0.519531 0.827393
vt 0.500244 0.852539
vt 0.512695 0.831543
vt 0.471436 0.830078
vt 0.561768 0.847900
vt 0.553223 0.849121
vt 0.556641 0.843506
vt 0.562988 0.836670
vt 0.554199 0.840576
vt 0.570801 0.841309
vt 0.554688 0.836914
vt 0.540039 0.836670
vt 0.548584 0.832275
vt 0.555176 0.825439
vt 0.547363 0.827393
vt 0.559082 0.816895
vt 0.550293 0.816406
vt 0.570557 0.820801
vt 0.580566 0.835938
vt 0.577637 0.843018
vt 0.569580 0.814941
vt 0.562988 0.811279
vt 0.562744 0.805420
vt 0.576660 0.815430
vt 0.571289 0.808838
vt 0.567871 0.802246
vt 0.575684 0.803467
vt 0.590820 0.835449
vt 0.594971 0.842285
vt 0.585693 0.823730
vt 0.583496 0.813965
vt 0.582275 0.806152
vt 0.586182 0.809082
vt 0.590332 0.824707
vt 0.592041 0.809326
vt 0.603027 0.821045
vt 0.595703 0.827393
vt 0.605957 0.822266
vt 0.631348 0.831299
vt 0.598389 0.839111
vt 0.631836 0.845947
vt 0.622803 0.850098
vt 0.968750 0.011719
vt 0.975098 0.009277
vt 0.969482 0.016846
vt 0.963623 0.012451
vt 0.962158 0.029053
vt 0.992920 0.021484
vt 0.969971 0.040039
vt 0.992188 0.043701
vt 0.986816 0.055176
vt 0.972412 0.054932
vt 0.967285 0.046143
vt 0.981201 0.643311
vt 0.991943 0.651611
vt 0.981201 0.648682
vt 0.970947 0.644043
vt 0.972656 0.652100
vt 0.069092 0.332275
vt 0.063232 0.332764
vt 0.055664 0.312256
vt 0.057129 0.328857
vt 0.075439 0.308594
vt 0.068848 0.302002
vt 0.084229 0.339600
vt 0.075684 0.302246
vt 0.086426 0.322021
vt 0.086426 0.313232
vt 0.086914 0.339844
vt 0.110107 0.280762
vt 0.107910 0.324951
vt 0.114014 0.340576
vt 0.103271 0.309814
vt 0.110840 0.313721
vt 0.104004 0.300537
vt 0.114014 0.303955
vt 0.123047 0.314209
vt 0.126465 0.303711
vt 0.116699 0.295166
vt 0.110107 0.291504
vt 0.120361 0.322754
vt 0.124268 0.318848
vt 0.131592 0.319580
vt 0.118652 0.335205
vt 0.137207 0.324707
vt 0.118652 0.339111
vt 0.132080 0.335693
vt 0.121094 0.349365
vt 0.116943 0.349121
vt 0.118896 0.356689
vt 0.135742 0.345947
vt 0.149170 0.334229
vt 0.152100 0.337158
vt 0.151123 0.328857
vt 0.161133 0.330566
vt 0.166504 0.322266
vt 0.166504 0.331787
vt 0.186523 0.334961
vt 0.180420 0.319092
vt 0.174072 0.305908
vt 0.150146 0.315918
vt 0.137695 0.320312
vt 0.148438 0.306152
vt 0.155518 0.295898
vt 0.166748 0.284912
vt 0.143799 0.273682
vt 0.162109 0.267822
vt 0.149414 0.267090
vt 0.144287 0.281006
vt 0.130615 0.294189
vt 0.122314 0.284424
vt 0.136475 0.285400
vt 0.130127 0.289062
vt 0.129883 0.282959
vt 0.135742 0.277832
vt 0.136230 0.272705
vt 0.116211 0.281250
vt 0.109131 0.274658
vt 0.131348 0.268066
vt 0.392334 0.986328
vt 0.413086 0.971191
vt 0.408447 0.988525
vt 0.392090 0.967285
vt 0.377686 0.979004
vt 0.382812 0.966064
vt 0.372803 0.968506
vt 0.383301 0.960449
vt 0.372314 0.959229
vt 0.648438 0.790039
vt 0.658447 0.781006
vt 0.667969 0.792725
vt 0.652100 0.783447
vt 0.642578 0.783447
vt 0.651123 0.777588
vt 0.651367 0.771729
vt 0.660645 0.775879
vt 0.666260 0.782959
vt 0.667969 0.776611
vt 0.666260 0.768066
vt 0.674561 0.777344
vt 0.682129 0.761475
vt 0.687500 0.773438
vt 0.689453 0.765137
vt 0.681641 0.782227
vt 0.672363 0.794434
vt 0.693115 0.781738
vt 0.697754 0.770508
vt 0.698975 0.764648
vt 0.695312 0.752441
vt 0.703613 0.748047
vt 0.707275 0.748779
vt 0.714111 0.739502
vt 0.710449 0.750977
vt 0.714600 0.726562
vt 0.727539 0.732666
vt 0.724609 0.739502
vt 0.715332 0.752197
vt 0.702148 0.769043
vt 0.711182 0.763916
vt 0.719482 0.766846
vt 0.712158 0.771973
vt 0.712646 0.777344
vt 0.723877 0.767090
vt 0.707275 0.781006
vt 0.719482 0.779785
vt 0.713867 0.788818
vt 0.726562 0.784912
vt 0.722168 0.786133
vt 0.725830 0.795898
vt 0.717041 0.796387
vt 0.699707 0.785889
vt 0.704834 0.789551
vt 0.702637 0.796143
vt 0.699219 0.791992
vt 0.692383 0.791260
vt 0.686279 0.787109
vt 0.692139 0.795410
vt 0.680420 0.794434
vt 0.692627 0.799805
vt 0.702393 0.807373
vt 0.713135 0.808350
vt 0.715088 0.815430
vt 0.699707 0.814453
vt 0.692627 0.810791
vt 0.686523 0.808350
vt 0.683105 0.801758
vt 0.676758 0.800781
vt 0.676514 0.803955
vt 0.668701 0.800049
vt 0.661133 0.800049
vt 0.663330 0.806885
vt 0.678223 0.810791
vt 0.673340 0.810547
vt 0.673584 0.819092
vt 0.682617 0.821045
vt 0.686768 0.814453
vt 0.685303 0.824219
vt 0.691895 0.817871
vt 0.685303 0.832764
vt 0.206055 0.988770
vt 0.215088 0.976318
vt 0.214600 0.991699
vt 0.835449 0.006592
vt 0.844238 0.010986
vt 0.836670 0.022705
vt 0.826416 0.012207
vt 0.816406 0.017090
vt 0.812256 0.005127
vt 0.819580 0.034424
vt 0.855957 0.015625
vt 0.854004 0.005127
vt 0.868896 0.010010
vt 0.870361 0.027832
vt 0.861084 0.031738
vt 0.831787 0.035400
vt 0.808350 0.047119
vt 0.823242 0.056396
vt 0.852295 0.035645
vt 0.858154 0.047363
vt 0.864258 0.040283
vt 0.419189 0.020020
vt 0.404785 0.019531
vt 0.415283 0.010010
vt 0.403320 0.004395
vt 0.396729 0.012451
vt 0.394775 0.019531
vt 0.383789 0.009277
vt 0.377197 0.032715
vt 0.371338 0.025635
vt 0.977539 0.716553
vt 0.984375 0.706787
vt 0.991943 0.720947
vt 0.974609 0.710938
vt 0.966064 0.720459
vt 0.600098 0.987061
vt 0.611572 0.970703
vt 0.615234 0.987793
vt 0.589844 0.976562
vt 0.621582 0.982910
vt 0.621582 0.991943
vt 0.618896 0.966064
vt 0.986816 0.311279
vt 0.968994 0.298340
vt 0.993896 0.299561
vt 0.957764 0.469971
vt 0.974121 0.468506
vt 0.978516 0.480225
vt 0.958740 0.460693
vt 0.951172 0.458496
vt 0.960693 0.479736
vt 0.951172 0.489258
vt 0.978516 0.485352
vt 0.966064 0.485596
vt 0.962402 0.497559
vt 0.958740 0.502686
vt 0.975342 0.493896
vt 0.964600 0.506348
vt 0.984375 0.561035
vt 0.989990 0.584473
vt 0.965820 0.577881
vt 0.965820 0.547119
vt 0.848877 0.993652
vt 0.831055 0.979980
vt 0.834229 0.971924
vt 0.849609 0.977295
vt 0.840332 0.995117
vt 0.858398 0.996094
vt 0.835938 0.994629
vt 0.824463 0.981445
vt 0.829346 0.995605
vt 0.856445 0.979248
vt 0.862305 0.986572
vt 0.861328 0.979004
vt 0.458008 0.981201
vt 0.468018 0.981201
vt 0.466553 0.990967
vt 0.989990 0.458252
vt 0.983398 0.464844
vt 0.969971 0.458740
vt 0.233154 0.731445
vt 0.219238 0.731201
vt 0.225830 0.725342
vt 0.224854 0.738281
vt 0.237793 0.726074
vt 0.241211 0.736328
vt 0.232910 0.723877
vt 0.240723 0.718018
vt 0.244385 0.723389
vt 0.260010 0.736572
vt 0.241455 0.746338
vt 0.258545 0.749756
vt 0.253662 0.718262
vt 0.252930 0.710938
vt 0.263184 0.745850
vt 0.270264 0.726074
vt 0.269287 0.718994
vt 0.288818 0.716797
vt 0.268799 0.708252
vt 0.254883 0.705566
vt 0.261230 0.700195
vt 0.280518 0.712158
vt 0.278076 0.700928
vt 0.264893 0.691162
vt 0.286133 0.704834
vt 0.283691 0.692627
vt 0.291260 0.697998
vt 0.301758 0.703369
vt 0.296387 0.683350
vt 0.287354 0.683838
vt 0.277832 0.680420
vt 0.291016 0.674561
vt 0.280762 0.666260
vt 0.302490 0.677490
vt 0.310059 0.678223
vt 0.296143 0.664551
vt 0.288574 0.659912
vt 0.285400 0.665771
vt 0.310303 0.659668
vt 0.304199 0.649170
vt 0.291260 0.644775
vt 0.296387 0.641357
vt 0.302490 0.627197
vt 0.310547 0.635986
vt 0.316895 0.657715
vt 0.319580 0.634521
vt 0.304688 0.624023
vt 0.339355 0.636963
vt 0.318848 0.622559
vt 0.309326 0.619873
vt 0.306641 0.612305
vt 0.330322 0.673828
vt 0.346436 0.644775
vt 0.339844 0.664307
vt 0.337646 0.687744
vt 0.353760 0.675293
vt 0.322021 0.686035
vt 0.312256 0.695801
vt 0.342529 0.696045
vt 0.357178 0.686523
vt 0.359863 0.679688
vt 0.371582 0.681885
vt 0.377441 0.703369
vt 0.394043 0.717285
vt 0.377686 0.715820
vt 0.369629 0.708008
vt 0.371094 0.722412
vt 0.344727 0.707764
vt 0.333496 0.707764
vt 0.322754 0.722900
vt 0.331787 0.718994
vt 0.338623 0.721436
vt 0.343018 0.725342
vt 0.363281 0.735352
vt 0.317383 0.737305
vt 0.347168 0.748535
vt 0.307861 0.737793
vt 0.296143 0.750977
vt 0.305420 0.748535
vt 0.312500 0.750732
vt 0.316895 0.743652
vt 0.320068 0.748291
vt 0.927979 0.376953
vt 0.896484 0.376709
vt 0.923584 0.347900
vt 0.904785 0.343506
vt 0.945557 0.368408
vt 0.926758 0.334229
vt 0.945312 0.334229
vt 0.946289 0.311768
vt 0.929688 0.315430
vt 0.012451 0.750000
vt 0.001953 0.735352
vt 0.028809 0.726318
vt 0.775146 0.990967
vt 0.744141 0.989746
vt 0.755371 0.973145
vt 0.733643 0.991699
vt 0.410400 0.311035
vt 0.399658 0.273682
vt 0.423340 0.280518
vt 0.411133 0.266846
vt 0.399902 0.314697
vt 0.377930 0.276855
vt 0.376709 0.315430
vt 0.369385 0.287354
vt 0.358154 0.314697
vt 0.357910 0.283936
vt 0.353271 0.274170
vt 0.341064 0.289551
vt 0.345947 0.324463
vt 0.329834 0.277344
vt 0.334473 0.267334
vt 0.313477 0.284668
vt 0.304199 0.271973
vt 0.319336 0.301514
vt 0.332031 0.313232
vt 0.325928 0.323486
vt 0.302246 0.313965
vt 0.977051 0.192139
vt 0.989990 0.196533
vt 0.979248 0.209961
vt 0.869873 0.569336
vt 0.853760 0.570312
vt 0.862793 0.561768
vt 0.843506 0.563232
vt 0.858887 0.550049
vt 0.869629 0.551758
vt 0.882324 0.551270
vt 0.882812 0.564453
vt 0.872803 0.546387
vt 0.889160 0.514160
vt 0.905029 0.500000
vt 0.893555 0.546387
vt 0.891602 0.563965
vt 0.898926 0.558838
vt 0.910156 0.572998
vt 0.552490 0.054688
vt 0.555664 0.042725
vt 0.567871 0.056152
vt 0.504639 0.056152
vt 0.312012 0.842773
vt 0.249023 0.843262
vt 0.245850 0.835449
vt 0.331299 0.829834
vt 0.337158 0.836670
vt 0.248779 0.826416
vt 0.179932 0.929199
vt 0.189453 0.855713
vt 0.200439 0.865967
vt 0.177979 0.884766
vt 0.166992 0.878174
vt 0.698486 0.378662
vt 0.696777 0.325195
vt 0.701172 0.325439
vt 0.710693 0.324951
vt 0.706787 0.425293
vt 0.694824 0.426270
vt 0.687988 0.423340
vt 0.683594 0.325195
vt 0.697021 0.530273
vt 0.702637 0.547852
vt 0.690674 0.530518
vt 0.718994 0.538330
vt 0.708984 0.550293
vt 0.693115 0.629639
vt 0.734863 0.516602
vt 0.732178 0.469238
vt 0.748779 0.470947
vt 0.737305 0.461914
vt 0.787598 0.438721
vt 0.816895 0.257080
vt 0.822021 0.265869
vt 0.815674 0.339600
vt 0.811279 0.254883
vt 0.370361 0.334229
vt 0.491943 0.331543
vt 0.474121 0.334229
vt 0.430420 0.329102
vt 0.427490 0.186035
vt 0.493408 0.170410
vt 0.493652 0.177979
vt 0.525635 0.186768
vt 0.494873 0.157959
vt 0.522461 0.176514
vt 0.945801 0.507568
vt 0.937744 0.498047
vt 0.946289 0.442871
vt 0.581299 0.014648
vt 0.527832 0.014648
vt 0.566162 0.004395
vt 0.690186 0.948730
vt 0.759033 0.948730
vt 0.697021 0.955322
vt 0.755615 0.957031
vt 0.819092 0.948975
vt 0.821777 0.959229
vt 0.785889 0.943848
vt 0.427734 0.051514
vt 0.499023 0.063965
vt 0.423828 0.056152
vt 0.447998 0.065674
vt 0.500244 0.054688
vt 0.896973 0.574463
vt 0.896973 0.650146
vt 0.890869 0.599854
vt 0.075684 0.092773
vt 0.145264 0.088379
vt 0.154053 0.106445
vt 0.102295 0.112793
vt 0.089355 0.070068
vt 0.140869 0.070312
vt 0.844238 0.701904
vt 0.841309 0.781494
vt 0.833252 0.764160
vt 0.828369 0.749756
vt 0.831055 0.714600
vt 0.829834 0.678223
vt 0.840088 0.621582
vt 0.836426 0.699463
vt 0.828613 0.619141
vt 0.595703 0.736816
vt 0.595703 0.628418
vt 0.604492 0.656494
vt 0.506104 0.203857
vt 0.398682 0.203857
vt 0.504639 0.200439
vt 0.828369 0.362061
vt 0.837158 0.362061
vt 0.833740 0.442871
vt 0.590088 0.389160
vt 0.530029 0.469971
vt 0.585938 0.382324
vt 0.598145 0.384277
vt 0.723389 0.621826
vt 0.769043 0.601562
vt 0.774170 0.606689
vt 0.772217 0.600098
vt 0.775146 0.611816
vt 0.784424 0.605225
vt 0.788574 0.616943
vt 0.807617 0.623779
vt 0.793945 0.594727
vt 0.582520 0.732910
vt 0.582520 0.624268
vt 0.591309 0.732422
vt 0.054199 0.950439
vt 0.104492 0.948730
vt 0.104248 0.958984
vt 0.045898 0.930908
vt 0.108643 0.933350
vt 0.044922 0.919189
vt 0.071289 0.913086
vt 0.054199 0.960205
vt 0.042480 0.959229
vt 0.042236 0.969727
vt 0.108643 0.968994
vt 0.615723 0.581055
vt 0.655518 0.557373
vt 0.637939 0.589844
vt 0.629639 0.552734
vt 0.660156 0.554443
vt 0.619873 0.523926
vt 0.624512 0.520020
vt 0.620850 0.555420
vt 0.610352 0.549805
vt 0.608887 0.574951
vt 0.604736 0.587402
vt 0.610107 0.596924
vt 0.613525 0.609619
vt 0.641846 0.599609
vt 0.641113 0.609375
vt 0.614990 0.623779
vt 0.260742 0.935547
vt 0.267334 0.926514
vt 0.322021 0.947510
vt 0.297363 0.923828
vt 0.323242 0.939209
vt 0.293701 0.887939
vt 0.318359 0.958740
vt 0.254883 0.945557
vt 0.330078 0.955078
vt 0.047852 0.026123
vt 0.037109 0.034424
vt 0.037598 0.021729
vt 0.049561 0.013672
vt 0.056641 0.023193
vt 0.056641 0.015381
vt 0.057129 0.008789
vt 0.033936 0.014648
vt 0.021729 0.017578
vt 0.019775 0.008301
vt 0.027100 0.032715
vt 0.014404 0.020996
vt 0.006104 0.009766
vt 0.003906 0.041992
vt 0.010986 0.852539
vt 0.020752 0.852539
vt 0.019775 0.860352
vt 0.677002 0.034912
vt 0.661865 0.028320
vt 0.674072 0.020752
vt 0.653076 0.043457
vt 0.658691 0.019775
vt 0.665283 0.012451
vt 0.664795 0.005615
vt 0.650879 0.005127
vt 0.649902 0.020020
vt 0.645752 0.005859
vt 0.641846 0.033447
vt 0.642090 0.012207
vt 0.640381 0.042480
vt 0.642334 0.020264
vt 0.634521 0.016602
vt 0.634277 0.027588
vt 0.628418 0.020508
vt 0.621826 0.023682
vt 0.628662 0.037598
vt 0.629639 0.046875
vt 0.620117 0.052246
vt 0.631836 0.039551
vt 0.238770 0.972168
vt 0.246094 0.967041
vt 0.245361 0.980225
vt 0.238770 0.972656
vt 0.231689 0.982666
vt 0.270996 0.908203
vt 0.249756 0.906006
vt 0.260742 0.894775
vt 0.276611 0.887207
vt 0.288818 0.898682
vt 0.284912 0.916504
vt 0.269531 0.920654
vt 0.244629 0.921875
vt 0.229492 0.905029
vt 0.249756 0.883301
vt 0.227051 0.921143
vt 0.210693 0.910889
vt 0.227051 0.890625
vt 0.205078 0.906250
vt 0.207764 0.891113
vt 0.094971 0.046875
vt 0.091064 0.038086
vt 0.107178 0.040771
vt 0.103271 0.024658
vt 0.119629 0.036621
vt 0.114746 0.060791
vt 0.143555 0.037354
vt 0.143799 0.065186
vt 0.153809 0.050537
vt 0.138672 0.024414
vt 0.153320 0.021484
vt 0.464111 0.027100
vt 0.464111 0.008057
vt 0.475098 0.016602
vt 0.266113 0.323730
vt 0.256104 0.341064
vt 0.240479 0.328857
vt 0.281982 0.337891
vt 0.265381 0.359863
vt 0.273193 0.366699
vt 0.304199 0.342773
vt 0.310303 0.324463
vt 0.307373 0.363037
vt 0.312988 0.346436
vt 0.316650 0.367676
vt 0.308838 0.386719
vt 0.336426 0.407227
vt 0.296143 0.377197
vt 0.797607 0.853516
vt 0.787598 0.851807
vt 0.801025 0.836670
vt 0.818848 0.852783
vt 0.823730 0.842773
vt 0.793701 0.869873
vt 0.805908 0.883301
vt 0.793945 0.894043
vt 0.776855 0.862061
vt 0.785889 0.892090
vt 0.772461 0.875977
vt 0.775391 0.902588
vt 0.760254 0.855957
vt 0.752197 0.872070
vt 0.738770 0.853516
vt 0.976318 0.882568
vt 0.973145 0.895508
vt 0.964111 0.896240
vt 0.970215 0.900635
vt 0.978760 0.902344
vt 0.999512 0.879150
vt 0.987549 0.870117
vt 0.992920 0.896240
vt 0.994873 0.916748
vt 1.000000 0.902588
vt 0.614014 0.711182
vt 0.629883 0.709229
vt 0.622314 0.727051
vt 0.599609 0.743652
vt 0.606689 0.761719
vt 0.623291 0.753906
vt 0.576416 0.761475
vt 0.568359 0.754883
vt 0.560303 0.795410
vt 0.612305 0.775391
vt 0.632568 0.779785
vt 0.592041 0.798340
vt 0.620605 0.787354
vt 0.637695 0.789551
vt 0.600586 0.807129
vt 0.626709 0.821777
vt 0.608154 0.812256
vt 0.782471 0.463867
vt 0.777100 0.489746
vt 0.765137 0.484863
vt 0.796631 0.466797
vt 0.798584 0.430908
vt 0.784912 0.527588
vt 0.749756 0.490723
vt 0.788818 0.505615
vt 0.801514 0.497314
vt 0.116699 0.996826
vt 0.083984 0.988281
vt 0.110107 0.984131
vt 0.097900 0.979248
vt 0.094971 0.880371
vt 0.118652 0.893311
vt 0.093750 0.893066
vt 0.122559 0.906494
vt 0.123291 0.882568
vt 0.101074 0.870117
vt 0.125977 0.870850
vt 0.167480 0.866699
vt 0.154053 0.882324
vt 0.154297 0.895264
vt 0.158691 0.917969
vt 0.086670 0.902344
vt 0.122070 0.920166
vt 0.120361 0.911377
vt 0.091797 0.916748
vt 0.774902 0.191650
vt 0.793213 0.198242
vt 0.785400 0.209229
vt 0.786133 0.181885
vt 0.790771 0.182861
vt 0.766357 0.200928
vt 0.800293 0.204346
vt 0.796143 0.166992
vt 0.807373 0.202393
vt 0.806396 0.222900
vt 0.820312 0.212646
vt 0.767090 0.209961
vt 0.763428 0.208008
vt 0.793213 0.226562
vt 0.782471 0.224365
vt 0.772705 0.226318
vt 0.791260 0.236816
vt 0.773682 0.241455
vt 0.789551 0.253418
vt 0.816895 0.231201
vt 0.812012 0.242188
vt 0.824219 0.248047
vt 0.804199 0.248535
vt 0.006104 0.894287
vt 0.004395 0.881104
vt 0.010254 0.885986
vt 0.012939 0.892578
vt 0.004883 0.897705
vt 0.012207 0.879883
vt 0.031982 0.893555
vt 0.012207 0.872803
vt 0.001465 0.869873
vt 0.031738 0.882812
vt 0.021973 0.864746
vt 0.000000 0.866943
vt 0.023682 0.868408
vt 0.031006 0.871826
vt 0.026367 0.867676
vt 0.025146 0.856934
vt 0.041504 0.874512
vt 0.038330 0.885254
vt 0.044434 0.883057
vt 0.044189 0.878418
vt 0.037598 0.893555
vt 0.041992 0.898438
vt 0.037354 0.901855
vt 0.016602 0.905273
vt 0.001953 0.918945
vt 0.014404 0.909180
vt 0.017578 0.922852
vt 0.024902 0.907227
vt 0.034180 0.908203
vt 0.030273 0.911133
vt 0.027100 0.913574
vt 0.035889 0.912354
vt 0.031006 0.916016
vt 0.041748 0.906982
vt 0.049072 0.899170
vt 0.047607 0.888428
vt 0.048096 0.903809
vt 0.044678 0.909668
vt 0.050049 0.906982
vt 0.047852 0.912842
vt 0.063232 0.901611
vt 0.062500 0.898193
vt 0.060791 0.895996
vt 0.081299 0.895996
vt 0.051270 0.884766
vt 0.072021 0.881592
vt 0.048584 0.879150
vt 0.052490 0.879883
vt 0.049316 0.875000
vt 0.061523 0.875000
vt 0.061523 0.870850
vt 0.851562 0.121582
vt 0.847656 0.119629
vt 0.843750 0.094238
vt 0.849365 0.127441
vt 0.840332 0.096924
vt 0.842529 0.131348
vt 0.825928 0.124756
vt 0.818115 0.101074
vt 0.828125 0.136475
vt 0.836914 0.140137
vt 0.811279 0.114502
vt 0.805908 0.101562
vt 0.807373 0.115723
vt 0.802979 0.099609
vt 0.813477 0.124268
vt 0.817383 0.126465
vt 0.823730 0.127441
vt 0.803711 0.127197
vt 0.811768 0.130371
vt 0.818359 0.132080
vt 0.811523 0.133301
vt 0.805420 0.132568
vt 0.793945 0.143555
vt 0.817871 0.145020
vt 0.829102 0.147705
vt 0.839844 0.146484
vt 0.802002 0.147705
vt 0.801758 0.162109
vt 0.794189 0.157715
vt 0.794922 0.160645
vt 0.810547 0.168457
vt 0.815674 0.151367
vt 0.820312 0.168213
vt 0.831055 0.163330
vt 0.825195 0.172607
vt 0.828613 0.170166
vt 0.833496 0.170410
vt 0.842529 0.174561
vt 0.841064 0.168701
vt 0.850342 0.167236
vt 0.847900 0.157715
vt 0.840088 0.160889
vt 0.844238 0.155762
vt 0.846191 0.151611
vt 0.840820 0.152100
vt 0.820801 0.067139
vt 0.834961 0.078613
vt 0.818359 0.077148
vt 0.848389 0.050537
vt 0.822266 0.087402
vt 0.828369 0.088135
vt 0.835449 0.088379
vt 0.840088 0.081787
vt 0.843262 0.089844
vt 0.849365 0.069336
vt 0.858887 0.056396
vt 0.866943 0.052979
vt 0.843262 0.079834
vt 0.850098 0.084473
vt 0.858154 0.075439
vt 0.874268 0.065186
vt 0.870361 0.074219
vt 0.850342 0.089355
vt 0.868164 0.076172
vt 0.868164 0.087646
vt 0.853760 0.091797
vt 0.851318 0.093506
vt 0.876465 0.089844
vt 0.856445 0.101807
vt 0.852783 0.104004
vt 0.879883 0.098633
vt 0.859619 0.109863
vt 0.861572 0.105713
vt 0.879150 0.103271
vt 0.860107 0.117188
vt 0.867188 0.110840
vt 0.884033 0.112793
vt 0.864014 0.113770
vt 0.862305 0.117188
vt 0.884277 0.115234
vt 0.866211 0.126221
vt 0.884033 0.118164
vt 0.869141 0.120605
vt 0.885742 0.119385
vt 0.959961 0.781494
vt 0.971436 0.770752
vt 0.974609 0.781494
vt 0.986816 0.777588
vt 0.583496 0.008301
vt 0.606934 0.005127
vt 0.610107 0.013916
vt 0.637695 0.006836
vt 0.205566 0.014893
vt 0.218018 0.017578
vt 0.213867 0.024658
vt 0.203369 0.024658
vt 0.186523 0.015381
vt 0.185059 0.021729
vt 0.192383 0.027344
vt 0.177490 0.013916
vt 0.172852 0.001953
vt 0.174561 0.033203
vt 0.473145 0.426270
vt 0.463379 0.450684
vt 0.456787 0.424561
vt 0.451660 0.448975
vt 0.459473 0.469238
vt 0.474609 0.456299
vt 0.479004 0.478271
vt 0.452393 0.503418
vt 0.473633 0.505371
vt 0.491211 0.459473
vt 0.496338 0.402832
vt 0.503174 0.436279
vt 0.479492 0.394043
vt 0.497559 0.386719
vt 0.464111 0.388916
vt 0.450928 0.387207
vt 0.451660 0.363770
vt 0.480225 0.379639
vt 0.457275 0.352051
vt 0.987061 0.845947
vt 0.987061 0.839355
vt 0.991943 0.842529
vt 0.981934 0.843262
vt 0.984131 0.849365
vt 0.976074 0.846191
vt 0.669434 0.986572
vt 0.662598 0.989746
vt 0.662354 0.984375
vt 0.670410 0.978271
vt 0.913818 0.674561
vt 0.908447 0.686279
vt 0.906738 0.678955
vt 0.912598 0.663330
vt 0.903076 0.671143
vt 0.922119 0.660400
vt 0.930176 0.675049
vt 0.912842 0.656494
vt 0.899414 0.655518
vt 0.910156 0.649658
vt 0.916260 0.651855
vt 0.924805 0.655518
vt 0.922363 0.650391
vt 0.918457 0.645752
vt 0.927002 0.645996
vt 0.930908 0.645020
vt 0.928955 0.636475
vt 0.922119 0.635742
vt 0.917969 0.635498
vt 0.921143 0.622559
vt 0.911865 0.634277
vt 0.906982 0.643311
vt 0.912109 0.619141
vt 0.708008 0.988770
vt 0.705078 0.985107
vt 0.713623 0.983643
vt 0.707520 0.980469
vt 0.711182 0.976318
vt 0.705078 0.972900
vt 0.937256 0.817627
vt 0.935059 0.832275
vt 0.931641 0.814453
vt 0.942871 0.823242
vt 0.945557 0.809814
vt 0.943359 0.838135
vt 0.943848 0.798584
vt 0.950684 0.784912
vt 0.938477 0.781982
vt 0.953613 0.793457
vt 0.951660 0.825684
vt 0.953125 0.837646
vt 0.959961 0.825928
vt 0.949951 0.816162
vt 0.956299 0.817139
vt 0.967529 0.827393
vt 0.962402 0.806152
vt 0.958740 0.804932
vt 0.955078 0.798828
vt 0.962158 0.795166
vt 0.967529 0.785889
vt 0.847900 0.855713
vt 0.840820 0.861572
vt 0.843262 0.848389
vt 0.828125 0.837402
vt 0.829346 0.820068
vt 0.844238 0.835449
vt 0.833740 0.820068
vt 0.835693 0.813721
vt 0.819092 0.822266
vt 0.827637 0.809326
vt 0.815674 0.811523
vt 0.808105 0.821045
vt 0.800293 0.812500
vt 0.822266 0.801758
vt 0.832275 0.799561
vt 0.811035 0.802490
vt 0.826904 0.790283
vt 0.797119 0.805664
vt 0.795410 0.798340
vt 0.804688 0.793945
vt 0.813477 0.793213
vt 0.809814 0.790771
vt 0.818848 0.786133
vt 0.810791 0.785645
vt 0.513428 0.948975
vt 0.513184 0.958984
vt 0.508301 0.970947
vt 0.510986 0.949951
vt 0.518311 0.969971
vt 0.502197 0.972900
vt 0.496826 0.981934
vt 0.488525 0.983887
vt 0.497314 0.995605
vt 0.501953 0.989990
vt 0.524902 0.990967
vt 0.537598 0.983643
vt 0.507324 0.982178
vt 0.511719 0.977539
vt 0.519531 0.974121
vt 0.840332 0.232422
vt 0.834473 0.263428
vt 0.835693 0.246826
vt 0.845703 0.260498
vt 0.837646 0.232910
vt 0.849365 0.230469
vt 0.837646 0.223145
vt 0.822754 0.225830
vt 0.827148 0.219727
vt 0.843994 0.216309
vt 0.837891 0.212646
vt 0.824707 0.204590
vt 0.855469 0.218994
vt 0.864258 0.223145
vt 0.869141 0.228760
vt 0.870361 0.220703
vt 0.862793 0.211914
vt 0.854492 0.210693
vt 0.864258 0.203613
vt 0.849854 0.206543
vt 0.854492 0.201660
vt 0.837646 0.202148
vt 0.826660 0.198486
vt 0.818359 0.196045
vt 0.835938 0.197021
vt 0.827881 0.184326
vt 0.578857 0.073730
vt 0.573975 0.069336
vt 0.578125 0.069824
vt 0.568359 0.078125
vt 0.592529 0.041260
vt 0.594238 0.045410
vt 0.580078 0.080811
vt 0.593750 0.090820
vt 0.588135 0.096924
vt 0.577637 0.084473
vt 0.593018 0.114258
vt 0.942627 0.923096
vt 0.932373 0.917969
vt 0.935791 0.907471
vt 0.928711 0.907227
vt 0.944824 0.917969
vt 0.937988 0.893311
vt 0.942139 0.904053
vt 0.955078 0.915527
vt 0.943604 0.892090
vt 0.953125 0.897461
vt 0.938232 0.883057
vt 0.955811 0.896240
vt 0.959717 0.903076
vt 0.961426 0.909424
vt 0.943604 0.880859
vt 0.963379 0.884033
vt 0.940674 0.872314
vt 0.963379 0.869385
vt 0.961670 0.866943
vt 0.568848 0.149170
vt 0.572266 0.145020
vt 0.583496 0.150635
vt 0.582764 0.156006
vt 0.560059 0.160156
vt 0.562012 0.150635
vt 0.572021 0.128662
vt 0.583984 0.127930
vt 0.571533 0.121094
vt 0.584229 0.116211
vt 0.546387 0.127930
vt 0.547852 0.133545
vt 0.551025 0.156006
vt 0.547852 0.147461
vt 0.535889 0.147949
vt 0.528076 0.142334
vt 0.514160 0.136719
vt 0.486572 0.119629
vt 0.520020 0.150879
vt 0.507812 0.151123
vt 0.526855 0.148193
vt 0.543213 0.151367
vt 0.534424 0.157959
vt 0.525391 0.159180
vt 0.517578 0.157959
vt 0.519531 0.162109
vt 0.521729 0.167480
vt 0.530518 0.161865
vt 0.528564 0.171143
vt 0.539551 0.173828
vt 0.540527 0.169678
vt 0.545410 0.172607
vt 0.538574 0.161865
vt 0.541016 0.163818
vt 0.549072 0.160889
vt 0.560547 0.166504
vt 0.567871 0.169189
vt 0.565674 0.177734
vt 0.550781 0.166748
vt 0.553711 0.176270
vt 0.555664 0.172852
vt 0.563477 0.178711
vt 0.568848 0.191895
vt 0.241455 0.024902
vt 0.222656 0.024414
vt 0.222168 0.018555
vt 0.231201 0.017578
vt 0.972900 0.603271
vt 0.968262 0.602539
vt 0.970947 0.597412
vt 0.975830 0.598877
vt 0.977051 0.588623
vt 0.988037 0.603516
vt 0.984131 0.593994
vt 0.989990 0.594238
vt 0.996826 0.594727
vt 0.674072 0.143066
vt 0.681396 0.148193
vt 0.667236 0.146240
vt 0.676025 0.139648
vt 0.680664 0.141113
vt 0.680420 0.135742
vt 0.669922 0.140625
vt 0.661133 0.131104
vt 0.661865 0.121582
vt 0.657471 0.135742
vt 0.646484 0.136963
vt 0.657959 0.128906
vt 0.649902 0.129395
vt 0.647949 0.116455
vt 0.653320 0.103760
vt 0.660400 0.106445
vt 0.655518 0.097168
vt 0.660156 0.098145
vt 0.647949 0.100586
vt 0.644775 0.106689
vt 0.640625 0.105469
vt 0.621582 0.098389
vt 0.640869 0.117920
vt 0.636475 0.111328
vt 0.640381 0.128906
vt 0.630127 0.121094
vt 0.614746 0.116943
vt 0.598389 0.118164
vt 0.589600 0.121582
vt 0.608398 0.114014
vt 0.613281 0.103516
vt 0.614990 0.096191
vt 0.603760 0.111816
vt 0.607666 0.096924
vt 0.722656 0.903809
vt 0.724121 0.912598
vt 0.713867 0.920166
vt 0.718994 0.891113
vt 0.710938 0.901367
vt 0.730225 0.910889
vt 0.727051 0.901123
vt 0.749756 0.907959
vt 0.728516 0.915039
vt 0.750732 0.918213
vt 0.755615 0.918701
vt 0.756836 0.929443
vt 0.751953 0.929688
vt 0.728516 0.922363
vt 0.741211 0.932373
vt 0.722656 0.923828
vt 0.717041 0.931641
vt 0.708252 0.919678
vt 0.691406 0.904053
vt 0.689209 0.923828
vt 0.700439 0.931641
vt 0.686035 0.927490
vt 0.686035 0.931396
vt 0.668945 0.072754
vt 0.660645 0.068848
vt 0.675049 0.049561
vt 0.665283 0.059082
vt 0.669678 0.049316
vt 0.614014 0.058594
vt 0.654297 0.073730
vt 0.664307 0.090820
vt 0.693359 0.061768
vt 0.690918 0.043701
vt 0.698486 0.072998
vt 0.676270 0.080566
vt 0.697266 0.080566
vt 0.678223 0.094238
vt 0.705322 0.088867
vt 0.667725 0.098633
vt 0.675049 0.099609
vt 0.674316 0.117920
vt 0.688477 0.110352
vt 0.702148 0.319580
vt 0.689697 0.318359
vt 0.699707 0.311035
vt 0.683350 0.306641
vt 0.680664 0.313721
vt 0.699463 0.305908
vt 0.668945 0.309814
vt 0.722168 0.307373
vt 0.715820 0.313477
vt 0.720947 0.315430
vt 0.710693 0.302734
vt 0.724609 0.294434
vt 0.684082 0.297119
vt 0.695312 0.292480
vt 0.723145 0.278076
vt 0.716064 0.258789
vt 0.727539 0.260254
vt 0.696045 0.233887
vt 0.677734 0.260010
vt 0.663818 0.268311
vt 0.670166 0.262939
vt 0.668945 0.250244
vt 0.651855 0.269531
vt 0.646484 0.294678
vt 0.627441 0.254883
vt 0.649170 0.299561
vt 0.656982 0.315674
vt 0.671631 0.324707
vt 0.649658 0.333008
vt 0.647217 0.342285
vt 0.677246 0.325439
vt 0.670654 0.331055
vt 0.474854 0.605713
vt 0.478760 0.595215
vt 0.490723 0.589844
vt 0.483398 0.610352
vt 0.495850 0.599854
vt 0.470215 0.609375
vt 0.499023 0.606689
vt 0.505371 0.592041
vt 0.488281 0.618408
vt 0.477295 0.619629
vt 0.506104 0.614502
vt 0.516846 0.611084
vt 0.524414 0.625244
vt 0.499023 0.620605
vt 0.503906 0.627441
vt 0.511475 0.631348
vt 0.492676 0.633301
vt 0.487061 0.628906
vt 0.499512 0.641846
vt 0.485352 0.644287
vt 0.491455 0.646240
vt 0.476562 0.640381
vt 0.471191 0.637207
vt 0.474365 0.656250
vt 0.491943 0.660156
vt 0.502930 0.648193
vt 0.501221 0.666504
vt 0.480713 0.678467
vt 0.509766 0.642822
vt 0.498535 0.682861
vt 0.507568 0.662598
vt 0.503174 0.681641
vt 0.511963 0.673828
vt 0.505615 0.693604
vt 0.496094 0.695312
vt 0.513184 0.689941
vt 0.484619 0.694092
vt 0.520020 0.674072
vt 0.529785 0.677979
vt 0.533447 0.634766
vt 0.520508 0.657959
vt 0.475098 0.691406
vt 0.467041 0.709229
vt 0.467285 0.667969
vt 0.462891 0.688477
vt 0.456299 0.705078
vt 0.518799 0.648926
vt 0.526855 0.638428
vt 0.457031 0.644531
vt 0.452148 0.662109
vt 0.452637 0.633789
vt 0.445312 0.636230
vt 0.442383 0.635010
vt 0.450928 0.615234
vt 0.457275 0.607422
vt 0.466309 0.605713
vt 0.462891 0.602295
vt 0.455811 0.601807
vt 0.444336 0.604248
vt 0.432617 0.600098
vt 0.429688 0.622803
vt 0.437500 0.619385
vt 0.432861 0.631348
vt 0.402588 0.619629
vt 0.395020 0.624268
vt 0.435059 0.660156
vt 0.380859 0.662354
vt 0.370361 0.630371
vt 0.432861 0.666992
vt 0.447266 0.672607
vt 0.454590 0.679688
vt 0.441895 0.692627
vt 0.457031 0.689697
vt 0.454102 0.699707
vt 0.451172 0.710938
vt 0.452148 0.695312
vt 0.409668 0.707764
vt 0.433838 0.692383
vt 0.429688 0.675537
vt 0.429443 0.671387
vt 0.412842 0.697998
vt 0.409668 0.699219
vt 0.408203 0.685059
vt 0.407715 0.676758
vt 0.388916 0.692871
vt 0.401611 0.690186
vt 0.399902 0.712402
vt 0.394531 0.697754
vt 0.389160 0.698242
vt 0.025879 0.982178
vt 0.030518 0.994629
vt 0.020264 0.993408
vt 0.007812 0.980469
vt 0.039062 0.990234
vt 0.037354 0.980469
vt 0.959717 0.711426
vt 0.958740 0.696777
vt 0.990967 0.693604
vt 0.949707 0.704102
vt 0.989502 0.672852
vt 0.961670 0.673096
vt 0.982910 0.668213
vt 0.957764 0.668213
vt 0.978760 0.656494
vt 0.482178 0.970215
vt 0.472168 0.984619
vt 0.472412 0.958008
vt 0.705811 0.044678
vt 0.718018 0.073730
vt 0.702881 0.068604
vt 0.704346 0.078369
vt 0.716553 0.055664
vt 0.716797 0.082031
vt 0.724121 0.079590
vt 0.727051 0.084473
vt 0.721680 0.070557
vt 0.745361 0.080566
vt 0.760742 0.083984
vt 0.730713 0.072021
vt 0.751465 0.080322
vt 0.739990 0.074707
vt 0.743652 0.067871
vt 0.751221 0.067139
vt 0.760010 0.069092
vt 0.744873 0.060791
vt 0.749512 0.045410
vt 0.763184 0.065186
vt 0.751465 0.061768
vt 0.756348 0.062744
vt 0.780518 0.059082
vt 0.772217 0.064209
vt 0.904785 0.019775
vt 0.910156 0.034912
vt 0.898682 0.027344
vt 0.934082 0.010010
vt 0.874023 0.008301
vt 0.500977 0.956299
vt 0.476074 0.939697
vt 0.510254 0.935303
vt 0.473633 0.953125
vt 0.497070 0.925537
vt 0.531250 0.922607
vt 0.963379 0.992188
vt 0.962158 0.998291
vt 0.957031 0.992920
vt 0.958008 0.989258
vt 0.963379 0.976318
vt 0.949219 0.991943
vt 0.939209 0.998779
vt 0.957520 0.979004
vt 0.937988 0.985596
vt 0.927490 0.984131
vt 0.944336 0.979492
vt 0.930176 0.973633
vt 0.954590 0.971191
vt 0.963623 0.967529
vt 0.947266 0.961182
vt 0.928467 0.966553
vt 0.877197 0.641113
vt 0.866699 0.650879
vt 0.859619 0.646973
vt 0.875488 0.648438
vt 0.886230 0.656006
vt 0.862305 0.657715
vt 0.866699 0.639893
vt 0.883057 0.633301
vt 0.860107 0.635742
vt 0.894043 0.659180
vt 0.888916 0.663574
vt 0.864502 0.606689
vt 0.857910 0.618408
vt 0.845703 0.625244
vt 0.851074 0.637695
vt 0.850830 0.645508
vt 0.847412 0.657715
vt 0.856934 0.662598
vt 0.861816 0.660645
vt 0.896729 0.677490
vt 0.866455 0.687744
vt 0.854004 0.677734
vt 0.865723 0.698730
vt 0.841553 0.683594
vt 0.850098 0.690918
vt 0.626953 0.974609
vt 0.655029 0.967773
vt 0.646729 0.985596
vt 0.624023 0.955811
vt 0.627197 0.994141
vt 0.648193 0.993652
vt 0.984375 0.800781
vt 0.996094 0.805420
vt 0.973877 0.805176
vt 0.984375 0.793457
vt 0.970947 0.793213
vt 0.969971 0.799805
vt 0.967041 0.801025
vt 0.342529 0.017090
vt 0.344238 0.019531
vt 0.340088 0.021484
vt 0.340088 0.036133
vt 0.339111 0.017822
vt 0.892578 0.426270
vt 0.876953 0.449951
vt 0.876709 0.439453
vt 0.895264 0.431152
vt 0.884766 0.419434
vt 0.919189 0.422852
vt 0.885254 0.403809
vt 0.876221 0.399170
vt 0.887451 0.390869
vt 0.896729 0.414307
vt 0.913818 0.416260
vt 0.893066 0.406982
vt 0.895752 0.408936
vt 0.898193 0.404053
vt 0.901367 0.412109
vt 0.900635 0.393799
vt 0.896484 0.381592
vt 0.922607 0.413330
vt 0.919434 0.385742
vt 0.928955 0.414795
vt 0.924072 0.381348
vt 0.284424 0.531494
vt 0.284424 0.540771
vt 0.279053 0.534180
vt 0.279053 0.546143
vt 0.287842 0.552734
vt 0.281494 0.551270
vt 0.293701 0.538086
vt 0.284180 0.566162
vt 0.260010 0.538086
vt 0.314453 0.574219
vt 0.301758 0.545166
vt 0.302734 0.515137
vt 0.315430 0.543213
vt 0.289795 0.570801
vt 0.253662 0.585449
vt 0.236816 0.580566
vt 0.283203 0.572510
vt 0.281006 0.612793
vt 0.286865 0.589600
vt 0.293945 0.584229
vt 0.306885 0.586914
vt 0.312256 0.593994
vt 0.290283 0.623535
vt 0.339111 0.602539
vt 0.345947 0.588379
vt 0.321045 0.574463
vt 0.337402 0.580322
vt 0.339844 0.575928
vt 0.355957 0.589355
vt 0.349121 0.571045
vt 0.349365 0.592773
vt 0.384521 0.595703
vt 0.370850 0.599365
vt 0.386719 0.602539
vt 0.395020 0.600586
vt 0.389160 0.605713
vt 0.392334 0.593994
vt 0.411865 0.603760
vt 0.422119 0.612305
vt 0.419434 0.596924
vt 0.403564 0.589844
vt 0.427246 0.601074
vt 0.787354 0.764893
vt 0.773926 0.754883
vt 0.788574 0.753662
vt 0.769287 0.782471
vt 0.785645 0.779541
vt 0.744141 0.779785
vt 0.783691 0.797119
vt 0.751221 0.788818
vt 0.745361 0.783936
vt 0.770508 0.801270
vt 0.785400 0.808594
vt 0.767822 0.789307
vt 0.767822 0.807861
vt 0.757324 0.789062
vt 0.747803 0.800781
vt 0.730469 0.801025
vt 0.765869 0.804932
vt 0.785400 0.813721
vt 0.748047 0.806396
vt 0.763916 0.812500
vt 0.766602 0.817627
vt 0.725098 0.805176
vt 0.725342 0.801758
vt 0.729248 0.811523
vt 0.750977 0.813232
vt 0.760010 0.817871
vt 0.765381 0.823486
vt 0.775635 0.824463
vt 0.785400 0.827881
vt 0.784424 0.838867
vt 0.761719 0.833496
vt 0.761719 0.841553
vt 0.786133 0.843018
vt 0.750000 0.835205
vt 0.735840 0.847168
vt 0.752197 0.822266
vt 0.740234 0.836914
vt 0.746826 0.825195
vt 0.738037 0.828369
vt 0.727051 0.835693
vt 0.732422 0.827393
vt 0.740479 0.819580
vt 0.497559 0.810303
vt 0.487305 0.821045
vt 0.483887 0.819824
vt 0.487793 0.797852
vt 0.472656 0.782715
vt 0.463135 0.817139
vt 0.507080 0.803711
vt 0.514648 0.822754
vt 0.528564 0.813965
vt 0.524170 0.796875
vt 0.505859 0.784180
vt 0.488525 0.780273
vt 0.503174 0.744141
vt 0.531494 0.756104
vt 0.486572 0.775146
vt 0.478027 0.778809
vt 0.511963 0.731934
vt 0.524414 0.730713
vt 0.522949 0.719727
vt 0.502686 0.731689
vt 0.485107 0.736328
vt 0.486328 0.727051
vt 0.456055 0.720459
vt 0.493164 0.743164
vt 0.486084 0.752930
vt 0.484619 0.739258
vt 0.456055 0.732910
vt 0.484131 0.749023
vt 0.468994 0.737549
vt 0.432617 0.730469
vt 0.433350 0.723389
vt 0.419678 0.722168
vt 0.464844 0.745850
vt 0.456055 0.736084
vt 0.406494 0.730469
vt 0.437744 0.735840
vt 0.453857 0.743896
vt 0.457031 0.747559
vt 0.432373 0.740967
vt 0.417480 0.752197
vt 0.423340 0.761475
vt 0.455811 0.762451
vt 0.437744 0.774170
vt 0.420410 0.769043
vt 0.408447 0.748779
vt 0.399170 0.717285
vt 0.399658 0.739258
vt 0.402832 0.744629
vt 0.395020 0.739746
vt 0.397461 0.753662
vt 0.393555 0.748779
vt 0.414551 0.787842
vt 0.391357 0.765381
vt 0.423096 0.774414
vt 0.436279 0.777588
vt 0.432617 0.801758
vt 0.438477 0.808594
vt 0.415283 0.795654
vt 0.404785 0.795898
vt 0.417725 0.819092
vt 0.446289 0.822266
vt 0.406250 0.807129
vt 0.450684 0.773193
vt 0.452881 0.812012
vt 0.396484 0.797119
vt 0.385254 0.797363
vt 0.398926 0.803711
vt 0.397461 0.811523
vt 0.387939 0.816895
vt 0.455811 0.769043
vt 0.454834 0.783203
vt 0.457031 0.777344
vt 0.464844 0.781006
vt 0.468018 0.771729
vt 0.472656 0.771240
vt 0.995117 0.943848
vt 1.000000 0.950928
vt 0.992432 0.951660
vt 0.988281 0.973389
vt 0.989014 0.936768
vt 0.469482 0.213135
vt 0.484131 0.218018
vt 0.476074 0.224365
vt 0.458984 0.216797
vt 0.458252 0.212891
vt 0.465820 0.217285
vt 0.452148 0.230957
vt 0.444580 0.234619
vt 0.469238 0.226074
vt 0.483643 0.227295
vt 0.497314 0.258301
vt 0.478271 0.240967
vt 0.492920 0.258057
vt 0.472900 0.276611
vt 0.453857 0.237305
vt 0.466797 0.233887
vt 0.468750 0.271240
vt 0.456787 0.277100
vt 0.464600 0.239014
vt 0.482666 0.258545
vt 0.467529 0.246338
vt 0.453613 0.271240
vt 0.451416 0.289551
vt 0.477539 0.257812
vt 0.459229 0.250732
vt 0.467041 0.264404
vt 0.450928 0.253174
vt 0.457520 0.266602
vt 0.443604 0.275391
vt 0.437988 0.277832
vt 0.440186 0.260254
vt 0.435303 0.271484
vt 0.431885 0.272705
vt 0.431641 0.281006
vt 0.428711 0.267822
vt 0.431885 0.259033
vt 0.432129 0.235107
vt 0.437012 0.228271
vt 0.423584 0.256104
vt 0.432373 0.226074
vt 0.439941 0.226807
vt 0.417480 0.257812
vt 0.426025 0.232666
vt 0.419922 0.246094
vt 0.420166 0.235596
vt 0.410156 0.240967
vt 0.411621 0.256104
vt 0.403076 0.240479
vt 0.404541 0.233643
vt 0.394043 0.232178
vt 0.400146 0.251221
vt 0.397705 0.259277
vt 0.392822 0.241455
vt 0.382568 0.232422
vt 0.391357 0.250244
vt 0.391357 0.258301
vt 0.385742 0.256836
vt 0.386475 0.243408
vt 0.372070 0.241211
vt 0.374512 0.247559
vt 0.007812 0.099609
vt 0.010742 0.091064
vt 0.019775 0.099854
vt 0.522461 0.039062
vt 0.505127 0.046387
vt 0.513184 0.035156
vt 0.505371 0.044678
vt 0.501709 0.040527
vt 0.516602 0.024902
vt 0.521729 0.025879
vt 0.505127 0.011230
vt 0.512695 0.006348
vt 0.504150 0.005127
vt 0.507080 0.030273
vt 0.491211 0.023438
vt 0.486816 0.019531
vt 0.497559 0.034668
vt 0.498291 0.044434
vt 0.482422 0.024170
vt 0.487793 0.029541
vt 0.488281 0.033936
vt 0.480713 0.037109
vt 0.479980 0.031738
vt 0.473389 0.029053
vt 0.469238 0.032471
vt 0.878662 0.035645
vt 0.873779 0.033936
vt 0.876953 0.030518
vt 0.900146 0.042725
vt 0.879150 0.030273
vt 0.883789 0.054688
vt 0.902344 0.041016
vt 0.894775 0.058838
vt 0.895264 0.061279
vt 0.876953 0.056396
vt 0.887939 0.063232
vt 0.918213 0.043945
vt 0.903320 0.066162
vt 0.905273 0.043457
vt 0.889404 0.068848
vt 0.902832 0.054688
vt 0.916016 0.047363
vt 0.908936 0.062256
vt 0.919189 0.068848
vt 0.933350 0.054199
vt 0.905029 0.071777
vt 0.913818 0.073486
vt 0.914307 0.083984
vt 0.891602 0.074219
vt 0.883057 0.071045
vt 0.898926 0.080811
vt 0.885254 0.079834
vt 0.890137 0.098145
vt 0.916748 0.117188
vt 0.363770 0.338135
vt 0.355957 0.350830
vt 0.345459 0.333008
vt 0.381104 0.344971
vt 0.361084 0.376953
vt 0.341064 0.369629
vt 0.378174 0.387695
vt 0.342041 0.374268
vt 0.353027 0.379639
vt 0.340820 0.388184
vt 0.358643 0.383057
vt 0.354980 0.394531
vt 0.342285 0.432373
vt 0.371826 0.393066
vt 0.374268 0.400635
vt 0.435547 0.374268
vt 0.356689 0.437256
vt 0.413818 0.430664
vt 0.326172 0.443848
vt 0.391357 0.454834
vt 0.356934 0.455322
vt 0.360107 0.451904
vt 0.369873 0.460205
vt 0.405762 0.459717
vt 0.425537 0.463379
vt 0.392822 0.471924
vt 0.374268 0.468018
vt 0.354004 0.464355
vt 0.374512 0.475830
vt 0.404541 0.481445
vt 0.420654 0.480713
vt 0.430664 0.490479
vt 0.434326 0.470459
vt 0.419678 0.490479
vt 0.432617 0.530762
vt 0.417236 0.490234
vt 0.418945 0.521973
vt 0.415527 0.516113
vt 0.406982 0.494385
vt 0.412598 0.534180
vt 0.416504 0.535889
vt 0.427002 0.536621
vt 0.417969 0.543945
vt 0.404785 0.521240
vt 0.398438 0.545410
vt 0.400879 0.518799
vt 0.401367 0.501709
vt 0.393311 0.506836
vt 0.386719 0.506348
vt 0.388184 0.519775
vt 0.378906 0.511230
vt 0.366943 0.502197
vt 0.369629 0.513428
vt 0.370850 0.532227
vt 0.361816 0.498047
vt 0.358154 0.508789
vt 0.370117 0.472656
vt 0.358887 0.489258
vt 0.347412 0.479980
vt 0.338135 0.482666
vt 0.329834 0.463623
vt 0.320557 0.501465
vt 0.337402 0.522705
vt 0.330811 0.452881
vt 0.321533 0.457031
vt 0.325195 0.446045
vt 0.321777 0.453125
vt 0.364990 0.532959
vt 0.341064 0.526123
vt 0.362793 0.549316
vt 0.339844 0.544189
vt 0.337402 0.549561
vt 0.330811 0.549316
vt 0.340820 0.564453
vt 0.353516 0.556396
vt 0.347412 0.565918
vt 0.366455 0.585205
vt 0.358643 0.576660
vt 0.396240 0.567139
vt 0.406982 0.582031
vt 0.412598 0.551025
vt 0.400879 0.554932
vt 0.410889 0.570312
vt 0.403564 0.557617
vt 0.553467 0.610107
vt 0.549561 0.632324
vt 0.545898 0.610352
vt 0.559814 0.634277
vt 0.556152 0.637451
vt 0.540527 0.631592
vt 0.544678 0.674072
vt 0.561035 0.638428
vt 0.566406 0.631592
vt 0.563232 0.642334
vt 0.569092 0.638672
vt 0.572266 0.635986
vt 0.572266 0.644043
vt 0.576660 0.638428
vt 0.578125 0.643066
vt 0.557861 0.659180
vt 0.572510 0.661377
vt 0.555176 0.669678
vt 0.550293 0.675293
vt 0.567871 0.665771
vt 0.570068 0.669678
vt 0.573975 0.667969
vt 0.564209 0.674316
vt 0.561279 0.668701
vt 0.561768 0.676758
vt 0.540283 0.693115
vt 0.541992 0.678223
vt 0.545654 0.695557
vt 0.540527 0.702637
vt 0.556152 0.681641
vt 0.548096 0.700684
vt 0.551025 0.714355
vt 0.535889 0.707275
vt 0.537354 0.715088
vt 0.556641 0.710205
vt 0.555176 0.716797
vt 0.566895 0.697754
vt 0.574707 0.728760
vt 0.577637 0.719238
vt 0.259277 0.979004
vt 0.252197 0.983887
vt 0.250732 0.977051
vt 0.261963 0.972900
vt 0.269043 0.976562
vt 0.259033 0.980225
vt 0.278320 0.981934
vt 0.268066 0.970459
vt 0.258057 0.951904
vt 0.278809 0.974854
vt 0.283447 0.979248
vt 0.294434 0.974365
vt 0.294922 0.982910
vt 0.290771 0.971436
vt 0.278320 0.971436
vt 0.278320 0.966309
vt 0.272949 0.959473
vt 0.269775 0.959473
vt 0.810791 0.934326
vt 0.828369 0.919434
vt 0.818359 0.934326
vt 0.827881 0.927979
vt 0.836182 0.920166
vt 0.826904 0.936035
vt 0.840088 0.928711
vt 0.843750 0.925781
vt 0.847168 0.924805
vt 0.855957 0.914795
vt 0.833008 0.913330
vt 0.855469 0.924561
vt 0.863770 0.925781
vt 0.863037 0.934814
vt 0.858643 0.920898
vt 0.872314 0.930176
vt 0.864990 0.914795
vt 0.869385 0.904785
vt 0.856689 0.907227
vt 0.863037 0.891602
vt 0.864746 0.885742
vt 0.853760 0.894287
vt 0.857666 0.882568
vt 0.871582 0.879639
vt 0.851074 0.888672
vt 0.849609 0.897217
vt 0.830566 0.891113
vt 0.831299 0.899658
vt 0.821777 0.906982
vt 0.835449 0.887207
vt 0.850098 0.878906
vt 0.848145 0.864990
vt 0.843750 0.873047
vt 0.843994 0.876709
vt 0.832764 0.881104
vt 0.827148 0.876709
vt 0.828613 0.881836
vt 0.815674 0.876221
vt 0.813965 0.881104
vt 0.822998 0.889648
vt 0.814941 0.896240
vt 0.827637 0.893799
vt 0.815674 0.907715
vt 0.801758 0.896240
vt 0.817871 0.910156
vt 0.794189 0.915527
vt 0.803467 0.914307
vt 0.808105 0.930176
vt 0.340088 0.937988
vt 0.345215 0.938477
vt 0.346924 0.947998
vt 0.345947 0.927490
vt 0.341553 0.947266
vt 0.349609 0.940430
vt 0.352051 0.927490
vt 0.346924 0.951904
vt 0.338623 0.959961
vt 0.354980 0.930908
vt 0.382568 0.927246
vt 0.375488 0.932129
vt 0.375732 0.943604
vt 0.383301 0.951172
vt 0.387207 0.954590
vt 0.379395 0.938477
vt 0.383545 0.943604
vt 0.392090 0.948242
vt 0.403320 0.963623
vt 0.388428 0.939697
vt 0.395752 0.936768
vt 0.155273 0.991699
vt 0.121338 0.991211
vt 0.138184 0.979980
vt 0.154785 0.979248
vt 0.999756 0.529297
vt 0.988281 0.539062
vt 0.973633 0.540771
vt 0.966309 0.529541
vt 0.990479 0.546631
vt 0.998047 0.564697
vt 0.720459 0.000000
vt 0.720459 0.039062
vt 0.672852 0.009766
vt 0.034668 0.103760
vt 0.068604 0.085938
vt 0.073730 0.118652
vt 0.012939 0.083984
vt 0.092529 0.129883
vt 0.056885 0.133057
vt 0.051025 0.127686
vt 0.044922 0.121094
vt 0.048096 0.132812
vt 0.036377 0.122314
vt 0.025391 0.129150
vt 0.033447 0.264893
vt 0.045166 0.255371
vt 0.032715 0.271240
vt 0.022461 0.270020
vt 0.022949 0.259766
vt 0.023926 0.249268
vt 0.039551 0.249268
vt 0.014404 0.253662
vt 0.000732 0.236572
vt 0.019531 0.261475
vt 0.013672 0.258545
vt 0.001953 0.262939
vt 0.014648 0.264404
vt 0.015381 0.272705
vt 0.023926 0.273926
vt 0.324707 0.067383
vt 0.320068 0.064941
vt 0.324951 0.058838
vt 0.318848 0.062988
vt 0.292480 0.078613
vt 0.292480 0.065186
vt 0.328857 0.076904
vt 0.303711 0.087402
vt 0.282471 0.087646
vt 0.298828 0.094482
vt 0.337402 0.085938
vt 0.337646 0.081055
vt 0.358398 0.073486
vt 0.340332 0.086914
vt 0.353760 0.092773
vt 0.423340 0.035156
vt 0.461426 0.037598
vt 0.422119 0.046387
vt 0.463867 0.046387
vt 0.493896 0.049316
vt 0.457275 0.024170
vt 0.422852 0.024902
vt 0.250244 0.209229
vt 0.268311 0.211426
vt 0.233643 0.216064
vt 0.246338 0.209717
vt 0.269531 0.216553
vt 0.206299 0.212402
vt 0.192627 0.221924
vt 0.231201 0.221436
vt 0.229004 0.233643
vt 0.271729 0.229492
vt 0.195068 0.228027
vt 0.194580 0.238770
vt 0.190186 0.219238
vt 0.188965 0.229736
vt 0.184814 0.247314
vt 0.183838 0.233643
vt 0.170898 0.246338
vt 0.181396 0.224121
vt 0.170166 0.222656
vt 0.177734 0.218262
vt 0.177246 0.210693
vt 0.171143 0.216553
vt 0.163574 0.208496
vt 0.971436 0.220947
vt 0.971436 0.189941
vt 0.974609 0.221924
vt 0.967041 0.216309
vt 0.966797 0.199219
vt 0.949463 0.192627
vt 0.935547 0.180664
vt 0.932617 0.181396
vt 0.941406 0.170166
vt 0.939697 0.166016
vt 0.974121 0.180420
vt 0.977783 0.178955
vt 0.974609 0.176758
vt 0.945068 0.162109
vt 0.977783 0.172852
vt 0.334961 0.027832
vt 0.316162 0.034668
vt 0.330322 0.019043
vt 0.317139 0.019043
vt 0.326660 0.044434
vt 0.319092 0.047363
vt 0.337402 0.058105
vt 0.308838 0.040039
vt 0.304932 0.024170
vt 0.303955 0.059570
vt 0.287354 0.052979
vt 0.298096 0.032227
vt 0.289795 0.044434
vt 0.274902 0.054199
vt 0.276123 0.045166
vt 0.283691 0.037598
vt 0.289307 0.034668
vt 0.289795 0.029785
vt 0.291260 0.023682
vt 0.279785 0.019531
vt 0.116455 0.012207
vt 0.114502 0.022461
vt 0.104004 0.017822
vt 0.104248 0.000000
vt 0.088623 0.006104
vt 0.092285 0.022461
vt 0.070801 0.017334
vt 0.082031 0.030029
vt 0.876709 0.144531
vt 0.885254 0.138672
vt 0.885986 0.153564
vt 0.867432 0.134277
vt 0.879150 0.126709
vt 0.866699 0.134033
vt 0.858643 0.144775
vt 0.868408 0.146484
vt 0.860596 0.158203
vt 0.875488 0.152832
vt 0.871582 0.160889
vt 0.880127 0.173340
vt 0.892822 0.165527
vt 0.871582 0.175293
vt 0.856201 0.174072
vt 0.875732 0.187988
vt 0.851318 0.184570
vt 0.836426 0.186523
vt 0.858887 0.190674
vt 0.847168 0.188965
vt 0.936279 0.473877
vt 0.924316 0.458984
vt 0.934082 0.458252
vt 0.933105 0.453125
vt 0.920654 0.464600
vt 0.924316 0.482178
vt 0.924072 0.445068
vt 0.936523 0.439941
vt 0.908691 0.455566
vt 0.918945 0.450195
vt 0.915527 0.440186
vt 0.926514 0.436035
vt 0.911621 0.448975
vt 0.904541 0.436523
vt 0.902832 0.444580
vt 0.895020 0.443359
vt 0.902588 0.468262
vt 0.908936 0.466553
vt 0.901367 0.479492
vt 0.909180 0.473877
vt 0.914307 0.477051
vt 0.907227 0.486572
vt 0.898682 0.486084
vt 0.915771 0.501465
vt 0.034668 0.972656
vt 0.018066 0.974365
vt 0.019531 0.947754
vt 0.009033 0.972412
vt 0.032471 0.939453
vt 0.002197 0.956299
vt 0.000977 0.974365
vt 0.018555 0.928223
vt 0.033936 0.924805
vt 0.014893 0.940430
vt 0.838867 0.592773
vt 0.845459 0.594971
vt 0.821289 0.610352
vt 0.830811 0.614502
vt 0.851074 0.601807
vt 0.819580 0.603027
vt 0.826904 0.593750
vt 0.838623 0.572998
vt 0.816650 0.584473
vt 0.829102 0.585205
vt 0.815430 0.575439
vt 0.812256 0.587646
vt 0.804443 0.581787
vt 0.788574 0.589600
vt 0.797607 0.578125
vt 0.799805 0.571045
vt 0.831055 0.565674
vt 0.839111 0.554443
vt 0.821289 0.550537
vt 0.830078 0.553955
vt 0.845947 0.544434
vt 0.851318 0.543213
vt 0.795166 0.550049
vt 0.843506 0.537109
vt 0.844727 0.532471
vt 0.798096 0.544922
vt 0.785889 0.537354
vt 0.796875 0.540283
vt 0.786621 0.532227
vt 0.931152 0.259766
vt 0.931641 0.247559
vt 0.939209 0.242188
vt 0.910645 0.247070
vt 0.919189 0.252686
vt 0.917236 0.258057
vt 0.930664 0.270996
vt 0.904541 0.252686
vt 0.896484 0.268066
vt 0.933350 0.284668
vt 0.937744 0.307861
vt 0.901855 0.244629
vt 0.893311 0.256836
vt 0.882812 0.245361
vt 0.891357 0.232422
vt 0.875977 0.234375
vt 0.891113 0.222656
vt 0.883057 0.219238
vt 0.895020 0.209229
vt 0.867920 0.242432
vt 0.875977 0.254150
vt 0.885498 0.261475
vt 0.888916 0.267090
vt 0.865967 0.265381
vt 0.864502 0.257568
vt 0.852783 0.260986
vt 0.876709 0.271240
vt 0.886719 0.275146
vt 0.870361 0.281982
vt 0.881104 0.281494
vt 0.455811 0.019775
vt 0.442871 0.019775
vt 0.447266 0.009521
vt 0.002930 0.801270
vt 0.015869 0.803955
vt 0.003906 0.812744
vt 0.017578 0.815674
vt 0.023682 0.815430
vt 0.021973 0.802002
vt 0.867188 0.979736
vt 0.867188 0.967041
vt 0.871338 0.972412
vt 0.278564 0.082275
vt 0.270752 0.086914
vt 0.267334 0.076904
vt 0.276855 0.078857
vt 0.245850 0.085205
vt 0.235352 0.090820
vt 0.257812 0.076416
vt 0.264648 0.071289
vt 0.236084 0.083008
vt 0.231934 0.072266
vt 0.242188 0.065430
vt 0.242676 0.077148
vt 0.251465 0.073730
vt 0.253174 0.045654
vt 0.253174 0.035889
vt 0.244873 0.071533
vt 0.227295 0.047119
vt 0.230225 0.037842
vt 0.219971 0.039551
vt 0.253662 0.029297
vt 0.215576 0.029297
vt 0.298340 0.021973
vt 0.298340 0.009033
vt 0.304932 0.011475
vt 0.972900 0.226562
vt 0.978027 0.229248
vt 0.971924 0.238037
vt 0.974854 0.276855
vt 0.657959 0.988525
vt 0.653564 0.987061
vt 0.656982 0.980225
vt 0.844727 0.789795
vt 0.841309 0.786133
vt 0.844971 0.787598
vt 0.857422 0.801514
vt 0.885498 0.775146
vt 0.846680 0.795410
vt 0.835693 0.791016
vt 0.838379 0.800049
vt 0.844238 0.802979
vt 0.849854 0.802490
vt 0.856689 0.818848
vt 0.850830 0.819092
vt 0.851807 0.824951
vt 0.850830 0.829834
vt 0.858887 0.848633
vt 0.861572 0.847900
vt 0.862305 0.833984
vt 0.867676 0.845459
vt 0.878174 0.834229
vt 0.880127 0.853027
vt 0.875488 0.833496
vt 0.869385 0.818848
vt 0.885010 0.800781
vt 0.872803 0.812500
vt 0.870361 0.804688
vt 0.873291 0.795166
vt 0.877197 0.790527
vt 0.868164 0.796631
vt 0.304932 0.992432
vt 0.319824 0.989990
vt 0.323242 0.998779
vt 0.324951 0.986084
vt 0.312988 0.986084
vt 0.307129 0.979248
vt 0.314453 0.982178
vt 0.316895 0.969482
vt 0.324219 0.964844
vt 0.300537 0.963135
vt 0.261230 0.026367
vt 0.250732 0.015869
vt 0.265137 0.017822
vt 0.274658 0.022949
vt 0.267090 0.058105
vt 0.271729 0.008301
vt 0.241211 0.621826
vt 0.239990 0.610596
vt 0.255127 0.613281
vt 0.252197 0.637207
vt 0.236328 0.636719
vt 0.253418 0.644287
vt 0.236328 0.622314
vt 0.223145 0.622314
vt 0.232422 0.634766
vt 0.226318 0.638184
vt 0.241455 0.645996
vt 0.231445 0.653320
vt 0.249512 0.648438
vt 0.256104 0.652832
vt 0.240723 0.649170
vt 0.247070 0.653076
vt 0.251221 0.657959
vt 0.255127 0.661621
vt 0.238525 0.657715
vt 0.244385 0.660645
vt 0.254639 0.667725
vt 0.232178 0.664062
vt 0.249512 0.687012
vt 0.234375 0.681885
vt 0.246826 0.689941
vt 0.229492 0.681152
vt 0.227539 0.709229
vt 0.228271 0.664551
vt 0.218262 0.653320
vt 0.213867 0.665283
vt 0.211426 0.684570
vt 0.227295 0.717285
vt 0.209717 0.718506
vt 0.200439 0.716064
vt 0.213867 0.627930
vt 0.177002 0.713379
vt 0.192627 0.689453
vt 0.211670 0.641357
vt 0.196289 0.684326
vt 0.209717 0.666748
vt 0.212158 0.660889
vt 0.190430 0.674561
vt 0.192871 0.655762
vt 0.197510 0.644775
vt 0.198975 0.635254
vt 0.177490 0.633789
vt 0.169189 0.649414
vt 0.195068 0.609375
vt 0.172607 0.624023
vt 0.215576 0.620361
vt 0.183594 0.616455
vt 0.196289 0.604492
vt 0.176270 0.600098
vt 0.167969 0.612305
vt 0.159668 0.591553
vt 0.181885 0.587891
vt 0.167480 0.569336
vt 0.176270 0.577637
vt 0.143555 0.600830
vt 0.143311 0.578369
vt 0.196289 0.588867
vt 0.194336 0.569336
vt 0.199463 0.602783
vt 0.211670 0.557617
vt 0.223877 0.605957
vt 0.231934 0.608887
vt 0.249023 0.589600
vt 0.245361 0.604980
vt 0.135498 0.578369
vt 0.134033 0.601807
vt 0.128662 0.598877
vt 0.130127 0.575928
vt 0.135742 0.619141
vt 0.125732 0.599609
vt 0.126221 0.577148
vt 0.113037 0.584473
vt 0.122070 0.618408
vt 0.105225 0.596680
vt 0.126465 0.617676
vt 0.132324 0.625977
vt 0.121826 0.626221
vt 0.141113 0.623291
vt 0.139648 0.636230
vt 0.127686 0.637451
vt 0.165039 0.637939
vt 0.137451 0.643555
vt 0.127197 0.649902
vt 0.143799 0.647949
vt 0.135254 0.652344
vt 0.140869 0.664062
vt 0.135010 0.656738
vt 0.131348 0.658203
vt 0.159180 0.665039
vt 0.146484 0.670654
vt 0.156006 0.681885
vt 0.140625 0.686035
vt 0.121094 0.692139
vt 0.110596 0.681396
vt 0.130859 0.692139
vt 0.119629 0.647705
vt 0.106445 0.678223
vt 0.114990 0.649658
vt 0.116699 0.642334
vt 0.135742 0.700684
vt 0.132080 0.705566
vt 0.131592 0.712891
vt 0.139648 0.693604
vt 0.155029 0.711914
vt 0.152588 0.689941
vt 0.160889 0.704102
vt 0.168701 0.690918
vt 0.167725 0.706787
vt 0.166748 0.716064
vt 0.177734 0.705322
vt 0.171875 0.710205
vt 0.243408 0.961182
vt 0.229736 0.968506
vt 0.228516 0.962158
vt 0.221680 0.975098
vt 0.216064 0.964600
vt 0.222412 0.990723
vt 0.911377 0.132324
vt 0.911865 0.141113
vt 0.905518 0.137207
vt 0.925293 0.125244
vt 0.931641 0.140381
vt 0.909180 0.128662
vt 0.889893 0.133789
vt 0.902344 0.128418
vt 0.926270 0.118408
vt 0.933594 0.132568
vt 0.945312 0.139404
vt 0.935303 0.124756
vt 0.945068 0.132568
vt 0.931396 0.117676
vt 0.928223 0.113770
vt 0.940430 0.122559
vt 0.951660 0.132568
vt 0.952637 0.139404
vt 0.930664 0.108154
vt 0.934082 0.084717
vt 0.948730 0.100098
vt 0.940674 0.083008
vt 0.951416 0.079102
vt 0.777344 0.115967
vt 0.776367 0.111816
vt 0.789307 0.103271
vt 0.747314 0.122314
vt 0.747803 0.117676
vt 0.740479 0.108643
vt 0.750977 0.127930
vt 0.737549 0.124268
vt 0.718262 0.110840
vt 0.726318 0.103516
vt 0.726318 0.121582
vt 0.735596 0.143066
vt 0.717285 0.138916
vt 0.735352 0.157471
vt 0.745850 0.140381
vt 0.744141 0.154785
vt 0.742676 0.183594
vt 0.753418 0.155273
vt 0.752930 0.182129
vt 0.755127 0.141846
vt 0.756348 0.134033
vt 0.771973 0.123047
vt 0.776855 0.135986
vt 0.772217 0.131348
vt 0.764160 0.136475
vt 0.773193 0.135010
vt 0.774170 0.145264
vt 0.772461 0.154541
vt 0.775146 0.147705
vt 0.779541 0.156006
vt 0.766846 0.160889
vt 0.780273 0.165527
vt 0.765869 0.167725
vt 0.779053 0.170898
vt 0.761475 0.183105
vt 0.770996 0.185059
vt 0.756104 0.187012
vt 0.767334 0.188965
vt 0.755127 0.194824
vt 0.757324 0.197998
vt 0.893311 0.001221
vt 0.896973 0.004639
vt 0.866699 0.002930
vt 0.771729 0.019287
vt 0.774170 0.008545
vt 0.789551 0.010986
vt 0.778320 0.026367
vt 0.757812 0.018799
vt 0.769043 0.033203
vt 0.769287 0.041260
vt 0.759766 0.003906
vt 0.764404 0.044189
vt 0.766113 0.048096
vt 0.774658 0.051025
vt 0.769775 0.053223
vt 0.753174 0.038574
vt 0.747314 0.011963
vt 0.752197 0.000977
vt 0.725098 0.013184
vt 0.746826 0.023682
vt 0.731201 0.026611
vt 0.737793 0.033203
vt 0.738281 0.041748
vt 0.980469 0.378662
vt 0.980957 0.371094
vt 0.989014 0.369141
vt 0.994629 0.376221
vt 0.994141 0.381348
vt 0.987549 0.384766
vt 0.978027 0.390137
vt 0.971924 0.384766
vt 0.973633 0.379395
vt 0.971436 0.369385
vt 0.258545 0.164795
vt 0.254150 0.158447
vt 0.261475 0.161133
vt 0.274414 0.171387
vt 0.271240 0.146484
vt 0.248779 0.151855
vt 0.250244 0.165039
vt 0.237793 0.160156
vt 0.228027 0.158691
vt 0.229492 0.146484
vt 0.241211 0.145020
vt 0.204346 0.137695
vt 0.169922 0.173584
vt 0.699707 0.961670
vt 0.674805 0.968506
vt 0.668457 0.956787
vt 0.662109 0.975586
vt 0.659668 0.961914
vt 0.659424 0.951904
vt 0.648193 0.955811
vt 0.977051 0.139648
vt 0.991943 0.139648
vt 0.980469 0.145508
vt 0.280518 0.810547
vt 0.266846 0.803223
vt 0.277832 0.787354
vt 0.242676 0.770752
vt 0.251465 0.807129
vt 0.234619 0.794434
vt 0.235840 0.766357
vt 0.230957 0.773682
vt 0.229004 0.786865
vt 0.215332 0.802734
vt 0.223633 0.763184
vt 0.221436 0.782227
vt 0.211426 0.799072
vt 0.212158 0.766357
vt 0.222168 0.756592
vt 0.224121 0.752441
vt 0.197021 0.730957
vt 0.188721 0.736328
vt 0.185547 0.729492
vt 0.171387 0.735596
vt 0.166992 0.741699
vt 0.153809 0.739502
vt 0.168457 0.751953
vt 0.156494 0.761475
vt 0.165039 0.765137
vt 0.187500 0.754639
vt 0.182861 0.762207
vt 0.195557 0.759277
vt 0.177246 0.775146
vt 0.168213 0.774902
vt 0.200928 0.770752
vt 0.170898 0.789551
vt 0.189697 0.773193
vt 0.178955 0.783936
vt 0.185059 0.802246
vt 0.194092 0.782715
vt 0.192871 0.792236
vt 0.201172 0.802979
vt 0.199951 0.781738
vt 0.207520 0.787598
vt 0.213135 0.784424
vt 0.972900 0.111572
vt 0.988770 0.118896
vt 0.979248 0.125000
vt 0.995117 0.114258
vt 0.976318 0.135010
vt 0.994629 0.134033
vt 0.466309 0.102295
vt 0.460938 0.113770
vt 0.456543 0.103027
vt 0.459717 0.089111
vt 0.455811 0.093262
vt 0.466064 0.092041
vt 0.469971 0.103760
vt 0.451904 0.114014
vt 0.450195 0.131104
vt 0.462891 0.124268
vt 0.469727 0.132812
vt 0.460938 0.137939
vt 0.443848 0.140381
vt 0.444580 0.149902
vt 0.469727 0.138916
vt 0.454102 0.152832
vt 0.465820 0.150879
vt 0.478760 0.153564
vt 0.460449 0.150635
vt 0.443115 0.167725
vt 0.469727 0.168457
vt 0.477295 0.168457
vt 0.455078 0.164307
vt 0.699219 0.985840
vt 0.675293 0.997803
vt 0.682373 0.978760
vt 0.674805 0.982666
vt 0.676758 0.975098
vt 0.698730 0.968262
vt 0.693848 0.977539
vt 0.558838 0.971191
vt 0.549316 0.983643
vt 0.556396 0.963135
vt 0.167480 0.030762
vt 0.157471 0.032959
vt 0.164795 0.014404
vt 0.990967 0.621338
vt 0.996826 0.631348
vt 0.982666 0.633057
vt 0.977783 0.625244
vt 0.968994 0.632324
vt 0.971436 0.616699
vt 0.983887 0.619873
vt 0.990234 0.615234
vt 0.979004 0.614014
vt 0.019043 0.112061
vt 0.023438 0.122559
vt 0.018555 0.123291
vt 0.030762 0.114990
vt 0.023193 0.104004
vt 0.010986 0.108643
vt 0.012939 0.118408
vt 0.010010 0.126221
vt 0.003906 0.119141
vt 0.990967 0.223877
vt 0.983398 0.226074
vt 0.979004 0.219727
vt 0.036865 0.135010
vt 0.020752 0.141113
vt 0.012939 0.133789
vt 0.123535 0.016846
vt 0.121094 0.009277
vt 0.129150 0.012695
vt 0.128662 0.021240
vt 0.121826 0.026855
vt 0.128906 0.021484
vt 0.987793 0.451416
vt 0.981201 0.451660
vt 0.981445 0.439209
vt 0.990967 0.446045
vt 0.431641 0.008057
vt 0.438721 0.013184
vt 0.437256 0.020020
vt 0.423584 0.019775
s 1
usemtl tripo_material_6b00c2ae_9dc5_415f_9737_aa2856cb1c4a
f 1/1/1 2/2/2 3/3/3
f 3/3/3 2/2/2 4/4/4
f 4/4/4 2/2/2 5/5/5
f 2/2/2 1/1/1 6/6/6
f 6/6/6 1/1/1 7/7/7
f 5/5/5 2/2/2 8/8/8
f 6/6/6 7/7/7 9/9/9
f 9/9/9 7/7/7 10/10/10
f 2/2/2 6/6/6 11/11/11
f 11/11/11 6/6/6 9/9/9
f 11/11/11 9/9/9 10/10/10
f 2/2/2 11/11/11 8/8/8
f 11/11/11 10/10/10 12/12/12
f 11/11/11 12/12/12 8/8/8
f 13/13/13 5/5/5 8/8/8
f 13/13/13 8/8/8 12/12/12
f 13/13/13 12/12/12 14/14/14
f 14/14/14 12/12/12 15/15/15
f 14/14/14 15/15/15 16/16/16
f 14/14/14 16/16/16 17/17/17
f 14/14/14 17/17/17 13/13/13
f 13/13/13 17/17/17 18/18/18
f 3/19/3 19/20/19 1/21/1
f 19/20/19 3/19/3 4/22/4
f 19/20/19 4/22/4 20/23/20
f 1/21/1 19/20/19 21/24/21
f 1/21/1 21/24/21 7/25/7
f 7/25/7 21/24/21 10/26/10
f 10/26/10 21/24/21 22/27/22
f 10/26/10 22/27/22 12/28/12
f 22/27/22 21/24/21 23/29/23
f 23/29/23 21/24/21 19/20/19
f 23/29/23 19/20/19 20/23/20
f 23/29/23 20/23/20 24/30/24
f 23/29/23 24/30/24 25/31/25
f 25/31/25 24/30/24 26/32/26
f 26/32/26 24/30/24 27/33/27
f 27/33/27 24/30/24 28/34/28
f 27/33/27 28/34/28 29/35/29
f 29/35/29 28/34/28 30/36/30
f 20/37/20 4/38/4 5/39/5
f 20/37/20 5/39/5 31/40/31
f 20/37/20 31/40/31 32/41/32
f 20/37/20 32/41/32 24/42/24
f 24/42/24 32/41/32 28/43/28
f 32/41/32 31/40/31 33/44/33
f 28/43/28 32/41/32 34/45/34
f 34/45/34 32/41/32 33/44/33
f 28/43/28 34/45/34 35/46/35
f 35/46/35 34/45/34 36/47/36
f 34/45/34 33/44/33 37/48/37
f 34/45/34 37/48/37 38/49/38
f 38/49/38 37/48/37 39/50/39
f 39/50/39 37/48/37 33/44/33
f 39/50/39 33/44/33 40/51/40
f 39/50/39 40/51/40 41/52/41
f 41/52/41 40/51/40 42/53/42
f 40/51/40 33/44/33 43/54/43
f 43/54/43 33/44/33 31/40/31
f 42/53/42 40/51/40 44/55/44
f 44/55/44 40/51/40 43/54/43
f 42/53/42 44/55/44 45/56/45
f 43/54/43 31/40/31 46/57/46
f 46/57/46 31/40/31 18/58/18
f 43/54/43 46/57/46 47/59/47
f 43/54/43 47/59/47 48/60/48
f 43/54/43 48/60/48 44/55/44
f 44/55/44 48/60/48 49/61/49
f 44/55/44 49/61/49 45/56/45
f 45/56/45 49/61/49 50/62/50
f 50/62/50 49/61/49 51/63/51
f 13/64/13 31/65/31 5/66/5
f 31/65/31 13/64/13 18/67/18
f 36/68/36 52/69/52 35/70/35
f 35/70/35 52/69/52 53/71/53
f 35/70/35 53/71/53 29/72/29
f 29/72/29 53/71/53 52/69/52
f 54/73/54 29/72/29 55/74/55
f 55/74/55 29/72/29 56/75/56
f 56/75/56 29/72/29 52/69/52
f 55/74/55 56/75/56 57/76/57
f 56/75/56 52/69/52 58/77/58
f 56/75/56 58/77/58 57/76/57
f 59/78/59 52/69/52 36/68/36
f 52/69/52 59/78/59 58/77/58
f 57/76/57 58/77/58 60/79/60
f 57/76/57 60/79/60 61/80/61
f 61/80/61 60/79/60 62/81/62
f 62/81/62 60/79/60 58/77/58
f 62/81/62 58/77/58 63/82/63
f 63/82/63 58/77/58 59/78/59
f 63/82/63 59/78/59 64/83/64
f 65/84/65 59/78/59 36/68/36
f 59/78/59 65/84/65 64/83/64
f 65/84/65 36/68/36 38/85/38
f 38/85/38 36/68/36 34/86/34
f 64/83/64 65/84/65 66/87/66
f 66/87/66 65/84/65 38/85/38
f 64/83/64 66/87/66 67/88/67
f 66/87/66 38/85/38 39/89/39
f 67/88/67 66/87/66 68/90/68
f 66/87/66 39/89/39 69/91/69
f 66/87/66 69/91/69 68/90/68
f 69/91/69 39/89/39 41/92/41
f 69/91/69 41/92/41 70/93/70
f 70/93/70 41/92/41 42/94/42
f 68/90/68 69/91/69 71/95/71
f 68/90/68 71/95/71 72/96/72
f 68/90/68 72/96/72 73/97/73
f 74/98/74 64/99/64 75/100/75
f 75/100/75 64/99/64 67/101/67
f 75/100/75 67/101/67 68/102/68
f 64/99/64 74/98/74 63/103/63
f 76/104/76 63/103/63 77/105/77
f 77/105/77 63/103/63 74/98/74
f 77/105/77 74/98/74 78/106/78
f 78/106/78 74/98/74 79/107/79
f 78/106/78 79/107/79 80/108/80
f 79/107/79 74/98/74 81/109/81
f 82/110/82 74/98/74 75/100/75
f 74/98/74 82/110/82 81/109/81
f 82/110/82 75/100/75 83/111/83
f 83/111/83 75/100/75 68/102/68
f 81/109/81 82/110/82 84/112/84
f 84/112/84 82/110/82 83/111/83
f 81/109/81 84/112/84 85/113/85
f 85/113/85 84/112/84 86/114/86
f 84/112/84 83/111/83 87/115/87
f 84/112/84 87/115/87 86/114/86
f 87/115/87 83/111/83 68/102/68
f 86/114/86 87/115/87 88/116/88
f 87/115/87 68/102/68 73/117/73
f 87/115/87 73/117/73 88/116/88
f 88/116/88 73/117/73 89/118/89
f 90/119/90 91/120/91 92/121/92
f 91/120/91 90/119/90 47/122/47
f 47/122/47 90/119/90 48/123/48
f 48/123/48 90/119/90 93/124/93
f 93/124/93 90/119/90 92/121/92
f 48/123/48 93/124/93 49/125/49
f 49/125/49 93/124/93 94/126/94
f 93/124/93 92/121/92 95/127/95
f 93/124/93 95/127/95 94/126/94
f 96/128/96 92/121/92 91/120/91
f 92/121/92 96/128/96 95/127/95
f 96/128/96 91/120/91 97/129/97
f 97/129/97 91/120/91 98/130/98
f 97/129/97 98/130/98 99/131/99
f 96/128/96 97/129/97 100/132/100
f 100/132/100 97/129/97 99/131/99
f 96/128/96 100/132/100 95/127/95
f 101/133/101 94/126/94 95/127/95
f 101/133/101 95/127/95 100/132/100
f 101/133/101 100/132/100 99/131/99
f 94/126/94 101/133/101 102/134/102
f 102/134/102 101/133/101 99/131/99
f 103/135/103 94/136/94 102/137/102
f 104/138/104 49/139/49 94/136/94
f 104/138/104 94/136/94 103/135/103
f 103/135/103 102/137/102 105/140/105
f 105/140/105 102/137/102 106/141/106
f 104/138/104 103/135/103 107/142/107
f 104/138/104 107/142/107 108/143/108
f 103/135/103 105/140/105 109/144/109
f 103/135/103 109/144/109 107/142/107
f 105/140/105 106/141/106 110/145/110
f 110/145/110 106/141/106 111/146/111
f 110/145/110 111/146/111 112/147/112
f 105/140/105 110/145/110 113/148/113
f 113/148/113 110/145/110 112/147/112
f 105/140/105 113/148/113 109/144/109
f 109/144/109 113/148/113 107/142/107
f 107/142/107 113/148/113 108/143/108
f 113/148/113 112/147/112 114/149/114
f 108/143/108 113/148/113 115/150/115
f 115/150/115 113/148/113 114/149/114
f 49/151/49 104/152/104 116/153/116
f 116/153/116 104/152/104 108/154/108
f 49/151/49 116/153/116 51/155/51
f 116/153/116 108/154/108 117/156/117
f 116/153/116 117/156/117 51/155/51
f 117/156/117 108/154/108 118/157/118
f 118/157/118 108/154/108 115/158/115
f 51/155/51 117/156/117 119/159/119
f 51/155/51 119/159/119 50/160/50
f 117/156/117 118/157/118 120/161/120
f 117/156/117 120/161/120 119/159/119
f 118/157/118 115/158/115 121/162/121
f 118/157/118 121/162/121 120/161/120
f 121/162/121 115/158/115 122/163/122
f 121/162/121 122/163/122 120/161/120
f 122/163/122 115/158/115 123/164/123
f 122/163/122 123/164/123 124/165/124
f 120/161/120 122/163/122 125/166/125
f 120/161/120 125/166/125 119/159/119
f 125/166/125 122/163/122 124/165/124
f 119/159/119 125/166/125 126/167/126
f 126/167/126 125/166/125 124/165/124
f 45/168/45 50/169/50 127/170/127
f 45/168/45 127/170/127 42/171/42
f 42/171/42 127/170/127 70/172/70
f 127/170/127 50/169/50 128/173/128
f 128/173/128 50/169/50 119/174/119
f 128/173/128 119/174/119 126/175/126
f 127/170/127 128/173/128 129/176/129
f 129/176/129 128/173/128 126/175/126
f 127/170/127 129/176/129 130/177/130
f 129/176/129 126/175/126 131/178/131
f 131/178/131 126/175/126 132/179/132
f 133/180/133 134/181/134 135/182/135
f 133/180/133 135/182/135 136/183/136
f 135/182/135 134/181/134 137/184/137
f 134/181/134 133/180/133 138/185/138
f 134/181/134 138/185/138 139/186/139
f 70/187/70 140/188/140 69/189/69
f 140/188/140 70/187/70 141/190/141
f 140/188/140 141/190/141 142/191/142
f 140/188/140 142/191/142 143/192/143
f 69/189/69 140/188/140 144/193/144
f 144/193/144 140/188/140 143/192/143
f 144/193/144 143/192/143 145/194/145
f 69/189/69 144/193/144 71/195/71
f 71/195/71 144/193/144 146/196/146
f 130/197/130 141/198/141 70/199/70
f 130/197/130 70/199/70 127/200/127
f 141/198/141 130/197/130 147/201/147
f 141/198/141 147/201/147 148/202/148
f 147/201/147 130/197/130 129/203/129
f 148/202/148 147/201/147 149/204/149
f 148/202/148 149/204/149 150/205/150
f 150/205/150 149/204/149 151/206/151
f 151/206/151 149/204/149 147/201/147
f 151/206/151 147/201/147 152/207/152
f 152/207/152 147/201/147 153/208/153
f 153/208/153 147/201/147 129/203/129
f 153/208/153 129/203/129 131/209/131
f 153/208/153 131/209/131 154/210/154
f 85/211/85 155/212/155 81/213/81
f 81/213/81 155/212/155 156/214/156
f 81/213/81 156/214/156 157/215/157
f 81/213/81 157/215/157 79/216/79
f 157/215/157 156/214/156 158/217/158
f 79/216/79 157/215/157 80/218/80
f 157/215/157 158/217/158 159/219/159
f 80/218/80 157/215/157 160/220/160
f 160/220/160 157/215/157 161/221/161
f 161/221/161 157/215/157 159/219/159
f 160/220/160 161/221/161 162/222/162
f 162/222/162 161/221/161 163/223/163
f 163/223/163 161/221/161 164/224/164
f 161/221/161 159/219/159 165/225/165
f 165/225/165 159/219/159 166/226/166
f 164/224/164 161/221/161 167/227/167
f 167/227/167 161/221/161 165/225/165
f 164/224/164 167/227/167 168/228/168
f 167/227/167 165/225/165 169/229/169
f 167/227/167 169/229/169 136/230/136
f 168/228/168 167/227/167 170/231/170
f 167/227/167 136/230/136 135/232/135
f 167/227/167 135/232/135 170/231/170
f 170/231/170 135/232/135 76/233/76
f 88/234/88 89/235/89 171/236/171
f 171/236/171 89/235/89 172/237/172
f 88/234/88 171/236/171 173/238/173
f 173/238/173 171/236/171 172/237/172
f 88/234/88 173/238/173 86/239/86
f 173/238/173 172/237/172 174/240/174
f 86/239/86 173/238/173 175/241/175
f 175/241/175 173/238/173 174/240/174
f 176/242/176 155/243/155 85/244/85
f 176/242/176 85/244/85 177/245/177
f 176/246/176 156/247/156 155/248/155
f 89/249/89 73/250/73 178/251/178
f 178/251/178 73/250/73 72/252/72
f 178/251/178 72/252/72 179/253/179
f 179/253/179 72/252/72 71/254/71
f 180/255/180 165/256/165 166/257/166
f 180/255/180 166/257/166 181/258/181
f 180/255/180 181/258/181 182/259/182
f 180/255/180 182/259/182 183/260/183
f 165/256/165 180/255/180 184/261/184
f 184/261/184 180/255/180 183/260/183
f 165/256/165 184/261/184 169/262/169
f 184/261/184 183/260/183 185/263/185
f 184/261/184 185/263/185 169/262/169
f 185/263/185 183/260/183 186/264/186
f 186/264/186 183/260/183 187/265/187
f 169/262/169 185/263/185 188/266/188
f 188/266/188 185/263/185 186/264/186
f 169/262/169 188/266/188 136/267/136
f 188/266/188 186/264/186 189/268/189
f 188/266/188 189/268/189 136/267/136
f 189/268/189 186/264/186 190/269/190
f 136/267/136 189/268/189 133/270/133
f 144/271/144 145/272/145 146/273/146
f 191/274/191 142/275/142 141/276/141
f 192/277/192 141/278/141 148/279/148
f 193/280/193 192/281/192 148/282/148
f 192/281/192 193/280/193 194/283/194
f 193/280/193 148/282/148 150/284/150
f 176/285/176 195/286/195 156/287/156
f 195/286/195 176/285/176 177/288/177
f 175/289/175 85/290/85 86/291/86
f 175/292/175 177/293/177 85/294/85
f 179/295/179 196/296/196 178/297/178
f 178/297/178 196/296/196 172/298/172
f 196/296/196 179/295/179 197/299/197
f 197/299/197 179/295/179 198/300/198
f 197/299/197 198/300/198 199/301/199
f 197/299/197 199/301/199 191/302/191
f 199/301/199 198/300/198 145/303/145
f 179/304/179 71/305/71 146/306/146
f 179/304/179 146/306/146 198/307/198
f 198/307/198 146/306/146 145/308/145
f 133/309/133 189/310/189 200/311/200
f 133/309/133 200/311/200 138/312/138
f 141/313/141 192/314/192 191/315/191
f 191/315/191 192/314/192 194/316/194
f 150/317/150 151/318/151 201/319/201
f 201/319/201 151/318/151 152/320/152
f 199/321/199 143/322/143 142/323/142
f 143/322/143 199/321/199 145/324/145
f 199/321/199 142/323/142 191/325/191
f 201/326/201 202/327/202 150/328/150
f 202/327/202 201/326/201 203/329/203
f 202/327/202 203/329/203 204/330/204
f 205/331/205 206/332/206 207/333/207
f 205/331/205 207/333/207 208/334/208
f 207/333/207 206/332/206 209/335/209
f 209/335/209 206/332/206 210/336/210
f 208/334/208 207/333/207 211/337/211
f 211/337/211 207/333/207 209/335/209
f 211/337/211 209/335/209 212/338/212
f 208/334/208 211/337/211 213/339/213
f 211/337/211 212/338/212 214/340/214
f 213/339/213 211/337/211 215/341/215
f 213/339/213 215/341/215 216/342/216
f 213/339/213 216/342/216 217/343/217
f 215/341/215 211/337/211 218/344/218
f 218/344/218 211/337/211 214/340/214
f 217/343/217 216/342/216 219/345/219
f 215/341/215 218/344/218 220/346/220
f 215/341/215 220/346/220 216/342/216
f 218/344/218 214/340/214 221/347/221
f 218/344/218 221/347/221 220/346/220
f 219/345/219 216/342/216 222/348/222
f 219/345/219 222/348/222 223/349/223
f 222/348/222 216/342/216 224/350/224
f 224/350/224 216/342/216 220/346/220
f 222/348/222 224/350/224 225/351/225
f 224/350/224 220/346/220 226/352/226
f 220/346/220 221/347/221 227/353/227
f 220/346/220 227/353/227 226/352/226
f 227/353/227 221/347/221 214/340/214
f 226/352/226 227/353/227 228/354/228
f 228/354/228 227/353/227 229/355/229
f 229/355/229 227/353/227 214/340/214
f 229/355/229 214/340/214 230/356/230
f 206/357/206 205/358/205 231/359/231
f 231/359/231 205/358/205 232/360/232
f 232/360/232 205/358/205 208/361/208
f 232/360/232 208/361/208 213/362/213
f 232/360/232 213/362/213 233/363/233
f 233/363/233 213/362/213 217/364/217
f 232/360/232 233/363/233 234/365/234
f 232/360/232 234/365/234 231/359/231
f 234/365/234 233/363/233 217/364/217
f 235/366/235 206/357/206 231/359/231
f 235/366/235 231/359/231 234/365/234
f 206/357/206 235/366/235 210/367/210
f 235/366/235 234/365/234 236/368/236
f 236/368/236 234/365/234 237/369/237
f 237/369/237 234/365/234 217/364/217
f 210/367/210 235/366/235 238/370/238
f 238/370/238 235/366/235 239/371/239
f 210/367/210 238/370/238 240/372/240
f 237/369/237 217/364/217 223/373/223
f 223/373/223 217/364/217 219/374/219
f 237/369/237 223/373/223 241/375/241
f 242/376/242 243/377/243 244/378/244
f 243/377/243 242/376/242 245/379/245
f 243/377/243 245/379/245 246/380/246
f 246/380/246 245/379/245 247/381/247
f 246/380/246 247/381/247 248/382/248
f 246/380/246 248/382/248 249/383/249
f 246/380/246 249/383/249 250/384/250
f 246/380/246 250/384/250 251/385/251
f 246/380/246 251/385/251 243/377/243
f 251/385/251 250/384/250 252/386/252
f 251/385/251 252/386/252 253/387/253
f 251/385/251 253/387/253 254/388/254
f 251/385/251 254/388/254 243/377/243
f 254/388/254 253/387/253 255/389/255
f 254/388/254 255/389/255 256/390/256
f 254/388/254 256/390/256 257/391/257
f 254/388/254 257/391/257 243/377/243
f 257/391/257 256/390/256 258/392/258
f 257/391/257 258/392/258 259/393/259
f 243/377/243 257/391/257 260/394/260
f 243/377/243 260/394/260 261/395/261
f 261/395/261 260/394/260 262/396/262
f 260/394/260 257/391/257 263/397/263
f 263/397/263 257/391/257 259/393/259
f 263/397/263 259/393/259 264/398/264
f 244/399/244 265/400/265 242/401/242
f 242/401/242 265/400/265 266/402/266
f 266/402/266 265/400/265 247/403/247
f 265/400/265 244/399/244 243/404/243
f 247/403/247 265/400/265 248/405/248
f 248/405/248 265/400/265 243/404/243
f 248/405/248 243/404/243 267/406/267
f 267/406/267 243/404/243 261/407/261
f 268/408/268 269/409/269 270/410/270
f 268/408/268 270/410/270 271/411/271
f 271/411/271 270/410/270 272/412/272
f 268/408/268 271/411/271 273/413/273
f 273/413/273 271/411/271 272/412/272
f 268/408/268 273/413/273 274/414/274
f 274/414/274 273/413/273 275/415/275
f 273/413/273 272/412/272 276/416/276
f 273/413/273 276/416/276 277/417/277
f 276/418/276 272/419/272 278/420/278
f 255/421/255 279/422/279 278/420/278
f 255/421/255 278/420/278 256/423/256
f 256/423/256 278/420/278 272/419/272
f 256/423/256 272/419/272 280/424/280
f 281/425/281 282/426/282 280/424/280
f 280/424/280 282/426/282 283/427/283
f 280/424/280 283/427/283 256/423/256
f 283/427/283 282/426/282 270/428/270
f 283/427/283 270/428/270 269/429/269
f 283/427/283 269/429/269 284/430/284
f 283/427/283 284/430/284 258/431/258
f 285/432/285 258/431/258 256/423/256
f 258/431/258 285/432/285 283/427/283
f 283/427/283 285/432/285 256/423/256
f 278/433/278 286/434/286 276/435/276
f 286/434/286 278/433/278 279/436/279
f 276/435/276 286/434/286 287/437/287
f 288/438/288 289/439/289 276/435/276
f 288/438/288 276/435/276 281/440/281
f 281/440/281 276/435/276 287/437/287
f 281/440/281 287/437/287 272/441/272
f 281/440/281 272/441/272 282/442/282
f 282/442/282 272/441/272 270/443/270
f 272/441/272 287/437/287 280/444/280
f 280/444/280 287/437/287 255/445/255
f 255/445/255 287/437/287 290/446/290
f 194/447/194 204/448/204 291/449/291
f 204/448/204 194/447/194 202/450/202
f 194/447/194 291/449/291 191/451/191
f 292/452/292 291/453/291 204/454/204
f 292/452/292 204/454/204 293/455/293
f 291/453/291 292/452/292 294/456/294
f 291/453/291 294/456/294 191/457/191
f 294/456/294 292/452/292 295/458/295
f 292/452/292 293/455/293 296/459/296
f 292/452/292 296/459/296 295/458/295
f 295/458/295 296/459/296 297/460/297
f 295/458/295 297/460/297 298/461/298
f 298/461/298 297/460/297 284/462/284
f 284/462/284 297/460/297 258/463/258
f 297/460/297 296/459/296 299/464/299
f 297/460/297 299/464/299 258/463/258
f 299/464/299 296/459/296 300/465/300
f 258/463/258 299/464/299 259/466/259
f 259/466/259 299/464/299 301/467/301
f 302/468/302 274/469/274 303/470/303
f 274/469/274 302/468/302 304/471/304
f 274/469/274 304/471/304 268/472/268
f 268/472/268 304/471/304 269/473/269
f 269/473/269 304/471/304 305/474/305
f 269/473/269 305/474/305 306/475/306
f 269/473/269 306/475/306 307/476/307
f 269/473/269 307/476/307 284/477/284
f 284/477/284 307/476/307 308/478/308
f 308/478/308 307/476/307 309/479/309
f 310/480/310 287/481/287 286/482/286
f 287/481/287 310/480/310 290/483/290
f 310/480/310 286/482/286 311/484/311
f 311/484/311 286/482/286 312/485/312
f 311/484/311 312/485/312 313/486/313
f 313/486/313 312/485/312 314/487/314
f 313/486/313 314/487/314 315/488/315
f 311/484/311 313/486/313 316/489/41
f 311/484/311 316/489/41 310/480/310
f 313/486/313 315/488/315 317/490/316
f 310/480/310 316/489/41 288/491/288
f 310/480/310 288/491/288 281/492/281
f 288/491/288 316/489/41 318/493/317
f 316/489/41 313/486/313 319/494/318
f 316/489/41 319/494/318 318/493/317
f 319/494/318 313/486/313 317/490/316
f 319/494/318 317/490/316 315/488/315
f 318/493/317 319/494/318 320/495/319
f 319/494/318 315/488/315 321/496/320
f 319/494/318 321/496/320 322/497/321
f 323/498/322 324/499/323 177/500/177
f 323/498/322 177/500/177 175/501/175
f 177/500/177 324/499/323 195/502/195
f 324/499/323 323/498/322 325/503/324
f 325/503/324 323/498/322 326/504/325
f 195/502/195 324/499/323 327/505/326
f 195/502/195 327/505/326 328/506/327
f 328/506/327 327/505/326 329/507/328
f 329/507/328 327/505/326 330/508/329
f 330/508/329 327/505/326 331/509/330
f 324/499/323 325/503/324 332/510/331
f 324/499/323 332/510/331 327/505/326
f 332/510/331 325/503/324 333/511/332
f 332/510/331 333/511/332 334/512/333
f 332/510/331 334/512/333 335/513/334
f 332/510/331 335/513/334 327/505/326
f 327/505/326 335/513/334 331/509/330
f 331/509/330 335/513/334 336/514/335
f 323/515/322 175/516/175 174/517/174
f 323/515/322 174/517/174 326/518/325
f 326/518/325 174/517/174 337/519/336
f 337/519/336 174/517/174 309/520/309
f 337/519/336 309/520/309 307/521/307
f 326/518/325 337/519/336 338/522/337
f 337/519/336 307/521/307 306/523/306
f 337/519/336 306/523/306 338/522/337
f 338/522/337 306/523/306 305/524/305
f 174/525/174 196/526/196 339/527/338
f 196/526/196 174/525/174 172/528/172
f 197/529/197 339/530/338 196/531/196
f 339/530/338 197/529/197 294/532/294
f 339/530/338 294/532/294 309/533/309
f 339/530/338 309/533/309 174/534/174
f 194/535/194 193/536/193 202/537/202
f 202/537/202 193/536/193 150/538/150
f 305/539/305 325/540/324 326/541/325
f 325/540/324 305/539/305 304/542/304
f 305/539/305 326/541/325 338/543/337
f 294/544/294 308/545/308 309/546/309
f 308/545/308 294/544/294 340/547/339
f 340/547/339 294/544/294 295/548/295
f 340/547/339 295/548/295 298/549/298
f 340/547/339 298/549/298 308/545/308
f 308/545/308 298/549/298 284/550/284
f 302/551/302 303/552/303 341/553/340
f 275/554/275 303/552/303 274/555/274
f 303/552/303 275/554/275 342/556/341
f 342/556/341 275/554/275 343/557/342
f 342/556/341 343/557/342 344/558/343
f 303/552/303 342/556/341 345/559/344
f 345/559/344 342/556/341 344/558/343
f 341/553/340 303/552/303 346/560/345
f 346/560/345 303/552/303 345/559/344
f 345/559/344 344/558/343 347/561/346
f 345/559/344 347/561/346 346/560/345
f 347/561/346 344/558/343 348/562/347
f 341/553/340 346/560/345 349/563/348
f 349/563/348 346/560/345 347/561/346
f 341/553/340 349/563/348 333/564/332
f 333/564/332 349/563/348 334/565/333
f 334/565/333 349/563/348 350/566/349
f 334/565/333 350/566/349 351/567/350
f 351/567/350 350/566/349 352/568/351
f 352/568/351 350/566/349 349/563/348
f 352/568/351 349/563/348 347/561/346
f 352/568/351 347/561/346 353/569/352
f 353/569/352 347/561/346 354/570/353
f 355/571/354 347/561/346 348/562/347
f 347/561/346 355/571/354 354/570/353
f 354/570/353 355/571/354 356/572/355
f 277/573/277 357/574/356 273/575/273
f 273/575/273 357/574/356 275/576/275
f 275/576/275 357/574/356 343/577/342
f 343/577/342 357/574/356 358/578/357
f 358/578/357 357/574/356 277/573/277
f 358/578/357 277/573/277 289/579/289
f 289/579/289 277/573/277 276/580/276
f 358/578/357 289/579/289 359/581/358
f 359/581/358 289/579/289 360/582/359
f 359/581/358 360/582/359 361/583/360
f 310/584/310 281/585/281 362/586/361
f 362/586/361 281/585/281 280/587/280
f 310/584/310 362/586/361 290/588/290
f 362/586/361 280/587/280 361/589/360
f 362/586/361 361/589/360 363/590/362
f 363/590/362 361/589/360 360/591/359
f 362/586/361 363/590/362 364/592/363
f 364/592/363 363/590/362 365/593/364
f 362/586/361 364/592/363 366/594/365
f 362/586/361 366/594/365 290/588/290
f 290/588/290 366/594/365 253/595/253
f 253/595/253 366/594/365 255/596/255
f 255/596/255 366/594/365 367/597/366
f 279/598/279 255/599/255 290/600/290
f 279/598/279 290/600/290 368/601/367
f 368/601/367 290/600/290 253/602/253
f 252/603/252 368/601/367 369/604/368
f 368/601/367 252/603/252 370/605/369
f 279/598/279 368/601/367 371/606/370
f 371/606/370 368/601/367 370/605/369
f 279/598/279 371/606/370 286/607/286
f 286/607/286 371/606/370 312/608/312
f 372/609/371 312/608/312 370/605/369
f 312/608/312 371/606/370 373/610/372
f 312/608/312 373/610/372 370/605/369
f 370/605/369 373/610/372 371/606/370
f 328/611/327 156/612/156 195/613/195
f 156/612/156 328/611/327 329/614/328
f 172/615/172 89/616/89 178/617/178
f 374/618/373 375/619/374 376/620/375
f 375/619/374 374/618/373 377/621/376
f 377/621/376 374/618/373 378/622/377
f 375/619/374 377/621/376 379/623/378
f 375/619/374 379/623/378 376/620/375
f 376/620/375 379/623/378 380/624/379
f 380/624/379 379/623/378 381/625/380
f 380/624/379 381/625/380 382/626/381
f 381/625/380 379/623/378 383/627/382
f 382/626/381 381/625/380 384/628/383
f 382/626/381 384/628/383 385/629/384
f 384/628/383 381/625/380 386/630/385
f 384/628/383 386/630/385 385/629/384
f 381/625/380 383/627/382 387/631/386
f 381/625/380 387/631/386 386/630/385
f 387/631/386 383/627/382 388/632/387
f 385/629/384 386/630/385 389/633/388
f 385/629/384 389/633/388 390/634/389
f 389/633/388 386/630/385 387/631/386
f 387/631/386 388/632/387 391/635/390
f 389/633/388 387/631/386 264/636/264
f 387/631/386 391/635/390 392/637/391
f 387/631/386 392/637/391 264/636/264
f 191/638/191 294/639/294 197/640/197
f 201/641/201 152/642/152 393/643/392
f 201/641/201 393/643/392 203/644/203
f 203/645/203 293/646/293 204/647/204
f 293/646/293 203/645/203 394/648/393
f 394/648/393 203/645/203 395/649/394
f 394/648/393 395/649/394 396/650/395
f 396/650/395 395/649/394 397/651/396
f 396/650/395 397/651/396 398/652/397
f 296/653/296 293/654/293 300/655/300
f 394/656/393 399/657/398 293/654/293
f 293/654/293 399/657/398 400/658/399
f 293/654/293 400/658/399 401/659/400
f 293/654/293 401/659/400 300/655/300
f 300/655/300 401/659/400 390/660/389
f 300/655/300 390/660/389 402/661/401
f 402/661/401 390/660/389 389/662/388
f 300/655/300 402/661/401 301/663/301
f 301/663/301 402/661/401 389/662/388
f 300/655/300 301/663/301 299/664/299
f 301/663/301 389/662/388 264/665/264
f 301/663/301 264/665/264 259/666/259
f 333/667/332 302/668/302 341/669/340
f 302/668/302 333/667/332 304/670/304
f 304/670/304 333/667/332 325/671/324
f 403/672/402 404/673/403 405/674/404
f 404/673/403 403/672/402 406/675/405
f 407/676/406 408/677/407 406/675/405
f 407/676/406 406/675/405 409/678/408
f 409/678/408 406/675/405 403/672/402
f 407/676/406 409/678/408 410/679/409
f 410/679/409 409/678/408 411/680/410
f 409/678/408 403/672/402 320/681/319
f 409/678/408 320/681/319 411/680/410
f 320/681/319 403/672/402 412/682/411
f 411/680/410 320/681/319 319/683/318
f 411/680/410 319/683/318 322/684/321
f 351/685/350 413/686/412 334/687/333
f 334/687/333 413/686/412 414/688/413
f 413/686/412 351/685/350 352/689/351
f 413/686/412 352/689/351 415/690/414
f 414/688/413 413/686/412 378/691/377
f 378/691/377 413/686/412 415/690/414
f 378/691/377 415/690/414 416/692/415
f 378/691/377 416/692/415 417/693/416
f 378/691/377 417/693/416 377/694/376
f 377/694/376 417/693/416 379/695/378
f 379/695/378 417/693/416 383/696/382
f 417/693/416 416/692/415 418/697/417
f 418/697/417 416/692/415 419/698/418
f 418/697/417 419/698/418 420/699/419
f 417/693/416 418/697/417 421/700/420
f 421/700/420 418/697/417 420/699/419
f 417/693/416 421/700/420 383/696/382
f 421/700/420 420/699/419 422/701/421
f 421/700/420 422/701/421 423/702/422
f 421/700/420 423/702/422 424/703/423
f 421/700/420 424/703/423 383/696/382
f 383/696/382 424/703/423 388/704/387
f 289/705/289 288/706/288 412/707/411
f 412/707/411 288/706/288 318/708/317
f 412/707/411 318/708/317 320/709/319
f 289/705/289 412/707/411 360/710/359
f 360/710/359 412/707/411 363/711/362
f 255/712/255 367/713/366 280/714/280
f 280/714/280 367/713/366 425/715/424
f 425/715/424 367/713/366 426/716/425
f 425/715/424 426/716/425 427/717/426
f 425/715/424 427/717/426 428/718/427
f 425/715/424 428/718/427 429/719/428
f 425/715/424 429/719/428 430/720/429
f 430/720/429 429/719/428 431/721/430
f 280/714/280 425/715/424 361/722/360
f 361/722/360 425/715/424 430/720/429
f 361/722/360 430/720/429 432/723/431
f 361/722/360 432/723/431 433/724/432
f 361/722/360 433/724/432 359/725/358
f 359/725/358 433/724/432 434/726/433
f 435/727/434 260/728/260 263/729/263
f 260/728/260 435/727/434 262/730/262
f 264/731/264 392/732/391 263/729/263
f 435/727/434 263/729/263 436/733/435
f 436/733/435 263/729/263 392/732/391
f 435/727/434 436/733/435 437/734/436
f 435/727/434 437/734/436 438/735/437
f 438/735/437 437/734/436 436/733/435
f 438/735/437 436/733/435 439/736/438
f 436/733/435 392/732/391 440/737/439
f 436/733/435 440/737/439 441/738/440
f 440/737/439 392/732/391 442/739/441
f 440/737/439 442/739/441 441/738/440
f 12/740/12 22/741/22 443/742/442
f 443/742/442 22/741/22 444/743/443
f 12/740/12 443/742/442 15/744/15
f 15/744/15 443/742/442 445/745/444
f 443/742/442 444/743/443 446/746/445
f 443/742/442 446/746/445 445/745/444
f 446/746/445 444/743/443 447/747/446
f 15/744/15 445/745/444 448/748/447
f 448/748/447 445/745/444 446/746/445
f 15/744/15 448/748/447 449/749/448
f 448/748/447 446/746/445 450/750/449
f 450/750/449 446/746/445 447/747/446
f 448/748/447 450/750/449 449/749/448
f 15/744/15 449/749/448 16/751/16
f 450/750/449 447/747/446 451/752/450
f 450/750/449 451/752/450 449/749/448
f 451/752/450 447/747/446 452/753/451
f 16/751/16 449/749/448 453/754/452
f 453/754/452 449/749/448 451/752/450
f 16/751/16 453/754/452 452/753/451
f 452/753/451 453/754/452 451/752/450
f 23/755/23 454/756/453 22/757/22
f 454/756/453 23/755/23 455/758/454
f 455/758/454 23/755/23 25/759/25
f 455/758/454 25/759/25 26/760/26
f 455/758/454 26/760/26 454/756/453
f 454/756/453 26/760/26 456/761/455
f 456/761/455 26/760/26 27/762/27
f 454/756/453 456/761/455 457/763/456
f 456/761/455 27/762/27 30/764/457
f 457/763/456 456/761/455 458/765/458
f 456/761/455 30/764/457 54/766/54
f 456/761/455 54/766/54 458/765/458
f 18/767/18 17/768/17 459/769/459
f 459/769/459 17/768/17 16/770/16
f 46/771/46 18/767/18 47/772/47
f 47/772/47 18/767/18 460/773/460
f 460/773/460 18/767/18 459/769/459
f 461/774/461 16/770/16 452/775/451
f 16/770/16 461/774/461 462/776/462
f 16/770/16 462/776/462 459/769/459
f 459/769/459 462/776/462 463/777/463
f 460/773/460 459/769/459 464/778/464
f 460/773/460 464/778/464 465/779/465
f 464/778/464 459/769/459 466/780/466
f 466/780/466 459/769/459 467/781/467
f 467/781/467 459/769/459 463/777/463
f 467/781/467 463/777/463 112/782/112
f 467/781/467 112/782/112 111/783/111
f 35/784/35 29/785/29 27/786/468
f 35/784/35 27/786/468 30/787/30
f 35/784/35 30/787/30 28/788/28
f 77/789/77 62/790/62 468/791/469
f 62/790/62 77/789/77 78/792/78
f 468/791/469 62/790/62 63/793/63
f 77/789/77 468/791/469 469/794/470
f 468/791/469 63/793/63 76/795/76
f 469/794/470 468/791/469 137/796/137
f 137/796/137 468/791/469 76/795/76
f 137/796/137 76/795/76 135/797/135
f 469/794/470 137/796/137 168/798/168
f 168/798/168 137/796/137 470/799/471
f 168/798/168 470/799/471 471/800/472
f 168/798/168 471/800/472 472/801/473
f 168/798/168 472/801/473 164/802/164
f 76/803/76 473/804/474 170/805/170
f 473/804/474 76/803/76 77/806/77
f 473/804/474 77/806/77 170/805/170
f 170/805/170 77/806/77 469/807/470
f 170/805/170 469/807/470 168/808/168
f 47/809/47 474/810/475 91/811/91
f 474/810/475 47/809/47 460/812/460
f 474/810/475 460/812/460 465/813/465
f 474/810/475 465/813/465 464/814/464
f 474/810/475 464/814/464 466/815/466
f 91/811/91 474/810/475 98/816/98
f 474/810/475 466/815/466 475/817/476
f 474/810/475 475/817/476 98/816/98
f 475/817/476 466/815/466 476/818/477
f 98/816/98 475/817/476 477/819/478
f 477/819/478 475/817/476 476/818/477
f 476/818/477 466/815/466 467/820/467
f 98/816/98 477/819/478 478/821/479
f 478/821/479 477/819/478 476/818/477
f 98/816/98 478/821/479 99/822/99
f 476/818/477 467/820/467 479/823/480
f 476/818/477 479/823/480 478/821/479
f 479/823/480 467/820/467 111/824/111
f 479/823/480 111/824/111 480/825/481
f 479/823/480 480/825/481 478/821/479
f 480/825/481 111/824/111 106/826/106
f 99/822/99 478/821/479 481/827/482
f 481/827/482 478/821/479 480/825/481
f 481/827/482 480/825/481 106/826/106
f 99/822/99 481/827/482 102/828/102
f 102/828/102 481/827/482 106/826/106
f 134/829/134 482/830/483 137/831/137
f 137/831/137 482/830/483 483/832/484
f 137/831/137 483/832/484 470/833/471
f 470/833/471 483/832/484 484/834/485
f 483/832/484 482/830/483 485/835/486
f 485/835/486 482/830/483 486/836/487
f 486/836/487 482/830/483 154/837/154
f 154/837/154 482/830/483 153/838/153
f 153/838/153 482/830/483 134/829/134
f 153/838/153 134/829/134 139/839/139
f 153/838/153 139/839/139 487/840/488
f 160/841/160 488/842/489 80/843/80
f 80/843/80 488/842/489 489/844/490
f 80/843/80 489/844/490 490/845/491
f 490/845/491 489/844/490 491/846/492
f 490/845/491 491/846/492 492/847/493
f 80/843/80 490/845/491 493/848/494
f 80/843/80 493/848/494 78/849/78
f 490/845/491 492/847/493 494/850/495
f 494/850/495 492/847/493 495/851/496
f 494/850/495 495/851/496 496/852/497
f 490/845/491 494/850/495 497/853/498
f 490/845/491 497/853/498 493/848/494
f 494/850/495 496/852/497 498/854/499
f 498/854/499 496/852/497 499/855/500
f 498/854/499 499/855/500 500/856/501
f 494/850/495 498/854/499 501/857/502
f 501/857/502 498/854/499 500/856/501
f 494/850/495 501/857/502 497/853/498
f 501/857/502 500/856/501 502/858/503
f 501/857/502 502/858/503 497/853/498
f 502/858/503 500/856/501 503/859/504
f 504/860/505 493/848/494 497/853/498
f 504/860/505 497/853/498 502/858/503
f 493/848/494 504/860/505 78/849/78
f 78/849/78 504/860/505 61/861/61
f 61/861/61 504/860/505 502/858/503
f 78/849/78 61/861/61 62/862/62
f 502/858/503 503/859/504 505/863/506
f 502/858/503 505/863/506 61/861/61
f 505/863/506 503/859/504 506/864/507
f 506/864/507 503/859/504 507/865/508
f 506/864/507 507/865/508 508/866/509
f 505/863/506 506/864/507 509/867/510
f 509/867/510 506/864/507 508/866/509
f 505/863/506 509/867/510 61/861/61
f 509/867/510 508/866/509 510/868/511
f 61/861/61 509/867/510 57/869/57
f 509/867/510 510/868/511 55/870/55
f 509/867/510 55/870/55 57/869/57
f 329/871/328 158/872/158 156/873/156
f 159/874/159 158/875/158 511/876/512
f 159/874/159 511/876/512 512/877/513
f 512/877/513 511/876/512 330/878/329
f 158/879/158 329/880/328 511/881/512
f 511/881/512 329/880/328 330/882/329
f 488/883/489 160/884/160 513/885/514
f 513/885/514 160/884/160 162/886/162
f 488/883/489 513/885/514 514/887/515
f 166/888/166 159/889/159 515/890/516
f 159/891/159 512/892/513 515/893/516
f 515/893/516 512/892/513 187/894/187
f 487/895/488 139/896/139 516/897/517
f 516/897/517 139/896/139 138/898/138
f 517/899/518 486/900/487 154/901/154
f 517/899/518 154/901/154 518/902/519
f 486/900/487 517/899/518 519/903/520
f 486/900/487 519/903/520 485/904/486
f 485/904/486 519/903/520 520/905/521
f 485/904/486 520/905/521 521/906/522
f 485/904/486 521/906/522 483/907/484
f 483/907/484 521/906/522 484/908/485
f 152/909/152 153/910/153 487/911/488
f 152/909/152 487/911/488 393/912/392
f 514/913/515 522/914/523 488/915/489
f 522/914/523 514/913/515 523/916/524
f 488/915/489 522/914/523 489/917/490
f 522/914/523 523/916/524 524/918/525
f 522/914/523 524/918/525 489/917/490
f 489/917/490 524/918/525 491/919/492
f 181/920/181 166/921/166 515/922/516
f 181/920/181 515/922/516 187/923/187
f 516/924/517 138/925/138 525/926/526
f 200/927/200 190/928/190 138/929/138
f 519/930/520 526/931/527 520/932/521
f 520/932/521 526/931/527 521/933/522
f 521/933/522 526/931/527 527/934/528
f 521/933/522 527/934/528 484/935/485
f 393/936/392 487/937/488 516/938/517
f 528/939/529 519/940/520 517/941/518
f 519/940/520 528/939/529 526/942/527
f 528/939/529 517/941/518 529/943/530
f 529/943/530 517/941/518 518/944/519
f 529/943/530 518/944/519 395/945/394
f 395/945/394 518/944/519 530/946/531
f 530/946/531 518/944/519 531/947/532
f 395/945/394 530/946/531 532/948/533
f 395/945/394 532/948/533 397/949/396
f 397/949/396 532/948/533 533/950/534
f 397/949/396 533/950/534 534/951/535
f 397/949/396 534/951/535 398/952/397
f 535/953/536 514/954/515 513/955/514
f 514/954/515 535/953/536 536/956/537
f 535/953/536 513/955/514 537/957/538
f 535/953/536 537/957/538 538/958/539
f 536/959/537 523/960/524 514/961/515
f 539/962/540 523/960/524 540/963/541
f 540/963/541 523/960/524 541/964/542
f 541/964/542 523/960/524 536/959/537
f 540/963/541 541/964/542 331/965/330
f 331/965/330 541/964/542 330/966/329
f 330/966/329 541/964/542 536/959/537
f 330/966/329 536/959/537 187/967/187
f 187/967/187 536/959/537 186/968/186
f 186/968/186 536/959/537 538/969/539
f 538/969/539 536/959/537 535/970/536
f 187/971/187 512/972/513 330/973/329
f 182/974/182 181/975/181 187/976/187
f 183/977/183 182/978/182 187/979/187
f 336/980/335 542/981/543 331/982/330
f 542/981/543 336/980/335 374/983/373
f 542/981/543 374/983/373 543/984/544
f 543/984/544 374/983/373 376/985/375
f 543/984/544 376/985/375 380/986/379
f 374/983/373 336/980/335 378/987/377
f 378/987/377 336/980/335 414/988/413
f 414/988/413 336/980/335 335/989/334
f 414/988/413 335/989/334 334/990/333
f 540/991/541 331/992/330 544/993/545
f 540/991/541 544/993/545 545/994/546
f 545/994/546 544/993/545 546/995/547
f 540/991/541 545/994/546 539/996/540
f 539/996/540 545/994/546 547/997/548
f 547/997/548 545/994/546 548/998/549
f 545/994/546 546/995/547 549/999/550
f 548/998/549 545/994/546 550/1000/551
f 550/1000/551 545/994/546 549/999/550
f 548/998/549 550/1000/551 551/1001/552
f 550/1000/551 549/999/550 552/1002/553
f 550/1000/551 552/1002/553 551/1001/552
f 553/1003/554 554/1004/555 551/1001/552
f 553/1003/554 551/1001/552 555/1005/556
f 555/1005/556 551/1001/552 556/1006/557
f 556/1006/557 551/1001/552 552/1002/553
f 552/1002/553 549/999/550 557/1007/558
f 557/1007/558 549/999/550 558/1008/559
f 557/1007/558 558/1008/559 559/1009/560
f 557/1007/558 559/1009/560 560/1010/561
f 557/1007/558 560/1010/561 552/1002/553
f 560/1010/561 559/1009/560 561/1011/562
f 560/1010/561 561/1011/562 562/1012/563
f 552/1002/553 560/1010/561 563/1013/564
f 563/1013/564 560/1010/561 562/1012/563
f 552/1002/553 563/1013/564 556/1006/557
f 563/1013/564 562/1012/563 564/1014/565
f 556/1006/557 563/1013/564 565/1015/566
f 565/1015/566 563/1013/564 566/1016/567
f 563/1013/564 564/1014/565 567/1017/568
f 566/1016/567 563/1013/564 398/1018/397
f 398/1018/397 563/1013/564 567/1017/568
f 398/1018/397 567/1017/568 568/1019/569
f 544/1020/545 331/1021/330 569/1022/570
f 569/1022/570 331/1021/330 542/1023/543
f 569/1022/570 542/1023/543 570/1024/571
f 569/1022/570 570/1024/571 415/1025/414
f 415/1025/414 570/1024/571 416/1026/415
f 416/1026/415 570/1024/571 419/1027/418
f 419/1027/418 570/1024/571 542/1023/543
f 419/1027/418 542/1023/543 571/1028/572
f 419/1027/418 571/1028/572 420/1029/419
f 420/1029/419 571/1028/572 572/1030/573
f 571/1028/572 542/1023/543 543/1031/544
f 572/1030/573 571/1028/572 573/1032/574
f 571/1028/572 543/1031/544 382/1033/381
f 382/1033/381 543/1031/544 380/1034/379
f 571/1028/572 382/1033/381 385/1035/384
f 571/1028/572 385/1035/384 573/1032/574
f 573/1032/574 385/1035/384 390/1036/389
f 574/1037/575 186/1038/186 538/1039/539
f 406/1040/405 405/1041/404 404/1042/403
f 405/1041/404 406/1040/405 408/1043/407
f 405/1041/404 408/1043/407 575/1044/576
f 575/1044/576 408/1043/407 576/1045/577
f 575/1044/576 576/1045/577 577/1046/578
f 575/1044/576 577/1046/578 578/1047/579
f 578/1047/579 577/1046/578 579/1048/580
f 580/1049/581 581/1050/582 579/1048/580
f 580/1049/581 579/1048/580 582/1051/583
f 582/1051/583 579/1048/580 577/1046/578
f 577/1046/578 576/1045/577 583/1052/584
f 577/1046/578 583/1052/584 582/1051/583
f 583/1052/584 576/1045/577 584/1053/585
f 582/1051/583 583/1052/584 585/1054/586
f 583/1052/584 584/1053/585 586/1055/587
f 583/1052/584 586/1055/587 585/1054/586
f 585/1054/586 586/1055/587 582/1051/583
f 586/1055/587 584/1053/585 587/1056/588
f 586/1055/587 587/1056/588 588/1057/589
f 586/1055/587 588/1057/589 582/1051/583
f 582/1051/583 588/1057/589 589/1058/590
f 590/1059/591 591/1060/592 592/1061/593
f 590/1059/591 592/1061/593 434/1062/433
f 434/1062/433 592/1061/593 593/1063/594
f 593/1063/594 592/1061/593 591/1060/592
f 590/1059/591 434/1062/433 594/1064/595
f 590/1059/591 594/1064/595 591/1060/592
f 593/1063/594 591/1060/592 358/1065/357
f 591/1060/592 594/1064/595 595/1066/596
f 591/1060/592 595/1066/596 358/1065/357
f 358/1065/357 595/1066/596 343/1067/342
f 595/1066/596 594/1064/595 596/1068/597
f 595/1066/596 596/1068/597 597/1069/598
f 597/1069/598 596/1068/597 432/1070/431
f 432/1070/431 596/1068/597 433/1071/432
f 597/1069/598 432/1070/431 593/1072/594
f 597/1069/598 593/1072/594 595/1066/596
f 595/1066/596 593/1072/594 598/1073/599
f 598/1073/599 593/1072/594 358/1074/357
f 595/1075/596 599/1076/600 343/1077/342
f 343/1077/342 599/1076/600 344/1078/343
f 344/1078/343 599/1076/600 595/1075/596
f 344/1078/343 595/1075/596 598/1079/599
f 344/1078/343 598/1079/599 348/1080/347
f 594/1081/595 600/1082/601 596/1083/597
f 600/1082/601 594/1081/595 601/1084/602
f 596/1083/597 600/1082/601 433/1085/432
f 600/1082/601 601/1084/602 602/1086/603
f 600/1082/601 602/1086/603 433/1085/432
f 602/1086/603 601/1084/602 603/1087/604
f 433/1085/432 602/1086/603 426/1088/425
f 426/1088/425 602/1086/603 603/1087/604
f 426/1088/425 603/1087/604 427/1089/426
f 427/1089/426 603/1087/604 439/1090/438
f 433/1085/432 426/1088/425 604/1091/605
f 604/1091/605 426/1088/425 367/1092/366
f 433/1085/432 604/1091/605 434/1093/433
f 604/1091/605 367/1092/366 605/1094/606
f 434/1093/433 604/1091/605 594/1095/595
f 604/1091/605 605/1094/606 601/1096/602
f 604/1091/605 601/1096/602 594/1095/595
f 359/1097/358 434/1098/433 593/1099/594
f 359/1097/358 593/1099/594 432/1100/431
f 359/1097/358 432/1100/431 606/1101/607
f 606/1101/607 432/1100/431 430/1102/429
f 359/1097/358 606/1101/607 607/1103/608
f 607/1103/608 606/1101/607 578/1104/579
f 359/1097/358 607/1103/608 608/1105/609
f 359/1097/358 608/1105/609 358/1106/357
f 608/1105/609 607/1103/608 609/1107/610
f 358/1106/357 608/1105/609 598/1108/599
f 608/1105/609 609/1107/610 610/1109/611
f 608/1105/609 610/1109/611 598/1108/599
f 430/1110/429 363/1111/362 606/1112/607
f 363/1111/362 430/1110/429 365/1113/364
f 611/1114/612 365/1113/364 429/1115/428
f 429/1115/428 365/1113/364 431/1116/430
f 365/1113/364 430/1110/429 612/1117/613
f 365/1113/364 612/1117/613 431/1116/430
f 612/1117/613 430/1110/429 613/1118/614
f 431/1116/430 612/1117/613 614/1119/615
f 431/1116/430 614/1119/615 615/1120/616
f 614/1119/615 612/1117/613 616/1121/617
f 614/1119/615 616/1121/617 617/1122/618
f 190/1123/190 200/1124/200 189/1125/189
f 138/1126/138 190/1127/190 525/1128/526
f 574/1129/575 618/1130/619 186/1131/186
f 618/1130/619 574/1129/575 471/1132/472
f 471/1132/472 574/1129/575 472/1133/473
f 618/1130/619 471/1132/472 527/1134/528
f 618/1130/619 527/1134/528 526/1135/527
f 618/1130/619 526/1135/527 186/1131/186
f 186/1131/186 526/1135/527 528/1136/529
f 186/1131/186 528/1136/529 525/1137/526
f 186/1131/186 525/1137/526 190/1138/190
f 525/1137/526 528/1136/529 203/1139/203
f 203/1139/203 528/1136/529 529/1140/530
f 203/1139/203 529/1140/530 395/1141/394
f 393/1142/392 516/1143/517 525/1144/526
f 525/1145/526 203/1146/203 393/1147/392
f 573/1148/574 390/1149/389 619/1150/620
f 573/1148/574 619/1150/620 620/1151/621
f 619/1150/620 390/1149/389 621/1152/622
f 621/1152/622 390/1149/389 401/1153/400
f 620/1151/621 619/1150/620 622/1154/623
f 619/1150/620 621/1152/622 623/1155/624
f 623/1155/624 621/1152/622 401/1153/400
f 619/1150/620 623/1155/624 622/1154/623
f 623/1155/624 401/1153/400 624/1156/625
f 624/1156/625 401/1153/400 400/1157/399
f 624/1156/625 400/1157/399 399/1158/398
f 624/1156/625 399/1158/398 394/1159/393
f 624/1156/625 394/1159/393 396/1160/395
f 625/1161/626 620/1151/621 622/1154/623
f 623/1155/624 624/1156/625 626/1162/627
f 626/1162/627 624/1156/625 396/1160/395
f 623/1155/624 626/1162/627 622/1154/623
f 622/1154/623 626/1162/627 627/1163/628
f 622/1154/623 627/1163/628 625/1161/626
f 626/1162/627 396/1160/395 568/1164/569
f 626/1162/627 568/1164/569 627/1163/628
f 568/1164/569 396/1160/395 398/1165/397
f 625/1161/626 627/1163/628 628/1166/629
f 628/1166/629 627/1163/628 568/1164/569
f 392/1167/391 391/1168/390 625/1161/626
f 392/1167/391 625/1161/626 442/1169/441
f 442/1169/441 625/1161/626 628/1166/629
f 442/1169/441 628/1166/629 629/1170/630
f 628/1166/629 568/1164/569 630/1171/631
f 628/1166/629 630/1171/631 629/1170/630
f 630/1171/631 568/1164/569 631/1172/632
f 630/1171/631 631/1172/632 629/1170/630
f 620/1173/621 632/1174/633 573/1175/574
f 573/1175/574 632/1174/633 424/1176/423
f 573/1175/574 424/1176/423 423/1177/422
f 424/1176/423 632/1174/633 388/1178/387
f 388/1178/387 632/1174/633 633/1179/634
f 633/1179/634 632/1174/633 620/1173/621
f 388/1178/387 633/1179/634 391/1180/390
f 391/1180/390 633/1179/634 620/1173/621
f 391/1180/390 620/1173/621 625/1181/626
f 367/1182/366 438/1183/437 605/1184/606
f 438/1183/437 367/1182/366 634/1185/635
f 634/1185/635 367/1182/366 366/1186/365
f 634/1185/635 366/1186/365 635/1187/636
f 634/1185/635 635/1187/636 636/1188/637
f 438/1183/437 634/1185/635 637/1189/638
f 637/1189/638 634/1185/635 636/1188/637
f 438/1183/437 637/1189/638 435/1190/434
f 435/1190/434 637/1189/638 267/1191/267
f 267/1191/267 637/1189/638 638/1192/639
f 267/1191/267 638/1192/639 248/1193/248
f 248/1193/248 638/1192/639 249/1194/249
f 249/1194/249 638/1192/639 639/1195/640
f 638/1192/639 637/1189/638 640/1196/641
f 640/1196/641 637/1189/638 636/1188/637
f 639/1195/640 638/1192/639 641/1197/642
f 641/1197/642 638/1192/639 640/1196/641
f 639/1195/640 641/1197/642 642/1198/643
f 642/1198/643 641/1197/642 643/1199/644
f 643/1199/644 641/1197/642 640/1196/641
f 643/1199/644 640/1196/641 644/1200/645
f 640/1196/641 636/1188/637 645/1201/646
f 645/1201/646 636/1188/637 646/1202/647
f 644/1200/645 640/1196/641 647/1203/648
f 647/1203/648 640/1196/641 645/1201/646
f 644/1200/645 647/1203/648 648/1204/649
f 648/1204/649 647/1203/648 645/1201/646
f 438/1205/437 601/1206/602 605/1207/606
f 601/1206/602 438/1205/437 603/1208/604
f 603/1208/604 438/1205/437 439/1209/438
f 428/1210/427 427/1211/426 649/1212/650
f 646/1213/647 427/1211/426 645/1214/646
f 427/1211/426 646/1213/647 649/1212/650
f 649/1212/650 646/1213/647 636/1215/637
f 649/1212/650 636/1215/637 635/1216/636
f 428/1210/427 649/1212/650 611/1217/612
f 428/1210/427 611/1217/612 429/1218/428
f 649/1212/650 635/1216/636 364/1219/363
f 649/1212/650 364/1219/363 611/1217/612
f 364/1219/363 635/1216/636 366/1220/365
f 611/1217/612 364/1219/363 365/1221/364
f 441/1222/440 435/1223/434 439/1224/438
f 441/1222/440 439/1224/438 436/1225/435
f 439/1224/438 435/1223/434 650/1226/651
f 650/1226/651 435/1223/434 267/1227/267
f 650/1226/651 267/1227/267 261/1228/261
f 650/1226/651 261/1228/261 651/1229/652
f 651/1229/652 261/1228/261 262/1230/262
f 650/1226/651 651/1229/652 652/1231/653
f 650/1226/651 652/1231/653 653/1232/654
f 651/1229/652 262/1230/262 441/1233/440
f 441/1233/440 262/1230/262 435/1234/434
f 652/1231/653 651/1229/652 654/1235/655
f 654/1235/655 651/1229/652 441/1233/440
f 652/1231/653 654/1235/655 655/1236/656
f 654/1235/655 441/1233/440 442/1237/441
f 654/1235/655 442/1237/441 655/1236/656
f 655/1236/656 442/1237/441 656/1238/657
f 656/1238/657 442/1237/441 629/1239/630
f 657/1240/658 658/1241/659 659/1242/660
f 657/1240/658 659/1242/660 660/1243/661
f 658/1241/659 657/1240/658 661/1244/662
f 658/1241/659 661/1244/662 240/1245/240
f 657/1240/658 660/1243/661 662/1246/663
f 240/1245/240 661/1244/662 663/1247/664
f 661/1244/662 657/1240/658 664/1248/665
f 664/1248/665 657/1240/658 662/1246/663
f 663/1247/664 661/1244/662 665/1249/666
f 663/1247/664 665/1249/666 666/1250/667
f 661/1244/662 664/1248/665 667/1251/668
f 661/1244/662 667/1251/668 665/1249/666
f 664/1248/665 662/1246/663 668/1252/669
f 664/1248/665 668/1252/669 667/1251/668
f 668/1252/669 662/1246/663 669/1253/670
f 669/1253/670 662/1246/663 670/1254/671
f 669/1253/670 670/1254/671 668/1252/669
f 665/1249/666 667/1251/668 671/1255/672
f 671/1255/672 667/1251/668 668/1252/669
f 672/1256/673 666/1250/667 665/1249/666
f 672/1256/673 665/1249/666 671/1255/672
f 666/1250/667 672/1256/673 673/1257/674
f 666/1250/667 673/1257/674 674/1258/675
f 674/1258/675 673/1257/674 675/1259/676
f 672/1256/673 671/1255/672 676/1260/677
f 675/1259/676 673/1257/674 677/1261/678
f 673/1257/674 672/1256/673 678/1262/679
f 678/1262/679 672/1256/673 676/1260/677
f 673/1257/674 678/1262/679 679/1263/680
f 673/1257/674 679/1263/680 677/1261/678
f 675/1259/676 677/1261/678 680/1264/681
f 679/1263/680 678/1262/679 681/1265/682
f 681/1265/682 678/1262/679 682/1266/683
f 682/1266/683 678/1262/679 676/1260/677
f 679/1263/680 681/1265/682 683/1267/684
f 679/1263/680 683/1267/684 684/1268/685
f 679/1263/680 684/1268/685 677/1261/678
f 683/1267/684 681/1265/682 685/1269/686
f 685/1269/686 681/1265/682 682/1266/683
f 683/1267/684 685/1269/686 686/1270/687
f 683/1267/684 686/1270/687 684/1268/685
f 685/1269/686 682/1266/683 687/1271/688
f 685/1269/686 687/1271/688 686/1270/687
f 688/1272/689 682/1266/683 676/1260/677
f 682/1266/683 688/1272/689 689/1273/690
f 682/1266/683 689/1273/690 687/1271/688
f 688/1272/689 676/1260/677 690/1274/691
f 689/1273/690 688/1272/689 691/1275/692
f 691/1275/692 688/1272/689 690/1274/691
f 689/1273/690 691/1275/692 692/1276/693
f 689/1273/690 692/1276/693 687/1271/688
f 691/1275/692 690/1274/691 693/1277/694
f 691/1275/692 693/1277/694 692/1276/693
f 690/1274/691 676/1260/677 694/1278/695
f 694/1278/695 676/1260/677 671/1255/672
f 694/1278/695 671/1255/672 668/1252/669
f 690/1274/691 694/1278/695 695/1279/696
f 695/1279/696 694/1278/695 668/1252/669
f 693/1277/694 690/1274/691 696/1280/697
f 696/1280/697 690/1274/691 695/1279/696
f 695/1279/696 668/1252/669 697/1281/698
f 697/1281/698 668/1252/669 670/1254/671
f 696/1280/697 695/1279/696 698/1282/699
f 696/1280/697 698/1282/699 693/1277/694
f 698/1282/699 695/1279/696 699/1283/700
f 699/1283/700 695/1279/696 697/1281/698
f 659/1284/660 658/1285/659 670/1254/671
f 670/1254/671 658/1285/659 697/1281/698
f 697/1281/698 658/1285/659 240/1286/240
f 697/1281/698 240/1286/240 238/1287/238
f 697/1281/698 238/1287/238 700/1288/701
f 697/1281/698 700/1288/701 699/1283/700
f 700/1288/701 238/1287/238 239/1289/239
f 699/1283/700 700/1288/701 701/1290/702
f 700/1288/701 239/1289/239 702/1291/703
f 700/1288/701 702/1291/703 701/1290/702
f 699/1283/700 701/1290/702 703/1292/704
f 703/1292/704 701/1290/702 702/1291/703
f 699/1283/700 703/1292/704 704/1293/705
f 699/1283/700 704/1293/705 698/1282/699
f 703/1292/704 702/1291/703 705/1294/706
f 698/1282/699 704/1293/705 706/1295/707
f 698/1282/699 706/1295/707 693/1277/694
f 704/1293/705 703/1292/704 707/1296/708
f 707/1296/708 703/1292/704 705/1294/706
f 706/1295/707 704/1293/705 708/1297/709
f 708/1297/709 704/1293/705 707/1296/708
f 693/1277/694 706/1295/707 709/1298/710
f 706/1295/707 708/1297/709 710/1299/711
f 706/1295/707 710/1299/711 709/1298/710
f 693/1277/694 709/1298/710 711/1300/712
f 693/1277/694 711/1300/712 692/1276/693
f 711/1300/712 709/1298/710 712/1301/713
f 712/1301/713 709/1298/710 710/1299/711
f 692/1276/693 711/1300/712 713/1302/714
f 713/1302/714 711/1300/712 712/1301/713
f 692/1276/693 713/1302/714 714/1303/715
f 692/1276/693 714/1303/715 687/1271/688
f 713/1302/714 712/1301/713 715/1304/716
f 713/1302/714 715/1304/716 714/1303/715
f 715/1304/716 712/1301/713 716/1305/717
f 716/1305/717 712/1301/713 710/1299/711
f 714/1303/715 715/1304/716 717/1306/718
f 717/1306/718 715/1304/716 716/1305/717
f 716/1305/717 710/1299/711 718/1307/719
f 716/1305/717 718/1307/719 717/1306/718
f 719/1308/720 687/1271/688 714/1303/715
f 714/1303/715 717/1306/718 720/1309/721
f 714/1303/715 720/1309/721 719/1308/720
f 687/1271/688 719/1308/720 686/1270/687
f 720/1309/721 717/1306/718 721/1310/722
f 721/1310/722 717/1306/718 718/1307/719
f 719/1308/720 720/1309/721 722/1311/723
f 722/1311/723 720/1309/721 721/1310/722
f 721/1310/722 718/1307/719 723/1312/724
f 721/1310/722 723/1312/724 722/1311/723
f 724/1313/725 718/1307/719 710/1299/711
f 724/1313/725 710/1299/711 725/1314/726
f 725/1314/726 710/1299/711 708/1297/709
f 718/1307/719 724/1313/725 726/1315/727
f 718/1307/719 726/1315/727 723/1312/724
f 725/1314/726 708/1297/709 707/1296/708
f 724/1313/725 725/1314/726 727/1316/728
f 727/1316/728 725/1314/726 707/1296/708
f 724/1313/725 727/1316/728 726/1315/727
f 727/1316/728 707/1296/708 728/1317/729
f 727/1316/728 728/1317/729 726/1315/727
f 728/1317/729 707/1296/708 729/1318/730
f 729/1318/730 707/1296/708 705/1294/706
f 729/1318/730 705/1294/706 730/1319/731
f 729/1318/730 730/1319/731 728/1317/729
f 730/1319/731 705/1294/706 731/1320/732
f 730/1319/731 731/1320/732 732/1321/733
f 731/1320/732 705/1294/706 733/1322/734
f 731/1320/732 733/1322/734 732/1321/733
f 733/1322/734 705/1294/706 702/1291/703
f 730/1319/731 732/1321/733 734/1323/735
f 734/1323/735 732/1321/733 733/1322/734
f 730/1319/731 734/1323/735 728/1317/729
f 733/1322/734 702/1291/703 735/1324/736
f 735/1324/736 702/1291/703 239/1289/239
f 735/1324/736 239/1289/239 235/1325/235
f 735/1324/736 235/1325/235 236/1326/236
f 733/1322/734 735/1324/736 223/1327/223
f 223/1327/223 735/1324/736 236/1326/236
f 733/1322/734 223/1327/223 734/1323/735
f 223/1327/223 236/1326/236 241/1328/241
f 241/1328/241 236/1326/236 237/1329/237
f 734/1323/735 223/1327/223 736/1330/737
f 736/1330/737 223/1327/223 222/1331/222
f 734/1323/735 736/1330/737 737/1332/738
f 734/1323/735 737/1332/738 738/1333/739
f 734/1323/735 738/1333/739 728/1317/729
f 728/1317/729 738/1333/739 737/1332/738
f 728/1317/729 737/1332/738 736/1330/737
f 728/1317/729 736/1330/737 739/1334/740
f 739/1334/740 736/1330/737 222/1331/222
f 728/1317/729 739/1334/740 726/1315/727
f 739/1334/740 222/1331/222 740/1335/741
f 740/1335/741 222/1331/222 225/1336/225
f 740/1335/741 225/1336/225 741/1337/742
f 740/1335/741 741/1337/742 742/1338/743
f 740/1335/741 742/1338/743 739/1334/740
f 742/1338/743 741/1337/742 743/1339/744
f 742/1338/743 743/1339/744 744/1340/745
f 739/1334/740 742/1338/743 745/1341/746
f 739/1334/740 745/1341/746 726/1315/727
f 745/1341/746 742/1338/743 746/1342/747
f 726/1315/727 745/1341/746 747/1343/748
f 747/1343/748 745/1341/746 748/1344/746
f 747/1343/748 748/1344/746 749/1345/749
f 747/1343/748 749/1345/749 726/1315/727
f 726/1315/727 749/1345/749 723/1312/724
f 723/1312/724 749/1345/749 750/1346/750
f 750/1346/750 749/1345/749 751/1347/751
f 750/1346/750 751/1347/751 752/1348/752
f 750/1346/750 752/1348/752 723/1312/724
f 723/1312/724 752/1348/752 753/1349/753
f 753/1349/753 752/1348/752 754/1350/754
f 723/1312/724 753/1349/753 722/1311/723
f 722/1311/723 753/1349/753 754/1350/754
f 722/1311/723 754/1350/754 755/1351/755
f 755/1351/755 754/1350/754 756/1352/756
f 755/1351/755 756/1352/756 757/1353/757
f 722/1311/723 755/1351/755 758/1354/758
f 758/1354/758 755/1351/755 757/1353/757
f 722/1311/723 758/1354/758 719/1308/720
f 719/1308/720 758/1354/758 686/1270/687
f 758/1354/758 757/1353/757 759/1355/759
f 758/1354/758 759/1355/759 686/1270/687
f 759/1355/759 757/1353/757 760/1356/760
f 760/1356/760 757/1353/757 761/1357/761
f 686/1270/687 759/1355/759 762/1358/762
f 762/1358/762 759/1355/759 760/1356/760
f 760/1356/760 761/1357/761 763/1359/763
f 760/1356/760 763/1359/763 762/1358/762
f 763/1359/763 761/1357/761 764/1360/764
f 686/1270/687 762/1358/762 765/1361/765
f 686/1270/687 765/1361/765 766/1362/766
f 686/1270/687 766/1362/766 684/1268/685
f 684/1268/685 766/1362/766 765/1361/765
f 762/1358/762 763/1359/763 767/1363/767
f 762/1358/762 767/1363/767 765/1361/765
f 767/1363/767 763/1359/763 768/1364/768
f 684/1268/685 765/1361/765 769/1365/769
f 684/1268/685 769/1365/769 677/1261/678
f 768/1364/768 763/1359/763 770/1366/770
f 770/1366/770 763/1359/763 764/1360/764
f 767/1363/767 768/1364/768 771/1367/771
f 771/1367/771 768/1364/768 770/1366/770
f 772/1368/772 765/1361/765 767/1363/767
f 772/1368/772 767/1363/767 771/1367/771
f 773/1369/773 769/1365/769 765/1361/765
f 773/1369/773 765/1361/765 772/1368/772
f 769/1365/769 773/1369/773 774/1370/774
f 769/1365/769 774/1370/774 677/1261/678
f 773/1369/773 772/1368/772 775/1371/775
f 775/1371/775 772/1368/772 771/1367/771
f 773/1369/773 775/1371/775 776/1372/776
f 773/1369/773 776/1372/776 774/1370/774
f 775/1371/775 771/1367/771 777/1373/777
f 775/1371/775 777/1373/777 776/1372/776
f 777/1373/777 771/1367/771 778/1374/778
f 778/1374/778 771/1367/771 770/1366/770
f 776/1372/776 777/1373/777 779/1375/779
f 776/1372/776 779/1375/779 774/1370/774
f 777/1373/777 778/1374/778 780/1376/158
f 777/1373/777 780/1376/158 779/1375/779
f 778/1374/778 770/1366/770 781/1377/780
f 781/1377/780 770/1366/770 764/1360/764
f 781/1377/780 764/1360/764 782/1378/781
f 778/1374/778 781/1377/780 783/1379/782
f 778/1374/778 783/1379/782 780/1376/158
f 783/1379/782 781/1377/780 784/1380/783
f 783/1379/782 784/1380/783 785/1381/784
f 783/1379/782 785/1381/784 780/1376/158
f 786/1382/785 779/1375/779 780/1376/158
f 779/1375/779 786/1382/785 787/1383/786
f 779/1375/779 787/1383/786 774/1370/774
f 786/1382/785 780/1376/158 788/1384/787
f 786/1382/785 788/1384/787 787/1383/786
f 780/1376/158 785/1381/784 789/1385/788
f 780/1376/158 789/1385/788 788/1384/787
f 789/1385/788 785/1381/784 790/1386/789
f 790/1386/789 785/1381/784 791/1387/790
f 790/1386/789 791/1387/790 792/1388/791
f 789/1385/788 790/1386/789 793/1389/792
f 789/1385/788 793/1389/792 788/1384/787
f 793/1389/792 790/1386/789 792/1388/791
f 788/1384/787 793/1389/792 787/1383/786
f 793/1389/792 792/1388/791 794/1390/793
f 794/1390/793 792/1388/791 795/1391/794
f 793/1389/792 794/1390/793 680/1264/681
f 680/1264/681 794/1390/793 796/1392/795
f 787/1383/786 793/1389/792 797/1393/796
f 797/1393/796 793/1389/792 680/1264/681
f 787/1383/786 797/1393/796 774/1370/774
f 797/1393/796 680/1264/681 677/1261/678
f 797/1393/796 677/1261/678 774/1370/774
f 663/1394/664 210/1395/210 240/1396/240
f 210/1395/210 663/1394/664 798/1397/797
f 210/1395/210 798/1397/797 209/1398/209
f 798/1397/797 663/1394/664 666/1399/667
f 209/1398/209 798/1397/797 212/1400/212
f 798/1397/797 666/1399/667 799/1401/798
f 798/1397/797 799/1401/798 212/1400/212
f 799/1401/798 666/1399/667 674/1402/675
f 212/1400/212 799/1401/798 800/1403/799
f 800/1403/799 799/1401/798 674/1402/675
f 212/1400/212 800/1403/799 801/1404/800
f 212/1400/212 801/1404/800 214/1405/214
f 214/1405/214 801/1404/800 230/1406/230
f 801/1404/800 800/1403/799 802/1407/801
f 801/1404/800 802/1407/801 230/1406/230
f 800/1403/799 674/1402/675 796/1408/795
f 796/1408/795 674/1402/675 675/1409/676
f 796/1408/795 675/1409/676 680/1410/681
f 800/1403/799 796/1408/795 803/1411/802
f 800/1403/799 803/1411/802 802/1407/801
f 803/1411/802 796/1408/795 794/1412/793
f 803/1411/802 794/1412/793 795/1413/794
f 803/1411/802 795/1413/794 804/1414/803
f 803/1411/802 804/1414/803 802/1407/801
f 804/1414/803 795/1413/794 805/1415/804
f 806/1416/805 230/1406/230 802/1407/801
f 806/1416/805 802/1407/801 804/1414/803
f 230/1406/230 806/1416/805 807/1417/806
f 807/1417/806 806/1416/805 808/1418/807
f 806/1416/805 804/1414/803 809/1419/808
f 806/1416/805 809/1419/808 808/1418/807
f 809/1419/808 804/1414/803 805/1415/804
f 808/1418/807 809/1419/808 810/1420/809
f 810/1420/809 809/1419/808 805/1415/804
f 810/1420/809 805/1415/804 811/1421/810
f 659/1422/660 812/1423/811 660/1424/661
f 660/1424/661 812/1423/811 813/1425/812
f 660/1424/661 813/1425/812 814/1426/813
f 660/1424/661 814/1426/813 662/1427/663
f 662/1427/663 814/1426/813 815/1428/814
f 815/1428/814 814/1426/813 816/1429/815
f 815/1428/814 816/1429/815 817/1430/816
f 814/1426/813 813/1425/812 818/1431/817
f 818/1431/817 813/1425/812 819/1432/818
f 818/1431/817 819/1432/818 820/1433/819
f 814/1426/813 818/1431/817 821/1434/820
f 821/1434/820 818/1431/817 820/1433/819
f 814/1426/813 821/1434/820 816/1429/815
f 816/1429/815 821/1434/820 817/1430/816
f 821/1434/820 820/1433/819 822/1435/821
f 821/1434/820 822/1435/821 817/1430/816
f 823/1436/822 812/1437/811 824/1438/823
f 824/1438/823 812/1437/811 659/1439/660
f 812/1437/811 823/1436/822 813/1440/812
f 824/1438/823 659/1439/660 670/1441/671
f 813/1440/812 823/1436/822 819/1442/818
f 824/1438/823 670/1441/671 815/1443/814
f 824/1438/823 815/1443/814 823/1436/822
f 823/1436/822 815/1443/814 819/1442/818
f 815/1443/814 670/1441/671 662/1444/663
f 819/1442/818 815/1443/814 817/1445/816
f 819/1442/818 817/1445/816 825/1446/824
f 825/1446/824 817/1445/816 822/1447/821
f 819/1442/818 825/1446/824 820/1448/819
f 820/1448/819 825/1446/824 822/1447/821
f 791/1449/790 795/1450/794 792/1451/791
f 795/1450/794 791/1449/790 826/1452/825
f 795/1450/794 826/1452/825 805/1453/804
f 826/1452/825 791/1449/790 827/1454/826
f 827/1454/826 791/1449/790 785/1455/784
f 827/1454/826 785/1455/784 784/1456/783
f 811/1457/810 805/1453/804 828/1458/827
f 828/1458/827 805/1453/804 829/1459/828
f 829/1459/828 805/1453/804 826/1452/825
f 826/1452/825 827/1454/826 830/1460/829
f 826/1452/825 830/1460/829 829/1459/828
f 830/1460/829 827/1454/826 784/1456/783
f 829/1459/828 830/1460/829 831/1461/830
f 831/1461/830 830/1460/829 784/1456/783
f 829/1459/828 831/1461/830 832/1462/831
f 832/1462/831 831/1461/830 833/1463/832
f 833/1463/832 831/1461/830 834/1464/833
f 831/1461/830 784/1456/783 835/1465/834
f 831/1461/830 835/1465/834 834/1464/833
f 835/1465/834 784/1456/783 781/1466/780
f 834/1464/833 835/1465/834 782/1467/781
f 782/1467/781 835/1465/834 781/1466/780
f 836/1468/835 229/1469/229 837/1470/836
f 837/1470/836 229/1469/229 230/1471/230
f 229/1469/229 836/1468/835 228/1472/228
f 837/1470/836 230/1471/230 807/1473/806
f 228/1472/228 836/1468/835 838/1474/837
f 228/1472/228 838/1474/837 226/1475/226
f 836/1468/835 837/1470/836 839/1476/838
f 839/1476/838 837/1470/836 807/1473/806
f 226/1475/226 838/1474/837 840/1477/839
f 838/1474/837 836/1468/835 841/1478/840
f 841/1478/840 836/1468/835 839/1476/838
f 838/1474/837 841/1478/840 840/1477/839
f 226/1475/226 840/1477/839 224/1479/224
f 224/1479/224 840/1477/839 842/1480/841
f 224/1479/224 842/1480/841 225/1481/225
f 225/1481/225 842/1480/841 840/1477/839
f 225/1481/225 840/1477/839 741/1482/742
f 741/1482/742 840/1477/839 841/1478/840
f 741/1482/742 841/1478/840 743/1483/744
f 743/1483/744 841/1478/840 744/1484/745
f 843/1485/842 841/1478/840 839/1476/838
f 841/1478/840 843/1485/842 744/1484/745
f 843/1485/842 839/1476/838 844/1486/843
f 844/1486/843 839/1476/838 807/1473/806
f 844/1486/843 807/1473/806 843/1485/842
f 845/1487/844 742/1488/743 744/1484/745
f 845/1487/844 744/1484/745 846/1489/845
f 846/1489/845 744/1484/745 847/1490/846
f 847/1490/846 744/1484/745 843/1485/842
f 846/1489/845 847/1490/846 848/1491/847
f 848/1491/847 847/1490/846 849/1492/848
f 849/1492/848 847/1490/846 843/1485/842
f 850/1493/849 843/1485/842 807/1473/806
f 850/1493/849 807/1473/806 851/1494/850
f 843/1485/842 850/1493/849 852/1495/851
f 843/1485/842 852/1495/851 849/1492/848
f 852/1495/851 850/1493/849 851/1494/850
f 849/1492/848 852/1495/851 853/1496/852
f 853/1496/852 852/1495/851 851/1494/850
f 849/1492/848 853/1496/852 854/1497/853
f 853/1496/852 851/1494/850 855/1498/854
f 845/1499/844 746/1500/747 742/1501/743
f 746/1500/747 845/1499/844 856/1502/855
f 856/1502/855 845/1499/844 846/1503/845
f 856/1502/855 846/1503/845 857/1504/856
f 856/1502/855 857/1504/856 746/1500/747
f 857/1504/856 846/1503/845 858/1505/857
f 857/1504/856 858/1505/857 746/1500/747
f 858/1505/857 846/1503/845 859/1506/858
f 860/1507/859 861/1508/860 859/1506/858
f 859/1506/858 861/1508/860 862/1509/861
f 859/1506/858 862/1509/861 858/1505/857
f 862/1509/861 861/1508/860 863/1510/862
f 862/1509/861 863/1510/862 864/1511/863
f 858/1505/857 862/1509/861 865/1512/864
f 858/1505/857 865/1512/864 746/1500/747
f 865/1512/864 862/1509/861 864/1511/863
f 746/1500/747 865/1512/864 866/1513/740
f 746/1500/747 866/1513/740 748/1514/746
f 746/1500/747 748/1514/746 745/1515/746
f 866/1513/740 865/1512/864 867/1516/865
f 867/1516/865 865/1512/864 864/1511/863
f 748/1514/746 866/1513/740 868/1517/865
f 868/1517/865 866/1513/740 867/1516/865
f 748/1514/746 868/1517/865 869/1518/866
f 869/1518/866 868/1517/865 867/1516/865
f 748/1514/746 869/1518/866 749/1519/749
f 749/1519/749 869/1518/866 751/1520/751
f 870/1521/867 871/1522/868 864/1511/863
f 864/1511/863 871/1522/868 872/1523/869
f 873/1524/870 867/1516/865 864/1511/863
f 864/1511/863 872/1523/869 874/1525/871
f 864/1511/863 874/1525/871 873/1524/870
f 874/1525/871 872/1523/869 875/1526/872
f 867/1516/865 873/1524/870 876/1527/873
f 876/1527/873 873/1524/870 874/1525/871
f 876/1527/873 874/1525/871 877/1528/874
f 877/1528/874 874/1525/871 875/1526/872
f 876/1527/873 877/1528/874 878/1529/875
f 878/1529/875 877/1528/874 875/1526/872
f 875/1526/872 872/1523/869 879/1530/876
f 876/1527/873 878/1529/875 880/1531/877
f 876/1527/873 880/1531/877 867/1516/865
f 880/1531/877 878/1529/875 875/1526/872
f 867/1516/865 880/1531/877 869/1518/866
f 869/1518/866 880/1531/877 875/1526/872
f 869/1518/866 875/1526/872 879/1530/876
f 869/1518/866 879/1530/876 881/1532/878
f 881/1532/878 879/1530/876 882/1533/879
f 881/1532/878 882/1533/879 883/1534/880
f 881/1532/878 883/1534/880 884/1535/881
f 881/1532/878 884/1535/881 869/1518/866
f 869/1518/866 884/1535/881 751/1520/751
f 751/1520/751 884/1535/881 752/1536/752
f 752/1536/752 884/1535/881 885/1537/882
f 752/1536/752 885/1537/882 754/1538/754
f 754/1538/754 885/1537/882 886/1539/883
f 886/1539/883 885/1537/882 887/1540/884
f 886/1539/883 887/1540/884 888/1541/885
f 886/1539/883 888/1541/885 889/1542/886
f 886/1539/883 889/1542/886 754/1538/754
f 889/1542/886 888/1541/885 890/1543/887
f 889/1542/886 890/1543/887 891/1544/888
f 889/1542/886 891/1544/888 754/1538/754
f 754/1538/754 891/1544/888 756/1545/756
f 807/1546/806 808/1547/807 851/1548/850
f 851/1548/850 808/1547/807 810/1549/809
f 851/1548/850 810/1549/809 892/1550/889
f 851/1548/850 892/1550/889 855/1551/854
f 892/1550/889 810/1549/809 811/1552/810
f 892/1550/889 811/1552/810 893/1553/890
f 892/1550/889 893/1553/890 894/1554/891
f 892/1550/889 894/1554/891 895/1555/892
f 829/1556/828 896/1557/893 828/1558/827
f 896/1557/893 829/1556/828 897/1559/894
f 828/1558/827 896/1557/893 898/1560/895
f 828/1558/827 898/1560/895 893/1561/890
f 828/1558/827 893/1561/890 811/1562/810
f 898/1560/895 896/1557/893 899/1563/896
f 898/1560/895 899/1563/896 893/1561/890
f 899/1563/896 896/1557/893 897/1559/894
f 893/1561/890 899/1563/896 894/1564/891
f 899/1563/896 897/1559/894 900/1565/897
f 899/1563/896 900/1565/897 894/1564/891
f 900/1565/897 897/1559/894 901/1566/898
f 894/1564/891 900/1565/897 902/1567/899
f 900/1565/897 901/1566/898 903/1568/900
f 900/1565/897 903/1568/900 902/1567/899
f 894/1564/891 902/1567/899 904/1569/901
f 903/1568/900 901/1566/898 905/1570/902
f 903/1568/900 905/1570/902 902/1567/899
f 904/1569/901 902/1567/899 906/1571/903
f 905/1570/902 901/1566/898 907/1572/904
f 906/1571/903 902/1567/899 908/1573/905
f 908/1573/905 902/1567/899 905/1570/902
f 906/1571/903 908/1573/905 909/1574/906
f 909/1574/906 908/1573/905 910/1575/907
f 908/1573/905 905/1570/902 911/1576/908
f 908/1573/905 911/1576/908 910/1575/907
f 905/1570/902 907/1572/904 912/1577/909
f 905/1570/902 912/1577/909 911/1576/908
f 912/1577/909 907/1572/904 913/1578/910
f 913/1578/910 907/1572/904 914/1579/911
f 911/1576/908 912/1577/909 915/1580/912
f 915/1580/912 912/1577/909 913/1578/910
f 911/1576/908 915/1580/912 910/1575/907
f 915/1580/912 913/1578/910 916/1581/913
f 915/1580/912 916/1581/913 910/1575/907
f 910/1575/907 916/1581/913 917/1582/914
f 897/1583/894 918/1584/915 901/1585/898
f 918/1584/915 897/1583/894 829/1586/828
f 918/1584/915 829/1586/828 832/1587/831
f 918/1584/915 832/1587/831 919/1588/916
f 919/1588/916 832/1587/831 833/1589/832
f 919/1588/916 833/1589/832 834/1590/833
f 919/1588/916 834/1590/833 920/1591/917
f 920/1591/917 834/1590/833 782/1592/781
f 918/1584/915 919/1588/916 921/1593/918
f 922/1594/919 901/1585/898 918/1584/915
f 922/1594/919 918/1584/915 921/1593/918
f 901/1585/898 922/1594/919 923/1595/920
f 901/1585/898 923/1595/920 924/1596/921
f 923/1595/920 922/1594/919 925/1597/922
f 925/1597/922 922/1594/919 921/1593/918
f 924/1596/921 923/1595/920 926/1598/923
f 924/1596/921 926/1598/923 927/1599/924
f 927/1599/924 926/1598/923 928/1600/925
f 923/1595/920 925/1597/922 929/1601/926
f 923/1595/920 929/1601/926 926/1598/923
f 929/1601/926 925/1597/922 921/1593/918
f 928/1600/925 926/1598/923 930/1602/927
f 930/1602/927 926/1598/923 929/1601/926
f 929/1601/926 921/1593/918 931/1603/928
f 929/1601/926 931/1603/928 930/1602/927
f 928/1600/925 930/1602/927 932/1604/929
f 928/1600/925 932/1604/929 933/1605/930
f 933/1605/930 932/1604/929 934/1606/931
f 934/1606/931 932/1604/929 930/1602/927
f 933/1605/930 934/1606/931 935/1607/932
f 935/1607/932 934/1606/931 936/1608/933
f 935/1607/932 936/1608/933 937/1609/934
f 937/1609/934 936/1608/933 938/1610/935
f 938/1610/935 936/1608/933 934/1606/931
f 934/1606/931 930/1602/927 939/1611/936
f 934/1606/931 939/1611/936 938/1610/935
f 939/1611/936 930/1602/927 931/1603/928
f 940/1612/937 931/1603/928 921/1593/918
f 931/1603/928 940/1612/937 939/1611/936
f 940/1612/937 921/1593/918 919/1588/916
f 940/1612/937 919/1588/916 920/1591/917
f 939/1611/936 940/1612/937 941/1613/938
f 941/1613/938 940/1612/937 920/1591/917
f 942/1614/939 938/1610/935 939/1611/936
f 939/1611/936 941/1613/938 943/1615/940
f 943/1615/940 941/1613/938 920/1591/917
f 939/1611/936 943/1615/940 942/1614/939
f 943/1615/940 920/1591/917 944/1616/941
f 943/1615/940 944/1616/941 942/1614/939
f 944/1616/941 920/1591/917 782/1592/781
f 938/1610/935 942/1614/939 945/1617/942
f 944/1616/941 782/1592/781 761/1618/761
f 761/1618/761 782/1592/781 764/1619/764
f 944/1616/941 761/1618/761 757/1620/757
f 944/1616/941 757/1620/757 942/1614/939
f 942/1614/939 757/1620/757 756/1621/756
f 942/1614/939 756/1621/756 891/1622/888
f 945/1617/942 942/1614/939 946/1623/943
f 946/1623/943 942/1614/939 891/1622/888
f 945/1617/942 946/1623/943 947/1624/944
f 946/1623/943 891/1622/888 890/1625/887
f 946/1623/943 890/1625/887 947/1624/944
f 947/1624/944 890/1625/887 948/1626/945
f 853/1627/852 855/1628/854 949/1629/946
f 949/1629/946 855/1628/854 950/1630/947
f 950/1630/947 855/1628/854 951/1631/948
f 853/1627/852 949/1629/946 952/1632/949
f 952/1632/949 949/1629/946 950/1630/947
f 853/1627/852 952/1632/949 854/1633/853
f 950/1630/947 951/1631/948 953/1634/950
f 950/1630/947 953/1634/950 952/1632/949
f 952/1632/949 953/1634/950 854/1633/853
f 953/1634/950 951/1631/948 954/1635/951
f 854/1633/853 953/1634/950 955/1636/952
f 955/1636/952 953/1634/950 956/1637/953
f 854/1633/853 955/1636/952 957/1638/954
f 854/1633/853 957/1638/954 849/1639/848
f 957/1638/954 955/1636/952 860/1640/859
f 849/1639/848 957/1638/954 848/1641/847
f 848/1641/847 957/1638/954 860/1640/859
f 848/1641/847 860/1640/859 859/1642/858
f 848/1641/847 859/1642/858 846/1643/845
f 892/1644/889 895/1645/892 855/1646/854
f 855/1646/854 895/1645/892 951/1647/948
f 894/1648/891 904/1649/901 895/1645/892
f 895/1645/892 904/1649/901 958/1650/955
f 895/1645/892 958/1650/955 951/1647/948
f 958/1650/955 904/1649/901 906/1651/903
f 951/1647/948 958/1650/955 959/1652/956
f 959/1652/956 958/1650/955 906/1651/903
f 951/1647/948 959/1652/956 954/1653/951
f 959/1652/956 906/1651/903 909/1654/906
f 954/1653/951 959/1652/956 960/1655/957
f 959/1652/956 909/1654/906 910/1656/907
f 960/1655/957 959/1652/956 961/1657/958
f 959/1652/956 910/1656/907 917/1658/914
f 959/1652/956 917/1658/914 961/1657/958
f 954/1659/951 956/1660/953 953/1661/950
f 956/1660/953 954/1659/951 962/1662/959
f 962/1662/959 954/1659/951 960/1663/957
f 956/1660/953 962/1662/959 963/1664/960
f 963/1664/960 962/1662/959 964/1665/961
f 956/1660/953 963/1664/960 955/1666/952
f 955/1666/952 963/1664/960 861/1667/860
f 955/1666/952 861/1667/860 860/1668/859
f 964/1669/961 960/1670/957 961/1671/958
f 960/1670/957 964/1669/961 962/1672/959
f 964/1669/961 961/1671/958 965/1673/962
f 964/1669/961 965/1673/962 966/1674/963
f 917/1675/914 967/1676/964 961/1671/958
f 961/1671/958 967/1676/964 968/1677/965
f 961/1671/958 968/1677/965 965/1673/962
f 968/1677/965 967/1676/964 969/1678/966
f 968/1677/965 969/1678/966 970/1679/967
f 965/1673/962 968/1677/965 971/1680/968
f 965/1673/962 971/1680/968 966/1674/963
f 971/1680/968 968/1677/965 970/1679/967
f 966/1674/963 971/1680/968 972/1681/969
f 966/1674/963 972/1681/969 973/1682/970
f 971/1680/968 970/1679/967 974/1683/971
f 971/1680/968 974/1683/971 972/1681/969
f 972/1681/969 974/1683/971 970/1679/967
f 972/1681/969 970/1679/967 975/1684/972
f 975/1684/972 970/1679/967 976/1685/973
f 972/1681/969 975/1684/972 321/1686/320
f 321/1686/320 975/1684/972 977/1687/974
f 917/1688/914 978/1689/975 967/1690/964
f 967/1690/964 978/1689/975 969/1691/966
f 978/1689/975 917/1688/914 916/1692/913
f 976/1693/973 970/1694/967 969/1691/966
f 976/1693/973 969/1691/966 978/1689/975
f 978/1689/975 916/1692/913 979/1695/976
f 979/1695/976 916/1692/913 913/1696/910
f 979/1695/976 913/1696/910 914/1697/911
f 976/1693/973 978/1689/975 980/1698/977
f 976/1693/973 980/1698/977 977/1699/974
f 977/1699/974 980/1698/977 981/1700/978
f 981/1700/978 980/1698/977 982/1701/979
f 981/1700/978 982/1701/979 983/1702/980
f 981/1700/978 983/1702/980 973/1703/970
f 980/1698/977 978/1689/975 984/1704/981
f 984/1704/981 978/1689/975 979/1695/976
f 980/1698/977 984/1704/981 985/1705/982
f 985/1705/982 984/1704/981 986/1706/983
f 984/1704/981 979/1695/976 987/1707/984
f 984/1704/981 987/1707/984 986/1706/983
f 987/1707/984 979/1695/976 914/1697/911
f 986/1706/983 987/1707/984 988/1708/985
f 987/1707/984 914/1697/911 989/1709/986
f 988/1708/985 987/1707/984 990/1710/987
f 987/1707/984 989/1709/986 991/1711/988
f 987/1707/984 991/1711/988 990/1710/987
f 982/1712/979 980/1713/977 985/1714/982
f 982/1712/979 985/1714/982 992/1715/989
f 992/1715/989 985/1714/982 981/1716/978
f 982/1712/979 992/1715/989 983/1717/980
f 992/1715/989 981/1716/978 973/1718/970
f 972/1719/969 321/1720/320 973/1718/970
f 973/1718/970 321/1720/320 314/1721/314
f 973/1718/970 314/1721/314 992/1715/989
f 314/1721/314 321/1720/320 315/1722/315
f 992/1715/989 314/1721/314 372/1723/371
f 372/1723/371 314/1721/314 312/1724/312
f 993/1725/990 983/1717/980 992/1715/989
f 993/1725/990 992/1715/989 372/1723/371
f 983/1717/980 993/1725/990 994/1726/991
f 983/1717/980 994/1726/991 995/1727/992
f 993/1725/990 372/1723/371 996/1728/993
f 996/1728/993 372/1723/371 997/1729/994
f 996/1728/993 997/1729/994 998/1730/995
f 993/1725/990 996/1728/993 999/1731/996
f 993/1725/990 999/1731/996 994/1726/991
f 996/1728/993 998/1730/995 1000/1732/997
f 996/1728/993 1000/1732/997 999/1731/996
f 1000/1732/997 998/1730/995 1001/1733/998
f 1000/1732/997 1001/1733/998 1002/1734/999
f 1000/1732/997 1002/1734/999 999/1731/996
f 1003/1735/1000 995/1727/992 994/1726/991
f 995/1727/992 1003/1735/1000 870/1736/867
f 1004/1737/1001 994/1726/991 999/1731/996
f 994/1726/991 1004/1737/1001 1003/1735/1000
f 1004/1737/1001 999/1731/996 1005/1738/1002
f 1005/1738/1002 999/1731/996 1006/1739/1003
f 1005/1738/1002 1006/1739/1003 1007/1740/1004
f 1005/1738/1002 1007/1740/1004 1004/1737/1001
f 1004/1737/1001 1007/1740/1004 1008/1741/1005
f 1004/1737/1001 1008/1741/1005 1003/1735/1000
f 1008/1741/1005 1007/1740/1004 1009/1742/1006
f 1008/1741/1005 1009/1742/1006 1010/1743/1007
f 1008/1741/1005 1010/1743/1007 1011/1744/1008
f 1008/1741/1005 1011/1744/1008 1003/1735/1000
f 1011/1744/1008 1010/1743/1007 1012/1745/1009
f 1011/1744/1008 1012/1745/1009 1013/1746/1010
f 1003/1735/1000 1011/1744/1008 1014/1747/1011
f 1014/1747/1011 1011/1744/1008 1013/1746/1010
f 1003/1735/1000 1014/1747/1011 870/1736/867
f 1014/1747/1011 1013/1746/1010 1015/1748/1012
f 870/1736/867 1014/1747/1011 871/1749/868
f 871/1749/868 1014/1747/1011 1015/1748/1012
f 863/1750/862 861/1751/860 1016/1752/1013
f 863/1750/862 1016/1752/1013 864/1753/863
f 864/1753/863 1016/1752/1013 870/1754/867
f 1016/1752/1013 861/1751/860 963/1755/960
f 870/1754/867 1016/1752/1013 995/1756/992
f 995/1756/992 1016/1752/1013 963/1755/960
f 995/1756/992 963/1755/960 964/1757/961
f 995/1756/992 964/1757/961 966/1758/963
f 995/1756/992 966/1758/963 973/1759/970
f 995/1756/992 973/1759/970 983/1760/980
f 1006/1761/1003 999/1762/996 1002/1763/999
f 1006/1761/1003 1002/1763/999 1017/1764/1014
f 1017/1764/1014 1002/1763/999 1001/1765/998
f 1009/1766/1006 1007/1767/1004 1018/1768/1015
f 1018/1768/1015 1007/1767/1004 1006/1769/1003
f 1009/1766/1006 1018/1768/1015 1019/1770/1016
f 1019/1770/1016 1018/1768/1015 1020/1771/1017
f 1009/1766/1006 1019/1770/1016 1010/1772/1007
f 1019/1770/1016 1020/1771/1017 1021/1773/1018
f 1010/1772/1007 1019/1770/1016 1022/1774/1019
f 1019/1770/1016 1021/1773/1018 1023/1775/1020
f 1019/1770/1016 1023/1775/1020 1022/1774/1019
f 1010/1772/1007 1022/1774/1019 1012/1776/1009
f 1023/1775/1020 1021/1773/1018 1024/1777/1021
f 1012/1776/1009 1022/1774/1019 1025/1778/1022
f 1012/1776/1009 1025/1778/1022 1013/1779/1010
f 1022/1774/1019 1023/1775/1020 1026/1780/1023
f 1022/1774/1019 1026/1780/1023 1027/1781/1024
f 1022/1774/1019 1027/1781/1024 1025/1778/1022
f 1026/1780/1023 1023/1775/1020 1028/1782/1025
f 1028/1782/1025 1023/1775/1020 1024/1777/1021
f 1027/1781/1024 1026/1780/1023 1029/1783/1026
f 1029/1783/1026 1026/1780/1023 1028/1782/1025
f 1025/1778/1022 1027/1781/1024 1030/1784/1027
f 1027/1781/1024 1029/1783/1026 1031/1785/1028
f 1027/1781/1024 1031/1785/1028 1030/1784/1027
f 1029/1783/1026 1028/1782/1025 1032/1786/1029
f 1029/1783/1026 1032/1786/1029 1031/1785/1028
f 1032/1786/1029 1028/1782/1025 1033/1787/1030
f 1033/1787/1030 1028/1782/1025 1024/1777/1021
f 1033/1787/1030 1024/1777/1021 1032/1786/1029
f 1032/1786/1029 1024/1777/1021 1031/1785/1028
f 1034/1788/1031 1025/1778/1022 1030/1784/1027
f 1034/1788/1031 1030/1784/1027 1035/1789/1032
f 1035/1789/1032 1030/1784/1027 1036/1790/1033
f 1035/1789/1032 1036/1790/1033 1034/1788/1031
f 1036/1790/1033 1030/1784/1027 1031/1785/1028
f 1025/1778/1022 1034/1788/1031 1037/1791/1034
f 1025/1778/1022 1037/1791/1034 1013/1779/1010
f 1034/1788/1031 1036/1790/1033 1038/1792/1035
f 1034/1788/1031 1038/1792/1035 1037/1791/1034
f 1013/1779/1010 1037/1791/1034 1039/1793/1036
f 1039/1793/1036 1037/1791/1034 1040/1794/1037
f 1040/1794/1037 1037/1791/1034 1038/1792/1035
f 1013/1779/1010 1039/1793/1036 1041/1795/1038
f 1041/1795/1038 1039/1793/1036 1040/1794/1037
f 1013/1779/1010 1041/1795/1038 1015/1796/1012
f 1015/1796/1012 1041/1795/1038 871/1797/868
f 1041/1795/1038 1040/1794/1037 1042/1798/1039
f 1042/1798/1039 1040/1794/1037 1043/1799/1040
f 1042/1798/1039 1043/1799/1040 1044/1800/1041
f 1043/1799/1040 1040/1794/1037 1045/1801/1042
f 1043/1799/1040 1045/1801/1042 1044/1800/1041
f 1045/1801/1042 1040/1794/1037 1038/1792/1035
f 1044/1800/1041 1045/1801/1042 1046/1802/1043
f 1046/1802/1043 1045/1801/1042 1047/1803/1044
f 1046/1802/1043 1047/1803/1044 1048/1804/1045
f 1048/1804/1045 1047/1803/1044 1049/1805/1046
f 1049/1805/1046 1047/1803/1044 1050/1806/1047
f 1050/1806/1047 1047/1803/1044 1051/1807/1048
f 1045/1801/1042 1038/1792/1035 1052/1808/1049
f 1045/1801/1042 1052/1808/1049 1047/1803/1044
f 1052/1808/1049 1038/1792/1035 1053/1809/1050
f 1053/1809/1050 1038/1792/1035 1036/1790/1033
f 1053/1809/1050 1036/1790/1033 1054/1810/1051
f 1053/1809/1050 1054/1810/1051 1052/1808/1049
f 1054/1810/1051 1036/1790/1033 1031/1785/1028
f 1055/1811/1052 1051/1807/1048 1047/1803/1044
f 1055/1811/1052 1047/1803/1044 1052/1808/1049
f 1055/1811/1052 1052/1808/1049 1054/1810/1051
f 1055/1811/1052 1054/1810/1051 1031/1785/1028
f 1051/1807/1048 1055/1811/1052 1056/1812/1053
f 1056/1812/1053 1055/1811/1052 1057/1813/1054
f 1056/1812/1053 1057/1813/1054 1058/1814/1055
f 1058/1814/1055 1057/1813/1054 1059/1815/1056
f 1057/1813/1054 1055/1811/1052 1060/1816/1057
f 1055/1811/1052 1031/1785/1028 1061/1817/1058
f 1055/1811/1052 1061/1817/1058 1060/1816/1057
f 1061/1817/1058 1031/1785/1028 1062/1818/1059
f 1062/1818/1059 1031/1785/1028 1024/1777/1021
f 1060/1816/1057 1061/1817/1058 1063/1819/1060
f 1063/1819/1060 1061/1817/1058 1064/1820/1061
f 1064/1820/1061 1061/1817/1058 1062/1818/1059
f 1063/1819/1060 1064/1820/1061 1065/1821/1062
f 1063/1819/1060 1065/1821/1062 1060/1816/1057
f 1065/1821/1062 1064/1820/1061 1062/1818/1059
f 1066/1822/1063 1057/1813/1054 1060/1816/1057
f 1066/1822/1063 1060/1816/1057 1065/1821/1062
f 1066/1822/1063 1065/1821/1062 1062/1818/1059
f 1057/1813/1054 1066/1822/1063 1067/1823/1064
f 1068/1824/1065 1062/1818/1059 1024/1777/1021
f 1062/1818/1059 1068/1824/1065 1066/1822/1063
f 1066/1822/1063 1068/1824/1065 1067/1823/1064
f 1068/1824/1065 1024/1777/1021 1069/1825/1066
f 1067/1823/1064 1068/1824/1065 1070/1826/1067
f 576/1827/577 1071/1828/1068 584/1829/585
f 1071/1828/1068 576/1827/577 1072/1830/1069
f 1072/1830/1069 576/1827/577 408/1831/407
f 1072/1830/1069 408/1831/407 1073/1832/1070
f 1073/1832/1070 408/1831/407 407/1833/406
f 1072/1830/1069 1073/1832/1070 1074/1834/1071
f 1073/1832/1070 407/1833/406 1075/1835/1072
f 1073/1832/1070 1075/1835/1072 1074/1834/1071
f 1072/1836/1069 1076/1837/1073 1071/1838/1068
f 1076/1837/1073 1072/1836/1069 1077/1839/1074
f 1077/1839/1074 1072/1836/1069 1074/1840/1071
f 1077/1839/1074 1074/1840/1071 1078/1841/1075
f 1077/1839/1074 1078/1841/1075 1076/1837/1073
f 1076/1837/1073 1078/1841/1075 1079/1842/1076
f 1076/1837/1073 1079/1842/1076 1080/1843/1077
f 1071/1838/1068 1076/1837/1073 1081/1844/1078
f 1081/1844/1078 1076/1837/1073 1080/1843/1077
f 1081/1844/1078 1080/1843/1077 1082/1845/1079
f 1082/1845/1079 1080/1843/1077 1083/1846/1080
f 1082/1845/1079 1083/1846/1080 1084/1847/1081
f 1082/1845/1079 1084/1847/1081 1081/1844/1078
f 1084/1847/1081 1083/1846/1080 1085/1848/1082
f 1084/1847/1081 1085/1848/1082 1086/1849/1083
f 1086/1849/1083 1085/1848/1082 1087/1850/1084
f 1081/1844/1078 1084/1847/1081 1088/1851/1085
f 1088/1851/1085 1084/1847/1081 1086/1849/1083
f 1089/1852/1086 1071/1838/1068 1081/1844/1078
f 1089/1852/1086 1081/1844/1078 1088/1851/1085
f 1088/1851/1085 1086/1849/1083 1090/1853/1087
f 1086/1849/1083 1087/1850/1084 1091/1854/1088
f 1086/1849/1083 1091/1854/1088 1090/1853/1087
f 1091/1854/1088 1087/1850/1084 1092/1855/1089
f 1092/1855/1089 1087/1850/1084 1093/1856/1090
f 1092/1855/1089 1093/1856/1090 1094/1857/1091
f 1092/1855/1089 1094/1857/1091 1095/1858/1092
f 1095/1858/1092 1094/1857/1091 1096/1859/1093
f 1092/1855/1089 1095/1858/1092 1097/1860/1094
f 1097/1860/1094 1095/1858/1092 1096/1859/1093
f 1098/1861/1095 1099/1862/1096 1096/1859/1093
f 1096/1859/1093 1099/1862/1096 1100/1863/1097
f 1096/1859/1093 1100/1863/1097 1097/1860/1094
f 1097/1860/1094 1100/1863/1097 1101/1864/1098
f 1097/1860/1094 1101/1864/1098 1092/1855/1089
f 1092/1855/1089 1101/1864/1098 1102/1865/1099
f 1092/1855/1089 1102/1865/1099 1091/1854/1088
f 1102/1865/1099 1101/1864/1098 1103/1866/1100
f 1103/1866/1100 1101/1864/1098 1104/1867/1101
f 1102/1865/1099 1103/1866/1100 1105/1868/1102
f 1105/1868/1102 1103/1866/1100 1104/1867/1101
f 1105/1868/1102 1104/1867/1101 1106/1869/1103
f 1105/1868/1102 1106/1869/1103 1102/1865/1099
f 1106/1869/1103 1104/1867/1101 1107/1870/1104
f 1108/1871/1105 1091/1854/1088 1102/1865/1099
f 1108/1871/1105 1102/1865/1099 1106/1869/1103
f 1106/1869/1103 1107/1870/1104 1109/1872/1106
f 1091/1854/1088 1108/1871/1105 1090/1853/1087
f 1106/1869/1103 1109/1872/1106 1110/1873/1107
f 1106/1869/1103 1110/1873/1107 1108/1871/1105
f 1111/1874/1108 1112/1875/1109 1109/1872/1106
f 1109/1872/1106 1112/1875/1109 1110/1873/1107
f 1110/1873/1107 1112/1875/1109 1113/1876/1110
f 1110/1873/1107 1113/1876/1110 1114/1877/1111
f 1090/1853/1087 1108/1871/1105 1115/1878/1112
f 1108/1871/1105 1110/1873/1107 1116/1879/1113
f 1108/1871/1105 1116/1879/1113 1115/1878/1112
f 1110/1873/1107 1114/1877/1111 1117/1880/1114
f 1110/1873/1107 1117/1880/1114 1116/1879/1113
f 1115/1878/1112 1116/1879/1113 1118/1881/1115
f 1118/1881/1115 1116/1879/1113 1117/1880/1114
f 1090/1853/1087 1115/1878/1112 1119/1882/1116
f 1119/1882/1116 1115/1878/1112 1118/1881/1115
f 1090/1853/1087 1119/1882/1116 1120/1883/1117
f 1090/1853/1087 1120/1883/1117 1088/1851/1085
f 1119/1882/1116 1118/1881/1115 1121/1884/1118
f 1121/1884/1118 1118/1881/1115 1117/1880/1114
f 1119/1882/1116 1121/1884/1118 1120/1883/1117
f 1088/1851/1085 1120/1883/1117 1122/1885/1119
f 1122/1885/1119 1120/1883/1117 1121/1884/1118
f 1088/1851/1085 1122/1885/1119 1089/1852/1086
f 1121/1884/1118 1117/1880/1114 1123/1886/1120
f 1121/1884/1118 1123/1886/1120 1122/1885/1119
f 1124/1887/1121 1117/1880/1114 1114/1877/1111
f 1117/1880/1114 1124/1887/1121 1123/1886/1120
f 1124/1887/1121 1114/1877/1111 1125/1888/1122
f 1124/1887/1121 1125/1888/1122 1126/1889/1123
f 1124/1887/1121 1126/1889/1123 1127/1890/1124
f 1124/1887/1121 1127/1890/1124 1128/1891/1125
f 1123/1886/1120 1124/1887/1121 1129/1892/1126
f 1129/1892/1126 1124/1887/1121 1128/1891/1125
f 1130/1893/1127 1122/1885/1119 1123/1886/1120
f 1130/1893/1127 1123/1886/1120 1129/1892/1126
f 1122/1885/1119 1130/1893/1127 1089/1852/1086
f 1089/1852/1086 1130/1893/1127 1131/1894/1128
f 1131/1894/1128 1130/1893/1127 1132/1895/1129
f 1131/1894/1128 1132/1895/1129 1089/1852/1086
f 1132/1895/1129 1130/1893/1127 1129/1892/1126
f 1089/1852/1086 1132/1895/1129 1133/1896/1130
f 1089/1852/1086 1133/1896/1130 1071/1838/1068
f 1071/1838/1068 1133/1896/1130 584/1897/585
f 584/1897/585 1133/1896/1130 587/1898/588
f 1133/1896/1130 1132/1895/1129 1134/1899/1131
f 1134/1899/1131 1132/1895/1129 1129/1892/1126
f 587/1898/588 1133/1896/1130 1135/1900/1132
f 1135/1900/1132 1133/1896/1130 1134/1899/1131
f 587/1898/588 1135/1900/1132 588/1901/589
f 588/1901/589 1135/1900/1132 589/1902/590
f 589/1902/590 1135/1900/1132 1134/1899/1131
f 1134/1899/1131 1129/1892/1126 580/1903/581
f 1134/1899/1131 580/1903/581 589/1902/590
f 589/1902/590 580/1903/581 582/1904/583
f 580/1903/581 1129/1892/1126 1128/1891/1125
f 580/1903/581 1128/1891/1125 1136/1905/1133
f 580/1903/581 1136/1905/1133 581/1906/582
f 1137/1907/1134 1078/1908/1075 1074/1909/1071
f 407/1910/406 410/1911/409 1138/1912/1135
f 407/1910/406 1138/1912/1135 1075/1913/1072
f 1137/1914/1134 1074/1915/1071 1075/1913/1072
f 1137/1914/1134 1075/1913/1072 1138/1912/1135
f 1137/1914/1134 1138/1912/1135 1139/1916/1136
f 1138/1912/1135 410/1911/409 1140/1917/1137
f 1140/1917/1137 410/1911/409 411/1918/410
f 1140/1917/1137 411/1918/410 322/1919/321
f 1140/1917/1137 322/1919/321 321/1920/320
f 1140/1917/1137 321/1920/320 977/1921/974
f 1140/1917/1137 977/1921/974 1138/1912/1135
f 1139/1916/1136 1138/1912/1135 986/1922/983
f 1139/1916/1136 986/1922/983 1141/1923/1138
f 1141/1923/1138 986/1922/983 988/1924/985
f 986/1922/983 1138/1912/1135 1142/1925/1139
f 1142/1925/1139 1138/1912/1135 977/1921/974
f 986/1922/983 1142/1925/1139 985/1926/982
f 1142/1925/1139 977/1921/974 981/1927/978
f 1142/1925/1139 981/1927/978 985/1926/982
f 1139/1928/1136 1141/1929/1138 1137/1930/1134
f 1137/1930/1134 1141/1929/1138 1143/1931/1140
f 1143/1931/1140 1141/1929/1138 1144/1932/1141
f 1144/1932/1141 1141/1929/1138 1145/1933/1142
f 1144/1932/1141 1145/1933/1142 1146/1934/1143
f 1146/1934/1143 1145/1933/1142 1147/1935/1144
f 1146/1934/1143 1147/1935/1144 1148/1936/1145
f 1143/1937/1140 1078/1938/1075 1137/1939/1134
f 1078/1938/1075 1143/1937/1140 1079/1940/1076
f 1079/1940/1076 1143/1937/1140 1144/1941/1141
f 575/1942/576 606/1943/607 405/1944/404
f 606/1943/607 575/1942/576 578/1945/579
f 405/1944/404 606/1943/607 412/1946/411
f 405/1944/404 412/1946/411 403/1947/402
f 412/1946/411 606/1943/607 363/1948/362
f 977/1949/974 975/1950/972 976/1951/973
f 1149/1952/1146 252/1953/252 250/1954/250
f 252/1953/252 1149/1952/1146 370/1955/369
f 370/1955/369 1149/1952/1146 997/1956/994
f 1149/1952/1146 250/1954/250 1150/1957/1147
f 1149/1952/1146 1150/1957/1147 998/1958/995
f 1150/1957/1147 250/1954/250 249/1959/249
f 998/1958/995 1150/1957/1147 1151/1960/1148
f 1151/1960/1148 1150/1957/1147 249/1959/249
f 998/1958/995 1151/1960/1148 1152/1961/1149
f 1152/1961/1149 1151/1960/1148 249/1959/249
f 998/1958/995 1152/1961/1149 1153/1962/1150
f 1152/1961/1149 249/1959/249 639/1963/640
f 1152/1961/1149 639/1963/640 642/1964/643
f 369/1965/368 368/1966/367 253/1967/253
f 369/1965/368 253/1967/253 252/1968/252
f 1154/1969/1151 245/1970/245 242/1971/242
f 1154/1969/1151 242/1971/242 266/1972/266
f 245/1970/245 1154/1969/1151 1153/1973/1150
f 1154/1969/1151 266/1972/266 1155/1974/1152
f 245/1970/245 1153/1973/1150 1156/1975/1153
f 245/1970/245 1156/1975/1153 247/1976/247
f 247/1976/247 1156/1975/1153 266/1977/266
f 1155/1974/1152 266/1972/266 1156/1978/1153
f 1155/1974/1152 1156/1978/1153 1152/1979/1149
f 1152/1979/1149 1156/1978/1153 1153/1980/1150
f 997/1981/994 372/1982/371 370/1983/369
f 998/1984/995 997/1985/994 1149/1986/1146
f 1001/1987/998 1153/1988/1150 1154/1989/1151
f 1153/1988/1150 1001/1987/998 998/1990/995
f 1001/1987/998 1154/1989/1151 1155/1991/1152
f 1001/1987/998 1155/1991/1152 1017/1992/1014
f 1152/1993/1149 642/1994/643 1155/1991/1152
f 1017/1992/1014 1155/1991/1152 1157/1995/1154
f 1157/1995/1154 1155/1991/1152 642/1994/643
f 1017/1992/1014 1157/1995/1154 1158/1996/1155
f 1017/1992/1014 1158/1996/1155 1006/1997/1003
f 1006/1997/1003 1158/1996/1155 1018/1998/1015
f 1157/1995/1154 642/1994/643 1159/1999/1156
f 1157/1995/1154 1159/1999/1156 1158/1996/1155
f 1159/1999/1156 642/1994/643 643/2000/644
f 1018/1998/1015 1158/1996/1155 1160/2001/1157
f 1158/1996/1155 1159/1999/1156 1161/2002/1158
f 1158/1996/1155 1161/2002/1158 1160/2001/1157
f 1159/1999/1156 643/2000/644 1162/2003/1159
f 1159/1999/1156 1162/2003/1159 1161/2002/1158
f 1160/2001/1157 1161/2002/1158 1163/2004/1160
f 1163/2004/1160 1161/2002/1158 1162/2003/1159
f 1162/2003/1159 643/2000/644 1164/2005/1161
f 1164/2005/1161 643/2000/644 644/2006/645
f 1164/2005/1161 644/2006/645 648/2007/649
f 1162/2003/1159 1164/2005/1161 1165/2008/1162
f 1162/2003/1159 1165/2008/1162 1163/2004/1160
f 1164/2005/1161 648/2007/649 1166/2009/1163
f 1164/2005/1161 1166/2009/1163 1165/2008/1162
f 1166/2009/1163 648/2007/649 1167/2010/1164
f 1165/2008/1162 1166/2009/1163 1168/2011/1165
f 1165/2008/1162 1168/2011/1165 1163/2004/1160
f 1166/2009/1163 1167/2010/1164 1169/2012/1166
f 1168/2011/1165 1166/2009/1163 1170/2013/1167
f 1168/2011/1165 1170/2013/1167 1163/2004/1160
f 1170/2013/1167 1166/2009/1163 1169/2012/1166
f 1163/2004/1160 1170/2013/1167 1171/2014/1168
f 1170/2013/1167 1169/2012/1166 1172/2015/1169
f 1170/2013/1167 1172/2015/1169 1171/2014/1168
f 1173/2016/1170 1169/2012/1166 1174/2017/1171
f 1169/2012/1166 1173/2016/1170 1172/2015/1169
f 1172/2015/1169 1173/2016/1170 1175/2018/1172
f 1175/2018/1172 1173/2016/1170 1176/2019/1173
f 1172/2015/1169 1175/2018/1172 1177/2020/1174
f 1172/2015/1169 1177/2020/1174 1178/2021/1175
f 1172/2015/1169 1178/2021/1175 1171/2014/1168
f 1177/2020/1174 1175/2018/1172 1179/2022/1176
f 1179/2022/1176 1175/2018/1172 1180/2023/1177
f 1180/2023/1177 1175/2018/1172 1181/2024/1178
f 1177/2020/1174 1179/2022/1176 1182/2025/1179
f 1177/2020/1174 1182/2025/1179 1178/2021/1175
f 1179/2022/1176 1180/2023/1177 1183/2026/1180
f 1179/2022/1176 1183/2026/1180 1182/2025/1179
f 1183/2026/1180 1180/2023/1177 1184/2027/1181
f 1183/2026/1180 1184/2027/1181 1185/2028/1182
f 1183/2026/1180 1185/2028/1182 1186/2029/1183
f 1183/2026/1180 1186/2029/1183 1187/2030/1184
f 1182/2025/1179 1183/2026/1180 1188/2031/1185
f 1188/2031/1185 1183/2026/1180 1187/2030/1184
f 1182/2025/1179 1188/2031/1185 1178/2021/1175
f 1188/2031/1185 1187/2030/1184 1189/2032/1186
f 1189/2032/1186 1187/2030/1184 1190/2033/1187
f 1188/2031/1185 1189/2032/1186 1191/2034/1188
f 1189/2032/1186 1190/2033/1187 1192/2035/1189
f 1192/2035/1189 1190/2033/1187 1193/2036/1190
f 1192/2035/1189 1193/2036/1190 1194/2037/1191
f 1194/2037/1191 1193/2036/1190 1190/2033/1187
f 1188/2031/1185 1191/2034/1188 1195/2038/1192
f 1188/2031/1185 1195/2038/1192 1178/2021/1175
f 1195/2038/1192 1191/2034/1188 1196/2039/1193
f 1195/2038/1192 1196/2039/1193 1197/2040/1194
f 1195/2038/1192 1197/2040/1194 1198/2041/1195
f 1198/2041/1195 1197/2040/1194 1199/2042/1196
f 1178/2021/1175 1195/2038/1192 1200/2043/1197
f 1200/2043/1197 1195/2038/1192 1198/2041/1195
f 1178/2021/1175 1200/2043/1197 1201/2044/1198
f 1178/2021/1175 1201/2044/1198 1171/2014/1168
f 1200/2043/1197 1198/2041/1195 1202/2045/1199
f 1200/2043/1197 1202/2045/1199 1201/2044/1198
f 1198/2041/1195 1199/2042/1196 1203/2046/1200
f 1203/2046/1200 1199/2042/1196 1204/2047/1201
f 1203/2046/1200 1204/2047/1201 1205/2048/1202
f 1203/2046/1200 1205/2048/1202 1206/2049/1203
f 1203/2046/1200 1206/2049/1203 1198/2041/1195
f 1198/2041/1195 1206/2049/1203 1202/2045/1199
f 1207/2050/1204 1208/2051/1205 1206/2049/1203
f 1206/2049/1203 1208/2051/1205 1209/2052/1206
f 1206/2049/1203 1209/2052/1206 1202/2045/1199
f 1209/2052/1206 1208/2051/1205 1210/2053/1207
f 1202/2045/1199 1209/2052/1206 1211/2054/1208
f 1211/2054/1208 1209/2052/1206 1210/2053/1207
f 1212/2055/1209 1201/2044/1198 1202/2045/1199
f 1212/2055/1209 1202/2045/1199 1211/2054/1208
f 1201/2044/1198 1212/2055/1209 1213/2056/1210
f 1201/2044/1198 1213/2056/1210 1171/2014/1168
f 1212/2055/1209 1211/2054/1208 1214/2057/1211
f 1212/2055/1209 1214/2057/1211 1213/2056/1210
f 1214/2057/1211 1211/2054/1208 1215/2058/1212
f 1216/2059/1213 1211/2054/1208 1210/2053/1207
f 1211/2054/1208 1216/2059/1213 1215/2058/1212
f 1215/2058/1212 1216/2059/1213 1214/2057/1211
f 1216/2059/1213 1210/2053/1207 1217/2060/1214
f 1214/2057/1211 1216/2059/1213 1218/2061/1215
f 1214/2057/1211 1218/2061/1215 1213/2056/1210
f 1218/2061/1215 1216/2059/1213 1219/2062/1216
f 1220/2063/1217 1171/2014/1168 1213/2056/1210
f 1220/2063/1217 1213/2056/1210 1218/2061/1215
f 1171/2014/1168 1220/2063/1217 1163/2004/1160
f 1163/2004/1160 1220/2063/1217 1160/2001/1157
f 1160/2001/1157 1220/2063/1217 1221/2064/1218
f 1221/2064/1218 1220/2063/1217 1222/2065/1219
f 1222/2065/1219 1220/2063/1217 1223/2066/1220
f 1223/2066/1220 1220/2063/1217 1224/2067/1221
f 1224/2067/1221 1220/2063/1217 1218/2061/1215
f 1224/2067/1221 1218/2061/1215 1225/2068/1222
f 444/2069/443 22/2070/22 1226/2071/1223
f 1226/2071/1223 22/2070/22 454/2072/453
f 444/2069/443 1226/2071/1223 447/2073/446
f 1226/2071/1223 454/2072/453 457/2074/456
f 447/2073/446 1226/2071/1223 452/2075/451
f 452/2075/451 1226/2071/1223 457/2074/456
f 452/2075/451 457/2074/456 461/2076/461
f 461/2076/461 457/2074/456 458/2077/458
f 30/2078/457 29/2079/29 54/2080/54
f 55/2081/55 510/2082/511 54/2083/54
f 54/2083/54 510/2082/511 458/2084/458
f 508/2085/509 461/2086/461 510/2087/511
f 510/2087/511 461/2086/461 1227/2088/1224
f 461/2086/461 508/2085/509 507/2089/508
f 461/2086/461 507/2089/508 462/2090/462
f 462/2090/462 507/2089/508 1228/2091/1225
f 462/2090/462 1228/2091/1225 1229/2092/1226
f 1229/2092/1226 1228/2091/1225 1230/2093/1227
f 462/2090/462 1229/2092/1226 1231/2094/1228
f 1231/2094/1228 1229/2092/1226 1230/2093/1227
f 462/2090/462 1231/2094/1228 463/2095/463
f 1231/2094/1228 1230/2093/1227 1232/2096/1229
f 1231/2094/1228 1232/2096/1229 463/2095/463
f 1232/2096/1229 1230/2093/1227 1233/2097/1230
f 114/2098/114 112/2099/112 463/2095/463
f 114/2098/114 463/2095/463 1232/2096/1229
f 114/2098/114 1232/2096/1229 123/2100/123
f 114/2098/114 123/2100/123 115/2101/115
f 123/2100/123 1232/2096/1229 124/2102/124
f 1232/2096/1229 1233/2097/1230 1234/2103/1231
f 1232/2096/1229 1234/2103/1231 124/2102/124
f 1234/2103/1231 1233/2097/1230 132/2104/132
f 124/2102/124 1234/2103/1231 126/2105/126
f 126/2105/126 1234/2103/1231 132/2104/132
f 461/2106/1232 1227/2107/1224 458/2108/1233
f 1228/2109/1225 507/2110/508 1235/2111/1234
f 1235/2111/1234 507/2110/508 503/2112/504
f 1235/2111/1234 503/2112/504 1236/2113/1235
f 1235/2111/1234 1236/2113/1235 1237/2114/1236
f 1235/2111/1234 1237/2114/1236 1228/2109/1225
f 1228/2109/1225 1237/2114/1236 1238/2115/1237
f 1228/2109/1225 1238/2115/1237 1230/2116/1227
f 1238/2115/1237 1237/2114/1236 1239/2117/1238
f 1238/2115/1237 1239/2117/1238 1240/2118/1239
f 1238/2115/1237 1240/2118/1239 1241/2119/1240
f 1238/2115/1237 1241/2119/1240 1242/2120/1241
f 1230/2116/1227 1238/2115/1237 1233/2121/1230
f 1238/2115/1237 1242/2120/1241 1243/2122/1242
f 1238/2115/1237 1243/2122/1242 1233/2121/1230
f 1233/2121/1230 1243/2122/1242 132/2123/132
f 500/2124/501 1236/2125/1235 503/2126/504
f 1236/2125/1235 500/2124/501 1244/2127/1243
f 537/2128/538 163/2129/163 164/2130/164
f 537/2128/538 164/2130/164 1245/2131/1244
f 537/2128/538 1245/2131/1244 538/2132/539
f 1245/2131/1244 164/2130/164 472/2133/473
f 553/2134/554 500/2135/501 499/2136/500
f 500/2135/501 553/2134/554 1246/2137/1245
f 500/2135/501 1246/2137/1245 1244/2138/1243
f 1247/2139/1246 496/2140/497 495/2141/496
f 1247/2139/1246 495/2141/496 492/2142/493
f 1247/2139/1246 492/2142/493 548/2143/549
f 1247/2139/1246 548/2143/549 551/2144/552
f 1247/2139/1246 551/2144/552 554/2145/555
f 1247/2139/1246 554/2145/555 496/2140/497
f 496/2140/497 554/2145/555 499/2146/500
f 131/2147/131 1248/2148/1247 154/2149/154
f 1248/2148/1247 131/2147/131 132/2150/132
f 1248/2148/1247 132/2150/132 1243/2151/1242
f 1248/2148/1247 1243/2151/1242 1249/2152/1248
f 518/2153/519 154/2154/154 531/2155/532
f 531/2155/532 154/2154/154 1248/2156/1247
f 531/2155/532 1248/2156/1247 530/2157/531
f 1237/2158/1236 1236/2159/1235 1250/2160/1249
f 1237/2158/1236 1250/2160/1249 1239/2161/1238
f 527/2162/528 470/2163/471 484/2164/485
f 470/2163/471 527/2162/528 471/2165/472
f 1248/2166/1247 1249/2167/1248 530/2168/531
f 530/2168/531 1249/2167/1248 532/2169/533
f 532/2169/533 1249/2167/1248 1251/2170/1250
f 532/2169/533 1251/2170/1250 533/2171/534
f 1243/2172/1242 1242/2173/1241 1251/2174/1250
f 1251/2175/1250 1242/2176/1241 1241/2177/1240
f 1249/2178/1248 1243/2179/1242 1251/2180/1250
f 537/2181/538 162/2182/162 163/2183/163
f 162/2182/162 537/2181/538 513/2184/514
f 1246/2185/1245 555/2186/556 1244/2187/1243
f 1244/2187/1243 555/2186/556 1250/2188/1249
f 555/2186/556 1246/2185/1245 553/2189/554
f 1250/2190/1249 1236/2191/1235 1244/2192/1243
f 1252/2193/1251 1240/2194/1239 1239/2195/1238
f 1252/2193/1251 1239/2195/1238 1250/2196/1249
f 1240/2194/1239 1252/2193/1251 1253/2197/1252
f 1240/2194/1239 1253/2197/1252 1241/2198/1240
f 1241/2199/1240 1253/2200/1252 534/2201/535
f 1241/2199/1240 534/2201/535 533/2202/534
f 1241/2199/1240 533/2202/534 1251/2203/1250
f 524/2204/525 539/2205/540 491/2206/492
f 539/2205/540 524/2204/525 523/2207/524
f 547/2208/548 492/2209/493 491/2210/492
f 553/2211/554 499/2212/500 554/2213/555
f 539/2214/540 547/2215/548 491/2216/492
f 1245/2217/1244 472/2218/473 574/2219/575
f 1245/2217/1244 574/2219/575 538/2220/539
f 1250/2221/1249 555/2222/556 565/2223/566
f 565/2223/566 555/2222/556 556/2224/557
f 1250/2221/1249 565/2223/566 1252/2225/1251
f 1252/2225/1251 565/2223/566 566/2226/567
f 1252/2225/1251 566/2226/567 1253/2227/1252
f 1253/2227/1252 566/2226/567 534/2228/535
f 534/2228/535 566/2226/567 398/2229/397
f 548/2230/549 492/2231/493 547/2232/548
f 354/2233/353 546/2234/547 544/2235/545
f 546/2234/547 354/2233/353 356/2236/355
f 546/2234/547 356/2236/355 549/2237/550
f 549/2237/550 356/2236/355 1254/2238/1253
f 549/2237/550 1254/2238/1253 558/2239/559
f 354/2233/353 544/2235/545 1255/2240/1254
f 354/2233/353 1255/2240/1254 353/2241/352
f 353/2241/352 1255/2240/1254 415/2242/414
f 415/2242/414 1255/2240/1254 544/2235/545
f 415/2242/414 544/2235/545 569/2243/570
f 1256/2244/1255 562/2245/563 561/2246/562
f 1257/2247/1256 564/2248/565 562/2245/563
f 1257/2247/1256 562/2245/563 1256/2244/1255
f 572/2249/573 573/2250/574 1257/2247/1256
f 572/2249/573 1257/2247/1256 422/2251/421
f 572/2249/573 422/2251/421 420/2252/419
f 422/2251/421 1257/2247/1256 1256/2244/1255
f 422/2251/421 1256/2244/1255 423/2253/422
f 423/2253/422 1256/2244/1255 1258/2254/1257
f 1258/2254/1257 1256/2244/1255 1259/2255/1258
f 1259/2255/1258 1256/2244/1255 561/2246/562
f 1259/2255/1258 561/2246/562 1260/2256/1259
f 1260/2256/1259 561/2246/562 559/2257/560
f 1260/2256/1259 559/2257/560 558/2258/559
f 1260/2256/1259 558/2258/559 1254/2259/1253
f 567/2260/568 564/2261/565 1258/2262/1257
f 1258/2262/1257 564/2261/565 1257/2263/1256
f 1258/2262/1257 1257/2263/1256 423/2264/422
f 423/2264/422 1257/2263/1256 573/2265/574
f 567/2260/568 1258/2262/1257 631/2266/632
f 567/2260/568 631/2266/632 568/2267/569
f 631/2266/632 1258/2262/1257 1261/2268/1260
f 578/2269/579 579/2270/580 1262/2271/1261
f 578/2269/579 1262/2271/1261 1263/2272/1262
f 578/2269/579 1263/2272/1262 607/2273/608
f 607/2273/608 1263/2272/1262 1264/2274/1263
f 1264/2274/1263 1263/2272/1262 1265/2275/1264
f 1263/2272/1262 1262/2271/1261 1266/2276/1265
f 1262/2271/1261 579/2270/580 1267/2277/1266
f 1262/2271/1261 1267/2277/1266 1266/2276/1265
f 1266/2276/1265 1267/2277/1266 1268/2278/1267
f 1267/2277/1266 579/2270/580 581/2279/582
f 1267/2277/1266 581/2279/582 1269/2280/1268
f 1267/2277/1266 1269/2280/1268 1270/2281/1269
f 1269/2280/1268 581/2279/582 1136/2282/1133
f 415/2283/414 352/2284/351 353/2285/352
f 348/2286/347 1271/2287/1270 355/2288/354
f 1271/2287/1270 348/2286/347 598/2289/599
f 355/2288/354 1271/2287/1270 1272/2290/1271
f 355/2288/354 1272/2290/1271 356/2291/355
f 356/2291/355 1272/2290/1271 1254/2292/1253
f 1254/2292/1253 1272/2290/1271 1273/2293/1272
f 1273/2293/1272 1272/2290/1271 1274/2294/1273
f 1274/2294/1273 1272/2290/1271 1271/2287/1270
f 1273/2293/1272 1274/2294/1273 1275/2295/1274
f 1271/2287/1270 598/2289/599 1276/2296/1275
f 1271/2287/1270 1276/2296/1275 1274/2294/1273
f 1275/2295/1274 1274/2294/1273 1277/2297/1276
f 1276/2296/1275 598/2289/599 610/2298/611
f 1277/2297/1276 1274/2294/1273 1278/2299/1277
f 1277/2297/1276 1278/2299/1277 613/2300/614
f 1278/2299/1277 1274/2294/1273 609/2301/610
f 1278/2299/1277 609/2301/610 613/2300/614
f 609/2301/610 1274/2294/1273 1276/2296/1275
f 613/2300/614 609/2301/610 1264/2302/1263
f 1264/2302/1263 609/2301/610 607/2303/608
f 609/2301/610 1276/2296/1275 1263/2304/1278
f 1279/2305/1279 1276/2296/1275 610/2298/611
f 1266/2306/1280 1263/2304/1278 1279/2305/1279
f 1263/2304/1278 1276/2296/1275 1280/2307/1281
f 1263/2304/1278 1280/2307/1281 1279/2305/1279
f 1279/2305/1279 1280/2307/1281 1276/2296/1275
f 1281/2308/1282 1279/2309/1279 610/2310/611
f 1281/2308/1282 610/2310/611 1263/2311/1278
f 1263/2311/1278 610/2310/611 609/2312/610
f 1282/2313/1283 1283/2314/1284 1284/2315/1285
f 1282/2313/1283 1284/2315/1285 1277/2316/1276
f 1282/2313/1283 1277/2316/1276 613/2317/614
f 1282/2313/1283 613/2317/614 430/2318/429
f 1282/2313/1283 430/2318/429 431/2319/430
f 1282/2313/1283 431/2319/430 1283/2314/1284
f 1283/2314/1284 431/2319/430 1285/2320/1286
f 1284/2315/1285 1283/2314/1284 1286/2321/1287
f 1286/2321/1287 1283/2314/1284 1285/2320/1286
f 1284/2315/1285 1286/2321/1287 1287/2322/1288
f 1286/2321/1287 1285/2320/1286 1288/2323/1289
f 1286/2321/1287 1288/2323/1289 656/2324/657
f 1287/2322/1288 1286/2321/1287 1261/2325/1260
f 1286/2321/1287 656/2324/657 629/2326/630
f 1286/2321/1287 629/2326/630 1261/2325/1260
f 1261/2325/1260 629/2326/630 631/2327/632
f 1277/2328/1276 1284/2329/1285 1275/2330/1274
f 1275/2330/1274 1284/2329/1285 1289/2331/1290
f 1275/2330/1274 1289/2331/1290 1287/2332/1288
f 1275/2330/1274 1287/2332/1288 1273/2333/1272
f 1273/2333/1272 1287/2332/1288 1259/2334/1258
f 1273/2333/1272 1259/2334/1258 1254/2335/1253
f 1254/2335/1253 1259/2334/1258 1260/2336/1259
f 1259/2334/1258 1287/2332/1288 1261/2337/1260
f 1259/2334/1258 1261/2337/1260 1258/2338/1257
f 1289/2339/1291 1287/2340/1292 1284/2341/1285
f 1264/2342/1263 612/2343/613 613/2344/614
f 612/2343/613 1264/2342/1263 1290/2345/1293
f 612/2343/613 1290/2345/1293 616/2346/617
f 616/2346/617 1290/2345/1293 1291/2347/1294
f 1291/2347/1294 1290/2345/1293 1292/2348/1295
f 1292/2348/1295 1290/2345/1293 1293/2349/1296
f 1291/2347/1294 1292/2348/1295 617/2350/618
f 617/2350/618 1292/2348/1295 1294/2351/1297
f 617/2350/618 1294/2351/1297 1295/2352/1298
f 617/2350/618 1295/2352/1298 1296/2353/1299
f 1296/2353/1299 1295/2352/1298 1184/2354/1181
f 617/2350/618 1296/2353/1299 614/2355/615
f 1297/2356/1300 615/2357/616 614/2358/615
f 1297/2356/1300 614/2358/615 1298/2359/1301
f 1298/2359/1301 614/2358/615 1296/2360/1299
f 615/2357/616 1297/2356/1300 1299/2361/1302
f 1299/2361/1302 1297/2356/1300 1298/2359/1301
f 1299/2361/1302 1298/2359/1301 1300/2362/1303
f 1299/2361/1302 1300/2362/1303 652/2363/653
f 615/2357/616 1299/2361/1302 1301/2364/1304
f 1299/2361/1302 652/2363/653 655/2365/656
f 1299/2361/1302 655/2365/656 1301/2364/1304
f 1301/2364/1304 655/2365/656 1288/2366/1289
f 1288/2366/1289 655/2365/656 656/2367/657
f 1301/2364/1304 1288/2366/1289 1302/2368/1305
f 1302/2368/1305 1288/2366/1289 1285/2369/1286
f 1302/2368/1305 1285/2369/1286 431/2370/430
f 431/2371/430 1303/2372/1306 1302/2373/1305
f 1302/2373/1305 1303/2372/1306 1291/2374/1294
f 1291/2374/1294 1303/2372/1306 616/2375/617
f 616/2375/617 1303/2372/1306 431/2371/430
f 616/2375/617 431/2371/430 1301/2376/1304
f 1301/2376/1304 431/2371/430 615/2377/616
f 616/2375/617 1301/2376/1304 1302/2378/1305
f 616/2375/617 1302/2378/1305 617/2379/618
f 617/2379/618 1302/2378/1305 1291/2380/1294
f 427/2381/426 439/2382/438 650/2383/651
f 427/2381/426 650/2383/651 645/2384/646
f 645/2384/646 650/2383/651 1304/2385/1307
f 1304/2385/1307 650/2383/651 1300/2386/1303
f 645/2384/646 1304/2385/1307 1167/2387/1164
f 645/2384/646 1167/2387/1164 648/2388/649
f 1167/2387/1164 1304/2385/1307 1169/2389/1166
f 1304/2385/1307 1300/2386/1303 1305/2390/1308
f 1304/2385/1307 1305/2390/1308 1169/2389/1166
f 1305/2390/1308 1300/2386/1303 1298/2391/1301
f 1169/2389/1166 1305/2390/1308 1174/2392/1171
f 1305/2390/1308 1298/2391/1301 1306/2393/1309
f 1305/2390/1308 1306/2393/1309 1174/2392/1171
f 1306/2393/1309 1298/2391/1301 1296/2394/1299
f 1174/2392/1171 1306/2393/1309 1181/2395/1178
f 1306/2393/1309 1296/2394/1299 1184/2396/1181
f 1181/2395/1178 1306/2393/1309 1180/2397/1177
f 1180/2397/1177 1306/2393/1309 1184/2396/1181
f 1300/2398/1303 1307/2399/1310 652/2400/653
f 1307/2399/1310 1300/2398/1303 653/2401/654
f 653/2401/654 1300/2398/1303 650/2402/651
f 652/2400/653 1307/2399/1310 1308/2403/1311
f 652/2400/653 1308/2403/1311 653/2404/654
f 1308/2403/1311 1307/2399/1310 1309/2405/1312
f 1309/2405/1312 1307/2399/1310 1310/2406/1313
f 1309/2405/1312 1310/2406/1313 1308/2403/1311
f 653/2407/654 1308/2408/1311 1311/2409/1314
f 1311/2409/1314 1308/2408/1311 1310/2410/1313
f 653/2411/654 1312/2412/1315 1307/2413/1310
f 1307/2413/1310 1312/2412/1315 1313/2414/1316
f 1312/2412/1315 653/2411/654 1314/2415/1317
f 1314/2415/1317 653/2411/654 1311/2416/1314
f 1314/2415/1317 1311/2416/1314 1176/2417/1173
f 1314/2415/1317 1176/2417/1173 1173/2418/1170
f 1314/2415/1317 1173/2418/1170 1174/2419/1171
f 1314/2415/1317 1174/2419/1171 1181/2420/1178
f 1314/2415/1317 1181/2420/1178 1312/2412/1315
f 1312/2412/1315 1181/2420/1178 1313/2414/1316
f 1313/2414/1316 1181/2420/1178 1175/2421/1172
f 1310/2422/1313 1307/2413/1310 1313/2414/1316
f 1313/2414/1316 1175/2421/1172 1176/2423/1173
f 1310/2422/1313 1313/2414/1316 1315/2424/1318
f 1315/2424/1318 1313/2414/1316 1176/2423/1173
f 1310/2422/1313 1315/2424/1318 1311/2425/1314
f 1311/2425/1314 1315/2424/1318 1176/2423/1173
f 1316/2426/1319 1317/2427/1119 1318/2428/1320
f 1317/2427/1119 1316/2426/1319 1319/2429/1321
f 1317/2427/1119 1319/2429/1321 1320/2430/1322
f 1316/2426/1319 1318/2428/1320 1321/2431/56
f 1317/2427/1119 1320/2430/1322 1322/2432/1323
f 1317/2427/1119 1322/2432/1323 1318/2428/1320
f 1322/2432/1323 1320/2430/1322 1323/2433/1324
f 1322/2432/1323 1323/2433/1324 1324/2434/1325
f 1322/2432/1323 1324/2434/1325 1325/2435/1326
f 1325/2435/1326 1324/2434/1325 1194/2436/1191
f 1322/2432/1323 1325/2435/1326 1318/2428/1320
f 1326/2437/1327 1321/2431/56 1318/2428/1320
f 1321/2431/56 1326/2437/1327 1327/2438/923
f 1318/2428/1320 1325/2435/1326 1328/2439/1328
f 1326/2437/1327 1318/2428/1320 1329/2440/1329
f 1329/2440/1329 1318/2428/1320 1328/2439/1328
f 1326/2437/1327 1329/2440/1329 1330/2441/1330
f 1329/2440/1329 1328/2439/1328 1267/2442/1266
f 1329/2440/1329 1267/2442/1266 1330/2441/1330
f 1267/2442/1266 1328/2439/1328 1325/2435/1326
f 1330/2441/1330 1267/2442/1266 1270/2443/1269
f 1267/2442/1266 1325/2435/1326 1268/2444/1267
f 1268/2444/1267 1325/2435/1326 1331/2445/1331
f 1268/2444/1267 1331/2445/1331 1332/2446/1332
f 1332/2446/1332 1331/2445/1331 1333/2447/1333
f 1268/2444/1267 1332/2446/1332 1334/2448/1334
f 1268/2444/1267 1334/2448/1334 1333/2447/1333
f 1333/2447/1333 1334/2448/1334 1332/2446/1332
f 1319/2449/1321 1316/2450/1319 1335/2451/1335
f 1319/2449/1321 1335/2451/1335 1336/2452/1336
f 1319/2449/1321 1336/2452/1336 1320/2453/1322
f 1335/2451/1335 1316/2450/1319 1337/2454/1337
f 1335/2451/1335 1337/2454/1337 1336/2452/1336
f 1320/2453/1322 1336/2452/1336 1338/2455/1338
f 1337/2454/1337 1316/2450/1319 1339/2456/1339
f 1339/2456/1339 1316/2450/1319 1321/2457/56
f 1336/2452/1336 1337/2454/1337 1340/2458/1340
f 1336/2452/1336 1340/2458/1340 1338/2455/1338
f 1341/2459/1341 1321/2457/56 1327/2460/923
f 1321/2457/56 1341/2459/1341 1342/2461/1342
f 1321/2457/56 1342/2461/1342 1339/2456/1339
f 1337/2454/1337 1339/2456/1339 1343/2462/1343
f 1343/2462/1343 1339/2456/1339 1342/2461/1342
f 1337/2454/1337 1343/2462/1343 1340/2458/1340
f 1343/2462/1343 1342/2461/1342 1344/2463/1344
f 1343/2462/1343 1344/2463/1344 1345/2464/1345
f 1340/2458/1340 1343/2462/1343 1346/2465/1346
f 1340/2458/1340 1346/2465/1346 1347/2466/1347
f 1340/2458/1340 1347/2466/1347 1338/2455/1338
f 1347/2466/1347 1346/2465/1346 1348/2467/1348
f 1348/2467/1348 1346/2465/1346 1349/2468/1349
f 1338/2455/1338 1347/2466/1347 1350/2469/1350
f 1350/2469/1350 1347/2466/1347 1351/2470/1351
f 1351/2470/1351 1347/2466/1347 1348/2467/1348
f 1338/2455/1338 1350/2469/1350 1352/2471/1352
f 1352/2471/1352 1350/2469/1350 1351/2470/1351
f 1338/2455/1338 1352/2471/1352 1323/2472/1324
f 1338/2455/1338 1323/2472/1324 1320/2453/1322
f 1353/2473/1353 1323/2472/1324 1354/2474/1354
f 1354/2474/1354 1323/2472/1324 1355/2475/1355
f 1355/2475/1355 1323/2472/1324 1356/2476/1356
f 1356/2476/1356 1323/2472/1324 1352/2471/1352
f 1356/2476/1356 1352/2471/1352 1357/2477/1357
f 1357/2477/1357 1352/2471/1352 1351/2470/1351
f 1356/2476/1356 1357/2477/1357 1358/2478/1358
f 1356/2476/1356 1358/2478/1358 1359/2479/1359
f 1358/2478/1358 1357/2477/1357 1360/2480/1360
f 1358/2478/1358 1360/2480/1360 1361/2481/1361
f 1360/2480/1360 1357/2477/1357 1362/2482/1362
f 1362/2482/1362 1357/2477/1357 1351/2470/1351
f 1362/2482/1362 1351/2470/1351 1363/2483/1363
f 1363/2483/1363 1351/2470/1351 1364/2484/1364
f 1364/2484/1364 1351/2470/1351 1348/2467/1348
f 1362/2482/1362 1363/2483/1363 1365/2485/1365
f 1362/2482/1362 1365/2485/1365 1366/2486/1366
f 1366/2486/1366 1365/2485/1365 1367/2487/1367
f 1366/2486/1366 1367/2487/1367 1368/2488/1368
f 1367/2487/1367 1365/2485/1365 1369/2489/1369
f 1369/2489/1369 1365/2485/1365 1370/2490/1370
f 1370/2490/1370 1365/2485/1365 1363/2483/1363
f 1370/2490/1370 1363/2483/1363 1371/2491/1371
f 1371/2491/1371 1363/2483/1363 1364/2484/1364
f 1370/2490/1370 1371/2491/1371 1372/2492/1372
f 1371/2491/1371 1364/2484/1364 1373/2493/1373
f 1371/2491/1371 1373/2493/1373 1372/2492/1372
f 1373/2493/1373 1364/2484/1364 1348/2467/1348
f 1372/2492/1372 1373/2493/1373 1374/2494/1374
f 1373/2493/1373 1348/2467/1348 1375/2495/1375
f 1373/2493/1373 1375/2495/1375 1376/2496/1376
f 1375/2495/1375 1348/2467/1348 1349/2468/1349
f 1375/2495/1375 1349/2468/1349 1377/2497/1377
f 1376/2496/1376 1375/2495/1375 1378/2498/1378
f 1378/2498/1378 1375/2495/1375 1379/2499/1379
f 1380/2500/1380 1381/2501/1381 1376/2502/1376
f 1381/2501/1381 1380/2500/1380 1382/2503/1382
f 1376/2502/1376 1381/2501/1381 1373/2504/1373
f 1381/2501/1381 1382/2503/1382 1383/2505/1383
f 1373/2504/1373 1381/2501/1381 1384/2506/1384
f 1384/2506/1384 1381/2501/1381 1383/2505/1383
f 1373/2504/1373 1384/2506/1384 1374/2507/1374
f 1384/2506/1384 1383/2505/1383 1385/2508/1385
f 1385/2508/1385 1383/2505/1383 1386/2509/1386
f 1374/2507/1374 1384/2506/1384 1387/2510/1387
f 1374/2507/1374 1387/2510/1387 1388/2511/1388
f 1388/2511/1388 1387/2510/1387 1389/2512/1389
f 1388/2511/1388 1389/2512/1389 1390/2513/1390
f 1389/2512/1389 1387/2510/1387 1391/2514/1391
f 1391/2514/1391 1387/2510/1387 1384/2506/1384
f 1391/2514/1391 1384/2506/1384 1392/2515/1392
f 1393/2516/1393 1384/2506/1384 1385/2508/1385
f 1384/2506/1384 1393/2516/1393 1392/2515/1392
f 1392/2515/1392 1393/2516/1393 1385/2508/1385
f 1391/2514/1391 1392/2515/1392 1394/2517/1394
f 1394/2517/1394 1392/2515/1392 1395/2518/1395
f 1392/2515/1392 1385/2508/1385 1396/2519/1396
f 1392/2515/1392 1396/2519/1396 1395/2518/1395
f 1394/2517/1394 1395/2518/1395 1397/2520/1397
f 1397/2520/1397 1395/2518/1395 1396/2519/1396
f 1394/2517/1394 1397/2520/1397 1398/2521/1398
f 1394/2517/1394 1398/2521/1398 1399/2522/1399
f 1397/2520/1397 1396/2519/1396 1400/2523/1400
f 1400/2523/1400 1396/2519/1396 1385/2508/1385
f 1397/2520/1397 1400/2523/1400 1398/2521/1398
f 1400/2523/1400 1385/2508/1385 1401/2524/1401
f 1401/2524/1401 1385/2508/1385 1386/2509/1386
f 1401/2524/1401 1386/2509/1386 1402/2525/1402
f 1399/2522/1399 1398/2521/1398 1403/2526/1403
f 1403/2526/1403 1398/2521/1398 1400/2523/1400
f 1399/2522/1399 1403/2526/1403 1404/2527/1404
f 1399/2522/1399 1404/2527/1404 1405/2528/1405
f 1405/2528/1405 1404/2527/1404 1406/2529/1406
f 1404/2527/1404 1403/2526/1403 1407/2530/1407
f 1403/2526/1403 1400/2523/1400 1408/2531/1408
f 1403/2526/1403 1408/2531/1408 1407/2530/1407
f 1408/2531/1408 1400/2523/1400 1401/2524/1401
f 1407/2530/1407 1408/2531/1408 1409/2532/1409
f 1409/2532/1409 1408/2531/1408 1410/2533/1410
f 1410/2533/1410 1408/2531/1408 1401/2524/1401
f 1409/2532/1409 1410/2533/1410 1411/2534/1411
f 1411/2534/1411 1410/2533/1410 1412/2535/1412
f 1412/2535/1412 1410/2533/1410 1413/2536/1413
f 1412/2535/1412 1413/2536/1413 1414/2537/1414
f 1414/2537/1414 1413/2536/1413 1415/2538/1415
f 1415/2538/1415 1413/2536/1413 1410/2533/1410
f 1414/2537/1414 1415/2538/1415 1380/2539/1380
f 1380/2539/1380 1415/2538/1415 1382/2540/1382
f 1415/2538/1415 1410/2533/1410 1416/2541/1416
f 1415/2538/1415 1416/2541/1416 1382/2540/1382
f 1416/2541/1416 1410/2533/1410 1401/2524/1401
f 1382/2540/1382 1416/2541/1416 1417/2542/1417
f 1382/2540/1382 1417/2542/1417 1383/2543/1383
f 1416/2541/1416 1401/2524/1401 1418/2544/1418
f 1416/2541/1416 1418/2544/1418 1417/2542/1417
f 1417/2542/1417 1418/2544/1418 1383/2543/1383
f 1418/2544/1418 1401/2524/1401 1402/2525/1402
f 1418/2544/1418 1402/2525/1402 1383/2543/1383
f 1380/2545/1380 1419/2546/1419 1414/2547/1414
f 1419/2546/1419 1380/2545/1380 1376/2548/1376
f 1412/2549/1412 1414/2547/1414 1409/2550/1409
f 1409/2550/1409 1414/2547/1414 1407/2551/1407
f 1407/2551/1407 1414/2547/1414 1419/2546/1419
f 1407/2551/1407 1419/2546/1419 1420/2552/1420
f 1407/2551/1407 1420/2552/1420 1404/2553/1404
f 1419/2546/1419 1376/2548/1376 1421/2554/1421
f 1421/2554/1421 1376/2548/1376 1378/2555/1378
f 1421/2554/1421 1378/2555/1378 1422/2556/1422
f 1420/2552/1420 1419/2546/1419 1423/2557/1423
f 1420/2552/1420 1423/2557/1423 1404/2553/1404
f 1423/2557/1423 1419/2546/1419 1421/2554/1421
f 1404/2553/1404 1423/2557/1423 1424/2558/1424
f 1421/2554/1421 1422/2556/1422 1425/2559/1425
f 1421/2554/1421 1425/2559/1425 1423/2557/1423
f 1423/2557/1423 1425/2559/1425 1424/2558/1424
f 1425/2559/1425 1422/2556/1422 1426/2560/1426
f 1425/2559/1425 1426/2560/1426 1427/2561/1427
f 1404/2553/1404 1424/2558/1424 1406/2562/1406
f 1406/2562/1406 1424/2558/1424 1425/2559/1425
f 1425/2559/1425 1427/2561/1427 1428/2563/1428
f 1425/2559/1425 1428/2563/1428 1406/2562/1406
f 1428/2563/1428 1427/2561/1427 1429/2564/1429
f 1428/2563/1428 1429/2564/1429 1406/2562/1406
f 1406/2562/1406 1429/2564/1429 1430/2565/1430
f 1406/2562/1406 1430/2565/1430 1405/2566/1405
f 1430/2565/1430 1429/2564/1429 1431/2567/1431
f 1405/2566/1405 1430/2565/1430 1432/2568/1432
f 1432/2568/1432 1430/2565/1430 1431/2567/1431
f 1405/2566/1405 1432/2568/1432 1399/2569/1399
f 1432/2568/1432 1431/2567/1431 1433/2570/1433
f 1399/2569/1399 1432/2568/1432 1434/2571/1434
f 1432/2568/1432 1433/2570/1433 1435/2572/1435
f 1432/2568/1432 1435/2572/1435 1434/2571/1434
f 1435/2572/1435 1433/2570/1433 1436/2573/1436
f 1399/2569/1399 1434/2571/1434 1394/2574/1394
f 1435/2572/1435 1436/2573/1436 1437/2575/1437
f 1437/2575/1437 1436/2573/1436 1438/2576/1438
f 1435/2572/1435 1437/2575/1437 1439/2577/1439
f 1439/2577/1439 1437/2575/1437 1438/2576/1438
f 1435/2572/1435 1439/2577/1439 1434/2571/1434
f 1439/2577/1439 1438/2576/1438 1440/2578/555
f 1439/2577/1439 1440/2578/555 1434/2571/1434
f 1434/2571/1434 1440/2578/555 1394/2574/1394
f 1440/2578/555 1438/2576/1438 1441/2579/1440
f 1394/2574/1394 1440/2578/555 1391/2580/1391
f 1440/2578/555 1441/2579/1440 1442/2581/1441
f 1391/2580/1391 1440/2578/555 1389/2582/1389
f 1389/2582/1389 1440/2578/555 1442/2581/1441
f 1389/2582/1389 1442/2581/1441 1390/2583/1390
f 1443/2584/1442 1444/2585/1443 1445/2586/1444
f 1445/2586/1444 1444/2585/1443 1446/2587/1445
f 1445/2588/1444 1446/2589/1445 1443/2590/1442
f 1443/2590/1442 1446/2589/1445 1444/2591/1443
f 1290/2592/1293 1264/2593/1263 1447/2594/1446
f 1290/2592/1293 1447/2594/1446 1448/2595/1447
f 1290/2592/1293 1448/2595/1447 1293/2596/1296
f 1293/2596/1296 1448/2595/1447 1331/2597/1331
f 1331/2597/1331 1448/2595/1447 1333/2598/1333
f 1293/2596/1296 1331/2597/1331 1194/2599/1191
f 1293/2596/1296 1194/2599/1191 1190/2600/1187
f 1194/2599/1191 1331/2597/1331 1325/2601/1326
f 1449/2602/1448 1450/2603/1449 1451/2604/1450
f 1451/2604/1450 1450/2603/1449 1452/2605/1451
f 1452/2605/1451 1450/2603/1449 1453/2606/1452
f 1453/2606/1452 1450/2603/1449 1454/2607/1453
f 1454/2607/1453 1450/2603/1449 1449/2602/1448
f 1453/2606/1452 1454/2607/1453 1455/2608/1454
f 1453/2606/1452 1455/2608/1454 1456/2609/1455
f 1456/2609/1455 1455/2608/1454 1457/2610/1456
f 1455/2608/1454 1454/2607/1453 1452/2611/1451
f 1452/2611/1451 1454/2607/1453 1449/2602/1448
f 1452/2611/1451 1449/2602/1448 1458/2612/1457
f 1452/2611/1451 1458/2612/1457 1451/2613/1450
f 1458/2612/1457 1449/2602/1448 1292/2614/1295
f 1458/2612/1457 1292/2614/1295 1293/2615/1296
f 1292/2614/1295 1449/2602/1448 1294/2616/1297
f 1294/2616/1297 1449/2602/1448 1451/2604/1450
f 1294/2616/1297 1451/2604/1450 1186/2617/1183
f 1294/2616/1297 1186/2617/1183 1185/2618/1182
f 1294/2616/1297 1185/2618/1182 1295/2619/1298
f 1295/2619/1298 1185/2618/1182 1184/2620/1181
f 1412/2621/888 1386/2622/1386 1409/2623/1409
f 1386/2622/1386 1412/2621/888 1402/2624/1402
f 1402/2624/1402 1412/2621/888 1411/2625/1411
f 1402/2624/1402 1411/2625/1411 1383/2626/1383
f 1411/2627/1411 1409/2628/1409 1386/2629/1386
f 1411/2627/1411 1386/2629/1386 1383/2630/1383
f 1459/2631/1458 1460/2632/1459 1461/2633/1460
f 1459/2631/1458 1461/2633/1460 1462/2634/1461
f 1462/2634/1461 1461/2633/1460 1463/2635/1462
f 1459/2631/1458 1462/2634/1461 1099/2636/1096
f 1459/2631/1458 1099/2636/1096 1464/2637/1463
f 1462/2634/1461 1463/2635/1462 1465/2638/1464
f 1462/2634/1461 1465/2638/1464 1099/2636/1096
f 1465/2638/1464 1463/2635/1462 1466/2639/1465
f 1465/2638/1464 1466/2639/1465 1467/2640/1466
f 1099/2636/1096 1465/2638/1464 1468/2641/1467
f 1468/2641/1467 1465/2638/1464 1467/2640/1466
f 1099/2636/1096 1468/2641/1467 1100/2642/1097
f 1100/2642/1097 1468/2641/1467 1469/2643/1468
f 1468/2641/1467 1467/2640/1466 1470/2644/1469
f 1468/2641/1467 1470/2644/1469 1469/2643/1468
f 1100/2642/1097 1469/2643/1468 1471/2645/1470
f 1471/2645/1470 1469/2643/1468 1470/2644/1469
f 1100/2642/1097 1471/2645/1470 1101/2646/1098
f 1101/2646/1098 1471/2645/1470 1104/2647/1101
f 1104/2647/1101 1471/2645/1470 1107/2648/1104
f 1107/2648/1104 1471/2645/1470 1470/2644/1469
f 1107/2648/1104 1470/2644/1469 1472/2649/1471
f 1472/2649/1471 1470/2644/1469 1467/2640/1466
f 1107/2648/1104 1472/2649/1471 1109/2650/1106
f 1472/2649/1471 1467/2640/1466 1473/2651/1472
f 1472/2649/1471 1473/2651/1472 1109/2650/1106
f 1473/2651/1472 1467/2640/1466 1474/2652/1473
f 1109/2650/1106 1473/2651/1472 1111/2653/1108
f 1460/2654/1459 1475/2655/1474 1461/2656/1460
f 1461/2656/1460 1475/2655/1474 1476/2657/1475
f 1461/2656/1460 1476/2657/1475 1463/2658/1462
f 1463/2658/1462 1476/2657/1475 1477/2659/1476
f 1478/2660/1477 1460/2661/1459 1459/2662/1458
f 1460/2661/1459 1478/2660/1477 1479/2663/1478
f 1478/2660/1477 1459/2662/1458 1480/2664/1479
f 1478/2660/1477 1480/2664/1479 1479/2663/1478
f 1460/2661/1459 1479/2663/1478 1475/2665/1474
f 1480/2664/1479 1459/2662/1458 1464/2666/1463
f 1098/2667/1095 1464/2666/1463 1099/2668/1096
f 1464/2666/1463 1098/2667/1095 1481/2669/1480
f 1475/2665/1474 1479/2663/1478 1482/2670/1481
f 1475/2665/1474 1482/2670/1481 1476/2671/1475
f 1476/2671/1475 1482/2670/1481 1477/2672/1476
f 1482/2670/1481 1479/2663/1478 1483/2673/1482
f 1483/2673/1482 1479/2663/1478 1480/2664/1479
f 1477/2672/1476 1482/2670/1481 1484/2674/1483
f 1484/2674/1483 1482/2670/1481 1483/2673/1482
f 1484/2674/1483 1483/2673/1482 1480/2664/1479
f 1477/2672/1476 1484/2674/1483 1463/2675/1462
f 1463/2675/1462 1484/2674/1483 1466/2676/1465
f 1466/2676/1465 1484/2674/1483 1485/2677/1484
f 1485/2677/1484 1484/2674/1483 1480/2664/1479
f 1485/2677/1484 1480/2664/1479 1486/2678/1485
f 1486/2678/1485 1480/2664/1479 1464/2666/1463
f 1486/2678/1485 1464/2666/1463 1481/2669/1480
f 1485/2677/1484 1486/2678/1485 1487/2679/1486
f 1487/2679/1486 1486/2678/1485 1481/2669/1480
f 1487/2679/1486 1481/2669/1480 1488/2680/1487
f 1467/2681/1466 1466/2682/1465 1474/2683/1473
f 1474/2683/1473 1466/2682/1465 1489/2684/1488
f 1474/2683/1473 1489/2684/1488 1490/2685/1489
f 1474/2683/1473 1490/2685/1489 1473/2686/1472
f 1473/2686/1472 1490/2685/1489 1111/2687/1108
f 1111/2687/1108 1490/2685/1489 1112/2688/1109
f 1490/2685/1489 1489/2684/1488 1491/2689/1490
f 1112/2688/1109 1490/2685/1489 1113/2690/1110
f 1113/2690/1110 1490/2685/1489 1491/2689/1490
f 1113/2690/1110 1491/2689/1490 1492/2691/1491
f 1492/2691/1491 1491/2689/1490 1493/2692/1492
f 1492/2691/1491 1493/2692/1492 1494/2693/1493
f 1113/2690/1110 1492/2691/1491 1495/2694/1494
f 1113/2690/1110 1495/2694/1494 1114/2695/1111
f 1492/2691/1491 1494/2693/1493 1496/2696/1495
f 1492/2691/1491 1496/2696/1495 1495/2694/1494
f 1114/2695/1111 1495/2694/1494 1125/2697/1122
f 1496/2696/1495 1494/2693/1493 1497/2698/1496
f 1496/2696/1495 1497/2698/1496 1498/2699/1497
f 1496/2696/1495 1498/2699/1497 1499/2700/1498
f 1495/2694/1494 1496/2696/1495 1500/2701/1499
f 1500/2701/1499 1496/2696/1495 1499/2700/1498
f 1495/2694/1494 1500/2701/1499 1125/2697/1122
f 1500/2701/1499 1499/2700/1498 1501/2702/1500
f 1125/2697/1122 1500/2701/1499 1126/2703/1123
f 1500/2701/1499 1501/2702/1500 1502/2704/1501
f 1500/2701/1499 1502/2704/1501 1126/2703/1123
f 1485/2705/1484 1487/2706/1486 1503/2707/1502
f 1485/2705/1484 1503/2707/1502 1466/2708/1465
f 1503/2707/1502 1487/2706/1486 1488/2709/1487
f 1466/2708/1465 1503/2707/1502 1489/2710/1488
f 1489/2710/1488 1503/2707/1502 1504/2711/1503
f 1489/2710/1488 1504/2711/1503 1491/2712/1490
f 1491/2712/1490 1504/2711/1503 1505/2713/1504
f 1505/2713/1504 1504/2711/1503 1506/2714/1505
f 1505/2713/1504 1506/2714/1505 1098/2715/1095
f 1098/2715/1095 1506/2714/1505 1481/2716/1480
f 1506/2714/1505 1504/2711/1503 1507/2717/1506
f 1507/2717/1506 1504/2711/1503 1503/2707/1502
f 1506/2714/1505 1507/2717/1506 1481/2716/1480
f 1507/2717/1506 1503/2707/1502 1508/2718/1507
f 1507/2717/1506 1508/2718/1507 1481/2716/1480
f 1508/2718/1507 1503/2707/1502 1488/2709/1487
f 1509/2719/1508 1488/2709/1487 1481/2716/1480
f 1488/2709/1487 1509/2719/1508 1508/2718/1507
f 1508/2718/1507 1509/2719/1508 1481/2716/1480
f 1510/2720/1094 1096/2721/1093 1094/2722/1091
f 1096/2721/1093 1510/2720/1094 1098/2723/1095
f 1510/2720/1094 1094/2722/1091 1093/2724/1090
f 1098/2723/1095 1510/2720/1094 1505/2725/1504
f 1510/2720/1094 1093/2724/1090 1511/2726/1509
f 1511/2726/1509 1093/2724/1090 1087/2727/1084
f 1511/2726/1509 1087/2727/1084 1085/2728/1082
f 1510/2720/1094 1511/2726/1509 1512/2729/1510
f 1510/2720/1094 1512/2729/1510 1505/2725/1504
f 1511/2726/1509 1085/2728/1082 1513/2730/1511
f 1511/2726/1509 1513/2730/1511 1512/2729/1510
f 1513/2730/1511 1085/2728/1082 1083/2731/1080
f 1505/2725/1504 1512/2729/1510 1514/2732/1512
f 1505/2725/1504 1514/2732/1512 1515/2733/1513
f 1505/2725/1504 1515/2733/1513 1491/2734/1490
f 1491/2734/1490 1515/2733/1513 1493/2735/1492
f 1493/2735/1492 1515/2733/1513 1494/2736/1493
f 1494/2736/1493 1515/2733/1513 1514/2732/1512
f 1494/2736/1493 1514/2732/1512 1516/2737/1514
f 1516/2737/1514 1514/2732/1512 1512/2729/1510
f 1494/2736/1493 1516/2737/1514 1497/2738/1496
f 1516/2737/1514 1512/2729/1510 1517/2739/1515
f 1516/2737/1514 1517/2739/1515 1497/2738/1496
f 1517/2739/1515 1512/2729/1510 1513/2730/1511
f 1497/2738/1496 1517/2739/1515 1498/2740/1497
f 1498/2740/1497 1517/2739/1515 1518/2741/1516
f 1518/2741/1516 1517/2739/1515 1513/2730/1511
f 1518/2741/1516 1513/2730/1511 1083/2731/1080
f 1518/2741/1516 1083/2731/1080 1079/2742/1076
f 1079/2742/1076 1083/2731/1080 1080/2743/1077
f 1518/2741/1516 1079/2742/1076 1146/2744/1143
f 1146/2744/1143 1079/2742/1076 1144/2745/1141
f 1519/2746/1517 1518/2747/1516 1146/2748/1143
f 1518/2747/1516 1519/2746/1517 1498/2749/1497
f 1519/2746/1517 1146/2748/1143 1148/2750/1145
f 1519/2746/1517 1148/2750/1145 1520/2751/1518
f 1498/2749/1497 1519/2746/1517 1499/2752/1498
f 1499/2752/1498 1519/2746/1517 1521/2753/1519
f 1499/2752/1498 1521/2753/1519 1522/2754/1520
f 1499/2752/1498 1522/2754/1520 1501/2755/1500
f 1501/2755/1500 1522/2754/1520 1523/2756/1521
f 1126/2757/1123 1502/2758/1501 1524/2759/1522
f 1524/2759/1522 1502/2758/1501 1525/2760/1523
f 1126/2757/1123 1524/2759/1522 1526/2761/1524
f 1524/2759/1522 1525/2760/1523 1527/2762/1525
f 1526/2761/1524 1524/2759/1522 1528/2763/1526
f 1528/2763/1526 1524/2759/1522 1527/2762/1525
f 1526/2761/1524 1528/2763/1526 1529/2764/1527
f 1528/2763/1526 1527/2762/1525 1530/2765/1528
f 1529/2764/1527 1528/2763/1526 1531/2766/1529
f 1531/2766/1529 1528/2763/1526 1530/2765/1528
f 1530/2765/1528 1527/2762/1525 1532/2767/1530
f 1529/2764/1527 1531/2766/1529 1270/2768/1269
f 1270/2768/1269 1531/2766/1529 1530/2765/1528
f 1529/2764/1527 1270/2768/1269 1533/2769/1531
f 1529/2764/1527 1533/2769/1531 1534/2770/1532
f 1270/2768/1269 1530/2765/1528 1535/2771/1533
f 1535/2771/1533 1530/2765/1528 1532/2767/1530
f 1270/2768/1269 1535/2771/1533 1330/2772/1330
f 1535/2771/1533 1532/2767/1530 1536/2773/1534
f 1330/2772/1330 1535/2771/1533 1326/2774/1327
f 1326/2774/1327 1535/2771/1533 1536/2773/1534
f 1326/2774/1327 1536/2773/1534 1327/2775/923
f 1537/2776/1535 1525/2777/1523 1502/2778/1501
f 1537/2776/1535 1502/2778/1501 1501/2779/1500
f 1537/2776/1535 1501/2779/1500 1523/2780/1521
f 1525/2777/1523 1537/2776/1535 1538/2781/1536
f 1538/2781/1536 1537/2776/1535 1523/2780/1521
f 1525/2777/1523 1538/2781/1536 1539/2782/1537
f 1525/2777/1523 1539/2782/1537 1527/2783/1525
f 1527/2783/1525 1539/2782/1537 1540/2784/1538
f 1527/2783/1525 1540/2784/1538 1532/2785/1530
f 1540/2784/1538 1539/2782/1537 1541/2786/1539
f 1539/2782/1537 1538/2781/1536 1542/2787/1540
f 1539/2782/1537 1542/2787/1540 1541/2786/1539
f 1538/2781/1536 1523/2780/1521 1543/2788/1541
f 1542/2787/1540 1538/2781/1536 1544/2789/1542
f 1544/2789/1542 1538/2781/1536 1543/2788/1541
f 1542/2787/1540 1544/2789/1542 1545/2790/1543
f 1541/2786/1539 1542/2787/1540 1546/2791/1544
f 1546/2791/1544 1542/2787/1540 1545/2790/1543
f 1541/2786/1539 1546/2791/1544 1547/2792/1545
f 1541/2786/1539 1547/2792/1545 1548/2793/1546
f 1547/2792/1545 1546/2791/1544 1549/2794/1547
f 1547/2792/1545 1549/2794/1547 1550/2795/1548
f 1546/2791/1544 1545/2790/1543 1551/2796/342
f 1546/2791/1544 1551/2796/342 1549/2794/1547
f 1552/2797/1549 1545/2790/1543 1544/2789/1542
f 1545/2790/1543 1552/2797/1549 1551/2796/342
f 1552/2797/1549 1544/2789/1542 1543/2788/1541
f 1551/2796/342 1552/2797/1549 1553/2798/1550
f 1553/2798/1550 1552/2797/1549 1543/2788/1541
f 1549/2794/1547 1551/2796/342 1554/2799/1551
f 1549/2794/1547 1554/2799/1551 1555/2800/1552
f 1554/2799/1551 1551/2796/342 1553/2798/1550
f 1556/2801/1553 1554/2799/1551 1557/2802/1554
f 1557/2802/1554 1554/2799/1551 1558/2803/1555
f 1558/2803/1555 1554/2799/1551 1553/2798/1550
f 1557/2802/1554 1558/2803/1555 1559/2804/1556
f 1559/2804/1556 1558/2803/1555 1560/2805/1557
f 1560/2805/1557 1558/2803/1555 1561/2806/1558
f 1560/2805/1557 1561/2806/1558 1147/2807/1144
f 1558/2803/1555 1553/2798/1550 1562/2808/1559
f 1558/2803/1555 1562/2808/1559 1561/2806/1558
f 1561/2806/1558 1562/2808/1559 1563/2809/913
f 1562/2808/1559 1553/2798/1550 1564/2810/1560
f 1562/2808/1559 1564/2810/1560 1563/2809/913
f 1563/2809/913 1564/2810/1560 1561/2806/1558
f 1561/2806/1558 1564/2810/1560 1147/2807/1144
f 1564/2810/1560 1553/2798/1550 1543/2788/1541
f 1564/2810/1560 1543/2788/1541 1565/2811/1561
f 1565/2811/1561 1543/2788/1541 1523/2780/1521
f 1565/2811/1561 1523/2780/1521 1522/2812/1520
f 1565/2811/1561 1522/2812/1520 1521/2813/1519
f 1147/2807/1144 1564/2810/1560 1566/2814/1562
f 1566/2814/1562 1564/2810/1560 1565/2811/1561
f 1147/2807/1144 1566/2814/1562 1148/2815/1145
f 1148/2815/1145 1566/2814/1562 1520/2816/1518
f 1520/2816/1518 1566/2814/1562 1565/2811/1561
f 1520/2816/1518 1565/2811/1561 1521/2813/1519
f 1520/2816/1518 1521/2813/1519 1567/2817/1563
f 1520/2816/1518 1567/2817/1563 1519/2818/1517
f 1519/2818/1517 1567/2817/1563 1521/2813/1519
f 1127/2819/1124 1126/2820/1123 1526/2821/1524
f 1127/2819/1124 1526/2821/1524 1529/2822/1527
f 1136/2823/1133 1128/2824/1125 1127/2825/1124
f 1136/2823/1133 1127/2825/1124 1568/2826/1564
f 1568/2826/1564 1127/2825/1124 1529/2827/1527
f 1136/2823/1133 1568/2826/1564 1269/2828/1268
f 1568/2826/1564 1529/2827/1527 1534/2829/1532
f 1568/2826/1564 1534/2829/1532 1269/2828/1268
f 1269/2828/1268 1534/2829/1532 1533/2830/1531
f 1269/2828/1268 1533/2830/1531 1270/2831/1269
f 1569/2832/1565 1532/2833/1530 1540/2834/1538
f 1532/2833/1530 1569/2832/1565 1570/2835/1566
f 1532/2833/1530 1570/2835/1566 1571/2836/1567
f 1571/2836/1567 1570/2835/1566 1572/2837/1568
f 1570/2835/1566 1569/2832/1565 1573/2838/1569
f 1573/2838/1569 1569/2832/1565 1540/2834/1538
f 1572/2837/1568 1570/2835/1566 1574/2839/1570
f 1574/2839/1570 1570/2835/1566 1573/2838/1569
f 1572/2837/1568 1574/2839/1570 1575/2840/1571
f 1573/2838/1569 1540/2834/1538 1576/2841/1572
f 1573/2838/1569 1576/2841/1572 1574/2839/1570
f 1576/2841/1572 1540/2834/1538 1541/2842/1539
f 1575/2840/1571 1574/2839/1570 1577/2843/1573
f 1577/2843/1573 1574/2839/1570 1576/2841/1572
f 1577/2843/1573 1576/2841/1572 1578/2844/1574
f 1578/2844/1574 1576/2841/1572 1541/2842/1539
f 1575/2840/1571 1577/2843/1573 1579/2845/1575
f 1579/2845/1575 1577/2843/1573 1578/2844/1574
f 1575/2840/1571 1579/2845/1575 1580/2846/1576
f 1575/2840/1571 1580/2846/1576 1581/2847/1577
f 1581/2847/1577 1580/2846/1576 1582/2848/1578
f 1581/2847/1577 1582/2848/1578 1583/2849/1579
f 1582/2848/1578 1580/2846/1576 1584/2850/1580
f 1580/2846/1576 1579/2845/1575 1585/2851/1581
f 1580/2846/1576 1585/2851/1581 1584/2850/1580
f 1584/2850/1580 1585/2851/1581 1586/2852/1582
f 1584/2850/1580 1586/2852/1582 1587/2853/1583
f 1585/2851/1581 1579/2845/1575 1588/2854/1584
f 1588/2854/1584 1579/2845/1575 1578/2844/1574
f 1586/2852/1582 1585/2851/1581 1589/2855/1585
f 1586/2852/1582 1589/2855/1585 1587/2853/1583
f 1589/2855/1585 1585/2851/1581 1588/2854/1584
f 1588/2854/1584 1578/2844/1574 1590/2856/1586
f 1590/2856/1586 1578/2844/1574 1541/2842/1539
f 1588/2854/1584 1590/2856/1586 1591/2857/1587
f 1588/2854/1584 1591/2857/1587 1589/2855/1585
f 1591/2857/1587 1590/2856/1586 1541/2842/1539
f 1589/2855/1585 1591/2857/1587 1592/2858/1588
f 1589/2855/1585 1592/2858/1588 1587/2853/1583
f 1592/2858/1588 1591/2857/1587 1541/2842/1539
f 1592/2858/1588 1541/2842/1539 1593/2859/1589
f 1593/2859/1589 1541/2842/1539 1548/2860/1546
f 1592/2858/1588 1593/2859/1589 1594/2861/1590
f 1587/2853/1583 1592/2858/1588 1595/2862/1591
f 1595/2862/1591 1592/2858/1588 1594/2861/1590
f 1587/2853/1583 1595/2862/1591 1596/2863/1592
f 1595/2862/1591 1594/2861/1590 1597/2864/1593
f 1596/2863/1592 1595/2862/1591 1598/2865/1594
f 1598/2865/1594 1595/2862/1591 1597/2864/1593
f 1571/2866/1567 1599/2867/1595 1600/2868/1596
f 1571/2866/1567 1600/2868/1596 1532/2869/1530
f 1532/2869/1530 1600/2868/1596 1536/2870/1534
f 1599/2867/1595 1571/2866/1567 1601/2871/1597
f 1601/2871/1597 1571/2866/1567 1572/2872/1568
f 1601/2871/1597 1572/2872/1568 1575/2873/1571
f 1599/2867/1595 1601/2871/1597 1602/2874/1598
f 1601/2871/1597 1575/2873/1571 1603/2875/1599
f 1601/2871/1597 1603/2875/1599 1602/2874/1598
f 1603/2875/1599 1575/2873/1571 1581/2876/1577
f 1603/2875/1599 1581/2876/1577 1583/2877/1579
f 1603/2875/1599 1583/2877/1579 1604/2878/1600
f 1602/2874/1598 1603/2875/1599 1605/2879/1601
f 1605/2879/1601 1603/2875/1599 1604/2878/1600
f 1602/2874/1598 1605/2879/1601 1599/2867/1595
f 1605/2879/1601 1604/2878/1600 1606/2880/1602
f 1599/2867/1595 1605/2879/1601 1607/2881/1603
f 1599/2867/1595 1607/2881/1603 1600/2868/1596
f 1607/2881/1603 1605/2879/1601 1608/2882/1604
f 1607/2881/1603 1608/2882/1604 1600/2868/1596
f 1609/2883/1605 1536/2870/1534 1600/2868/1596
f 1536/2870/1534 1609/2883/1605 1327/2884/923
f 1327/2884/923 1609/2883/1605 1341/2885/1341
f 1609/2883/1605 1600/2868/1596 1610/2886/1606
f 1341/2885/1341 1609/2883/1605 1342/2887/1342
f 1342/2887/1342 1609/2883/1605 1610/2886/1606
f 1342/2887/1342 1610/2886/1606 1344/2888/1344
f 1611/2889/1607 1612/2890/1608 1613/2891/1609
f 1613/2891/1609 1612/2890/1608 1614/2892/1610
f 1613/2891/1609 1614/2892/1610 1615/2893/1611
f 1615/2893/1611 1614/2892/1610 1616/2894/1612
f 1616/2894/1612 1614/2892/1610 1612/2890/1608
f 1616/2894/1612 1612/2890/1608 1617/2895/1613
f 1617/2895/1613 1612/2890/1608 1611/2889/1607
f 1617/2895/1613 1611/2889/1607 1618/2896/1614
f 1611/2889/1607 1613/2891/1609 1377/2897/1377
f 1377/2897/1377 1613/2891/1609 1619/2898/1615
f 1611/2889/1607 1377/2897/1377 1349/2899/1349
f 1611/2889/1607 1349/2899/1349 1620/2900/1616
f 1611/2889/1607 1620/2900/1616 1618/2896/1614
f 1620/2900/1616 1349/2899/1349 1346/2901/1346
f 1618/2896/1614 1620/2900/1616 1345/2902/1345
f 1345/2902/1345 1620/2900/1616 1346/2901/1346
f 1345/2902/1345 1346/2901/1346 1343/2903/1343
f 1618/2896/1614 1345/2902/1345 1608/2904/1604
f 1608/2904/1604 1345/2902/1345 1610/2905/1606
f 1608/2904/1604 1610/2905/1606 1600/2906/1596
f 1610/2905/1606 1345/2902/1345 1344/2907/1344
f 1429/2908/1429 1427/2909/1427 1431/2910/1431
f 1431/2910/1431 1427/2909/1427 1621/2911/1617
f 1621/2911/1617 1427/2909/1427 1426/2912/1426
f 1431/2910/1431 1621/2911/1617 1622/2913/1618
f 1621/2911/1617 1426/2912/1426 1623/2914/1619
f 1431/2910/1431 1622/2913/1618 1624/2915/1620
f 1431/2910/1431 1624/2915/1620 1433/2916/1433
f 1433/2916/1433 1624/2915/1620 1436/2917/1436
f 1624/2915/1620 1622/2913/1618 1625/2918/1621
f 1624/2915/1620 1625/2918/1621 1626/2919/1622
f 1622/2913/1618 1621/2911/1617 1627/2920/1623
f 1627/2920/1623 1621/2911/1617 1623/2914/1619
f 1625/2918/1621 1622/2913/1618 1628/2921/1624
f 1625/2918/1621 1628/2921/1624 1626/2919/1622
f 1628/2921/1624 1622/2913/1618 1627/2920/1623
f 1626/2919/1622 1628/2921/1624 1629/2922/1625
f 1629/2922/1625 1628/2921/1624 1630/2923/1626
f 1629/2922/1625 1630/2923/1626 1631/2924/1627
f 1630/2923/1626 1628/2921/1624 1632/2925/1628
f 1632/2925/1628 1628/2921/1624 1633/2926/1629
f 1633/2926/1629 1628/2921/1624 1627/2920/1623
f 1633/2926/1629 1627/2920/1623 1634/2927/1630
f 1634/2927/1630 1627/2920/1623 1623/2914/1619
f 1633/2926/1629 1634/2927/1630 1635/2928/1631
f 1633/2926/1629 1635/2928/1631 1636/2929/1623
f 1636/2929/1623 1635/2928/1631 1637/2930/1632
f 1637/2930/1632 1635/2928/1631 1634/2927/1630
f 1637/2930/1632 1634/2927/1630 1615/2931/1611
f 1637/2930/1632 1615/2931/1611 1638/2932/1633
f 1615/2931/1611 1634/2927/1630 1623/2914/1619
f 1615/2931/1611 1623/2914/1619 1613/2933/1609
f 1613/2933/1609 1623/2914/1619 1619/2934/1615
f 1619/2934/1615 1623/2914/1619 1379/2935/1379
f 1379/2935/1379 1623/2914/1619 1426/2912/1426
f 1619/2934/1615 1379/2935/1379 1377/2936/1377
f 1377/2936/1377 1379/2935/1379 1375/2937/1375
f 1379/2935/1379 1426/2912/1426 1422/2938/1422
f 1379/2935/1379 1422/2938/1422 1378/2939/1378
f 1438/2940/1438 1436/2941/1436 1624/2942/1620
f 1438/2940/1438 1624/2942/1620 1639/2943/1634
f 1639/2943/1634 1624/2942/1620 1626/2944/1622
f 1438/2940/1438 1639/2943/1634 1441/2945/1440
f 1639/2943/1634 1626/2944/1622 1640/2946/1635
f 1640/2946/1635 1626/2944/1622 1629/2947/1625
f 1639/2943/1634 1640/2946/1635 1641/2948/1636
f 1441/2945/1440 1639/2943/1634 1642/2949/1637
f 1642/2949/1637 1639/2943/1634 1641/2948/1636
f 1641/2948/1636 1640/2946/1635 1643/2950/1638
f 1643/2950/1638 1640/2946/1635 1644/2951/1639
f 1643/2950/1638 1644/2951/1639 1645/2952/1640
f 1641/2948/1636 1643/2950/1638 1646/2953/1641
f 1643/2950/1638 1645/2952/1640 1647/2954/1642
f 1643/2950/1638 1647/2954/1642 1646/2953/1641
f 1647/2954/1642 1645/2952/1640 1648/2955/1643
f 1641/2948/1636 1646/2953/1641 1649/2956/1644
f 1649/2956/1644 1646/2953/1641 1647/2954/1642
f 1650/2957/1645 1642/2949/1637 1641/2948/1636
f 1650/2957/1645 1641/2948/1636 1649/2956/1644
f 1649/2956/1644 1647/2954/1642 1651/2958/1646
f 1651/2958/1646 1647/2954/1642 1648/2955/1643
f 1650/2957/1645 1649/2956/1644 1652/2959/1647
f 1649/2956/1644 1651/2958/1646 1653/2960/1648
f 1649/2956/1644 1653/2960/1648 1652/2959/1647
f 1650/2957/1645 1652/2959/1647 1654/2961/1649
f 1650/2957/1645 1654/2961/1649 1642/2949/1637
f 1642/2949/1637 1654/2961/1649 1655/2962/1650
f 1654/2961/1649 1652/2959/1647 1656/2963/1651
f 1654/2961/1649 1656/2963/1651 1655/2962/1650
f 1652/2959/1647 1653/2960/1648 1657/2964/1652
f 1652/2959/1647 1657/2964/1652 1656/2963/1651
f 1658/2965/1653 1653/2960/1648 1651/2958/1646
f 1658/2965/1653 1651/2958/1646 1648/2955/1643
f 1657/2964/1652 1653/2960/1648 1659/2966/1654
f 1659/2966/1654 1653/2960/1648 1658/2965/1653
f 1656/2963/1651 1657/2964/1652 1660/2967/1655
f 1658/2965/1653 1648/2955/1643 1661/2968/1656
f 1657/2964/1652 1659/2966/1654 1662/2969/1657
f 1657/2964/1652 1662/2969/1657 1660/2967/1655
f 1659/2966/1654 1658/2965/1653 1663/2970/1658
f 1663/2970/1658 1658/2965/1653 1661/2968/1656
f 1662/2969/1657 1659/2966/1654 1664/2971/1659
f 1659/2966/1654 1663/2970/1658 1665/2972/1660
f 1659/2966/1654 1665/2972/1660 1664/2971/1659
f 1662/2969/1657 1664/2971/1659 1666/2973/1661
f 1662/2969/1657 1666/2973/1661 1667/2974/1662
f 1662/2969/1657 1667/2974/1662 1660/2967/1655
f 1666/2973/1661 1664/2971/1659 1668/2975/1663
f 1668/2975/1663 1664/2971/1659 1665/2972/1660
f 1660/2967/1655 1667/2974/1662 1669/2976/1664
f 1668/2975/1663 1665/2972/1660 1670/2977/1665
f 1670/2977/1665 1665/2972/1660 1663/2970/1658
f 1668/2975/1663 1670/2977/1665 1671/2978/1666
f 1671/2978/1666 1670/2977/1665 1672/2979/1667
f 1670/2977/1665 1663/2970/1658 1673/2980/1668
f 1670/2977/1665 1673/2980/1668 1672/2979/1667
f 1673/2980/1668 1663/2970/1658 1661/2968/1656
f 1660/2967/1655 1669/2976/1664 1674/2981/1669
f 1674/2981/1669 1669/2976/1664 1675/2982/1670
f 1660/2967/1655 1674/2981/1669 1676/2983/1671
f 1660/2967/1655 1676/2983/1671 1656/2963/1651
f 1674/2981/1669 1675/2982/1670 1677/2984/1672
f 1674/2981/1669 1677/2984/1672 1676/2983/1671
f 1677/2984/1672 1675/2982/1670 1678/2985/1673
f 1656/2963/1651 1676/2983/1671 1655/2962/1650
f 1679/2986/1674 1673/2980/1668 1661/2968/1656
f 1679/2986/1674 1661/2968/1656 1680/2987/1675
f 1679/2986/1674 1680/2987/1675 1673/2980/1668
f 1673/2980/1668 1680/2987/1675 1672/2979/1667
f 1680/2987/1675 1661/2968/1656 1648/2955/1643
f 1680/2987/1675 1648/2955/1643 1672/2979/1667
f 1672/2979/1667 1648/2955/1643 1645/2952/1640
f 1681/2988/1676 1655/2962/1650 1676/2983/1671
f 1681/2988/1676 1676/2983/1671 1682/2989/1677
f 1682/2989/1677 1676/2983/1671 1677/2984/1672
f 1655/2962/1650 1681/2988/1676 1683/2990/1678
f 1683/2990/1678 1681/2988/1676 1684/2991/1679
f 1684/2991/1679 1681/2988/1676 1682/2989/1677
f 1655/2962/1650 1683/2990/1678 1441/2945/1440
f 1655/2962/1650 1441/2945/1440 1642/2949/1637
f 1683/2990/1678 1684/2991/1679 1685/2992/1680
f 1685/2992/1680 1684/2991/1679 1682/2989/1677
f 1441/2945/1440 1683/2990/1678 1686/2993/1681
f 1686/2993/1681 1683/2990/1678 1685/2992/1680
f 1441/2945/1440 1686/2993/1681 1687/2994/1682
f 1441/2945/1440 1687/2994/1682 1442/2995/1441
f 1442/2995/1441 1687/2994/1682 1390/2996/1390
f 1390/2996/1390 1687/2994/1682 1388/2997/1388
f 1388/2997/1388 1687/2994/1682 1688/2998/1683
f 1388/2997/1388 1688/2998/1683 1374/2999/1374
f 1374/2999/1374 1688/2998/1683 1372/3000/1372
f 1688/2998/1683 1687/2994/1682 1689/3001/1684
f 1689/3001/1684 1687/2994/1682 1686/2993/1681
f 1688/2998/1683 1689/3001/1684 1372/3000/1372
f 1689/3001/1684 1686/2993/1681 1685/2992/1680
f 1372/3000/1372 1689/3001/1684 1690/3002/1685
f 1690/3002/1685 1689/3001/1684 1685/2992/1680
f 1372/3000/1372 1690/3002/1685 1370/3003/1370
f 1370/3003/1370 1690/3002/1685 1369/3004/1369
f 1690/3002/1685 1685/2992/1680 1691/3005/1686
f 1691/3005/1686 1685/2992/1680 1682/2989/1677
f 1369/3004/1369 1690/3002/1685 1692/3006/872
f 1369/3004/1369 1692/3006/872 1367/3007/1367
f 1692/3006/872 1690/3002/1685 1691/3005/1686
f 1692/3006/872 1691/3005/1686 1693/3008/1687
f 1691/3005/1686 1682/2989/1677 1694/3009/1688
f 1694/3009/1688 1682/2989/1677 1695/3010/1689
f 1695/3010/1689 1682/2989/1677 1677/2984/1672
f 1691/3005/1686 1694/3009/1688 1696/3011/1690
f 1691/3005/1686 1696/3011/1690 1693/3008/1687
f 1694/3009/1688 1695/3010/1689 1697/3012/1691
f 1697/3012/1691 1695/3010/1689 1677/2984/1672
f 1694/3009/1688 1697/3012/1691 1696/3011/1690
f 1697/3012/1691 1677/2984/1672 1698/3013/1692
f 1698/3013/1692 1677/2984/1672 1678/2985/1673
f 1698/3013/1692 1678/2985/1673 1699/3014/1693
f 1698/3013/1692 1699/3014/1693 1696/3011/1690
f 1697/3012/1691 1698/3013/1692 1700/3015/1694
f 1700/3015/1694 1698/3013/1692 1696/3011/1690
f 1700/3015/1694 1696/3011/1690 1697/3012/1691
f 1696/3011/1690 1699/3014/1693 1701/3016/1695
f 1702/3017/1696 1693/3008/1687 1696/3011/1690
f 1702/3017/1696 1696/3011/1690 1701/3016/1695
f 1693/3008/1687 1702/3017/1696 1703/3018/1697
f 1693/3008/1687 1703/3018/1697 1704/3019/1698
f 1702/3017/1696 1701/3016/1695 1705/3020/1699
f 1702/3017/1696 1705/3020/1699 1703/3018/1697
f 1705/3020/1699 1701/3016/1695 1706/3021/1700
f 1703/3018/1697 1705/3020/1699 1707/3022/1701
f 1703/3018/1697 1707/3022/1701 1704/3019/1698
f 1707/3022/1701 1705/3020/1699 1706/3021/1700
f 1693/3008/1687 1704/3019/1698 1708/3023/1702
f 1708/3023/1702 1704/3019/1698 1707/3022/1701
f 1693/3008/1687 1708/3023/1702 1692/3006/872
f 1692/3006/872 1708/3023/1702 1709/3024/1703
f 1710/3025/1704 1706/3021/1700 1701/3016/1695
f 1706/3021/1700 1710/3025/1704 1707/3022/1701
f 1707/3022/1701 1710/3025/1704 1708/3023/1702
f 1708/3023/1702 1710/3025/1704 1709/3024/1703
f 1710/3025/1704 1701/3016/1695 1711/3026/1705
f 1709/3024/1703 1710/3025/1704 1712/3027/1706
f 1712/3027/1706 1710/3025/1704 1711/3026/1705
f 1709/3024/1703 1712/3027/1706 1713/3028/1707
f 1713/3028/1707 1712/3027/1706 1711/3026/1705
f 1333/3029/1333 1279/3030/1708 1266/3031/1265
f 1333/3029/1333 1266/3031/1265 1268/3032/1267
f 1279/3030/1708 1333/3029/1333 1281/3033/1709
f 1281/3033/1709 1333/3029/1333 1448/3034/1447
f 1456/3035/1455 1714/3036/1710 1453/3037/1452
f 1714/3036/1710 1456/3035/1455 1457/3038/1456
f 1453/3037/1452 1714/3036/1710 1452/3039/1451
f 1452/3039/1451 1714/3036/1710 1455/3040/1454
f 1457/3041/1456 1455/3042/1454 1714/3043/1710
f 1194/3044/1191 1324/3045/1325 1192/3046/1189
f 1324/3047/1325 1715/3048/1711 1192/3049/1189
f 1192/3049/1189 1715/3048/1711 1189/3050/1186
f 1715/3048/1711 1324/3047/1325 1716/3051/1712
f 1189/3050/1186 1715/3048/1711 1191/3052/1188
f 1191/3052/1188 1715/3048/1711 1717/3053/1713
f 1191/3052/1188 1717/3053/1713 1718/3054/1714
f 1715/3048/1711 1716/3051/1712 1719/3055/1715
f 1715/3048/1711 1719/3055/1715 1717/3053/1713
f 1718/3054/1714 1717/3053/1713 1720/3056/1716
f 1718/3054/1714 1720/3056/1716 1721/3057/1717
f 1717/3053/1713 1719/3055/1715 1722/3058/1718
f 1721/3057/1717 1720/3056/1716 1723/3059/1719
f 1717/3053/1713 1722/3058/1718 1724/3060/1720
f 1717/3053/1713 1724/3060/1720 1720/3056/1716
f 1724/3060/1720 1722/3058/1718 1725/3061/1721
f 1725/3061/1721 1722/3058/1718 1719/3055/1715
f 1724/3060/1720 1725/3061/1721 1720/3056/1716
f 1723/3059/1719 1720/3056/1716 1726/3062/1722
f 1726/3062/1722 1720/3056/1716 1725/3061/1721
f 1723/3059/1719 1726/3062/1722 1727/3063/1723
f 1725/3061/1721 1719/3055/1715 1728/3064/1724
f 1728/3064/1724 1719/3055/1715 1716/3051/1712
f 1725/3061/1721 1728/3064/1724 1726/3062/1722
f 1728/3064/1724 1716/3051/1712 1354/3065/1354
f 1727/3063/1723 1726/3062/1722 1729/3066/1725
f 1728/3064/1724 1354/3065/1354 1730/3067/1726
f 1728/3064/1724 1730/3067/1726 1726/3062/1722
f 1730/3067/1726 1354/3065/1354 1355/3068/1355
f 1730/3067/1726 1355/3068/1355 1726/3062/1722
f 1726/3062/1722 1355/3068/1355 1729/3066/1725
f 1729/3066/1725 1355/3068/1355 1356/3069/1356
f 1729/3066/1725 1356/3069/1356 1359/3070/1359
f 1353/3071/1353 1716/3072/1712 1324/3073/1325
f 1716/3072/1712 1353/3071/1353 1354/3074/1354
f 1353/3071/1353 1324/3073/1325 1323/3075/1324
f 1293/3076/1296 1187/3077/1184 1458/3078/1457
f 1187/3077/1184 1293/3076/1296 1190/3079/1187
f 1458/3078/1457 1187/3077/1184 1186/3080/1183
f 1458/3078/1457 1186/3080/1183 1451/3081/1450
f 1359/3082/1359 1358/3083/1358 1361/3084/1361
f 1359/3082/1359 1361/3084/1361 1731/3085/1727
f 1359/3082/1359 1731/3085/1727 1729/3086/1725
f 1731/3085/1727 1361/3084/1361 1732/3087/1728
f 1732/3087/1728 1361/3084/1361 1360/3088/1360
f 1729/3086/1725 1731/3085/1727 1733/3089/1729
f 1733/3089/1729 1731/3085/1727 1732/3087/1728
f 1732/3087/1728 1360/3088/1360 1734/3090/1730
f 1734/3090/1730 1360/3088/1360 1362/3091/1362
f 1733/3089/1729 1732/3087/1728 1735/3092/1731
f 1735/3092/1731 1732/3087/1728 1734/3090/1730
f 1734/3090/1730 1362/3091/1362 1366/3093/1366
f 1734/3090/1730 1366/3093/1366 1735/3092/1731
f 1729/3086/1725 1733/3089/1729 1736/3094/1732
f 1736/3094/1732 1733/3089/1729 1735/3092/1731
f 1729/3086/1725 1736/3094/1732 1727/3095/1723
f 1736/3094/1732 1735/3092/1731 1366/3093/1366
f 1736/3094/1732 1366/3093/1366 1737/3096/1733
f 1737/3096/1733 1366/3093/1366 1368/3097/1368
f 1738/3098/1734 1739/3099/1735 1740/3100/1736
f 1739/3099/1735 1738/3098/1734 1741/3101/1737
f 1739/3099/1735 1741/3101/1737 1742/3102/1738
f 1742/3102/1738 1741/3101/1737 1738/3098/1734
f 1740/3100/1736 1739/3099/1735 1743/3103/1739
f 1743/3103/1739 1739/3099/1735 1742/3102/1738
f 1738/3098/1734 1740/3100/1736 1744/3104/1740
f 1738/3098/1734 1744/3104/1740 1692/3105/872
f 1738/3098/1734 1692/3105/872 1742/3102/1738
f 1744/3104/1740 1740/3100/1736 1745/3106/1741
f 1744/3104/1740 1745/3106/1741 1692/3105/872
f 1742/3102/1738 1692/3105/872 1709/3107/1703
f 1742/3102/1738 1709/3107/1703 1713/3108/1707
f 1692/3105/872 1745/3106/1741 1367/3109/1367
f 1367/3109/1367 1745/3106/1741 1368/3110/1368
f 1368/3110/1368 1745/3106/1741 1737/3111/1733
f 1737/3111/1733 1745/3106/1741 1736/3112/1732
f 1736/3112/1732 1745/3106/1741 1740/3100/1736
f 1736/3112/1732 1740/3100/1736 1727/3113/1723
f 1727/3113/1723 1740/3100/1736 1743/3103/1739
f 1727/3113/1723 1743/3103/1739 1723/3114/1719
f 1723/3114/1719 1743/3103/1739 1721/3115/1717
f 1746/3116/1742 1743/3103/1739 1742/3102/1738
f 1743/3103/1739 1746/3116/1742 1721/3115/1717
f 1746/3116/1742 1742/3102/1738 1713/3108/1707
f 1746/3116/1742 1713/3108/1707 1711/3117/1705
f 1746/3116/1742 1711/3117/1705 1747/3118/1743
f 1721/3115/1717 1746/3116/1742 1748/3119/1744
f 1748/3119/1744 1746/3116/1742 1747/3118/1743
f 1748/3119/1744 1747/3118/1743 1749/3120/865
f 1721/3115/1717 1748/3119/1744 1750/3121/1745
f 1750/3121/1745 1748/3119/1744 1751/3122/1746
f 1606/3123/1602 1617/3124/1613 1618/3125/1614
f 1617/3124/1613 1606/3123/1602 1752/3126/1747
f 1606/3123/1602 1618/3125/1614 1605/3127/1601
f 1605/3127/1601 1618/3125/1614 1608/3128/1604
f 1753/3129/1748 1754/3130/1749 1755/3131/1750
f 1754/3130/1749 1753/3129/1748 1756/3132/1751
f 1756/3132/1751 1753/3129/1748 1757/3133/1752
f 1757/3133/1752 1753/3129/1748 1755/3131/1750
f 1757/3133/1752 1755/3131/1750 1758/3134/1753
f 1758/3134/1753 1755/3131/1750 1759/3135/1754
f 1758/3134/1753 1759/3135/1754 1757/3133/1752
f 1759/3136/1754 1755/3137/1750 1756/3138/1751
f 1756/3138/1751 1755/3137/1750 1754/3139/1749
f 1759/3136/1754 1756/3138/1751 1757/3140/1752
f 1760/3141/1755 901/3142/898 924/3143/921
f 901/3142/898 1760/3141/1755 907/3144/904
f 1760/3141/1755 924/3143/921 927/3145/924
f 907/3144/904 1760/3141/1755 914/3146/911
f 1760/3141/1755 927/3145/924 1761/3147/1756
f 1761/3147/1756 927/3145/924 928/3148/925
f 1761/3147/1756 928/3148/925 933/3149/930
f 1760/3141/1755 1761/3147/1756 1762/3150/1757
f 914/3146/911 1760/3141/1755 1763/3151/1758
f 1763/3151/1758 1760/3141/1755 1762/3150/1757
f 1762/3150/1757 1761/3147/1756 1764/3152/1759
f 1762/3150/1757 1764/3152/1759 1765/3153/1760
f 1764/3152/1759 1761/3147/1756 1766/3154/1761
f 1764/3152/1759 1766/3154/1761 1765/3153/1760
f 1766/3154/1761 1761/3147/1756 933/3149/930
f 1765/3153/1760 1766/3154/1761 1762/3150/1757
f 1762/3150/1757 1766/3154/1761 1767/3155/1762
f 1762/3150/1757 1767/3155/1762 1763/3151/1758
f 1763/3151/1758 1767/3155/1762 1766/3154/1761
f 1766/3154/1761 933/3149/930 1768/3156/1763
f 1766/3154/1761 1768/3156/1763 1763/3151/1758
f 1768/3156/1763 933/3149/930 935/3157/932
f 1763/3151/1758 1768/3156/1763 1769/3158/1764
f 1763/3151/1758 1769/3158/1764 914/3146/911
f 1769/3158/1764 1768/3156/1763 1770/3159/1765
f 914/3146/911 1769/3158/1764 989/3160/986
f 989/3160/986 1769/3158/1764 1770/3159/1765
f 989/3160/986 1770/3159/1765 1771/3161/1766
f 935/3162/932 937/3163/934 1768/3164/1763
f 1768/3164/1763 937/3163/934 1770/3165/1765
f 1770/3165/1765 937/3163/934 1772/3166/1767
f 1770/3165/1765 1772/3166/1767 1771/3167/1766
f 1772/3166/1767 937/3163/934 938/3168/935
f 1771/3167/1766 1772/3166/1767 991/3169/988
f 1771/3167/1766 991/3169/988 989/3170/986
f 1772/3166/1767 938/3168/935 1773/3171/1768
f 1773/3171/1768 938/3168/935 945/3172/942
f 947/3173/944 1774/3174/1769 945/3172/942
f 945/3172/942 1774/3174/1769 1773/3171/1768
f 991/3169/988 1772/3166/1767 1775/3175/1770
f 1775/3175/1770 1772/3166/1767 1773/3171/1768
f 1776/3176/1771 990/3177/987 991/3169/988
f 1776/3176/1771 991/3169/988 1777/3178/1772
f 1777/3178/1772 991/3169/988 1775/3175/1770
f 1776/3176/1771 1777/3178/1772 1778/3179/1773
f 1777/3178/1772 1775/3175/1770 1779/3180/1774
f 1777/3178/1772 1779/3180/1774 1778/3179/1773
f 1779/3180/1774 1775/3175/1770 1780/3181/1775
f 1780/3181/1775 1775/3175/1770 1781/3182/1776
f 1780/3181/1775 1781/3182/1776 1779/3180/1774
f 1781/3182/1776 1775/3175/1770 1773/3171/1768
f 1778/3179/1773 1779/3180/1774 1782/3183/1777
f 1782/3183/1777 1779/3180/1774 1781/3182/1776
f 1782/3183/1777 1781/3182/1776 1773/3171/1768
f 1778/3179/1773 1782/3183/1777 1783/3184/1778
f 1782/3183/1777 1773/3171/1768 1784/3185/1779
f 1784/3185/1779 1773/3171/1768 1785/3186/1780
f 1785/3186/1780 1773/3171/1768 1786/3187/1781
f 1785/3186/1780 1786/3187/1781 1787/3188/1782
f 1787/3188/1782 1786/3187/1781 1788/3189/1783
f 1785/3186/1780 1787/3188/1782 1049/3190/1046
f 1049/3190/1046 1787/3188/1782 1788/3189/1783
f 1049/3190/1046 1788/3189/1783 1048/3191/1045
f 1785/3186/1780 1049/3190/1046 1789/3192/1784
f 1789/3192/1784 1049/3190/1046 1790/3193/1785
f 1789/3192/1784 1790/3193/1785 1791/3194/1786
f 1791/3194/1786 1790/3193/1785 1792/3195/1787
f 1792/3195/1787 1790/3193/1785 1793/3196/1788
f 1792/3195/1787 1793/3196/1788 1794/3197/1789
f 1793/3196/1788 1790/3193/1785 1795/3198/1790
f 1794/3197/1789 1793/3196/1788 1796/3199/1791
f 1794/3197/1789 1796/3199/1791 1797/3200/1792
f 1793/3196/1788 1795/3198/1790 1798/3201/1793
f 1793/3196/1788 1798/3201/1793 1796/3199/1791
f 1796/3199/1791 1798/3201/1793 1797/3200/1792
f 1798/3201/1793 1795/3198/1790 1051/3202/1048
f 1797/3200/1792 1798/3201/1793 1799/3203/1794
f 1041/3204/1038 872/3205/869 871/3206/868
f 872/3205/869 1041/3204/1038 1800/3207/1795
f 1800/3207/1795 1041/3204/1038 1042/3208/1039
f 872/3205/869 1800/3207/1795 879/3209/876
f 1800/3207/1795 1042/3208/1039 1044/3210/1041
f 879/3209/876 1800/3207/1795 1801/3211/1796
f 879/3209/876 1801/3211/1796 882/3212/879
f 1800/3207/1795 1044/3210/1041 1802/3213/1797
f 1802/3213/1797 1044/3210/1041 1046/3214/1043
f 1800/3207/1795 1802/3213/1797 1803/3215/1798
f 1802/3213/1797 1046/3214/1043 1804/3216/1799
f 1801/3211/1796 1800/3207/1795 1805/3217/1800
f 1805/3217/1800 1800/3207/1795 1803/3215/1798
f 882/3212/879 1801/3211/1796 1806/3218/1801
f 1806/3218/1801 1801/3211/1796 1805/3217/1800
f 882/3212/879 1806/3218/1801 883/3219/880
f 1805/3217/1800 1803/3215/1798 1807/3220/1802
f 1807/3220/1802 1803/3215/1798 1802/3213/1797
f 1805/3217/1800 1807/3220/1802 1806/3218/1801
f 1807/3220/1802 1802/3213/1797 1804/3216/1799
f 1048/3221/1045 1804/3216/1799 1046/3214/1043
f 1806/3218/1801 1807/3220/1802 1808/3222/1803
f 1806/3218/1801 1808/3222/1803 883/3219/880
f 1807/3220/1802 1804/3216/1799 1809/3223/1804
f 1807/3220/1802 1809/3223/1804 1808/3222/1803
f 1804/3216/1799 1048/3221/1045 1810/3224/1805
f 1804/3216/1799 1810/3224/1805 1809/3223/1804
f 885/3225/882 884/3226/881 883/3219/880
f 885/3225/882 883/3219/880 887/3227/884
f 887/3227/884 883/3219/880 1808/3222/1803
f 1808/3222/1803 1809/3223/1804 1811/3228/1806
f 1808/3222/1803 1811/3228/1806 887/3227/884
f 1809/3223/1804 1810/3224/1805 1812/3229/1807
f 1809/3223/1804 1812/3229/1807 1811/3228/1806
f 1812/3229/1807 1810/3224/1805 1813/3230/1808
f 1814/3231/1809 1810/3224/1805 1048/3221/1045
f 1810/3224/1805 1814/3231/1809 1813/3230/1808
f 1814/3231/1809 1048/3221/1045 1788/3232/1783
f 1814/3231/1809 1788/3232/1783 1786/3233/1781
f 1813/3230/1808 1814/3231/1809 1815/3234/1810
f 1813/3230/1808 1815/3234/1810 1812/3229/1807
f 1815/3234/1810 1814/3231/1809 1786/3233/1781
f 1815/3234/1810 1786/3233/1781 1774/3235/1769
f 1774/3235/1769 1786/3233/1781 1773/3236/1768
f 1815/3234/1810 1774/3235/1769 1816/3237/1811
f 1816/3237/1811 1774/3235/1769 947/3238/944
f 1812/3229/1807 1815/3234/1810 1817/3239/1812
f 1817/3239/1812 1815/3234/1810 1816/3237/1811
f 1812/3229/1807 1817/3239/1812 1811/3228/1806
f 1816/3237/1811 947/3238/944 948/3240/945
f 1811/3228/1806 1817/3239/1812 1818/3241/1813
f 1818/3241/1813 1817/3239/1812 1816/3237/1811
f 1816/3237/1811 948/3240/945 1819/3242/1814
f 1816/3237/1811 1819/3242/1814 1818/3241/1813
f 1819/3242/1814 948/3240/945 890/3243/887
f 1819/3242/1814 890/3243/887 888/3244/885
f 1818/3241/1813 1819/3242/1814 1820/3245/1815
f 1820/3245/1815 1819/3242/1814 888/3244/885
f 1818/3241/1813 1820/3245/1815 1811/3228/1806
f 1820/3245/1815 888/3244/885 887/3227/884
f 1820/3245/1815 887/3227/884 1811/3228/1806
f 1784/3246/1779 1785/3247/1780 1789/3248/1784
f 1784/3246/1779 1789/3248/1784 1821/3249/1816
f 1821/3249/1816 1789/3248/1784 1822/3250/1817
f 1822/3250/1817 1789/3248/1784 1791/3251/1786
f 1784/3246/1779 1821/3249/1816 1823/3252/1818
f 1784/3246/1779 1823/3252/1818 1782/3253/1777
f 1782/3253/1777 1823/3252/1818 1783/3254/1778
f 1783/3254/1778 1823/3252/1818 1824/3255/1819
f 1823/3252/1818 1821/3249/1816 1825/3256/1820
f 1823/3252/1818 1825/3256/1820 1824/3255/1819
f 1821/3249/1816 1822/3250/1817 1826/3257/1821
f 1821/3249/1816 1826/3257/1821 1825/3256/1820
f 1824/3255/1819 1825/3256/1820 1827/3258/1822
f 1824/3255/1819 1827/3258/1822 1828/3259/1823
f 1825/3256/1820 1826/3257/1821 1829/3260/1824
f 1826/3257/1821 1822/3250/1817 1830/3261/1825
f 1826/3257/1821 1830/3261/1825 1829/3260/1824
f 1828/3259/1823 1827/3258/1822 1831/3262/1826
f 1828/3259/1823 1831/3262/1826 1832/3263/1827
f 1832/3263/1827 1831/3262/1826 1833/3264/1828
f 1831/3262/1826 1827/3258/1822 1834/3265/1829
f 1834/3265/1829 1827/3258/1822 1835/3266/1830
f 1834/3265/1829 1835/3266/1830 1836/3267/1831
f 1836/3267/1831 1835/3266/1830 1837/3268/1832
f 1835/3266/1830 1827/3258/1822 1838/3269/1833
f 1839/3270/1834 1827/3258/1822 1825/3256/1820
f 1827/3258/1822 1839/3270/1834 1838/3269/1833
f 1839/3270/1834 1825/3256/1820 1829/3260/1824
f 1835/3266/1830 1838/3269/1833 1840/3271/1835
f 1837/3268/1832 1835/3266/1830 1841/3272/1836
f 1841/3272/1836 1835/3266/1830 1840/3271/1835
f 1840/3271/1835 1838/3269/1833 1842/3273/1837
f 1842/3273/1837 1838/3269/1833 1839/3270/1834
f 1841/3272/1836 1840/3271/1835 1843/3274/1838
f 1843/3274/1838 1840/3271/1835 1842/3273/1837
f 1837/3268/1832 1841/3272/1836 1844/3275/1839
f 1837/3268/1832 1844/3275/1839 1845/3276/1840
f 1845/3276/1840 1844/3275/1839 1846/3277/1841
f 1843/3274/1838 1842/3273/1837 1847/3278/1842
f 1847/3278/1842 1842/3273/1837 1839/3270/1834
f 1841/3272/1836 1843/3274/1838 1848/3279/1843
f 1848/3279/1843 1843/3274/1838 1847/3278/1842
f 1841/3272/1836 1848/3279/1843 1844/3275/1839
f 1846/3277/1841 1844/3275/1839 1849/3280/1844
f 1844/3275/1839 1848/3279/1843 1850/3281/1845
f 1848/3279/1843 1847/3278/1842 1851/3282/1846
f 1848/3279/1843 1851/3282/1846 1850/3281/1845
f 1851/3282/1846 1847/3278/1842 1852/3283/1847
f 1852/3283/1847 1847/3278/1842 1839/3270/1834
f 1850/3281/1845 1851/3282/1846 1853/3284/1848
f 1850/3281/1845 1853/3284/1848 1844/3275/1839
f 1853/3284/1848 1851/3282/1846 1852/3283/1847
f 1844/3275/1839 1853/3284/1848 1854/3285/1849
f 1844/3275/1839 1854/3285/1849 1849/3280/1844
f 1853/3284/1848 1852/3283/1847 1855/3286/1850
f 1853/3284/1848 1855/3286/1850 1854/3285/1849
f 1852/3283/1847 1839/3270/1834 1856/3287/1851
f 1855/3286/1850 1852/3283/1847 1857/3288/1852
f 1857/3288/1852 1852/3283/1847 1856/3287/1851
f 1854/3285/1849 1855/3286/1850 1858/3289/1853
f 1858/3289/1853 1855/3286/1850 1857/3288/1852
f 1859/3290/1854 1849/3280/1844 1854/3285/1849
f 1859/3290/1854 1854/3285/1849 1858/3289/1853
f 1860/3291/1855 1849/3280/1844 1861/3292/1856
f 1861/3292/1856 1849/3280/1844 1862/3293/1857
f 1862/3293/1857 1849/3280/1844 1859/3290/1854
f 1861/3292/1856 1862/3293/1857 1863/3294/1858
f 1862/3293/1857 1859/3290/1854 1864/3295/1859
f 1864/3295/1859 1859/3290/1854 1858/3289/1853
f 1862/3293/1857 1864/3295/1859 1865/3296/1860
f 1864/3295/1859 1858/3289/1853 1866/3297/1861
f 1864/3295/1859 1866/3297/1861 1867/3298/1862
f 1866/3297/1861 1858/3289/1853 1868/3299/1863
f 1868/3299/1863 1858/3289/1853 1857/3288/1852
f 1868/3299/1863 1857/3288/1852 1869/3300/1864
f 1868/3299/1863 1869/3300/1864 1866/3297/1861
f 1866/3297/1861 1869/3300/1864 1870/3301/1865
f 1869/3300/1864 1857/3288/1852 1871/3302/1866
f 1869/3300/1864 1871/3302/1866 1870/3301/1865
f 1866/3297/1861 1870/3301/1865 1872/3303/1867
f 1872/3303/1867 1870/3301/1865 1871/3302/1866
f 1873/3304/1868 1867/3298/1862 1866/3297/1861
f 1873/3304/1868 1866/3297/1861 1872/3303/1867
f 1872/3303/1867 1871/3302/1866 1797/3305/1792
f 1872/3303/1867 1797/3305/1792 1873/3304/1868
f 1797/3305/1792 1871/3302/1866 1794/3306/1789
f 1873/3304/1868 1797/3305/1792 1799/3307/1794
f 1794/3306/1789 1871/3302/1866 1874/3308/1869
f 1874/3308/1869 1871/3302/1866 1857/3288/1852
f 1794/3306/1789 1874/3308/1869 1792/3309/1787
f 1875/3310/1870 1867/3298/1862 1873/3304/1868
f 1875/3310/1870 1873/3304/1868 1799/3307/1794
f 1867/3298/1862 1875/3310/1870 1058/3311/1055
f 1058/3311/1055 1875/3310/1870 1056/3312/1053
f 1056/3312/1053 1875/3310/1870 1799/3307/1794
f 1056/3312/1053 1799/3307/1794 1798/3313/1793
f 1056/3312/1053 1798/3313/1793 1051/3314/1048
f 1874/3308/1869 1857/3288/1852 1856/3287/1851
f 1874/3308/1869 1856/3287/1851 1876/3315/1871
f 1877/3316/1872 1792/3309/1787 1874/3308/1869
f 1792/3309/1787 1877/3316/1872 1791/3251/1786
f 1791/3251/1786 1877/3316/1872 1822/3250/1817
f 1877/3316/1872 1874/3308/1869 1878/3317/1873
f 1878/3317/1873 1874/3308/1869 1876/3315/1871
f 1822/3250/1817 1877/3316/1872 1879/3318/1874
f 1879/3318/1874 1877/3316/1872 1878/3317/1873
f 1822/3250/1817 1879/3318/1874 1830/3261/1825
f 1878/3317/1873 1876/3315/1871 1880/3319/1875
f 1878/3317/1873 1880/3319/1875 1879/3318/1874
f 1880/3319/1875 1876/3315/1871 1856/3287/1851
f 1830/3261/1825 1879/3318/1874 1881/3320/1876
f 1881/3320/1876 1879/3318/1874 1880/3319/1875
f 1881/3320/1876 1880/3319/1875 1856/3287/1851
f 1830/3261/1825 1881/3320/1876 1829/3260/1824
f 1881/3320/1876 1856/3287/1851 1839/3270/1834
f 1881/3320/1876 1839/3270/1834 1829/3260/1824
f 1795/3321/1790 1790/3322/1785 1050/3323/1047
f 1050/3323/1047 1790/3322/1785 1049/3324/1046
f 1795/3321/1790 1050/3323/1047 1051/3325/1048
f 1834/3326/1829 1836/3327/1831 1882/3328/1877
f 1883/3329/1878 1831/3330/1826 1834/3326/1829
f 1883/3329/1878 1834/3326/1829 1884/3331/1879
f 1884/3331/1879 1834/3326/1829 1882/3328/1877
f 1883/3329/1878 1884/3331/1879 1885/3332/1880
f 1883/3329/1878 1885/3332/1880 1886/3333/1881
f 1884/3331/1879 1882/3328/1877 1887/3334/1882
f 1884/3331/1879 1887/3334/1882 1885/3332/1880
f 1888/3335/1883 1882/3328/1877 1836/3327/1831
f 1888/3335/1883 1836/3327/1831 1837/3336/1832
f 1887/3334/1882 1882/3328/1877 1889/3337/1884
f 1889/3337/1884 1882/3328/1877 1888/3335/1883
f 1888/3335/1883 1837/3336/1832 1890/3338/1885
f 1888/3335/1883 1890/3338/1885 1889/3337/1884
f 1890/3338/1885 1837/3336/1832 1845/3339/1840
f 1891/3340/1886 1885/3332/1880 1887/3334/1882
f 1885/3332/1880 1891/3340/1886 1886/3333/1881
f 1887/3334/1882 1889/3337/1884 1892/3341/1887
f 1887/3334/1882 1892/3341/1887 1891/3340/1886
f 1890/3338/1885 1845/3339/1840 1893/3342/1888
f 1893/3342/1888 1845/3339/1840 1846/3343/1841
f 1891/3340/1886 1892/3341/1887 1894/3344/1889
f 1894/3344/1889 1892/3341/1887 1889/3337/1884
f 1895/3345/1890 1889/3337/1884 1890/3338/1885
f 1895/3345/1890 1890/3338/1885 1893/3342/1888
f 1894/3344/1889 1889/3337/1884 1896/3346/1891
f 1893/3342/1888 1846/3343/1841 1897/3347/1892
f 1897/3347/1892 1846/3343/1841 1849/3348/1844
f 1889/3337/1884 1895/3345/1890 1898/3349/1893
f 1889/3337/1884 1898/3349/1893 1896/3346/1891
f 1894/3344/1889 1896/3346/1891 1899/3350/1894
f 1899/3350/1894 1896/3346/1891 1898/3349/1893
f 1894/3344/1889 1899/3350/1894 1891/3340/1886
f 1898/3349/1893 1895/3345/1890 1900/3351/1895
f 1898/3349/1893 1900/3351/1895 1899/3350/1894
f 1900/3351/1895 1895/3345/1890 1893/3342/1888
f 1891/3340/1886 1899/3350/1894 1901/3352/1896
f 1901/3352/1896 1899/3350/1894 1900/3351/1895
f 1900/3351/1895 1893/3342/1888 1902/3353/1897
f 1900/3351/1895 1902/3353/1897 1901/3352/1896
f 1902/3353/1897 1893/3342/1888 1897/3347/1892
f 1902/3353/1897 1897/3347/1892 1901/3352/1896
f 1891/3340/1886 1901/3352/1896 1886/3333/1881
f 1903/3354/1898 1897/3347/1892 1849/3348/1844
f 1903/3354/1898 1849/3348/1844 1860/3355/1855
f 1901/3352/1896 1897/3347/1892 1904/3356/1899
f 1904/3356/1899 1897/3347/1892 1903/3354/1898
f 1901/3352/1896 1904/3356/1899 1886/3333/1881
f 1904/3356/1899 1903/3354/1898 1860/3355/1855
f 1904/3356/1899 1860/3355/1855 1905/3357/1900
f 1905/3357/1900 1860/3355/1855 1906/3358/1901
f 1906/3358/1901 1860/3355/1855 1907/3359/1902
f 1905/3357/1900 1906/3358/1901 1908/3360/1903
f 1905/3357/1900 1908/3360/1903 1904/3356/1899
f 1886/3333/1881 1904/3356/1899 1909/3361/1904
f 1909/3361/1904 1904/3356/1899 1908/3360/1903
f 1886/3333/1881 1909/3361/1904 1910/3362/1905
f 1886/3333/1881 1910/3362/1905 1911/3363/1906
f 1909/3361/1904 1908/3360/1903 1912/3364/1907
f 1909/3361/1904 1912/3364/1907 1910/3362/1905
f 1911/3363/1906 1910/3362/1905 1913/3365/1908
f 1913/3365/1908 1910/3362/1905 1912/3364/1907
f 1911/3363/1906 1913/3365/1908 1914/3366/1909
f 1912/3364/1907 1908/3360/1903 1915/3367/1910
f 1913/3365/1908 1912/3364/1907 1916/3368/1911
f 1912/3364/1907 1915/3367/1910 1917/3369/1912
f 1912/3364/1907 1917/3369/1912 1916/3368/1911
f 1916/3368/1911 1917/3369/1912 1918/3370/1913
f 1918/3370/1913 1917/3369/1912 1919/3371/1914
f 1917/3369/1912 1915/3367/1910 1920/3372/1915
f 1917/3369/1912 1920/3372/1915 1919/3371/1914
f 1919/3371/1914 1920/3372/1915 1921/3373/1916
f 1919/3371/1914 1921/3373/1916 1922/3374/1917
f 1922/3374/1917 1921/3373/1916 1923/3375/1918
f 1921/3373/1916 1920/3372/1915 1924/3376/1919
f 1924/3376/1919 1920/3372/1915 1925/3377/1920
f 1923/3375/1918 1921/3373/1916 1926/3378/1921
f 1926/3378/1921 1921/3373/1916 1924/3376/1919
f 1923/3375/1918 1926/3378/1921 1927/3379/1922
f 1924/3376/1919 1925/3377/1920 1928/3380/1923
f 1924/3376/1919 1928/3380/1923 1926/3378/1921
f 1928/3380/1923 1925/3377/1920 1929/3381/1924
f 1928/3380/1923 1929/3381/1924 1930/3382/1925
f 1926/3378/1921 1928/3380/1923 1931/3383/1926
f 1926/3378/1921 1931/3383/1926 1927/3379/1922
f 1931/3383/1926 1928/3380/1923 1930/3382/1925
f 1927/3379/1922 1931/3383/1926 1919/3384/1914
f 1931/3383/1926 1930/3382/1925 1932/3385/1927
f 1931/3383/1926 1932/3385/1927 1919/3384/1914
f 990/3386/987 1933/3387/1928 988/3388/985
f 990/3389/987 1776/3390/1771 1933/3391/1928
f 1933/3391/1928 1776/3390/1771 1934/3392/1929
f 1933/3391/1928 1934/3392/1929 1935/3393/1930
f 1933/3391/1928 1935/3393/1930 1936/3394/1931
f 1933/3391/1928 1936/3394/1931 988/3395/985
f 988/3395/985 1936/3394/1931 1937/3396/1932
f 988/3395/985 1937/3396/1932 1141/3397/1138
f 1141/3397/1138 1937/3396/1932 1145/3398/1142
f 1937/3396/1932 1936/3394/1931 1938/3399/1933
f 1938/3399/1933 1936/3394/1931 1935/3393/1930
f 1145/3398/1142 1937/3396/1932 1939/3400/1934
f 1939/3400/1934 1937/3396/1932 1938/3399/1933
f 1145/3398/1142 1939/3400/1934 1147/3401/1144
f 1938/3399/1933 1935/3393/1930 1940/3402/1935
f 1938/3399/1933 1940/3402/1935 1939/3400/1934
f 1940/3402/1935 1935/3393/1930 1941/3403/1936
f 1147/3401/1144 1939/3400/1934 1560/3404/1557
f 1939/3400/1934 1940/3402/1935 1942/3405/1937
f 1940/3402/1935 1941/3403/1936 1943/3406/1938
f 1940/3402/1935 1943/3406/1938 1942/3405/1937
f 1943/3406/1938 1941/3403/1936 1944/3407/1939
f 1943/3406/1938 1944/3407/1939 1945/3408/1940
f 1943/3406/1938 1945/3408/1940 1942/3405/1937
f 1942/3405/1937 1945/3408/1940 1939/3400/1934
f 1939/3400/1934 1945/3408/1940 1560/3404/1557
f 1560/3404/1557 1945/3408/1940 1559/3409/1556
f 1559/3409/1556 1945/3408/1940 1557/3410/1554
f 1941/3411/1936 1935/3412/1930 1934/3413/1929
f 1941/3411/1936 1934/3413/1929 1946/3414/1941
f 1946/3414/1941 1934/3413/1929 1776/3415/1771
f 1941/3411/1936 1946/3414/1941 1944/3416/1939
f 1946/3414/1941 1776/3415/1771 1947/3417/1942
f 1944/3416/1939 1946/3414/1941 1948/3418/1943
f 1948/3418/1943 1946/3414/1941 1947/3417/1942
f 1944/3416/1939 1948/3418/1943 1949/3419/1944
f 1949/3419/1944 1948/3418/1943 1947/3417/1942
f 1944/3416/1939 1949/3419/1944 1945/3420/1940
f 1945/3420/1940 1949/3419/1944 1557/3421/1554
f 1947/3417/1942 1776/3415/1771 1778/3422/1773
f 1557/3421/1554 1949/3419/1944 1950/3423/1945
f 1947/3417/1942 1778/3422/1773 1951/3424/1946
f 1557/3421/1554 1950/3423/1945 1556/3425/1553
f 1949/3419/1944 1947/3417/1942 1952/3426/1947
f 1952/3426/1947 1947/3417/1942 1951/3424/1946
f 1949/3419/1944 1952/3426/1947 1950/3423/1945
f 1951/3424/1946 1778/3422/1773 1953/3427/1948
f 1951/3424/1946 1953/3427/1948 1952/3426/1947
f 1950/3423/1945 1952/3426/1947 1954/3428/1949
f 1954/3428/1949 1952/3426/1947 1953/3427/1948
f 1954/3428/1949 1953/3427/1948 1955/3429/1950
f 1955/3429/1950 1953/3427/1948 1778/3422/1773
f 1954/3428/1949 1955/3429/1950 1950/3423/1945
f 1955/3429/1950 1778/3422/1773 1956/3430/1951
f 1950/3423/1945 1955/3429/1950 1957/3431/1952
f 1950/3423/1945 1957/3431/1952 1556/3425/1553
f 1957/3431/1952 1955/3429/1950 1958/3432/1953
f 1957/3431/1952 1958/3432/1953 1959/3433/1954
f 1556/3425/1553 1957/3431/1952 1555/3434/1552
f 1556/3425/1553 1555/3434/1552 1554/3435/1551
f 1555/3434/1552 1957/3431/1952 1550/3436/1548
f 1550/3436/1548 1957/3431/1952 1959/3433/1954
f 1555/3434/1552 1550/3436/1548 1549/3437/1547
f 1550/3436/1548 1959/3433/1954 1547/3438/1545
f 1547/3438/1545 1959/3433/1954 1548/3439/1546
f 1783/3440/1778 1956/3441/1951 1778/3442/1773
f 1956/3441/1951 1783/3440/1778 1824/3443/1819
f 1956/3441/1951 1824/3443/1819 1960/3444/1955
f 1956/3441/1951 1960/3444/1955 1955/3445/1950
f 1960/3444/1955 1824/3443/1819 1961/3446/1956
f 1955/3445/1950 1960/3444/1955 1958/3447/1953
f 1958/3447/1953 1960/3444/1955 1962/3448/1957
f 1958/3447/1953 1962/3448/1957 1959/3449/1954
f 1962/3448/1957 1960/3444/1955 1963/3450/1827
f 1959/3449/1954 1962/3448/1957 1964/3451/1958
f 1964/3451/1958 1962/3448/1957 1963/3450/1827
f 1959/3449/1954 1964/3451/1958 1548/3452/1546
f 1963/3450/1827 1960/3444/1955 1965/3453/1959
f 1965/3453/1959 1960/3444/1955 1961/3446/1956
f 1963/3450/1827 1965/3453/1959 1964/3451/1958
f 1965/3453/1959 1961/3446/1956 1966/3454/1960
f 1965/3453/1959 1966/3454/1960 1964/3451/1958
f 1966/3454/1960 1961/3446/1956 1828/3455/1823
f 1548/3452/1546 1964/3451/1958 1967/3456/1961
f 1967/3456/1961 1964/3451/1958 1966/3454/1960
f 1966/3454/1960 1828/3455/1823 1968/3457/1962
f 1966/3454/1960 1968/3457/1962 1967/3456/1961
f 1548/3452/1546 1967/3456/1961 1593/3458/1589
f 1967/3456/1961 1968/3457/1962 1969/3459/1963
f 1593/3458/1589 1967/3456/1961 1970/3460/1964
f 1967/3456/1961 1969/3459/1963 1971/3461/1965
f 1967/3456/1961 1971/3461/1965 1970/3460/1964
f 1971/3461/1965 1969/3459/1963 1972/3462/1966
f 1971/3461/1965 1972/3462/1966 1970/3460/1964
f 1969/3459/1963 1968/3457/1962 1973/3463/1967
f 1973/3463/1967 1968/3457/1962 1974/3464/1968
f 1972/3462/1966 1969/3459/1963 1975/3465/1969
f 1975/3465/1969 1969/3459/1963 1973/3463/1967
f 1970/3460/1964 1972/3462/1966 1976/3466/1970
f 1976/3466/1970 1972/3462/1966 1975/3465/1969
f 1970/3460/1964 1976/3466/1970 1977/3467/1971
f 1970/3460/1964 1977/3467/1971 1593/3458/1589
f 1976/3466/1970 1975/3465/1969 1978/3468/1972
f 1975/3465/1969 1973/3463/1967 1979/3469/1973
f 1975/3465/1969 1979/3469/1973 1978/3468/1972
f 1980/3470/1974 1973/3463/1967 1974/3464/1968
f 1973/3463/1967 1980/3470/1974 1979/3469/1973
f 1980/3470/1974 1974/3464/1968 1981/3471/1975
f 1981/3471/1975 1974/3464/1968 1982/3472/1976
f 1980/3470/1974 1981/3471/1975 1983/3473/1977
f 1983/3473/1977 1981/3471/1975 1984/3474/1978
f 1980/3470/1974 1983/3473/1977 1985/3475/1979
f 1980/3470/1974 1985/3475/1979 1979/3469/1973
f 1983/3473/1977 1984/3474/1978 1986/3476/1980
f 1985/3475/1979 1983/3473/1977 1987/3477/1981
f 1987/3477/1981 1983/3473/1977 1986/3476/1980
f 1985/3475/1979 1987/3477/1981 1988/3478/1982
f 1985/3475/1979 1988/3478/1982 1979/3469/1973
f 1987/3477/1981 1986/3476/1980 1989/3479/1983
f 1986/3476/1980 1984/3474/1978 1990/3480/1984
f 1986/3476/1980 1990/3480/1984 1989/3479/1983
f 1990/3480/1984 1984/3474/1978 1991/3481/1985
f 1990/3480/1984 1991/3481/1985 1992/3482/1986
f 1988/3478/1982 1987/3477/1981 1993/3483/1987
f 1993/3483/1987 1987/3477/1981 1989/3479/1983
f 1989/3479/1983 1990/3480/1984 1994/3484/1988
f 1989/3479/1983 1994/3484/1988 1993/3483/1987
f 1994/3484/1988 1990/3480/1984 1992/3482/1986
f 1988/3478/1982 1993/3483/1987 1995/3485/1989
f 1995/3485/1989 1993/3483/1987 1994/3484/1988
f 1988/3478/1982 1995/3485/1989 1996/3486/1990
f 1988/3478/1982 1996/3486/1990 1979/3469/1973
f 1996/3486/1990 1995/3485/1989 1997/3487/1991
f 1979/3469/1973 1996/3486/1990 1998/3488/1992
f 1998/3488/1992 1996/3486/1990 1997/3487/1991
f 1997/3487/1991 1995/3485/1989 1999/3489/1993
f 1997/3487/1991 1999/3489/1993 1998/3488/1992
f 1999/3489/1993 1995/3485/1989 1994/3484/1988
f 1979/3469/1973 1998/3488/1992 1978/3468/1972
f 1998/3488/1992 1999/3489/1993 2000/3490/1994
f 1978/3468/1972 1998/3488/1992 2001/3491/1995
f 2001/3491/1995 1998/3488/1992 2000/3490/1994
f 2000/3490/1994 1999/3489/1993 2002/3492/1996
f 2000/3490/1994 2002/3492/1996 2001/3491/1995
f 2002/3492/1996 1999/3489/1993 2003/3493/1997
f 2003/3493/1997 1999/3489/1993 1994/3484/1988
f 2001/3491/1995 2002/3492/1996 2004/3494/1998
f 2001/3491/1995 2004/3494/1998 1978/3468/1972
f 2004/3494/1998 2002/3492/1996 2005/3495/1999
f 2005/3495/1999 2002/3492/1996 2003/3493/1997
f 1978/3468/1972 2004/3494/1998 2006/3496/2000
f 1978/3468/1972 2006/3496/2000 1976/3466/1970
f 1976/3466/1970 2006/3496/2000 1977/3467/1971
f 2006/3496/2000 2004/3494/1998 2007/3497/2001
f 2006/3496/2000 2007/3497/2001 1977/3467/1971
f 2007/3497/2001 2004/3494/1998 2005/3495/1999
f 1977/3467/1971 2007/3497/2001 2008/3498/2002
f 2008/3498/2002 2007/3497/2001 2009/3499/2003
f 2008/3498/2002 2009/3499/2003 1977/3467/1971
f 2009/3499/2003 2007/3497/2001 2005/3495/1999
f 1977/3467/1971 2009/3499/2003 2010/3500/2004
f 2009/3499/2003 2005/3495/1999 2011/3501/2005
f 2009/3499/2003 2011/3501/2005 2010/3500/2004
f 2011/3501/2005 2005/3495/1999 2012/3502/2006
f 2012/3502/2006 2005/3495/1999 2003/3493/1997
f 1977/3467/1971 2010/3500/2004 2013/3503/2007
f 1977/3467/1971 2013/3503/2007 1593/3458/1589
f 2013/3503/2007 2010/3500/2004 2014/3504/2008
f 1593/3458/1589 2013/3503/2007 2015/3505/2009
f 2013/3503/2007 2014/3504/2008 2016/3506/2010
f 2013/3503/2007 2016/3506/2010 2015/3505/2009
f 2012/3502/2006 2003/3493/1997 2017/3507/2011
f 2012/3502/2006 2017/3507/2011 2018/3508/2012
f 2017/3507/2011 2003/3493/1997 2019/3509/2013
f 2017/3507/2011 2019/3509/2013 2018/3508/2012
f 2012/3502/2006 2018/3508/2012 2020/3510/2014
f 2020/3510/2014 2018/3508/2012 2019/3509/2013
f 2012/3502/2006 2020/3510/2014 2021/3511/2015
f 2021/3511/2015 2020/3510/2014 2019/3509/2013
f 2012/3502/2006 2021/3511/2015 2022/3512/2016
f 2022/3512/2016 2021/3511/2015 2023/3513/2017
f 2023/3513/2017 2021/3511/2015 2024/3514/2018
f 2024/3514/2018 2021/3511/2015 2019/3509/2013
f 2023/3513/2017 2024/3514/2018 2025/3515/2019
f 2024/3514/2018 2019/3509/2013 2026/3516/2020
f 2024/3514/2018 2026/3516/2020 2027/3517/2021
f 2026/3516/2020 2019/3509/2013 2028/3518/2022
f 2028/3518/2022 2019/3509/2013 2003/3493/1997
f 2026/3516/2020 2028/3518/2022 2029/3519/2023
f 2028/3518/2022 2003/3493/1997 1994/3484/1988
f 2029/3519/2023 2028/3518/2022 2030/3520/2024
f 2028/3518/2022 1994/3484/1988 2031/3521/2025
f 2031/3521/2025 1994/3484/1988 2030/3520/2024
f 2030/3520/2024 1994/3484/1988 1992/3482/1986
f 2030/3520/2024 1992/3482/1986 2032/3522/2026
f 2031/3521/2025 2030/3520/2024 2033/3523/2027
f 2031/3521/2025 2033/3523/2027 2028/3518/2022
f 2028/3518/2022 2033/3523/2027 2030/3520/2024
f 1160/3524/1157 1020/3525/1017 1018/3526/1015
f 1020/3525/1017 1160/3524/1157 1221/3527/1218
f 1020/3525/1017 1221/3527/1218 2034/3528/2028
f 1020/3525/1017 2034/3528/2028 1021/3529/1018
f 1021/3529/1018 2034/3528/2028 1024/3530/1021
f 2034/3528/2028 1221/3527/1218 2035/3531/2029
f 2035/3531/2029 1221/3527/1218 1222/3532/1219
f 2034/3528/2028 2035/3531/2029 2036/3533/2030
f 2036/3533/2030 2035/3531/2029 1222/3532/1219
f 2036/3533/2030 1222/3532/1219 2037/3534/2031
f 2037/3534/2031 1222/3532/1219 1223/3535/1220
f 2037/3534/2031 1223/3535/1220 2038/3536/2032
f 2037/3534/2031 2038/3536/2032 2036/3533/2030
f 2038/3536/2032 1223/3535/1220 1224/3537/1221
f 2038/3536/2032 1224/3537/1221 1225/3538/1222
f 2034/3528/2028 2036/3533/2030 2039/3539/2033
f 2039/3539/2033 2036/3533/2030 2038/3536/2032
f 2034/3528/2028 2039/3539/2033 1024/3530/1021
f 2038/3536/2032 1225/3538/1222 2040/3540/2034
f 2038/3536/2032 2040/3540/2034 2039/3539/2033
f 1024/3530/1021 2039/3539/2033 2041/3541/2035
f 1024/3530/1021 2041/3541/2035 1069/3542/1066
f 2039/3539/2033 2040/3540/2034 2042/3543/2036
f 2042/3543/2036 2040/3540/2034 2043/3544/2037
f 2043/3544/2037 2040/3540/2034 2044/3545/2038
f 2042/3543/2036 2043/3544/2037 2045/3546/2039
f 2039/3539/2033 2042/3543/2036 2046/3547/2040
f 2046/3547/2040 2042/3543/2036 2045/3546/2039
f 2039/3539/2033 2046/3547/2040 2041/3541/2035
f 2046/3547/2040 2045/3546/2039 2047/3548/2041
f 2046/3547/2040 2047/3548/2041 2041/3541/2035
f 2041/3541/2035 2047/3548/2041 1069/3542/1066
f 1070/3549/1067 1068/3550/1065 1069/3542/1066
f 1070/3549/1067 1069/3542/1066 2048/3551/2042
f 1070/3549/1067 2048/3551/2042 1067/3552/1064
f 1069/3542/1066 2047/3548/2041 2049/3553/2043
f 1069/3542/1066 2049/3553/2043 2048/3551/2042
f 1067/3552/1064 2048/3551/2042 2050/3554/2044
f 2050/3554/2044 2048/3551/2042 2049/3553/2043
f 1067/3552/1064 2050/3554/2044 2051/3555/2045
f 1067/3552/1064 2051/3555/2045 1057/3556/1054
f 1057/3556/1054 2051/3555/2045 1059/3557/1056
f 2051/3555/2045 2050/3554/2044 2052/3558/2046
f 2052/3558/2046 2050/3554/2044 2049/3553/2043
f 2052/3558/2046 2049/3553/2043 2047/3548/2041
f 2051/3555/2045 2052/3558/2046 2053/3559/2047
f 2052/3558/2046 2047/3548/2041 2054/3560/2048
f 2053/3559/2047 2052/3558/2046 2055/3561/2049
f 2052/3558/2046 2054/3560/2048 2056/3562/1707
f 2052/3558/2046 2056/3562/1707 2055/3561/2049
f 2045/3563/2039 2043/3564/2037 2057/3565/2050
f 2045/3563/2039 2057/3565/2050 2058/3566/2051
f 2045/3563/2039 2058/3566/2051 2059/3567/2052
f 2045/3563/2039 2059/3567/2052 2047/3568/2041
f 2047/3568/2041 2059/3567/2052 2054/3569/2048
f 2059/3567/2052 2058/3566/2051 2060/3570/2053
f 2060/3570/2053 2058/3566/2051 2061/3571/2054
f 2054/3569/2048 2059/3567/2052 2062/3572/2055
f 2054/3569/2048 2062/3572/2055 2063/3573/2056
f 2063/3573/2056 2062/3572/2055 2064/3574/2057
f 2063/3573/2056 2064/3574/2057 2065/3575/2058
f 2064/3574/2057 2062/3572/2055 2066/3576/2059
f 2062/3572/2055 2059/3567/2052 2067/3577/2060
f 2062/3572/2055 2067/3577/2060 2066/3576/2059
f 2067/3577/2060 2059/3567/2052 2060/3570/2053
f 2066/3576/2059 2067/3577/2060 2063/3578/2056
f 2063/3578/2056 2067/3577/2060 2060/3570/2053
f 2063/3578/2056 2060/3570/2053 2054/3579/2048
f 2054/3579/2048 2060/3570/2053 2068/3580/2061
f 2068/3580/2061 2060/3570/2053 2061/3571/2054
f 2068/3580/2061 2061/3571/2054 2054/3579/2048
f 2044/3581/2038 2069/3582/2062 2043/3583/2037
f 2043/3583/2037 2069/3582/2062 2057/3584/2050
f 2057/3584/2050 2069/3582/2062 2070/3585/2063
f 2057/3584/2050 2070/3585/2063 2058/3586/2051
f 2058/3586/2051 2070/3585/2063 2061/3587/2054
f 2061/3587/2054 2070/3585/2063 2066/3588/2059
f 2066/3588/2059 2070/3585/2063 2064/3589/2057
f 2064/3589/2057 2070/3585/2063 2071/3590/2064
f 2070/3585/2063 2069/3582/2062 2072/3591/2065
f 2070/3585/2063 2072/3591/2065 2071/3590/2064
f 2064/3589/2057 2071/3590/2064 2065/3592/2058
f 2066/3593/2059 2063/3594/2056 2065/3592/2058
f 2066/3593/2059 2065/3592/2058 2061/3595/2054
f 2061/3595/2054 2065/3592/2058 2071/3590/2064
f 2061/3595/2054 2071/3590/2064 2054/3596/2048
f 2054/3596/2048 2071/3590/2064 2056/3597/1707
f 2056/3597/1707 2071/3590/2064 2055/3598/2049
f 2055/3598/2049 2071/3590/2064 2073/3599/2066
f 2073/3599/2066 2071/3590/2064 2072/3591/2065
f 2055/3598/2049 2073/3599/2066 2074/3600/2067
f 2055/3598/2049 2074/3600/2067 2075/3601/2068
f 2074/3600/2067 2073/3599/2066 2076/3602/2069
f 2075/3601/2068 2074/3600/2067 2077/3603/2070
f 2075/3601/2068 2077/3603/2070 2078/3604/2071
f 2074/3600/2067 2076/3602/2069 2079/3605/2072
f 2074/3600/2067 2079/3605/2072 2077/3603/2070
f 2076/3602/2069 2073/3599/2066 2080/3606/2073
f 2076/3602/2069 2080/3606/2073 2079/3605/2072
f 2080/3606/2073 2073/3599/2066 2072/3591/2065
f 2079/3605/2072 2080/3606/2073 2081/3607/2074
f 2080/3606/2073 2072/3591/2065 2082/3608/2075
f 2080/3606/2073 2082/3608/2075 2081/3607/2074
f 2082/3608/2075 2072/3591/2065 2083/3609/2076
f 2083/3609/2076 2072/3591/2065 2069/3582/2062
f 2083/3609/2076 2069/3582/2062 2044/3581/2038
f 2084/3610/2077 2077/3603/2070 2079/3605/2072
f 2084/3610/2077 2079/3605/2072 2081/3607/2074
f 2077/3603/2070 2084/3610/2077 2085/3611/2078
f 2077/3603/2070 2085/3611/2078 2086/3612/2079
f 2086/3612/2079 2085/3611/2078 2087/3613/2080
f 2087/3613/2080 2085/3611/2078 2088/3614/2081
f 2086/3612/2079 2087/3613/2080 2089/3615/2082
f 2089/3615/2082 2087/3613/2080 2088/3614/2081
f 2089/3615/2082 2088/3614/2081 2085/3611/2078
f 2089/3615/2082 2085/3611/2078 2084/3610/2077
f 2086/3612/2079 2089/3615/2082 1207/3616/1204
f 2089/3615/2082 2084/3610/2077 2090/3617/2083
f 2089/3615/2082 2090/3617/2083 1207/3616/1204
f 2090/3617/2083 2084/3610/2077 2081/3607/2074
f 1207/3616/1204 2090/3617/2083 1208/3618/1205
f 1208/3618/1205 2090/3617/2083 1210/3619/1207
f 1210/3619/1207 2090/3617/2083 2091/3620/2084
f 2091/3620/2084 2090/3617/2083 2081/3607/2074
f 1210/3619/1207 2091/3620/2084 1217/3621/1214
f 2091/3620/2084 2081/3607/2074 2092/3622/2085
f 2091/3620/2084 2092/3622/2085 1217/3621/1214
f 2092/3622/2085 2081/3607/2074 2082/3608/2075
f 2092/3622/2085 2082/3608/2075 2083/3609/2076
f 2092/3622/2085 2083/3609/2076 1217/3621/1214
f 1217/3621/1214 2083/3609/2076 1219/3623/1216
f 1217/3621/1214 1219/3623/1216 1216/3624/1213
f 1219/3623/1216 2083/3609/2076 2093/3625/2086
f 1219/3623/1216 2093/3625/2086 1218/3626/1215
f 2093/3625/2086 2083/3609/2076 2044/3581/2038
f 1218/3626/1215 2093/3625/2086 1225/3627/1222
f 2093/3625/2086 2044/3581/2038 2040/3628/2034
f 2093/3625/2086 2040/3628/2034 1225/3627/1222
f 1059/3629/1056 2094/3630/2087 2095/3631/2088
f 2094/3630/2087 1059/3629/1056 2051/3632/2045
f 1059/3629/1056 2095/3631/2088 1058/3633/1055
f 2094/3630/2087 2051/3632/2045 2096/3634/2089
f 2094/3630/2087 2096/3634/2089 2095/3631/2088
f 2096/3634/2089 2051/3632/2045 2053/3635/2047
f 1058/3633/1055 2095/3631/2088 2097/3636/2090
f 1058/3633/1055 2097/3636/2090 2098/3637/2091
f 2096/3634/2089 2053/3635/2047 2099/3638/2092
f 2099/3638/2092 2053/3635/2047 2055/3639/2049
f 2096/3634/2089 2099/3638/2092 2100/3640/2093
f 2100/3640/2093 2099/3638/2092 2055/3639/2049
f 2101/3641/2094 2095/3631/2088 2096/3634/2089
f 2101/3641/2094 2096/3634/2089 2100/3640/2093
f 2102/3642/2095 2097/3636/2090 2095/3631/2088
f 2102/3642/2095 2095/3631/2088 2101/3641/2094
f 2097/3636/2090 2102/3642/2095 2103/3643/2096
f 2101/3641/2094 2100/3640/2093 2104/3644/2097
f 2104/3644/2097 2100/3640/2093 2055/3639/2049
f 2102/3642/2095 2101/3641/2094 2105/3645/2098
f 2105/3645/2098 2101/3641/2094 2104/3644/2097
f 2103/3643/2096 2102/3642/2095 2078/3646/2071
f 2078/3646/2071 2102/3642/2095 2105/3645/2098
f 2103/3643/2096 2078/3646/2071 2106/3647/2099
f 2104/3644/2097 2055/3639/2049 2107/3648/2100
f 2104/3644/2097 2107/3648/2100 2105/3645/2098
f 2105/3645/2098 2107/3648/2100 2078/3646/2071
f 2107/3648/2100 2055/3639/2049 2075/3649/2068
f 2107/3648/2100 2075/3649/2068 2078/3646/2071
f 1867/3650/1862 1058/3651/1055 2098/3652/2091
f 1867/3650/1862 2098/3652/2091 2108/3653/2101
f 2109/3654/2102 2110/3655/2103 2098/3656/2091
f 2109/3654/2102 2098/3656/2091 2097/3657/2090
f 2110/3655/2103 2109/3654/2102 2111/3658/2104
f 2110/3655/2103 2111/3658/2104 2098/3656/2091
f 2111/3658/2104 2109/3654/2102 2108/3659/2101
f 2111/3658/2104 2108/3659/2101 2098/3656/2091
f 1824/3660/1819 1828/3661/1823 1961/3662/1956
f 2112/3663/2105 1828/3664/1823 1832/3665/1827
f 1828/3664/1823 2112/3663/2105 1968/3666/1962
f 1833/3667/1828 2113/3668/2106 1832/3665/1827
f 1832/3665/1827 2113/3668/2106 2114/3669/2107
f 2112/3663/2105 1832/3665/1827 2115/3670/2108
f 2115/3670/2108 1832/3665/1827 2114/3669/2107
f 2115/3670/2108 2114/3669/2107 2116/3671/2109
f 2112/3663/2105 2115/3670/2108 2117/3672/2110
f 2117/3672/2110 2115/3670/2108 2118/3673/2111
f 2119/3674/2112 1883/3675/1878 1886/3676/1881
f 2119/3674/2112 1886/3676/1881 1911/3677/1906
f 1883/3675/1878 2119/3674/2112 2120/3678/2113
f 2120/3678/2113 2119/3674/2112 1911/3677/1906
f 1883/3675/1878 2120/3678/2113 1833/3679/1828
f 1883/3675/1878 1833/3679/1828 1831/3680/1826
f 1833/3679/1828 2120/3678/2113 2121/3681/2114
f 1833/3679/1828 2121/3681/2114 2122/3682/2115
f 2120/3678/2113 1911/3677/1906 2123/3683/2116
f 2120/3678/2113 2123/3683/2116 2121/3681/2114
f 2121/3681/2114 2123/3683/2116 2124/3684/2117
f 2121/3681/2114 2124/3684/2117 2125/3685/2118
f 2124/3684/2117 2123/3683/2116 2126/3686/2119
f 2126/3686/2119 2123/3683/2116 1911/3677/1906
f 2126/3686/2119 1911/3677/1906 2127/3687/2120
f 2127/3687/2120 1911/3677/1906 1914/3688/1909
f 2114/3689/2107 2128/3690/2121 2116/3691/2109
f 2116/3691/2109 2128/3690/2121 2115/3692/2108
f 2128/3690/2121 2114/3689/2107 2129/3693/2122
f 2128/3690/2121 2129/3693/2122 2115/3692/2108
f 2115/3692/2108 2129/3693/2122 2118/3694/2111
f 2129/3693/2122 2114/3689/2107 2113/3695/2106
f 2129/3693/2122 2113/3695/2106 2130/3696/2123
f 2129/3693/2122 2130/3696/2123 2131/3697/2124
f 2131/3697/2124 2130/3696/2123 2132/3698/2125
f 2132/3698/2125 2130/3696/2123 2133/3699/2126
f 2130/3696/2123 2113/3695/2106 2122/3700/2115
f 2130/3696/2123 2122/3700/2115 2133/3699/2126
f 2122/3700/2115 2113/3695/2106 1833/3701/1828
f 2133/3699/2126 2122/3700/2115 2125/3702/2118
f 2125/3702/2118 2122/3700/2115 2121/3703/2114
f 1914/3704/1909 2134/3705/2127 2127/3706/2120
f 2127/3706/2120 2134/3705/2127 2135/3707/2128
f 2135/3707/2128 2134/3705/2127 2136/3708/2129
f 2134/3705/2127 1914/3704/1909 2137/3709/2130
f 2137/3709/2130 1914/3704/1909 1913/3710/1908
f 2125/3711/2118 2124/3712/2117 2138/3713/2131
f 2125/3711/2118 2138/3713/2131 2133/3714/2126
f 2138/3713/2131 2124/3712/2117 2126/3715/2119
f 2133/3714/2126 2138/3713/2131 2132/3716/2125
f 2132/3716/2125 2138/3713/2131 2139/3717/2132
f 2138/3713/2131 2126/3715/2119 2140/3718/2133
f 2138/3713/2131 2140/3718/2133 2139/3717/2132
f 2140/3718/2133 2126/3715/2119 2135/3719/2128
f 2135/3719/2128 2126/3715/2119 2127/3720/2120
f 2140/3718/2133 2135/3719/2128 2141/3721/2134
f 2140/3718/2133 2141/3721/2134 2139/3717/2132
f 2141/3721/2134 2135/3719/2128 2136/3722/2129
f 2132/3716/2125 2139/3717/2132 2131/3723/2124
f 2141/3721/2134 2136/3722/2129 2142/3724/2135
f 2141/3721/2134 2142/3724/2135 2139/3717/2132
f 2142/3724/2135 2136/3722/2129 2143/3725/2136
f 2142/3724/2135 2143/3725/2136 2144/3726/2137
f 2144/3726/2137 2143/3725/2136 2145/3727/2138
f 2139/3717/2132 2142/3724/2135 2146/3728/2139
f 2146/3728/2139 2142/3724/2135 2144/3726/2137
f 2139/3717/2132 2146/3728/2139 2131/3723/2124
f 2146/3728/2139 2144/3726/2137 2145/3727/2138
f 2146/3728/2139 2145/3727/2138 2147/3729/2140
f 2131/3723/2124 2146/3728/2139 2148/3730/2141
f 2148/3730/2141 2146/3728/2139 2147/3729/2140
f 2131/3723/2124 2148/3730/2141 2129/3731/2122
f 2148/3730/2141 2147/3729/2140 2149/3732/2142
f 2148/3730/2141 2149/3732/2142 2129/3731/2122
f 2149/3732/2142 2147/3729/2140 2118/3733/2111
f 2149/3732/2142 2118/3733/2111 2129/3731/2122
f 1916/3734/1911 2137/3735/2130 1913/3736/1908
f 1918/3737/1913 2150/3738/2143 1916/3734/1911
f 1916/3734/1911 2150/3738/2143 2137/3735/2130
f 2137/3735/2130 2150/3738/2143 2151/3739/2144
f 2137/3735/2130 2151/3739/2144 2152/3740/2145
f 2152/3740/2145 2151/3739/2144 2153/3741/2146
f 2137/3735/2130 2152/3740/2145 2154/3742/2147
f 2154/3742/2147 2152/3740/2145 2155/3743/2148
f 2137/3735/2130 2154/3742/2147 2156/3744/2149
f 2156/3744/2149 2154/3742/2147 2155/3743/2148
f 2137/3735/2130 2156/3744/2149 2134/3745/2127
f 2156/3744/2149 2155/3743/2148 2157/3746/2150
f 2156/3744/2149 2157/3746/2150 2134/3745/2127
f 2157/3746/2150 2155/3743/2148 2158/3747/2151
f 2134/3745/2127 2157/3746/2150 2159/3748/2152
f 2159/3748/2152 2157/3746/2150 2158/3747/2151
f 1927/3749/1922 2160/3750/2153 1923/3751/1918
f 1923/3751/1918 2160/3750/2153 1922/3752/1917
f 2160/3750/2153 1927/3749/1922 2161/3753/2154
f 2160/3750/2153 2161/3753/2154 2162/3754/2155
f 2162/3754/2155 2161/3753/2154 2163/3755/2156
f 1922/3752/1917 2160/3750/2153 2164/3756/2157
f 2164/3756/2157 2160/3750/2153 2162/3754/2155
f 1922/3752/1917 2164/3756/2157 2165/3757/2158
f 2164/3756/2157 2162/3754/2155 2166/3758/2159
f 2164/3756/2157 2166/3758/2159 2167/3759/2160
f 2165/3757/2158 2164/3756/2157 2168/3760/2161
f 2164/3756/2157 2167/3759/2160 2169/3761/2162
f 2164/3756/2157 2169/3761/2162 2168/3760/2161
f 2169/3761/2162 2167/3759/2160 2170/3762/2163
f 2169/3761/2162 2170/3762/2163 2171/3763/2164
f 2169/3761/2162 2171/3763/2164 2151/3764/2144
f 2169/3761/2162 2151/3764/2144 2172/3765/2165
f 2169/3761/2162 2172/3765/2165 2168/3760/2161
f 2172/3765/2165 2151/3764/2144 2150/3766/2143
f 2172/3765/2165 2150/3766/2143 2168/3760/2161
f 2168/3760/2161 2150/3766/2143 2173/3767/2166
f 2173/3767/2166 2150/3766/2143 1918/3768/1913
f 1919/3769/1914 1922/3770/1917 2165/3771/2158
f 1919/3769/1914 2165/3771/2158 1927/3772/1922
f 1927/3772/1922 2165/3771/2158 2161/3773/2154
f 2161/3773/2154 2165/3771/2158 2168/3774/2161
f 2161/3773/2154 2168/3774/2161 2163/3775/2156
f 2163/3775/2156 2168/3774/2161 2174/3776/2167
f 2175/3777/2168 1919/3778/1914 1932/3779/1927
f 1919/3778/1914 2175/3777/2168 2176/3780/2169
f 1919/3778/1914 2176/3780/2169 1918/3781/1913
f 1918/3781/1913 2176/3780/2169 2173/3782/2166
f 2173/3782/2166 2176/3780/2169 2168/3783/2161
f 2168/3783/2161 2176/3780/2169 2177/3784/2170
f 2177/3784/2170 2176/3780/2169 2175/3777/2168
f 2168/3783/2161 2177/3784/2170 2174/3785/2167
f 2177/3784/2170 2175/3777/2168 2178/3786/2171
f 2177/3784/2170 2178/3786/2171 2174/3785/2167
f 2178/3786/2171 2175/3777/2168 1932/3779/1927
f 2174/3785/2167 2178/3786/2171 2179/3787/2172
f 2179/3787/2172 2178/3786/2171 1932/3779/1927
f 2179/3787/2172 1932/3779/1927 2180/3788/2173
f 2180/3788/2173 1932/3779/1927 1930/3789/1925
f 2174/3785/2167 2179/3787/2172 2181/3790/2174
f 2181/3790/2174 2179/3787/2172 2180/3788/2173
f 2174/3785/2167 2181/3790/2174 2163/3791/2156
f 2181/3790/2174 2180/3788/2173 2182/3792/2175
f 2181/3790/2174 2182/3792/2175 2163/3791/2156
f 2163/3791/2156 2182/3792/2175 2183/3793/2176
f 2163/3791/2156 2183/3793/2176 2162/3794/2155
f 2183/3793/2176 2182/3792/2175 2167/3795/2160
f 2162/3794/2155 2183/3793/2176 2166/3796/2159
f 2166/3796/2159 2183/3793/2176 2167/3795/2160
f 1867/3797/1862 2184/3798/2177 1864/3799/1859
f 1864/3799/1859 2184/3798/2177 1865/3800/1860
f 2184/3798/2177 1867/3797/1862 2185/3801/2178
f 2185/3801/2178 1867/3797/1862 2108/3802/2101
f 1865/3800/1860 2184/3798/2177 1863/3803/1858
f 1865/3800/1860 1863/3803/1858 1862/3804/1857
f 2184/3798/2177 2185/3801/2178 2186/3805/2179
f 1863/3803/1858 2184/3798/2177 2187/3806/2180
f 2187/3806/2180 2184/3798/2177 2186/3805/2179
f 1863/3803/1858 2187/3806/2180 2188/3807/2181
f 1863/3803/1858 2188/3807/2181 1861/3808/1856
f 2188/3807/2181 2187/3806/2180 2189/3809/2182
f 2189/3809/2182 2187/3806/2180 2186/3805/2179
f 2188/3807/2181 2189/3809/2182 2190/3810/2183
f 2190/3810/2183 2189/3809/2182 2186/3805/2179
f 2190/3810/2183 2186/3805/2179 2191/3811/2184
f 2190/3810/2183 2191/3811/2184 2192/3812/2185
f 2192/3812/2185 2191/3811/2184 2186/3805/2179
f 2192/3812/2185 2186/3805/2179 2193/3813/2186
f 2193/3813/2186 2186/3805/2179 2194/3814/2187
f 2194/3814/2187 2186/3805/2179 2185/3801/2178
f 2193/3813/2186 2194/3814/2187 2195/3815/2188
f 2195/3815/2188 2194/3814/2187 2196/3816/2189
f 2194/3814/2187 2185/3801/2178 2197/3817/2190
f 2194/3814/2187 2197/3817/2190 2196/3816/2189
f 2196/3816/2189 2197/3817/2190 2195/3815/2188
f 2197/3817/2190 2185/3801/2178 2108/3802/2101
f 2195/3815/2188 2197/3817/2190 2198/3818/2191
f 2198/3818/2191 2197/3817/2190 2108/3802/2101
f 2195/3815/2188 2198/3818/2191 2199/3819/2192
f 2198/3818/2191 2108/3802/2101 2109/3820/2102
f 1861/3821/1856 2188/3822/2181 2200/3823/2193
f 2200/3823/2193 2188/3822/2181 2190/3824/2183
f 1861/3821/1856 2200/3823/2193 1860/3825/1855
f 2200/3823/2193 2190/3824/2183 2201/3826/2194
f 2201/3826/2194 2190/3824/2183 2192/3827/2185
f 1860/3825/1855 2200/3823/2193 2202/3828/2195
f 1860/3825/1855 2202/3828/2195 1907/3829/1902
f 2202/3828/2195 2200/3823/2193 2203/3830/2196
f 2204/3831/2197 2193/3832/2186 2205/3833/2198
f 2205/3833/2198 2193/3832/2186 2206/3834/2199
f 2206/3834/2199 2193/3832/2186 2195/3835/2188
f 2204/3831/2197 2205/3833/2198 2207/3836/2200
f 2204/3831/2197 2207/3836/2200 2208/3837/2201
f 2193/3832/2186 2204/3831/2197 2192/3838/2185
f 2208/3837/2201 2207/3836/2200 2209/3839/2202
f 2204/3831/2197 2208/3837/2201 2210/3840/2203
f 2210/3840/2203 2208/3837/2201 2209/3839/2202
f 2204/3831/2197 2210/3840/2203 2192/3838/2185
f 2210/3840/2203 2209/3839/2202 2211/3841/2204
f 2210/3840/2203 2211/3841/2204 2192/3838/2185
f 2212/3842/2205 2213/3843/2206 2209/3839/2202
f 2209/3839/2202 2213/3843/2206 2211/3841/2204
f 2026/3844/2020 2029/3845/2023 2213/3843/2206
f 2213/3843/2206 2029/3845/2023 2211/3841/2204
f 2211/3841/2204 2029/3845/2023 2214/3846/2207
f 2192/3838/2185 2211/3841/2204 2215/3847/2208
f 2192/3838/2185 2215/3847/2208 2201/3848/2194
f 2211/3841/2204 2214/3846/2207 2216/3849/2209
f 2211/3841/2204 2216/3849/2209 2215/3847/2208
f 2201/3848/2194 2215/3847/2208 2217/3850/2210
f 2217/3850/2210 2215/3847/2208 2216/3849/2209
f 2201/3848/2194 2217/3850/2210 2218/3851/2211
f 2218/3851/2211 2217/3850/2210 2216/3849/2209
f 2201/3848/2194 2218/3851/2211 2200/3852/2193
f 2216/3849/2209 2214/3846/2207 2219/3853/2212
f 2200/3852/2193 2218/3851/2211 2220/3854/2213
f 2220/3854/2213 2218/3851/2211 2216/3849/2209
f 2200/3852/2193 2220/3854/2213 2203/3855/2196
f 2216/3849/2209 2219/3853/2212 2221/3856/2214
f 2216/3849/2209 2221/3856/2214 2220/3854/2213
f 2220/3854/2213 2221/3856/2214 2203/3855/2196
f 2221/3856/2214 2219/3853/2212 2222/3857/2215
f 2203/3855/2196 2221/3856/2214 2223/3858/2216
f 2223/3858/2216 2221/3856/2214 2222/3857/2215
f 2223/3858/2216 2222/3857/2215 2224/3859/2217
f 2199/3860/2192 2225/3861/2218 2195/3862/2188
f 2195/3862/2188 2225/3861/2218 2206/3863/2199
f 2225/3861/2218 2199/3860/2192 2226/3864/2219
f 2225/3861/2218 2226/3864/2219 2206/3863/2199
f 2226/3864/2219 2199/3860/2192 2227/3865/2220
f 2226/3864/2219 2227/3865/2220 2206/3863/2199
f 2227/3865/2220 2199/3860/2192 2198/3866/2191
f 2206/3863/2199 2227/3865/2220 2228/3867/2221
f 2228/3867/2221 2227/3865/2220 2198/3866/2191
f 2228/3867/2221 2198/3866/2191 2229/3868/2222
f 2229/3868/2222 2198/3866/2191 2109/3869/2102
f 2229/3868/2222 2109/3869/2102 2097/3870/2090
f 1920/3871/1915 1915/3872/1910 2230/3873/2223
f 1920/3871/1915 2230/3873/2223 1925/3874/1920
f 1925/3874/1920 2230/3873/2223 2182/3875/2175
f 1925/3874/1920 2182/3875/2175 1929/3876/1924
f 1929/3876/1924 2182/3875/2175 2180/3877/2173
f 1929/3876/1924 2180/3877/2173 1930/3878/1925
f 2182/3875/2175 2230/3873/2223 2167/3879/2160
f 2167/3879/2160 2230/3873/2223 2170/3880/2163
f 2170/3880/2163 2230/3873/2223 1915/3872/1910
f 2170/3880/2163 1915/3872/1910 2231/3881/2224
f 2231/3881/2224 1915/3872/1910 1908/3882/1903
f 2170/3880/2163 2231/3881/2224 2153/3883/2146
f 2170/3880/2163 2153/3883/2146 2171/3884/2164
f 2171/3884/2164 2153/3883/2146 2151/3885/2144
f 2153/3883/2146 2231/3881/2224 2232/3886/2225
f 2232/3886/2225 2231/3881/2224 1906/3887/1901
f 2153/3883/2146 2232/3886/2225 2233/3888/2226
f 2233/3888/2226 2232/3886/2225 2234/3889/2227
f 2235/3890/2228 1908/3891/1903 1907/3892/1902
f 1907/3893/1902 2235/3894/2228 1906/3895/1901
f 1906/3895/1901 2235/3894/2228 2232/3896/2225
f 2232/3896/2225 2235/3894/2228 2203/3897/2196
f 2203/3897/2196 2235/3894/2228 2202/3898/2195
f 2235/3899/2229 1908/3900/1903 2231/3901/2230
f 2153/3902/2146 2233/3903/2226 2155/3904/2148
f 2153/3902/2146 2155/3904/2148 2152/3905/2145
f 2155/3904/2148 2233/3903/2226 2236/3906/2231
f 2236/3906/2231 2233/3903/2226 2223/3907/2216
f 2155/3904/2148 2236/3906/2231 2237/3908/2232
f 2155/3904/2148 2237/3908/2232 2158/3909/2151
f 2236/3906/2231 2223/3907/2216 2238/3910/2233
f 2238/3910/2233 2223/3907/2216 2224/3911/2217
f 2238/3910/2233 2224/3911/2217 2239/3912/2234
f 2236/3906/2231 2238/3910/2233 2240/3913/2235
f 2240/3913/2235 2238/3910/2233 2239/3912/2234
f 2237/3908/2232 2236/3906/2231 2241/3914/2236
f 2241/3914/2236 2236/3906/2231 2240/3913/2235
f 2242/3915/2237 2158/3909/2151 2237/3908/2232
f 2242/3915/2237 2237/3908/2232 2241/3914/2236
f 2158/3909/2151 2242/3915/2237 2159/3916/2152
f 2242/3915/2237 2241/3914/2236 2239/3912/2234
f 2241/3914/2236 2240/3913/2235 2243/3917/2238
f 2241/3914/2236 2243/3917/2238 2239/3912/2234
f 2239/3912/2234 2243/3917/2238 2240/3913/2235
f 2244/3918/2239 2239/3912/2234 2224/3911/2217
f 2239/3912/2234 2244/3918/2239 2242/3915/2237
f 2242/3915/2237 2244/3918/2239 2159/3916/2152
f 2159/3916/2152 2244/3918/2239 2245/3919/2240
f 2245/3919/2240 2244/3918/2239 2143/3920/2136
f 2159/3916/2152 2245/3919/2240 2134/3921/2127
f 2245/3919/2240 2143/3920/2136 2136/3922/2129
f 2245/3919/2240 2136/3922/2129 2134/3921/2127
f 2246/3923/1902 2232/3924/2225 2234/3925/2241
f 2234/3926/2227 2203/3927/2196 2233/3928/2226
f 2233/3928/2226 2203/3927/2196 2223/3929/2216
f 2247/3930/2242 2248/3931/2242 2249/3932/2242
f 1196/3933/1193 1191/3934/1188 1718/3935/1714
f 1196/3933/1193 1718/3935/1714 2250/3936/2243
f 2250/3936/2243 1718/3935/1714 1721/3937/1717
f 1196/3933/1193 2250/3936/2243 2251/3938/2244
f 1196/3933/1193 2251/3938/2244 1197/3939/1194
f 1197/3939/1194 2251/3938/2244 1199/3940/1196
f 1199/3940/1196 2251/3938/2244 2250/3936/2243
f 2252/3941/2245 1199/3940/1196 2253/3942/2246
f 2253/3942/2246 1199/3940/1196 2250/3936/2243
f 2253/3942/2246 2250/3936/2243 2254/3943/2247
f 2253/3942/2246 2254/3943/2247 2255/3944/2248
f 2255/3944/2248 2254/3943/2247 2256/3945/2249
f 2256/3945/2249 2254/3943/2247 2257/3946/2250
f 2258/3947/2251 2257/3946/2250 2259/3948/2252
f 2259/3948/2252 2257/3946/2250 2260/3949/2253
f 2260/3949/2253 2257/3946/2250 2254/3943/2247
f 2259/3948/2252 2260/3949/2253 2261/3950/2254
f 2262/3951/2255 2263/3952/2256 2261/3950/2254
f 2262/3951/2255 2261/3950/2254 2264/3953/301
f 2264/3953/301 2261/3950/2254 2260/3949/2253
f 2260/3949/2253 2254/3943/2247 2265/3954/729
f 2260/3949/2253 2265/3954/729 2264/3953/301
f 2265/3954/729 2254/3943/2247 2250/3936/2243
f 2264/3953/301 2265/3954/729 2266/3955/1795
f 2266/3955/1795 2265/3954/729 2267/3956/2257
f 2266/3955/1795 2267/3956/2257 2268/3957/2258
f 2268/3957/2258 2267/3956/2257 2265/3954/729
f 2266/3955/1795 2268/3957/2258 2269/3958/2259
f 2266/3955/1795 2269/3958/2259 1750/3959/1745
f 2268/3957/2258 2265/3954/729 2270/3960/2260
f 2270/3960/2260 2265/3954/729 2250/3936/2243
f 2268/3957/2258 2270/3960/2260 2269/3958/2259
f 2269/3958/2259 2270/3960/2260 1750/3959/1745
f 2270/3960/2260 2250/3936/2243 1721/3937/1717
f 2270/3960/2260 1721/3937/1717 1750/3959/1745
f 1604/3961/1600 2271/3962/2261 1606/3963/1602
f 1606/3963/1602 2271/3962/2261 1752/3964/1747
f 2271/3962/2261 1604/3961/1600 2272/3965/2262
f 2272/3965/2262 1604/3961/1600 1583/3966/1579
f 2272/3965/2262 1583/3966/1579 2273/3967/2263
f 2272/3965/2262 2273/3967/2263 2271/3962/2261
f 2273/3967/2263 1583/3966/1579 1582/3968/1578
f 2273/3967/2263 1582/3968/1578 2271/3962/2261
f 2271/3962/2261 1582/3968/1578 1752/3964/1747
f 1752/3964/1747 1582/3968/1578 2274/3969/2264
f 2274/3969/2264 1582/3968/1578 1584/3970/1580
f 2266/3971/1795 1750/3972/1745 1751/3973/1746
f 2266/3971/1795 1751/3973/1746 1749/3974/865
f 2266/3971/1795 1749/3974/865 2264/3975/301
f 1749/3974/865 1751/3973/1746 1748/3976/1744
f 2275/3977/2265 2274/3978/2264 1584/3979/1580
f 2275/3977/2265 1584/3979/1580 1587/3980/1583
f 2275/3977/2265 1587/3980/1583 2276/3981/2266
f 2276/3981/2266 1587/3980/1583 1596/3982/1592
f 2274/3978/2264 2275/3977/2265 2277/3983/2267
f 2277/3983/2267 2275/3977/2265 2276/3981/2266
f 2274/3978/2264 2277/3983/2267 2278/3984/2268
f 2277/3983/2267 2276/3981/2266 2279/3985/2269
f 2277/3983/2267 2279/3985/2269 2278/3984/2268
f 2279/3985/2269 2276/3981/2266 2280/3986/2270
f 2279/3985/2269 2280/3986/2270 2278/3984/2268
f 2276/3981/2266 1596/3982/1592 2281/3987/2271
f 2280/3986/2270 2276/3981/2266 2282/3988/2272
f 2282/3988/2272 2276/3981/2266 2281/3987/2271
f 2281/3987/2271 1596/3982/1592 2283/3989/2273
f 2283/3989/2273 1596/3982/1592 1598/3990/1594
f 2281/3987/2271 2283/3989/2273 2284/3991/2274
f 2281/3987/2271 2284/3991/2274 2282/3988/2272
f 2284/3991/2274 2283/3989/2273 2285/3992/2275
f 2283/3989/2273 1598/3990/1594 2286/3993/2276
f 2283/3989/2273 2286/3993/2276 2285/3992/2275
f 2286/3993/2276 1598/3990/1594 2287/3994/2277
f 2284/3991/2274 2285/3992/2275 2288/3995/2278
f 2288/3995/2278 2285/3992/2275 2286/3993/2276
f 2284/3991/2274 2288/3995/2278 2282/3988/2272
f 2286/3993/2276 2287/3994/2277 2289/3996/2279
f 2286/3993/2276 2289/3996/2279 2288/3995/2278
f 2289/3996/2279 2287/3994/2277 2263/3997/2256
f 2288/3995/2278 2289/3996/2279 2290/3998/2280
f 2290/3998/2280 2289/3996/2279 2263/3997/2256
f 2288/3995/2278 2290/3998/2280 2282/3988/2272
f 2290/3998/2280 2263/3997/2256 2262/3999/2255
f 2290/3998/2280 2262/3999/2255 2291/4000/2281
f 2291/4000/2281 2262/3999/2255 2264/4001/301
f 2291/4000/2281 2264/4001/301 2292/4002/2282
f 2291/4000/2281 2292/4002/2282 2290/3998/2280
f 2292/4002/2282 2264/4001/301 1749/4003/865
f 2282/3988/2272 2290/3998/2280 2293/4004/2283
f 2293/4004/2283 2290/3998/2280 2292/4002/2282
f 2282/3988/2272 2293/4004/2283 2294/4005/2284
f 2282/3988/2272 2294/4005/2284 2280/3986/2270
f 2293/4004/2283 2292/4002/2282 2295/4006/2285
f 2293/4004/2283 2295/4006/2285 2294/4005/2284
f 2292/4002/2282 1749/4003/865 2296/4007/2286
f 2292/4002/2282 2296/4007/2286 2295/4006/2285
f 1747/4008/1743 1711/4009/1705 1749/4003/865
f 1749/4003/865 1711/4009/1705 2296/4007/2286
f 2296/4007/2286 1711/4009/1705 1701/4010/1695
f 2297/4011/2287 2280/3986/2270 2294/4005/2284
f 2296/4007/2286 1701/4010/1695 1699/4012/1693
f 2280/3986/2270 2297/4011/2287 2278/3984/2268
f 2296/4007/2286 1699/4012/1693 2298/4013/2288
f 2297/4011/2287 2294/4005/2284 2299/4014/2289
f 2296/4007/2286 2298/4013/2288 2300/4015/2290
f 2296/4007/2286 2300/4015/2290 2301/4016/2291
f 2296/4007/2286 2301/4016/2291 2295/4006/2285
f 2302/4017/2292 2294/4005/2284 2295/4006/2285
f 2302/4017/2292 2295/4006/2285 2301/4016/2291
f 2294/4005/2284 2302/4017/2292 2299/4014/2289
f 2301/4016/2291 2300/4015/2290 2303/4018/2293
f 2303/4018/2293 2300/4015/2290 2298/4013/2288
f 2302/4017/2292 2301/4016/2291 2304/4019/2294
f 2304/4019/2294 2301/4016/2291 2303/4018/2293
f 2299/4014/2289 2302/4017/2292 2305/4020/2295
f 2305/4020/2295 2302/4017/2292 2304/4019/2294
f 2299/4014/2289 2305/4020/2295 2306/4021/2296
f 2305/4020/2295 2304/4019/2294 2307/4022/2297
f 2305/4020/2295 2307/4022/2297 2306/4021/2296
f 2304/4019/2294 2303/4018/2293 2308/4023/2298
f 2304/4019/2294 2308/4023/2298 2307/4022/2297
f 2299/4014/2289 2306/4021/2296 2309/4024/2299
f 2299/4014/2289 2309/4024/2299 2297/4011/2287
f 2306/4021/2296 2307/4022/2297 2310/4025/2300
f 2297/4011/2287 2309/4024/2299 2311/4026/2301
f 2297/4011/2287 2311/4026/2301 2278/3984/2268
f 2309/4024/2299 2306/4021/2296 2312/4027/2302
f 2312/4027/2302 2306/4021/2296 2310/4025/2300
f 2311/4026/2301 2309/4024/2299 2313/4028/2303
f 2309/4024/2299 2312/4027/2302 2314/4029/2304
f 2309/4024/2299 2314/4029/2304 2313/4028/2303
f 2314/4029/2304 2312/4027/2302 2315/4030/2305
f 2315/4030/2305 2312/4027/2302 2310/4025/2300
f 2314/4029/2304 2315/4030/2305 1632/4031/1628
f 2313/4028/2303 2314/4029/2304 2316/4032/2306
f 2316/4032/2306 2314/4029/2304 1632/4031/1628
f 2316/4032/2306 1632/4031/1628 1633/4033/1629
f 2316/4032/2306 1633/4033/1629 1636/4034/1623
f 1632/4031/1628 2315/4030/2305 2317/4035/2307
f 1632/4031/1628 2317/4035/2307 1630/4036/1626
f 2316/4032/2306 1636/4034/1623 1638/4037/1633
f 2316/4032/2306 1638/4037/1633 2313/4028/2303
f 1638/4037/1633 1636/4034/1623 1637/4038/1632
f 2313/4028/2303 1638/4037/1633 2318/4039/2308
f 2313/4028/2303 2318/4039/2308 2311/4026/2301
f 2318/4039/2308 1638/4037/1633 1615/4040/1611
f 2318/4039/2308 1615/4040/1611 1616/4041/1612
f 2318/4039/2308 1616/4041/1612 2311/4026/2301
f 2311/4026/2301 1616/4041/1612 2278/3984/2268
f 2278/3984/2268 1616/4041/1612 2319/4042/2309
f 2319/4042/2309 1616/4041/1612 1617/4043/1613
f 2278/3984/2268 2319/4042/2309 2274/3978/2264
f 2319/4042/2309 1617/4043/1613 1752/4044/1747
f 2319/4042/2309 1752/4044/1747 2274/3978/2264
f 2320/4045/2310 1630/4036/1626 2317/4035/2307
f 2320/4045/2310 2317/4035/2307 2321/4046/2311
f 2320/4045/2310 2321/4046/2311 2322/4047/2312
f 2320/4045/2310 2322/4047/2312 2323/4048/2313
f 2321/4046/2311 2317/4035/2307 2324/4049/2314
f 2321/4046/2311 2324/4049/2314 2322/4047/2312
f 2323/4048/2313 2322/4047/2312 2325/4050/2315
f 2325/4050/2315 2322/4047/2312 2324/4049/2314
f 2323/4048/2313 2325/4050/2315 2326/4051/2316
f 2326/4051/2316 2325/4050/2315 2327/4052/2317
f 2327/4052/2317 2325/4050/2315 2328/4053/2318
f 2327/4052/2317 2328/4053/2318 2329/4054/2319
f 2328/4053/2318 2325/4050/2315 2330/4055/2320
f 2330/4055/2320 2325/4050/2315 2324/4049/2314
f 2330/4055/2320 2324/4049/2314 2331/4056/2321
f 2330/4055/2320 2331/4056/2321 2332/4057/2322
f 2333/4058/2323 2324/4049/2314 2317/4035/2307
f 2324/4049/2314 2333/4058/2323 2331/4056/2321
f 2333/4058/2323 2317/4035/2307 2315/4030/2305
f 2333/4058/2323 2315/4030/2305 2310/4025/2300
f 2331/4056/2321 2333/4058/2323 2334/4059/2324
f 2334/4059/2324 2333/4058/2323 2310/4025/2300
f 2331/4056/2321 2334/4059/2324 2335/4060/2325
f 2334/4059/2324 2310/4025/2300 2336/4061/2326
f 2336/4061/2326 2310/4025/2300 2307/4022/2297
f 2335/4060/2325 2334/4059/2324 2337/4062/2327
f 2337/4062/2327 2334/4059/2324 2336/4061/2326
f 2336/4061/2326 2307/4022/2297 2308/4023/2298
f 2335/4060/2325 2337/4062/2327 2338/4063/2328
f 2336/4061/2326 2308/4023/2298 2339/4064/2329
f 2336/4061/2326 2339/4064/2329 2337/4062/2327
f 2337/4062/2327 2339/4064/2329 2340/4065/2330
f 2337/4062/2327 2340/4065/2330 2338/4063/2328
f 2339/4064/2329 2308/4023/2298 2341/4066/2331
f 2339/4064/2329 2341/4066/2331 2340/4065/2330
f 2340/4065/2330 2341/4066/2331 2342/4067/2332
f 2340/4065/2330 2342/4067/2332 2343/4068/2333
f 2343/4068/2333 2342/4067/2332 2341/4066/2331
f 2340/4065/2330 2343/4068/2333 2338/4063/2328
f 2341/4066/2331 2308/4023/2298 2344/4069/2334
f 2344/4069/2334 2308/4023/2298 2303/4018/2293
f 2341/4066/2331 2344/4069/2334 2345/4070/2335
f 2344/4069/2334 2303/4018/2293 2346/4071/2336
f 2344/4069/2334 2346/4071/2336 2345/4070/2335
f 2346/4071/2336 2303/4018/2293 2298/4013/2288
f 2341/4066/2331 2345/4070/2335 2347/4072/2337
f 2341/4066/2331 2347/4072/2337 2343/4068/2333
f 2347/4072/2337 2345/4070/2335 2346/4071/2336
f 2348/4073/2338 2338/4063/2328 2343/4068/2333
f 2348/4073/2338 2343/4068/2333 2347/4072/2337
f 2338/4063/2328 2348/4073/2338 2349/4074/2339
f 2348/4073/2338 2347/4072/2337 2350/4075/2340
f 2338/4063/2328 2349/4074/2339 2351/4076/2341
f 2351/4076/2341 2349/4074/2339 2329/4077/2319
f 2338/4063/2328 2351/4076/2341 2335/4060/2325
f 2351/4076/2341 2329/4077/2319 2328/4078/2318
f 2335/4060/2325 2351/4076/2341 2330/4079/2320
f 2330/4079/2320 2351/4076/2341 2328/4078/2318
f 2348/4073/2338 2350/4075/2340 2352/4080/2342
f 2348/4073/2338 2352/4080/2342 1667/4081/1662
f 1667/4081/1662 2352/4080/2342 1669/4082/1664
f 2352/4080/2342 2350/4075/2340 2353/4083/2343
f 2353/4083/2343 2350/4075/2340 2347/4072/2337
f 1669/4082/1664 2352/4080/2342 1675/4084/1670
f 2352/4080/2342 2353/4083/2343 2354/4085/2344
f 2354/4085/2344 2353/4083/2343 2347/4072/2337
f 2352/4080/2342 2354/4085/2344 1675/4084/1670
f 2354/4085/2344 2347/4072/2337 2346/4071/2336
f 1675/4084/1670 2354/4085/2344 2355/4086/2345
f 2354/4085/2344 2346/4071/2336 2356/4087/2346
f 2354/4085/2344 2356/4087/2346 2355/4086/2345
f 2356/4087/2346 2346/4071/2336 2298/4013/2288
f 1675/4084/1670 2355/4086/2345 2357/4088/2347
f 2357/4088/2347 2355/4086/2345 2356/4087/2346
f 1675/4084/1670 2357/4088/2347 1678/4089/1673
f 2356/4087/2346 2298/4013/2288 2358/4090/2348
f 2356/4087/2346 2358/4090/2348 2357/4088/2347
f 2358/4090/2348 2298/4013/2288 1699/4012/1693
f 1678/4089/1673 2357/4088/2347 2359/4091/2349
f 1678/4089/1673 2359/4091/2349 1699/4012/1693
f 2359/4091/2349 2357/4088/2347 2358/4090/2348
f 2359/4091/2349 2358/4090/2348 1699/4012/1693
f 2360/4092/2350 2361/4093/2351 2362/4094/2352
f 2362/4094/2352 2361/4093/2351 2363/4095/2353
f 2362/4094/2352 2363/4095/2353 2252/4096/2245
f 2363/4095/2353 2361/4093/2351 2364/4097/2354
f 2365/4098/2355 2361/4099/2351 2360/4100/2350
f 2361/4099/2351 2365/4098/2355 2366/4101/2356
f 2361/4099/2351 2366/4101/2356 2364/4102/2354
f 2365/4098/2355 2360/4100/2350 2253/4103/2246
f 2253/4103/2246 2360/4100/2350 2362/4104/2352
f 2253/4103/2246 2362/4104/2352 2252/4105/2245
f 2365/4098/2355 2253/4103/2246 2255/4106/2248
f 2365/4098/2355 2255/4106/2248 2366/4101/2356
f 2366/4101/2356 2255/4106/2248 2364/4102/2354
f 2364/4102/2354 2255/4106/2248 2367/4107/2357
f 2364/4102/2354 2367/4107/2357 2363/4108/2353
f 2363/4108/2353 2367/4107/2357 2368/4109/2358
f 2368/4109/2358 2367/4107/2357 2255/4106/2248
f 2363/4108/2353 2368/4109/2358 2252/4110/2245
f 2368/4109/2358 2255/4106/2248 2369/4111/2359
f 2369/4111/2359 2255/4106/2248 2256/4112/2249
f 2252/4110/2245 2368/4109/2358 1205/4113/1202
f 1205/4113/1202 2368/4109/2358 2369/4111/2359
f 2252/4110/2245 1205/4113/1202 1204/4114/1201
f 2252/4110/2245 1204/4114/1201 1199/4115/1196
f 2369/4111/2359 2256/4112/2249 2257/4116/2250
f 2369/4111/2359 2257/4116/2250 2258/4117/2251
f 1205/4113/1202 2369/4111/2359 1206/4118/1203
f 2369/4111/2359 2258/4117/2251 2370/4119/2360
f 2369/4111/2359 2370/4119/2360 1206/4118/1203
f 1206/4118/1203 2370/4119/2360 2371/4120/2361
f 2371/4121/2361 1207/4122/1204 1206/4123/1203
f 1207/4122/1204 2371/4121/2361 2372/4124/2362
f 1207/4122/1204 2372/4124/2362 2086/4125/2079
f 2086/4125/2079 2372/4124/2362 2077/4126/2070
f 2372/4124/2362 2371/4121/2361 2373/4127/2363
f 2077/4126/2070 2372/4124/2362 2374/4128/2364
f 2374/4128/2364 2372/4124/2362 2373/4127/2363
f 2023/4129/2017 2078/4130/2071 2077/4126/2070
f 2023/4129/2017 2077/4126/2070 2374/4128/2364
f 2023/4129/2017 2374/4128/2364 2022/4131/2016
f 2022/4131/2016 2374/4128/2364 2375/4132/2365
f 2022/4131/2016 2375/4132/2365 2012/4133/2006
f 2012/4133/2006 2375/4132/2365 2011/4134/2005
f 2375/4132/2365 2374/4128/2364 2376/4135/2366
f 2376/4135/2366 2374/4128/2364 2373/4127/2363
f 2011/4134/2005 2375/4132/2365 2377/4136/2367
f 2377/4136/2367 2375/4132/2365 2376/4135/2366
f 2011/4134/2005 2377/4136/2367 2010/4137/2004
f 2010/4137/2004 2377/4136/2367 2378/4138/2368
f 2378/4138/2368 2377/4136/2367 2376/4135/2366
f 2010/4137/2004 2378/4138/2368 2014/4139/2008
f 2376/4135/2366 2373/4127/2363 2379/4140/2369
f 2376/4135/2366 2379/4140/2369 2378/4138/2368
f 2379/4140/2369 2373/4127/2363 2380/4141/2370
f 2380/4141/2370 2373/4127/2363 2381/4142/2371
f 2381/4142/2371 2373/4127/2363 2371/4121/2361
f 2381/4142/2371 2371/4121/2361 2370/4143/2360
f 2380/4141/2370 2381/4142/2371 2382/4144/2372
f 2382/4144/2372 2381/4142/2371 2370/4143/2360
f 2380/4141/2370 2382/4144/2372 2383/4145/2373
f 2380/4141/2370 2383/4145/2373 2379/4140/2369
f 2383/4145/2373 2382/4144/2372 2384/4146/2374
f 2384/4146/2374 2382/4144/2372 2370/4143/2360
f 2383/4145/2373 2384/4146/2374 2379/4140/2369
f 2379/4140/2369 2384/4146/2374 2370/4143/2360
f 2379/4140/2369 2370/4143/2360 2258/4147/2251
f 2379/4140/2369 2258/4147/2251 2378/4138/2368
f 2378/4138/2368 2258/4147/2251 2385/4148/2375
f 2385/4148/2375 2258/4147/2251 2259/4149/2252
f 2385/4148/2375 2259/4149/2252 2261/4150/2254
f 2385/4148/2375 2261/4150/2254 2386/4151/2376
f 2385/4148/2375 2386/4151/2376 2378/4138/2368
f 2386/4151/2376 2261/4150/2254 2263/4152/2256
f 2378/4138/2368 2386/4151/2376 2387/4153/2377
f 2387/4153/2377 2386/4151/2376 2263/4152/2256
f 2387/4153/2377 2263/4152/2256 2287/4154/2277
f 2378/4138/2368 2387/4153/2377 2014/4139/2008
f 2014/4139/2008 2387/4153/2377 1597/4155/1593
f 1597/4155/1593 2387/4153/2377 1598/4156/1594
f 2014/4139/2008 1597/4155/1593 2016/4157/2010
f 2016/4157/2010 1597/4155/1593 1594/4158/1590
f 2016/4157/2010 1594/4158/1590 2015/4159/2009
f 2015/4159/2009 1594/4158/1590 1593/4160/1589
f 2388/4161/2378 2389/4162/2378 2390/4163/2378
f 2391/4164/2379 1644/4165/1639 1640/4166/1635
f 2391/4164/2379 1640/4166/1635 1629/4167/1625
f 1644/4165/1639 2391/4164/2379 2392/4168/2380
f 2391/4164/2379 1629/4167/1625 2393/4169/2381
f 2391/4164/2379 2393/4169/2381 2392/4168/2380
f 2393/4169/2381 1629/4167/1625 1631/4170/1627
f 1644/4165/1639 2392/4168/2380 1645/4171/1640
f 2393/4169/2381 1631/4170/1627 2326/4172/2316
f 2326/4172/2316 1631/4170/1627 2323/4173/2313
f 2323/4173/2313 1631/4170/1627 1630/4174/1626
f 2323/4173/2313 1630/4174/1626 2320/4175/2310
f 2393/4169/2381 2326/4172/2316 2327/4176/2317
f 2393/4169/2381 2327/4176/2317 2392/4168/2380
f 1645/4171/1640 2392/4168/2380 2394/4177/2382
f 1645/4171/1640 2394/4177/2382 1672/4178/1667
f 1672/4178/1667 2394/4177/2382 1671/4179/1666
f 2394/4177/2382 2392/4168/2380 2395/4180/2383
f 2394/4177/2382 2395/4180/2383 1671/4179/1666
f 2395/4180/2383 2392/4168/2380 2327/4176/2317
f 1671/4179/1666 2395/4180/2383 2396/4181/2384
f 2396/4181/2384 2395/4180/2383 2397/4182/2385
f 2397/4182/2385 2395/4180/2383 2327/4176/2317
f 2397/4182/2385 2327/4176/2317 2329/4183/2319
f 2398/4184/2386 2396/4185/2384 2397/4186/2385
f 2398/4184/2386 2397/4186/2385 2329/4187/2319
f 2398/4184/2386 2329/4187/2319 2349/4188/2339
f 2398/4184/2386 2349/4188/2339 2348/4189/2338
f 2398/4184/2386 2348/4189/2338 1667/4190/1662
f 2398/4184/2386 1667/4190/1662 1666/4191/1661
f 2398/4184/2386 1666/4191/1661 1668/4192/1663
f 2398/4184/2386 1668/4192/1663 2396/4185/2384
f 2396/4185/2384 1668/4192/1663 1671/4193/1666
f 2207/4194/2200 2205/4195/2198 2399/4196/2387
f 2207/4194/2200 2399/4196/2387 2400/4197/2388
f 2399/4196/2387 2205/4195/2198 2213/4198/2206
f 2213/4198/2206 2205/4195/2198 2026/4199/2020
f 2026/4199/2020 2205/4195/2198 2206/4200/2199
f 2026/4199/2020 2206/4200/2199 2228/4201/2221
f 2026/4199/2020 2228/4201/2221 2229/4202/2222
f 2026/4199/2020 2229/4202/2222 2106/4203/2099
f 2026/4199/2020 2106/4203/2099 2027/4204/2021
f 2106/4203/2099 2229/4202/2222 2103/4205/2096
f 2103/4205/2096 2229/4202/2222 2097/4206/2090
f 2078/4207/2071 2023/4208/2017 2106/4209/2099
f 2106/4209/2099 2023/4208/2017 2401/4210/2389
f 2106/4209/2099 2401/4210/2389 2025/4211/2019
f 2106/4209/2099 2025/4211/2019 2027/4212/2021
f 2027/4212/2021 2025/4211/2019 2024/4213/2018
f 2023/4214/2390 2401/4215/2391 2025/4216/2392
f 2112/4217/2105 2402/4218/672 1968/4219/1962
f 1968/4219/1962 2402/4218/672 1974/4220/1968
f 1974/4220/1968 2402/4218/672 2118/4221/2111
f 1974/4220/1968 2118/4221/2111 2147/4222/2140
f 1974/4220/1968 2147/4222/2140 1982/4223/1976
f 1982/4223/1976 2147/4222/2140 2403/4224/2393
f 2403/4224/2393 2147/4222/2140 2404/4225/2394
f 2404/4225/2394 2147/4222/2140 2145/4226/2138
f 1982/4223/1976 2403/4224/2393 2405/4227/2395
f 2404/4225/2394 2145/4226/2138 2406/4228/2396
f 2404/4225/2394 2406/4228/2396 2403/4224/2393
f 2406/4228/2396 2145/4226/2138 2407/4229/2397
f 2405/4227/2395 2403/4224/2393 2408/4230/2398
f 2408/4230/2398 2403/4224/2393 2406/4228/2396
f 1982/4223/1976 2405/4227/2395 2409/4231/2399
f 2409/4231/2399 2405/4227/2395 2408/4230/2398
f 1982/4223/1976 2409/4231/2399 1981/4232/1975
f 1981/4232/1975 2409/4231/2399 1984/4233/1978
f 1984/4233/1978 2409/4231/2399 2410/4234/2400
f 1984/4233/1978 2410/4234/2400 1991/4235/1985
f 1991/4235/1985 2410/4234/2400 1992/4236/1986
f 1992/4236/1986 2410/4234/2400 2411/4237/2401
f 1992/4236/1986 2411/4237/2401 2032/4238/2026
f 2411/4237/2401 2410/4234/2400 2412/4239/2402
f 2411/4237/2401 2412/4239/2402 2413/4240/2403
f 2413/4240/2403 2412/4239/2402 2414/4241/2404
f 2412/4239/2402 2410/4234/2400 2415/4242/2405
f 2415/4242/2405 2410/4234/2400 2409/4231/2399
f 2414/4241/2404 2412/4239/2402 2416/4243/2406
f 2416/4243/2406 2412/4239/2402 2415/4242/2405
f 2415/4242/2405 2409/4231/2399 2417/4244/2407
f 2415/4242/2405 2417/4244/2407 2416/4243/2406
f 2417/4244/2407 2409/4231/2399 2408/4230/2398
f 2414/4241/2404 2416/4243/2406 2418/4245/2408
f 2414/4241/2404 2418/4245/2408 2419/4246/2409
f 2416/4243/2406 2417/4244/2407 2420/4247/2410
f 2420/4247/2410 2417/4244/2407 2408/4230/2398
f 2419/4246/2409 2418/4245/2408 2421/4248/2411
f 2418/4245/2408 2416/4243/2406 2422/4249/2412
f 2422/4249/2412 2416/4243/2406 2420/4247/2410
f 2421/4248/2411 2418/4245/2408 2423/4250/2413
f 2421/4248/2411 2423/4250/2413 2424/4251/2414
f 2418/4245/2408 2422/4249/2412 2425/4252/2415
f 2418/4245/2408 2425/4252/2415 2423/4250/2413
f 2424/4251/2414 2423/4250/2413 2426/4253/2416
f 2426/4253/2416 2423/4250/2413 2425/4252/2415
f 2424/4251/2414 2426/4253/2416 2427/4254/2417
f 2427/4254/2417 2426/4253/2416 2425/4252/2415
f 2427/4254/2417 2425/4252/2415 2407/4229/2397
f 2425/4252/2415 2422/4249/2412 2428/4255/2418
f 2425/4252/2415 2428/4255/2418 2407/4229/2397
f 2428/4255/2418 2422/4249/2412 2420/4247/2410
f 2407/4229/2397 2428/4255/2418 2429/4256/2419
f 2429/4256/2419 2428/4255/2418 2420/4247/2410
f 2407/4229/2397 2429/4256/2419 2430/4257/2420
f 2430/4257/2420 2429/4256/2419 2420/4247/2410
f 2430/4257/2420 2420/4247/2410 2408/4230/2398
f 2407/4229/2397 2430/4257/2420 2406/4228/2396
f 2406/4228/2396 2430/4257/2420 2408/4230/2398
f 2402/4258/672 2431/4259/2421 2432/4260/2422
f 2431/4259/2421 2402/4258/672 2112/4261/2105
f 2402/4258/672 2432/4260/2422 2118/4262/2111
f 2431/4259/2421 2112/4261/2105 2117/4263/2110
f 2118/4262/2111 2432/4260/2422 2117/4263/2110
f 2117/4263/2110 2432/4260/2422 2431/4259/2421
f 2433/4264/2423 2434/4265/2424 2427/4266/2417
f 2433/4264/2423 2427/4266/2417 2145/4267/2138
f 2145/4267/2138 2427/4266/2417 2407/4268/2397
f 2433/4264/2423 2145/4267/2138 2143/4269/2136
f 2433/4264/2423 2143/4269/2136 2244/4270/2239
f 2433/4264/2423 2244/4270/2239 2434/4265/2424
f 2427/4266/2417 2434/4265/2424 2424/4271/2414
f 2424/4271/2414 2434/4265/2424 2421/4272/2411
f 2434/4265/2424 2244/4270/2239 2435/4273/2425
f 2434/4265/2424 2435/4273/2425 2421/4272/2411
f 2435/4273/2425 2244/4270/2239 2224/4274/2217
f 2421/4272/2411 2435/4273/2425 2436/4275/2426
f 2436/4275/2426 2435/4273/2425 2224/4274/2217
f 2421/4272/2411 2436/4275/2426 2419/4276/2409
f 2419/4276/2409 2436/4275/2426 2414/4277/2404
f 2436/4275/2426 2224/4274/2217 2222/4278/2215
f 2414/4277/2404 2436/4275/2426 2413/4279/2403
f 2436/4275/2426 2222/4278/2215 2437/4280/2427
f 2437/4280/2427 2222/4278/2215 2219/4281/2212
f 2413/4279/2403 2436/4275/2426 2032/4282/2026
f 2032/4282/2026 2436/4275/2426 2437/4280/2427
f 2413/4279/2403 2032/4282/2026 2411/4283/2401
f 2437/4280/2427 2219/4281/2212 2029/4284/2023
f 2437/4280/2427 2029/4284/2023 2032/4282/2026
f 2029/4284/2023 2219/4281/2212 2214/4285/2207
f 2032/4282/2026 2029/4284/2023 2030/4286/2024
f 2209/4287/2202 2207/4288/2200 2438/4289/2428
f 2438/4289/2428 2207/4288/2200 2400/4290/2388
f 2438/4289/2428 2400/4290/2388 2213/4291/2206
f 2438/4289/2428 2213/4291/2206 2212/4292/2205
f 2439/4293/2429 2212/4292/2205 2209/4287/2202
f 2439/4293/2429 2209/4287/2202 2438/4289/2428
f 2439/4293/2429 2438/4289/2428 2212/4292/2205
f 2400/4294/2388 2399/4295/2387 2213/4296/2206
f 2287/4297/2277 1598/4298/1594 2387/4299/2377
f 2335/4300/2325 2330/4301/2320 2332/4302/2322
f 2335/4300/2325 2332/4302/2322 2440/4303/2430
f 2440/4303/2430 2332/4302/2322 2441/4304/2431
f 2440/4303/2430 2441/4304/2431 2442/4305/2432
f 2335/4300/2325 2440/4303/2430 2443/4306/2433
f 2443/4306/2433 2440/4303/2430 2442/4305/2432
f 2335/4300/2325 2443/4306/2433 2444/4307/2434
f 2443/4306/2433 2442/4305/2432 2445/4308/2435
f 2443/4306/2433 2445/4308/2435 2444/4307/2434
f 2446/4309/2436 2335/4310/2325 2444/4311/2434
f 2335/4310/2325 2446/4309/2436 2331/4312/2321
f 2331/4312/2321 2446/4309/2436 2332/4313/2322
f 2332/4313/2322 2446/4309/2436 2441/4314/2431
f 2446/4309/2436 2444/4311/2434 2447/4315/2437
f 2446/4309/2436 2447/4315/2437 2441/4314/2431
f 2447/4315/2437 2444/4311/2434 2445/4316/2435
f 2441/4314/2431 2447/4315/2437 2442/4317/2432
f 2442/4317/2432 2447/4315/2437 2445/4316/2435
f 2448/4318/2438 2449/4319/2438 2450/4320/2438
f 1227/4321/1224 458/4322/458 510/4323/511
f 1264/4324/2439 1447/4325/2440 1448/4326/2441
f 1264/4324/2439 1448/4326/2441 1281/4327/1282
f 1264/4324/2439 1281/4327/1282 1265/4328/1264
f 1265/4328/1264 1281/4327/1282 1263/4329/1278
f 2203/4330/2196 2232/4331/2225 2246/4332/1902
f 2203/4330/2196 2246/4332/1902 2234/4333/2241
f 2231/4334/2442 2235/4335/2228 2202/4336/2443
f 2231/4334/2442 2202/4336/2443 1907/4337/1902
